id,asset_code,warehouse_id,department_id,asset_name,asset_type,category,vehicle_type,make,model,manufacture_year,registration_number,vin,status,health_band,criticality_score,purchase_date,warranty_expiry_date,assigned_to,current_mileage,last_service_date,next_service_date,description,metadata,created_by,created_at,updated_at,vehicle_role,make_model,fuel_type,transmission,service_provider_type,payload_capacity_kg,maintenance_priority,vehicle_age_years,lifetime_service_count,lifetime_breakdown_count,parking_slot
45bf770e-17bc-45a8-ba0d-dc3162128843,LLX-COL-0134,c537c281-b6ad-4842-94ec-e937be0083e5,c18b03d8-00b7-4cb2-ae42-cd418f4f57a6,Toyota 8FD30 134,vehicle,forklift,Forklift_3.0T,Toyota,8FD30,2020,COL-FL-134,TYT-8FD30-312905,active,good,67.63,2020-09-28,2023-09-28,4f5e2568-47ac-4138-880e-565d631691d0,4871.00,2026-07-14,2027-02-07,Toyota 8FD30 (Forklift 3.0T) operating out of LankaLogix - Colombo on dock loading duty.,"{""cargo_type"": ""containerized_goods"", ""route_type"": ""port_shuttle"", ""operating_shift"": ""day"", ""warehouse_short"": ""COL"", ""source_vehicle_id"": ""SLW0809""}",23b91a79-185d-41b8-aed8-22bf2cb9f4af,2020-09-28 09:00:00+00,2026-08-10 19:03:05.467947+00,dock_loading,Toyota 8FD30,LPG,Automatic,OEM_dealer,2865.90,high,6,17,0,C-014
21deadb0-71ed-418e-8c80-7994ae78cc44,LLX-COL-0001,c537c281-b6ad-4842-94ec-e937be0083e5,c18b03d8-00b7-4cb2-ae42-cd418f4f57a6,Toyota 8FD25 001,vehicle,forklift,Forklift_2.5T,Toyota,8FD25,2021,COL-FL-001,TYT-8FD25-460115,active,good,85.34,2021-03-21,2024-03-21,5f77fc29-69bb-4b2b-8d0c-636c6f55884d,4690.00,2026-07-20,2026-11-10,Toyota 8FD25 (Forklift 2.5T) operating out of LankaLogix - Colombo on internal material handling duty.,"{""cargo_type"": ""industrial_parts"", ""route_type"": ""dock_transfer"", ""operating_shift"": ""three_shift"", ""warehouse_short"": ""COL"", ""source_vehicle_id"": ""SLW1029""}",8ab44335-30b9-42d8-a1c3-82e009ea7876,2021-03-21 09:00:00+00,2026-08-10 19:03:05.467947+00,internal_material_handling,Toyota 8FD25,Diesel,Automatic,OEM_dealer,2342.00,critical,6,33,2,A-001
81282175-0fe3-4eaa-b9eb-8a7032257156,LLX-COL-0002,c537c281-b6ad-4842-94ec-e937be0083e5,c18b03d8-00b7-4cb2-ae42-cd418f4f57a6,Komatsu FD25 002,vehicle,forklift,Forklift_2.5T,Komatsu,FD25,2018,COL-FL-002,KMT-FD25-668342,active,moderate,54.70,2018-01-13,2021-01-13,d65014ad-c56f-49bf-9314-01a6c88cbb67,4682.00,2026-03-08,2026-11-26,Komatsu FD25 (Forklift 2.5T) operating out of LankaLogix - Colombo on internal material handling duty.,"{""cargo_type"": ""palletized_fmcg"", ""route_type"": ""warehouse_internal"", ""operating_shift"": ""day"", ""warehouse_short"": ""COL"", ""source_vehicle_id"": ""SLW1032""}",e3203996-7192-4f35-b4d9-8d19dd61882f,2018-01-13 09:00:00+00,2026-08-10 19:03:05.467947+00,internal_material_handling,Komatsu FD25,Diesel,Automatic,independent_garage,2430.60,medium,9,28,1,A-002
3f4fdd32-6cb7-4f92-96d9-882a5efb9228,LLX-COL-0003,c537c281-b6ad-4842-94ec-e937be0083e5,c18b03d8-00b7-4cb2-ae42-cd418f4f57a6,Komatsu FD25 003,vehicle,forklift,Forklift_2.5T,Komatsu,FD25,2017,COL-FL-003,KMT-FD25-951735,active,moderate,76.81,2017-11-19,2020-11-19,b015ed00-cd8b-4041-89b9-9e79ccc5d00b,4932.00,2026-02-05,2026-09-24,Komatsu FD25 (Forklift 2.5T) operating out of LankaLogix - Colombo on internal material handling duty.,"{""cargo_type"": ""mixed_warehouse"", ""route_type"": ""warehouse_internal"", ""operating_shift"": ""day"", ""warehouse_short"": ""COL"", ""source_vehicle_id"": ""SLW0276""}",66b4f764-8e90-4915-9c0a-f21f27ae4f4d,2017-11-19 09:00:00+00,2026-08-10 19:03:05.467947+00,internal_material_handling,Komatsu FD25,LPG,Automatic,authorized_workshop,2512.80,high,10,35,1,A-003
a930afaa-d8b4-4e98-b775-d12c44fdfc53,LLX-COL-0004,c537c281-b6ad-4842-94ec-e937be0083e5,c18b03d8-00b7-4cb2-ae42-cd418f4f57a6,Heli CPCD25 004,vehicle,forklift,Forklift_2.5T,Heli,CPCD25,2021,COL-FL-004,HLI-CPCD25-589060,active,moderate,89.20,2021-08-07,2024-08-07,4596af2e-27bb-46cb-adf3-0f5b781fbcfc,4681.00,2026-04-03,2026-11-03,Heli CPCD25 (Forklift 2.5T) operating out of LankaLogix - Colombo on internal material handling duty.,"{""cargo_type"": ""mixed_warehouse"", ""route_type"": ""dock_transfer"", ""operating_shift"": ""day"", ""warehouse_short"": ""COL"", ""source_vehicle_id"": ""SLW1325""}",fc975356-d5cc-4bdc-ab35-2dc5c648c8f2,2021-08-07 09:00:00+00,2026-08-10 19:03:05.467947+00,internal_material_handling,Heli CPCD25,LPG,Automatic,independent_garage,2362.80,critical,6,18,0,A-004
f323b090-d79e-4276-96a2-4561484a604d,LLX-COL-0005,c537c281-b6ad-4842-94ec-e937be0083e5,c18b03d8-00b7-4cb2-ae42-cd418f4f57a6,Heli CPCD25 005,vehicle,forklift,Forklift_2.5T,Heli,CPCD25,2013,COL-FL-005,HLI-CPCD25-807877,active,moderate,75.94,2013-04-28,2016-04-28,5b8bec9d-ce7b-4e63-bf0d-22f39a35438c,4875.00,2026-08-09,2026-08-14,Heli CPCD25 (Forklift 2.5T) operating out of LankaLogix - Colombo on internal material handling duty.,"{""cargo_type"": ""mixed_warehouse"", ""route_type"": ""dock_transfer"", ""operating_shift"": ""day"", ""warehouse_short"": ""COL"", ""source_vehicle_id"": ""SLW0901""}",fc975356-d5cc-4bdc-ab35-2dc5c648c8f2,2013-04-28 09:00:00+00,2026-08-10 19:03:05.467947+00,internal_material_handling,Heli CPCD25,LPG,Automatic,authorized_workshop,2419.50,high,13,54,1,A-005
3cce7119-a606-49ab-8812-af6ec60d15cd,LLX-COL-0006,c537c281-b6ad-4842-94ec-e937be0083e5,c18b03d8-00b7-4cb2-ae42-cd418f4f57a6,Heli CPCD25 006,vehicle,forklift,Forklift_2.5T,Heli,CPCD25,2018,COL-FL-006,HLI-CPCD25-879515,active,good,80.82,2018-05-03,2021-05-03,d7419f5f-8d51-43a3-b44e-68440cc641b4,4625.00,2026-07-27,2026-10-28,Heli CPCD25 (Forklift 2.5T) operating out of LankaLogix - Colombo on internal material handling duty.,"{""cargo_type"": ""industrial_parts"", ""route_type"": ""dock_transfer"", ""operating_shift"": ""day_night"", ""warehouse_short"": ""COL"", ""source_vehicle_id"": ""SLW1291""}",dff1d306-f643-4c9e-abb3-5409e072abc4,2018-05-03 09:00:00+00,2026-08-10 19:03:05.467947+00,internal_material_handling,Heli CPCD25,Diesel,Automatic,authorized_workshop,2558.80,high,8,51,1,A-006
478b9ab5-a367-45c0-ae38-0d5a37855e32,LLX-COL-0007,c537c281-b6ad-4842-94ec-e937be0083e5,c18b03d8-00b7-4cb2-ae42-cd418f4f57a6,Komatsu FD25 007,vehicle,forklift,Forklift_2.5T,Komatsu,FD25,2020,COL-FL-007,KMT-FD25-981961,active,good,64.30,2020-05-11,2023-05-11,d38515f1-d5cf-4346-9352-be8bb20aee1e,4182.00,2026-08-07,2026-08-13,Komatsu FD25 (Forklift 2.5T) operating out of LankaLogix - Colombo on internal material handling duty.,"{""cargo_type"": ""palletized_fmcg"", ""route_type"": ""dock_transfer"", ""operating_shift"": ""day_night"", ""warehouse_short"": ""COL"", ""source_vehicle_id"": ""SLW0730""}",fc975356-d5cc-4bdc-ab35-2dc5c648c8f2,2020-05-11 09:00:00+00,2026-08-10 19:03:05.467947+00,internal_material_handling,Komatsu FD25,Diesel,Automatic,OEM_dealer,2428.90,high,6,30,1,A-007
fbc1df33-253b-43d9-be04-2e1af85d7a96,LLX-COL-0008,c537c281-b6ad-4842-94ec-e937be0083e5,c18b03d8-00b7-4cb2-ae42-cd418f4f57a6,Heli CPCD25 008,vehicle,forklift,Forklift_2.5T,Heli,CPCD25,2020,COL-FL-008,HLI-CPCD25-537597,active,moderate,77.08,2020-10-06,2023-10-06,cea796b2-64d1-4259-b1e7-4b06b3468fcd,4721.00,2026-03-04,2026-09-29,Heli CPCD25 (Forklift 2.5T) operating out of LankaLogix - Colombo on internal material handling duty.,"{""cargo_type"": ""mixed_warehouse"", ""route_type"": ""warehouse_internal"", ""operating_shift"": ""day"", ""warehouse_short"": ""COL"", ""source_vehicle_id"": ""SLW0553""}",fc975356-d5cc-4bdc-ab35-2dc5c648c8f2,2020-10-06 09:00:00+00,2026-08-10 19:03:05.467947+00,internal_material_handling,Heli CPCD25,Diesel,Automatic,OEM_dealer,2567.90,high,7,24,0,A-008
b926f223-21f0-47bb-b843-f8e1c928952d,LLX-COL-0009,c537c281-b6ad-4842-94ec-e937be0083e5,c18b03d8-00b7-4cb2-ae42-cd418f4f57a6,Komatsu FD25 009,vehicle,forklift,Forklift_2.5T,Komatsu,FD25,2017,COL-FL-009,KMT-FD25-657430,active,good,65.96,2017-06-08,2020-06-08,4a6d004d-dedd-4af0-a5f2-74c1780e2f7a,4367.00,2026-06-15,2027-03-24,Komatsu FD25 (Forklift 2.5T) operating out of LankaLogix - Colombo on internal material handling duty.,"{""cargo_type"": ""mixed_warehouse"", ""route_type"": ""warehouse_internal"", ""operating_shift"": ""day"", ""warehouse_short"": ""COL"", ""source_vehicle_id"": ""SLW1065""}",66b4f764-8e90-4915-9c0a-f21f27ae4f4d,2017-06-08 09:00:00+00,2026-08-10 19:03:05.467947+00,internal_material_handling,Komatsu FD25,Diesel,Automatic,OEM_dealer,2470.20,high,10,28,0,A-009
90b0380d-5281-4bf4-849e-1c26b49e1de2,LLX-COL-0010,c537c281-b6ad-4842-94ec-e937be0083e5,c18b03d8-00b7-4cb2-ae42-cd418f4f57a6,Toyota 8FD25 010,vehicle,forklift,Forklift_2.5T,Toyota,8FD25,2021,COL-FL-010,TYT-8FD25-784526,active,good,72.01,2021-12-28,2024-12-28,13634e4d-a8fe-47d0-a449-08d80fb48d14,3866.00,2026-08-06,2026-08-12,Toyota 8FD25 (Forklift 2.5T) operating out of LankaLogix - Colombo on internal material handling duty.,"{""cargo_type"": ""mixed_warehouse"", ""route_type"": ""warehouse_internal"", ""operating_shift"": ""day_night"", ""warehouse_short"": ""COL"", ""source_vehicle_id"": ""SLW0511""}",294b7244-8922-4faa-8a66-ecf7f2d31ede,2021-12-28 09:00:00+00,2026-08-10 19:03:05.467947+00,internal_material_handling,Toyota 8FD25,Diesel,Automatic,independent_garage,2385.70,high,6,29,0,A-010
2f279bc5-627b-4090-bd18-ce10928af856,LLX-COL-0011,c537c281-b6ad-4842-94ec-e937be0083e5,c18b03d8-00b7-4cb2-ae42-cd418f4f57a6,Toyota 8FD25 011,vehicle,forklift,Forklift_2.5T,Toyota,8FD25,2021,COL-FL-011,TYT-8FD25-554684,active,good,93.87,2021-10-26,2024-10-26,,4510.00,2026-07-18,2027-02-05,Toyota 8FD25 (Forklift 2.5T) operating out of LankaLogix - Colombo on internal material handling duty.,"{""cargo_type"": ""mixed_warehouse"", ""route_type"": ""warehouse_internal"", ""operating_shift"": ""day"", ""warehouse_short"": ""COL"", ""source_vehicle_id"": ""SLW1162""}",dff1d306-f643-4c9e-abb3-5409e072abc4,2021-10-26 09:00:00+00,2026-08-10 19:03:05.467947+00,internal_material_handling,Toyota 8FD25,Diesel,Automatic,independent_garage,2461.60,critical,6,21,0,A-011
0173720c-7c96-4a4e-80d5-2628c1c40504,LLX-COL-0012,c537c281-b6ad-4842-94ec-e937be0083e5,c18b03d8-00b7-4cb2-ae42-cd418f4f57a6,Komatsu FD25 012,vehicle,forklift,Forklift_2.5T,Komatsu,FD25,2018,COL-FL-012,KMT-FD25-740975,active,poor,64.46,2018-09-17,2021-09-17,d7419f5f-8d51-43a3-b44e-68440cc641b4,4788.00,2026-04-24,2026-10-16,Komatsu FD25 (Forklift 2.5T) operating out of LankaLogix - Colombo on internal material handling duty.,"{""cargo_type"": ""palletized_fmcg"", ""route_type"": ""warehouse_internal"", ""operating_shift"": ""day_night"", ""warehouse_short"": ""COL"", ""source_vehicle_id"": ""SLW0816""}",2b0b58b5-c777-4903-8b21-ef25ce17a71a,2018-09-17 09:00:00+00,2026-08-10 19:03:05.467947+00,internal_material_handling,Komatsu FD25,LPG,Automatic,independent_garage,2630.70,high,8,29,2,A-012
c0697d71-a101-462b-9e82-ea8a93ee5648,LLX-COL-0013,c537c281-b6ad-4842-94ec-e937be0083e5,c18b03d8-00b7-4cb2-ae42-cd418f4f57a6,Heli CPCD25 013,vehicle,forklift,Forklift_2.5T,Heli,CPCD25,2020,COL-FL-013,HLI-CPCD25-875949,active,moderate,74.68,2020-06-19,2023-06-19,73695667-456a-4647-a906-c5b0637e2854,4311.00,2026-08-03,2026-08-31,Heli CPCD25 (Forklift 2.5T) operating out of LankaLogix - Colombo on internal material handling duty.,"{""cargo_type"": ""mixed_warehouse"", ""route_type"": ""dock_transfer"", ""operating_shift"": ""three_shift"", ""warehouse_short"": ""COL"", ""source_vehicle_id"": ""SLW0235""}",aedad933-6f7e-4d2e-b6df-191c9e459887,2020-06-19 09:00:00+00,2026-08-10 19:03:05.467947+00,internal_material_handling,Heli CPCD25,Diesel,Automatic,independent_garage,2675.80,high,7,48,7,A-013
98939830-9374-4252-befd-c1b2e56844eb,LLX-COL-0014,c537c281-b6ad-4842-94ec-e937be0083e5,c18b03d8-00b7-4cb2-ae42-cd418f4f57a6,Heli CPCD25 014,vehicle,forklift,Forklift_2.5T,Heli,CPCD25,2020,COL-FL-014,HLI-CPCD25-207245,active,poor,85.52,2020-08-17,2023-08-17,51ed7e64-6868-4e03-9b23-cb9d7039bb47,4249.00,2026-07-28,2026-08-26,Heli CPCD25 (Forklift 2.5T) operating out of LankaLogix - Colombo on internal material handling duty.,"{""cargo_type"": ""mixed_warehouse"", ""route_type"": ""warehouse_internal"", ""operating_shift"": ""day_night"", ""warehouse_short"": ""COL"", ""source_vehicle_id"": ""SLW1277""}",fc975356-d5cc-4bdc-ab35-2dc5c648c8f2,2020-08-17 09:00:00+00,2026-08-10 19:03:05.467947+00,internal_material_handling,Heli CPCD25,LPG,Automatic,OEM_dealer,2493.20,critical,6,30,1,A-014
dc6c2c1e-89ee-45c7-a5f2-834350b21343,LLX-COL-0015,c537c281-b6ad-4842-94ec-e937be0083e5,c18b03d8-00b7-4cb2-ae42-cd418f4f57a6,Komatsu FD25 015,vehicle,forklift,Forklift_2.5T,Komatsu,FD25,2020,COL-FL-015,KMT-FD25-703936,active,moderate,70.31,2020-09-09,2023-09-09,a0536940-0682-4198-bae6-6db251d72de4,4416.00,2026-04-29,2026-10-21,Komatsu FD25 (Forklift 2.5T) operating out of LankaLogix - Colombo on internal material handling duty.,"{""cargo_type"": ""mixed_warehouse"", ""route_type"": ""dock_transfer"", ""operating_shift"": ""day"", ""warehouse_short"": ""COL"", ""source_vehicle_id"": ""SLW1163""}",23b91a79-185d-41b8-aed8-22bf2cb9f4af,2020-09-09 09:00:00+00,2026-08-10 19:03:05.467947+00,internal_material_handling,Komatsu FD25,LPG,Automatic,OEM_dealer,2516.30,high,6,20,0,A-015
1f71a3be-447e-4e46-818c-4df2a35836be,LLX-COL-0016,c537c281-b6ad-4842-94ec-e937be0083e5,c18b03d8-00b7-4cb2-ae42-cd418f4f57a6,Komatsu FD25 016,vehicle,forklift,Forklift_2.5T,Komatsu,FD25,2021,COL-FL-016,KMT-FD25-564307,active,good,68.29,2021-12-11,2024-12-11,e91776d8-e25d-4e1d-88f3-4547156b4930,4652.00,2026-05-18,2026-09-03,Komatsu FD25 (Forklift 2.5T) operating out of LankaLogix - Colombo on internal material handling duty.,"{""cargo_type"": ""industrial_parts"", ""route_type"": ""dock_transfer"", ""operating_shift"": ""three_shift"", ""warehouse_short"": ""COL"", ""source_vehicle_id"": ""SLW0972""}",aedad933-6f7e-4d2e-b6df-191c9e459887,2021-12-11 09:00:00+00,2026-08-10 19:03:05.467947+00,internal_material_handling,Komatsu FD25,LPG,Automatic,OEM_dealer,2659.00,high,6,30,1,A-016
c72e4772-3ba3-4695-90e5-ca7217ab8067,LLX-COL-0017,c537c281-b6ad-4842-94ec-e937be0083e5,c18b03d8-00b7-4cb2-ae42-cd418f4f57a6,Toyota 8FD25 017,vehicle,forklift,Forklift_2.5T,Toyota,8FD25,2020,COL-FL-017,TYT-8FD25-733228,active,good,67.92,2020-07-25,2023-07-25,ce245dd7-6b03-4b7a-9fc0-58b0c050ce47,4777.00,2026-06-02,2026-10-10,Toyota 8FD25 (Forklift 2.5T) operating out of LankaLogix - Colombo on internal material handling duty.,"{""cargo_type"": ""palletized_fmcg"", ""route_type"": ""dock_transfer"", ""operating_shift"": ""day"", ""warehouse_short"": ""COL"", ""source_vehicle_id"": ""SLW0148""}",8ab44335-30b9-42d8-a1c3-82e009ea7876,2020-07-25 09:00:00+00,2026-08-10 19:03:05.467947+00,internal_material_handling,Toyota 8FD25,LPG,Automatic,OEM_dealer,2553.10,high,7,21,0,A-017
ca71281e-9b47-4bc5-b3f4-ed06717e18b9,LLX-COL-0018,c537c281-b6ad-4842-94ec-e937be0083e5,c18b03d8-00b7-4cb2-ae42-cd418f4f57a6,Komatsu FD25 018,vehicle,forklift,Forklift_2.5T,Komatsu,FD25,2019,COL-FL-018,KMT-FD25-294710,active,poor,83.61,2019-03-09,2022-03-09,507be855-1ac1-43a9-b1f4-fe62d2b838d9,3984.00,2026-05-13,2026-08-24,Komatsu FD25 (Forklift 2.5T) operating out of LankaLogix - Colombo on internal material handling duty.,"{""cargo_type"": ""palletized_fmcg"", ""route_type"": ""warehouse_internal"", ""operating_shift"": ""three_shift"", ""warehouse_short"": ""COL"", ""source_vehicle_id"": ""SLW0564""}",aedad933-6f7e-4d2e-b6df-191c9e459887,2019-03-09 09:00:00+00,2026-08-10 19:03:05.467947+00,internal_material_handling,Komatsu FD25,Diesel,Automatic,authorized_workshop,2531.90,critical,7,35,0,A-018
c325baa9-08eb-43c2-b5c5-3a1e467afc10,LLX-COL-0019,c537c281-b6ad-4842-94ec-e937be0083e5,c18b03d8-00b7-4cb2-ae42-cd418f4f57a6,Toyota 8FD25 019,vehicle,forklift,Forklift_2.5T,Toyota,8FD25,2021,COL-FL-019,TYT-8FD25-189983,active,moderate,65.00,2021-12-27,2024-12-27,,4389.00,2026-06-12,2026-08-24,Toyota 8FD25 (Forklift 2.5T) operating out of LankaLogix - Colombo on internal material handling duty.,"{""cargo_type"": ""mixed_warehouse"", ""route_type"": ""dock_transfer"", ""operating_shift"": ""day"", ""warehouse_short"": ""COL"", ""source_vehicle_id"": ""SLW1225""}",66b4f764-8e90-4915-9c0a-f21f27ae4f4d,2021-12-27 09:00:00+00,2026-08-10 19:03:05.467947+00,internal_material_handling,Toyota 8FD25,LPG,Automatic,OEM_dealer,2562.20,high,6,14,0,A-019
a2351705-ae47-43a6-a73e-d5497c3657b7,LLX-COL-0020,c537c281-b6ad-4842-94ec-e937be0083e5,c18b03d8-00b7-4cb2-ae42-cd418f4f57a6,Toyota 8FD25 020,vehicle,forklift,Forklift_2.5T,Toyota,8FD25,2017,COL-FL-020,TYT-8FD25-129288,active,moderate,95.15,2017-06-14,2020-06-14,bec780bb-a3c0-4ba2-b593-563d95c479d3,4581.00,2026-05-26,2026-10-23,Toyota 8FD25 (Forklift 2.5T) operating out of LankaLogix - Colombo on internal material handling duty.,"{""cargo_type"": ""mixed_warehouse"", ""route_type"": ""dock_transfer"", ""operating_shift"": ""day_night"", ""warehouse_short"": ""COL"", ""source_vehicle_id"": ""SLW0008""}",66b4f764-8e90-4915-9c0a-f21f27ae4f4d,2017-06-14 09:00:00+00,2026-08-10 19:03:05.467947+00,internal_material_handling,Toyota 8FD25,Diesel,Automatic,independent_garage,2474.80,critical,9,37,0,A-020
d96ecab9-062f-4892-a7ea-535b6b2a33c5,LLX-COL-0021,c537c281-b6ad-4842-94ec-e937be0083e5,c18b03d8-00b7-4cb2-ae42-cd418f4f57a6,Komatsu FD25 021,vehicle,forklift,Forklift_2.5T,Komatsu,FD25,2018,COL-FL-021,KMT-FD25-996449,active,good,67.39,2018-11-01,2021-11-01,8c660120-06ae-494a-8b89-5ba8438020a9,5053.00,2026-07-10,2026-09-16,Komatsu FD25 (Forklift 2.5T) operating out of LankaLogix - Colombo on internal material handling duty.,"{""cargo_type"": ""industrial_parts"", ""route_type"": ""warehouse_internal"", ""operating_shift"": ""day_night"", ""warehouse_short"": ""COL"", ""source_vehicle_id"": ""SLW0279""}",294b7244-8922-4faa-8a66-ecf7f2d31ede,2018-11-01 09:00:00+00,2026-08-10 19:03:05.467947+00,internal_material_handling,Komatsu FD25,LPG,Automatic,independent_garage,2365.70,high,8,33,0,A-021
9796e3a7-c20e-4973-b450-47183277c255,LLX-COL-0022,c537c281-b6ad-4842-94ec-e937be0083e5,c18b03d8-00b7-4cb2-ae42-cd418f4f57a6,Komatsu FD25 022,vehicle,forklift,Forklift_2.5T,Komatsu,FD25,2020,COL-FL-022,KMT-FD25-593611,active,moderate,69.23,2020-10-09,2023-10-09,36c2e208-8f6c-4b7b-add1-a4210cd2f372,4392.00,2026-03-20,2026-08-18,Komatsu FD25 (Forklift 2.5T) operating out of LankaLogix - Colombo on internal material handling duty.,"{""cargo_type"": ""palletized_fmcg"", ""route_type"": ""dock_transfer"", ""operating_shift"": ""day"", ""warehouse_short"": ""COL"", ""source_vehicle_id"": ""SLW1070""}",2b0b58b5-c777-4903-8b21-ef25ce17a71a,2020-10-09 09:00:00+00,2026-08-10 19:03:05.467947+00,internal_material_handling,Komatsu FD25,LPG,Automatic,OEM_dealer,2496.90,high,6,17,0,A-022
8a4c82cf-dd45-4d69-8b71-e6f595a0e641,LLX-COL-0023,c537c281-b6ad-4842-94ec-e937be0083e5,c18b03d8-00b7-4cb2-ae42-cd418f4f57a6,Komatsu FD25 023,vehicle,forklift,Forklift_2.5T,Komatsu,FD25,2020,COL-FL-023,KMT-FD25-138954,active,good,94.64,2020-06-26,2023-06-26,3cbe7f84-3280-4303-9ada-28fbd2d697f3,4606.00,2026-07-27,2027-01-27,Komatsu FD25 (Forklift 2.5T) operating out of LankaLogix - Colombo on internal material handling duty.,"{""cargo_type"": ""mixed_warehouse"", ""route_type"": ""dock_transfer"", ""operating_shift"": ""day"", ""warehouse_short"": ""COL"", ""source_vehicle_id"": ""SLW0485""}",294b7244-8922-4faa-8a66-ecf7f2d31ede,2020-06-26 09:00:00+00,2026-08-10 19:03:05.467947+00,internal_material_handling,Komatsu FD25,Diesel,Automatic,independent_garage,2647.10,critical,6,26,0,A-023
8b3576a4-8142-419f-aa84-b50982c0d425,LLX-COL-0024,c537c281-b6ad-4842-94ec-e937be0083e5,c18b03d8-00b7-4cb2-ae42-cd418f4f57a6,Toyota 8FD25 024,vehicle,forklift,Forklift_2.5T,Toyota,8FD25,2021,COL-FL-024,TYT-8FD25-449113,active,good,87.13,2021-05-26,2024-05-26,937836a7-8559-4e05-b21a-4a1841beb635,4486.00,2026-06-25,2026-10-01,Toyota 8FD25 (Forklift 2.5T) operating out of LankaLogix - Colombo on internal material handling duty.,"{""cargo_type"": ""mixed_warehouse"", ""route_type"": ""dock_transfer"", ""operating_shift"": ""day"", ""warehouse_short"": ""COL"", ""source_vehicle_id"": ""SLW1137""}",8ffcd728-c372-4540-9a04-7fa0c88e9347,2021-05-26 09:00:00+00,2026-08-10 19:03:05.467947+00,internal_material_handling,Toyota 8FD25,Diesel,Automatic,authorized_workshop,2566.50,critical,6,21,0,A-024
dadfeae3-accb-4736-b054-a6e525236d7f,LLX-COL-0025,c537c281-b6ad-4842-94ec-e937be0083e5,c18b03d8-00b7-4cb2-ae42-cd418f4f57a6,Heli CPCD25 025,vehicle,forklift,Forklift_2.5T,Heli,CPCD25,2021,COL-FL-025,HLI-CPCD25-402499,active,moderate,71.57,2021-05-09,2024-05-09,42665fec-7225-4509-8ad2-324bb15dc7cf,4760.00,2026-05-14,2026-09-02,Heli CPCD25 (Forklift 2.5T) operating out of LankaLogix - Colombo on internal material handling duty.,"{""cargo_type"": ""mixed_warehouse"", ""route_type"": ""dock_transfer"", ""operating_shift"": ""day_night"", ""warehouse_short"": ""COL"", ""source_vehicle_id"": ""SLW0263""}",8ab44335-30b9-42d8-a1c3-82e009ea7876,2021-05-09 09:00:00+00,2026-08-10 19:03:05.467947+00,internal_material_handling,Heli CPCD25,Diesel,Automatic,OEM_dealer,2548.40,high,6,25,1,A-025
db643666-eb36-4779-8c4e-2f86423c4836,LLX-COL-0026,c537c281-b6ad-4842-94ec-e937be0083e5,c18b03d8-00b7-4cb2-ae42-cd418f4f57a6,Komatsu FD25 026,vehicle,forklift,Forklift_2.5T,Komatsu,FD25,2017,COL-FL-026,KMT-FD25-289336,active,good,67.92,2017-02-15,2020-02-15,,4703.00,2026-08-05,2026-08-11,Komatsu FD25 (Forklift 2.5T) operating out of LankaLogix - Colombo on internal material handling duty.,"{""cargo_type"": ""industrial_parts"", ""route_type"": ""warehouse_internal"", ""operating_shift"": ""day"", ""warehouse_short"": ""COL"", ""source_vehicle_id"": ""SLW0267""}",66b4f764-8e90-4915-9c0a-f21f27ae4f4d,2017-02-15 09:00:00+00,2026-08-10 19:03:05.467947+00,internal_material_handling,Komatsu FD25,Diesel,Automatic,authorized_workshop,2554.50,high,10,32,1,A-026
4266e39a-2dae-4e2a-be4b-b2df329d3fca,LLX-COL-0027,c537c281-b6ad-4842-94ec-e937be0083e5,c18b03d8-00b7-4cb2-ae42-cd418f4f57a6,Komatsu FD25 027,vehicle,forklift,Forklift_2.5T,Komatsu,FD25,2017,COL-FL-027,KMT-FD25-557336,active,moderate,71.15,2017-05-28,2020-05-28,f0e51d89-d9ca-4b64-914c-a6d53a625ed0,4548.00,2026-05-30,2026-09-25,Komatsu FD25 (Forklift 2.5T) operating out of LankaLogix - Colombo on internal material handling duty.,"{""cargo_type"": ""industrial_parts"", ""route_type"": ""warehouse_internal"", ""operating_shift"": ""day"", ""warehouse_short"": ""COL"", ""source_vehicle_id"": ""SLW0101""}",dff1d306-f643-4c9e-abb3-5409e072abc4,2017-05-28 09:00:00+00,2026-08-10 19:03:05.467947+00,internal_material_handling,Komatsu FD25,LPG,Automatic,OEM_dealer,2588.80,high,9,33,0,A-027
7871b8d7-cf14-45a9-8d4a-49e5a3ca1af0,LLX-COL-0028,c537c281-b6ad-4842-94ec-e937be0083e5,c18b03d8-00b7-4cb2-ae42-cd418f4f57a6,Toyota 8FD25 028,vehicle,forklift,Forklift_2.5T,Toyota,8FD25,2020,COL-FL-028,TYT-8FD25-766831,active,good,68.48,2020-08-18,2023-08-18,70da0d38-1e21-4bef-94a1-7db6b6989b3a,4589.00,2026-06-15,2026-11-27,Toyota 8FD25 (Forklift 2.5T) operating out of LankaLogix - Colombo on internal material handling duty.,"{""cargo_type"": ""palletized_fmcg"", ""route_type"": ""warehouse_internal"", ""operating_shift"": ""day"", ""warehouse_short"": ""COL"", ""source_vehicle_id"": ""SLW0251""}",8ab44335-30b9-42d8-a1c3-82e009ea7876,2020-08-18 09:00:00+00,2026-08-10 19:03:05.467947+00,internal_material_handling,Toyota 8FD25,Diesel,Automatic,OEM_dealer,2439.20,high,6,19,0,A-028
75754887-cbc3-4471-b180-f7299a6edbd7,LLX-COL-0029,c537c281-b6ad-4842-94ec-e937be0083e5,c18b03d8-00b7-4cb2-ae42-cd418f4f57a6,Heli CPCD25 029,vehicle,forklift,Forklift_2.5T,Heli,CPCD25,2021,COL-FL-029,HLI-CPCD25-219023,active,good,68.21,2021-02-27,2024-02-27,79279b07-707c-4805-8691-f1e9b401bc9f,4201.00,2026-07-29,2026-10-13,Heli CPCD25 (Forklift 2.5T) operating out of LankaLogix - Colombo on internal material handling duty.,"{""cargo_type"": ""palletized_fmcg"", ""route_type"": ""dock_transfer"", ""operating_shift"": ""three_shift"", ""warehouse_short"": ""COL"", ""source_vehicle_id"": ""SLW1131""}",aedad933-6f7e-4d2e-b6df-191c9e459887,2021-02-27 09:00:00+00,2026-08-10 19:03:05.467947+00,internal_material_handling,Heli CPCD25,Diesel,Automatic,OEM_dealer,2463.50,high,6,37,0,A-029
a60ca723-0991-4f4e-a2dc-c191a76ee7d2,LLX-COL-0030,c537c281-b6ad-4842-94ec-e937be0083e5,c18b03d8-00b7-4cb2-ae42-cd418f4f57a6,Heli CPCD25 030,vehicle,forklift,Forklift_2.5T,Heli,CPCD25,2017,COL-FL-030,HLI-CPCD25-398125,active,good,64.25,2017-07-05,2020-07-05,2ab72bf9-6e1e-4de2-9de6-563d411c74df,4269.00,2026-08-02,2026-12-16,Heli CPCD25 (Forklift 2.5T) operating out of LankaLogix - Colombo on internal material handling duty.,"{""cargo_type"": ""mixed_warehouse"", ""route_type"": ""dock_transfer"", ""operating_shift"": ""day"", ""warehouse_short"": ""COL"", ""source_vehicle_id"": ""SLW0306""}",dff1d306-f643-4c9e-abb3-5409e072abc4,2017-07-05 09:00:00+00,2026-08-10 19:03:05.467947+00,internal_material_handling,Heli CPCD25,Diesel,Automatic,authorized_workshop,2474.70,high,10,45,1,A-030
23758f9e-767d-48f6-bb2c-814b1c5d7fbb,LLX-COL-0031,c537c281-b6ad-4842-94ec-e937be0083e5,c18b03d8-00b7-4cb2-ae42-cd418f4f57a6,Komatsu FD25 031,vehicle,forklift,Forklift_2.5T,Komatsu,FD25,2017,COL-FL-031,KMT-FD25-688283,active,moderate,68.61,2017-09-04,2020-09-04,566447db-e10d-4f1f-9254-c99a3d813b7a,4311.00,2026-05-26,2026-11-19,Komatsu FD25 (Forklift 2.5T) operating out of LankaLogix - Colombo on internal material handling duty.,"{""cargo_type"": ""industrial_parts"", ""route_type"": ""warehouse_internal"", ""operating_shift"": ""day_night"", ""warehouse_short"": ""COL"", ""source_vehicle_id"": ""SLW0557""}",dff1d306-f643-4c9e-abb3-5409e072abc4,2017-09-04 09:00:00+00,2026-08-10 19:03:05.467947+00,internal_material_handling,Komatsu FD25,Diesel,Automatic,OEM_dealer,2681.50,high,9,33,1,A-031
fe087f68-8d38-4e53-bf25-b05ee45e2b4d,LLX-COL-0032,c537c281-b6ad-4842-94ec-e937be0083e5,c18b03d8-00b7-4cb2-ae42-cd418f4f57a6,Komatsu FD25 032,vehicle,forklift,Forklift_2.5T,Komatsu,FD25,2016,COL-FL-032,KMT-FD25-189085,active,moderate,76.30,2016-02-20,2019-02-20,ce4f361f-4513-493d-b6be-9e2fe704e6a2,4697.00,2026-07-05,2026-11-09,Komatsu FD25 (Forklift 2.5T) operating out of LankaLogix - Colombo on internal material handling duty.,"{""cargo_type"": ""palletized_fmcg"", ""route_type"": ""dock_transfer"", ""operating_shift"": ""day_night"", ""warehouse_short"": ""COL"", ""source_vehicle_id"": ""SLW0775""}",dff1d306-f643-4c9e-abb3-5409e072abc4,2016-02-20 09:00:00+00,2026-08-10 19:03:05.467947+00,internal_material_handling,Komatsu FD25,LPG,Automatic,authorized_workshop,2405.90,high,11,46,1,A-032
d0166556-dbdf-4236-a740-1465808d09a5,LLX-COL-0033,c537c281-b6ad-4842-94ec-e937be0083e5,c18b03d8-00b7-4cb2-ae42-cd418f4f57a6,Toyota 8FD25 033,vehicle,forklift,Forklift_2.5T,Toyota,8FD25,2019,COL-FL-033,TYT-8FD25-631028,active,moderate,68.42,2019-10-15,2022-10-15,9bb85a55-297b-4c01-8d94-5a8ecd35ad9a,4214.00,2026-03-20,2026-08-31,Toyota 8FD25 (Forklift 2.5T) operating out of LankaLogix - Colombo on internal material handling duty.,"{""cargo_type"": ""mixed_warehouse"", ""route_type"": ""dock_transfer"", ""operating_shift"": ""day"", ""warehouse_short"": ""COL"", ""source_vehicle_id"": ""SLW0278""}",8ab44335-30b9-42d8-a1c3-82e009ea7876,2019-10-15 09:00:00+00,2026-08-10 19:03:05.467947+00,internal_material_handling,Toyota 8FD25,LPG,Automatic,authorized_workshop,2585.40,high,7,24,0,A-033
fe954d4a-ed78-4a00-9e83-520184d3ad6f,LLX-COL-0034,c537c281-b6ad-4842-94ec-e937be0083e5,c18b03d8-00b7-4cb2-ae42-cd418f4f57a6,Komatsu FD25 034,vehicle,forklift,Forklift_2.5T,Komatsu,FD25,2021,COL-FL-034,KMT-FD25-439893,active,moderate,90.43,2021-02-03,2024-02-03,2de8e8a2-03a6-4d8e-93d9-4b8309004f45,3910.00,2026-07-04,2026-08-22,Komatsu FD25 (Forklift 2.5T) operating out of LankaLogix - Colombo on internal material handling duty.,"{""cargo_type"": ""industrial_parts"", ""route_type"": ""dock_transfer"", ""operating_shift"": ""three_shift"", ""warehouse_short"": ""COL"", ""source_vehicle_id"": ""SLW1165""}",294b7244-8922-4faa-8a66-ecf7f2d31ede,2021-02-03 09:00:00+00,2026-08-10 19:03:05.467947+00,internal_material_handling,Komatsu FD25,LPG,Automatic,independent_garage,2661.00,critical,6,35,3,A-034
6ce44fe0-1893-4020-96bc-f5f130f1c63e,LLX-COL-0035,c537c281-b6ad-4842-94ec-e937be0083e5,c18b03d8-00b7-4cb2-ae42-cd418f4f57a6,Toyota 8FD25 035,vehicle,forklift,Forklift_2.5T,Toyota,8FD25,2019,COL-FL-035,TYT-8FD25-803074,active,moderate,89.02,2019-06-04,2022-06-04,8df4b871-8cf4-459c-ae8b-d7ff0c95e330,4228.00,2026-07-20,2026-08-21,Toyota 8FD25 (Forklift 2.5T) operating out of LankaLogix - Colombo on internal material handling duty.,"{""cargo_type"": ""industrial_parts"", ""route_type"": ""dock_transfer"", ""operating_shift"": ""day"", ""warehouse_short"": ""COL"", ""source_vehicle_id"": ""SLW0707""}",5dba83b3-52f3-44e6-84c0-7cb40b7e1cf7,2019-06-04 09:00:00+00,2026-08-10 19:03:05.467947+00,internal_material_handling,Toyota 8FD25,Diesel,Automatic,authorized_workshop,2501.20,critical,8,26,0,A-035
a90a1741-8868-4b22-b183-0c7b354b8121,LLX-COL-0036,c537c281-b6ad-4842-94ec-e937be0083e5,c18b03d8-00b7-4cb2-ae42-cd418f4f57a6,Heli CPCD25 036,vehicle,forklift,Forklift_2.5T,Heli,CPCD25,2019,COL-FL-036,HLI-CPCD25-592142,active,good,73.10,2019-04-10,2022-04-10,,5215.00,2026-05-20,2026-09-18,Heli CPCD25 (Forklift 2.5T) operating out of LankaLogix - Colombo on internal material handling duty.,"{""cargo_type"": ""mixed_warehouse"", ""route_type"": ""warehouse_internal"", ""operating_shift"": ""day_night"", ""warehouse_short"": ""COL"", ""source_vehicle_id"": ""SLW0355""}",8ab44335-30b9-42d8-a1c3-82e009ea7876,2019-04-10 09:00:00+00,2026-08-10 19:03:05.467947+00,internal_material_handling,Heli CPCD25,LPG,Automatic,authorized_workshop,2604.60,high,7,36,1,A-036
f9089dff-b9ca-453f-8419-04c95f6bde37,LLX-COL-0037,c537c281-b6ad-4842-94ec-e937be0083e5,c18b03d8-00b7-4cb2-ae42-cd418f4f57a6,Heli CPCD25 037,vehicle,forklift,Forklift_2.5T,Heli,CPCD25,2017,COL-FL-037,HLI-CPCD25-305955,active,good,78.76,2017-12-17,2020-12-17,143699d5-a598-400d-9e81-15f50ae0115e,4361.00,2026-07-13,2026-12-04,Heli CPCD25 (Forklift 2.5T) operating out of LankaLogix - Colombo on internal material handling duty.,"{""cargo_type"": ""palletized_fmcg"", ""route_type"": ""dock_transfer"", ""operating_shift"": ""day"", ""warehouse_short"": ""COL"", ""source_vehicle_id"": ""SLW1183""}",8ffcd728-c372-4540-9a04-7fa0c88e9347,2017-12-17 09:00:00+00,2026-08-10 19:03:05.467947+00,internal_material_handling,Heli CPCD25,Diesel,Automatic,independent_garage,2379.00,high,9,43,1,A-037
d6e8effa-ff70-4587-9372-b201eb295e1c,LLX-COL-0038,c537c281-b6ad-4842-94ec-e937be0083e5,c18b03d8-00b7-4cb2-ae42-cd418f4f57a6,Toyota 8FD25 038,vehicle,forklift,Forklift_2.5T,Toyota,8FD25,2021,COL-FL-038,TYT-8FD25-563891,active,excellent,72.19,2021-01-28,2024-01-28,,5098.00,2026-08-02,2026-11-12,Toyota 8FD25 (Forklift 2.5T) operating out of LankaLogix - Colombo on internal material handling duty.,"{""cargo_type"": ""mixed_warehouse"", ""route_type"": ""dock_transfer"", ""operating_shift"": ""day_night"", ""warehouse_short"": ""COL"", ""source_vehicle_id"": ""SLW1336""}",23b91a79-185d-41b8-aed8-22bf2cb9f4af,2021-01-28 09:00:00+00,2026-08-10 19:03:05.467947+00,internal_material_handling,Toyota 8FD25,LPG,Automatic,authorized_workshop,2339.40,high,6,21,0,A-038
f969ee23-b30d-4adf-a963-fab6c75ce713,LLX-COL-0039,c537c281-b6ad-4842-94ec-e937be0083e5,c18b03d8-00b7-4cb2-ae42-cd418f4f57a6,Heli CPCD25 039,vehicle,forklift,Forklift_2.5T,Heli,CPCD25,2016,COL-FL-039,HLI-CPCD25-435381,active,moderate,84.90,2016-03-13,2019-03-13,541c9a20-b69e-4721-9954-55f661301a7b,4961.00,2026-06-01,2026-08-28,Heli CPCD25 (Forklift 2.5T) operating out of LankaLogix - Colombo on internal material handling duty.,"{""cargo_type"": ""mixed_warehouse"", ""route_type"": ""warehouse_internal"", ""operating_shift"": ""three_shift"", ""warehouse_short"": ""COL"", ""source_vehicle_id"": ""SLW0086""}",8ab44335-30b9-42d8-a1c3-82e009ea7876,2016-03-13 09:00:00+00,2026-08-10 19:03:05.467947+00,internal_material_handling,Heli CPCD25,LPG,Automatic,authorized_workshop,2537.10,critical,10,62,8,A-039
2d46c4da-b053-4eb1-a0a1-192a7a8748e9,LLX-COL-0040,c537c281-b6ad-4842-94ec-e937be0083e5,c18b03d8-00b7-4cb2-ae42-cd418f4f57a6,Toyota 8FD25 040,vehicle,forklift,Forklift_2.5T,Toyota,8FD25,2014,COL-FL-040,TYT-8FD25-537300,active,good,70.24,2014-06-22,2017-06-22,f5b37c64-bd71-4c76-80ed-eec260b6b410,4014.00,2026-06-08,2027-01-06,Toyota 8FD25 (Forklift 2.5T) operating out of LankaLogix - Colombo on internal material handling duty.,"{""cargo_type"": ""industrial_parts"", ""route_type"": ""dock_transfer"", ""operating_shift"": ""day"", ""warehouse_short"": ""COL"", ""source_vehicle_id"": ""SLW0862""}",8ab44335-30b9-42d8-a1c3-82e009ea7876,2014-06-22 09:00:00+00,2026-08-10 19:03:05.467947+00,internal_material_handling,Toyota 8FD25,LPG,Automatic,OEM_dealer,2562.30,high,13,38,1,A-040
ca5f1852-68ef-4d40-9c0c-e98d62a32911,LLX-COL-0041,c537c281-b6ad-4842-94ec-e937be0083e5,c18b03d8-00b7-4cb2-ae42-cd418f4f57a6,Toyota 8FD25 041,vehicle,forklift,Forklift_2.5T,Toyota,8FD25,2021,COL-FL-041,TYT-8FD25-659812,under_maintenance,poor,65.66,2021-08-14,2024-08-14,,4965.00,2026-01-16,2026-08-30,Toyota 8FD25 (Forklift 2.5T) operating out of LankaLogix - Colombo on internal material handling duty.,"{""cargo_type"": ""palletized_fmcg"", ""route_type"": ""warehouse_internal"", ""operating_shift"": ""day"", ""warehouse_short"": ""COL"", ""source_vehicle_id"": ""SLW0060""}",294b7244-8922-4faa-8a66-ecf7f2d31ede,2021-08-14 09:00:00+00,2026-08-10 19:03:05.467947+00,internal_material_handling,Toyota 8FD25,Diesel,Automatic,authorized_workshop,2623.10,high,6,18,0,A-041
74a04835-7fa8-4da7-8a06-7764f969d49a,LLX-COL-0042,c537c281-b6ad-4842-94ec-e937be0083e5,c18b03d8-00b7-4cb2-ae42-cd418f4f57a6,Komatsu FD25 042,vehicle,forklift,Forklift_2.5T,Komatsu,FD25,2017,COL-FL-042,KMT-FD25-545921,active,moderate,66.45,2017-02-19,2020-02-19,4dae12d3-0065-4c88-b0e2-1cd4b3b335f7,4974.00,2026-07-17,2026-12-17,Komatsu FD25 (Forklift 2.5T) operating out of LankaLogix - Colombo on internal material handling duty.,"{""cargo_type"": ""industrial_parts"", ""route_type"": ""warehouse_internal"", ""operating_shift"": ""day_night"", ""warehouse_short"": ""COL"", ""source_vehicle_id"": ""SLW0165""}",66b4f764-8e90-4915-9c0a-f21f27ae4f4d,2017-02-19 09:00:00+00,2026-08-10 19:03:05.467947+00,internal_material_handling,Komatsu FD25,Diesel,Automatic,independent_garage,2350.30,high,10,40,1,A-042
dfb03152-778d-444f-b74c-7b176acbb8f6,LLX-COL-0043,c537c281-b6ad-4842-94ec-e937be0083e5,c18b03d8-00b7-4cb2-ae42-cd418f4f57a6,Toyota 8FD25 043,vehicle,forklift,Forklift_2.5T,Toyota,8FD25,2018,COL-FL-043,TYT-8FD25-176917,active,moderate,43.75,2018-09-21,2021-09-21,e4b0a22a-aa25-4f65-9d5f-7da7d176bfa4,4571.00,2026-06-21,2026-08-18,Toyota 8FD25 (Forklift 2.5T) operating out of LankaLogix - Colombo on internal material handling duty.,"{""cargo_type"": ""industrial_parts"", ""route_type"": ""warehouse_internal"", ""operating_shift"": ""day"", ""warehouse_short"": ""COL"", ""source_vehicle_id"": ""SLW0973""}",2b0b58b5-c777-4903-8b21-ef25ce17a71a,2018-09-21 09:00:00+00,2026-08-10 19:03:05.467947+00,internal_material_handling,Toyota 8FD25,Diesel,Automatic,independent_garage,2565.40,medium,9,29,0,A-043
40431827-4e79-4d34-9065-2cde676d0ca6,LLX-COL-0044,c537c281-b6ad-4842-94ec-e937be0083e5,c18b03d8-00b7-4cb2-ae42-cd418f4f57a6,Komatsu FD25 044,vehicle,forklift,Forklift_2.5T,Komatsu,FD25,2021,COL-FL-044,KMT-FD25-186338,active,moderate,66.45,2021-01-07,2024-01-07,f085143a-685f-40c1-99da-35b791b4765e,3926.00,2026-07-09,2026-09-23,Komatsu FD25 (Forklift 2.5T) operating out of LankaLogix - Colombo on internal material handling duty.,"{""cargo_type"": ""industrial_parts"", ""route_type"": ""warehouse_internal"", ""operating_shift"": ""day"", ""warehouse_short"": ""COL"", ""source_vehicle_id"": ""SLW0424""}",5dba83b3-52f3-44e6-84c0-7cb40b7e1cf7,2021-01-07 09:00:00+00,2026-08-10 19:03:05.467947+00,internal_material_handling,Komatsu FD25,Diesel,Automatic,authorized_workshop,2423.90,high,6,19,0,A-044
25cec974-793b-47e6-a493-179cc5de2d53,LLX-COL-0045,c537c281-b6ad-4842-94ec-e937be0083e5,c18b03d8-00b7-4cb2-ae42-cd418f4f57a6,Komatsu FD25 045,vehicle,forklift,Forklift_2.5T,Komatsu,FD25,2018,COL-FL-045,KMT-FD25-751193,active,moderate,77.35,2018-01-19,2021-01-19,bfbc513c-fc16-48d3-bc97-937cb60188cd,4343.00,2026-04-03,2026-08-28,Komatsu FD25 (Forklift 2.5T) operating out of LankaLogix - Colombo on internal material handling duty.,"{""cargo_type"": ""mixed_warehouse"", ""route_type"": ""warehouse_internal"", ""operating_shift"": ""day"", ""warehouse_short"": ""COL"", ""source_vehicle_id"": ""SLW0465""}",5dba83b3-52f3-44e6-84c0-7cb40b7e1cf7,2018-01-19 09:00:00+00,2026-08-10 19:03:05.467947+00,internal_material_handling,Komatsu FD25,LPG,Automatic,independent_garage,2566.90,high,9,27,0,A-045
51bad7a3-3c87-4082-81ea-595e0a20afb4,LLX-COL-0046,c537c281-b6ad-4842-94ec-e937be0083e5,c18b03d8-00b7-4cb2-ae42-cd418f4f57a6,Heli CPCD25 046,vehicle,forklift,Forklift_2.5T,Heli,CPCD25,2017,COL-FL-046,HLI-CPCD25-326502,active,moderate,77.90,2017-05-13,2020-05-13,caed6520-d13f-4cca-b266-28e851bcedb2,4671.00,2026-06-13,2026-10-29,Heli CPCD25 (Forklift 2.5T) operating out of LankaLogix - Colombo on internal material handling duty.,"{""cargo_type"": ""palletized_fmcg"", ""route_type"": ""dock_transfer"", ""operating_shift"": ""day"", ""warehouse_short"": ""COL"", ""source_vehicle_id"": ""SLW0622""}",2b0b58b5-c777-4903-8b21-ef25ce17a71a,2017-05-13 09:00:00+00,2026-08-10 19:03:05.467947+00,internal_material_handling,Heli CPCD25,Diesel,Automatic,independent_garage,2733.80,high,9,46,1,A-046
a98a29d4-a102-41ac-9f92-818e13280eee,LLX-COL-0047,c537c281-b6ad-4842-94ec-e937be0083e5,c18b03d8-00b7-4cb2-ae42-cd418f4f57a6,Toyota 8FD25 047,vehicle,forklift,Forklift_2.5T,Toyota,8FD25,2020,COL-FL-047,TYT-8FD25-398340,active,moderate,78.18,2020-02-15,2023-02-15,20126955-a95e-4d8b-8121-28b48b6f18a9,4107.00,2026-05-07,2026-10-17,Toyota 8FD25 (Forklift 2.5T) operating out of LankaLogix - Colombo on internal material handling duty.,"{""cargo_type"": ""mixed_warehouse"", ""route_type"": ""warehouse_internal"", ""operating_shift"": ""day_night"", ""warehouse_short"": ""COL"", ""source_vehicle_id"": ""SLW0729""}",e3203996-7192-4f35-b4d9-8d19dd61882f,2020-02-15 09:00:00+00,2026-08-10 19:03:05.467947+00,internal_material_handling,Toyota 8FD25,Diesel,Automatic,independent_garage,2430.70,high,7,28,0,A-047
2ec75100-ff62-4c0c-9af0-e30b340dc708,LLX-COL-0048,c537c281-b6ad-4842-94ec-e937be0083e5,c18b03d8-00b7-4cb2-ae42-cd418f4f57a6,Komatsu FD25 048,vehicle,forklift,Forklift_2.5T,Komatsu,FD25,2020,COL-FL-048,KMT-FD25-648938,active,moderate,67.28,2020-02-21,2023-02-21,,4916.00,2026-08-05,2026-08-11,Komatsu FD25 (Forklift 2.5T) operating out of LankaLogix - Colombo on internal material handling duty.,"{""cargo_type"": ""mixed_warehouse"", ""route_type"": ""warehouse_internal"", ""operating_shift"": ""day_night"", ""warehouse_short"": ""COL"", ""source_vehicle_id"": ""SLW1004""}",dff1d306-f643-4c9e-abb3-5409e072abc4,2020-02-21 09:00:00+00,2026-08-10 19:03:05.467947+00,internal_material_handling,Komatsu FD25,Diesel,Automatic,authorized_workshop,2658.70,high,7,28,0,A-048
79697e99-92b1-4130-83e3-9c66bd997426,LLX-COL-0049,c537c281-b6ad-4842-94ec-e937be0083e5,c18b03d8-00b7-4cb2-ae42-cd418f4f57a6,Komatsu FD25 049,vehicle,forklift,Forklift_2.5T,Komatsu,FD25,2018,COL-FL-049,KMT-FD25-638703,active,moderate,63.84,2018-04-06,2021-04-06,aae4b5c2-8efb-42b7-88a7-a8fe7a86e7c7,5470.00,2026-07-25,2026-09-07,Komatsu FD25 (Forklift 2.5T) operating out of LankaLogix - Colombo on internal material handling duty.,"{""cargo_type"": ""industrial_parts"", ""route_type"": ""warehouse_internal"", ""operating_shift"": ""three_shift"", ""warehouse_short"": ""COL"", ""source_vehicle_id"": ""SLW1191""}",8ab44335-30b9-42d8-a1c3-82e009ea7876,2018-04-06 09:00:00+00,2026-08-10 19:03:05.467947+00,internal_material_handling,Komatsu FD25,Diesel,Automatic,authorized_workshop,2640.80,high,9,45,1,A-049
35d3cd58-a044-44de-8df9-46ff9ff442f0,LLX-COL-0050,c537c281-b6ad-4842-94ec-e937be0083e5,c18b03d8-00b7-4cb2-ae42-cd418f4f57a6,Toyota 8FD25 050,vehicle,forklift,Forklift_2.5T,Toyota,8FD25,2017,COL-FL-050,TYT-8FD25-632185,active,moderate,40.87,2017-05-12,2020-05-12,,5319.00,2026-06-10,2026-11-27,Toyota 8FD25 (Forklift 2.5T) operating out of LankaLogix - Colombo on internal material handling duty.,"{""cargo_type"": ""industrial_parts"", ""route_type"": ""dock_transfer"", ""operating_shift"": ""day"", ""warehouse_short"": ""COL"", ""source_vehicle_id"": ""SLW0688""}",aedad933-6f7e-4d2e-b6df-191c9e459887,2017-05-12 09:00:00+00,2026-08-10 19:03:05.467947+00,internal_material_handling,Toyota 8FD25,LPG,Automatic,authorized_workshop,2489.70,medium,9,32,1,A-050
20ff8673-2088-4122-92f5-3a06cde0f0c4,LLX-COL-0051,c537c281-b6ad-4842-94ec-e937be0083e5,c18b03d8-00b7-4cb2-ae42-cd418f4f57a6,Toyota 8FD25 051,vehicle,forklift,Forklift_2.5T,Toyota,8FD25,2018,COL-FL-051,TYT-8FD25-680833,active,moderate,89.45,2018-02-07,2021-02-07,8a305a4e-04c7-4ae3-b63f-7e3a868e8690,4593.00,2026-04-30,2026-11-18,Toyota 8FD25 (Forklift 2.5T) operating out of LankaLogix - Colombo on internal material handling duty.,"{""cargo_type"": ""palletized_fmcg"", ""route_type"": ""dock_transfer"", ""operating_shift"": ""day"", ""warehouse_short"": ""COL"", ""source_vehicle_id"": ""SLW0259""}",294b7244-8922-4faa-8a66-ecf7f2d31ede,2018-02-07 09:00:00+00,2026-08-10 19:03:05.467947+00,internal_material_handling,Toyota 8FD25,LPG,Automatic,authorized_workshop,2321.50,critical,8,27,0,A-051
d401a46b-56b8-4616-a97a-d8ccccce6260,LLX-COL-0052,c537c281-b6ad-4842-94ec-e937be0083e5,c18b03d8-00b7-4cb2-ae42-cd418f4f57a6,Komatsu FD25 052,vehicle,forklift,Forklift_2.5T,Komatsu,FD25,2020,COL-FL-052,KMT-FD25-192230,under_maintenance,poor,63.39,2020-10-10,2023-10-10,,5003.00,2026-05-11,2026-08-20,Komatsu FD25 (Forklift 2.5T) operating out of LankaLogix - Colombo on internal material handling duty.,"{""cargo_type"": ""palletized_fmcg"", ""route_type"": ""warehouse_internal"", ""operating_shift"": ""day"", ""warehouse_short"": ""COL"", ""source_vehicle_id"": ""SLW0517""}",5dba83b3-52f3-44e6-84c0-7cb40b7e1cf7,2020-10-10 09:00:00+00,2026-08-10 19:03:05.467947+00,internal_material_handling,Komatsu FD25,LPG,Automatic,independent_garage,2589.60,high,6,18,0,A-052
7e1c9317-2c5e-4218-9703-5af8023b32c9,LLX-COL-0053,c537c281-b6ad-4842-94ec-e937be0083e5,c18b03d8-00b7-4cb2-ae42-cd418f4f57a6,Toyota 8FD25 053,vehicle,forklift,Forklift_2.5T,Toyota,8FD25,2015,COL-FL-053,TYT-8FD25-765755,active,good,50.05,2015-09-22,2018-09-22,88603b09-551d-4b59-8981-e27cd95f2b12,4704.00,2026-04-08,2026-10-30,Toyota 8FD25 (Forklift 2.5T) operating out of LankaLogix - Colombo on internal material handling duty.,"{""cargo_type"": ""industrial_parts"", ""route_type"": ""dock_transfer"", ""operating_shift"": ""day"", ""warehouse_short"": ""COL"", ""source_vehicle_id"": ""SLW1258""}",fc975356-d5cc-4bdc-ab35-2dc5c648c8f2,2015-09-22 09:00:00+00,2026-08-10 19:03:05.467947+00,internal_material_handling,Toyota 8FD25,Diesel,Automatic,OEM_dealer,2453.00,medium,12,45,1,A-053
6f4880b7-7e82-4cb3-8d4a-75f4c07f83de,LLX-COL-0054,c537c281-b6ad-4842-94ec-e937be0083e5,c18b03d8-00b7-4cb2-ae42-cd418f4f57a6,Komatsu FD25 054,vehicle,forklift,Forklift_2.5T,Komatsu,FD25,2014,COL-FL-054,KMT-FD25-655643,active,moderate,40.67,2014-01-03,2017-01-03,d4eba6f3-6edf-4ac8-939f-50ce81f48612,4128.00,2026-03-23,2027-01-11,Komatsu FD25 (Forklift 2.5T) operating out of LankaLogix - Colombo on internal material handling duty.,"{""cargo_type"": ""palletized_fmcg"", ""route_type"": ""dock_transfer"", ""operating_shift"": ""day"", ""warehouse_short"": ""COL"", ""source_vehicle_id"": ""SLW0504""}",294b7244-8922-4faa-8a66-ecf7f2d31ede,2014-01-03 09:00:00+00,2026-08-10 19:03:05.467947+00,internal_material_handling,Komatsu FD25,LPG,Automatic,authorized_workshop,2516.30,medium,12,29,2,A-054
4280bf39-3a7d-4c3b-b0e1-9b1905013a03,LLX-COL-0055,c537c281-b6ad-4842-94ec-e937be0083e5,c18b03d8-00b7-4cb2-ae42-cd418f4f57a6,Heli CPCD25 055,vehicle,forklift,Forklift_2.5T,Heli,CPCD25,2018,COL-FL-055,HLI-CPCD25-219894,active,moderate,39.48,2018-07-14,2021-07-14,,4502.00,2026-08-05,2026-08-28,Heli CPCD25 (Forklift 2.5T) operating out of LankaLogix - Colombo on internal material handling duty.,"{""cargo_type"": ""mixed_warehouse"", ""route_type"": ""dock_transfer"", ""operating_shift"": ""day_night"", ""warehouse_short"": ""COL"", ""source_vehicle_id"": ""SLW0025""}",8ab44335-30b9-42d8-a1c3-82e009ea7876,2018-07-14 09:00:00+00,2026-08-10 19:03:05.467947+00,internal_material_handling,Heli CPCD25,Diesel,Automatic,authorized_workshop,2629.90,medium,8,46,1,A-055
03902d81-44c4-48b1-aced-6fab0cc4835e,LLX-COL-0056,c537c281-b6ad-4842-94ec-e937be0083e5,c18b03d8-00b7-4cb2-ae42-cd418f4f57a6,Heli CPCD25 056,vehicle,forklift,Forklift_2.5T,Heli,CPCD25,2021,COL-FL-056,HLI-CPCD25-335064,active,moderate,84.69,2021-12-01,2024-12-01,53fa7f0e-3f0d-47ea-bd2d-695e63a234db,4587.00,2026-07-05,2026-08-17,Heli CPCD25 (Forklift 2.5T) operating out of LankaLogix - Colombo on internal material handling duty.,"{""cargo_type"": ""palletized_fmcg"", ""route_type"": ""dock_transfer"", ""operating_shift"": ""day"", ""warehouse_short"": ""COL"", ""source_vehicle_id"": ""SLW0236""}",294b7244-8922-4faa-8a66-ecf7f2d31ede,2021-12-01 09:00:00+00,2026-08-10 19:03:05.467947+00,internal_material_handling,Heli CPCD25,LPG,Automatic,independent_garage,2482.60,critical,6,25,0,A-056
55a52988-3327-4504-ab63-24e3d01fec89,LLX-COL-0057,c537c281-b6ad-4842-94ec-e937be0083e5,c18b03d8-00b7-4cb2-ae42-cd418f4f57a6,Komatsu FD25 057,vehicle,forklift,Forklift_2.5T,Komatsu,FD25,2017,COL-FL-057,KMT-FD25-177083,active,critical,66.62,2017-12-14,2020-12-14,cb09e946-aa0f-4553-883f-a8fbb994dd6e,4605.00,2026-04-29,2026-10-16,Komatsu FD25 (Forklift 2.5T) operating out of LankaLogix - Colombo on internal material handling duty.,"{""cargo_type"": ""mixed_warehouse"", ""route_type"": ""dock_transfer"", ""operating_shift"": ""day"", ""warehouse_short"": ""COL"", ""source_vehicle_id"": ""SLW0131""}",8ab44335-30b9-42d8-a1c3-82e009ea7876,2017-12-14 09:00:00+00,2026-08-10 19:03:05.467947+00,internal_material_handling,Komatsu FD25,Diesel,Automatic,authorized_workshop,2532.00,high,9,28,0,A-057
3ccf3cee-0539-4aeb-9637-5e23cd4244be,LLX-COL-0058,c537c281-b6ad-4842-94ec-e937be0083e5,c18b03d8-00b7-4cb2-ae42-cd418f4f57a6,Heli CPCD25 058,vehicle,forklift,Forklift_2.5T,Heli,CPCD25,2015,COL-FL-058,HLI-CPCD25-566254,active,moderate,77.81,2015-09-16,2018-09-16,9f06cc9a-b7c3-4251-821a-1cd09e60ef22,4417.00,2026-07-23,2026-08-28,Heli CPCD25 (Forklift 2.5T) operating out of LankaLogix - Colombo on internal material handling duty.,"{""cargo_type"": ""mixed_warehouse"", ""route_type"": ""dock_transfer"", ""operating_shift"": ""three_shift"", ""warehouse_short"": ""COL"", ""source_vehicle_id"": ""SLW0618""}",23b91a79-185d-41b8-aed8-22bf2cb9f4af,2015-09-16 09:00:00+00,2026-08-10 19:03:05.467947+00,internal_material_handling,Heli CPCD25,LPG,Automatic,authorized_workshop,2588.20,high,12,61,9,A-058
99e55906-4414-4a9a-899b-5b1eada5a50c,LLX-COL-0059,c537c281-b6ad-4842-94ec-e937be0083e5,c18b03d8-00b7-4cb2-ae42-cd418f4f57a6,Toyota 8FD25 059,vehicle,forklift,Forklift_2.5T,Toyota,8FD25,2020,COL-FL-059,TYT-8FD25-583291,active,moderate,66.65,2020-09-23,2023-09-23,e63fb45e-1362-4e02-b414-1e0a67301dbf,5667.00,2026-06-21,2026-08-27,Toyota 8FD25 (Forklift 2.5T) operating out of LankaLogix - Colombo on internal material handling duty.,"{""cargo_type"": ""palletized_fmcg"", ""route_type"": ""warehouse_internal"", ""operating_shift"": ""day"", ""warehouse_short"": ""COL"", ""source_vehicle_id"": ""SLW0228""}",dff1d306-f643-4c9e-abb3-5409e072abc4,2020-09-23 09:00:00+00,2026-08-10 19:03:05.467947+00,internal_material_handling,Toyota 8FD25,LPG,Automatic,independent_garage,2507.10,high,6,19,0,A-059
0d161bef-773e-4e47-99e3-ab6dec724f90,LLX-COL-0060,c537c281-b6ad-4842-94ec-e937be0083e5,c18b03d8-00b7-4cb2-ae42-cd418f4f57a6,Heli CPCD25 060,vehicle,forklift,Forklift_2.5T,Heli,CPCD25,2019,COL-FL-060,HLI-CPCD25-457951,active,good,61.94,2019-02-11,2022-02-11,,4022.00,2026-07-30,2026-12-21,Heli CPCD25 (Forklift 2.5T) operating out of LankaLogix - Colombo on internal material handling duty.,"{""cargo_type"": ""mixed_warehouse"", ""route_type"": ""dock_transfer"", ""operating_shift"": ""day"", ""warehouse_short"": ""COL"", ""source_vehicle_id"": ""SLW0128""}",e3203996-7192-4f35-b4d9-8d19dd61882f,2019-02-11 09:00:00+00,2026-08-10 19:03:05.467947+00,internal_material_handling,Heli CPCD25,Diesel,Automatic,authorized_workshop,2611.00,medium,8,31,0,A-060
e51f1f4b-b6d2-4235-b187-2fc2b39ac2b0,LLX-COL-0061,c537c281-b6ad-4842-94ec-e937be0083e5,c18b03d8-00b7-4cb2-ae42-cd418f4f57a6,Toyota 8FD25 061,vehicle,forklift,Forklift_2.5T,Toyota,8FD25,2018,COL-FL-061,TYT-8FD25-556350,active,good,65.88,2018-11-15,2021-11-15,c9a54ed1-18d6-44d1-a207-37620fd4bfd7,3828.00,2026-07-25,2027-02-12,Toyota 8FD25 (Forklift 2.5T) operating out of LankaLogix - Colombo on internal material handling duty.,"{""cargo_type"": ""palletized_fmcg"", ""route_type"": ""dock_transfer"", ""operating_shift"": ""day"", ""warehouse_short"": ""COL"", ""source_vehicle_id"": ""SLW0979""}",fc975356-d5cc-4bdc-ab35-2dc5c648c8f2,2018-11-15 09:00:00+00,2026-08-10 19:03:05.467947+00,internal_material_handling,Toyota 8FD25,Diesel,Automatic,independent_garage,2626.60,high,9,31,1,B-001
53a5c490-e096-4c76-8fdc-8dbab502eda0,LLX-COL-0062,c537c281-b6ad-4842-94ec-e937be0083e5,c18b03d8-00b7-4cb2-ae42-cd418f4f57a6,Heli CPCD25 062,vehicle,forklift,Forklift_2.5T,Heli,CPCD25,2016,COL-FL-062,HLI-CPCD25-499811,active,good,84.97,2016-07-15,2019-07-15,df366867-a42a-4b7d-96fe-88bfd133c829,4774.00,2026-06-27,2026-10-25,Heli CPCD25 (Forklift 2.5T) operating out of LankaLogix - Colombo on internal material handling duty.,"{""cargo_type"": ""mixed_warehouse"", ""route_type"": ""dock_transfer"", ""operating_shift"": ""day"", ""warehouse_short"": ""COL"", ""source_vehicle_id"": ""SLW1246""}",23b91a79-185d-41b8-aed8-22bf2cb9f4af,2016-07-15 09:00:00+00,2026-08-10 19:03:05.467947+00,internal_material_handling,Heli CPCD25,Diesel,Automatic,OEM_dealer,2462.90,critical,11,38,2,B-002
7b5e6dc3-20cc-486d-a186-dbe7ad427b78,LLX-COL-0063,c537c281-b6ad-4842-94ec-e937be0083e5,c18b03d8-00b7-4cb2-ae42-cd418f4f57a6,Komatsu FD25 063,vehicle,forklift,Forklift_2.5T,Komatsu,FD25,2020,COL-FL-063,KMT-FD25-256069,active,good,71.01,2020-01-13,2023-01-13,29149225-4247-42a7-8958-7e2e64b8e427,4053.00,2026-07-07,2027-01-24,Komatsu FD25 (Forklift 2.5T) operating out of LankaLogix - Colombo on internal material handling duty.,"{""cargo_type"": ""industrial_parts"", ""route_type"": ""dock_transfer"", ""operating_shift"": ""day"", ""warehouse_short"": ""COL"", ""source_vehicle_id"": ""SLW1367""}",fc975356-d5cc-4bdc-ab35-2dc5c648c8f2,2020-01-13 09:00:00+00,2026-08-10 19:03:05.467947+00,internal_material_handling,Komatsu FD25,Diesel,Automatic,authorized_workshop,2616.90,high,6,22,0,B-003
3c11537a-d6aa-4914-acea-1920a6d15803,LLX-COL-0064,c537c281-b6ad-4842-94ec-e937be0083e5,c18b03d8-00b7-4cb2-ae42-cd418f4f57a6,Toyota 8FD25 064,vehicle,forklift,Forklift_2.5T,Toyota,8FD25,2020,COL-FL-064,TYT-8FD25-206164,active,poor,78.58,2020-09-08,2023-09-08,,4638.00,2026-06-12,2026-09-09,Toyota 8FD25 (Forklift 2.5T) operating out of LankaLogix - Colombo on internal material handling duty.,"{""cargo_type"": ""industrial_parts"", ""route_type"": ""dock_transfer"", ""operating_shift"": ""three_shift"", ""warehouse_short"": ""COL"", ""source_vehicle_id"": ""SLW0718""}",e3203996-7192-4f35-b4d9-8d19dd61882f,2020-09-08 09:00:00+00,2026-08-10 19:03:05.467947+00,internal_material_handling,Toyota 8FD25,Diesel,Automatic,authorized_workshop,2554.40,high,7,36,0,B-004
50161312-256f-44a3-85ad-9191f026bff0,LLX-COL-0065,c537c281-b6ad-4842-94ec-e937be0083e5,c18b03d8-00b7-4cb2-ae42-cd418f4f57a6,Toyota 8FD25 065,vehicle,forklift,Forklift_2.5T,Toyota,8FD25,2019,COL-FL-065,TYT-8FD25-201812,active,good,43.18,2019-08-20,2022-08-20,0055d1b9-390b-4ea8-8cb6-127ee3051d0e,4492.00,2026-07-30,2026-10-03,Toyota 8FD25 (Forklift 2.5T) operating out of LankaLogix - Colombo on internal material handling duty.,"{""cargo_type"": ""palletized_fmcg"", ""route_type"": ""dock_transfer"", ""operating_shift"": ""day_night"", ""warehouse_short"": ""COL"", ""source_vehicle_id"": ""SLW0989""}",2b0b58b5-c777-4903-8b21-ef25ce17a71a,2019-08-20 09:00:00+00,2026-08-10 19:03:05.467947+00,internal_material_handling,Toyota 8FD25,LPG,Automatic,authorized_workshop,2674.70,medium,8,28,0,B-005
b2816f36-3baf-4a4e-bf89-02bb1a38b7fc,LLX-COL-0066,c537c281-b6ad-4842-94ec-e937be0083e5,c18b03d8-00b7-4cb2-ae42-cd418f4f57a6,Toyota 8FD25 066,vehicle,forklift,Forklift_2.5T,Toyota,8FD25,2020,COL-FL-066,TYT-8FD25-148245,active,moderate,45.19,2020-11-24,2023-11-24,862dfdd0-bfa1-4ab2-a8e0-7280ab4a68d5,4444.00,2026-08-01,2026-09-04,Toyota 8FD25 (Forklift 2.5T) operating out of LankaLogix - Colombo on internal material handling duty.,"{""cargo_type"": ""palletized_fmcg"", ""route_type"": ""warehouse_internal"", ""operating_shift"": ""day"", ""warehouse_short"": ""COL"", ""source_vehicle_id"": ""SLW1293""}",5dba83b3-52f3-44e6-84c0-7cb40b7e1cf7,2020-11-24 09:00:00+00,2026-08-10 19:03:05.467947+00,internal_material_handling,Toyota 8FD25,LPG,Automatic,OEM_dealer,2598.80,medium,6,19,0,B-006
2d31bc4f-be79-4137-ad28-75d9a534780d,LLX-COL-0067,c537c281-b6ad-4842-94ec-e937be0083e5,c18b03d8-00b7-4cb2-ae42-cd418f4f57a6,Heli CPCD25 067,vehicle,forklift,Forklift_2.5T,Heli,CPCD25,2020,COL-FL-067,HLI-CPCD25-295835,active,moderate,80.25,2020-09-06,2023-09-06,2ba52f1c-9da0-432b-a4c3-623540af6ae9,4828.00,2026-07-08,2026-10-01,Heli CPCD25 (Forklift 2.5T) operating out of LankaLogix - Colombo on internal material handling duty.,"{""cargo_type"": ""industrial_parts"", ""route_type"": ""warehouse_internal"", ""operating_shift"": ""three_shift"", ""warehouse_short"": ""COL"", ""source_vehicle_id"": ""SLW0009""}",294b7244-8922-4faa-8a66-ecf7f2d31ede,2020-09-06 09:00:00+00,2026-08-10 19:03:05.467947+00,internal_material_handling,Heli CPCD25,LPG,Automatic,independent_garage,2621.30,high,7,42,2,B-007
24e55145-16b5-4bfa-8a67-8c9379c45bbf,LLX-COL-0068,c537c281-b6ad-4842-94ec-e937be0083e5,c18b03d8-00b7-4cb2-ae42-cd418f4f57a6,Komatsu FD25 068,vehicle,forklift,Forklift_2.5T,Komatsu,FD25,2021,COL-FL-068,KMT-FD25-467543,active,moderate,55.50,2021-05-11,2024-05-11,700dde62-01ef-4dc7-bd5e-821eeb1986c3,4995.00,2026-03-23,2026-09-28,Komatsu FD25 (Forklift 2.5T) operating out of LankaLogix - Colombo on internal material handling duty.,"{""cargo_type"": ""palletized_fmcg"", ""route_type"": ""warehouse_internal"", ""operating_shift"": ""day"", ""warehouse_short"": ""COL"", ""source_vehicle_id"": ""SLW0122""}",66b4f764-8e90-4915-9c0a-f21f27ae4f4d,2021-05-11 09:00:00+00,2026-08-10 19:03:05.467947+00,internal_material_handling,Komatsu FD25,LPG,Automatic,OEM_dealer,2318.20,medium,6,16,0,B-008
e95c9753-aab0-4d3e-a39a-a87a4680f38d,LLX-COL-0069,c537c281-b6ad-4842-94ec-e937be0083e5,c18b03d8-00b7-4cb2-ae42-cd418f4f57a6,Toyota 8FD25 069,vehicle,forklift,Forklift_2.5T,Toyota,8FD25,2018,COL-FL-069,TYT-8FD25-276669,active,poor,77.19,2018-04-16,2021-04-16,,4610.00,2026-04-22,2026-09-23,Toyota 8FD25 (Forklift 2.5T) operating out of LankaLogix - Colombo on internal material handling duty.,"{""cargo_type"": ""mixed_warehouse"", ""route_type"": ""warehouse_internal"", ""operating_shift"": ""day_night"", ""warehouse_short"": ""COL"", ""source_vehicle_id"": ""SLW0046""}",294b7244-8922-4faa-8a66-ecf7f2d31ede,2018-04-16 09:00:00+00,2026-08-10 19:03:05.467947+00,internal_material_handling,Toyota 8FD25,Diesel,Automatic,authorized_workshop,2496.30,high,8,33,0,B-009
41320fed-e734-44e9-9e02-22f9a47a91bb,LLX-COL-0070,c537c281-b6ad-4842-94ec-e937be0083e5,c18b03d8-00b7-4cb2-ae42-cd418f4f57a6,Komatsu FD25 070,vehicle,forklift,Forklift_2.5T,Komatsu,FD25,2018,COL-FL-070,KMT-FD25-730790,active,good,95.39,2018-04-15,2021-04-15,b5e9f1ed-2062-4d19-b2b1-2c2f5f9d9d1d,4774.00,2026-06-08,2026-08-23,Komatsu FD25 (Forklift 2.5T) operating out of LankaLogix - Colombo on internal material handling duty.,"{""cargo_type"": ""palletized_fmcg"", ""route_type"": ""dock_transfer"", ""operating_shift"": ""day_night"", ""warehouse_short"": ""COL"", ""source_vehicle_id"": ""SLW0335""}",294b7244-8922-4faa-8a66-ecf7f2d31ede,2018-04-15 09:00:00+00,2026-08-10 19:03:05.467947+00,internal_material_handling,Komatsu FD25,Diesel,Automatic,OEM_dealer,2494.20,critical,8,37,1,B-010
53b67524-64be-4384-a1d6-d25d603520fa,LLX-COL-0071,c537c281-b6ad-4842-94ec-e937be0083e5,c18b03d8-00b7-4cb2-ae42-cd418f4f57a6,Komatsu FD25 071,vehicle,forklift,Forklift_2.5T,Komatsu,FD25,2020,COL-FL-071,KMT-FD25-931904,active,moderate,91.37,2020-06-04,2023-06-04,2de8e8a2-03a6-4d8e-93d9-4b8309004f45,4313.00,2026-03-28,2026-09-02,Komatsu FD25 (Forklift 2.5T) operating out of LankaLogix - Colombo on internal material handling duty.,"{""cargo_type"": ""mixed_warehouse"", ""route_type"": ""warehouse_internal"", ""operating_shift"": ""day_night"", ""warehouse_short"": ""COL"", ""source_vehicle_id"": ""SLW0121""}",23b91a79-185d-41b8-aed8-22bf2cb9f4af,2020-06-04 09:00:00+00,2026-08-10 19:03:05.467947+00,internal_material_handling,Komatsu FD25,LPG,Automatic,OEM_dealer,2259.90,critical,6,21,0,B-011
e88c0d95-8702-4feb-9595-d896d4ef6e9e,LLX-COL-0072,c537c281-b6ad-4842-94ec-e937be0083e5,c18b03d8-00b7-4cb2-ae42-cd418f4f57a6,Toyota 8FD25 072,vehicle,forklift,Forklift_2.5T,Toyota,8FD25,2017,COL-FL-072,TYT-8FD25-734459,active,poor,93.65,2017-07-27,2020-07-27,,4374.00,2026-05-08,2027-01-21,Toyota 8FD25 (Forklift 2.5T) operating out of LankaLogix - Colombo on internal material handling duty.,"{""cargo_type"": ""industrial_parts"", ""route_type"": ""dock_transfer"", ""operating_shift"": ""day"", ""warehouse_short"": ""COL"", ""source_vehicle_id"": ""SLW0422""}",aedad933-6f7e-4d2e-b6df-191c9e459887,2017-07-27 09:00:00+00,2026-08-10 19:03:05.467947+00,internal_material_handling,Toyota 8FD25,LPG,Automatic,independent_garage,2544.00,critical,9,25,1,B-012
8cd99571-dcd4-454f-96d5-80f9b1e33dc8,LLX-COL-0073,c537c281-b6ad-4842-94ec-e937be0083e5,c18b03d8-00b7-4cb2-ae42-cd418f4f57a6,Komatsu FD25 073,vehicle,forklift,Forklift_2.5T,Komatsu,FD25,2021,COL-FL-073,KMT-FD25-915305,active,good,75.78,2021-10-14,2024-10-14,e03cf70b-8427-4f1c-b5ab-29a941a4386f,3837.00,2026-05-08,2026-12-12,Komatsu FD25 (Forklift 2.5T) operating out of LankaLogix - Colombo on internal material handling duty.,"{""cargo_type"": ""mixed_warehouse"", ""route_type"": ""dock_transfer"", ""operating_shift"": ""day"", ""warehouse_short"": ""COL"", ""source_vehicle_id"": ""SLW0006""}",5dba83b3-52f3-44e6-84c0-7cb40b7e1cf7,2021-10-14 09:00:00+00,2026-08-10 19:03:05.467947+00,internal_material_handling,Komatsu FD25,LPG,Automatic,OEM_dealer,2620.30,high,6,19,0,B-013
e854b8fd-76ef-4b99-96d5-68e4d0e04f10,LLX-COL-0074,c537c281-b6ad-4842-94ec-e937be0083e5,c18b03d8-00b7-4cb2-ae42-cd418f4f57a6,Komatsu FD25 074,vehicle,forklift,Forklift_2.5T,Komatsu,FD25,2018,COL-FL-074,KMT-FD25-120458,active,moderate,46.04,2018-10-16,2021-10-16,765075e1-0e2f-47b5-9221-3011f36cb6f8,5043.00,2026-04-01,2026-08-25,Komatsu FD25 (Forklift 2.5T) operating out of LankaLogix - Colombo on internal material handling duty.,"{""cargo_type"": ""mixed_warehouse"", ""route_type"": ""dock_transfer"", ""operating_shift"": ""day_night"", ""warehouse_short"": ""COL"", ""source_vehicle_id"": ""SLW0857""}",23b91a79-185d-41b8-aed8-22bf2cb9f4af,2018-10-16 09:00:00+00,2026-08-10 19:03:05.467947+00,internal_material_handling,Komatsu FD25,LPG,Automatic,authorized_workshop,2345.50,medium,9,36,0,B-014
44701a9d-c363-4a61-bee1-382dcdf3c564,LLX-COL-0075,c537c281-b6ad-4842-94ec-e937be0083e5,c18b03d8-00b7-4cb2-ae42-cd418f4f57a6,Heli CPCD25 075,vehicle,forklift,Forklift_2.5T,Heli,CPCD25,2020,COL-FL-075,HLI-CPCD25-830387,under_maintenance,critical,91.43,2020-11-06,2023-11-06,,5000.00,2026-05-11,2026-08-18,Heli CPCD25 (Forklift 2.5T) operating out of LankaLogix - Colombo on internal material handling duty.,"{""cargo_type"": ""industrial_parts"", ""route_type"": ""dock_transfer"", ""operating_shift"": ""day_night"", ""warehouse_short"": ""COL"", ""source_vehicle_id"": ""SLW1270""}",e3203996-7192-4f35-b4d9-8d19dd61882f,2020-11-06 09:00:00+00,2026-08-10 19:03:05.467947+00,internal_material_handling,Heli CPCD25,Diesel,Automatic,independent_garage,2526.80,critical,6,34,2,B-015
286345f2-1279-4792-a5c6-2424ef22dc20,LLX-COL-0076,c537c281-b6ad-4842-94ec-e937be0083e5,c18b03d8-00b7-4cb2-ae42-cd418f4f57a6,Komatsu FD25 076,vehicle,forklift,Forklift_2.5T,Komatsu,FD25,2017,COL-FL-076,KMT-FD25-732751,active,good,75.66,2017-02-24,2020-02-24,da2a67ac-05d9-4061-97d1-f011a05f6fe5,5228.00,2026-08-08,2026-08-14,Komatsu FD25 (Forklift 2.5T) operating out of LankaLogix - Colombo on internal material handling duty.,"{""cargo_type"": ""industrial_parts"", ""route_type"": ""warehouse_internal"", ""operating_shift"": ""day_night"", ""warehouse_short"": ""COL"", ""source_vehicle_id"": ""SLW0395""}",2b0b58b5-c777-4903-8b21-ef25ce17a71a,2017-02-24 09:00:00+00,2026-08-10 19:03:05.467947+00,internal_material_handling,Komatsu FD25,Diesel,Automatic,independent_garage,2477.30,high,10,38,1,B-016
3c9b7d58-9e24-4039-b71a-d3b00ee81822,LLX-COL-0077,c537c281-b6ad-4842-94ec-e937be0083e5,c18b03d8-00b7-4cb2-ae42-cd418f4f57a6,Toyota 8FD25 077,vehicle,forklift,Forklift_2.5T,Toyota,8FD25,2017,COL-FL-077,TYT-8FD25-747161,inactive,good,54.63,2017-08-28,2020-08-28,,4305.00,2026-06-07,2026-10-04,Toyota 8FD25 (Forklift 2.5T) operating out of LankaLogix - Colombo on internal material handling duty.,"{""cargo_type"": ""palletized_fmcg"", ""route_type"": ""warehouse_internal"", ""operating_shift"": ""day_night"", ""warehouse_short"": ""COL"", ""source_vehicle_id"": ""SLW0914""}",e3203996-7192-4f35-b4d9-8d19dd61882f,2017-08-28 09:00:00+00,2026-08-10 19:03:05.467947+00,internal_material_handling,Toyota 8FD25,Diesel,Automatic,authorized_workshop,2532.50,medium,9,36,0,B-017
82046c3e-627b-47d5-80c5-5215c4afee8e,LLX-COL-0078,c537c281-b6ad-4842-94ec-e937be0083e5,c18b03d8-00b7-4cb2-ae42-cd418f4f57a6,Heli CPCD25 078,vehicle,forklift,Forklift_2.5T,Heli,CPCD25,2018,COL-FL-078,HLI-CPCD25-736610,active,moderate,82.66,2018-06-05,2021-06-05,46ec9b5b-1e5e-4dd3-864d-3d7fcc5c0e57,5445.00,2026-05-08,2026-10-26,Heli CPCD25 (Forklift 2.5T) operating out of LankaLogix - Colombo on internal material handling duty.,"{""cargo_type"": ""industrial_parts"", ""route_type"": ""dock_transfer"", ""operating_shift"": ""day"", ""warehouse_short"": ""COL"", ""source_vehicle_id"": ""SLW0520""}",5dba83b3-52f3-44e6-84c0-7cb40b7e1cf7,2018-06-05 09:00:00+00,2026-08-10 19:03:05.467947+00,internal_material_handling,Heli CPCD25,Diesel,Automatic,authorized_workshop,2450.40,critical,8,31,0,B-018
73541e20-2c6f-4cde-9adf-4cc19475a57d,LLX-COL-0079,c537c281-b6ad-4842-94ec-e937be0083e5,c18b03d8-00b7-4cb2-ae42-cd418f4f57a6,Heli CPCD25 079,vehicle,forklift,Forklift_2.5T,Heli,CPCD25,2020,COL-FL-079,HLI-CPCD25-892910,active,good,44.75,2020-03-26,2023-03-26,be95ca2d-29f2-4fe2-bd65-ccf5e702b949,4302.00,2026-07-15,2026-10-28,Heli CPCD25 (Forklift 2.5T) operating out of LankaLogix - Colombo on internal material handling duty.,"{""cargo_type"": ""mixed_warehouse"", ""route_type"": ""dock_transfer"", ""operating_shift"": ""day_night"", ""warehouse_short"": ""COL"", ""source_vehicle_id"": ""SLW1205""}",8ab44335-30b9-42d8-a1c3-82e009ea7876,2020-03-26 09:00:00+00,2026-08-10 19:03:05.467947+00,internal_material_handling,Heli CPCD25,Diesel,Automatic,authorized_workshop,2416.90,medium,6,35,3,B-019
fd8f8da6-2b70-4c63-ad0e-cf098e6b3e8d,LLX-COL-0080,c537c281-b6ad-4842-94ec-e937be0083e5,c18b03d8-00b7-4cb2-ae42-cd418f4f57a6,Toyota 8FD25 080,vehicle,forklift,Forklift_2.5T,Toyota,8FD25,2014,COL-FL-080,TYT-8FD25-150165,active,poor,88.47,2014-03-08,2017-03-08,4249c88c-d0ac-433f-b414-903379d7b070,5028.00,2026-06-20,2026-08-19,Toyota 8FD25 (Forklift 2.5T) operating out of LankaLogix - Colombo on internal material handling duty.,"{""cargo_type"": ""mixed_warehouse"", ""route_type"": ""warehouse_internal"", ""operating_shift"": ""day"", ""warehouse_short"": ""COL"", ""source_vehicle_id"": ""SLW0936""}",66b4f764-8e90-4915-9c0a-f21f27ae4f4d,2014-03-08 09:00:00+00,2026-08-10 19:03:05.467947+00,internal_material_handling,Toyota 8FD25,Diesel,Automatic,authorized_workshop,2680.80,critical,13,46,3,B-020
c4c3c842-892b-4303-8f9b-bdd7a34a7a32,LLX-COL-0081,c537c281-b6ad-4842-94ec-e937be0083e5,c18b03d8-00b7-4cb2-ae42-cd418f4f57a6,Heli CPCD25 081,vehicle,forklift,Forklift_2.5T,Heli,CPCD25,2020,COL-FL-081,HLI-CPCD25-750274,active,excellent,91.20,2020-09-21,2023-09-21,898080df-a0bf-47ff-b65d-d841ccd88b80,4778.00,2026-07-28,2027-02-05,Heli CPCD25 (Forklift 2.5T) operating out of LankaLogix - Colombo on internal material handling duty.,"{""cargo_type"": ""industrial_parts"", ""route_type"": ""dock_transfer"", ""operating_shift"": ""day"", ""warehouse_short"": ""COL"", ""source_vehicle_id"": ""SLW1036""}",8ffcd728-c372-4540-9a04-7fa0c88e9347,2020-09-21 09:00:00+00,2026-08-10 19:03:05.467947+00,internal_material_handling,Heli CPCD25,Diesel,Automatic,authorized_workshop,2602.70,critical,7,26,0,B-021
23c78f20-d69c-4820-b98d-0d6c4bf9449a,LLX-COL-0082,c537c281-b6ad-4842-94ec-e937be0083e5,c18b03d8-00b7-4cb2-ae42-cd418f4f57a6,Komatsu FD25 082,vehicle,forklift,Forklift_2.5T,Komatsu,FD25,2021,COL-FL-082,KMT-FD25-572221,active,moderate,63.72,2021-09-13,2024-09-13,85ec9a19-bc02-4676-a16b-0a33f9ecc547,4437.00,2026-04-29,2026-09-04,Komatsu FD25 (Forklift 2.5T) operating out of LankaLogix - Colombo on internal material handling duty.,"{""cargo_type"": ""mixed_warehouse"", ""route_type"": ""dock_transfer"", ""operating_shift"": ""day"", ""warehouse_short"": ""COL"", ""source_vehicle_id"": ""SLW0537""}",66b4f764-8e90-4915-9c0a-f21f27ae4f4d,2021-09-13 09:00:00+00,2026-08-10 19:03:05.467947+00,internal_material_handling,Komatsu FD25,LPG,Automatic,authorized_workshop,2537.30,high,6,20,0,B-022
244adecd-72e6-4e31-bedf-1bbbd90d47a0,LLX-COL-0083,c537c281-b6ad-4842-94ec-e937be0083e5,c18b03d8-00b7-4cb2-ae42-cd418f4f57a6,Heli CPCD25 083,vehicle,forklift,Forklift_2.5T,Heli,CPCD25,2021,COL-FL-083,HLI-CPCD25-226127,active,moderate,63.48,2021-10-18,2024-10-18,1bf61d3f-94c5-4a00-a27d-f70c6a229bf8,3591.00,2026-03-31,2026-09-20,Heli CPCD25 (Forklift 2.5T) operating out of LankaLogix - Colombo on internal material handling duty.,"{""cargo_type"": ""industrial_parts"", ""route_type"": ""warehouse_internal"", ""operating_shift"": ""day"", ""warehouse_short"": ""COL"", ""source_vehicle_id"": ""SLW0391""}",fc975356-d5cc-4bdc-ab35-2dc5c648c8f2,2021-10-18 09:00:00+00,2026-08-10 19:03:05.467947+00,internal_material_handling,Heli CPCD25,LPG,Automatic,OEM_dealer,2431.10,high,6,23,0,B-023
564d1eac-a692-4c23-b269-69cfc04b5b9e,LLX-COL-0084,c537c281-b6ad-4842-94ec-e937be0083e5,c18b03d8-00b7-4cb2-ae42-cd418f4f57a6,Heli CPCD25 084,vehicle,forklift,Forklift_2.5T,Heli,CPCD25,2020,COL-FL-084,HLI-CPCD25-715581,active,moderate,93.29,2020-11-16,2023-11-16,c53535f1-d350-4454-8e8c-a58e4b94e5e3,4312.00,2026-07-08,2026-10-20,Heli CPCD25 (Forklift 2.5T) operating out of LankaLogix - Colombo on internal material handling duty.,"{""cargo_type"": ""palletized_fmcg"", ""route_type"": ""warehouse_internal"", ""operating_shift"": ""day"", ""warehouse_short"": ""COL"", ""source_vehicle_id"": ""SLW1350""}",8ab44335-30b9-42d8-a1c3-82e009ea7876,2020-11-16 09:00:00+00,2026-08-10 19:03:05.467947+00,internal_material_handling,Heli CPCD25,LPG,Automatic,independent_garage,2438.10,critical,6,27,0,B-024
9e5916de-2363-4569-a851-619f284d5ae9,LLX-COL-0085,c537c281-b6ad-4842-94ec-e937be0083e5,c18b03d8-00b7-4cb2-ae42-cd418f4f57a6,Heli CPCD25 085,vehicle,forklift,Forklift_2.5T,Heli,CPCD25,2016,COL-FL-085,HLI-CPCD25-547016,active,good,89.73,2016-03-27,2019-03-27,e00b3cbd-1bfa-4cbb-82d2-e65668d545ac,5276.00,2026-07-27,2026-10-31,Heli CPCD25 (Forklift 2.5T) operating out of LankaLogix - Colombo on internal material handling duty.,"{""cargo_type"": ""industrial_parts"", ""route_type"": ""warehouse_internal"", ""operating_shift"": ""day"", ""warehouse_short"": ""COL"", ""source_vehicle_id"": ""SLW0933""}",dff1d306-f643-4c9e-abb3-5409e072abc4,2016-03-27 09:00:00+00,2026-08-10 19:03:05.467947+00,internal_material_handling,Heli CPCD25,Diesel,Automatic,independent_garage,2197.20,critical,10,35,1,B-025
88170ab4-46cd-4d93-ad4b-1d69ac15614b,LLX-COL-0086,c537c281-b6ad-4842-94ec-e937be0083e5,c18b03d8-00b7-4cb2-ae42-cd418f4f57a6,Heli CPCD25 086,vehicle,forklift,Forklift_2.5T,Heli,CPCD25,2020,COL-FL-086,HLI-CPCD25-329483,active,moderate,53.37,2020-03-07,2023-03-07,e57393bd-5c70-49b5-a53f-2b0727dc5d4b,4900.00,2026-07-22,2026-10-17,Heli CPCD25 (Forklift 2.5T) operating out of LankaLogix - Colombo on internal material handling duty.,"{""cargo_type"": ""mixed_warehouse"", ""route_type"": ""dock_transfer"", ""operating_shift"": ""three_shift"", ""warehouse_short"": ""COL"", ""source_vehicle_id"": ""SLW1327""}",294b7244-8922-4faa-8a66-ecf7f2d31ede,2020-03-07 09:00:00+00,2026-08-10 19:03:05.467947+00,internal_material_handling,Heli CPCD25,Diesel,Automatic,authorized_workshop,2710.10,medium,6,39,4,B-026
558d7040-c1b9-48fa-bd59-763aee2b8ec5,LLX-COL-0087,c537c281-b6ad-4842-94ec-e937be0083e5,c18b03d8-00b7-4cb2-ae42-cd418f4f57a6,Toyota 8FD25 087,vehicle,forklift,Forklift_2.5T,Toyota,8FD25,2018,COL-FL-087,TYT-8FD25-933829,active,poor,45.26,2018-03-23,2021-03-23,e63fb45e-1362-4e02-b414-1e0a67301dbf,5064.00,2026-03-04,2026-08-26,Toyota 8FD25 (Forklift 2.5T) operating out of LankaLogix - Colombo on internal material handling duty.,"{""cargo_type"": ""mixed_warehouse"", ""route_type"": ""dock_transfer"", ""operating_shift"": ""day_night"", ""warehouse_short"": ""COL"", ""source_vehicle_id"": ""SLW1083""}",2b0b58b5-c777-4903-8b21-ef25ce17a71a,2018-03-23 09:00:00+00,2026-08-10 19:03:05.467947+00,internal_material_handling,Toyota 8FD25,LPG,Automatic,OEM_dealer,2615.50,medium,9,32,1,B-027
a0c8aa01-fd48-4c62-b354-3816a5558a35,LLX-COL-0088,c537c281-b6ad-4842-94ec-e937be0083e5,c18b03d8-00b7-4cb2-ae42-cd418f4f57a6,Toyota 8FD25 088,vehicle,forklift,Forklift_2.5T,Toyota,8FD25,2020,COL-FL-088,TYT-8FD25-523977,active,moderate,85.63,2020-12-03,2023-12-03,,4801.00,2026-08-02,2026-12-04,Toyota 8FD25 (Forklift 2.5T) operating out of LankaLogix - Colombo on internal material handling duty.,"{""cargo_type"": ""industrial_parts"", ""route_type"": ""warehouse_internal"", ""operating_shift"": ""three_shift"", ""warehouse_short"": ""COL"", ""source_vehicle_id"": ""SLW0981""}",294b7244-8922-4faa-8a66-ecf7f2d31ede,2020-12-03 09:00:00+00,2026-08-10 19:03:05.467947+00,internal_material_handling,Toyota 8FD25,LPG,Automatic,authorized_workshop,2479.30,critical,6,28,0,B-028
9d220aaa-f4be-4254-a564-113e1e08d069,LLX-COL-0089,c537c281-b6ad-4842-94ec-e937be0083e5,c18b03d8-00b7-4cb2-ae42-cd418f4f57a6,Heli CPCD30 089,vehicle,forklift,Forklift_3.0T,Heli,CPCD30,2018,COL-FL-089,HLI-CPCD30-488944,active,good,66.97,2018-02-15,2021-02-15,8b4414e3-c4d5-45c5-9cc4-92fac5e71a84,5669.00,2026-07-26,2026-10-29,Heli CPCD30 (Forklift 3.0T) operating out of LankaLogix - Colombo on dock loading duty.,"{""cargo_type"": ""containerized_goods"", ""route_type"": ""dock_transfer"", ""operating_shift"": ""day"", ""warehouse_short"": ""COL"", ""source_vehicle_id"": ""SLW1097""}",5dba83b3-52f3-44e6-84c0-7cb40b7e1cf7,2018-02-15 09:00:00+00,2026-08-10 19:03:05.467947+00,dock_loading,Heli CPCD30,Diesel,Automatic,OEM_dealer,2824.00,high,9,34,1,B-029
4207e5db-3fe8-49b6-a3c1-772f6fbaae1a,LLX-COL-0090,c537c281-b6ad-4842-94ec-e937be0083e5,c18b03d8-00b7-4cb2-ae42-cd418f4f57a6,Komatsu FD30 090,vehicle,forklift,Forklift_3.0T,Komatsu,FD30,2017,COL-FL-090,KMT-FD30-596755,active,moderate,86.05,2017-08-08,2020-08-08,,5070.00,2026-07-07,2026-10-05,Komatsu FD30 (Forklift 3.0T) operating out of LankaLogix - Colombo on dock loading duty.,"{""cargo_type"": ""containerized_goods"", ""route_type"": ""dock_transfer"", ""operating_shift"": ""day"", ""warehouse_short"": ""COL"", ""source_vehicle_id"": ""SLW0650""}",294b7244-8922-4faa-8a66-ecf7f2d31ede,2017-08-08 09:00:00+00,2026-08-10 19:03:05.467947+00,dock_loading,Komatsu FD30,LPG,Automatic,authorized_workshop,3188.60,critical,9,39,1,B-030
e747472c-d57d-4b10-838c-394a5511a567,LLX-COL-0091,c537c281-b6ad-4842-94ec-e937be0083e5,c18b03d8-00b7-4cb2-ae42-cd418f4f57a6,Komatsu FD30 091,vehicle,forklift,Forklift_3.0T,Komatsu,FD30,2019,COL-FL-091,KMT-FD30-399697,active,moderate,65.44,2019-04-15,2022-04-15,d70dbd23-4fd8-4986-b77e-4442b032f91e,5299.00,2026-07-08,2026-09-25,Komatsu FD30 (Forklift 3.0T) operating out of LankaLogix - Colombo on dock loading duty.,"{""cargo_type"": ""containerized_goods"", ""route_type"": ""dock_transfer"", ""operating_shift"": ""day"", ""warehouse_short"": ""COL"", ""source_vehicle_id"": ""SLW0343""}",aedad933-6f7e-4d2e-b6df-191c9e459887,2019-04-15 09:00:00+00,2026-08-10 19:03:05.467947+00,dock_loading,Komatsu FD30,LPG,Automatic,OEM_dealer,2946.40,high,8,27,0,B-031
53665e7e-dbdf-4c7c-bcf4-c618f1271001,LLX-COL-0092,c537c281-b6ad-4842-94ec-e937be0083e5,c18b03d8-00b7-4cb2-ae42-cd418f4f57a6,Komatsu FD30 092,vehicle,forklift,Forklift_3.0T,Komatsu,FD30,2020,COL-FL-092,KMT-FD30-578591,active,good,49.78,2020-09-28,2023-09-28,5a9f30d2-5c34-4a3b-a906-90cc10353d3e,4980.00,2026-07-03,2026-09-12,Komatsu FD30 (Forklift 3.0T) operating out of LankaLogix - Colombo on dock loading duty.,"{""cargo_type"": ""containerized_goods"", ""route_type"": ""port_shuttle"", ""operating_shift"": ""day_night"", ""warehouse_short"": ""COL"", ""source_vehicle_id"": ""SLW0062""}",8ffcd728-c372-4540-9a04-7fa0c88e9347,2020-09-28 09:00:00+00,2026-08-10 19:03:05.467947+00,dock_loading,Komatsu FD30,Diesel,Automatic,independent_garage,2896.90,medium,6,27,0,B-032
350efbc4-02a5-4f34-8b22-63b3943a655c,LLX-COL-0093,c537c281-b6ad-4842-94ec-e937be0083e5,c18b03d8-00b7-4cb2-ae42-cd418f4f57a6,Heli CPCD30 093,vehicle,forklift,Forklift_3.0T,Heli,CPCD30,2015,COL-FL-093,HLI-CPCD30-890991,active,good,83.12,2015-06-15,2018-06-15,d8054855-141d-41de-b91c-4fd89942c56e,5171.00,2026-07-24,2026-08-19,Heli CPCD30 (Forklift 3.0T) operating out of LankaLogix - Colombo on dock loading duty.,"{""cargo_type"": ""export_cargo"", ""route_type"": ""port_shuttle"", ""operating_shift"": ""day"", ""warehouse_short"": ""COL"", ""source_vehicle_id"": ""SLW0357""}",aedad933-6f7e-4d2e-b6df-191c9e459887,2015-06-15 09:00:00+00,2026-08-10 19:03:05.467947+00,dock_loading,Heli CPCD30,Diesel,Automatic,independent_garage,2889.40,critical,11,43,1,B-033
a73ef037-6182-4cfa-932d-90d892423522,LLX-COL-0094,c537c281-b6ad-4842-94ec-e937be0083e5,c18b03d8-00b7-4cb2-ae42-cd418f4f57a6,Heli CPCD30 094,vehicle,forklift,Forklift_3.0T,Heli,CPCD30,2019,COL-FL-094,HLI-CPCD30-631951,active,critical,53.25,2019-01-19,2022-01-19,8f16f0cc-0478-4195-8ddb-43b8f8e96be6,4434.00,2026-03-24,2026-08-13,Heli CPCD30 (Forklift 3.0T) operating out of LankaLogix - Colombo on dock loading duty.,"{""cargo_type"": ""export_cargo"", ""route_type"": ""port_shuttle"", ""operating_shift"": ""day"", ""warehouse_short"": ""COL"", ""source_vehicle_id"": ""SLW0429""}",5dba83b3-52f3-44e6-84c0-7cb40b7e1cf7,2019-01-19 09:00:00+00,2026-08-10 19:03:05.467947+00,dock_loading,Heli CPCD30,Diesel,Automatic,authorized_workshop,3119.10,medium,8,33,0,B-034
44b81125-adc8-4730-9f99-be521711dcfc,LLX-COL-0095,c537c281-b6ad-4842-94ec-e937be0083e5,c18b03d8-00b7-4cb2-ae42-cd418f4f57a6,Heli CPCD30 095,vehicle,forklift,Forklift_3.0T,Heli,CPCD30,2021,COL-FL-095,HLI-CPCD30-128877,active,good,86.10,2021-02-22,2024-02-22,ebb9527c-518e-4fe9-a686-6a365ae6f8c8,4873.00,2026-07-30,2026-08-26,Heli CPCD30 (Forklift 3.0T) operating out of LankaLogix - Colombo on dock loading duty.,"{""cargo_type"": ""containerized_goods"", ""route_type"": ""port_shuttle"", ""operating_shift"": ""day"", ""warehouse_short"": ""COL"", ""source_vehicle_id"": ""SLW0406""}",66b4f764-8e90-4915-9c0a-f21f27ae4f4d,2021-02-22 09:00:00+00,2026-08-10 19:03:05.467947+00,dock_loading,Heli CPCD30,Diesel,Automatic,authorized_workshop,3145.10,critical,6,26,0,B-035
9530afb5-393e-40a6-b2e0-32aaf0cc1766,LLX-COL-0096,c537c281-b6ad-4842-94ec-e937be0083e5,c18b03d8-00b7-4cb2-ae42-cd418f4f57a6,Toyota 8FD30 096,vehicle,forklift,Forklift_3.0T,Toyota,8FD30,2020,COL-FL-096,TYT-8FD30-557958,active,good,70.51,2020-01-19,2023-01-19,94c64335-4962-40b1-96fd-53632f8d49a3,6295.00,2026-06-06,2027-01-01,Toyota 8FD30 (Forklift 3.0T) operating out of LankaLogix - Colombo on dock loading duty.,"{""cargo_type"": ""containerized_goods"", ""route_type"": ""port_shuttle"", ""operating_shift"": ""day"", ""warehouse_short"": ""COL"", ""source_vehicle_id"": ""SLW1316""}",5dba83b3-52f3-44e6-84c0-7cb40b7e1cf7,2020-01-19 09:00:00+00,2026-08-10 19:03:05.467947+00,dock_loading,Toyota 8FD30,LPG,Automatic,authorized_workshop,2924.20,high,6,22,0,B-036
7dc66fd2-9967-42c0-b083-6b0d74107d9a,LLX-COL-0097,c537c281-b6ad-4842-94ec-e937be0083e5,c18b03d8-00b7-4cb2-ae42-cd418f4f57a6,Komatsu FD30 097,vehicle,forklift,Forklift_3.0T,Komatsu,FD30,2020,COL-FL-097,KMT-FD30-867316,inactive,moderate,46.48,2020-06-06,2023-06-06,,5277.00,2026-05-24,2026-11-28,Komatsu FD30 (Forklift 3.0T) operating out of LankaLogix - Colombo on dock loading duty.,"{""cargo_type"": ""containerized_goods"", ""route_type"": ""dock_transfer"", ""operating_shift"": ""day"", ""warehouse_short"": ""COL"", ""source_vehicle_id"": ""SLW0732""}",2b0b58b5-c777-4903-8b21-ef25ce17a71a,2020-06-06 09:00:00+00,2026-08-10 19:03:05.467947+00,dock_loading,Komatsu FD30,Diesel,Automatic,OEM_dealer,2966.90,medium,7,21,0,B-037
1695a0f1-68bc-44c9-9dcb-66de549900a5,LLX-COL-0098,c537c281-b6ad-4842-94ec-e937be0083e5,c18b03d8-00b7-4cb2-ae42-cd418f4f57a6,Komatsu FD30 098,vehicle,forklift,Forklift_3.0T,Komatsu,FD30,2020,COL-FL-098,KMT-FD30-912093,active,moderate,88.13,2020-11-16,2023-11-16,038749c2-de84-4c52-8f72-8637d74e9c08,6130.00,2026-06-05,2026-10-06,Komatsu FD30 (Forklift 3.0T) operating out of LankaLogix - Colombo on dock loading duty.,"{""cargo_type"": ""export_cargo"", ""route_type"": ""port_shuttle"", ""operating_shift"": ""day_night"", ""warehouse_short"": ""COL"", ""source_vehicle_id"": ""SLW1380""}",8ab44335-30b9-42d8-a1c3-82e009ea7876,2020-11-16 09:00:00+00,2026-08-10 19:03:05.467947+00,dock_loading,Komatsu FD30,LPG,Automatic,authorized_workshop,3006.90,critical,6,34,0,B-038
f922a2be-ab7f-4cbe-abe7-5b54bf03636a,LLX-COL-0099,c537c281-b6ad-4842-94ec-e937be0083e5,c18b03d8-00b7-4cb2-ae42-cd418f4f57a6,Komatsu FD30 099,vehicle,forklift,Forklift_3.0T,Komatsu,FD30,2015,COL-FL-099,KMT-FD30-857463,active,moderate,66.02,2015-12-27,2018-12-27,6b568122-8e5f-4230-93a9-c0335707eec2,3835.00,2026-07-06,2026-10-17,Komatsu FD30 (Forklift 3.0T) operating out of LankaLogix - Colombo on dock loading duty.,"{""cargo_type"": ""containerized_goods"", ""route_type"": ""dock_transfer"", ""operating_shift"": ""day_night"", ""warehouse_short"": ""COL"", ""source_vehicle_id"": ""SLW0948""}",5dba83b3-52f3-44e6-84c0-7cb40b7e1cf7,2015-12-27 09:00:00+00,2026-08-10 19:03:05.467947+00,dock_loading,Komatsu FD30,Diesel,Automatic,authorized_workshop,3062.10,high,12,50,2,B-039
301c9a8b-3e7c-42c1-bb26-78f173e94048,LLX-COL-0100,c537c281-b6ad-4842-94ec-e937be0083e5,c18b03d8-00b7-4cb2-ae42-cd418f4f57a6,Heli CPCD30 100,vehicle,forklift,Forklift_3.0T,Heli,CPCD30,2017,COL-FL-100,HLI-CPCD30-974669,active,moderate,66.77,2017-06-27,2020-06-27,36b63157-00e6-49e6-8f44-aff1e9402f5b,5045.00,2026-07-13,2026-10-13,Heli CPCD30 (Forklift 3.0T) operating out of LankaLogix - Colombo on dock loading duty.,"{""cargo_type"": ""containerized_goods"", ""route_type"": ""port_shuttle"", ""operating_shift"": ""three_shift"", ""warehouse_short"": ""COL"", ""source_vehicle_id"": ""SLW0013""}",8ffcd728-c372-4540-9a04-7fa0c88e9347,2017-06-27 09:00:00+00,2026-08-10 19:03:05.467947+00,dock_loading,Heli CPCD30,LPG,Automatic,authorized_workshop,3038.50,high,10,49,3,B-040
861755f2-f92a-4af7-893f-2c2679b16918,LLX-COL-0101,c537c281-b6ad-4842-94ec-e937be0083e5,c18b03d8-00b7-4cb2-ae42-cd418f4f57a6,Heli CPCD30 101,vehicle,forklift,Forklift_3.0T,Heli,CPCD30,2021,COL-FL-101,HLI-CPCD30-993312,active,moderate,91.50,2021-03-25,2024-03-25,93f0c347-46c9-419a-af5e-ce9e2648b755,5184.00,2026-08-09,2026-08-14,Heli CPCD30 (Forklift 3.0T) operating out of LankaLogix - Colombo on dock loading duty.,"{""cargo_type"": ""export_cargo"", ""route_type"": ""dock_transfer"", ""operating_shift"": ""day_night"", ""warehouse_short"": ""COL"", ""source_vehicle_id"": ""SLW1245""}",66b4f764-8e90-4915-9c0a-f21f27ae4f4d,2021-03-25 09:00:00+00,2026-08-10 19:03:05.467947+00,dock_loading,Heli CPCD30,LPG,Automatic,independent_garage,3011.20,critical,6,42,3,B-041
8b5d36dc-691e-4c7e-8f1b-e1907e60e0fc,LLX-COL-0102,c537c281-b6ad-4842-94ec-e937be0083e5,c18b03d8-00b7-4cb2-ae42-cd418f4f57a6,Komatsu FD30 102,vehicle,forklift,Forklift_3.0T,Komatsu,FD30,2020,COL-FL-102,KMT-FD30-613231,active,good,69.39,2020-04-22,2023-04-22,6b568122-8e5f-4230-93a9-c0335707eec2,5253.00,2026-07-01,2026-10-16,Komatsu FD30 (Forklift 3.0T) operating out of LankaLogix - Colombo on dock loading duty.,"{""cargo_type"": ""containerized_goods"", ""route_type"": ""dock_transfer"", ""operating_shift"": ""day_night"", ""warehouse_short"": ""COL"", ""source_vehicle_id"": ""SLW1021""}",2b0b58b5-c777-4903-8b21-ef25ce17a71a,2020-04-22 09:00:00+00,2026-08-10 19:03:05.467947+00,dock_loading,Komatsu FD30,Diesel,Automatic,OEM_dealer,2847.40,high,6,27,0,B-042
1d57e408-734a-470e-8cef-051db78f4402,LLX-COL-0103,c537c281-b6ad-4842-94ec-e937be0083e5,c18b03d8-00b7-4cb2-ae42-cd418f4f57a6,Toyota 8FD30 103,vehicle,forklift,Forklift_3.0T,Toyota,8FD30,2017,COL-FL-103,TYT-8FD30-601748,active,good,79.60,2017-09-25,2020-09-25,ee03c479-a979-4cc3-8f63-f1e2294536bf,5033.00,2026-08-09,2026-08-12,Toyota 8FD30 (Forklift 3.0T) operating out of LankaLogix - Colombo on dock loading duty.,"{""cargo_type"": ""containerized_goods"", ""route_type"": ""port_shuttle"", ""operating_shift"": ""day"", ""warehouse_short"": ""COL"", ""source_vehicle_id"": ""SLW1104""}",dff1d306-f643-4c9e-abb3-5409e072abc4,2017-09-25 09:00:00+00,2026-08-10 19:03:05.467947+00,dock_loading,Toyota 8FD30,Diesel,Automatic,authorized_workshop,3191.20,high,9,38,1,B-043
984bd1b4-8a0f-4477-9f27-44ed8ddc8177,LLX-COL-0104,c537c281-b6ad-4842-94ec-e937be0083e5,c18b03d8-00b7-4cb2-ae42-cd418f4f57a6,Heli CPCD30 104,vehicle,forklift,Forklift_3.0T,Heli,CPCD30,2017,COL-FL-104,HLI-CPCD30-496351,active,good,79.84,2017-03-13,2020-03-13,c9e26361-f745-464e-a7ab-f05b26f3a921,5554.00,2026-08-04,2026-09-02,Heli CPCD30 (Forklift 3.0T) operating out of LankaLogix - Colombo on dock loading duty.,"{""cargo_type"": ""export_cargo"", ""route_type"": ""dock_transfer"", ""operating_shift"": ""day_night"", ""warehouse_short"": ""COL"", ""source_vehicle_id"": ""SLW0748""}",aedad933-6f7e-4d2e-b6df-191c9e459887,2017-03-13 09:00:00+00,2026-08-10 19:03:05.467947+00,dock_loading,Heli CPCD30,Diesel,Automatic,authorized_workshop,2772.40,high,10,54,2,B-044
671dda15-25a3-42dc-912a-850292460dc1,LLX-COL-0105,c537c281-b6ad-4842-94ec-e937be0083e5,c18b03d8-00b7-4cb2-ae42-cd418f4f57a6,Heli CPCD30 105,vehicle,forklift,Forklift_3.0T,Heli,CPCD30,2019,COL-FL-105,HLI-CPCD30-955201,active,moderate,94.48,2019-10-25,2022-10-25,eba9aacb-62c6-4777-bee9-ea984880462e,6782.00,2026-07-03,2026-09-23,Heli CPCD30 (Forklift 3.0T) operating out of LankaLogix - Colombo on dock loading duty.,"{""cargo_type"": ""containerized_goods"", ""route_type"": ""dock_transfer"", ""operating_shift"": ""three_shift"", ""warehouse_short"": ""COL"", ""source_vehicle_id"": ""SLW0140""}",fc975356-d5cc-4bdc-ab35-2dc5c648c8f2,2019-10-25 09:00:00+00,2026-08-10 19:03:05.467947+00,dock_loading,Heli CPCD30,Diesel,Automatic,authorized_workshop,2873.00,critical,8,49,4,B-045
ab2a010b-8a4a-4c82-a014-59e85bac21a7,LLX-COL-0106,c537c281-b6ad-4842-94ec-e937be0083e5,c18b03d8-00b7-4cb2-ae42-cd418f4f57a6,Heli CPCD30 106,vehicle,forklift,Forklift_3.0T,Heli,CPCD30,2017,COL-FL-106,HLI-CPCD30-587382,active,moderate,77.10,2017-03-05,2020-03-05,,4987.00,2026-08-01,2026-09-19,Heli CPCD30 (Forklift 3.0T) operating out of LankaLogix - Colombo on dock loading duty.,"{""cargo_type"": ""export_cargo"", ""route_type"": ""dock_transfer"", ""operating_shift"": ""day"", ""warehouse_short"": ""COL"", ""source_vehicle_id"": ""SLW0946""}",8ffcd728-c372-4540-9a04-7fa0c88e9347,2017-03-05 09:00:00+00,2026-08-10 19:03:05.467947+00,dock_loading,Heli CPCD30,Diesel,Automatic,independent_garage,2895.40,high,9,38,1,B-046
b2fe526d-3ba5-478b-a5bb-d9966403c941,LLX-COL-0107,c537c281-b6ad-4842-94ec-e937be0083e5,c18b03d8-00b7-4cb2-ae42-cd418f4f57a6,Komatsu FD30 107,vehicle,forklift,Forklift_3.0T,Komatsu,FD30,2020,COL-FL-107,KMT-FD30-139254,active,moderate,45.39,2020-05-08,2023-05-08,012cb557-9817-4261-9ff7-f653f9baef78,5619.00,2026-07-21,2026-08-15,Komatsu FD30 (Forklift 3.0T) operating out of LankaLogix - Colombo on dock loading duty.,"{""cargo_type"": ""export_cargo"", ""route_type"": ""port_shuttle"", ""operating_shift"": ""day"", ""warehouse_short"": ""COL"", ""source_vehicle_id"": ""SLW0211""}",8ab44335-30b9-42d8-a1c3-82e009ea7876,2020-05-08 09:00:00+00,2026-08-10 19:03:05.467947+00,dock_loading,Komatsu FD30,Diesel,Automatic,authorized_workshop,2878.40,medium,6,21,0,B-047
f8181c70-e76e-482c-bda8-9ef8ae75efae,LLX-COL-0108,c537c281-b6ad-4842-94ec-e937be0083e5,c18b03d8-00b7-4cb2-ae42-cd418f4f57a6,Toyota 8FD30 108,vehicle,forklift,Forklift_3.0T,Toyota,8FD30,2020,COL-FL-108,TYT-8FD30-489712,active,moderate,91.51,2020-12-07,2023-12-07,2de8e8a2-03a6-4d8e-93d9-4b8309004f45,5387.00,2026-07-19,2026-11-27,Toyota 8FD30 (Forklift 3.0T) operating out of LankaLogix - Colombo on dock loading duty.,"{""cargo_type"": ""export_cargo"", ""route_type"": ""dock_transfer"", ""operating_shift"": ""day_night"", ""warehouse_short"": ""COL"", ""source_vehicle_id"": ""SLW0932""}",fc975356-d5cc-4bdc-ab35-2dc5c648c8f2,2020-12-07 09:00:00+00,2026-08-10 19:03:05.467947+00,dock_loading,Toyota 8FD30,LPG,Automatic,authorized_workshop,2964.10,critical,6,23,0,B-048
2322eab1-2615-413a-b5fa-fdbb268e7ad0,LLX-COL-0109,c537c281-b6ad-4842-94ec-e937be0083e5,c18b03d8-00b7-4cb2-ae42-cd418f4f57a6,Toyota 8FD30 109,vehicle,forklift,Forklift_3.0T,Toyota,8FD30,2015,COL-FL-109,TYT-8FD30-950361,active,moderate,88.15,2015-06-06,2018-06-06,,5413.00,2026-07-05,2026-08-19,Toyota 8FD30 (Forklift 3.0T) operating out of LankaLogix - Colombo on dock loading duty.,"{""cargo_type"": ""containerized_goods"", ""route_type"": ""dock_transfer"", ""operating_shift"": ""day"", ""warehouse_short"": ""COL"", ""source_vehicle_id"": ""SLW0701""}",dff1d306-f643-4c9e-abb3-5409e072abc4,2015-06-06 09:00:00+00,2026-08-10 19:03:05.467947+00,dock_loading,Toyota 8FD30,LPG,Automatic,OEM_dealer,3239.30,critical,12,44,1,B-049
260753c6-c455-4d0f-bc45-cb6e700f7372,LLX-COL-0110,c537c281-b6ad-4842-94ec-e937be0083e5,c18b03d8-00b7-4cb2-ae42-cd418f4f57a6,Heli CPCD30 110,vehicle,forklift,Forklift_3.0T,Heli,CPCD30,2015,COL-FL-110,HLI-CPCD30-373449,active,moderate,91.40,2015-09-28,2018-09-28,,5379.00,2026-06-30,2026-10-27,Heli CPCD30 (Forklift 3.0T) operating out of LankaLogix - Colombo on dock loading duty.,"{""cargo_type"": ""containerized_goods"", ""route_type"": ""dock_transfer"", ""operating_shift"": ""day_night"", ""warehouse_short"": ""COL"", ""source_vehicle_id"": ""SLW1227""}",8ffcd728-c372-4540-9a04-7fa0c88e9347,2015-09-28 09:00:00+00,2026-08-10 19:03:05.467947+00,dock_loading,Heli CPCD30,LPG,Automatic,authorized_workshop,2907.70,critical,12,56,2,B-050
dc4716fd-9087-43f7-acd7-f759b2ee3be7,LLX-COL-0111,c537c281-b6ad-4842-94ec-e937be0083e5,c18b03d8-00b7-4cb2-ae42-cd418f4f57a6,Heli CPCD30 111,vehicle,forklift,Forklift_3.0T,Heli,CPCD30,2021,COL-FL-111,HLI-CPCD30-270851,active,moderate,54.74,2021-04-23,2024-04-23,e9ef9185-6e18-49a7-aa79-718267db9313,6097.00,2026-06-24,2026-08-16,Heli CPCD30 (Forklift 3.0T) operating out of LankaLogix - Colombo on dock loading duty.,"{""cargo_type"": ""export_cargo"", ""route_type"": ""port_shuttle"", ""operating_shift"": ""day_night"", ""warehouse_short"": ""COL"", ""source_vehicle_id"": ""SLW0822""}",dff1d306-f643-4c9e-abb3-5409e072abc4,2021-04-23 09:00:00+00,2026-08-10 19:03:05.467947+00,dock_loading,Heli CPCD30,Diesel,Automatic,OEM_dealer,3024.50,medium,6,30,1,B-051
ea128ceb-377c-4031-83f9-91efed2a3b46,LLX-COL-0112,c537c281-b6ad-4842-94ec-e937be0083e5,c18b03d8-00b7-4cb2-ae42-cd418f4f57a6,Heli CPCD30 112,vehicle,forklift,Forklift_3.0T,Heli,CPCD30,2017,COL-FL-112,HLI-CPCD30-873724,active,poor,95.14,2017-03-03,2020-03-03,4e8044de-b468-445f-aeb7-861ed06941eb,5117.00,2026-06-08,2026-11-05,Heli CPCD30 (Forklift 3.0T) operating out of LankaLogix - Colombo on dock loading duty.,"{""cargo_type"": ""export_cargo"", ""route_type"": ""port_shuttle"", ""operating_shift"": ""day"", ""warehouse_short"": ""COL"", ""source_vehicle_id"": ""SLW0356""}",8ffcd728-c372-4540-9a04-7fa0c88e9347,2017-03-03 09:00:00+00,2026-08-10 19:03:05.467947+00,dock_loading,Heli CPCD30,Diesel,Automatic,OEM_dealer,2836.20,critical,9,36,0,B-052
2a55cd2f-c2a6-46ab-99f4-36624def68dd,LLX-COL-0113,c537c281-b6ad-4842-94ec-e937be0083e5,c18b03d8-00b7-4cb2-ae42-cd418f4f57a6,Komatsu FD30 113,vehicle,forklift,Forklift_3.0T,Komatsu,FD30,2021,COL-FL-113,KMT-FD30-913590,active,good,83.26,2021-08-17,2024-08-17,d6a58d19-0433-442d-8e4b-6dd407e4e844,5947.00,2026-07-12,2026-11-20,Komatsu FD30 (Forklift 3.0T) operating out of LankaLogix - Colombo on dock loading duty.,"{""cargo_type"": ""export_cargo"", ""route_type"": ""dock_transfer"", ""operating_shift"": ""day"", ""warehouse_short"": ""COL"", ""source_vehicle_id"": ""SLW0926""}",66b4f764-8e90-4915-9c0a-f21f27ae4f4d,2021-08-17 09:00:00+00,2026-08-10 19:03:05.467947+00,dock_loading,Komatsu FD30,Diesel,Automatic,OEM_dealer,2884.80,critical,6,16,0,B-053
f1b56121-64b9-4822-a5ba-80d791f0c625,LLX-COL-0114,c537c281-b6ad-4842-94ec-e937be0083e5,c18b03d8-00b7-4cb2-ae42-cd418f4f57a6,Heli CPCD30 114,vehicle,forklift,Forklift_3.0T,Heli,CPCD30,2021,COL-FL-114,HLI-CPCD30-176507,active,moderate,90.84,2021-03-05,2024-03-05,d3f403d0-2ef9-4993-9d49-1259a3d2e0ba,4274.00,2026-05-02,2026-10-04,Heli CPCD30 (Forklift 3.0T) operating out of LankaLogix - Colombo on dock loading duty.,"{""cargo_type"": ""containerized_goods"", ""route_type"": ""port_shuttle"", ""operating_shift"": ""day"", ""warehouse_short"": ""COL"", ""source_vehicle_id"": ""SLW0648""}",aedad933-6f7e-4d2e-b6df-191c9e459887,2021-03-05 09:00:00+00,2026-08-10 19:03:05.467947+00,dock_loading,Heli CPCD30,LPG,Automatic,authorized_workshop,2963.70,critical,6,27,0,B-054
6cc61cbf-ef5f-48f9-ab25-d58b3977c08d,LLX-COL-0115,c537c281-b6ad-4842-94ec-e937be0083e5,c18b03d8-00b7-4cb2-ae42-cd418f4f57a6,Toyota 8FD30 115,vehicle,forklift,Forklift_3.0T,Toyota,8FD30,2020,COL-FL-115,TYT-8FD30-527689,active,moderate,39.26,2020-04-13,2023-04-13,785218fb-cfc1-466f-8524-05e00d4d22a9,4222.00,2026-05-05,2026-10-23,Toyota 8FD30 (Forklift 3.0T) operating out of LankaLogix - Colombo on dock loading duty.,"{""cargo_type"": ""export_cargo"", ""route_type"": ""port_shuttle"", ""operating_shift"": ""day_night"", ""warehouse_short"": ""COL"", ""source_vehicle_id"": ""SLW0859""}",5dba83b3-52f3-44e6-84c0-7cb40b7e1cf7,2020-04-13 09:00:00+00,2026-08-10 19:03:05.467947+00,dock_loading,Toyota 8FD30,Diesel,Automatic,independent_garage,3002.70,medium,6,20,0,B-055
8649c418-d267-452d-a2a5-c417333f2766,LLX-COL-0116,c537c281-b6ad-4842-94ec-e937be0083e5,c18b03d8-00b7-4cb2-ae42-cd418f4f57a6,Toyota 8FD30 116,vehicle,forklift,Forklift_3.0T,Toyota,8FD30,2017,COL-FL-116,TYT-8FD30-827798,active,poor,95.50,2017-02-08,2020-02-08,5e08f9f1-1943-48a3-a0a5-ba6fb8609095,4137.00,2026-03-27,2026-09-13,Toyota 8FD30 (Forklift 3.0T) operating out of LankaLogix - Colombo on dock loading duty.,"{""cargo_type"": ""export_cargo"", ""route_type"": ""dock_transfer"", ""operating_shift"": ""day_night"", ""warehouse_short"": ""COL"", ""source_vehicle_id"": ""SLW0341""}",23b91a79-185d-41b8-aed8-22bf2cb9f4af,2017-02-08 09:00:00+00,2026-08-10 19:03:05.467947+00,dock_loading,Toyota 8FD30,LPG,Automatic,OEM_dealer,2945.40,critical,9,35,1,B-056
43eba3ff-c8a3-43d7-9f60-bea922dd060d,LLX-COL-0117,c537c281-b6ad-4842-94ec-e937be0083e5,c18b03d8-00b7-4cb2-ae42-cd418f4f57a6,Toyota 8FD30 117,vehicle,forklift,Forklift_3.0T,Toyota,8FD30,2017,COL-FL-117,TYT-8FD30-301487,active,moderate,69.40,2017-09-06,2020-09-06,,5745.00,2026-08-01,2026-10-25,Toyota 8FD30 (Forklift 3.0T) operating out of LankaLogix - Colombo on dock loading duty.,"{""cargo_type"": ""containerized_goods"", ""route_type"": ""port_shuttle"", ""operating_shift"": ""day_night"", ""warehouse_short"": ""COL"", ""source_vehicle_id"": ""SLW0887""}",fc975356-d5cc-4bdc-ab35-2dc5c648c8f2,2017-09-06 09:00:00+00,2026-08-10 19:03:05.467947+00,dock_loading,Toyota 8FD30,LPG,Automatic,OEM_dealer,3100.50,high,9,29,1,B-057
47bbf5a9-0293-4e0d-91de-31ebb04956fa,LLX-COL-0118,c537c281-b6ad-4842-94ec-e937be0083e5,c18b03d8-00b7-4cb2-ae42-cd418f4f57a6,Toyota 8FD30 118,vehicle,forklift,Forklift_3.0T,Toyota,8FD30,2020,COL-FL-118,TYT-8FD30-872127,inactive,poor,86.30,2020-12-12,2023-12-12,,5197.00,2026-01-08,2026-08-27,Toyota 8FD30 (Forklift 3.0T) operating out of LankaLogix - Colombo on dock loading duty.,"{""cargo_type"": ""containerized_goods"", ""route_type"": ""port_shuttle"", ""operating_shift"": ""day"", ""warehouse_short"": ""COL"", ""source_vehicle_id"": ""SLW1280""}",dff1d306-f643-4c9e-abb3-5409e072abc4,2020-12-12 09:00:00+00,2026-08-10 19:03:05.467947+00,dock_loading,Toyota 8FD30,Diesel,Automatic,independent_garage,3114.70,critical,6,19,0,B-058
0569e3c3-cb53-4705-aadf-0f9564bb022f,LLX-COL-0119,c537c281-b6ad-4842-94ec-e937be0083e5,c18b03d8-00b7-4cb2-ae42-cd418f4f57a6,Komatsu FD30 119,vehicle,forklift,Forklift_3.0T,Komatsu,FD30,2021,COL-FL-119,KMT-FD30-592549,active,moderate,79.76,2021-01-16,2024-01-16,,4222.00,2026-07-20,2026-09-02,Komatsu FD30 (Forklift 3.0T) operating out of LankaLogix - Colombo on dock loading duty.,"{""cargo_type"": ""export_cargo"", ""route_type"": ""port_shuttle"", ""operating_shift"": ""day"", ""warehouse_short"": ""COL"", ""source_vehicle_id"": ""SLW0594""}",aedad933-6f7e-4d2e-b6df-191c9e459887,2021-01-16 09:00:00+00,2026-08-10 19:03:05.467947+00,dock_loading,Komatsu FD30,Diesel,Automatic,independent_garage,2940.00,high,6,21,0,B-059
a42f1b2c-2a6d-4d71-b287-4336dfcf6e96,LLX-COL-0120,c537c281-b6ad-4842-94ec-e937be0083e5,c18b03d8-00b7-4cb2-ae42-cd418f4f57a6,Heli CPCD30 120,vehicle,forklift,Forklift_3.0T,Heli,CPCD30,2018,COL-FL-120,HLI-CPCD30-129235,active,moderate,65.16,2018-07-02,2021-07-02,,6620.00,2026-05-31,2026-11-18,Heli CPCD30 (Forklift 3.0T) operating out of LankaLogix - Colombo on dock loading duty.,"{""cargo_type"": ""export_cargo"", ""route_type"": ""port_shuttle"", ""operating_shift"": ""day"", ""warehouse_short"": ""COL"", ""source_vehicle_id"": ""SLW0480""}",23b91a79-185d-41b8-aed8-22bf2cb9f4af,2018-07-02 09:00:00+00,2026-08-10 19:03:05.467947+00,dock_loading,Heli CPCD30,LPG,Automatic,OEM_dealer,3315.20,high,9,34,0,B-060
abf671ee-cdca-4720-9643-eaee4b8a4161,LLX-COL-0121,c537c281-b6ad-4842-94ec-e937be0083e5,c18b03d8-00b7-4cb2-ae42-cd418f4f57a6,Toyota 8FD30 121,vehicle,forklift,Forklift_3.0T,Toyota,8FD30,2016,COL-FL-121,TYT-8FD30-159507,active,moderate,90.91,2016-05-23,2019-05-23,d6a58d19-0433-442d-8e4b-6dd407e4e844,4632.00,2026-06-22,2026-08-24,Toyota 8FD30 (Forklift 3.0T) operating out of LankaLogix - Colombo on dock loading duty.,"{""cargo_type"": ""containerized_goods"", ""route_type"": ""port_shuttle"", ""operating_shift"": ""day_night"", ""warehouse_short"": ""COL"", ""source_vehicle_id"": ""SLW0489""}",e3203996-7192-4f35-b4d9-8d19dd61882f,2016-05-23 09:00:00+00,2026-08-10 19:03:05.467947+00,dock_loading,Toyota 8FD30,LPG,Automatic,authorized_workshop,3010.10,critical,10,44,2,C-001
c440116b-6664-4fd6-9610-cc1ed98531f6,LLX-COL-0122,c537c281-b6ad-4842-94ec-e937be0083e5,c18b03d8-00b7-4cb2-ae42-cd418f4f57a6,Heli CPCD30 122,vehicle,forklift,Forklift_3.0T,Heli,CPCD30,2014,COL-FL-122,HLI-CPCD30-345229,active,good,94.43,2014-08-16,2017-08-16,,5816.00,2026-06-03,2026-09-13,Heli CPCD30 (Forklift 3.0T) operating out of LankaLogix - Colombo on dock loading duty.,"{""cargo_type"": ""containerized_goods"", ""route_type"": ""port_shuttle"", ""operating_shift"": ""day_night"", ""warehouse_short"": ""COL"", ""source_vehicle_id"": ""SLW0525""}",23b91a79-185d-41b8-aed8-22bf2cb9f4af,2014-08-16 09:00:00+00,2026-08-10 19:03:05.467947+00,dock_loading,Heli CPCD30,LPG,Automatic,authorized_workshop,2967.00,critical,12,57,3,C-002
c442cc42-53bf-428a-8e1a-5b2d3cbfae5b,LLX-COL-0123,c537c281-b6ad-4842-94ec-e937be0083e5,c18b03d8-00b7-4cb2-ae42-cd418f4f57a6,Heli CPCD30 123,vehicle,forklift,Forklift_3.0T,Heli,CPCD30,2021,COL-FL-123,HLI-CPCD30-300347,active,poor,69.50,2021-03-02,2024-03-02,b46cf761-3db0-4767-b410-65aa1a2825fb,5366.00,2026-07-29,2026-09-18,Heli CPCD30 (Forklift 3.0T) operating out of LankaLogix - Colombo on dock loading duty.,"{""cargo_type"": ""export_cargo"", ""route_type"": ""dock_transfer"", ""operating_shift"": ""day_night"", ""warehouse_short"": ""COL"", ""source_vehicle_id"": ""SLW0639""}",dff1d306-f643-4c9e-abb3-5409e072abc4,2021-03-02 09:00:00+00,2026-08-10 19:03:05.467947+00,dock_loading,Heli CPCD30,Diesel,Automatic,OEM_dealer,3029.20,high,6,26,0,C-003
9ad040f4-5c3e-4773-a0f3-8e8660fbd630,LLX-COL-0124,c537c281-b6ad-4842-94ec-e937be0083e5,c18b03d8-00b7-4cb2-ae42-cd418f4f57a6,Komatsu FD30 124,vehicle,forklift,Forklift_3.0T,Komatsu,FD30,2019,COL-FL-124,KMT-FD30-776362,active,moderate,95.95,2019-02-13,2022-02-13,cd3fd2fa-00e7-4567-8457-01ddb880b719,4232.00,2026-05-21,2026-10-18,Komatsu FD30 (Forklift 3.0T) operating out of LankaLogix - Colombo on dock loading duty.,"{""cargo_type"": ""containerized_goods"", ""route_type"": ""port_shuttle"", ""operating_shift"": ""day_night"", ""warehouse_short"": ""COL"", ""source_vehicle_id"": ""SLW0385""}",e3203996-7192-4f35-b4d9-8d19dd61882f,2019-02-13 09:00:00+00,2026-08-10 19:03:05.467947+00,dock_loading,Komatsu FD30,Diesel,Automatic,OEM_dealer,2938.00,critical,7,29,0,C-004
e0a073b3-0bb0-4ef4-a30f-cf4114d12201,LLX-COL-0125,c537c281-b6ad-4842-94ec-e937be0083e5,c18b03d8-00b7-4cb2-ae42-cd418f4f57a6,Heli CPCD30 125,vehicle,forklift,Forklift_3.0T,Heli,CPCD30,2019,COL-FL-125,HLI-CPCD30-373446,active,good,39.60,2019-10-16,2022-10-16,65e1c26e-af5d-4b8c-94f7-12f2c561b570,5080.00,2026-07-19,2026-08-17,Heli CPCD30 (Forklift 3.0T) operating out of LankaLogix - Colombo on dock loading duty.,"{""cargo_type"": ""export_cargo"", ""route_type"": ""dock_transfer"", ""operating_shift"": ""day"", ""warehouse_short"": ""COL"", ""source_vehicle_id"": ""SLW0255""}",8ffcd728-c372-4540-9a04-7fa0c88e9347,2019-10-16 09:00:00+00,2026-08-10 19:03:05.467947+00,dock_loading,Heli CPCD30,LPG,Automatic,independent_garage,3187.50,medium,8,34,0,C-005
c1f593d7-93f1-47e7-91e2-0f62e682f9c1,LLX-COL-0126,c537c281-b6ad-4842-94ec-e937be0083e5,c18b03d8-00b7-4cb2-ae42-cd418f4f57a6,Heli CPCD30 126,vehicle,forklift,Forklift_3.0T,Heli,CPCD30,2015,COL-FL-126,HLI-CPCD30-176137,active,good,74.63,2015-02-06,2018-02-06,36b63157-00e6-49e6-8f44-aff1e9402f5b,5077.00,2026-07-26,2026-12-24,Heli CPCD30 (Forklift 3.0T) operating out of LankaLogix - Colombo on dock loading duty.,"{""cargo_type"": ""containerized_goods"", ""route_type"": ""port_shuttle"", ""operating_shift"": ""day"", ""warehouse_short"": ""COL"", ""source_vehicle_id"": ""SLW0526""}",e3203996-7192-4f35-b4d9-8d19dd61882f,2015-02-06 09:00:00+00,2026-08-10 19:03:05.467947+00,dock_loading,Heli CPCD30,Diesel,Automatic,authorized_workshop,2713.70,high,12,53,2,C-006
29031555-3faf-444b-ac36-0bcab320de6c,LLX-COL-0127,c537c281-b6ad-4842-94ec-e937be0083e5,c18b03d8-00b7-4cb2-ae42-cd418f4f57a6,Toyota 8FD30 127,vehicle,forklift,Forklift_3.0T,Toyota,8FD30,2018,COL-FL-127,TYT-8FD30-999580,active,good,71.93,2018-11-24,2021-11-24,56497cd1-0d97-423e-8009-ec18b6d28ef1,5730.00,2026-05-15,2026-11-10,Toyota 8FD30 (Forklift 3.0T) operating out of LankaLogix - Colombo on dock loading duty.,"{""cargo_type"": ""containerized_goods"", ""route_type"": ""dock_transfer"", ""operating_shift"": ""day"", ""warehouse_short"": ""COL"", ""source_vehicle_id"": ""SLW0617""}",8ffcd728-c372-4540-9a04-7fa0c88e9347,2018-11-24 09:00:00+00,2026-08-10 19:03:05.467947+00,dock_loading,Toyota 8FD30,Diesel,Automatic,independent_garage,3002.80,high,9,31,1,C-007
a617a52f-35c1-4931-8f2c-6a101486206d,LLX-COL-0128,c537c281-b6ad-4842-94ec-e937be0083e5,c18b03d8-00b7-4cb2-ae42-cd418f4f57a6,Komatsu FD30 128,vehicle,forklift,Forklift_3.0T,Komatsu,FD30,2016,COL-FL-128,KMT-FD30-615837,active,good,69.60,2016-09-11,2019-09-11,58d58f6f-c7d9-4037-9d48-18e1877be077,5568.00,2026-07-10,2027-02-02,Komatsu FD30 (Forklift 3.0T) operating out of LankaLogix - Colombo on dock loading duty.,"{""cargo_type"": ""containerized_goods"", ""route_type"": ""port_shuttle"", ""operating_shift"": ""day"", ""warehouse_short"": ""COL"", ""source_vehicle_id"": ""SLW1211""}",2b0b58b5-c777-4903-8b21-ef25ce17a71a,2016-09-11 09:00:00+00,2026-08-10 19:03:05.467947+00,dock_loading,Komatsu FD30,Diesel,Automatic,authorized_workshop,2872.10,high,11,40,1,C-008
a47a0489-f235-4b85-9337-d5f914a4d553,LLX-COL-0129,c537c281-b6ad-4842-94ec-e937be0083e5,c18b03d8-00b7-4cb2-ae42-cd418f4f57a6,Komatsu FD30 129,vehicle,forklift,Forklift_3.0T,Komatsu,FD30,2017,COL-FL-129,KMT-FD30-820501,active,good,91.23,2017-11-05,2020-11-05,,5036.00,2026-06-08,2026-09-25,Komatsu FD30 (Forklift 3.0T) operating out of LankaLogix - Colombo on dock loading duty.,"{""cargo_type"": ""export_cargo"", ""route_type"": ""port_shuttle"", ""operating_shift"": ""three_shift"", ""warehouse_short"": ""COL"", ""source_vehicle_id"": ""SLW0561""}",294b7244-8922-4faa-8a66-ecf7f2d31ede,2017-11-05 09:00:00+00,2026-08-10 19:03:05.467947+00,dock_loading,Komatsu FD30,LPG,Automatic,independent_garage,3163.90,critical,10,52,2,C-009
992972d5-8450-484b-9c66-abfa9122eb1a,LLX-COL-0130,c537c281-b6ad-4842-94ec-e937be0083e5,c18b03d8-00b7-4cb2-ae42-cd418f4f57a6,Komatsu FD30 130,vehicle,forklift,Forklift_3.0T,Komatsu,FD30,2021,COL-FL-130,KMT-FD30-260064,active,good,74.05,2021-12-27,2024-12-27,f0e51d89-d9ca-4b64-914c-a6d53a625ed0,4813.00,2026-05-31,2026-11-24,Komatsu FD30 (Forklift 3.0T) operating out of LankaLogix - Colombo on dock loading duty.,"{""cargo_type"": ""containerized_goods"", ""route_type"": ""dock_transfer"", ""operating_shift"": ""day"", ""warehouse_short"": ""COL"", ""source_vehicle_id"": ""SLW1360""}",8ab44335-30b9-42d8-a1c3-82e009ea7876,2021-12-27 09:00:00+00,2026-08-10 19:03:05.467947+00,dock_loading,Komatsu FD30,LPG,Automatic,authorized_workshop,3011.40,high,6,22,0,C-010
87e51480-0b9d-43fc-8481-a41d1779ae12,LLX-COL-0131,c537c281-b6ad-4842-94ec-e937be0083e5,c18b03d8-00b7-4cb2-ae42-cd418f4f57a6,Heli CPCD30 131,vehicle,forklift,Forklift_3.0T,Heli,CPCD30,2019,COL-FL-131,HLI-CPCD30-631159,active,moderate,90.93,2019-04-09,2022-04-09,5f77fc29-69bb-4b2b-8d0c-636c6f55884d,4942.00,2026-07-12,2026-09-07,Heli CPCD30 (Forklift 3.0T) operating out of LankaLogix - Colombo on dock loading duty.,"{""cargo_type"": ""containerized_goods"", ""route_type"": ""port_shuttle"", ""operating_shift"": ""day"", ""warehouse_short"": ""COL"", ""source_vehicle_id"": ""SLW1123""}",66b4f764-8e90-4915-9c0a-f21f27ae4f4d,2019-04-09 09:00:00+00,2026-08-10 19:03:05.467947+00,dock_loading,Heli CPCD30,LPG,Automatic,authorized_workshop,3094.50,critical,7,37,0,C-011
4acf0d69-4c1b-465e-b4c2-648d28c13827,LLX-COL-0132,c537c281-b6ad-4842-94ec-e937be0083e5,c18b03d8-00b7-4cb2-ae42-cd418f4f57a6,Heli CPCD30 132,vehicle,forklift,Forklift_3.0T,Heli,CPCD30,2021,COL-FL-132,HLI-CPCD30-958250,active,good,48.54,2021-08-06,2024-08-06,6dfe7908-1670-4f24-a01e-791d003947e8,4327.00,2026-07-22,2027-01-03,Heli CPCD30 (Forklift 3.0T) operating out of LankaLogix - Colombo on dock loading duty.,"{""cargo_type"": ""containerized_goods"", ""route_type"": ""dock_transfer"", ""operating_shift"": ""day"", ""warehouse_short"": ""COL"", ""source_vehicle_id"": ""SLW0872""}",fc975356-d5cc-4bdc-ab35-2dc5c648c8f2,2021-08-06 09:00:00+00,2026-08-10 19:03:05.467947+00,dock_loading,Heli CPCD30,LPG,Automatic,authorized_workshop,2961.10,medium,6,17,0,C-012
cc2f8013-b660-44ad-a23b-7fa6c553577b,LLX-COL-0133,c537c281-b6ad-4842-94ec-e937be0083e5,c18b03d8-00b7-4cb2-ae42-cd418f4f57a6,Toyota 8FD30 133,vehicle,forklift,Forklift_3.0T,Toyota,8FD30,2020,COL-FL-133,TYT-8FD30-792311,active,moderate,80.08,2020-04-10,2023-04-10,44137535-6cd5-47f5-8157-cc953a1fb110,5696.00,2026-07-14,2026-08-15,Toyota 8FD30 (Forklift 3.0T) operating out of LankaLogix - Colombo on dock loading duty.,"{""cargo_type"": ""containerized_goods"", ""route_type"": ""dock_transfer"", ""operating_shift"": ""three_shift"", ""warehouse_short"": ""COL"", ""source_vehicle_id"": ""SLW0693""}",23b91a79-185d-41b8-aed8-22bf2cb9f4af,2020-04-10 09:00:00+00,2026-08-10 19:03:05.467947+00,dock_loading,Toyota 8FD30,LPG,Automatic,authorized_workshop,2732.00,high,7,34,1,C-013
7c5877ae-6f27-41da-9baf-d1eb34f8f24e,LLX-COL-0135,c537c281-b6ad-4842-94ec-e937be0083e5,c18b03d8-00b7-4cb2-ae42-cd418f4f57a6,Toyota 8FD30 135,vehicle,forklift,Forklift_3.0T,Toyota,8FD30,2020,COL-FL-135,TYT-8FD30-792625,active,good,86.57,2020-10-03,2023-10-03,be95ca2d-29f2-4fe2-bd65-ccf5e702b949,5206.00,2026-07-11,2026-11-15,Toyota 8FD30 (Forklift 3.0T) operating out of LankaLogix - Colombo on dock loading duty.,"{""cargo_type"": ""containerized_goods"", ""route_type"": ""port_shuttle"", ""operating_shift"": ""day_night"", ""warehouse_short"": ""COL"", ""source_vehicle_id"": ""SLW0179""}",aedad933-6f7e-4d2e-b6df-191c9e459887,2020-10-03 09:00:00+00,2026-08-10 19:03:05.467947+00,dock_loading,Toyota 8FD30,LPG,Automatic,authorized_workshop,3068.50,critical,6,29,0,C-015
d8917132-70bc-4d8a-839f-668e5746f32c,LLX-COL-0136,c537c281-b6ad-4842-94ec-e937be0083e5,c18b03d8-00b7-4cb2-ae42-cd418f4f57a6,Komatsu FD30 136,vehicle,forklift,Forklift_3.0T,Komatsu,FD30,2016,COL-FL-136,KMT-FD30-939157,active,moderate,74.58,2016-12-12,2019-12-12,86c61fdf-4d13-4cd6-b3fe-a85018a6bd65,6124.00,2026-08-09,2026-08-13,Komatsu FD30 (Forklift 3.0T) operating out of LankaLogix - Colombo on dock loading duty.,"{""cargo_type"": ""containerized_goods"", ""route_type"": ""dock_transfer"", ""operating_shift"": ""day"", ""warehouse_short"": ""COL"", ""source_vehicle_id"": ""SLW0313""}",23b91a79-185d-41b8-aed8-22bf2cb9f4af,2016-12-12 09:00:00+00,2026-08-10 19:03:05.467947+00,dock_loading,Komatsu FD30,Diesel,Automatic,OEM_dealer,2931.40,high,11,39,1,C-016
ec48433f-6d6c-4f58-ba21-394d1115ed1d,LLX-COL-0137,c537c281-b6ad-4842-94ec-e937be0083e5,c18b03d8-00b7-4cb2-ae42-cd418f4f57a6,Heli CPCD30 137,vehicle,forklift,Forklift_3.0T,Heli,CPCD30,2017,COL-FL-137,HLI-CPCD30-492085,active,good,70.56,2017-01-15,2020-01-15,8df4b871-8cf4-459c-ae8b-d7ff0c95e330,5139.00,2026-07-29,2026-12-18,Heli CPCD30 (Forklift 3.0T) operating out of LankaLogix - Colombo on dock loading duty.,"{""cargo_type"": ""export_cargo"", ""route_type"": ""port_shuttle"", ""operating_shift"": ""day"", ""warehouse_short"": ""COL"", ""source_vehicle_id"": ""SLW1351""}",8ab44335-30b9-42d8-a1c3-82e009ea7876,2017-01-15 09:00:00+00,2026-08-10 19:03:05.467947+00,dock_loading,Heli CPCD30,Diesel,Automatic,OEM_dealer,3281.40,high,10,45,0,C-017
70d96ab7-011c-4631-a5b6-0c817195a5d8,LLX-COL-0138,c537c281-b6ad-4842-94ec-e937be0083e5,c18b03d8-00b7-4cb2-ae42-cd418f4f57a6,Heli CPCD30 138,vehicle,forklift,Forklift_3.0T,Heli,CPCD30,2020,COL-FL-138,HLI-CPCD30-145174,active,moderate,73.80,2020-03-09,2023-03-09,4e687221-2aec-4a3c-b701-5383edc61335,4109.00,2026-07-16,2026-10-08,Heli CPCD30 (Forklift 3.0T) operating out of LankaLogix - Colombo on dock loading duty.,"{""cargo_type"": ""export_cargo"", ""route_type"": ""dock_transfer"", ""operating_shift"": ""day"", ""warehouse_short"": ""COL"", ""source_vehicle_id"": ""SLW0110""}",5dba83b3-52f3-44e6-84c0-7cb40b7e1cf7,2020-03-09 09:00:00+00,2026-08-10 19:03:05.467947+00,dock_loading,Heli CPCD30,LPG,Automatic,authorized_workshop,2884.50,high,6,29,0,C-018
88e68461-ada8-40c4-93d5-1d7c887db0fa,LLX-COL-0139,c537c281-b6ad-4842-94ec-e937be0083e5,c18b03d8-00b7-4cb2-ae42-cd418f4f57a6,Komatsu FD30 139,vehicle,forklift,Forklift_3.0T,Komatsu,FD30,2017,COL-FL-139,KMT-FD30-714838,active,excellent,95.53,2017-09-16,2020-09-16,2be2ae9d-8544-4980-8087-35c4cd24eda0,5504.00,2026-08-03,2026-11-17,Komatsu FD30 (Forklift 3.0T) operating out of LankaLogix - Colombo on dock loading duty.,"{""cargo_type"": ""export_cargo"", ""route_type"": ""port_shuttle"", ""operating_shift"": ""day"", ""warehouse_short"": ""COL"", ""source_vehicle_id"": ""SLW0738""}",294b7244-8922-4faa-8a66-ecf7f2d31ede,2017-09-16 09:00:00+00,2026-08-10 19:03:05.467947+00,dock_loading,Komatsu FD30,LPG,Automatic,authorized_workshop,3081.10,critical,10,39,1,C-019
d4748cf1-1400-4d71-a443-d7d325c6a80d,LLX-COL-0140,c537c281-b6ad-4842-94ec-e937be0083e5,c18b03d8-00b7-4cb2-ae42-cd418f4f57a6,Komatsu FD30 140,vehicle,forklift,Forklift_3.0T,Komatsu,FD30,2018,COL-FL-140,KMT-FD30-239759,active,moderate,91.13,2018-08-27,2021-08-27,b10c3b1b-0504-4c02-9577-38f300514499,5137.00,2026-07-18,2026-10-30,Komatsu FD30 (Forklift 3.0T) operating out of LankaLogix - Colombo on dock loading duty.,"{""cargo_type"": ""containerized_goods"", ""route_type"": ""dock_transfer"", ""operating_shift"": ""day_night"", ""warehouse_short"": ""COL"", ""source_vehicle_id"": ""SLW0827""}",5dba83b3-52f3-44e6-84c0-7cb40b7e1cf7,2018-08-27 09:00:00+00,2026-08-10 19:03:05.467947+00,dock_loading,Komatsu FD30,Diesel,Automatic,independent_garage,2984.50,critical,8,34,0,C-020
8203e09f-d53c-43ef-b70b-2b3b1ab02c4d,LLX-COL-0141,c537c281-b6ad-4842-94ec-e937be0083e5,c18b03d8-00b7-4cb2-ae42-cd418f4f57a6,Toyota HiAce 141,vehicle,road_vehicle,Delivery_Van_1.5T,Toyota,HiAce,2016,WP PE-2273,JTFWDRJJTXHPLET8A,active,poor,74.97,2016-09-10,2019-09-10,2b90787d-d78e-4453-ad90-ec1567d28856,208234.00,2026-01-30,2026-09-22,Toyota HiAce (Delivery Van 1.5T) operating out of LankaLogix - Colombo on last mile delivery duty.,"{""cargo_type"": ""retail_goods"", ""route_type"": ""retail_drop"", ""operating_shift"": ""day"", ""warehouse_short"": ""COL"", ""source_vehicle_id"": ""SLW0497""}",2b0b58b5-c777-4903-8b21-ef25ce17a71a,2016-09-10 09:00:00+00,2026-08-10 19:03:05.467947+00,last_mile_delivery,Toyota HiAce,Diesel,Automatic,OEM_dealer,1419.90,high,10,26,1,C-021
7698039f-bcda-4e69-8a4d-6e14a59fedb0,LLX-COL-0142,c537c281-b6ad-4842-94ec-e937be0083e5,c18b03d8-00b7-4cb2-ae42-cd418f4f57a6,Nissan Caravan 142,vehicle,road_vehicle,Delivery_Van_1.5T,Nissan,Caravan,2020,WP PE-7635,JN11D9EZVLR0BZZGH,active,poor,84.17,2020-08-11,2023-08-11,86c61fdf-4d13-4cd6-b3fe-a85018a6bd65,150638.00,2026-05-28,2026-10-19,Nissan Caravan (Delivery Van 1.5T) operating out of LankaLogix - Colombo on last mile delivery duty.,"{""cargo_type"": ""retail_goods"", ""route_type"": ""retail_drop"", ""operating_shift"": ""three_shift"", ""warehouse_short"": ""COL"", ""source_vehicle_id"": ""SLW0116""}",23b91a79-185d-41b8-aed8-22bf2cb9f4af,2020-08-11 09:00:00+00,2026-08-10 19:03:05.467947+00,last_mile_delivery,Nissan Caravan,Diesel,Manual,authorized_workshop,1529.10,critical,6,23,0,C-022
f8291c6e-d521-48d4-8ead-4e4aa176f6c9,LLX-COL-0143,c537c281-b6ad-4842-94ec-e937be0083e5,c18b03d8-00b7-4cb2-ae42-cd418f4f57a6,Nissan Caravan 143,vehicle,road_vehicle,Delivery_Van_1.5T,Nissan,Caravan,2016,WP PD-9202,JN1USEGB6VDR08VSP,active,moderate,38.02,2016-05-15,2019-05-15,8e11bc0b-dd4a-4b80-a9cc-465b3beca3d4,228167.00,2026-04-16,2026-08-29,Nissan Caravan (Delivery Van 1.5T) operating out of LankaLogix - Colombo on last mile delivery duty.,"{""cargo_type"": ""ecommerce_parcels"", ""route_type"": ""retail_drop"", ""operating_shift"": ""day"", ""warehouse_short"": ""COL"", ""source_vehicle_id"": ""SLW0147""}",294b7244-8922-4faa-8a66-ecf7f2d31ede,2016-05-15 09:00:00+00,2026-08-10 19:03:05.467947+00,last_mile_delivery,Nissan Caravan,Diesel,Manual,authorized_workshop,1464.10,medium,10,34,1,C-023
39c35c65-a128-4fb3-ba13-1212bb44d323,LLX-COL-0144,c537c281-b6ad-4842-94ec-e937be0083e5,c18b03d8-00b7-4cb2-ae42-cd418f4f57a6,Nissan Caravan 144,vehicle,road_vehicle,Delivery_Van_1.5T,Nissan,Caravan,2018,WP PC-5428,JN1SV841XH165Y4D7,active,moderate,54.56,2018-03-08,2021-03-08,54e48c09-372a-42e8-9086-e98f7ce791b9,185955.00,2026-06-12,2026-09-07,Nissan Caravan (Delivery Van 1.5T) operating out of LankaLogix - Colombo on last mile delivery duty.,"{""cargo_type"": ""retail_goods"", ""route_type"": ""urban_delivery"", ""operating_shift"": ""day"", ""warehouse_short"": ""COL"", ""source_vehicle_id"": ""SLW0673""}",dff1d306-f643-4c9e-abb3-5409e072abc4,2018-03-08 09:00:00+00,2026-08-10 19:03:05.467947+00,last_mile_delivery,Nissan Caravan,Diesel,Manual,OEM_dealer,1512.00,medium,8,30,0,C-024
2c2727a0-44a0-4463-850c-53b32ec746d1,LLX-COL-0145,c537c281-b6ad-4842-94ec-e937be0083e5,c18b03d8-00b7-4cb2-ae42-cd418f4f57a6,Nissan Caravan 145,vehicle,road_vehicle,Delivery_Van_1.5T,Nissan,Caravan,2016,WP PC-5728,JN1W6A1BZ6RUR5VDT,active,good,38.36,2016-01-04,2019-01-04,7859600a-320b-4479-a042-37034493ad9d,226041.00,2026-03-06,2026-09-07,Nissan Caravan (Delivery Van 1.5T) operating out of LankaLogix - Colombo on last mile delivery duty.,"{""cargo_type"": ""consumer_goods"", ""route_type"": ""urban_delivery"", ""operating_shift"": ""day"", ""warehouse_short"": ""COL"", ""source_vehicle_id"": ""SLW0096""}",23b91a79-185d-41b8-aed8-22bf2cb9f4af,2016-01-04 09:00:00+00,2026-08-10 19:03:05.467947+00,last_mile_delivery,Nissan Caravan,Diesel,Manual,OEM_dealer,1442.50,medium,11,35,0,C-025
4e6a6551-7de8-43f7-8ee7-b07bd01ba2e0,LLX-COL-0146,c537c281-b6ad-4842-94ec-e937be0083e5,c18b03d8-00b7-4cb2-ae42-cd418f4f57a6,Toyota HiAce 146,vehicle,road_vehicle,Delivery_Van_1.5T,Toyota,HiAce,2019,WP PD-7579,JTFR2W4YE1SP0WMKD,active,critical,55.57,2019-06-23,2022-06-23,a3ad3a8c-24a3-48ab-ba14-234b9a25eed1,170630.00,2026-03-29,2026-10-13,Toyota HiAce (Delivery Van 1.5T) operating out of LankaLogix - Colombo on last mile delivery duty.,"{""cargo_type"": ""ecommerce_parcels"", ""route_type"": ""urban_delivery"", ""operating_shift"": ""day"", ""warehouse_short"": ""COL"", ""source_vehicle_id"": ""SLW0386""}",66b4f764-8e90-4915-9c0a-f21f27ae4f4d,2019-06-23 09:00:00+00,2026-08-10 19:03:05.467947+00,last_mile_delivery,Toyota HiAce,Diesel,Manual,authorized_workshop,1376.80,medium,8,22,0,C-026
5c19baf2-01e4-4477-a919-1eed3d87cad0,LLX-COL-0147,c537c281-b6ad-4842-94ec-e937be0083e5,c18b03d8-00b7-4cb2-ae42-cd418f4f57a6,Toyota HiAce 147,vehicle,road_vehicle,Delivery_Van_1.5T,Toyota,HiAce,2020,WP PE-8109,JTFA4CBU60D94C6P6,active,moderate,45.61,2020-12-10,2023-12-10,cbaa9f3a-1731-4f39-a19c-2252b655f163,156380.00,2026-05-27,2026-10-18,Toyota HiAce (Delivery Van 1.5T) operating out of LankaLogix - Colombo on last mile delivery duty.,"{""cargo_type"": ""retail_goods"", ""route_type"": ""retail_drop"", ""operating_shift"": ""day"", ""warehouse_short"": ""COL"", ""source_vehicle_id"": ""SLW0192""}",e3203996-7192-4f35-b4d9-8d19dd61882f,2020-12-10 09:00:00+00,2026-08-10 19:03:05.467947+00,last_mile_delivery,Toyota HiAce,Diesel,Manual,authorized_workshop,1471.10,medium,7,19,0,C-027
c447ff11-4f0c-4a0c-b881-33c71fe95fa0,LLX-COL-0148,c537c281-b6ad-4842-94ec-e937be0083e5,c18b03d8-00b7-4cb2-ae42-cd418f4f57a6,Toyota HiAce 148,vehicle,road_vehicle,Delivery_Van_1.5T,Toyota,HiAce,2019,WP PB-6978,JTFF3FF365B7NEW71,active,good,49.97,2019-12-09,2022-12-09,f085143a-685f-40c1-99da-35b791b4765e,188361.00,2026-08-01,2026-12-06,Toyota HiAce (Delivery Van 1.5T) operating out of LankaLogix - Colombo on last mile delivery duty.,"{""cargo_type"": ""consumer_goods"", ""route_type"": ""retail_drop"", ""operating_shift"": ""day_night"", ""warehouse_short"": ""COL"", ""source_vehicle_id"": ""SLW0398""}",8ffcd728-c372-4540-9a04-7fa0c88e9347,2019-12-09 09:00:00+00,2026-08-10 19:03:05.467947+00,last_mile_delivery,Toyota HiAce,Diesel,Manual,authorized_workshop,1468.10,medium,8,28,0,C-028
079d02b3-18ec-4f7d-b5fb-8fcda42e3bc1,LLX-COL-0149,c537c281-b6ad-4842-94ec-e937be0083e5,c18b03d8-00b7-4cb2-ae42-cd418f4f57a6,Toyota HiAce 149,vehicle,road_vehicle,Delivery_Van_1.5T,Toyota,HiAce,2019,WP PC-3959,JTFP0D70Y5TRDT9FH,active,moderate,40.08,2019-11-13,2022-11-13,,210356.00,2026-05-05,2026-10-21,Toyota HiAce (Delivery Van 1.5T) operating out of LankaLogix - Colombo on last mile delivery duty.,"{""cargo_type"": ""retail_goods"", ""route_type"": ""retail_drop"", ""operating_shift"": ""day"", ""warehouse_short"": ""COL"", ""source_vehicle_id"": ""SLW1042""}",aedad933-6f7e-4d2e-b6df-191c9e459887,2019-11-13 09:00:00+00,2026-08-10 19:03:05.467947+00,last_mile_delivery,Toyota HiAce,Diesel,Automatic,authorized_workshop,1489.00,medium,8,27,0,C-029
09fa5c6b-6850-44d0-b2eb-e6aba0fbe1af,LLX-COL-0150,c537c281-b6ad-4842-94ec-e937be0083e5,c18b03d8-00b7-4cb2-ae42-cd418f4f57a6,KDH Van 150,vehicle,road_vehicle,Delivery_Van_1.5T,KDH,Van,2021,WP PB-3756,JTGSFCWTCPEY4AZR6,active,moderate,47.27,2021-08-08,2024-08-08,e6eb9d66-d679-4e1f-8e6b-fdb21a16881d,121848.00,2026-04-19,2026-12-13,KDH Van (Delivery Van 1.5T) operating out of LankaLogix - Colombo on last mile delivery duty.,"{""cargo_type"": ""ecommerce_parcels"", ""route_type"": ""urban_delivery"", ""operating_shift"": ""day"", ""warehouse_short"": ""COL"", ""source_vehicle_id"": ""SLW0667""}",8ffcd728-c372-4540-9a04-7fa0c88e9347,2021-08-08 09:00:00+00,2026-08-10 19:03:05.467947+00,last_mile_delivery,KDH Van,Diesel,Automatic,OEM_dealer,1442.50,medium,6,14,0,C-030
9e10e83a-5f1d-40aa-bb79-e39357305216,LLX-COL-0151,c537c281-b6ad-4842-94ec-e937be0083e5,c18b03d8-00b7-4cb2-ae42-cd418f4f57a6,KDH Van 151,vehicle,road_vehicle,Delivery_Van_1.5T,KDH,Van,2021,WP PD-9050,JTGC7G06X808Z991C,active,good,75.51,2021-03-14,2024-03-14,e8bba02d-8b84-43d2-9edd-486341b577fa,142009.00,2026-06-29,2027-01-02,KDH Van (Delivery Van 1.5T) operating out of LankaLogix - Colombo on last mile delivery duty.,"{""cargo_type"": ""consumer_goods"", ""route_type"": ""retail_drop"", ""operating_shift"": ""day"", ""warehouse_short"": ""COL"", ""source_vehicle_id"": ""SLW0927""}",294b7244-8922-4faa-8a66-ecf7f2d31ede,2021-03-14 09:00:00+00,2026-08-10 19:03:05.467947+00,last_mile_delivery,KDH Van,Diesel,Automatic,OEM_dealer,1526.60,high,6,20,0,C-031
3e21c77f-fc10-4831-b0fe-574f1cd1e56d,LLX-COL-0152,c537c281-b6ad-4842-94ec-e937be0083e5,c18b03d8-00b7-4cb2-ae42-cd418f4f57a6,Toyota HiAce 152,vehicle,road_vehicle,Delivery_Van_1.5T,Toyota,HiAce,2016,WP PE-5890,JTFTCHHWYA5F4BX8U,active,moderate,55.15,2016-12-28,2019-12-28,86e77588-110c-4754-810f-2399b3ca3978,280169.00,2026-07-07,2026-12-19,Toyota HiAce (Delivery Van 1.5T) operating out of LankaLogix - Colombo on last mile delivery duty.,"{""cargo_type"": ""consumer_goods"", ""route_type"": ""retail_drop"", ""operating_shift"": ""three_shift"", ""warehouse_short"": ""COL"", ""source_vehicle_id"": ""SLW0223""}",e3203996-7192-4f35-b4d9-8d19dd61882f,2016-12-28 09:00:00+00,2026-08-10 19:03:05.467947+00,last_mile_delivery,Toyota HiAce,Diesel,Automatic,authorized_workshop,1606.30,medium,11,41,2,C-032
f63ef9e3-bc85-499a-a2d4-fdbc34ea25b5,LLX-COL-0153,c537c281-b6ad-4842-94ec-e937be0083e5,c18b03d8-00b7-4cb2-ae42-cd418f4f57a6,KDH Van 153,vehicle,road_vehicle,Delivery_Van_1.5T,KDH,Van,2019,WP PC-2393,JTGJY66DV5THCS3YU,active,good,74.85,2019-07-28,2022-07-28,1f2fe8ba-e887-4f53-b5bf-1f7937e1e4fb,186222.00,2026-05-01,2026-10-01,KDH Van (Delivery Van 1.5T) operating out of LankaLogix - Colombo on last mile delivery duty.,"{""cargo_type"": ""retail_goods"", ""route_type"": ""retail_drop"", ""operating_shift"": ""day"", ""warehouse_short"": ""COL"", ""source_vehicle_id"": ""SLW1044""}",fc975356-d5cc-4bdc-ab35-2dc5c648c8f2,2019-07-28 09:00:00+00,2026-08-10 19:03:05.467947+00,last_mile_delivery,KDH Van,Diesel,Manual,OEM_dealer,1592.40,high,8,29,0,C-033
0dcb67e2-d5fd-4ece-896b-17848c5136be,LLX-COL-0154,c537c281-b6ad-4842-94ec-e937be0083e5,c18b03d8-00b7-4cb2-ae42-cd418f4f57a6,KDH Van 154,vehicle,road_vehicle,Delivery_Van_1.5T,KDH,Van,2020,WP PB-3601,JTGJ23E6LARMS0YF2,active,good,46.67,2020-01-12,2023-01-12,fd1680a5-59fe-4626-bf84-be00d1cef0cd,147031.00,2026-07-07,2026-12-17,KDH Van (Delivery Van 1.5T) operating out of LankaLogix - Colombo on last mile delivery duty.,"{""cargo_type"": ""ecommerce_parcels"", ""route_type"": ""retail_drop"", ""operating_shift"": ""day_night"", ""warehouse_short"": ""COL"", ""source_vehicle_id"": ""SLW0524""}",2b0b58b5-c777-4903-8b21-ef25ce17a71a,2020-01-12 09:00:00+00,2026-08-10 19:03:05.467947+00,last_mile_delivery,KDH Van,Diesel,Manual,authorized_workshop,1402.30,medium,6,24,0,C-034
c6311812-32a8-41b6-b5a6-48450a1f3761,LLX-COL-0155,c537c281-b6ad-4842-94ec-e937be0083e5,c18b03d8-00b7-4cb2-ae42-cd418f4f57a6,KDH Van 155,vehicle,road_vehicle,Delivery_Van_1.5T,KDH,Van,2020,WP PD-1785,JTGZ289LCXNVU4EVD,inactive,moderate,68.74,2020-07-23,2023-07-23,,178355.00,2026-07-27,2026-09-25,KDH Van (Delivery Van 1.5T) operating out of LankaLogix - Colombo on last mile delivery duty.,"{""cargo_type"": ""retail_goods"", ""route_type"": ""urban_delivery"", ""operating_shift"": ""day_night"", ""warehouse_short"": ""COL"", ""source_vehicle_id"": ""SLW1064""}",23b91a79-185d-41b8-aed8-22bf2cb9f4af,2020-07-23 09:00:00+00,2026-08-10 19:03:05.467947+00,last_mile_delivery,KDH Van,Diesel,Manual,OEM_dealer,1486.80,high,6,27,0,C-035
d4dca34b-da1b-4ac8-add1-13a0ba550714,LLX-COL-0156,c537c281-b6ad-4842-94ec-e937be0083e5,c18b03d8-00b7-4cb2-ae42-cd418f4f57a6,Toyota HiAce 156,vehicle,road_vehicle,Delivery_Van_1.5T,Toyota,HiAce,2016,WP PD-7904,JTF0YWYBGR06817JG,active,good,73.00,2016-11-25,2019-11-25,6c5f95fe-93a9-459f-988b-b5f6952e7382,228018.00,2026-06-10,2026-10-29,Toyota HiAce (Delivery Van 1.5T) operating out of LankaLogix - Colombo on last mile delivery duty.,"{""cargo_type"": ""ecommerce_parcels"", ""route_type"": ""retail_drop"", ""operating_shift"": ""day_night"", ""warehouse_short"": ""COL"", ""source_vehicle_id"": ""SLW0891""}",e3203996-7192-4f35-b4d9-8d19dd61882f,2016-11-25 09:00:00+00,2026-08-10 19:03:05.467947+00,last_mile_delivery,Toyota HiAce,Diesel,Automatic,independent_garage,1487.40,high,10,37,0,C-036
d513205e-1a56-427f-8b65-346848f4707d,LLX-COL-0157,c537c281-b6ad-4842-94ec-e937be0083e5,c18b03d8-00b7-4cb2-ae42-cd418f4f57a6,Nissan Caravan 157,vehicle,road_vehicle,Delivery_Van_1.5T,Nissan,Caravan,2020,WP PD-7779,JN1S1DRKCC5BPTL8M,active,good,58.33,2020-05-22,2023-05-22,55f028a0-239f-4082-a2bd-1ea1da7fb8eb,140468.00,2026-06-28,2026-11-24,Nissan Caravan (Delivery Van 1.5T) operating out of LankaLogix - Colombo on last mile delivery duty.,"{""cargo_type"": ""consumer_goods"", ""route_type"": ""urban_delivery"", ""operating_shift"": ""day"", ""warehouse_short"": ""COL"", ""source_vehicle_id"": ""SLW0208""}",aedad933-6f7e-4d2e-b6df-191c9e459887,2020-05-22 09:00:00+00,2026-08-10 19:03:05.467947+00,last_mile_delivery,Nissan Caravan,Diesel,Manual,independent_garage,1502.30,medium,6,26,0,C-037
a8a07625-4154-4252-9c9d-b8937d719dde,LLX-COL-0158,c537c281-b6ad-4842-94ec-e937be0083e5,c18b03d8-00b7-4cb2-ae42-cd418f4f57a6,Toyota HiAce 158,vehicle,road_vehicle,Delivery_Van_1.5T,Toyota,HiAce,2015,WP PD-7338,JTFYENLW45FKACKYH,active,good,41.72,2015-09-01,2018-09-01,,273118.00,2026-08-06,2026-08-12,Toyota HiAce (Delivery Van 1.5T) operating out of LankaLogix - Colombo on last mile delivery duty.,"{""cargo_type"": ""consumer_goods"", ""route_type"": ""retail_drop"", ""operating_shift"": ""three_shift"", ""warehouse_short"": ""COL"", ""source_vehicle_id"": ""SLW0473""}",fc975356-d5cc-4bdc-ab35-2dc5c648c8f2,2015-09-01 09:00:00+00,2026-08-10 19:03:05.467947+00,last_mile_delivery,Toyota HiAce,Diesel,Manual,OEM_dealer,1404.60,medium,11,37,1,C-038
c1b20b6b-8c28-49a9-a5c3-9c9f5797ef7d,LLX-COL-0159,c537c281-b6ad-4842-94ec-e937be0083e5,c18b03d8-00b7-4cb2-ae42-cd418f4f57a6,Toyota HiAce 159,vehicle,road_vehicle,Delivery_Van_1.5T,Toyota,HiAce,2021,WP PE-2178,JTFTHH45LXF829VEK,active,poor,75.51,2021-12-05,2024-12-05,23897ad1-5d76-41b7-a0a8-5434aba10d7c,151859.00,2026-05-13,2026-10-09,Toyota HiAce (Delivery Van 1.5T) operating out of LankaLogix - Colombo on last mile delivery duty.,"{""cargo_type"": ""ecommerce_parcels"", ""route_type"": ""retail_drop"", ""operating_shift"": ""day"", ""warehouse_short"": ""COL"", ""source_vehicle_id"": ""SLW0994""}",dff1d306-f643-4c9e-abb3-5409e072abc4,2021-12-05 09:00:00+00,2026-08-10 19:03:05.467947+00,last_mile_delivery,Toyota HiAce,Diesel,Automatic,authorized_workshop,1543.80,high,6,19,0,C-039
8a53f477-ce2a-4fbf-b1a6-2c6f232b9842,LLX-COL-0160,c537c281-b6ad-4842-94ec-e937be0083e5,c18b03d8-00b7-4cb2-ae42-cd418f4f57a6,Nissan Caravan 160,vehicle,road_vehicle,Delivery_Van_1.5T,Nissan,Caravan,2019,WP PD-3675,JN12MSE2XYRT8515K,active,good,41.14,2019-08-15,2022-08-15,c53535f1-d350-4454-8e8c-a58e4b94e5e3,150988.00,2026-07-29,2027-01-19,Nissan Caravan (Delivery Van 1.5T) operating out of LankaLogix - Colombo on last mile delivery duty.,"{""cargo_type"": ""consumer_goods"", ""route_type"": ""retail_drop"", ""operating_shift"": ""day"", ""warehouse_short"": ""COL"", ""source_vehicle_id"": ""SLW1328""}",fc975356-d5cc-4bdc-ab35-2dc5c648c8f2,2019-08-15 09:00:00+00,2026-08-10 19:03:05.467947+00,last_mile_delivery,Nissan Caravan,Diesel,Manual,authorized_workshop,1616.10,medium,7,25,0,C-040
01613d85-32c6-4732-a4c3-0003c18fc363,LLX-COL-0161,c537c281-b6ad-4842-94ec-e937be0083e5,c18b03d8-00b7-4cb2-ae42-cd418f4f57a6,Nissan Caravan 161,vehicle,road_vehicle,Delivery_Van_1.5T,Nissan,Caravan,2020,WP PD-4406,JN1D2BH5NVJMTHHJG,active,moderate,79.20,2020-06-03,2023-06-03,bfbc513c-fc16-48d3-bc97-937cb60188cd,166053.00,2026-07-30,2026-12-12,Nissan Caravan (Delivery Van 1.5T) operating out of LankaLogix - Colombo on last mile delivery duty.,"{""cargo_type"": ""ecommerce_parcels"", ""route_type"": ""urban_delivery"", ""operating_shift"": ""day"", ""warehouse_short"": ""COL"", ""source_vehicle_id"": ""SLW0563""}",66b4f764-8e90-4915-9c0a-f21f27ae4f4d,2020-06-03 09:00:00+00,2026-08-10 19:03:05.467947+00,last_mile_delivery,Nissan Caravan,Diesel,Manual,authorized_workshop,1461.50,high,7,25,0,C-041
19f908a9-2336-4bb0-b3cc-641156276986,LLX-COL-0162,c537c281-b6ad-4842-94ec-e937be0083e5,c18b03d8-00b7-4cb2-ae42-cd418f4f57a6,Nissan Caravan 162,vehicle,road_vehicle,Delivery_Van_1.5T,Nissan,Caravan,2019,WP PC-2457,JN1W7Z5ABTJFFUJ9S,active,poor,39.85,2019-08-17,2022-08-17,b5a8f513-6c53-4ba9-a049-10478e5a198a,192047.00,2026-03-29,2026-08-30,Nissan Caravan (Delivery Van 1.5T) operating out of LankaLogix - Colombo on last mile delivery duty.,"{""cargo_type"": ""retail_goods"", ""route_type"": ""retail_drop"", ""operating_shift"": ""day"", ""warehouse_short"": ""COL"", ""source_vehicle_id"": ""SLW1173""}",aedad933-6f7e-4d2e-b6df-191c9e459887,2019-08-17 09:00:00+00,2026-08-10 19:03:05.467947+00,last_mile_delivery,Nissan Caravan,Diesel,Automatic,authorized_workshop,1427.00,medium,8,31,1,C-042
f0bc519c-e0b5-4a5a-8f37-3a07e3a2e57e,LLX-COL-0163,c537c281-b6ad-4842-94ec-e937be0083e5,c18b03d8-00b7-4cb2-ae42-cd418f4f57a6,Nissan Caravan 163,vehicle,road_vehicle,Delivery_Van_1.5T,Nissan,Caravan,2020,WP PC-8576,JN1USCDFL1JEY4NEL,active,moderate,52.07,2020-10-05,2023-10-05,ec1c506c-b01f-4e4a-ab66-e8f6b492dce6,143247.00,2026-07-23,2027-02-24,Nissan Caravan (Delivery Van 1.5T) operating out of LankaLogix - Colombo on last mile delivery duty.,"{""cargo_type"": ""ecommerce_parcels"", ""route_type"": ""retail_drop"", ""operating_shift"": ""day"", ""warehouse_short"": ""COL"", ""source_vehicle_id"": ""SLW0624""}",fc975356-d5cc-4bdc-ab35-2dc5c648c8f2,2020-10-05 09:00:00+00,2026-08-10 19:03:05.467947+00,last_mile_delivery,Nissan Caravan,Diesel,Manual,authorized_workshop,1504.70,medium,6,16,0,C-043
b4f49623-881f-467a-b23d-9fa7d1eb7517,LLX-COL-0164,c537c281-b6ad-4842-94ec-e937be0083e5,c18b03d8-00b7-4cb2-ae42-cd418f4f57a6,KDH Van 164,vehicle,road_vehicle,Delivery_Van_1.5T,KDH,Van,2019,WP PC-9258,JTGW6525RVJ8403MU,active,moderate,47.72,2019-02-17,2022-02-17,,187665.00,2026-04-06,2026-08-30,KDH Van (Delivery Van 1.5T) operating out of LankaLogix - Colombo on last mile delivery duty.,"{""cargo_type"": ""consumer_goods"", ""route_type"": ""retail_drop"", ""operating_shift"": ""day"", ""warehouse_short"": ""COL"", ""source_vehicle_id"": ""SLW0601""}",aedad933-6f7e-4d2e-b6df-191c9e459887,2019-02-17 09:00:00+00,2026-08-10 19:03:05.467947+00,last_mile_delivery,KDH Van,Diesel,Automatic,authorized_workshop,1450.30,medium,7,28,0,C-044
c189760e-0f31-4094-8740-dd8d0ed776a6,LLX-COL-0165,c537c281-b6ad-4842-94ec-e937be0083e5,c18b03d8-00b7-4cb2-ae42-cd418f4f57a6,KDH Van 165,vehicle,road_vehicle,Delivery_Van_1.5T,KDH,Van,2021,WP PD-4223,JTGFHTT0NBJ47SLU3,active,moderate,80.80,2021-04-19,2024-04-19,d3c85395-bb33-4e57-b3e5-4ea86968673b,155892.00,2026-06-12,2026-12-04,KDH Van (Delivery Van 1.5T) operating out of LankaLogix - Colombo on last mile delivery duty.,"{""cargo_type"": ""ecommerce_parcels"", ""route_type"": ""retail_drop"", ""operating_shift"": ""day_night"", ""warehouse_short"": ""COL"", ""source_vehicle_id"": ""SLW0974""}",23b91a79-185d-41b8-aed8-22bf2cb9f4af,2021-04-19 09:00:00+00,2026-08-10 19:03:05.467947+00,last_mile_delivery,KDH Van,Diesel,Manual,authorized_workshop,1448.70,high,6,21,0,C-045
8037ce5c-50bf-4fe7-a853-b302cd3c5022,LLX-COL-0166,c537c281-b6ad-4842-94ec-e937be0083e5,c18b03d8-00b7-4cb2-ae42-cd418f4f57a6,Toyota HiAce 166,vehicle,road_vehicle,Delivery_Van_1.5T,Toyota,HiAce,2020,WP PC-8423,JTF6HPFX50V73W7DY,under_maintenance,critical,88.76,2020-04-27,2023-04-27,,188267.00,2026-05-19,2026-10-03,Toyota HiAce (Delivery Van 1.5T) operating out of LankaLogix - Colombo on last mile delivery duty.,"{""cargo_type"": ""consumer_goods"", ""route_type"": ""urban_delivery"", ""operating_shift"": ""three_shift"", ""warehouse_short"": ""COL"", ""source_vehicle_id"": ""SLW0167""}",aedad933-6f7e-4d2e-b6df-191c9e459887,2020-04-27 09:00:00+00,2026-08-10 19:03:05.467947+00,last_mile_delivery,Toyota HiAce,Diesel,Manual,authorized_workshop,1502.80,critical,7,27,0,C-046
689e9dac-4a60-400c-9df7-8c0c3e426832,LLX-COL-0167,c537c281-b6ad-4842-94ec-e937be0083e5,c18b03d8-00b7-4cb2-ae42-cd418f4f57a6,Toyota HiAce 167,vehicle,road_vehicle,Delivery_Van_1.5T,Toyota,HiAce,2018,WP PC-8275,JTF6WBPRLEU6EA9AJ,active,good,65.42,2018-01-28,2021-01-28,93809008-69ce-4c7c-b7b7-24e7be0bf39d,239473.00,2026-07-22,2027-01-30,Toyota HiAce (Delivery Van 1.5T) operating out of LankaLogix - Colombo on last mile delivery duty.,"{""cargo_type"": ""ecommerce_parcels"", ""route_type"": ""urban_delivery"", ""operating_shift"": ""day_night"", ""warehouse_short"": ""COL"", ""source_vehicle_id"": ""SLW0805""}",dff1d306-f643-4c9e-abb3-5409e072abc4,2018-01-28 09:00:00+00,2026-08-10 19:03:05.467947+00,last_mile_delivery,Toyota HiAce,Diesel,Manual,authorized_workshop,1583.00,high,8,29,1,C-047
c408c5de-0785-4ae0-86bb-00e2f63b1b8c,LLX-COL-0168,c537c281-b6ad-4842-94ec-e937be0083e5,c18b03d8-00b7-4cb2-ae42-cd418f4f57a6,Toyota HiAce 168,vehicle,road_vehicle,Delivery_Van_1.5T,Toyota,HiAce,2019,WP PD-6124,JTF8Y9TLZEH2ADMBX,active,moderate,75.01,2019-09-23,2022-09-23,3b296b4c-a6c2-42a6-89b4-e614400f1631,177231.00,2026-06-02,2026-09-04,Toyota HiAce (Delivery Van 1.5T) operating out of LankaLogix - Colombo on last mile delivery duty.,"{""cargo_type"": ""consumer_goods"", ""route_type"": ""retail_drop"", ""operating_shift"": ""day_night"", ""warehouse_short"": ""COL"", ""source_vehicle_id"": ""SLW0988""}",fc975356-d5cc-4bdc-ab35-2dc5c648c8f2,2019-09-23 09:00:00+00,2026-08-10 19:03:05.467947+00,last_mile_delivery,Toyota HiAce,Diesel,Automatic,authorized_workshop,1520.90,high,7,26,0,C-048
4f15317a-1fcf-4c12-83f9-b3832c4c19f6,LLX-COL-0169,c537c281-b6ad-4842-94ec-e937be0083e5,c18b03d8-00b7-4cb2-ae42-cd418f4f57a6,Nissan Caravan 169,vehicle,road_vehicle,Delivery_Van_1.5T,Nissan,Caravan,2014,WP PC-3173,JN1FL2XU5HMNNVUXP,active,good,40.99,2014-05-04,2017-05-04,4f5e2568-47ac-4138-880e-565d631691d0,338060.00,2026-05-26,2026-09-08,Nissan Caravan (Delivery Van 1.5T) operating out of LankaLogix - Colombo on last mile delivery duty.,"{""cargo_type"": ""ecommerce_parcels"", ""route_type"": ""retail_drop"", ""operating_shift"": ""day"", ""warehouse_short"": ""COL"", ""source_vehicle_id"": ""SLW0366""}",2b0b58b5-c777-4903-8b21-ef25ce17a71a,2014-05-04 09:00:00+00,2026-08-10 19:03:05.467947+00,last_mile_delivery,Nissan Caravan,Diesel,Manual,independent_garage,1357.10,medium,12,50,5,C-049
2d33bd42-36e8-4e36-a4fa-a8fe3314780f,LLX-COL-0170,c537c281-b6ad-4842-94ec-e937be0083e5,c18b03d8-00b7-4cb2-ae42-cd418f4f57a6,Toyota HiAce 170,vehicle,road_vehicle,Delivery_Van_1.5T,Toyota,HiAce,2020,WP PB-5328,JTF332BV1ERE7YG6W,active,moderate,57.04,2020-08-06,2023-08-06,5a0cabae-9493-46b8-89cf-eac79fc792ad,147979.00,2026-07-07,2026-12-30,Toyota HiAce (Delivery Van 1.5T) operating out of LankaLogix - Colombo on last mile delivery duty.,"{""cargo_type"": ""retail_goods"", ""route_type"": ""retail_drop"", ""operating_shift"": ""day_night"", ""warehouse_short"": ""COL"", ""source_vehicle_id"": ""SLW1071""}",294b7244-8922-4faa-8a66-ecf7f2d31ede,2020-08-06 09:00:00+00,2026-08-10 19:03:05.467947+00,last_mile_delivery,Toyota HiAce,Diesel,Manual,independent_garage,1518.50,medium,6,21,0,C-050
8fbe953c-21e7-4e94-9331-74e751c0ca6f,LLX-COL-0171,c537c281-b6ad-4842-94ec-e937be0083e5,c18b03d8-00b7-4cb2-ae42-cd418f4f57a6,Nissan Caravan 171,vehicle,road_vehicle,Delivery_Van_1.5T,Nissan,Caravan,2021,WP PE-3848,JN1WD0SR0LCUZA8YE,active,poor,38.40,2021-03-05,2024-03-05,20126955-a95e-4d8b-8121-28b48b6f18a9,136576.00,2026-04-17,2026-08-12,Nissan Caravan (Delivery Van 1.5T) operating out of LankaLogix - Colombo on last mile delivery duty.,"{""cargo_type"": ""ecommerce_parcels"", ""route_type"": ""retail_drop"", ""operating_shift"": ""three_shift"", ""warehouse_short"": ""COL"", ""source_vehicle_id"": ""SLW1265""}",66b4f764-8e90-4915-9c0a-f21f27ae4f4d,2021-03-05 09:00:00+00,2026-08-10 19:03:05.467947+00,last_mile_delivery,Nissan Caravan,Diesel,Manual,OEM_dealer,1453.40,medium,6,18,0,C-051
7d580191-2a1c-4be1-b4b9-6c5dc57482d9,LLX-COL-0172,c537c281-b6ad-4842-94ec-e937be0083e5,c18b03d8-00b7-4cb2-ae42-cd418f4f57a6,Nissan Caravan 172,vehicle,road_vehicle,Delivery_Van_1.5T,Nissan,Caravan,2019,WP PD-8272,JN1KCLB1T408ELEHM,active,critical,78.70,2019-11-22,2022-11-22,d7419f5f-8d51-43a3-b44e-68440cc641b4,229440.00,2026-03-09,2026-08-26,Nissan Caravan (Delivery Van 1.5T) operating out of LankaLogix - Colombo on last mile delivery duty.,"{""cargo_type"": ""retail_goods"", ""route_type"": ""retail_drop"", ""operating_shift"": ""day_night"", ""warehouse_short"": ""COL"", ""source_vehicle_id"": ""SLW0156""}",66b4f764-8e90-4915-9c0a-f21f27ae4f4d,2019-11-22 09:00:00+00,2026-08-10 19:03:05.467947+00,last_mile_delivery,Nissan Caravan,Diesel,Manual,authorized_workshop,1397.80,high,8,26,0,C-052
cbe6997b-b167-4ef2-b3fb-c9b979c58616,LLX-COL-0173,c537c281-b6ad-4842-94ec-e937be0083e5,c18b03d8-00b7-4cb2-ae42-cd418f4f57a6,Nissan Caravan 173,vehicle,road_vehicle,Delivery_Van_1.5T,Nissan,Caravan,2014,WP PD-7293,JN1UBTMSD9D2NT3R0,active,good,68.18,2014-06-02,2017-06-02,,237676.00,2026-08-06,2026-11-01,Nissan Caravan (Delivery Van 1.5T) operating out of LankaLogix - Colombo on last mile delivery duty.,"{""cargo_type"": ""retail_goods"", ""route_type"": ""retail_drop"", ""operating_shift"": ""day"", ""warehouse_short"": ""COL"", ""source_vehicle_id"": ""SLW1283""}",5dba83b3-52f3-44e6-84c0-7cb40b7e1cf7,2014-06-02 09:00:00+00,2026-08-10 19:03:05.467947+00,last_mile_delivery,Nissan Caravan,Diesel,Automatic,authorized_workshop,1450.20,high,12,38,2,C-053
df88a72f-b7c3-4a4b-afb5-c63149c34cad,LLX-COL-0174,c537c281-b6ad-4842-94ec-e937be0083e5,c18b03d8-00b7-4cb2-ae42-cd418f4f57a6,Toyota HiAce 174,vehicle,road_vehicle,Delivery_Van_1.5T,Toyota,HiAce,2020,WP PB-5906,JTFT08DVTE78X3GJJ,active,moderate,57.45,2020-04-13,2023-04-13,,141464.00,2026-07-01,2026-08-25,Toyota HiAce (Delivery Van 1.5T) operating out of LankaLogix - Colombo on last mile delivery duty.,"{""cargo_type"": ""retail_goods"", ""route_type"": ""retail_drop"", ""operating_shift"": ""day_night"", ""warehouse_short"": ""COL"", ""source_vehicle_id"": ""SLW0852""}",8ffcd728-c372-4540-9a04-7fa0c88e9347,2020-04-13 09:00:00+00,2026-08-10 19:03:05.467947+00,last_mile_delivery,Toyota HiAce,Diesel,Manual,authorized_workshop,1480.20,medium,6,16,0,C-054
ad400098-0fb8-46e6-83bf-4e2eeaccac60,LLX-COL-0175,c537c281-b6ad-4842-94ec-e937be0083e5,c18b03d8-00b7-4cb2-ae42-cd418f4f57a6,Toyota HiAce 175,vehicle,road_vehicle,Delivery_Van_1.5T,Toyota,HiAce,2021,WP PD-9468,JTFDZSSLVX75V3WR0,active,moderate,77.44,2021-07-07,2024-07-07,916fbbf1-64d9-4aeb-8446-d11375bdc5fd,153380.00,2026-03-23,2026-09-20,Toyota HiAce (Delivery Van 1.5T) operating out of LankaLogix - Colombo on last mile delivery duty.,"{""cargo_type"": ""consumer_goods"", ""route_type"": ""retail_drop"", ""operating_shift"": ""day_night"", ""warehouse_short"": ""COL"", ""source_vehicle_id"": ""SLW0217""}",dff1d306-f643-4c9e-abb3-5409e072abc4,2021-07-07 09:00:00+00,2026-08-10 19:03:05.467947+00,last_mile_delivery,Toyota HiAce,Diesel,Automatic,OEM_dealer,1572.90,high,6,18,0,C-055
e2078a98-cb72-4aa2-b04e-f3b6b4674524,LLX-COL-0176,c537c281-b6ad-4842-94ec-e937be0083e5,c18b03d8-00b7-4cb2-ae42-cd418f4f57a6,Nissan Caravan 176,vehicle,road_vehicle,Delivery_Van_1.5T,Nissan,Caravan,2021,WP PD-2704,JN1T4FNA6N3XLBDG4,active,good,94.69,2021-07-15,2024-07-15,e7889aec-2db4-4a78-b8a7-873db0af92b6,151776.00,2026-08-06,2027-02-11,Nissan Caravan (Delivery Van 1.5T) operating out of LankaLogix - Colombo on last mile delivery duty.,"{""cargo_type"": ""retail_goods"", ""route_type"": ""retail_drop"", ""operating_shift"": ""day"", ""warehouse_short"": ""COL"", ""source_vehicle_id"": ""SLW0066""}",66b4f764-8e90-4915-9c0a-f21f27ae4f4d,2021-07-15 09:00:00+00,2026-08-10 19:03:05.467947+00,last_mile_delivery,Nissan Caravan,Diesel,Automatic,OEM_dealer,1481.30,critical,6,20,0,C-056
9ed31ad0-8f08-49b4-b090-34050c7e921f,LLX-COL-0177,c537c281-b6ad-4842-94ec-e937be0083e5,c18b03d8-00b7-4cb2-ae42-cd418f4f57a6,Nissan Caravan 177,vehicle,road_vehicle,Delivery_Van_1.5T,Nissan,Caravan,2017,WP PC-3237,JN1SJ44ZYKEWRNPX3,active,moderate,56.89,2017-06-22,2020-06-22,,199790.00,2026-06-29,2026-12-11,Nissan Caravan (Delivery Van 1.5T) operating out of LankaLogix - Colombo on last mile delivery duty.,"{""cargo_type"": ""consumer_goods"", ""route_type"": ""urban_delivery"", ""operating_shift"": ""day"", ""warehouse_short"": ""COL"", ""source_vehicle_id"": ""SLW0384""}",8ab44335-30b9-42d8-a1c3-82e009ea7876,2017-06-22 09:00:00+00,2026-08-10 19:03:05.467947+00,last_mile_delivery,Nissan Caravan,Diesel,Manual,independent_garage,1497.30,medium,9,33,1,C-057
abdfcf50-6be4-45d9-8aee-87567837ca2a,LLX-COL-0178,c537c281-b6ad-4842-94ec-e937be0083e5,c18b03d8-00b7-4cb2-ae42-cd418f4f57a6,KDH Van 178,vehicle,road_vehicle,Delivery_Van_1.5T,KDH,Van,2016,WP PB-9470,JTGA5WM44TRKW23FW,active,good,70.17,2016-03-20,2019-03-20,ec8132ac-9310-44f0-89de-9a6f62074977,255454.00,2026-06-28,2026-12-29,KDH Van (Delivery Van 1.5T) operating out of LankaLogix - Colombo on last mile delivery duty.,"{""cargo_type"": ""consumer_goods"", ""route_type"": ""urban_delivery"", ""operating_shift"": ""day"", ""warehouse_short"": ""COL"", ""source_vehicle_id"": ""SLW0486""}",8ab44335-30b9-42d8-a1c3-82e009ea7876,2016-03-20 09:00:00+00,2026-08-10 19:03:05.467947+00,last_mile_delivery,KDH Van,Diesel,Manual,OEM_dealer,1619.70,high,10,39,2,C-058
46e78217-e55b-44fe-b1a7-aefe83373d5d,LLX-COL-0179,c537c281-b6ad-4842-94ec-e937be0083e5,c18b03d8-00b7-4cb2-ae42-cd418f4f57a6,Toyota HiAce 179,vehicle,road_vehicle,Delivery_Van_1.5T,Toyota,HiAce,2019,WP PE-3146,JTFSD7SBUEMAF44DS,active,moderate,80.41,2019-07-02,2022-07-02,a3ad3a8c-24a3-48ab-ba14-234b9a25eed1,167710.00,2026-07-30,2026-08-25,Toyota HiAce (Delivery Van 1.5T) operating out of LankaLogix - Colombo on last mile delivery duty.,"{""cargo_type"": ""retail_goods"", ""route_type"": ""retail_drop"", ""operating_shift"": ""day"", ""warehouse_short"": ""COL"", ""source_vehicle_id"": ""SLW0698""}",dff1d306-f643-4c9e-abb3-5409e072abc4,2019-07-02 09:00:00+00,2026-08-10 19:03:05.467947+00,last_mile_delivery,Toyota HiAce,Diesel,Automatic,authorized_workshop,1485.30,high,8,20,0,C-059
40c063d4-efd7-48da-96b8-b26ebcc4fd27,LLX-COL-0180,c537c281-b6ad-4842-94ec-e937be0083e5,c18b03d8-00b7-4cb2-ae42-cd418f4f57a6,KDH Van 180,vehicle,road_vehicle,Delivery_Van_1.5T,KDH,Van,2020,WP PB-4807,JTGUL1UBKEZXARTTJ,active,moderate,78.91,2020-07-11,2023-07-11,20126955-a95e-4d8b-8121-28b48b6f18a9,162151.00,2026-08-09,2026-08-13,KDH Van (Delivery Van 1.5T) operating out of LankaLogix - Colombo on last mile delivery duty.,"{""cargo_type"": ""retail_goods"", ""route_type"": ""retail_drop"", ""operating_shift"": ""day"", ""warehouse_short"": ""COL"", ""source_vehicle_id"": ""SLW0374""}",8ab44335-30b9-42d8-a1c3-82e009ea7876,2020-07-11 09:00:00+00,2026-08-10 19:03:05.467947+00,last_mile_delivery,KDH Van,Diesel,Automatic,OEM_dealer,1584.70,high,6,24,0,C-060
77b60749-37e3-4f4d-a241-400b32656556,LLX-COL-0181,c537c281-b6ad-4842-94ec-e937be0083e5,c18b03d8-00b7-4cb2-ae42-cd418f4f57a6,KDH Van 181,vehicle,road_vehicle,Delivery_Van_1.5T,KDH,Van,2020,WP PB-4203,JTGNN1SNRDV1WSU1S,active,good,57.68,2020-08-19,2023-08-19,3b1f95f4-2559-4de1-8997-370ca42c1792,148154.00,2026-07-09,2027-01-04,KDH Van (Delivery Van 1.5T) operating out of LankaLogix - Colombo on last mile delivery duty.,"{""cargo_type"": ""ecommerce_parcels"", ""route_type"": ""urban_delivery"", ""operating_shift"": ""day"", ""warehouse_short"": ""COL"", ""source_vehicle_id"": ""SLW0209""}",23b91a79-185d-41b8-aed8-22bf2cb9f4af,2020-08-19 09:00:00+00,2026-08-10 19:03:05.467947+00,last_mile_delivery,KDH Van,Diesel,Manual,authorized_workshop,1425.90,medium,7,17,0,D-001
d8b99a34-37e5-43f2-a1bc-ae002fbb4b60,LLX-COL-0182,c537c281-b6ad-4842-94ec-e937be0083e5,c18b03d8-00b7-4cb2-ae42-cd418f4f57a6,Toyota HiAce 182,vehicle,road_vehicle,Delivery_Van_1.5T,Toyota,HiAce,2020,WP PE-1216,JTFCS3GBYRLCR9KPP,active,good,55.51,2020-10-04,2023-10-04,,156362.00,2026-07-24,2026-12-02,Toyota HiAce (Delivery Van 1.5T) operating out of LankaLogix - Colombo on last mile delivery duty.,"{""cargo_type"": ""ecommerce_parcels"", ""route_type"": ""urban_delivery"", ""operating_shift"": ""day_night"", ""warehouse_short"": ""COL"", ""source_vehicle_id"": ""SLW0154""}",8ab44335-30b9-42d8-a1c3-82e009ea7876,2020-10-04 09:00:00+00,2026-08-10 19:03:05.467947+00,last_mile_delivery,Toyota HiAce,Diesel,Manual,authorized_workshop,1625.40,medium,7,21,0,D-002
2d5a3466-0edc-44f3-a648-7f3f7a1f2c14,LLX-COL-0183,c537c281-b6ad-4842-94ec-e937be0083e5,c18b03d8-00b7-4cb2-ae42-cd418f4f57a6,Nissan Caravan 183,vehicle,road_vehicle,Delivery_Van_1.5T,Nissan,Caravan,2014,WP PD-5425,JN1YD9EZ46PFL0EMZ,active,moderate,71.33,2014-06-24,2017-06-24,,262371.00,2026-06-06,2026-09-06,Nissan Caravan (Delivery Van 1.5T) operating out of LankaLogix - Colombo on last mile delivery duty.,"{""cargo_type"": ""ecommerce_parcels"", ""route_type"": ""retail_drop"", ""operating_shift"": ""day"", ""warehouse_short"": ""COL"", ""source_vehicle_id"": ""SLW0541""}",66b4f764-8e90-4915-9c0a-f21f27ae4f4d,2014-06-24 09:00:00+00,2026-08-10 19:03:05.467947+00,last_mile_delivery,Nissan Caravan,Diesel,Automatic,independent_garage,1378.60,high,12,35,1,D-003
07029f73-a075-433f-b076-6f13a106dacf,LLX-COL-0184,c537c281-b6ad-4842-94ec-e937be0083e5,c18b03d8-00b7-4cb2-ae42-cd418f4f57a6,KDH Van 184,vehicle,road_vehicle,Delivery_Van_1.5T,KDH,Van,2019,WP PC-3614,JTGGALKESPM4H7J7Z,active,moderate,65.68,2019-03-03,2022-03-03,,189222.00,2026-07-15,2026-10-04,KDH Van (Delivery Van 1.5T) operating out of LankaLogix - Colombo on last mile delivery duty.,"{""cargo_type"": ""ecommerce_parcels"", ""route_type"": ""retail_drop"", ""operating_shift"": ""day"", ""warehouse_short"": ""COL"", ""source_vehicle_id"": ""SLW0201""}",5dba83b3-52f3-44e6-84c0-7cb40b7e1cf7,2019-03-03 09:00:00+00,2026-08-10 19:03:05.467947+00,last_mile_delivery,KDH Van,Diesel,Manual,authorized_workshop,1521.50,high,8,28,0,D-004
f2d5a5b2-310e-43cf-82f1-309c2eb07785,LLX-COL-0185,c537c281-b6ad-4842-94ec-e937be0083e5,c18b03d8-00b7-4cb2-ae42-cd418f4f57a6,KDH Van 185,vehicle,road_vehicle,Delivery_Van_1.5T,KDH,Van,2021,WP PD-4287,JTGH575573TU0MU81,active,moderate,73.90,2021-03-11,2024-03-11,e28c3da1-f55d-449e-b0f3-b68586bc22e8,148086.00,2026-06-09,2026-10-17,KDH Van (Delivery Van 1.5T) operating out of LankaLogix - Colombo on last mile delivery duty.,"{""cargo_type"": ""retail_goods"", ""route_type"": ""retail_drop"", ""operating_shift"": ""three_shift"", ""warehouse_short"": ""COL"", ""source_vehicle_id"": ""SLW0421""}",fc975356-d5cc-4bdc-ab35-2dc5c648c8f2,2021-03-11 09:00:00+00,2026-08-10 19:03:05.467947+00,last_mile_delivery,KDH Van,Diesel,Automatic,authorized_workshop,1490.10,high,6,25,0,D-005
ab78f312-c0f2-4fb7-b82f-7b0fc8d91214,LLX-COL-0186,c537c281-b6ad-4842-94ec-e937be0083e5,c18b03d8-00b7-4cb2-ae42-cd418f4f57a6,Nissan Caravan 186,vehicle,road_vehicle,Delivery_Van_1.5T,Nissan,Caravan,2020,WP PC-5850,JN1GSMUVR3WYGGEZ8,active,poor,59.94,2020-02-12,2023-02-12,,140538.00,2026-07-08,2026-10-04,Nissan Caravan (Delivery Van 1.5T) operating out of LankaLogix - Colombo on last mile delivery duty.,"{""cargo_type"": ""retail_goods"", ""route_type"": ""urban_delivery"", ""operating_shift"": ""day_night"", ""warehouse_short"": ""COL"", ""source_vehicle_id"": ""SLW1197""}",dff1d306-f643-4c9e-abb3-5409e072abc4,2020-02-12 09:00:00+00,2026-08-10 19:03:05.467947+00,last_mile_delivery,Nissan Caravan,Diesel,Automatic,authorized_workshop,1547.30,medium,6,20,0,D-006
eabeb31f-6ede-4bd8-a157-1ff9190a3c4f,LLX-COL-0187,c537c281-b6ad-4842-94ec-e937be0083e5,c18b03d8-00b7-4cb2-ae42-cd418f4f57a6,Nissan Caravan 187,vehicle,road_vehicle,Delivery_Van_1.5T,Nissan,Caravan,2018,WP PD-2372,JN12TW6T54KJ43HSJ,active,poor,86.75,2018-03-08,2021-03-08,18a34e23-3be5-4058-9caa-d2075df591b8,208942.00,2026-03-24,2026-08-15,Nissan Caravan (Delivery Van 1.5T) operating out of LankaLogix - Colombo on last mile delivery duty.,"{""cargo_type"": ""consumer_goods"", ""route_type"": ""retail_drop"", ""operating_shift"": ""day"", ""warehouse_short"": ""COL"", ""source_vehicle_id"": ""SLW1247""}",294b7244-8922-4faa-8a66-ecf7f2d31ede,2018-03-08 09:00:00+00,2026-08-10 19:03:05.467947+00,last_mile_delivery,Nissan Caravan,Diesel,Manual,authorized_workshop,1568.80,critical,9,33,1,D-007
6b665a6c-e100-410e-8a91-4c407e4b69f9,LLX-COL-0188,c537c281-b6ad-4842-94ec-e937be0083e5,c18b03d8-00b7-4cb2-ae42-cd418f4f57a6,Toyota HiAce 188,vehicle,road_vehicle,Delivery_Van_1.5T,Toyota,HiAce,2020,WP PE-6461,JTFCGW35H24867XZ9,inactive,good,77.75,2020-10-20,2023-10-20,,144049.00,2026-07-22,2027-01-14,Toyota HiAce (Delivery Van 1.5T) operating out of LankaLogix - Colombo on last mile delivery duty.,"{""cargo_type"": ""ecommerce_parcels"", ""route_type"": ""retail_drop"", ""operating_shift"": ""day_night"", ""warehouse_short"": ""COL"", ""source_vehicle_id"": ""SLW0229""}",aedad933-6f7e-4d2e-b6df-191c9e459887,2020-10-20 09:00:00+00,2026-08-10 19:03:05.467947+00,last_mile_delivery,Toyota HiAce,Diesel,Automatic,independent_garage,1455.70,high,6,21,0,D-008
855153b3-5faa-4f63-835b-df9490eabf1e,LLX-COL-0189,c537c281-b6ad-4842-94ec-e937be0083e5,c18b03d8-00b7-4cb2-ae42-cd418f4f57a6,Nissan Caravan 189,vehicle,road_vehicle,Delivery_Van_1.5T,Nissan,Caravan,2021,WP PE-7918,JN18HX76V3EUCTF2L,active,moderate,90.93,2021-05-17,2024-05-17,6c5f95fe-93a9-459f-988b-b5f6952e7382,122818.00,2026-06-11,2026-09-24,Nissan Caravan (Delivery Van 1.5T) operating out of LankaLogix - Colombo on last mile delivery duty.,"{""cargo_type"": ""ecommerce_parcels"", ""route_type"": ""retail_drop"", ""operating_shift"": ""day_night"", ""warehouse_short"": ""COL"", ""source_vehicle_id"": ""SLW0571""}",5dba83b3-52f3-44e6-84c0-7cb40b7e1cf7,2021-05-17 09:00:00+00,2026-08-10 19:03:05.467947+00,last_mile_delivery,Nissan Caravan,Diesel,Automatic,authorized_workshop,1599.80,critical,6,19,0,D-009
320de2c2-203b-40e0-b395-7a72c1b70e14,LLX-COL-0190,c537c281-b6ad-4842-94ec-e937be0083e5,c18b03d8-00b7-4cb2-ae42-cd418f4f57a6,Nissan Caravan 190,vehicle,road_vehicle,Delivery_Van_1.5T,Nissan,Caravan,2019,WP PB-6361,JN1GR1DWH2XYHLMRN,active,moderate,73.76,2019-06-05,2022-06-05,,180930.00,2026-04-28,2026-09-22,Nissan Caravan (Delivery Van 1.5T) operating out of LankaLogix - Colombo on last mile delivery duty.,"{""cargo_type"": ""retail_goods"", ""route_type"": ""urban_delivery"", ""operating_shift"": ""day"", ""warehouse_short"": ""COL"", ""source_vehicle_id"": ""SLW0307""}",dff1d306-f643-4c9e-abb3-5409e072abc4,2019-06-05 09:00:00+00,2026-08-10 19:03:05.467947+00,last_mile_delivery,Nissan Caravan,Diesel,Automatic,authorized_workshop,1653.70,high,8,30,0,D-010
14cff7a3-843c-409b-80b3-a57cc66fc4c2,LLX-COL-0191,c537c281-b6ad-4842-94ec-e937be0083e5,c18b03d8-00b7-4cb2-ae42-cd418f4f57a6,Toyota HiAce 191,vehicle,road_vehicle,Delivery_Van_1.5T,Toyota,HiAce,2019,WP PE-3573,JTF0WPYLRPY2PRXMM,active,moderate,59.50,2019-08-19,2022-08-19,b10c3b1b-0504-4c02-9577-38f300514499,175665.00,2026-06-03,2026-12-13,Toyota HiAce (Delivery Van 1.5T) operating out of LankaLogix - Colombo on last mile delivery duty.,"{""cargo_type"": ""ecommerce_parcels"", ""route_type"": ""urban_delivery"", ""operating_shift"": ""day"", ""warehouse_short"": ""COL"", ""source_vehicle_id"": ""SLW0716""}",5dba83b3-52f3-44e6-84c0-7cb40b7e1cf7,2019-08-19 09:00:00+00,2026-08-10 19:03:05.467947+00,last_mile_delivery,Toyota HiAce,Diesel,Manual,authorized_workshop,1484.10,medium,8,25,0,D-011
d2f1d888-e72d-43af-9e4b-aff36d0da7a5,LLX-COL-0192,c537c281-b6ad-4842-94ec-e937be0083e5,c18b03d8-00b7-4cb2-ae42-cd418f4f57a6,KDH Van 192,vehicle,road_vehicle,Delivery_Van_1.5T,KDH,Van,2020,WP PB-4830,JTGSNVK7V0J81BD49,active,good,67.25,2020-08-17,2023-08-17,3c6ba945-55ef-47fe-9802-5f789e60e620,159245.00,2026-08-08,2026-08-12,KDH Van (Delivery Van 1.5T) operating out of LankaLogix - Colombo on last mile delivery duty.,"{""cargo_type"": ""consumer_goods"", ""route_type"": ""retail_drop"", ""operating_shift"": ""day"", ""warehouse_short"": ""COL"", ""source_vehicle_id"": ""SLW0316""}",8ffcd728-c372-4540-9a04-7fa0c88e9347,2020-08-17 09:00:00+00,2026-08-10 19:03:05.467947+00,last_mile_delivery,KDH Van,Diesel,Manual,authorized_workshop,1517.40,high,7,23,0,D-012
c37cac35-0aa8-4526-b95e-3e2c1e845380,LLX-COL-0193,c537c281-b6ad-4842-94ec-e937be0083e5,c18b03d8-00b7-4cb2-ae42-cd418f4f57a6,KDH Van 193,vehicle,road_vehicle,Delivery_Van_1.5T,KDH,Van,2020,WP PD-7475,JTGC0VLC651ZCBECN,active,moderate,48.58,2020-12-23,2023-12-23,b737044f-e300-48b8-8023-aa3efab6953e,150624.00,2026-06-24,2026-12-02,KDH Van (Delivery Van 1.5T) operating out of LankaLogix - Colombo on last mile delivery duty.,"{""cargo_type"": ""ecommerce_parcels"", ""route_type"": ""urban_delivery"", ""operating_shift"": ""day_night"", ""warehouse_short"": ""COL"", ""source_vehicle_id"": ""SLW0679""}",dff1d306-f643-4c9e-abb3-5409e072abc4,2020-12-23 09:00:00+00,2026-08-10 19:03:05.467947+00,last_mile_delivery,KDH Van,Diesel,Manual,OEM_dealer,1450.20,medium,6,23,0,D-013
c8bebbed-9127-48f9-b5d1-45c8a1d94139,LLX-COL-0194,c537c281-b6ad-4842-94ec-e937be0083e5,c18b03d8-00b7-4cb2-ae42-cd418f4f57a6,KDH Van 194,vehicle,road_vehicle,Delivery_Van_1.5T,KDH,Van,2020,WP PB-8729,JTG9KPFW2VYCHGVU4,inactive,moderate,59.69,2020-04-25,2023-04-25,,164747.00,2026-07-31,2026-09-05,KDH Van (Delivery Van 1.5T) operating out of LankaLogix - Colombo on last mile delivery duty.,"{""cargo_type"": ""retail_goods"", ""route_type"": ""retail_drop"", ""operating_shift"": ""day"", ""warehouse_short"": ""COL"", ""source_vehicle_id"": ""SLW0529""}",e3203996-7192-4f35-b4d9-8d19dd61882f,2020-04-25 09:00:00+00,2026-08-10 19:03:05.467947+00,last_mile_delivery,KDH Van,Diesel,Automatic,independent_garage,1445.40,medium,7,26,1,D-014
3de86ea2-6c64-48cb-89d2-edb53749c033,LLX-COL-0195,c537c281-b6ad-4842-94ec-e937be0083e5,c18b03d8-00b7-4cb2-ae42-cd418f4f57a6,Toyota HiAce 195,vehicle,road_vehicle,Delivery_Van_1.5T,Toyota,HiAce,2021,WP PD-6794,JTF8WBWF95ZN1EDXM,active,moderate,80.36,2021-10-04,2024-10-04,bdcafd2b-af00-4468-9bfa-56fec76a416b,138893.00,2026-05-28,2026-09-09,Toyota HiAce (Delivery Van 1.5T) operating out of LankaLogix - Colombo on last mile delivery duty.,"{""cargo_type"": ""retail_goods"", ""route_type"": ""urban_delivery"", ""operating_shift"": ""day"", ""warehouse_short"": ""COL"", ""source_vehicle_id"": ""SLW0169""}",5dba83b3-52f3-44e6-84c0-7cb40b7e1cf7,2021-10-04 09:00:00+00,2026-08-10 19:03:05.467947+00,last_mile_delivery,Toyota HiAce,Diesel,Manual,independent_garage,1512.70,high,6,19,0,D-015
8031532f-cc33-4340-88a1-9f7037de6f64,LLX-COL-0196,c537c281-b6ad-4842-94ec-e937be0083e5,c18b03d8-00b7-4cb2-ae42-cd418f4f57a6,KDH Van 196,vehicle,road_vehicle,Delivery_Van_1.5T,KDH,Van,2017,WP PC-7460,JTGNJU84YXBKMXMTM,inactive,moderate,59.95,2017-02-14,2020-02-14,,196875.00,2026-03-31,2026-09-27,KDH Van (Delivery Van 1.5T) operating out of LankaLogix - Colombo on last mile delivery duty.,"{""cargo_type"": ""retail_goods"", ""route_type"": ""retail_drop"", ""operating_shift"": ""day"", ""warehouse_short"": ""COL"", ""source_vehicle_id"": ""SLW0739""}",e3203996-7192-4f35-b4d9-8d19dd61882f,2017-02-14 09:00:00+00,2026-08-10 19:03:05.467947+00,last_mile_delivery,KDH Van,Diesel,Manual,authorized_workshop,1510.40,medium,9,32,0,D-016
4fcdca25-785a-413b-923b-14a0d95f346a,LLX-COL-0197,c537c281-b6ad-4842-94ec-e937be0083e5,c18b03d8-00b7-4cb2-ae42-cd418f4f57a6,Nissan Caravan 197,vehicle,road_vehicle,Delivery_Van_1.5T,Nissan,Caravan,2013,WP PC-9804,JN15ZSXDR7W3J5DT2,under_maintenance,critical,39.15,2013-03-26,2016-03-26,,349866.00,2026-04-09,2026-08-17,Nissan Caravan (Delivery Van 1.5T) operating out of LankaLogix - Colombo on last mile delivery duty.,"{""cargo_type"": ""consumer_goods"", ""route_type"": ""retail_drop"", ""operating_shift"": ""day_night"", ""warehouse_short"": ""COL"", ""source_vehicle_id"": ""SLW0912""}",8ab44335-30b9-42d8-a1c3-82e009ea7876,2013-03-26 09:00:00+00,2026-08-10 19:03:05.467947+00,last_mile_delivery,Nissan Caravan,Diesel,Manual,independent_garage,1468.10,medium,14,45,3,D-017
6917ece3-c403-4a2a-b2d9-777e87c34b71,LLX-COL-0198,c537c281-b6ad-4842-94ec-e937be0083e5,c18b03d8-00b7-4cb2-ae42-cd418f4f57a6,KDH Van 198,vehicle,road_vehicle,Delivery_Van_1.5T,KDH,Van,2014,WP PC-2558,JTG42X9D4WWGKV1SP,inactive,moderate,60.58,2014-11-04,2017-11-04,,290229.00,2026-08-02,2026-09-05,KDH Van (Delivery Van 1.5T) operating out of LankaLogix - Colombo on last mile delivery duty.,"{""cargo_type"": ""consumer_goods"", ""route_type"": ""urban_delivery"", ""operating_shift"": ""day"", ""warehouse_short"": ""COL"", ""source_vehicle_id"": ""SLW0587""}",e3203996-7192-4f35-b4d9-8d19dd61882f,2014-11-04 09:00:00+00,2026-08-10 19:03:05.467947+00,last_mile_delivery,KDH Van,Diesel,Automatic,authorized_workshop,1514.00,medium,12,35,1,D-018
6afa9f77-c0a3-49fa-8f00-1c6dbad64985,LLX-COL-0199,c537c281-b6ad-4842-94ec-e937be0083e5,c18b03d8-00b7-4cb2-ae42-cd418f4f57a6,Toyota HiAce 199,vehicle,road_vehicle,Delivery_Van_1.5T,Toyota,HiAce,2020,WP PD-1870,JTFWD4YXME6KH3Y1J,under_maintenance,poor,79.54,2020-04-24,2023-04-24,,149988.00,2026-03-08,2026-08-19,Toyota HiAce (Delivery Van 1.5T) operating out of LankaLogix - Colombo on last mile delivery duty.,"{""cargo_type"": ""consumer_goods"", ""route_type"": ""retail_drop"", ""operating_shift"": ""day_night"", ""warehouse_short"": ""COL"", ""source_vehicle_id"": ""SLW0579""}",fc975356-d5cc-4bdc-ab35-2dc5c648c8f2,2020-04-24 09:00:00+00,2026-08-10 19:03:05.467947+00,last_mile_delivery,Toyota HiAce,Diesel,Manual,authorized_workshop,1599.50,high,6,20,0,D-019
810d6693-00f6-4025-b87d-85ffd1cfdf8f,LLX-COL-0200,c537c281-b6ad-4842-94ec-e937be0083e5,c18b03d8-00b7-4cb2-ae42-cd418f4f57a6,KDH Van 200,vehicle,road_vehicle,Delivery_Van_1.5T,KDH,Van,2020,WP PE-7905,JTG4FT411EK1Y3JVS,active,moderate,72.46,2020-06-24,2023-06-24,3b1f95f4-2559-4de1-8997-370ca42c1792,129599.00,2026-07-29,2027-01-20,KDH Van (Delivery Van 1.5T) operating out of LankaLogix - Colombo on last mile delivery duty.,"{""cargo_type"": ""consumer_goods"", ""route_type"": ""retail_drop"", ""operating_shift"": ""day"", ""warehouse_short"": ""COL"", ""source_vehicle_id"": ""SLW1160""}",23b91a79-185d-41b8-aed8-22bf2cb9f4af,2020-06-24 09:00:00+00,2026-08-10 19:03:05.467947+00,last_mile_delivery,KDH Van,Diesel,Automatic,OEM_dealer,1514.90,high,6,21,0,D-020
00cf7e25-f31a-41d9-b997-fe70ba1deeba,LLX-COL-0201,c537c281-b6ad-4842-94ec-e937be0083e5,c18b03d8-00b7-4cb2-ae42-cd418f4f57a6,Nissan Caravan 201,vehicle,road_vehicle,Delivery_Van_1.5T,Nissan,Caravan,2015,WP PC-2033,JN1E254BLB96GHSJZ,active,moderate,78.67,2015-07-19,2018-07-19,,316279.00,2026-04-22,2026-09-04,Nissan Caravan (Delivery Van 1.5T) operating out of LankaLogix - Colombo on last mile delivery duty.,"{""cargo_type"": ""retail_goods"", ""route_type"": ""retail_drop"", ""operating_shift"": ""day_night"", ""warehouse_short"": ""COL"", ""source_vehicle_id"": ""SLW1376""}",e3203996-7192-4f35-b4d9-8d19dd61882f,2015-07-19 09:00:00+00,2026-08-10 19:03:05.467947+00,last_mile_delivery,Nissan Caravan,Diesel,Manual,authorized_workshop,1587.60,high,12,43,2,D-021
9e599506-d8b7-45a1-bc29-037aaeca854b,LLX-COL-0202,c537c281-b6ad-4842-94ec-e937be0083e5,c18b03d8-00b7-4cb2-ae42-cd418f4f57a6,KDH Van 202,vehicle,road_vehicle,Delivery_Van_1.5T,KDH,Van,2019,WP PB-1845,JTGNVKREMFAZ89T8V,active,moderate,51.91,2019-08-02,2022-08-02,2708d4f5-3ad6-4440-8965-792bc8ba02ec,175900.00,2026-05-16,2026-10-17,KDH Van (Delivery Van 1.5T) operating out of LankaLogix - Colombo on last mile delivery duty.,"{""cargo_type"": ""consumer_goods"", ""route_type"": ""retail_drop"", ""operating_shift"": ""day_night"", ""warehouse_short"": ""COL"", ""source_vehicle_id"": ""SLW0137""}",8ab44335-30b9-42d8-a1c3-82e009ea7876,2019-08-02 09:00:00+00,2026-08-10 19:03:05.467947+00,last_mile_delivery,KDH Van,Diesel,Manual,independent_garage,1491.00,medium,7,26,0,D-022
fa7b7a96-da06-4b69-8d99-43d777490b27,LLX-COL-0203,c537c281-b6ad-4842-94ec-e937be0083e5,c18b03d8-00b7-4cb2-ae42-cd418f4f57a6,Toyota HiAce 203,vehicle,road_vehicle,Delivery_Van_1.5T,Toyota,HiAce,2020,WP PE-9940,JTF0UR4W9L29NY8G2,active,good,54.89,2020-10-18,2023-10-18,4ba7d1f3-0eb6-413f-bac9-4a25081e347e,167080.00,2026-06-26,2027-01-03,Toyota HiAce (Delivery Van 1.5T) operating out of LankaLogix - Colombo on last mile delivery duty.,"{""cargo_type"": ""retail_goods"", ""route_type"": ""urban_delivery"", ""operating_shift"": ""day"", ""warehouse_short"": ""COL"", ""source_vehicle_id"": ""SLW1315""}",8ffcd728-c372-4540-9a04-7fa0c88e9347,2020-10-18 09:00:00+00,2026-08-10 19:03:05.467947+00,last_mile_delivery,Toyota HiAce,Diesel,Manual,OEM_dealer,1461.50,medium,6,22,0,D-023
ce801a8a-fe4c-49af-ade0-fc508f833599,LLX-COL-0204,c537c281-b6ad-4842-94ec-e937be0083e5,c18b03d8-00b7-4cb2-ae42-cd418f4f57a6,KDH Van 204,vehicle,road_vehicle,Delivery_Van_1.5T,KDH,Van,2020,WP PD-8340,JTG4D2FN37FRJU3JP,active,good,47.66,2020-11-26,2023-11-26,29149225-4247-42a7-8958-7e2e64b8e427,143948.00,2026-07-13,2026-11-09,KDH Van (Delivery Van 1.5T) operating out of LankaLogix - Colombo on last mile delivery duty.,"{""cargo_type"": ""ecommerce_parcels"", ""route_type"": ""urban_delivery"", ""operating_shift"": ""day"", ""warehouse_short"": ""COL"", ""source_vehicle_id"": ""SLW0556""}",294b7244-8922-4faa-8a66-ecf7f2d31ede,2020-11-26 09:00:00+00,2026-08-10 19:03:05.467947+00,last_mile_delivery,KDH Van,Diesel,Manual,authorized_workshop,1418.40,medium,6,20,0,D-024
14646eb1-591f-4498-a61a-a85ee82ca0e4,LLX-COL-0205,c537c281-b6ad-4842-94ec-e937be0083e5,c18b03d8-00b7-4cb2-ae42-cd418f4f57a6,KDH Van 205,vehicle,road_vehicle,Delivery_Van_1.5T,KDH,Van,2020,WP PE-7792,JTGT02EZM90BKD23Z,active,good,63.94,2020-04-09,2023-04-09,9f5f84e3-bce1-4c93-b37b-5c218d7ca28b,162414.00,2026-07-06,2026-12-16,KDH Van (Delivery Van 1.5T) operating out of LankaLogix - Colombo on last mile delivery duty.,"{""cargo_type"": ""consumer_goods"", ""route_type"": ""retail_drop"", ""operating_shift"": ""day"", ""warehouse_short"": ""COL"", ""source_vehicle_id"": ""SLW1050""}",294b7244-8922-4faa-8a66-ecf7f2d31ede,2020-04-09 09:00:00+00,2026-08-10 19:03:05.467947+00,last_mile_delivery,KDH Van,Diesel,Manual,independent_garage,1546.00,high,7,23,0,D-025
9001115e-c9ba-4b35-9157-c79eef156923,LLX-COL-0206,c537c281-b6ad-4842-94ec-e937be0083e5,c18b03d8-00b7-4cb2-ae42-cd418f4f57a6,Nissan Caravan 206,vehicle,road_vehicle,Delivery_Van_1.5T,Nissan,Caravan,2020,WP PC-2726,JN1JNWBFLUM86WKFL,active,moderate,45.77,2020-12-22,2023-12-22,9e546cbf-aa22-4446-a510-e3800644772d,156181.00,2026-07-17,2026-10-03,Nissan Caravan (Delivery Van 1.5T) operating out of LankaLogix - Colombo on last mile delivery duty.,"{""cargo_type"": ""consumer_goods"", ""route_type"": ""urban_delivery"", ""operating_shift"": ""day_night"", ""warehouse_short"": ""COL"", ""source_vehicle_id"": ""SLW0461""}",fc975356-d5cc-4bdc-ab35-2dc5c648c8f2,2020-12-22 09:00:00+00,2026-08-10 19:03:05.467947+00,last_mile_delivery,Nissan Caravan,Diesel,Manual,independent_garage,1553.20,medium,6,27,0,D-026
93dbd4d3-6b7e-4cb5-8592-a060511a8983,LLX-COL-0207,c537c281-b6ad-4842-94ec-e937be0083e5,c18b03d8-00b7-4cb2-ae42-cd418f4f57a6,Toyota HiAce 207,vehicle,road_vehicle,Delivery_Van_1.5T,Toyota,HiAce,2021,WP PD-2608,JTFKPKPS3CC6UNLU1,active,good,77.68,2021-06-17,2024-06-17,c0bdfba4-2737-4375-a054-7e05fcb90314,143293.00,2026-07-12,2027-01-07,Toyota HiAce (Delivery Van 1.5T) operating out of LankaLogix - Colombo on last mile delivery duty.,"{""cargo_type"": ""retail_goods"", ""route_type"": ""retail_drop"", ""operating_shift"": ""day"", ""warehouse_short"": ""COL"", ""source_vehicle_id"": ""SLW0909""}",66b4f764-8e90-4915-9c0a-f21f27ae4f4d,2021-06-17 09:00:00+00,2026-08-10 19:03:05.467947+00,last_mile_delivery,Toyota HiAce,Diesel,Manual,authorized_workshop,1524.10,high,6,19,0,D-027
b173aa11-f495-44aa-9984-14e5c161c094,LLX-COL-0208,c537c281-b6ad-4842-94ec-e937be0083e5,c18b03d8-00b7-4cb2-ae42-cd418f4f57a6,KDH Van 208,vehicle,road_vehicle,Delivery_Van_1.5T,KDH,Van,2021,WP PD-3340,JTG22F8JGK50DED90,active,good,51.13,2021-09-27,2024-09-27,2708d4f5-3ad6-4440-8965-792bc8ba02ec,132756.00,2026-07-05,2026-12-26,KDH Van (Delivery Van 1.5T) operating out of LankaLogix - Colombo on last mile delivery duty.,"{""cargo_type"": ""ecommerce_parcels"", ""route_type"": ""retail_drop"", ""operating_shift"": ""day_night"", ""warehouse_short"": ""COL"", ""source_vehicle_id"": ""SLW0055""}",fc975356-d5cc-4bdc-ab35-2dc5c648c8f2,2021-09-27 09:00:00+00,2026-08-10 19:03:05.467947+00,last_mile_delivery,KDH Van,Diesel,Manual,authorized_workshop,1583.00,medium,6,20,1,D-028
f11ca249-e220-4dd6-85cb-a4bbabcd04fe,LLX-COL-0209,c537c281-b6ad-4842-94ec-e937be0083e5,c18b03d8-00b7-4cb2-ae42-cd418f4f57a6,Nissan Caravan 209,vehicle,road_vehicle,Delivery_Van_1.5T,Nissan,Caravan,2018,WP PD-4549,JN1VWGKVVG0MCY4AF,active,good,39.71,2018-08-07,2021-08-07,,254762.00,2026-07-02,2026-12-03,Nissan Caravan (Delivery Van 1.5T) operating out of LankaLogix - Colombo on last mile delivery duty.,"{""cargo_type"": ""retail_goods"", ""route_type"": ""urban_delivery"", ""operating_shift"": ""day"", ""warehouse_short"": ""COL"", ""source_vehicle_id"": ""SLW0310""}",aedad933-6f7e-4d2e-b6df-191c9e459887,2018-08-07 09:00:00+00,2026-08-10 19:03:05.467947+00,last_mile_delivery,Nissan Caravan,Diesel,Manual,OEM_dealer,1561.80,medium,9,34,0,D-029
3d631dd0-158a-4b03-9335-dcb8890dacac,LLX-COL-0210,c537c281-b6ad-4842-94ec-e937be0083e5,c18b03d8-00b7-4cb2-ae42-cd418f4f57a6,KDH Van 210,vehicle,road_vehicle,Delivery_Van_1.5T,KDH,Van,2020,WP PB-6587,JTGELHMT0PEAJRKH1,active,moderate,83.76,2020-01-10,2023-01-10,57a17a7b-fa63-4040-bc20-3b0f6d673e3c,157010.00,2026-08-10,2026-08-11,KDH Van (Delivery Van 1.5T) operating out of LankaLogix - Colombo on last mile delivery duty.,"{""cargo_type"": ""retail_goods"", ""route_type"": ""urban_delivery"", ""operating_shift"": ""day"", ""warehouse_short"": ""COL"", ""source_vehicle_id"": ""SLW0644""}",23b91a79-185d-41b8-aed8-22bf2cb9f4af,2020-01-10 09:00:00+00,2026-08-10 19:03:05.467947+00,last_mile_delivery,KDH Van,Diesel,Manual,OEM_dealer,1560.70,critical,6,21,0,D-030
a87725d8-9668-4fd1-91e2-a723551f64cb,LLX-COL-0211,c537c281-b6ad-4842-94ec-e937be0083e5,c18b03d8-00b7-4cb2-ae42-cd418f4f57a6,KDH Van 211,vehicle,road_vehicle,Delivery_Van_1.5T,KDH,Van,2018,WP PD-1649,JTGNH6DCDS08RYTJK,active,poor,90.85,2018-09-07,2021-09-07,ce3a6f56-693b-4df4-b602-ed2623c68aad,206679.00,2026-05-16,2026-11-08,KDH Van (Delivery Van 1.5T) operating out of LankaLogix - Colombo on last mile delivery duty.,"{""cargo_type"": ""consumer_goods"", ""route_type"": ""retail_drop"", ""operating_shift"": ""day"", ""warehouse_short"": ""COL"", ""source_vehicle_id"": ""SLW0277""}",294b7244-8922-4faa-8a66-ecf7f2d31ede,2018-09-07 09:00:00+00,2026-08-10 19:03:05.467947+00,last_mile_delivery,KDH Van,Diesel,Manual,independent_garage,1576.90,critical,9,30,1,D-031
76b92cfb-14fb-4070-a5c9-57b5d0bcac2a,LLX-COL-0212,c537c281-b6ad-4842-94ec-e937be0083e5,c18b03d8-00b7-4cb2-ae42-cd418f4f57a6,KDH Van 212,vehicle,road_vehicle,Delivery_Van_1.5T,KDH,Van,2016,WP PB-8844,JTGNTYYHJRKDKXW24,active,moderate,73.02,2016-12-10,2019-12-10,a367378f-0627-4a69-9fcd-33330bb4fe2c,275172.00,2026-06-17,2026-08-16,KDH Van (Delivery Van 1.5T) operating out of LankaLogix - Colombo on last mile delivery duty.,"{""cargo_type"": ""consumer_goods"", ""route_type"": ""urban_delivery"", ""operating_shift"": ""day_night"", ""warehouse_short"": ""COL"", ""source_vehicle_id"": ""SLW0786""}",fc975356-d5cc-4bdc-ab35-2dc5c648c8f2,2016-12-10 09:00:00+00,2026-08-10 19:03:05.467947+00,last_mile_delivery,KDH Van,Diesel,Manual,OEM_dealer,1466.80,high,11,35,1,D-032
32814e54-e803-4a7f-bff9-252710b13c74,LLX-COL-0213,c537c281-b6ad-4842-94ec-e937be0083e5,c18b03d8-00b7-4cb2-ae42-cd418f4f57a6,Nissan Caravan 213,vehicle,road_vehicle,Delivery_Van_1.5T,Nissan,Caravan,2021,WP PE-5262,JN1X3F9JPPDRCHFUU,active,poor,46.32,2021-05-28,2024-05-28,7e4fde36-648a-411f-9e69-54dd9be25b54,137362.00,2026-03-08,2026-09-28,Nissan Caravan (Delivery Van 1.5T) operating out of LankaLogix - Colombo on last mile delivery duty.,"{""cargo_type"": ""retail_goods"", ""route_type"": ""retail_drop"", ""operating_shift"": ""day"", ""warehouse_short"": ""COL"", ""source_vehicle_id"": ""SLW1255""}",e3203996-7192-4f35-b4d9-8d19dd61882f,2021-05-28 09:00:00+00,2026-08-10 19:03:05.467947+00,last_mile_delivery,Nissan Caravan,Diesel,Automatic,independent_garage,1569.70,medium,6,16,0,D-033
3803223f-20b5-481e-a321-5a4a4a6a4d97,LLX-COL-0214,c537c281-b6ad-4842-94ec-e937be0083e5,c18b03d8-00b7-4cb2-ae42-cd418f4f57a6,Nissan Caravan 214,vehicle,road_vehicle,Delivery_Van_1.5T,Nissan,Caravan,2018,WP PE-2502,JN1C7K4UFZSBTPRZ5,active,moderate,77.82,2018-06-15,2021-06-15,8cd77a0c-12e6-4ac6-b2a7-860b1650a81e,201066.00,2026-05-07,2026-10-14,Nissan Caravan (Delivery Van 1.5T) operating out of LankaLogix - Colombo on last mile delivery duty.,"{""cargo_type"": ""retail_goods"", ""route_type"": ""retail_drop"", ""operating_shift"": ""day_night"", ""warehouse_short"": ""COL"", ""source_vehicle_id"": ""SLW1053""}",23b91a79-185d-41b8-aed8-22bf2cb9f4af,2018-06-15 09:00:00+00,2026-08-10 19:03:05.467947+00,last_mile_delivery,Nissan Caravan,Diesel,Manual,OEM_dealer,1461.40,high,8,33,0,D-034
494e5f94-eed5-483d-85a8-02c2660b8d4d,LLX-COL-0215,c537c281-b6ad-4842-94ec-e937be0083e5,c18b03d8-00b7-4cb2-ae42-cd418f4f57a6,Toyota HiAce 215,vehicle,road_vehicle,Delivery_Van_1.5T,Toyota,HiAce,2019,WP PB-2295,JTFMVMUE8WF1BHTPB,active,good,39.15,2019-11-11,2022-11-11,cd077c24-ded4-4f10-9145-7381355aa6b2,190189.00,2026-07-29,2027-02-28,Toyota HiAce (Delivery Van 1.5T) operating out of LankaLogix - Colombo on last mile delivery duty.,"{""cargo_type"": ""ecommerce_parcels"", ""route_type"": ""retail_drop"", ""operating_shift"": ""day"", ""warehouse_short"": ""COL"", ""source_vehicle_id"": ""SLW1124""}",23b91a79-185d-41b8-aed8-22bf2cb9f4af,2019-11-11 09:00:00+00,2026-08-10 19:03:05.467947+00,last_mile_delivery,Toyota HiAce,Diesel,Manual,OEM_dealer,1634.60,medium,8,26,1,D-035
1b3b71fc-190f-4ef5-9cbb-16a20b9be120,LLX-COL-0216,c537c281-b6ad-4842-94ec-e937be0083e5,c18b03d8-00b7-4cb2-ae42-cd418f4f57a6,KDH Van 216,vehicle,road_vehicle,Delivery_Van_1.5T,KDH,Van,2020,WP PE-9523,JTG64F2RT2HNTWAMF,active,poor,95.60,2020-03-08,2023-03-08,9eb29422-f448-4bb6-ab3d-c580defcd756,176440.00,2026-05-06,2026-08-20,KDH Van (Delivery Van 1.5T) operating out of LankaLogix - Colombo on last mile delivery duty.,"{""cargo_type"": ""consumer_goods"", ""route_type"": ""urban_delivery"", ""operating_shift"": ""day"", ""warehouse_short"": ""COL"", ""source_vehicle_id"": ""SLW1058""}",5dba83b3-52f3-44e6-84c0-7cb40b7e1cf7,2020-03-08 09:00:00+00,2026-08-10 19:03:05.467947+00,last_mile_delivery,KDH Van,Diesel,Automatic,independent_garage,1465.30,critical,7,30,0,D-036
a69c03e7-be17-4261-9931-28c92a5dd71f,LLX-COL-0217,c537c281-b6ad-4842-94ec-e937be0083e5,c18b03d8-00b7-4cb2-ae42-cd418f4f57a6,KDH Van 217,vehicle,road_vehicle,Delivery_Van_1.5T,KDH,Van,2020,WP PB-5133,JTGXSKEV5VXR050UR,active,poor,88.27,2020-05-23,2023-05-23,,183438.00,2026-05-15,2026-10-20,KDH Van (Delivery Van 1.5T) operating out of LankaLogix - Colombo on last mile delivery duty.,"{""cargo_type"": ""consumer_goods"", ""route_type"": ""retail_drop"", ""operating_shift"": ""day"", ""warehouse_short"": ""COL"", ""source_vehicle_id"": ""SLW1289""}",aedad933-6f7e-4d2e-b6df-191c9e459887,2020-05-23 09:00:00+00,2026-08-10 19:03:05.467947+00,last_mile_delivery,KDH Van,Diesel,Automatic,OEM_dealer,1453.60,critical,6,26,0,D-037
8d1844a1-2086-4adb-9b7f-07748ab7c83c,LLX-COL-0218,c537c281-b6ad-4842-94ec-e937be0083e5,c18b03d8-00b7-4cb2-ae42-cd418f4f57a6,Nissan Caravan 218,vehicle,road_vehicle,Delivery_Van_1.5T,Nissan,Caravan,2017,WP PC-3295,JN11CV5PW4X80J6EC,active,good,86.89,2017-10-24,2020-10-24,,260208.00,2026-06-24,2026-11-10,Nissan Caravan (Delivery Van 1.5T) operating out of LankaLogix - Colombo on last mile delivery duty.,"{""cargo_type"": ""consumer_goods"", ""route_type"": ""retail_drop"", ""operating_shift"": ""day_night"", ""warehouse_short"": ""COL"", ""source_vehicle_id"": ""SLW1184""}",e3203996-7192-4f35-b4d9-8d19dd61882f,2017-10-24 09:00:00+00,2026-08-10 19:03:05.467947+00,last_mile_delivery,Nissan Caravan,Diesel,Automatic,OEM_dealer,1626.10,critical,10,31,0,D-038
6620d2b6-50dd-4118-ac3e-5447917d859d,LLX-COL-0219,c537c281-b6ad-4842-94ec-e937be0083e5,c18b03d8-00b7-4cb2-ae42-cd418f4f57a6,Toyota HiAce 219,vehicle,road_vehicle,Delivery_Van_1.5T,Toyota,HiAce,2021,WP PB-9859,JTFCNKAGZF4KAPRGF,active,poor,69.06,2021-10-26,2024-10-26,,153736.00,2026-02-10,2026-08-23,Toyota HiAce (Delivery Van 1.5T) operating out of LankaLogix - Colombo on last mile delivery duty.,"{""cargo_type"": ""consumer_goods"", ""route_type"": ""retail_drop"", ""operating_shift"": ""day"", ""warehouse_short"": ""COL"", ""source_vehicle_id"": ""SLW1155""}",23b91a79-185d-41b8-aed8-22bf2cb9f4af,2021-10-26 09:00:00+00,2026-08-10 19:03:05.467947+00,last_mile_delivery,Toyota HiAce,Diesel,Manual,authorized_workshop,1593.60,high,6,16,0,D-039
fb3eb4b7-72aa-46fa-8a0f-5ac5d1d11e69,LLX-COL-0220,c537c281-b6ad-4842-94ec-e937be0083e5,c18b03d8-00b7-4cb2-ae42-cd418f4f57a6,KDH Van 220,vehicle,road_vehicle,Delivery_Van_1.5T,KDH,Van,2020,WP PC-4346,JTG8XNLGJUJWR4WUF,active,moderate,73.57,2020-01-08,2023-01-08,f085143a-685f-40c1-99da-35b791b4765e,154958.00,2026-08-02,2026-12-08,KDH Van (Delivery Van 1.5T) operating out of LankaLogix - Colombo on last mile delivery duty.,"{""cargo_type"": ""retail_goods"", ""route_type"": ""retail_drop"", ""operating_shift"": ""day_night"", ""warehouse_short"": ""COL"", ""source_vehicle_id"": ""SLW0448""}",23b91a79-185d-41b8-aed8-22bf2cb9f4af,2020-01-08 09:00:00+00,2026-08-10 19:03:05.467947+00,last_mile_delivery,KDH Van,Diesel,Manual,OEM_dealer,1485.60,high,7,21,0,D-040
dfd5d15e-0615-4591-a5f3-ffc82e08cdab,LLX-COL-0221,c537c281-b6ad-4842-94ec-e937be0083e5,c18b03d8-00b7-4cb2-ae42-cd418f4f57a6,Nissan Caravan 221,vehicle,road_vehicle,Delivery_Van_1.5T,Nissan,Caravan,2020,WP PB-1279,JN11E0V8KZL3V7UPH,under_maintenance,poor,88.92,2020-07-27,2023-07-27,,172186.00,2026-06-07,2026-09-01,Nissan Caravan (Delivery Van 1.5T) operating out of LankaLogix - Colombo on last mile delivery duty.,"{""cargo_type"": ""ecommerce_parcels"", ""route_type"": ""retail_drop"", ""operating_shift"": ""day"", ""warehouse_short"": ""COL"", ""source_vehicle_id"": ""SLW0014""}",fc975356-d5cc-4bdc-ab35-2dc5c648c8f2,2020-07-27 09:00:00+00,2026-08-10 19:03:05.467947+00,last_mile_delivery,Nissan Caravan,Diesel,Manual,independent_garage,1478.20,critical,6,33,0,D-041
79edb5c8-0b2d-4d38-9c6e-d98528c57c68,LLX-COL-0222,c537c281-b6ad-4842-94ec-e937be0083e5,c18b03d8-00b7-4cb2-ae42-cd418f4f57a6,KDH Van 222,vehicle,road_vehicle,Delivery_Van_1.5T,KDH,Van,2013,WP PD-1657,JTGA20JZMB1DRAH6U,active,poor,63.94,2013-09-05,2016-09-05,45dbe37c-5e06-4e69-9c77-39a1ada41399,334331.00,2026-07-05,2026-11-12,KDH Van (Delivery Van 1.5T) operating out of LankaLogix - Colombo on last mile delivery duty.,"{""cargo_type"": ""consumer_goods"", ""route_type"": ""retail_drop"", ""operating_shift"": ""day"", ""warehouse_short"": ""COL"", ""source_vehicle_id"": ""SLW0344""}",294b7244-8922-4faa-8a66-ecf7f2d31ede,2013-09-05 09:00:00+00,2026-08-10 19:03:05.467947+00,last_mile_delivery,KDH Van,Diesel,Manual,OEM_dealer,1551.40,high,14,43,1,D-042
7b9d8958-8921-4dd7-b536-a449774e09b3,LLX-COL-0223,c537c281-b6ad-4842-94ec-e937be0083e5,c18b03d8-00b7-4cb2-ae42-cd418f4f57a6,Toyota HiAce 223,vehicle,road_vehicle,Delivery_Van_1.5T,Toyota,HiAce,2021,WP PD-9148,JTFB0MFT4C10VXA37,active,moderate,71.47,2021-08-05,2024-08-05,e57393bd-5c70-49b5-a53f-2b0727dc5d4b,151042.00,2026-07-19,2026-09-15,Toyota HiAce (Delivery Van 1.5T) operating out of LankaLogix - Colombo on last mile delivery duty.,"{""cargo_type"": ""retail_goods"", ""route_type"": ""urban_delivery"", ""operating_shift"": ""day"", ""warehouse_short"": ""COL"", ""source_vehicle_id"": ""SLW0949""}",23b91a79-185d-41b8-aed8-22bf2cb9f4af,2021-08-05 09:00:00+00,2026-08-10 19:03:05.467947+00,last_mile_delivery,Toyota HiAce,Diesel,Automatic,independent_garage,1634.70,high,6,24,1,D-043
b2cae884-d7e7-44d3-b595-b26ada43ce67,LLX-COL-0224,c537c281-b6ad-4842-94ec-e937be0083e5,c18b03d8-00b7-4cb2-ae42-cd418f4f57a6,Toyota HiAce 224,vehicle,road_vehicle,Delivery_Van_1.5T,Toyota,HiAce,2016,WP PC-3715,JTFKZAY94UYGRL0NA,active,moderate,88.48,2016-05-22,2019-05-22,b390c01c-3083-473a-aeed-8099d7b0434f,266616.00,2026-04-19,2026-08-18,Toyota HiAce (Delivery Van 1.5T) operating out of LankaLogix - Colombo on last mile delivery duty.,"{""cargo_type"": ""ecommerce_parcels"", ""route_type"": ""urban_delivery"", ""operating_shift"": ""day"", ""warehouse_short"": ""COL"", ""source_vehicle_id"": ""SLW1122""}",2b0b58b5-c777-4903-8b21-ef25ce17a71a,2016-05-22 09:00:00+00,2026-08-10 19:03:05.467947+00,last_mile_delivery,Toyota HiAce,Diesel,Manual,independent_garage,1520.40,critical,11,39,1,D-044
7ff93618-4f0b-474e-9034-d7dd02ea4338,LLX-COL-0225,c537c281-b6ad-4842-94ec-e937be0083e5,c18b03d8-00b7-4cb2-ae42-cd418f4f57a6,KDH Van 225,vehicle,road_vehicle,Delivery_Van_1.5T,KDH,Van,2018,WP PE-7064,JTGSRJRTRK9E9GBSE,active,poor,66.69,2018-12-05,2021-12-05,3c5b8d69-75e5-4a06-9f93-b9c0e7929f9f,221610.00,2026-04-28,2026-09-16,KDH Van (Delivery Van 1.5T) operating out of LankaLogix - Colombo on last mile delivery duty.,"{""cargo_type"": ""retail_goods"", ""route_type"": ""retail_drop"", ""operating_shift"": ""day"", ""warehouse_short"": ""COL"", ""source_vehicle_id"": ""SLW0758""}",66b4f764-8e90-4915-9c0a-f21f27ae4f4d,2018-12-05 09:00:00+00,2026-08-10 19:03:05.467947+00,last_mile_delivery,KDH Van,Diesel,Automatic,authorized_workshop,1555.60,high,8,29,0,D-045
38bd90df-690c-411a-bb45-e59e8f6a766f,LLX-COL-0226,c537c281-b6ad-4842-94ec-e937be0083e5,c18b03d8-00b7-4cb2-ae42-cd418f4f57a6,KDH Van 226,vehicle,road_vehicle,Delivery_Van_1.5T,KDH,Van,2020,WP PC-1153,JTGPVV1DGWSGW9EBL,active,moderate,78.44,2020-08-22,2023-08-22,0b5febc2-058f-4b41-a29a-8d217193579a,155779.00,2026-03-10,2026-10-16,KDH Van (Delivery Van 1.5T) operating out of LankaLogix - Colombo on last mile delivery duty.,"{""cargo_type"": ""consumer_goods"", ""route_type"": ""retail_drop"", ""operating_shift"": ""day"", ""warehouse_short"": ""COL"", ""source_vehicle_id"": ""SLW0995""}",5dba83b3-52f3-44e6-84c0-7cb40b7e1cf7,2020-08-22 09:00:00+00,2026-08-10 19:03:05.467947+00,last_mile_delivery,KDH Van,Diesel,Manual,OEM_dealer,1609.80,high,6,16,0,D-046
e7367de4-7e42-45e8-9d38-16f5648cb3ce,LLX-COL-0227,c537c281-b6ad-4842-94ec-e937be0083e5,c18b03d8-00b7-4cb2-ae42-cd418f4f57a6,KDH Van 227,vehicle,road_vehicle,Delivery_Van_1.5T,KDH,Van,2021,WP PD-7266,JTGLEC9FUUMA0KW2U,active,moderate,45.71,2021-02-08,2024-02-08,a956a149-6cec-4bc8-ab9b-1babfa712cd8,160888.00,2026-07-14,2026-11-26,KDH Van (Delivery Van 1.5T) operating out of LankaLogix - Colombo on last mile delivery duty.,"{""cargo_type"": ""retail_goods"", ""route_type"": ""retail_drop"", ""operating_shift"": ""day"", ""warehouse_short"": ""COL"", ""source_vehicle_id"": ""SLW0628""}",66b4f764-8e90-4915-9c0a-f21f27ae4f4d,2021-02-08 09:00:00+00,2026-08-10 19:03:05.467947+00,last_mile_delivery,KDH Van,Diesel,Manual,authorized_workshop,1568.80,medium,6,25,0,D-047
b1bf27f6-f668-4fe9-b054-6924b52b63b3,LLX-COL-0228,c537c281-b6ad-4842-94ec-e937be0083e5,c18b03d8-00b7-4cb2-ae42-cd418f4f57a6,Toyota HiAce 228,vehicle,road_vehicle,Delivery_Van_1.5T,Toyota,HiAce,2021,WP PC-3954,JTFS67FPKR10PWAVA,active,moderate,63.30,2021-08-03,2024-08-03,559b097f-c978-452a-9fa1-cf043a09373a,156154.00,2026-06-09,2026-11-06,Toyota HiAce (Delivery Van 1.5T) operating out of LankaLogix - Colombo on last mile delivery duty.,"{""cargo_type"": ""ecommerce_parcels"", ""route_type"": ""retail_drop"", ""operating_shift"": ""day"", ""warehouse_short"": ""COL"", ""source_vehicle_id"": ""SLW0420""}",8ab44335-30b9-42d8-a1c3-82e009ea7876,2021-08-03 09:00:00+00,2026-08-10 19:03:05.467947+00,last_mile_delivery,Toyota HiAce,Diesel,Manual,authorized_workshop,1581.80,high,6,23,0,D-048
dd53634b-f805-4fee-9f15-9fd15d6b1fdb,LLX-COL-0229,c537c281-b6ad-4842-94ec-e937be0083e5,c18b03d8-00b7-4cb2-ae42-cd418f4f57a6,Nissan Caravan 229,vehicle,road_vehicle,Delivery_Van_1.5T,Nissan,Caravan,2020,WP PB-5780,JN1E3ALGLP8G2WNJV,active,moderate,44.68,2020-11-19,2023-11-19,1f2fe8ba-e887-4f53-b5bf-1f7937e1e4fb,144538.00,2026-06-15,2026-12-06,Nissan Caravan (Delivery Van 1.5T) operating out of LankaLogix - Colombo on last mile delivery duty.,"{""cargo_type"": ""ecommerce_parcels"", ""route_type"": ""retail_drop"", ""operating_shift"": ""day_night"", ""warehouse_short"": ""COL"", ""source_vehicle_id"": ""SLW0905""}",23b91a79-185d-41b8-aed8-22bf2cb9f4af,2020-11-19 09:00:00+00,2026-08-10 19:03:05.467947+00,last_mile_delivery,Nissan Caravan,Diesel,Manual,OEM_dealer,1449.10,medium,6,18,0,D-049
6d9c4e90-8ac5-43fa-a060-68e85ed89ebc,LLX-COL-0230,c537c281-b6ad-4842-94ec-e937be0083e5,c18b03d8-00b7-4cb2-ae42-cd418f4f57a6,KDH Van 230,vehicle,road_vehicle,Delivery_Van_1.5T,KDH,Van,2021,WP PD-6043,JTGZYGM4KVCNCZNU5,active,moderate,48.75,2021-02-09,2024-02-09,263a5437-f0ae-4504-bd2f-56be5d901456,142960.00,2026-05-26,2026-11-05,KDH Van (Delivery Van 1.5T) operating out of LankaLogix - Colombo on last mile delivery duty.,"{""cargo_type"": ""retail_goods"", ""route_type"": ""urban_delivery"", ""operating_shift"": ""day"", ""warehouse_short"": ""COL"", ""source_vehicle_id"": ""SLW0416""}",e3203996-7192-4f35-b4d9-8d19dd61882f,2021-02-09 09:00:00+00,2026-08-10 19:03:05.467947+00,last_mile_delivery,KDH Van,Diesel,Manual,authorized_workshop,1560.00,medium,6,21,0,D-050
4c132132-4625-4acf-89a2-af1f0f33fc14,LLX-COL-0231,c537c281-b6ad-4842-94ec-e937be0083e5,c18b03d8-00b7-4cb2-ae42-cd418f4f57a6,Toyota HiAce 231,vehicle,road_vehicle,Delivery_Van_1.5T,Toyota,HiAce,2018,WP PE-6012,JTF0NLLCVG7GFV53D,active,poor,56.75,2018-07-25,2021-07-25,af901256-e5d4-4ea1-b95a-c5f2006a7629,245801.00,2026-06-28,2026-10-04,Toyota HiAce (Delivery Van 1.5T) operating out of LankaLogix - Colombo on last mile delivery duty.,"{""cargo_type"": ""consumer_goods"", ""route_type"": ""urban_delivery"", ""operating_shift"": ""day"", ""warehouse_short"": ""COL"", ""source_vehicle_id"": ""SLW0308""}",fc975356-d5cc-4bdc-ab35-2dc5c648c8f2,2018-07-25 09:00:00+00,2026-08-10 19:03:05.467947+00,last_mile_delivery,Toyota HiAce,Diesel,Manual,independent_garage,1509.00,medium,9,32,1,D-051
85c54327-4a1c-46d3-810f-e7eb9ba8be64,LLX-COL-0232,c537c281-b6ad-4842-94ec-e937be0083e5,c18b03d8-00b7-4cb2-ae42-cd418f4f57a6,KDH Van 232,vehicle,road_vehicle,Delivery_Van_1.5T,KDH,Van,2019,WP PE-5972,JTG0X0Y9XPLAF9NYB,active,moderate,51.02,2019-12-11,2022-12-11,038749c2-de84-4c52-8f72-8637d74e9c08,167924.00,2026-06-15,2026-09-28,KDH Van (Delivery Van 1.5T) operating out of LankaLogix - Colombo on last mile delivery duty.,"{""cargo_type"": ""ecommerce_parcels"", ""route_type"": ""retail_drop"", ""operating_shift"": ""day"", ""warehouse_short"": ""COL"", ""source_vehicle_id"": ""SLW0812""}",8ab44335-30b9-42d8-a1c3-82e009ea7876,2019-12-11 09:00:00+00,2026-08-10 19:03:05.467947+00,last_mile_delivery,KDH Van,Diesel,Automatic,authorized_workshop,1556.10,medium,7,27,0,D-052
b4eed28a-120a-4257-bafd-174dbea68462,LLX-COL-0233,c537c281-b6ad-4842-94ec-e937be0083e5,c18b03d8-00b7-4cb2-ae42-cd418f4f57a6,Toyota HiAce 233,vehicle,road_vehicle,Delivery_Van_1.5T,Toyota,HiAce,2018,WP PE-6295,JTFYTV0HU958X3LMB,active,poor,94.00,2018-08-03,2021-08-03,d3879937-718a-45eb-8fd3-f608ffadaf81,228646.00,2026-03-17,2026-08-26,Toyota HiAce (Delivery Van 1.5T) operating out of LankaLogix - Colombo on last mile delivery duty.,"{""cargo_type"": ""consumer_goods"", ""route_type"": ""urban_delivery"", ""operating_shift"": ""day_night"", ""warehouse_short"": ""COL"", ""source_vehicle_id"": ""SLW1337""}",fc975356-d5cc-4bdc-ab35-2dc5c648c8f2,2018-08-03 09:00:00+00,2026-08-10 19:03:05.467947+00,last_mile_delivery,Toyota HiAce,Diesel,Manual,independent_garage,1529.70,critical,9,33,0,D-053
5d0e99e1-40a3-409e-983b-710b44425ba8,LLX-COL-0234,c537c281-b6ad-4842-94ec-e937be0083e5,c18b03d8-00b7-4cb2-ae42-cd418f4f57a6,Toyota HiAce 234,vehicle,road_vehicle,Delivery_Van_1.5T,Toyota,HiAce,2019,WP PE-1440,JTFB5N7R0TCNPKMCZ,active,moderate,66.75,2019-11-21,2022-11-21,ea324bca-a96a-4b21-bfbe-36e05de472bb,179732.00,2026-04-24,2026-09-25,Toyota HiAce (Delivery Van 1.5T) operating out of LankaLogix - Colombo on last mile delivery duty.,"{""cargo_type"": ""ecommerce_parcels"", ""route_type"": ""retail_drop"", ""operating_shift"": ""day"", ""warehouse_short"": ""COL"", ""source_vehicle_id"": ""SLW0864""}",fc975356-d5cc-4bdc-ab35-2dc5c648c8f2,2019-11-21 09:00:00+00,2026-08-10 19:03:05.467947+00,last_mile_delivery,Toyota HiAce,Diesel,Automatic,authorized_workshop,1485.90,high,7,29,0,D-054
cf2a107f-408c-4f82-97a1-9d538f081ae8,LLX-COL-0235,c537c281-b6ad-4842-94ec-e937be0083e5,c18b03d8-00b7-4cb2-ae42-cd418f4f57a6,KDH Van 235,vehicle,road_vehicle,Delivery_Van_1.5T,KDH,Van,2013,WP PB-2967,JTGES4CC91SLTNLXG,active,good,79.76,2013-08-28,2016-08-28,ea324bca-a96a-4b21-bfbe-36e05de472bb,255644.00,2026-06-24,2026-10-07,KDH Van (Delivery Van 1.5T) operating out of LankaLogix - Colombo on last mile delivery duty.,"{""cargo_type"": ""retail_goods"", ""route_type"": ""urban_delivery"", ""operating_shift"": ""day_night"", ""warehouse_short"": ""COL"", ""source_vehicle_id"": ""SLW0723""}",5dba83b3-52f3-44e6-84c0-7cb40b7e1cf7,2013-08-28 09:00:00+00,2026-08-10 19:03:05.467947+00,last_mile_delivery,KDH Van,Diesel,Manual,independent_garage,1495.90,high,13,56,1,D-055
f05d4653-bb46-4466-a6fe-ddcf1200fcf8,LLX-COL-0236,c537c281-b6ad-4842-94ec-e937be0083e5,c18b03d8-00b7-4cb2-ae42-cd418f4f57a6,Toyota HiAce 236,vehicle,road_vehicle,Delivery_Van_1.5T,Toyota,HiAce,2013,WP PC-1800,JTFMHWNR5VWREUCL2,active,moderate,66.73,2013-04-17,2016-04-17,,331214.00,2026-04-11,2026-11-02,Toyota HiAce (Delivery Van 1.5T) operating out of LankaLogix - Colombo on last mile delivery duty.,"{""cargo_type"": ""retail_goods"", ""route_type"": ""retail_drop"", ""operating_shift"": ""day_night"", ""warehouse_short"": ""COL"", ""source_vehicle_id"": ""SLW0938""}",2b0b58b5-c777-4903-8b21-ef25ce17a71a,2013-04-17 09:00:00+00,2026-08-10 19:03:05.467947+00,last_mile_delivery,Toyota HiAce,Diesel,Automatic,OEM_dealer,1388.30,high,13,39,3,D-056
d108a9c6-efb2-40fc-b799-ab4eb1282f2e,LLX-COL-0237,c537c281-b6ad-4842-94ec-e937be0083e5,c18b03d8-00b7-4cb2-ae42-cd418f4f57a6,Piaggio Porter 237,vehicle,road_vehicle,Mini_Truck_1T,Piaggio,Porter,2018,WP LA-3985,ZAP4W8GBVKA101UF5,active,moderate,89.40,2018-09-03,2021-09-03,e6eb9d66-d679-4e1f-8e6b-fdb21a16881d,203821.00,2026-08-07,2026-08-12,Piaggio Porter (Mini Truck 1T) operating out of LankaLogix - Colombo on last mile delivery duty.,"{""cargo_type"": ""retail_goods"", ""route_type"": ""retail_drop"", ""operating_shift"": ""day_night"", ""warehouse_short"": ""COL"", ""source_vehicle_id"": ""SLW0892""}",23b91a79-185d-41b8-aed8-22bf2cb9f4af,2018-09-03 09:00:00+00,2026-08-10 19:03:05.467947+00,last_mile_delivery,Piaggio Porter,Diesel,Automatic,authorized_workshop,953.20,critical,9,37,0,D-057
66f62888-6a2b-4f73-898a-cfc7a6d6b4f5,LLX-COL-0238,c537c281-b6ad-4842-94ec-e937be0083e5,c18b03d8-00b7-4cb2-ae42-cd418f4f57a6,Mahindra Bolero Pickup 238,vehicle,road_vehicle,Mini_Truck_1T,Mahindra,Bolero Pickup,2021,WP LA-4535,MA1LXJS46RCTRX0N1,active,moderate,47.85,2021-08-05,2024-08-05,,122241.00,2026-04-10,2026-09-20,Mahindra Bolero Pickup (Mini Truck 1T) operating out of LankaLogix - Colombo on last mile delivery duty.,"{""cargo_type"": ""ecommerce_parcels"", ""route_type"": ""retail_drop"", ""operating_shift"": ""day"", ""warehouse_short"": ""COL"", ""source_vehicle_id"": ""SLW1242""}",5dba83b3-52f3-44e6-84c0-7cb40b7e1cf7,2021-08-05 09:00:00+00,2026-08-10 19:03:05.467947+00,last_mile_delivery,Mahindra Bolero Pickup,Diesel,Manual,independent_garage,1006.60,medium,6,20,0,D-058
5870cc13-21cb-4351-aa76-bb94e21946e0,LLX-COL-0239,c537c281-b6ad-4842-94ec-e937be0083e5,c18b03d8-00b7-4cb2-ae42-cd418f4f57a6,Piaggio Porter 239,vehicle,road_vehicle,Mini_Truck_1T,Piaggio,Porter,2019,WP LA-2788,ZAP7NA832XLA3KG8P,active,moderate,67.33,2019-11-25,2022-11-25,b10c3b1b-0504-4c02-9577-38f300514499,170100.00,2026-07-11,2027-01-01,Piaggio Porter (Mini Truck 1T) operating out of LankaLogix - Colombo on last mile delivery duty.,"{""cargo_type"": ""retail_goods"", ""route_type"": ""retail_drop"", ""operating_shift"": ""day"", ""warehouse_short"": ""COL"", ""source_vehicle_id"": ""SLW0840""}",2b0b58b5-c777-4903-8b21-ef25ce17a71a,2019-11-25 09:00:00+00,2026-08-10 19:03:05.467947+00,last_mile_delivery,Piaggio Porter,Diesel,Automatic,independent_garage,1025.30,high,8,30,0,D-059
4cd6ddc8-6fa5-4257-a13e-64c33fd976f3,LLX-COL-0240,c537c281-b6ad-4842-94ec-e937be0083e5,c18b03d8-00b7-4cb2-ae42-cd418f4f57a6,Mahindra Bolero Pickup 240,vehicle,road_vehicle,Mini_Truck_1T,Mahindra,Bolero Pickup,2016,WP LA-3915,MA14WZJDS62K6MUE6,active,good,67.49,2016-08-25,2019-08-25,7f366fbb-3b2f-4feb-999d-55f41cc6ee70,286455.00,2026-07-01,2027-01-18,Mahindra Bolero Pickup (Mini Truck 1T) operating out of LankaLogix - Colombo on last mile delivery duty.,"{""cargo_type"": ""consumer_goods"", ""route_type"": ""retail_drop"", ""operating_shift"": ""day"", ""warehouse_short"": ""COL"", ""source_vehicle_id"": ""SLW0163""}",66b4f764-8e90-4915-9c0a-f21f27ae4f4d,2016-08-25 09:00:00+00,2026-08-10 19:03:05.467947+00,last_mile_delivery,Mahindra Bolero Pickup,Diesel,Automatic,OEM_dealer,991.70,high,10,32,1,D-060
b26f21fc-27cc-4310-8644-180443dc0a22,LLX-COL-0241,c537c281-b6ad-4842-94ec-e937be0083e5,c18b03d8-00b7-4cb2-ae42-cd418f4f57a6,Piaggio Porter 241,vehicle,road_vehicle,Mini_Truck_1T,Piaggio,Porter,2020,WP LA-1787,ZAPWEBKG4BJGBLY9U,under_maintenance,critical,63.85,2020-03-24,2023-03-24,,158846.00,2026-05-13,2026-08-28,Piaggio Porter (Mini Truck 1T) operating out of LankaLogix - Colombo on last mile delivery duty.,"{""cargo_type"": ""consumer_goods"", ""route_type"": ""retail_drop"", ""operating_shift"": ""three_shift"", ""warehouse_short"": ""COL"", ""source_vehicle_id"": ""SLW0170""}",23b91a79-185d-41b8-aed8-22bf2cb9f4af,2020-03-24 09:00:00+00,2026-08-10 19:03:05.467947+00,last_mile_delivery,Piaggio Porter,Diesel,Manual,OEM_dealer,1021.70,high,7,26,0,E-001
e6c64c5d-a603-4aa2-912a-2ead16c39cac,LLX-COL-0242,c537c281-b6ad-4842-94ec-e937be0083e5,c18b03d8-00b7-4cb2-ae42-cd418f4f57a6,Tata Ace 242,vehicle,road_vehicle,Mini_Truck_1T,Tata,Ace,2021,WP LB-8493,MATSE45TYHYKP7MK6,active,moderate,40.46,2021-07-26,2024-07-26,a0536940-0682-4198-bae6-6db251d72de4,132334.00,2026-06-18,2026-09-01,Tata Ace (Mini Truck 1T) operating out of LankaLogix - Colombo on last mile delivery duty.,"{""cargo_type"": ""ecommerce_parcels"", ""route_type"": ""retail_drop"", ""operating_shift"": ""day"", ""warehouse_short"": ""COL"", ""source_vehicle_id"": ""SLW0828""}",8ab44335-30b9-42d8-a1c3-82e009ea7876,2021-07-26 09:00:00+00,2026-08-10 19:03:05.467947+00,last_mile_delivery,Tata Ace,Diesel,Manual,independent_garage,988.10,medium,6,28,0,E-002
18d28e72-f372-46a8-800c-bcf9fde8b798,LLX-COL-0243,c537c281-b6ad-4842-94ec-e937be0083e5,c18b03d8-00b7-4cb2-ae42-cd418f4f57a6,Tata Ace 243,vehicle,road_vehicle,Mini_Truck_1T,Tata,Ace,2020,WP LA-9550,MATMCK8T129B1Y3VM,active,moderate,93.25,2020-03-10,2023-03-10,62d962ea-3a37-474e-8610-311f35bfaafd,110523.00,2026-06-01,2026-08-25,Tata Ace (Mini Truck 1T) operating out of LankaLogix - Colombo on last mile delivery duty.,"{""cargo_type"": ""ecommerce_parcels"", ""route_type"": ""retail_drop"", ""operating_shift"": ""day_night"", ""warehouse_short"": ""COL"", ""source_vehicle_id"": ""SLW0299""}",fc975356-d5cc-4bdc-ab35-2dc5c648c8f2,2020-03-10 09:00:00+00,2026-08-10 19:03:05.467947+00,last_mile_delivery,Tata Ace,Diesel,Automatic,independent_garage,945.10,critical,6,23,0,E-003
dfb2a97c-5eba-4287-aea0-87cb3c12db25,LLX-COL-0244,c537c281-b6ad-4842-94ec-e937be0083e5,c18b03d8-00b7-4cb2-ae42-cd418f4f57a6,Piaggio Porter 244,vehicle,road_vehicle,Mini_Truck_1T,Piaggio,Porter,2019,WP LA-1831,ZAPJNP7WXG8PE7MBD,active,moderate,76.43,2019-07-18,2022-07-18,88603b09-551d-4b59-8981-e27cd95f2b12,120915.00,2026-03-29,2026-08-27,Piaggio Porter (Mini Truck 1T) operating out of LankaLogix - Colombo on last mile delivery duty.,"{""cargo_type"": ""retail_goods"", ""route_type"": ""retail_drop"", ""operating_shift"": ""day_night"", ""warehouse_short"": ""COL"", ""source_vehicle_id"": ""SLW1306""}",dff1d306-f643-4c9e-abb3-5409e072abc4,2019-07-18 09:00:00+00,2026-08-10 19:03:05.467947+00,last_mile_delivery,Piaggio Porter,Diesel,Manual,authorized_workshop,946.40,high,7,23,0,E-004
1c1765d8-de66-48c2-b584-13b3d709ca5d,LLX-COL-0245,c537c281-b6ad-4842-94ec-e937be0083e5,c18b03d8-00b7-4cb2-ae42-cd418f4f57a6,Mahindra Bolero Pickup 245,vehicle,road_vehicle,Mini_Truck_1T,Mahindra,Bolero Pickup,2019,WP LB-3626,MA1XH96M8VY2VR54A,inactive,moderate,53.45,2019-08-09,2022-08-09,,145168.00,2026-06-14,2026-11-04,Mahindra Bolero Pickup (Mini Truck 1T) operating out of LankaLogix - Colombo on last mile delivery duty.,"{""cargo_type"": ""ecommerce_parcels"", ""route_type"": ""urban_delivery"", ""operating_shift"": ""three_shift"", ""warehouse_short"": ""COL"", ""source_vehicle_id"": ""SLW1324""}",66b4f764-8e90-4915-9c0a-f21f27ae4f4d,2019-08-09 09:00:00+00,2026-08-10 19:03:05.467947+00,last_mile_delivery,Mahindra Bolero Pickup,Diesel,Automatic,authorized_workshop,967.90,medium,8,23,0,E-005
edb53c87-737f-41c6-8842-a8063fc3eb0b,LLX-COL-0246,c537c281-b6ad-4842-94ec-e937be0083e5,c18b03d8-00b7-4cb2-ae42-cd418f4f57a6,Mahindra Bolero Pickup 246,vehicle,road_vehicle,Mini_Truck_1T,Mahindra,Bolero Pickup,2017,WP LB-7838,MA159Y8C7XJMXT25N,active,moderate,88.17,2017-08-08,2020-08-08,d65014ad-c56f-49bf-9314-01a6c88cbb67,229048.00,2026-06-08,2026-09-09,Mahindra Bolero Pickup (Mini Truck 1T) operating out of LankaLogix - Colombo on last mile delivery duty.,"{""cargo_type"": ""ecommerce_parcels"", ""route_type"": ""retail_drop"", ""operating_shift"": ""day"", ""warehouse_short"": ""COL"", ""source_vehicle_id"": ""SLW0004""}",5dba83b3-52f3-44e6-84c0-7cb40b7e1cf7,2017-08-08 09:00:00+00,2026-08-10 19:03:05.467947+00,last_mile_delivery,Mahindra Bolero Pickup,Diesel,Manual,OEM_dealer,1021.50,critical,9,41,1,E-006
5164707c-df40-4b2d-9990-e7ba7a593d16,LLX-COL-0247,c537c281-b6ad-4842-94ec-e937be0083e5,c18b03d8-00b7-4cb2-ae42-cd418f4f57a6,Piaggio Porter 247,vehicle,road_vehicle,Mini_Truck_1T,Piaggio,Porter,2017,WP LA-6306,ZAPA6UB1ZJ4P2KJBW,active,moderate,71.48,2017-11-08,2020-11-08,,252765.00,2026-07-03,2026-12-12,Piaggio Porter (Mini Truck 1T) operating out of LankaLogix - Colombo on last mile delivery duty.,"{""cargo_type"": ""retail_goods"", ""route_type"": ""retail_drop"", ""operating_shift"": ""day"", ""warehouse_short"": ""COL"", ""source_vehicle_id"": ""SLW0687""}",2b0b58b5-c777-4903-8b21-ef25ce17a71a,2017-11-08 09:00:00+00,2026-08-10 19:03:05.467947+00,last_mile_delivery,Piaggio Porter,Diesel,Manual,independent_garage,1032.20,high,10,33,0,E-007
a5ba25bb-5d3f-4a31-8076-16759638408e,LLX-COL-0248,c537c281-b6ad-4842-94ec-e937be0083e5,c18b03d8-00b7-4cb2-ae42-cd418f4f57a6,Tata Ace 248,vehicle,road_vehicle,Mini_Truck_1T,Tata,Ace,2020,WP LB-4858,MATT7YF3A3XS7GH56,active,moderate,58.70,2020-01-13,2023-01-13,35d2516a-d950-46c7-9fd9-6f76176ed4bb,151837.00,2026-05-13,2026-09-29,Tata Ace (Mini Truck 1T) operating out of LankaLogix - Colombo on last mile delivery duty.,"{""cargo_type"": ""ecommerce_parcels"", ""route_type"": ""retail_drop"", ""operating_shift"": ""day"", ""warehouse_short"": ""COL"", ""source_vehicle_id"": ""SLW1343""}",294b7244-8922-4faa-8a66-ecf7f2d31ede,2020-01-13 09:00:00+00,2026-08-10 19:03:05.467947+00,last_mile_delivery,Tata Ace,Diesel,Manual,OEM_dealer,1036.80,medium,7,25,0,E-008
a9e53f75-3f82-4b55-89f1-d0133b6b6a86,LLX-COL-0249,c537c281-b6ad-4842-94ec-e937be0083e5,c18b03d8-00b7-4cb2-ae42-cd418f4f57a6,Piaggio Porter 249,vehicle,road_vehicle,Mini_Truck_1T,Piaggio,Porter,2021,WP LB-5402,ZAPBCYWV46V86P8DF,active,moderate,57.04,2021-08-02,2024-08-02,937836a7-8559-4e05-b21a-4a1841beb635,144347.00,2026-06-03,2026-11-20,Piaggio Porter (Mini Truck 1T) operating out of LankaLogix - Colombo on last mile delivery duty.,"{""cargo_type"": ""ecommerce_parcels"", ""route_type"": ""urban_delivery"", ""operating_shift"": ""day_night"", ""warehouse_short"": ""COL"", ""source_vehicle_id"": ""SLW1100""}",66b4f764-8e90-4915-9c0a-f21f27ae4f4d,2021-08-02 09:00:00+00,2026-08-10 19:03:05.467947+00,last_mile_delivery,Piaggio Porter,Diesel,Automatic,OEM_dealer,1003.40,medium,6,22,0,E-009
c1004622-a295-452f-800f-30376cd864c2,LLX-COL-0250,c537c281-b6ad-4842-94ec-e937be0083e5,c18b03d8-00b7-4cb2-ae42-cd418f4f57a6,Piaggio Porter 250,vehicle,road_vehicle,Mini_Truck_1T,Piaggio,Porter,2019,WP LA-2427,ZAPYUTVA6X9127CT3,active,moderate,66.26,2019-05-19,2022-05-19,66f76268-d181-4cea-bbf9-29b5446250fb,184913.00,2026-07-02,2026-09-05,Piaggio Porter (Mini Truck 1T) operating out of LankaLogix - Colombo on last mile delivery duty.,"{""cargo_type"": ""retail_goods"", ""route_type"": ""urban_delivery"", ""operating_shift"": ""three_shift"", ""warehouse_short"": ""COL"", ""source_vehicle_id"": ""SLW0745""}",294b7244-8922-4faa-8a66-ecf7f2d31ede,2019-05-19 09:00:00+00,2026-08-10 19:03:05.467947+00,last_mile_delivery,Piaggio Porter,Diesel,Automatic,independent_garage,1010.70,high,8,37,1,E-010
985cf293-da9d-446f-8d2f-d8d6e756e8d7,LLX-COL-0251,c537c281-b6ad-4842-94ec-e937be0083e5,c18b03d8-00b7-4cb2-ae42-cd418f4f57a6,Mahindra Bolero Pickup 251,vehicle,road_vehicle,Mini_Truck_1T,Mahindra,Bolero Pickup,2021,WP LA-6168,MA1FGLSPTJVWS3599,active,moderate,43.15,2021-03-13,2024-03-13,44f02d91-6ed8-49ff-bb7d-98412c2f27bc,132228.00,2026-05-29,2026-09-02,Mahindra Bolero Pickup (Mini Truck 1T) operating out of LankaLogix - Colombo on last mile delivery duty.,"{""cargo_type"": ""ecommerce_parcels"", ""route_type"": ""urban_delivery"", ""operating_shift"": ""day"", ""warehouse_short"": ""COL"", ""source_vehicle_id"": ""SLW1082""}",23b91a79-185d-41b8-aed8-22bf2cb9f4af,2021-03-13 09:00:00+00,2026-08-10 19:03:05.467947+00,last_mile_delivery,Mahindra Bolero Pickup,Diesel,Manual,independent_garage,984.20,medium,6,24,0,E-011
99d9536e-8989-4b62-898e-6ab42e460242,LLX-COL-0252,c537c281-b6ad-4842-94ec-e937be0083e5,c18b03d8-00b7-4cb2-ae42-cd418f4f57a6,Tata Ace 252,vehicle,road_vehicle,Mini_Truck_1T,Tata,Ace,2017,WP LB-4705,MATVD51PEHS1TEA17,active,moderate,65.44,2017-11-25,2020-11-25,eeb2c80a-5992-4553-b0f3-bfb3252ee6f4,213494.00,2026-06-23,2026-09-05,Tata Ace (Mini Truck 1T) operating out of LankaLogix - Colombo on last mile delivery duty.,"{""cargo_type"": ""retail_goods"", ""route_type"": ""urban_delivery"", ""operating_shift"": ""day"", ""warehouse_short"": ""COL"", ""source_vehicle_id"": ""SLW0874""}",66b4f764-8e90-4915-9c0a-f21f27ae4f4d,2017-11-25 09:00:00+00,2026-08-10 19:03:05.467947+00,last_mile_delivery,Tata Ace,Diesel,Manual,independent_garage,968.90,high,10,43,3,E-012
3366c0df-1020-47c8-8547-ff7850f58e1d,LLX-COL-0253,c537c281-b6ad-4842-94ec-e937be0083e5,c18b03d8-00b7-4cb2-ae42-cd418f4f57a6,Mahindra Bolero Pickup 253,vehicle,road_vehicle,Mini_Truck_1T,Mahindra,Bolero Pickup,2017,WP LB-8227,MA117HG952UXPDDX2,active,moderate,79.26,2017-05-09,2020-05-09,,211060.00,2026-07-16,2026-11-25,Mahindra Bolero Pickup (Mini Truck 1T) operating out of LankaLogix - Colombo on last mile delivery duty.,"{""cargo_type"": ""consumer_goods"", ""route_type"": ""urban_delivery"", ""operating_shift"": ""day"", ""warehouse_short"": ""COL"", ""source_vehicle_id"": ""SLW0138""}",294b7244-8922-4faa-8a66-ecf7f2d31ede,2017-05-09 09:00:00+00,2026-08-10 19:03:05.467947+00,last_mile_delivery,Mahindra Bolero Pickup,Diesel,Automatic,independent_garage,969.10,high,9,38,0,E-013
0507d399-4e22-4c15-be07-3e57b14bb1b6,LLX-COL-0254,c537c281-b6ad-4842-94ec-e937be0083e5,c18b03d8-00b7-4cb2-ae42-cd418f4f57a6,Mahindra Bolero Pickup 254,vehicle,road_vehicle,Mini_Truck_1T,Mahindra,Bolero Pickup,2020,WP LB-3806,MA1JLCVJF901RZ7H2,active,poor,53.10,2020-11-17,2023-11-17,cb09e946-aa0f-4553-883f-a8fbb994dd6e,134835.00,2026-06-23,2026-11-06,Mahindra Bolero Pickup (Mini Truck 1T) operating out of LankaLogix - Colombo on last mile delivery duty.,"{""cargo_type"": ""consumer_goods"", ""route_type"": ""urban_delivery"", ""operating_shift"": ""day_night"", ""warehouse_short"": ""COL"", ""source_vehicle_id"": ""SLW0210""}",294b7244-8922-4faa-8a66-ecf7f2d31ede,2020-11-17 09:00:00+00,2026-08-10 19:03:05.467947+00,last_mile_delivery,Mahindra Bolero Pickup,Diesel,Manual,OEM_dealer,1014.10,medium,6,17,0,E-014
752910a5-c5b4-4594-888a-8910601e4967,LLX-COL-0255,c537c281-b6ad-4842-94ec-e937be0083e5,c18b03d8-00b7-4cb2-ae42-cd418f4f57a6,Mahindra Bolero Pickup 255,vehicle,road_vehicle,Mini_Truck_1T,Mahindra,Bolero Pickup,2020,WP LB-9257,MA1T4PCGNDG39V3Z3,active,moderate,70.19,2020-02-17,2023-02-17,3913555c-6732-450a-814a-159ca0f32ce8,140191.00,2026-06-13,2026-08-24,Mahindra Bolero Pickup (Mini Truck 1T) operating out of LankaLogix - Colombo on last mile delivery duty.,"{""cargo_type"": ""retail_goods"", ""route_type"": ""retail_drop"", ""operating_shift"": ""day"", ""warehouse_short"": ""COL"", ""source_vehicle_id"": ""SLW0604""}",fc975356-d5cc-4bdc-ab35-2dc5c648c8f2,2020-02-17 09:00:00+00,2026-08-10 19:03:05.467947+00,last_mile_delivery,Mahindra Bolero Pickup,Diesel,Manual,independent_garage,1006.30,high,7,26,1,E-015
28e79822-f80d-408a-84dc-9ae48c47a36c,LLX-COL-0256,c537c281-b6ad-4842-94ec-e937be0083e5,c18b03d8-00b7-4cb2-ae42-cd418f4f57a6,Mahindra Bolero Pickup 256,vehicle,road_vehicle,Mini_Truck_1T,Mahindra,Bolero Pickup,2018,WP LA-8681,MA1S9754RTZ6PM4Z4,active,moderate,66.31,2018-08-15,2021-08-15,7b15e034-e9b1-4474-82ae-7a58157ca076,195176.00,2026-05-19,2026-09-29,Mahindra Bolero Pickup (Mini Truck 1T) operating out of LankaLogix - Colombo on last mile delivery duty.,"{""cargo_type"": ""ecommerce_parcels"", ""route_type"": ""urban_delivery"", ""operating_shift"": ""day"", ""warehouse_short"": ""COL"", ""source_vehicle_id"": ""SLW0572""}",8ffcd728-c372-4540-9a04-7fa0c88e9347,2018-08-15 09:00:00+00,2026-08-10 19:03:05.467947+00,last_mile_delivery,Mahindra Bolero Pickup,Diesel,Manual,OEM_dealer,1043.60,high,8,30,1,E-016
90849b14-0cfd-47c6-a78e-b679f4567896,LLX-COL-0257,c537c281-b6ad-4842-94ec-e937be0083e5,c18b03d8-00b7-4cb2-ae42-cd418f4f57a6,Piaggio Porter 257,vehicle,road_vehicle,Mini_Truck_1T,Piaggio,Porter,2020,WP LB-6330,ZAPMXZ5L69AU0B0U7,active,poor,63.85,2020-03-22,2023-03-22,20ab5d3f-f2ca-4af4-b3c1-43fbcfad7b62,137010.00,2026-05-17,2026-09-01,Piaggio Porter (Mini Truck 1T) operating out of LankaLogix - Colombo on last mile delivery duty.,"{""cargo_type"": ""consumer_goods"", ""route_type"": ""urban_delivery"", ""operating_shift"": ""day"", ""warehouse_short"": ""COL"", ""source_vehicle_id"": ""SLW0289""}",aedad933-6f7e-4d2e-b6df-191c9e459887,2020-03-22 09:00:00+00,2026-08-10 19:03:05.467947+00,last_mile_delivery,Piaggio Porter,Diesel,Manual,independent_garage,1080.30,high,6,36,4,E-017
96520911-34b0-4860-8d17-e31d74164fb1,LLX-COL-0258,c537c281-b6ad-4842-94ec-e937be0083e5,c18b03d8-00b7-4cb2-ae42-cd418f4f57a6,Piaggio Porter 258,vehicle,road_vehicle,Mini_Truck_1T,Piaggio,Porter,2017,WP LB-5347,ZAPHN7JTJ053XWR64,active,poor,56.25,2017-01-07,2020-01-07,56497cd1-0d97-423e-8009-ec18b6d28ef1,214903.00,2026-06-07,2026-10-19,Piaggio Porter (Mini Truck 1T) operating out of LankaLogix - Colombo on last mile delivery duty.,"{""cargo_type"": ""retail_goods"", ""route_type"": ""urban_delivery"", ""operating_shift"": ""day"", ""warehouse_short"": ""COL"", ""source_vehicle_id"": ""SLW0030""}",8ab44335-30b9-42d8-a1c3-82e009ea7876,2017-01-07 09:00:00+00,2026-08-10 19:03:05.467947+00,last_mile_delivery,Piaggio Porter,Diesel,Automatic,OEM_dealer,933.70,medium,10,36,0,E-018
a71d25ab-55d3-42e4-9e48-98ce0de14f56,LLX-COL-0259,c537c281-b6ad-4842-94ec-e937be0083e5,c18b03d8-00b7-4cb2-ae42-cd418f4f57a6,Piaggio Porter 259,vehicle,road_vehicle,Mini_Truck_1T,Piaggio,Porter,2018,WP LA-5452,ZAP660GUE41NMUBS7,active,moderate,44.11,2018-07-19,2021-07-19,862dfdd0-bfa1-4ab2-a8e0-7280ab4a68d5,202739.00,2026-05-20,2026-11-27,Piaggio Porter (Mini Truck 1T) operating out of LankaLogix - Colombo on last mile delivery duty.,"{""cargo_type"": ""consumer_goods"", ""route_type"": ""retail_drop"", ""operating_shift"": ""day"", ""warehouse_short"": ""COL"", ""source_vehicle_id"": ""SLW0331""}",aedad933-6f7e-4d2e-b6df-191c9e459887,2018-07-19 09:00:00+00,2026-08-10 19:03:05.467947+00,last_mile_delivery,Piaggio Porter,Diesel,Manual,authorized_workshop,1037.70,medium,8,30,0,E-019
6e0515f5-1e47-40a2-a035-18eaf3f248a9,LLX-COL-0260,c537c281-b6ad-4842-94ec-e937be0083e5,c18b03d8-00b7-4cb2-ae42-cd418f4f57a6,Tata Ace 260,vehicle,road_vehicle,Mini_Truck_1T,Tata,Ace,2020,WP LA-3069,MAT37HNDVZBA1SKM7,active,poor,90.49,2020-09-08,2023-09-08,,157413.00,2026-06-27,2026-10-04,Tata Ace (Mini Truck 1T) operating out of LankaLogix - Colombo on last mile delivery duty.,"{""cargo_type"": ""retail_goods"", ""route_type"": ""retail_drop"", ""operating_shift"": ""day"", ""warehouse_short"": ""COL"", ""source_vehicle_id"": ""SLW0127""}",5dba83b3-52f3-44e6-84c0-7cb40b7e1cf7,2020-09-08 09:00:00+00,2026-08-10 19:03:05.467947+00,last_mile_delivery,Tata Ace,Diesel,Manual,authorized_workshop,1045.70,critical,6,33,0,E-020
e2966d9f-ab49-47d7-a15e-efa7fd80cdf0,LLX-COL-0261,c537c281-b6ad-4842-94ec-e937be0083e5,c18b03d8-00b7-4cb2-ae42-cd418f4f57a6,Piaggio Porter 261,vehicle,road_vehicle,Mini_Truck_1T,Piaggio,Porter,2014,WP LB-2957,ZAPJWHU1TFUFZKD49,active,poor,65.16,2014-10-05,2017-10-05,349e690e-52a1-4c2a-b549-9453d0c5b790,220279.00,2026-04-28,2026-09-29,Piaggio Porter (Mini Truck 1T) operating out of LankaLogix - Colombo on last mile delivery duty.,"{""cargo_type"": ""consumer_goods"", ""route_type"": ""retail_drop"", ""operating_shift"": ""day"", ""warehouse_short"": ""COL"", ""source_vehicle_id"": ""SLW0875""}",aedad933-6f7e-4d2e-b6df-191c9e459887,2014-10-05 09:00:00+00,2026-08-10 19:03:05.467947+00,last_mile_delivery,Piaggio Porter,Diesel,Manual,independent_garage,1013.20,high,12,49,1,E-021
f678f355-e296-443e-90a6-276ea0fd0b92,LLX-COL-0262,c537c281-b6ad-4842-94ec-e937be0083e5,c18b03d8-00b7-4cb2-ae42-cd418f4f57a6,Tata Ace 262,vehicle,road_vehicle,Mini_Truck_1T,Tata,Ace,2017,WP LB-8232,MATMWVC737V2PA7BB,active,moderate,44.50,2017-08-11,2020-08-11,,205489.00,2026-08-03,2026-08-21,Tata Ace (Mini Truck 1T) operating out of LankaLogix - Colombo on last mile delivery duty.,"{""cargo_type"": ""retail_goods"", ""route_type"": ""retail_drop"", ""operating_shift"": ""day_night"", ""warehouse_short"": ""COL"", ""source_vehicle_id"": ""SLW1128""}",5dba83b3-52f3-44e6-84c0-7cb40b7e1cf7,2017-08-11 09:00:00+00,2026-08-10 19:03:05.467947+00,last_mile_delivery,Tata Ace,Diesel,Manual,independent_garage,949.80,medium,9,39,1,E-022
6d908a07-9c8e-4264-b452-1fb7f540e3cf,LLX-COL-0263,c537c281-b6ad-4842-94ec-e937be0083e5,c18b03d8-00b7-4cb2-ae42-cd418f4f57a6,Tata Ace 263,vehicle,road_vehicle,Mini_Truck_1T,Tata,Ace,2021,WP LB-1810,MATHT4CTL17MGFVGZ,active,moderate,61.17,2021-07-24,2024-07-24,2de8e8a2-03a6-4d8e-93d9-4b8309004f45,109291.00,2026-07-27,2026-10-12,Tata Ace (Mini Truck 1T) operating out of LankaLogix - Colombo on last mile delivery duty.,"{""cargo_type"": ""ecommerce_parcels"", ""route_type"": ""retail_drop"", ""operating_shift"": ""day"", ""warehouse_short"": ""COL"", ""source_vehicle_id"": ""SLW0499""}",8ab44335-30b9-42d8-a1c3-82e009ea7876,2021-07-24 09:00:00+00,2026-08-10 19:03:05.467947+00,last_mile_delivery,Tata Ace,Diesel,Manual,OEM_dealer,1009.30,medium,6,19,0,E-023
80b5ea63-9aa8-4469-b2a4-9fa1d7ac5c2d,LLX-COL-0264,c537c281-b6ad-4842-94ec-e937be0083e5,c18b03d8-00b7-4cb2-ae42-cd418f4f57a6,Mahindra Bolero Pickup 264,vehicle,road_vehicle,Mini_Truck_1T,Mahindra,Bolero Pickup,2015,WP LA-6876,MA16CXJ5CTV3KT0FB,active,good,88.93,2015-01-16,2018-01-16,a0536940-0682-4198-bae6-6db251d72de4,267120.00,2026-07-14,2026-12-08,Mahindra Bolero Pickup (Mini Truck 1T) operating out of LankaLogix - Colombo on last mile delivery duty.,"{""cargo_type"": ""consumer_goods"", ""route_type"": ""urban_delivery"", ""operating_shift"": ""day"", ""warehouse_short"": ""COL"", ""source_vehicle_id"": ""SLW0330""}",66b4f764-8e90-4915-9c0a-f21f27ae4f4d,2015-01-16 09:00:00+00,2026-08-10 19:03:05.467947+00,last_mile_delivery,Mahindra Bolero Pickup,Diesel,Manual,OEM_dealer,949.00,critical,12,43,2,E-024
a838d374-572b-40c4-b331-560dfc970553,LLX-COL-0265,c537c281-b6ad-4842-94ec-e937be0083e5,c18b03d8-00b7-4cb2-ae42-cd418f4f57a6,Mahindra Bolero Pickup 265,vehicle,road_vehicle,Mini_Truck_1T,Mahindra,Bolero Pickup,2021,WP LA-6255,MA1N9Z9SDLV09C87X,active,moderate,76.42,2021-08-16,2024-08-16,3deb7c66-adee-4720-998c-6789fbe7caac,123008.00,2026-07-21,2026-10-17,Mahindra Bolero Pickup (Mini Truck 1T) operating out of LankaLogix - Colombo on last mile delivery duty.,"{""cargo_type"": ""consumer_goods"", ""route_type"": ""retail_drop"", ""operating_shift"": ""day_night"", ""warehouse_short"": ""COL"", ""source_vehicle_id"": ""SLW0033""}",aedad933-6f7e-4d2e-b6df-191c9e459887,2021-08-16 09:00:00+00,2026-08-10 19:03:05.467947+00,last_mile_delivery,Mahindra Bolero Pickup,Diesel,Automatic,independent_garage,993.30,high,6,25,0,E-025
e110bf63-93c3-4764-ac59-c3cc9b17a7db,LLX-COL-0266,c537c281-b6ad-4842-94ec-e937be0083e5,c18b03d8-00b7-4cb2-ae42-cd418f4f57a6,Tata Ace 266,vehicle,road_vehicle,Mini_Truck_1T,Tata,Ace,2021,WP LB-1953,MAT2SC62XFG7EJL5E,active,good,76.48,2021-08-25,2024-08-25,,124684.00,2026-07-20,2026-11-22,Tata Ace (Mini Truck 1T) operating out of LankaLogix - Colombo on last mile delivery duty.,"{""cargo_type"": ""ecommerce_parcels"", ""route_type"": ""retail_drop"", ""operating_shift"": ""day"", ""warehouse_short"": ""COL"", ""source_vehicle_id"": ""SLW0721""}",5dba83b3-52f3-44e6-84c0-7cb40b7e1cf7,2021-08-25 09:00:00+00,2026-08-10 19:03:05.467947+00,last_mile_delivery,Tata Ace,Diesel,Automatic,authorized_workshop,1049.90,high,6,27,0,E-026
bf878007-dd6f-414c-870d-51b2eeaf5cf5,LLX-COL-0267,c537c281-b6ad-4842-94ec-e937be0083e5,c18b03d8-00b7-4cb2-ae42-cd418f4f57a6,Mahindra Bolero Pickup 267,vehicle,road_vehicle,Mini_Truck_1T,Mahindra,Bolero Pickup,2017,WP LA-9531,MA1S45GXC2N8F2YJ4,active,moderate,48.05,2017-04-25,2020-04-25,c9f86c57-934e-40e8-b6df-2eb5d71405e6,217918.00,2026-06-28,2026-11-02,Mahindra Bolero Pickup (Mini Truck 1T) operating out of LankaLogix - Colombo on last mile delivery duty.,"{""cargo_type"": ""ecommerce_parcels"", ""route_type"": ""urban_delivery"", ""operating_shift"": ""day"", ""warehouse_short"": ""COL"", ""source_vehicle_id"": ""SLW0702""}",294b7244-8922-4faa-8a66-ecf7f2d31ede,2017-04-25 09:00:00+00,2026-08-10 19:03:05.467947+00,last_mile_delivery,Mahindra Bolero Pickup,Diesel,Manual,authorized_workshop,1005.30,medium,10,44,2,E-027
ce612d8f-2c97-49a1-9228-fde704c5053e,LLX-COL-0268,c537c281-b6ad-4842-94ec-e937be0083e5,c18b03d8-00b7-4cb2-ae42-cd418f4f57a6,Piaggio Porter 268,vehicle,road_vehicle,Mini_Truck_1T,Piaggio,Porter,2019,WP LB-4086,ZAPYK7W6TPX3VEER7,active,critical,78.08,2019-01-11,2022-01-11,9d13970f-2a41-435e-8706-26d1a28fe323,176057.00,2026-05-18,2026-08-22,Piaggio Porter (Mini Truck 1T) operating out of LankaLogix - Colombo on last mile delivery duty.,"{""cargo_type"": ""consumer_goods"", ""route_type"": ""retail_drop"", ""operating_shift"": ""day_night"", ""warehouse_short"": ""COL"", ""source_vehicle_id"": ""SLW0672""}",8ab44335-30b9-42d8-a1c3-82e009ea7876,2019-01-11 09:00:00+00,2026-08-10 19:03:05.467947+00,last_mile_delivery,Piaggio Porter,Diesel,Manual,OEM_dealer,963.50,high,8,33,0,E-028
24284d81-453a-468a-bba5-25bd85a3d403,LLX-COL-0269,c537c281-b6ad-4842-94ec-e937be0083e5,c18b03d8-00b7-4cb2-ae42-cd418f4f57a6,Tata Ace 269,vehicle,road_vehicle,Mini_Truck_1T,Tata,Ace,2018,WP LA-7606,MATJ6MTYSTK1SVDA7,active,moderate,41.01,2018-04-24,2021-04-24,af901256-e5d4-4ea1-b95a-c5f2006a7629,188990.00,2026-04-20,2026-09-16,Tata Ace (Mini Truck 1T) operating out of LankaLogix - Colombo on last mile delivery duty.,"{""cargo_type"": ""retail_goods"", ""route_type"": ""retail_drop"", ""operating_shift"": ""day_night"", ""warehouse_short"": ""COL"", ""source_vehicle_id"": ""SLW0351""}",66b4f764-8e90-4915-9c0a-f21f27ae4f4d,2018-04-24 09:00:00+00,2026-08-10 19:03:05.467947+00,last_mile_delivery,Tata Ace,Diesel,Manual,authorized_workshop,1027.90,medium,8,30,0,E-029
74955792-b891-41c5-8c51-a1088ddbcd78,LLX-COL-0270,c537c281-b6ad-4842-94ec-e937be0083e5,c18b03d8-00b7-4cb2-ae42-cd418f4f57a6,Tata Ace 270,vehicle,road_vehicle,Mini_Truck_1T,Tata,Ace,2020,WP LA-1492,MAT89GMEHW737M42E,active,excellent,72.42,2020-12-16,2023-12-16,a3267fe3-9c0f-4b60-95c4-971b2cac8906,127488.00,2026-06-08,2026-11-03,Tata Ace (Mini Truck 1T) operating out of LankaLogix - Colombo on last mile delivery duty.,"{""cargo_type"": ""ecommerce_parcels"", ""route_type"": ""retail_drop"", ""operating_shift"": ""day"", ""warehouse_short"": ""COL"", ""source_vehicle_id"": ""SLW1120""}",aedad933-6f7e-4d2e-b6df-191c9e459887,2020-12-16 09:00:00+00,2026-08-10 19:03:05.467947+00,last_mile_delivery,Tata Ace,Diesel,Automatic,authorized_workshop,1019.40,high,6,21,0,E-030
0044d1d4-b9b5-4622-87f3-458935555097,LLX-COL-0271,c537c281-b6ad-4842-94ec-e937be0083e5,c18b03d8-00b7-4cb2-ae42-cd418f4f57a6,Tata Ace 271,vehicle,road_vehicle,Mini_Truck_1T,Tata,Ace,2021,WP LA-6787,MAT47XAD2EDCD1KYR,active,good,58.58,2021-10-20,2024-10-20,55f028a0-239f-4082-a2bd-1ea1da7fb8eb,141064.00,2026-05-30,2026-08-20,Tata Ace (Mini Truck 1T) operating out of LankaLogix - Colombo on last mile delivery duty.,"{""cargo_type"": ""ecommerce_parcels"", ""route_type"": ""retail_drop"", ""operating_shift"": ""day_night"", ""warehouse_short"": ""COL"", ""source_vehicle_id"": ""SLW0607""}",aedad933-6f7e-4d2e-b6df-191c9e459887,2021-10-20 09:00:00+00,2026-08-10 19:03:05.467947+00,last_mile_delivery,Tata Ace,Diesel,Automatic,authorized_workshop,1094.00,medium,6,27,0,E-031
5845f04a-220a-4043-a53b-00020fd42290,LLX-COL-0272,c537c281-b6ad-4842-94ec-e937be0083e5,c18b03d8-00b7-4cb2-ae42-cd418f4f57a6,Mahindra Bolero Pickup 272,vehicle,road_vehicle,Mini_Truck_1T,Mahindra,Bolero Pickup,2015,WP LA-3212,MA1WNHBUAGLV9AJGU,active,good,79.43,2015-01-05,2018-01-05,,288132.00,2026-08-02,2026-12-02,Mahindra Bolero Pickup (Mini Truck 1T) operating out of LankaLogix - Colombo on last mile delivery duty.,"{""cargo_type"": ""consumer_goods"", ""route_type"": ""retail_drop"", ""operating_shift"": ""day"", ""warehouse_short"": ""COL"", ""source_vehicle_id"": ""SLW0141""}",8ab44335-30b9-42d8-a1c3-82e009ea7876,2015-01-05 09:00:00+00,2026-08-10 19:03:05.467947+00,last_mile_delivery,Mahindra Bolero Pickup,Diesel,Manual,OEM_dealer,951.90,high,12,55,2,E-032
a07baef9-4aff-4418-b3d6-b4a473a42aad,LLX-COL-0273,c537c281-b6ad-4842-94ec-e937be0083e5,c18b03d8-00b7-4cb2-ae42-cd418f4f57a6,Tata Ace 273,vehicle,road_vehicle,Mini_Truck_1T,Tata,Ace,2016,WP LB-8897,MATSLUV5F7NVKR9NF,active,moderate,46.74,2016-05-10,2019-05-10,18f814f2-8caf-454b-a5b5-36ab65b68c57,217479.00,2026-05-30,2026-11-18,Tata Ace (Mini Truck 1T) operating out of LankaLogix - Colombo on last mile delivery duty.,"{""cargo_type"": ""ecommerce_parcels"", ""route_type"": ""retail_drop"", ""operating_shift"": ""day"", ""warehouse_short"": ""COL"", ""source_vehicle_id"": ""SLW0080""}",8ab44335-30b9-42d8-a1c3-82e009ea7876,2016-05-10 09:00:00+00,2026-08-10 19:03:05.467947+00,last_mile_delivery,Tata Ace,Diesel,Manual,independent_garage,1085.60,medium,10,38,1,E-033
6bdfc2a2-4498-4c51-b5c9-6a35ea1cf25b,LLX-COL-0274,c537c281-b6ad-4842-94ec-e937be0083e5,c18b03d8-00b7-4cb2-ae42-cd418f4f57a6,Piaggio Porter 274,vehicle,road_vehicle,Mini_Truck_1T,Piaggio,Porter,2018,WP LA-1125,ZAP0Y2HXVFBREN5JG,active,moderate,48.49,2018-05-17,2021-05-17,7c2c14c1-404b-480e-b7d2-fe6a9487024e,208231.00,2026-06-12,2026-11-21,Piaggio Porter (Mini Truck 1T) operating out of LankaLogix - Colombo on last mile delivery duty.,"{""cargo_type"": ""consumer_goods"", ""route_type"": ""retail_drop"", ""operating_shift"": ""day_night"", ""warehouse_short"": ""COL"", ""source_vehicle_id"": ""SLW0015""}",294b7244-8922-4faa-8a66-ecf7f2d31ede,2018-05-17 09:00:00+00,2026-08-10 19:03:05.467947+00,last_mile_delivery,Piaggio Porter,Diesel,Automatic,OEM_dealer,1021.90,medium,9,35,1,E-034
800204e4-2aaa-48dd-b2f7-324bb8f7a885,LLX-COL-0275,c537c281-b6ad-4842-94ec-e937be0083e5,c18b03d8-00b7-4cb2-ae42-cd418f4f57a6,Mahindra Bolero Pickup 275,vehicle,road_vehicle,Mini_Truck_1T,Mahindra,Bolero Pickup,2021,WP LB-3386,MA1U25F51NSB7ZNWR,active,good,52.93,2021-01-16,2024-01-16,b232ddd5-5830-4628-84d8-26c9e470d691,111811.00,2026-07-30,2026-12-25,Mahindra Bolero Pickup (Mini Truck 1T) operating out of LankaLogix - Colombo on last mile delivery duty.,"{""cargo_type"": ""retail_goods"", ""route_type"": ""retail_drop"", ""operating_shift"": ""day"", ""warehouse_short"": ""COL"", ""source_vehicle_id"": ""SLW1133""}",dff1d306-f643-4c9e-abb3-5409e072abc4,2021-01-16 09:00:00+00,2026-08-10 19:03:05.467947+00,last_mile_delivery,Mahindra Bolero Pickup,Diesel,Manual,OEM_dealer,1099.90,medium,6,19,0,E-035
4321dee6-3718-4232-8071-d5e3f805a91d,LLX-COL-0276,c537c281-b6ad-4842-94ec-e937be0083e5,c18b03d8-00b7-4cb2-ae42-cd418f4f57a6,Mahindra Bolero Pickup 276,vehicle,road_vehicle,Mini_Truck_1T,Mahindra,Bolero Pickup,2021,WP LA-4231,MA105S7VTRWXBF1EB,active,poor,54.18,2021-07-15,2024-07-15,cb5f60a2-0e0d-43e4-a97e-79df022e7bf2,135152.00,2026-05-08,2026-09-28,Mahindra Bolero Pickup (Mini Truck 1T) operating out of LankaLogix - Colombo on last mile delivery duty.,"{""cargo_type"": ""ecommerce_parcels"", ""route_type"": ""retail_drop"", ""operating_shift"": ""day"", ""warehouse_short"": ""COL"", ""source_vehicle_id"": ""SLW0708""}",dff1d306-f643-4c9e-abb3-5409e072abc4,2021-07-15 09:00:00+00,2026-08-10 19:03:05.467947+00,last_mile_delivery,Mahindra Bolero Pickup,Diesel,Automatic,OEM_dealer,903.50,medium,6,18,0,E-036
4f9e2444-cf3b-455d-8b17-8eddf87f703e,LLX-COL-0277,c537c281-b6ad-4842-94ec-e937be0083e5,c18b03d8-00b7-4cb2-ae42-cd418f4f57a6,Piaggio Porter 277,vehicle,road_vehicle,Mini_Truck_1T,Piaggio,Porter,2018,WP LA-7268,ZAP3FES1UCGPJB3GY,active,poor,66.07,2018-01-13,2021-01-13,42bf7196-20f8-4ee2-b42f-ee966b90d96d,199404.00,2026-06-23,2026-09-21,Piaggio Porter (Mini Truck 1T) operating out of LankaLogix - Colombo on last mile delivery duty.,"{""cargo_type"": ""ecommerce_parcels"", ""route_type"": ""urban_delivery"", ""operating_shift"": ""day"", ""warehouse_short"": ""COL"", ""source_vehicle_id"": ""SLW1285""}",8ffcd728-c372-4540-9a04-7fa0c88e9347,2018-01-13 09:00:00+00,2026-08-10 19:03:05.467947+00,last_mile_delivery,Piaggio Porter,Diesel,Automatic,OEM_dealer,957.50,high,9,29,1,E-037
aeb41745-356c-4b18-9e63-c1d335c2d225,LLX-COL-0278,c537c281-b6ad-4842-94ec-e937be0083e5,c18b03d8-00b7-4cb2-ae42-cd418f4f57a6,Mahindra Bolero Pickup 278,vehicle,road_vehicle,Mini_Truck_1T,Mahindra,Bolero Pickup,2020,WP LB-1741,MA18WE0FP3LKSYVY7,active,good,73.83,2020-10-13,2023-10-13,db9ceda9-fe88-48a4-a8bc-b6d5b8e1c93d,164799.00,2026-06-13,2027-01-19,Mahindra Bolero Pickup (Mini Truck 1T) operating out of LankaLogix - Colombo on last mile delivery duty.,"{""cargo_type"": ""retail_goods"", ""route_type"": ""urban_delivery"", ""operating_shift"": ""day_night"", ""warehouse_short"": ""COL"", ""source_vehicle_id"": ""SLW1101""}",dff1d306-f643-4c9e-abb3-5409e072abc4,2020-10-13 09:00:00+00,2026-08-10 19:03:05.467947+00,last_mile_delivery,Mahindra Bolero Pickup,Diesel,Automatic,OEM_dealer,1010.20,high,7,21,0,E-038
6790cbaf-798f-4239-b0c3-7b10c7a1c8a4,LLX-COL-0279,c537c281-b6ad-4842-94ec-e937be0083e5,c18b03d8-00b7-4cb2-ae42-cd418f4f57a6,Tata Ace 279,vehicle,road_vehicle,Mini_Truck_1T,Tata,Ace,2021,WP LB-6583,MATUG043082ZZVJKY,active,moderate,67.89,2021-12-12,2024-12-12,f3c4e156-3bb0-4f09-af72-9bad7ceee5a0,111610.00,2026-08-03,2026-11-06,Tata Ace (Mini Truck 1T) operating out of LankaLogix - Colombo on last mile delivery duty.,"{""cargo_type"": ""consumer_goods"", ""route_type"": ""retail_drop"", ""operating_shift"": ""day_night"", ""warehouse_short"": ""COL"", ""source_vehicle_id"": ""SLW0753""}",aedad933-6f7e-4d2e-b6df-191c9e459887,2021-12-12 09:00:00+00,2026-08-10 19:03:05.467947+00,last_mile_delivery,Tata Ace,Diesel,Automatic,independent_garage,1045.20,high,6,27,1,E-039
6dbabe7c-2f75-469e-8e53-ce5136bb0543,LLX-COL-0280,c537c281-b6ad-4842-94ec-e937be0083e5,c18b03d8-00b7-4cb2-ae42-cd418f4f57a6,Mahindra Bolero Pickup 280,vehicle,road_vehicle,Mini_Truck_1T,Mahindra,Bolero Pickup,2021,WP LA-6330,MA167ZD3KUMK6CK2U,active,good,59.07,2021-05-22,2024-05-22,44f02d91-6ed8-49ff-bb7d-98412c2f27bc,152685.00,2026-07-30,2027-02-22,Mahindra Bolero Pickup (Mini Truck 1T) operating out of LankaLogix - Colombo on last mile delivery duty.,"{""cargo_type"": ""ecommerce_parcels"", ""route_type"": ""urban_delivery"", ""operating_shift"": ""day"", ""warehouse_short"": ""COL"", ""source_vehicle_id"": ""SLW1109""}",294b7244-8922-4faa-8a66-ecf7f2d31ede,2021-05-22 09:00:00+00,2026-08-10 19:03:05.467947+00,last_mile_delivery,Mahindra Bolero Pickup,Diesel,Automatic,authorized_workshop,990.20,medium,6,20,0,E-040
82f308a9-8006-41ee-ac8a-389e500bd4fd,LLX-COL-0281,c537c281-b6ad-4842-94ec-e937be0083e5,c18b03d8-00b7-4cb2-ae42-cd418f4f57a6,Tata Ace 281,vehicle,road_vehicle,Mini_Truck_1T,Tata,Ace,2020,WP LB-4951,MAT7K6GW0VFJZ9WH7,active,moderate,52.37,2020-11-08,2023-11-08,,152211.00,2026-08-05,2026-12-24,Tata Ace (Mini Truck 1T) operating out of LankaLogix - Colombo on last mile delivery duty.,"{""cargo_type"": ""retail_goods"", ""route_type"": ""retail_drop"", ""operating_shift"": ""day"", ""warehouse_short"": ""COL"", ""source_vehicle_id"": ""SLW0886""}",5dba83b3-52f3-44e6-84c0-7cb40b7e1cf7,2020-11-08 09:00:00+00,2026-08-10 19:03:05.467947+00,last_mile_delivery,Tata Ace,Diesel,Manual,authorized_workshop,1011.30,medium,7,29,0,E-041
a00e2f8d-b42f-48eb-9853-cb22f2286ce2,LLX-COL-0282,c537c281-b6ad-4842-94ec-e937be0083e5,c18b03d8-00b7-4cb2-ae42-cd418f4f57a6,Mahindra Bolero Pickup 282,vehicle,road_vehicle,Mini_Truck_1T,Mahindra,Bolero Pickup,2016,WP LB-4439,MA1BKX23R36B49BYP,active,moderate,49.07,2016-04-12,2019-04-12,da2a67ac-05d9-4061-97d1-f011a05f6fe5,203542.00,2026-06-10,2026-10-05,Mahindra Bolero Pickup (Mini Truck 1T) operating out of LankaLogix - Colombo on last mile delivery duty.,"{""cargo_type"": ""consumer_goods"", ""route_type"": ""retail_drop"", ""operating_shift"": ""three_shift"", ""warehouse_short"": ""COL"", ""source_vehicle_id"": ""SLW0243""}",8ab44335-30b9-42d8-a1c3-82e009ea7876,2016-04-12 09:00:00+00,2026-08-10 19:03:05.467947+00,last_mile_delivery,Mahindra Bolero Pickup,Diesel,Manual,OEM_dealer,957.80,medium,11,29,1,E-042
88df48f8-c6fc-4271-9542-16880ebc0330,LLX-COL-0283,c537c281-b6ad-4842-94ec-e937be0083e5,c18b03d8-00b7-4cb2-ae42-cd418f4f57a6,Tata Ace 283,vehicle,road_vehicle,Mini_Truck_1T,Tata,Ace,2020,WP LB-8899,MATXE26RA2D0HAYTA,active,moderate,85.00,2020-05-02,2023-05-02,f49309af-7263-49f9-9d09-f11dcc78fcaf,178430.00,2026-06-24,2026-09-21,Tata Ace (Mini Truck 1T) operating out of LankaLogix - Colombo on last mile delivery duty.,"{""cargo_type"": ""consumer_goods"", ""route_type"": ""retail_drop"", ""operating_shift"": ""day"", ""warehouse_short"": ""COL"", ""source_vehicle_id"": ""SLW1141""}",dff1d306-f643-4c9e-abb3-5409e072abc4,2020-05-02 09:00:00+00,2026-08-10 19:03:05.467947+00,last_mile_delivery,Tata Ace,Diesel,Manual,authorized_workshop,985.10,critical,7,31,0,E-043
4d4e00d7-1c52-40b0-bcb1-afa81a86c9a7,LLX-COL-0284,c537c281-b6ad-4842-94ec-e937be0083e5,c18b03d8-00b7-4cb2-ae42-cd418f4f57a6,Tata Ace 284,vehicle,road_vehicle,Mini_Truck_1T,Tata,Ace,2017,WP LA-7238,MATMY6PG7AX8UKACR,active,moderate,46.97,2017-04-15,2020-04-15,2c2d43d4-1eac-4011-8261-c8af7f6aa2a6,232060.00,2026-06-30,2026-12-15,Tata Ace (Mini Truck 1T) operating out of LankaLogix - Colombo on last mile delivery duty.,"{""cargo_type"": ""consumer_goods"", ""route_type"": ""retail_drop"", ""operating_shift"": ""day_night"", ""warehouse_short"": ""COL"", ""source_vehicle_id"": ""SLW0998""}",23b91a79-185d-41b8-aed8-22bf2cb9f4af,2017-04-15 09:00:00+00,2026-08-10 19:03:05.467947+00,last_mile_delivery,Tata Ace,Diesel,Manual,authorized_workshop,1103.70,medium,10,34,1,E-044
61535406-4b76-4d2b-9dc4-6fd5045df502,LLX-COL-0285,c537c281-b6ad-4842-94ec-e937be0083e5,c18b03d8-00b7-4cb2-ae42-cd418f4f57a6,Mahindra Bolero Pickup 285,vehicle,road_vehicle,Mini_Truck_1T,Mahindra,Bolero Pickup,2016,WP LA-2677,MA1JN99YJ231BL8GH,active,moderate,77.68,2016-10-06,2019-10-06,,214227.00,2026-07-30,2026-12-07,Mahindra Bolero Pickup (Mini Truck 1T) operating out of LankaLogix - Colombo on last mile delivery duty.,"{""cargo_type"": ""consumer_goods"", ""route_type"": ""urban_delivery"", ""operating_shift"": ""day"", ""warehouse_short"": ""COL"", ""source_vehicle_id"": ""SLW0320""}",e3203996-7192-4f35-b4d9-8d19dd61882f,2016-10-06 09:00:00+00,2026-08-10 19:03:05.467947+00,last_mile_delivery,Mahindra Bolero Pickup,Diesel,Manual,OEM_dealer,1045.40,high,11,38,1,E-045
dbcecd69-a627-4b0f-8cf0-87c3ff700c3a,LLX-COL-0286,c537c281-b6ad-4842-94ec-e937be0083e5,c18b03d8-00b7-4cb2-ae42-cd418f4f57a6,Piaggio Porter 286,vehicle,road_vehicle,Mini_Truck_1T,Piaggio,Porter,2021,WP LB-1537,ZAP5ARGK467M4L8JZ,active,poor,78.84,2021-03-19,2024-03-19,e91776d8-e25d-4e1d-88f3-4547156b4930,112044.00,2026-07-01,2026-08-29,Piaggio Porter (Mini Truck 1T) operating out of LankaLogix - Colombo on last mile delivery duty.,"{""cargo_type"": ""consumer_goods"", ""route_type"": ""retail_drop"", ""operating_shift"": ""day_night"", ""warehouse_short"": ""COL"", ""source_vehicle_id"": ""SLW0085""}",66b4f764-8e90-4915-9c0a-f21f27ae4f4d,2021-03-19 09:00:00+00,2026-08-10 19:03:05.467947+00,last_mile_delivery,Piaggio Porter,Diesel,Manual,authorized_workshop,914.00,high,6,18,0,E-046
5548ee88-d4b6-48e8-b099-016b2eac0566,LLX-COL-0287,c537c281-b6ad-4842-94ec-e937be0083e5,c18b03d8-00b7-4cb2-ae42-cd418f4f57a6,Piaggio Porter 287,vehicle,road_vehicle,Mini_Truck_1T,Piaggio,Porter,2015,WP LB-8281,ZAPRDDFFRJ6YNJXZL,active,moderate,59.80,2015-10-28,2018-10-28,0d00671e-4229-4f30-8023-aabec2a477f9,246029.00,2026-06-02,2026-10-28,Piaggio Porter (Mini Truck 1T) operating out of LankaLogix - Colombo on last mile delivery duty.,"{""cargo_type"": ""retail_goods"", ""route_type"": ""retail_drop"", ""operating_shift"": ""day"", ""warehouse_short"": ""COL"", ""source_vehicle_id"": ""SLW0285""}",aedad933-6f7e-4d2e-b6df-191c9e459887,2015-10-28 09:00:00+00,2026-08-10 19:03:05.467947+00,last_mile_delivery,Piaggio Porter,Diesel,Manual,independent_garage,982.70,medium,12,42,1,E-047
02acbd3f-6b2a-4134-8d00-6d0ca110aa43,LLX-COL-0288,c537c281-b6ad-4842-94ec-e937be0083e5,c18b03d8-00b7-4cb2-ae42-cd418f4f57a6,Tata Ace 288,vehicle,road_vehicle,Mini_Truck_1T,Tata,Ace,2020,WP LB-1059,MATT7JPPJ22SFUFPP,active,good,89.34,2020-06-01,2023-06-01,cfc6d555-e896-4686-be90-1da957d6707d,149153.00,2026-06-29,2026-11-17,Tata Ace (Mini Truck 1T) operating out of LankaLogix - Colombo on last mile delivery duty.,"{""cargo_type"": ""ecommerce_parcels"", ""route_type"": ""retail_drop"", ""operating_shift"": ""day"", ""warehouse_short"": ""COL"", ""source_vehicle_id"": ""SLW0652""}",23b91a79-185d-41b8-aed8-22bf2cb9f4af,2020-06-01 09:00:00+00,2026-08-10 19:03:05.467947+00,last_mile_delivery,Tata Ace,Diesel,Manual,authorized_workshop,980.40,critical,7,30,0,E-048
2087abd2-eb2c-4f17-9ec2-04ba9e0722fc,LLX-COL-0289,c537c281-b6ad-4842-94ec-e937be0083e5,c18b03d8-00b7-4cb2-ae42-cd418f4f57a6,Mahindra Bolero Pickup 289,vehicle,road_vehicle,Mini_Truck_1T,Mahindra,Bolero Pickup,2016,WP LA-9001,MA1B332UL6XV5KANY,active,moderate,78.14,2016-11-28,2019-11-28,32dad9d0-4ec9-4cae-b538-5f91662e6d44,185099.00,2026-08-05,2026-08-11,Mahindra Bolero Pickup (Mini Truck 1T) operating out of LankaLogix - Colombo on last mile delivery duty.,"{""cargo_type"": ""ecommerce_parcels"", ""route_type"": ""urban_delivery"", ""operating_shift"": ""day"", ""warehouse_short"": ""COL"", ""source_vehicle_id"": ""SLW0717""}",66b4f764-8e90-4915-9c0a-f21f27ae4f4d,2016-11-28 09:00:00+00,2026-08-10 19:03:05.467947+00,last_mile_delivery,Mahindra Bolero Pickup,Diesel,Automatic,independent_garage,1009.30,high,10,40,1,E-049
765c4ae6-ddf0-4b5b-868e-dc64b71a8adc,LLX-COL-0290,c537c281-b6ad-4842-94ec-e937be0083e5,c18b03d8-00b7-4cb2-ae42-cd418f4f57a6,Piaggio Porter 290,vehicle,road_vehicle,Mini_Truck_1T,Piaggio,Porter,2016,WP LB-2953,ZAPNCTEXLJ3LKBC65,active,moderate,67.43,2016-07-09,2019-07-09,e1121c2f-4b9c-484f-ab26-d06bba047a3e,275239.00,2026-05-04,2026-10-12,Piaggio Porter (Mini Truck 1T) operating out of LankaLogix - Colombo on last mile delivery duty.,"{""cargo_type"": ""consumer_goods"", ""route_type"": ""urban_delivery"", ""operating_shift"": ""day_night"", ""warehouse_short"": ""COL"", ""source_vehicle_id"": ""SLW1369""}",66b4f764-8e90-4915-9c0a-f21f27ae4f4d,2016-07-09 09:00:00+00,2026-08-10 19:03:05.467947+00,last_mile_delivery,Piaggio Porter,Diesel,Automatic,authorized_workshop,986.70,high,11,44,1,E-050
7f911169-073c-45e3-9070-4c3b8f88932a,LLX-COL-0291,c537c281-b6ad-4842-94ec-e937be0083e5,c18b03d8-00b7-4cb2-ae42-cd418f4f57a6,Piaggio Porter 291,vehicle,road_vehicle,Mini_Truck_1T,Piaggio,Porter,2017,WP LA-2500,ZAPSEF4E3HSMC63DG,active,moderate,60.26,2017-09-11,2020-09-11,6afbbe79-b3b4-4bce-969a-13c3c0c87b06,213663.00,2026-08-07,2026-08-11,Piaggio Porter (Mini Truck 1T) operating out of LankaLogix - Colombo on last mile delivery duty.,"{""cargo_type"": ""consumer_goods"", ""route_type"": ""retail_drop"", ""operating_shift"": ""day"", ""warehouse_short"": ""COL"", ""source_vehicle_id"": ""SLW1009""}",8ab44335-30b9-42d8-a1c3-82e009ea7876,2017-09-11 09:00:00+00,2026-08-10 19:03:05.467947+00,last_mile_delivery,Piaggio Porter,Diesel,Manual,independent_garage,1004.40,medium,9,37,0,E-051
fa2cad79-eb72-4e60-9692-0d329d7f16b7,LLX-COL-0292,c537c281-b6ad-4842-94ec-e937be0083e5,c18b03d8-00b7-4cb2-ae42-cd418f4f57a6,Piaggio Porter 292,vehicle,road_vehicle,Mini_Truck_1T,Piaggio,Porter,2021,WP LB-5740,ZAP6RT0KBZMHAZK3A,active,moderate,73.43,2021-09-20,2024-09-20,862dfdd0-bfa1-4ab2-a8e0-7280ab4a68d5,116646.00,2026-04-22,2026-09-13,Piaggio Porter (Mini Truck 1T) operating out of LankaLogix - Colombo on last mile delivery duty.,"{""cargo_type"": ""retail_goods"", ""route_type"": ""retail_drop"", ""operating_shift"": ""day"", ""warehouse_short"": ""COL"", ""source_vehicle_id"": ""SLW0246""}",2b0b58b5-c777-4903-8b21-ef25ce17a71a,2021-09-20 09:00:00+00,2026-08-10 19:03:05.467947+00,last_mile_delivery,Piaggio Porter,Diesel,Manual,OEM_dealer,981.10,high,6,23,0,E-052
d76aaa82-8c42-4049-b30b-4c5e50afee74,LLX-COL-0293,c537c281-b6ad-4842-94ec-e937be0083e5,c18b03d8-00b7-4cb2-ae42-cd418f4f57a6,Mahindra Bolero Pickup 293,vehicle,road_vehicle,Mini_Truck_1T,Mahindra,Bolero Pickup,2017,WP LA-6553,MA1Z79EWB3TXVU51U,active,poor,49.04,2017-12-28,2020-12-28,,179488.00,2026-06-13,2026-09-18,Mahindra Bolero Pickup (Mini Truck 1T) operating out of LankaLogix - Colombo on last mile delivery duty.,"{""cargo_type"": ""consumer_goods"", ""route_type"": ""urban_delivery"", ""operating_shift"": ""day"", ""warehouse_short"": ""COL"", ""source_vehicle_id"": ""SLW0626""}",294b7244-8922-4faa-8a66-ecf7f2d31ede,2017-12-28 09:00:00+00,2026-08-10 19:03:05.467947+00,last_mile_delivery,Mahindra Bolero Pickup,Diesel,Manual,authorized_workshop,962.50,medium,9,33,1,E-053
f8643b76-79f1-40b5-a451-b831518d7be9,LLX-COL-0294,c537c281-b6ad-4842-94ec-e937be0083e5,c18b03d8-00b7-4cb2-ae42-cd418f4f57a6,Mahindra Bolero Pickup 294,vehicle,road_vehicle,Mini_Truck_1T,Mahindra,Bolero Pickup,2020,WP LB-2525,MA1Z45WU7XCJM8S0C,active,moderate,55.54,2020-06-13,2023-06-13,,172388.00,2026-06-12,2026-09-15,Mahindra Bolero Pickup (Mini Truck 1T) operating out of LankaLogix - Colombo on last mile delivery duty.,"{""cargo_type"": ""ecommerce_parcels"", ""route_type"": ""retail_drop"", ""operating_shift"": ""day"", ""warehouse_short"": ""COL"", ""source_vehicle_id"": ""SLW1243""}",2b0b58b5-c777-4903-8b21-ef25ce17a71a,2020-06-13 09:00:00+00,2026-08-10 19:03:05.467947+00,last_mile_delivery,Mahindra Bolero Pickup,Diesel,Manual,OEM_dealer,1048.20,medium,7,28,1,E-054
1d5b6c37-64b0-4d21-8246-f5c0ff1ce270,LLX-COL-0295,c537c281-b6ad-4842-94ec-e937be0083e5,c18b03d8-00b7-4cb2-ae42-cd418f4f57a6,Piaggio Porter 295,vehicle,road_vehicle,Mini_Truck_1T,Piaggio,Porter,2017,WP LB-1642,ZAPZR7N03BBL3NUM9,active,moderate,53.03,2017-05-22,2020-05-22,f85e5d5e-23ed-4753-ab5b-6e0d16377b17,196342.00,2026-06-24,2026-12-10,Piaggio Porter (Mini Truck 1T) operating out of LankaLogix - Colombo on last mile delivery duty.,"{""cargo_type"": ""ecommerce_parcels"", ""route_type"": ""retail_drop"", ""operating_shift"": ""day"", ""warehouse_short"": ""COL"", ""source_vehicle_id"": ""SLW0478""}",aedad933-6f7e-4d2e-b6df-191c9e459887,2017-05-22 09:00:00+00,2026-08-10 19:03:05.467947+00,last_mile_delivery,Piaggio Porter,Diesel,Manual,authorized_workshop,1058.60,medium,9,36,1,E-055
a12b69c0-1e74-48c0-b9df-2c337973ba36,LLX-COL-0296,c537c281-b6ad-4842-94ec-e937be0083e5,c18b03d8-00b7-4cb2-ae42-cd418f4f57a6,Tata Ace 296,vehicle,road_vehicle,Mini_Truck_1T,Tata,Ace,2018,WP LB-2852,MATFE4TT9EDDV2TS6,active,moderate,58.80,2018-08-05,2021-08-05,f8e16139-3fa8-4be2-9a68-cdd5555659dc,185667.00,2026-06-05,2026-09-27,Tata Ace (Mini Truck 1T) operating out of LankaLogix - Colombo on last mile delivery duty.,"{""cargo_type"": ""consumer_goods"", ""route_type"": ""retail_drop"", ""operating_shift"": ""day_night"", ""warehouse_short"": ""COL"", ""source_vehicle_id"": ""SLW0037""}",e3203996-7192-4f35-b4d9-8d19dd61882f,2018-08-05 09:00:00+00,2026-08-10 19:03:05.467947+00,last_mile_delivery,Tata Ace,Diesel,Automatic,authorized_workshop,969.70,medium,9,35,0,E-056
b852110c-0fdc-4588-b345-b2ae27fddcf6,LLX-COL-0297,c537c281-b6ad-4842-94ec-e937be0083e5,c18b03d8-00b7-4cb2-ae42-cd418f4f57a6,Tata Ultra T.7 297,vehicle,road_vehicle,Light_Truck_3.5T,Tata,Ultra T.7,2021,WP LC-6889,MAURXZFWUL41ENZT3,active,good,74.52,2021-10-21,2024-10-21,ab3182a5-9c1a-4b46-99c0-a53fb59e2a10,166415.00,2026-07-27,2026-12-11,Tata Ultra T.7 (Light Truck 3.5T) operating out of LankaLogix - Colombo on regional distribution duty.,"{""cargo_type"": ""beverages"", ""route_type"": ""regional_distribution"", ""operating_shift"": ""day"", ""warehouse_short"": ""COL"", ""source_vehicle_id"": ""SLW0081""}",66b4f764-8e90-4915-9c0a-f21f27ae4f4d,2021-10-21 09:00:00+00,2026-08-10 19:03:05.467947+00,regional_distribution,Tata Ultra T.7,Diesel,Manual,OEM_dealer,3418.20,high,6,25,0,E-057
f63250b5-0058-4e7b-9ee2-a57386a6e303,LLX-COL-0298,c537c281-b6ad-4842-94ec-e937be0083e5,c18b03d8-00b7-4cb2-ae42-cd418f4f57a6,Isuzu ELF NKR 298,vehicle,road_vehicle,Light_Truck_3.5T,Isuzu,ELF NKR,2020,WP LD-6755,JAANL5VH4KTCEZBL5,active,poor,67.65,2020-08-26,2023-08-26,b39348d1-7405-4464-8957-067b571cbe59,172500.00,2026-05-23,2026-08-27,Isuzu ELF NKR (Light Truck 3.5T) operating out of LankaLogix - Colombo on regional distribution duty.,"{""cargo_type"": ""dry_goods"", ""route_type"": ""highway_distribution"", ""operating_shift"": ""day_night"", ""warehouse_short"": ""COL"", ""source_vehicle_id"": ""SLW0566""}",8ffcd728-c372-4540-9a04-7fa0c88e9347,2020-08-26 09:00:00+00,2026-08-10 19:03:05.467947+00,regional_distribution,Isuzu ELF NKR,Diesel,Manual,independent_garage,3545.30,high,6,26,0,E-058
d7f1a79c-ceff-4e6f-a075-13e86a3465d8,LLX-COL-0299,c537c281-b6ad-4842-94ec-e937be0083e5,c18b03d8-00b7-4cb2-ae42-cd418f4f57a6,Mitsubishi Canter 299,vehicle,road_vehicle,Light_Truck_3.5T,Mitsubishi,Canter,2018,WP LC-2921,JLBAWT3RS68SND0P2,active,good,50.40,2018-10-01,2021-10-01,6ab1fa28-105a-4e64-86b5-50fe38b7933d,276027.00,2026-08-07,2026-08-11,Mitsubishi Canter (Light Truck 3.5T) operating out of LankaLogix - Colombo on regional distribution duty.,"{""cargo_type"": ""dry_goods"", ""route_type"": ""regional_distribution"", ""operating_shift"": ""day_night"", ""warehouse_short"": ""COL"", ""source_vehicle_id"": ""SLW1134""}",2b0b58b5-c777-4903-8b21-ef25ce17a71a,2018-10-01 09:00:00+00,2026-08-10 19:03:05.467947+00,regional_distribution,Mitsubishi Canter,Diesel,Automatic,OEM_dealer,3457.40,medium,9,31,1,E-059
89bc710f-f711-47cb-a7e4-215e9d0d17ff,LLX-COL-0300,c537c281-b6ad-4842-94ec-e937be0083e5,c18b03d8-00b7-4cb2-ae42-cd418f4f57a6,Mitsubishi Canter 300,vehicle,road_vehicle,Light_Truck_3.5T,Mitsubishi,Canter,2019,WP LD-2141,JLBSMEWHP1526LME9,active,moderate,54.10,2019-07-25,2022-07-25,,201627.00,2026-07-14,2026-10-05,Mitsubishi Canter (Light Truck 3.5T) operating out of LankaLogix - Colombo on regional distribution duty.,"{""cargo_type"": ""consumer_goods"", ""route_type"": ""highway_distribution"", ""operating_shift"": ""day_night"", ""warehouse_short"": ""COL"", ""source_vehicle_id"": ""SLW0573""}",dff1d306-f643-4c9e-abb3-5409e072abc4,2019-07-25 09:00:00+00,2026-08-10 19:03:05.467947+00,regional_distribution,Mitsubishi Canter,Diesel,Manual,independent_garage,3732.70,medium,7,21,0,E-060
04db65f1-caf5-4f8f-ba94-6e8ae8ecc7bd,LLX-COL-0301,c537c281-b6ad-4842-94ec-e937be0083e5,c18b03d8-00b7-4cb2-ae42-cd418f4f57a6,Tata Ultra T.7 301,vehicle,road_vehicle,Light_Truck_3.5T,Tata,Ultra T.7,2016,WP LD-2922,MAUMKTCUZYJNMMKS8,active,moderate,38.75,2016-03-23,2019-03-23,d38515f1-d5cf-4346-9352-be8bb20aee1e,294569.00,2026-06-02,2026-10-08,Tata Ultra T.7 (Light Truck 3.5T) operating out of LankaLogix - Colombo on regional distribution duty.,"{""cargo_type"": ""consumer_goods"", ""route_type"": ""highway_distribution"", ""operating_shift"": ""day"", ""warehouse_short"": ""COL"", ""source_vehicle_id"": ""SLW1043""}",5dba83b3-52f3-44e6-84c0-7cb40b7e1cf7,2016-03-23 09:00:00+00,2026-08-10 19:03:05.467947+00,regional_distribution,Tata Ultra T.7,Diesel,Manual,authorized_workshop,3223.70,medium,10,30,1,F-001
aff70554-5d52-4ae3-ab94-d8ce37b04506,LLX-COL-0302,c537c281-b6ad-4842-94ec-e937be0083e5,c18b03d8-00b7-4cb2-ae42-cd418f4f57a6,Isuzu ELF NKR 302,vehicle,road_vehicle,Light_Truck_3.5T,Isuzu,ELF NKR,2019,WP LD-3039,JAA1CEFSD1E7N4P9F,under_maintenance,poor,42.52,2019-09-22,2022-09-22,,222695.00,2026-08-09,2026-08-14,Isuzu ELF NKR (Light Truck 3.5T) operating out of LankaLogix - Colombo on regional distribution duty.,"{""cargo_type"": ""beverages"", ""route_type"": ""regional_distribution"", ""operating_shift"": ""day"", ""warehouse_short"": ""COL"", ""source_vehicle_id"": ""SLW0945""}",23b91a79-185d-41b8-aed8-22bf2cb9f4af,2019-09-22 09:00:00+00,2026-08-10 19:03:05.467947+00,regional_distribution,Isuzu ELF NKR,Diesel,Manual,OEM_dealer,3636.30,medium,8,25,0,F-002
00569254-8f6b-4a4f-a65a-ca7e6458fd46,LLX-COL-0303,c537c281-b6ad-4842-94ec-e937be0083e5,c18b03d8-00b7-4cb2-ae42-cd418f4f57a6,Tata Ultra T.7 303,vehicle,road_vehicle,Light_Truck_3.5T,Tata,Ultra T.7,2021,WP LC-8145,MAU6N249YPHC7TUTU,active,moderate,68.74,2021-12-24,2024-12-24,2cb0e26c-1100-4df9-8c7d-54ff343ee7b3,157708.00,2026-06-20,2026-11-12,Tata Ultra T.7 (Light Truck 3.5T) operating out of LankaLogix - Colombo on regional distribution duty.,"{""cargo_type"": ""dry_goods"", ""route_type"": ""highway_distribution"", ""operating_shift"": ""three_shift"", ""warehouse_short"": ""COL"", ""source_vehicle_id"": ""SLW0225""}",8ffcd728-c372-4540-9a04-7fa0c88e9347,2021-12-24 09:00:00+00,2026-08-10 19:03:05.467947+00,regional_distribution,Tata Ultra T.7,Diesel,Automatic,OEM_dealer,3367.90,high,6,23,0,F-003
01012599-6ec7-4baa-9328-b376893a566b,LLX-COL-0304,c537c281-b6ad-4842-94ec-e937be0083e5,c18b03d8-00b7-4cb2-ae42-cd418f4f57a6,Mitsubishi Canter 304,vehicle,road_vehicle,Light_Truck_3.5T,Mitsubishi,Canter,2017,WP LC-6664,JLB3WVDUMY09GTYZA,active,good,44.36,2017-04-12,2020-04-12,,266932.00,2026-06-18,2026-12-22,Mitsubishi Canter (Light Truck 3.5T) operating out of LankaLogix - Colombo on regional distribution duty.,"{""cargo_type"": ""consumer_goods"", ""route_type"": ""regional_distribution"", ""operating_shift"": ""three_shift"", ""warehouse_short"": ""COL"", ""source_vehicle_id"": ""SLW0799""}",8ab44335-30b9-42d8-a1c3-82e009ea7876,2017-04-12 09:00:00+00,2026-08-10 19:03:05.467947+00,regional_distribution,Mitsubishi Canter,Diesel,Automatic,authorized_workshop,3559.70,medium,9,36,0,F-004
5b295364-2630-4694-bcd6-47bfc97883a4,LLX-COL-0305,c537c281-b6ad-4842-94ec-e937be0083e5,c18b03d8-00b7-4cb2-ae42-cd418f4f57a6,Tata Ultra T.7 305,vehicle,road_vehicle,Light_Truck_3.5T,Tata,Ultra T.7,2019,WP LD-6043,MAURZDRGVXS9K0421,active,moderate,65.85,2019-06-04,2022-06-04,3d6e22b7-a8bf-4c92-96df-615af688aa21,228602.00,2026-06-04,2026-08-19,Tata Ultra T.7 (Light Truck 3.5T) operating out of LankaLogix - Colombo on regional distribution duty.,"{""cargo_type"": ""consumer_goods"", ""route_type"": ""regional_distribution"", ""operating_shift"": ""day_night"", ""warehouse_short"": ""COL"", ""source_vehicle_id"": ""SLW1356""}",5dba83b3-52f3-44e6-84c0-7cb40b7e1cf7,2019-06-04 09:00:00+00,2026-08-10 19:03:05.467947+00,regional_distribution,Tata Ultra T.7,Diesel,Manual,independent_garage,3577.90,high,8,33,1,F-005
38989727-3091-48bd-aef2-a3b8d4f30719,LLX-COL-0306,c537c281-b6ad-4842-94ec-e937be0083e5,c18b03d8-00b7-4cb2-ae42-cd418f4f57a6,Tata Ultra T.7 306,vehicle,road_vehicle,Light_Truck_3.5T,Tata,Ultra T.7,2020,WP LD-4926,MAU7U2ZTX0RSRLARL,active,good,44.75,2020-10-09,2023-10-09,e57393bd-5c70-49b5-a53f-2b0727dc5d4b,174174.00,2026-07-23,2026-11-05,Tata Ultra T.7 (Light Truck 3.5T) operating out of LankaLogix - Colombo on regional distribution duty.,"{""cargo_type"": ""beverages"", ""route_type"": ""highway_distribution"", ""operating_shift"": ""day"", ""warehouse_short"": ""COL"", ""source_vehicle_id"": ""SLW1237""}",66b4f764-8e90-4915-9c0a-f21f27ae4f4d,2020-10-09 09:00:00+00,2026-08-10 19:03:05.467947+00,regional_distribution,Tata Ultra T.7,Diesel,Automatic,authorized_workshop,3727.50,medium,6,24,0,F-006
d7ddcf5c-a8d7-42ed-ae9c-f6abfbbe678c,LLX-COL-0307,c537c281-b6ad-4842-94ec-e937be0083e5,c18b03d8-00b7-4cb2-ae42-cd418f4f57a6,Isuzu ELF NKR 307,vehicle,road_vehicle,Light_Truck_3.5T,Isuzu,ELF NKR,2021,WP LC-7973,JAA3GAY47T1T2A6CP,active,good,79.63,2021-09-04,2024-09-04,2c594e9c-83b2-4d2e-91b9-33fa6a6bc81e,147498.00,2026-05-02,2027-01-06,Isuzu ELF NKR (Light Truck 3.5T) operating out of LankaLogix - Colombo on regional distribution duty.,"{""cargo_type"": ""dry_goods"", ""route_type"": ""regional_distribution"", ""operating_shift"": ""day"", ""warehouse_short"": ""COL"", ""source_vehicle_id"": ""SLW0503""}",66b4f764-8e90-4915-9c0a-f21f27ae4f4d,2021-09-04 09:00:00+00,2026-08-10 19:03:05.467947+00,regional_distribution,Isuzu ELF NKR,Diesel,Manual,authorized_workshop,3593.10,high,6,17,0,F-007
7f4ec061-27da-4f01-bae7-ee92f4ad02a8,LLX-COL-0308,c537c281-b6ad-4842-94ec-e937be0083e5,c18b03d8-00b7-4cb2-ae42-cd418f4f57a6,Isuzu ELF NKR 308,vehicle,road_vehicle,Light_Truck_3.5T,Isuzu,ELF NKR,2017,WP LC-3074,JAAC3FYK1TRK0C6AX,active,moderate,65.34,2017-06-05,2020-06-05,d8054855-141d-41de-b91c-4fd89942c56e,259729.00,2026-06-25,2026-10-10,Isuzu ELF NKR (Light Truck 3.5T) operating out of LankaLogix - Colombo on regional distribution duty.,"{""cargo_type"": ""beverages"", ""route_type"": ""highway_distribution"", ""operating_shift"": ""three_shift"", ""warehouse_short"": ""COL"", ""source_vehicle_id"": ""SLW0550""}",aedad933-6f7e-4d2e-b6df-191c9e459887,2017-06-05 09:00:00+00,2026-08-10 19:03:05.467947+00,regional_distribution,Isuzu ELF NKR,Diesel,Manual,authorized_workshop,3511.80,high,9,34,1,F-008
ba24d44f-89d7-46f6-bca0-0e88f2609048,LLX-COL-0309,c537c281-b6ad-4842-94ec-e937be0083e5,c18b03d8-00b7-4cb2-ae42-cd418f4f57a6,Tata Ultra T.7 309,vehicle,road_vehicle,Light_Truck_3.5T,Tata,Ultra T.7,2019,WP LC-6384,MAUEGLW22B4F4BK9X,active,good,65.35,2019-07-13,2022-07-13,54e48c09-372a-42e8-9086-e98f7ce791b9,212241.00,2026-07-17,2026-09-15,Tata Ultra T.7 (Light Truck 3.5T) operating out of LankaLogix - Colombo on regional distribution duty.,"{""cargo_type"": ""retail_goods"", ""route_type"": ""regional_distribution"", ""operating_shift"": ""day_night"", ""warehouse_short"": ""COL"", ""source_vehicle_id"": ""SLW0531""}",66b4f764-8e90-4915-9c0a-f21f27ae4f4d,2019-07-13 09:00:00+00,2026-08-10 19:03:05.467947+00,regional_distribution,Tata Ultra T.7,Diesel,Manual,OEM_dealer,3798.80,high,8,30,0,F-009
e68cc4b9-0014-498d-a81a-e3e0fa17e723,LLX-COL-0310,c537c281-b6ad-4842-94ec-e937be0083e5,c18b03d8-00b7-4cb2-ae42-cd418f4f57a6,Mitsubishi Canter 310,vehicle,road_vehicle,Light_Truck_3.5T,Mitsubishi,Canter,2018,WP LC-7723,JLBUBA8VMSYXJ0V88,active,moderate,74.75,2018-08-11,2021-08-11,,221621.00,2026-05-04,2027-01-28,Mitsubishi Canter (Light Truck 3.5T) operating out of LankaLogix - Colombo on regional distribution duty.,"{""cargo_type"": ""consumer_goods"", ""route_type"": ""regional_distribution"", ""operating_shift"": ""day"", ""warehouse_short"": ""COL"", ""source_vehicle_id"": ""SLW0016""}",fc975356-d5cc-4bdc-ab35-2dc5c648c8f2,2018-08-11 09:00:00+00,2026-08-10 19:03:05.467947+00,regional_distribution,Mitsubishi Canter,Diesel,Manual,OEM_dealer,3468.90,high,9,21,1,F-010
f406213d-438b-42d0-b5a0-af45d4f0cec4,LLX-COL-0311,c537c281-b6ad-4842-94ec-e937be0083e5,c18b03d8-00b7-4cb2-ae42-cd418f4f57a6,Isuzu ELF NKR 311,vehicle,road_vehicle,Light_Truck_3.5T,Isuzu,ELF NKR,2016,WP LC-3961,JAAW7H2KP1MFDENBA,active,moderate,73.15,2016-05-10,2019-05-10,5d43b353-f619-4792-b4f1-617a66b1975e,295713.00,2026-03-03,2026-08-22,Isuzu ELF NKR (Light Truck 3.5T) operating out of LankaLogix - Colombo on regional distribution duty.,"{""cargo_type"": ""retail_goods"", ""route_type"": ""regional_distribution"", ""operating_shift"": ""day_night"", ""warehouse_short"": ""COL"", ""source_vehicle_id"": ""SLW1060""}",e3203996-7192-4f35-b4d9-8d19dd61882f,2016-05-10 09:00:00+00,2026-08-10 19:03:05.467947+00,regional_distribution,Isuzu ELF NKR,Diesel,Automatic,OEM_dealer,3698.80,high,11,41,2,F-011
435bafcf-7332-4e44-b7f5-c3fe116a9f8b,LLX-COL-0312,c537c281-b6ad-4842-94ec-e937be0083e5,c18b03d8-00b7-4cb2-ae42-cd418f4f57a6,Mitsubishi Canter 312,vehicle,road_vehicle,Light_Truck_3.5T,Mitsubishi,Canter,2016,WP LD-4109,JLBW2GTATY4ZNHM7E,active,moderate,80.32,2016-08-05,2019-08-05,db9ceda9-fe88-48a4-a8bc-b6d5b8e1c93d,302772.00,2026-06-16,2026-11-30,Mitsubishi Canter (Light Truck 3.5T) operating out of LankaLogix - Colombo on regional distribution duty.,"{""cargo_type"": ""dry_goods"", ""route_type"": ""regional_distribution"", ""operating_shift"": ""day_night"", ""warehouse_short"": ""COL"", ""source_vehicle_id"": ""SLW0784""}",fc975356-d5cc-4bdc-ab35-2dc5c648c8f2,2016-08-05 09:00:00+00,2026-08-10 19:03:05.467947+00,regional_distribution,Mitsubishi Canter,Diesel,Automatic,authorized_workshop,3580.90,high,11,39,2,F-012
85abe342-65a2-474d-9918-64f8c5891699,LLX-COL-0313,c537c281-b6ad-4842-94ec-e937be0083e5,c18b03d8-00b7-4cb2-ae42-cd418f4f57a6,Isuzu ELF NKR 313,vehicle,road_vehicle,Light_Truck_3.5T,Isuzu,ELF NKR,2019,WP LD-9700,JAATEYRAJ3SE27EFM,active,moderate,71.90,2019-07-10,2022-07-10,42b280ac-836f-403d-b991-b016eac74429,204423.00,2026-06-12,2026-08-29,Isuzu ELF NKR (Light Truck 3.5T) operating out of LankaLogix - Colombo on regional distribution duty.,"{""cargo_type"": ""retail_goods"", ""route_type"": ""highway_distribution"", ""operating_shift"": ""day"", ""warehouse_short"": ""COL"", ""source_vehicle_id"": ""SLW0704""}",8ffcd728-c372-4540-9a04-7fa0c88e9347,2019-07-10 09:00:00+00,2026-08-10 19:03:05.467947+00,regional_distribution,Isuzu ELF NKR,Diesel,Automatic,OEM_dealer,3456.50,high,7,17,0,F-013
6110db6d-cb80-4658-bbb6-3687a2edc826,LLX-COL-0314,c537c281-b6ad-4842-94ec-e937be0083e5,c18b03d8-00b7-4cb2-ae42-cd418f4f57a6,Tata Ultra T.7 314,vehicle,road_vehicle,Light_Truck_3.5T,Tata,Ultra T.7,2018,WP LC-2169,MAUBNKL1ZM3ZNJZU5,active,poor,70.51,2018-04-11,2021-04-11,3b296b4c-a6c2-42a6-89b4-e614400f1631,198948.00,2026-03-05,2026-09-04,Tata Ultra T.7 (Light Truck 3.5T) operating out of LankaLogix - Colombo on regional distribution duty.,"{""cargo_type"": ""beverages"", ""route_type"": ""regional_distribution"", ""operating_shift"": ""three_shift"", ""warehouse_short"": ""COL"", ""source_vehicle_id"": ""SLW0393""}",fc975356-d5cc-4bdc-ab35-2dc5c648c8f2,2018-04-11 09:00:00+00,2026-08-10 19:03:05.467947+00,regional_distribution,Tata Ultra T.7,Diesel,Manual,authorized_workshop,3553.80,high,8,28,0,F-014
aa2ebdaf-26f2-42d0-8625-9b9437ecea41,LLX-COL-0315,c537c281-b6ad-4842-94ec-e937be0083e5,c18b03d8-00b7-4cb2-ae42-cd418f4f57a6,Tata Ultra T.7 315,vehicle,road_vehicle,Light_Truck_3.5T,Tata,Ultra T.7,2018,WP LD-7258,MAU7TR82UUUKDZZFK,active,good,61.41,2018-07-15,2021-07-15,,233677.00,2026-07-09,2026-10-24,Tata Ultra T.7 (Light Truck 3.5T) operating out of LankaLogix - Colombo on regional distribution duty.,"{""cargo_type"": ""beverages"", ""route_type"": ""regional_distribution"", ""operating_shift"": ""day"", ""warehouse_short"": ""COL"", ""source_vehicle_id"": ""SLW1384""}",8ab44335-30b9-42d8-a1c3-82e009ea7876,2018-07-15 09:00:00+00,2026-08-10 19:03:05.467947+00,regional_distribution,Tata Ultra T.7,Diesel,Automatic,independent_garage,3321.50,medium,8,33,1,F-015
301f21d5-ef31-48eb-b8ce-3065c3003bf7,LLX-COL-0316,c537c281-b6ad-4842-94ec-e937be0083e5,c18b03d8-00b7-4cb2-ae42-cd418f4f57a6,Isuzu ELF NKR 316,vehicle,road_vehicle,Light_Truck_3.5T,Isuzu,ELF NKR,2020,WP LC-9412,JAA14MS3YWURL3B1W,active,moderate,66.05,2020-11-21,2023-11-21,85ec9a19-bc02-4676-a16b-0a33f9ecc547,178896.00,2026-07-06,2026-10-17,Isuzu ELF NKR (Light Truck 3.5T) operating out of LankaLogix - Colombo on regional distribution duty.,"{""cargo_type"": ""beverages"", ""route_type"": ""regional_distribution"", ""operating_shift"": ""day_night"", ""warehouse_short"": ""COL"", ""source_vehicle_id"": ""SLW0405""}",8ab44335-30b9-42d8-a1c3-82e009ea7876,2020-11-21 09:00:00+00,2026-08-10 19:03:05.467947+00,regional_distribution,Isuzu ELF NKR,Diesel,Automatic,authorized_workshop,3415.90,high,6,24,0,F-016
8460a2bc-30ae-4a26-9c09-75af1ba3b47b,LLX-COL-0317,c537c281-b6ad-4842-94ec-e937be0083e5,c18b03d8-00b7-4cb2-ae42-cd418f4f57a6,Mitsubishi Canter 317,vehicle,road_vehicle,Light_Truck_3.5T,Mitsubishi,Canter,2019,WP LC-4358,JLB2HUSMT9H76HWCV,active,moderate,44.41,2019-06-17,2022-06-17,39d5700c-a1c9-4421-9f83-a2e5f6ca64cc,206812.00,2026-06-15,2026-09-15,Mitsubishi Canter (Light Truck 3.5T) operating out of LankaLogix - Colombo on regional distribution duty.,"{""cargo_type"": ""retail_goods"", ""route_type"": ""regional_distribution"", ""operating_shift"": ""day_night"", ""warehouse_short"": ""COL"", ""source_vehicle_id"": ""SLW1026""}",23b91a79-185d-41b8-aed8-22bf2cb9f4af,2019-06-17 09:00:00+00,2026-08-10 19:03:05.467947+00,regional_distribution,Mitsubishi Canter,Diesel,Automatic,independent_garage,3640.00,medium,8,27,0,F-017
1621a9c7-d95e-420e-a2c6-821e3a64c4c1,LLX-COL-0318,c537c281-b6ad-4842-94ec-e937be0083e5,c18b03d8-00b7-4cb2-ae42-cd418f4f57a6,Isuzu ELF NKR 318,vehicle,road_vehicle,Light_Truck_3.5T,Isuzu,ELF NKR,2020,WP LD-7171,JAAYXMYAXVV6E9NSS,active,poor,56.57,2020-10-05,2023-10-05,a5873caa-58e3-478e-9e5c-c4f5be6aeec5,182207.00,2026-03-28,2026-10-28,Isuzu ELF NKR (Light Truck 3.5T) operating out of LankaLogix - Colombo on regional distribution duty.,"{""cargo_type"": ""consumer_goods"", ""route_type"": ""highway_distribution"", ""operating_shift"": ""three_shift"", ""warehouse_short"": ""COL"", ""source_vehicle_id"": ""SLW0850""}",8ffcd728-c372-4540-9a04-7fa0c88e9347,2020-10-05 09:00:00+00,2026-08-10 19:03:05.467947+00,regional_distribution,Isuzu ELF NKR,Diesel,Manual,authorized_workshop,3423.10,medium,6,17,0,F-018
7f6c3931-c4af-4ea9-8a66-b289d1c4daac,LLX-COL-0319,c537c281-b6ad-4842-94ec-e937be0083e5,c18b03d8-00b7-4cb2-ae42-cd418f4f57a6,Mitsubishi Canter 319,vehicle,road_vehicle,Light_Truck_3.5T,Mitsubishi,Canter,2020,WP LC-7648,JLBR6WHT19JPC439L,active,good,92.74,2020-10-09,2023-10-09,e926b5a7-d8cf-4bc6-85c7-108e0935ffa1,142767.00,2026-08-09,2026-08-12,Mitsubishi Canter (Light Truck 3.5T) operating out of LankaLogix - Colombo on regional distribution duty.,"{""cargo_type"": ""beverages"", ""route_type"": ""regional_distribution"", ""operating_shift"": ""day_night"", ""warehouse_short"": ""COL"", ""source_vehicle_id"": ""SLW1388""}",66b4f764-8e90-4915-9c0a-f21f27ae4f4d,2020-10-09 09:00:00+00,2026-08-10 19:03:05.467947+00,regional_distribution,Mitsubishi Canter,Diesel,Manual,authorized_workshop,3606.50,critical,6,18,0,F-019
fcd3d601-bbb6-485b-be55-2e8039e4c0ba,LLX-COL-0320,c537c281-b6ad-4842-94ec-e937be0083e5,c18b03d8-00b7-4cb2-ae42-cd418f4f57a6,Mitsubishi Canter 320,vehicle,road_vehicle,Light_Truck_3.5T,Mitsubishi,Canter,2019,WP LC-8516,JLBP87VDP8K7F7NDR,inactive,moderate,54.50,2019-09-15,2022-09-15,,194729.00,2026-06-03,2026-12-10,Mitsubishi Canter (Light Truck 3.5T) operating out of LankaLogix - Colombo on regional distribution duty.,"{""cargo_type"": ""consumer_goods"", ""route_type"": ""highway_distribution"", ""operating_shift"": ""day"", ""warehouse_short"": ""COL"", ""source_vehicle_id"": ""SLW0599""}",fc975356-d5cc-4bdc-ab35-2dc5c648c8f2,2019-09-15 09:00:00+00,2026-08-10 19:03:05.467947+00,regional_distribution,Mitsubishi Canter,Diesel,Automatic,authorized_workshop,3524.70,medium,7,22,0,F-020
95857487-a16c-4373-8d49-35177e75ea0f,LLX-COL-0321,c537c281-b6ad-4842-94ec-e937be0083e5,c18b03d8-00b7-4cb2-ae42-cd418f4f57a6,Mitsubishi Canter 321,vehicle,road_vehicle,Light_Truck_3.5T,Mitsubishi,Canter,2018,WP LC-2362,JLB4R0JALJ20DCG8J,active,poor,45.20,2018-06-25,2021-06-25,ec8132ac-9310-44f0-89de-9a6f62074977,285138.00,2026-05-11,2026-09-06,Mitsubishi Canter (Light Truck 3.5T) operating out of LankaLogix - Colombo on regional distribution duty.,"{""cargo_type"": ""beverages"", ""route_type"": ""regional_distribution"", ""operating_shift"": ""day_night"", ""warehouse_short"": ""COL"", ""source_vehicle_id"": ""SLW1196""}",294b7244-8922-4faa-8a66-ecf7f2d31ede,2018-06-25 09:00:00+00,2026-08-10 19:03:05.467947+00,regional_distribution,Mitsubishi Canter,Diesel,Automatic,authorized_workshop,3616.00,medium,9,38,2,F-021
95f3676e-7aa4-4d03-9366-d51f23d2f822,LLX-COL-0322,c537c281-b6ad-4842-94ec-e937be0083e5,c18b03d8-00b7-4cb2-ae42-cd418f4f57a6,Tata Ultra T.7 322,vehicle,road_vehicle,Light_Truck_3.5T,Tata,Ultra T.7,2016,WP LC-9481,MAUALGESXYJ3D4WZT,active,good,64.95,2016-12-04,2019-12-04,,289932.00,2026-06-21,2026-11-22,Tata Ultra T.7 (Light Truck 3.5T) operating out of LankaLogix - Colombo on regional distribution duty.,"{""cargo_type"": ""consumer_goods"", ""route_type"": ""highway_distribution"", ""operating_shift"": ""day_night"", ""warehouse_short"": ""COL"", ""source_vehicle_id"": ""SLW0846""}",e3203996-7192-4f35-b4d9-8d19dd61882f,2016-12-04 09:00:00+00,2026-08-10 19:03:05.467947+00,regional_distribution,Tata Ultra T.7,Diesel,Manual,authorized_workshop,3396.10,high,10,32,1,F-022
dd6b21fc-0cb3-43f0-b8fe-6794a5f3330b,LLX-COL-0323,c537c281-b6ad-4842-94ec-e937be0083e5,c18b03d8-00b7-4cb2-ae42-cd418f4f57a6,Mitsubishi Canter 323,vehicle,road_vehicle,Light_Truck_3.5T,Mitsubishi,Canter,2020,WP LC-6843,JLB9BUEHT3KP8XZFN,active,good,40.17,2020-06-15,2023-06-15,fca1ba57-46c2-46df-8d8c-c6177b1ab5c3,157839.00,2026-06-09,2026-10-09,Mitsubishi Canter (Light Truck 3.5T) operating out of LankaLogix - Colombo on regional distribution duty.,"{""cargo_type"": ""consumer_goods"", ""route_type"": ""regional_distribution"", ""operating_shift"": ""day"", ""warehouse_short"": ""COL"", ""source_vehicle_id"": ""SLW0591""}",5dba83b3-52f3-44e6-84c0-7cb40b7e1cf7,2020-06-15 09:00:00+00,2026-08-10 19:03:05.467947+00,regional_distribution,Mitsubishi Canter,Diesel,Manual,authorized_workshop,3389.10,medium,7,20,0,F-023
cade115f-7074-43c5-8e59-13ad929b6e87,LLX-COL-0324,c537c281-b6ad-4842-94ec-e937be0083e5,c18b03d8-00b7-4cb2-ae42-cd418f4f57a6,Tata Ultra T.7 324,vehicle,road_vehicle,Light_Truck_3.5T,Tata,Ultra T.7,2019,WP LD-9747,MAU59J29JRHD3M164,active,moderate,40.31,2019-09-26,2022-09-26,1ab447cd-7e32-4de9-a6bd-158117727302,170752.00,2026-06-05,2026-12-14,Tata Ultra T.7 (Light Truck 3.5T) operating out of LankaLogix - Colombo on regional distribution duty.,"{""cargo_type"": ""retail_goods"", ""route_type"": ""regional_distribution"", ""operating_shift"": ""day"", ""warehouse_short"": ""COL"", ""source_vehicle_id"": ""SLW0963""}",294b7244-8922-4faa-8a66-ecf7f2d31ede,2019-09-26 09:00:00+00,2026-08-10 19:03:05.467947+00,regional_distribution,Tata Ultra T.7,Diesel,Manual,authorized_workshop,3705.50,medium,7,23,0,F-024
ab8f832b-86a1-47be-bba7-8e25a952c1bc,LLX-COL-0325,c537c281-b6ad-4842-94ec-e937be0083e5,c18b03d8-00b7-4cb2-ae42-cd418f4f57a6,Tata Ultra T.7 325,vehicle,road_vehicle,Light_Truck_3.5T,Tata,Ultra T.7,2021,WP LC-6735,MAU19NJCH4C2CMN13,active,moderate,69.10,2021-11-12,2024-11-12,be95ca2d-29f2-4fe2-bd65-ccf5e702b949,166264.00,2026-06-05,2026-10-21,Tata Ultra T.7 (Light Truck 3.5T) operating out of LankaLogix - Colombo on regional distribution duty.,"{""cargo_type"": ""beverages"", ""route_type"": ""regional_distribution"", ""operating_shift"": ""day_night"", ""warehouse_short"": ""COL"", ""source_vehicle_id"": ""SLW0746""}",294b7244-8922-4faa-8a66-ecf7f2d31ede,2021-11-12 09:00:00+00,2026-08-10 19:03:05.467947+00,regional_distribution,Tata Ultra T.7,Diesel,Manual,OEM_dealer,3589.80,high,6,24,0,F-025
cd048cbe-1f0c-4b89-8d20-ff63796025ba,LLX-COL-0326,c537c281-b6ad-4842-94ec-e937be0083e5,c18b03d8-00b7-4cb2-ae42-cd418f4f57a6,Tata Ultra T.7 326,vehicle,road_vehicle,Light_Truck_3.5T,Tata,Ultra T.7,2019,WP LD-4071,MAU7L0M9CFVXGJ2XL,active,moderate,38.70,2019-10-05,2022-10-05,b390c01c-3083-473a-aeed-8099d7b0434f,211869.00,2026-04-28,2026-10-02,Tata Ultra T.7 (Light Truck 3.5T) operating out of LankaLogix - Colombo on regional distribution duty.,"{""cargo_type"": ""consumer_goods"", ""route_type"": ""highway_distribution"", ""operating_shift"": ""day"", ""warehouse_short"": ""COL"", ""source_vehicle_id"": ""SLW1303""}",dff1d306-f643-4c9e-abb3-5409e072abc4,2019-10-05 09:00:00+00,2026-08-10 19:03:05.467947+00,regional_distribution,Tata Ultra T.7,Diesel,Manual,authorized_workshop,3490.70,medium,8,31,0,F-026
1bca9aef-fa12-4d82-bef4-7c6b62f64cf5,LLX-COL-0327,c537c281-b6ad-4842-94ec-e937be0083e5,c18b03d8-00b7-4cb2-ae42-cd418f4f57a6,Isuzu ELF NKR 327,vehicle,road_vehicle,Light_Truck_3.5T,Isuzu,ELF NKR,2019,WP LD-5044,JAA1LGTW4E9L4XK2N,active,good,88.53,2019-08-10,2022-08-10,e57393bd-5c70-49b5-a53f-2b0727dc5d4b,214180.00,2026-06-01,2026-11-29,Isuzu ELF NKR (Light Truck 3.5T) operating out of LankaLogix - Colombo on regional distribution duty.,"{""cargo_type"": ""retail_goods"", ""route_type"": ""highway_distribution"", ""operating_shift"": ""three_shift"", ""warehouse_short"": ""COL"", ""source_vehicle_id"": ""SLW1262""}",dff1d306-f643-4c9e-abb3-5409e072abc4,2019-08-10 09:00:00+00,2026-08-10 19:03:05.467947+00,regional_distribution,Isuzu ELF NKR,Diesel,Automatic,authorized_workshop,3647.90,critical,8,27,0,F-027
17e128a7-ccf3-4f36-af46-cdb19490b5b6,LLX-COL-0328,c537c281-b6ad-4842-94ec-e937be0083e5,c18b03d8-00b7-4cb2-ae42-cd418f4f57a6,Tata Ultra T.7 328,vehicle,road_vehicle,Light_Truck_3.5T,Tata,Ultra T.7,2020,WP LD-2506,MAUVE8WP10452NKHH,active,moderate,82.90,2020-02-23,2023-02-23,5576d8c3-4a33-48c3-b6d8-f684bc07fa9b,170895.00,2026-06-23,2026-11-14,Tata Ultra T.7 (Light Truck 3.5T) operating out of LankaLogix - Colombo on regional distribution duty.,"{""cargo_type"": ""consumer_goods"", ""route_type"": ""highway_distribution"", ""operating_shift"": ""three_shift"", ""warehouse_short"": ""COL"", ""source_vehicle_id"": ""SLW0514""}",66b4f764-8e90-4915-9c0a-f21f27ae4f4d,2020-02-23 09:00:00+00,2026-08-10 19:03:05.467947+00,regional_distribution,Tata Ultra T.7,Diesel,Manual,authorized_workshop,3442.30,critical,7,28,0,F-028
69bd93cb-aad7-49a1-b2ac-50ff164b0d70,LLX-COL-0329,c537c281-b6ad-4842-94ec-e937be0083e5,c18b03d8-00b7-4cb2-ae42-cd418f4f57a6,Tata Ultra T.7 329,vehicle,road_vehicle,Light_Truck_3.5T,Tata,Ultra T.7,2016,WP LC-1989,MAUT77N6L2ACD1WHF,active,moderate,46.45,2016-05-13,2019-05-13,a9a9d2d2-09e7-40de-b060-8dec80491082,327684.00,2026-07-26,2026-09-01,Tata Ultra T.7 (Light Truck 3.5T) operating out of LankaLogix - Colombo on regional distribution duty.,"{""cargo_type"": ""dry_goods"", ""route_type"": ""regional_distribution"", ""operating_shift"": ""day"", ""warehouse_short"": ""COL"", ""source_vehicle_id"": ""SLW0023""}",294b7244-8922-4faa-8a66-ecf7f2d31ede,2016-05-13 09:00:00+00,2026-08-10 19:03:05.467947+00,regional_distribution,Tata Ultra T.7,Diesel,Automatic,OEM_dealer,3416.70,medium,11,48,1,F-029
5e1e1d08-f6b0-480f-94a3-da11380857df,LLX-COL-0330,c537c281-b6ad-4842-94ec-e937be0083e5,c18b03d8-00b7-4cb2-ae42-cd418f4f57a6,Isuzu ELF NKR 330,vehicle,road_vehicle,Light_Truck_3.5T,Isuzu,ELF NKR,2018,WP LC-8442,JAAFUAVD6XF6L2TE0,active,poor,79.00,2018-02-11,2021-02-11,8c660120-06ae-494a-8b89-5ba8438020a9,216994.00,2026-01-15,2026-09-16,Isuzu ELF NKR (Light Truck 3.5T) operating out of LankaLogix - Colombo on regional distribution duty.,"{""cargo_type"": ""retail_goods"", ""route_type"": ""highway_distribution"", ""operating_shift"": ""day_night"", ""warehouse_short"": ""COL"", ""source_vehicle_id"": ""SLW0258""}",66b4f764-8e90-4915-9c0a-f21f27ae4f4d,2018-02-11 09:00:00+00,2026-08-10 19:03:05.467947+00,regional_distribution,Isuzu ELF NKR,Diesel,Manual,OEM_dealer,3596.40,high,8,20,1,F-030
786aba06-5e41-4cfb-9d78-796fadda4876,LLX-COL-0331,c537c281-b6ad-4842-94ec-e937be0083e5,c18b03d8-00b7-4cb2-ae42-cd418f4f57a6,Mitsubishi Canter 331,vehicle,road_vehicle,Light_Truck_3.5T,Mitsubishi,Canter,2016,WP LC-4784,JLB9PRZPXKY6869YT,active,moderate,70.06,2016-01-23,2019-01-23,0d00671e-4229-4f30-8023-aabec2a477f9,263816.00,2026-07-31,2027-01-29,Mitsubishi Canter (Light Truck 3.5T) operating out of LankaLogix - Colombo on regional distribution duty.,"{""cargo_type"": ""beverages"", ""route_type"": ""regional_distribution"", ""operating_shift"": ""day"", ""warehouse_short"": ""COL"", ""source_vehicle_id"": ""SLW0947""}",e3203996-7192-4f35-b4d9-8d19dd61882f,2016-01-23 09:00:00+00,2026-08-10 19:03:05.467947+00,regional_distribution,Mitsubishi Canter,Diesel,Manual,OEM_dealer,3408.60,high,10,33,1,F-031
a4367f8b-b509-47f6-a90d-83beed9b34d5,LLX-COL-0332,c537c281-b6ad-4842-94ec-e937be0083e5,c18b03d8-00b7-4cb2-ae42-cd418f4f57a6,Mitsubishi Canter 332,vehicle,road_vehicle,Light_Truck_3.5T,Mitsubishi,Canter,2016,WP LC-9102,JLBZFBTCGBHD3WALJ,active,good,82.13,2016-11-07,2019-11-07,,265785.00,2026-08-04,2027-03-22,Mitsubishi Canter (Light Truck 3.5T) operating out of LankaLogix - Colombo on regional distribution duty.,"{""cargo_type"": ""dry_goods"", ""route_type"": ""highway_distribution"", ""operating_shift"": ""day_night"", ""warehouse_short"": ""COL"", ""source_vehicle_id"": ""SLW0837""}",23b91a79-185d-41b8-aed8-22bf2cb9f4af,2016-11-07 09:00:00+00,2026-08-10 19:03:05.467947+00,regional_distribution,Mitsubishi Canter,Diesel,Manual,OEM_dealer,3336.90,critical,10,36,1,F-032
16450510-2815-4094-85c8-6aa210ddde6d,LLX-COL-0333,c537c281-b6ad-4842-94ec-e937be0083e5,c18b03d8-00b7-4cb2-ae42-cd418f4f57a6,Isuzu ELF NKR 333,vehicle,road_vehicle,Light_Truck_3.5T,Isuzu,ELF NKR,2018,WP LC-8784,JAAMPY4CEHW80LSV5,active,moderate,93.97,2018-03-16,2021-03-16,765075e1-0e2f-47b5-9221-3011f36cb6f8,232459.00,2026-05-10,2026-10-14,Isuzu ELF NKR (Light Truck 3.5T) operating out of LankaLogix - Colombo on regional distribution duty.,"{""cargo_type"": ""beverages"", ""route_type"": ""regional_distribution"", ""operating_shift"": ""day"", ""warehouse_short"": ""COL"", ""source_vehicle_id"": ""SLW0300""}",fc975356-d5cc-4bdc-ab35-2dc5c648c8f2,2018-03-16 09:00:00+00,2026-08-10 19:03:05.467947+00,regional_distribution,Isuzu ELF NKR,Diesel,Automatic,authorized_workshop,3468.50,critical,8,29,1,F-033
4efcf505-bc80-4f48-8515-e8918d3fa0db,LLX-COL-0334,c537c281-b6ad-4842-94ec-e937be0083e5,c18b03d8-00b7-4cb2-ae42-cd418f4f57a6,Tata Ultra T.7 334,vehicle,road_vehicle,Light_Truck_3.5T,Tata,Ultra T.7,2020,WP LD-4417,MAU99H8NTE44MLM5C,active,moderate,63.94,2020-06-27,2023-06-27,2eddc02d-4050-44d6-8eb4-a722c2fdd4bc,182460.00,2026-07-04,2026-11-29,Tata Ultra T.7 (Light Truck 3.5T) operating out of LankaLogix - Colombo on regional distribution duty.,"{""cargo_type"": ""dry_goods"", ""route_type"": ""regional_distribution"", ""operating_shift"": ""three_shift"", ""warehouse_short"": ""COL"", ""source_vehicle_id"": ""SLW0986""}",66b4f764-8e90-4915-9c0a-f21f27ae4f4d,2020-06-27 09:00:00+00,2026-08-10 19:03:05.467947+00,regional_distribution,Tata Ultra T.7,Diesel,Manual,authorized_workshop,3461.90,high,6,28,0,F-034
b21d8224-3a72-4265-9806-90a5b6e48b09,LLX-COL-0335,c537c281-b6ad-4842-94ec-e937be0083e5,c18b03d8-00b7-4cb2-ae42-cd418f4f57a6,Mitsubishi Canter 335,vehicle,road_vehicle,Light_Truck_3.5T,Mitsubishi,Canter,2021,WP LD-8911,JLB1996VXNESFMVKH,active,moderate,57.79,2021-04-25,2024-04-25,e00b3cbd-1bfa-4cbb-82d2-e65668d545ac,173003.00,2026-06-03,2026-11-14,Mitsubishi Canter (Light Truck 3.5T) operating out of LankaLogix - Colombo on regional distribution duty.,"{""cargo_type"": ""retail_goods"", ""route_type"": ""highway_distribution"", ""operating_shift"": ""day"", ""warehouse_short"": ""COL"", ""source_vehicle_id"": ""SLW0052""}",dff1d306-f643-4c9e-abb3-5409e072abc4,2021-04-25 09:00:00+00,2026-08-10 19:03:05.467947+00,regional_distribution,Mitsubishi Canter,Diesel,Automatic,OEM_dealer,3428.50,medium,6,20,0,F-035
2daefc38-a8c3-4175-bcef-6be2cbec8dcb,LLX-COL-0336,c537c281-b6ad-4842-94ec-e937be0083e5,c18b03d8-00b7-4cb2-ae42-cd418f4f57a6,Mitsubishi Canter 336,vehicle,road_vehicle,Light_Truck_3.5T,Mitsubishi,Canter,2016,WP LD-2156,JLBU93XLZWYD3KC81,inactive,moderate,79.73,2016-06-06,2019-06-06,,261140.00,2026-07-23,2026-09-11,Mitsubishi Canter (Light Truck 3.5T) operating out of LankaLogix - Colombo on regional distribution duty.,"{""cargo_type"": ""dry_goods"", ""route_type"": ""highway_distribution"", ""operating_shift"": ""three_shift"", ""warehouse_short"": ""COL"", ""source_vehicle_id"": ""SLW1015""}",23b91a79-185d-41b8-aed8-22bf2cb9f4af,2016-06-06 09:00:00+00,2026-08-10 19:03:05.467947+00,regional_distribution,Mitsubishi Canter,Diesel,Manual,OEM_dealer,3582.90,high,10,27,2,F-036
3989d27a-a595-4b55-9717-e314af613931,LLX-COL-0337,c537c281-b6ad-4842-94ec-e937be0083e5,c18b03d8-00b7-4cb2-ae42-cd418f4f57a6,Isuzu ELF NKR 337,vehicle,road_vehicle,Light_Truck_3.5T,Isuzu,ELF NKR,2019,WP LC-5290,JAA33KTTDV285LB5V,active,good,69.39,2019-03-02,2022-03-02,,179526.00,2026-07-29,2026-09-27,Isuzu ELF NKR (Light Truck 3.5T) operating out of LankaLogix - Colombo on regional distribution duty.,"{""cargo_type"": ""dry_goods"", ""route_type"": ""highway_distribution"", ""operating_shift"": ""day"", ""warehouse_short"": ""COL"", ""source_vehicle_id"": ""SLW0329""}",5dba83b3-52f3-44e6-84c0-7cb40b7e1cf7,2019-03-02 09:00:00+00,2026-08-10 19:03:05.467947+00,regional_distribution,Isuzu ELF NKR,Diesel,Manual,independent_garage,3455.20,high,8,19,0,F-037
697b0790-ae5e-43a5-b66c-886fd7047d38,LLX-COL-0338,c537c281-b6ad-4842-94ec-e937be0083e5,c18b03d8-00b7-4cb2-ae42-cd418f4f57a6,Isuzu ELF NKR 338,vehicle,road_vehicle,Light_Truck_3.5T,Isuzu,ELF NKR,2018,WP LC-3661,JAA6D8C1CVE67ME13,active,moderate,66.02,2018-05-11,2021-05-11,3745b919-3c33-4a3f-8eca-902a8a95931f,225419.00,2026-07-01,2026-10-24,Isuzu ELF NKR (Light Truck 3.5T) operating out of LankaLogix - Colombo on regional distribution duty.,"{""cargo_type"": ""beverages"", ""route_type"": ""highway_distribution"", ""operating_shift"": ""three_shift"", ""warehouse_short"": ""COL"", ""source_vehicle_id"": ""SLW0931""}",aedad933-6f7e-4d2e-b6df-191c9e459887,2018-05-11 09:00:00+00,2026-08-10 19:03:05.467947+00,regional_distribution,Isuzu ELF NKR,Diesel,Manual,independent_garage,3297.90,high,8,32,0,F-038
c981257a-b5a0-40ef-a504-920791a511a7,LLX-COL-0339,c537c281-b6ad-4842-94ec-e937be0083e5,c18b03d8-00b7-4cb2-ae42-cd418f4f57a6,Isuzu ELF NKR 339,vehicle,road_vehicle,Light_Truck_3.5T,Isuzu,ELF NKR,2016,WP LC-4123,JAA7CBH6Z4FSF4JX8,active,moderate,67.66,2016-02-16,2019-02-16,e605199f-2c85-4b2b-9253-c4f54c926958,270906.00,2026-02-06,2026-08-21,Isuzu ELF NKR (Light Truck 3.5T) operating out of LankaLogix - Colombo on regional distribution duty.,"{""cargo_type"": ""consumer_goods"", ""route_type"": ""highway_distribution"", ""operating_shift"": ""day"", ""warehouse_short"": ""COL"", ""source_vehicle_id"": ""SLW1153""}",fc975356-d5cc-4bdc-ab35-2dc5c648c8f2,2016-02-16 09:00:00+00,2026-08-10 19:03:05.467947+00,regional_distribution,Isuzu ELF NKR,Diesel,Manual,OEM_dealer,3425.90,high,10,29,0,F-039
c9ec95fd-c53b-49ab-a462-e060ce9d54e2,LLX-COL-0340,c537c281-b6ad-4842-94ec-e937be0083e5,c18b03d8-00b7-4cb2-ae42-cd418f4f57a6,Isuzu ELF NKR 340,vehicle,road_vehicle,Light_Truck_3.5T,Isuzu,ELF NKR,2020,WP LC-2910,JAA30WASEVP921LPD,active,poor,59.47,2020-02-08,2023-02-08,8d29cbfb-7111-4b9f-84eb-755a873d85f4,162879.00,2026-01-30,2026-09-04,Isuzu ELF NKR (Light Truck 3.5T) operating out of LankaLogix - Colombo on regional distribution duty.,"{""cargo_type"": ""beverages"", ""route_type"": ""regional_distribution"", ""operating_shift"": ""day"", ""warehouse_short"": ""COL"", ""source_vehicle_id"": ""SLW1260""}",294b7244-8922-4faa-8a66-ecf7f2d31ede,2020-02-08 09:00:00+00,2026-08-10 19:03:05.467947+00,regional_distribution,Isuzu ELF NKR,Diesel,Manual,authorized_workshop,3536.10,medium,6,16,0,F-040
9e35b264-e0d9-4ba2-9edc-02dac25997a0,LLX-COL-0341,c537c281-b6ad-4842-94ec-e937be0083e5,c18b03d8-00b7-4cb2-ae42-cd418f4f57a6,Tata Ultra T.7 341,vehicle,road_vehicle,Light_Truck_3.5T,Tata,Ultra T.7,2015,WP LC-9763,MAU3HJD6YXS67769X,active,poor,95.76,2015-05-14,2018-05-14,35d2516a-d950-46c7-9fd9-6f76176ed4bb,238583.00,2026-04-11,2026-08-26,Tata Ultra T.7 (Light Truck 3.5T) operating out of LankaLogix - Colombo on regional distribution duty.,"{""cargo_type"": ""retail_goods"", ""route_type"": ""regional_distribution"", ""operating_shift"": ""day_night"", ""warehouse_short"": ""COL"", ""source_vehicle_id"": ""SLW1302""}",e3203996-7192-4f35-b4d9-8d19dd61882f,2015-05-14 09:00:00+00,2026-08-10 19:03:05.467947+00,regional_distribution,Tata Ultra T.7,Diesel,Manual,independent_garage,3543.60,critical,12,35,1,F-041
69583c46-01c2-47ae-90ca-4df64f46bf0e,LLX-COL-0342,c537c281-b6ad-4842-94ec-e937be0083e5,c18b03d8-00b7-4cb2-ae42-cd418f4f57a6,Tata Ultra T.7 342,vehicle,road_vehicle,Light_Truck_3.5T,Tata,Ultra T.7,2020,WP LD-1092,MAUWT9YEHCT6GG0LS,active,good,76.65,2020-03-19,2023-03-19,a3ad3a8c-24a3-48ab-ba14-234b9a25eed1,162064.00,2026-07-08,2026-11-06,Tata Ultra T.7 (Light Truck 3.5T) operating out of LankaLogix - Colombo on regional distribution duty.,"{""cargo_type"": ""retail_goods"", ""route_type"": ""regional_distribution"", ""operating_shift"": ""day_night"", ""warehouse_short"": ""COL"", ""source_vehicle_id"": ""SLW0696""}",fc975356-d5cc-4bdc-ab35-2dc5c648c8f2,2020-03-19 09:00:00+00,2026-08-10 19:03:05.467947+00,regional_distribution,Tata Ultra T.7,Diesel,Manual,authorized_workshop,3476.50,high,7,27,0,F-042
ffba205c-2306-4134-be4d-7a21f75043c2,LLX-COL-0343,c537c281-b6ad-4842-94ec-e937be0083e5,c18b03d8-00b7-4cb2-ae42-cd418f4f57a6,Isuzu ELF NKR 343,vehicle,road_vehicle,Light_Truck_3.5T,Isuzu,ELF NKR,2016,WP LC-6364,JAAUU2CM2DYBT3TAW,active,moderate,83.20,2016-08-14,2019-08-14,80bc9403-5b94-4faf-9612-5bdcefb91978,256986.00,2026-06-07,2026-11-21,Isuzu ELF NKR (Light Truck 3.5T) operating out of LankaLogix - Colombo on regional distribution duty.,"{""cargo_type"": ""consumer_goods"", ""route_type"": ""highway_distribution"", ""operating_shift"": ""day_night"", ""warehouse_short"": ""COL"", ""source_vehicle_id"": ""SLW0262""}",fc975356-d5cc-4bdc-ab35-2dc5c648c8f2,2016-08-14 09:00:00+00,2026-08-10 19:03:05.467947+00,regional_distribution,Isuzu ELF NKR,Diesel,Manual,OEM_dealer,3684.20,critical,10,25,1,F-043
f9cb7b27-7a7d-47e9-9c4e-c490f023c209,LLX-COL-0344,c537c281-b6ad-4842-94ec-e937be0083e5,c18b03d8-00b7-4cb2-ae42-cd418f4f57a6,Isuzu ELF NKR 344,vehicle,road_vehicle,Light_Truck_3.5T,Isuzu,ELF NKR,2020,WP LD-5506,JAALAH1HLET0MSMYW,inactive,moderate,63.99,2020-02-21,2023-02-21,,162659.00,2026-02-03,2026-10-27,Isuzu ELF NKR (Light Truck 3.5T) operating out of LankaLogix - Colombo on regional distribution duty.,"{""cargo_type"": ""dry_goods"", ""route_type"": ""regional_distribution"", ""operating_shift"": ""day"", ""warehouse_short"": ""COL"", ""source_vehicle_id"": ""SLW0032""}",66b4f764-8e90-4915-9c0a-f21f27ae4f4d,2020-02-21 09:00:00+00,2026-08-10 19:03:05.467947+00,regional_distribution,Isuzu ELF NKR,Diesel,Manual,OEM_dealer,3617.60,high,6,13,0,F-044
a1b717bd-2082-46e2-a62f-9b308a41f976,LLX-COL-0345,c537c281-b6ad-4842-94ec-e937be0083e5,c18b03d8-00b7-4cb2-ae42-cd418f4f57a6,Mitsubishi Canter 345,vehicle,road_vehicle,Light_Truck_3.5T,Mitsubishi,Canter,2019,WP LD-7466,JLB9DA2HSBLA6EFNV,active,moderate,95.48,2019-12-10,2022-12-10,2b388115-612e-444c-ab32-5b14b3f54f80,216214.00,2026-08-05,2026-08-11,Mitsubishi Canter (Light Truck 3.5T) operating out of LankaLogix - Colombo on regional distribution duty.,"{""cargo_type"": ""dry_goods"", ""route_type"": ""regional_distribution"", ""operating_shift"": ""day"", ""warehouse_short"": ""COL"", ""source_vehicle_id"": ""SLW1281""}",2b0b58b5-c777-4903-8b21-ef25ce17a71a,2019-12-10 09:00:00+00,2026-08-10 19:03:05.467947+00,regional_distribution,Mitsubishi Canter,Diesel,Manual,authorized_workshop,3242.10,critical,7,25,0,F-045
69de65ab-3bfb-45e4-a2c3-3f9a7a558469,LLX-COL-0346,c537c281-b6ad-4842-94ec-e937be0083e5,c18b03d8-00b7-4cb2-ae42-cd418f4f57a6,Mitsubishi Canter 346,vehicle,road_vehicle,Light_Truck_3.5T,Mitsubishi,Canter,2017,WP LD-3559,JLB2PLBJPL4FWLP1Z,active,good,58.17,2017-08-15,2020-08-15,f3f8dfa5-1b8c-4bf1-8507-81855c610eb1,211474.00,2026-06-08,2026-10-18,Mitsubishi Canter (Light Truck 3.5T) operating out of LankaLogix - Colombo on regional distribution duty.,"{""cargo_type"": ""consumer_goods"", ""route_type"": ""regional_distribution"", ""operating_shift"": ""day"", ""warehouse_short"": ""COL"", ""source_vehicle_id"": ""SLW1176""}",8ab44335-30b9-42d8-a1c3-82e009ea7876,2017-08-15 09:00:00+00,2026-08-10 19:03:05.467947+00,regional_distribution,Mitsubishi Canter,Diesel,Manual,OEM_dealer,3555.50,medium,10,26,1,F-046
9abd2876-42a6-4bee-bffa-66caffa923b2,LLX-COL-0347,c537c281-b6ad-4842-94ec-e937be0083e5,c18b03d8-00b7-4cb2-ae42-cd418f4f57a6,Tata Ultra T.7 347,vehicle,road_vehicle,Light_Truck_3.5T,Tata,Ultra T.7,2021,WP LC-6805,MAUKNM53AVMFMT3U0,under_maintenance,critical,72.65,2021-01-21,2024-01-21,,167783.00,2026-04-04,2026-08-30,Tata Ultra T.7 (Light Truck 3.5T) operating out of LankaLogix - Colombo on regional distribution duty.,"{""cargo_type"": ""dry_goods"", ""route_type"": ""regional_distribution"", ""operating_shift"": ""day"", ""warehouse_short"": ""COL"", ""source_vehicle_id"": ""SLW0375""}",2b0b58b5-c777-4903-8b21-ef25ce17a71a,2021-01-21 09:00:00+00,2026-08-10 19:03:05.467947+00,regional_distribution,Tata Ultra T.7,Diesel,Manual,authorized_workshop,3311.30,high,6,23,0,F-047
4178048f-e342-40a4-9831-633ab77b37d8,LLX-COL-0348,c537c281-b6ad-4842-94ec-e937be0083e5,c18b03d8-00b7-4cb2-ae42-cd418f4f57a6,Isuzu ELF NKR 348,vehicle,road_vehicle,Light_Truck_3.5T,Isuzu,ELF NKR,2018,WP LD-6929,JAAYW9XFSWPT7ZK3U,inactive,moderate,90.00,2018-09-10,2021-09-10,,244526.00,2026-07-06,2026-10-13,Isuzu ELF NKR (Light Truck 3.5T) operating out of LankaLogix - Colombo on regional distribution duty.,"{""cargo_type"": ""dry_goods"", ""route_type"": ""highway_distribution"", ""operating_shift"": ""day"", ""warehouse_short"": ""COL"", ""source_vehicle_id"": ""SLW0969""}",23b91a79-185d-41b8-aed8-22bf2cb9f4af,2018-09-10 09:00:00+00,2026-08-10 19:03:05.467947+00,regional_distribution,Isuzu ELF NKR,Diesel,Manual,authorized_workshop,3472.10,critical,9,29,0,F-048
1d4faaad-59f0-4dad-bc29-881b2cb68357,LLX-COL-0349,c537c281-b6ad-4842-94ec-e937be0083e5,c18b03d8-00b7-4cb2-ae42-cd418f4f57a6,Isuzu ELF NKR 349,vehicle,road_vehicle,Light_Truck_3.5T,Isuzu,ELF NKR,2020,WP LD-2387,JAAEXKDS085EXGUTH,active,moderate,64.56,2020-01-13,2023-01-13,b532922b-d266-423a-8b64-6756f96af531,158704.00,2026-02-16,2026-09-27,Isuzu ELF NKR (Light Truck 3.5T) operating out of LankaLogix - Colombo on regional distribution duty.,"{""cargo_type"": ""dry_goods"", ""route_type"": ""highway_distribution"", ""operating_shift"": ""day_night"", ""warehouse_short"": ""COL"", ""source_vehicle_id"": ""SLW1049""}",e3203996-7192-4f35-b4d9-8d19dd61882f,2020-01-13 09:00:00+00,2026-08-10 19:03:05.467947+00,regional_distribution,Isuzu ELF NKR,Diesel,Manual,authorized_workshop,3440.20,high,7,15,0,F-049
7057bf49-b184-4c58-a49a-96e9de140dd3,LLX-COL-0350,c537c281-b6ad-4842-94ec-e937be0083e5,c18b03d8-00b7-4cb2-ae42-cd418f4f57a6,Mitsubishi Canter 350,vehicle,road_vehicle,Light_Truck_3.5T,Mitsubishi,Canter,2014,WP LD-5004,JLBGBDVU2YWM52AX4,active,moderate,42.71,2014-08-12,2017-08-12,c823a36c-7a13-4674-b925-140bf7ccf2a5,379775.00,2026-03-27,2026-09-18,Mitsubishi Canter (Light Truck 3.5T) operating out of LankaLogix - Colombo on regional distribution duty.,"{""cargo_type"": ""consumer_goods"", ""route_type"": ""regional_distribution"", ""operating_shift"": ""day"", ""warehouse_short"": ""COL"", ""source_vehicle_id"": ""SLW0414""}",dff1d306-f643-4c9e-abb3-5409e072abc4,2014-08-12 09:00:00+00,2026-08-10 19:03:05.467947+00,regional_distribution,Mitsubishi Canter,Diesel,Automatic,authorized_workshop,3562.90,medium,13,43,3,F-050
90de28b8-467a-48fd-99b0-be067cf8391f,LLX-COL-0351,c537c281-b6ad-4842-94ec-e937be0083e5,c18b03d8-00b7-4cb2-ae42-cd418f4f57a6,Isuzu ELF NKR 351,vehicle,road_vehicle,Light_Truck_3.5T,Isuzu,ELF NKR,2018,WP LD-8833,JAA2F44DL0HMYM34T,active,good,70.71,2018-06-03,2021-06-03,bc386f1f-6069-48e1-bf31-dca443044b19,209494.00,2026-08-02,2027-01-04,Isuzu ELF NKR (Light Truck 3.5T) operating out of LankaLogix - Colombo on regional distribution duty.,"{""cargo_type"": ""beverages"", ""route_type"": ""regional_distribution"", ""operating_shift"": ""day_night"", ""warehouse_short"": ""COL"", ""source_vehicle_id"": ""SLW0792""}",66b4f764-8e90-4915-9c0a-f21f27ae4f4d,2018-06-03 09:00:00+00,2026-08-10 19:03:05.467947+00,regional_distribution,Isuzu ELF NKR,Diesel,Manual,independent_garage,3561.60,high,9,29,0,F-051
1cbbe209-49fa-4c42-9491-79f16a9a4ff2,LLX-COL-0352,c537c281-b6ad-4842-94ec-e937be0083e5,c18b03d8-00b7-4cb2-ae42-cd418f4f57a6,Mitsubishi Canter 352,vehicle,road_vehicle,Light_Truck_3.5T,Mitsubishi,Canter,2021,WP LD-4146,JLBZ69KZ80LBKADRT,active,moderate,38.34,2021-04-13,2024-04-13,8d29cbfb-7111-4b9f-84eb-755a873d85f4,158739.00,2026-05-31,2027-01-05,Mitsubishi Canter (Light Truck 3.5T) operating out of LankaLogix - Colombo on regional distribution duty.,"{""cargo_type"": ""retail_goods"", ""route_type"": ""highway_distribution"", ""operating_shift"": ""day_night"", ""warehouse_short"": ""COL"", ""source_vehicle_id"": ""SLW0492""}",fc975356-d5cc-4bdc-ab35-2dc5c648c8f2,2021-04-13 09:00:00+00,2026-08-10 19:03:05.467947+00,regional_distribution,Mitsubishi Canter,Diesel,Automatic,authorized_workshop,3420.10,medium,6,15,0,F-052
e1a61907-da35-4014-a673-ca268c64f215,LLX-COL-0353,c537c281-b6ad-4842-94ec-e937be0083e5,c18b03d8-00b7-4cb2-ae42-cd418f4f57a6,Isuzu ELF NKR 353,vehicle,road_vehicle,Light_Truck_3.5T,Isuzu,ELF NKR,2020,WP LD-8065,JAAMK96SKGKGAA3KT,active,moderate,67.30,2020-09-16,2023-09-16,,157510.00,2026-05-23,2026-11-07,Isuzu ELF NKR (Light Truck 3.5T) operating out of LankaLogix - Colombo on regional distribution duty.,"{""cargo_type"": ""dry_goods"", ""route_type"": ""regional_distribution"", ""operating_shift"": ""day"", ""warehouse_short"": ""COL"", ""source_vehicle_id"": ""SLW0583""}",5dba83b3-52f3-44e6-84c0-7cb40b7e1cf7,2020-09-16 09:00:00+00,2026-08-10 19:03:05.467947+00,regional_distribution,Isuzu ELF NKR,Diesel,Manual,authorized_workshop,3730.40,high,6,14,0,F-053
98353863-2d9c-4659-b306-190579d3b7cf,LLX-COL-0354,c537c281-b6ad-4842-94ec-e937be0083e5,c18b03d8-00b7-4cb2-ae42-cd418f4f57a6,Tata Ultra T.7 354,vehicle,road_vehicle,Light_Truck_3.5T,Tata,Ultra T.7,2020,WP LC-7623,MAUWH55ZRVGLBS9VP,active,good,59.96,2020-02-10,2023-02-10,5e08f9f1-1943-48a3-a0a5-ba6fb8609095,207998.00,2026-08-03,2027-01-07,Tata Ultra T.7 (Light Truck 3.5T) operating out of LankaLogix - Colombo on regional distribution duty.,"{""cargo_type"": ""dry_goods"", ""route_type"": ""highway_distribution"", ""operating_shift"": ""day"", ""warehouse_short"": ""COL"", ""source_vehicle_id"": ""SLW0469""}",dff1d306-f643-4c9e-abb3-5409e072abc4,2020-02-10 09:00:00+00,2026-08-10 19:03:05.467947+00,regional_distribution,Tata Ultra T.7,Diesel,Manual,independent_garage,3276.70,medium,7,26,0,F-054
b47f34fb-e6e1-4758-9b54-24aada8994a1,LLX-COL-0355,c537c281-b6ad-4842-94ec-e937be0083e5,c18b03d8-00b7-4cb2-ae42-cd418f4f57a6,Isuzu ELF NKR 355,vehicle,road_vehicle,Light_Truck_3.5T,Isuzu,ELF NKR,2019,WP LD-9973,JAA3UZZ27ZX4H07LG,active,good,74.02,2019-03-15,2022-03-15,ddde20e9-91ec-4e59-ae51-4ecd751529ab,231001.00,2026-07-22,2026-10-03,Isuzu ELF NKR (Light Truck 3.5T) operating out of LankaLogix - Colombo on regional distribution duty.,"{""cargo_type"": ""consumer_goods"", ""route_type"": ""highway_distribution"", ""operating_shift"": ""day"", ""warehouse_short"": ""COL"", ""source_vehicle_id"": ""SLW0418""}",e3203996-7192-4f35-b4d9-8d19dd61882f,2019-03-15 09:00:00+00,2026-08-10 19:03:05.467947+00,regional_distribution,Isuzu ELF NKR,Diesel,Manual,authorized_workshop,3364.40,high,8,26,0,F-055
0d8af2a7-20ef-4f57-92b8-1fd808467335,LLX-COL-0356,c537c281-b6ad-4842-94ec-e937be0083e5,c18b03d8-00b7-4cb2-ae42-cd418f4f57a6,Isuzu ELF NKR 356,vehicle,road_vehicle,Light_Truck_3.5T,Isuzu,ELF NKR,2021,WP LD-3786,JAASH50HDL6WGETFH,inactive,poor,73.88,2021-01-19,2024-01-19,,155836.00,2026-01-21,2026-08-28,Isuzu ELF NKR (Light Truck 3.5T) operating out of LankaLogix - Colombo on regional distribution duty.,"{""cargo_type"": ""consumer_goods"", ""route_type"": ""regional_distribution"", ""operating_shift"": ""day"", ""warehouse_short"": ""COL"", ""source_vehicle_id"": ""SLW0057""}",294b7244-8922-4faa-8a66-ecf7f2d31ede,2021-01-19 09:00:00+00,2026-08-10 19:03:05.467947+00,regional_distribution,Isuzu ELF NKR,Diesel,Automatic,authorized_workshop,3491.90,high,6,14,0,F-056
083984ab-380f-4d28-b894-14d63c86c83f,LLX-COL-0357,c537c281-b6ad-4842-94ec-e937be0083e5,c18b03d8-00b7-4cb2-ae42-cd418f4f57a6,Isuzu ELF NKR 357,vehicle,road_vehicle,Light_Truck_3.5T,Isuzu,ELF NKR,2020,WP LC-3863,JAAHBW6KJMV4S00X9,active,poor,61.27,2020-02-03,2023-02-03,a39b379b-a449-4f92-b7e7-68a0e371ece2,208858.00,2026-02-18,2026-10-12,Isuzu ELF NKR (Light Truck 3.5T) operating out of LankaLogix - Colombo on regional distribution duty.,"{""cargo_type"": ""dry_goods"", ""route_type"": ""highway_distribution"", ""operating_shift"": ""day_night"", ""warehouse_short"": ""COL"", ""source_vehicle_id"": ""SLW1290""}",66b4f764-8e90-4915-9c0a-f21f27ae4f4d,2020-02-03 09:00:00+00,2026-08-10 19:03:05.467947+00,regional_distribution,Isuzu ELF NKR,Diesel,Manual,authorized_workshop,3530.60,medium,7,16,0,F-057
987c5391-900f-49ca-a921-fbb785ac1a53,LLX-COL-0358,c537c281-b6ad-4842-94ec-e937be0083e5,c18b03d8-00b7-4cb2-ae42-cd418f4f57a6,Isuzu ELF NKR 358,vehicle,road_vehicle,Light_Truck_3.5T,Isuzu,ELF NKR,2020,WP LC-6014,JAA19ACU362X0162D,active,good,63.55,2020-03-15,2023-03-15,eac9c883-8821-4ef4-829f-f76abfc4d4d2,157779.00,2026-07-24,2026-12-09,Isuzu ELF NKR (Light Truck 3.5T) operating out of LankaLogix - Colombo on regional distribution duty.,"{""cargo_type"": ""dry_goods"", ""route_type"": ""regional_distribution"", ""operating_shift"": ""three_shift"", ""warehouse_short"": ""COL"", ""source_vehicle_id"": ""SLW1186""}",dff1d306-f643-4c9e-abb3-5409e072abc4,2020-03-15 09:00:00+00,2026-08-10 19:03:05.467947+00,regional_distribution,Isuzu ELF NKR,Diesel,Manual,authorized_workshop,3308.00,high,7,21,0,F-058
70f395a2-bbf3-4921-9989-0e5d3ea2f187,LLX-COL-0359,c537c281-b6ad-4842-94ec-e937be0083e5,c18b03d8-00b7-4cb2-ae42-cd418f4f57a6,Isuzu ELF NKR 359,vehicle,road_vehicle,Light_Truck_3.5T,Isuzu,ELF NKR,2020,WP LD-9991,JAAPXS97V4TDJ2U6F,active,good,76.21,2020-03-20,2023-03-20,ebb9527c-518e-4fe9-a686-6a365ae6f8c8,194053.00,2026-07-31,2026-12-03,Isuzu ELF NKR (Light Truck 3.5T) operating out of LankaLogix - Colombo on regional distribution duty.,"{""cargo_type"": ""consumer_goods"", ""route_type"": ""regional_distribution"", ""operating_shift"": ""day_night"", ""warehouse_short"": ""COL"", ""source_vehicle_id"": ""SLW0943""}",e3203996-7192-4f35-b4d9-8d19dd61882f,2020-03-20 09:00:00+00,2026-08-10 19:03:05.467947+00,regional_distribution,Isuzu ELF NKR,Diesel,Manual,OEM_dealer,3482.70,high,7,23,0,F-059
6842eb31-93df-46c0-850b-d8ee1f076da3,LLX-COL-0360,c537c281-b6ad-4842-94ec-e937be0083e5,c18b03d8-00b7-4cb2-ae42-cd418f4f57a6,Isuzu ELF NKR 360,vehicle,road_vehicle,Light_Truck_3.5T,Isuzu,ELF NKR,2019,WP LD-1526,JAACU895DTGX13GTD,active,poor,92.59,2019-11-20,2022-11-20,cd077c24-ded4-4f10-9145-7381355aa6b2,190184.00,2026-04-06,2026-11-16,Isuzu ELF NKR (Light Truck 3.5T) operating out of LankaLogix - Colombo on regional distribution duty.,"{""cargo_type"": ""beverages"", ""route_type"": ""highway_distribution"", ""operating_shift"": ""three_shift"", ""warehouse_short"": ""COL"", ""source_vehicle_id"": ""SLW0856""}",294b7244-8922-4faa-8a66-ecf7f2d31ede,2019-11-20 09:00:00+00,2026-08-10 19:03:05.467947+00,regional_distribution,Isuzu ELF NKR,Diesel,Manual,OEM_dealer,3345.30,critical,7,20,0,F-060
dcd5daa0-e7de-4da1-a319-f7866e3ea3c3,LLX-COL-0361,c537c281-b6ad-4842-94ec-e937be0083e5,c18b03d8-00b7-4cb2-ae42-cd418f4f57a6,Mitsubishi Fuso Fighter 361,vehicle,road_vehicle,Medium_Truck_7T,Mitsubishi,Fuso Fighter,2020,WP LE-5061,JLFXP2G7SKC6CFFX4,active,good,64.59,2020-06-06,2023-06-06,27c0f523-7cf4-4fa6-bc00-110aceffb452,202626.00,2026-07-23,2027-03-17,Mitsubishi Fuso Fighter (Medium Truck 7T) operating out of LankaLogix - Colombo on heavy cargo transport duty.,"{""cargo_type"": ""agri_inputs"", ""route_type"": ""highway_distribution"", ""operating_shift"": ""day"", ""warehouse_short"": ""COL"", ""source_vehicle_id"": ""SLW0625""}",8ab44335-30b9-42d8-a1c3-82e009ea7876,2020-06-06 09:00:00+00,2026-08-10 19:03:05.467947+00,heavy_cargo_transport,Mitsubishi Fuso Fighter,Diesel,Manual,independent_garage,7034.20,high,6,17,0,G-001
b93ad90d-bce7-4521-92c5-54e163bed811,LLX-COL-0362,c537c281-b6ad-4842-94ec-e937be0083e5,c18b03d8-00b7-4cb2-ae42-cd418f4f57a6,Isuzu FVR 362,vehicle,road_vehicle,Medium_Truck_7T,Isuzu,FVR,2019,WP LE-7147,JALS3A2NAPH9TPVYW,active,moderate,89.89,2019-06-23,2022-06-23,d6e759b6-79b1-4cc4-bc4d-412a321a3640,222006.00,2026-07-28,2026-08-28,Isuzu FVR (Medium Truck 7T) operating out of LankaLogix - Colombo on heavy cargo transport duty.,"{""cargo_type"": ""containerized_goods"", ""route_type"": ""industrial_transfer"", ""operating_shift"": ""three_shift"", ""warehouse_short"": ""COL"", ""source_vehicle_id"": ""SLW1132""}",66b4f764-8e90-4915-9c0a-f21f27ae4f4d,2019-06-23 09:00:00+00,2026-08-10 19:03:05.467947+00,heavy_cargo_transport,Isuzu FVR,Diesel,Manual,authorized_workshop,7157.90,critical,7,31,1,G-002
1945b688-7bee-4325-97bc-c29d58083f67,LLX-COL-0363,c537c281-b6ad-4842-94ec-e937be0083e5,c18b03d8-00b7-4cb2-ae42-cd418f4f57a6,Mitsubishi Fuso Fighter 363,vehicle,road_vehicle,Medium_Truck_7T,Mitsubishi,Fuso Fighter,2021,WP LF-9988,JLFN6P8VT0LF1A777,active,moderate,65.81,2021-05-05,2024-05-05,2eddc02d-4050-44d6-8eb4-a722c2fdd4bc,179251.00,2026-04-12,2026-11-12,Mitsubishi Fuso Fighter (Medium Truck 7T) operating out of LankaLogix - Colombo on heavy cargo transport duty.,"{""cargo_type"": ""export_cargo"", ""route_type"": ""highway_distribution"", ""operating_shift"": ""three_shift"", ""warehouse_short"": ""COL"", ""source_vehicle_id"": ""SLW0187""}",fc975356-d5cc-4bdc-ab35-2dc5c648c8f2,2021-05-05 09:00:00+00,2026-08-10 19:03:05.467947+00,heavy_cargo_transport,Mitsubishi Fuso Fighter,Diesel,Automatic,authorized_workshop,7067.90,high,6,16,0,G-003
fcb4dcdb-9535-408f-9f42-22ec5fa81b34,LLX-COL-0364,c537c281-b6ad-4842-94ec-e937be0083e5,c18b03d8-00b7-4cb2-ae42-cd418f4f57a6,Tata T.12 364,vehicle,road_vehicle,Medium_Truck_7T,Tata,T.12,2013,WP LF-2809,MAT8AUN8A9AM8MC3Y,active,moderate,68.37,2013-02-22,2016-02-22,91e3f538-69d6-4b30-b836-53971b1e57c1,343753.00,2026-05-06,2026-10-04,Tata T.12 (Medium Truck 7T) operating out of LankaLogix - Colombo on heavy cargo transport duty.,"{""cargo_type"": ""industrial_parts"", ""route_type"": ""industrial_transfer"", ""operating_shift"": ""day"", ""warehouse_short"": ""COL"", ""source_vehicle_id"": ""SLW0724""}",8ab44335-30b9-42d8-a1c3-82e009ea7876,2013-02-22 09:00:00+00,2026-08-10 19:03:05.467947+00,heavy_cargo_transport,Tata T.12,Diesel,Manual,OEM_dealer,6870.10,high,13,48,3,G-004
3fd046df-9cb4-4c19-a1b4-6c854aa980be,LLX-COL-0365,c537c281-b6ad-4842-94ec-e937be0083e5,c18b03d8-00b7-4cb2-ae42-cd418f4f57a6,Mitsubishi Fuso Fighter 365,vehicle,road_vehicle,Medium_Truck_7T,Mitsubishi,Fuso Fighter,2020,WP LF-1573,JLFZ3SP4Z4ZL6AB9T,active,good,89.42,2020-12-15,2023-12-15,b39348d1-7405-4464-8957-067b571cbe59,175562.00,2026-07-11,2026-12-24,Mitsubishi Fuso Fighter (Medium Truck 7T) operating out of LankaLogix - Colombo on heavy cargo transport duty.,"{""cargo_type"": ""packaged_chemicals"", ""route_type"": ""highway_distribution"", ""operating_shift"": ""day_night"", ""warehouse_short"": ""COL"", ""source_vehicle_id"": ""SLW0129""}",8ab44335-30b9-42d8-a1c3-82e009ea7876,2020-12-15 09:00:00+00,2026-08-10 19:03:05.467947+00,heavy_cargo_transport,Mitsubishi Fuso Fighter,Diesel,Automatic,independent_garage,6881.50,critical,6,24,0,G-005
08ee80cd-b430-41e7-8dd7-0f69e9baf956,LLX-COL-0366,c537c281-b6ad-4842-94ec-e937be0083e5,c18b03d8-00b7-4cb2-ae42-cd418f4f57a6,Mitsubishi Fuso Fighter 366,vehicle,road_vehicle,Medium_Truck_7T,Mitsubishi,Fuso Fighter,2021,WP LE-5385,JLF23XAVEMTUJM4C9,active,good,90.81,2021-01-22,2024-01-22,b10c3b1b-0504-4c02-9577-38f300514499,216872.00,2026-06-17,2026-11-08,Mitsubishi Fuso Fighter (Medium Truck 7T) operating out of LankaLogix - Colombo on heavy cargo transport duty.,"{""cargo_type"": ""containerized_goods"", ""route_type"": ""port_shuttle"", ""operating_shift"": ""day"", ""warehouse_short"": ""COL"", ""source_vehicle_id"": ""SLW0245""}",2b0b58b5-c777-4903-8b21-ef25ce17a71a,2021-01-22 09:00:00+00,2026-08-10 19:03:05.467947+00,heavy_cargo_transport,Mitsubishi Fuso Fighter,Diesel,Manual,OEM_dealer,7280.90,critical,6,25,0,G-006
cf4ef814-4399-4c4b-b0c0-2dbd8a096888,LLX-COL-0367,c537c281-b6ad-4842-94ec-e937be0083e5,c18b03d8-00b7-4cb2-ae42-cd418f4f57a6,Mitsubishi Fuso Fighter 367,vehicle,road_vehicle,Medium_Truck_7T,Mitsubishi,Fuso Fighter,2019,WP LF-9251,JLFP4SK2M2ZMMYCYS,active,moderate,72.23,2019-06-28,2022-06-28,fe36eed5-ff5a-45ea-a11e-c01d456ece74,207352.00,2026-07-09,2027-01-02,Mitsubishi Fuso Fighter (Medium Truck 7T) operating out of LankaLogix - Colombo on heavy cargo transport duty.,"{""cargo_type"": ""export_cargo"", ""route_type"": ""industrial_transfer"", ""operating_shift"": ""day"", ""warehouse_short"": ""COL"", ""source_vehicle_id"": ""SLW0359""}",aedad933-6f7e-4d2e-b6df-191c9e459887,2019-06-28 09:00:00+00,2026-08-10 19:03:05.467947+00,heavy_cargo_transport,Mitsubishi Fuso Fighter,Diesel,Automatic,authorized_workshop,7175.90,high,7,23,0,G-007
62e8cfbe-8709-4f64-9913-1332946fa0cb,LLX-COL-0368,c537c281-b6ad-4842-94ec-e937be0083e5,c18b03d8-00b7-4cb2-ae42-cd418f4f57a6,Isuzu FVR 368,vehicle,road_vehicle,Medium_Truck_7T,Isuzu,FVR,2020,WP LE-4878,JALTFCSM8UL59LYRZ,active,moderate,80.14,2020-05-07,2023-05-07,,243611.00,2026-07-20,2026-09-27,Isuzu FVR (Medium Truck 7T) operating out of LankaLogix - Colombo on heavy cargo transport duty.,"{""cargo_type"": ""agri_inputs"", ""route_type"": ""industrial_transfer"", ""operating_shift"": ""day"", ""warehouse_short"": ""COL"", ""source_vehicle_id"": ""SLW0586""}",dff1d306-f643-4c9e-abb3-5409e072abc4,2020-05-07 09:00:00+00,2026-08-10 19:03:05.467947+00,heavy_cargo_transport,Isuzu FVR,Diesel,Manual,authorized_workshop,7129.50,high,7,33,1,G-008
bb939f3f-1472-4213-9007-97f8eb76142b,LLX-COL-0369,c537c281-b6ad-4842-94ec-e937be0083e5,c18b03d8-00b7-4cb2-ae42-cd418f4f57a6,Mitsubishi Fuso Fighter 369,vehicle,road_vehicle,Medium_Truck_7T,Mitsubishi,Fuso Fighter,2020,WP LE-6197,JLFSB5RHY1DN3K9DD,active,good,94.73,2020-05-07,2023-05-07,e605199f-2c85-4b2b-9253-c4f54c926958,198059.00,2026-07-27,2027-01-09,Mitsubishi Fuso Fighter (Medium Truck 7T) operating out of LankaLogix - Colombo on heavy cargo transport duty.,"{""cargo_type"": ""containerized_goods"", ""route_type"": ""highway_distribution"", ""operating_shift"": ""day"", ""warehouse_short"": ""COL"", ""source_vehicle_id"": ""SLW0980""}",23b91a79-185d-41b8-aed8-22bf2cb9f4af,2020-05-07 09:00:00+00,2026-08-10 19:03:05.467947+00,heavy_cargo_transport,Mitsubishi Fuso Fighter,Diesel,Manual,OEM_dealer,7007.00,critical,6,25,1,G-009
b7c9973c-eda4-450f-8b2c-c13afeb6defa,LLX-COL-0370,c537c281-b6ad-4842-94ec-e937be0083e5,c18b03d8-00b7-4cb2-ae42-cd418f4f57a6,Isuzu FVR 370,vehicle,road_vehicle,Medium_Truck_7T,Isuzu,FVR,2018,WP LE-3901,JALK2LN3GH8GKWBAV,active,moderate,77.99,2018-10-06,2021-10-06,60a73970-d603-4a04-8b90-3ef179cc9484,284404.00,2026-08-05,2026-09-12,Isuzu FVR (Medium Truck 7T) operating out of LankaLogix - Colombo on heavy cargo transport duty.,"{""cargo_type"": ""agri_inputs"", ""route_type"": ""industrial_transfer"", ""operating_shift"": ""day"", ""warehouse_short"": ""COL"", ""source_vehicle_id"": ""SLW0324""}",e3203996-7192-4f35-b4d9-8d19dd61882f,2018-10-06 09:00:00+00,2026-08-10 19:03:05.467947+00,heavy_cargo_transport,Isuzu FVR,Diesel,Automatic,OEM_dealer,7060.00,high,9,43,3,G-010
7da54d37-83e4-4e22-a5ec-3b11c0359a17,LLX-COL-0371,c537c281-b6ad-4842-94ec-e937be0083e5,c18b03d8-00b7-4cb2-ae42-cd418f4f57a6,Mitsubishi Fuso Fighter 371,vehicle,road_vehicle,Medium_Truck_7T,Mitsubishi,Fuso Fighter,2021,WP LF-4527,JLF8WUTD0EEFFKGCG,active,moderate,76.67,2021-11-15,2024-11-15,9ebf10ee-b68b-44e3-98ae-f3d659e6282f,148503.00,2026-03-02,2026-10-15,Mitsubishi Fuso Fighter (Medium Truck 7T) operating out of LankaLogix - Colombo on heavy cargo transport duty.,"{""cargo_type"": ""industrial_parts"", ""route_type"": ""port_shuttle"", ""operating_shift"": ""day"", ""warehouse_short"": ""COL"", ""source_vehicle_id"": ""SLW0383""}",294b7244-8922-4faa-8a66-ecf7f2d31ede,2021-11-15 09:00:00+00,2026-08-10 19:03:05.467947+00,heavy_cargo_transport,Mitsubishi Fuso Fighter,Diesel,Manual,OEM_dealer,7489.70,high,6,15,0,G-011
0aa27283-fdf6-486e-af15-96a4da018220,LLX-COL-0372,c537c281-b6ad-4842-94ec-e937be0083e5,c18b03d8-00b7-4cb2-ae42-cd418f4f57a6,Mitsubishi Fuso Fighter 372,vehicle,road_vehicle,Medium_Truck_7T,Mitsubishi,Fuso Fighter,2015,WP LE-9538,JLFKHGM5KXWYHCN3A,active,moderate,73.52,2015-02-07,2018-02-07,7c2c14c1-404b-480e-b7d2-fe6a9487024e,390761.00,2026-06-22,2026-09-13,Mitsubishi Fuso Fighter (Medium Truck 7T) operating out of LankaLogix - Colombo on heavy cargo transport duty.,"{""cargo_type"": ""agri_inputs"", ""route_type"": ""port_shuttle"", ""operating_shift"": ""day"", ""warehouse_short"": ""COL"", ""source_vehicle_id"": ""SLW0252""}",e3203996-7192-4f35-b4d9-8d19dd61882f,2015-02-07 09:00:00+00,2026-08-10 19:03:05.467947+00,heavy_cargo_transport,Mitsubishi Fuso Fighter,Diesel,Automatic,independent_garage,7283.20,high,12,50,2,G-012
3c5e930c-f7bb-45c9-8d70-0f408d7dcfd6,LLX-COL-0373,c537c281-b6ad-4842-94ec-e937be0083e5,c18b03d8-00b7-4cb2-ae42-cd418f4f57a6,Tata T.12 373,vehicle,road_vehicle,Medium_Truck_7T,Tata,T.12,2019,WP LE-3516,MAT1XDADRZA85CMKF,active,moderate,67.75,2019-06-23,2022-06-23,cbe38004-41ff-40f3-8cc5-a26f4612f3ba,228785.00,2026-06-02,2026-08-17,Tata T.12 (Medium Truck 7T) operating out of LankaLogix - Colombo on heavy cargo transport duty.,"{""cargo_type"": ""agri_inputs"", ""route_type"": ""port_shuttle"", ""operating_shift"": ""day_night"", ""warehouse_short"": ""COL"", ""source_vehicle_id"": ""SLW0450""}",fc975356-d5cc-4bdc-ab35-2dc5c648c8f2,2019-06-23 09:00:00+00,2026-08-10 19:03:05.467947+00,heavy_cargo_transport,Tata T.12,Diesel,Automatic,independent_garage,6596.10,high,8,25,0,G-013
f49f02d2-dd9d-45b1-a1ca-3d87662a46ff,LLX-COL-0374,c537c281-b6ad-4842-94ec-e937be0083e5,c18b03d8-00b7-4cb2-ae42-cd418f4f57a6,Isuzu FVR 374,vehicle,road_vehicle,Medium_Truck_7T,Isuzu,FVR,2021,WP LE-9122,JALRPSBJSF2FTBMSR,active,moderate,76.73,2021-04-24,2024-04-24,,192855.00,2026-07-29,2026-11-16,Isuzu FVR (Medium Truck 7T) operating out of LankaLogix - Colombo on heavy cargo transport duty.,"{""cargo_type"": ""agri_inputs"", ""route_type"": ""port_shuttle"", ""operating_shift"": ""day"", ""warehouse_short"": ""COL"", ""source_vehicle_id"": ""SLW0352""}",2b0b58b5-c777-4903-8b21-ef25ce17a71a,2021-04-24 09:00:00+00,2026-08-10 19:03:05.467947+00,heavy_cargo_transport,Isuzu FVR,Diesel,Automatic,authorized_workshop,6924.40,high,6,23,0,G-014
432b30a3-4103-492c-915d-1e4a915a8607,LLX-COL-0375,c537c281-b6ad-4842-94ec-e937be0083e5,c18b03d8-00b7-4cb2-ae42-cd418f4f57a6,Isuzu FVR 375,vehicle,road_vehicle,Medium_Truck_7T,Isuzu,FVR,2020,WP LE-8840,JALUYTMSEN99F34EB,active,moderate,92.68,2020-02-16,2023-02-16,29ade0de-bbfe-499c-8f4a-e8420eab79c6,199417.00,2026-06-02,2026-08-19,Isuzu FVR (Medium Truck 7T) operating out of LankaLogix - Colombo on heavy cargo transport duty.,"{""cargo_type"": ""export_cargo"", ""route_type"": ""industrial_transfer"", ""operating_shift"": ""day_night"", ""warehouse_short"": ""COL"", ""source_vehicle_id"": ""SLW0257""}",294b7244-8922-4faa-8a66-ecf7f2d31ede,2020-02-16 09:00:00+00,2026-08-10 19:03:05.467947+00,heavy_cargo_transport,Isuzu FVR,Diesel,Automatic,independent_garage,6849.70,critical,6,26,0,G-015
58384c58-a45b-48b0-b0ce-63e10a5522dc,LLX-COL-0376,c537c281-b6ad-4842-94ec-e937be0083e5,c18b03d8-00b7-4cb2-ae42-cd418f4f57a6,Tata T.12 376,vehicle,road_vehicle,Medium_Truck_7T,Tata,T.12,2020,WP LE-5937,MATGSCYYAMG8V2CXM,active,good,74.27,2020-03-05,2023-03-05,9bd7dc69-8146-4996-8a28-bda2751c2c1e,233057.00,2026-07-21,2026-08-19,Tata T.12 (Medium Truck 7T) operating out of LankaLogix - Colombo on heavy cargo transport duty.,"{""cargo_type"": ""containerized_goods"", ""route_type"": ""industrial_transfer"", ""operating_shift"": ""day_night"", ""warehouse_short"": ""COL"", ""source_vehicle_id"": ""SLW0590""}",dff1d306-f643-4c9e-abb3-5409e072abc4,2020-03-05 09:00:00+00,2026-08-10 19:03:05.467947+00,heavy_cargo_transport,Tata T.12,Diesel,Manual,authorized_workshop,6899.60,high,7,39,1,G-016
999479c1-2786-46a2-96bb-f36d2c417435,LLX-COL-0377,c537c281-b6ad-4842-94ec-e937be0083e5,c18b03d8-00b7-4cb2-ae42-cd418f4f57a6,Isuzu FVR 377,vehicle,road_vehicle,Medium_Truck_7T,Isuzu,FVR,2021,WP LF-1664,JALG8F480MX8E58P7,active,moderate,92.67,2021-10-07,2024-10-07,b532922b-d266-423a-8b64-6756f96af531,162946.00,2026-07-03,2026-10-07,Isuzu FVR (Medium Truck 7T) operating out of LankaLogix - Colombo on heavy cargo transport duty.,"{""cargo_type"": ""containerized_goods"", ""route_type"": ""port_shuttle"", ""operating_shift"": ""day"", ""warehouse_short"": ""COL"", ""source_vehicle_id"": ""SLW0247""}",23b91a79-185d-41b8-aed8-22bf2cb9f4af,2021-10-07 09:00:00+00,2026-08-10 19:03:05.467947+00,heavy_cargo_transport,Isuzu FVR,Diesel,Manual,OEM_dealer,6961.40,critical,6,17,0,G-017
30090120-bda7-4c3b-8daf-03317a5aa987,LLX-COL-0378,c537c281-b6ad-4842-94ec-e937be0083e5,c18b03d8-00b7-4cb2-ae42-cd418f4f57a6,Mitsubishi Fuso Fighter 378,vehicle,road_vehicle,Medium_Truck_7T,Mitsubishi,Fuso Fighter,2019,WP LE-5860,JLFVVBBHWKTXNKB9U,active,moderate,63.87,2019-12-17,2022-12-17,,219988.00,2026-04-16,2026-09-11,Mitsubishi Fuso Fighter (Medium Truck 7T) operating out of LankaLogix - Colombo on heavy cargo transport duty.,"{""cargo_type"": ""agri_inputs"", ""route_type"": ""port_shuttle"", ""operating_shift"": ""day_night"", ""warehouse_short"": ""COL"", ""source_vehicle_id"": ""SLW1154""}",66b4f764-8e90-4915-9c0a-f21f27ae4f4d,2019-12-17 09:00:00+00,2026-08-10 19:03:05.467947+00,heavy_cargo_transport,Mitsubishi Fuso Fighter,Diesel,Manual,OEM_dealer,6957.60,high,8,24,0,G-018
e40304da-56ba-4e20-b417-d75d683b5956,LLX-COL-0379,c537c281-b6ad-4842-94ec-e937be0083e5,c18b03d8-00b7-4cb2-ae42-cd418f4f57a6,Tata T.12 379,vehicle,road_vehicle,Medium_Truck_7T,Tata,T.12,2019,WP LE-5739,MATJ3HG5NCMNXDNBZ,active,moderate,71.40,2019-01-16,2022-01-16,2881b30f-299f-460b-aa24-ff4c9b263acb,180576.00,2026-06-19,2026-09-27,Tata T.12 (Medium Truck 7T) operating out of LankaLogix - Colombo on heavy cargo transport duty.,"{""cargo_type"": ""agri_inputs"", ""route_type"": ""industrial_transfer"", ""operating_shift"": ""day_night"", ""warehouse_short"": ""COL"", ""source_vehicle_id"": ""SLW0095""}",8ffcd728-c372-4540-9a04-7fa0c88e9347,2019-01-16 09:00:00+00,2026-08-10 19:03:05.467947+00,heavy_cargo_transport,Tata T.12,Diesel,Manual,authorized_workshop,6808.80,high,7,31,0,G-019
14b37717-ca0d-4fc3-939d-869c7b170230,LLX-COL-0380,c537c281-b6ad-4842-94ec-e937be0083e5,c18b03d8-00b7-4cb2-ae42-cd418f4f57a6,Isuzu FVR 380,vehicle,road_vehicle,Medium_Truck_7T,Isuzu,FVR,2021,WP LE-3516,JALRLZK3Z4W1FYUJM,active,moderate,95.44,2021-09-07,2024-09-07,0cabbac7-e33f-41e2-9595-f9285b16fce1,147825.00,2026-05-12,2026-08-13,Isuzu FVR (Medium Truck 7T) operating out of LankaLogix - Colombo on heavy cargo transport duty.,"{""cargo_type"": ""export_cargo"", ""route_type"": ""port_shuttle"", ""operating_shift"": ""day"", ""warehouse_short"": ""COL"", ""source_vehicle_id"": ""SLW1074""}",23b91a79-185d-41b8-aed8-22bf2cb9f4af,2021-09-07 09:00:00+00,2026-08-10 19:03:05.467947+00,heavy_cargo_transport,Isuzu FVR,Diesel,Manual,independent_garage,6965.90,critical,6,21,0,G-020
75aa4ca8-49cd-4b28-9e97-7d472d48671c,LLX-COL-0381,c537c281-b6ad-4842-94ec-e937be0083e5,c18b03d8-00b7-4cb2-ae42-cd418f4f57a6,Mitsubishi Fuso Fighter 381,vehicle,road_vehicle,Medium_Truck_7T,Mitsubishi,Fuso Fighter,2021,WP LF-8415,JLF5F7HY6S6XH3VDY,active,moderate,89.52,2021-10-06,2024-10-06,,166383.00,2026-07-27,2026-12-14,Mitsubishi Fuso Fighter (Medium Truck 7T) operating out of LankaLogix - Colombo on heavy cargo transport duty.,"{""cargo_type"": ""agri_inputs"", ""route_type"": ""highway_distribution"", ""operating_shift"": ""day_night"", ""warehouse_short"": ""COL"", ""source_vehicle_id"": ""SLW1231""}",fc975356-d5cc-4bdc-ab35-2dc5c648c8f2,2021-10-06 09:00:00+00,2026-08-10 19:03:05.467947+00,heavy_cargo_transport,Mitsubishi Fuso Fighter,Diesel,Manual,independent_garage,6722.70,critical,6,23,0,G-021
0735a4ba-c7c9-481c-8b69-c45843eb6a97,LLX-COL-0382,c537c281-b6ad-4842-94ec-e937be0083e5,c18b03d8-00b7-4cb2-ae42-cd418f4f57a6,Isuzu FVR 382,vehicle,road_vehicle,Medium_Truck_7T,Isuzu,FVR,2018,WP LE-7791,JALZ5AAGM9UZX2YGR,active,poor,93.97,2018-06-15,2021-06-15,91aaeeb3-13d3-4ce4-8342-f57a3c5f20bf,265477.00,2026-02-21,2026-08-29,Isuzu FVR (Medium Truck 7T) operating out of LankaLogix - Colombo on heavy cargo transport duty.,"{""cargo_type"": ""export_cargo"", ""route_type"": ""port_shuttle"", ""operating_shift"": ""day_night"", ""warehouse_short"": ""COL"", ""source_vehicle_id"": ""SLW1266""}",66b4f764-8e90-4915-9c0a-f21f27ae4f4d,2018-06-15 09:00:00+00,2026-08-10 19:03:05.467947+00,heavy_cargo_transport,Isuzu FVR,Diesel,Manual,OEM_dealer,7100.90,critical,8,27,0,G-022
5d6a671f-8b0a-4fcb-a2f6-fcdfec3523f8,LLX-COL-0383,c537c281-b6ad-4842-94ec-e937be0083e5,c18b03d8-00b7-4cb2-ae42-cd418f4f57a6,Isuzu FVR 383,vehicle,road_vehicle,Medium_Truck_7T,Isuzu,FVR,2020,WP LE-8317,JAL2FCXA1LP6DZXC2,active,moderate,63.86,2020-05-04,2023-05-04,f09cbdc7-2bc1-4dcf-aad3-2922c9db9a85,196454.00,2026-06-25,2026-11-08,Isuzu FVR (Medium Truck 7T) operating out of LankaLogix - Colombo on heavy cargo transport duty.,"{""cargo_type"": ""packaged_chemicals"", ""route_type"": ""highway_distribution"", ""operating_shift"": ""day_night"", ""warehouse_short"": ""COL"", ""source_vehicle_id"": ""SLW0779""}",dff1d306-f643-4c9e-abb3-5409e072abc4,2020-05-04 09:00:00+00,2026-08-10 19:03:05.467947+00,heavy_cargo_transport,Isuzu FVR,Diesel,Automatic,OEM_dealer,7010.60,high,7,25,0,G-023
eb7e3da2-cee1-4317-98f9-3648e3d5d850,LLX-COL-0384,c537c281-b6ad-4842-94ec-e937be0083e5,c18b03d8-00b7-4cb2-ae42-cd418f4f57a6,Tata T.12 384,vehicle,road_vehicle,Medium_Truck_7T,Tata,T.12,2018,WP LE-7264,MATV43FYPN6ZRXD5Z,active,poor,92.69,2018-09-07,2021-09-07,20ab5d3f-f2ca-4af4-b3c1-43fbcfad7b62,245938.00,2026-07-27,2026-09-01,Tata T.12 (Medium Truck 7T) operating out of LankaLogix - Colombo on heavy cargo transport duty.,"{""cargo_type"": ""packaged_chemicals"", ""route_type"": ""highway_distribution"", ""operating_shift"": ""day"", ""warehouse_short"": ""COL"", ""source_vehicle_id"": ""SLW0437""}",e3203996-7192-4f35-b4d9-8d19dd61882f,2018-09-07 09:00:00+00,2026-08-10 19:03:05.467947+00,heavy_cargo_transport,Tata T.12,Diesel,Manual,independent_garage,6500.80,critical,9,34,1,G-024
80ec2c2d-6e0d-453f-b3d9-b19f3bdc5c14,LLX-COL-0385,c537c281-b6ad-4842-94ec-e937be0083e5,c18b03d8-00b7-4cb2-ae42-cd418f4f57a6,Mitsubishi Fuso Fighter 385,vehicle,road_vehicle,Medium_Truck_7T,Mitsubishi,Fuso Fighter,2021,WP LF-8848,JLFT2N1RL8CC7MRAY,active,moderate,95.39,2021-09-04,2024-09-04,e28c3da1-f55d-449e-b0f3-b68586bc22e8,199813.00,2026-07-29,2027-01-04,Mitsubishi Fuso Fighter (Medium Truck 7T) operating out of LankaLogix - Colombo on heavy cargo transport duty.,"{""cargo_type"": ""industrial_parts"", ""route_type"": ""port_shuttle"", ""operating_shift"": ""day"", ""warehouse_short"": ""COL"", ""source_vehicle_id"": ""SLW0319""}",23b91a79-185d-41b8-aed8-22bf2cb9f4af,2021-09-04 09:00:00+00,2026-08-10 19:03:05.467947+00,heavy_cargo_transport,Mitsubishi Fuso Fighter,Diesel,Automatic,independent_garage,7033.30,critical,6,25,0,G-025
fe6ce952-a70c-4eea-808c-47e5a4efbba8,LLX-COL-0386,c537c281-b6ad-4842-94ec-e937be0083e5,c18b03d8-00b7-4cb2-ae42-cd418f4f57a6,Mitsubishi Fuso Fighter 386,vehicle,road_vehicle,Medium_Truck_7T,Mitsubishi,Fuso Fighter,2020,WP LE-5921,JLFYY6R1T267YXXV5,active,poor,75.78,2020-12-04,2023-12-04,f8e16139-3fa8-4be2-9a68-cdd5555659dc,163053.00,2026-04-02,2026-09-28,Mitsubishi Fuso Fighter (Medium Truck 7T) operating out of LankaLogix - Colombo on heavy cargo transport duty.,"{""cargo_type"": ""containerized_goods"", ""route_type"": ""industrial_transfer"", ""operating_shift"": ""day"", ""warehouse_short"": ""COL"", ""source_vehicle_id"": ""SLW0143""}",dff1d306-f643-4c9e-abb3-5409e072abc4,2020-12-04 09:00:00+00,2026-08-10 19:03:05.467947+00,heavy_cargo_transport,Mitsubishi Fuso Fighter,Diesel,Automatic,independent_garage,7049.60,high,7,16,0,G-026
a3433f91-56b7-457d-958d-2e86b349d47c,LLX-COL-0387,c537c281-b6ad-4842-94ec-e937be0083e5,c18b03d8-00b7-4cb2-ae42-cd418f4f57a6,Tata T.12 387,vehicle,road_vehicle,Medium_Truck_7T,Tata,T.12,2015,WP LF-5617,MATGE2548Y5ZEZ08S,active,moderate,89.05,2015-08-25,2018-08-25,,349948.00,2026-05-17,2026-10-27,Tata T.12 (Medium Truck 7T) operating out of LankaLogix - Colombo on heavy cargo transport duty.,"{""cargo_type"": ""export_cargo"", ""route_type"": ""port_shuttle"", ""operating_shift"": ""day_night"", ""warehouse_short"": ""COL"", ""source_vehicle_id"": ""SLW0768""}",8ab44335-30b9-42d8-a1c3-82e009ea7876,2015-08-25 09:00:00+00,2026-08-10 19:03:05.467947+00,heavy_cargo_transport,Tata T.12,Diesel,Automatic,OEM_dealer,7193.40,critical,12,38,1,G-027
85a38f99-d14e-4301-ace7-e2af815eae02,LLX-COL-0388,c537c281-b6ad-4842-94ec-e937be0083e5,c18b03d8-00b7-4cb2-ae42-cd418f4f57a6,Tata T.12 388,vehicle,road_vehicle,Medium_Truck_7T,Tata,T.12,2020,WP LE-8287,MATAX0LU7C7846CG7,active,moderate,74.08,2020-01-12,2023-01-12,a5873caa-58e3-478e-9e5c-c4f5be6aeec5,193226.00,2026-06-15,2026-10-01,Tata T.12 (Medium Truck 7T) operating out of LankaLogix - Colombo on heavy cargo transport duty.,"{""cargo_type"": ""export_cargo"", ""route_type"": ""highway_distribution"", ""operating_shift"": ""day_night"", ""warehouse_short"": ""COL"", ""source_vehicle_id"": ""SLW1234""}",aedad933-6f7e-4d2e-b6df-191c9e459887,2020-01-12 09:00:00+00,2026-08-10 19:03:05.467947+00,heavy_cargo_transport,Tata T.12,Diesel,Automatic,authorized_workshop,7259.30,high,6,24,0,G-028
e45a3fc4-cf52-4a65-829a-969ba0687282,LLX-COL-0389,c537c281-b6ad-4842-94ec-e937be0083e5,c18b03d8-00b7-4cb2-ae42-cd418f4f57a6,Mitsubishi Fuso Fighter 389,vehicle,road_vehicle,Medium_Truck_7T,Mitsubishi,Fuso Fighter,2017,WP LF-5712,JLFTD2LE1PFN6HRAB,active,moderate,85.31,2017-03-23,2020-03-23,12db3dcf-a204-4a5b-a373-e937d8da705f,295710.00,2026-05-06,2026-10-25,Mitsubishi Fuso Fighter (Medium Truck 7T) operating out of LankaLogix - Colombo on heavy cargo transport duty.,"{""cargo_type"": ""packaged_chemicals"", ""route_type"": ""industrial_transfer"", ""operating_shift"": ""day_night"", ""warehouse_short"": ""COL"", ""source_vehicle_id"": ""SLW0790""}",8ab44335-30b9-42d8-a1c3-82e009ea7876,2017-03-23 09:00:00+00,2026-08-10 19:03:05.467947+00,heavy_cargo_transport,Mitsubishi Fuso Fighter,Diesel,Automatic,OEM_dealer,7350.50,critical,10,37,1,G-029
cc023853-cde9-4f41-9bf4-adb5757eff65,LLX-COL-0390,c537c281-b6ad-4842-94ec-e937be0083e5,c18b03d8-00b7-4cb2-ae42-cd418f4f57a6,Tata T.12 390,vehicle,road_vehicle,Medium_Truck_7T,Tata,T.12,2018,WP LF-8680,MAT8CTG441C4LRTU3,active,critical,82.55,2018-11-21,2021-11-21,cd077c24-ded4-4f10-9145-7381355aa6b2,247234.00,2026-04-13,2026-09-11,Tata T.12 (Medium Truck 7T) operating out of LankaLogix - Colombo on heavy cargo transport duty.,"{""cargo_type"": ""containerized_goods"", ""route_type"": ""highway_distribution"", ""operating_shift"": ""day"", ""warehouse_short"": ""COL"", ""source_vehicle_id"": ""SLW0815""}",fc975356-d5cc-4bdc-ab35-2dc5c648c8f2,2018-11-21 09:00:00+00,2026-08-10 19:03:05.467947+00,heavy_cargo_transport,Tata T.12,Diesel,Manual,independent_garage,6769.70,critical,9,34,1,G-030
227ac56a-de77-4960-b81a-ff02df25c06c,LLX-COL-0391,c537c281-b6ad-4842-94ec-e937be0083e5,c18b03d8-00b7-4cb2-ae42-cd418f4f57a6,Tata T.12 391,vehicle,road_vehicle,Medium_Truck_7T,Tata,T.12,2016,WP LE-2363,MAT2JFTUMPGUAJWDF,active,moderate,83.73,2016-01-25,2019-01-25,29ade0de-bbfe-499c-8f4a-e8420eab79c6,325404.00,2026-07-30,2026-10-14,Tata T.12 (Medium Truck 7T) operating out of LankaLogix - Colombo on heavy cargo transport duty.,"{""cargo_type"": ""industrial_parts"", ""route_type"": ""highway_distribution"", ""operating_shift"": ""day"", ""warehouse_short"": ""COL"", ""source_vehicle_id"": ""SLW0010""}",dff1d306-f643-4c9e-abb3-5409e072abc4,2016-01-25 09:00:00+00,2026-08-10 19:03:05.467947+00,heavy_cargo_transport,Tata T.12,Diesel,Manual,authorized_workshop,7248.40,critical,11,36,0,G-031
25ceccf6-4e2f-4f5b-ad67-15e4a4e012ad,LLX-COL-0392,c537c281-b6ad-4842-94ec-e937be0083e5,c18b03d8-00b7-4cb2-ae42-cd418f4f57a6,Isuzu FVR 392,vehicle,road_vehicle,Medium_Truck_7T,Isuzu,FVR,2014,WP LF-4807,JAL5K6YYP773C9BLW,active,poor,78.76,2014-01-02,2017-01-02,f041cb71-a9fe-469f-abba-a9747e6df441,360078.00,2025-12-22,2026-08-20,Isuzu FVR (Medium Truck 7T) operating out of LankaLogix - Colombo on heavy cargo transport duty.,"{""cargo_type"": ""packaged_chemicals"", ""route_type"": ""port_shuttle"", ""operating_shift"": ""day_night"", ""warehouse_short"": ""COL"", ""source_vehicle_id"": ""SLW0198""}",5dba83b3-52f3-44e6-84c0-7cb40b7e1cf7,2014-01-02 09:00:00+00,2026-08-10 19:03:05.467947+00,heavy_cargo_transport,Isuzu FVR,Diesel,Automatic,OEM_dealer,6701.20,high,12,34,0,G-032
ee66c8dd-a564-41fd-a847-9dc3f3d732a0,LLX-COL-0393,c537c281-b6ad-4842-94ec-e937be0083e5,c18b03d8-00b7-4cb2-ae42-cd418f4f57a6,Tata Signa 1918 393,vehicle,road_vehicle,Heavy_Truck_16T,Tata,Signa 1918,2020,WP LG-1087,MAS0V3SVHMHMMM2TW,active,moderate,95.63,2020-12-11,2023-12-11,,251826.00,2026-08-05,2026-10-16,Tata Signa 1918 (Heavy Truck 16T) operating out of LankaLogix - Colombo on heavy cargo transport duty.,"{""cargo_type"": ""industrial_parts"", ""route_type"": ""highway_distribution"", ""operating_shift"": ""day_night"", ""warehouse_short"": ""COL"", ""source_vehicle_id"": ""SLW0124""}",66b4f764-8e90-4915-9c0a-f21f27ae4f4d,2020-12-11 09:00:00+00,2026-08-10 19:03:05.467947+00,heavy_cargo_transport,Tata Signa 1918,Diesel,Manual,independent_garage,16064.70,critical,6,33,2,G-033
8e234fb6-def5-436d-9ae9-47281c9751b7,LLX-COL-0394,c537c281-b6ad-4842-94ec-e937be0083e5,c18b03d8-00b7-4cb2-ae42-cd418f4f57a6,Tata Prima 2823 394,vehicle,road_vehicle,Heavy_Truck_16T,Tata,Prima 2823,2019,WP LH-5721,MAPZ7PHM1R9VVM6MK,active,good,85.25,2019-11-18,2022-11-18,c2ebc293-a6da-4e4f-9dcf-b38eb12e684e,256873.00,2026-07-11,2026-11-10,Tata Prima 2823 (Heavy Truck 16T) operating out of LankaLogix - Colombo on heavy cargo transport duty.,"{""cargo_type"": ""packaged_chemicals"", ""route_type"": ""highway_distribution"", ""operating_shift"": ""day_night"", ""warehouse_short"": ""COL"", ""source_vehicle_id"": ""SLW0495""}",8ffcd728-c372-4540-9a04-7fa0c88e9347,2019-11-18 09:00:00+00,2026-08-10 19:03:05.467947+00,heavy_cargo_transport,Tata Prima 2823,Diesel,Manual,authorized_workshop,15275.30,critical,7,31,0,G-034
38235131-db85-4a5f-99c2-0ae4ed02dc2d,LLX-COL-0395,c537c281-b6ad-4842-94ec-e937be0083e5,c18b03d8-00b7-4cb2-ae42-cd418f4f57a6,Mercedes Actros 1836 395,vehicle,road_vehicle,Heavy_Truck_16T,Mercedes,Actros 1836,2014,WP LH-9114,WDB1942014PPK3T18,under_maintenance,critical,76.65,2014-02-07,2017-02-07,,500708.00,2026-05-06,2026-09-10,Mercedes Actros 1836 (Heavy Truck 16T) operating out of LankaLogix - Colombo on heavy cargo transport duty.,"{""cargo_type"": ""packaged_chemicals"", ""route_type"": ""highway_distribution"", ""operating_shift"": ""day"", ""warehouse_short"": ""COL"", ""source_vehicle_id"": ""SLW0029""}",dff1d306-f643-4c9e-abb3-5409e072abc4,2014-02-07 09:00:00+00,2026-08-10 19:03:05.467947+00,heavy_cargo_transport,Mercedes Actros 1836,Diesel,Automatic,independent_garage,16254.30,high,13,39,1,G-035
90c2f956-e394-4345-9446-2c17e3bb641e,LLX-COL-0396,c537c281-b6ad-4842-94ec-e937be0083e5,c18b03d8-00b7-4cb2-ae42-cd418f4f57a6,Tata Signa 1918 396,vehicle,road_vehicle,Heavy_Truck_16T,Tata,Signa 1918,2020,WP LG-3412,MAS6CGZFNFFX17GMA,under_maintenance,critical,71.40,2020-08-11,2023-08-11,,247545.00,2026-04-27,2026-08-23,Tata Signa 1918 (Heavy Truck 16T) operating out of LankaLogix - Colombo on heavy cargo transport duty.,"{""cargo_type"": ""containerized_goods"", ""route_type"": ""port_shuttle"", ""operating_shift"": ""day"", ""warehouse_short"": ""COL"", ""source_vehicle_id"": ""SLW0297""}",2b0b58b5-c777-4903-8b21-ef25ce17a71a,2020-08-11 09:00:00+00,2026-08-10 19:03:05.467947+00,heavy_cargo_transport,Tata Signa 1918,Diesel,Automatic,OEM_dealer,16054.40,high,7,30,2,G-036
caef42ad-1f8b-4973-83f8-02968c0296ff,LLX-COL-0397,c537c281-b6ad-4842-94ec-e937be0083e5,c18b03d8-00b7-4cb2-ae42-cd418f4f57a6,Tata Prima 2823 397,vehicle,road_vehicle,Heavy_Truck_16T,Tata,Prima 2823,2020,WP LG-1691,MAP0H1ULZRWC2J0UV,active,good,87.87,2020-01-06,2023-01-06,bbfad8bc-9c98-4759-962b-c83bde076c4a,250496.00,2026-06-28,2026-08-24,Tata Prima 2823 (Heavy Truck 16T) operating out of LankaLogix - Colombo on heavy cargo transport duty.,"{""cargo_type"": ""containerized_goods"", ""route_type"": ""highway_distribution"", ""operating_shift"": ""day"", ""warehouse_short"": ""COL"", ""source_vehicle_id"": ""SLW0455""}",23b91a79-185d-41b8-aed8-22bf2cb9f4af,2020-01-06 09:00:00+00,2026-08-10 19:03:05.467947+00,heavy_cargo_transport,Tata Prima 2823,Diesel,Manual,authorized_workshop,16227.40,critical,7,30,1,G-037
ef3cbf12-a864-4aab-9228-a96bfaaf2643,LLX-COL-0398,c537c281-b6ad-4842-94ec-e937be0083e5,c18b03d8-00b7-4cb2-ae42-cd418f4f57a6,Tata Signa 1918 398,vehicle,road_vehicle,Heavy_Truck_16T,Tata,Signa 1918,2021,WP LH-9498,MASS0JMWR6V9DTFMZ,active,good,85.02,2021-09-15,2024-09-15,29ade0de-bbfe-499c-8f4a-e8420eab79c6,234188.00,2026-07-24,2026-09-29,Tata Signa 1918 (Heavy Truck 16T) operating out of LankaLogix - Colombo on heavy cargo transport duty.,"{""cargo_type"": ""agri_inputs"", ""route_type"": ""port_shuttle"", ""operating_shift"": ""day"", ""warehouse_short"": ""COL"", ""source_vehicle_id"": ""SLW0940""}",294b7244-8922-4faa-8a66-ecf7f2d31ede,2021-09-15 09:00:00+00,2026-08-10 19:03:05.467947+00,heavy_cargo_transport,Tata Signa 1918,Diesel,Manual,independent_garage,15822.80,critical,6,40,3,G-038
c492b053-e833-4eae-9fa6-47ebbce819c7,LLX-COL-0399,c537c281-b6ad-4842-94ec-e937be0083e5,c18b03d8-00b7-4cb2-ae42-cd418f4f57a6,Mercedes Actros 1836 399,vehicle,road_vehicle,Heavy_Truck_16T,Mercedes,Actros 1836,2020,WP LG-4055,WDB54UC8MBM1LL0XH,active,poor,85.88,2020-11-15,2023-11-15,f3c4e156-3bb0-4f09-af72-9bad7ceee5a0,215818.00,2026-04-16,2026-08-13,Mercedes Actros 1836 (Heavy Truck 16T) operating out of LankaLogix - Colombo on heavy cargo transport duty.,"{""cargo_type"": ""industrial_parts"", ""route_type"": ""port_shuttle"", ""operating_shift"": ""day"", ""warehouse_short"": ""COL"", ""source_vehicle_id"": ""SLW0220""}",fc975356-d5cc-4bdc-ab35-2dc5c648c8f2,2020-11-15 09:00:00+00,2026-08-10 19:03:05.467947+00,heavy_cargo_transport,Mercedes Actros 1836,Diesel,Manual,OEM_dealer,16550.60,critical,7,21,0,G-039
545194fb-1b41-420b-8ec6-763c077848f9,LLX-COL-0400,c537c281-b6ad-4842-94ec-e937be0083e5,c18b03d8-00b7-4cb2-ae42-cd418f4f57a6,Tata Signa 1918 400,vehicle,road_vehicle,Heavy_Truck_16T,Tata,Signa 1918,2020,WP LH-7703,MAS4ETCTAPN5KU4C5,active,moderate,84.92,2020-08-14,2023-08-14,b98804b5-aaf4-4355-961f-ff75a2e4dcaf,214738.00,2026-07-24,2026-09-14,Tata Signa 1918 (Heavy Truck 16T) operating out of LankaLogix - Colombo on heavy cargo transport duty.,"{""cargo_type"": ""packaged_chemicals"", ""route_type"": ""port_shuttle"", ""operating_shift"": ""day"", ""warehouse_short"": ""COL"", ""source_vehicle_id"": ""SLW1092""}",8ab44335-30b9-42d8-a1c3-82e009ea7876,2020-08-14 09:00:00+00,2026-08-10 19:03:05.467947+00,heavy_cargo_transport,Tata Signa 1918,Diesel,Manual,authorized_workshop,15911.40,critical,6,26,0,G-040
ab12938d-12d9-4a3d-8d45-29fe4094418c,LLX-BDL-0001,23a10ad6-f2ff-4aab-9878-de0f37f6bbe0,c24b3130-482c-4313-a6c9-416e6cd7c9a6,Komatsu FD25 001,vehicle,forklift,Forklift_2.5T,Komatsu,FD25,2019,BDL-FL-001,KMT-FD25-141536,active,moderate,89.31,2019-05-11,2022-05-11,09306b84-79b3-44e2-94d6-8b168ab521db,4202.00,2026-07-06,2026-08-12,Komatsu FD25 (Forklift 2.5T) operating out of LankaLogix - Badulla on internal material handling duty.,"{""cargo_type"": ""mixed_warehouse"", ""route_type"": ""dock_transfer"", ""operating_shift"": ""three_shift"", ""warehouse_short"": ""BDL"", ""source_vehicle_id"": ""SLW1090""}",613bf044-7d90-4530-bd18-c89645622a2f,2019-05-11 09:00:00+00,2026-08-10 19:03:05.467947+00,internal_material_handling,Komatsu FD25,LPG,Automatic,independent_garage,2290.90,critical,8,43,2,A-001
7f116290-a1a9-4c98-bb9e-6a4fa60e0665,LLX-BDL-0002,23a10ad6-f2ff-4aab-9878-de0f37f6bbe0,c24b3130-482c-4313-a6c9-416e6cd7c9a6,Heli CPCD25 002,vehicle,forklift,Forklift_2.5T,Heli,CPCD25,2018,BDL-FL-002,HLI-CPCD25-160694,active,excellent,75.11,2018-12-16,2021-12-16,9b3bff38-da7d-4ad0-8bf0-efdd03c2c0f8,4579.00,2026-07-18,2026-11-12,Heli CPCD25 (Forklift 2.5T) operating out of LankaLogix - Badulla on internal material handling duty.,"{""cargo_type"": ""industrial_parts"", ""route_type"": ""warehouse_internal"", ""operating_shift"": ""day_night"", ""warehouse_short"": ""BDL"", ""source_vehicle_id"": ""SLW0269""}",14294bcc-4609-4078-82d0-3af8051a00ce,2018-12-16 09:00:00+00,2026-08-10 19:03:05.467947+00,internal_material_handling,Heli CPCD25,Diesel,Automatic,authorized_workshop,2439.10,high,9,46,1,A-002
041fd171-8aea-4a2d-8d86-e453e2158e96,LLX-BDL-0003,23a10ad6-f2ff-4aab-9878-de0f37f6bbe0,c24b3130-482c-4313-a6c9-416e6cd7c9a6,Heli CPCD25 003,vehicle,forklift,Forklift_2.5T,Heli,CPCD25,2018,BDL-FL-003,HLI-CPCD25-492767,active,good,77.14,2018-04-07,2021-04-07,4240a899-92e1-44cc-a166-b3c8e4b402d3,4773.00,2026-05-29,2026-10-23,Heli CPCD25 (Forklift 2.5T) operating out of LankaLogix - Badulla on internal material handling duty.,"{""cargo_type"": ""industrial_parts"", ""route_type"": ""warehouse_internal"", ""operating_shift"": ""day"", ""warehouse_short"": ""BDL"", ""source_vehicle_id"": ""SLW0287""}",14294bcc-4609-4078-82d0-3af8051a00ce,2018-04-07 09:00:00+00,2026-08-10 19:03:05.467947+00,internal_material_handling,Heli CPCD25,LPG,Automatic,independent_garage,2726.30,high,9,39,1,A-003
ddc8d5ee-e0d1-4d72-b695-aa0e09c68e65,LLX-BDL-0004,23a10ad6-f2ff-4aab-9878-de0f37f6bbe0,c24b3130-482c-4313-a6c9-416e6cd7c9a6,Komatsu FD25 004,vehicle,forklift,Forklift_2.5T,Komatsu,FD25,2017,BDL-FL-004,KMT-FD25-605744,active,moderate,82.44,2017-12-06,2020-12-06,d10cf005-0a3f-4251-bb32-0973601a7259,4494.00,2026-07-31,2026-08-25,Komatsu FD25 (Forklift 2.5T) operating out of LankaLogix - Badulla on internal material handling duty.,"{""cargo_type"": ""industrial_parts"", ""route_type"": ""warehouse_internal"", ""operating_shift"": ""day"", ""warehouse_short"": ""BDL"", ""source_vehicle_id"": ""SLW0291""}",d24973fa-606a-4901-80ad-90da2b82381d,2017-12-06 09:00:00+00,2026-08-10 19:03:05.467947+00,internal_material_handling,Komatsu FD25,LPG,Automatic,authorized_workshop,2614.80,critical,9,29,0,A-004
40182a24-bdd5-4396-ab3b-8a9a6dc5ab27,LLX-BDL-0005,23a10ad6-f2ff-4aab-9878-de0f37f6bbe0,c24b3130-482c-4313-a6c9-416e6cd7c9a6,Toyota 8FD25 005,vehicle,forklift,Forklift_2.5T,Toyota,8FD25,2017,BDL-FL-005,TYT-8FD25-294987,active,moderate,63.23,2017-06-03,2020-06-03,bfc3fec8-4cfe-4cb9-82aa-42f8d73b730f,4770.00,2026-08-02,2027-01-28,Toyota 8FD25 (Forklift 2.5T) operating out of LankaLogix - Badulla on internal material handling duty.,"{""cargo_type"": ""palletized_fmcg"", ""route_type"": ""dock_transfer"", ""operating_shift"": ""day"", ""warehouse_short"": ""BDL"", ""source_vehicle_id"": ""SLW0003""}",d24973fa-606a-4901-80ad-90da2b82381d,2017-06-03 09:00:00+00,2026-08-10 19:03:05.467947+00,internal_material_handling,Toyota 8FD25,LPG,Automatic,independent_garage,2370.00,high,9,34,1,A-005
465d2b3b-3577-4777-89df-9f8baab947e9,LLX-BDL-0006,23a10ad6-f2ff-4aab-9878-de0f37f6bbe0,c24b3130-482c-4313-a6c9-416e6cd7c9a6,Toyota 8FD25 006,vehicle,forklift,Forklift_2.5T,Toyota,8FD25,2018,BDL-FL-006,TYT-8FD25-739533,active,good,84.19,2018-04-11,2021-04-11,2915ad05-7ac6-45ab-b21f-9bd0b6a18328,6193.00,2026-07-24,2026-08-19,Toyota 8FD25 (Forklift 2.5T) operating out of LankaLogix - Badulla on internal material handling duty.,"{""cargo_type"": ""palletized_fmcg"", ""route_type"": ""dock_transfer"", ""operating_shift"": ""three_shift"", ""warehouse_short"": ""BDL"", ""source_vehicle_id"": ""SLW0847""}",16876354-5851-462c-bcaa-9ff71f731985,2018-04-11 09:00:00+00,2026-08-10 19:03:05.467947+00,internal_material_handling,Toyota 8FD25,LPG,Automatic,OEM_dealer,2448.70,critical,8,44,2,A-006
714605b1-97e2-4fb6-be95-e765f3105a54,LLX-BDL-0007,23a10ad6-f2ff-4aab-9878-de0f37f6bbe0,c24b3130-482c-4313-a6c9-416e6cd7c9a6,Komatsu FD25 007,vehicle,forklift,Forklift_2.5T,Komatsu,FD25,2020,BDL-FL-007,KMT-FD25-178468,active,excellent,65.46,2020-03-03,2023-03-03,26871afa-61f7-4e03-a141-1696a9dc0564,5339.00,2026-07-18,2026-12-11,Komatsu FD25 (Forklift 2.5T) operating out of LankaLogix - Badulla on internal material handling duty.,"{""cargo_type"": ""industrial_parts"", ""route_type"": ""warehouse_internal"", ""operating_shift"": ""day_night"", ""warehouse_short"": ""BDL"", ""source_vehicle_id"": ""SLW0904""}",d24973fa-606a-4901-80ad-90da2b82381d,2020-03-03 09:00:00+00,2026-08-10 19:03:05.467947+00,internal_material_handling,Komatsu FD25,Diesel,Automatic,OEM_dealer,2490.90,high,6,26,0,A-007
f1298b4c-8f7a-4a1f-845e-2d3644c13d3a,LLX-BDL-0008,23a10ad6-f2ff-4aab-9878-de0f37f6bbe0,c24b3130-482c-4313-a6c9-416e6cd7c9a6,Toyota 8FD25 008,vehicle,forklift,Forklift_2.5T,Toyota,8FD25,2021,BDL-FL-008,TYT-8FD25-455188,active,good,72.62,2021-09-21,2024-09-21,3173243b-26b1-4301-952c-69615a95e806,3976.00,2026-07-17,2027-01-09,Toyota 8FD25 (Forklift 2.5T) operating out of LankaLogix - Badulla on internal material handling duty.,"{""cargo_type"": ""mixed_warehouse"", ""route_type"": ""warehouse_internal"", ""operating_shift"": ""day_night"", ""warehouse_short"": ""BDL"", ""source_vehicle_id"": ""SLW0641""}",c40a9897-7182-4676-8f9b-339ec86e3462,2021-09-21 09:00:00+00,2026-08-10 19:03:05.467947+00,internal_material_handling,Toyota 8FD25,Diesel,Automatic,authorized_workshop,2544.90,high,6,21,0,A-008
f543eae6-3331-46c6-a09a-614bf6b75ac7,LLX-BDL-0009,23a10ad6-f2ff-4aab-9878-de0f37f6bbe0,c24b3130-482c-4313-a6c9-416e6cd7c9a6,Komatsu FD25 009,vehicle,forklift,Forklift_2.5T,Komatsu,FD25,2016,BDL-FL-009,KMT-FD25-809418,active,good,65.46,2016-04-13,2019-04-13,,4965.00,2026-06-27,2027-02-04,Komatsu FD25 (Forklift 2.5T) operating out of LankaLogix - Badulla on internal material handling duty.,"{""cargo_type"": ""mixed_warehouse"", ""route_type"": ""warehouse_internal"", ""operating_shift"": ""day"", ""warehouse_short"": ""BDL"", ""source_vehicle_id"": ""SLW0348""}",0d453850-3c09-409d-853f-a3e43dd5a39e,2016-04-13 09:00:00+00,2026-08-10 19:03:05.467947+00,internal_material_handling,Komatsu FD25,Diesel,Automatic,independent_garage,2266.70,high,11,40,1,A-009
c11a7fd2-371a-412e-a0e2-ef0b7d0f7e54,LLX-BDL-0010,23a10ad6-f2ff-4aab-9878-de0f37f6bbe0,c24b3130-482c-4313-a6c9-416e6cd7c9a6,Heli CPCD25 010,vehicle,forklift,Forklift_2.5T,Heli,CPCD25,2021,BDL-FL-010,HLI-CPCD25-519913,active,good,63.89,2021-10-06,2024-10-06,1f244e06-5a87-45ce-934d-263326f32549,4397.00,2026-07-17,2026-10-23,Heli CPCD25 (Forklift 2.5T) operating out of LankaLogix - Badulla on internal material handling duty.,"{""cargo_type"": ""mixed_warehouse"", ""route_type"": ""dock_transfer"", ""operating_shift"": ""three_shift"", ""warehouse_short"": ""BDL"", ""source_vehicle_id"": ""SLW0967""}",0d453850-3c09-409d-853f-a3e43dd5a39e,2021-10-06 09:00:00+00,2026-08-10 19:03:05.467947+00,internal_material_handling,Heli CPCD25,LPG,Automatic,authorized_workshop,2508.00,high,6,35,2,A-010
423d18f7-bde6-42ff-b52b-76c734ce3a1f,LLX-BDL-0011,23a10ad6-f2ff-4aab-9878-de0f37f6bbe0,c24b3130-482c-4313-a6c9-416e6cd7c9a6,Komatsu FD25 011,vehicle,forklift,Forklift_2.5T,Komatsu,FD25,2019,BDL-FL-011,KMT-FD25-696598,active,moderate,38.25,2019-07-13,2022-07-13,b9e1c866-3846-4a2a-b3d8-374c6b1b1ae0,4648.00,2026-08-08,2026-08-11,Komatsu FD25 (Forklift 2.5T) operating out of LankaLogix - Badulla on internal material handling duty.,"{""cargo_type"": ""industrial_parts"", ""route_type"": ""warehouse_internal"", ""operating_shift"": ""day_night"", ""warehouse_short"": ""BDL"", ""source_vehicle_id"": ""SLW1038""}",14294bcc-4609-4078-82d0-3af8051a00ce,2019-07-13 09:00:00+00,2026-08-10 19:03:05.467947+00,internal_material_handling,Komatsu FD25,LPG,Automatic,authorized_workshop,2590.90,medium,8,27,0,A-011
08d66493-5baf-4312-aede-61394703fa1f,LLX-BDL-0012,23a10ad6-f2ff-4aab-9878-de0f37f6bbe0,c24b3130-482c-4313-a6c9-416e6cd7c9a6,Heli CPCD25 012,vehicle,forklift,Forklift_2.5T,Heli,CPCD25,2020,BDL-FL-012,HLI-CPCD25-318925,under_maintenance,critical,79.41,2020-02-20,2023-02-20,,4807.00,2026-02-17,2026-08-16,Heli CPCD25 (Forklift 2.5T) operating out of LankaLogix - Badulla on internal material handling duty.,"{""cargo_type"": ""palletized_fmcg"", ""route_type"": ""warehouse_internal"", ""operating_shift"": ""day"", ""warehouse_short"": ""BDL"", ""source_vehicle_id"": ""SLW0490""}",16876354-5851-462c-bcaa-9ff71f731985,2020-02-20 09:00:00+00,2026-08-10 19:03:05.467947+00,internal_material_handling,Heli CPCD25,Diesel,Automatic,OEM_dealer,2404.10,high,7,23,0,A-012
7a494117-1034-4bee-a369-a747f18fe98b,LLX-BDL-0013,23a10ad6-f2ff-4aab-9878-de0f37f6bbe0,c24b3130-482c-4313-a6c9-416e6cd7c9a6,Heli CPCD25 013,vehicle,forklift,Forklift_2.5T,Heli,CPCD25,2020,BDL-FL-013,HLI-CPCD25-660376,active,good,68.82,2020-05-04,2023-05-04,c9cb2f09-f2c0-4958-9695-c824a2a58791,3926.00,2026-07-26,2026-10-09,Heli CPCD25 (Forklift 2.5T) operating out of LankaLogix - Badulla on internal material handling duty.,"{""cargo_type"": ""industrial_parts"", ""route_type"": ""dock_transfer"", ""operating_shift"": ""three_shift"", ""warehouse_short"": ""BDL"", ""source_vehicle_id"": ""SLW0071""}",16876354-5851-462c-bcaa-9ff71f731985,2020-05-04 09:00:00+00,2026-08-10 19:03:05.467947+00,internal_material_handling,Heli CPCD25,LPG,Automatic,authorized_workshop,2318.30,high,7,47,6,A-013
79e53003-8694-4da7-8473-d8894ceaaeb0,LLX-BDL-0014,23a10ad6-f2ff-4aab-9878-de0f37f6bbe0,c24b3130-482c-4313-a6c9-416e6cd7c9a6,Heli CPCD25 014,vehicle,forklift,Forklift_2.5T,Heli,CPCD25,2015,BDL-FL-014,HLI-CPCD25-749847,active,moderate,90.32,2015-11-16,2018-11-16,d8294427-340a-4c8e-ae90-c5de2eded6d4,3812.00,2026-06-14,2026-09-05,Heli CPCD25 (Forklift 2.5T) operating out of LankaLogix - Badulla on internal material handling duty.,"{""cargo_type"": ""palletized_fmcg"", ""route_type"": ""dock_transfer"", ""operating_shift"": ""day_night"", ""warehouse_short"": ""BDL"", ""source_vehicle_id"": ""SLW0463""}",16876354-5851-462c-bcaa-9ff71f731985,2015-11-16 09:00:00+00,2026-08-10 19:03:05.467947+00,internal_material_handling,Heli CPCD25,LPG,Automatic,OEM_dealer,2405.70,critical,11,47,3,A-014
957b15ed-b45d-48e8-bc2d-27c63542e40b,LLX-BDL-0015,23a10ad6-f2ff-4aab-9878-de0f37f6bbe0,c24b3130-482c-4313-a6c9-416e6cd7c9a6,Toyota 8FD25 015,vehicle,forklift,Forklift_2.5T,Toyota,8FD25,2015,BDL-FL-015,TYT-8FD25-422815,active,good,70.57,2015-12-05,2018-12-05,7ab9627f-9aad-43ec-bf29-5590321ee2b1,4772.00,2026-05-16,2026-10-05,Toyota 8FD25 (Forklift 2.5T) operating out of LankaLogix - Badulla on internal material handling duty.,"{""cargo_type"": ""mixed_warehouse"", ""route_type"": ""dock_transfer"", ""operating_shift"": ""day"", ""warehouse_short"": ""BDL"", ""source_vehicle_id"": ""SLW0871""}",0d453850-3c09-409d-853f-a3e43dd5a39e,2015-12-05 09:00:00+00,2026-08-10 19:03:05.467947+00,internal_material_handling,Toyota 8FD25,LPG,Automatic,OEM_dealer,2640.30,high,11,31,1,A-015
b9f24a31-d4b1-4ba6-ba6b-92390851ae4b,LLX-BDL-0016,23a10ad6-f2ff-4aab-9878-de0f37f6bbe0,c24b3130-482c-4313-a6c9-416e6cd7c9a6,Toyota 8FD25 016,vehicle,forklift,Forklift_2.5T,Toyota,8FD25,2013,BDL-FL-016,TYT-8FD25-973930,active,good,87.44,2013-08-03,2016-08-03,8c2a3dc0-1d48-4695-beb9-d5b878274370,4074.00,2026-07-04,2026-09-07,Toyota 8FD25 (Forklift 2.5T) operating out of LankaLogix - Badulla on internal material handling duty.,"{""cargo_type"": ""palletized_fmcg"", ""route_type"": ""dock_transfer"", ""operating_shift"": ""day"", ""warehouse_short"": ""BDL"", ""source_vehicle_id"": ""SLW0595""}",613bf044-7d90-4530-bd18-c89645622a2f,2013-08-03 09:00:00+00,2026-08-10 19:03:05.467947+00,internal_material_handling,Toyota 8FD25,Diesel,Automatic,authorized_workshop,2596.40,critical,14,56,3,A-016
30eab8df-2fcc-4ff0-a456-0e69737f3ece,LLX-BDL-0017,23a10ad6-f2ff-4aab-9878-de0f37f6bbe0,c24b3130-482c-4313-a6c9-416e6cd7c9a6,Heli CPCD25 017,vehicle,forklift,Forklift_2.5T,Heli,CPCD25,2017,BDL-FL-017,HLI-CPCD25-943936,active,moderate,66.48,2017-11-20,2020-11-20,,4100.00,2026-06-26,2026-11-23,Heli CPCD25 (Forklift 2.5T) operating out of LankaLogix - Badulla on internal material handling duty.,"{""cargo_type"": ""mixed_warehouse"", ""route_type"": ""warehouse_internal"", ""operating_shift"": ""day"", ""warehouse_short"": ""BDL"", ""source_vehicle_id"": ""SLW1219""}",16876354-5851-462c-bcaa-9ff71f731985,2017-11-20 09:00:00+00,2026-08-10 19:03:05.467947+00,internal_material_handling,Heli CPCD25,Diesel,Automatic,authorized_workshop,2518.30,high,9,36,0,A-017
1eb5b532-94a1-4af9-a190-f2415998f294,LLX-BDL-0018,23a10ad6-f2ff-4aab-9878-de0f37f6bbe0,c24b3130-482c-4313-a6c9-416e6cd7c9a6,Toyota 8FD25 018,vehicle,forklift,Forklift_2.5T,Toyota,8FD25,2021,BDL-FL-018,TYT-8FD25-680540,active,moderate,69.14,2021-10-22,2024-10-22,,4777.00,2026-06-01,2026-10-05,Toyota 8FD25 (Forklift 2.5T) operating out of LankaLogix - Badulla on internal material handling duty.,"{""cargo_type"": ""mixed_warehouse"", ""route_type"": ""warehouse_internal"", ""operating_shift"": ""day_night"", ""warehouse_short"": ""BDL"", ""source_vehicle_id"": ""SLW0392""}",d24973fa-606a-4901-80ad-90da2b82381d,2021-10-22 09:00:00+00,2026-08-10 19:03:05.467947+00,internal_material_handling,Toyota 8FD25,LPG,Automatic,independent_garage,2495.60,high,6,29,0,A-018
742d62c3-4509-47fd-84db-012b84af9b1e,LLX-BDL-0019,23a10ad6-f2ff-4aab-9878-de0f37f6bbe0,c24b3130-482c-4313-a6c9-416e6cd7c9a6,Toyota 8FD25 019,vehicle,forklift,Forklift_2.5T,Toyota,8FD25,2021,BDL-FL-019,TYT-8FD25-157228,active,moderate,41.02,2021-04-14,2024-04-14,b221dd05-f6a4-45b2-b09b-265936bd8462,4478.00,2026-06-10,2026-10-25,Toyota 8FD25 (Forklift 2.5T) operating out of LankaLogix - Badulla on internal material handling duty.,"{""cargo_type"": ""mixed_warehouse"", ""route_type"": ""dock_transfer"", ""operating_shift"": ""day_night"", ""warehouse_short"": ""BDL"", ""source_vehicle_id"": ""SLW1061""}",d24973fa-606a-4901-80ad-90da2b82381d,2021-04-14 09:00:00+00,2026-08-10 19:03:05.467947+00,internal_material_handling,Toyota 8FD25,LPG,Automatic,authorized_workshop,2529.80,medium,6,23,0,A-019
1be232f3-1d0f-4685-9591-9b2c6f4bdb49,LLX-BDL-0020,23a10ad6-f2ff-4aab-9878-de0f37f6bbe0,c24b3130-482c-4313-a6c9-416e6cd7c9a6,Heli CPCD25 020,vehicle,forklift,Forklift_2.5T,Heli,CPCD25,2020,BDL-FL-020,HLI-CPCD25-814858,active,good,67.80,2020-09-14,2023-09-14,15b87d03-89b9-407f-abbf-8dc82d73f93f,4729.00,2026-06-18,2026-08-21,Heli CPCD25 (Forklift 2.5T) operating out of LankaLogix - Badulla on internal material handling duty.,"{""cargo_type"": ""industrial_parts"", ""route_type"": ""warehouse_internal"", ""operating_shift"": ""day_night"", ""warehouse_short"": ""BDL"", ""source_vehicle_id"": ""SLW0496""}",f1476a1a-5d8e-4c9d-8772-bdb92488fb29,2020-09-14 09:00:00+00,2026-08-10 19:03:05.467947+00,internal_material_handling,Heli CPCD25,Diesel,Automatic,authorized_workshop,2596.20,high,7,36,2,A-020
0749bad0-36fa-4fd9-b1a2-c859c2afe6e3,LLX-BDL-0021,23a10ad6-f2ff-4aab-9878-de0f37f6bbe0,c24b3130-482c-4313-a6c9-416e6cd7c9a6,Toyota 8FD25 021,vehicle,forklift,Forklift_2.5T,Toyota,8FD25,2017,BDL-FL-021,TYT-8FD25-574025,under_maintenance,poor,63.51,2017-06-22,2020-06-22,,4263.00,2026-07-25,2026-08-27,Toyota 8FD25 (Forklift 2.5T) operating out of LankaLogix - Badulla on internal material handling duty.,"{""cargo_type"": ""mixed_warehouse"", ""route_type"": ""warehouse_internal"", ""operating_shift"": ""three_shift"", ""warehouse_short"": ""BDL"", ""source_vehicle_id"": ""SLW0224""}",d24973fa-606a-4901-80ad-90da2b82381d,2017-06-22 09:00:00+00,2026-08-10 19:03:05.467947+00,internal_material_handling,Toyota 8FD25,Diesel,Automatic,authorized_workshop,2473.30,high,9,40,1,A-021
e198369d-bb80-46c2-975b-5c2cb283acce,LLX-BDL-0022,23a10ad6-f2ff-4aab-9878-de0f37f6bbe0,c24b3130-482c-4313-a6c9-416e6cd7c9a6,Komatsu FD25 022,vehicle,forklift,Forklift_2.5T,Komatsu,FD25,2021,BDL-FL-022,KMT-FD25-810188,active,moderate,83.23,2021-02-13,2024-02-13,8f013397-f73e-4098-bf86-3cf1055a446a,4311.00,2026-07-10,2026-08-20,Komatsu FD25 (Forklift 2.5T) operating out of LankaLogix - Badulla on internal material handling duty.,"{""cargo_type"": ""mixed_warehouse"", ""route_type"": ""dock_transfer"", ""operating_shift"": ""day_night"", ""warehouse_short"": ""BDL"", ""source_vehicle_id"": ""SLW0811""}",d24973fa-606a-4901-80ad-90da2b82381d,2021-02-13 09:00:00+00,2026-08-10 19:03:05.467947+00,internal_material_handling,Komatsu FD25,LPG,Automatic,authorized_workshop,2476.10,critical,6,28,0,A-022
feca9f1c-bc8e-42c0-b335-69e19fb3dc62,LLX-BDL-0023,23a10ad6-f2ff-4aab-9878-de0f37f6bbe0,c24b3130-482c-4313-a6c9-416e6cd7c9a6,Komatsu FD25 023,vehicle,forklift,Forklift_2.5T,Komatsu,FD25,2018,BDL-FL-023,KMT-FD25-793636,active,good,75.84,2018-11-25,2021-11-25,,5595.00,2026-07-23,2026-10-29,Komatsu FD25 (Forklift 2.5T) operating out of LankaLogix - Badulla on internal material handling duty.,"{""cargo_type"": ""industrial_parts"", ""route_type"": ""warehouse_internal"", ""operating_shift"": ""day_night"", ""warehouse_short"": ""BDL"", ""source_vehicle_id"": ""SLW0843""}",7d29aca5-e5e4-466c-bd97-faa538283028,2018-11-25 09:00:00+00,2026-08-10 19:03:05.467947+00,internal_material_handling,Komatsu FD25,LPG,Automatic,OEM_dealer,2525.10,high,9,35,0,A-023
5b3dc10c-f0bd-494b-88df-f42107ed3c75,LLX-BDL-0024,23a10ad6-f2ff-4aab-9878-de0f37f6bbe0,c24b3130-482c-4313-a6c9-416e6cd7c9a6,Toyota 8FD25 024,vehicle,forklift,Forklift_2.5T,Toyota,8FD25,2016,BDL-FL-024,TYT-8FD25-304152,active,good,82.12,2016-03-27,2019-03-27,7c1e1717-1b2c-4ef3-abbf-d8fe7aecfdfa,4322.00,2026-07-28,2026-10-28,Toyota 8FD25 (Forklift 2.5T) operating out of LankaLogix - Badulla on internal material handling duty.,"{""cargo_type"": ""mixed_warehouse"", ""route_type"": ""warehouse_internal"", ""operating_shift"": ""day"", ""warehouse_short"": ""BDL"", ""source_vehicle_id"": ""SLW0789""}",f1476a1a-5d8e-4c9d-8772-bdb92488fb29,2016-03-27 09:00:00+00,2026-08-10 19:03:05.467947+00,internal_material_handling,Toyota 8FD25,Diesel,Automatic,authorized_workshop,2630.50,critical,11,34,1,A-024
0a1587dc-a6f1-4d6e-a81e-2c4eb295feac,LLX-BDL-0025,23a10ad6-f2ff-4aab-9878-de0f37f6bbe0,c24b3130-482c-4313-a6c9-416e6cd7c9a6,Heli CPCD25 025,vehicle,forklift,Forklift_2.5T,Heli,CPCD25,2018,BDL-FL-025,HLI-CPCD25-580069,inactive,moderate,75.73,2018-01-25,2021-01-25,,5491.00,2026-05-27,2026-09-11,Heli CPCD25 (Forklift 2.5T) operating out of LankaLogix - Badulla on internal material handling duty.,"{""cargo_type"": ""industrial_parts"", ""route_type"": ""dock_transfer"", ""operating_shift"": ""day"", ""warehouse_short"": ""BDL"", ""source_vehicle_id"": ""SLW0194""}",14294bcc-4609-4078-82d0-3af8051a00ce,2018-01-25 09:00:00+00,2026-08-10 19:03:05.467947+00,internal_material_handling,Heli CPCD25,LPG,Automatic,OEM_dealer,2711.70,high,9,34,0,A-025
1f9f534a-b943-4095-86a0-6dc2e82b96aa,LLX-BDL-0026,23a10ad6-f2ff-4aab-9878-de0f37f6bbe0,c24b3130-482c-4313-a6c9-416e6cd7c9a6,Komatsu FD25 026,vehicle,forklift,Forklift_2.5T,Komatsu,FD25,2018,BDL-FL-026,KMT-FD25-364777,active,moderate,91.43,2018-11-20,2021-11-20,3ee2df0e-c146-434e-85ec-0f750a73c12e,5117.00,2026-04-29,2026-10-15,Komatsu FD25 (Forklift 2.5T) operating out of LankaLogix - Badulla on internal material handling duty.,"{""cargo_type"": ""palletized_fmcg"", ""route_type"": ""warehouse_internal"", ""operating_shift"": ""day"", ""warehouse_short"": ""BDL"", ""source_vehicle_id"": ""SLW0915""}",0d453850-3c09-409d-853f-a3e43dd5a39e,2018-11-20 09:00:00+00,2026-08-10 19:03:05.467947+00,internal_material_handling,Komatsu FD25,LPG,Automatic,authorized_workshop,2419.40,critical,9,24,1,A-026
a3296ec2-e116-4af7-8caf-5690f4d95fab,LLX-BDL-0027,23a10ad6-f2ff-4aab-9878-de0f37f6bbe0,c24b3130-482c-4313-a6c9-416e6cd7c9a6,Toyota 8FD25 027,vehicle,forklift,Forklift_2.5T,Toyota,8FD25,2021,BDL-FL-027,TYT-8FD25-146471,active,moderate,87.43,2021-08-24,2024-08-24,,5399.00,2026-07-04,2026-08-28,Toyota 8FD25 (Forklift 2.5T) operating out of LankaLogix - Badulla on internal material handling duty.,"{""cargo_type"": ""industrial_parts"", ""route_type"": ""warehouse_internal"", ""operating_shift"": ""day"", ""warehouse_short"": ""BDL"", ""source_vehicle_id"": ""SLW0631""}",7d29aca5-e5e4-466c-bd97-faa538283028,2021-08-24 09:00:00+00,2026-08-10 19:03:05.467947+00,internal_material_handling,Toyota 8FD25,LPG,Automatic,OEM_dealer,2555.50,critical,6,18,0,A-027
4ff7c78f-2998-49ca-8b49-ca0222b735fd,LLX-BDL-0028,23a10ad6-f2ff-4aab-9878-de0f37f6bbe0,c24b3130-482c-4313-a6c9-416e6cd7c9a6,Heli CPCD25 028,vehicle,forklift,Forklift_2.5T,Heli,CPCD25,2020,BDL-FL-028,HLI-CPCD25-307997,active,poor,53.73,2020-07-26,2023-07-26,8f92bdec-59f7-49b0-8fa2-c9e05b14747f,5033.00,2026-04-08,2026-08-20,Heli CPCD25 (Forklift 2.5T) operating out of LankaLogix - Badulla on internal material handling duty.,"{""cargo_type"": ""palletized_fmcg"", ""route_type"": ""warehouse_internal"", ""operating_shift"": ""day_night"", ""warehouse_short"": ""BDL"", ""source_vehicle_id"": ""SLW1106""}",f1476a1a-5d8e-4c9d-8772-bdb92488fb29,2020-07-26 09:00:00+00,2026-08-10 19:03:05.467947+00,internal_material_handling,Heli CPCD25,Diesel,Automatic,OEM_dealer,2499.30,medium,6,27,0,A-028
0edeaa60-51c5-4fd2-85e8-86220e51d259,LLX-BDL-0029,23a10ad6-f2ff-4aab-9878-de0f37f6bbe0,c24b3130-482c-4313-a6c9-416e6cd7c9a6,Heli CPCD25 029,vehicle,forklift,Forklift_2.5T,Heli,CPCD25,2014,BDL-FL-029,HLI-CPCD25-914293,active,good,55.21,2014-12-12,2017-12-12,e393f157-3860-4ebd-b9f4-400e8f8d33fd,4455.00,2026-07-31,2026-10-09,Heli CPCD25 (Forklift 2.5T) operating out of LankaLogix - Badulla on internal material handling duty.,"{""cargo_type"": ""palletized_fmcg"", ""route_type"": ""warehouse_internal"", ""operating_shift"": ""day"", ""warehouse_short"": ""BDL"", ""source_vehicle_id"": ""SLW0546""}",7d29aca5-e5e4-466c-bd97-faa538283028,2014-12-12 09:00:00+00,2026-08-10 19:03:05.467947+00,internal_material_handling,Heli CPCD25,LPG,Automatic,independent_garage,2607.50,medium,12,45,1,A-029
3c82a462-9434-4939-9d5c-e45a2d7c1b9a,LLX-BDL-0030,23a10ad6-f2ff-4aab-9878-de0f37f6bbe0,c24b3130-482c-4313-a6c9-416e6cd7c9a6,Heli CPCD25 030,vehicle,forklift,Forklift_2.5T,Heli,CPCD25,2020,BDL-FL-030,HLI-CPCD25-716797,active,moderate,78.17,2020-03-05,2023-03-05,7b065213-adca-4208-8606-e24d876515ac,4534.00,2026-05-11,2026-08-28,Heli CPCD25 (Forklift 2.5T) operating out of LankaLogix - Badulla on internal material handling duty.,"{""cargo_type"": ""industrial_parts"", ""route_type"": ""warehouse_internal"", ""operating_shift"": ""day_night"", ""warehouse_short"": ""BDL"", ""source_vehicle_id"": ""SLW0123""}",14294bcc-4609-4078-82d0-3af8051a00ce,2020-03-05 09:00:00+00,2026-08-10 19:03:05.467947+00,internal_material_handling,Heli CPCD25,LPG,Automatic,OEM_dealer,2443.20,high,7,32,0,A-030
4920f368-79ca-4c83-8beb-02d26df7dc25,LLX-BDL-0031,23a10ad6-f2ff-4aab-9878-de0f37f6bbe0,c24b3130-482c-4313-a6c9-416e6cd7c9a6,Toyota 8FD30 031,vehicle,forklift,Forklift_3.0T,Toyota,8FD30,2021,BDL-FL-031,TYT-8FD30-874690,active,moderate,77.95,2021-10-26,2024-10-26,d1180d8d-7124-476b-b7a8-8633b48b0fb9,5625.00,2026-05-31,2026-10-23,Toyota 8FD30 (Forklift 3.0T) operating out of LankaLogix - Badulla on dock loading duty.,"{""cargo_type"": ""export_cargo"", ""route_type"": ""dock_transfer"", ""operating_shift"": ""day"", ""warehouse_short"": ""BDL"", ""source_vehicle_id"": ""SLW0028""}",16876354-5851-462c-bcaa-9ff71f731985,2021-10-26 09:00:00+00,2026-08-10 19:03:05.467947+00,dock_loading,Toyota 8FD30,Diesel,Automatic,authorized_workshop,3090.10,high,6,23,0,A-031
1e6a9b8c-e536-4217-ad50-94e4135c6cac,LLX-BDL-0032,23a10ad6-f2ff-4aab-9878-de0f37f6bbe0,c24b3130-482c-4313-a6c9-416e6cd7c9a6,Komatsu FD30 032,vehicle,forklift,Forklift_3.0T,Komatsu,FD30,2020,BDL-FL-032,KMT-FD30-880797,active,good,72.98,2020-04-04,2023-04-04,4c9e64c0-451b-49ae-afda-b598a9a82a7a,5062.00,2026-05-19,2026-12-18,Komatsu FD30 (Forklift 3.0T) operating out of LankaLogix - Badulla on dock loading duty.,"{""cargo_type"": ""export_cargo"", ""route_type"": ""dock_transfer"", ""operating_shift"": ""day"", ""warehouse_short"": ""BDL"", ""source_vehicle_id"": ""SLW1383""}",1ca1591a-073e-4f99-adcd-0fb32f509e5a,2020-04-04 09:00:00+00,2026-08-10 19:03:05.467947+00,dock_loading,Komatsu FD30,LPG,Automatic,authorized_workshop,3028.70,high,7,21,0,A-032
b3ff9342-ba51-42d8-9c4e-3ecb921f465d,LLX-BDL-0033,23a10ad6-f2ff-4aab-9878-de0f37f6bbe0,c24b3130-482c-4313-a6c9-416e6cd7c9a6,Komatsu FD30 033,vehicle,forklift,Forklift_3.0T,Komatsu,FD30,2017,BDL-FL-033,KMT-FD30-480736,active,good,82.13,2017-02-16,2020-02-16,,4859.00,2026-07-13,2026-12-31,Komatsu FD30 (Forklift 3.0T) operating out of LankaLogix - Badulla on dock loading duty.,"{""cargo_type"": ""export_cargo"", ""route_type"": ""port_shuttle"", ""operating_shift"": ""day"", ""warehouse_short"": ""BDL"", ""source_vehicle_id"": ""SLW0367""}",f1476a1a-5d8e-4c9d-8772-bdb92488fb29,2017-02-16 09:00:00+00,2026-08-10 19:03:05.467947+00,dock_loading,Komatsu FD30,Diesel,Automatic,authorized_workshop,2915.90,critical,10,29,0,A-033
db341d47-1203-4851-8093-7ebdda0f90a4,LLX-BDL-0034,23a10ad6-f2ff-4aab-9878-de0f37f6bbe0,c24b3130-482c-4313-a6c9-416e6cd7c9a6,Toyota 8FD30 034,vehicle,forklift,Forklift_3.0T,Toyota,8FD30,2021,BDL-FL-034,TYT-8FD30-715889,active,excellent,94.39,2021-07-03,2024-07-03,14687edb-ce05-413d-aec8-6853acc7a6e2,5178.00,2026-07-20,2027-02-10,Toyota 8FD30 (Forklift 3.0T) operating out of LankaLogix - Badulla on dock loading duty.,"{""cargo_type"": ""export_cargo"", ""route_type"": ""port_shuttle"", ""operating_shift"": ""day"", ""warehouse_short"": ""BDL"", ""source_vehicle_id"": ""SLW0782""}",d24973fa-606a-4901-80ad-90da2b82381d,2021-07-03 09:00:00+00,2026-08-10 19:03:05.467947+00,dock_loading,Toyota 8FD30,LPG,Automatic,independent_garage,2882.40,critical,6,22,0,A-034
db052900-fb26-48c4-8338-0a127b355bae,LLX-BDL-0035,23a10ad6-f2ff-4aab-9878-de0f37f6bbe0,c24b3130-482c-4313-a6c9-416e6cd7c9a6,Toyota 8FD30 035,vehicle,forklift,Forklift_3.0T,Toyota,8FD30,2020,BDL-FL-035,TYT-8FD30-947222,active,moderate,77.97,2020-08-28,2023-08-28,77ba0344-1a97-46df-8b96-16b02fbf7aae,5224.00,2026-07-07,2027-02-09,Toyota 8FD30 (Forklift 3.0T) operating out of LankaLogix - Badulla on dock loading duty.,"{""cargo_type"": ""containerized_goods"", ""route_type"": ""port_shuttle"", ""operating_shift"": ""day"", ""warehouse_short"": ""BDL"", ""source_vehicle_id"": ""SLW0290""}",613bf044-7d90-4530-bd18-c89645622a2f,2020-08-28 09:00:00+00,2026-08-10 19:03:05.467947+00,dock_loading,Toyota 8FD30,LPG,Automatic,authorized_workshop,2947.40,high,6,19,0,A-035
37889c6a-4054-4a22-bede-6fa59dad886e,LLX-BDL-0036,23a10ad6-f2ff-4aab-9878-de0f37f6bbe0,c24b3130-482c-4313-a6c9-416e6cd7c9a6,Komatsu FD30 036,vehicle,forklift,Forklift_3.0T,Komatsu,FD30,2020,BDL-FL-036,KMT-FD30-472700,active,moderate,64.69,2020-02-20,2023-02-20,,5174.00,2026-06-17,2026-10-10,Komatsu FD30 (Forklift 3.0T) operating out of LankaLogix - Badulla on dock loading duty.,"{""cargo_type"": ""containerized_goods"", ""route_type"": ""dock_transfer"", ""operating_shift"": ""day"", ""warehouse_short"": ""BDL"", ""source_vehicle_id"": ""SLW0362""}",613bf044-7d90-4530-bd18-c89645622a2f,2020-02-20 09:00:00+00,2026-08-10 19:03:05.467947+00,dock_loading,Komatsu FD30,LPG,Automatic,authorized_workshop,3196.90,high,6,20,0,A-036
79f54679-2267-4f6f-bbba-8e3a5a524f75,LLX-BDL-0037,23a10ad6-f2ff-4aab-9878-de0f37f6bbe0,c24b3130-482c-4313-a6c9-416e6cd7c9a6,Heli CPCD30 037,vehicle,forklift,Forklift_3.0T,Heli,CPCD30,2019,BDL-FL-037,HLI-CPCD30-453053,active,moderate,65.22,2019-05-10,2022-05-10,a1af881f-f56a-4b6c-907e-4f11bc62b30b,4471.00,2026-04-17,2026-09-22,Heli CPCD30 (Forklift 3.0T) operating out of LankaLogix - Badulla on dock loading duty.,"{""cargo_type"": ""export_cargo"", ""route_type"": ""port_shuttle"", ""operating_shift"": ""day"", ""warehouse_short"": ""BDL"", ""source_vehicle_id"": ""SLW0596""}",7d29aca5-e5e4-466c-bd97-faa538283028,2019-05-10 09:00:00+00,2026-08-10 19:03:05.467947+00,dock_loading,Heli CPCD30,LPG,Automatic,authorized_workshop,3159.20,high,8,31,0,A-037
59413e92-d45b-4464-a339-cb9dd79bb83e,LLX-BDL-0038,23a10ad6-f2ff-4aab-9878-de0f37f6bbe0,c24b3130-482c-4313-a6c9-416e6cd7c9a6,Toyota 8FD30 038,vehicle,forklift,Forklift_3.0T,Toyota,8FD30,2020,BDL-FL-038,TYT-8FD30-997712,under_maintenance,poor,82.37,2020-11-14,2023-11-14,,5774.00,2026-04-15,2026-09-04,Toyota 8FD30 (Forklift 3.0T) operating out of LankaLogix - Badulla on dock loading duty.,"{""cargo_type"": ""export_cargo"", ""route_type"": ""dock_transfer"", ""operating_shift"": ""day_night"", ""warehouse_short"": ""BDL"", ""source_vehicle_id"": ""SLW0323""}",1ca1591a-073e-4f99-adcd-0fb32f509e5a,2020-11-14 09:00:00+00,2026-08-10 19:03:05.467947+00,dock_loading,Toyota 8FD30,Diesel,Automatic,OEM_dealer,3000.50,critical,6,23,0,A-038
b67afa56-7fdb-4eee-9890-ec95a9d88ebe,LLX-BDL-0039,23a10ad6-f2ff-4aab-9878-de0f37f6bbe0,c24b3130-482c-4313-a6c9-416e6cd7c9a6,Heli CPCD30 039,vehicle,forklift,Forklift_3.0T,Heli,CPCD30,2019,BDL-FL-039,HLI-CPCD30-117415,active,moderate,42.95,2019-09-12,2022-09-12,084585d8-c820-44ca-a93e-4cfd796e3053,4610.00,2026-07-21,2026-10-05,Heli CPCD30 (Forklift 3.0T) operating out of LankaLogix - Badulla on dock loading duty.,"{""cargo_type"": ""export_cargo"", ""route_type"": ""dock_transfer"", ""operating_shift"": ""day_night"", ""warehouse_short"": ""BDL"", ""source_vehicle_id"": ""SLW0597""}",7d29aca5-e5e4-466c-bd97-faa538283028,2019-09-12 09:00:00+00,2026-08-10 19:03:05.467947+00,dock_loading,Heli CPCD30,LPG,Automatic,independent_garage,2992.80,medium,7,44,4,A-039
adf29952-220b-41c2-a38a-a1d0c3e220c4,LLX-BDL-0040,23a10ad6-f2ff-4aab-9878-de0f37f6bbe0,c24b3130-482c-4313-a6c9-416e6cd7c9a6,Toyota 8FD30 040,vehicle,forklift,Forklift_3.0T,Toyota,8FD30,2018,BDL-FL-040,TYT-8FD30-472932,active,excellent,73.68,2018-04-14,2021-04-14,84ba50f5-a2ed-4682-8ba5-e5556fff4b51,6301.00,2026-07-11,2027-02-28,Toyota 8FD30 (Forklift 3.0T) operating out of LankaLogix - Badulla on dock loading duty.,"{""cargo_type"": ""containerized_goods"", ""route_type"": ""port_shuttle"", ""operating_shift"": ""day"", ""warehouse_short"": ""BDL"", ""source_vehicle_id"": ""SLW0747""}",7d29aca5-e5e4-466c-bd97-faa538283028,2018-04-14 09:00:00+00,2026-08-10 19:03:05.467947+00,dock_loading,Toyota 8FD30,LPG,Automatic,authorized_workshop,3133.10,high,8,29,0,A-040
29ba84c9-2dd9-4ad7-9b0d-98916c0764ea,LLX-BDL-0041,23a10ad6-f2ff-4aab-9878-de0f37f6bbe0,c24b3130-482c-4313-a6c9-416e6cd7c9a6,Toyota 8FD30 041,vehicle,forklift,Forklift_3.0T,Toyota,8FD30,2018,BDL-FL-041,TYT-8FD30-156946,active,moderate,56.33,2018-10-15,2021-10-15,,5415.00,2026-06-15,2026-09-17,Toyota 8FD30 (Forklift 3.0T) operating out of LankaLogix - Badulla on dock loading duty.,"{""cargo_type"": ""containerized_goods"", ""route_type"": ""dock_transfer"", ""operating_shift"": ""day"", ""warehouse_short"": ""BDL"", ""source_vehicle_id"": ""SLW0284""}",16876354-5851-462c-bcaa-9ff71f731985,2018-10-15 09:00:00+00,2026-08-10 19:03:05.467947+00,dock_loading,Toyota 8FD30,LPG,Automatic,authorized_workshop,3026.60,medium,9,27,1,A-041
9f58c7ee-aeca-430e-9c51-0bc6ffb6d11a,LLX-BDL-0042,23a10ad6-f2ff-4aab-9878-de0f37f6bbe0,c24b3130-482c-4313-a6c9-416e6cd7c9a6,Toyota 8FD30 042,vehicle,forklift,Forklift_3.0T,Toyota,8FD30,2020,BDL-FL-042,TYT-8FD30-411619,active,poor,91.39,2020-07-17,2023-07-17,9b3bff38-da7d-4ad0-8bf0-efdd03c2c0f8,5071.00,2026-03-10,2026-11-19,Toyota 8FD30 (Forklift 3.0T) operating out of LankaLogix - Badulla on dock loading duty.,"{""cargo_type"": ""containerized_goods"", ""route_type"": ""dock_transfer"", ""operating_shift"": ""day"", ""warehouse_short"": ""BDL"", ""source_vehicle_id"": ""SLW0238""}",14294bcc-4609-4078-82d0-3af8051a00ce,2020-07-17 09:00:00+00,2026-08-10 19:03:05.467947+00,dock_loading,Toyota 8FD30,Diesel,Automatic,OEM_dealer,2997.10,critical,6,16,0,A-042
2413d759-bcb8-4229-800a-8d84630258f5,LLX-BDL-0043,23a10ad6-f2ff-4aab-9878-de0f37f6bbe0,c24b3130-482c-4313-a6c9-416e6cd7c9a6,Heli CPCD30 043,vehicle,forklift,Forklift_3.0T,Heli,CPCD30,2020,BDL-FL-043,HLI-CPCD30-965102,active,moderate,85.98,2020-06-17,2023-06-17,660c165d-6101-4478-8f1e-e68d29e42c0c,5957.00,2026-06-04,2026-10-08,Heli CPCD30 (Forklift 3.0T) operating out of LankaLogix - Badulla on dock loading duty.,"{""cargo_type"": ""containerized_goods"", ""route_type"": ""dock_transfer"", ""operating_shift"": ""day"", ""warehouse_short"": ""BDL"", ""source_vehicle_id"": ""SLW0350""}",f1476a1a-5d8e-4c9d-8772-bdb92488fb29,2020-06-17 09:00:00+00,2026-08-10 19:03:05.467947+00,dock_loading,Heli CPCD30,Diesel,Automatic,authorized_workshop,2884.90,critical,6,28,0,A-043
28eb8783-c6d7-43b1-8c8a-593f0f620e7b,LLX-BDL-0044,23a10ad6-f2ff-4aab-9878-de0f37f6bbe0,c24b3130-482c-4313-a6c9-416e6cd7c9a6,Komatsu FD30 044,vehicle,forklift,Forklift_3.0T,Komatsu,FD30,2020,BDL-FL-044,KMT-FD30-694084,active,moderate,46.65,2020-05-25,2023-05-25,8f013397-f73e-4098-bf86-3cf1055a446a,4597.00,2026-06-29,2026-10-10,Komatsu FD30 (Forklift 3.0T) operating out of LankaLogix - Badulla on dock loading duty.,"{""cargo_type"": ""export_cargo"", ""route_type"": ""dock_transfer"", ""operating_shift"": ""day_night"", ""warehouse_short"": ""BDL"", ""source_vehicle_id"": ""SLW0254""}",c40a9897-7182-4676-8f9b-339ec86e3462,2020-05-25 09:00:00+00,2026-08-10 19:03:05.467947+00,dock_loading,Komatsu FD30,Diesel,Automatic,authorized_workshop,3080.10,medium,6,29,0,A-044
9184c6da-d567-44c7-a214-fce4a88cc300,LLX-BDL-0045,23a10ad6-f2ff-4aab-9878-de0f37f6bbe0,c24b3130-482c-4313-a6c9-416e6cd7c9a6,Komatsu FD30 045,vehicle,forklift,Forklift_3.0T,Komatsu,FD30,2020,BDL-FL-045,KMT-FD30-758868,active,moderate,89.59,2020-06-02,2023-06-02,40599815-5b87-4588-9e74-3c01e0c6ccf3,4702.00,2026-07-11,2026-08-18,Komatsu FD30 (Forklift 3.0T) operating out of LankaLogix - Badulla on dock loading duty.,"{""cargo_type"": ""containerized_goods"", ""route_type"": ""port_shuttle"", ""operating_shift"": ""day"", ""warehouse_short"": ""BDL"", ""source_vehicle_id"": ""SLW0560""}",14294bcc-4609-4078-82d0-3af8051a00ce,2020-06-02 09:00:00+00,2026-08-10 19:03:05.467947+00,dock_loading,Komatsu FD30,LPG,Automatic,independent_garage,2878.60,critical,6,21,0,A-045
54b6e4f5-5627-4bcb-859b-c4c79e28faee,LLX-BDL-0046,23a10ad6-f2ff-4aab-9878-de0f37f6bbe0,c24b3130-482c-4313-a6c9-416e6cd7c9a6,Toyota 8FD30 046,vehicle,forklift,Forklift_3.0T,Toyota,8FD30,2020,BDL-FL-046,TYT-8FD30-500448,active,good,59.08,2020-08-07,2023-08-07,dbfa2af2-bbdc-432d-bad3-c4a224ff8c6f,4495.00,2026-06-15,2026-09-22,Toyota 8FD30 (Forklift 3.0T) operating out of LankaLogix - Badulla on dock loading duty.,"{""cargo_type"": ""containerized_goods"", ""route_type"": ""port_shuttle"", ""operating_shift"": ""day"", ""warehouse_short"": ""BDL"", ""source_vehicle_id"": ""SLW1055""}",14294bcc-4609-4078-82d0-3af8051a00ce,2020-08-07 09:00:00+00,2026-08-10 19:03:05.467947+00,dock_loading,Toyota 8FD30,Diesel,Automatic,independent_garage,2968.40,medium,6,15,0,A-046
ee243b8c-4f81-4711-87d1-36e66ccb547a,LLX-BDL-0047,23a10ad6-f2ff-4aab-9878-de0f37f6bbe0,c24b3130-482c-4313-a6c9-416e6cd7c9a6,Nissan Caravan 047,vehicle,road_vehicle,Delivery_Van_1.5T,Nissan,Caravan,2020,UP PB-3259,JN1NCDRC46SKWDDHT,active,good,46.98,2020-05-18,2023-05-18,54a8003d-fad1-4f14-bdd4-8c4913b2d0f2,157391.00,2026-08-07,2026-08-12,Nissan Caravan (Delivery Van 1.5T) operating out of LankaLogix - Badulla on last mile delivery duty.,"{""cargo_type"": ""retail_goods"", ""route_type"": ""retail_drop"", ""operating_shift"": ""day"", ""warehouse_short"": ""BDL"", ""source_vehicle_id"": ""SLW1203""}",d24973fa-606a-4901-80ad-90da2b82381d,2020-05-18 09:00:00+00,2026-08-10 19:03:05.467947+00,last_mile_delivery,Nissan Caravan,Diesel,Automatic,authorized_workshop,1567.20,medium,6,29,0,A-047
c144c20e-bee6-478a-aba4-4c2b31494e41,LLX-BDL-0048,23a10ad6-f2ff-4aab-9878-de0f37f6bbe0,c24b3130-482c-4313-a6c9-416e6cd7c9a6,Nissan Caravan 048,vehicle,road_vehicle,Delivery_Van_1.5T,Nissan,Caravan,2019,UP PB-6565,JN1EMUCF5CMSK2RC8,active,good,50.05,2019-07-28,2022-07-28,7d4e3301-e869-4ed7-9374-1dfae1c92334,194499.00,2026-07-23,2026-09-26,Nissan Caravan (Delivery Van 1.5T) operating out of LankaLogix - Badulla on last mile delivery duty.,"{""cargo_type"": ""consumer_goods"", ""route_type"": ""retail_drop"", ""operating_shift"": ""three_shift"", ""warehouse_short"": ""BDL"", ""source_vehicle_id"": ""SLW0997""}",f1476a1a-5d8e-4c9d-8772-bdb92488fb29,2019-07-28 09:00:00+00,2026-08-10 19:03:05.467947+00,last_mile_delivery,Nissan Caravan,Diesel,Automatic,independent_garage,1501.90,medium,7,30,1,A-048
2dcbb35e-d178-4312-8f43-f1f928657363,LLX-BDL-0049,23a10ad6-f2ff-4aab-9878-de0f37f6bbe0,c24b3130-482c-4313-a6c9-416e6cd7c9a6,KDH Van 049,vehicle,road_vehicle,Delivery_Van_1.5T,KDH,Van,2020,UP PE-7781,JTG7XJ84TDRZXFK3C,active,moderate,63.92,2020-12-08,2023-12-08,a56738d2-26b2-4ced-b4db-c83a2956bf91,159956.00,2026-05-09,2026-12-15,KDH Van (Delivery Van 1.5T) operating out of LankaLogix - Badulla on last mile delivery duty.,"{""cargo_type"": ""consumer_goods"", ""route_type"": ""retail_drop"", ""operating_shift"": ""day_night"", ""warehouse_short"": ""BDL"", ""source_vehicle_id"": ""SLW1040""}",14294bcc-4609-4078-82d0-3af8051a00ce,2020-12-08 09:00:00+00,2026-08-10 19:03:05.467947+00,last_mile_delivery,KDH Van,Diesel,Manual,OEM_dealer,1458.50,high,6,18,0,A-049
ebf7f967-d646-4a31-97bf-1d16141d2bf5,LLX-BDL-0050,23a10ad6-f2ff-4aab-9878-de0f37f6bbe0,c24b3130-482c-4313-a6c9-416e6cd7c9a6,Nissan Caravan 050,vehicle,road_vehicle,Delivery_Van_1.5T,Nissan,Caravan,2017,UP PD-1951,JN15BPYWTCAMR5703,active,moderate,52.61,2017-12-09,2020-12-09,ca5cb051-12a8-4707-841e-dea22eb6e929,202793.00,2026-07-10,2026-08-18,Nissan Caravan (Delivery Van 1.5T) operating out of LankaLogix - Badulla on last mile delivery duty.,"{""cargo_type"": ""retail_goods"", ""route_type"": ""retail_drop"", ""operating_shift"": ""day"", ""warehouse_short"": ""BDL"", ""source_vehicle_id"": ""SLW0780""}",1ca1591a-073e-4f99-adcd-0fb32f509e5a,2017-12-09 09:00:00+00,2026-08-10 19:03:05.467947+00,last_mile_delivery,Nissan Caravan,Diesel,Manual,authorized_workshop,1587.20,medium,10,32,2,A-050
2e33fc8e-d86d-4678-aa3a-cfd69e33156e,LLX-BDL-0051,23a10ad6-f2ff-4aab-9878-de0f37f6bbe0,c24b3130-482c-4313-a6c9-416e6cd7c9a6,Toyota HiAce 051,vehicle,road_vehicle,Delivery_Van_1.5T,Toyota,HiAce,2017,UP PC-9879,JTFVYNXE1MUDCNA0J,active,poor,50.39,2017-12-15,2020-12-15,,272425.00,2026-04-21,2026-09-05,Toyota HiAce (Delivery Van 1.5T) operating out of LankaLogix - Badulla on last mile delivery duty.,"{""cargo_type"": ""ecommerce_parcels"", ""route_type"": ""retail_drop"", ""operating_shift"": ""day_night"", ""warehouse_short"": ""BDL"", ""source_vehicle_id"": ""SLW1099""}",d24973fa-606a-4901-80ad-90da2b82381d,2017-12-15 09:00:00+00,2026-08-10 19:03:05.467947+00,last_mile_delivery,Toyota HiAce,Diesel,Manual,independent_garage,1521.70,medium,9,32,1,A-051
ac6045ee-ac09-4f6f-af92-bd1ee24f5122,LLX-BDL-0052,23a10ad6-f2ff-4aab-9878-de0f37f6bbe0,c24b3130-482c-4313-a6c9-416e6cd7c9a6,Nissan Caravan 052,vehicle,road_vehicle,Delivery_Van_1.5T,Nissan,Caravan,2017,UP PC-8912,JN11TJJ8GZZB7L94T,active,moderate,90.32,2017-05-01,2020-05-01,8f013397-f73e-4098-bf86-3cf1055a446a,267319.00,2026-05-31,2026-10-12,Nissan Caravan (Delivery Van 1.5T) operating out of LankaLogix - Badulla on last mile delivery duty.,"{""cargo_type"": ""ecommerce_parcels"", ""route_type"": ""retail_drop"", ""operating_shift"": ""day_night"", ""warehouse_short"": ""BDL"", ""source_vehicle_id"": ""SLW1263""}",16876354-5851-462c-bcaa-9ff71f731985,2017-05-01 09:00:00+00,2026-08-10 19:03:05.467947+00,last_mile_delivery,Nissan Caravan,Diesel,Manual,authorized_workshop,1406.30,critical,10,41,1,A-052
68ff9eab-6d0e-4b6d-b092-a871fb92cd8d,LLX-BDL-0053,23a10ad6-f2ff-4aab-9878-de0f37f6bbe0,c24b3130-482c-4313-a6c9-416e6cd7c9a6,Toyota HiAce 053,vehicle,road_vehicle,Delivery_Van_1.5T,Toyota,HiAce,2021,UP PB-6737,JTF42MTNL46USGXL3,active,moderate,75.29,2021-09-16,2024-09-16,7c2d98b0-0276-4ef9-8a45-ecbc21c761a4,126286.00,2026-03-15,2026-09-29,Toyota HiAce (Delivery Van 1.5T) operating out of LankaLogix - Badulla on last mile delivery duty.,"{""cargo_type"": ""consumer_goods"", ""route_type"": ""retail_drop"", ""operating_shift"": ""day"", ""warehouse_short"": ""BDL"", ""source_vehicle_id"": ""SLW0833""}",14294bcc-4609-4078-82d0-3af8051a00ce,2021-09-16 09:00:00+00,2026-08-10 19:03:05.467947+00,last_mile_delivery,Toyota HiAce,Diesel,Manual,authorized_workshop,1607.60,high,6,15,0,A-053
0a29799e-49ce-40cd-a06a-6b40046639bd,LLX-BDL-0054,23a10ad6-f2ff-4aab-9878-de0f37f6bbe0,c24b3130-482c-4313-a6c9-416e6cd7c9a6,Nissan Caravan 054,vehicle,road_vehicle,Delivery_Van_1.5T,Nissan,Caravan,2020,UP PC-3023,JN11VBMKJB940T8FZ,active,poor,80.28,2020-05-09,2023-05-09,08145333-aa5a-4ff6-ae10-7a43aa8d5326,144611.00,2026-06-03,2026-08-18,Nissan Caravan (Delivery Van 1.5T) operating out of LankaLogix - Badulla on last mile delivery duty.,"{""cargo_type"": ""ecommerce_parcels"", ""route_type"": ""urban_delivery"", ""operating_shift"": ""day_night"", ""warehouse_short"": ""BDL"", ""source_vehicle_id"": ""SLW0142""}",7d29aca5-e5e4-466c-bd97-faa538283028,2020-05-09 09:00:00+00,2026-08-10 19:03:05.467947+00,last_mile_delivery,Nissan Caravan,Diesel,Automatic,independent_garage,1476.60,high,7,25,0,A-054
a6b67d50-a73c-417d-8e69-6175dfc96ddd,LLX-BDL-0055,23a10ad6-f2ff-4aab-9878-de0f37f6bbe0,c24b3130-482c-4313-a6c9-416e6cd7c9a6,Toyota HiAce 055,vehicle,road_vehicle,Delivery_Van_1.5T,Toyota,HiAce,2020,UP PC-6311,JTF2ULAUYH8G3EN68,active,moderate,73.12,2020-08-09,2023-08-09,d0b486c5-2d98-4a1b-a9bb-bbbbf445d633,168926.00,2026-04-09,2026-10-22,Toyota HiAce (Delivery Van 1.5T) operating out of LankaLogix - Badulla on last mile delivery duty.,"{""cargo_type"": ""retail_goods"", ""route_type"": ""retail_drop"", ""operating_shift"": ""day"", ""warehouse_short"": ""BDL"", ""source_vehicle_id"": ""SLW1333""}",0d453850-3c09-409d-853f-a3e43dd5a39e,2020-08-09 09:00:00+00,2026-08-10 19:03:05.467947+00,last_mile_delivery,Toyota HiAce,Diesel,Automatic,OEM_dealer,1595.90,high,7,19,0,A-055
b33c6486-fca8-4171-af48-878664dc6b49,LLX-BDL-0056,23a10ad6-f2ff-4aab-9878-de0f37f6bbe0,c24b3130-482c-4313-a6c9-416e6cd7c9a6,Toyota HiAce 056,vehicle,road_vehicle,Delivery_Van_1.5T,Toyota,HiAce,2020,UP PD-5429,JTFF3TVCNJSZ979UG,active,moderate,64.92,2020-08-22,2023-08-22,,138387.00,2026-06-21,2026-12-16,Toyota HiAce (Delivery Van 1.5T) operating out of LankaLogix - Badulla on last mile delivery duty.,"{""cargo_type"": ""ecommerce_parcels"", ""route_type"": ""retail_drop"", ""operating_shift"": ""day_night"", ""warehouse_short"": ""BDL"", ""source_vehicle_id"": ""SLW1319""}",f1476a1a-5d8e-4c9d-8772-bdb92488fb29,2020-08-22 09:00:00+00,2026-08-10 19:03:05.467947+00,last_mile_delivery,Toyota HiAce,Diesel,Manual,authorized_workshop,1470.10,high,6,20,0,A-056
77d7fcdb-ec94-4eaa-9867-cbd0568cfbdd,LLX-BDL-0057,23a10ad6-f2ff-4aab-9878-de0f37f6bbe0,c24b3130-482c-4313-a6c9-416e6cd7c9a6,Toyota HiAce 057,vehicle,road_vehicle,Delivery_Van_1.5T,Toyota,HiAce,2019,UP PB-7519,JTFMLHR9KH6WAVADR,active,moderate,52.83,2019-01-15,2022-01-15,73e9a127-2873-4f2f-95a5-abfdf1dfe5b4,201332.00,2026-05-01,2026-11-10,Toyota HiAce (Delivery Van 1.5T) operating out of LankaLogix - Badulla on last mile delivery duty.,"{""cargo_type"": ""ecommerce_parcels"", ""route_type"": ""retail_drop"", ""operating_shift"": ""day"", ""warehouse_short"": ""BDL"", ""source_vehicle_id"": ""SLW0726""}",1ca1591a-073e-4f99-adcd-0fb32f509e5a,2019-01-15 09:00:00+00,2026-08-10 19:03:05.467947+00,last_mile_delivery,Toyota HiAce,Diesel,Automatic,OEM_dealer,1416.60,medium,7,22,0,A-057
a2edfb9f-9192-4469-a64a-9cda91320327,LLX-BDL-0058,23a10ad6-f2ff-4aab-9878-de0f37f6bbe0,c24b3130-482c-4313-a6c9-416e6cd7c9a6,Nissan Caravan 058,vehicle,road_vehicle,Delivery_Van_1.5T,Nissan,Caravan,2021,UP PD-3305,JN11RCJVZ8UB0UGVU,active,moderate,89.91,2021-11-02,2024-11-02,69125b04-8e8a-4de5-85a1-c3a6584051be,155405.00,2026-07-08,2027-01-07,Nissan Caravan (Delivery Van 1.5T) operating out of LankaLogix - Badulla on last mile delivery duty.,"{""cargo_type"": ""consumer_goods"", ""route_type"": ""retail_drop"", ""operating_shift"": ""day"", ""warehouse_short"": ""BDL"", ""source_vehicle_id"": ""SLW0565""}",14294bcc-4609-4078-82d0-3af8051a00ce,2021-11-02 09:00:00+00,2026-08-10 19:03:05.467947+00,last_mile_delivery,Nissan Caravan,Diesel,Automatic,independent_garage,1477.70,critical,6,24,1,A-058
27086e52-ab7f-4bc4-87bf-935746166477,LLX-BDL-0059,23a10ad6-f2ff-4aab-9878-de0f37f6bbe0,c24b3130-482c-4313-a6c9-416e6cd7c9a6,Nissan Caravan 059,vehicle,road_vehicle,Delivery_Van_1.5T,Nissan,Caravan,2021,UP PC-5057,JN1T6TS4D8WHR4HE3,active,moderate,80.06,2021-07-05,2024-07-05,,150584.00,2026-06-12,2026-08-16,Nissan Caravan (Delivery Van 1.5T) operating out of LankaLogix - Badulla on last mile delivery duty.,"{""cargo_type"": ""consumer_goods"", ""route_type"": ""urban_delivery"", ""operating_shift"": ""day"", ""warehouse_short"": ""BDL"", ""source_vehicle_id"": ""SLW1089""}",613bf044-7d90-4530-bd18-c89645622a2f,2021-07-05 09:00:00+00,2026-08-10 19:03:05.467947+00,last_mile_delivery,Nissan Caravan,Diesel,Manual,authorized_workshop,1544.90,high,6,19,0,A-059
881c1fca-c75c-4a6d-81d6-159a81147ba1,LLX-BDL-0060,23a10ad6-f2ff-4aab-9878-de0f37f6bbe0,c24b3130-482c-4313-a6c9-416e6cd7c9a6,Nissan Caravan 060,vehicle,road_vehicle,Delivery_Van_1.5T,Nissan,Caravan,2018,UP PB-4112,JN14JWBEU53SYUFE6,active,good,51.14,2018-05-12,2021-05-12,b9744ffe-17c8-4628-9742-ff7af635f88d,245124.00,2026-07-29,2026-12-07,Nissan Caravan (Delivery Van 1.5T) operating out of LankaLogix - Badulla on last mile delivery duty.,"{""cargo_type"": ""retail_goods"", ""route_type"": ""retail_drop"", ""operating_shift"": ""day_night"", ""warehouse_short"": ""BDL"", ""source_vehicle_id"": ""SLW0301""}",c40a9897-7182-4676-8f9b-339ec86e3462,2018-05-12 09:00:00+00,2026-08-10 19:03:05.467947+00,last_mile_delivery,Nissan Caravan,Diesel,Manual,independent_garage,1461.80,medium,8,34,0,A-060
5f909ef7-6a66-4a4f-9e28-47784753e49c,LLX-BDL-0061,23a10ad6-f2ff-4aab-9878-de0f37f6bbe0,c24b3130-482c-4313-a6c9-416e6cd7c9a6,KDH Van 061,vehicle,road_vehicle,Delivery_Van_1.5T,KDH,Van,2019,UP PB-5025,JTG3G4Z3GUPHFKW9L,active,moderate,79.86,2019-07-27,2022-07-27,c195e972-c33b-45b7-939a-71c02d221534,167934.00,2026-07-16,2026-12-27,KDH Van (Delivery Van 1.5T) operating out of LankaLogix - Badulla on last mile delivery duty.,"{""cargo_type"": ""consumer_goods"", ""route_type"": ""retail_drop"", ""operating_shift"": ""day_night"", ""warehouse_short"": ""BDL"", ""source_vehicle_id"": ""SLW0159""}",d24973fa-606a-4901-80ad-90da2b82381d,2019-07-27 09:00:00+00,2026-08-10 19:03:05.467947+00,last_mile_delivery,KDH Van,Diesel,Automatic,authorized_workshop,1507.90,high,7,24,0,B-001
6ab46010-08c4-44c3-837f-0b4b4165af78,LLX-BDL-0062,23a10ad6-f2ff-4aab-9878-de0f37f6bbe0,c24b3130-482c-4313-a6c9-416e6cd7c9a6,Toyota HiAce 062,vehicle,road_vehicle,Delivery_Van_1.5T,Toyota,HiAce,2020,UP PC-6611,JTFJ1H6KKSZ6NXBL9,active,good,66.47,2020-01-12,2023-01-12,1f244e06-5a87-45ce-934d-263326f32549,141262.00,2026-03-05,2026-10-18,Toyota HiAce (Delivery Van 1.5T) operating out of LankaLogix - Badulla on last mile delivery duty.,"{""cargo_type"": ""ecommerce_parcels"", ""route_type"": ""retail_drop"", ""operating_shift"": ""day_night"", ""warehouse_short"": ""BDL"", ""source_vehicle_id"": ""SLW0900""}",0d453850-3c09-409d-853f-a3e43dd5a39e,2020-01-12 09:00:00+00,2026-08-10 19:03:05.467947+00,last_mile_delivery,Toyota HiAce,Diesel,Manual,OEM_dealer,1442.00,high,7,13,0,B-002
e7d1dd9a-ff91-4a6f-b886-5a3e607c22dd,LLX-BDL-0063,23a10ad6-f2ff-4aab-9878-de0f37f6bbe0,c24b3130-482c-4313-a6c9-416e6cd7c9a6,Toyota HiAce 063,vehicle,road_vehicle,Delivery_Van_1.5T,Toyota,HiAce,2020,UP PD-5720,JTFRNNN2L3SGTF901,active,good,66.51,2020-02-09,2023-02-09,aa024d23-e3fc-4754-9301-69c14fa2a435,155123.00,2026-07-14,2027-01-30,Toyota HiAce (Delivery Van 1.5T) operating out of LankaLogix - Badulla on last mile delivery duty.,"{""cargo_type"": ""ecommerce_parcels"", ""route_type"": ""retail_drop"", ""operating_shift"": ""day"", ""warehouse_short"": ""BDL"", ""source_vehicle_id"": ""SLW0861""}",f1476a1a-5d8e-4c9d-8772-bdb92488fb29,2020-02-09 09:00:00+00,2026-08-10 19:03:05.467947+00,last_mile_delivery,Toyota HiAce,Diesel,Manual,independent_garage,1420.50,high,7,24,0,B-003
fc46395a-a9fa-481d-8e7d-bd7d553a5c50,LLX-BDL-0064,23a10ad6-f2ff-4aab-9878-de0f37f6bbe0,c24b3130-482c-4313-a6c9-416e6cd7c9a6,KDH Van 064,vehicle,road_vehicle,Delivery_Van_1.5T,KDH,Van,2018,UP PC-4594,JTG49EPESW98KV63V,active,good,53.33,2018-03-05,2021-03-05,fca6c7c6-7891-4e0d-bae3-be75e03db35c,183743.00,2026-07-09,2027-03-04,KDH Van (Delivery Van 1.5T) operating out of LankaLogix - Badulla on last mile delivery duty.,"{""cargo_type"": ""ecommerce_parcels"", ""route_type"": ""retail_drop"", ""operating_shift"": ""day"", ""warehouse_short"": ""BDL"", ""source_vehicle_id"": ""SLW0410""}",7d29aca5-e5e4-466c-bd97-faa538283028,2018-03-05 09:00:00+00,2026-08-10 19:03:05.467947+00,last_mile_delivery,KDH Van,Diesel,Manual,authorized_workshop,1473.90,medium,9,27,0,B-004
40f5c17c-5e9d-4d16-b673-8df0af4d81e5,LLX-BDL-0065,23a10ad6-f2ff-4aab-9878-de0f37f6bbe0,c24b3130-482c-4313-a6c9-416e6cd7c9a6,Toyota HiAce 065,vehicle,road_vehicle,Delivery_Van_1.5T,Toyota,HiAce,2014,UP PC-8024,JTF086KY6DLJUC5HJ,active,poor,75.53,2014-03-23,2017-03-23,c396bf07-f1d5-4e50-85a6-052a95f8a744,299177.00,2026-06-17,2026-11-22,Toyota HiAce (Delivery Van 1.5T) operating out of LankaLogix - Badulla on last mile delivery duty.,"{""cargo_type"": ""ecommerce_parcels"", ""route_type"": ""urban_delivery"", ""operating_shift"": ""day_night"", ""warehouse_short"": ""BDL"", ""source_vehicle_id"": ""SLW0656""}",16876354-5851-462c-bcaa-9ff71f731985,2014-03-23 09:00:00+00,2026-08-10 19:03:05.467947+00,last_mile_delivery,Toyota HiAce,Diesel,Manual,authorized_workshop,1514.60,high,12,47,1,B-005
4f4c7e4e-b74a-42e7-a10d-91a7bdd9d263,LLX-BDL-0066,23a10ad6-f2ff-4aab-9878-de0f37f6bbe0,c24b3130-482c-4313-a6c9-416e6cd7c9a6,KDH Van 066,vehicle,road_vehicle,Delivery_Van_1.5T,KDH,Van,2020,UP PB-1182,JTGKJBCM2SCD0G733,active,moderate,65.12,2020-08-04,2023-08-04,64c71f07-a329-4f95-8846-fc22a5ae7b0d,147609.00,2026-05-17,2026-08-19,KDH Van (Delivery Van 1.5T) operating out of LankaLogix - Badulla on last mile delivery duty.,"{""cargo_type"": ""retail_goods"", ""route_type"": ""urban_delivery"", ""operating_shift"": ""day"", ""warehouse_short"": ""BDL"", ""source_vehicle_id"": ""SLW1108""}",d24973fa-606a-4901-80ad-90da2b82381d,2020-08-04 09:00:00+00,2026-08-10 19:03:05.467947+00,last_mile_delivery,KDH Van,Diesel,Manual,authorized_workshop,1567.90,high,6,19,0,B-006
c64cadd6-2ac0-4162-ac8c-73c2cbfd67ef,LLX-BDL-0067,23a10ad6-f2ff-4aab-9878-de0f37f6bbe0,c24b3130-482c-4313-a6c9-416e6cd7c9a6,KDH Van 067,vehicle,road_vehicle,Delivery_Van_1.5T,KDH,Van,2020,UP PC-8622,JTGWSL23E905CR955,under_maintenance,critical,87.36,2020-12-16,2023-12-16,,144933.00,2026-04-18,2026-08-17,KDH Van (Delivery Van 1.5T) operating out of LankaLogix - Badulla on last mile delivery duty.,"{""cargo_type"": ""retail_goods"", ""route_type"": ""retail_drop"", ""operating_shift"": ""day"", ""warehouse_short"": ""BDL"", ""source_vehicle_id"": ""SLW1321""}",d24973fa-606a-4901-80ad-90da2b82381d,2020-12-16 09:00:00+00,2026-08-10 19:03:05.467947+00,last_mile_delivery,KDH Van,Diesel,Manual,independent_garage,1547.60,critical,7,19,0,B-007
5a5a43d1-f440-44eb-b945-e045720110c5,LLX-BDL-0068,23a10ad6-f2ff-4aab-9878-de0f37f6bbe0,c24b3130-482c-4313-a6c9-416e6cd7c9a6,Nissan Caravan 068,vehicle,road_vehicle,Delivery_Van_1.5T,Nissan,Caravan,2021,UP PC-9462,JN1E0GBLXRCST5HNH,active,moderate,72.19,2021-07-18,2024-07-18,f1c6af40-53f1-4765-b50d-29b05dc581d1,160233.00,2026-07-08,2026-12-31,Nissan Caravan (Delivery Van 1.5T) operating out of LankaLogix - Badulla on last mile delivery duty.,"{""cargo_type"": ""ecommerce_parcels"", ""route_type"": ""retail_drop"", ""operating_shift"": ""day"", ""warehouse_short"": ""BDL"", ""source_vehicle_id"": ""SLW0158""}",0d453850-3c09-409d-853f-a3e43dd5a39e,2021-07-18 09:00:00+00,2026-08-10 19:03:05.467947+00,last_mile_delivery,Nissan Caravan,Diesel,Automatic,independent_garage,1575.50,high,6,22,0,B-008
8809eccd-d11a-4f14-95c3-5444ab6c5b5e,LLX-BDL-0069,23a10ad6-f2ff-4aab-9878-de0f37f6bbe0,c24b3130-482c-4313-a6c9-416e6cd7c9a6,KDH Van 069,vehicle,road_vehicle,Delivery_Van_1.5T,KDH,Van,2016,UP PC-7674,JTGHUS4SE8CLM2ZJL,active,good,83.32,2016-03-24,2019-03-24,026e934f-6cbc-47d3-bebc-2e13bef9f375,255553.00,2026-08-09,2026-08-12,KDH Van (Delivery Van 1.5T) operating out of LankaLogix - Badulla on last mile delivery duty.,"{""cargo_type"": ""retail_goods"", ""route_type"": ""retail_drop"", ""operating_shift"": ""day"", ""warehouse_short"": ""BDL"", ""source_vehicle_id"": ""SLW0884""}",613bf044-7d90-4530-bd18-c89645622a2f,2016-03-24 09:00:00+00,2026-08-10 19:03:05.467947+00,last_mile_delivery,KDH Van,Diesel,Automatic,OEM_dealer,1520.80,critical,11,41,2,B-009
b544ce10-d9f9-42d3-93c9-49619b7f4f81,LLX-BDL-0070,23a10ad6-f2ff-4aab-9878-de0f37f6bbe0,c24b3130-482c-4313-a6c9-416e6cd7c9a6,Nissan Caravan 070,vehicle,road_vehicle,Delivery_Van_1.5T,Nissan,Caravan,2021,UP PD-7769,JN1VBS84M32K8X7XM,active,moderate,59.02,2021-02-05,2024-02-05,8f013397-f73e-4098-bf86-3cf1055a446a,145300.00,2026-07-08,2026-09-30,Nissan Caravan (Delivery Van 1.5T) operating out of LankaLogix - Badulla on last mile delivery duty.,"{""cargo_type"": ""retail_goods"", ""route_type"": ""retail_drop"", ""operating_shift"": ""day"", ""warehouse_short"": ""BDL"", ""source_vehicle_id"": ""SLW0312""}",7d29aca5-e5e4-466c-bd97-faa538283028,2021-02-05 09:00:00+00,2026-08-10 19:03:05.467947+00,last_mile_delivery,Nissan Caravan,Diesel,Manual,authorized_workshop,1615.90,medium,6,21,0,B-010
0d00d77f-8e2d-4c30-ba47-7226bfc25f2d,LLX-BDL-0071,23a10ad6-f2ff-4aab-9878-de0f37f6bbe0,c24b3130-482c-4313-a6c9-416e6cd7c9a6,KDH Van 071,vehicle,road_vehicle,Delivery_Van_1.5T,KDH,Van,2021,UP PD-5060,JTGGBT9TX24TTCVK7,active,moderate,85.89,2021-01-03,2024-01-03,,150875.00,2026-07-31,2026-10-02,KDH Van (Delivery Van 1.5T) operating out of LankaLogix - Badulla on last mile delivery duty.,"{""cargo_type"": ""retail_goods"", ""route_type"": ""retail_drop"", ""operating_shift"": ""day_night"", ""warehouse_short"": ""BDL"", ""source_vehicle_id"": ""SLW0552""}",1ca1591a-073e-4f99-adcd-0fb32f509e5a,2021-01-03 09:00:00+00,2026-08-10 19:03:05.467947+00,last_mile_delivery,KDH Van,Diesel,Manual,authorized_workshop,1463.20,critical,6,22,1,B-011
41df4807-2b1e-4436-b7d3-2d734807a49c,LLX-BDL-0072,23a10ad6-f2ff-4aab-9878-de0f37f6bbe0,c24b3130-482c-4313-a6c9-416e6cd7c9a6,KDH Van 072,vehicle,road_vehicle,Delivery_Van_1.5T,KDH,Van,2021,UP PB-9952,JTG8W3RVENHJX0UL6,active,moderate,58.44,2021-04-27,2024-04-27,15b87d03-89b9-407f-abbf-8dc82d73f93f,152443.00,2026-06-28,2026-11-06,KDH Van (Delivery Van 1.5T) operating out of LankaLogix - Badulla on last mile delivery duty.,"{""cargo_type"": ""ecommerce_parcels"", ""route_type"": ""retail_drop"", ""operating_shift"": ""day"", ""warehouse_short"": ""BDL"", ""source_vehicle_id"": ""SLW0762""}",16876354-5851-462c-bcaa-9ff71f731985,2021-04-27 09:00:00+00,2026-08-10 19:03:05.467947+00,last_mile_delivery,KDH Van,Diesel,Manual,OEM_dealer,1549.60,medium,6,23,1,B-012
a22c1c4f-776f-4fd9-98f1-68140c8a4d48,LLX-BDL-0073,23a10ad6-f2ff-4aab-9878-de0f37f6bbe0,c24b3130-482c-4313-a6c9-416e6cd7c9a6,Toyota HiAce 073,vehicle,road_vehicle,Delivery_Van_1.5T,Toyota,HiAce,2016,UP PD-5671,JTF9RDSJTH0ZA7U6M,active,critical,78.19,2016-09-16,2019-09-16,e1002c7c-1061-4fb3-8aca-bf8d561f4404,232424.00,2026-01-26,2026-09-10,Toyota HiAce (Delivery Van 1.5T) operating out of LankaLogix - Badulla on last mile delivery duty.,"{""cargo_type"": ""retail_goods"", ""route_type"": ""retail_drop"", ""operating_shift"": ""day_night"", ""warehouse_short"": ""BDL"", ""source_vehicle_id"": ""SLW0535""}",7d29aca5-e5e4-466c-bd97-faa538283028,2016-09-16 09:00:00+00,2026-08-10 19:03:05.467947+00,last_mile_delivery,Toyota HiAce,Diesel,Manual,authorized_workshop,1631.70,high,11,30,1,B-013
7b1c6418-d8c1-4878-a89a-2db6ff2c9cf8,LLX-BDL-0074,23a10ad6-f2ff-4aab-9878-de0f37f6bbe0,c24b3130-482c-4313-a6c9-416e6cd7c9a6,Nissan Caravan 074,vehicle,road_vehicle,Delivery_Van_1.5T,Nissan,Caravan,2015,UP PC-7371,JN17U6ZLB6N84RFPR,active,moderate,51.24,2015-06-02,2018-06-02,5eaa01fc-d211-42fc-b8a3-b4264659d850,342523.00,2026-07-04,2026-09-14,Nissan Caravan (Delivery Van 1.5T) operating out of LankaLogix - Badulla on last mile delivery duty.,"{""cargo_type"": ""consumer_goods"", ""route_type"": ""retail_drop"", ""operating_shift"": ""day_night"", ""warehouse_short"": ""BDL"", ""source_vehicle_id"": ""SLW0632""}",f1476a1a-5d8e-4c9d-8772-bdb92488fb29,2015-06-02 09:00:00+00,2026-08-10 19:03:05.467947+00,last_mile_delivery,Nissan Caravan,Diesel,Manual,OEM_dealer,1556.20,medium,11,40,2,B-014
995f185b-d02d-46dc-ba7e-9eb2d36525d4,LLX-BDL-0075,23a10ad6-f2ff-4aab-9878-de0f37f6bbe0,c24b3130-482c-4313-a6c9-416e6cd7c9a6,Nissan Caravan 075,vehicle,road_vehicle,Delivery_Van_1.5T,Nissan,Caravan,2017,UP PC-3622,JN11N46DRM473JFDV,active,good,40.50,2017-12-18,2020-12-18,,258790.00,2026-07-22,2026-10-22,Nissan Caravan (Delivery Van 1.5T) operating out of LankaLogix - Badulla on last mile delivery duty.,"{""cargo_type"": ""ecommerce_parcels"", ""route_type"": ""urban_delivery"", ""operating_shift"": ""day"", ""warehouse_short"": ""BDL"", ""source_vehicle_id"": ""SLW0858""}",0d453850-3c09-409d-853f-a3e43dd5a39e,2017-12-18 09:00:00+00,2026-08-10 19:03:05.467947+00,last_mile_delivery,Nissan Caravan,Diesel,Manual,OEM_dealer,1397.60,medium,10,31,0,B-015
dc22b1c5-2720-48dd-9bb8-43c8d8d29f95,LLX-BDL-0076,23a10ad6-f2ff-4aab-9878-de0f37f6bbe0,c24b3130-482c-4313-a6c9-416e6cd7c9a6,Nissan Caravan 076,vehicle,road_vehicle,Delivery_Van_1.5T,Nissan,Caravan,2013,UP PC-7988,JN1GBNW05FNDNN2YS,active,moderate,90.17,2013-05-10,2016-05-10,e2f4db5d-5268-451f-8f58-023f568f8422,328087.00,2026-07-25,2026-12-19,Nissan Caravan (Delivery Van 1.5T) operating out of LankaLogix - Badulla on last mile delivery duty.,"{""cargo_type"": ""consumer_goods"", ""route_type"": ""retail_drop"", ""operating_shift"": ""day"", ""warehouse_short"": ""BDL"", ""source_vehicle_id"": ""SLW1254""}",613bf044-7d90-4530-bd18-c89645622a2f,2013-05-10 09:00:00+00,2026-08-10 19:03:05.467947+00,last_mile_delivery,Nissan Caravan,Diesel,Automatic,authorized_workshop,1476.40,critical,13,45,1,B-016
6c76b8ae-e3be-4899-875a-f90136975630,LLX-BDL-0077,23a10ad6-f2ff-4aab-9878-de0f37f6bbe0,c24b3130-482c-4313-a6c9-416e6cd7c9a6,Toyota HiAce 077,vehicle,road_vehicle,Delivery_Van_1.5T,Toyota,HiAce,2019,UP PB-2139,JTFC6YNG8LCUBR16Y,active,poor,42.33,2019-12-14,2022-12-14,,160008.00,2026-04-12,2026-09-29,Toyota HiAce (Delivery Van 1.5T) operating out of LankaLogix - Badulla on last mile delivery duty.,"{""cargo_type"": ""retail_goods"", ""route_type"": ""retail_drop"", ""operating_shift"": ""day"", ""warehouse_short"": ""BDL"", ""source_vehicle_id"": ""SLW1198""}",613bf044-7d90-4530-bd18-c89645622a2f,2019-12-14 09:00:00+00,2026-08-10 19:03:05.467947+00,last_mile_delivery,Toyota HiAce,Diesel,Automatic,authorized_workshop,1479.80,medium,7,22,0,B-017
442e4f38-a6fb-4ace-bd2b-7df4263ac138,LLX-BDL-0078,23a10ad6-f2ff-4aab-9878-de0f37f6bbe0,c24b3130-482c-4313-a6c9-416e6cd7c9a6,Toyota HiAce 078,vehicle,road_vehicle,Delivery_Van_1.5T,Toyota,HiAce,2016,UP PC-5147,JTF21CLAYAYB7S5F1,active,moderate,43.21,2016-06-22,2019-06-22,4c9e64c0-451b-49ae-afda-b598a9a82a7a,283330.00,2026-04-30,2026-09-20,Toyota HiAce (Delivery Van 1.5T) operating out of LankaLogix - Badulla on last mile delivery duty.,"{""cargo_type"": ""retail_goods"", ""route_type"": ""retail_drop"", ""operating_shift"": ""day_night"", ""warehouse_short"": ""BDL"", ""source_vehicle_id"": ""SLW0917""}",f1476a1a-5d8e-4c9d-8772-bdb92488fb29,2016-06-22 09:00:00+00,2026-08-10 19:03:05.467947+00,last_mile_delivery,Toyota HiAce,Diesel,Automatic,independent_garage,1444.00,medium,10,39,0,B-018
7222780f-acb1-4888-96cb-2bcd2b7bd455,LLX-BDL-0079,23a10ad6-f2ff-4aab-9878-de0f37f6bbe0,c24b3130-482c-4313-a6c9-416e6cd7c9a6,Nissan Caravan 079,vehicle,road_vehicle,Delivery_Van_1.5T,Nissan,Caravan,2020,UP PE-3161,JN1T134C3WZP7AKYJ,active,poor,68.68,2020-12-20,2023-12-20,fe412c5f-6a1a-4857-9cc4-af60285043cc,182383.00,2026-03-01,2026-09-01,Nissan Caravan (Delivery Van 1.5T) operating out of LankaLogix - Badulla on last mile delivery duty.,"{""cargo_type"": ""ecommerce_parcels"", ""route_type"": ""urban_delivery"", ""operating_shift"": ""day"", ""warehouse_short"": ""BDL"", ""source_vehicle_id"": ""SLW0181""}",c40a9897-7182-4676-8f9b-339ec86e3462,2020-12-20 09:00:00+00,2026-08-10 19:03:05.467947+00,last_mile_delivery,Nissan Caravan,Diesel,Automatic,independent_garage,1465.70,high,7,20,0,B-019
5eb688a2-613d-4fb8-87de-2f2e447a140b,LLX-BDL-0080,23a10ad6-f2ff-4aab-9878-de0f37f6bbe0,c24b3130-482c-4313-a6c9-416e6cd7c9a6,KDH Van 080,vehicle,road_vehicle,Delivery_Van_1.5T,KDH,Van,2017,UP PD-3293,JTGLUBC3DYLXZN79H,active,poor,70.92,2017-05-13,2020-05-13,,213608.00,2026-07-21,2026-09-14,KDH Van (Delivery Van 1.5T) operating out of LankaLogix - Badulla on last mile delivery duty.,"{""cargo_type"": ""retail_goods"", ""route_type"": ""urban_delivery"", ""operating_shift"": ""three_shift"", ""warehouse_short"": ""BDL"", ""source_vehicle_id"": ""SLW1076""}",d24973fa-606a-4901-80ad-90da2b82381d,2017-05-13 09:00:00+00,2026-08-10 19:03:05.467947+00,last_mile_delivery,KDH Van,Diesel,Manual,independent_garage,1532.90,high,9,38,2,B-020
6a7e94ef-3c28-4c7f-8a68-7f13c208d4af,LLX-BDL-0081,23a10ad6-f2ff-4aab-9878-de0f37f6bbe0,c24b3130-482c-4313-a6c9-416e6cd7c9a6,Toyota HiAce 081,vehicle,road_vehicle,Delivery_Van_1.5T,Toyota,HiAce,2018,UP PB-8173,JTFLNXUCJ59T3JFLF,active,moderate,42.94,2018-02-23,2021-02-23,8ff39e30-4eba-4e55-92f0-2638684a361d,216431.00,2026-06-25,2026-09-24,Toyota HiAce (Delivery Van 1.5T) operating out of LankaLogix - Badulla on last mile delivery duty.,"{""cargo_type"": ""consumer_goods"", ""route_type"": ""retail_drop"", ""operating_shift"": ""day"", ""warehouse_short"": ""BDL"", ""source_vehicle_id"": ""SLW1276""}",c40a9897-7182-4676-8f9b-339ec86e3462,2018-02-23 09:00:00+00,2026-08-10 19:03:05.467947+00,last_mile_delivery,Toyota HiAce,Diesel,Automatic,OEM_dealer,1437.10,medium,8,28,0,B-021
00cd8313-ac0b-4c37-9c9c-c5e9cdfb7b2c,LLX-BDL-0082,23a10ad6-f2ff-4aab-9878-de0f37f6bbe0,c24b3130-482c-4313-a6c9-416e6cd7c9a6,Nissan Caravan 082,vehicle,road_vehicle,Delivery_Van_1.5T,Nissan,Caravan,2017,UP PC-9235,JN1UHF50DXTMF5CSL,active,poor,74.55,2017-12-28,2020-12-28,3be2c4f8-a30e-4b7b-8104-fe633928c764,208813.00,2026-07-16,2026-08-28,Nissan Caravan (Delivery Van 1.5T) operating out of LankaLogix - Badulla on last mile delivery duty.,"{""cargo_type"": ""consumer_goods"", ""route_type"": ""retail_drop"", ""operating_shift"": ""day_night"", ""warehouse_short"": ""BDL"", ""source_vehicle_id"": ""SLW0885""}",1ca1591a-073e-4f99-adcd-0fb32f509e5a,2017-12-28 09:00:00+00,2026-08-10 19:03:05.467947+00,last_mile_delivery,Nissan Caravan,Diesel,Manual,independent_garage,1498.30,high,10,38,0,B-022
0139b84b-3ce7-421e-800c-67a188c8f1e9,LLX-BDL-0083,23a10ad6-f2ff-4aab-9878-de0f37f6bbe0,c24b3130-482c-4313-a6c9-416e6cd7c9a6,Toyota HiAce 083,vehicle,road_vehicle,Delivery_Van_1.5T,Toyota,HiAce,2016,UP PB-3457,JTFMS64B6GJ1L8Z26,active,poor,52.78,2016-07-03,2019-07-03,3e623db5-6194-489b-a436-6c14b8d1a321,198261.00,2026-01-14,2026-08-19,Toyota HiAce (Delivery Van 1.5T) operating out of LankaLogix - Badulla on last mile delivery duty.,"{""cargo_type"": ""retail_goods"", ""route_type"": ""retail_drop"", ""operating_shift"": ""day"", ""warehouse_short"": ""BDL"", ""source_vehicle_id"": ""SLW1294""}",7d29aca5-e5e4-466c-bd97-faa538283028,2016-07-03 09:00:00+00,2026-08-10 19:03:05.467947+00,last_mile_delivery,Toyota HiAce,Diesel,Manual,OEM_dealer,1487.90,medium,11,32,2,B-023
7fdbe0a4-76b6-4773-adde-44d4c844b9e2,LLX-BDL-0084,23a10ad6-f2ff-4aab-9878-de0f37f6bbe0,c24b3130-482c-4313-a6c9-416e6cd7c9a6,Toyota HiAce 084,vehicle,road_vehicle,Delivery_Van_1.5T,Toyota,HiAce,2014,UP PC-7669,JTFADK52MZVNWRZW5,active,moderate,86.68,2014-03-07,2017-03-07,32dc59cb-ffdf-4808-a64d-050c19511645,250994.00,2026-07-19,2026-12-06,Toyota HiAce (Delivery Van 1.5T) operating out of LankaLogix - Badulla on last mile delivery duty.,"{""cargo_type"": ""retail_goods"", ""route_type"": ""retail_drop"", ""operating_shift"": ""day"", ""warehouse_short"": ""BDL"", ""source_vehicle_id"": ""SLW0434""}",c40a9897-7182-4676-8f9b-339ec86e3462,2014-03-07 09:00:00+00,2026-08-10 19:03:05.467947+00,last_mile_delivery,Toyota HiAce,Diesel,Manual,independent_garage,1506.50,critical,13,50,3,B-024
d356a4c5-42e5-4e92-8d72-7d8cb0340b32,LLX-BDL-0085,23a10ad6-f2ff-4aab-9878-de0f37f6bbe0,c24b3130-482c-4313-a6c9-416e6cd7c9a6,KDH Van 085,vehicle,road_vehicle,Delivery_Van_1.5T,KDH,Van,2017,UP PB-6262,JTGJ57TU391S34SUZ,active,moderate,52.18,2017-06-11,2020-06-11,ffa53a31-7f44-4f17-815d-e1d63473afd9,247071.00,2026-07-12,2026-09-25,KDH Van (Delivery Van 1.5T) operating out of LankaLogix - Badulla on last mile delivery duty.,"{""cargo_type"": ""ecommerce_parcels"", ""route_type"": ""urban_delivery"", ""operating_shift"": ""three_shift"", ""warehouse_short"": ""BDL"", ""source_vehicle_id"": ""SLW0428""}",1ca1591a-073e-4f99-adcd-0fb32f509e5a,2017-06-11 09:00:00+00,2026-08-10 19:03:05.467947+00,last_mile_delivery,KDH Van,Diesel,Manual,independent_garage,1429.60,medium,9,44,3,B-025
231b36c0-8176-418f-bc67-24d1cd899f75,LLX-BDL-0086,23a10ad6-f2ff-4aab-9878-de0f37f6bbe0,c24b3130-482c-4313-a6c9-416e6cd7c9a6,Nissan Caravan 086,vehicle,road_vehicle,Delivery_Van_1.5T,Nissan,Caravan,2020,UP PD-6601,JN1WG3UESL0D97X3B,active,moderate,72.03,2020-10-24,2023-10-24,60248d42-3f08-4468-9952-20d3fadcd859,151731.00,2026-07-29,2026-08-28,Nissan Caravan (Delivery Van 1.5T) operating out of LankaLogix - Badulla on last mile delivery duty.,"{""cargo_type"": ""retail_goods"", ""route_type"": ""retail_drop"", ""operating_shift"": ""day"", ""warehouse_short"": ""BDL"", ""source_vehicle_id"": ""SLW0068""}",d24973fa-606a-4901-80ad-90da2b82381d,2020-10-24 09:00:00+00,2026-08-10 19:03:05.467947+00,last_mile_delivery,Nissan Caravan,Diesel,Manual,authorized_workshop,1428.80,high,6,28,0,B-026
47f3e736-c1d0-40a1-801d-bd01977045e7,LLX-BDL-0087,23a10ad6-f2ff-4aab-9878-de0f37f6bbe0,c24b3130-482c-4313-a6c9-416e6cd7c9a6,Mahindra Bolero Pickup 087,vehicle,road_vehicle,Mini_Truck_1T,Mahindra,Bolero Pickup,2021,UP LB-5920,MA1MTZLULM9G8R3R9,active,moderate,53.58,2021-07-06,2024-07-06,021bc14f-38a3-4558-9229-2dbb6af279d2,115035.00,2026-04-08,2026-10-12,Mahindra Bolero Pickup (Mini Truck 1T) operating out of LankaLogix - Badulla on last mile delivery duty.,"{""cargo_type"": ""retail_goods"", ""route_type"": ""urban_delivery"", ""operating_shift"": ""day_night"", ""warehouse_short"": ""BDL"", ""source_vehicle_id"": ""SLW0261""}",14294bcc-4609-4078-82d0-3af8051a00ce,2021-07-06 09:00:00+00,2026-08-10 19:03:05.467947+00,last_mile_delivery,Mahindra Bolero Pickup,Diesel,Manual,authorized_workshop,938.20,medium,5,15,0,B-027
92a646f1-be19-455a-a214-8135cee5748e,LLX-BDL-0088,23a10ad6-f2ff-4aab-9878-de0f37f6bbe0,c24b3130-482c-4313-a6c9-416e6cd7c9a6,Tata Ace 088,vehicle,road_vehicle,Mini_Truck_1T,Tata,Ace,2017,UP LA-5174,MATF7G60U5Z00JMA3,active,poor,39.43,2017-08-15,2020-08-15,cbdc2005-5d91-4e75-b260-6059e1832877,218246.00,2026-04-27,2026-10-22,Tata Ace (Mini Truck 1T) operating out of LankaLogix - Badulla on last mile delivery duty.,"{""cargo_type"": ""retail_goods"", ""route_type"": ""urban_delivery"", ""operating_shift"": ""day_night"", ""warehouse_short"": ""BDL"", ""source_vehicle_id"": ""SLW0075""}",7d29aca5-e5e4-466c-bd97-faa538283028,2017-08-15 09:00:00+00,2026-08-10 19:03:05.467947+00,last_mile_delivery,Tata Ace,Diesel,Automatic,OEM_dealer,1033.90,medium,9,32,0,B-028
897001fd-1243-41c1-838e-1fd1b5483d24,LLX-BDL-0089,23a10ad6-f2ff-4aab-9878-de0f37f6bbe0,c24b3130-482c-4313-a6c9-416e6cd7c9a6,Mahindra Bolero Pickup 089,vehicle,road_vehicle,Mini_Truck_1T,Mahindra,Bolero Pickup,2017,UP LA-5909,MA1L9G2LEV4RZ9HWS,active,poor,49.02,2017-05-01,2020-05-01,3173243b-26b1-4301-952c-69615a95e806,207085.00,2026-07-19,2026-08-28,Mahindra Bolero Pickup (Mini Truck 1T) operating out of LankaLogix - Badulla on last mile delivery duty.,"{""cargo_type"": ""consumer_goods"", ""route_type"": ""retail_drop"", ""operating_shift"": ""three_shift"", ""warehouse_short"": ""BDL"", ""source_vehicle_id"": ""SLW0498""}",14294bcc-4609-4078-82d0-3af8051a00ce,2017-05-01 09:00:00+00,2026-08-10 19:03:05.467947+00,last_mile_delivery,Mahindra Bolero Pickup,Diesel,Automatic,OEM_dealer,1001.70,medium,9,38,1,B-029
b58911ec-0222-4162-b9b6-64aa9d0b7d48,LLX-BDL-0090,23a10ad6-f2ff-4aab-9878-de0f37f6bbe0,c24b3130-482c-4313-a6c9-416e6cd7c9a6,Piaggio Porter 090,vehicle,road_vehicle,Mini_Truck_1T,Piaggio,Porter,2019,UP LB-8963,ZAPN7EZEG3X69YAYK,active,moderate,40.32,2019-09-03,2022-09-03,59d6aa79-2377-4337-9638-88a668cb9c4b,186744.00,2026-05-22,2026-09-14,Piaggio Porter (Mini Truck 1T) operating out of LankaLogix - Badulla on last mile delivery duty.,"{""cargo_type"": ""ecommerce_parcels"", ""route_type"": ""urban_delivery"", ""operating_shift"": ""day_night"", ""warehouse_short"": ""BDL"", ""source_vehicle_id"": ""SLW1261""}",14294bcc-4609-4078-82d0-3af8051a00ce,2019-09-03 09:00:00+00,2026-08-10 19:03:05.467947+00,last_mile_delivery,Piaggio Porter,Diesel,Manual,independent_garage,1007.70,medium,8,36,1,B-030
163910fa-7659-4aac-8df1-6940483d7238,LLX-BDL-0091,23a10ad6-f2ff-4aab-9878-de0f37f6bbe0,c24b3130-482c-4313-a6c9-416e6cd7c9a6,Tata Ace 091,vehicle,road_vehicle,Mini_Truck_1T,Tata,Ace,2017,UP LB-5316,MATZTLBLY63MY99TF,active,good,71.32,2017-05-21,2020-05-21,672d2211-01c0-4d57-9cc6-820a42f9f6ba,167312.00,2026-07-31,2027-02-26,Tata Ace (Mini Truck 1T) operating out of LankaLogix - Badulla on last mile delivery duty.,"{""cargo_type"": ""consumer_goods"", ""route_type"": ""urban_delivery"", ""operating_shift"": ""day_night"", ""warehouse_short"": ""BDL"", ""source_vehicle_id"": ""SLW0920""}",d24973fa-606a-4901-80ad-90da2b82381d,2017-05-21 09:00:00+00,2026-08-10 19:03:05.467947+00,last_mile_delivery,Tata Ace,Diesel,Manual,authorized_workshop,1048.30,high,9,30,1,B-031
4d97046a-6c7f-47d6-95e3-f8f86198541c,LLX-BDL-0092,23a10ad6-f2ff-4aab-9878-de0f37f6bbe0,c24b3130-482c-4313-a6c9-416e6cd7c9a6,Piaggio Porter 092,vehicle,road_vehicle,Mini_Truck_1T,Piaggio,Porter,2017,UP LB-5937,ZAPAWCLG232P6EUT8,active,excellent,80.84,2017-10-27,2020-10-27,9be9d8a3-a08a-4adb-a9ee-166b4b0a8521,233383.00,2026-08-07,2026-12-12,Piaggio Porter (Mini Truck 1T) operating out of LankaLogix - Badulla on last mile delivery duty.,"{""cargo_type"": ""consumer_goods"", ""route_type"": ""urban_delivery"", ""operating_shift"": ""day"", ""warehouse_short"": ""BDL"", ""source_vehicle_id"": ""SLW0832""}",16876354-5851-462c-bcaa-9ff71f731985,2017-10-27 09:00:00+00,2026-08-10 19:03:05.467947+00,last_mile_delivery,Piaggio Porter,Diesel,Manual,independent_garage,960.00,high,10,50,1,B-032
97cac73a-cce9-421c-9673-cec53bd60f85,LLX-BDL-0093,23a10ad6-f2ff-4aab-9878-de0f37f6bbe0,c24b3130-482c-4313-a6c9-416e6cd7c9a6,Mahindra Bolero Pickup 093,vehicle,road_vehicle,Mini_Truck_1T,Mahindra,Bolero Pickup,2021,UP LA-6177,MA1MRBT88KVYM0R4E,active,moderate,66.95,2021-02-14,2024-02-14,85bfb451-ee2f-42c5-8600-eb489846f554,132452.00,2026-07-20,2026-11-13,Mahindra Bolero Pickup (Mini Truck 1T) operating out of LankaLogix - Badulla on last mile delivery duty.,"{""cargo_type"": ""retail_goods"", ""route_type"": ""retail_drop"", ""operating_shift"": ""day"", ""warehouse_short"": ""BDL"", ""source_vehicle_id"": ""SLW0063""}",0d453850-3c09-409d-853f-a3e43dd5a39e,2021-02-14 09:00:00+00,2026-08-10 19:03:05.467947+00,last_mile_delivery,Mahindra Bolero Pickup,Diesel,Manual,OEM_dealer,1025.50,high,6,23,0,B-033
3a8007b3-2b06-4a51-a71e-64f622bbcc01,LLX-BDL-0094,23a10ad6-f2ff-4aab-9878-de0f37f6bbe0,c24b3130-482c-4313-a6c9-416e6cd7c9a6,Mahindra Bolero Pickup 094,vehicle,road_vehicle,Mini_Truck_1T,Mahindra,Bolero Pickup,2018,UP LA-6873,MA122SD41JL5LT19R,active,moderate,84.42,2018-09-23,2021-09-23,,172542.00,2026-06-25,2026-12-23,Mahindra Bolero Pickup (Mini Truck 1T) operating out of LankaLogix - Badulla on last mile delivery duty.,"{""cargo_type"": ""consumer_goods"", ""route_type"": ""retail_drop"", ""operating_shift"": ""day"", ""warehouse_short"": ""BDL"", ""source_vehicle_id"": ""SLW1345""}",1ca1591a-073e-4f99-adcd-0fb32f509e5a,2018-09-23 09:00:00+00,2026-08-10 19:03:05.467947+00,last_mile_delivery,Mahindra Bolero Pickup,Diesel,Manual,independent_garage,1033.60,critical,9,33,0,B-034
42c9adfb-8199-4dd3-b39b-7274d49203e9,LLX-BDL-0095,23a10ad6-f2ff-4aab-9878-de0f37f6bbe0,c24b3130-482c-4313-a6c9-416e6cd7c9a6,Tata Ace 095,vehicle,road_vehicle,Mini_Truck_1T,Tata,Ace,2019,UP LA-8540,MATDXJXV2Z1NW8Y90,active,good,65.54,2019-01-15,2022-01-15,3b66fe50-d5c5-40b9-89c6-cbd673df729f,152952.00,2026-07-31,2026-11-18,Tata Ace (Mini Truck 1T) operating out of LankaLogix - Badulla on last mile delivery duty.,"{""cargo_type"": ""consumer_goods"", ""route_type"": ""retail_drop"", ""operating_shift"": ""day"", ""warehouse_short"": ""BDL"", ""source_vehicle_id"": ""SLW0867""}",7d29aca5-e5e4-466c-bd97-faa538283028,2019-01-15 09:00:00+00,2026-08-10 19:03:05.467947+00,last_mile_delivery,Tata Ace,Diesel,Manual,OEM_dealer,999.60,high,8,27,0,B-035
23f24d6d-d47d-4e00-a804-ebecacffd56c,LLX-BDL-0096,23a10ad6-f2ff-4aab-9878-de0f37f6bbe0,c24b3130-482c-4313-a6c9-416e6cd7c9a6,Piaggio Porter 096,vehicle,road_vehicle,Mini_Truck_1T,Piaggio,Porter,2021,UP LA-6494,ZAPGHRAXBZN8GXE38,active,poor,52.88,2021-03-23,2024-03-23,36f9a4a5-291f-4548-b867-96c44f690282,135673.00,2026-06-03,2026-10-29,Piaggio Porter (Mini Truck 1T) operating out of LankaLogix - Badulla on last mile delivery duty.,"{""cargo_type"": ""consumer_goods"", ""route_type"": ""retail_drop"", ""operating_shift"": ""day"", ""warehouse_short"": ""BDL"", ""source_vehicle_id"": ""SLW1147""}",c40a9897-7182-4676-8f9b-339ec86e3462,2021-03-23 09:00:00+00,2026-08-10 19:03:05.467947+00,last_mile_delivery,Piaggio Porter,Diesel,Automatic,OEM_dealer,1019.70,medium,6,23,1,B-036
ade73aa5-abb3-42a0-81da-be1c7107ab2f,LLX-BDL-0097,23a10ad6-f2ff-4aab-9878-de0f37f6bbe0,c24b3130-482c-4313-a6c9-416e6cd7c9a6,Tata Ace 097,vehicle,road_vehicle,Mini_Truck_1T,Tata,Ace,2018,UP LA-3207,MATDK0CG4VWP3FF7M,active,moderate,74.35,2018-10-10,2021-10-10,e393f157-3860-4ebd-b9f4-400e8f8d33fd,199068.00,2026-06-28,2026-10-12,Tata Ace (Mini Truck 1T) operating out of LankaLogix - Badulla on last mile delivery duty.,"{""cargo_type"": ""ecommerce_parcels"", ""route_type"": ""urban_delivery"", ""operating_shift"": ""three_shift"", ""warehouse_short"": ""BDL"", ""source_vehicle_id"": ""SLW1268""}",f1476a1a-5d8e-4c9d-8772-bdb92488fb29,2018-10-10 09:00:00+00,2026-08-10 19:03:05.467947+00,last_mile_delivery,Tata Ace,Diesel,Manual,authorized_workshop,1018.20,high,9,32,0,B-037
a744d7b8-6a10-4b59-98cd-b899bc5b1820,LLX-BDL-0098,23a10ad6-f2ff-4aab-9878-de0f37f6bbe0,c24b3130-482c-4313-a6c9-416e6cd7c9a6,Piaggio Porter 098,vehicle,road_vehicle,Mini_Truck_1T,Piaggio,Porter,2021,UP LB-5471,ZAP6V9WM5ZC4ZMHTA,active,moderate,75.76,2021-04-23,2024-04-23,60248d42-3f08-4468-9952-20d3fadcd859,139912.00,2026-06-14,2026-11-17,Piaggio Porter (Mini Truck 1T) operating out of LankaLogix - Badulla on last mile delivery duty.,"{""cargo_type"": ""ecommerce_parcels"", ""route_type"": ""retail_drop"", ""operating_shift"": ""three_shift"", ""warehouse_short"": ""BDL"", ""source_vehicle_id"": ""SLW0447""}",0d453850-3c09-409d-853f-a3e43dd5a39e,2021-04-23 09:00:00+00,2026-08-10 19:03:05.467947+00,last_mile_delivery,Piaggio Porter,Diesel,Automatic,authorized_workshop,960.10,high,6,25,0,B-038
1e6f421b-78a1-4d4a-8c93-f660c596598b,LLX-BDL-0099,23a10ad6-f2ff-4aab-9878-de0f37f6bbe0,c24b3130-482c-4313-a6c9-416e6cd7c9a6,Mahindra Bolero Pickup 099,vehicle,road_vehicle,Mini_Truck_1T,Mahindra,Bolero Pickup,2017,UP LA-6707,MA1SS5BAVXKFBSPP8,active,good,67.93,2017-03-09,2020-03-09,6bbcaed0-8dbb-4010-9f0e-ed858e55af44,203443.00,2026-06-22,2026-09-27,Mahindra Bolero Pickup (Mini Truck 1T) operating out of LankaLogix - Badulla on last mile delivery duty.,"{""cargo_type"": ""consumer_goods"", ""route_type"": ""retail_drop"", ""operating_shift"": ""day"", ""warehouse_short"": ""BDL"", ""source_vehicle_id"": ""SLW0082""}",0d453850-3c09-409d-853f-a3e43dd5a39e,2017-03-09 09:00:00+00,2026-08-10 19:03:05.467947+00,last_mile_delivery,Mahindra Bolero Pickup,Diesel,Manual,authorized_workshop,1053.30,high,10,30,1,B-039
f1747f72-9dfd-4a19-b641-efdc585b8982,LLX-BDL-0100,23a10ad6-f2ff-4aab-9878-de0f37f6bbe0,c24b3130-482c-4313-a6c9-416e6cd7c9a6,Piaggio Porter 100,vehicle,road_vehicle,Mini_Truck_1T,Piaggio,Porter,2019,UP LA-9162,ZAPABAZ2E4F4ZMFF4,active,moderate,60.26,2019-08-28,2022-08-28,5f7a300c-540e-4500-a889-d95a77d799dc,200701.00,2026-05-21,2026-08-21,Piaggio Porter (Mini Truck 1T) operating out of LankaLogix - Badulla on last mile delivery duty.,"{""cargo_type"": ""ecommerce_parcels"", ""route_type"": ""retail_drop"", ""operating_shift"": ""day"", ""warehouse_short"": ""BDL"", ""source_vehicle_id"": ""SLW0754""}",7d29aca5-e5e4-466c-bd97-faa538283028,2019-08-28 09:00:00+00,2026-08-10 19:03:05.467947+00,last_mile_delivery,Piaggio Porter,Diesel,Manual,authorized_workshop,995.70,medium,8,34,0,B-040
9be105b8-3c03-4409-9d2a-2fc6cf247f5b,LLX-BDL-0101,23a10ad6-f2ff-4aab-9878-de0f37f6bbe0,c24b3130-482c-4313-a6c9-416e6cd7c9a6,Tata Ace 101,vehicle,road_vehicle,Mini_Truck_1T,Tata,Ace,2017,UP LA-9177,MATYA0ZDLCFPD8906,active,good,76.00,2017-06-02,2020-06-02,05d1ba48-e184-4f32-b427-e979dfe2afc7,204964.00,2026-07-02,2026-10-07,Tata Ace (Mini Truck 1T) operating out of LankaLogix - Badulla on last mile delivery duty.,"{""cargo_type"": ""ecommerce_parcels"", ""route_type"": ""retail_drop"", ""operating_shift"": ""day"", ""warehouse_short"": ""BDL"", ""source_vehicle_id"": ""SLW0118""}",f1476a1a-5d8e-4c9d-8772-bdb92488fb29,2017-06-02 09:00:00+00,2026-08-10 19:03:05.467947+00,last_mile_delivery,Tata Ace,Diesel,Manual,OEM_dealer,1028.80,high,9,32,1,B-041
21d42090-9ea5-4638-be12-32a6095b6b5f,LLX-BDL-0102,23a10ad6-f2ff-4aab-9878-de0f37f6bbe0,c24b3130-482c-4313-a6c9-416e6cd7c9a6,Mahindra Bolero Pickup 102,vehicle,road_vehicle,Mini_Truck_1T,Mahindra,Bolero Pickup,2020,UP LB-7905,MA1FLY3L9WK1BKNUE,active,moderate,93.73,2020-06-11,2023-06-11,84ba50f5-a2ed-4682-8ba5-e5556fff4b51,141784.00,2026-07-07,2026-11-26,Mahindra Bolero Pickup (Mini Truck 1T) operating out of LankaLogix - Badulla on last mile delivery duty.,"{""cargo_type"": ""consumer_goods"", ""route_type"": ""retail_drop"", ""operating_shift"": ""three_shift"", ""warehouse_short"": ""BDL"", ""source_vehicle_id"": ""SLW0585""}",613bf044-7d90-4530-bd18-c89645622a2f,2020-06-11 09:00:00+00,2026-08-10 19:03:05.467947+00,last_mile_delivery,Mahindra Bolero Pickup,Diesel,Manual,authorized_workshop,1016.80,critical,6,26,0,B-042
35ba0719-b194-4a35-a63d-72d07be76a90,LLX-BDL-0103,23a10ad6-f2ff-4aab-9878-de0f37f6bbe0,c24b3130-482c-4313-a6c9-416e6cd7c9a6,Tata Ace 103,vehicle,road_vehicle,Mini_Truck_1T,Tata,Ace,2017,UP LB-7334,MATN8DXEV5SZRXZHD,active,moderate,40.72,2017-12-11,2020-12-11,35435063-92fc-49ec-8f3f-19b3b315f062,257671.00,2026-07-05,2026-10-21,Tata Ace (Mini Truck 1T) operating out of LankaLogix - Badulla on last mile delivery duty.,"{""cargo_type"": ""consumer_goods"", ""route_type"": ""retail_drop"", ""operating_shift"": ""day"", ""warehouse_short"": ""BDL"", ""source_vehicle_id"": ""SLW1078""}",f1476a1a-5d8e-4c9d-8772-bdb92488fb29,2017-12-11 09:00:00+00,2026-08-10 19:03:05.467947+00,last_mile_delivery,Tata Ace,Diesel,Manual,authorized_workshop,949.70,medium,9,44,2,B-043
91ac7b04-1283-4e99-abe0-bc5563715f65,LLX-BDL-0104,23a10ad6-f2ff-4aab-9878-de0f37f6bbe0,c24b3130-482c-4313-a6c9-416e6cd7c9a6,Tata Ace 104,vehicle,road_vehicle,Mini_Truck_1T,Tata,Ace,2021,UP LA-7802,MATFHY3867M8CSZ7U,active,moderate,90.84,2021-08-24,2024-08-24,f4056b69-4ac8-46b8-9b77-643fc6407acc,134222.00,2026-05-09,2026-08-19,Tata Ace (Mini Truck 1T) operating out of LankaLogix - Badulla on last mile delivery duty.,"{""cargo_type"": ""retail_goods"", ""route_type"": ""retail_drop"", ""operating_shift"": ""day_night"", ""warehouse_short"": ""BDL"", ""source_vehicle_id"": ""SLW0854""}",7d29aca5-e5e4-466c-bd97-faa538283028,2021-08-24 09:00:00+00,2026-08-10 19:03:05.467947+00,last_mile_delivery,Tata Ace,Diesel,Manual,OEM_dealer,1051.00,critical,6,20,0,B-044
fa4185a7-13ac-41c1-bccd-1a79b532dfd8,LLX-BDL-0105,23a10ad6-f2ff-4aab-9878-de0f37f6bbe0,c24b3130-482c-4313-a6c9-416e6cd7c9a6,Mahindra Bolero Pickup 105,vehicle,road_vehicle,Mini_Truck_1T,Mahindra,Bolero Pickup,2020,UP LA-2524,MA143CWD4HGPJRTVV,active,moderate,91.04,2020-04-17,2023-04-17,d450eb41-e7ad-4985-a5b1-311021ac2e9d,125812.00,2026-05-24,2026-11-30,Mahindra Bolero Pickup (Mini Truck 1T) operating out of LankaLogix - Badulla on last mile delivery duty.,"{""cargo_type"": ""consumer_goods"", ""route_type"": ""retail_drop"", ""operating_shift"": ""day"", ""warehouse_short"": ""BDL"", ""source_vehicle_id"": ""SLW1075""}",c40a9897-7182-4676-8f9b-339ec86e3462,2020-04-17 09:00:00+00,2026-08-10 19:03:05.467947+00,last_mile_delivery,Mahindra Bolero Pickup,Diesel,Automatic,authorized_workshop,933.10,critical,6,20,0,B-045
10850394-74ad-4d71-a4e6-7ee2a51507b0,LLX-BDL-0106,23a10ad6-f2ff-4aab-9878-de0f37f6bbe0,c24b3130-482c-4313-a6c9-416e6cd7c9a6,Mahindra Bolero Pickup 106,vehicle,road_vehicle,Mini_Truck_1T,Mahindra,Bolero Pickup,2020,UP LB-6309,MA183B095ZE8BVJXM,active,poor,58.51,2020-06-25,2023-06-25,08145333-aa5a-4ff6-ae10-7a43aa8d5326,111849.00,2026-03-05,2026-09-01,Mahindra Bolero Pickup (Mini Truck 1T) operating out of LankaLogix - Badulla on last mile delivery duty.,"{""cargo_type"": ""retail_goods"", ""route_type"": ""retail_drop"", ""operating_shift"": ""day"", ""warehouse_short"": ""BDL"", ""source_vehicle_id"": ""SLW0378""}",16876354-5851-462c-bcaa-9ff71f731985,2020-06-25 09:00:00+00,2026-08-10 19:03:05.467947+00,last_mile_delivery,Mahindra Bolero Pickup,Diesel,Automatic,authorized_workshop,1031.40,medium,6,18,0,B-046
abc0ca5a-6b8f-4b81-9916-a26eac64479f,LLX-BDL-0107,23a10ad6-f2ff-4aab-9878-de0f37f6bbe0,c24b3130-482c-4313-a6c9-416e6cd7c9a6,Piaggio Porter 107,vehicle,road_vehicle,Mini_Truck_1T,Piaggio,Porter,2017,UP LB-2742,ZAP0ML28E4VSW3NXB,active,poor,93.56,2017-11-28,2020-11-28,f121048d-936a-437c-a161-9f7e901f17d8,257483.00,2026-07-27,2026-08-30,Piaggio Porter (Mini Truck 1T) operating out of LankaLogix - Badulla on last mile delivery duty.,"{""cargo_type"": ""retail_goods"", ""route_type"": ""urban_delivery"", ""operating_shift"": ""day_night"", ""warehouse_short"": ""BDL"", ""source_vehicle_id"": ""SLW0515""}",c40a9897-7182-4676-8f9b-339ec86e3462,2017-11-28 09:00:00+00,2026-08-10 19:03:05.467947+00,last_mile_delivery,Piaggio Porter,Diesel,Manual,OEM_dealer,1035.90,critical,10,37,0,B-047
2bc11a64-68e2-4b54-9d53-128f0f06e369,LLX-BDL-0108,23a10ad6-f2ff-4aab-9878-de0f37f6bbe0,c24b3130-482c-4313-a6c9-416e6cd7c9a6,Mahindra Bolero Pickup 108,vehicle,road_vehicle,Mini_Truck_1T,Mahindra,Bolero Pickup,2017,UP LA-3508,MA1ZH23A3ZB171BUG,active,moderate,69.34,2017-09-23,2020-09-23,bd95dfd1-5af7-41d2-85ef-bbb2b0f57a12,215466.00,2026-06-15,2026-10-08,Mahindra Bolero Pickup (Mini Truck 1T) operating out of LankaLogix - Badulla on last mile delivery duty.,"{""cargo_type"": ""consumer_goods"", ""route_type"": ""urban_delivery"", ""operating_shift"": ""day"", ""warehouse_short"": ""BDL"", ""source_vehicle_id"": ""SLW0452""}",613bf044-7d90-4530-bd18-c89645622a2f,2017-09-23 09:00:00+00,2026-08-10 19:03:05.467947+00,last_mile_delivery,Mahindra Bolero Pickup,Diesel,Automatic,independent_garage,865.40,high,9,45,3,B-048
0465257a-2596-4804-9ce6-70a8a0a4097c,LLX-BDL-0109,23a10ad6-f2ff-4aab-9878-de0f37f6bbe0,c24b3130-482c-4313-a6c9-416e6cd7c9a6,Mahindra Bolero Pickup 109,vehicle,road_vehicle,Mini_Truck_1T,Mahindra,Bolero Pickup,2020,UP LB-8077,MA12MEEZXRHZ7Z4FY,active,moderate,66.71,2020-07-10,2023-07-10,,118575.00,2026-04-12,2026-09-05,Mahindra Bolero Pickup (Mini Truck 1T) operating out of LankaLogix - Badulla on last mile delivery duty.,"{""cargo_type"": ""ecommerce_parcels"", ""route_type"": ""retail_drop"", ""operating_shift"": ""day_night"", ""warehouse_short"": ""BDL"", ""source_vehicle_id"": ""SLW1087""}",7d29aca5-e5e4-466c-bd97-faa538283028,2020-07-10 09:00:00+00,2026-08-10 19:03:05.467947+00,last_mile_delivery,Mahindra Bolero Pickup,Diesel,Automatic,OEM_dealer,968.90,high,6,21,0,B-049
2a846353-d300-4c61-9972-9dd65ecc033e,LLX-BDL-0110,23a10ad6-f2ff-4aab-9878-de0f37f6bbe0,c24b3130-482c-4313-a6c9-416e6cd7c9a6,Piaggio Porter 110,vehicle,road_vehicle,Mini_Truck_1T,Piaggio,Porter,2018,UP LB-5724,ZAPE0SAP067D7XCSK,active,good,66.51,2018-09-23,2021-09-23,1e81fa96-bf3e-40f9-ac44-b8168f54e8e2,181662.00,2026-08-06,2026-10-09,Piaggio Porter (Mini Truck 1T) operating out of LankaLogix - Badulla on last mile delivery duty.,"{""cargo_type"": ""consumer_goods"", ""route_type"": ""retail_drop"", ""operating_shift"": ""day"", ""warehouse_short"": ""BDL"", ""source_vehicle_id"": ""SLW1341""}",f1476a1a-5d8e-4c9d-8772-bdb92488fb29,2018-09-23 09:00:00+00,2026-08-10 19:03:05.467947+00,last_mile_delivery,Piaggio Porter,Diesel,Manual,OEM_dealer,1020.70,high,9,30,0,B-050
3d04399b-1a58-4bba-958d-5d36e994bb23,LLX-BDL-0111,23a10ad6-f2ff-4aab-9878-de0f37f6bbe0,c24b3130-482c-4313-a6c9-416e6cd7c9a6,Mahindra Bolero Pickup 111,vehicle,road_vehicle,Mini_Truck_1T,Mahindra,Bolero Pickup,2021,UP LA-9044,MA1E557RY6CE0PZZR,active,moderate,66.01,2021-07-18,2024-07-18,026e934f-6cbc-47d3-bebc-2e13bef9f375,127153.00,2026-03-14,2026-09-05,Mahindra Bolero Pickup (Mini Truck 1T) operating out of LankaLogix - Badulla on last mile delivery duty.,"{""cargo_type"": ""retail_goods"", ""route_type"": ""retail_drop"", ""operating_shift"": ""day"", ""warehouse_short"": ""BDL"", ""source_vehicle_id"": ""SLW0219""}",1ca1591a-073e-4f99-adcd-0fb32f509e5a,2021-07-18 09:00:00+00,2026-08-10 19:03:05.467947+00,last_mile_delivery,Mahindra Bolero Pickup,Diesel,Manual,authorized_workshop,1002.10,high,6,20,0,B-051
d0c6b54a-2ebd-425d-a3ed-abe214dc9691,LLX-BDL-0112,23a10ad6-f2ff-4aab-9878-de0f37f6bbe0,c24b3130-482c-4313-a6c9-416e6cd7c9a6,Tata Ace 112,vehicle,road_vehicle,Mini_Truck_1T,Tata,Ace,2020,UP LB-9955,MAT9A5G1NWPRS3KV1,active,moderate,77.15,2020-09-01,2023-09-01,774eb1d9-2520-45f1-b8a0-2a3cd378dbc3,165449.00,2026-07-21,2026-11-14,Tata Ace (Mini Truck 1T) operating out of LankaLogix - Badulla on last mile delivery duty.,"{""cargo_type"": ""retail_goods"", ""route_type"": ""urban_delivery"", ""operating_shift"": ""day"", ""warehouse_short"": ""BDL"", ""source_vehicle_id"": ""SLW1167""}",14294bcc-4609-4078-82d0-3af8051a00ce,2020-09-01 09:00:00+00,2026-08-10 19:03:05.467947+00,last_mile_delivery,Tata Ace,Diesel,Automatic,authorized_workshop,956.00,high,6,36,3,B-052
38f347c1-9fe2-4694-8b46-ad96e4bac475,LLX-BDL-0113,23a10ad6-f2ff-4aab-9878-de0f37f6bbe0,c24b3130-482c-4313-a6c9-416e6cd7c9a6,Tata Ace 113,vehicle,road_vehicle,Mini_Truck_1T,Tata,Ace,2018,UP LA-4986,MAT076VM8L2CFEJE3,active,moderate,53.38,2018-06-03,2021-06-03,1ff0badc-a296-4e59-88b7-0899c91f4382,195091.00,2026-07-27,2026-08-30,Tata Ace (Mini Truck 1T) operating out of LankaLogix - Badulla on last mile delivery duty.,"{""cargo_type"": ""consumer_goods"", ""route_type"": ""retail_drop"", ""operating_shift"": ""day"", ""warehouse_short"": ""BDL"", ""source_vehicle_id"": ""SLW0476""}",16876354-5851-462c-bcaa-9ff71f731985,2018-06-03 09:00:00+00,2026-08-10 19:03:05.467947+00,last_mile_delivery,Tata Ace,Diesel,Automatic,authorized_workshop,968.10,medium,9,36,1,B-053
1c5ebb87-9a50-456a-9a8b-ad8457ce0cff,LLX-BDL-0114,23a10ad6-f2ff-4aab-9878-de0f37f6bbe0,c24b3130-482c-4313-a6c9-416e6cd7c9a6,Mahindra Bolero Pickup 114,vehicle,road_vehicle,Mini_Truck_1T,Mahindra,Bolero Pickup,2014,UP LA-1501,MA1L8AS01AREDLFK9,under_maintenance,poor,71.82,2014-02-10,2017-02-10,,348637.00,2026-04-07,2026-08-25,Mahindra Bolero Pickup (Mini Truck 1T) operating out of LankaLogix - Badulla on last mile delivery duty.,"{""cargo_type"": ""retail_goods"", ""route_type"": ""urban_delivery"", ""operating_shift"": ""three_shift"", ""warehouse_short"": ""BDL"", ""source_vehicle_id"": ""SLW0444""}",14294bcc-4609-4078-82d0-3af8051a00ce,2014-02-10 09:00:00+00,2026-08-10 19:03:05.467947+00,last_mile_delivery,Mahindra Bolero Pickup,Diesel,Automatic,authorized_workshop,956.70,high,13,48,2,B-054
162039f5-1f71-460a-934a-ca1a3d815a7e,LLX-BDL-0115,23a10ad6-f2ff-4aab-9878-de0f37f6bbe0,c24b3130-482c-4313-a6c9-416e6cd7c9a6,Piaggio Porter 115,vehicle,road_vehicle,Mini_Truck_1T,Piaggio,Porter,2020,UP LA-9030,ZAPL12EJ9BDM76RLU,active,moderate,68.82,2020-08-27,2023-08-27,d10cf005-0a3f-4251-bb32-0973601a7259,162005.00,2026-06-06,2026-10-29,Piaggio Porter (Mini Truck 1T) operating out of LankaLogix - Badulla on last mile delivery duty.,"{""cargo_type"": ""ecommerce_parcels"", ""route_type"": ""retail_drop"", ""operating_shift"": ""day_night"", ""warehouse_short"": ""BDL"", ""source_vehicle_id"": ""SLW0939""}",c40a9897-7182-4676-8f9b-339ec86e3462,2020-08-27 09:00:00+00,2026-08-10 19:03:05.467947+00,last_mile_delivery,Piaggio Porter,Diesel,Manual,OEM_dealer,985.20,high,7,24,0,B-055
c17c120b-59d4-4df4-9a7e-baa2cddb777c,LLX-BDL-0116,23a10ad6-f2ff-4aab-9878-de0f37f6bbe0,c24b3130-482c-4313-a6c9-416e6cd7c9a6,Piaggio Porter 116,vehicle,road_vehicle,Mini_Truck_1T,Piaggio,Porter,2019,UP LB-8780,ZAP5RPL3YLYBWMR37,active,poor,57.87,2019-09-16,2022-09-16,b993bb23-a481-4196-902b-78ab172f7c14,169488.00,2026-04-19,2026-09-05,Piaggio Porter (Mini Truck 1T) operating out of LankaLogix - Badulla on last mile delivery duty.,"{""cargo_type"": ""ecommerce_parcels"", ""route_type"": ""urban_delivery"", ""operating_shift"": ""day_night"", ""warehouse_short"": ""BDL"", ""source_vehicle_id"": ""SLW1094""}",0d453850-3c09-409d-853f-a3e43dd5a39e,2019-09-16 09:00:00+00,2026-08-10 19:03:05.467947+00,last_mile_delivery,Piaggio Porter,Diesel,Manual,OEM_dealer,936.90,medium,8,29,0,B-056
b5ea8f66-f330-4a37-a6ee-a635395034f4,LLX-BDL-0117,23a10ad6-f2ff-4aab-9878-de0f37f6bbe0,c24b3130-482c-4313-a6c9-416e6cd7c9a6,Piaggio Porter 117,vehicle,road_vehicle,Mini_Truck_1T,Piaggio,Porter,2021,UP LB-8739,ZAPY2HAL772PZZWRN,active,good,89.60,2021-11-26,2024-11-26,872336fb-fba4-48c0-9c1e-33dd102a11cb,124190.00,2026-06-26,2026-11-03,Piaggio Porter (Mini Truck 1T) operating out of LankaLogix - Badulla on last mile delivery duty.,"{""cargo_type"": ""ecommerce_parcels"", ""route_type"": ""urban_delivery"", ""operating_shift"": ""day"", ""warehouse_short"": ""BDL"", ""source_vehicle_id"": ""SLW1359""}",14294bcc-4609-4078-82d0-3af8051a00ce,2021-11-26 09:00:00+00,2026-08-10 19:03:05.467947+00,last_mile_delivery,Piaggio Porter,Diesel,Manual,independent_garage,1009.40,critical,6,23,0,B-057
18614432-ef5d-487c-8a62-b9d1bf0ff598,LLX-BDL-0118,23a10ad6-f2ff-4aab-9878-de0f37f6bbe0,c24b3130-482c-4313-a6c9-416e6cd7c9a6,Mahindra Bolero Pickup 118,vehicle,road_vehicle,Mini_Truck_1T,Mahindra,Bolero Pickup,2016,UP LA-1504,MA1D29F40RYF2KALG,under_maintenance,critical,44.47,2016-01-21,2019-01-21,,208716.00,2026-04-29,2026-08-24,Mahindra Bolero Pickup (Mini Truck 1T) operating out of LankaLogix - Badulla on last mile delivery duty.,"{""cargo_type"": ""consumer_goods"", ""route_type"": ""retail_drop"", ""operating_shift"": ""day"", ""warehouse_short"": ""BDL"", ""source_vehicle_id"": ""SLW0703""}",d24973fa-606a-4901-80ad-90da2b82381d,2016-01-21 09:00:00+00,2026-08-10 19:03:05.467947+00,last_mile_delivery,Mahindra Bolero Pickup,Diesel,Automatic,OEM_dealer,988.90,medium,11,36,2,B-058
ac5ceb44-9317-4114-9a48-351620ba0f10,LLX-BDL-0119,23a10ad6-f2ff-4aab-9878-de0f37f6bbe0,c24b3130-482c-4313-a6c9-416e6cd7c9a6,Tata Ace 119,vehicle,road_vehicle,Mini_Truck_1T,Tata,Ace,2017,UP LB-2071,MATP17ZL1HDAJ2HRD,active,moderate,52.81,2017-04-01,2020-04-01,,194789.00,2026-07-04,2026-10-15,Tata Ace (Mini Truck 1T) operating out of LankaLogix - Badulla on last mile delivery duty.,"{""cargo_type"": ""consumer_goods"", ""route_type"": ""retail_drop"", ""operating_shift"": ""three_shift"", ""warehouse_short"": ""BDL"", ""source_vehicle_id"": ""SLW1358""}",0d453850-3c09-409d-853f-a3e43dd5a39e,2017-04-01 09:00:00+00,2026-08-10 19:03:05.467947+00,last_mile_delivery,Tata Ace,Diesel,Manual,authorized_workshop,992.80,medium,10,37,1,B-059
aafc932e-4a9b-436d-80db-e5202aece48f,LLX-BDL-0120,23a10ad6-f2ff-4aab-9878-de0f37f6bbe0,c24b3130-482c-4313-a6c9-416e6cd7c9a6,Mahindra Bolero Pickup 120,vehicle,road_vehicle,Mini_Truck_1T,Mahindra,Bolero Pickup,2021,UP LA-9522,MA1F4JSCU02FGESVU,active,moderate,69.10,2021-07-14,2024-07-14,7c2d98b0-0276-4ef9-8a45-ecbc21c761a4,126974.00,2026-07-19,2026-08-28,Mahindra Bolero Pickup (Mini Truck 1T) operating out of LankaLogix - Badulla on last mile delivery duty.,"{""cargo_type"": ""ecommerce_parcels"", ""route_type"": ""retail_drop"", ""operating_shift"": ""day_night"", ""warehouse_short"": ""BDL"", ""source_vehicle_id"": ""SLW0690""}",613bf044-7d90-4530-bd18-c89645622a2f,2021-07-14 09:00:00+00,2026-08-10 19:03:05.467947+00,last_mile_delivery,Mahindra Bolero Pickup,Diesel,Manual,authorized_workshop,997.20,high,6,17,0,B-060
b820efbb-9d04-48a6-bedc-3d0e651a1dda,LLX-BDL-0121,23a10ad6-f2ff-4aab-9878-de0f37f6bbe0,c24b3130-482c-4313-a6c9-416e6cd7c9a6,Piaggio Porter 121,vehicle,road_vehicle,Mini_Truck_1T,Piaggio,Porter,2015,UP LB-8021,ZAP14AFV5RHNL21YX,active,moderate,58.63,2015-04-16,2018-04-16,525885b4-8242-4b0e-9389-e73ab4da0883,200761.00,2026-06-21,2026-08-22,Piaggio Porter (Mini Truck 1T) operating out of LankaLogix - Badulla on last mile delivery duty.,"{""cargo_type"": ""ecommerce_parcels"", ""route_type"": ""urban_delivery"", ""operating_shift"": ""day"", ""warehouse_short"": ""BDL"", ""source_vehicle_id"": ""SLW1172""}",d24973fa-606a-4901-80ad-90da2b82381d,2015-04-16 09:00:00+00,2026-08-10 19:03:05.467947+00,last_mile_delivery,Piaggio Porter,Diesel,Manual,authorized_workshop,970.70,medium,11,39,1,C-001
f64f4df8-df42-4ddf-9e42-c551dad512c2,LLX-BDL-0122,23a10ad6-f2ff-4aab-9878-de0f37f6bbe0,c24b3130-482c-4313-a6c9-416e6cd7c9a6,Piaggio Porter 122,vehicle,road_vehicle,Mini_Truck_1T,Piaggio,Porter,2016,UP LB-3289,ZAPR4LFMZ7WGSH9Y8,active,moderate,76.26,2016-08-16,2019-08-16,026e934f-6cbc-47d3-bebc-2e13bef9f375,208429.00,2026-07-12,2026-11-30,Piaggio Porter (Mini Truck 1T) operating out of LankaLogix - Badulla on last mile delivery duty.,"{""cargo_type"": ""ecommerce_parcels"", ""route_type"": ""retail_drop"", ""operating_shift"": ""day"", ""warehouse_short"": ""BDL"", ""source_vehicle_id"": ""SLW0043""}",1ca1591a-073e-4f99-adcd-0fb32f509e5a,2016-08-16 09:00:00+00,2026-08-10 19:03:05.467947+00,last_mile_delivery,Piaggio Porter,Diesel,Automatic,authorized_workshop,1023.10,high,10,41,0,C-002
ceac2811-cf12-461b-a6be-6f1d31b9bda6,LLX-BDL-0123,23a10ad6-f2ff-4aab-9878-de0f37f6bbe0,c24b3130-482c-4313-a6c9-416e6cd7c9a6,Mahindra Bolero Pickup 123,vehicle,road_vehicle,Mini_Truck_1T,Mahindra,Bolero Pickup,2019,UP LA-2475,MA1YNPCS1BN18EALP,active,poor,72.14,2019-06-02,2022-06-02,36f9a4a5-291f-4548-b867-96c44f690282,156382.00,2026-08-04,2026-09-15,Mahindra Bolero Pickup (Mini Truck 1T) operating out of LankaLogix - Badulla on last mile delivery duty.,"{""cargo_type"": ""retail_goods"", ""route_type"": ""retail_drop"", ""operating_shift"": ""day"", ""warehouse_short"": ""BDL"", ""source_vehicle_id"": ""SLW1002""}",d24973fa-606a-4901-80ad-90da2b82381d,2019-06-02 09:00:00+00,2026-08-10 19:03:05.467947+00,last_mile_delivery,Mahindra Bolero Pickup,Diesel,Automatic,authorized_workshop,1024.70,high,8,29,0,C-003
38f9b400-7309-42a7-aa0b-6844f1806006,LLX-BDL-0124,23a10ad6-f2ff-4aab-9878-de0f37f6bbe0,c24b3130-482c-4313-a6c9-416e6cd7c9a6,Piaggio Porter 124,vehicle,road_vehicle,Mini_Truck_1T,Piaggio,Porter,2020,UP LA-2409,ZAPLWJ9MZXNDREN4A,active,poor,39.71,2020-05-28,2023-05-28,26533c7a-2605-4da0-abad-5bdd41c619ac,113275.00,2026-06-06,2026-10-21,Piaggio Porter (Mini Truck 1T) operating out of LankaLogix - Badulla on last mile delivery duty.,"{""cargo_type"": ""retail_goods"", ""route_type"": ""urban_delivery"", ""operating_shift"": ""day"", ""warehouse_short"": ""BDL"", ""source_vehicle_id"": ""SLW1248""}",14294bcc-4609-4078-82d0-3af8051a00ce,2020-05-28 09:00:00+00,2026-08-10 19:03:05.467947+00,last_mile_delivery,Piaggio Porter,Diesel,Manual,authorized_workshop,1061.20,medium,6,25,0,C-004
f38557ee-ecbd-4593-854a-92dfca2bcd4c,LLX-BDL-0125,23a10ad6-f2ff-4aab-9878-de0f37f6bbe0,c24b3130-482c-4313-a6c9-416e6cd7c9a6,Mitsubishi Canter 125,vehicle,road_vehicle,Light_Truck_3.5T,Mitsubishi,Canter,2019,UP LD-9127,JLB3HFLZ0B7JA4GA0,active,good,75.05,2019-08-09,2022-08-09,9ef1e83f-d503-498c-88e6-f45431b9299a,185486.00,2026-07-12,2027-01-25,Mitsubishi Canter (Light Truck 3.5T) operating out of LankaLogix - Badulla on regional distribution duty.,"{""cargo_type"": ""consumer_goods"", ""route_type"": ""highway_distribution"", ""operating_shift"": ""three_shift"", ""warehouse_short"": ""BDL"", ""source_vehicle_id"": ""SLW0635""}",c40a9897-7182-4676-8f9b-339ec86e3462,2019-08-09 09:00:00+00,2026-08-10 19:03:05.467947+00,regional_distribution,Mitsubishi Canter,Diesel,Automatic,authorized_workshop,3752.30,high,7,23,0,C-005
ac0e6e06-46b6-44dd-8452-1125b59f3f49,LLX-BDL-0126,23a10ad6-f2ff-4aab-9878-de0f37f6bbe0,c24b3130-482c-4313-a6c9-416e6cd7c9a6,Mitsubishi Canter 126,vehicle,road_vehicle,Light_Truck_3.5T,Mitsubishi,Canter,2014,UP LD-3436,JLBEHKPFBEJVT974D,active,moderate,93.91,2014-01-13,2017-01-13,2880fc15-f0ee-4986-8ce3-c88c53681281,390124.00,2026-07-13,2026-12-15,Mitsubishi Canter (Light Truck 3.5T) operating out of LankaLogix - Badulla on regional distribution duty.,"{""cargo_type"": ""retail_goods"", ""route_type"": ""highway_distribution"", ""operating_shift"": ""day"", ""warehouse_short"": ""BDL"", ""source_vehicle_id"": ""SLW0502""}",d24973fa-606a-4901-80ad-90da2b82381d,2014-01-13 09:00:00+00,2026-08-10 19:03:05.467947+00,regional_distribution,Mitsubishi Canter,Diesel,Automatic,independent_garage,3634.50,critical,12,50,2,C-006
342b5159-578f-4680-ad47-8fffe69e951f,LLX-BDL-0127,23a10ad6-f2ff-4aab-9878-de0f37f6bbe0,c24b3130-482c-4313-a6c9-416e6cd7c9a6,Isuzu ELF NKR 127,vehicle,road_vehicle,Light_Truck_3.5T,Isuzu,ELF NKR,2021,UP LD-8626,JAA7C909S8SHC86VV,active,moderate,64.35,2021-01-01,2024-01-01,d450eb41-e7ad-4985-a5b1-311021ac2e9d,157746.00,2026-05-11,2026-11-29,Isuzu ELF NKR (Light Truck 3.5T) operating out of LankaLogix - Badulla on regional distribution duty.,"{""cargo_type"": ""dry_goods"", ""route_type"": ""highway_distribution"", ""operating_shift"": ""three_shift"", ""warehouse_short"": ""BDL"", ""source_vehicle_id"": ""SLW0007""}",7d29aca5-e5e4-466c-bd97-faa538283028,2021-01-01 09:00:00+00,2026-08-10 19:03:05.467947+00,regional_distribution,Isuzu ELF NKR,Diesel,Manual,authorized_workshop,3081.20,high,6,16,0,C-007
0b9985e3-5787-4e75-a113-2f9f592d1d33,LLX-BDL-0128,23a10ad6-f2ff-4aab-9878-de0f37f6bbe0,c24b3130-482c-4313-a6c9-416e6cd7c9a6,Isuzu ELF NKR 128,vehicle,road_vehicle,Light_Truck_3.5T,Isuzu,ELF NKR,2020,UP LC-1789,JAAVYXWU7Z8VEWC4C,active,moderate,73.19,2020-02-07,2023-02-07,e2edbfb4-2380-494b-9a6e-6f70b8be6c90,144057.00,2026-07-06,2027-04-10,Isuzu ELF NKR (Light Truck 3.5T) operating out of LankaLogix - Badulla on regional distribution duty.,"{""cargo_type"": ""consumer_goods"", ""route_type"": ""regional_distribution"", ""operating_shift"": ""day_night"", ""warehouse_short"": ""BDL"", ""source_vehicle_id"": ""SLW0600""}",7d29aca5-e5e4-466c-bd97-faa538283028,2020-02-07 09:00:00+00,2026-08-10 19:03:05.467947+00,regional_distribution,Isuzu ELF NKR,Diesel,Automatic,OEM_dealer,3500.30,high,6,15,0,C-008
66f94254-d4cd-40d8-8b9c-b95101798ccc,LLX-BDL-0129,23a10ad6-f2ff-4aab-9878-de0f37f6bbe0,c24b3130-482c-4313-a6c9-416e6cd7c9a6,Isuzu ELF NKR 129,vehicle,road_vehicle,Light_Truck_3.5T,Isuzu,ELF NKR,2021,UP LD-1689,JAAUT2JFXPF3H0JH4,active,excellent,66.28,2021-07-19,2024-07-19,9cb44f3e-4dc3-4ac9-bf65-bb8f29efc8e6,134702.00,2026-07-31,2027-02-01,Isuzu ELF NKR (Light Truck 3.5T) operating out of LankaLogix - Badulla on regional distribution duty.,"{""cargo_type"": ""consumer_goods"", ""route_type"": ""highway_distribution"", ""operating_shift"": ""day_night"", ""warehouse_short"": ""BDL"", ""source_vehicle_id"": ""SLW0976""}",16876354-5851-462c-bcaa-9ff71f731985,2021-07-19 09:00:00+00,2026-08-10 19:03:05.467947+00,regional_distribution,Isuzu ELF NKR,Diesel,Manual,authorized_workshop,3550.40,high,6,15,0,C-009
47e10112-af29-4a95-bfd6-dfec06d326a8,LLX-BDL-0130,23a10ad6-f2ff-4aab-9878-de0f37f6bbe0,c24b3130-482c-4313-a6c9-416e6cd7c9a6,Mitsubishi Canter 130,vehicle,road_vehicle,Light_Truck_3.5T,Mitsubishi,Canter,2021,UP LD-6802,JLB2VMAPBH6BSPRSZ,active,moderate,79.33,2021-09-13,2024-09-13,,130329.00,2026-07-22,2026-12-24,Mitsubishi Canter (Light Truck 3.5T) operating out of LankaLogix - Badulla on regional distribution duty.,"{""cargo_type"": ""retail_goods"", ""route_type"": ""regional_distribution"", ""operating_shift"": ""day"", ""warehouse_short"": ""BDL"", ""source_vehicle_id"": ""SLW0951""}",613bf044-7d90-4530-bd18-c89645622a2f,2021-09-13 09:00:00+00,2026-08-10 19:03:05.467947+00,regional_distribution,Mitsubishi Canter,Diesel,Automatic,authorized_workshop,3397.00,high,6,15,0,C-010
10a4b1f4-e1e0-4b38-b78b-29080fb06f5b,LLX-BDL-0131,23a10ad6-f2ff-4aab-9878-de0f37f6bbe0,c24b3130-482c-4313-a6c9-416e6cd7c9a6,Isuzu ELF NKR 131,vehicle,road_vehicle,Light_Truck_3.5T,Isuzu,ELF NKR,2014,UP LC-9220,JAAUX127KU6TRVK8V,active,good,95.97,2014-06-14,2017-06-14,960e7df1-3079-4aab-812d-cf90bb2b019e,324092.00,2026-04-11,2026-11-01,Isuzu ELF NKR (Light Truck 3.5T) operating out of LankaLogix - Badulla on regional distribution duty.,"{""cargo_type"": ""dry_goods"", ""route_type"": ""regional_distribution"", ""operating_shift"": ""day_night"", ""warehouse_short"": ""BDL"", ""source_vehicle_id"": ""SLW0022""}",14294bcc-4609-4078-82d0-3af8051a00ce,2014-06-14 09:00:00+00,2026-08-10 19:03:05.467947+00,regional_distribution,Isuzu ELF NKR,Diesel,Manual,independent_garage,3766.80,critical,13,46,2,C-011
3a27ed31-dcb8-4a57-9546-8f4c15c92ad7,LLX-BDL-0132,23a10ad6-f2ff-4aab-9878-de0f37f6bbe0,c24b3130-482c-4313-a6c9-416e6cd7c9a6,Isuzu ELF NKR 132,vehicle,road_vehicle,Light_Truck_3.5T,Isuzu,ELF NKR,2020,UP LC-1648,JAAZ9KLRSGEWEBAU8,active,moderate,93.57,2020-10-04,2023-10-04,2d980844-162a-4581-bbc6-75b9c502e459,175046.00,2026-07-03,2026-11-06,Isuzu ELF NKR (Light Truck 3.5T) operating out of LankaLogix - Badulla on regional distribution duty.,"{""cargo_type"": ""beverages"", ""route_type"": ""highway_distribution"", ""operating_shift"": ""day"", ""warehouse_short"": ""BDL"", ""source_vehicle_id"": ""SLW1284""}",f1476a1a-5d8e-4c9d-8772-bdb92488fb29,2020-10-04 09:00:00+00,2026-08-10 19:03:05.467947+00,regional_distribution,Isuzu ELF NKR,Diesel,Manual,OEM_dealer,3536.80,critical,6,17,0,C-012
f3b66e30-7e59-461b-877d-72041b6a91da,LLX-BDL-0133,23a10ad6-f2ff-4aab-9878-de0f37f6bbe0,c24b3130-482c-4313-a6c9-416e6cd7c9a6,Mitsubishi Canter 133,vehicle,road_vehicle,Light_Truck_3.5T,Mitsubishi,Canter,2014,UP LD-4496,JLBN6ZP48GNNUJHG3,active,good,48.79,2014-05-05,2017-05-05,a1106058-8633-4392-8841-1b4ae69c79fc,322021.00,2026-05-29,2026-11-20,Mitsubishi Canter (Light Truck 3.5T) operating out of LankaLogix - Badulla on regional distribution duty.,"{""cargo_type"": ""retail_goods"", ""route_type"": ""highway_distribution"", ""operating_shift"": ""day"", ""warehouse_short"": ""BDL"", ""source_vehicle_id"": ""SLW0777""}",c40a9897-7182-4676-8f9b-339ec86e3462,2014-05-05 09:00:00+00,2026-08-10 19:03:05.467947+00,regional_distribution,Mitsubishi Canter,Diesel,Manual,authorized_workshop,3533.30,medium,13,44,3,C-013
63815f91-b07f-4471-8706-f95503cffdcc,LLX-BDL-0134,23a10ad6-f2ff-4aab-9878-de0f37f6bbe0,c24b3130-482c-4313-a6c9-416e6cd7c9a6,Isuzu ELF NKR 134,vehicle,road_vehicle,Light_Truck_3.5T,Isuzu,ELF NKR,2018,UP LC-2543,JAAVYLY9VA0TAPZU7,active,good,77.73,2018-01-05,2021-01-05,201810ef-10d6-4664-9bf3-c78ad722a6de,195875.00,2026-08-06,2027-02-10,Isuzu ELF NKR (Light Truck 3.5T) operating out of LankaLogix - Badulla on regional distribution duty.,"{""cargo_type"": ""beverages"", ""route_type"": ""highway_distribution"", ""operating_shift"": ""day"", ""warehouse_short"": ""BDL"", ""source_vehicle_id"": ""SLW0720""}",f1476a1a-5d8e-4c9d-8772-bdb92488fb29,2018-01-05 09:00:00+00,2026-08-10 19:03:05.467947+00,regional_distribution,Isuzu ELF NKR,Diesel,Manual,OEM_dealer,3288.70,high,8,24,1,C-014
21d171e0-c609-49c7-ac3b-ad9c1cdc3c09,LLX-BDL-0135,23a10ad6-f2ff-4aab-9878-de0f37f6bbe0,c24b3130-482c-4313-a6c9-416e6cd7c9a6,Tata Ultra T.7 135,vehicle,road_vehicle,Light_Truck_3.5T,Tata,Ultra T.7,2019,UP LD-1910,MAUUAAFE5WXHRASNU,under_maintenance,poor,39.69,2019-02-20,2022-02-20,,212590.00,2026-07-01,2026-11-19,Tata Ultra T.7 (Light Truck 3.5T) operating out of LankaLogix - Badulla on regional distribution duty.,"{""cargo_type"": ""dry_goods"", ""route_type"": ""regional_distribution"", ""operating_shift"": ""day"", ""warehouse_short"": ""BDL"", ""source_vehicle_id"": ""SLW0942""}",613bf044-7d90-4530-bd18-c89645622a2f,2019-02-20 09:00:00+00,2026-08-10 19:03:05.467947+00,regional_distribution,Tata Ultra T.7,Diesel,Manual,OEM_dealer,3530.90,medium,7,26,0,C-015
c252be55-fff0-4759-a186-7b97461ce11f,LLX-BDL-0136,23a10ad6-f2ff-4aab-9878-de0f37f6bbe0,c24b3130-482c-4313-a6c9-416e6cd7c9a6,Mitsubishi Canter 136,vehicle,road_vehicle,Light_Truck_3.5T,Mitsubishi,Canter,2021,UP LC-8630,JLBFD1XGXFMTZCAA1,active,good,73.56,2021-01-02,2024-01-02,c8df6c51-0e5d-4fe1-8f22-d07d9e5d7bb0,187291.00,2026-05-22,2026-12-30,Mitsubishi Canter (Light Truck 3.5T) operating out of LankaLogix - Badulla on regional distribution duty.,"{""cargo_type"": ""retail_goods"", ""route_type"": ""highway_distribution"", ""operating_shift"": ""day_night"", ""warehouse_short"": ""BDL"", ""source_vehicle_id"": ""SLW0993""}",613bf044-7d90-4530-bd18-c89645622a2f,2021-01-02 09:00:00+00,2026-08-10 19:03:05.467947+00,regional_distribution,Mitsubishi Canter,Diesel,Manual,independent_garage,3372.90,high,6,16,0,C-016
26c7c85e-3eb1-40f2-b812-7f8fdb19ef7c,LLX-BDL-0137,23a10ad6-f2ff-4aab-9878-de0f37f6bbe0,c24b3130-482c-4313-a6c9-416e6cd7c9a6,Mitsubishi Canter 137,vehicle,road_vehicle,Light_Truck_3.5T,Mitsubishi,Canter,2018,UP LC-8598,JLBCBHT7P8RS7T3X0,active,moderate,89.20,2018-02-17,2021-02-17,53950c8c-c163-431d-b49c-bfd8733ae431,207545.00,2026-02-13,2026-09-30,Mitsubishi Canter (Light Truck 3.5T) operating out of LankaLogix - Badulla on regional distribution duty.,"{""cargo_type"": ""dry_goods"", ""route_type"": ""highway_distribution"", ""operating_shift"": ""three_shift"", ""warehouse_short"": ""BDL"", ""source_vehicle_id"": ""SLW1072""}",613bf044-7d90-4530-bd18-c89645622a2f,2018-02-17 09:00:00+00,2026-08-10 19:03:05.467947+00,regional_distribution,Mitsubishi Canter,Diesel,Automatic,OEM_dealer,3365.60,critical,9,21,1,C-017
87202233-d45b-406f-9ccc-8fd80fe7571e,LLX-BDL-0138,23a10ad6-f2ff-4aab-9878-de0f37f6bbe0,c24b3130-482c-4313-a6c9-416e6cd7c9a6,Mitsubishi Canter 138,vehicle,road_vehicle,Light_Truck_3.5T,Mitsubishi,Canter,2018,UP LD-8106,JLBVB6KZ0ULERBAU0,active,good,94.50,2018-04-23,2021-04-23,,172537.00,2026-05-26,2026-11-21,Mitsubishi Canter (Light Truck 3.5T) operating out of LankaLogix - Badulla on regional distribution duty.,"{""cargo_type"": ""beverages"", ""route_type"": ""highway_distribution"", ""operating_shift"": ""day"", ""warehouse_short"": ""BDL"", ""source_vehicle_id"": ""SLW0697""}",613bf044-7d90-4530-bd18-c89645622a2f,2018-04-23 09:00:00+00,2026-08-10 19:03:05.467947+00,regional_distribution,Mitsubishi Canter,Diesel,Automatic,independent_garage,3614.90,critical,8,24,1,C-018
93d54ce6-7d07-477a-90fa-6d1a7204c708,LLX-BDL-0139,23a10ad6-f2ff-4aab-9878-de0f37f6bbe0,c24b3130-482c-4313-a6c9-416e6cd7c9a6,Tata Ultra T.7 139,vehicle,road_vehicle,Light_Truck_3.5T,Tata,Ultra T.7,2018,UP LD-4398,MAUCCRKT1CKBB6M8H,under_maintenance,critical,40.55,2018-10-03,2021-10-03,,252131.00,2026-05-20,2026-09-03,Tata Ultra T.7 (Light Truck 3.5T) operating out of LankaLogix - Badulla on regional distribution duty.,"{""cargo_type"": ""dry_goods"", ""route_type"": ""regional_distribution"", ""operating_shift"": ""three_shift"", ""warehouse_short"": ""BDL"", ""source_vehicle_id"": ""SLW1312""}",7d29aca5-e5e4-466c-bd97-faa538283028,2018-10-03 09:00:00+00,2026-08-10 19:03:05.467947+00,regional_distribution,Tata Ultra T.7,Diesel,Automatic,independent_garage,3518.60,medium,8,35,0,C-019
5ce1a851-6e04-4d09-bfc8-595a14a52caf,LLX-BDL-0140,23a10ad6-f2ff-4aab-9878-de0f37f6bbe0,c24b3130-482c-4313-a6c9-416e6cd7c9a6,Mitsubishi Canter 140,vehicle,road_vehicle,Light_Truck_3.5T,Mitsubishi,Canter,2017,UP LC-7770,JLB84PKA4MTN8UNWD,active,moderate,76.71,2017-05-06,2020-05-06,84ba50f5-a2ed-4682-8ba5-e5556fff4b51,290721.00,2026-04-11,2026-09-27,Mitsubishi Canter (Light Truck 3.5T) operating out of LankaLogix - Badulla on regional distribution duty.,"{""cargo_type"": ""beverages"", ""route_type"": ""regional_distribution"", ""operating_shift"": ""day"", ""warehouse_short"": ""BDL"", ""source_vehicle_id"": ""SLW0838""}",16876354-5851-462c-bcaa-9ff71f731985,2017-05-06 09:00:00+00,2026-08-10 19:03:05.467947+00,regional_distribution,Mitsubishi Canter,Diesel,Automatic,independent_garage,3579.40,high,10,39,0,C-020
494ddccb-59ef-4729-bb66-368d4a589906,LLX-BDL-0141,23a10ad6-f2ff-4aab-9878-de0f37f6bbe0,c24b3130-482c-4313-a6c9-416e6cd7c9a6,Tata Ultra T.7 141,vehicle,road_vehicle,Light_Truck_3.5T,Tata,Ultra T.7,2016,UP LD-8219,MAUNVUKKKLKJ7RCP8,active,moderate,63.11,2016-09-08,2019-09-08,7d4e3301-e869-4ed7-9374-1dfae1c92334,262275.00,2026-08-10,2026-08-17,Tata Ultra T.7 (Light Truck 3.5T) operating out of LankaLogix - Badulla on regional distribution duty.,"{""cargo_type"": ""consumer_goods"", ""route_type"": ""highway_distribution"", ""operating_shift"": ""day_night"", ""warehouse_short"": ""BDL"", ""source_vehicle_id"": ""SLW0941""}",14294bcc-4609-4078-82d0-3af8051a00ce,2016-09-08 09:00:00+00,2026-08-10 19:03:05.467947+00,regional_distribution,Tata Ultra T.7,Diesel,Manual,authorized_workshop,3701.80,high,10,34,2,C-021
1e1c014a-889e-4258-ad68-3977cacba92f,LLX-BDL-0142,23a10ad6-f2ff-4aab-9878-de0f37f6bbe0,c24b3130-482c-4313-a6c9-416e6cd7c9a6,Mitsubishi Canter 142,vehicle,road_vehicle,Light_Truck_3.5T,Mitsubishi,Canter,2019,UP LC-7777,JLBKKJXYG9JJV1TXD,active,poor,44.04,2019-04-03,2022-04-03,d1e3297e-159c-47bf-9c07-676bf0b6930c,201399.00,2026-04-28,2026-11-03,Mitsubishi Canter (Light Truck 3.5T) operating out of LankaLogix - Badulla on regional distribution duty.,"{""cargo_type"": ""retail_goods"", ""route_type"": ""highway_distribution"", ""operating_shift"": ""day"", ""warehouse_short"": ""BDL"", ""source_vehicle_id"": ""SLW0322""}",1ca1591a-073e-4f99-adcd-0fb32f509e5a,2019-04-03 09:00:00+00,2026-08-10 19:03:05.467947+00,regional_distribution,Mitsubishi Canter,Diesel,Manual,authorized_workshop,3417.10,medium,8,20,0,C-022
ad143dcb-9121-4cc4-b430-85bade41eb2c,LLX-BDL-0143,23a10ad6-f2ff-4aab-9878-de0f37f6bbe0,c24b3130-482c-4313-a6c9-416e6cd7c9a6,Mitsubishi Canter 143,vehicle,road_vehicle,Light_Truck_3.5T,Mitsubishi,Canter,2020,UP LD-3925,JLBNE5M6C38UF3K3H,active,moderate,95.32,2020-02-19,2023-02-19,84ba50f5-a2ed-4682-8ba5-e5556fff4b51,177837.00,2026-05-03,2027-01-22,Mitsubishi Canter (Light Truck 3.5T) operating out of LankaLogix - Badulla on regional distribution duty.,"{""cargo_type"": ""retail_goods"", ""route_type"": ""highway_distribution"", ""operating_shift"": ""day"", ""warehouse_short"": ""BDL"", ""source_vehicle_id"": ""SLW0602""}",c40a9897-7182-4676-8f9b-339ec86e3462,2020-02-19 09:00:00+00,2026-08-10 19:03:05.467947+00,regional_distribution,Mitsubishi Canter,Diesel,Manual,authorized_workshop,3391.40,critical,7,17,0,C-023
84e4a5d9-42f1-40e6-9099-bdfec506c781,LLX-BDL-0144,23a10ad6-f2ff-4aab-9878-de0f37f6bbe0,c24b3130-482c-4313-a6c9-416e6cd7c9a6,Tata Ultra T.7 144,vehicle,road_vehicle,Light_Truck_3.5T,Tata,Ultra T.7,2019,UP LD-2973,MAU237AC8TVNSZU6T,active,moderate,79.58,2019-06-19,2022-06-19,,212890.00,2026-08-01,2026-09-02,Tata Ultra T.7 (Light Truck 3.5T) operating out of LankaLogix - Badulla on regional distribution duty.,"{""cargo_type"": ""retail_goods"", ""route_type"": ""highway_distribution"", ""operating_shift"": ""day"", ""warehouse_short"": ""BDL"", ""source_vehicle_id"": ""SLW1182""}",14294bcc-4609-4078-82d0-3af8051a00ce,2019-06-19 09:00:00+00,2026-08-10 19:03:05.467947+00,regional_distribution,Tata Ultra T.7,Diesel,Manual,independent_garage,3361.20,high,7,32,0,C-024
8a110968-5b9a-44c9-8bf9-1050c6aece48,LLX-BDL-0145,23a10ad6-f2ff-4aab-9878-de0f37f6bbe0,c24b3130-482c-4313-a6c9-416e6cd7c9a6,Isuzu ELF NKR 145,vehicle,road_vehicle,Light_Truck_3.5T,Isuzu,ELF NKR,2016,UP LD-2033,JAARPHF5WYY6KCK5R,active,moderate,61.40,2016-04-11,2019-04-11,0661c773-90d6-4247-9f59-6009767ab963,279536.00,2026-04-09,2026-10-07,Isuzu ELF NKR (Light Truck 3.5T) operating out of LankaLogix - Badulla on regional distribution duty.,"{""cargo_type"": ""retail_goods"", ""route_type"": ""regional_distribution"", ""operating_shift"": ""day"", ""warehouse_short"": ""BDL"", ""source_vehicle_id"": ""SLW0870""}",613bf044-7d90-4530-bd18-c89645622a2f,2016-04-11 09:00:00+00,2026-08-10 19:03:05.467947+00,regional_distribution,Isuzu ELF NKR,Diesel,Manual,authorized_workshop,3685.90,medium,11,37,1,C-025
ead9f42e-6090-45ef-9590-1502803fb60c,LLX-BDL-0146,23a10ad6-f2ff-4aab-9878-de0f37f6bbe0,c24b3130-482c-4313-a6c9-416e6cd7c9a6,Mitsubishi Canter 146,vehicle,road_vehicle,Light_Truck_3.5T,Mitsubishi,Canter,2014,UP LC-5324,JLB3P7RNN4W1EMEGA,inactive,poor,68.64,2014-04-07,2017-04-07,,375359.00,2026-03-22,2026-08-27,Mitsubishi Canter (Light Truck 3.5T) operating out of LankaLogix - Badulla on regional distribution duty.,"{""cargo_type"": ""consumer_goods"", ""route_type"": ""highway_distribution"", ""operating_shift"": ""day"", ""warehouse_short"": ""BDL"", ""source_vehicle_id"": ""SLW0996""}",14294bcc-4609-4078-82d0-3af8051a00ce,2014-04-07 09:00:00+00,2026-08-10 19:03:05.467947+00,regional_distribution,Mitsubishi Canter,Diesel,Manual,authorized_workshop,3490.10,high,13,45,2,C-026
0d0e64f1-f075-49a1-acad-896021c7812c,LLX-BDL-0147,23a10ad6-f2ff-4aab-9878-de0f37f6bbe0,c24b3130-482c-4313-a6c9-416e6cd7c9a6,Mitsubishi Canter 147,vehicle,road_vehicle,Light_Truck_3.5T,Mitsubishi,Canter,2015,UP LC-5368,JLBR13VXMXJHRRBDP,active,moderate,72.24,2015-09-25,2018-09-25,6ae8d7b8-8631-4dc1-aaed-6838a1b9ba2b,317554.00,2026-06-08,2027-02-04,Mitsubishi Canter (Light Truck 3.5T) operating out of LankaLogix - Badulla on regional distribution duty.,"{""cargo_type"": ""beverages"", ""route_type"": ""highway_distribution"", ""operating_shift"": ""day_night"", ""warehouse_short"": ""BDL"", ""source_vehicle_id"": ""SLW0845""}",1ca1591a-073e-4f99-adcd-0fb32f509e5a,2015-09-25 09:00:00+00,2026-08-10 19:03:05.467947+00,regional_distribution,Mitsubishi Canter,Diesel,Manual,authorized_workshop,3537.40,high,12,41,2,C-027
5ce85f8b-3bfc-49e7-acc4-d01d30943995,LLX-BDL-0148,23a10ad6-f2ff-4aab-9878-de0f37f6bbe0,c24b3130-482c-4313-a6c9-416e6cd7c9a6,Tata Ultra T.7 148,vehicle,road_vehicle,Light_Truck_3.5T,Tata,Ultra T.7,2015,UP LC-7562,MAU704PYCJ670U09W,active,moderate,74.58,2015-02-10,2018-02-10,8a0dc0c8-8bed-4024-a051-dbed41ba8410,282187.00,2026-06-27,2026-10-14,Tata Ultra T.7 (Light Truck 3.5T) operating out of LankaLogix - Badulla on regional distribution duty.,"{""cargo_type"": ""beverages"", ""route_type"": ""regional_distribution"", ""operating_shift"": ""day"", ""warehouse_short"": ""BDL"", ""source_vehicle_id"": ""SLW0715""}",14294bcc-4609-4078-82d0-3af8051a00ce,2015-02-10 09:00:00+00,2026-08-10 19:03:05.467947+00,regional_distribution,Tata Ultra T.7,Diesel,Manual,authorized_workshop,3522.40,high,11,39,1,C-028
888d5995-c776-4db5-af30-05bb5e3b2f25,LLX-BDL-0149,23a10ad6-f2ff-4aab-9878-de0f37f6bbe0,c24b3130-482c-4313-a6c9-416e6cd7c9a6,Tata Ultra T.7 149,vehicle,road_vehicle,Light_Truck_3.5T,Tata,Ultra T.7,2017,UP LC-3862,MAUGMFZYNDBX5JFSR,active,good,41.74,2017-06-04,2020-06-04,1f244e06-5a87-45ce-934d-263326f32549,260181.00,2026-07-01,2026-10-24,Tata Ultra T.7 (Light Truck 3.5T) operating out of LankaLogix - Badulla on regional distribution duty.,"{""cargo_type"": ""beverages"", ""route_type"": ""regional_distribution"", ""operating_shift"": ""day"", ""warehouse_short"": ""BDL"", ""source_vehicle_id"": ""SLW1238""}",c40a9897-7182-4676-8f9b-339ec86e3462,2017-06-04 09:00:00+00,2026-08-10 19:03:05.467947+00,regional_distribution,Tata Ultra T.7,Diesel,Manual,independent_garage,3570.80,medium,9,38,2,C-029
29f4e1a7-ac55-4fa2-b7bd-e1cf8e4b7b91,LLX-BDL-0150,23a10ad6-f2ff-4aab-9878-de0f37f6bbe0,c24b3130-482c-4313-a6c9-416e6cd7c9a6,Mitsubishi Canter 150,vehicle,road_vehicle,Light_Truck_3.5T,Mitsubishi,Canter,2020,UP LD-9417,JLB96E8KGTZ9XMA2A,active,moderate,58.62,2020-12-05,2023-12-05,15b87d03-89b9-407f-abbf-8dc82d73f93f,205571.00,2026-06-21,2026-10-19,Mitsubishi Canter (Light Truck 3.5T) operating out of LankaLogix - Badulla on regional distribution duty.,"{""cargo_type"": ""retail_goods"", ""route_type"": ""highway_distribution"", ""operating_shift"": ""three_shift"", ""warehouse_short"": ""BDL"", ""source_vehicle_id"": ""SLW1136""}",1ca1591a-073e-4f99-adcd-0fb32f509e5a,2020-12-05 09:00:00+00,2026-08-10 19:03:05.467947+00,regional_distribution,Mitsubishi Canter,Diesel,Manual,authorized_workshop,3393.80,medium,7,23,1,C-030
cfb0be1e-6122-48be-8c07-03c180d88f67,LLX-BDL-0151,23a10ad6-f2ff-4aab-9878-de0f37f6bbe0,c24b3130-482c-4313-a6c9-416e6cd7c9a6,Mitsubishi Canter 151,vehicle,road_vehicle,Light_Truck_3.5T,Mitsubishi,Canter,2018,UP LC-8606,JLBBY9CAY9ST6N1W1,active,good,65.46,2018-04-05,2021-04-05,525885b4-8242-4b0e-9389-e73ab4da0883,250388.00,2026-05-06,2026-10-15,Mitsubishi Canter (Light Truck 3.5T) operating out of LankaLogix - Badulla on regional distribution duty.,"{""cargo_type"": ""beverages"", ""route_type"": ""highway_distribution"", ""operating_shift"": ""day"", ""warehouse_short"": ""BDL"", ""source_vehicle_id"": ""SLW0606""}",613bf044-7d90-4530-bd18-c89645622a2f,2018-04-05 09:00:00+00,2026-08-10 19:03:05.467947+00,regional_distribution,Mitsubishi Canter,Diesel,Manual,OEM_dealer,3809.10,high,9,24,0,C-031
fc48457d-db96-42a9-b510-f220fc33fb62,LLX-BDL-0152,23a10ad6-f2ff-4aab-9878-de0f37f6bbe0,c24b3130-482c-4313-a6c9-416e6cd7c9a6,Isuzu ELF NKR 152,vehicle,road_vehicle,Light_Truck_3.5T,Isuzu,ELF NKR,2016,UP LD-7826,JAA12MK5F0TVDJJ5V,active,poor,59.86,2016-10-12,2019-10-12,,326138.00,2026-05-14,2026-10-01,Isuzu ELF NKR (Light Truck 3.5T) operating out of LankaLogix - Badulla on regional distribution duty.,"{""cargo_type"": ""consumer_goods"", ""route_type"": ""regional_distribution"", ""operating_shift"": ""day"", ""warehouse_short"": ""BDL"", ""source_vehicle_id"": ""SLW1278""}",c40a9897-7182-4676-8f9b-339ec86e3462,2016-10-12 09:00:00+00,2026-08-10 19:03:05.467947+00,regional_distribution,Isuzu ELF NKR,Diesel,Manual,OEM_dealer,3647.00,medium,10,41,3,C-032
c0b34cab-72e9-4cb3-8187-f60431d599f0,LLX-BDL-0153,23a10ad6-f2ff-4aab-9878-de0f37f6bbe0,c24b3130-482c-4313-a6c9-416e6cd7c9a6,Tata Ultra T.7 153,vehicle,road_vehicle,Light_Truck_3.5T,Tata,Ultra T.7,2020,UP LC-1902,MAUZJ899BAUVL2ULP,active,moderate,66.98,2020-11-17,2023-11-17,782ac408-28cd-4fd3-b56b-21cca25714bb,161901.00,2026-07-13,2026-10-18,Tata Ultra T.7 (Light Truck 3.5T) operating out of LankaLogix - Badulla on regional distribution duty.,"{""cargo_type"": ""retail_goods"", ""route_type"": ""regional_distribution"", ""operating_shift"": ""day_night"", ""warehouse_short"": ""BDL"", ""source_vehicle_id"": ""SLW0844""}",613bf044-7d90-4530-bd18-c89645622a2f,2020-11-17 09:00:00+00,2026-08-10 19:03:05.467947+00,regional_distribution,Tata Ultra T.7,Diesel,Manual,authorized_workshop,3621.90,high,6,25,0,C-033
cc38b41e-77b1-4aac-8f57-43cc9bce4fc7,LLX-BDL-0154,23a10ad6-f2ff-4aab-9878-de0f37f6bbe0,c24b3130-482c-4313-a6c9-416e6cd7c9a6,Tata Ultra T.7 154,vehicle,road_vehicle,Light_Truck_3.5T,Tata,Ultra T.7,2020,UP LC-1941,MAUPD9UU01DAVRNNA,active,moderate,57.39,2020-10-16,2023-10-16,e2f4db5d-5268-451f-8f58-023f568f8422,174093.00,2026-05-14,2026-09-17,Tata Ultra T.7 (Light Truck 3.5T) operating out of LankaLogix - Badulla on regional distribution duty.,"{""cargo_type"": ""retail_goods"", ""route_type"": ""highway_distribution"", ""operating_shift"": ""day_night"", ""warehouse_short"": ""BDL"", ""source_vehicle_id"": ""SLW0042""}",14294bcc-4609-4078-82d0-3af8051a00ce,2020-10-16 09:00:00+00,2026-08-10 19:03:05.467947+00,regional_distribution,Tata Ultra T.7,Diesel,Automatic,authorized_workshop,3551.10,medium,6,25,0,C-034
97702f0f-3f78-4300-ad98-8c6eae9006f5,LLX-BDL-0155,23a10ad6-f2ff-4aab-9878-de0f37f6bbe0,c24b3130-482c-4313-a6c9-416e6cd7c9a6,Tata Ultra T.7 155,vehicle,road_vehicle,Light_Truck_3.5T,Tata,Ultra T.7,2014,UP LD-2021,MAUCHPVMSNUYC7PEK,inactive,moderate,63.73,2014-08-22,2017-08-22,,357277.00,2026-06-04,2026-10-29,Tata Ultra T.7 (Light Truck 3.5T) operating out of LankaLogix - Badulla on regional distribution duty.,"{""cargo_type"": ""dry_goods"", ""route_type"": ""regional_distribution"", ""operating_shift"": ""day"", ""warehouse_short"": ""BDL"", ""source_vehicle_id"": ""SLW0965""}",16876354-5851-462c-bcaa-9ff71f731985,2014-08-22 09:00:00+00,2026-08-10 19:03:05.467947+00,regional_distribution,Tata Ultra T.7,Diesel,Manual,authorized_workshop,3493.40,high,13,41,2,C-035
60688d5c-4263-4307-b316-14f375cc5c8e,LLX-BDL-0156,23a10ad6-f2ff-4aab-9878-de0f37f6bbe0,c24b3130-482c-4313-a6c9-416e6cd7c9a6,Mitsubishi Canter 156,vehicle,road_vehicle,Light_Truck_3.5T,Mitsubishi,Canter,2018,UP LD-9286,JLBSN1K0VHZF82HLS,active,poor,54.04,2018-01-16,2021-01-16,f121048d-936a-437c-a161-9f7e901f17d8,265058.00,2026-03-07,2026-08-26,Mitsubishi Canter (Light Truck 3.5T) operating out of LankaLogix - Badulla on regional distribution duty.,"{""cargo_type"": ""dry_goods"", ""route_type"": ""regional_distribution"", ""operating_shift"": ""day_night"", ""warehouse_short"": ""BDL"", ""source_vehicle_id"": ""SLW1346""}",16876354-5851-462c-bcaa-9ff71f731985,2018-01-16 09:00:00+00,2026-08-10 19:03:05.467947+00,regional_distribution,Mitsubishi Canter,Diesel,Manual,independent_garage,3546.90,medium,8,28,0,C-036
b9f3d8bc-9164-4467-9e38-a5e73035748b,LLX-BDL-0157,23a10ad6-f2ff-4aab-9878-de0f37f6bbe0,c24b3130-482c-4313-a6c9-416e6cd7c9a6,Isuzu ELF NKR 157,vehicle,road_vehicle,Light_Truck_3.5T,Isuzu,ELF NKR,2018,UP LD-4236,JAA8LXF9CSAU49JMT,active,good,72.73,2018-01-28,2021-01-28,363395ad-bc4d-48d7-9bb3-13e893e92e82,245149.00,2026-08-07,2027-04-07,Isuzu ELF NKR (Light Truck 3.5T) operating out of LankaLogix - Badulla on regional distribution duty.,"{""cargo_type"": ""consumer_goods"", ""route_type"": ""highway_distribution"", ""operating_shift"": ""day"", ""warehouse_short"": ""BDL"", ""source_vehicle_id"": ""SLW0125""}",c40a9897-7182-4676-8f9b-339ec86e3462,2018-01-28 09:00:00+00,2026-08-10 19:03:05.467947+00,regional_distribution,Isuzu ELF NKR,Diesel,Manual,authorized_workshop,3382.10,high,8,21,0,C-037
8b75dceb-594a-4502-8cc6-0c0759113370,LLX-BDL-0158,23a10ad6-f2ff-4aab-9878-de0f37f6bbe0,c24b3130-482c-4313-a6c9-416e6cd7c9a6,Mitsubishi Canter 158,vehicle,road_vehicle,Light_Truck_3.5T,Mitsubishi,Canter,2020,UP LD-5165,JLBTKCH5VR0B8C17X,active,moderate,59.69,2020-01-07,2023-01-07,,158491.00,2026-03-07,2026-11-15,Mitsubishi Canter (Light Truck 3.5T) operating out of LankaLogix - Badulla on regional distribution duty.,"{""cargo_type"": ""retail_goods"", ""route_type"": ""highway_distribution"", ""operating_shift"": ""three_shift"", ""warehouse_short"": ""BDL"", ""source_vehicle_id"": ""SLW1035""}",7d29aca5-e5e4-466c-bd97-faa538283028,2020-01-07 09:00:00+00,2026-08-10 19:03:05.467947+00,regional_distribution,Mitsubishi Canter,Diesel,Manual,OEM_dealer,3596.80,medium,6,15,0,C-038
b98ca446-093f-4081-8f4c-499460c277f6,LLX-BDL-0159,23a10ad6-f2ff-4aab-9878-de0f37f6bbe0,c24b3130-482c-4313-a6c9-416e6cd7c9a6,Mitsubishi Canter 159,vehicle,road_vehicle,Light_Truck_3.5T,Mitsubishi,Canter,2017,UP LD-6799,JLBAVZF3L5DE8095F,active,poor,68.59,2017-11-21,2020-11-21,983f9089-e5b9-47df-95ca-ffb5d0ca1c39,281104.00,2026-02-26,2026-09-27,Mitsubishi Canter (Light Truck 3.5T) operating out of LankaLogix - Badulla on regional distribution duty.,"{""cargo_type"": ""beverages"", ""route_type"": ""highway_distribution"", ""operating_shift"": ""day"", ""warehouse_short"": ""BDL"", ""source_vehicle_id"": ""SLW0303""}",613bf044-7d90-4530-bd18-c89645622a2f,2017-11-21 09:00:00+00,2026-08-10 19:03:05.467947+00,regional_distribution,Mitsubishi Canter,Diesel,Manual,authorized_workshop,3570.40,high,9,25,0,C-039
bb522542-5ccd-4f1e-8bf5-69d1f7995a98,LLX-BDL-0160,23a10ad6-f2ff-4aab-9878-de0f37f6bbe0,c24b3130-482c-4313-a6c9-416e6cd7c9a6,Tata Ultra T.7 160,vehicle,road_vehicle,Light_Truck_3.5T,Tata,Ultra T.7,2019,UP LC-7142,MAULYDEY10MDDCGC3,active,poor,91.34,2019-03-26,2022-03-26,6947c9f5-0bf6-4d86-a562-5339ac82f575,187260.00,2026-04-24,2026-09-17,Tata Ultra T.7 (Light Truck 3.5T) operating out of LankaLogix - Badulla on regional distribution duty.,"{""cargo_type"": ""dry_goods"", ""route_type"": ""highway_distribution"", ""operating_shift"": ""day_night"", ""warehouse_short"": ""BDL"", ""source_vehicle_id"": ""SLW0164""}",1ca1591a-073e-4f99-adcd-0fb32f509e5a,2019-03-26 09:00:00+00,2026-08-10 19:03:05.467947+00,regional_distribution,Tata Ultra T.7,Diesel,Manual,OEM_dealer,3532.80,critical,8,28,0,C-040
b8f84319-275a-4e51-aa52-bb299d3e0453,LLX-BDL-0161,23a10ad6-f2ff-4aab-9878-de0f37f6bbe0,c24b3130-482c-4313-a6c9-416e6cd7c9a6,Tata Ultra T.7 161,vehicle,road_vehicle,Light_Truck_3.5T,Tata,Ultra T.7,2018,UP LD-4104,MAU7PMT6NCMA7ZJRT,active,poor,82.19,2018-08-18,2021-08-18,5250a6e8-dae1-44d3-a749-0de618f21f17,193597.00,2026-04-01,2026-09-06,Tata Ultra T.7 (Light Truck 3.5T) operating out of LankaLogix - Badulla on regional distribution duty.,"{""cargo_type"": ""consumer_goods"", ""route_type"": ""highway_distribution"", ""operating_shift"": ""three_shift"", ""warehouse_short"": ""BDL"", ""source_vehicle_id"": ""SLW1331""}",d24973fa-606a-4901-80ad-90da2b82381d,2018-08-18 09:00:00+00,2026-08-10 19:03:05.467947+00,regional_distribution,Tata Ultra T.7,Diesel,Automatic,independent_garage,3603.90,critical,9,30,0,C-041
812d8556-22ff-467c-babd-9f99de282b74,LLX-BDL-0162,23a10ad6-f2ff-4aab-9878-de0f37f6bbe0,c24b3130-482c-4313-a6c9-416e6cd7c9a6,Tata Ultra T.7 162,vehicle,road_vehicle,Light_Truck_3.5T,Tata,Ultra T.7,2018,UP LC-5439,MAU38T91ZFWB1LZ16,active,moderate,43.00,2018-04-15,2021-04-15,83d472b5-dd92-42a8-a953-35d233862a56,205150.00,2026-06-07,2027-01-02,Tata Ultra T.7 (Light Truck 3.5T) operating out of LankaLogix - Badulla on regional distribution duty.,"{""cargo_type"": ""consumer_goods"", ""route_type"": ""regional_distribution"", ""operating_shift"": ""day_night"", ""warehouse_short"": ""BDL"", ""source_vehicle_id"": ""SLW0802""}",613bf044-7d90-4530-bd18-c89645622a2f,2018-04-15 09:00:00+00,2026-08-10 19:03:05.467947+00,regional_distribution,Tata Ultra T.7,Diesel,Automatic,OEM_dealer,3314.10,medium,9,30,0,C-042
013836a4-96d9-4bea-91e6-9a5dfc304cae,LLX-BDL-0163,23a10ad6-f2ff-4aab-9878-de0f37f6bbe0,c24b3130-482c-4313-a6c9-416e6cd7c9a6,Mitsubishi Canter 163,vehicle,road_vehicle,Light_Truck_3.5T,Mitsubishi,Canter,2017,UP LD-9256,JLBR2SGG47HWDD58L,active,moderate,57.90,2017-04-02,2020-04-02,,231619.00,2026-05-08,2026-12-18,Mitsubishi Canter (Light Truck 3.5T) operating out of LankaLogix - Badulla on regional distribution duty.,"{""cargo_type"": ""dry_goods"", ""route_type"": ""highway_distribution"", ""operating_shift"": ""day_night"", ""warehouse_short"": ""BDL"", ""source_vehicle_id"": ""SLW1348""}",16876354-5851-462c-bcaa-9ff71f731985,2017-04-02 09:00:00+00,2026-08-10 19:03:05.467947+00,regional_distribution,Mitsubishi Canter,Diesel,Manual,independent_garage,3722.90,medium,9,27,0,C-043
3f789832-22dd-4389-85ef-5ec6fa3288f7,LLX-BDL-0164,23a10ad6-f2ff-4aab-9878-de0f37f6bbe0,c24b3130-482c-4313-a6c9-416e6cd7c9a6,Isuzu ELF NKR 164,vehicle,road_vehicle,Light_Truck_3.5T,Isuzu,ELF NKR,2016,UP LD-7842,JAA9TLETGRXUDXC5G,active,moderate,53.42,2016-07-12,2019-07-12,64c71f07-a329-4f95-8846-fc22a5ae7b0d,282272.00,2026-06-05,2026-11-27,Isuzu ELF NKR (Light Truck 3.5T) operating out of LankaLogix - Badulla on regional distribution duty.,"{""cargo_type"": ""beverages"", ""route_type"": ""regional_distribution"", ""operating_shift"": ""three_shift"", ""warehouse_short"": ""BDL"", ""source_vehicle_id"": ""SLW1190""}",613bf044-7d90-4530-bd18-c89645622a2f,2016-07-12 09:00:00+00,2026-08-10 19:03:05.467947+00,regional_distribution,Isuzu ELF NKR,Diesel,Manual,authorized_workshop,3372.50,medium,10,25,2,C-044
a723de84-5fcc-4974-927a-a3c4ac7e539c,LLX-BDL-0165,23a10ad6-f2ff-4aab-9878-de0f37f6bbe0,c24b3130-482c-4313-a6c9-416e6cd7c9a6,Mitsubishi Canter 165,vehicle,road_vehicle,Light_Truck_3.5T,Mitsubishi,Canter,2020,UP LD-3343,JLB7FH2UCL2R2A2F9,active,good,73.90,2020-10-23,2023-10-23,ab83ce15-7469-4677-a0ab-60c04e80dc38,139474.00,2026-06-28,2027-01-01,Mitsubishi Canter (Light Truck 3.5T) operating out of LankaLogix - Badulla on regional distribution duty.,"{""cargo_type"": ""retail_goods"", ""route_type"": ""regional_distribution"", ""operating_shift"": ""day_night"", ""warehouse_short"": ""BDL"", ""source_vehicle_id"": ""SLW0237""}",7d29aca5-e5e4-466c-bd97-faa538283028,2020-10-23 09:00:00+00,2026-08-10 19:03:05.467947+00,regional_distribution,Mitsubishi Canter,Diesel,Manual,independent_garage,3540.10,high,7,23,0,C-045
49dfc7f2-0709-4f08-965c-215766796312,LLX-BDL-0166,23a10ad6-f2ff-4aab-9878-de0f37f6bbe0,c24b3130-482c-4313-a6c9-416e6cd7c9a6,Mitsubishi Canter 166,vehicle,road_vehicle,Light_Truck_3.5T,Mitsubishi,Canter,2020,UP LD-7350,JLBY9NK787A7DEXBR,active,good,50.04,2020-04-10,2023-04-10,930dfee4-c7f8-450e-835c-d73f0743f879,206000.00,2026-06-25,2027-02-01,Mitsubishi Canter (Light Truck 3.5T) operating out of LankaLogix - Badulla on regional distribution duty.,"{""cargo_type"": ""beverages"", ""route_type"": ""highway_distribution"", ""operating_shift"": ""day_night"", ""warehouse_short"": ""BDL"", ""source_vehicle_id"": ""SLW0376""}",c40a9897-7182-4676-8f9b-339ec86e3462,2020-04-10 09:00:00+00,2026-08-10 19:03:05.467947+00,regional_distribution,Mitsubishi Canter,Diesel,Automatic,OEM_dealer,3484.60,medium,6,16,0,C-046
23238431-19a8-4401-b489-23e6dfec215b,LLX-BDL-0167,23a10ad6-f2ff-4aab-9878-de0f37f6bbe0,c24b3130-482c-4313-a6c9-416e6cd7c9a6,Mitsubishi Canter 167,vehicle,road_vehicle,Light_Truck_3.5T,Mitsubishi,Canter,2016,UP LD-7859,JLBDP4BK69YA2V7C2,active,moderate,94.03,2016-07-04,2019-07-04,,320326.00,2026-07-25,2027-01-05,Mitsubishi Canter (Light Truck 3.5T) operating out of LankaLogix - Badulla on regional distribution duty.,"{""cargo_type"": ""beverages"", ""route_type"": ""regional_distribution"", ""operating_shift"": ""day_night"", ""warehouse_short"": ""BDL"", ""source_vehicle_id"": ""SLW1220""}",f1476a1a-5d8e-4c9d-8772-bdb92488fb29,2016-07-04 09:00:00+00,2026-08-10 19:03:05.467947+00,regional_distribution,Mitsubishi Canter,Diesel,Automatic,authorized_workshop,3582.30,critical,11,31,2,C-047
a5e7465d-4c28-41f5-8b20-50c5086077b3,LLX-BDL-0168,23a10ad6-f2ff-4aab-9878-de0f37f6bbe0,c24b3130-482c-4313-a6c9-416e6cd7c9a6,Tata Ultra T.7 168,vehicle,road_vehicle,Light_Truck_3.5T,Tata,Ultra T.7,2018,UP LD-3051,MAUMAGR65VPTLUCR8,active,poor,49.82,2018-10-09,2021-10-09,,204255.00,2026-04-11,2026-10-09,Tata Ultra T.7 (Light Truck 3.5T) operating out of LankaLogix - Badulla on regional distribution duty.,"{""cargo_type"": ""consumer_goods"", ""route_type"": ""highway_distribution"", ""operating_shift"": ""day_night"", ""warehouse_short"": ""BDL"", ""source_vehicle_id"": ""SLW0638""}",14294bcc-4609-4078-82d0-3af8051a00ce,2018-10-09 09:00:00+00,2026-08-10 19:03:05.467947+00,regional_distribution,Tata Ultra T.7,Diesel,Automatic,OEM_dealer,3841.90,medium,8,25,0,C-048
8d6826db-fd8f-4c61-95be-d845335c312d,LLX-BDL-0169,23a10ad6-f2ff-4aab-9878-de0f37f6bbe0,c24b3130-482c-4313-a6c9-416e6cd7c9a6,Tata Ultra T.7 169,vehicle,road_vehicle,Light_Truck_3.5T,Tata,Ultra T.7,2019,UP LC-7326,MAU9MP1A87283A9X7,active,poor,53.11,2019-06-09,2022-06-09,363395ad-bc4d-48d7-9bb3-13e893e92e82,238745.00,2026-05-12,2026-09-16,Tata Ultra T.7 (Light Truck 3.5T) operating out of LankaLogix - Badulla on regional distribution duty.,"{""cargo_type"": ""consumer_goods"", ""route_type"": ""regional_distribution"", ""operating_shift"": ""day_night"", ""warehouse_short"": ""BDL"", ""source_vehicle_id"": ""SLW0283""}",1ca1591a-073e-4f99-adcd-0fb32f509e5a,2019-06-09 09:00:00+00,2026-08-10 19:03:05.467947+00,regional_distribution,Tata Ultra T.7,Diesel,Automatic,authorized_workshop,3678.40,medium,8,31,0,C-049
458569d6-975a-46ca-b339-dd40a390b612,LLX-BDL-0170,23a10ad6-f2ff-4aab-9878-de0f37f6bbe0,c24b3130-482c-4313-a6c9-416e6cd7c9a6,Tata Ultra T.7 170,vehicle,road_vehicle,Light_Truck_3.5T,Tata,Ultra T.7,2015,UP LD-4976,MAUD227JTP3B2H28H,active,moderate,69.70,2015-07-20,2018-07-20,fa058ce5-c86c-458f-b3cc-f98bf178085f,310836.00,2026-04-20,2026-10-14,Tata Ultra T.7 (Light Truck 3.5T) operating out of LankaLogix - Badulla on regional distribution duty.,"{""cargo_type"": ""beverages"", ""route_type"": ""regional_distribution"", ""operating_shift"": ""day"", ""warehouse_short"": ""BDL"", ""source_vehicle_id"": ""SLW0863""}",d24973fa-606a-4901-80ad-90da2b82381d,2015-07-20 09:00:00+00,2026-08-10 19:03:05.467947+00,regional_distribution,Tata Ultra T.7,Diesel,Manual,independent_garage,3421.20,high,12,35,1,C-050
d6c53b36-5530-4112-88a4-a959e39cc063,LLX-BDL-0171,23a10ad6-f2ff-4aab-9878-de0f37f6bbe0,c24b3130-482c-4313-a6c9-416e6cd7c9a6,Mitsubishi Canter 171,vehicle,road_vehicle,Light_Truck_3.5T,Mitsubishi,Canter,2016,UP LC-6176,JLBWFG7TRF1J7B6FD,active,moderate,78.39,2016-03-16,2019-03-16,026e934f-6cbc-47d3-bebc-2e13bef9f375,283955.00,2026-04-30,2026-09-26,Mitsubishi Canter (Light Truck 3.5T) operating out of LankaLogix - Badulla on regional distribution duty.,"{""cargo_type"": ""beverages"", ""route_type"": ""regional_distribution"", ""operating_shift"": ""day"", ""warehouse_short"": ""BDL"", ""source_vehicle_id"": ""SLW0735""}",0d453850-3c09-409d-853f-a3e43dd5a39e,2016-03-16 09:00:00+00,2026-08-10 19:03:05.467947+00,regional_distribution,Mitsubishi Canter,Diesel,Manual,authorized_workshop,3606.60,high,10,32,1,C-051
4c94408f-abd6-4220-a0a2-bbaa2f1a7fdb,LLX-BDL-0172,23a10ad6-f2ff-4aab-9878-de0f37f6bbe0,c24b3130-482c-4313-a6c9-416e6cd7c9a6,Tata Ultra T.7 172,vehicle,road_vehicle,Light_Truck_3.5T,Tata,Ultra T.7,2019,UP LC-4862,MAUXWV4WKH7DNZ86F,active,moderate,86.88,2019-06-24,2022-06-24,cb819ef5-51d7-4a1d-b1b4-e10674bdcd4d,202540.00,2026-04-16,2026-09-06,Tata Ultra T.7 (Light Truck 3.5T) operating out of LankaLogix - Badulla on regional distribution duty.,"{""cargo_type"": ""consumer_goods"", ""route_type"": ""highway_distribution"", ""operating_shift"": ""day"", ""warehouse_short"": ""BDL"", ""source_vehicle_id"": ""SLW0083""}",1ca1591a-073e-4f99-adcd-0fb32f509e5a,2019-06-24 09:00:00+00,2026-08-10 19:03:05.467947+00,regional_distribution,Tata Ultra T.7,Diesel,Automatic,OEM_dealer,3580.20,critical,8,28,1,C-052
181f4775-466b-400d-995c-f7f69543ad80,LLX-BDL-0173,23a10ad6-f2ff-4aab-9878-de0f37f6bbe0,c24b3130-482c-4313-a6c9-416e6cd7c9a6,Isuzu ELF NKR 173,vehicle,road_vehicle,Light_Truck_3.5T,Isuzu,ELF NKR,2020,UP LD-8271,JAAGXE8UYMLP0K4RP,active,moderate,93.98,2020-12-01,2023-12-01,782ac408-28cd-4fd3-b56b-21cca25714bb,188309.00,2026-07-08,2026-11-13,Isuzu ELF NKR (Light Truck 3.5T) operating out of LankaLogix - Badulla on regional distribution duty.,"{""cargo_type"": ""retail_goods"", ""route_type"": ""highway_distribution"", ""operating_shift"": ""day"", ""warehouse_short"": ""BDL"", ""source_vehicle_id"": ""SLW1098""}",7d29aca5-e5e4-466c-bd97-faa538283028,2020-12-01 09:00:00+00,2026-08-10 19:03:05.467947+00,regional_distribution,Isuzu ELF NKR,Diesel,Manual,independent_garage,3446.00,critical,7,21,0,C-053
bcd3d5f5-0702-41de-b3f8-af7125e5df44,LLX-BDL-0174,23a10ad6-f2ff-4aab-9878-de0f37f6bbe0,c24b3130-482c-4313-a6c9-416e6cd7c9a6,Isuzu ELF NKR 174,vehicle,road_vehicle,Light_Truck_3.5T,Isuzu,ELF NKR,2017,UP LC-3866,JAAZT5TP5HLDNG769,active,good,56.03,2017-11-05,2020-11-05,8a0dc0c8-8bed-4024-a051-dbed41ba8410,280935.00,2026-07-08,2027-01-01,Isuzu ELF NKR (Light Truck 3.5T) operating out of LankaLogix - Badulla on regional distribution duty.,"{""cargo_type"": ""beverages"", ""route_type"": ""regional_distribution"", ""operating_shift"": ""day"", ""warehouse_short"": ""BDL"", ""source_vehicle_id"": ""SLW0309""}",613bf044-7d90-4530-bd18-c89645622a2f,2017-11-05 09:00:00+00,2026-08-10 19:03:05.467947+00,regional_distribution,Isuzu ELF NKR,Diesel,Manual,OEM_dealer,3471.30,medium,10,37,0,C-054
2616f0a8-0666-44c8-a4cd-2199637a76bc,LLX-BDL-0175,23a10ad6-f2ff-4aab-9878-de0f37f6bbe0,c24b3130-482c-4313-a6c9-416e6cd7c9a6,Mitsubishi Fuso Fighter 175,vehicle,road_vehicle,Medium_Truck_7T,Mitsubishi,Fuso Fighter,2021,UP LE-1558,JLFSVNLWYES4FXX32,active,moderate,95.15,2021-08-06,2024-08-06,fe119e0c-c737-41f0-bbbd-5073cd6926ce,160488.00,2026-03-28,2026-09-03,Mitsubishi Fuso Fighter (Medium Truck 7T) operating out of LankaLogix - Badulla on heavy cargo transport duty.,"{""cargo_type"": ""packaged_chemicals"", ""route_type"": ""port_shuttle"", ""operating_shift"": ""day"", ""warehouse_short"": ""BDL"", ""source_vehicle_id"": ""SLW1200""}",f1476a1a-5d8e-4c9d-8772-bdb92488fb29,2021-08-06 09:00:00+00,2026-08-10 19:03:05.467947+00,heavy_cargo_transport,Mitsubishi Fuso Fighter,Diesel,Automatic,OEM_dealer,6650.40,critical,6,16,0,C-055
f08e55e6-f7a5-44d3-99e2-57371ff3f82f,LLX-BDL-0176,23a10ad6-f2ff-4aab-9878-de0f37f6bbe0,c24b3130-482c-4313-a6c9-416e6cd7c9a6,Isuzu FVR 176,vehicle,road_vehicle,Medium_Truck_7T,Isuzu,FVR,2017,UP LE-5605,JAL2TJBFRTFHKWB8P,active,moderate,71.93,2017-10-23,2020-10-23,2915ad05-7ac6-45ab-b21f-9bd0b6a18328,280605.00,2026-07-06,2026-09-23,Isuzu FVR (Medium Truck 7T) operating out of LankaLogix - Badulla on heavy cargo transport duty.,"{""cargo_type"": ""agri_inputs"", ""route_type"": ""port_shuttle"", ""operating_shift"": ""three_shift"", ""warehouse_short"": ""BDL"", ""source_vehicle_id"": ""SLW1329""}",1ca1591a-073e-4f99-adcd-0fb32f509e5a,2017-10-23 09:00:00+00,2026-08-10 19:03:05.467947+00,heavy_cargo_transport,Isuzu FVR,Diesel,Manual,authorized_workshop,6808.10,high,9,31,1,C-056
66d20fd6-5deb-45dd-81f0-016b81e07eb2,LLX-BDL-0177,23a10ad6-f2ff-4aab-9878-de0f37f6bbe0,c24b3130-482c-4313-a6c9-416e6cd7c9a6,Tata T.12 177,vehicle,road_vehicle,Medium_Truck_7T,Tata,T.12,2021,UP LE-9508,MATG0G7HB4XFVVTE4,active,moderate,88.06,2021-03-23,2024-03-23,8c2a3dc0-1d48-4695-beb9-d5b878274370,184386.00,2026-07-31,2026-09-12,Tata T.12 (Medium Truck 7T) operating out of LankaLogix - Badulla on heavy cargo transport duty.,"{""cargo_type"": ""containerized_goods"", ""route_type"": ""port_shuttle"", ""operating_shift"": ""day_night"", ""warehouse_short"": ""BDL"", ""source_vehicle_id"": ""SLW1178""}",16876354-5851-462c-bcaa-9ff71f731985,2021-03-23 09:00:00+00,2026-08-10 19:03:05.467947+00,heavy_cargo_transport,Tata T.12,Diesel,Manual,OEM_dealer,7046.90,critical,6,26,0,C-057
e004172c-0e41-4fab-ae79-c756e9fd15cb,LLX-BDL-0178,23a10ad6-f2ff-4aab-9878-de0f37f6bbe0,c24b3130-482c-4313-a6c9-416e6cd7c9a6,Mitsubishi Fuso Fighter 178,vehicle,road_vehicle,Medium_Truck_7T,Mitsubishi,Fuso Fighter,2015,UP LF-1556,JLFWP4S13669EDCUX,active,moderate,95.84,2015-10-14,2018-10-14,b075cf11-faac-4883-acb3-c4402c230c0d,406452.00,2026-08-04,2026-09-21,Mitsubishi Fuso Fighter (Medium Truck 7T) operating out of LankaLogix - Badulla on heavy cargo transport duty.,"{""cargo_type"": ""packaged_chemicals"", ""route_type"": ""highway_distribution"", ""operating_shift"": ""day"", ""warehouse_short"": ""BDL"", ""source_vehicle_id"": ""SLW0608""}",7d29aca5-e5e4-466c-bd97-faa538283028,2015-10-14 09:00:00+00,2026-08-10 19:03:05.467947+00,heavy_cargo_transport,Mitsubishi Fuso Fighter,Diesel,Manual,authorized_workshop,6996.10,critical,12,45,1,C-058
eb0c193b-8df4-47d0-bc71-4ec958d54954,LLX-BDL-0179,23a10ad6-f2ff-4aab-9878-de0f37f6bbe0,c24b3130-482c-4313-a6c9-416e6cd7c9a6,Mitsubishi Fuso Fighter 179,vehicle,road_vehicle,Medium_Truck_7T,Mitsubishi,Fuso Fighter,2020,UP LE-6624,JLFCZU2ECV2BGUHA3,active,poor,86.35,2020-04-21,2023-04-21,5eaa01fc-d211-42fc-b8a3-b4264659d850,184140.00,2026-03-19,2026-08-28,Mitsubishi Fuso Fighter (Medium Truck 7T) operating out of LankaLogix - Badulla on heavy cargo transport duty.,"{""cargo_type"": ""industrial_parts"", ""route_type"": ""highway_distribution"", ""operating_shift"": ""day"", ""warehouse_short"": ""BDL"", ""source_vehicle_id"": ""SLW0522""}",613bf044-7d90-4530-bd18-c89645622a2f,2020-04-21 09:00:00+00,2026-08-10 19:03:05.467947+00,heavy_cargo_transport,Mitsubishi Fuso Fighter,Diesel,Manual,independent_garage,6992.60,critical,7,19,0,C-059
c49a680c-e686-4416-ae44-66fc805416ea,LLX-BDL-0180,23a10ad6-f2ff-4aab-9878-de0f37f6bbe0,c24b3130-482c-4313-a6c9-416e6cd7c9a6,Tata T.12 180,vehicle,road_vehicle,Medium_Truck_7T,Tata,T.12,2015,UP LE-1887,MAT104AMG8E82DXVE,active,good,71.20,2015-12-16,2018-12-16,ffa53a31-7f44-4f17-815d-e1d63473afd9,298684.00,2026-08-10,2026-08-15,Tata T.12 (Medium Truck 7T) operating out of LankaLogix - Badulla on heavy cargo transport duty.,"{""cargo_type"": ""packaged_chemicals"", ""route_type"": ""industrial_transfer"", ""operating_shift"": ""day"", ""warehouse_short"": ""BDL"", ""source_vehicle_id"": ""SLW0791""}",613bf044-7d90-4530-bd18-c89645622a2f,2015-12-16 09:00:00+00,2026-08-10 19:03:05.467947+00,heavy_cargo_transport,Tata T.12,Diesel,Manual,authorized_workshop,6861.60,high,11,40,2,C-060
9067b1ef-d4f6-438c-96be-84605c498d3a,LLX-BDL-0181,23a10ad6-f2ff-4aab-9878-de0f37f6bbe0,c24b3130-482c-4313-a6c9-416e6cd7c9a6,Mitsubishi Fuso Fighter 181,vehicle,road_vehicle,Medium_Truck_7T,Mitsubishi,Fuso Fighter,2015,UP LF-4175,JLFC1ZJ5ETGXYSXLB,active,moderate,85.40,2015-03-01,2018-03-01,,360261.00,2026-06-06,2026-10-31,Mitsubishi Fuso Fighter (Medium Truck 7T) operating out of LankaLogix - Badulla on heavy cargo transport duty.,"{""cargo_type"": ""agri_inputs"", ""route_type"": ""port_shuttle"", ""operating_shift"": ""day_night"", ""warehouse_short"": ""BDL"", ""source_vehicle_id"": ""SLW0767""}",d24973fa-606a-4901-80ad-90da2b82381d,2015-03-01 09:00:00+00,2026-08-10 19:03:05.467947+00,heavy_cargo_transport,Mitsubishi Fuso Fighter,Diesel,Automatic,authorized_workshop,7413.70,critical,11,46,1,D-001
5cb2f91b-aea8-4c56-afe3-f46cd8673ef1,LLX-BDL-0182,23a10ad6-f2ff-4aab-9878-de0f37f6bbe0,c24b3130-482c-4313-a6c9-416e6cd7c9a6,Tata T.12 182,vehicle,road_vehicle,Medium_Truck_7T,Tata,T.12,2021,UP LF-5763,MATAYE4D8F100CPHP,active,moderate,92.70,2021-06-05,2024-06-05,,151502.00,2026-08-03,2027-01-09,Tata T.12 (Medium Truck 7T) operating out of LankaLogix - Badulla on heavy cargo transport duty.,"{""cargo_type"": ""packaged_chemicals"", ""route_type"": ""highway_distribution"", ""operating_shift"": ""day_night"", ""warehouse_short"": ""BDL"", ""source_vehicle_id"": ""SLW1181""}",7d29aca5-e5e4-466c-bd97-faa538283028,2021-06-05 09:00:00+00,2026-08-10 19:03:05.467947+00,heavy_cargo_transport,Tata T.12,Diesel,Manual,OEM_dealer,6952.80,critical,6,23,1,D-002
b99acf8b-51f0-4a74-8236-3e63b6f17bca,LLX-BDL-0183,23a10ad6-f2ff-4aab-9878-de0f37f6bbe0,c24b3130-482c-4313-a6c9-416e6cd7c9a6,Mitsubishi Fuso Fighter 183,vehicle,road_vehicle,Medium_Truck_7T,Mitsubishi,Fuso Fighter,2019,UP LF-1433,JLFGLMD6R5W8T89YA,active,moderate,90.08,2019-03-27,2022-03-27,084585d8-c820-44ca-a93e-4cfd796e3053,186584.00,2026-05-30,2026-10-25,Mitsubishi Fuso Fighter (Medium Truck 7T) operating out of LankaLogix - Badulla on heavy cargo transport duty.,"{""cargo_type"": ""containerized_goods"", ""route_type"": ""port_shuttle"", ""operating_shift"": ""day"", ""warehouse_short"": ""BDL"", ""source_vehicle_id"": ""SLW0876""}",1ca1591a-073e-4f99-adcd-0fb32f509e5a,2019-03-27 09:00:00+00,2026-08-10 19:03:05.467947+00,heavy_cargo_transport,Mitsubishi Fuso Fighter,Diesel,Manual,OEM_dealer,7360.50,critical,8,21,0,D-003
4ea43bce-580b-4ac1-b814-7fd96b23e1c7,LLX-BDL-0184,23a10ad6-f2ff-4aab-9878-de0f37f6bbe0,c24b3130-482c-4313-a6c9-416e6cd7c9a6,Tata T.12 184,vehicle,road_vehicle,Medium_Truck_7T,Tata,T.12,2020,UP LE-7734,MATFTG2UN59UCKYE4,active,good,90.17,2020-08-19,2023-08-19,,193328.00,2026-07-07,2026-11-01,Tata T.12 (Medium Truck 7T) operating out of LankaLogix - Badulla on heavy cargo transport duty.,"{""cargo_type"": ""packaged_chemicals"", ""route_type"": ""industrial_transfer"", ""operating_shift"": ""three_shift"", ""warehouse_short"": ""BDL"", ""source_vehicle_id"": ""SLW0328""}",1ca1591a-073e-4f99-adcd-0fb32f509e5a,2020-08-19 09:00:00+00,2026-08-10 19:03:05.467947+00,heavy_cargo_transport,Tata T.12,Diesel,Automatic,authorized_workshop,7204.30,critical,6,32,0,D-004
536f5cc9-3d00-4005-a09b-62a6e6fbc226,LLX-BDL-0185,23a10ad6-f2ff-4aab-9878-de0f37f6bbe0,c24b3130-482c-4313-a6c9-416e6cd7c9a6,Isuzu FVR 185,vehicle,road_vehicle,Medium_Truck_7T,Isuzu,FVR,2020,UP LF-3940,JALFWGE1G1BJTSW10,active,moderate,69.16,2020-06-01,2023-06-01,59d6aa79-2377-4337-9638-88a668cb9c4b,184518.00,2026-07-01,2026-10-05,Isuzu FVR (Medium Truck 7T) operating out of LankaLogix - Badulla on heavy cargo transport duty.,"{""cargo_type"": ""containerized_goods"", ""route_type"": ""port_shuttle"", ""operating_shift"": ""day"", ""warehouse_short"": ""BDL"", ""source_vehicle_id"": ""SLW0108""}",16876354-5851-462c-bcaa-9ff71f731985,2020-06-01 09:00:00+00,2026-08-10 19:03:05.467947+00,heavy_cargo_transport,Isuzu FVR,Diesel,Automatic,independent_garage,7008.60,high,6,26,0,D-005
3f603281-6793-4203-a1a4-7cae9eafbc2a,LLX-BDL-0186,23a10ad6-f2ff-4aab-9878-de0f37f6bbe0,c24b3130-482c-4313-a6c9-416e6cd7c9a6,Tata T.12 186,vehicle,road_vehicle,Medium_Truck_7T,Tata,T.12,2018,UP LE-2573,MAT4HD9E645NE9B95,active,moderate,88.35,2018-09-20,2021-09-20,5b1edc19-179d-4db0-adde-f133a012f955,243511.00,2026-06-23,2026-09-22,Tata T.12 (Medium Truck 7T) operating out of LankaLogix - Badulla on heavy cargo transport duty.,"{""cargo_type"": ""industrial_parts"", ""route_type"": ""industrial_transfer"", ""operating_shift"": ""day"", ""warehouse_short"": ""BDL"", ""source_vehicle_id"": ""SLW0183""}",0d453850-3c09-409d-853f-a3e43dd5a39e,2018-09-20 09:00:00+00,2026-08-10 19:03:05.467947+00,heavy_cargo_transport,Tata T.12,Diesel,Manual,independent_garage,6838.60,critical,8,39,0,D-006
d94fb043-f082-49d9-86c7-ca754ca6de81,LLX-BDL-0187,23a10ad6-f2ff-4aab-9878-de0f37f6bbe0,c24b3130-482c-4313-a6c9-416e6cd7c9a6,Mitsubishi Fuso Fighter 187,vehicle,road_vehicle,Medium_Truck_7T,Mitsubishi,Fuso Fighter,2014,UP LE-1099,JLF80J584PDPFA2W5,active,good,88.87,2014-12-24,2017-12-24,47aa7347-bff7-4069-bc8d-99693751ee09,396348.00,2026-07-16,2026-12-12,Mitsubishi Fuso Fighter (Medium Truck 7T) operating out of LankaLogix - Badulla on heavy cargo transport duty.,"{""cargo_type"": ""containerized_goods"", ""route_type"": ""highway_distribution"", ""operating_shift"": ""day"", ""warehouse_short"": ""BDL"", ""source_vehicle_id"": ""SLW0019""}",d24973fa-606a-4901-80ad-90da2b82381d,2014-12-24 09:00:00+00,2026-08-10 19:03:05.467947+00,heavy_cargo_transport,Mitsubishi Fuso Fighter,Diesel,Automatic,authorized_workshop,7410.40,critical,12,43,1,D-007
53fa1319-dc9c-4e78-8caf-7861246005ae,LLX-BDL-0188,23a10ad6-f2ff-4aab-9878-de0f37f6bbe0,c24b3130-482c-4313-a6c9-416e6cd7c9a6,Tata T.12 188,vehicle,road_vehicle,Medium_Truck_7T,Tata,T.12,2020,UP LF-9088,MAT55GYSRUVW7TFN8,active,moderate,84.68,2020-03-15,2023-03-15,40599815-5b87-4588-9e74-3c01e0c6ccf3,167528.00,2026-08-08,2026-08-11,Tata T.12 (Medium Truck 7T) operating out of LankaLogix - Badulla on heavy cargo transport duty.,"{""cargo_type"": ""industrial_parts"", ""route_type"": ""port_shuttle"", ""operating_shift"": ""day"", ""warehouse_short"": ""BDL"", ""source_vehicle_id"": ""SLW1113""}",16876354-5851-462c-bcaa-9ff71f731985,2020-03-15 09:00:00+00,2026-08-10 19:03:05.467947+00,heavy_cargo_transport,Tata T.12,Diesel,Manual,authorized_workshop,6901.30,critical,6,32,2,D-008
e14beb5f-7573-4aff-940d-5ab0928b606b,LLX-BDL-0189,23a10ad6-f2ff-4aab-9878-de0f37f6bbe0,c24b3130-482c-4313-a6c9-416e6cd7c9a6,Mitsubishi Fuso Fighter 189,vehicle,road_vehicle,Medium_Truck_7T,Mitsubishi,Fuso Fighter,2020,UP LF-1337,JLFRAUCN6W3P0UXTA,active,poor,95.62,2020-07-16,2023-07-16,084585d8-c820-44ca-a93e-4cfd796e3053,178692.00,2026-05-17,2026-10-05,Mitsubishi Fuso Fighter (Medium Truck 7T) operating out of LankaLogix - Badulla on heavy cargo transport duty.,"{""cargo_type"": ""containerized_goods"", ""route_type"": ""industrial_transfer"", ""operating_shift"": ""day"", ""warehouse_short"": ""BDL"", ""source_vehicle_id"": ""SLW1311""}",14294bcc-4609-4078-82d0-3af8051a00ce,2020-07-16 09:00:00+00,2026-08-10 19:03:05.467947+00,heavy_cargo_transport,Mitsubishi Fuso Fighter,Diesel,Automatic,independent_garage,7109.10,critical,7,26,0,D-009
b40bbe00-0e99-4a1f-ad6c-bbbb740d26a5,LLX-BDL-0190,23a10ad6-f2ff-4aab-9878-de0f37f6bbe0,c24b3130-482c-4313-a6c9-416e6cd7c9a6,Mitsubishi Fuso Fighter 190,vehicle,road_vehicle,Medium_Truck_7T,Mitsubishi,Fuso Fighter,2015,UP LF-5061,JLFP50F4NXMKYEUCZ,active,good,73.53,2015-12-22,2018-12-22,597aa962-1131-4ee4-a5fa-e4917a158570,336657.00,2026-07-27,2026-12-22,Mitsubishi Fuso Fighter (Medium Truck 7T) operating out of LankaLogix - Badulla on heavy cargo transport duty.,"{""cargo_type"": ""agri_inputs"", ""route_type"": ""port_shuttle"", ""operating_shift"": ""day"", ""warehouse_short"": ""BDL"", ""source_vehicle_id"": ""SLW0959""}",1ca1591a-073e-4f99-adcd-0fb32f509e5a,2015-12-22 09:00:00+00,2026-08-10 19:03:05.467947+00,heavy_cargo_transport,Mitsubishi Fuso Fighter,Diesel,Automatic,authorized_workshop,7329.20,high,11,46,2,D-010
fc622b90-48ae-4db8-9c60-8d7e16ed3cb7,LLX-BDL-0191,23a10ad6-f2ff-4aab-9878-de0f37f6bbe0,c24b3130-482c-4313-a6c9-416e6cd7c9a6,Mitsubishi Fuso Fighter 191,vehicle,road_vehicle,Medium_Truck_7T,Mitsubishi,Fuso Fighter,2021,UP LE-7674,JLFN1BBSCW6C90EMF,active,moderate,70.65,2021-07-10,2024-07-10,,167327.00,2026-06-13,2026-08-31,Mitsubishi Fuso Fighter (Medium Truck 7T) operating out of LankaLogix - Badulla on heavy cargo transport duty.,"{""cargo_type"": ""agri_inputs"", ""route_type"": ""industrial_transfer"", ""operating_shift"": ""day_night"", ""warehouse_short"": ""BDL"", ""source_vehicle_id"": ""SLW0528""}",f1476a1a-5d8e-4c9d-8772-bdb92488fb29,2021-07-10 09:00:00+00,2026-08-10 19:03:05.467947+00,heavy_cargo_transport,Mitsubishi Fuso Fighter,Diesel,Automatic,authorized_workshop,7066.40,high,6,21,0,D-011
397f509d-bab0-4be3-80ea-0d71f10314f5,LLX-BDL-0192,23a10ad6-f2ff-4aab-9878-de0f37f6bbe0,c24b3130-482c-4313-a6c9-416e6cd7c9a6,Mitsubishi Fuso Fighter 192,vehicle,road_vehicle,Medium_Truck_7T,Mitsubishi,Fuso Fighter,2018,UP LF-2471,JLF8LM3CJ1UTSN98T,active,moderate,66.95,2018-11-16,2021-11-16,,249828.00,2026-05-28,2026-11-29,Mitsubishi Fuso Fighter (Medium Truck 7T) operating out of LankaLogix - Badulla on heavy cargo transport duty.,"{""cargo_type"": ""containerized_goods"", ""route_type"": ""industrial_transfer"", ""operating_shift"": ""day"", ""warehouse_short"": ""BDL"", ""source_vehicle_id"": ""SLW1013""}",16876354-5851-462c-bcaa-9ff71f731985,2018-11-16 09:00:00+00,2026-08-10 19:03:05.467947+00,heavy_cargo_transport,Mitsubishi Fuso Fighter,Diesel,Automatic,authorized_workshop,6545.10,high,9,30,0,D-012
07152f01-1a2b-4d82-8aa3-bd4dbcb46578,LLX-BDL-0193,23a10ad6-f2ff-4aab-9878-de0f37f6bbe0,c24b3130-482c-4313-a6c9-416e6cd7c9a6,Mitsubishi Fuso Fighter 193,vehicle,road_vehicle,Medium_Truck_7T,Mitsubishi,Fuso Fighter,2020,UP LF-5957,JLF7PKXCZ436992Z2,active,moderate,87.38,2020-10-22,2023-10-22,,189280.00,2026-05-16,2026-08-14,Mitsubishi Fuso Fighter (Medium Truck 7T) operating out of LankaLogix - Badulla on heavy cargo transport duty.,"{""cargo_type"": ""agri_inputs"", ""route_type"": ""industrial_transfer"", ""operating_shift"": ""day"", ""warehouse_short"": ""BDL"", ""source_vehicle_id"": ""SLW1048""}",d24973fa-606a-4901-80ad-90da2b82381d,2020-10-22 09:00:00+00,2026-08-10 19:03:05.467947+00,heavy_cargo_transport,Mitsubishi Fuso Fighter,Diesel,Manual,OEM_dealer,7277.40,critical,6,23,0,D-013
cc129337-c81b-4462-8d87-66da528fe91e,LLX-BDL-0194,23a10ad6-f2ff-4aab-9878-de0f37f6bbe0,c24b3130-482c-4313-a6c9-416e6cd7c9a6,Tata T.12 194,vehicle,road_vehicle,Medium_Truck_7T,Tata,T.12,2021,UP LE-2220,MAT0F21MP2UY00WPY,active,good,88.36,2021-03-10,2024-03-10,,168138.00,2026-06-20,2026-10-14,Tata T.12 (Medium Truck 7T) operating out of LankaLogix - Badulla on heavy cargo transport duty.,"{""cargo_type"": ""export_cargo"", ""route_type"": ""highway_distribution"", ""operating_shift"": ""day"", ""warehouse_short"": ""BDL"", ""source_vehicle_id"": ""SLW1244""}",0d453850-3c09-409d-853f-a3e43dd5a39e,2021-03-10 09:00:00+00,2026-08-10 19:03:05.467947+00,heavy_cargo_transport,Tata T.12,Diesel,Manual,authorized_workshop,7487.60,critical,6,26,0,D-014
3d772867-daec-4afb-bb0e-14aedaa976c4,LLX-BDL-0195,23a10ad6-f2ff-4aab-9878-de0f37f6bbe0,c24b3130-482c-4313-a6c9-416e6cd7c9a6,Mercedes Actros 1836 195,vehicle,road_vehicle,Heavy_Truck_16T,Mercedes,Actros 1836,2020,UP LG-8672,WDBSCUSGBA2JRESRY,active,moderate,86.42,2020-01-15,2023-01-15,65d43a9f-e305-49af-994b-5a76143bbac5,267031.00,2026-06-08,2026-11-20,Mercedes Actros 1836 (Heavy Truck 16T) operating out of LankaLogix - Badulla on heavy cargo transport duty.,"{""cargo_type"": ""export_cargo"", ""route_type"": ""industrial_transfer"", ""operating_shift"": ""day"", ""warehouse_short"": ""BDL"", ""source_vehicle_id"": ""SLW1158""}",16876354-5851-462c-bcaa-9ff71f731985,2020-01-15 09:00:00+00,2026-08-10 19:03:05.467947+00,heavy_cargo_transport,Mercedes Actros 1836,Diesel,Manual,OEM_dealer,16837.30,critical,7,29,0,D-015
297b4bb5-6429-4c03-8d38-57e6d19c9c21,LLX-BDL-0196,23a10ad6-f2ff-4aab-9878-de0f37f6bbe0,c24b3130-482c-4313-a6c9-416e6cd7c9a6,Tata Signa 1918 196,vehicle,road_vehicle,Heavy_Truck_16T,Tata,Signa 1918,2016,UP LH-9845,MASF9B3WBFM48GAAX,active,moderate,83.58,2016-06-24,2019-06-24,,401039.00,2026-07-03,2026-08-22,Tata Signa 1918 (Heavy Truck 16T) operating out of LankaLogix - Badulla on heavy cargo transport duty.,"{""cargo_type"": ""packaged_chemicals"", ""route_type"": ""highway_distribution"", ""operating_shift"": ""day_night"", ""warehouse_short"": ""BDL"", ""source_vehicle_id"": ""SLW0288""}",c40a9897-7182-4676-8f9b-339ec86e3462,2016-06-24 09:00:00+00,2026-08-10 19:03:05.467947+00,heavy_cargo_transport,Tata Signa 1918,Diesel,Manual,authorized_workshop,17450.60,critical,10,46,1,D-016
2cafca73-08c2-4726-a800-0cbef5b48abb,LLX-BDL-0197,23a10ad6-f2ff-4aab-9878-de0f37f6bbe0,c24b3130-482c-4313-a6c9-416e6cd7c9a6,Tata Prima 2823 197,vehicle,road_vehicle,Heavy_Truck_16T,Tata,Prima 2823,2021,UP LH-5471,MAP3MLX5LD99HCUTH,active,poor,70.34,2021-12-03,2024-12-03,9eb09106-f54e-4d7c-a8ab-2e35db7f6fee,220886.00,2026-05-29,2026-08-28,Tata Prima 2823 (Heavy Truck 16T) operating out of LankaLogix - Badulla on heavy cargo transport duty.,"{""cargo_type"": ""export_cargo"", ""route_type"": ""industrial_transfer"", ""operating_shift"": ""day"", ""warehouse_short"": ""BDL"", ""source_vehicle_id"": ""SLW0928""}",613bf044-7d90-4530-bd18-c89645622a2f,2021-12-03 09:00:00+00,2026-08-10 19:03:05.467947+00,heavy_cargo_transport,Tata Prima 2823,Diesel,Automatic,authorized_workshop,16539.70,high,6,36,2,D-017
2ee048c2-af0b-45c0-96f1-82175aeaa716,LLX-BDL-0198,23a10ad6-f2ff-4aab-9878-de0f37f6bbe0,c24b3130-482c-4313-a6c9-416e6cd7c9a6,Mercedes Actros 1836 198,vehicle,road_vehicle,Heavy_Truck_16T,Mercedes,Actros 1836,2021,UP LG-7804,WDBGD070VFMVLGZHE,active,moderate,66.14,2021-12-14,2024-12-14,930dfee4-c7f8-450e-835c-d73f0743f879,238118.00,2026-04-10,2026-09-02,Mercedes Actros 1836 (Heavy Truck 16T) operating out of LankaLogix - Badulla on heavy cargo transport duty.,"{""cargo_type"": ""export_cargo"", ""route_type"": ""industrial_transfer"", ""operating_shift"": ""day_night"", ""warehouse_short"": ""BDL"", ""source_vehicle_id"": ""SLW1037""}",1ca1591a-073e-4f99-adcd-0fb32f509e5a,2021-12-14 09:00:00+00,2026-08-10 19:03:05.467947+00,heavy_cargo_transport,Mercedes Actros 1836,Diesel,Manual,authorized_workshop,16199.00,high,6,23,0,D-018
f0988bbc-49e6-4237-bb22-12f45d9a6a8f,LLX-BDL-0199,23a10ad6-f2ff-4aab-9878-de0f37f6bbe0,c24b3130-482c-4313-a6c9-416e6cd7c9a6,Tata Signa 1918 199,vehicle,road_vehicle,Heavy_Truck_16T,Tata,Signa 1918,2021,UP LG-9360,MAS5BBAUJ5F68A6L2,active,poor,93.37,2021-06-04,2024-06-04,,202843.00,2026-07-18,2026-10-11,Tata Signa 1918 (Heavy Truck 16T) operating out of LankaLogix - Badulla on heavy cargo transport duty.,"{""cargo_type"": ""export_cargo"", ""route_type"": ""highway_distribution"", ""operating_shift"": ""three_shift"", ""warehouse_short"": ""BDL"", ""source_vehicle_id"": ""SLW0087""}",14294bcc-4609-4078-82d0-3af8051a00ce,2021-06-04 09:00:00+00,2026-08-10 19:03:05.467947+00,heavy_cargo_transport,Tata Signa 1918,Diesel,Manual,OEM_dealer,15808.50,critical,6,18,0,D-019
71149510-7879-43a7-b28b-375a5b02a7e4,LLX-BDL-0200,23a10ad6-f2ff-4aab-9878-de0f37f6bbe0,c24b3130-482c-4313-a6c9-416e6cd7c9a6,Tata Prima 2823 200,vehicle,road_vehicle,Heavy_Truck_16T,Tata,Prima 2823,2017,UP LG-1583,MAP1RNCNSTJ971WN6,active,moderate,70.82,2017-06-17,2020-06-17,210c1a12-cc64-4178-a722-959c4fa9bf8c,362059.00,2026-06-12,2026-10-22,Tata Prima 2823 (Heavy Truck 16T) operating out of LankaLogix - Badulla on heavy cargo transport duty.,"{""cargo_type"": ""containerized_goods"", ""route_type"": ""port_shuttle"", ""operating_shift"": ""day_night"", ""warehouse_short"": ""BDL"", ""source_vehicle_id"": ""SLW0185""}",d24973fa-606a-4901-80ad-90da2b82381d,2017-06-17 09:00:00+00,2026-08-10 19:03:05.467947+00,heavy_cargo_transport,Tata Prima 2823,Diesel,Automatic,OEM_dealer,15895.50,high,10,44,1,D-020
b647377d-4e28-420a-8594-5d9526f71c36,LLX-GLE-0001,8f2b1c74-59d3-4a6e-9b21-7c4e0a5d3f88,3df19dcf-3ea6-4851-8552-d094f0ee47ee,Komatsu FD25 001,vehicle,forklift,Forklift_2.5T,Komatsu,FD25,2018,GLE-FL-001,KMT-FD25-362910,active,moderate,94.65,2018-11-18,2021-11-18,,4355.00,2026-04-29,2026-10-02,Komatsu FD25 (Forklift 2.5T) operating out of LankaLogix - Galle on internal material handling duty.,"{""cargo_type"": ""industrial_parts"", ""route_type"": ""warehouse_internal"", ""operating_shift"": ""day"", ""warehouse_short"": ""GLE"", ""source_vehicle_id"": ""SLW0239""}",11ccb7fb-51b9-40e8-bdd2-b07207b8e0a7,2018-11-18 09:00:00+00,2026-08-10 19:03:05.467947+00,internal_material_handling,Komatsu FD25,LPG,Automatic,OEM_dealer,2509.60,critical,8,28,0,A-001
3b9f4cca-b3d0-47d9-a3dd-d5269a34e7d3,LLX-GLE-0002,8f2b1c74-59d3-4a6e-9b21-7c4e0a5d3f88,3df19dcf-3ea6-4851-8552-d094f0ee47ee,Komatsu FD25 002,vehicle,forklift,Forklift_2.5T,Komatsu,FD25,2018,GLE-FL-002,KMT-FD25-520288,active,moderate,72.14,2018-06-19,2021-06-19,6e53e09d-3f58-4024-8435-320c776feeb6,4217.00,2026-05-03,2026-10-13,Komatsu FD25 (Forklift 2.5T) operating out of LankaLogix - Galle on internal material handling duty.,"{""cargo_type"": ""mixed_warehouse"", ""route_type"": ""dock_transfer"", ""operating_shift"": ""day_night"", ""warehouse_short"": ""GLE"", ""source_vehicle_id"": ""SLW0136""}",608d7306-f79c-4916-9b39-69a1abea72d9,2018-06-19 09:00:00+00,2026-08-10 19:03:05.467947+00,internal_material_handling,Komatsu FD25,LPG,Automatic,OEM_dealer,2513.40,high,9,30,0,A-002
f2ac46ad-d9c1-4de6-b888-ed5da0721d12,LLX-GLE-0003,8f2b1c74-59d3-4a6e-9b21-7c4e0a5d3f88,3df19dcf-3ea6-4851-8552-d094f0ee47ee,Komatsu FD25 003,vehicle,forklift,Forklift_2.5T,Komatsu,FD25,2017,GLE-FL-003,KMT-FD25-897050,active,moderate,74.46,2017-09-05,2020-09-05,,5389.00,2026-05-16,2026-09-26,Komatsu FD25 (Forklift 2.5T) operating out of LankaLogix - Galle on internal material handling duty.,"{""cargo_type"": ""mixed_warehouse"", ""route_type"": ""warehouse_internal"", ""operating_shift"": ""day"", ""warehouse_short"": ""GLE"", ""source_vehicle_id"": ""SLW1271""}",ae54eb0a-cd4b-4c62-86b2-8ed1974fbcec,2017-09-05 09:00:00+00,2026-08-10 19:03:05.467947+00,internal_material_handling,Komatsu FD25,Diesel,Automatic,OEM_dealer,2552.20,high,10,33,1,A-003
7d3afa4f-270a-4684-b91e-a4173395315d,LLX-GLE-0004,8f2b1c74-59d3-4a6e-9b21-7c4e0a5d3f88,3df19dcf-3ea6-4851-8552-d094f0ee47ee,Heli CPCD25 004,vehicle,forklift,Forklift_2.5T,Heli,CPCD25,2021,GLE-FL-004,HLI-CPCD25-550541,active,poor,77.86,2021-07-07,2024-07-07,d6c63075-f2b1-42b2-88ea-62b7db930b1d,4550.00,2026-03-24,2026-10-02,Heli CPCD25 (Forklift 2.5T) operating out of LankaLogix - Galle on internal material handling duty.,"{""cargo_type"": ""palletized_fmcg"", ""route_type"": ""dock_transfer"", ""operating_shift"": ""day"", ""warehouse_short"": ""GLE"", ""source_vehicle_id"": ""SLW0466""}",bcdfa155-6afd-44b6-9cfe-85d596dfb687,2021-07-07 09:00:00+00,2026-08-10 19:03:05.467947+00,internal_material_handling,Heli CPCD25,LPG,Automatic,authorized_workshop,2477.20,high,6,22,0,A-004
0c12a5bb-9964-4bd7-8ac5-6dd394dd5d75,LLX-GLE-0005,8f2b1c74-59d3-4a6e-9b21-7c4e0a5d3f88,3df19dcf-3ea6-4851-8552-d094f0ee47ee,Heli CPCD25 005,vehicle,forklift,Forklift_2.5T,Heli,CPCD25,2019,GLE-FL-005,HLI-CPCD25-316538,active,good,52.83,2019-04-15,2022-04-15,815f0606-8045-47b4-8e39-03c0b021c8e6,4788.00,2026-07-04,2026-09-22,Heli CPCD25 (Forklift 2.5T) operating out of LankaLogix - Galle on internal material handling duty.,"{""cargo_type"": ""mixed_warehouse"", ""route_type"": ""warehouse_internal"", ""operating_shift"": ""three_shift"", ""warehouse_short"": ""GLE"", ""source_vehicle_id"": ""SLW0432""}",11ccb7fb-51b9-40e8-bdd2-b07207b8e0a7,2019-04-15 09:00:00+00,2026-08-10 19:03:05.467947+00,internal_material_handling,Heli CPCD25,LPG,Automatic,independent_garage,2467.60,medium,7,50,7,A-005
671b6780-231f-4110-9470-c01d3f7df8de,LLX-GLE-0006,8f2b1c74-59d3-4a6e-9b21-7c4e0a5d3f88,3df19dcf-3ea6-4851-8552-d094f0ee47ee,Komatsu FD25 006,vehicle,forklift,Forklift_2.5T,Komatsu,FD25,2016,GLE-FL-006,KMT-FD25-730921,active,moderate,79.04,2016-06-28,2019-06-28,aa6bd398-1c0b-46fc-95da-2ff75ff4c584,3520.00,2026-05-22,2026-09-06,Komatsu FD25 (Forklift 2.5T) operating out of LankaLogix - Galle on internal material handling duty.,"{""cargo_type"": ""palletized_fmcg"", ""route_type"": ""dock_transfer"", ""operating_shift"": ""three_shift"", ""warehouse_short"": ""GLE"", ""source_vehicle_id"": ""SLW0505""}",bb91bbb5-1ab1-442b-b910-28093fe53eb9,2016-06-28 09:00:00+00,2026-08-10 19:03:05.467947+00,internal_material_handling,Komatsu FD25,Diesel,Automatic,authorized_workshop,2527.60,high,10,42,1,A-006
a12585c0-72e7-4af1-a32f-85d834a3ff7d,LLX-GLE-0007,8f2b1c74-59d3-4a6e-9b21-7c4e0a5d3f88,3df19dcf-3ea6-4851-8552-d094f0ee47ee,Komatsu FD25 007,vehicle,forklift,Forklift_2.5T,Komatsu,FD25,2021,GLE-FL-007,KMT-FD25-876290,active,poor,71.86,2021-03-02,2024-03-02,3df5d037-e853-43ba-8818-4d3a6644377a,4939.00,2026-02-16,2026-08-15,Komatsu FD25 (Forklift 2.5T) operating out of LankaLogix - Galle on internal material handling duty.,"{""cargo_type"": ""industrial_parts"", ""route_type"": ""warehouse_internal"", ""operating_shift"": ""day_night"", ""warehouse_short"": ""GLE"", ""source_vehicle_id"": ""SLW0896""}",734bbe6b-9744-44d0-a11b-7a0e0df4922e,2021-03-02 09:00:00+00,2026-08-10 19:03:05.467947+00,internal_material_handling,Komatsu FD25,Diesel,Automatic,authorized_workshop,2492.10,high,6,19,0,A-007
ccd08ca8-fb6d-4e3a-a846-73c87a95179b,LLX-GLE-0008,8f2b1c74-59d3-4a6e-9b21-7c4e0a5d3f88,3df19dcf-3ea6-4851-8552-d094f0ee47ee,Heli CPCD25 008,vehicle,forklift,Forklift_2.5T,Heli,CPCD25,2019,GLE-FL-008,HLI-CPCD25-529787,active,moderate,69.85,2019-03-04,2022-03-04,c875bb37-b147-43c4-9190-bba3cca1d313,3949.00,2026-08-05,2026-08-24,Heli CPCD25 (Forklift 2.5T) operating out of LankaLogix - Galle on internal material handling duty.,"{""cargo_type"": ""industrial_parts"", ""route_type"": ""warehouse_internal"", ""operating_shift"": ""day"", ""warehouse_short"": ""GLE"", ""source_vehicle_id"": ""SLW0908""}",608d7306-f79c-4916-9b39-69a1abea72d9,2019-03-04 09:00:00+00,2026-08-10 19:03:05.467947+00,internal_material_handling,Heli CPCD25,Diesel,Automatic,OEM_dealer,2380.00,high,7,32,0,A-008
d58c9bba-0dcb-4f3f-8dc2-3919a4f07ffa,LLX-GLE-0009,8f2b1c74-59d3-4a6e-9b21-7c4e0a5d3f88,3df19dcf-3ea6-4851-8552-d094f0ee47ee,Toyota 8FD25 009,vehicle,forklift,Forklift_2.5T,Toyota,8FD25,2019,GLE-FL-009,TYT-8FD25-112878,active,good,67.22,2019-04-25,2022-04-25,4803cc9c-eb64-4578-91f0-8316f3dc1ff7,5297.00,2026-08-06,2026-08-11,Toyota 8FD25 (Forklift 2.5T) operating out of LankaLogix - Galle on internal material handling duty.,"{""cargo_type"": ""palletized_fmcg"", ""route_type"": ""dock_transfer"", ""operating_shift"": ""day"", ""warehouse_short"": ""GLE"", ""source_vehicle_id"": ""SLW0427""}",56bc5b4f-b018-4995-89a3-6825709e4754,2019-04-25 09:00:00+00,2026-08-10 19:03:05.467947+00,internal_material_handling,Toyota 8FD25,Diesel,Automatic,authorized_workshop,2418.50,high,8,25,0,A-009
4f14b02c-1a86-4184-936b-b876017a8871,LLX-GLE-0010,8f2b1c74-59d3-4a6e-9b21-7c4e0a5d3f88,3df19dcf-3ea6-4851-8552-d094f0ee47ee,Komatsu FD25 010,vehicle,forklift,Forklift_2.5T,Komatsu,FD25,2020,GLE-FL-010,KMT-FD25-687506,active,poor,79.23,2020-04-10,2023-04-10,e98a7d51-d860-4c09-a624-751120112f62,5300.00,2026-05-11,2026-08-27,Komatsu FD25 (Forklift 2.5T) operating out of LankaLogix - Galle on internal material handling duty.,"{""cargo_type"": ""mixed_warehouse"", ""route_type"": ""warehouse_internal"", ""operating_shift"": ""day_night"", ""warehouse_short"": ""GLE"", ""source_vehicle_id"": ""SLW1251""}",bcdfa155-6afd-44b6-9cfe-85d596dfb687,2020-04-10 09:00:00+00,2026-08-10 19:03:05.467947+00,internal_material_handling,Komatsu FD25,Diesel,Automatic,OEM_dealer,2513.00,high,7,28,0,A-010
ded45c16-cec5-4005-a183-b54e1a1d8f0f,LLX-GLE-0011,8f2b1c74-59d3-4a6e-9b21-7c4e0a5d3f88,3df19dcf-3ea6-4851-8552-d094f0ee47ee,Toyota 8FD25 011,vehicle,forklift,Forklift_2.5T,Toyota,8FD25,2019,GLE-FL-011,TYT-8FD25-620750,active,poor,90.46,2019-04-16,2022-04-16,4b2c9a06-d234-4c13-b11c-f880af976191,4149.00,2025-11-18,2026-09-29,Toyota 8FD25 (Forklift 2.5T) operating out of LankaLogix - Galle on internal material handling duty.,"{""cargo_type"": ""mixed_warehouse"", ""route_type"": ""warehouse_internal"", ""operating_shift"": ""day"", ""warehouse_short"": ""GLE"", ""source_vehicle_id"": ""SLW0725""}",ae54eb0a-cd4b-4c62-86b2-8ed1974fbcec,2019-04-16 09:00:00+00,2026-08-10 19:03:05.467947+00,internal_material_handling,Toyota 8FD25,Diesel,Automatic,OEM_dealer,2622.10,critical,8,19,0,A-011
10a670ae-0273-414b-a826-a7f17e58a75b,LLX-GLE-0012,8f2b1c74-59d3-4a6e-9b21-7c4e0a5d3f88,3df19dcf-3ea6-4851-8552-d094f0ee47ee,Heli CPCD25 012,vehicle,forklift,Forklift_2.5T,Heli,CPCD25,2015,GLE-FL-012,HLI-CPCD25-399528,active,good,76.71,2015-11-27,2018-11-27,ec42ef12-9929-4b5d-b07f-dac5819cba78,4472.00,2026-05-22,2026-10-01,Heli CPCD25 (Forklift 2.5T) operating out of LankaLogix - Galle on internal material handling duty.,"{""cargo_type"": ""palletized_fmcg"", ""route_type"": ""dock_transfer"", ""operating_shift"": ""day_night"", ""warehouse_short"": ""GLE"", ""source_vehicle_id"": ""SLW0955""}",608d7306-f79c-4916-9b39-69a1abea72d9,2015-11-27 09:00:00+00,2026-08-10 19:03:05.467947+00,internal_material_handling,Heli CPCD25,Diesel,Automatic,OEM_dealer,2651.10,high,12,44,1,A-012
3b0294cd-6b07-456f-a4cc-7140ca9ad0a2,LLX-GLE-0013,8f2b1c74-59d3-4a6e-9b21-7c4e0a5d3f88,3df19dcf-3ea6-4851-8552-d094f0ee47ee,Toyota 8FD25 013,vehicle,forklift,Forklift_2.5T,Toyota,8FD25,2021,GLE-FL-013,TYT-8FD25-534281,active,moderate,84.94,2021-06-22,2024-06-22,72f92835-710e-4690-9f9f-124e255a665a,3861.00,2026-04-28,2027-01-13,Toyota 8FD25 (Forklift 2.5T) operating out of LankaLogix - Galle on internal material handling duty.,"{""cargo_type"": ""mixed_warehouse"", ""route_type"": ""warehouse_internal"", ""operating_shift"": ""day"", ""warehouse_short"": ""GLE"", ""source_vehicle_id"": ""SLW1164""}",bb91bbb5-1ab1-442b-b910-28093fe53eb9,2021-06-22 09:00:00+00,2026-08-10 19:03:05.467947+00,internal_material_handling,Toyota 8FD25,Diesel,Automatic,OEM_dealer,2563.00,critical,6,16,0,A-013
688b2c30-251e-47c9-9685-b340bbad8f1d,LLX-GLE-0014,8f2b1c74-59d3-4a6e-9b21-7c4e0a5d3f88,3df19dcf-3ea6-4851-8552-d094f0ee47ee,Toyota 8FD25 014,vehicle,forklift,Forklift_2.5T,Toyota,8FD25,2021,GLE-FL-014,TYT-8FD25-599263,active,good,72.24,2021-07-20,2024-07-20,95216ddb-1bf9-4e90-9467-1ce014997f32,4272.00,2026-06-29,2026-12-02,Toyota 8FD25 (Forklift 2.5T) operating out of LankaLogix - Galle on internal material handling duty.,"{""cargo_type"": ""industrial_parts"", ""route_type"": ""dock_transfer"", ""operating_shift"": ""day"", ""warehouse_short"": ""GLE"", ""source_vehicle_id"": ""SLW1275""}",56bc5b4f-b018-4995-89a3-6825709e4754,2021-07-20 09:00:00+00,2026-08-10 19:03:05.467947+00,internal_material_handling,Toyota 8FD25,LPG,Automatic,authorized_workshop,2559.60,high,6,16,0,A-014
dfe9b185-95af-4842-92d5-daa5b8a321f8,LLX-GLE-0015,8f2b1c74-59d3-4a6e-9b21-7c4e0a5d3f88,3df19dcf-3ea6-4851-8552-d094f0ee47ee,Komatsu FD25 015,vehicle,forklift,Forklift_2.5T,Komatsu,FD25,2020,GLE-FL-015,KMT-FD25-624625,inactive,poor,59.11,2020-09-16,2023-09-16,,5569.00,2026-07-22,2026-08-31,Komatsu FD25 (Forklift 2.5T) operating out of LankaLogix - Galle on internal material handling duty.,"{""cargo_type"": ""palletized_fmcg"", ""route_type"": ""dock_transfer"", ""operating_shift"": ""three_shift"", ""warehouse_short"": ""GLE"", ""source_vehicle_id"": ""SLW0468""}",56bc5b4f-b018-4995-89a3-6825709e4754,2020-09-16 09:00:00+00,2026-08-10 19:03:05.467947+00,internal_material_handling,Komatsu FD25,Diesel,Automatic,OEM_dealer,2374.40,medium,6,31,2,A-015
0ebe27ca-2e58-44a6-a62f-bcbe979ab961,LLX-GLE-0016,8f2b1c74-59d3-4a6e-9b21-7c4e0a5d3f88,3df19dcf-3ea6-4851-8552-d094f0ee47ee,Toyota 8FD25 016,vehicle,forklift,Forklift_2.5T,Toyota,8FD25,2018,GLE-FL-016,TYT-8FD25-600670,active,good,78.53,2018-02-11,2021-02-11,3d6f2ad9-da21-46a7-9219-f8cf57f7ff25,4898.00,2026-07-25,2027-02-17,Toyota 8FD25 (Forklift 2.5T) operating out of LankaLogix - Galle on internal material handling duty.,"{""cargo_type"": ""palletized_fmcg"", ""route_type"": ""dock_transfer"", ""operating_shift"": ""day"", ""warehouse_short"": ""GLE"", ""source_vehicle_id"": ""SLW0048""}",0f2dd1d9-6b12-4073-ab85-bea406d1d514,2018-02-11 09:00:00+00,2026-08-10 19:03:05.467947+00,internal_material_handling,Toyota 8FD25,LPG,Automatic,authorized_workshop,2387.00,high,8,30,0,A-016
76b0a6db-27ff-4bb8-871b-53186ed90b92,LLX-GLE-0017,8f2b1c74-59d3-4a6e-9b21-7c4e0a5d3f88,3df19dcf-3ea6-4851-8552-d094f0ee47ee,Komatsu FD25 017,vehicle,forklift,Forklift_2.5T,Komatsu,FD25,2021,GLE-FL-017,KMT-FD25-795394,active,good,68.43,2021-01-23,2024-01-23,2458cf7c-fcbf-4def-834a-e1429dfebcae,4950.00,2026-08-09,2026-08-11,Komatsu FD25 (Forklift 2.5T) operating out of LankaLogix - Galle on internal material handling duty.,"{""cargo_type"": ""mixed_warehouse"", ""route_type"": ""dock_transfer"", ""operating_shift"": ""day"", ""warehouse_short"": ""GLE"", ""source_vehicle_id"": ""SLW0321""}",829c13bd-2a5c-42b7-8b1c-8a8a8b415ceb,2021-01-23 09:00:00+00,2026-08-10 19:03:05.467947+00,internal_material_handling,Komatsu FD25,Diesel,Automatic,OEM_dealer,2571.80,high,6,16,0,A-017
1f6a8a84-a2fa-40ab-a885-7f6f18e22cb0,LLX-GLE-0018,8f2b1c74-59d3-4a6e-9b21-7c4e0a5d3f88,3df19dcf-3ea6-4851-8552-d094f0ee47ee,Heli CPCD25 018,vehicle,forklift,Forklift_2.5T,Heli,CPCD25,2018,GLE-FL-018,HLI-CPCD25-986622,active,moderate,74.73,2018-12-05,2021-12-05,,4503.00,2026-08-05,2026-08-11,Heli CPCD25 (Forklift 2.5T) operating out of LankaLogix - Galle on internal material handling duty.,"{""cargo_type"": ""palletized_fmcg"", ""route_type"": ""warehouse_internal"", ""operating_shift"": ""day_night"", ""warehouse_short"": ""GLE"", ""source_vehicle_id"": ""SLW0230""}",bb91bbb5-1ab1-442b-b910-28093fe53eb9,2018-12-05 09:00:00+00,2026-08-10 19:03:05.467947+00,internal_material_handling,Heli CPCD25,Diesel,Automatic,authorized_workshop,2365.00,high,8,46,1,A-018
df2486e5-6fe4-4439-b8a6-c4147e346645,LLX-GLE-0019,8f2b1c74-59d3-4a6e-9b21-7c4e0a5d3f88,3df19dcf-3ea6-4851-8552-d094f0ee47ee,Toyota 8FD25 019,vehicle,forklift,Forklift_2.5T,Toyota,8FD25,2020,GLE-FL-019,TYT-8FD25-927651,active,moderate,83.87,2020-12-02,2023-12-02,c6b50eb7-f825-456c-91cd-88ac3e4acfde,3684.00,2026-05-31,2026-10-26,Toyota 8FD25 (Forklift 2.5T) operating out of LankaLogix - Galle on internal material handling duty.,"{""cargo_type"": ""palletized_fmcg"", ""route_type"": ""warehouse_internal"", ""operating_shift"": ""day"", ""warehouse_short"": ""GLE"", ""source_vehicle_id"": ""SLW1027""}",ae54eb0a-cd4b-4c62-86b2-8ed1974fbcec,2020-12-02 09:00:00+00,2026-08-10 19:03:05.467947+00,internal_material_handling,Toyota 8FD25,Diesel,Automatic,OEM_dealer,2493.60,critical,7,20,0,A-019
72033436-0690-456c-bbf8-ae006d5efd10,LLX-GLE-0020,8f2b1c74-59d3-4a6e-9b21-7c4e0a5d3f88,3df19dcf-3ea6-4851-8552-d094f0ee47ee,Heli CPCD25 020,vehicle,forklift,Forklift_2.5T,Heli,CPCD25,2019,GLE-FL-020,HLI-CPCD25-280157,active,moderate,79.88,2019-06-04,2022-06-04,e69037f7-b5fb-4127-9fa9-7dcd4652ca97,3901.00,2026-07-07,2026-08-18,Heli CPCD25 (Forklift 2.5T) operating out of LankaLogix - Galle on internal material handling duty.,"{""cargo_type"": ""mixed_warehouse"", ""route_type"": ""warehouse_internal"", ""operating_shift"": ""day_night"", ""warehouse_short"": ""GLE"", ""source_vehicle_id"": ""SLW1374""}",ae54eb0a-cd4b-4c62-86b2-8ed1974fbcec,2019-06-04 09:00:00+00,2026-08-10 19:03:05.467947+00,internal_material_handling,Heli CPCD25,LPG,Automatic,authorized_workshop,2482.30,high,8,41,2,A-020
067e00e5-2b20-42f6-a3e1-119d8dc41138,LLX-GLE-0021,8f2b1c74-59d3-4a6e-9b21-7c4e0a5d3f88,3df19dcf-3ea6-4851-8552-d094f0ee47ee,Heli CPCD25 021,vehicle,forklift,Forklift_2.5T,Heli,CPCD25,2020,GLE-FL-021,HLI-CPCD25-582108,active,good,94.90,2020-03-16,2023-03-16,97b90211-1b71-4112-a5c5-454a8b55cf5f,4462.00,2026-08-09,2026-08-16,Heli CPCD25 (Forklift 2.5T) operating out of LankaLogix - Galle on internal material handling duty.,"{""cargo_type"": ""mixed_warehouse"", ""route_type"": ""warehouse_internal"", ""operating_shift"": ""day_night"", ""warehouse_short"": ""GLE"", ""source_vehicle_id"": ""SLW0506""}",0f2dd1d9-6b12-4073-ab85-bea406d1d514,2020-03-16 09:00:00+00,2026-08-10 19:03:05.467947+00,internal_material_handling,Heli CPCD25,LPG,Automatic,authorized_workshop,2562.80,critical,7,39,0,A-021
52ddaf34-1c8f-4dcb-83a2-1ed0d052a37c,LLX-GLE-0022,8f2b1c74-59d3-4a6e-9b21-7c4e0a5d3f88,3df19dcf-3ea6-4851-8552-d094f0ee47ee,Heli CPCD25 022,vehicle,forklift,Forklift_2.5T,Heli,CPCD25,2020,GLE-FL-022,HLI-CPCD25-146405,active,good,57.52,2020-01-08,2023-01-08,3bb5d4f9-b891-4072-8884-5b42ee5b612e,4883.00,2026-06-11,2026-12-15,Heli CPCD25 (Forklift 2.5T) operating out of LankaLogix - Galle on internal material handling duty.,"{""cargo_type"": ""industrial_parts"", ""route_type"": ""warehouse_internal"", ""operating_shift"": ""day"", ""warehouse_short"": ""GLE"", ""source_vehicle_id"": ""SLW0488""}",ae54eb0a-cd4b-4c62-86b2-8ed1974fbcec,2020-01-08 09:00:00+00,2026-08-10 19:03:05.467947+00,internal_material_handling,Heli CPCD25,Diesel,Automatic,authorized_workshop,2377.50,medium,6,25,0,A-022
2c8c23cf-0938-40fe-a26a-cfeaa9a19700,LLX-GLE-0023,8f2b1c74-59d3-4a6e-9b21-7c4e0a5d3f88,3df19dcf-3ea6-4851-8552-d094f0ee47ee,Toyota 8FD25 023,vehicle,forklift,Forklift_2.5T,Toyota,8FD25,2021,GLE-FL-023,TYT-8FD25-104079,active,moderate,84.77,2021-07-27,2024-07-27,29e815ea-c25f-4709-b6a4-87f37389a89b,4409.00,2026-08-02,2026-11-22,Toyota 8FD25 (Forklift 2.5T) operating out of LankaLogix - Galle on internal material handling duty.,"{""cargo_type"": ""mixed_warehouse"", ""route_type"": ""dock_transfer"", ""operating_shift"": ""day_night"", ""warehouse_short"": ""GLE"", ""source_vehicle_id"": ""SLW1081""}",1b1a566a-ece0-4130-b5f5-76634ad534c0,2021-07-27 09:00:00+00,2026-08-10 19:03:05.467947+00,internal_material_handling,Toyota 8FD25,Diesel,Automatic,independent_garage,2402.60,critical,6,30,1,A-023
82173c84-078c-4e62-873a-d1cfc9d2328f,LLX-GLE-0024,8f2b1c74-59d3-4a6e-9b21-7c4e0a5d3f88,3df19dcf-3ea6-4851-8552-d094f0ee47ee,Toyota 8FD25 024,vehicle,forklift,Forklift_2.5T,Toyota,8FD25,2013,GLE-FL-024,TYT-8FD25-519737,active,good,94.27,2013-10-20,2016-10-20,98849133-a5b7-4448-ab4c-e02cdbb7b9c8,4640.00,2026-07-04,2026-12-03,Toyota 8FD25 (Forklift 2.5T) operating out of LankaLogix - Galle on internal material handling duty.,"{""cargo_type"": ""industrial_parts"", ""route_type"": ""warehouse_internal"", ""operating_shift"": ""three_shift"", ""warehouse_short"": ""GLE"", ""source_vehicle_id"": ""SLW0877""}",ae54eb0a-cd4b-4c62-86b2-8ed1974fbcec,2013-10-20 09:00:00+00,2026-08-10 19:03:05.467947+00,internal_material_handling,Toyota 8FD25,Diesel,Automatic,OEM_dealer,2591.30,critical,14,41,1,A-024
2f2f9f65-26c5-4f61-8e9f-85f829a1221c,LLX-GLE-0025,8f2b1c74-59d3-4a6e-9b21-7c4e0a5d3f88,3df19dcf-3ea6-4851-8552-d094f0ee47ee,Komatsu FD25 025,vehicle,forklift,Forklift_2.5T,Komatsu,FD25,2015,GLE-FL-025,KMT-FD25-151438,active,moderate,84.13,2015-09-23,2018-09-23,fdbc71f8-edf3-4091-a0dc-b0bf3c339f92,4406.00,2026-07-29,2026-12-06,Komatsu FD25 (Forklift 2.5T) operating out of LankaLogix - Galle on internal material handling duty.,"{""cargo_type"": ""palletized_fmcg"", ""route_type"": ""warehouse_internal"", ""operating_shift"": ""day_night"", ""warehouse_short"": ""GLE"", ""source_vehicle_id"": ""SLW0026""}",bcdfa155-6afd-44b6-9cfe-85d596dfb687,2015-09-23 09:00:00+00,2026-08-10 19:03:05.467947+00,internal_material_handling,Komatsu FD25,Diesel,Automatic,independent_garage,2317.20,critical,11,48,1,A-025
cf0c23fd-05ec-42af-bf94-ebd78f19cd5b,LLX-GLE-0026,8f2b1c74-59d3-4a6e-9b21-7c4e0a5d3f88,3df19dcf-3ea6-4851-8552-d094f0ee47ee,Toyota 8FD25 026,vehicle,forklift,Forklift_2.5T,Toyota,8FD25,2015,GLE-FL-026,TYT-8FD25-949623,inactive,good,43.36,2015-08-06,2018-08-06,,4851.00,2026-03-10,2026-09-02,Toyota 8FD25 (Forklift 2.5T) operating out of LankaLogix - Galle on internal material handling duty.,"{""cargo_type"": ""industrial_parts"", ""route_type"": ""dock_transfer"", ""operating_shift"": ""day"", ""warehouse_short"": ""GLE"", ""source_vehicle_id"": ""SLW0064""}",bcdfa155-6afd-44b6-9cfe-85d596dfb687,2015-08-06 09:00:00+00,2026-08-10 19:03:05.467947+00,internal_material_handling,Toyota 8FD25,LPG,Automatic,authorized_workshop,2457.60,medium,11,37,0,A-026
c57b6521-b665-480d-a1cc-9c69db314f01,LLX-GLE-0027,8f2b1c74-59d3-4a6e-9b21-7c4e0a5d3f88,3df19dcf-3ea6-4851-8552-d094f0ee47ee,Heli CPCD25 027,vehicle,forklift,Forklift_2.5T,Heli,CPCD25,2017,GLE-FL-027,HLI-CPCD25-752539,active,moderate,45.10,2017-09-01,2020-09-01,b962b5fc-da66-4f7f-92cc-dd185de9622d,4491.00,2026-05-09,2026-09-13,Heli CPCD25 (Forklift 2.5T) operating out of LankaLogix - Galle on internal material handling duty.,"{""cargo_type"": ""industrial_parts"", ""route_type"": ""warehouse_internal"", ""operating_shift"": ""day_night"", ""warehouse_short"": ""GLE"", ""source_vehicle_id"": ""SLW1118""}",1b1a566a-ece0-4130-b5f5-76634ad534c0,2017-09-01 09:00:00+00,2026-08-10 19:03:05.467947+00,internal_material_handling,Heli CPCD25,Diesel,Automatic,authorized_workshop,2598.50,medium,10,43,1,A-027
49fa0050-0771-4769-9b88-bd878cb3383e,LLX-GLE-0028,8f2b1c74-59d3-4a6e-9b21-7c4e0a5d3f88,3df19dcf-3ea6-4851-8552-d094f0ee47ee,Toyota 8FD25 028,vehicle,forklift,Forklift_2.5T,Toyota,8FD25,2020,GLE-FL-028,TYT-8FD25-618249,active,poor,88.38,2020-11-05,2023-11-05,1ea70755-1c4a-4c56-8d10-f83fdbee5d4c,4680.00,2026-03-14,2026-10-10,Toyota 8FD25 (Forklift 2.5T) operating out of LankaLogix - Galle on internal material handling duty.,"{""cargo_type"": ""mixed_warehouse"", ""route_type"": ""dock_transfer"", ""operating_shift"": ""day"", ""warehouse_short"": ""GLE"", ""source_vehicle_id"": ""SLW0962""}",0f2dd1d9-6b12-4073-ab85-bea406d1d514,2020-11-05 09:00:00+00,2026-08-10 19:03:05.467947+00,internal_material_handling,Toyota 8FD25,Diesel,Automatic,authorized_workshop,2460.00,critical,7,22,0,A-028
8621cace-c87c-4eab-bd68-7afa90255d90,LLX-GLE-0029,8f2b1c74-59d3-4a6e-9b21-7c4e0a5d3f88,3df19dcf-3ea6-4851-8552-d094f0ee47ee,Komatsu FD25 029,vehicle,forklift,Forklift_2.5T,Komatsu,FD25,2020,GLE-FL-029,KMT-FD25-950197,active,good,89.53,2020-02-18,2023-02-18,,4623.00,2026-05-26,2026-12-29,Komatsu FD25 (Forklift 2.5T) operating out of LankaLogix - Galle on internal material handling duty.,"{""cargo_type"": ""industrial_parts"", ""route_type"": ""warehouse_internal"", ""operating_shift"": ""day"", ""warehouse_short"": ""GLE"", ""source_vehicle_id"": ""SLW0199""}",829c13bd-2a5c-42b7-8b1c-8a8a8b415ceb,2020-02-18 09:00:00+00,2026-08-10 19:03:05.467947+00,internal_material_handling,Komatsu FD25,Diesel,Automatic,OEM_dealer,2302.80,critical,6,22,0,A-029
8e785b05-fdc9-4206-b5b2-d72eaddf8cd5,LLX-GLE-0030,8f2b1c74-59d3-4a6e-9b21-7c4e0a5d3f88,3df19dcf-3ea6-4851-8552-d094f0ee47ee,Heli CPCD25 030,vehicle,forklift,Forklift_2.5T,Heli,CPCD25,2018,GLE-FL-030,HLI-CPCD25-359405,active,moderate,86.57,2018-10-04,2021-10-04,0661a2e7-11df-4c5f-9bf0-1750efed60a9,4864.00,2026-07-16,2026-10-11,Heli CPCD25 (Forklift 2.5T) operating out of LankaLogix - Galle on internal material handling duty.,"{""cargo_type"": ""mixed_warehouse"", ""route_type"": ""dock_transfer"", ""operating_shift"": ""day_night"", ""warehouse_short"": ""GLE"", ""source_vehicle_id"": ""SLW0913""}",0f2dd1d9-6b12-4073-ab85-bea406d1d514,2018-10-04 09:00:00+00,2026-08-10 19:03:05.467947+00,internal_material_handling,Heli CPCD25,LPG,Automatic,authorized_workshop,2702.60,critical,9,40,2,A-030
62656cad-a499-41ab-82e4-3ef2e2696ea7,LLX-GLE-0031,8f2b1c74-59d3-4a6e-9b21-7c4e0a5d3f88,3df19dcf-3ea6-4851-8552-d094f0ee47ee,Heli CPCD25 031,vehicle,forklift,Forklift_2.5T,Heli,CPCD25,2020,GLE-FL-031,HLI-CPCD25-775325,active,good,63.17,2020-05-25,2023-05-25,9eb62981-218e-4eee-89c7-1e44e087fd9a,3925.00,2026-07-16,2026-10-13,Heli CPCD25 (Forklift 2.5T) operating out of LankaLogix - Galle on internal material handling duty.,"{""cargo_type"": ""palletized_fmcg"", ""route_type"": ""warehouse_internal"", ""operating_shift"": ""three_shift"", ""warehouse_short"": ""GLE"", ""source_vehicle_id"": ""SLW0661""}",734bbe6b-9744-44d0-a11b-7a0e0df4922e,2020-05-25 09:00:00+00,2026-08-10 19:03:05.467947+00,internal_material_handling,Heli CPCD25,Diesel,Automatic,authorized_workshop,2450.70,high,7,42,2,A-031
c1504be8-7c7c-4282-9d65-5ed622c88d93,LLX-GLE-0032,8f2b1c74-59d3-4a6e-9b21-7c4e0a5d3f88,3df19dcf-3ea6-4851-8552-d094f0ee47ee,Heli CPCD25 032,vehicle,forklift,Forklift_2.5T,Heli,CPCD25,2018,GLE-FL-032,HLI-CPCD25-389142,active,good,95.51,2018-05-09,2021-05-09,,4533.00,2026-07-14,2026-09-27,Heli CPCD25 (Forklift 2.5T) operating out of LankaLogix - Galle on internal material handling duty.,"{""cargo_type"": ""mixed_warehouse"", ""route_type"": ""dock_transfer"", ""operating_shift"": ""day_night"", ""warehouse_short"": ""GLE"", ""source_vehicle_id"": ""SLW0272""}",829c13bd-2a5c-42b7-8b1c-8a8a8b415ceb,2018-05-09 09:00:00+00,2026-08-10 19:03:05.467947+00,internal_material_handling,Heli CPCD25,Diesel,Automatic,authorized_workshop,2462.60,critical,9,46,1,A-032
7d296ba0-4e58-4eef-9cfe-cdf0dd67b4e1,LLX-GLE-0033,8f2b1c74-59d3-4a6e-9b21-7c4e0a5d3f88,3df19dcf-3ea6-4851-8552-d094f0ee47ee,Heli CPCD25 033,vehicle,forklift,Forklift_2.5T,Heli,CPCD25,2016,GLE-FL-033,HLI-CPCD25-791471,active,good,78.70,2016-08-07,2019-08-07,,4041.00,2026-07-11,2026-11-28,Heli CPCD25 (Forklift 2.5T) operating out of LankaLogix - Galle on internal material handling duty.,"{""cargo_type"": ""mixed_warehouse"", ""route_type"": ""warehouse_internal"", ""operating_shift"": ""day"", ""warehouse_short"": ""GLE"", ""source_vehicle_id"": ""SLW0273""}",bb91bbb5-1ab1-442b-b910-28093fe53eb9,2016-08-07 09:00:00+00,2026-08-10 19:03:05.467947+00,internal_material_handling,Heli CPCD25,LPG,Automatic,independent_garage,2450.60,high,10,44,1,A-033
b939d0c4-9910-43c8-a8e6-09b7dec6a5a5,LLX-GLE-0034,8f2b1c74-59d3-4a6e-9b21-7c4e0a5d3f88,3df19dcf-3ea6-4851-8552-d094f0ee47ee,Komatsu FD25 034,vehicle,forklift,Forklift_2.5T,Komatsu,FD25,2018,GLE-FL-034,KMT-FD25-940139,active,moderate,80.16,2018-06-06,2021-06-06,e69037f7-b5fb-4127-9fa9-7dcd4652ca97,4277.00,2026-07-27,2026-10-18,Komatsu FD25 (Forklift 2.5T) operating out of LankaLogix - Galle on internal material handling duty.,"{""cargo_type"": ""palletized_fmcg"", ""route_type"": ""dock_transfer"", ""operating_shift"": ""three_shift"", ""warehouse_short"": ""GLE"", ""source_vehicle_id"": ""SLW1045""}",ae54eb0a-cd4b-4c62-86b2-8ed1974fbcec,2018-06-06 09:00:00+00,2026-08-10 19:03:05.467947+00,internal_material_handling,Komatsu FD25,LPG,Automatic,independent_garage,2421.30,high,9,50,3,A-034
e2f57336-713f-4720-b427-2ff57845f80c,LLX-GLE-0035,8f2b1c74-59d3-4a6e-9b21-7c4e0a5d3f88,3df19dcf-3ea6-4851-8552-d094f0ee47ee,Komatsu FD25 035,vehicle,forklift,Forklift_2.5T,Komatsu,FD25,2021,GLE-FL-035,KMT-FD25-419738,active,moderate,65.78,2021-02-13,2024-02-13,1823ac1f-270d-49f9-abec-45242da05699,4578.00,2026-06-22,2026-12-10,Komatsu FD25 (Forklift 2.5T) operating out of LankaLogix - Galle on internal material handling duty.,"{""cargo_type"": ""palletized_fmcg"", ""route_type"": ""warehouse_internal"", ""operating_shift"": ""day"", ""warehouse_short"": ""GLE"", ""source_vehicle_id"": ""SLW0796""}",bcdfa155-6afd-44b6-9cfe-85d596dfb687,2021-02-13 09:00:00+00,2026-08-10 19:03:05.467947+00,internal_material_handling,Komatsu FD25,Diesel,Automatic,authorized_workshop,2578.10,high,6,17,0,A-035
cb409871-eecf-4f9b-83e0-498c9a3e3367,LLX-GLE-0036,8f2b1c74-59d3-4a6e-9b21-7c4e0a5d3f88,3df19dcf-3ea6-4851-8552-d094f0ee47ee,Komatsu FD25 036,vehicle,forklift,Forklift_2.5T,Komatsu,FD25,2020,GLE-FL-036,KMT-FD25-414539,active,moderate,94.17,2020-02-24,2023-02-24,6f24359e-a712-4cba-be67-59f41b86ca41,4490.00,2026-07-18,2027-01-29,Komatsu FD25 (Forklift 2.5T) operating out of LankaLogix - Galle on internal material handling duty.,"{""cargo_type"": ""industrial_parts"", ""route_type"": ""warehouse_internal"", ""operating_shift"": ""day"", ""warehouse_short"": ""GLE"", ""source_vehicle_id"": ""SLW0021""}",608d7306-f79c-4916-9b39-69a1abea72d9,2020-02-24 09:00:00+00,2026-08-10 19:03:05.467947+00,internal_material_handling,Komatsu FD25,LPG,Automatic,authorized_workshop,2505.10,critical,7,19,0,A-036
ad442345-a64a-4d6f-b818-12654cbd7db9,LLX-GLE-0037,8f2b1c74-59d3-4a6e-9b21-7c4e0a5d3f88,3df19dcf-3ea6-4851-8552-d094f0ee47ee,Toyota 8FD25 037,vehicle,forklift,Forklift_2.5T,Toyota,8FD25,2019,GLE-FL-037,TYT-8FD25-862598,active,moderate,82.47,2019-01-18,2022-01-18,53729164-22f4-4aa2-a9ce-1b992ed4e050,4130.00,2026-03-13,2026-08-18,Toyota 8FD25 (Forklift 2.5T) operating out of LankaLogix - Galle on internal material handling duty.,"{""cargo_type"": ""industrial_parts"", ""route_type"": ""dock_transfer"", ""operating_shift"": ""day"", ""warehouse_short"": ""GLE"", ""source_vehicle_id"": ""SLW0937""}",ae54eb0a-cd4b-4c62-86b2-8ed1974fbcec,2019-01-18 09:00:00+00,2026-08-10 19:03:05.467947+00,internal_material_handling,Toyota 8FD25,Diesel,Automatic,OEM_dealer,2483.00,critical,8,27,0,A-037
c4645b2b-2be5-4c8b-844d-182dfa91212d,LLX-GLE-0038,8f2b1c74-59d3-4a6e-9b21-7c4e0a5d3f88,3df19dcf-3ea6-4851-8552-d094f0ee47ee,Heli CPCD25 038,vehicle,forklift,Forklift_2.5T,Heli,CPCD25,2020,GLE-FL-038,HLI-CPCD25-796437,active,good,92.66,2020-09-18,2023-09-18,9c8e93f8-915c-4053-95fe-886010f1b5fa,4464.00,2026-07-21,2026-11-04,Heli CPCD25 (Forklift 2.5T) operating out of LankaLogix - Galle on internal material handling duty.,"{""cargo_type"": ""palletized_fmcg"", ""route_type"": ""dock_transfer"", ""operating_shift"": ""day_night"", ""warehouse_short"": ""GLE"", ""source_vehicle_id"": ""SLW0555""}",56bc5b4f-b018-4995-89a3-6825709e4754,2020-09-18 09:00:00+00,2026-08-10 19:03:05.467947+00,internal_material_handling,Heli CPCD25,LPG,Automatic,independent_garage,2512.50,critical,6,33,1,A-038
b86a110d-6338-4e0d-b888-fac1baa7f0ab,LLX-GLE-0039,8f2b1c74-59d3-4a6e-9b21-7c4e0a5d3f88,3df19dcf-3ea6-4851-8552-d094f0ee47ee,Heli CPCD25 039,vehicle,forklift,Forklift_2.5T,Heli,CPCD25,2015,GLE-FL-039,HLI-CPCD25-778937,active,moderate,93.51,2015-06-16,2018-06-16,8f700fd2-3def-4b84-8c3c-b7d73e077fba,4252.00,2026-07-20,2026-08-24,Heli CPCD25 (Forklift 2.5T) operating out of LankaLogix - Galle on internal material handling duty.,"{""cargo_type"": ""palletized_fmcg"", ""route_type"": ""warehouse_internal"", ""operating_shift"": ""day_night"", ""warehouse_short"": ""GLE"", ""source_vehicle_id"": ""SLW0207""}",11ccb7fb-51b9-40e8-bdd2-b07207b8e0a7,2015-06-16 09:00:00+00,2026-08-10 19:03:05.467947+00,internal_material_handling,Heli CPCD25,LPG,Automatic,authorized_workshop,2486.10,critical,11,59,2,A-039
4eb27e84-8fb0-48ee-a96f-ab631cc1da0d,LLX-GLE-0040,8f2b1c74-59d3-4a6e-9b21-7c4e0a5d3f88,3df19dcf-3ea6-4851-8552-d094f0ee47ee,Komatsu FD25 040,vehicle,forklift,Forklift_2.5T,Komatsu,FD25,2015,GLE-FL-040,KMT-FD25-727367,active,good,94.25,2015-09-01,2018-09-01,5a06d8c6-5129-408a-bdb4-cf0707eb9516,4930.00,2026-06-10,2027-03-08,Komatsu FD25 (Forklift 2.5T) operating out of LankaLogix - Galle on internal material handling duty.,"{""cargo_type"": ""mixed_warehouse"", ""route_type"": ""warehouse_internal"", ""operating_shift"": ""day"", ""warehouse_short"": ""GLE"", ""source_vehicle_id"": ""SLW1179""}",bb91bbb5-1ab1-442b-b910-28093fe53eb9,2015-09-01 09:00:00+00,2026-08-10 19:03:05.467947+00,internal_material_handling,Komatsu FD25,Diesel,Automatic,OEM_dealer,2511.40,critical,12,37,1,A-040
3a496fa7-9d79-451a-ba65-7670996b9b4f,LLX-GLE-0041,8f2b1c74-59d3-4a6e-9b21-7c4e0a5d3f88,3df19dcf-3ea6-4851-8552-d094f0ee47ee,Toyota 8FD25 041,vehicle,forklift,Forklift_2.5T,Toyota,8FD25,2017,GLE-FL-041,TYT-8FD25-400391,active,good,73.18,2017-10-04,2020-10-04,d884117d-3827-4278-8128-77523994bdb1,4992.00,2026-07-22,2026-10-20,Toyota 8FD25 (Forklift 2.5T) operating out of LankaLogix - Galle on internal material handling duty.,"{""cargo_type"": ""mixed_warehouse"", ""route_type"": ""dock_transfer"", ""operating_shift"": ""three_shift"", ""warehouse_short"": ""GLE"", ""source_vehicle_id"": ""SLW0265""}",bb91bbb5-1ab1-442b-b910-28093fe53eb9,2017-10-04 09:00:00+00,2026-08-10 19:03:05.467947+00,internal_material_handling,Toyota 8FD25,LPG,Automatic,independent_garage,2649.70,high,10,46,1,A-041
cc678d96-697b-42d8-abba-99156dfc8c33,LLX-GLE-0042,8f2b1c74-59d3-4a6e-9b21-7c4e0a5d3f88,3df19dcf-3ea6-4851-8552-d094f0ee47ee,Heli CPCD25 042,vehicle,forklift,Forklift_2.5T,Heli,CPCD25,2014,GLE-FL-042,HLI-CPCD25-754652,active,good,94.81,2014-05-19,2017-05-19,,4387.00,2026-06-30,2026-10-26,Heli CPCD25 (Forklift 2.5T) operating out of LankaLogix - Galle on internal material handling duty.,"{""cargo_type"": ""mixed_warehouse"", ""route_type"": ""dock_transfer"", ""operating_shift"": ""day"", ""warehouse_short"": ""GLE"", ""source_vehicle_id"": ""SLW0699""}",0f2dd1d9-6b12-4073-ab85-bea406d1d514,2014-05-19 09:00:00+00,2026-08-10 19:03:05.467947+00,internal_material_handling,Heli CPCD25,LPG,Automatic,OEM_dealer,2459.40,critical,13,44,1,A-042
d0b6f377-01b3-4435-86b0-5aada79fb5b0,LLX-GLE-0043,8f2b1c74-59d3-4a6e-9b21-7c4e0a5d3f88,3df19dcf-3ea6-4851-8552-d094f0ee47ee,Toyota 8FD25 043,vehicle,forklift,Forklift_2.5T,Toyota,8FD25,2021,GLE-FL-043,TYT-8FD25-997025,active,moderate,75.52,2021-02-13,2024-02-13,7da9bd19-50e9-4311-9de5-a85a106ef20f,3943.00,2026-07-02,2026-11-22,Toyota 8FD25 (Forklift 2.5T) operating out of LankaLogix - Galle on internal material handling duty.,"{""cargo_type"": ""industrial_parts"", ""route_type"": ""warehouse_internal"", ""operating_shift"": ""day_night"", ""warehouse_short"": ""GLE"", ""source_vehicle_id"": ""SLW1299""}",734bbe6b-9744-44d0-a11b-7a0e0df4922e,2021-02-13 09:00:00+00,2026-08-10 19:03:05.467947+00,internal_material_handling,Toyota 8FD25,Diesel,Automatic,independent_garage,2520.50,high,6,27,0,A-043
61c98589-e751-43f5-ab2d-fe000dc4fce4,LLX-GLE-0044,8f2b1c74-59d3-4a6e-9b21-7c4e0a5d3f88,3df19dcf-3ea6-4851-8552-d094f0ee47ee,Heli CPCD25 044,vehicle,forklift,Forklift_2.5T,Heli,CPCD25,2018,GLE-FL-044,HLI-CPCD25-922929,active,good,86.37,2018-05-11,2021-05-11,620ee403-2775-4780-9c7d-1ea3a6ad5f75,4328.00,2026-07-16,2027-01-23,Heli CPCD25 (Forklift 2.5T) operating out of LankaLogix - Galle on internal material handling duty.,"{""cargo_type"": ""mixed_warehouse"", ""route_type"": ""warehouse_internal"", ""operating_shift"": ""day"", ""warehouse_short"": ""GLE"", ""source_vehicle_id"": ""SLW0400""}",608d7306-f79c-4916-9b39-69a1abea72d9,2018-05-11 09:00:00+00,2026-08-10 19:03:05.467947+00,internal_material_handling,Heli CPCD25,LPG,Automatic,independent_garage,2502.30,critical,8,26,0,A-044
7e5d3657-a1ee-4f04-8be0-03269a2fa25d,LLX-GLE-0045,8f2b1c74-59d3-4a6e-9b21-7c4e0a5d3f88,3df19dcf-3ea6-4851-8552-d094f0ee47ee,Heli CPCD25 045,vehicle,forklift,Forklift_2.5T,Heli,CPCD25,2017,GLE-FL-045,HLI-CPCD25-159265,active,good,84.67,2017-01-23,2020-01-23,,5231.00,2026-07-25,2026-12-03,Heli CPCD25 (Forklift 2.5T) operating out of LankaLogix - Galle on internal material handling duty.,"{""cargo_type"": ""mixed_warehouse"", ""route_type"": ""warehouse_internal"", ""operating_shift"": ""day"", ""warehouse_short"": ""GLE"", ""source_vehicle_id"": ""SLW0449""}",829c13bd-2a5c-42b7-8b1c-8a8a8b415ceb,2017-01-23 09:00:00+00,2026-08-10 19:03:05.467947+00,internal_material_handling,Heli CPCD25,Diesel,Automatic,authorized_workshop,2602.10,critical,9,40,0,A-045
cb5489d7-7bac-446a-bbdc-a74f9cc14b7e,LLX-GLE-0046,8f2b1c74-59d3-4a6e-9b21-7c4e0a5d3f88,3df19dcf-3ea6-4851-8552-d094f0ee47ee,Toyota 8FD25 046,vehicle,forklift,Forklift_2.5T,Toyota,8FD25,2020,GLE-FL-046,TYT-8FD25-184105,active,moderate,66.68,2020-07-01,2023-07-01,42acea66-cc32-472a-9657-2455c458bd82,4241.00,2026-04-17,2026-09-23,Toyota 8FD25 (Forklift 2.5T) operating out of LankaLogix - Galle on internal material handling duty.,"{""cargo_type"": ""palletized_fmcg"", ""route_type"": ""warehouse_internal"", ""operating_shift"": ""day_night"", ""warehouse_short"": ""GLE"", ""source_vehicle_id"": ""SLW0002""}",56bc5b4f-b018-4995-89a3-6825709e4754,2020-07-01 09:00:00+00,2026-08-10 19:03:05.467947+00,internal_material_handling,Toyota 8FD25,Diesel,Automatic,OEM_dealer,2441.10,high,6,22,0,A-046
ec4fc776-151a-4f0a-affb-89ec14e079f3,LLX-GLE-0047,8f2b1c74-59d3-4a6e-9b21-7c4e0a5d3f88,3df19dcf-3ea6-4851-8552-d094f0ee47ee,Heli CPCD25 047,vehicle,forklift,Forklift_2.5T,Heli,CPCD25,2019,GLE-FL-047,HLI-CPCD25-876525,active,moderate,79.97,2019-10-23,2022-10-23,5674ecb9-417f-4108-b1e4-f80265c62f18,4699.00,2026-08-01,2026-10-31,Heli CPCD25 (Forklift 2.5T) operating out of LankaLogix - Galle on internal material handling duty.,"{""cargo_type"": ""mixed_warehouse"", ""route_type"": ""dock_transfer"", ""operating_shift"": ""day"", ""warehouse_short"": ""GLE"", ""source_vehicle_id"": ""SLW0035""}",56bc5b4f-b018-4995-89a3-6825709e4754,2019-10-23 09:00:00+00,2026-08-10 19:03:05.467947+00,internal_material_handling,Heli CPCD25,Diesel,Automatic,OEM_dealer,2526.60,high,8,26,0,A-047
7d24769a-8ce7-4d3b-9d1b-2c5274698a0d,LLX-GLE-0048,8f2b1c74-59d3-4a6e-9b21-7c4e0a5d3f88,3df19dcf-3ea6-4851-8552-d094f0ee47ee,Toyota 8FD25 048,vehicle,forklift,Forklift_2.5T,Toyota,8FD25,2018,GLE-FL-048,TYT-8FD25-216911,active,excellent,67.09,2018-03-24,2021-03-24,dead6da3-5b5b-40a8-b8d1-afdd225b2c31,4941.00,2026-07-25,2026-10-09,Toyota 8FD25 (Forklift 2.5T) operating out of LankaLogix - Galle on internal material handling duty.,"{""cargo_type"": ""palletized_fmcg"", ""route_type"": ""dock_transfer"", ""operating_shift"": ""three_shift"", ""warehouse_short"": ""GLE"", ""source_vehicle_id"": ""SLW1223""}",bb91bbb5-1ab1-442b-b910-28093fe53eb9,2018-03-24 09:00:00+00,2026-08-10 19:03:05.467947+00,internal_material_handling,Toyota 8FD25,Diesel,Automatic,authorized_workshop,2465.40,high,8,42,0,A-048
ae8fb68a-6c2c-4ff4-bd54-1cfcba2f91e4,LLX-GLE-0049,8f2b1c74-59d3-4a6e-9b21-7c4e0a5d3f88,3df19dcf-3ea6-4851-8552-d094f0ee47ee,Heli CPCD25 049,vehicle,forklift,Forklift_2.5T,Heli,CPCD25,2016,GLE-FL-049,HLI-CPCD25-998865,active,moderate,67.79,2016-09-22,2019-09-22,9227e7bd-457d-482d-b1f4-cbec55d20b07,4282.00,2026-07-24,2027-03-05,Heli CPCD25 (Forklift 2.5T) operating out of LankaLogix - Galle on internal material handling duty.,"{""cargo_type"": ""industrial_parts"", ""route_type"": ""warehouse_internal"", ""operating_shift"": ""day"", ""warehouse_short"": ""GLE"", ""source_vehicle_id"": ""SLW0706""}",bb91bbb5-1ab1-442b-b910-28093fe53eb9,2016-09-22 09:00:00+00,2026-08-10 19:03:05.467947+00,internal_material_handling,Heli CPCD25,Diesel,Automatic,OEM_dealer,2606.40,high,10,35,1,A-049
34dcd815-f6d8-4f97-aa61-5f0b16572896,LLX-GLE-0050,8f2b1c74-59d3-4a6e-9b21-7c4e0a5d3f88,3df19dcf-3ea6-4851-8552-d094f0ee47ee,Komatsu FD25 050,vehicle,forklift,Forklift_2.5T,Komatsu,FD25,2014,GLE-FL-050,KMT-FD25-927599,active,moderate,43.53,2014-07-28,2017-07-28,,4619.00,2026-07-22,2026-09-06,Komatsu FD25 (Forklift 2.5T) operating out of LankaLogix - Galle on internal material handling duty.,"{""cargo_type"": ""mixed_warehouse"", ""route_type"": ""dock_transfer"", ""operating_shift"": ""three_shift"", ""warehouse_short"": ""GLE"", ""source_vehicle_id"": ""SLW1066""}",1b1a566a-ece0-4130-b5f5-76634ad534c0,2014-07-28 09:00:00+00,2026-08-10 19:03:05.467947+00,internal_material_handling,Komatsu FD25,Diesel,Automatic,OEM_dealer,2585.40,medium,13,50,4,A-050
e2028202-e117-4fbe-8db0-e5a1db0104ba,LLX-GLE-0051,8f2b1c74-59d3-4a6e-9b21-7c4e0a5d3f88,3df19dcf-3ea6-4851-8552-d094f0ee47ee,Toyota 8FD25 051,vehicle,forklift,Forklift_2.5T,Toyota,8FD25,2016,GLE-FL-051,TYT-8FD25-394077,active,poor,58.85,2016-02-16,2019-02-16,,4126.00,2026-07-04,2026-09-05,Toyota 8FD25 (Forklift 2.5T) operating out of LankaLogix - Galle on internal material handling duty.,"{""cargo_type"": ""mixed_warehouse"", ""route_type"": ""warehouse_internal"", ""operating_shift"": ""day_night"", ""warehouse_short"": ""GLE"", ""source_vehicle_id"": ""SLW0114""}",bcdfa155-6afd-44b6-9cfe-85d596dfb687,2016-02-16 09:00:00+00,2026-08-10 19:03:05.467947+00,internal_material_handling,Toyota 8FD25,LPG,Automatic,OEM_dealer,2494.40,medium,10,45,1,A-051
ec1f7686-bf8b-4e56-a1b3-c1e01431e7ce,LLX-GLE-0052,8f2b1c74-59d3-4a6e-9b21-7c4e0a5d3f88,3df19dcf-3ea6-4851-8552-d094f0ee47ee,Komatsu FD25 052,vehicle,forklift,Forklift_2.5T,Komatsu,FD25,2018,GLE-FL-052,KMT-FD25-683415,active,good,39.09,2018-05-02,2021-05-02,b3bab0d5-dbca-4c9f-af8d-4038ba243058,5284.00,2026-07-05,2026-11-05,Komatsu FD25 (Forklift 2.5T) operating out of LankaLogix - Galle on internal material handling duty.,"{""cargo_type"": ""industrial_parts"", ""route_type"": ""warehouse_internal"", ""operating_shift"": ""day"", ""warehouse_short"": ""GLE"", ""source_vehicle_id"": ""SLW1308""}",bcdfa155-6afd-44b6-9cfe-85d596dfb687,2018-05-02 09:00:00+00,2026-08-10 19:03:05.467947+00,internal_material_handling,Komatsu FD25,LPG,Automatic,OEM_dealer,2598.60,medium,9,29,1,A-052
b7859dd8-e266-4fbb-9ebb-9c922880b895,LLX-GLE-0053,8f2b1c74-59d3-4a6e-9b21-7c4e0a5d3f88,3df19dcf-3ea6-4851-8552-d094f0ee47ee,Heli CPCD25 053,vehicle,forklift,Forklift_2.5T,Heli,CPCD25,2020,GLE-FL-053,HLI-CPCD25-174050,active,good,92.92,2020-03-25,2023-03-25,8f36fe73-d255-4230-aa2a-00fa311454ec,4570.00,2026-04-09,2026-10-07,Heli CPCD25 (Forklift 2.5T) operating out of LankaLogix - Galle on internal material handling duty.,"{""cargo_type"": ""mixed_warehouse"", ""route_type"": ""warehouse_internal"", ""operating_shift"": ""day"", ""warehouse_short"": ""GLE"", ""source_vehicle_id"": ""SLW1084""}",11ccb7fb-51b9-40e8-bdd2-b07207b8e0a7,2020-03-25 09:00:00+00,2026-08-10 19:03:05.467947+00,internal_material_handling,Heli CPCD25,Diesel,Automatic,authorized_workshop,2455.30,critical,7,29,0,A-053
6063d6a9-0821-4990-9d52-d53c1d6b784a,LLX-GLE-0054,8f2b1c74-59d3-4a6e-9b21-7c4e0a5d3f88,3df19dcf-3ea6-4851-8552-d094f0ee47ee,Heli CPCD25 054,vehicle,forklift,Forklift_2.5T,Heli,CPCD25,2015,GLE-FL-054,HLI-CPCD25-764774,active,moderate,66.00,2015-06-14,2018-06-14,9aee6ad3-243e-4da8-aa52-4050a6fa56f0,5548.00,2026-06-20,2026-10-12,Heli CPCD25 (Forklift 2.5T) operating out of LankaLogix - Galle on internal material handling duty.,"{""cargo_type"": ""mixed_warehouse"", ""route_type"": ""warehouse_internal"", ""operating_shift"": ""three_shift"", ""warehouse_short"": ""GLE"", ""source_vehicle_id"": ""SLW0454""}",11ccb7fb-51b9-40e8-bdd2-b07207b8e0a7,2015-06-14 09:00:00+00,2026-08-10 19:03:05.467947+00,internal_material_handling,Heli CPCD25,LPG,Automatic,authorized_workshop,2616.30,high,12,60,7,A-054
4a436752-6d5d-48ea-851c-dde8cfaa61c9,LLX-GLE-0055,8f2b1c74-59d3-4a6e-9b21-7c4e0a5d3f88,3df19dcf-3ea6-4851-8552-d094f0ee47ee,Toyota 8FD25 055,vehicle,forklift,Forklift_2.5T,Toyota,8FD25,2020,GLE-FL-055,TYT-8FD25-924799,active,moderate,92.97,2020-03-10,2023-03-10,00d11482-63a2-48da-b05c-c7e9bacd67e0,4980.00,2026-01-13,2026-09-01,Toyota 8FD25 (Forklift 2.5T) operating out of LankaLogix - Galle on internal material handling duty.,"{""cargo_type"": ""industrial_parts"", ""route_type"": ""dock_transfer"", ""operating_shift"": ""day"", ""warehouse_short"": ""GLE"", ""source_vehicle_id"": ""SLW0614""}",11ccb7fb-51b9-40e8-bdd2-b07207b8e0a7,2020-03-10 09:00:00+00,2026-08-10 19:03:05.467947+00,internal_material_handling,Toyota 8FD25,LPG,Automatic,authorized_workshop,2576.80,critical,6,18,0,A-055
69abc83b-18de-4329-94a6-441f64fbdb02,LLX-GLE-0056,8f2b1c74-59d3-4a6e-9b21-7c4e0a5d3f88,3df19dcf-3ea6-4851-8552-d094f0ee47ee,Komatsu FD30 056,vehicle,forklift,Forklift_3.0T,Komatsu,FD30,2021,GLE-FL-056,KMT-FD30-539508,active,moderate,71.53,2021-10-13,2024-10-13,ff858c38-4db7-4dcd-a154-6531520ed5b9,4566.00,2026-06-16,2026-08-19,Komatsu FD30 (Forklift 3.0T) operating out of LankaLogix - Galle on dock loading duty.,"{""cargo_type"": ""export_cargo"", ""route_type"": ""dock_transfer"", ""operating_shift"": ""day"", ""warehouse_short"": ""GLE"", ""source_vehicle_id"": ""SLW0053""}",11ccb7fb-51b9-40e8-bdd2-b07207b8e0a7,2021-10-13 09:00:00+00,2026-08-10 19:03:05.467947+00,dock_loading,Komatsu FD30,LPG,Automatic,independent_garage,3027.40,high,6,20,0,A-056
45edec81-c564-46eb-a542-79278b06dcd5,LLX-GLE-0057,8f2b1c74-59d3-4a6e-9b21-7c4e0a5d3f88,3df19dcf-3ea6-4851-8552-d094f0ee47ee,Toyota 8FD30 057,vehicle,forklift,Forklift_3.0T,Toyota,8FD30,2018,GLE-FL-057,TYT-8FD30-143563,active,poor,87.18,2018-08-07,2021-08-07,ff962ec5-661c-4004-8c3a-c65fcefaf218,4954.00,2026-05-20,2026-08-17,Toyota 8FD30 (Forklift 3.0T) operating out of LankaLogix - Galle on dock loading duty.,"{""cargo_type"": ""containerized_goods"", ""route_type"": ""dock_transfer"", ""operating_shift"": ""day"", ""warehouse_short"": ""GLE"", ""source_vehicle_id"": ""SLW0214""}",11ccb7fb-51b9-40e8-bdd2-b07207b8e0a7,2018-08-07 09:00:00+00,2026-08-10 19:03:05.467947+00,dock_loading,Toyota 8FD30,LPG,Automatic,authorized_workshop,2742.10,critical,9,35,0,A-057
26c7c449-52cb-4b57-8d16-ec96b049af41,LLX-GLE-0058,8f2b1c74-59d3-4a6e-9b21-7c4e0a5d3f88,3df19dcf-3ea6-4851-8552-d094f0ee47ee,Heli CPCD30 058,vehicle,forklift,Forklift_3.0T,Heli,CPCD30,2020,GLE-FL-058,HLI-CPCD30-805598,active,good,73.98,2020-06-25,2023-06-25,7613243f-58b4-4f5d-9cc4-d6dde9e3d25a,5786.00,2026-06-28,2026-10-10,Heli CPCD30 (Forklift 3.0T) operating out of LankaLogix - Galle on dock loading duty.,"{""cargo_type"": ""export_cargo"", ""route_type"": ""dock_transfer"", ""operating_shift"": ""day"", ""warehouse_short"": ""GLE"", ""source_vehicle_id"": ""SLW0234""}",0f2dd1d9-6b12-4073-ab85-bea406d1d514,2020-06-25 09:00:00+00,2026-08-10 19:03:05.467947+00,dock_loading,Heli CPCD30,LPG,Automatic,OEM_dealer,2942.70,high,6,26,0,A-058
20674a3a-8a96-4b27-829a-946f4958c47e,LLX-GLE-0059,8f2b1c74-59d3-4a6e-9b21-7c4e0a5d3f88,3df19dcf-3ea6-4851-8552-d094f0ee47ee,Toyota 8FD30 059,vehicle,forklift,Forklift_3.0T,Toyota,8FD30,2019,GLE-FL-059,TYT-8FD30-347672,active,good,72.68,2019-02-19,2022-02-19,01551974-ffd1-4791-ae00-0b8e5efab738,5268.00,2026-07-25,2026-09-30,Toyota 8FD30 (Forklift 3.0T) operating out of LankaLogix - Galle on dock loading duty.,"{""cargo_type"": ""containerized_goods"", ""route_type"": ""port_shuttle"", ""operating_shift"": ""day"", ""warehouse_short"": ""GLE"", ""source_vehicle_id"": ""SLW1073""}",11ccb7fb-51b9-40e8-bdd2-b07207b8e0a7,2019-02-19 09:00:00+00,2026-08-10 19:03:05.467947+00,dock_loading,Toyota 8FD30,Diesel,Automatic,authorized_workshop,3005.00,high,7,25,0,A-059
f1e20e54-20b6-4095-bbad-090791fe2b7a,LLX-GLE-0060,8f2b1c74-59d3-4a6e-9b21-7c4e0a5d3f88,3df19dcf-3ea6-4851-8552-d094f0ee47ee,Heli CPCD30 060,vehicle,forklift,Forklift_3.0T,Heli,CPCD30,2017,GLE-FL-060,HLI-CPCD30-229403,active,moderate,67.80,2017-03-21,2020-03-21,9aee6ad3-243e-4da8-aa52-4050a6fa56f0,5041.00,2026-07-31,2026-10-01,Heli CPCD30 (Forklift 3.0T) operating out of LankaLogix - Galle on dock loading duty.,"{""cargo_type"": ""containerized_goods"", ""route_type"": ""dock_transfer"", ""operating_shift"": ""day"", ""warehouse_short"": ""GLE"", ""source_vehicle_id"": ""SLW1305""}",734bbe6b-9744-44d0-a11b-7a0e0df4922e,2017-03-21 09:00:00+00,2026-08-10 19:03:05.467947+00,dock_loading,Heli CPCD30,Diesel,Automatic,independent_garage,3100.00,high,9,41,1,A-060
d60b976c-49c3-42aa-851f-0cd1a0982e6c,LLX-GLE-0061,8f2b1c74-59d3-4a6e-9b21-7c4e0a5d3f88,3df19dcf-3ea6-4851-8552-d094f0ee47ee,Toyota 8FD30 061,vehicle,forklift,Forklift_3.0T,Toyota,8FD30,2017,GLE-FL-061,TYT-8FD30-935222,active,good,94.49,2017-06-10,2020-06-10,1ab055b5-44ce-48bf-96e6-8a15d29a041b,5201.00,2026-04-22,2026-09-28,Toyota 8FD30 (Forklift 3.0T) operating out of LankaLogix - Galle on dock loading duty.,"{""cargo_type"": ""containerized_goods"", ""route_type"": ""port_shuttle"", ""operating_shift"": ""day"", ""warehouse_short"": ""GLE"", ""source_vehicle_id"": ""SLW1264""}",11ccb7fb-51b9-40e8-bdd2-b07207b8e0a7,2017-06-10 09:00:00+00,2026-08-10 19:03:05.467947+00,dock_loading,Toyota 8FD30,Diesel,Automatic,independent_garage,2963.40,critical,10,29,1,B-001
b5a8ff1a-f13f-4a47-91f4-56c5cff88ced,LLX-GLE-0062,8f2b1c74-59d3-4a6e-9b21-7c4e0a5d3f88,3df19dcf-3ea6-4851-8552-d094f0ee47ee,Toyota 8FD30 062,vehicle,forklift,Forklift_3.0T,Toyota,8FD30,2018,GLE-FL-062,TYT-8FD30-760086,active,moderate,94.81,2018-09-17,2021-09-17,cbab6c6b-bc58-41b5-af21-814b967a7684,5814.00,2026-06-07,2026-08-30,Toyota 8FD30 (Forklift 3.0T) operating out of LankaLogix - Galle on dock loading duty.,"{""cargo_type"": ""export_cargo"", ""route_type"": ""dock_transfer"", ""operating_shift"": ""day_night"", ""warehouse_short"": ""GLE"", ""source_vehicle_id"": ""SLW0363""}",1b1a566a-ece0-4130-b5f5-76634ad534c0,2018-09-17 09:00:00+00,2026-08-10 19:03:05.467947+00,dock_loading,Toyota 8FD30,LPG,Automatic,independent_garage,2778.70,critical,8,43,1,B-002
f3b78b67-13ee-4e81-8024-66c47801d7e4,LLX-GLE-0063,8f2b1c74-59d3-4a6e-9b21-7c4e0a5d3f88,3df19dcf-3ea6-4851-8552-d094f0ee47ee,Heli CPCD30 063,vehicle,forklift,Forklift_3.0T,Heli,CPCD30,2019,GLE-FL-063,HLI-CPCD30-176671,active,moderate,58.80,2019-05-26,2022-05-26,9227e7bd-457d-482d-b1f4-cbec55d20b07,5230.00,2026-06-13,2026-10-26,Heli CPCD30 (Forklift 3.0T) operating out of LankaLogix - Galle on dock loading duty.,"{""cargo_type"": ""containerized_goods"", ""route_type"": ""port_shuttle"", ""operating_shift"": ""day"", ""warehouse_short"": ""GLE"", ""source_vehicle_id"": ""SLW0953""}",11ccb7fb-51b9-40e8-bdd2-b07207b8e0a7,2019-05-26 09:00:00+00,2026-08-10 19:03:05.467947+00,dock_loading,Heli CPCD30,LPG,Automatic,independent_garage,2915.10,medium,7,33,0,B-003
36ddb0db-d5e8-4031-a331-38b780a37eba,LLX-GLE-0077,8f2b1c74-59d3-4a6e-9b21-7c4e0a5d3f88,3df19dcf-3ea6-4851-8552-d094f0ee47ee,Komatsu FD30 077,vehicle,forklift,Forklift_3.0T,Komatsu,FD30,2020,GLE-FL-077,KMT-FD30-265082,active,moderate,71.89,2020-02-22,2023-02-22,2f32866b-2708-469a-a85f-e12f010d4607,4753.00,2026-05-03,2026-08-22,Komatsu FD30 (Forklift 3.0T) operating out of LankaLogix - Galle on dock loading duty.,"{""cargo_type"": ""export_cargo"", ""route_type"": ""dock_transfer"", ""operating_shift"": ""day"", ""warehouse_short"": ""GLE"", ""source_vehicle_id"": ""SLW0835""}",56bc5b4f-b018-4995-89a3-6825709e4754,2020-02-22 09:00:00+00,2026-08-10 19:03:05.467947+00,dock_loading,Komatsu FD30,Diesel,Automatic,OEM_dealer,2950.90,high,7,22,0,B-017
8d63dfb0-5540-4fad-b9df-2e64c2167628,LLX-GLE-0064,8f2b1c74-59d3-4a6e-9b21-7c4e0a5d3f88,3df19dcf-3ea6-4851-8552-d094f0ee47ee,Komatsu FD30 064,vehicle,forklift,Forklift_3.0T,Komatsu,FD30,2019,GLE-FL-064,KMT-FD30-401799,active,good,54.44,2019-12-28,2022-12-28,2ff785ce-b723-4033-bed4-5953533e3039,4450.00,2026-08-02,2026-11-08,Komatsu FD30 (Forklift 3.0T) operating out of LankaLogix - Galle on dock loading duty.,"{""cargo_type"": ""containerized_goods"", ""route_type"": ""port_shuttle"", ""operating_shift"": ""day_night"", ""warehouse_short"": ""GLE"", ""source_vehicle_id"": ""SLW0061""}",11ccb7fb-51b9-40e8-bdd2-b07207b8e0a7,2019-12-28 09:00:00+00,2026-08-10 19:03:05.467947+00,dock_loading,Komatsu FD30,LPG,Automatic,OEM_dealer,2975.40,medium,8,39,0,B-004
1eac5bce-8a58-4d81-9e80-5453a2e05447,LLX-GLE-0065,8f2b1c74-59d3-4a6e-9b21-7c4e0a5d3f88,3df19dcf-3ea6-4851-8552-d094f0ee47ee,Toyota 8FD30 065,vehicle,forklift,Forklift_3.0T,Toyota,8FD30,2017,GLE-FL-065,TYT-8FD30-894217,active,moderate,91.90,2017-03-27,2020-03-27,8f700fd2-3def-4b84-8c3c-b7d73e077fba,4998.00,2026-06-15,2026-08-28,Toyota 8FD30 (Forklift 3.0T) operating out of LankaLogix - Galle on dock loading duty.,"{""cargo_type"": ""containerized_goods"", ""route_type"": ""port_shuttle"", ""operating_shift"": ""day_night"", ""warehouse_short"": ""GLE"", ""source_vehicle_id"": ""SLW0423""}",829c13bd-2a5c-42b7-8b1c-8a8a8b415ceb,2017-03-27 09:00:00+00,2026-08-10 19:03:05.467947+00,dock_loading,Toyota 8FD30,LPG,Automatic,independent_garage,3087.70,critical,10,40,1,B-005
09faf4fc-9815-47a4-8a35-3a2a571ea85d,LLX-GLE-0066,8f2b1c74-59d3-4a6e-9b21-7c4e0a5d3f88,3df19dcf-3ea6-4851-8552-d094f0ee47ee,Heli CPCD30 066,vehicle,forklift,Forklift_3.0T,Heli,CPCD30,2020,GLE-FL-066,HLI-CPCD30-545304,active,moderate,79.97,2020-03-27,2023-03-27,,4591.00,2026-05-04,2026-09-08,Heli CPCD30 (Forklift 3.0T) operating out of LankaLogix - Galle on dock loading duty.,"{""cargo_type"": ""containerized_goods"", ""route_type"": ""dock_transfer"", ""operating_shift"": ""day"", ""warehouse_short"": ""GLE"", ""source_vehicle_id"": ""SLW0160""}",608d7306-f79c-4916-9b39-69a1abea72d9,2020-03-27 09:00:00+00,2026-08-10 19:03:05.467947+00,dock_loading,Heli CPCD30,Diesel,Automatic,authorized_workshop,2832.20,high,6,32,0,B-006
1b4befe8-0218-47f2-aa51-237ae499d73a,LLX-GLE-0067,8f2b1c74-59d3-4a6e-9b21-7c4e0a5d3f88,3df19dcf-3ea6-4851-8552-d094f0ee47ee,Toyota 8FD30 067,vehicle,forklift,Forklift_3.0T,Toyota,8FD30,2018,GLE-FL-067,TYT-8FD30-687764,active,poor,69.93,2018-06-26,2021-06-26,4430fbeb-2c79-4588-b6ed-66a6bc48fb34,4338.00,2026-06-22,2026-08-23,Toyota 8FD30 (Forklift 3.0T) operating out of LankaLogix - Galle on dock loading duty.,"{""cargo_type"": ""containerized_goods"", ""route_type"": ""dock_transfer"", ""operating_shift"": ""day_night"", ""warehouse_short"": ""GLE"", ""source_vehicle_id"": ""SLW0231""}",11ccb7fb-51b9-40e8-bdd2-b07207b8e0a7,2018-06-26 09:00:00+00,2026-08-10 19:03:05.467947+00,dock_loading,Toyota 8FD30,LPG,Automatic,OEM_dealer,3027.80,high,8,29,0,B-007
f48532e0-6ac2-40c0-a04e-d1a979e0b705,LLX-GLE-0068,8f2b1c74-59d3-4a6e-9b21-7c4e0a5d3f88,3df19dcf-3ea6-4851-8552-d094f0ee47ee,Komatsu FD30 068,vehicle,forklift,Forklift_3.0T,Komatsu,FD30,2021,GLE-FL-068,KMT-FD30-780989,active,good,59.44,2021-04-16,2024-04-16,91ca9810-6c44-4fdb-ab53-a90ab3cdbdbc,5718.00,2026-06-12,2026-10-09,Komatsu FD30 (Forklift 3.0T) operating out of LankaLogix - Galle on dock loading duty.,"{""cargo_type"": ""export_cargo"", ""route_type"": ""dock_transfer"", ""operating_shift"": ""three_shift"", ""warehouse_short"": ""GLE"", ""source_vehicle_id"": ""SLW0728""}",1b1a566a-ece0-4130-b5f5-76634ad534c0,2021-04-16 09:00:00+00,2026-08-10 19:03:05.467947+00,dock_loading,Komatsu FD30,LPG,Automatic,OEM_dealer,2990.10,medium,6,28,1,B-008
49f69624-0017-48a0-ab05-906d879994d7,LLX-GLE-0069,8f2b1c74-59d3-4a6e-9b21-7c4e0a5d3f88,3df19dcf-3ea6-4851-8552-d094f0ee47ee,Toyota 8FD30 069,vehicle,forklift,Forklift_3.0T,Toyota,8FD30,2021,GLE-FL-069,TYT-8FD30-265324,active,good,46.92,2021-09-24,2024-09-24,8ffe767c-9920-458c-9728-818cbc8975bc,5139.00,2026-06-05,2027-01-20,Toyota 8FD30 (Forklift 3.0T) operating out of LankaLogix - Galle on dock loading duty.,"{""cargo_type"": ""export_cargo"", ""route_type"": ""dock_transfer"", ""operating_shift"": ""day"", ""warehouse_short"": ""GLE"", ""source_vehicle_id"": ""SLW1185""}",829c13bd-2a5c-42b7-8b1c-8a8a8b415ceb,2021-09-24 09:00:00+00,2026-08-10 19:03:05.467947+00,dock_loading,Toyota 8FD30,LPG,Automatic,authorized_workshop,2962.20,medium,6,20,0,B-009
585d8f6e-c62d-465d-b736-1eac8460a2aa,LLX-GLE-0070,8f2b1c74-59d3-4a6e-9b21-7c4e0a5d3f88,3df19dcf-3ea6-4851-8552-d094f0ee47ee,Heli CPCD30 070,vehicle,forklift,Forklift_3.0T,Heli,CPCD30,2018,GLE-FL-070,HLI-CPCD30-823611,active,poor,87.84,2018-04-15,2021-04-15,17fb895f-4c2d-4cb8-a53f-a2ce9aa97992,4392.00,2026-03-31,2026-09-02,Heli CPCD30 (Forklift 3.0T) operating out of LankaLogix - Galle on dock loading duty.,"{""cargo_type"": ""containerized_goods"", ""route_type"": ""port_shuttle"", ""operating_shift"": ""day"", ""warehouse_short"": ""GLE"", ""source_vehicle_id"": ""SLW0982""}",1b1a566a-ece0-4130-b5f5-76634ad534c0,2018-04-15 09:00:00+00,2026-08-10 19:03:05.467947+00,dock_loading,Heli CPCD30,LPG,Automatic,authorized_workshop,2856.90,critical,8,30,1,B-010
a7e3d95d-9518-45fe-b2f4-4eb6e1ec8599,LLX-GLE-0071,8f2b1c74-59d3-4a6e-9b21-7c4e0a5d3f88,3df19dcf-3ea6-4851-8552-d094f0ee47ee,Komatsu FD30 071,vehicle,forklift,Forklift_3.0T,Komatsu,FD30,2014,GLE-FL-071,KMT-FD30-126665,active,moderate,43.25,2014-08-20,2017-08-20,3b0fed53-e31e-4250-b04e-ef1b99888104,5394.00,2026-07-18,2026-09-11,Komatsu FD30 (Forklift 3.0T) operating out of LankaLogix - Galle on dock loading duty.,"{""cargo_type"": ""containerized_goods"", ""route_type"": ""dock_transfer"", ""operating_shift"": ""day"", ""warehouse_short"": ""GLE"", ""source_vehicle_id"": ""SLW0017""}",ae54eb0a-cd4b-4c62-86b2-8ed1974fbcec,2014-08-20 09:00:00+00,2026-08-10 19:03:05.467947+00,dock_loading,Komatsu FD30,Diesel,Automatic,authorized_workshop,2857.60,medium,13,49,2,B-011
3d8aaacc-9972-4059-badd-0b9f4fb19275,LLX-GLE-0072,8f2b1c74-59d3-4a6e-9b21-7c4e0a5d3f88,3df19dcf-3ea6-4851-8552-d094f0ee47ee,Komatsu FD30 072,vehicle,forklift,Forklift_3.0T,Komatsu,FD30,2014,GLE-FL-072,KMT-FD30-897250,active,moderate,92.04,2014-06-03,2017-06-03,b305a28f-a411-438d-afc9-d11992e49c01,5110.00,2026-06-30,2026-08-22,Komatsu FD30 (Forklift 3.0T) operating out of LankaLogix - Galle on dock loading duty.,"{""cargo_type"": ""containerized_goods"", ""route_type"": ""dock_transfer"", ""operating_shift"": ""day"", ""warehouse_short"": ""GLE"", ""source_vehicle_id"": ""SLW0660""}",1b1a566a-ece0-4130-b5f5-76634ad534c0,2014-06-03 09:00:00+00,2026-08-10 19:03:05.467947+00,dock_loading,Komatsu FD30,Diesel,Automatic,authorized_workshop,2981.40,critical,12,43,2,B-012
edde909e-aad1-40a9-adbf-7bcf292a1b3e,LLX-GLE-0073,8f2b1c74-59d3-4a6e-9b21-7c4e0a5d3f88,3df19dcf-3ea6-4851-8552-d094f0ee47ee,Heli CPCD30 073,vehicle,forklift,Forklift_3.0T,Heli,CPCD30,2020,GLE-FL-073,HLI-CPCD30-150065,active,good,50.39,2020-04-02,2023-04-02,aa9fdc26-c27d-4899-a00c-295b6ab99173,5534.00,2026-08-03,2026-09-05,Heli CPCD30 (Forklift 3.0T) operating out of LankaLogix - Galle on dock loading duty.,"{""cargo_type"": ""containerized_goods"", ""route_type"": ""port_shuttle"", ""operating_shift"": ""day"", ""warehouse_short"": ""GLE"", ""source_vehicle_id"": ""SLW0197""}",bcdfa155-6afd-44b6-9cfe-85d596dfb687,2020-04-02 09:00:00+00,2026-08-10 19:03:05.467947+00,dock_loading,Heli CPCD30,LPG,Automatic,OEM_dealer,3050.80,medium,6,23,0,B-013
35ec8bea-bd3f-4a1d-bd8a-714007a30dd0,LLX-GLE-0074,8f2b1c74-59d3-4a6e-9b21-7c4e0a5d3f88,3df19dcf-3ea6-4851-8552-d094f0ee47ee,Heli CPCD30 074,vehicle,forklift,Forklift_3.0T,Heli,CPCD30,2020,GLE-FL-074,HLI-CPCD30-932261,active,good,74.05,2020-08-17,2023-08-17,50126895-b7fe-41b2-a790-918f80d4241d,4305.00,2026-08-03,2026-08-11,Heli CPCD30 (Forklift 3.0T) operating out of LankaLogix - Galle on dock loading duty.,"{""cargo_type"": ""containerized_goods"", ""route_type"": ""port_shuttle"", ""operating_shift"": ""day"", ""warehouse_short"": ""GLE"", ""source_vehicle_id"": ""SLW0766""}",829c13bd-2a5c-42b7-8b1c-8a8a8b415ceb,2020-08-17 09:00:00+00,2026-08-10 19:03:05.467947+00,dock_loading,Heli CPCD30,Diesel,Automatic,authorized_workshop,3071.60,high,6,31,2,B-014
cc663436-a5bf-440b-b0ce-dbce19e4c7c0,LLX-GLE-0075,8f2b1c74-59d3-4a6e-9b21-7c4e0a5d3f88,3df19dcf-3ea6-4851-8552-d094f0ee47ee,Komatsu FD30 075,vehicle,forklift,Forklift_3.0T,Komatsu,FD30,2015,GLE-FL-075,KMT-FD30-209371,active,moderate,40.85,2015-09-24,2018-09-24,e8c335e0-2088-4924-a6e4-c94e52dc1dd6,4516.00,2026-08-10,2026-08-14,Komatsu FD30 (Forklift 3.0T) operating out of LankaLogix - Galle on dock loading duty.,"{""cargo_type"": ""export_cargo"", ""route_type"": ""dock_transfer"", ""operating_shift"": ""day"", ""warehouse_short"": ""GLE"", ""source_vehicle_id"": ""SLW1177""}",56bc5b4f-b018-4995-89a3-6825709e4754,2015-09-24 09:00:00+00,2026-08-10 19:03:05.467947+00,dock_loading,Komatsu FD30,Diesel,Automatic,independent_garage,2946.20,medium,12,40,2,B-015
e83b2e38-45ee-44ef-8b1f-a8967970ed22,LLX-GLE-0076,8f2b1c74-59d3-4a6e-9b21-7c4e0a5d3f88,3df19dcf-3ea6-4851-8552-d094f0ee47ee,Heli CPCD30 076,vehicle,forklift,Forklift_3.0T,Heli,CPCD30,2018,GLE-FL-076,HLI-CPCD30-646292,active,moderate,66.29,2018-08-28,2021-08-28,22fdbcaf-2963-4f77-b400-12fc467a6393,5819.00,2026-07-04,2026-09-14,Heli CPCD30 (Forklift 3.0T) operating out of LankaLogix - Galle on dock loading duty.,"{""cargo_type"": ""export_cargo"", ""route_type"": ""dock_transfer"", ""operating_shift"": ""day"", ""warehouse_short"": ""GLE"", ""source_vehicle_id"": ""SLW0403""}",608d7306-f79c-4916-9b39-69a1abea72d9,2018-08-28 09:00:00+00,2026-08-10 19:03:05.467947+00,dock_loading,Heli CPCD30,LPG,Automatic,authorized_workshop,3040.60,high,8,37,0,B-016
2882508f-2008-4eae-bb9e-75b9edaf912c,LLX-GLE-0078,8f2b1c74-59d3-4a6e-9b21-7c4e0a5d3f88,3df19dcf-3ea6-4851-8552-d094f0ee47ee,Toyota 8FD30 078,vehicle,forklift,Forklift_3.0T,Toyota,8FD30,2021,GLE-FL-078,TYT-8FD30-927880,active,good,79.62,2021-08-06,2024-08-06,f95e5189-9acb-40e5-8f4e-860989edcd2c,5929.00,2026-05-28,2026-08-28,Toyota 8FD30 (Forklift 3.0T) operating out of LankaLogix - Galle on dock loading duty.,"{""cargo_type"": ""export_cargo"", ""route_type"": ""dock_transfer"", ""operating_shift"": ""day"", ""warehouse_short"": ""GLE"", ""source_vehicle_id"": ""SLW0345""}",11ccb7fb-51b9-40e8-bdd2-b07207b8e0a7,2021-08-06 09:00:00+00,2026-08-10 19:03:05.467947+00,dock_loading,Toyota 8FD30,LPG,Automatic,authorized_workshop,2936.90,high,6,19,0,B-018
9e8dacf8-1bdb-40d0-8cb0-6967385977f5,LLX-GLE-0079,8f2b1c74-59d3-4a6e-9b21-7c4e0a5d3f88,3df19dcf-3ea6-4851-8552-d094f0ee47ee,Heli CPCD30 079,vehicle,forklift,Forklift_3.0T,Heli,CPCD30,2014,GLE-FL-079,HLI-CPCD30-345749,inactive,good,66.04,2014-02-12,2017-02-12,,5172.00,2026-06-20,2026-09-02,Heli CPCD30 (Forklift 3.0T) operating out of LankaLogix - Galle on dock loading duty.,"{""cargo_type"": ""containerized_goods"", ""route_type"": ""dock_transfer"", ""operating_shift"": ""day"", ""warehouse_short"": ""GLE"", ""source_vehicle_id"": ""SLW0242""}",734bbe6b-9744-44d0-a11b-7a0e0df4922e,2014-02-12 09:00:00+00,2026-08-10 19:03:05.467947+00,dock_loading,Heli CPCD30,Diesel,Automatic,OEM_dealer,2901.40,high,13,47,2,B-019
cec20212-97c1-4025-b274-9f86e62db509,LLX-GLE-0080,8f2b1c74-59d3-4a6e-9b21-7c4e0a5d3f88,3df19dcf-3ea6-4851-8552-d094f0ee47ee,Komatsu FD30 080,vehicle,forklift,Forklift_3.0T,Komatsu,FD30,2017,GLE-FL-080,KMT-FD30-716565,active,moderate,87.17,2017-04-05,2020-04-05,,5212.00,2026-06-22,2026-12-23,Komatsu FD30 (Forklift 3.0T) operating out of LankaLogix - Galle on dock loading duty.,"{""cargo_type"": ""export_cargo"", ""route_type"": ""dock_transfer"", ""operating_shift"": ""day"", ""warehouse_short"": ""GLE"", ""source_vehicle_id"": ""SLW1213""}",829c13bd-2a5c-42b7-8b1c-8a8a8b415ceb,2017-04-05 09:00:00+00,2026-08-10 19:03:05.467947+00,dock_loading,Komatsu FD30,LPG,Automatic,OEM_dealer,2877.10,critical,9,36,0,B-020
08a4619b-48c6-44ba-b790-69cabac1b71e,LLX-GLE-0081,8f2b1c74-59d3-4a6e-9b21-7c4e0a5d3f88,3df19dcf-3ea6-4851-8552-d094f0ee47ee,Heli CPCD30 081,vehicle,forklift,Forklift_3.0T,Heli,CPCD30,2017,GLE-FL-081,HLI-CPCD30-609459,active,good,73.63,2017-08-24,2020-08-24,0ce9016f-37ef-4c5d-8153-47a5c11f99ec,5666.00,2026-07-14,2026-10-24,Heli CPCD30 (Forklift 3.0T) operating out of LankaLogix - Galle on dock loading duty.,"{""cargo_type"": ""containerized_goods"", ""route_type"": ""port_shuttle"", ""operating_shift"": ""day_night"", ""warehouse_short"": ""GLE"", ""source_vehicle_id"": ""SLW0102""}",bb91bbb5-1ab1-442b-b910-28093fe53eb9,2017-08-24 09:00:00+00,2026-08-10 19:03:05.467947+00,dock_loading,Heli CPCD30,Diesel,Automatic,authorized_workshop,2887.20,high,10,55,1,B-021
96cafe42-81a7-4343-8c4f-666025329789,LLX-GLE-0082,8f2b1c74-59d3-4a6e-9b21-7c4e0a5d3f88,3df19dcf-3ea6-4851-8552-d094f0ee47ee,Heli CPCD30 082,vehicle,forklift,Forklift_3.0T,Heli,CPCD30,2019,GLE-FL-082,HLI-CPCD30-367261,active,moderate,39.54,2019-06-18,2022-06-18,5b475c9f-3846-4fef-86b7-b4cc8293bc54,5812.00,2026-07-31,2026-11-22,Heli CPCD30 (Forklift 3.0T) operating out of LankaLogix - Galle on dock loading duty.,"{""cargo_type"": ""containerized_goods"", ""route_type"": ""port_shuttle"", ""operating_shift"": ""day_night"", ""warehouse_short"": ""GLE"", ""source_vehicle_id"": ""SLW0992""}",11ccb7fb-51b9-40e8-bdd2-b07207b8e0a7,2019-06-18 09:00:00+00,2026-08-10 19:03:05.467947+00,dock_loading,Heli CPCD30,LPG,Automatic,authorized_workshop,3069.60,medium,8,39,3,B-022
9e568e8d-1182-499e-ac0c-3ac5b3b73ffa,LLX-GLE-0083,8f2b1c74-59d3-4a6e-9b21-7c4e0a5d3f88,3df19dcf-3ea6-4851-8552-d094f0ee47ee,Heli CPCD30 083,vehicle,forklift,Forklift_3.0T,Heli,CPCD30,2018,GLE-FL-083,HLI-CPCD30-537116,active,critical,80.82,2018-03-15,2021-03-15,260ab607-633a-476d-b6dd-ca7397d5f2b5,4548.00,2026-05-03,2026-09-27,Heli CPCD30 (Forklift 3.0T) operating out of LankaLogix - Galle on dock loading duty.,"{""cargo_type"": ""export_cargo"", ""route_type"": ""port_shuttle"", ""operating_shift"": ""day"", ""warehouse_short"": ""GLE"", ""source_vehicle_id"": ""SLW0097""}",bcdfa155-6afd-44b6-9cfe-85d596dfb687,2018-03-15 09:00:00+00,2026-08-10 19:03:05.467947+00,dock_loading,Heli CPCD30,LPG,Automatic,authorized_workshop,2960.00,high,8,35,0,B-023
607c034a-98bd-45db-974d-dc5d96e66f81,LLX-GLE-0084,8f2b1c74-59d3-4a6e-9b21-7c4e0a5d3f88,3df19dcf-3ea6-4851-8552-d094f0ee47ee,Komatsu FD30 084,vehicle,forklift,Forklift_3.0T,Komatsu,FD30,2020,GLE-FL-084,KMT-FD30-249906,active,moderate,84.71,2020-06-28,2023-06-28,6f7dcb20-a947-4503-9318-e3cded4cafea,4764.00,2026-06-06,2026-10-03,Komatsu FD30 (Forklift 3.0T) operating out of LankaLogix - Galle on dock loading duty.,"{""cargo_type"": ""containerized_goods"", ""route_type"": ""dock_transfer"", ""operating_shift"": ""day"", ""warehouse_short"": ""GLE"", ""source_vehicle_id"": ""SLW0558""}",829c13bd-2a5c-42b7-8b1c-8a8a8b415ceb,2020-06-28 09:00:00+00,2026-08-10 19:03:05.467947+00,dock_loading,Komatsu FD30,Diesel,Automatic,authorized_workshop,3022.10,critical,6,21,0,B-024
30aacb8f-e47f-4e39-add2-a0a3d9b053cd,LLX-GLE-0085,8f2b1c74-59d3-4a6e-9b21-7c4e0a5d3f88,3df19dcf-3ea6-4851-8552-d094f0ee47ee,Toyota 8FD30 085,vehicle,forklift,Forklift_3.0T,Toyota,8FD30,2020,GLE-FL-085,TYT-8FD30-664941,active,good,72.52,2020-02-13,2023-02-13,,5440.00,2026-07-21,2026-09-05,Toyota 8FD30 (Forklift 3.0T) operating out of LankaLogix - Galle on dock loading duty.,"{""cargo_type"": ""export_cargo"", ""route_type"": ""port_shuttle"", ""operating_shift"": ""three_shift"", ""warehouse_short"": ""GLE"", ""source_vehicle_id"": ""SLW0115""}",11ccb7fb-51b9-40e8-bdd2-b07207b8e0a7,2020-02-13 09:00:00+00,2026-08-10 19:03:05.467947+00,dock_loading,Toyota 8FD30,Diesel,Automatic,independent_garage,3008.30,high,6,26,1,B-025
aa9274d7-8d40-4cd6-ab92-89a44196e6d1,LLX-GLE-0086,8f2b1c74-59d3-4a6e-9b21-7c4e0a5d3f88,3df19dcf-3ea6-4851-8552-d094f0ee47ee,Komatsu FD30 086,vehicle,forklift,Forklift_3.0T,Komatsu,FD30,2021,GLE-FL-086,KMT-FD30-192562,active,good,72.57,2021-11-04,2024-11-04,5077f2db-a9a6-47be-bf07-078507aa5b1b,5063.00,2026-08-02,2026-11-25,Komatsu FD30 (Forklift 3.0T) operating out of LankaLogix - Galle on dock loading duty.,"{""cargo_type"": ""containerized_goods"", ""route_type"": ""port_shuttle"", ""operating_shift"": ""three_shift"", ""warehouse_short"": ""GLE"", ""source_vehicle_id"": ""SLW0112""}",829c13bd-2a5c-42b7-8b1c-8a8a8b415ceb,2021-11-04 09:00:00+00,2026-08-10 19:03:05.467947+00,dock_loading,Komatsu FD30,Diesel,Automatic,OEM_dealer,2916.40,high,6,31,0,B-026
366eb948-c9aa-4bab-8a64-c830b2524d9c,LLX-GLE-0087,8f2b1c74-59d3-4a6e-9b21-7c4e0a5d3f88,3df19dcf-3ea6-4851-8552-d094f0ee47ee,Komatsu FD30 087,vehicle,forklift,Forklift_3.0T,Komatsu,FD30,2020,GLE-FL-087,KMT-FD30-137907,inactive,good,47.29,2020-06-14,2023-06-14,,5281.00,2026-08-10,2026-08-11,Komatsu FD30 (Forklift 3.0T) operating out of LankaLogix - Galle on dock loading duty.,"{""cargo_type"": ""containerized_goods"", ""route_type"": ""dock_transfer"", ""operating_shift"": ""day_night"", ""warehouse_short"": ""GLE"", ""source_vehicle_id"": ""SLW1229""}",0f2dd1d9-6b12-4073-ab85-bea406d1d514,2020-06-14 09:00:00+00,2026-08-10 19:03:05.467947+00,dock_loading,Komatsu FD30,Diesel,Automatic,authorized_workshop,3229.10,medium,7,32,0,B-027
08b0f885-8d8b-4003-94ce-30fc8e01135e,LLX-GLE-0088,8f2b1c74-59d3-4a6e-9b21-7c4e0a5d3f88,3df19dcf-3ea6-4851-8552-d094f0ee47ee,Heli CPCD30 088,vehicle,forklift,Forklift_3.0T,Heli,CPCD30,2017,GLE-FL-088,HLI-CPCD30-779704,active,moderate,43.08,2017-11-22,2020-11-22,,5080.00,2026-06-18,2026-10-18,Heli CPCD30 (Forklift 3.0T) operating out of LankaLogix - Galle on dock loading duty.,"{""cargo_type"": ""containerized_goods"", ""route_type"": ""port_shuttle"", ""operating_shift"": ""day"", ""warehouse_short"": ""GLE"", ""source_vehicle_id"": ""SLW1017""}",bb91bbb5-1ab1-442b-b910-28093fe53eb9,2017-11-22 09:00:00+00,2026-08-10 19:03:05.467947+00,dock_loading,Heli CPCD30,LPG,Automatic,authorized_workshop,3280.00,medium,10,45,0,B-028
5fe7a88d-f3fc-428a-b901-e00069f9cbb2,LLX-GLE-0089,8f2b1c74-59d3-4a6e-9b21-7c4e0a5d3f88,3df19dcf-3ea6-4851-8552-d094f0ee47ee,Heli CPCD30 089,vehicle,forklift,Forklift_3.0T,Heli,CPCD30,2020,GLE-FL-089,HLI-CPCD30-937663,under_maintenance,critical,75.60,2020-02-19,2023-02-19,,5430.00,2026-03-17,2026-08-19,Heli CPCD30 (Forklift 3.0T) operating out of LankaLogix - Galle on dock loading duty.,"{""cargo_type"": ""containerized_goods"", ""route_type"": ""dock_transfer"", ""operating_shift"": ""day"", ""warehouse_short"": ""GLE"", ""source_vehicle_id"": ""SLW1119""}",0f2dd1d9-6b12-4073-ab85-bea406d1d514,2020-02-19 09:00:00+00,2026-08-10 19:03:05.467947+00,dock_loading,Heli CPCD30,LPG,Automatic,independent_garage,3114.10,high,7,30,1,B-029
9ee29505-19d3-4394-b8cc-32c62ee5e040,LLX-GLE-0090,8f2b1c74-59d3-4a6e-9b21-7c4e0a5d3f88,3df19dcf-3ea6-4851-8552-d094f0ee47ee,Heli CPCD30 090,vehicle,forklift,Forklift_3.0T,Heli,CPCD30,2021,GLE-FL-090,HLI-CPCD30-159239,active,good,76.52,2021-08-08,2024-08-08,7b6636fd-3214-44f2-ad49-452c0eb74f18,4697.00,2026-07-06,2026-10-04,Heli CPCD30 (Forklift 3.0T) operating out of LankaLogix - Galle on dock loading duty.,"{""cargo_type"": ""containerized_goods"", ""route_type"": ""port_shuttle"", ""operating_shift"": ""day"", ""warehouse_short"": ""GLE"", ""source_vehicle_id"": ""SLW1046""}",bb91bbb5-1ab1-442b-b910-28093fe53eb9,2021-08-08 09:00:00+00,2026-08-10 19:03:05.467947+00,dock_loading,Heli CPCD30,Diesel,Automatic,OEM_dealer,3081.30,high,6,22,0,B-030
03e93c63-f6f0-4f60-9d90-a5201adbb5f5,LLX-GLE-0091,8f2b1c74-59d3-4a6e-9b21-7c4e0a5d3f88,3df19dcf-3ea6-4851-8552-d094f0ee47ee,Heli CPCD30 091,vehicle,forklift,Forklift_3.0T,Heli,CPCD30,2015,GLE-FL-091,HLI-CPCD30-640348,active,good,67.66,2015-04-15,2018-04-15,,5483.00,2026-07-29,2026-09-05,Heli CPCD30 (Forklift 3.0T) operating out of LankaLogix - Galle on dock loading duty.,"{""cargo_type"": ""export_cargo"", ""route_type"": ""dock_transfer"", ""operating_shift"": ""day_night"", ""warehouse_short"": ""GLE"", ""source_vehicle_id"": ""SLW0402""}",ae54eb0a-cd4b-4c62-86b2-8ed1974fbcec,2015-04-15 09:00:00+00,2026-08-10 19:03:05.467947+00,dock_loading,Heli CPCD30,Diesel,Automatic,authorized_workshop,2949.80,high,12,52,1,B-031
060b7f37-a358-439d-9cbc-8bde2937845c,LLX-GLE-0092,8f2b1c74-59d3-4a6e-9b21-7c4e0a5d3f88,3df19dcf-3ea6-4851-8552-d094f0ee47ee,Komatsu FD30 092,vehicle,forklift,Forklift_3.0T,Komatsu,FD30,2015,GLE-FL-092,KMT-FD30-237498,active,poor,68.82,2015-05-12,2018-05-12,583e6f26-b967-450c-b674-367a7d2a630d,5727.00,2025-12-13,2026-08-18,Komatsu FD30 (Forklift 3.0T) operating out of LankaLogix - Galle on dock loading duty.,"{""cargo_type"": ""export_cargo"", ""route_type"": ""port_shuttle"", ""operating_shift"": ""day"", ""warehouse_short"": ""GLE"", ""source_vehicle_id"": ""SLW0741""}",608d7306-f79c-4916-9b39-69a1abea72d9,2015-05-12 09:00:00+00,2026-08-10 19:03:05.467947+00,dock_loading,Komatsu FD30,Diesel,Automatic,OEM_dealer,3013.70,high,12,36,0,B-032
5f54c48d-89bc-48e7-98b5-12a7f355fae6,LLX-GLE-0093,8f2b1c74-59d3-4a6e-9b21-7c4e0a5d3f88,3df19dcf-3ea6-4851-8552-d094f0ee47ee,Heli CPCD30 093,vehicle,forklift,Forklift_3.0T,Heli,CPCD30,2020,GLE-FL-093,HLI-CPCD30-388122,active,moderate,66.34,2020-11-15,2023-11-15,0ddd1aea-061c-4588-a9a1-b8f9f5383103,5545.00,2026-07-02,2026-09-09,Heli CPCD30 (Forklift 3.0T) operating out of LankaLogix - Galle on dock loading duty.,"{""cargo_type"": ""containerized_goods"", ""route_type"": ""port_shuttle"", ""operating_shift"": ""day"", ""warehouse_short"": ""GLE"", ""source_vehicle_id"": ""SLW0731""}",734bbe6b-9744-44d0-a11b-7a0e0df4922e,2020-11-15 09:00:00+00,2026-08-10 19:03:05.467947+00,dock_loading,Heli CPCD30,Diesel,Automatic,independent_garage,3037.20,high,6,33,0,B-033
9be549c6-7503-412f-9748-3d68a1945249,LLX-GLE-0094,8f2b1c74-59d3-4a6e-9b21-7c4e0a5d3f88,3df19dcf-3ea6-4851-8552-d094f0ee47ee,Toyota 8FD30 094,vehicle,forklift,Forklift_3.0T,Toyota,8FD30,2020,GLE-FL-094,TYT-8FD30-529532,active,good,78.82,2020-02-14,2023-02-14,,5409.00,2026-05-14,2026-11-14,Toyota 8FD30 (Forklift 3.0T) operating out of LankaLogix - Galle on dock loading duty.,"{""cargo_type"": ""containerized_goods"", ""route_type"": ""dock_transfer"", ""operating_shift"": ""day_night"", ""warehouse_short"": ""GLE"", ""source_vehicle_id"": ""SLW0983""}",56bc5b4f-b018-4995-89a3-6825709e4754,2020-02-14 09:00:00+00,2026-08-10 19:03:05.467947+00,dock_loading,Toyota 8FD30,LPG,Automatic,OEM_dealer,2990.70,high,6,22,0,B-034
045cc038-1a43-49f1-aab3-32069dbed0e6,LLX-GLE-0095,8f2b1c74-59d3-4a6e-9b21-7c4e0a5d3f88,3df19dcf-3ea6-4851-8552-d094f0ee47ee,Toyota 8FD30 095,vehicle,forklift,Forklift_3.0T,Toyota,8FD30,2021,GLE-FL-095,TYT-8FD30-744328,active,poor,41.67,2021-09-12,2024-09-12,dead6da3-5b5b-40a8-b8d1-afdd225b2c31,4911.00,2026-05-02,2026-08-28,Toyota 8FD30 (Forklift 3.0T) operating out of LankaLogix - Galle on dock loading duty.,"{""cargo_type"": ""containerized_goods"", ""route_type"": ""port_shuttle"", ""operating_shift"": ""day"", ""warehouse_short"": ""GLE"", ""source_vehicle_id"": ""SLW0880""}",0f2dd1d9-6b12-4073-ab85-bea406d1d514,2021-09-12 09:00:00+00,2026-08-10 19:03:05.467947+00,dock_loading,Toyota 8FD30,LPG,Automatic,authorized_workshop,3065.80,medium,6,18,0,B-035
24ea69da-aebe-465e-94c6-5cd76089e0d5,LLX-GLE-0096,8f2b1c74-59d3-4a6e-9b21-7c4e0a5d3f88,3df19dcf-3ea6-4851-8552-d094f0ee47ee,Nissan Caravan 096,vehicle,road_vehicle,Delivery_Van_1.5T,Nissan,Caravan,2017,SP PD-8005,JN1T9KJAKNAKECCMY,active,good,46.94,2017-09-20,2020-09-20,79996482-579d-4dee-9a2b-8837c548ef59,221100.00,2026-03-06,2026-09-03,Nissan Caravan (Delivery Van 1.5T) operating out of LankaLogix - Galle on last mile delivery duty.,"{""cargo_type"": ""consumer_goods"", ""route_type"": ""urban_delivery"", ""operating_shift"": ""day"", ""warehouse_short"": ""GLE"", ""source_vehicle_id"": ""SLW0924""}",1b1a566a-ece0-4130-b5f5-76634ad534c0,2017-09-20 09:00:00+00,2026-08-10 19:03:05.467947+00,last_mile_delivery,Nissan Caravan,Diesel,Automatic,OEM_dealer,1468.40,medium,9,33,1,B-036
8fc4cd84-a9d1-47b0-b7c4-5b7cfb6f710c,LLX-GLE-0097,8f2b1c74-59d3-4a6e-9b21-7c4e0a5d3f88,3df19dcf-3ea6-4851-8552-d094f0ee47ee,Toyota HiAce 097,vehicle,road_vehicle,Delivery_Van_1.5T,Toyota,HiAce,2019,SP PB-5111,JTFMMW0G2C027DKZV,active,good,63.37,2019-01-18,2022-01-18,c875bb37-b147-43c4-9190-bba3cca1d313,164007.00,2026-07-25,2026-12-29,Toyota HiAce (Delivery Van 1.5T) operating out of LankaLogix - Galle on last mile delivery duty.,"{""cargo_type"": ""consumer_goods"", ""route_type"": ""urban_delivery"", ""operating_shift"": ""day"", ""warehouse_short"": ""GLE"", ""source_vehicle_id"": ""SLW0532""}",bb91bbb5-1ab1-442b-b910-28093fe53eb9,2019-01-18 09:00:00+00,2026-08-10 19:03:05.467947+00,last_mile_delivery,Toyota HiAce,Diesel,Automatic,independent_garage,1570.40,high,7,29,0,B-037
56b374fb-68bc-4a92-a89b-7147178aea21,LLX-GLE-0098,8f2b1c74-59d3-4a6e-9b21-7c4e0a5d3f88,3df19dcf-3ea6-4851-8552-d094f0ee47ee,KDH Van 098,vehicle,road_vehicle,Delivery_Van_1.5T,KDH,Van,2020,SP PC-7055,JTG7MNCWXYEH9JYKB,active,moderate,38.65,2020-10-19,2023-10-19,ce97eae8-36da-4b55-9866-1818be74fe8c,151878.00,2026-07-04,2026-08-28,KDH Van (Delivery Van 1.5T) operating out of LankaLogix - Galle on last mile delivery duty.,"{""cargo_type"": ""retail_goods"", ""route_type"": ""retail_drop"", ""operating_shift"": ""day_night"", ""warehouse_short"": ""GLE"", ""source_vehicle_id"": ""SLW0787""}",ae54eb0a-cd4b-4c62-86b2-8ed1974fbcec,2020-10-19 09:00:00+00,2026-08-10 19:03:05.467947+00,last_mile_delivery,KDH Van,Diesel,Automatic,authorized_workshop,1567.00,medium,6,15,0,B-038
11fd8f8e-2153-47ad-a93a-dc8c41c3b5b9,LLX-GLE-0099,8f2b1c74-59d3-4a6e-9b21-7c4e0a5d3f88,3df19dcf-3ea6-4851-8552-d094f0ee47ee,Toyota HiAce 099,vehicle,road_vehicle,Delivery_Van_1.5T,Toyota,HiAce,2021,SP PB-5608,JTF5FJ22SD62KV855,active,moderate,76.73,2021-12-03,2024-12-03,e8c335e0-2088-4924-a6e4-c94e52dc1dd6,141538.00,2026-06-23,2026-10-15,Toyota HiAce (Delivery Van 1.5T) operating out of LankaLogix - Galle on last mile delivery duty.,"{""cargo_type"": ""consumer_goods"", ""route_type"": ""urban_delivery"", ""operating_shift"": ""day"", ""warehouse_short"": ""GLE"", ""source_vehicle_id"": ""SLW0868""}",11ccb7fb-51b9-40e8-bdd2-b07207b8e0a7,2021-12-03 09:00:00+00,2026-08-10 19:03:05.467947+00,last_mile_delivery,Toyota HiAce,Diesel,Automatic,OEM_dealer,1483.70,high,6,21,0,B-039
e9a85268-4dca-42f0-b0ea-6abbe5c8e033,LLX-GLE-0100,8f2b1c74-59d3-4a6e-9b21-7c4e0a5d3f88,3df19dcf-3ea6-4851-8552-d094f0ee47ee,Nissan Caravan 100,vehicle,road_vehicle,Delivery_Van_1.5T,Nissan,Caravan,2019,SP PC-7941,JN1ZU028EM7J96WZ6,under_maintenance,critical,50.55,2019-06-21,2022-06-21,,165939.00,2026-03-07,2026-09-14,Nissan Caravan (Delivery Van 1.5T) operating out of LankaLogix - Galle on last mile delivery duty.,"{""cargo_type"": ""ecommerce_parcels"", ""route_type"": ""urban_delivery"", ""operating_shift"": ""day"", ""warehouse_short"": ""GLE"", ""source_vehicle_id"": ""SLW0619""}",56bc5b4f-b018-4995-89a3-6825709e4754,2019-06-21 09:00:00+00,2026-08-10 19:03:05.467947+00,last_mile_delivery,Nissan Caravan,Diesel,Manual,independent_garage,1536.50,medium,7,20,0,B-040
28b7a4b0-a95f-496f-9af5-0e7e5f2c5988,LLX-GLE-0101,8f2b1c74-59d3-4a6e-9b21-7c4e0a5d3f88,3df19dcf-3ea6-4851-8552-d094f0ee47ee,Nissan Caravan 101,vehicle,road_vehicle,Delivery_Van_1.5T,Nissan,Caravan,2019,SP PC-6266,JN1XVVGWX1U2SE7UM,active,moderate,41.74,2019-02-18,2022-02-18,95216ddb-1bf9-4e90-9467-1ce014997f32,201544.00,2026-08-01,2026-11-11,Nissan Caravan (Delivery Van 1.5T) operating out of LankaLogix - Galle on last mile delivery duty.,"{""cargo_type"": ""ecommerce_parcels"", ""route_type"": ""urban_delivery"", ""operating_shift"": ""three_shift"", ""warehouse_short"": ""GLE"", ""source_vehicle_id"": ""SLW0774""}",ae54eb0a-cd4b-4c62-86b2-8ed1974fbcec,2019-02-18 09:00:00+00,2026-08-10 19:03:05.467947+00,last_mile_delivery,Nissan Caravan,Diesel,Automatic,authorized_workshop,1525.50,medium,7,32,0,B-041
9a6e2fcf-fbb6-4a8f-b3c5-79c7a2ff3b21,LLX-GLE-0102,8f2b1c74-59d3-4a6e-9b21-7c4e0a5d3f88,3df19dcf-3ea6-4851-8552-d094f0ee47ee,Nissan Caravan 102,vehicle,road_vehicle,Delivery_Van_1.5T,Nissan,Caravan,2017,SP PD-3669,JN1FMEEKXH6DH5P3M,active,moderate,75.72,2017-10-03,2020-10-03,,241536.00,2026-08-05,2026-11-04,Nissan Caravan (Delivery Van 1.5T) operating out of LankaLogix - Galle on last mile delivery duty.,"{""cargo_type"": ""ecommerce_parcels"", ""route_type"": ""urban_delivery"", ""operating_shift"": ""day_night"", ""warehouse_short"": ""GLE"", ""source_vehicle_id"": ""SLW0549""}",0f2dd1d9-6b12-4073-ab85-bea406d1d514,2017-10-03 09:00:00+00,2026-08-10 19:03:05.467947+00,last_mile_delivery,Nissan Caravan,Diesel,Automatic,independent_garage,1471.40,high,10,40,0,B-042
496cb5d4-46f5-427e-abc3-2395952ac9af,LLX-GLE-0103,8f2b1c74-59d3-4a6e-9b21-7c4e0a5d3f88,3df19dcf-3ea6-4851-8552-d094f0ee47ee,KDH Van 103,vehicle,road_vehicle,Delivery_Van_1.5T,KDH,Van,2021,SP PC-9917,JTG7AASM7VRRDW3EC,active,moderate,64.72,2021-11-10,2024-11-10,9c8e93f8-915c-4053-95fe-886010f1b5fa,139581.00,2026-03-25,2026-08-27,KDH Van (Delivery Van 1.5T) operating out of LankaLogix - Galle on last mile delivery duty.,"{""cargo_type"": ""consumer_goods"", ""route_type"": ""retail_drop"", ""operating_shift"": ""day_night"", ""warehouse_short"": ""GLE"", ""source_vehicle_id"": ""SLW1187""}",608d7306-f79c-4916-9b39-69a1abea72d9,2021-11-10 09:00:00+00,2026-08-10 19:03:05.467947+00,last_mile_delivery,KDH Van,Diesel,Manual,independent_garage,1493.50,high,6,18,0,B-043
fbc0ffbb-7be6-40e9-abfa-a60807c58b20,LLX-GLE-0104,8f2b1c74-59d3-4a6e-9b21-7c4e0a5d3f88,3df19dcf-3ea6-4851-8552-d094f0ee47ee,Nissan Caravan 104,vehicle,road_vehicle,Delivery_Van_1.5T,Nissan,Caravan,2018,SP PD-5268,JN1HUFZGHRAMGDGFS,active,moderate,63.86,2018-10-23,2021-10-23,,213120.00,2026-06-01,2026-10-19,Nissan Caravan (Delivery Van 1.5T) operating out of LankaLogix - Galle on last mile delivery duty.,"{""cargo_type"": ""ecommerce_parcels"", ""route_type"": ""retail_drop"", ""operating_shift"": ""day_night"", ""warehouse_short"": ""GLE"", ""source_vehicle_id"": ""SLW0040""}",734bbe6b-9744-44d0-a11b-7a0e0df4922e,2018-10-23 09:00:00+00,2026-08-10 19:03:05.467947+00,last_mile_delivery,Nissan Caravan,Diesel,Manual,independent_garage,1401.40,high,8,34,1,B-044
9a69fffc-c54a-467b-b851-a6a68d08ba1c,LLX-GLE-0105,8f2b1c74-59d3-4a6e-9b21-7c4e0a5d3f88,3df19dcf-3ea6-4851-8552-d094f0ee47ee,KDH Van 105,vehicle,road_vehicle,Delivery_Van_1.5T,KDH,Van,2019,SP PE-2037,JTG3WURBXCEYXVKYR,active,poor,77.04,2019-06-04,2022-06-04,36c08673-b38e-475d-bf2f-0079be837d54,217417.00,2026-07-03,2026-11-14,KDH Van (Delivery Van 1.5T) operating out of LankaLogix - Galle on last mile delivery duty.,"{""cargo_type"": ""retail_goods"", ""route_type"": ""retail_drop"", ""operating_shift"": ""day"", ""warehouse_short"": ""GLE"", ""source_vehicle_id"": ""SLW1030""}",bb91bbb5-1ab1-442b-b910-28093fe53eb9,2019-06-04 09:00:00+00,2026-08-10 19:03:05.467947+00,last_mile_delivery,KDH Van,Diesel,Manual,authorized_workshop,1429.90,high,8,29,0,B-045
e5bf4438-b0d6-4cc1-873e-5f37fa39db4b,LLX-GLE-0106,8f2b1c74-59d3-4a6e-9b21-7c4e0a5d3f88,3df19dcf-3ea6-4851-8552-d094f0ee47ee,Nissan Caravan 106,vehicle,road_vehicle,Delivery_Van_1.5T,Nissan,Caravan,2020,SP PD-7578,JN1EHLSP19LJJR7SX,active,moderate,54.86,2020-10-23,2023-10-23,448e1a28-72d7-4506-a78d-354efa83a84f,159616.00,2026-07-05,2026-12-02,Nissan Caravan (Delivery Van 1.5T) operating out of LankaLogix - Galle on last mile delivery duty.,"{""cargo_type"": ""retail_goods"", ""route_type"": ""retail_drop"", ""operating_shift"": ""day"", ""warehouse_short"": ""GLE"", ""source_vehicle_id"": ""SLW1085""}",56bc5b4f-b018-4995-89a3-6825709e4754,2020-10-23 09:00:00+00,2026-08-10 19:03:05.467947+00,last_mile_delivery,Nissan Caravan,Diesel,Manual,authorized_workshop,1542.70,medium,6,26,1,B-046
25e25115-5824-4673-93dc-3e16248f20d2,LLX-GLE-0107,8f2b1c74-59d3-4a6e-9b21-7c4e0a5d3f88,3df19dcf-3ea6-4851-8552-d094f0ee47ee,KDH Van 107,vehicle,road_vehicle,Delivery_Van_1.5T,KDH,Van,2020,SP PC-1059,JTGUSY30M0X0RBHG7,active,moderate,78.10,2020-04-09,2023-04-09,31655efd-e972-4390-93a8-0c1f3f608f82,146378.00,2026-07-26,2026-10-01,KDH Van (Delivery Van 1.5T) operating out of LankaLogix - Galle on last mile delivery duty.,"{""cargo_type"": ""retail_goods"", ""route_type"": ""urban_delivery"", ""operating_shift"": ""day"", ""warehouse_short"": ""GLE"", ""source_vehicle_id"": ""SLW1091""}",829c13bd-2a5c-42b7-8b1c-8a8a8b415ceb,2020-04-09 09:00:00+00,2026-08-10 19:03:05.467947+00,last_mile_delivery,KDH Van,Diesel,Manual,authorized_workshop,1559.50,high,6,19,0,B-047
884bd482-0fad-4821-bb6e-5038596a3365,LLX-GLE-0108,8f2b1c74-59d3-4a6e-9b21-7c4e0a5d3f88,3df19dcf-3ea6-4851-8552-d094f0ee47ee,KDH Van 108,vehicle,road_vehicle,Delivery_Van_1.5T,KDH,Van,2016,SP PE-1678,JTGRHH72FURSCWYHK,active,poor,77.57,2016-03-09,2019-03-09,0405c062-3887-46d9-855d-e641a5044cb2,240927.00,2026-06-25,2026-09-28,KDH Van (Delivery Van 1.5T) operating out of LankaLogix - Galle on last mile delivery duty.,"{""cargo_type"": ""ecommerce_parcels"", ""route_type"": ""urban_delivery"", ""operating_shift"": ""day_night"", ""warehouse_short"": ""GLE"", ""source_vehicle_id"": ""SLW0425""}",bb91bbb5-1ab1-442b-b910-28093fe53eb9,2016-03-09 09:00:00+00,2026-08-10 19:03:05.467947+00,last_mile_delivery,KDH Van,Diesel,Manual,independent_garage,1582.10,high,11,46,1,B-048
f7469ab3-aeaf-489b-b5d1-15bd8974e46b,LLX-GLE-0109,8f2b1c74-59d3-4a6e-9b21-7c4e0a5d3f88,3df19dcf-3ea6-4851-8552-d094f0ee47ee,KDH Van 109,vehicle,road_vehicle,Delivery_Van_1.5T,KDH,Van,2015,SP PE-3226,JTGJ95BFG94A06YUV,active,good,41.24,2015-06-08,2018-06-08,72f92835-710e-4690-9f9f-124e255a665a,319781.00,2026-07-30,2026-10-01,KDH Van (Delivery Van 1.5T) operating out of LankaLogix - Galle on last mile delivery duty.,"{""cargo_type"": ""ecommerce_parcels"", ""route_type"": ""urban_delivery"", ""operating_shift"": ""day"", ""warehouse_short"": ""GLE"", ""source_vehicle_id"": ""SLW1222""}",bcdfa155-6afd-44b6-9cfe-85d596dfb687,2015-06-08 09:00:00+00,2026-08-10 19:03:05.467947+00,last_mile_delivery,KDH Van,Diesel,Automatic,authorized_workshop,1568.30,medium,11,41,1,B-049
c63a621c-6822-4256-8f0d-3408b6178efc,LLX-GLE-0110,8f2b1c74-59d3-4a6e-9b21-7c4e0a5d3f88,3df19dcf-3ea6-4851-8552-d094f0ee47ee,Nissan Caravan 110,vehicle,road_vehicle,Delivery_Van_1.5T,Nissan,Caravan,2016,SP PE-6597,JN17BH4A7KHYUE73F,under_maintenance,poor,52.88,2016-08-17,2019-08-17,,250322.00,2026-02-06,2026-08-29,Nissan Caravan (Delivery Van 1.5T) operating out of LankaLogix - Galle on last mile delivery duty.,"{""cargo_type"": ""ecommerce_parcels"", ""route_type"": ""retail_drop"", ""operating_shift"": ""day"", ""warehouse_short"": ""GLE"", ""source_vehicle_id"": ""SLW0849""}",608d7306-f79c-4916-9b39-69a1abea72d9,2016-08-17 09:00:00+00,2026-08-10 19:03:05.467947+00,last_mile_delivery,Nissan Caravan,Diesel,Manual,OEM_dealer,1524.30,medium,11,36,2,B-050
fb32f725-5e69-499b-ae51-e0cb51b0e702,LLX-GLE-0111,8f2b1c74-59d3-4a6e-9b21-7c4e0a5d3f88,3df19dcf-3ea6-4851-8552-d094f0ee47ee,Toyota HiAce 111,vehicle,road_vehicle,Delivery_Van_1.5T,Toyota,HiAce,2020,SP PD-8038,JTF5UVX1G725PC58D,active,moderate,68.43,2020-08-16,2023-08-16,,145509.00,2026-05-31,2026-10-01,Toyota HiAce (Delivery Van 1.5T) operating out of LankaLogix - Galle on last mile delivery duty.,"{""cargo_type"": ""consumer_goods"", ""route_type"": ""urban_delivery"", ""operating_shift"": ""day_night"", ""warehouse_short"": ""GLE"", ""source_vehicle_id"": ""SLW0808""}",bcdfa155-6afd-44b6-9cfe-85d596dfb687,2020-08-16 09:00:00+00,2026-08-10 19:03:05.467947+00,last_mile_delivery,Toyota HiAce,Diesel,Manual,authorized_workshop,1482.90,high,7,19,0,B-051
05854a4c-1088-42a1-b6a8-4204517e6f68,LLX-GLE-0112,8f2b1c74-59d3-4a6e-9b21-7c4e0a5d3f88,3df19dcf-3ea6-4851-8552-d094f0ee47ee,Toyota HiAce 112,vehicle,road_vehicle,Delivery_Van_1.5T,Toyota,HiAce,2021,SP PE-4244,JTFVU9KYUX1FB4WCA,active,poor,55.03,2021-01-15,2024-01-15,,159150.00,2026-04-13,2026-08-28,Toyota HiAce (Delivery Van 1.5T) operating out of LankaLogix - Galle on last mile delivery duty.,"{""cargo_type"": ""ecommerce_parcels"", ""route_type"": ""retail_drop"", ""operating_shift"": ""day_night"", ""warehouse_short"": ""GLE"", ""source_vehicle_id"": ""SLW0956""}",bcdfa155-6afd-44b6-9cfe-85d596dfb687,2021-01-15 09:00:00+00,2026-08-10 19:03:05.467947+00,last_mile_delivery,Toyota HiAce,Diesel,Manual,authorized_workshop,1539.70,medium,6,20,0,B-052
ee0025e4-5dad-4659-89ae-835567a0c0ce,LLX-GLE-0113,8f2b1c74-59d3-4a6e-9b21-7c4e0a5d3f88,3df19dcf-3ea6-4851-8552-d094f0ee47ee,Nissan Caravan 113,vehicle,road_vehicle,Delivery_Van_1.5T,Nissan,Caravan,2019,SP PC-8536,JN1MW5UDK39LLF8EJ,active,good,58.62,2019-07-18,2022-07-18,7f3888dc-4465-43c2-97cc-52f72db6f43c,171250.00,2026-07-22,2026-12-14,Nissan Caravan (Delivery Van 1.5T) operating out of LankaLogix - Galle on last mile delivery duty.,"{""cargo_type"": ""ecommerce_parcels"", ""route_type"": ""urban_delivery"", ""operating_shift"": ""day_night"", ""warehouse_short"": ""GLE"", ""source_vehicle_id"": ""SLW1273""}",bcdfa155-6afd-44b6-9cfe-85d596dfb687,2019-07-18 09:00:00+00,2026-08-10 19:03:05.467947+00,last_mile_delivery,Nissan Caravan,Diesel,Automatic,authorized_workshop,1498.80,medium,7,29,0,B-053
4994790a-4185-4424-9487-98a2e6a055e8,LLX-GLE-0114,8f2b1c74-59d3-4a6e-9b21-7c4e0a5d3f88,3df19dcf-3ea6-4851-8552-d094f0ee47ee,Toyota HiAce 114,vehicle,road_vehicle,Delivery_Van_1.5T,Toyota,HiAce,2020,SP PC-7322,JTFD8U81DRY1SYCHS,active,moderate,43.41,2020-11-10,2023-11-10,4c823f41-1c70-4687-81af-94c5feb0d762,159254.00,2026-05-17,2026-10-17,Toyota HiAce (Delivery Van 1.5T) operating out of LankaLogix - Galle on last mile delivery duty.,"{""cargo_type"": ""retail_goods"", ""route_type"": ""retail_drop"", ""operating_shift"": ""three_shift"", ""warehouse_short"": ""GLE"", ""source_vehicle_id"": ""SLW0510""}",bb91bbb5-1ab1-442b-b910-28093fe53eb9,2020-11-10 09:00:00+00,2026-08-10 19:03:05.467947+00,last_mile_delivery,Toyota HiAce,Diesel,Automatic,OEM_dealer,1489.40,medium,6,20,0,B-054
078c2bff-302d-4d69-8fa0-50747f690d7a,LLX-GLE-0115,8f2b1c74-59d3-4a6e-9b21-7c4e0a5d3f88,3df19dcf-3ea6-4851-8552-d094f0ee47ee,KDH Van 115,vehicle,road_vehicle,Delivery_Van_1.5T,KDH,Van,2019,SP PE-5860,JTGUR2J2M4AVGX9MK,active,moderate,65.54,2019-05-11,2022-05-11,06ef2625-6e29-43d7-8067-81768302e68e,174008.00,2026-08-10,2026-08-14,KDH Van (Delivery Van 1.5T) operating out of LankaLogix - Galle on last mile delivery duty.,"{""cargo_type"": ""consumer_goods"", ""route_type"": ""retail_drop"", ""operating_shift"": ""three_shift"", ""warehouse_short"": ""GLE"", ""source_vehicle_id"": ""SLW1201""}",56bc5b4f-b018-4995-89a3-6825709e4754,2019-05-11 09:00:00+00,2026-08-10 19:03:05.467947+00,last_mile_delivery,KDH Van,Diesel,Automatic,authorized_workshop,1496.10,high,8,29,0,B-055
00fc4f1f-b502-44e8-bf8b-15fa605753ef,LLX-GLE-0116,8f2b1c74-59d3-4a6e-9b21-7c4e0a5d3f88,3df19dcf-3ea6-4851-8552-d094f0ee47ee,Nissan Caravan 116,vehicle,road_vehicle,Delivery_Van_1.5T,Nissan,Caravan,2018,SP PE-9143,JN1XUKV9PLHY1Y9AP,active,moderate,41.15,2018-01-04,2021-01-04,,237327.00,2026-08-10,2026-08-14,Nissan Caravan (Delivery Van 1.5T) operating out of LankaLogix - Galle on last mile delivery duty.,"{""cargo_type"": ""retail_goods"", ""route_type"": ""retail_drop"", ""operating_shift"": ""day"", ""warehouse_short"": ""GLE"", ""source_vehicle_id"": ""SLW0675""}",bcdfa155-6afd-44b6-9cfe-85d596dfb687,2018-01-04 09:00:00+00,2026-08-10 19:03:05.467947+00,last_mile_delivery,Nissan Caravan,Diesel,Automatic,independent_garage,1398.60,medium,9,31,1,B-056
1e915f8c-945b-46b3-a953-3e7ade36cc44,LLX-GLE-0117,8f2b1c74-59d3-4a6e-9b21-7c4e0a5d3f88,3df19dcf-3ea6-4851-8552-d094f0ee47ee,Toyota HiAce 117,vehicle,road_vehicle,Delivery_Van_1.5T,Toyota,HiAce,2018,SP PE-7817,JTF37B7VSLBW676BC,active,moderate,61.13,2018-06-06,2021-06-06,,217225.00,2026-07-20,2026-09-03,Toyota HiAce (Delivery Van 1.5T) operating out of LankaLogix - Galle on last mile delivery duty.,"{""cargo_type"": ""ecommerce_parcels"", ""route_type"": ""retail_drop"", ""operating_shift"": ""day"", ""warehouse_short"": ""GLE"", ""source_vehicle_id"": ""SLW0305""}",734bbe6b-9744-44d0-a11b-7a0e0df4922e,2018-06-06 09:00:00+00,2026-08-10 19:03:05.467947+00,last_mile_delivery,Toyota HiAce,Diesel,Manual,OEM_dealer,1535.80,medium,9,27,0,B-057
b9aede18-b690-403b-9f5e-868aed2b16c2,LLX-GLE-0118,8f2b1c74-59d3-4a6e-9b21-7c4e0a5d3f88,3df19dcf-3ea6-4851-8552-d094f0ee47ee,Toyota HiAce 118,vehicle,road_vehicle,Delivery_Van_1.5T,Toyota,HiAce,2016,SP PD-7514,JTF8U0BU9Z45V8LJR,active,good,56.57,2016-08-05,2019-08-05,2be7f457-1aa1-4708-8bbe-1e3203ba1f7f,274492.00,2026-07-17,2026-12-12,Toyota HiAce (Delivery Van 1.5T) operating out of LankaLogix - Galle on last mile delivery duty.,"{""cargo_type"": ""consumer_goods"", ""route_type"": ""retail_drop"", ""operating_shift"": ""day"", ""warehouse_short"": ""GLE"", ""source_vehicle_id"": ""SLW0759""}",734bbe6b-9744-44d0-a11b-7a0e0df4922e,2016-08-05 09:00:00+00,2026-08-10 19:03:05.467947+00,last_mile_delivery,Toyota HiAce,Diesel,Automatic,independent_garage,1588.30,medium,10,44,0,B-058
c4cb2333-d086-40be-a256-07c97da33346,LLX-GLE-0119,8f2b1c74-59d3-4a6e-9b21-7c4e0a5d3f88,3df19dcf-3ea6-4851-8552-d094f0ee47ee,KDH Van 119,vehicle,road_vehicle,Delivery_Van_1.5T,KDH,Van,2017,SP PC-3942,JTG7SREFVVUV2S3L3,active,moderate,77.21,2017-10-13,2020-10-13,,188978.00,2026-04-05,2026-10-02,KDH Van (Delivery Van 1.5T) operating out of LankaLogix - Galle on last mile delivery duty.,"{""cargo_type"": ""consumer_goods"", ""route_type"": ""retail_drop"", ""operating_shift"": ""day"", ""warehouse_short"": ""GLE"", ""source_vehicle_id"": ""SLW0824""}",1b1a566a-ece0-4130-b5f5-76634ad534c0,2017-10-13 09:00:00+00,2026-08-10 19:03:05.467947+00,last_mile_delivery,KDH Van,Diesel,Manual,OEM_dealer,1432.00,high,9,22,1,B-059
d412e05c-2da1-415c-a7b4-54344ce61e18,LLX-GLE-0120,8f2b1c74-59d3-4a6e-9b21-7c4e0a5d3f88,3df19dcf-3ea6-4851-8552-d094f0ee47ee,Toyota HiAce 120,vehicle,road_vehicle,Delivery_Van_1.5T,Toyota,HiAce,2020,SP PB-3440,JTFDELX3SPT0T69EC,active,poor,66.54,2020-06-09,2023-06-09,ec42ef12-9929-4b5d-b07f-dac5819cba78,203240.00,2026-06-09,2026-09-02,Toyota HiAce (Delivery Van 1.5T) operating out of LankaLogix - Galle on last mile delivery duty.,"{""cargo_type"": ""ecommerce_parcels"", ""route_type"": ""urban_delivery"", ""operating_shift"": ""day_night"", ""warehouse_short"": ""GLE"", ""source_vehicle_id"": ""SLW0031""}",734bbe6b-9744-44d0-a11b-7a0e0df4922e,2020-06-09 09:00:00+00,2026-08-10 19:03:05.467947+00,last_mile_delivery,Toyota HiAce,Diesel,Manual,OEM_dealer,1433.30,high,7,21,0,B-060
5bf0030f-e943-425d-ab4d-33e825a51781,LLX-GLE-0121,8f2b1c74-59d3-4a6e-9b21-7c4e0a5d3f88,3df19dcf-3ea6-4851-8552-d094f0ee47ee,Toyota HiAce 121,vehicle,road_vehicle,Delivery_Van_1.5T,Toyota,HiAce,2014,SP PD-3722,JTF322HN7VDKHTSTZ,inactive,moderate,86.04,2014-02-18,2017-02-18,,334914.00,2026-05-30,2026-12-18,Toyota HiAce (Delivery Van 1.5T) operating out of LankaLogix - Galle on last mile delivery duty.,"{""cargo_type"": ""consumer_goods"", ""route_type"": ""retail_drop"", ""operating_shift"": ""day"", ""warehouse_short"": ""GLE"", ""source_vehicle_id"": ""SLW0952""}",bcdfa155-6afd-44b6-9cfe-85d596dfb687,2014-02-18 09:00:00+00,2026-08-10 19:03:05.467947+00,last_mile_delivery,Toyota HiAce,Diesel,Automatic,authorized_workshop,1491.10,critical,12,37,2,C-001
fc0325ac-907e-46b6-a52a-8158664a5985,LLX-GLE-0122,8f2b1c74-59d3-4a6e-9b21-7c4e0a5d3f88,3df19dcf-3ea6-4851-8552-d094f0ee47ee,KDH Van 122,vehicle,road_vehicle,Delivery_Van_1.5T,KDH,Van,2018,SP PD-6040,JTGHKX1JWMAV8NVS8,active,moderate,48.40,2018-12-14,2021-12-14,e05d2aca-b66c-4872-85aa-cd75a7878df7,241470.00,2026-06-11,2026-08-15,KDH Van (Delivery Van 1.5T) operating out of LankaLogix - Galle on last mile delivery duty.,"{""cargo_type"": ""retail_goods"", ""route_type"": ""urban_delivery"", ""operating_shift"": ""day"", ""warehouse_short"": ""GLE"", ""source_vehicle_id"": ""SLW0275""}",ae54eb0a-cd4b-4c62-86b2-8ed1974fbcec,2018-12-14 09:00:00+00,2026-08-10 19:03:05.467947+00,last_mile_delivery,KDH Van,Diesel,Manual,OEM_dealer,1480.90,medium,8,23,0,C-002
fcdbbc17-bd27-4934-9023-beb840c2e7b1,LLX-GLE-0123,8f2b1c74-59d3-4a6e-9b21-7c4e0a5d3f88,3df19dcf-3ea6-4851-8552-d094f0ee47ee,KDH Van 123,vehicle,road_vehicle,Delivery_Van_1.5T,KDH,Van,2018,SP PE-7701,JTGWWRWD6LJCAY1PM,active,poor,57.40,2018-02-10,2021-02-10,a0e7192f-6236-409e-a49c-2faf15b3d995,180046.00,2026-03-09,2026-09-12,KDH Van (Delivery Van 1.5T) operating out of LankaLogix - Galle on last mile delivery duty.,"{""cargo_type"": ""consumer_goods"", ""route_type"": ""retail_drop"", ""operating_shift"": ""day"", ""warehouse_short"": ""GLE"", ""source_vehicle_id"": ""SLW0409""}",0f2dd1d9-6b12-4073-ab85-bea406d1d514,2018-02-10 09:00:00+00,2026-08-10 19:03:05.467947+00,last_mile_delivery,KDH Van,Diesel,Manual,independent_garage,1384.50,medium,9,30,1,C-003
ed8fdfbf-2b93-47c2-8cee-5d111aaa9bb7,LLX-GLE-0124,8f2b1c74-59d3-4a6e-9b21-7c4e0a5d3f88,3df19dcf-3ea6-4851-8552-d094f0ee47ee,KDH Van 124,vehicle,road_vehicle,Delivery_Van_1.5T,KDH,Van,2020,SP PD-1139,JTGY568MTXK3T73UU,active,moderate,69.76,2020-08-03,2023-08-03,72a373a0-ad86-4502-8878-53a235f8aace,152921.00,2026-06-21,2026-11-28,KDH Van (Delivery Van 1.5T) operating out of LankaLogix - Galle on last mile delivery duty.,"{""cargo_type"": ""ecommerce_parcels"", ""route_type"": ""urban_delivery"", ""operating_shift"": ""day_night"", ""warehouse_short"": ""GLE"", ""source_vehicle_id"": ""SLW0559""}",829c13bd-2a5c-42b7-8b1c-8a8a8b415ceb,2020-08-03 09:00:00+00,2026-08-10 19:03:05.467947+00,last_mile_delivery,KDH Van,Diesel,Automatic,OEM_dealer,1459.50,high,7,23,0,C-004
12ac6689-8315-43d9-8d09-07c603b91360,LLX-GLE-0125,8f2b1c74-59d3-4a6e-9b21-7c4e0a5d3f88,3df19dcf-3ea6-4851-8552-d094f0ee47ee,KDH Van 125,vehicle,road_vehicle,Delivery_Van_1.5T,KDH,Van,2019,SP PE-7721,JTGSSUGWGE60C29YB,active,moderate,60.10,2019-10-10,2022-10-10,dba27b6e-3ab8-46c8-a9e9-591dc2166f08,159190.00,2026-07-11,2026-12-18,KDH Van (Delivery Van 1.5T) operating out of LankaLogix - Galle on last mile delivery duty.,"{""cargo_type"": ""ecommerce_parcels"", ""route_type"": ""urban_delivery"", ""operating_shift"": ""day"", ""warehouse_short"": ""GLE"", ""source_vehicle_id"": ""SLW0059""}",734bbe6b-9744-44d0-a11b-7a0e0df4922e,2019-10-10 09:00:00+00,2026-08-10 19:03:05.467947+00,last_mile_delivery,KDH Van,Diesel,Manual,authorized_workshop,1579.80,medium,7,25,0,C-005
183d2b1d-08f1-4d98-b599-36570c4a1c40,LLX-GLE-0126,8f2b1c74-59d3-4a6e-9b21-7c4e0a5d3f88,3df19dcf-3ea6-4851-8552-d094f0ee47ee,Nissan Caravan 126,vehicle,road_vehicle,Delivery_Van_1.5T,Nissan,Caravan,2020,SP PE-4394,JN1W2DPHYLHPL3TES,active,poor,40.94,2020-08-07,2023-08-07,,161914.00,2026-05-29,2026-10-13,Nissan Caravan (Delivery Van 1.5T) operating out of LankaLogix - Galle on last mile delivery duty.,"{""cargo_type"": ""consumer_goods"", ""route_type"": ""urban_delivery"", ""operating_shift"": ""day"", ""warehouse_short"": ""GLE"", ""source_vehicle_id"": ""SLW0397""}",56bc5b4f-b018-4995-89a3-6825709e4754,2020-08-07 09:00:00+00,2026-08-10 19:03:05.467947+00,last_mile_delivery,Nissan Caravan,Diesel,Manual,independent_garage,1320.80,medium,6,25,0,C-006
50c811c8-fbfd-4d87-9d5b-f0ac91411819,LLX-GLE-0139,8f2b1c74-59d3-4a6e-9b21-7c4e0a5d3f88,3df19dcf-3ea6-4851-8552-d094f0ee47ee,KDH Van 139,vehicle,road_vehicle,Delivery_Van_1.5T,KDH,Van,2018,SP PB-6806,JTGGXHDK5VK47TTVF,active,moderate,80.74,2018-09-19,2021-09-19,,183920.00,2026-03-20,2026-10-11,KDH Van (Delivery Van 1.5T) operating out of LankaLogix - Galle on last mile delivery duty.,"{""cargo_type"": ""retail_goods"", ""route_type"": ""retail_drop"", ""operating_shift"": ""three_shift"", ""warehouse_short"": ""GLE"", ""source_vehicle_id"": ""SLW0922""}",829c13bd-2a5c-42b7-8b1c-8a8a8b415ceb,2018-09-19 09:00:00+00,2026-08-10 19:03:05.467947+00,last_mile_delivery,KDH Van,Diesel,Automatic,authorized_workshop,1431.00,high,8,23,0,C-019
652a424c-3af2-46e6-a042-af78454394c6,LLX-GLE-0127,8f2b1c74-59d3-4a6e-9b21-7c4e0a5d3f88,3df19dcf-3ea6-4851-8552-d094f0ee47ee,Toyota HiAce 127,vehicle,road_vehicle,Delivery_Van_1.5T,Toyota,HiAce,2017,SP PE-1547,JTFULAAW552BX8S2F,active,moderate,52.37,2017-05-25,2020-05-25,,225307.00,2026-04-22,2026-09-26,Toyota HiAce (Delivery Van 1.5T) operating out of LankaLogix - Galle on last mile delivery duty.,"{""cargo_type"": ""consumer_goods"", ""route_type"": ""retail_drop"", ""operating_shift"": ""day"", ""warehouse_short"": ""GLE"", ""source_vehicle_id"": ""SLW0686""}",0f2dd1d9-6b12-4073-ab85-bea406d1d514,2017-05-25 09:00:00+00,2026-08-10 19:03:05.467947+00,last_mile_delivery,Toyota HiAce,Diesel,Manual,independent_garage,1480.50,medium,9,36,0,C-007
a0930922-e5a4-439d-b1f7-005b0dcb788a,LLX-GLE-0128,8f2b1c74-59d3-4a6e-9b21-7c4e0a5d3f88,3df19dcf-3ea6-4851-8552-d094f0ee47ee,KDH Van 128,vehicle,road_vehicle,Delivery_Van_1.5T,KDH,Van,2014,SP PE-9569,JTGLPDLVM0GJJP5TW,active,poor,57.20,2014-11-15,2017-11-15,fdbc71f8-edf3-4091-a0dc-b0bf3c339f92,279183.00,2026-03-27,2026-08-23,KDH Van (Delivery Van 1.5T) operating out of LankaLogix - Galle on last mile delivery duty.,"{""cargo_type"": ""ecommerce_parcels"", ""route_type"": ""retail_drop"", ""operating_shift"": ""day_night"", ""warehouse_short"": ""GLE"", ""source_vehicle_id"": ""SLW1067""}",608d7306-f79c-4916-9b39-69a1abea72d9,2014-11-15 09:00:00+00,2026-08-10 19:03:05.467947+00,last_mile_delivery,KDH Van,Diesel,Automatic,OEM_dealer,1581.20,medium,13,49,1,C-008
ffbd715e-e001-43b3-9f1e-bd6a3486b78f,LLX-GLE-0129,8f2b1c74-59d3-4a6e-9b21-7c4e0a5d3f88,3df19dcf-3ea6-4851-8552-d094f0ee47ee,Toyota HiAce 129,vehicle,road_vehicle,Delivery_Van_1.5T,Toyota,HiAce,2020,SP PD-6039,JTFY341ZZJ0G43MC4,active,moderate,68.41,2020-05-11,2023-05-11,50c8f603-eb5f-4a7a-9605-6fc7fc41194a,147034.00,2026-04-11,2026-10-20,Toyota HiAce (Delivery Van 1.5T) operating out of LankaLogix - Galle on last mile delivery duty.,"{""cargo_type"": ""retail_goods"", ""route_type"": ""retail_drop"", ""operating_shift"": ""day_night"", ""warehouse_short"": ""GLE"", ""source_vehicle_id"": ""SLW0077""}",56bc5b4f-b018-4995-89a3-6825709e4754,2020-05-11 09:00:00+00,2026-08-10 19:03:05.467947+00,last_mile_delivery,Toyota HiAce,Diesel,Manual,authorized_workshop,1450.50,high,6,17,0,C-009
c877cb2c-93a9-4268-b6be-8bb9187bac91,LLX-GLE-0130,8f2b1c74-59d3-4a6e-9b21-7c4e0a5d3f88,3df19dcf-3ea6-4851-8552-d094f0ee47ee,Toyota HiAce 130,vehicle,road_vehicle,Delivery_Van_1.5T,Toyota,HiAce,2021,SP PE-5645,JTF7C6PULPW6WYC0R,active,moderate,51.75,2021-11-05,2024-11-05,fdbc71f8-edf3-4091-a0dc-b0bf3c339f92,147610.00,2026-03-27,2026-09-16,Toyota HiAce (Delivery Van 1.5T) operating out of LankaLogix - Galle on last mile delivery duty.,"{""cargo_type"": ""consumer_goods"", ""route_type"": ""urban_delivery"", ""operating_shift"": ""day"", ""warehouse_short"": ""GLE"", ""source_vehicle_id"": ""SLW0222""}",608d7306-f79c-4916-9b39-69a1abea72d9,2021-11-05 09:00:00+00,2026-08-10 19:03:05.467947+00,last_mile_delivery,Toyota HiAce,Diesel,Manual,OEM_dealer,1454.60,medium,6,15,0,C-010
051e36fc-85a7-4232-9142-9c75e9446937,LLX-GLE-0131,8f2b1c74-59d3-4a6e-9b21-7c4e0a5d3f88,3df19dcf-3ea6-4851-8552-d094f0ee47ee,Nissan Caravan 131,vehicle,road_vehicle,Delivery_Van_1.5T,Nissan,Caravan,2018,SP PC-1539,JN1R6PLWMW14XRTH8,active,moderate,39.92,2018-03-26,2021-03-26,f5eff06f-b9fc-4abc-8456-308da70d2462,172245.00,2026-04-24,2026-10-01,Nissan Caravan (Delivery Van 1.5T) operating out of LankaLogix - Galle on last mile delivery duty.,"{""cargo_type"": ""consumer_goods"", ""route_type"": ""retail_drop"", ""operating_shift"": ""day_night"", ""warehouse_short"": ""GLE"", ""source_vehicle_id"": ""SLW0135""}",56bc5b4f-b018-4995-89a3-6825709e4754,2018-03-26 09:00:00+00,2026-08-10 19:03:05.467947+00,last_mile_delivery,Nissan Caravan,Diesel,Automatic,independent_garage,1399.90,medium,8,34,0,C-011
f3dead69-ffde-4a9e-9002-fe4e48a9d009,LLX-GLE-0132,8f2b1c74-59d3-4a6e-9b21-7c4e0a5d3f88,3df19dcf-3ea6-4851-8552-d094f0ee47ee,Toyota HiAce 132,vehicle,road_vehicle,Delivery_Van_1.5T,Toyota,HiAce,2020,SP PD-2633,JTF1CBW9K0DWRR237,active,good,51.62,2020-10-15,2023-10-15,ff962ec5-661c-4004-8c3a-c65fcefaf218,141921.00,2026-05-26,2026-10-28,Toyota HiAce (Delivery Van 1.5T) operating out of LankaLogix - Galle on last mile delivery duty.,"{""cargo_type"": ""ecommerce_parcels"", ""route_type"": ""retail_drop"", ""operating_shift"": ""day"", ""warehouse_short"": ""GLE"", ""source_vehicle_id"": ""SLW1300""}",bcdfa155-6afd-44b6-9cfe-85d596dfb687,2020-10-15 09:00:00+00,2026-08-10 19:03:05.467947+00,last_mile_delivery,Toyota HiAce,Diesel,Manual,independent_garage,1507.50,medium,7,24,0,C-012
ee53381f-b5a1-4853-abbf-7ad40510e30d,LLX-GLE-0133,8f2b1c74-59d3-4a6e-9b21-7c4e0a5d3f88,3df19dcf-3ea6-4851-8552-d094f0ee47ee,KDH Van 133,vehicle,road_vehicle,Delivery_Van_1.5T,KDH,Van,2020,SP PB-9681,JTGRZGL7LU21TNRUA,under_maintenance,critical,57.94,2020-08-04,2023-08-04,,180700.00,2026-05-01,2026-08-24,KDH Van (Delivery Van 1.5T) operating out of LankaLogix - Galle on last mile delivery duty.,"{""cargo_type"": ""retail_goods"", ""route_type"": ""retail_drop"", ""operating_shift"": ""three_shift"", ""warehouse_short"": ""GLE"", ""source_vehicle_id"": ""SLW0091""}",1b1a566a-ece0-4130-b5f5-76634ad534c0,2020-08-04 09:00:00+00,2026-08-10 19:03:05.467947+00,last_mile_delivery,KDH Van,Diesel,Manual,authorized_workshop,1458.10,medium,7,26,0,C-013
a234c27c-b304-45c8-a90c-8172468b23b9,LLX-GLE-0134,8f2b1c74-59d3-4a6e-9b21-7c4e0a5d3f88,3df19dcf-3ea6-4851-8552-d094f0ee47ee,Nissan Caravan 134,vehicle,road_vehicle,Delivery_Van_1.5T,Nissan,Caravan,2018,SP PE-8365,JN1P24UT0EFY6FGLA,active,poor,94.15,2018-11-14,2021-11-14,0371ebbf-c735-4fb9-8c36-5e7a93479d86,170306.00,2026-05-06,2026-09-16,Nissan Caravan (Delivery Van 1.5T) operating out of LankaLogix - Galle on last mile delivery duty.,"{""cargo_type"": ""retail_goods"", ""route_type"": ""urban_delivery"", ""operating_shift"": ""day"", ""warehouse_short"": ""GLE"", ""source_vehicle_id"": ""SLW0823""}",1b1a566a-ece0-4130-b5f5-76634ad534c0,2018-11-14 09:00:00+00,2026-08-10 19:03:05.467947+00,last_mile_delivery,Nissan Caravan,Diesel,Manual,authorized_workshop,1470.10,critical,8,32,0,C-014
0486db6a-3c4f-4ef4-845e-074534da8d3e,LLX-GLE-0135,8f2b1c74-59d3-4a6e-9b21-7c4e0a5d3f88,3df19dcf-3ea6-4851-8552-d094f0ee47ee,KDH Van 135,vehicle,road_vehicle,Delivery_Van_1.5T,KDH,Van,2017,SP PE-1822,JTGTV8KHSH4FD16LB,active,good,49.19,2017-06-02,2020-06-02,,239944.00,2026-07-31,2027-01-20,KDH Van (Delivery Van 1.5T) operating out of LankaLogix - Galle on last mile delivery duty.,"{""cargo_type"": ""consumer_goods"", ""route_type"": ""retail_drop"", ""operating_shift"": ""day"", ""warehouse_short"": ""GLE"", ""source_vehicle_id"": ""SLW0168""}",56bc5b4f-b018-4995-89a3-6825709e4754,2017-06-02 09:00:00+00,2026-08-10 19:03:05.467947+00,last_mile_delivery,KDH Van,Diesel,Manual,OEM_dealer,1458.30,medium,9,32,0,C-015
73b9b789-1a9d-47cc-ac63-aaee7bc067b9,LLX-GLE-0136,8f2b1c74-59d3-4a6e-9b21-7c4e0a5d3f88,3df19dcf-3ea6-4851-8552-d094f0ee47ee,KDH Van 136,vehicle,road_vehicle,Delivery_Van_1.5T,KDH,Van,2015,SP PD-5361,JTGY3KKGJ4497FRGR,active,moderate,39.14,2015-09-02,2018-09-02,,288258.00,2026-04-26,2026-10-20,KDH Van (Delivery Van 1.5T) operating out of LankaLogix - Galle on last mile delivery duty.,"{""cargo_type"": ""consumer_goods"", ""route_type"": ""urban_delivery"", ""operating_shift"": ""day"", ""warehouse_short"": ""GLE"", ""source_vehicle_id"": ""SLW0221""}",56bc5b4f-b018-4995-89a3-6825709e4754,2015-09-02 09:00:00+00,2026-08-10 19:03:05.467947+00,last_mile_delivery,KDH Van,Diesel,Automatic,OEM_dealer,1529.00,medium,11,37,1,C-016
feb6fa5c-8598-4182-bdd9-e331d76ad2d5,LLX-GLE-0137,8f2b1c74-59d3-4a6e-9b21-7c4e0a5d3f88,3df19dcf-3ea6-4851-8552-d094f0ee47ee,Nissan Caravan 137,vehicle,road_vehicle,Delivery_Van_1.5T,Nissan,Caravan,2020,SP PE-8914,JN1GYLMYSZGH4TP7L,active,moderate,87.72,2020-08-20,2023-08-20,,187001.00,2026-04-21,2026-09-17,Nissan Caravan (Delivery Van 1.5T) operating out of LankaLogix - Galle on last mile delivery duty.,"{""cargo_type"": ""retail_goods"", ""route_type"": ""retail_drop"", ""operating_shift"": ""day"", ""warehouse_short"": ""GLE"", ""source_vehicle_id"": ""SLW0190""}",11ccb7fb-51b9-40e8-bdd2-b07207b8e0a7,2020-08-20 09:00:00+00,2026-08-10 19:03:05.467947+00,last_mile_delivery,Nissan Caravan,Diesel,Automatic,OEM_dealer,1569.10,critical,7,26,0,C-017
8fb86d99-7555-4129-9577-97b69f973617,LLX-GLE-0138,8f2b1c74-59d3-4a6e-9b21-7c4e0a5d3f88,3df19dcf-3ea6-4851-8552-d094f0ee47ee,Toyota HiAce 138,vehicle,road_vehicle,Delivery_Van_1.5T,Toyota,HiAce,2020,SP PD-6479,JTF6UKTB3WC71ATP9,active,moderate,79.33,2020-02-24,2023-02-24,55095c82-2c02-4291-8de2-7d5afe48cf31,167964.00,2026-07-08,2026-09-28,Toyota HiAce (Delivery Van 1.5T) operating out of LankaLogix - Galle on last mile delivery duty.,"{""cargo_type"": ""ecommerce_parcels"", ""route_type"": ""retail_drop"", ""operating_shift"": ""day"", ""warehouse_short"": ""GLE"", ""source_vehicle_id"": ""SLW0610""}",bcdfa155-6afd-44b6-9cfe-85d596dfb687,2020-02-24 09:00:00+00,2026-08-10 19:03:05.467947+00,last_mile_delivery,Toyota HiAce,Diesel,Manual,independent_garage,1536.80,high,6,21,0,C-018
70031a5c-7385-4d3c-ab08-a89c6a6e3f7b,LLX-GLE-0140,8f2b1c74-59d3-4a6e-9b21-7c4e0a5d3f88,3df19dcf-3ea6-4851-8552-d094f0ee47ee,Nissan Caravan 140,vehicle,road_vehicle,Delivery_Van_1.5T,Nissan,Caravan,2019,SP PD-5049,JN1AHV2M5DVX3GNX7,active,moderate,76.91,2019-12-02,2022-12-02,6058e1f6-6cdf-4f86-83da-8e52d0a1d5d0,181463.00,2026-07-26,2026-12-10,Nissan Caravan (Delivery Van 1.5T) operating out of LankaLogix - Galle on last mile delivery duty.,"{""cargo_type"": ""ecommerce_parcels"", ""route_type"": ""urban_delivery"", ""operating_shift"": ""day_night"", ""warehouse_short"": ""GLE"", ""source_vehicle_id"": ""SLW0365""}",1b1a566a-ece0-4130-b5f5-76634ad534c0,2019-12-02 09:00:00+00,2026-08-10 19:03:05.467947+00,last_mile_delivery,Nissan Caravan,Diesel,Automatic,independent_garage,1512.30,high,8,32,0,C-020
8fc271ae-6332-468c-9318-50a8f35082ef,LLX-GLE-0141,8f2b1c74-59d3-4a6e-9b21-7c4e0a5d3f88,3df19dcf-3ea6-4851-8552-d094f0ee47ee,Tata Ace 141,vehicle,road_vehicle,Mini_Truck_1T,Tata,Ace,2017,SP LA-1822,MAT9DJ46MAMFH0TF0,active,moderate,91.80,2017-06-24,2020-06-24,f81965e2-2ed7-4738-80b1-8b08fe3d0c7d,230990.00,2026-07-17,2026-08-30,Tata Ace (Mini Truck 1T) operating out of LankaLogix - Galle on last mile delivery duty.,"{""cargo_type"": ""retail_goods"", ""route_type"": ""retail_drop"", ""operating_shift"": ""three_shift"", ""warehouse_short"": ""GLE"", ""source_vehicle_id"": ""SLW1001""}",829c13bd-2a5c-42b7-8b1c-8a8a8b415ceb,2017-06-24 09:00:00+00,2026-08-10 19:03:05.467947+00,last_mile_delivery,Tata Ace,Diesel,Manual,independent_garage,976.00,critical,10,42,2,C-021
92c0b41e-51fd-4f18-be86-0367ac6d1573,LLX-GLE-0142,8f2b1c74-59d3-4a6e-9b21-7c4e0a5d3f88,3df19dcf-3ea6-4851-8552-d094f0ee47ee,Piaggio Porter 142,vehicle,road_vehicle,Mini_Truck_1T,Piaggio,Porter,2020,SP LB-6206,ZAPSA9AB7H1LJVF9C,active,poor,70.10,2020-06-27,2023-06-27,5112d5f5-2093-4684-9d83-f6270b86b2ea,147747.00,2026-06-24,2026-10-01,Piaggio Porter (Mini Truck 1T) operating out of LankaLogix - Galle on last mile delivery duty.,"{""cargo_type"": ""retail_goods"", ""route_type"": ""urban_delivery"", ""operating_shift"": ""day"", ""warehouse_short"": ""GLE"", ""source_vehicle_id"": ""SLW0117""}",829c13bd-2a5c-42b7-8b1c-8a8a8b415ceb,2020-06-27 09:00:00+00,2026-08-10 19:03:05.467947+00,last_mile_delivery,Piaggio Porter,Diesel,Manual,OEM_dealer,1016.20,high,7,24,0,C-022
cba2e7a3-c472-4cba-ad57-1f179fa131a9,LLX-GLE-0143,8f2b1c74-59d3-4a6e-9b21-7c4e0a5d3f88,3df19dcf-3ea6-4851-8552-d094f0ee47ee,Piaggio Porter 143,vehicle,road_vehicle,Mini_Truck_1T,Piaggio,Porter,2020,SP LA-3953,ZAPTPYZ1CZ05JNMBG,active,poor,52.86,2020-01-26,2023-01-26,0559c035-6377-41b3-9881-90f239377825,154045.00,2026-07-06,2026-09-02,Piaggio Porter (Mini Truck 1T) operating out of LankaLogix - Galle on last mile delivery duty.,"{""cargo_type"": ""consumer_goods"", ""route_type"": ""retail_drop"", ""operating_shift"": ""day_night"", ""warehouse_short"": ""GLE"", ""source_vehicle_id"": ""SLW0756""}",11ccb7fb-51b9-40e8-bdd2-b07207b8e0a7,2020-01-26 09:00:00+00,2026-08-10 19:03:05.467947+00,last_mile_delivery,Piaggio Porter,Diesel,Manual,independent_garage,1040.60,medium,6,29,0,C-023
86fe05ac-dcf4-4a36-b90c-8695bc89ba02,LLX-GLE-0144,8f2b1c74-59d3-4a6e-9b21-7c4e0a5d3f88,3df19dcf-3ea6-4851-8552-d094f0ee47ee,Mahindra Bolero Pickup 144,vehicle,road_vehicle,Mini_Truck_1T,Mahindra,Bolero Pickup,2018,SP LA-1933,MA1E753W9LKVT5A5W,active,poor,68.67,2018-08-20,2021-08-20,096dc1af-c1ef-4984-a2a2-63d0838a2216,204968.00,2026-03-29,2026-09-13,Mahindra Bolero Pickup (Mini Truck 1T) operating out of LankaLogix - Galle on last mile delivery duty.,"{""cargo_type"": ""retail_goods"", ""route_type"": ""retail_drop"", ""operating_shift"": ""day"", ""warehouse_short"": ""GLE"", ""source_vehicle_id"": ""SLW0655""}",1b1a566a-ece0-4130-b5f5-76634ad534c0,2018-08-20 09:00:00+00,2026-08-10 19:03:05.467947+00,last_mile_delivery,Mahindra Bolero Pickup,Diesel,Automatic,authorized_workshop,1004.70,high,9,33,0,C-024
01d53dae-f3be-42f8-bd8b-d98d83491e6c,LLX-GLE-0145,8f2b1c74-59d3-4a6e-9b21-7c4e0a5d3f88,3df19dcf-3ea6-4851-8552-d094f0ee47ee,Piaggio Porter 145,vehicle,road_vehicle,Mini_Truck_1T,Piaggio,Porter,2019,SP LB-6624,ZAPZJHW0ZA0PV2MUJ,active,moderate,80.94,2019-01-21,2022-01-21,,199862.00,2026-06-13,2026-10-06,Piaggio Porter (Mini Truck 1T) operating out of LankaLogix - Galle on last mile delivery duty.,"{""cargo_type"": ""consumer_goods"", ""route_type"": ""retail_drop"", ""operating_shift"": ""day"", ""warehouse_short"": ""GLE"", ""source_vehicle_id"": ""SLW0839""}",56bc5b4f-b018-4995-89a3-6825709e4754,2019-01-21 09:00:00+00,2026-08-10 19:03:05.467947+00,last_mile_delivery,Piaggio Porter,Diesel,Manual,independent_garage,956.40,high,7,30,0,C-025
8a500e1a-bcb1-466a-8c07-f8415764be91,LLX-GLE-0146,8f2b1c74-59d3-4a6e-9b21-7c4e0a5d3f88,3df19dcf-3ea6-4851-8552-d094f0ee47ee,Piaggio Porter 146,vehicle,road_vehicle,Mini_Truck_1T,Piaggio,Porter,2015,SP LA-1642,ZAPACLKSX7GDHTS0W,active,poor,54.48,2015-04-02,2018-04-02,6a299c1f-ae68-468f-ba60-338ead0f891e,282952.00,2026-06-02,2026-08-28,Piaggio Porter (Mini Truck 1T) operating out of LankaLogix - Galle on last mile delivery duty.,"{""cargo_type"": ""consumer_goods"", ""route_type"": ""retail_drop"", ""operating_shift"": ""day"", ""warehouse_short"": ""GLE"", ""source_vehicle_id"": ""SLW0855""}",608d7306-f79c-4916-9b39-69a1abea72d9,2015-04-02 09:00:00+00,2026-08-10 19:03:05.467947+00,last_mile_delivery,Piaggio Porter,Diesel,Automatic,authorized_workshop,1026.00,medium,12,44,2,C-026
04ecc9f3-a16b-4164-a571-57d4cc24b184,LLX-GLE-0147,8f2b1c74-59d3-4a6e-9b21-7c4e0a5d3f88,3df19dcf-3ea6-4851-8552-d094f0ee47ee,Piaggio Porter 147,vehicle,road_vehicle,Mini_Truck_1T,Piaggio,Porter,2021,SP LA-3330,ZAPN08BCMT2K764KB,active,poor,67.49,2021-01-18,2024-01-18,2458cf7c-fcbf-4def-834a-e1429dfebcae,130593.00,2026-06-15,2026-08-20,Piaggio Porter (Mini Truck 1T) operating out of LankaLogix - Galle on last mile delivery duty.,"{""cargo_type"": ""retail_goods"", ""route_type"": ""retail_drop"", ""operating_shift"": ""day"", ""warehouse_short"": ""GLE"", ""source_vehicle_id"": ""SLW0776""}",608d7306-f79c-4916-9b39-69a1abea72d9,2021-01-18 09:00:00+00,2026-08-10 19:03:05.467947+00,last_mile_delivery,Piaggio Porter,Diesel,Manual,authorized_workshop,962.70,high,6,23,0,C-027
24b8f4f4-f05c-4227-8705-4490306e05f7,LLX-GLE-0148,8f2b1c74-59d3-4a6e-9b21-7c4e0a5d3f88,3df19dcf-3ea6-4851-8552-d094f0ee47ee,Tata Ace 148,vehicle,road_vehicle,Mini_Truck_1T,Tata,Ace,2019,SP LB-6910,MAT4T1TAKPXXYSR9R,active,poor,63.28,2019-06-01,2022-06-01,e69037f7-b5fb-4127-9fa9-7dcd4652ca97,166586.00,2026-07-12,2026-09-12,Tata Ace (Mini Truck 1T) operating out of LankaLogix - Galle on last mile delivery duty.,"{""cargo_type"": ""ecommerce_parcels"", ""route_type"": ""retail_drop"", ""operating_shift"": ""day_night"", ""warehouse_short"": ""GLE"", ""source_vehicle_id"": ""SLW0361""}",bb91bbb5-1ab1-442b-b910-28093fe53eb9,2019-06-01 09:00:00+00,2026-08-10 19:03:05.467947+00,last_mile_delivery,Tata Ace,Diesel,Manual,authorized_workshop,964.60,high,8,29,1,C-028
3f56532e-95e8-4a22-9379-f2ed0b2dd92d,LLX-GLE-0149,8f2b1c74-59d3-4a6e-9b21-7c4e0a5d3f88,3df19dcf-3ea6-4851-8552-d094f0ee47ee,Tata Ace 149,vehicle,road_vehicle,Mini_Truck_1T,Tata,Ace,2021,SP LA-4514,MATG7MTJ3Z04TG732,active,moderate,87.42,2021-03-01,2024-03-01,d9fb7d54-ed53-436a-8034-65f6bac6edac,120812.00,2026-05-16,2026-08-23,Tata Ace (Mini Truck 1T) operating out of LankaLogix - Galle on last mile delivery duty.,"{""cargo_type"": ""retail_goods"", ""route_type"": ""urban_delivery"", ""operating_shift"": ""day"", ""warehouse_short"": ""GLE"", ""source_vehicle_id"": ""SLW0910""}",bb91bbb5-1ab1-442b-b910-28093fe53eb9,2021-03-01 09:00:00+00,2026-08-10 19:03:05.467947+00,last_mile_delivery,Tata Ace,Diesel,Manual,authorized_workshop,1071.00,critical,6,24,0,C-029
0066c4b1-aaf6-46c6-aef2-d1ec9d2d8198,LLX-GLE-0150,8f2b1c74-59d3-4a6e-9b21-7c4e0a5d3f88,3df19dcf-3ea6-4851-8552-d094f0ee47ee,Mahindra Bolero Pickup 150,vehicle,road_vehicle,Mini_Truck_1T,Mahindra,Bolero Pickup,2015,SP LB-9192,MA1G9WE010G9X2ZH2,active,good,80.98,2015-11-16,2018-11-16,,256337.00,2026-08-09,2026-08-11,Mahindra Bolero Pickup (Mini Truck 1T) operating out of LankaLogix - Galle on last mile delivery duty.,"{""cargo_type"": ""consumer_goods"", ""route_type"": ""retail_drop"", ""operating_shift"": ""day"", ""warehouse_short"": ""GLE"", ""source_vehicle_id"": ""SLW0445""}",bb91bbb5-1ab1-442b-b910-28093fe53eb9,2015-11-16 09:00:00+00,2026-08-10 19:03:05.467947+00,last_mile_delivery,Mahindra Bolero Pickup,Diesel,Automatic,authorized_workshop,959.40,high,11,45,3,C-030
6d28edee-1f87-4a81-a9d9-ee526bd97ac0,LLX-GLE-0151,8f2b1c74-59d3-4a6e-9b21-7c4e0a5d3f88,3df19dcf-3ea6-4851-8552-d094f0ee47ee,Tata Ace 151,vehicle,road_vehicle,Mini_Truck_1T,Tata,Ace,2019,SP LA-5921,MATKPBCPAG76FA95U,active,good,38.89,2019-07-12,2022-07-12,,151315.00,2026-07-24,2027-01-23,Tata Ace (Mini Truck 1T) operating out of LankaLogix - Galle on last mile delivery duty.,"{""cargo_type"": ""retail_goods"", ""route_type"": ""retail_drop"", ""operating_shift"": ""three_shift"", ""warehouse_short"": ""GLE"", ""source_vehicle_id"": ""SLW0888""}",11ccb7fb-51b9-40e8-bdd2-b07207b8e0a7,2019-07-12 09:00:00+00,2026-08-10 19:03:05.467947+00,last_mile_delivery,Tata Ace,Diesel,Manual,authorized_workshop,983.30,medium,7,28,0,C-031
969a0df4-d7fa-4bc4-b9ed-6863343e114c,LLX-GLE-0152,8f2b1c74-59d3-4a6e-9b21-7c4e0a5d3f88,3df19dcf-3ea6-4851-8552-d094f0ee47ee,Mahindra Bolero Pickup 152,vehicle,road_vehicle,Mini_Truck_1T,Mahindra,Bolero Pickup,2020,SP LA-8851,MA1FEXNA68Y4HJFGU,active,good,71.26,2020-05-09,2023-05-09,72a373a0-ad86-4502-8878-53a235f8aace,156050.00,2026-07-05,2026-12-08,Mahindra Bolero Pickup (Mini Truck 1T) operating out of LankaLogix - Galle on last mile delivery duty.,"{""cargo_type"": ""retail_goods"", ""route_type"": ""urban_delivery"", ""operating_shift"": ""day"", ""warehouse_short"": ""GLE"", ""source_vehicle_id"": ""SLW0150""}",734bbe6b-9744-44d0-a11b-7a0e0df4922e,2020-05-09 09:00:00+00,2026-08-10 19:03:05.467947+00,last_mile_delivery,Mahindra Bolero Pickup,Diesel,Manual,authorized_workshop,1012.60,high,7,30,0,C-032
26e54747-7b1e-4bef-959b-3acb36c1da52,LLX-GLE-0153,8f2b1c74-59d3-4a6e-9b21-7c4e0a5d3f88,3df19dcf-3ea6-4851-8552-d094f0ee47ee,Mahindra Bolero Pickup 153,vehicle,road_vehicle,Mini_Truck_1T,Mahindra,Bolero Pickup,2020,SP LA-3620,MA1PPR9DDUS0KVP3S,active,excellent,43.49,2020-04-16,2023-04-16,b1007b82-cbbf-4ef5-a4aa-6348e59b5c3a,135961.00,2026-08-08,2026-08-13,Mahindra Bolero Pickup (Mini Truck 1T) operating out of LankaLogix - Galle on last mile delivery duty.,"{""cargo_type"": ""retail_goods"", ""route_type"": ""urban_delivery"", ""operating_shift"": ""day"", ""warehouse_short"": ""GLE"", ""source_vehicle_id"": ""SLW1287""}",829c13bd-2a5c-42b7-8b1c-8a8a8b415ceb,2020-04-16 09:00:00+00,2026-08-10 19:03:05.467947+00,last_mile_delivery,Mahindra Bolero Pickup,Diesel,Manual,authorized_workshop,1018.20,medium,7,23,0,C-033
48edf68b-fe4b-458c-9987-0dfc29504804,LLX-GLE-0154,8f2b1c74-59d3-4a6e-9b21-7c4e0a5d3f88,3df19dcf-3ea6-4851-8552-d094f0ee47ee,Tata Ace 154,vehicle,road_vehicle,Mini_Truck_1T,Tata,Ace,2017,SP LA-5271,MAT813RH9MY993X7W,active,good,64.37,2017-04-02,2020-04-02,cab74599-3095-4857-9062-1ed17548d72b,205570.00,2026-06-13,2026-11-19,Tata Ace (Mini Truck 1T) operating out of LankaLogix - Galle on last mile delivery duty.,"{""cargo_type"": ""consumer_goods"", ""route_type"": ""retail_drop"", ""operating_shift"": ""day_night"", ""warehouse_short"": ""GLE"", ""source_vehicle_id"": ""SLW0073""}",829c13bd-2a5c-42b7-8b1c-8a8a8b415ceb,2017-04-02 09:00:00+00,2026-08-10 19:03:05.467947+00,last_mile_delivery,Tata Ace,Diesel,Automatic,independent_garage,964.20,high,10,42,1,C-034
14dade97-29fe-4dd3-bcdb-2af7c81e3c47,LLX-GLE-0155,8f2b1c74-59d3-4a6e-9b21-7c4e0a5d3f88,3df19dcf-3ea6-4851-8552-d094f0ee47ee,Mahindra Bolero Pickup 155,vehicle,road_vehicle,Mini_Truck_1T,Mahindra,Bolero Pickup,2017,SP LA-9161,MA1X31T4ET3R5LX8Z,active,good,71.19,2017-05-22,2020-05-22,8a8bc6e9-e0e4-49bd-8fd6-d7d2917772b0,254694.00,2026-08-06,2026-08-11,Mahindra Bolero Pickup (Mini Truck 1T) operating out of LankaLogix - Galle on last mile delivery duty.,"{""cargo_type"": ""ecommerce_parcels"", ""route_type"": ""urban_delivery"", ""operating_shift"": ""day_night"", ""warehouse_short"": ""GLE"", ""source_vehicle_id"": ""SLW1368""}",ae54eb0a-cd4b-4c62-86b2-8ed1974fbcec,2017-05-22 09:00:00+00,2026-08-10 19:03:05.467947+00,last_mile_delivery,Mahindra Bolero Pickup,Diesel,Automatic,OEM_dealer,951.90,high,10,43,1,C-035
7ec587ad-7be3-4caa-be4e-069db0e5e8e2,LLX-GLE-0156,8f2b1c74-59d3-4a6e-9b21-7c4e0a5d3f88,3df19dcf-3ea6-4851-8552-d094f0ee47ee,Tata Ace 156,vehicle,road_vehicle,Mini_Truck_1T,Tata,Ace,2020,SP LB-9123,MATA2C2KW6X77VN2J,active,moderate,47.83,2020-07-21,2023-07-21,,142173.00,2026-07-17,2026-12-19,Tata Ace (Mini Truck 1T) operating out of LankaLogix - Galle on last mile delivery duty.,"{""cargo_type"": ""consumer_goods"", ""route_type"": ""retail_drop"", ""operating_shift"": ""day"", ""warehouse_short"": ""GLE"", ""source_vehicle_id"": ""SLW0970""}",734bbe6b-9744-44d0-a11b-7a0e0df4922e,2020-07-21 09:00:00+00,2026-08-10 19:03:05.467947+00,last_mile_delivery,Tata Ace,Diesel,Automatic,authorized_workshop,1058.60,medium,6,27,0,C-036
ffc33ff5-353e-496b-b1e2-b2757228a4fd,LLX-GLE-0157,8f2b1c74-59d3-4a6e-9b21-7c4e0a5d3f88,3df19dcf-3ea6-4851-8552-d094f0ee47ee,Mahindra Bolero Pickup 157,vehicle,road_vehicle,Mini_Truck_1T,Mahindra,Bolero Pickup,2019,SP LB-2211,MA1U8VJUNPMDRR54E,active,good,52.61,2019-10-08,2022-10-08,e08ea782-4dad-41e9-a86e-53e901e0b0fc,162873.00,2026-08-02,2026-12-27,Mahindra Bolero Pickup (Mini Truck 1T) operating out of LankaLogix - Galle on last mile delivery duty.,"{""cargo_type"": ""retail_goods"", ""route_type"": ""urban_delivery"", ""operating_shift"": ""day"", ""warehouse_short"": ""GLE"", ""source_vehicle_id"": ""SLW1378""}",734bbe6b-9744-44d0-a11b-7a0e0df4922e,2019-10-08 09:00:00+00,2026-08-10 19:03:05.467947+00,last_mile_delivery,Mahindra Bolero Pickup,Diesel,Manual,independent_garage,979.40,medium,7,31,0,C-037
532c5b42-6852-4bb3-bfc9-64913ea7adad,LLX-GLE-0158,8f2b1c74-59d3-4a6e-9b21-7c4e0a5d3f88,3df19dcf-3ea6-4851-8552-d094f0ee47ee,Piaggio Porter 158,vehicle,road_vehicle,Mini_Truck_1T,Piaggio,Porter,2021,SP LA-8200,ZAP8UZKAF4CUNZBGK,active,moderate,87.99,2021-01-24,2024-01-24,24b5932e-88db-41e4-91d9-969e04d67984,151318.00,2026-04-26,2026-08-29,Piaggio Porter (Mini Truck 1T) operating out of LankaLogix - Galle on last mile delivery duty.,"{""cargo_type"": ""ecommerce_parcels"", ""route_type"": ""retail_drop"", ""operating_shift"": ""day"", ""warehouse_short"": ""GLE"", ""source_vehicle_id"": ""SLW1259""}",608d7306-f79c-4916-9b39-69a1abea72d9,2021-01-24 09:00:00+00,2026-08-10 19:03:05.467947+00,last_mile_delivery,Piaggio Porter,Diesel,Manual,authorized_workshop,1047.40,critical,6,27,0,C-038
3820a00f-a1d8-4a42-b492-7d4a27ba02f9,LLX-GLE-0159,8f2b1c74-59d3-4a6e-9b21-7c4e0a5d3f88,3df19dcf-3ea6-4851-8552-d094f0ee47ee,Mahindra Bolero Pickup 159,vehicle,road_vehicle,Mini_Truck_1T,Mahindra,Bolero Pickup,2015,SP LB-3387,MA19222B9EX1AK7T7,active,moderate,86.25,2015-03-21,2018-03-21,4b2c9a06-d234-4c13-b11c-f880af976191,237311.00,2026-05-23,2026-11-21,Mahindra Bolero Pickup (Mini Truck 1T) operating out of LankaLogix - Galle on last mile delivery duty.,"{""cargo_type"": ""consumer_goods"", ""route_type"": ""urban_delivery"", ""operating_shift"": ""day"", ""warehouse_short"": ""GLE"", ""source_vehicle_id"": ""SLW1169""}",56bc5b4f-b018-4995-89a3-6825709e4754,2015-03-21 09:00:00+00,2026-08-10 19:03:05.467947+00,last_mile_delivery,Mahindra Bolero Pickup,Diesel,Manual,authorized_workshop,978.50,critical,11,43,1,C-039
36d8aaeb-b0a0-412e-bbe8-776ccd43c52d,LLX-GLE-0160,8f2b1c74-59d3-4a6e-9b21-7c4e0a5d3f88,3df19dcf-3ea6-4851-8552-d094f0ee47ee,Mahindra Bolero Pickup 160,vehicle,road_vehicle,Mini_Truck_1T,Mahindra,Bolero Pickup,2016,SP LA-9380,MA1MGBZYDU7ZLC5K3,active,good,89.04,2016-10-06,2019-10-06,3300b88d-ad2c-4c0c-bac7-48e98b283f68,240193.00,2026-05-18,2026-09-23,Mahindra Bolero Pickup (Mini Truck 1T) operating out of LankaLogix - Galle on last mile delivery duty.,"{""cargo_type"": ""consumer_goods"", ""route_type"": ""retail_drop"", ""operating_shift"": ""day"", ""warehouse_short"": ""GLE"", ""source_vehicle_id"": ""SLW1286""}",0f2dd1d9-6b12-4073-ab85-bea406d1d514,2016-10-06 09:00:00+00,2026-08-10 19:03:05.467947+00,last_mile_delivery,Mahindra Bolero Pickup,Diesel,Manual,independent_garage,1043.80,critical,10,48,5,C-040
60713547-c97d-42f0-ba5c-10d1b39d6331,LLX-GLE-0161,8f2b1c74-59d3-4a6e-9b21-7c4e0a5d3f88,3df19dcf-3ea6-4851-8552-d094f0ee47ee,Mahindra Bolero Pickup 161,vehicle,road_vehicle,Mini_Truck_1T,Mahindra,Bolero Pickup,2020,SP LA-9557,MA1S9Y2YLTE985RKJ,active,moderate,63.51,2020-07-22,2023-07-22,890b088b-ef43-4e69-ad02-026b369a28b5,136166.00,2026-05-14,2026-09-23,Mahindra Bolero Pickup (Mini Truck 1T) operating out of LankaLogix - Galle on last mile delivery duty.,"{""cargo_type"": ""retail_goods"", ""route_type"": ""urban_delivery"", ""operating_shift"": ""day"", ""warehouse_short"": ""GLE"", ""source_vehicle_id"": ""SLW0788""}",bb91bbb5-1ab1-442b-b910-28093fe53eb9,2020-07-22 09:00:00+00,2026-08-10 19:03:05.467947+00,last_mile_delivery,Mahindra Bolero Pickup,Diesel,Manual,OEM_dealer,1032.50,high,6,25,0,C-041
fb744fe4-7ad8-4953-8de1-20842c121b91,LLX-GLE-0162,8f2b1c74-59d3-4a6e-9b21-7c4e0a5d3f88,3df19dcf-3ea6-4851-8552-d094f0ee47ee,Piaggio Porter 162,vehicle,road_vehicle,Mini_Truck_1T,Piaggio,Porter,2020,SP LB-7664,ZAPX6SL4HG1XNNG1M,active,poor,51.39,2020-01-21,2023-01-21,e8c335e0-2088-4924-a6e4-c94e52dc1dd6,149185.00,2026-06-26,2026-10-26,Piaggio Porter (Mini Truck 1T) operating out of LankaLogix - Galle on last mile delivery duty.,"{""cargo_type"": ""consumer_goods"", ""route_type"": ""retail_drop"", ""operating_shift"": ""day"", ""warehouse_short"": ""GLE"", ""source_vehicle_id"": ""SLW1102""}",0f2dd1d9-6b12-4073-ab85-bea406d1d514,2020-01-21 09:00:00+00,2026-08-10 19:03:05.467947+00,last_mile_delivery,Piaggio Porter,Diesel,Manual,independent_garage,974.10,medium,7,30,0,C-042
daa1bd48-569f-4271-9544-46ad8459bfe8,LLX-GLE-0163,8f2b1c74-59d3-4a6e-9b21-7c4e0a5d3f88,3df19dcf-3ea6-4851-8552-d094f0ee47ee,Tata Ace 163,vehicle,road_vehicle,Mini_Truck_1T,Tata,Ace,2020,SP LB-4658,MATGUV5R0P761UXNZ,active,moderate,82.58,2020-01-13,2023-01-13,20bdf2d1-aa86-4ad8-a6e6-8e215a86dcc1,129785.00,2026-07-22,2026-11-08,Tata Ace (Mini Truck 1T) operating out of LankaLogix - Galle on last mile delivery duty.,"{""cargo_type"": ""ecommerce_parcels"", ""route_type"": ""retail_drop"", ""operating_shift"": ""day"", ""warehouse_short"": ""GLE"", ""source_vehicle_id"": ""SLW0627""}",734bbe6b-9744-44d0-a11b-7a0e0df4922e,2020-01-13 09:00:00+00,2026-08-10 19:03:05.467947+00,last_mile_delivery,Tata Ace,Diesel,Automatic,independent_garage,1022.60,critical,6,25,0,C-043
61fe09ce-e300-4109-bc99-a14262fd6cc0,LLX-GLE-0164,8f2b1c74-59d3-4a6e-9b21-7c4e0a5d3f88,3df19dcf-3ea6-4851-8552-d094f0ee47ee,Piaggio Porter 164,vehicle,road_vehicle,Mini_Truck_1T,Piaggio,Porter,2019,SP LB-7027,ZAPRBL5LN96GPKJWV,active,poor,49.50,2019-01-05,2022-01-05,3d75bf14-fb89-4f28-9d26-3e49985646e7,172597.00,2026-07-27,2026-12-18,Piaggio Porter (Mini Truck 1T) operating out of LankaLogix - Galle on last mile delivery duty.,"{""cargo_type"": ""ecommerce_parcels"", ""route_type"": ""retail_drop"", ""operating_shift"": ""day"", ""warehouse_short"": ""GLE"", ""source_vehicle_id"": ""SLW0094""}",bcdfa155-6afd-44b6-9cfe-85d596dfb687,2019-01-05 09:00:00+00,2026-08-10 19:03:05.467947+00,last_mile_delivery,Piaggio Porter,Diesel,Automatic,independent_garage,1035.20,medium,8,34,1,C-044
1bd8edc5-344b-4fd8-8964-5d4256db17a3,LLX-GLE-0165,8f2b1c74-59d3-4a6e-9b21-7c4e0a5d3f88,3df19dcf-3ea6-4851-8552-d094f0ee47ee,Tata Ace 165,vehicle,road_vehicle,Mini_Truck_1T,Tata,Ace,2021,SP LA-9839,MATZKELML4FE11AEZ,active,good,65.64,2021-07-08,2024-07-08,de5ac9e2-3f8b-4675-ae66-62a79bb5340c,127416.00,2026-07-16,2026-11-28,Tata Ace (Mini Truck 1T) operating out of LankaLogix - Galle on last mile delivery duty.,"{""cargo_type"": ""consumer_goods"", ""route_type"": ""retail_drop"", ""operating_shift"": ""day_night"", ""warehouse_short"": ""GLE"", ""source_vehicle_id"": ""SLW0173""}",1b1a566a-ece0-4130-b5f5-76634ad534c0,2021-07-08 09:00:00+00,2026-08-10 19:03:05.467947+00,last_mile_delivery,Tata Ace,Diesel,Manual,independent_garage,1023.60,high,6,25,1,C-045
4b62720e-ec9c-4bff-bdc3-61f535efa578,LLX-GLE-0166,8f2b1c74-59d3-4a6e-9b21-7c4e0a5d3f88,3df19dcf-3ea6-4851-8552-d094f0ee47ee,Piaggio Porter 166,vehicle,road_vehicle,Mini_Truck_1T,Piaggio,Porter,2020,SP LA-1630,ZAPBJ59956AC8YZEE,active,good,82.29,2020-07-28,2023-07-28,ff962ec5-661c-4004-8c3a-c65fcefaf218,163197.00,2026-06-10,2026-11-28,Piaggio Porter (Mini Truck 1T) operating out of LankaLogix - Galle on last mile delivery duty.,"{""cargo_type"": ""consumer_goods"", ""route_type"": ""retail_drop"", ""operating_shift"": ""day"", ""warehouse_short"": ""GLE"", ""source_vehicle_id"": ""SLW0484""}",734bbe6b-9744-44d0-a11b-7a0e0df4922e,2020-07-28 09:00:00+00,2026-08-10 19:03:05.467947+00,last_mile_delivery,Piaggio Porter,Diesel,Manual,OEM_dealer,943.80,critical,7,26,0,C-046
e245fe3d-5137-4041-ad1d-81dc9f30296c,LLX-GLE-0167,8f2b1c74-59d3-4a6e-9b21-7c4e0a5d3f88,3df19dcf-3ea6-4851-8552-d094f0ee47ee,Tata Ace 167,vehicle,road_vehicle,Mini_Truck_1T,Tata,Ace,2017,SP LA-9985,MATHDKSTSN34UBCKJ,active,moderate,59.14,2017-03-15,2020-03-15,f29a276c-72e6-4d21-9c32-64ba51d564b6,219160.00,2026-04-03,2026-09-05,Tata Ace (Mini Truck 1T) operating out of LankaLogix - Galle on last mile delivery duty.,"{""cargo_type"": ""ecommerce_parcels"", ""route_type"": ""retail_drop"", ""operating_shift"": ""day_night"", ""warehouse_short"": ""GLE"", ""source_vehicle_id"": ""SLW0460""}",829c13bd-2a5c-42b7-8b1c-8a8a8b415ceb,2017-03-15 09:00:00+00,2026-08-10 19:03:05.467947+00,last_mile_delivery,Tata Ace,Diesel,Manual,authorized_workshop,968.50,medium,10,38,0,C-047
66bf4114-bfc0-4c4f-b2c7-c6866ac7c172,LLX-GLE-0168,8f2b1c74-59d3-4a6e-9b21-7c4e0a5d3f88,3df19dcf-3ea6-4851-8552-d094f0ee47ee,Piaggio Porter 168,vehicle,road_vehicle,Mini_Truck_1T,Piaggio,Porter,2015,SP LA-2197,ZAPMLU11P4GD8Z16D,active,moderate,48.70,2015-06-17,2018-06-17,83ec1f03-5a3e-4e22-bc6f-57947070ce66,228071.00,2026-04-20,2026-10-03,Piaggio Porter (Mini Truck 1T) operating out of LankaLogix - Galle on last mile delivery duty.,"{""cargo_type"": ""consumer_goods"", ""route_type"": ""retail_drop"", ""operating_shift"": ""three_shift"", ""warehouse_short"": ""GLE"", ""source_vehicle_id"": ""SLW0521""}",11ccb7fb-51b9-40e8-bdd2-b07207b8e0a7,2015-06-17 09:00:00+00,2026-08-10 19:03:05.467947+00,last_mile_delivery,Piaggio Porter,Diesel,Automatic,OEM_dealer,961.80,medium,11,37,1,C-048
e46ed07c-e507-4164-9d5f-65f7e2ca1e89,LLX-GLE-0169,8f2b1c74-59d3-4a6e-9b21-7c4e0a5d3f88,3df19dcf-3ea6-4851-8552-d094f0ee47ee,Tata Ace 169,vehicle,road_vehicle,Mini_Truck_1T,Tata,Ace,2020,SP LA-4772,MATXW28MJCYVJB0LL,active,poor,76.80,2020-01-12,2023-01-12,8f36fe73-d255-4230-aa2a-00fa311454ec,124676.00,2026-05-05,2026-08-13,Tata Ace (Mini Truck 1T) operating out of LankaLogix - Galle on last mile delivery duty.,"{""cargo_type"": ""consumer_goods"", ""route_type"": ""urban_delivery"", ""operating_shift"": ""day"", ""warehouse_short"": ""GLE"", ""source_vehicle_id"": ""SLW0161""}",829c13bd-2a5c-42b7-8b1c-8a8a8b415ceb,2020-01-12 09:00:00+00,2026-08-10 19:03:05.467947+00,last_mile_delivery,Tata Ace,Diesel,Manual,independent_garage,985.80,high,7,27,0,C-049
48657078-944d-4c0e-a867-a7dbcffaca47,LLX-GLE-0170,8f2b1c74-59d3-4a6e-9b21-7c4e0a5d3f88,3df19dcf-3ea6-4851-8552-d094f0ee47ee,Tata Ace 170,vehicle,road_vehicle,Mini_Truck_1T,Tata,Ace,2018,SP LA-3157,MATP6KJYKZSUVEHGJ,active,moderate,60.39,2018-04-08,2021-04-08,f316cb80-b405-4faa-ac0a-6307bb3b888d,189514.00,2026-04-26,2026-09-25,Tata Ace (Mini Truck 1T) operating out of LankaLogix - Galle on last mile delivery duty.,"{""cargo_type"": ""retail_goods"", ""route_type"": ""urban_delivery"", ""operating_shift"": ""day"", ""warehouse_short"": ""GLE"", ""source_vehicle_id"": ""SLW0111""}",1b1a566a-ece0-4130-b5f5-76634ad534c0,2018-04-08 09:00:00+00,2026-08-10 19:03:05.467947+00,last_mile_delivery,Tata Ace,Diesel,Manual,OEM_dealer,1040.50,medium,8,28,1,C-050
bf33fa39-e6e0-4270-aa01-6ba7a9d04bc6,LLX-GLE-0171,8f2b1c74-59d3-4a6e-9b21-7c4e0a5d3f88,3df19dcf-3ea6-4851-8552-d094f0ee47ee,Mahindra Bolero Pickup 171,vehicle,road_vehicle,Mini_Truck_1T,Mahindra,Bolero Pickup,2019,SP LA-7001,MA1VFEP8G30V51PZR,active,moderate,70.47,2019-05-13,2022-05-13,9eb62981-218e-4eee-89c7-1e44e087fd9a,143606.00,2026-06-30,2026-10-29,Mahindra Bolero Pickup (Mini Truck 1T) operating out of LankaLogix - Galle on last mile delivery duty.,"{""cargo_type"": ""retail_goods"", ""route_type"": ""retail_drop"", ""operating_shift"": ""day"", ""warehouse_short"": ""GLE"", ""source_vehicle_id"": ""SLW0584""}",ae54eb0a-cd4b-4c62-86b2-8ed1974fbcec,2019-05-13 09:00:00+00,2026-08-10 19:03:05.467947+00,last_mile_delivery,Mahindra Bolero Pickup,Diesel,Automatic,authorized_workshop,960.60,high,7,25,0,C-051
7f59766f-d12a-47b5-b596-7b118ad1ac29,LLX-GLE-0172,8f2b1c74-59d3-4a6e-9b21-7c4e0a5d3f88,3df19dcf-3ea6-4851-8552-d094f0ee47ee,Mahindra Bolero Pickup 172,vehicle,road_vehicle,Mini_Truck_1T,Mahindra,Bolero Pickup,2018,SP LA-9587,MA19R98R6J50BTEMD,active,moderate,65.47,2018-12-14,2021-12-14,3300b88d-ad2c-4c0c-bac7-48e98b283f68,184150.00,2026-07-17,2026-12-30,Mahindra Bolero Pickup (Mini Truck 1T) operating out of LankaLogix - Galle on last mile delivery duty.,"{""cargo_type"": ""retail_goods"", ""route_type"": ""retail_drop"", ""operating_shift"": ""day"", ""warehouse_short"": ""GLE"", ""source_vehicle_id"": ""SLW0240""}",734bbe6b-9744-44d0-a11b-7a0e0df4922e,2018-12-14 09:00:00+00,2026-08-10 19:03:05.467947+00,last_mile_delivery,Mahindra Bolero Pickup,Diesel,Manual,independent_garage,1005.70,high,9,34,1,C-052
4791aa73-cfdf-4c63-b72b-7584aec88d83,LLX-GLE-0173,8f2b1c74-59d3-4a6e-9b21-7c4e0a5d3f88,3df19dcf-3ea6-4851-8552-d094f0ee47ee,Tata Ace 173,vehicle,road_vehicle,Mini_Truck_1T,Tata,Ace,2017,SP LB-7397,MATNYTA2GPFRURE5X,active,poor,70.79,2017-09-18,2020-09-18,6a299c1f-ae68-468f-ba60-338ead0f891e,193880.00,2026-03-05,2026-08-18,Tata Ace (Mini Truck 1T) operating out of LankaLogix - Galle on last mile delivery duty.,"{""cargo_type"": ""ecommerce_parcels"", ""route_type"": ""retail_drop"", ""operating_shift"": ""day_night"", ""warehouse_short"": ""GLE"", ""source_vehicle_id"": ""SLW0750""}",1b1a566a-ece0-4130-b5f5-76634ad534c0,2017-09-18 09:00:00+00,2026-08-10 19:03:05.467947+00,last_mile_delivery,Tata Ace,Diesel,Manual,authorized_workshop,1054.70,high,10,32,1,C-053
35b47dfb-fb8d-4b1c-a16c-919c8f6ea174,LLX-GLE-0174,8f2b1c74-59d3-4a6e-9b21-7c4e0a5d3f88,3df19dcf-3ea6-4851-8552-d094f0ee47ee,Mahindra Bolero Pickup 174,vehicle,road_vehicle,Mini_Truck_1T,Mahindra,Bolero Pickup,2020,SP LB-3722,MA1REEHPM2BX773H2,active,moderate,50.30,2020-01-14,2023-01-14,32ab1216-8737-4602-a4a6-3805a29fe3b2,148788.00,2026-08-03,2026-08-15,Mahindra Bolero Pickup (Mini Truck 1T) operating out of LankaLogix - Galle on last mile delivery duty.,"{""cargo_type"": ""ecommerce_parcels"", ""route_type"": ""retail_drop"", ""operating_shift"": ""day"", ""warehouse_short"": ""GLE"", ""source_vehicle_id"": ""SLW0710""}",1b1a566a-ece0-4130-b5f5-76634ad534c0,2020-01-14 09:00:00+00,2026-08-10 19:03:05.467947+00,last_mile_delivery,Mahindra Bolero Pickup,Diesel,Manual,authorized_workshop,1091.60,medium,6,26,0,C-054
9d893206-63f2-4531-950b-cee3077877f6,LLX-GLE-0175,8f2b1c74-59d3-4a6e-9b21-7c4e0a5d3f88,3df19dcf-3ea6-4851-8552-d094f0ee47ee,Mahindra Bolero Pickup 175,vehicle,road_vehicle,Mini_Truck_1T,Mahindra,Bolero Pickup,2020,SP LA-3865,MA13268RFCGC0B2EZ,active,excellent,56.25,2020-11-26,2023-11-26,,140179.00,2026-07-31,2027-01-03,Mahindra Bolero Pickup (Mini Truck 1T) operating out of LankaLogix - Galle on last mile delivery duty.,"{""cargo_type"": ""ecommerce_parcels"", ""route_type"": ""urban_delivery"", ""operating_shift"": ""day"", ""warehouse_short"": ""GLE"", ""source_vehicle_id"": ""SLW1180""}",829c13bd-2a5c-42b7-8b1c-8a8a8b415ceb,2020-11-26 09:00:00+00,2026-08-10 19:03:05.467947+00,last_mile_delivery,Mahindra Bolero Pickup,Diesel,Automatic,independent_garage,969.90,medium,6,23,0,C-055
6c4a055d-9ad9-4839-90d7-710cfd96f501,LLX-GLE-0176,8f2b1c74-59d3-4a6e-9b21-7c4e0a5d3f88,3df19dcf-3ea6-4851-8552-d094f0ee47ee,Isuzu ELF NKR 176,vehicle,road_vehicle,Light_Truck_3.5T,Isuzu,ELF NKR,2019,SP LD-7720,JAA0AKDTX3EMV63HK,active,moderate,54.65,2019-04-04,2022-04-04,ec42ef12-9929-4b5d-b07f-dac5819cba78,182001.00,2026-07-15,2027-01-20,Isuzu ELF NKR (Light Truck 3.5T) operating out of LankaLogix - Galle on regional distribution duty.,"{""cargo_type"": ""dry_goods"", ""route_type"": ""highway_distribution"", ""operating_shift"": ""three_shift"", ""warehouse_short"": ""GLE"", ""source_vehicle_id"": ""SLW0153""}",ae54eb0a-cd4b-4c62-86b2-8ed1974fbcec,2019-04-04 09:00:00+00,2026-08-10 19:03:05.467947+00,regional_distribution,Isuzu ELF NKR,Diesel,Manual,OEM_dealer,3187.70,medium,8,25,0,C-056
70b2c468-9a8e-49bf-bd7e-9a3924e3ef62,LLX-GLE-0177,8f2b1c74-59d3-4a6e-9b21-7c4e0a5d3f88,3df19dcf-3ea6-4851-8552-d094f0ee47ee,Isuzu ELF NKR 177,vehicle,road_vehicle,Light_Truck_3.5T,Isuzu,ELF NKR,2020,SP LC-9791,JAAN66SDFRPE5SCH8,active,moderate,65.34,2020-12-25,2023-12-25,,156896.00,2026-04-18,2026-09-26,Isuzu ELF NKR (Light Truck 3.5T) operating out of LankaLogix - Galle on regional distribution duty.,"{""cargo_type"": ""beverages"", ""route_type"": ""highway_distribution"", ""operating_shift"": ""day_night"", ""warehouse_short"": ""GLE"", ""source_vehicle_id"": ""SLW0282""}",734bbe6b-9744-44d0-a11b-7a0e0df4922e,2020-12-25 09:00:00+00,2026-08-10 19:03:05.467947+00,regional_distribution,Isuzu ELF NKR,Diesel,Automatic,independent_garage,3713.30,high,7,22,0,C-057
3e08f617-2475-43f7-a787-9f9a624c4df1,LLX-GLE-0178,8f2b1c74-59d3-4a6e-9b21-7c4e0a5d3f88,3df19dcf-3ea6-4851-8552-d094f0ee47ee,Tata Ultra T.7 178,vehicle,road_vehicle,Light_Truck_3.5T,Tata,Ultra T.7,2018,SP LC-4379,MAUWA86F1BX1CGM17,active,moderate,48.16,2018-08-14,2021-08-14,2751f9ca-5a8f-480f-b7f6-8d7c60846a2a,221537.00,2026-07-04,2026-12-18,Tata Ultra T.7 (Light Truck 3.5T) operating out of LankaLogix - Galle on regional distribution duty.,"{""cargo_type"": ""retail_goods"", ""route_type"": ""highway_distribution"", ""operating_shift"": ""day"", ""warehouse_short"": ""GLE"", ""source_vehicle_id"": ""SLW0438""}",734bbe6b-9744-44d0-a11b-7a0e0df4922e,2018-08-14 09:00:00+00,2026-08-10 19:03:05.467947+00,regional_distribution,Tata Ultra T.7,Diesel,Manual,independent_garage,3256.30,medium,9,31,0,C-058
b7d07cd8-6c3b-48fa-b10c-6a7f713cf523,LLX-GLE-0179,8f2b1c74-59d3-4a6e-9b21-7c4e0a5d3f88,3df19dcf-3ea6-4851-8552-d094f0ee47ee,Isuzu ELF NKR 179,vehicle,road_vehicle,Light_Truck_3.5T,Isuzu,ELF NKR,2020,SP LC-9354,JAAXJRU46NVR48KBW,active,moderate,66.14,2020-06-15,2023-06-15,00d11482-63a2-48da-b05c-c7e9bacd67e0,182083.00,2026-07-17,2026-10-15,Isuzu ELF NKR (Light Truck 3.5T) operating out of LankaLogix - Galle on regional distribution duty.,"{""cargo_type"": ""beverages"", ""route_type"": ""highway_distribution"", ""operating_shift"": ""day"", ""warehouse_short"": ""GLE"", ""source_vehicle_id"": ""SLW0419""}",11ccb7fb-51b9-40e8-bdd2-b07207b8e0a7,2020-06-15 09:00:00+00,2026-08-10 19:03:05.467947+00,regional_distribution,Isuzu ELF NKR,Diesel,Manual,authorized_workshop,3492.30,high,7,23,0,C-059
0e48509c-7c6c-4c3c-b0dc-7fdbf99ec9ca,LLX-GLE-0180,8f2b1c74-59d3-4a6e-9b21-7c4e0a5d3f88,3df19dcf-3ea6-4851-8552-d094f0ee47ee,Mitsubishi Canter 180,vehicle,road_vehicle,Light_Truck_3.5T,Mitsubishi,Canter,2017,SP LD-6808,JLBER2P232F1CKRCL,active,good,80.31,2017-04-27,2020-04-27,a96efe54-54b7-4947-afe8-b8ef6609486e,283508.00,2026-07-30,2027-02-18,Mitsubishi Canter (Light Truck 3.5T) operating out of LankaLogix - Galle on regional distribution duty.,"{""cargo_type"": ""dry_goods"", ""route_type"": ""highway_distribution"", ""operating_shift"": ""day"", ""warehouse_short"": ""GLE"", ""source_vehicle_id"": ""SLW0778""}",11ccb7fb-51b9-40e8-bdd2-b07207b8e0a7,2017-04-27 09:00:00+00,2026-08-10 19:03:05.467947+00,regional_distribution,Mitsubishi Canter,Diesel,Manual,authorized_workshop,3213.60,high,10,31,1,C-060
f3bcf64a-400e-4664-bad3-462424153d34,LLX-GLE-0181,8f2b1c74-59d3-4a6e-9b21-7c4e0a5d3f88,3df19dcf-3ea6-4851-8552-d094f0ee47ee,Mitsubishi Canter 181,vehicle,road_vehicle,Light_Truck_3.5T,Mitsubishi,Canter,2016,SP LC-7814,JLBBT9NKLKGHH5CGJ,active,moderate,78.35,2016-03-24,2019-03-24,,287154.00,2026-06-30,2026-12-09,Mitsubishi Canter (Light Truck 3.5T) operating out of LankaLogix - Galle on regional distribution duty.,"{""cargo_type"": ""consumer_goods"", ""route_type"": ""highway_distribution"", ""operating_shift"": ""day"", ""warehouse_short"": ""GLE"", ""source_vehicle_id"": ""SLW1034""}",bb91bbb5-1ab1-442b-b910-28093fe53eb9,2016-03-24 09:00:00+00,2026-08-10 19:03:05.467947+00,regional_distribution,Mitsubishi Canter,Diesel,Manual,authorized_workshop,3401.30,high,10,37,2,D-001
69b2d550-9e9b-4dcb-affa-d2491d77dd9d,LLX-GLE-0182,8f2b1c74-59d3-4a6e-9b21-7c4e0a5d3f88,3df19dcf-3ea6-4851-8552-d094f0ee47ee,Mitsubishi Canter 182,vehicle,road_vehicle,Light_Truck_3.5T,Mitsubishi,Canter,2017,SP LD-1185,JLB0XK0A43GUVHDYJ,active,good,59.68,2017-08-02,2020-08-02,f316cb80-b405-4faa-ac0a-6307bb3b888d,252159.00,2026-08-10,2026-08-14,Mitsubishi Canter (Light Truck 3.5T) operating out of LankaLogix - Galle on regional distribution duty.,"{""cargo_type"": ""dry_goods"", ""route_type"": ""highway_distribution"", ""operating_shift"": ""day"", ""warehouse_short"": ""GLE"", ""source_vehicle_id"": ""SLW0431""}",bb91bbb5-1ab1-442b-b910-28093fe53eb9,2017-08-02 09:00:00+00,2026-08-10 19:03:05.467947+00,regional_distribution,Mitsubishi Canter,Diesel,Manual,OEM_dealer,3613.60,medium,10,25,1,D-002
cdfdf3e2-078c-43e8-a1e7-31dd7d7338e6,LLX-GLE-0183,8f2b1c74-59d3-4a6e-9b21-7c4e0a5d3f88,3df19dcf-3ea6-4851-8552-d094f0ee47ee,Mitsubishi Canter 183,vehicle,road_vehicle,Light_Truck_3.5T,Mitsubishi,Canter,2018,SP LC-1096,JLBBBAYN37WWNWHJU,active,moderate,45.62,2018-12-19,2021-12-19,4ebcf1a4-3d8a-443a-97b6-14396043fa2b,200618.00,2026-07-25,2027-02-11,Mitsubishi Canter (Light Truck 3.5T) operating out of LankaLogix - Galle on regional distribution duty.,"{""cargo_type"": ""retail_goods"", ""route_type"": ""regional_distribution"", ""operating_shift"": ""day"", ""warehouse_short"": ""GLE"", ""source_vehicle_id"": ""SLW0390""}",ae54eb0a-cd4b-4c62-86b2-8ed1974fbcec,2018-12-19 09:00:00+00,2026-08-10 19:03:05.467947+00,regional_distribution,Mitsubishi Canter,Diesel,Automatic,authorized_workshop,3436.70,medium,9,29,0,D-003
df5d742f-6174-49e1-83e3-749a1b252397,LLX-GLE-0184,8f2b1c74-59d3-4a6e-9b21-7c4e0a5d3f88,3df19dcf-3ea6-4851-8552-d094f0ee47ee,Mitsubishi Canter 184,vehicle,road_vehicle,Light_Truck_3.5T,Mitsubishi,Canter,2021,SP LD-8664,JLBZP0BPPAS12S53G,active,moderate,89.65,2021-01-15,2024-01-15,,172340.00,2026-05-11,2026-09-14,Mitsubishi Canter (Light Truck 3.5T) operating out of LankaLogix - Galle on regional distribution duty.,"{""cargo_type"": ""consumer_goods"", ""route_type"": ""regional_distribution"", ""operating_shift"": ""three_shift"", ""warehouse_short"": ""GLE"", ""source_vehicle_id"": ""SLW1062""}",829c13bd-2a5c-42b7-8b1c-8a8a8b415ceb,2021-01-15 09:00:00+00,2026-08-10 19:03:05.467947+00,regional_distribution,Mitsubishi Canter,Diesel,Manual,independent_garage,3635.40,critical,6,23,0,D-004
0a5a0701-3e26-470c-83f1-c3f5d82d35ef,LLX-GLE-0185,8f2b1c74-59d3-4a6e-9b21-7c4e0a5d3f88,3df19dcf-3ea6-4851-8552-d094f0ee47ee,Mitsubishi Canter 185,vehicle,road_vehicle,Light_Truck_3.5T,Mitsubishi,Canter,2017,SP LC-6279,JLBP884VE245784MA,active,good,58.02,2017-06-03,2020-06-03,10b43af5-67a9-4456-8f6e-1fd01514bfc0,227235.00,2026-07-20,2027-03-15,Mitsubishi Canter (Light Truck 3.5T) operating out of LankaLogix - Galle on regional distribution duty.,"{""cargo_type"": ""consumer_goods"", ""route_type"": ""regional_distribution"", ""operating_shift"": ""day"", ""warehouse_short"": ""GLE"", ""source_vehicle_id"": ""SLW0611""}",bb91bbb5-1ab1-442b-b910-28093fe53eb9,2017-06-03 09:00:00+00,2026-08-10 19:03:05.467947+00,regional_distribution,Mitsubishi Canter,Diesel,Automatic,authorized_workshop,3627.70,medium,9,28,0,D-005
b4947405-7eba-4b64-9532-4b3af54e21b4,LLX-GLE-0186,8f2b1c74-59d3-4a6e-9b21-7c4e0a5d3f88,3df19dcf-3ea6-4851-8552-d094f0ee47ee,Isuzu ELF NKR 186,vehicle,road_vehicle,Light_Truck_3.5T,Isuzu,ELF NKR,2021,SP LD-3696,JAAGBG4921UB0DUFS,inactive,moderate,74.95,2021-03-11,2024-03-11,,148972.00,2026-05-19,2026-09-25,Isuzu ELF NKR (Light Truck 3.5T) operating out of LankaLogix - Galle on regional distribution duty.,"{""cargo_type"": ""retail_goods"", ""route_type"": ""highway_distribution"", ""operating_shift"": ""day"", ""warehouse_short"": ""GLE"", ""source_vehicle_id"": ""SLW0146""}",829c13bd-2a5c-42b7-8b1c-8a8a8b415ceb,2021-03-11 09:00:00+00,2026-08-10 19:03:05.467947+00,regional_distribution,Isuzu ELF NKR,Diesel,Automatic,OEM_dealer,3307.50,high,6,15,0,D-006
a72de278-2332-4009-94fe-39c25f41b48b,LLX-GLE-0187,8f2b1c74-59d3-4a6e-9b21-7c4e0a5d3f88,3df19dcf-3ea6-4851-8552-d094f0ee47ee,Tata Ultra T.7 187,vehicle,road_vehicle,Light_Truck_3.5T,Tata,Ultra T.7,2017,SP LD-4268,MAURRAASAPZEGLB3X,active,poor,46.22,2017-10-15,2020-10-15,,319299.00,2026-03-21,2026-08-24,Tata Ultra T.7 (Light Truck 3.5T) operating out of LankaLogix - Galle on regional distribution duty.,"{""cargo_type"": ""consumer_goods"", ""route_type"": ""regional_distribution"", ""operating_shift"": ""day_night"", ""warehouse_short"": ""GLE"", ""source_vehicle_id"": ""SLW1111""}",56bc5b4f-b018-4995-89a3-6825709e4754,2017-10-15 09:00:00+00,2026-08-10 19:03:05.467947+00,regional_distribution,Tata Ultra T.7,Diesel,Automatic,OEM_dealer,3480.10,medium,10,37,1,D-007
27161df2-f6be-4a31-9561-86cac7f05ac0,LLX-GLE-0188,8f2b1c74-59d3-4a6e-9b21-7c4e0a5d3f88,3df19dcf-3ea6-4851-8552-d094f0ee47ee,Tata Ultra T.7 188,vehicle,road_vehicle,Light_Truck_3.5T,Tata,Ultra T.7,2019,SP LD-9369,MAUPSBNNENPCTF8F4,active,moderate,40.34,2019-10-14,2022-10-14,3cb27cd4-6335-4750-a35b-65ad3b13716b,202527.00,2026-04-07,2026-10-03,Tata Ultra T.7 (Light Truck 3.5T) operating out of LankaLogix - Galle on regional distribution duty.,"{""cargo_type"": ""beverages"", ""route_type"": ""regional_distribution"", ""operating_shift"": ""day"", ""warehouse_short"": ""GLE"", ""source_vehicle_id"": ""SLW1256""}",11ccb7fb-51b9-40e8-bdd2-b07207b8e0a7,2019-10-14 09:00:00+00,2026-08-10 19:03:05.467947+00,regional_distribution,Tata Ultra T.7,Diesel,Manual,OEM_dealer,3473.10,medium,8,26,0,D-008
ea6aec38-c0e9-4edd-8731-6d930b9730f2,LLX-GLE-0189,8f2b1c74-59d3-4a6e-9b21-7c4e0a5d3f88,3df19dcf-3ea6-4851-8552-d094f0ee47ee,Isuzu ELF NKR 189,vehicle,road_vehicle,Light_Truck_3.5T,Isuzu,ELF NKR,2020,SP LC-2692,JAASBJWD8KPJNYRKE,active,moderate,78.47,2020-01-18,2023-01-18,3300b88d-ad2c-4c0c-bac7-48e98b283f68,169532.00,2026-04-09,2026-08-30,Isuzu ELF NKR (Light Truck 3.5T) operating out of LankaLogix - Galle on regional distribution duty.,"{""cargo_type"": ""consumer_goods"", ""route_type"": ""highway_distribution"", ""operating_shift"": ""day"", ""warehouse_short"": ""GLE"", ""source_vehicle_id"": ""SLW0353""}",734bbe6b-9744-44d0-a11b-7a0e0df4922e,2020-01-18 09:00:00+00,2026-08-10 19:03:05.467947+00,regional_distribution,Isuzu ELF NKR,Diesel,Manual,independent_garage,3445.80,high,7,17,0,D-009
ac568011-8780-4af4-8af0-e98e75c1191b,LLX-GLE-0190,8f2b1c74-59d3-4a6e-9b21-7c4e0a5d3f88,3df19dcf-3ea6-4851-8552-d094f0ee47ee,Tata Ultra T.7 190,vehicle,road_vehicle,Light_Truck_3.5T,Tata,Ultra T.7,2020,SP LC-8365,MAU5XAN4CJMZ8ZMHN,active,poor,38.46,2020-10-23,2023-10-23,,194649.00,2026-05-08,2026-09-14,Tata Ultra T.7 (Light Truck 3.5T) operating out of LankaLogix - Galle on regional distribution duty.,"{""cargo_type"": ""dry_goods"", ""route_type"": ""regional_distribution"", ""operating_shift"": ""day"", ""warehouse_short"": ""GLE"", ""source_vehicle_id"": ""SLW0761""}",1b1a566a-ece0-4130-b5f5-76634ad534c0,2020-10-23 09:00:00+00,2026-08-10 19:03:05.467947+00,regional_distribution,Tata Ultra T.7,Diesel,Manual,OEM_dealer,3405.20,medium,6,26,0,D-010
42bfb663-bb7f-4bc0-becd-8bf74a7af99e,LLX-GLE-0191,8f2b1c74-59d3-4a6e-9b21-7c4e0a5d3f88,3df19dcf-3ea6-4851-8552-d094f0ee47ee,Isuzu ELF NKR 191,vehicle,road_vehicle,Light_Truck_3.5T,Isuzu,ELF NKR,2015,SP LD-4787,JAAP5D339R27BTPZ9,active,good,59.25,2015-05-16,2018-05-16,,286679.00,2026-06-22,2027-01-09,Isuzu ELF NKR (Light Truck 3.5T) operating out of LankaLogix - Galle on regional distribution duty.,"{""cargo_type"": ""consumer_goods"", ""route_type"": ""regional_distribution"", ""operating_shift"": ""day"", ""warehouse_short"": ""GLE"", ""source_vehicle_id"": ""SLW0695""}",734bbe6b-9744-44d0-a11b-7a0e0df4922e,2015-05-16 09:00:00+00,2026-08-10 19:03:05.467947+00,regional_distribution,Isuzu ELF NKR,Diesel,Manual,authorized_workshop,3445.60,medium,12,34,1,D-011
b0ffc15c-f9dd-42c0-ba9c-0bb9c0d9a190,LLX-GLE-0192,8f2b1c74-59d3-4a6e-9b21-7c4e0a5d3f88,3df19dcf-3ea6-4851-8552-d094f0ee47ee,Isuzu ELF NKR 192,vehicle,road_vehicle,Light_Truck_3.5T,Isuzu,ELF NKR,2020,SP LC-3180,JAAT4HXB2D62HY6SC,active,moderate,50.80,2020-05-03,2023-05-03,,204190.00,2026-05-21,2026-09-19,Isuzu ELF NKR (Light Truck 3.5T) operating out of LankaLogix - Galle on regional distribution duty.,"{""cargo_type"": ""dry_goods"", ""route_type"": ""regional_distribution"", ""operating_shift"": ""day"", ""warehouse_short"": ""GLE"", ""source_vehicle_id"": ""SLW0501""}",734bbe6b-9744-44d0-a11b-7a0e0df4922e,2020-05-03 09:00:00+00,2026-08-10 19:03:05.467947+00,regional_distribution,Isuzu ELF NKR,Diesel,Automatic,authorized_workshop,3499.90,medium,7,24,0,D-012
726c4916-45e9-4a4b-b51a-6904a79209ba,LLX-GLE-0193,8f2b1c74-59d3-4a6e-9b21-7c4e0a5d3f88,3df19dcf-3ea6-4851-8552-d094f0ee47ee,Isuzu ELF NKR 193,vehicle,road_vehicle,Light_Truck_3.5T,Isuzu,ELF NKR,2018,SP LC-2924,JAABDTLEKCWGW48Z5,active,moderate,77.34,2018-05-07,2021-05-07,08909f81-89eb-49b8-ada7-36ab7c0f67f5,234667.00,2026-06-29,2026-09-27,Isuzu ELF NKR (Light Truck 3.5T) operating out of LankaLogix - Galle on regional distribution duty.,"{""cargo_type"": ""consumer_goods"", ""route_type"": ""regional_distribution"", ""operating_shift"": ""day"", ""warehouse_short"": ""GLE"", ""source_vehicle_id"": ""SLW1156""}",829c13bd-2a5c-42b7-8b1c-8a8a8b415ceb,2018-05-07 09:00:00+00,2026-08-10 19:03:05.467947+00,regional_distribution,Isuzu ELF NKR,Diesel,Manual,independent_garage,3630.10,high,9,26,0,D-013
f233e60a-19f5-46b7-9300-227b1e029eee,LLX-GLE-0194,8f2b1c74-59d3-4a6e-9b21-7c4e0a5d3f88,3df19dcf-3ea6-4851-8552-d094f0ee47ee,Mitsubishi Canter 194,vehicle,road_vehicle,Light_Truck_3.5T,Mitsubishi,Canter,2020,SP LC-2738,JLB29R57YLJU0YVPW,under_maintenance,poor,46.58,2020-09-28,2023-09-28,,157428.00,2026-06-29,2026-08-30,Mitsubishi Canter (Light Truck 3.5T) operating out of LankaLogix - Galle on regional distribution duty.,"{""cargo_type"": ""consumer_goods"", ""route_type"": ""highway_distribution"", ""operating_shift"": ""day"", ""warehouse_short"": ""GLE"", ""source_vehicle_id"": ""SLW1344""}",56bc5b4f-b018-4995-89a3-6825709e4754,2020-09-28 09:00:00+00,2026-08-10 19:03:05.467947+00,regional_distribution,Mitsubishi Canter,Diesel,Automatic,authorized_workshop,3618.50,medium,6,16,0,D-014
74487c1c-3c48-4b45-bac7-84cb06ce37e4,LLX-GLE-0195,8f2b1c74-59d3-4a6e-9b21-7c4e0a5d3f88,3df19dcf-3ea6-4851-8552-d094f0ee47ee,Tata Ultra T.7 195,vehicle,road_vehicle,Light_Truck_3.5T,Tata,Ultra T.7,2020,SP LD-4971,MAUZT953DP24N7B75,active,moderate,67.08,2020-07-23,2023-07-23,a53e8145-78e8-49bf-8bf6-d2a4f5d6e5d4,167562.00,2026-07-31,2026-10-31,Tata Ultra T.7 (Light Truck 3.5T) operating out of LankaLogix - Galle on regional distribution duty.,"{""cargo_type"": ""retail_goods"", ""route_type"": ""regional_distribution"", ""operating_shift"": ""day_night"", ""warehouse_short"": ""GLE"", ""source_vehicle_id"": ""SLW1135""}",ae54eb0a-cd4b-4c62-86b2-8ed1974fbcec,2020-07-23 09:00:00+00,2026-08-10 19:03:05.467947+00,regional_distribution,Tata Ultra T.7,Diesel,Manual,OEM_dealer,3448.70,high,6,20,0,D-015
ffc80429-1d21-4599-ad9d-0c7cad4c4756,LLX-GLE-0196,8f2b1c74-59d3-4a6e-9b21-7c4e0a5d3f88,3df19dcf-3ea6-4851-8552-d094f0ee47ee,Mitsubishi Canter 196,vehicle,road_vehicle,Light_Truck_3.5T,Mitsubishi,Canter,2019,SP LC-1170,JLBU0DSDBV3FJTK96,active,moderate,38.66,2019-11-06,2022-11-06,3b0fed53-e31e-4250-b04e-ef1b99888104,158440.00,2026-04-05,2027-04-15,Mitsubishi Canter (Light Truck 3.5T) operating out of LankaLogix - Galle on regional distribution duty.,"{""cargo_type"": ""beverages"", ""route_type"": ""highway_distribution"", ""operating_shift"": ""day"", ""warehouse_short"": ""GLE"", ""source_vehicle_id"": ""SLW0694""}",56bc5b4f-b018-4995-89a3-6825709e4754,2019-11-06 09:00:00+00,2026-08-10 19:03:05.467947+00,regional_distribution,Mitsubishi Canter,Diesel,Manual,OEM_dealer,3328.00,medium,8,16,0,D-016
f0cbcf39-2244-4ff3-b4fd-19dc55090ed5,LLX-GLE-0197,8f2b1c74-59d3-4a6e-9b21-7c4e0a5d3f88,3df19dcf-3ea6-4851-8552-d094f0ee47ee,Isuzu ELF NKR 197,vehicle,road_vehicle,Light_Truck_3.5T,Isuzu,ELF NKR,2020,SP LD-7642,JAABH2J693F88FM73,active,moderate,64.70,2020-07-13,2023-07-13,4c823f41-1c70-4687-81af-94c5feb0d762,194556.00,2026-08-03,2026-10-13,Isuzu ELF NKR (Light Truck 3.5T) operating out of LankaLogix - Galle on regional distribution duty.,"{""cargo_type"": ""consumer_goods"", ""route_type"": ""regional_distribution"", ""operating_shift"": ""day"", ""warehouse_short"": ""GLE"", ""source_vehicle_id"": ""SLW0177""}",734bbe6b-9744-44d0-a11b-7a0e0df4922e,2020-07-13 09:00:00+00,2026-08-10 19:03:05.467947+00,regional_distribution,Isuzu ELF NKR,Diesel,Manual,authorized_workshop,3424.20,high,6,21,0,D-017
3410b2df-597c-4278-ae15-643d6e53f213,LLX-GLE-0198,8f2b1c74-59d3-4a6e-9b21-7c4e0a5d3f88,3df19dcf-3ea6-4851-8552-d094f0ee47ee,Tata Ultra T.7 198,vehicle,road_vehicle,Light_Truck_3.5T,Tata,Ultra T.7,2015,SP LD-8170,MAUS72RC7E0GPY99K,active,moderate,49.88,2015-11-01,2018-11-01,95216ddb-1bf9-4e90-9467-1ce014997f32,333993.00,2026-04-27,2026-10-06,Tata Ultra T.7 (Light Truck 3.5T) operating out of LankaLogix - Galle on regional distribution duty.,"{""cargo_type"": ""beverages"", ""route_type"": ""highway_distribution"", ""operating_shift"": ""three_shift"", ""warehouse_short"": ""GLE"", ""source_vehicle_id"": ""SLW0742""}",0f2dd1d9-6b12-4073-ab85-bea406d1d514,2015-11-01 09:00:00+00,2026-08-10 19:03:05.467947+00,regional_distribution,Tata Ultra T.7,Diesel,Automatic,OEM_dealer,3233.90,medium,12,41,2,D-018
61812d01-a2b1-4a19-80eb-c4de09227944,LLX-GLE-0199,8f2b1c74-59d3-4a6e-9b21-7c4e0a5d3f88,3df19dcf-3ea6-4851-8552-d094f0ee47ee,Isuzu ELF NKR 199,vehicle,road_vehicle,Light_Truck_3.5T,Isuzu,ELF NKR,2020,SP LD-1643,JAA3NLGBNE81LRV21,active,moderate,76.14,2020-01-17,2023-01-17,06ef2625-6e29-43d7-8067-81768302e68e,159566.00,2026-04-08,2026-12-30,Isuzu ELF NKR (Light Truck 3.5T) operating out of LankaLogix - Galle on regional distribution duty.,"{""cargo_type"": ""consumer_goods"", ""route_type"": ""highway_distribution"", ""operating_shift"": ""day"", ""warehouse_short"": ""GLE"", ""source_vehicle_id"": ""SLW0512""}",1b1a566a-ece0-4130-b5f5-76634ad534c0,2020-01-17 09:00:00+00,2026-08-10 19:03:05.467947+00,regional_distribution,Isuzu ELF NKR,Diesel,Automatic,OEM_dealer,3588.60,high,6,14,0,D-019
75a6adfa-947c-421c-bfb2-ac3e296ae655,LLX-GLE-0200,8f2b1c74-59d3-4a6e-9b21-7c4e0a5d3f88,3df19dcf-3ea6-4851-8552-d094f0ee47ee,Tata Ultra T.7 200,vehicle,road_vehicle,Light_Truck_3.5T,Tata,Ultra T.7,2019,SP LD-9061,MAU19P342MBRVBPYJ,active,moderate,38.92,2019-01-12,2022-01-12,443f709f-7abb-4242-ab41-49f6e31509c5,227049.00,2026-05-08,2026-09-20,Tata Ultra T.7 (Light Truck 3.5T) operating out of LankaLogix - Galle on regional distribution duty.,"{""cargo_type"": ""consumer_goods"", ""route_type"": ""regional_distribution"", ""operating_shift"": ""day"", ""warehouse_short"": ""GLE"", ""source_vehicle_id"": ""SLW0399""}",734bbe6b-9744-44d0-a11b-7a0e0df4922e,2019-01-12 09:00:00+00,2026-08-10 19:03:05.467947+00,regional_distribution,Tata Ultra T.7,Diesel,Manual,OEM_dealer,3501.20,medium,8,27,0,D-020
70fc98d8-5319-4fa2-bdc3-2935761b1698,LLX-GLE-0201,8f2b1c74-59d3-4a6e-9b21-7c4e0a5d3f88,3df19dcf-3ea6-4851-8552-d094f0ee47ee,Tata Ultra T.7 201,vehicle,road_vehicle,Light_Truck_3.5T,Tata,Ultra T.7,2018,SP LD-2898,MAUKB7EVE7C84PEYX,active,moderate,74.19,2018-02-21,2021-02-21,cdb3ca48-5359-477c-8e4d-5ee25284ca63,215536.00,2026-07-05,2026-11-10,Tata Ultra T.7 (Light Truck 3.5T) operating out of LankaLogix - Galle on regional distribution duty.,"{""cargo_type"": ""beverages"", ""route_type"": ""regional_distribution"", ""operating_shift"": ""day_night"", ""warehouse_short"": ""GLE"", ""source_vehicle_id"": ""SLW1232""}",829c13bd-2a5c-42b7-8b1c-8a8a8b415ceb,2018-02-21 09:00:00+00,2026-08-10 19:03:05.467947+00,regional_distribution,Tata Ultra T.7,Diesel,Automatic,authorized_workshop,3258.60,high,9,25,1,D-021
06c9d121-8916-4b66-8e85-e52c642be051,LLX-GLE-0202,8f2b1c74-59d3-4a6e-9b21-7c4e0a5d3f88,3df19dcf-3ea6-4851-8552-d094f0ee47ee,Isuzu ELF NKR 202,vehicle,road_vehicle,Light_Truck_3.5T,Isuzu,ELF NKR,2019,SP LD-3870,JAABMBTU5FE48C7MT,active,moderate,40.26,2019-09-09,2022-09-09,ff858c38-4db7-4dcd-a154-6531520ed5b9,206931.00,2026-08-07,2026-08-11,Isuzu ELF NKR (Light Truck 3.5T) operating out of LankaLogix - Galle on regional distribution duty.,"{""cargo_type"": ""retail_goods"", ""route_type"": ""highway_distribution"", ""operating_shift"": ""three_shift"", ""warehouse_short"": ""GLE"", ""source_vehicle_id"": ""SLW0430""}",bcdfa155-6afd-44b6-9cfe-85d596dfb687,2019-09-09 09:00:00+00,2026-08-10 19:03:05.467947+00,regional_distribution,Isuzu ELF NKR,Diesel,Manual,OEM_dealer,3638.70,medium,7,21,0,D-022
ff6a4d2a-5f42-46bc-ac87-4552804677a0,LLX-GLE-0203,8f2b1c74-59d3-4a6e-9b21-7c4e0a5d3f88,3df19dcf-3ea6-4851-8552-d094f0ee47ee,Mitsubishi Canter 203,vehicle,road_vehicle,Light_Truck_3.5T,Mitsubishi,Canter,2015,SP LD-5203,JLBSVG609NCZZRUHS,active,good,43.71,2015-10-19,2018-10-19,3e03c572-3a55-413f-932a-ef7dfcd24038,296319.00,2026-06-20,2026-11-30,Mitsubishi Canter (Light Truck 3.5T) operating out of LankaLogix - Galle on regional distribution duty.,"{""cargo_type"": ""beverages"", ""route_type"": ""highway_distribution"", ""operating_shift"": ""three_shift"", ""warehouse_short"": ""GLE"", ""source_vehicle_id"": ""SLW0360""}",bb91bbb5-1ab1-442b-b910-28093fe53eb9,2015-10-19 09:00:00+00,2026-08-10 19:03:05.467947+00,regional_distribution,Mitsubishi Canter,Diesel,Manual,authorized_workshop,3426.60,medium,11,40,1,D-023
e55889bc-2b70-4fcf-bb83-25abbb8f1050,LLX-GLE-0204,8f2b1c74-59d3-4a6e-9b21-7c4e0a5d3f88,3df19dcf-3ea6-4851-8552-d094f0ee47ee,Isuzu ELF NKR 204,vehicle,road_vehicle,Light_Truck_3.5T,Isuzu,ELF NKR,2020,SP LD-9361,JAAB5KCW0MFYD4KGY,active,good,79.09,2020-05-10,2023-05-10,31655efd-e972-4390-93a8-0c1f3f608f82,199584.00,2026-07-22,2027-01-13,Isuzu ELF NKR (Light Truck 3.5T) operating out of LankaLogix - Galle on regional distribution duty.,"{""cargo_type"": ""retail_goods"", ""route_type"": ""highway_distribution"", ""operating_shift"": ""day_night"", ""warehouse_short"": ""GLE"", ""source_vehicle_id"": ""SLW0651""}",829c13bd-2a5c-42b7-8b1c-8a8a8b415ceb,2020-05-10 09:00:00+00,2026-08-10 19:03:05.467947+00,regional_distribution,Isuzu ELF NKR,Diesel,Manual,OEM_dealer,3612.50,high,6,20,0,D-024
eec5b6a0-a16d-4643-827e-f20d9b0f06ba,LLX-GLE-0205,8f2b1c74-59d3-4a6e-9b21-7c4e0a5d3f88,3df19dcf-3ea6-4851-8552-d094f0ee47ee,Tata Ultra T.7 205,vehicle,road_vehicle,Light_Truck_3.5T,Tata,Ultra T.7,2016,SP LD-7813,MAUTDAAL67LVATR6A,active,poor,73.33,2016-02-17,2019-02-17,2abd42b1-c0a4-4467-8f7d-15d222f3e561,303356.00,2026-03-25,2026-09-09,Tata Ultra T.7 (Light Truck 3.5T) operating out of LankaLogix - Galle on regional distribution duty.,"{""cargo_type"": ""beverages"", ""route_type"": ""highway_distribution"", ""operating_shift"": ""day"", ""warehouse_short"": ""GLE"", ""source_vehicle_id"": ""SLW1144""}",608d7306-f79c-4916-9b39-69a1abea72d9,2016-02-17 09:00:00+00,2026-08-10 19:03:05.467947+00,regional_distribution,Tata Ultra T.7,Diesel,Automatic,independent_garage,3391.40,high,11,37,2,D-025
5d176a87-52be-42a5-bd80-b231b926b3cd,LLX-GLE-0206,8f2b1c74-59d3-4a6e-9b21-7c4e0a5d3f88,3df19dcf-3ea6-4851-8552-d094f0ee47ee,Tata Ultra T.7 206,vehicle,road_vehicle,Light_Truck_3.5T,Tata,Ultra T.7,2017,SP LD-3788,MAU4VB9DMYAA02G2G,active,good,95.61,2017-11-06,2020-11-06,,252724.00,2026-06-18,2026-12-26,Tata Ultra T.7 (Light Truck 3.5T) operating out of LankaLogix - Galle on regional distribution duty.,"{""cargo_type"": ""dry_goods"", ""route_type"": ""highway_distribution"", ""operating_shift"": ""day_night"", ""warehouse_short"": ""GLE"", ""source_vehicle_id"": ""SLW0893""}",ae54eb0a-cd4b-4c62-86b2-8ed1974fbcec,2017-11-06 09:00:00+00,2026-08-10 19:03:05.467947+00,regional_distribution,Tata Ultra T.7,Diesel,Manual,independent_garage,3249.40,critical,9,36,1,D-026
6707325f-ffcb-4e4e-9e7e-5ebb429ab367,LLX-GLE-0207,8f2b1c74-59d3-4a6e-9b21-7c4e0a5d3f88,3df19dcf-3ea6-4851-8552-d094f0ee47ee,Isuzu ELF NKR 207,vehicle,road_vehicle,Light_Truck_3.5T,Isuzu,ELF NKR,2018,SP LC-2271,JAANWTJ580EAUFCJC,active,good,49.09,2018-04-24,2021-04-24,786ea10f-0251-419f-a7fb-700b47d3108c,233404.00,2026-07-18,2027-03-10,Isuzu ELF NKR (Light Truck 3.5T) operating out of LankaLogix - Galle on regional distribution duty.,"{""cargo_type"": ""consumer_goods"", ""route_type"": ""highway_distribution"", ""operating_shift"": ""day"", ""warehouse_short"": ""GLE"", ""source_vehicle_id"": ""SLW0536""}",734bbe6b-9744-44d0-a11b-7a0e0df4922e,2018-04-24 09:00:00+00,2026-08-10 19:03:05.467947+00,regional_distribution,Isuzu ELF NKR,Diesel,Automatic,authorized_workshop,3396.40,medium,8,23,0,D-027
f2134e32-0d43-400e-872c-ab9a3a59c396,LLX-GLE-0208,8f2b1c74-59d3-4a6e-9b21-7c4e0a5d3f88,3df19dcf-3ea6-4851-8552-d094f0ee47ee,Mitsubishi Canter 208,vehicle,road_vehicle,Light_Truck_3.5T,Mitsubishi,Canter,2020,SP LC-2963,JLBF97AP04ZNGDNLK,active,moderate,52.13,2020-12-17,2023-12-17,3351801a-f8d9-48ae-a19c-421b6d81bcf8,160427.00,2026-07-28,2026-09-20,Mitsubishi Canter (Light Truck 3.5T) operating out of LankaLogix - Galle on regional distribution duty.,"{""cargo_type"": ""dry_goods"", ""route_type"": ""highway_distribution"", ""operating_shift"": ""day"", ""warehouse_short"": ""GLE"", ""source_vehicle_id"": ""SLW0296""}",bcdfa155-6afd-44b6-9cfe-85d596dfb687,2020-12-17 09:00:00+00,2026-08-10 19:03:05.467947+00,regional_distribution,Mitsubishi Canter,Diesel,Manual,independent_garage,3497.60,medium,6,20,0,D-028
742e28dc-1cb7-4c1a-b828-9b7c4201785f,LLX-GLE-0209,8f2b1c74-59d3-4a6e-9b21-7c4e0a5d3f88,3df19dcf-3ea6-4851-8552-d094f0ee47ee,Mitsubishi Canter 209,vehicle,road_vehicle,Light_Truck_3.5T,Mitsubishi,Canter,2019,SP LC-9156,JLBZ2R9L983755ADS,active,good,49.07,2019-07-16,2022-07-16,5ec54120-51da-4099-ba14-4ca0eb715ea5,194129.00,2026-07-23,2027-01-24,Mitsubishi Canter (Light Truck 3.5T) operating out of LankaLogix - Galle on regional distribution duty.,"{""cargo_type"": ""consumer_goods"", ""route_type"": ""regional_distribution"", ""operating_shift"": ""day"", ""warehouse_short"": ""GLE"", ""source_vehicle_id"": ""SLW0441""}",1b1a566a-ece0-4130-b5f5-76634ad534c0,2019-07-16 09:00:00+00,2026-08-10 19:03:05.467947+00,regional_distribution,Mitsubishi Canter,Diesel,Manual,OEM_dealer,3720.00,medium,7,24,0,D-029
166a1abd-8c3c-4c1d-afde-926a9c4a0f41,LLX-GLE-0210,8f2b1c74-59d3-4a6e-9b21-7c4e0a5d3f88,3df19dcf-3ea6-4851-8552-d094f0ee47ee,Isuzu ELF NKR 210,vehicle,road_vehicle,Light_Truck_3.5T,Isuzu,ELF NKR,2015,SP LC-6395,JAAGPW05RG8NEBS5G,active,poor,57.53,2015-06-13,2018-06-13,bcc2e695-1e30-4f07-866a-c884d470333c,281504.00,2026-02-14,2026-10-28,Isuzu ELF NKR (Light Truck 3.5T) operating out of LankaLogix - Galle on regional distribution duty.,"{""cargo_type"": ""dry_goods"", ""route_type"": ""regional_distribution"", ""operating_shift"": ""day"", ""warehouse_short"": ""GLE"", ""source_vehicle_id"": ""SLW0548""}",bcdfa155-6afd-44b6-9cfe-85d596dfb687,2015-06-13 09:00:00+00,2026-08-10 19:03:05.467947+00,regional_distribution,Isuzu ELF NKR,Diesel,Automatic,OEM_dealer,3464.70,medium,12,34,2,D-030
7d1fbe53-4206-4fc7-ba86-035cd75549ec,LLX-GLE-0211,8f2b1c74-59d3-4a6e-9b21-7c4e0a5d3f88,3df19dcf-3ea6-4851-8552-d094f0ee47ee,Isuzu ELF NKR 211,vehicle,road_vehicle,Light_Truck_3.5T,Isuzu,ELF NKR,2021,SP LD-7971,JAA5CUC2TEPVF1NH8,active,moderate,75.58,2021-12-25,2024-12-25,07a68fb1-5fe3-4894-a718-d07adde2c078,199775.00,2026-05-23,2026-08-29,Isuzu ELF NKR (Light Truck 3.5T) operating out of LankaLogix - Galle on regional distribution duty.,"{""cargo_type"": ""dry_goods"", ""route_type"": ""regional_distribution"", ""operating_shift"": ""day"", ""warehouse_short"": ""GLE"", ""source_vehicle_id"": ""SLW0227""}",56bc5b4f-b018-4995-89a3-6825709e4754,2021-12-25 09:00:00+00,2026-08-10 19:03:05.467947+00,regional_distribution,Isuzu ELF NKR,Diesel,Manual,authorized_workshop,3491.10,high,6,20,0,D-031
e49ee92f-dbbf-4bda-9b5b-199b372fb9de,LLX-GLE-0212,8f2b1c74-59d3-4a6e-9b21-7c4e0a5d3f88,3df19dcf-3ea6-4851-8552-d094f0ee47ee,Tata Ultra T.7 212,vehicle,road_vehicle,Light_Truck_3.5T,Tata,Ultra T.7,2018,SP LC-8427,MAURRNXZVSH3UYEET,active,good,78.00,2018-01-12,2021-01-12,3bd6b04c-56ed-4411-bf23-24fdcdae20f9,218520.00,2026-08-02,2027-01-14,Tata Ultra T.7 (Light Truck 3.5T) operating out of LankaLogix - Galle on regional distribution duty.,"{""cargo_type"": ""retail_goods"", ""route_type"": ""highway_distribution"", ""operating_shift"": ""day"", ""warehouse_short"": ""GLE"", ""source_vehicle_id"": ""SLW0407""}",bb91bbb5-1ab1-442b-b910-28093fe53eb9,2018-01-12 09:00:00+00,2026-08-10 19:03:05.467947+00,regional_distribution,Tata Ultra T.7,Diesel,Manual,authorized_workshop,3524.70,high,8,33,1,D-032
9ad3f064-0d83-4913-a4fe-10ffb3c3a876,LLX-GLE-0213,8f2b1c74-59d3-4a6e-9b21-7c4e0a5d3f88,3df19dcf-3ea6-4851-8552-d094f0ee47ee,Isuzu ELF NKR 213,vehicle,road_vehicle,Light_Truck_3.5T,Isuzu,ELF NKR,2018,SP LC-7338,JAA6JWRBD0N553XP7,active,moderate,78.53,2018-02-09,2021-02-09,a96efe54-54b7-4947-afe8-b8ef6609486e,186190.00,2026-07-08,2026-12-11,Isuzu ELF NKR (Light Truck 3.5T) operating out of LankaLogix - Galle on regional distribution duty.,"{""cargo_type"": ""dry_goods"", ""route_type"": ""regional_distribution"", ""operating_shift"": ""day_night"", ""warehouse_short"": ""GLE"", ""source_vehicle_id"": ""SLW1217""}",608d7306-f79c-4916-9b39-69a1abea72d9,2018-02-09 09:00:00+00,2026-08-10 19:03:05.467947+00,regional_distribution,Isuzu ELF NKR,Diesel,Automatic,authorized_workshop,3597.00,high,8,27,0,D-033
862ac77c-607e-41fa-86c3-4d9284806c99,LLX-GLE-0214,8f2b1c74-59d3-4a6e-9b21-7c4e0a5d3f88,3df19dcf-3ea6-4851-8552-d094f0ee47ee,Mitsubishi Canter 214,vehicle,road_vehicle,Light_Truck_3.5T,Mitsubishi,Canter,2017,SP LD-9983,JLBUMVGYCYFNAAKLX,active,good,95.69,2017-09-04,2020-09-04,67b92ee6-274a-44ce-a867-cecde91391b5,300738.00,2026-07-21,2026-11-11,Mitsubishi Canter (Light Truck 3.5T) operating out of LankaLogix - Galle on regional distribution duty.,"{""cargo_type"": ""consumer_goods"", ""route_type"": ""regional_distribution"", ""operating_shift"": ""day"", ""warehouse_short"": ""GLE"", ""source_vehicle_id"": ""SLW0647""}",0f2dd1d9-6b12-4073-ab85-bea406d1d514,2017-09-04 09:00:00+00,2026-08-10 19:03:05.467947+00,regional_distribution,Mitsubishi Canter,Diesel,Automatic,authorized_workshop,3643.20,critical,10,39,0,D-034
bf3e56c3-2599-42f7-8bb4-3bc7d7b2305d,LLX-GLE-0215,8f2b1c74-59d3-4a6e-9b21-7c4e0a5d3f88,3df19dcf-3ea6-4851-8552-d094f0ee47ee,Mitsubishi Canter 215,vehicle,road_vehicle,Light_Truck_3.5T,Mitsubishi,Canter,2020,SP LC-2837,JLB3ZR3KG0A58VSZ6,active,moderate,69.53,2020-09-25,2023-09-25,,151968.00,2026-02-24,2026-08-18,Mitsubishi Canter (Light Truck 3.5T) operating out of LankaLogix - Galle on regional distribution duty.,"{""cargo_type"": ""beverages"", ""route_type"": ""regional_distribution"", ""operating_shift"": ""day_night"", ""warehouse_short"": ""GLE"", ""source_vehicle_id"": ""SLW1253""}",bb91bbb5-1ab1-442b-b910-28093fe53eb9,2020-09-25 09:00:00+00,2026-08-10 19:03:05.467947+00,regional_distribution,Mitsubishi Canter,Diesel,Manual,authorized_workshop,3524.00,high,6,14,0,D-035
6f93bf10-21d1-4a6f-a27a-c64092eb5154,LLX-GLE-0216,8f2b1c74-59d3-4a6e-9b21-7c4e0a5d3f88,3df19dcf-3ea6-4851-8552-d094f0ee47ee,Mitsubishi Canter 216,vehicle,road_vehicle,Light_Truck_3.5T,Mitsubishi,Canter,2018,SP LD-5174,JLBKKE4MS1BJEET1T,active,moderate,59.85,2018-08-17,2021-08-17,01551974-ffd1-4791-ae00-0b8e5efab738,227243.00,2026-06-01,2026-11-07,Mitsubishi Canter (Light Truck 3.5T) operating out of LankaLogix - Galle on regional distribution duty.,"{""cargo_type"": ""dry_goods"", ""route_type"": ""regional_distribution"", ""operating_shift"": ""day_night"", ""warehouse_short"": ""GLE"", ""source_vehicle_id"": ""SLW0456""}",ae54eb0a-cd4b-4c62-86b2-8ed1974fbcec,2018-08-17 09:00:00+00,2026-08-10 19:03:05.467947+00,regional_distribution,Mitsubishi Canter,Diesel,Manual,authorized_workshop,3509.00,medium,8,26,0,D-036
77015d20-5ece-46a1-a044-e15492d2686e,LLX-GLE-0217,8f2b1c74-59d3-4a6e-9b21-7c4e0a5d3f88,3df19dcf-3ea6-4851-8552-d094f0ee47ee,Isuzu ELF NKR 217,vehicle,road_vehicle,Light_Truck_3.5T,Isuzu,ELF NKR,2017,SP LC-7709,JAATJ70GWN9YY9H1R,active,moderate,90.97,2017-02-26,2020-02-26,5759f3d2-34f3-483d-818a-1b5627a40557,229215.00,2026-06-11,2026-09-15,Isuzu ELF NKR (Light Truck 3.5T) operating out of LankaLogix - Galle on regional distribution duty.,"{""cargo_type"": ""consumer_goods"", ""route_type"": ""highway_distribution"", ""operating_shift"": ""day"", ""warehouse_short"": ""GLE"", ""source_vehicle_id"": ""SLW0689""}",11ccb7fb-51b9-40e8-bdd2-b07207b8e0a7,2017-02-26 09:00:00+00,2026-08-10 19:03:05.467947+00,regional_distribution,Isuzu ELF NKR,Diesel,Automatic,OEM_dealer,3386.80,critical,9,32,1,D-037
0c9d078a-17db-44a4-9fb8-eda8aac81817,LLX-GLE-0218,8f2b1c74-59d3-4a6e-9b21-7c4e0a5d3f88,3df19dcf-3ea6-4851-8552-d094f0ee47ee,Isuzu ELF NKR 218,vehicle,road_vehicle,Light_Truck_3.5T,Isuzu,ELF NKR,2018,SP LC-4745,JAATSJC2B3D54EEXZ,active,poor,70.10,2018-08-10,2021-08-10,1cd6c5e7-867a-4a05-95f2-2f5698b04a04,254879.00,2026-04-27,2026-10-03,Isuzu ELF NKR (Light Truck 3.5T) operating out of LankaLogix - Galle on regional distribution duty.,"{""cargo_type"": ""consumer_goods"", ""route_type"": ""highway_distribution"", ""operating_shift"": ""day_night"", ""warehouse_short"": ""GLE"", ""source_vehicle_id"": ""SLW0640""}",56bc5b4f-b018-4995-89a3-6825709e4754,2018-08-10 09:00:00+00,2026-08-10 19:03:05.467947+00,regional_distribution,Isuzu ELF NKR,Diesel,Manual,OEM_dealer,3662.00,high,9,29,0,D-038
bbb21bf2-a33b-46e9-9d7f-d84f580febed,LLX-GLE-0219,8f2b1c74-59d3-4a6e-9b21-7c4e0a5d3f88,3df19dcf-3ea6-4851-8552-d094f0ee47ee,Isuzu ELF NKR 219,vehicle,road_vehicle,Light_Truck_3.5T,Isuzu,ELF NKR,2019,SP LC-2670,JAAWUHW0VGWJRC38C,active,good,69.07,2019-01-27,2022-01-27,31655efd-e972-4390-93a8-0c1f3f608f82,187580.00,2026-07-01,2027-01-19,Isuzu ELF NKR (Light Truck 3.5T) operating out of LankaLogix - Galle on regional distribution duty.,"{""cargo_type"": ""retail_goods"", ""route_type"": ""regional_distribution"", ""operating_shift"": ""day"", ""warehouse_short"": ""GLE"", ""source_vehicle_id"": ""SLW1340""}",0f2dd1d9-6b12-4073-ab85-bea406d1d514,2019-01-27 09:00:00+00,2026-08-10 19:03:05.467947+00,regional_distribution,Isuzu ELF NKR,Diesel,Manual,independent_garage,3528.00,high,7,24,0,D-039
6259aa13-13fd-4c07-9694-6fadabb85a6e,LLX-GLE-0220,8f2b1c74-59d3-4a6e-9b21-7c4e0a5d3f88,3df19dcf-3ea6-4851-8552-d094f0ee47ee,Tata Ultra T.7 220,vehicle,road_vehicle,Light_Truck_3.5T,Tata,Ultra T.7,2020,SP LD-9023,MAU760PZ76KGP8MM8,active,moderate,82.78,2020-05-03,2023-05-03,2b62c6da-6e5b-43a7-a301-ddb17784d56b,208689.00,2026-06-29,2027-01-18,Tata Ultra T.7 (Light Truck 3.5T) operating out of LankaLogix - Galle on regional distribution duty.,"{""cargo_type"": ""retail_goods"", ""route_type"": ""highway_distribution"", ""operating_shift"": ""day"", ""warehouse_short"": ""GLE"", ""source_vehicle_id"": ""SLW1370""}",734bbe6b-9744-44d0-a11b-7a0e0df4922e,2020-05-03 09:00:00+00,2026-08-10 19:03:05.467947+00,regional_distribution,Tata Ultra T.7,Diesel,Manual,OEM_dealer,3608.60,critical,7,24,0,D-040
dd003ba9-8004-4f4e-b50d-44a6917df989,LLX-GLE-0221,8f2b1c74-59d3-4a6e-9b21-7c4e0a5d3f88,3df19dcf-3ea6-4851-8552-d094f0ee47ee,Tata T.12 221,vehicle,road_vehicle,Medium_Truck_7T,Tata,T.12,2018,SP LF-5020,MAT3S6GTRZSPX0UNM,active,good,89.25,2018-08-13,2021-08-13,374f53b7-0887-4a96-8b7e-6555d250872a,275165.00,2026-07-08,2026-10-30,Tata T.12 (Medium Truck 7T) operating out of LankaLogix - Galle on heavy cargo transport duty.,"{""cargo_type"": ""agri_inputs"", ""route_type"": ""industrial_transfer"", ""operating_shift"": ""day"", ""warehouse_short"": ""GLE"", ""source_vehicle_id"": ""SLW1103""}",608d7306-f79c-4916-9b39-69a1abea72d9,2018-08-13 09:00:00+00,2026-08-10 19:03:05.467947+00,heavy_cargo_transport,Tata T.12,Diesel,Manual,OEM_dealer,6587.30,critical,8,37,1,D-041
e6f4683b-d956-433f-9143-a364ebc377b1,LLX-GLE-0222,8f2b1c74-59d3-4a6e-9b21-7c4e0a5d3f88,3df19dcf-3ea6-4851-8552-d094f0ee47ee,Tata T.12 222,vehicle,road_vehicle,Medium_Truck_7T,Tata,T.12,2017,SP LF-9022,MAT6H2RNT3477DXGS,active,poor,87.05,2017-01-11,2020-01-11,,272695.00,2026-05-04,2026-09-09,Tata T.12 (Medium Truck 7T) operating out of LankaLogix - Galle on heavy cargo transport duty.,"{""cargo_type"": ""packaged_chemicals"", ""route_type"": ""industrial_transfer"", ""operating_shift"": ""day_night"", ""warehouse_short"": ""GLE"", ""source_vehicle_id"": ""SLW0044""}",1b1a566a-ece0-4130-b5f5-76634ad534c0,2017-01-11 09:00:00+00,2026-08-10 19:03:05.467947+00,heavy_cargo_transport,Tata T.12,Diesel,Automatic,authorized_workshop,6726.00,critical,9,39,0,D-042
aacd37bb-3f3b-425c-a0a3-6b66ef353060,LLX-GLE-0223,8f2b1c74-59d3-4a6e-9b21-7c4e0a5d3f88,3df19dcf-3ea6-4851-8552-d094f0ee47ee,Tata T.12 223,vehicle,road_vehicle,Medium_Truck_7T,Tata,T.12,2021,SP LE-6624,MATTVEGMPA03ETAT5,active,good,82.83,2021-12-15,2024-12-15,cb1a064b-727f-468c-8054-1c1c7b75715a,144163.00,2026-06-22,2026-11-05,Tata T.12 (Medium Truck 7T) operating out of LankaLogix - Galle on heavy cargo transport duty.,"{""cargo_type"": ""containerized_goods"", ""route_type"": ""industrial_transfer"", ""operating_shift"": ""day_night"", ""warehouse_short"": ""GLE"", ""source_vehicle_id"": ""SLW0820""}",bb91bbb5-1ab1-442b-b910-28093fe53eb9,2021-12-15 09:00:00+00,2026-08-10 19:03:05.467947+00,heavy_cargo_transport,Tata T.12,Diesel,Automatic,OEM_dealer,7098.90,critical,5,24,0,D-043
6d7ba844-6916-4ef3-a546-0806fa30de20,LLX-GLE-0224,8f2b1c74-59d3-4a6e-9b21-7c4e0a5d3f88,3df19dcf-3ea6-4851-8552-d094f0ee47ee,Isuzu FVR 224,vehicle,road_vehicle,Medium_Truck_7T,Isuzu,FVR,2021,SP LE-7830,JALCPR5CAGDAGLEA2,active,critical,84.94,2021-05-19,2024-05-19,6692c7dd-4b6b-4908-86a3-91731b323aff,138321.00,2026-01-03,2026-08-25,Isuzu FVR (Medium Truck 7T) operating out of LankaLogix - Galle on heavy cargo transport duty.,"{""cargo_type"": ""packaged_chemicals"", ""route_type"": ""industrial_transfer"", ""operating_shift"": ""three_shift"", ""warehouse_short"": ""GLE"", ""source_vehicle_id"": ""SLW0464""}",bcdfa155-6afd-44b6-9cfe-85d596dfb687,2021-05-19 09:00:00+00,2026-08-10 19:03:05.467947+00,heavy_cargo_transport,Isuzu FVR,Diesel,Manual,OEM_dealer,7466.50,critical,6,12,0,D-044
4c0961a4-d984-4764-a816-ca146ea4bd8d,LLX-GLE-0225,8f2b1c74-59d3-4a6e-9b21-7c4e0a5d3f88,3df19dcf-3ea6-4851-8552-d094f0ee47ee,Isuzu FVR 225,vehicle,road_vehicle,Medium_Truck_7T,Isuzu,FVR,2019,SP LF-8770,JAL7CLA05SNJR31LS,active,moderate,73.98,2019-08-05,2022-08-05,79996482-579d-4dee-9a2b-8837c548ef59,222535.00,2026-05-19,2026-12-02,Isuzu FVR (Medium Truck 7T) operating out of LankaLogix - Galle on heavy cargo transport duty.,"{""cargo_type"": ""industrial_parts"", ""route_type"": ""highway_distribution"", ""operating_shift"": ""day"", ""warehouse_short"": ""GLE"", ""source_vehicle_id"": ""SLW0646""}",1b1a566a-ece0-4130-b5f5-76634ad534c0,2019-08-05 09:00:00+00,2026-08-10 19:03:05.467947+00,heavy_cargo_transport,Isuzu FVR,Diesel,Automatic,OEM_dealer,7303.30,high,7,21,0,D-045
0753f935-07ab-45a0-8a4b-9f2a5aae268b,LLX-GLE-0226,8f2b1c74-59d3-4a6e-9b21-7c4e0a5d3f88,3df19dcf-3ea6-4851-8552-d094f0ee47ee,Isuzu FVR 226,vehicle,road_vehicle,Medium_Truck_7T,Isuzu,FVR,2018,SP LF-8421,JALL4SENJCEP7JFFH,active,good,94.90,2018-04-27,2021-04-27,36971014-0d48-449f-81a0-89aa3a24c59a,279844.00,2026-07-05,2026-10-18,Isuzu FVR (Medium Truck 7T) operating out of LankaLogix - Galle on heavy cargo transport duty.,"{""cargo_type"": ""export_cargo"", ""route_type"": ""industrial_transfer"", ""operating_shift"": ""day_night"", ""warehouse_short"": ""GLE"", ""source_vehicle_id"": ""SLW1080""}",829c13bd-2a5c-42b7-8b1c-8a8a8b415ceb,2018-04-27 09:00:00+00,2026-08-10 19:03:05.467947+00,heavy_cargo_transport,Isuzu FVR,Diesel,Automatic,authorized_workshop,7649.50,critical,8,50,2,D-046
a183c839-0612-4173-a219-025091dd95b0,LLX-GLE-0227,8f2b1c74-59d3-4a6e-9b21-7c4e0a5d3f88,3df19dcf-3ea6-4851-8552-d094f0ee47ee,Isuzu FVR 227,vehicle,road_vehicle,Medium_Truck_7T,Isuzu,FVR,2018,SP LF-9085,JALP3TPHB2PEY2LY6,active,moderate,73.43,2018-11-07,2021-11-07,85677b33-5692-4c2d-8b6d-f63fdc4cccab,258747.00,2026-06-03,2026-11-20,Isuzu FVR (Medium Truck 7T) operating out of LankaLogix - Galle on heavy cargo transport duty.,"{""cargo_type"": ""packaged_chemicals"", ""route_type"": ""highway_distribution"", ""operating_shift"": ""day_night"", ""warehouse_short"": ""GLE"", ""source_vehicle_id"": ""SLW0513""}",734bbe6b-9744-44d0-a11b-7a0e0df4922e,2018-11-07 09:00:00+00,2026-08-10 19:03:05.467947+00,heavy_cargo_transport,Isuzu FVR,Diesel,Manual,independent_garage,7486.00,high,8,30,0,D-047
6749f003-6dea-4ee3-b9ce-4f949f0b7bc8,LLX-GLE-0228,8f2b1c74-59d3-4a6e-9b21-7c4e0a5d3f88,3df19dcf-3ea6-4851-8552-d094f0ee47ee,Isuzu FVR 228,vehicle,road_vehicle,Medium_Truck_7T,Isuzu,FVR,2018,SP LE-8242,JALYZKKJ8RCPT1WYP,active,good,88.31,2018-06-24,2021-06-24,,192517.00,2026-07-14,2027-01-19,Isuzu FVR (Medium Truck 7T) operating out of LankaLogix - Galle on heavy cargo transport duty.,"{""cargo_type"": ""export_cargo"", ""route_type"": ""port_shuttle"", ""operating_shift"": ""day"", ""warehouse_short"": ""GLE"", ""source_vehicle_id"": ""SLW1143""}",ae54eb0a-cd4b-4c62-86b2-8ed1974fbcec,2018-06-24 09:00:00+00,2026-08-10 19:03:05.467947+00,heavy_cargo_transport,Isuzu FVR,Diesel,Manual,OEM_dealer,6741.00,critical,8,27,1,D-048
eaae8d12-93f2-4112-aa01-50564282a1f4,LLX-GLE-0229,8f2b1c74-59d3-4a6e-9b21-7c4e0a5d3f88,3df19dcf-3ea6-4851-8552-d094f0ee47ee,Isuzu FVR 229,vehicle,road_vehicle,Medium_Truck_7T,Isuzu,FVR,2017,SP LF-9299,JALJZ3TBFML72TNDR,active,moderate,91.43,2017-09-26,2020-09-26,,305719.00,2026-07-21,2026-09-06,Isuzu FVR (Medium Truck 7T) operating out of LankaLogix - Galle on heavy cargo transport duty.,"{""cargo_type"": ""agri_inputs"", ""route_type"": ""port_shuttle"", ""operating_shift"": ""day"", ""warehouse_short"": ""GLE"", ""source_vehicle_id"": ""SLW0089""}",608d7306-f79c-4916-9b39-69a1abea72d9,2017-09-26 09:00:00+00,2026-08-10 19:03:05.467947+00,heavy_cargo_transport,Isuzu FVR,Diesel,Manual,authorized_workshop,6333.20,critical,10,41,1,D-049
6126787d-e4fb-456d-a404-9c6c16f3bd61,LLX-GLE-0230,8f2b1c74-59d3-4a6e-9b21-7c4e0a5d3f88,3df19dcf-3ea6-4851-8552-d094f0ee47ee,Tata T.12 230,vehicle,road_vehicle,Medium_Truck_7T,Tata,T.12,2021,SP LE-8991,MAT1R070W2CRRGXRK,active,good,92.73,2021-07-03,2024-07-03,40456dc0-a334-43ba-81eb-c43a7464787d,187832.00,2026-06-27,2026-09-08,Tata T.12 (Medium Truck 7T) operating out of LankaLogix - Galle on heavy cargo transport duty.,"{""cargo_type"": ""industrial_parts"", ""route_type"": ""highway_distribution"", ""operating_shift"": ""day_night"", ""warehouse_short"": ""GLE"", ""source_vehicle_id"": ""SLW1373""}",0f2dd1d9-6b12-4073-ab85-bea406d1d514,2021-07-03 09:00:00+00,2026-08-10 19:03:05.467947+00,heavy_cargo_transport,Tata T.12,Diesel,Manual,OEM_dealer,6739.90,critical,6,19,0,D-050
021c9a67-b8e9-4baa-b17a-d7c3e77e52bc,LLX-GLE-0231,8f2b1c74-59d3-4a6e-9b21-7c4e0a5d3f88,3df19dcf-3ea6-4851-8552-d094f0ee47ee,Tata T.12 231,vehicle,road_vehicle,Medium_Truck_7T,Tata,T.12,2018,SP LF-2785,MATCUAMG1MTA10W76,active,excellent,82.10,2018-08-07,2021-08-07,ee7fdb45-1bf6-4c17-8c06-31f278a64b01,243593.00,2026-07-18,2026-09-27,Tata T.12 (Medium Truck 7T) operating out of LankaLogix - Galle on heavy cargo transport duty.,"{""cargo_type"": ""packaged_chemicals"", ""route_type"": ""highway_distribution"", ""operating_shift"": ""day"", ""warehouse_short"": ""GLE"", ""source_vehicle_id"": ""SLW0152""}",bb91bbb5-1ab1-442b-b910-28093fe53eb9,2018-08-07 09:00:00+00,2026-08-10 19:03:05.467947+00,heavy_cargo_transport,Tata T.12,Diesel,Manual,authorized_workshop,7025.20,critical,9,33,1,D-051
88c71b4d-de5d-425e-ac0a-44b24fe2fc5a,LLX-GLE-0232,8f2b1c74-59d3-4a6e-9b21-7c4e0a5d3f88,3df19dcf-3ea6-4851-8552-d094f0ee47ee,Isuzu FVR 232,vehicle,road_vehicle,Medium_Truck_7T,Isuzu,FVR,2017,SP LE-2962,JALDNAJTNB26HKE5U,active,moderate,93.85,2017-04-12,2020-04-12,98e1a882-1ddc-4ab9-bea3-44f382f9b9f3,235061.00,2026-04-01,2026-10-11,Isuzu FVR (Medium Truck 7T) operating out of LankaLogix - Galle on heavy cargo transport duty.,"{""cargo_type"": ""export_cargo"", ""route_type"": ""port_shuttle"", ""operating_shift"": ""day"", ""warehouse_short"": ""GLE"", ""source_vehicle_id"": ""SLW1363""}",ae54eb0a-cd4b-4c62-86b2-8ed1974fbcec,2017-04-12 09:00:00+00,2026-08-10 19:03:05.467947+00,heavy_cargo_transport,Isuzu FVR,Diesel,Manual,OEM_dealer,7006.00,critical,9,29,1,D-052
a30ac014-8b6c-45e0-8b5e-a44678129af4,LLX-GLE-0233,8f2b1c74-59d3-4a6e-9b21-7c4e0a5d3f88,3df19dcf-3ea6-4851-8552-d094f0ee47ee,Isuzu FVR 233,vehicle,road_vehicle,Medium_Truck_7T,Isuzu,FVR,2018,SP LF-7728,JALPYVC1DNVFZL82B,active,poor,65.97,2018-02-11,2021-02-11,,233645.00,2026-06-10,2026-08-18,Isuzu FVR (Medium Truck 7T) operating out of LankaLogix - Galle on heavy cargo transport duty.,"{""cargo_type"": ""containerized_goods"", ""route_type"": ""port_shuttle"", ""operating_shift"": ""day"", ""warehouse_short"": ""GLE"", ""source_vehicle_id"": ""SLW0439""}",1b1a566a-ece0-4130-b5f5-76634ad534c0,2018-02-11 09:00:00+00,2026-08-10 19:03:05.467947+00,heavy_cargo_transport,Isuzu FVR,Diesel,Manual,authorized_workshop,6867.10,high,8,28,1,D-053
538e8b0f-b70b-43c5-83b5-2b3dbadc59e2,LLX-GLE-0234,8f2b1c74-59d3-4a6e-9b21-7c4e0a5d3f88,3df19dcf-3ea6-4851-8552-d094f0ee47ee,Isuzu FVR 234,vehicle,road_vehicle,Medium_Truck_7T,Isuzu,FVR,2016,SP LF-8324,JAL889MM400NHABUX,active,good,84.39,2016-05-18,2019-05-18,ff962ec5-661c-4004-8c3a-c65fcefaf218,368381.00,2026-07-11,2026-11-24,Isuzu FVR (Medium Truck 7T) operating out of LankaLogix - Galle on heavy cargo transport duty.,"{""cargo_type"": ""packaged_chemicals"", ""route_type"": ""port_shuttle"", ""operating_shift"": ""day"", ""warehouse_short"": ""GLE"", ""source_vehicle_id"": ""SLW0593""}",734bbe6b-9744-44d0-a11b-7a0e0df4922e,2016-05-18 09:00:00+00,2026-08-10 19:03:05.467947+00,heavy_cargo_transport,Isuzu FVR,Diesel,Manual,authorized_workshop,7256.90,critical,10,38,1,D-054
024397fd-7e68-4975-beb7-ba32900ae672,LLX-GLE-0235,8f2b1c74-59d3-4a6e-9b21-7c4e0a5d3f88,3df19dcf-3ea6-4851-8552-d094f0ee47ee,Isuzu FVR 235,vehicle,road_vehicle,Medium_Truck_7T,Isuzu,FVR,2017,SP LE-5359,JALHZ3DDU9WZTBSCV,active,moderate,82.06,2017-10-17,2020-10-17,de5ac9e2-3f8b-4675-ae66-62a79bb5340c,284628.00,2026-05-12,2026-09-02,Isuzu FVR (Medium Truck 7T) operating out of LankaLogix - Galle on heavy cargo transport duty.,"{""cargo_type"": ""export_cargo"", ""route_type"": ""highway_distribution"", ""operating_shift"": ""day"", ""warehouse_short"": ""GLE"", ""source_vehicle_id"": ""SLW1151""}",ae54eb0a-cd4b-4c62-86b2-8ed1974fbcec,2017-10-17 09:00:00+00,2026-08-10 19:03:05.467947+00,heavy_cargo_transport,Isuzu FVR,Diesel,Manual,OEM_dealer,6962.10,critical,9,36,0,D-055
5bbb2312-0c1e-40c1-9c7f-6360924f9e01,LLX-GLE-0236,8f2b1c74-59d3-4a6e-9b21-7c4e0a5d3f88,3df19dcf-3ea6-4851-8552-d094f0ee47ee,Mitsubishi Fuso Fighter 236,vehicle,road_vehicle,Medium_Truck_7T,Mitsubishi,Fuso Fighter,2017,SP LF-4114,JLF7275VMTE8DKNSF,active,good,75.20,2017-08-18,2020-08-18,,264313.00,2026-07-29,2026-12-14,Mitsubishi Fuso Fighter (Medium Truck 7T) operating out of LankaLogix - Galle on heavy cargo transport duty.,"{""cargo_type"": ""agri_inputs"", ""route_type"": ""industrial_transfer"", ""operating_shift"": ""day"", ""warehouse_short"": ""GLE"", ""source_vehicle_id"": ""SLW0413""}",608d7306-f79c-4916-9b39-69a1abea72d9,2017-08-18 09:00:00+00,2026-08-10 19:03:05.467947+00,heavy_cargo_transport,Mitsubishi Fuso Fighter,Diesel,Automatic,independent_garage,7252.50,high,9,35,1,D-056
e710114e-d92b-42ea-9165-d009558a1e95,LLX-GLE-0237,8f2b1c74-59d3-4a6e-9b21-7c4e0a5d3f88,3df19dcf-3ea6-4851-8552-d094f0ee47ee,Isuzu FVR 237,vehicle,road_vehicle,Medium_Truck_7T,Isuzu,FVR,2020,SP LF-7562,JAL2W9J3MJT803GH5,active,moderate,89.02,2020-05-28,2023-05-28,,199067.00,2026-07-11,2026-08-18,Isuzu FVR (Medium Truck 7T) operating out of LankaLogix - Galle on heavy cargo transport duty.,"{""cargo_type"": ""export_cargo"", ""route_type"": ""industrial_transfer"", ""operating_shift"": ""day"", ""warehouse_short"": ""GLE"", ""source_vehicle_id"": ""SLW0162""}",608d7306-f79c-4916-9b39-69a1abea72d9,2020-05-28 09:00:00+00,2026-08-10 19:03:05.467947+00,heavy_cargo_transport,Isuzu FVR,Diesel,Automatic,OEM_dealer,7851.10,critical,7,25,0,D-057
32cff7cf-fdf3-4721-a472-2f6af51c9cd6,LLX-GLE-0238,8f2b1c74-59d3-4a6e-9b21-7c4e0a5d3f88,3df19dcf-3ea6-4851-8552-d094f0ee47ee,Mitsubishi Fuso Fighter 238,vehicle,road_vehicle,Medium_Truck_7T,Mitsubishi,Fuso Fighter,2018,SP LF-9902,JLFMMTLGX5GG5WRT4,active,good,82.53,2018-12-21,2021-12-21,3df5d037-e853-43ba-8818-4d3a6644377a,246341.00,2026-04-16,2026-11-11,Mitsubishi Fuso Fighter (Medium Truck 7T) operating out of LankaLogix - Galle on heavy cargo transport duty.,"{""cargo_type"": ""containerized_goods"", ""route_type"": ""highway_distribution"", ""operating_shift"": ""day"", ""warehouse_short"": ""GLE"", ""source_vehicle_id"": ""SLW0018""}",608d7306-f79c-4916-9b39-69a1abea72d9,2018-12-21 09:00:00+00,2026-08-10 19:03:05.467947+00,heavy_cargo_transport,Mitsubishi Fuso Fighter,Diesel,Automatic,OEM_dealer,7085.00,critical,9,31,0,D-058
d90bf605-9e3a-469b-bf52-7286b8723a8c,LLX-GLE-0239,8f2b1c74-59d3-4a6e-9b21-7c4e0a5d3f88,3df19dcf-3ea6-4851-8552-d094f0ee47ee,Tata T.12 239,vehicle,road_vehicle,Medium_Truck_7T,Tata,T.12,2014,SP LE-4524,MATT2S08EJ2EH992D,active,moderate,88.42,2014-01-21,2017-01-21,15e1f6ce-5500-45cf-a429-e8aafcdb999c,389453.00,2026-07-30,2026-10-20,Tata T.12 (Medium Truck 7T) operating out of LankaLogix - Galle on heavy cargo transport duty.,"{""cargo_type"": ""packaged_chemicals"", ""route_type"": ""industrial_transfer"", ""operating_shift"": ""day"", ""warehouse_short"": ""GLE"", ""source_vehicle_id"": ""SLW1295""}",829c13bd-2a5c-42b7-8b1c-8a8a8b415ceb,2014-01-21 09:00:00+00,2026-08-10 19:03:05.467947+00,heavy_cargo_transport,Tata T.12,Diesel,Automatic,OEM_dealer,7370.60,critical,12,51,1,D-059
977f8293-d233-4cef-88b8-2c492678a393,LLX-GLE-0240,8f2b1c74-59d3-4a6e-9b21-7c4e0a5d3f88,3df19dcf-3ea6-4851-8552-d094f0ee47ee,Tata T.12 240,vehicle,road_vehicle,Medium_Truck_7T,Tata,T.12,2017,SP LF-7046,MATDRXG26A8KZXVKX,active,moderate,86.49,2017-08-01,2020-08-01,67b92ee6-274a-44ce-a867-cecde91391b5,288592.00,2026-07-31,2026-11-07,Tata T.12 (Medium Truck 7T) operating out of LankaLogix - Galle on heavy cargo transport duty.,"{""cargo_type"": ""industrial_parts"", ""route_type"": ""industrial_transfer"", ""operating_shift"": ""day_night"", ""warehouse_short"": ""GLE"", ""source_vehicle_id"": ""SLW0440""}",11ccb7fb-51b9-40e8-bdd2-b07207b8e0a7,2017-08-01 09:00:00+00,2026-08-10 19:03:05.467947+00,heavy_cargo_transport,Tata T.12,Diesel,Automatic,authorized_workshop,7283.10,critical,9,43,1,D-060
7c180c41-4cea-4b96-bb00-328419c3df6f,LLX-GLE-0241,8f2b1c74-59d3-4a6e-9b21-7c4e0a5d3f88,3df19dcf-3ea6-4851-8552-d094f0ee47ee,Isuzu FVR 241,vehicle,road_vehicle,Medium_Truck_7T,Isuzu,FVR,2020,SP LF-8899,JAL78F9783S18PFMX,active,moderate,90.68,2020-02-11,2023-02-11,31aef21e-4d21-4de6-a74c-4cf1fefb9e57,201709.00,2026-05-30,2026-10-28,Isuzu FVR (Medium Truck 7T) operating out of LankaLogix - Galle on heavy cargo transport duty.,"{""cargo_type"": ""industrial_parts"", ""route_type"": ""industrial_transfer"", ""operating_shift"": ""day"", ""warehouse_short"": ""GLE"", ""source_vehicle_id"": ""SLW0050""}",bcdfa155-6afd-44b6-9cfe-85d596dfb687,2020-02-11 09:00:00+00,2026-08-10 19:03:05.467947+00,heavy_cargo_transport,Isuzu FVR,Diesel,Automatic,authorized_workshop,7066.60,critical,7,31,1,E-001
4bdc0feb-e6f7-418b-b265-a86d8c7bb5e5,LLX-GLE-0242,8f2b1c74-59d3-4a6e-9b21-7c4e0a5d3f88,3df19dcf-3ea6-4851-8552-d094f0ee47ee,Tata T.12 242,vehicle,road_vehicle,Medium_Truck_7T,Tata,T.12,2017,SP LF-9753,MATY0PV401VW59ERG,active,moderate,76.13,2017-02-24,2020-02-24,21a1ab9a-bf9d-4e74-ba6b-1527b1ab1e77,302695.00,2026-07-14,2026-10-26,Tata T.12 (Medium Truck 7T) operating out of LankaLogix - Galle on heavy cargo transport duty.,"{""cargo_type"": ""agri_inputs"", ""route_type"": ""industrial_transfer"", ""operating_shift"": ""three_shift"", ""warehouse_short"": ""GLE"", ""source_vehicle_id"": ""SLW0268""}",608d7306-f79c-4916-9b39-69a1abea72d9,2017-02-24 09:00:00+00,2026-08-10 19:03:05.467947+00,heavy_cargo_transport,Tata T.12,Diesel,Manual,authorized_workshop,6869.70,high,10,55,2,E-002
11471183-1853-4777-9b7b-fe756f4c6ff3,LLX-GLE-0243,8f2b1c74-59d3-4a6e-9b21-7c4e0a5d3f88,3df19dcf-3ea6-4851-8552-d094f0ee47ee,Tata Signa 1918 243,vehicle,road_vehicle,Heavy_Truck_16T,Tata,Signa 1918,2018,SP LH-2581,MASPK4KF4GYL8EFBK,active,poor,92.01,2018-07-04,2021-07-04,98e1a882-1ddc-4ab9-bea3-44f382f9b9f3,334865.00,2026-07-03,2026-10-05,Tata Signa 1918 (Heavy Truck 16T) operating out of LankaLogix - Galle on heavy cargo transport duty.,"{""cargo_type"": ""industrial_parts"", ""route_type"": ""port_shuttle"", ""operating_shift"": ""day_night"", ""warehouse_short"": ""GLE"", ""source_vehicle_id"": ""SLW0737""}",56bc5b4f-b018-4995-89a3-6825709e4754,2018-07-04 09:00:00+00,2026-08-10 19:03:05.467947+00,heavy_cargo_transport,Tata Signa 1918,Diesel,Manual,authorized_workshop,16192.10,critical,8,40,0,E-003
747928e3-5e7b-4e8b-a481-bacc826edb25,LLX-GLE-0244,8f2b1c74-59d3-4a6e-9b21-7c4e0a5d3f88,3df19dcf-3ea6-4851-8552-d094f0ee47ee,Mercedes Actros 1836 244,vehicle,road_vehicle,Heavy_Truck_16T,Mercedes,Actros 1836,2021,SP LH-5044,WDB1ET383W8X5XF8W,active,moderate,83.48,2021-09-23,2024-09-23,9307f79e-1989-450c-8410-9c18f986c0cf,223812.00,2026-07-31,2026-09-12,Mercedes Actros 1836 (Heavy Truck 16T) operating out of LankaLogix - Galle on heavy cargo transport duty.,"{""cargo_type"": ""industrial_parts"", ""route_type"": ""port_shuttle"", ""operating_shift"": ""day"", ""warehouse_short"": ""GLE"", ""source_vehicle_id"": ""SLW1389""}",829c13bd-2a5c-42b7-8b1c-8a8a8b415ceb,2021-09-23 09:00:00+00,2026-08-10 19:03:05.467947+00,heavy_cargo_transport,Mercedes Actros 1836,Diesel,Manual,OEM_dealer,15793.00,critical,6,24,0,E-004
3e2929cb-3e6d-4656-aa2d-3122397b85b9,LLX-GLE-0245,8f2b1c74-59d3-4a6e-9b21-7c4e0a5d3f88,3df19dcf-3ea6-4851-8552-d094f0ee47ee,Mercedes Actros 1836 245,vehicle,road_vehicle,Heavy_Truck_16T,Mercedes,Actros 1836,2020,SP LG-6098,WDB264S6D69NC07C6,active,moderate,82.32,2020-03-25,2023-03-25,890b088b-ef43-4e69-ad02-026b369a28b5,227448.00,2026-03-15,2026-09-02,Mercedes Actros 1836 (Heavy Truck 16T) operating out of LankaLogix - Galle on heavy cargo transport duty.,"{""cargo_type"": ""export_cargo"", ""route_type"": ""port_shuttle"", ""operating_shift"": ""day"", ""warehouse_short"": ""GLE"", ""source_vehicle_id"": ""SLW0709""}",ae54eb0a-cd4b-4c62-86b2-8ed1974fbcec,2020-03-25 09:00:00+00,2026-08-10 19:03:05.467947+00,heavy_cargo_transport,Mercedes Actros 1836,Diesel,Automatic,OEM_dealer,17257.70,critical,6,22,0,E-005
f8d916f9-4804-4bf7-bbb8-8635dbe16147,LLX-GLE-0246,8f2b1c74-59d3-4a6e-9b21-7c4e0a5d3f88,3df19dcf-3ea6-4851-8552-d094f0ee47ee,Mercedes Actros 1836 246,vehicle,road_vehicle,Heavy_Truck_16T,Mercedes,Actros 1836,2020,SP LG-8024,WDBA3XTKE090SPEK6,active,moderate,84.76,2020-08-28,2023-08-28,7b6636fd-3214-44f2-ad49-452c0eb74f18,241005.00,2026-07-13,2026-09-28,Mercedes Actros 1836 (Heavy Truck 16T) operating out of LankaLogix - Galle on heavy cargo transport duty.,"{""cargo_type"": ""containerized_goods"", ""route_type"": ""highway_distribution"", ""operating_shift"": ""day_night"", ""warehouse_short"": ""GLE"", ""source_vehicle_id"": ""SLW0036""}",1b1a566a-ece0-4130-b5f5-76634ad534c0,2020-08-28 09:00:00+00,2026-08-10 19:03:05.467947+00,heavy_cargo_transport,Mercedes Actros 1836,Diesel,Manual,authorized_workshop,16587.00,critical,6,24,0,E-006
4c92e766-0b04-44c7-9596-54694ee40551,LLX-GLE-0247,8f2b1c74-59d3-4a6e-9b21-7c4e0a5d3f88,3df19dcf-3ea6-4851-8552-d094f0ee47ee,Mercedes Actros 1836 247,vehicle,road_vehicle,Heavy_Truck_16T,Mercedes,Actros 1836,2019,SP LG-3409,WDBWM77P2W4JGMGFG,active,good,83.19,2019-08-07,2022-08-07,705606bb-60ee-4791-b050-0781537700b1,292887.00,2026-07-28,2026-11-13,Mercedes Actros 1836 (Heavy Truck 16T) operating out of LankaLogix - Galle on heavy cargo transport duty.,"{""cargo_type"": ""industrial_parts"", ""route_type"": ""industrial_transfer"", ""operating_shift"": ""day"", ""warehouse_short"": ""GLE"", ""source_vehicle_id"": ""SLW0408""}",56bc5b4f-b018-4995-89a3-6825709e4754,2019-08-07 09:00:00+00,2026-08-10 19:03:05.467947+00,heavy_cargo_transport,Mercedes Actros 1836,Diesel,Automatic,independent_garage,15131.40,critical,8,37,1,E-007
356349f3-df0e-4189-bfb6-476417dc8ad4,LLX-GLE-0248,8f2b1c74-59d3-4a6e-9b21-7c4e0a5d3f88,3df19dcf-3ea6-4851-8552-d094f0ee47ee,Mercedes Actros 1836 248,vehicle,road_vehicle,Heavy_Truck_16T,Mercedes,Actros 1836,2016,SP LG-2267,WDBR14GV2WDNFH53Y,active,moderate,90.72,2016-08-23,2019-08-23,595b009a-0977-4842-8426-55f3c530dc8a,399637.00,2026-06-06,2026-11-02,Mercedes Actros 1836 (Heavy Truck 16T) operating out of LankaLogix - Galle on heavy cargo transport duty.,"{""cargo_type"": ""industrial_parts"", ""route_type"": ""industrial_transfer"", ""operating_shift"": ""day"", ""warehouse_short"": ""GLE"", ""source_vehicle_id"": ""SLW0700""}",bcdfa155-6afd-44b6-9cfe-85d596dfb687,2016-08-23 09:00:00+00,2026-08-10 19:03:05.467947+00,heavy_cargo_transport,Mercedes Actros 1836,Diesel,Manual,independent_garage,16332.50,critical,11,37,2,E-008
e3b5f12a-ea7b-48a5-b6da-e0e9ec0bddf2,LLX-GLE-0249,8f2b1c74-59d3-4a6e-9b21-7c4e0a5d3f88,3df19dcf-3ea6-4851-8552-d094f0ee47ee,Mercedes Actros 1836 249,vehicle,road_vehicle,Heavy_Truck_16T,Mercedes,Actros 1836,2020,SP LH-9617,WDBAUF8UBW1Z55325,active,good,89.71,2020-04-23,2023-04-23,d310eb40-f450-4462-95ca-3394c61cd538,213206.00,2026-06-18,2026-12-19,Mercedes Actros 1836 (Heavy Truck 16T) operating out of LankaLogix - Galle on heavy cargo transport duty.,"{""cargo_type"": ""agri_inputs"", ""route_type"": ""port_shuttle"", ""operating_shift"": ""three_shift"", ""warehouse_short"": ""GLE"", ""source_vehicle_id"": ""SLW0968""}",829c13bd-2a5c-42b7-8b1c-8a8a8b415ceb,2020-04-23 09:00:00+00,2026-08-10 19:03:05.467947+00,heavy_cargo_transport,Mercedes Actros 1836,Diesel,Automatic,OEM_dealer,16935.70,critical,6,22,0,E-009
bdaf8b77-9af4-47ad-bfde-fa3ed4462d13,LLX-GLE-0250,8f2b1c74-59d3-4a6e-9b21-7c4e0a5d3f88,3df19dcf-3ea6-4851-8552-d094f0ee47ee,Mercedes Actros 1836 250,vehicle,road_vehicle,Heavy_Truck_16T,Mercedes,Actros 1836,2019,SP LH-6908,WDBSLKAL1Y769WL8P,active,moderate,71.79,2019-12-08,2022-12-08,1ee01826-f527-47b8-9e03-d1f37836438b,281682.00,2026-06-22,2026-08-22,Mercedes Actros 1836 (Heavy Truck 16T) operating out of LankaLogix - Galle on heavy cargo transport duty.,"{""cargo_type"": ""industrial_parts"", ""route_type"": ""port_shuttle"", ""operating_shift"": ""day"", ""warehouse_short"": ""GLE"", ""source_vehicle_id"": ""SLW0923""}",608d7306-f79c-4916-9b39-69a1abea72d9,2019-12-08 09:00:00+00,2026-08-10 19:03:05.467947+00,heavy_cargo_transport,Mercedes Actros 1836,Diesel,Manual,authorized_workshop,15511.20,high,8,37,0,E-010
