id,asset_id,user_id,assigned_by,assigned_at,unassigned_at,is_active,notes
1aa6c79d-e389-4fb8-adf7-87279872ab30,21deadb0-71ed-418e-8c80-7994ae78cc44,ab3182a5-9c1a-4b46-99c0-a53fb59e2a10,23b91a79-185d-41b8-aed8-22bf2cb9f4af,2023-01-26 07:19:00+00,2024-05-17 12:05:00+00,f,Reassigned during shift roster change.
e51ca85a-9eef-4548-8bfc-5038046cf648,21deadb0-71ed-418e-8c80-7994ae78cc44,5f77fc29-69bb-4b2b-8d0c-636c6f55884d,23b91a79-185d-41b8-aed8-22bf2cb9f4af,2026-04-23 15:08:00+00,,t,
f341b3dc-8b93-479d-ad04-697be36ff2ed,81282175-0fe3-4eaa-b9eb-8a7032257156,7b15e034-e9b1-4474-82ae-7a58157ca076,5dba83b3-52f3-44e6-84c0-7cb40b7e1cf7,2023-05-31 07:22:00+00,2023-12-30 07:13:00+00,f,Reassigned during shift roster change.
a6bdf94b-9718-42b1-8e11-b6607ab958c5,81282175-0fe3-4eaa-b9eb-8a7032257156,b6fe1c4e-8bcc-41cb-851c-08a32b18140c,5dba83b3-52f3-44e6-84c0-7cb40b7e1cf7,2023-12-31 05:04:00+00,2024-08-13 06:03:00+00,f,Reassigned during shift roster change.
c434806f-e191-4865-b474-41b4fe1597a6,81282175-0fe3-4eaa-b9eb-8a7032257156,d65014ad-c56f-49bf-9314-01a6c88cbb67,5dba83b3-52f3-44e6-84c0-7cb40b7e1cf7,2025-11-18 08:21:00+00,,t,
5e1e46e3-9c5a-4d31-b9a6-b759425620b4,3f4fdd32-6cb7-4f92-96d9-882a5efb9228,db9ceda9-fe88-48a4-a8bc-b6d5b8e1c93d,8ffcd728-c372-4540-9a04-7fa0c88e9347,2022-03-10 08:11:00+00,2023-03-18 12:34:00+00,f,Reassigned during shift roster change.
6541c964-92d3-4145-80b9-ad1ee5e22eb8,3f4fdd32-6cb7-4f92-96d9-882a5efb9228,62d962ea-3a37-474e-8610-311f35bfaafd,8ffcd728-c372-4540-9a04-7fa0c88e9347,2023-04-15 11:20:00+00,2024-04-14 16:49:00+00,f,Reassigned during shift roster change.
87855990-7bce-455b-b8a7-f4d5ee142d88,3f4fdd32-6cb7-4f92-96d9-882a5efb9228,b015ed00-cd8b-4041-89b9-9e79ccc5d00b,8ffcd728-c372-4540-9a04-7fa0c88e9347,2026-02-13 05:07:00+00,,t,
ea1863cf-db21-4a3c-9def-b7de87a1c845,a930afaa-d8b4-4e98-b775-d12c44fdfc53,4596af2e-27bb-46cb-adf3-0f5b781fbcfc,23b91a79-185d-41b8-aed8-22bf2cb9f4af,2026-01-20 16:46:00+00,,t,
845270fd-f737-4fdd-8711-76da406144fa,f323b090-d79e-4276-96a2-4561484a604d,5b8bec9d-ce7b-4e63-bf0d-22f39a35438c,5dba83b3-52f3-44e6-84c0-7cb40b7e1cf7,2026-05-05 17:40:00+00,,t,
ee6a5738-945c-48a5-a2d7-db577ef23eac,3cce7119-a606-49ab-8812-af6ec60d15cd,d7419f5f-8d51-43a3-b44e-68440cc641b4,8ab44335-30b9-42d8-a1c3-82e009ea7876,2025-07-21 06:35:00+00,,t,
39cc15c5-d264-4d1c-b5f6-23a61e495a7f,478b9ab5-a367-45c0-ae38-0d5a37855e32,a5873caa-58e3-478e-9e5c-c4f5be6aeec5,e3203996-7192-4f35-b4d9-8d19dd61882f,2023-05-08 07:03:00+00,2023-11-19 12:54:00+00,f,Reassigned during shift roster change.
14c63464-5f96-4270-950f-f868e6d09e44,478b9ab5-a367-45c0-ae38-0d5a37855e32,d38515f1-d5cf-4346-9352-be8bb20aee1e,e3203996-7192-4f35-b4d9-8d19dd61882f,2025-12-05 16:05:00+00,,t,
3b4ac573-836e-40c3-bf80-9094681936fd,fbc1df33-253b-43d9-be04-2e1af85d7a96,f4abb4c1-a221-41bd-bfa3-0c6883a700a8,294b7244-8922-4faa-8a66-ecf7f2d31ede,2023-06-28 16:05:00+00,2023-11-27 08:01:00+00,f,Reassigned during shift roster change.
1c5b2e82-0fce-4532-befd-7cffecdc622f,fbc1df33-253b-43d9-be04-2e1af85d7a96,cea796b2-64d1-4259-b1e7-4b06b3468fcd,294b7244-8922-4faa-8a66-ecf7f2d31ede,2026-04-24 12:24:00+00,,t,
a3040f50-5454-4a97-a37d-f68a3d786633,b926f223-21f0-47bb-b843-f8e1c928952d,20126955-a95e-4d8b-8121-28b48b6f18a9,294b7244-8922-4faa-8a66-ecf7f2d31ede,2023-05-25 12:16:00+00,2023-10-06 13:35:00+00,f,Reassigned during shift roster change.
d0905198-59f7-49fa-ab69-c89d6e277927,b926f223-21f0-47bb-b843-f8e1c928952d,4a6d004d-dedd-4af0-a5f2-74c1780e2f7a,294b7244-8922-4faa-8a66-ecf7f2d31ede,2025-12-17 15:20:00+00,,t,
cccf4105-c576-458f-a1fa-d693500a9438,90b0380d-5281-4bf4-849e-1c26b49e1de2,13634e4d-a8fe-47d0-a449-08d80fb48d14,2b0b58b5-c777-4903-8b21-ef25ce17a71a,2025-10-30 08:39:00+00,,t,
d026e5aa-451c-47dc-a9f4-6213cdc2669d,0173720c-7c96-4a4e-80d5-2628c1c40504,42a4811f-89ae-4439-b6c0-baff419e5c2f,dff1d306-f643-4c9e-abb3-5409e072abc4,2022-01-25 13:12:00+00,2022-11-19 08:09:00+00,f,Reassigned during shift roster change.
47be87d9-0ff3-459a-9316-73ad6635b473,0173720c-7c96-4a4e-80d5-2628c1c40504,202f85e0-a81b-4067-b831-8e0688702cd1,dff1d306-f643-4c9e-abb3-5409e072abc4,2022-11-25 08:21:00+00,2024-03-21 13:38:00+00,f,Reassigned during shift roster change.
aac6c6c1-f4b4-4a86-a562-b6fb772e6d87,0173720c-7c96-4a4e-80d5-2628c1c40504,d7419f5f-8d51-43a3-b44e-68440cc641b4,dff1d306-f643-4c9e-abb3-5409e072abc4,2026-04-18 15:24:00+00,,t,
f7ff934a-ffa9-4992-8f41-d503bfdc7be5,c0697d71-a101-462b-9e82-ea8a93ee5648,73695667-456a-4647-a906-c5b0637e2854,23b91a79-185d-41b8-aed8-22bf2cb9f4af,2026-04-17 10:03:00+00,,t,
d66a09ee-40a2-485b-994a-6611fd023d22,98939830-9374-4252-befd-c1b2e56844eb,51ed7e64-6868-4e03-9b23-cb9d7039bb47,aedad933-6f7e-4d2e-b6df-191c9e459887,2025-09-26 06:31:00+00,,t,
d9e5ec24-bbfe-4148-b0df-01337edf1e75,dc6c2c1e-89ee-45c7-a5f2-834350b21343,592d2d77-a4d9-4bf7-b60c-a371e5186c20,66b4f764-8e90-4915-9c0a-f21f27ae4f4d,2023-07-10 12:40:00+00,2024-02-01 14:06:00+00,f,Reassigned during shift roster change.
2fdd4c5a-b858-4f28-b298-11f694356d25,dc6c2c1e-89ee-45c7-a5f2-834350b21343,a72e6fba-d71b-4316-adc9-7c89dac3d35e,66b4f764-8e90-4915-9c0a-f21f27ae4f4d,2024-02-16 13:54:00+00,2025-06-10 12:39:00+00,f,Reassigned during shift roster change.
75e9cd08-6f2a-4f72-bf35-126bf30e58de,dc6c2c1e-89ee-45c7-a5f2-834350b21343,a0536940-0682-4198-bae6-6db251d72de4,66b4f764-8e90-4915-9c0a-f21f27ae4f4d,2025-08-25 07:53:00+00,,t,
1aca7e4c-d879-48e5-a175-3bc31dff525a,1f71a3be-447e-4e46-818c-4df2a35836be,069f1f28-cb8b-428e-8adb-2793823295cd,5dba83b3-52f3-44e6-84c0-7cb40b7e1cf7,2023-01-22 07:59:00+00,2023-06-13 14:37:00+00,f,Reassigned during shift roster change.
4687eef0-f388-464a-b136-5ebad2bbff71,1f71a3be-447e-4e46-818c-4df2a35836be,f0e51d89-d9ca-4b64-914c-a6d53a625ed0,5dba83b3-52f3-44e6-84c0-7cb40b7e1cf7,2023-06-17 05:57:00+00,2024-09-24 08:59:00+00,f,Reassigned during shift roster change.
2f1cf288-dd5c-4d94-bafb-007f8447ee02,1f71a3be-447e-4e46-818c-4df2a35836be,e91776d8-e25d-4e1d-88f3-4547156b4930,5dba83b3-52f3-44e6-84c0-7cb40b7e1cf7,2025-11-09 08:14:00+00,,t,
15413c9c-ca98-4da6-b90f-ebc0a7f08188,c72e4772-3ba3-4695-90e5-ca7217ab8067,ce245dd7-6b03-4b7a-9fc0-58b0c050ce47,dff1d306-f643-4c9e-abb3-5409e072abc4,2026-01-07 11:51:00+00,,t,
552b831c-8941-467b-ab42-76fb8535fd1c,ca71281e-9b47-4bc5-b3f4-ed06717e18b9,3cbe7f84-3280-4303-9ada-28fbd2d697f3,fc975356-d5cc-4bdc-ab35-2dc5c648c8f2,2023-06-30 10:02:00+00,2024-02-23 17:33:00+00,f,Reassigned during shift roster change.
0e377985-35eb-407e-a0ab-12fce4927ee2,ca71281e-9b47-4bc5-b3f4-ed06717e18b9,507be855-1ac1-43a9-b1f4-fe62d2b838d9,fc975356-d5cc-4bdc-ab35-2dc5c648c8f2,2026-05-02 13:01:00+00,,t,
40faeacd-2910-4018-b7d0-ea49e5b1350f,c325baa9-08eb-43c2-b5c5-3a1e467afc10,50bf24b6-3d33-459f-9fda-8afb2e3d9611,dff1d306-f643-4c9e-abb3-5409e072abc4,2023-10-23 08:10:00+00,2024-04-09 15:40:00+00,f,Reassigned during shift roster change.
04b08183-32f6-4be0-94f9-25d7416fda10,a2351705-ae47-43a6-a73e-d5497c3657b7,70da0d38-1e21-4bef-94a1-7db6b6989b3a,5dba83b3-52f3-44e6-84c0-7cb40b7e1cf7,2023-08-25 14:49:00+00,2024-04-18 17:04:00+00,f,Reassigned during shift roster change.
8072796f-c13c-432c-b161-900c7073a5d6,a2351705-ae47-43a6-a73e-d5497c3657b7,c249776d-49ca-479a-a7d1-043bf0d148b3,5dba83b3-52f3-44e6-84c0-7cb40b7e1cf7,2024-05-07 06:07:00+00,2025-05-25 15:04:00+00,f,Reassigned during shift roster change.
ba2f1045-4b0d-4511-ae92-11849caeac9f,a2351705-ae47-43a6-a73e-d5497c3657b7,bec780bb-a3c0-4ba2-b593-563d95c479d3,5dba83b3-52f3-44e6-84c0-7cb40b7e1cf7,2025-10-08 07:53:00+00,,t,
d17c9234-8275-48f1-8a78-3c7f81a78781,d96ecab9-062f-4892-a7ea-535b6b2a33c5,e7e29924-482e-4793-8e68-13f315252329,dff1d306-f643-4c9e-abb3-5409e072abc4,2022-10-19 06:47:00+00,2023-02-19 10:40:00+00,f,Reassigned during shift roster change.
3adb455e-71ae-42d5-a27f-393f74d6f786,d96ecab9-062f-4892-a7ea-535b6b2a33c5,7fd8736c-4f22-4d99-be16-3f59826aed5d,dff1d306-f643-4c9e-abb3-5409e072abc4,2023-03-04 08:06:00+00,2024-03-10 05:52:00+00,f,Reassigned during shift roster change.
4055c8e4-0203-4d3d-9901-cc3eec5fc571,d96ecab9-062f-4892-a7ea-535b6b2a33c5,8c660120-06ae-494a-8b89-5ba8438020a9,dff1d306-f643-4c9e-abb3-5409e072abc4,2026-03-21 10:19:00+00,,t,
c0265411-9e94-4d0f-a151-463295ca7586,9796e3a7-c20e-4973-b450-47183277c255,36c2e208-8f6c-4b7b-add1-a4210cd2f372,e3203996-7192-4f35-b4d9-8d19dd61882f,2025-11-28 07:11:00+00,,t,
b5866f86-4069-4cf9-b348-2d2946381444,8a4c82cf-dd45-4d69-8b71-e6f595a0e641,200768f1-cf09-411b-9405-f04979d0e652,2b0b58b5-c777-4903-8b21-ef25ce17a71a,2023-10-26 11:34:00+00,2024-04-13 12:53:00+00,f,Reassigned during shift roster change.
e1f7feb6-5866-4f32-af32-9748824fe832,8a4c82cf-dd45-4d69-8b71-e6f595a0e641,3cbe7f84-3280-4303-9ada-28fbd2d697f3,2b0b58b5-c777-4903-8b21-ef25ce17a71a,2026-02-13 05:33:00+00,,t,
e5c8affc-4cda-42c1-b736-05b61438f1a6,8b3576a4-8142-419f-aa84-b50982c0d425,e00b3cbd-1bfa-4cbb-82d2-e65668d545ac,fc975356-d5cc-4bdc-ab35-2dc5c648c8f2,2022-08-18 14:39:00+00,2022-12-30 13:18:00+00,f,Reassigned during shift roster change.
b41e8936-62a5-454f-8ac1-ce3f7e9fe4a2,8b3576a4-8142-419f-aa84-b50982c0d425,e605199f-2c85-4b2b-9253-c4f54c926958,fc975356-d5cc-4bdc-ab35-2dc5c648c8f2,2023-01-17 05:21:00+00,2023-12-14 15:28:00+00,f,Reassigned during shift roster change.
ee93a445-f54e-4f0c-9bbc-cd7f9990c6d4,8b3576a4-8142-419f-aa84-b50982c0d425,937836a7-8559-4e05-b21a-4a1841beb635,fc975356-d5cc-4bdc-ab35-2dc5c648c8f2,2025-12-27 09:36:00+00,,t,
8cbe2c0e-7777-4103-a10b-246bca36b9bb,dadfeae3-accb-4736-b054-a6e525236d7f,42bf7196-20f8-4ee2-b42f-ee966b90d96d,dff1d306-f643-4c9e-abb3-5409e072abc4,2023-06-11 07:44:00+00,2023-11-26 05:11:00+00,f,Reassigned during shift roster change.
e07ef861-c317-4f78-ad3f-250cab6af9ab,dadfeae3-accb-4736-b054-a6e525236d7f,42665fec-7225-4509-8ad2-324bb15dc7cf,dff1d306-f643-4c9e-abb3-5409e072abc4,2026-01-14 17:12:00+00,,t,
a5780be8-8fd5-4f76-a2e9-4f6ab618e594,db643666-eb36-4779-8c4e-2f86423c4836,eac9c883-8821-4ef4-829f-f76abfc4d4d2,fc975356-d5cc-4bdc-ab35-2dc5c648c8f2,2024-02-12 10:34:00+00,2024-09-09 17:58:00+00,f,Reassigned during shift roster change.
0883eb64-5981-48d4-a7d3-99b7ee116bc0,db643666-eb36-4779-8c4e-2f86423c4836,6f638e31-3dce-444b-bbc1-3694a9871bde,fc975356-d5cc-4bdc-ab35-2dc5c648c8f2,2024-09-24 14:17:00+00,2025-09-27 06:53:00+00,f,Reassigned during shift roster change.
c938f873-9f00-4092-b018-333e8e33b388,4266e39a-2dae-4e2a-be4b-b2df329d3fca,f0e51d89-d9ca-4b64-914c-a6d53a625ed0,aedad933-6f7e-4d2e-b6df-191c9e459887,2025-10-05 16:30:00+00,,t,
485a6628-152a-44c9-acc2-bb87d9ccbf55,7871b8d7-cf14-45a9-8d4a-49e5a3ca1af0,80b1ad8c-feff-46bb-a25a-c63711fbe13d,2b0b58b5-c777-4903-8b21-ef25ce17a71a,2022-08-03 10:36:00+00,2023-12-13 08:54:00+00,f,Reassigned during shift roster change.
65a86094-8f9f-4f3f-b139-d63765ed9299,7871b8d7-cf14-45a9-8d4a-49e5a3ca1af0,f19d2bfe-7bb4-41c7-a1b7-e9e784553c70,2b0b58b5-c777-4903-8b21-ef25ce17a71a,2023-12-14 13:45:00+00,2024-12-08 12:56:00+00,f,Reassigned during shift roster change.
5a508da4-22a8-4efe-abda-ded9552cff58,7871b8d7-cf14-45a9-8d4a-49e5a3ca1af0,70da0d38-1e21-4bef-94a1-7db6b6989b3a,2b0b58b5-c777-4903-8b21-ef25ce17a71a,2025-10-26 13:02:00+00,,t,
e4688729-38c4-4ddf-97f6-6b1303a75c44,75754887-cbc3-4471-b180-f7299a6edbd7,202f85e0-a81b-4067-b831-8e0688702cd1,23b91a79-185d-41b8-aed8-22bf2cb9f4af,2023-06-15 08:21:00+00,2024-06-04 16:24:00+00,f,Reassigned during shift roster change.
a9ec1793-51e1-47a4-b13b-33b3acc9dda6,75754887-cbc3-4471-b180-f7299a6edbd7,79279b07-707c-4805-8691-f1e9b401bc9f,23b91a79-185d-41b8-aed8-22bf2cb9f4af,2026-05-16 13:20:00+00,,t,
76015950-a64b-4fff-b5f5-379b221b611b,a60ca723-0991-4f4e-a2dc-c191a76ee7d2,2ab72bf9-6e1e-4de2-9de6-563d411c74df,dff1d306-f643-4c9e-abb3-5409e072abc4,2026-06-29 12:56:00+00,,t,
e02714b1-33fd-4dbb-8d9c-081750046f36,23758f9e-767d-48f6-bb2c-814b1c5d7fbb,15cd63cb-e067-4cb2-84d1-2cb813162e1a,dff1d306-f643-4c9e-abb3-5409e072abc4,2022-12-18 08:43:00+00,2023-07-15 16:26:00+00,f,Reassigned during shift roster change.
4eea33d2-7900-4d6a-960a-9e5e4d614696,23758f9e-767d-48f6-bb2c-814b1c5d7fbb,566447db-e10d-4f1f-9254-c99a3d813b7a,dff1d306-f643-4c9e-abb3-5409e072abc4,2026-02-24 17:21:00+00,,t,
c527dbff-5e65-47b2-89f9-dc22acf83c84,fe087f68-8d38-4e53-bf25-b05ee45e2b4d,ce4f361f-4513-493d-b6be-9e2fe704e6a2,fc975356-d5cc-4bdc-ab35-2dc5c648c8f2,2025-11-13 07:18:00+00,,t,
53e46191-2560-4e7b-b22f-4d1a4cc46491,d0166556-dbdf-4236-a740-1465808d09a5,e7e29924-482e-4793-8e68-13f315252329,23b91a79-185d-41b8-aed8-22bf2cb9f4af,2022-12-31 09:12:00+00,2024-04-22 15:01:00+00,f,Reassigned during shift roster change.
93a813c8-bdcc-4a79-905a-bbd39b054e99,d0166556-dbdf-4236-a740-1465808d09a5,0bc7a756-d17e-4f35-ab42-767cfeedb897,23b91a79-185d-41b8-aed8-22bf2cb9f4af,2024-05-19 13:38:00+00,2024-09-19 06:00:00+00,f,Reassigned during shift roster change.
9785789b-8347-4e2b-b4e8-9c485cf18c09,d0166556-dbdf-4236-a740-1465808d09a5,9bb85a55-297b-4c01-8d94-5a8ecd35ad9a,23b91a79-185d-41b8-aed8-22bf2cb9f4af,2026-04-06 11:10:00+00,,t,
ba0e4aef-0ff9-423c-a044-7965e31e6c7d,fe954d4a-ed78-4a00-9e83-520184d3ad6f,d7419f5f-8d51-43a3-b44e-68440cc641b4,e3203996-7192-4f35-b4d9-8d19dd61882f,2023-06-08 11:56:00+00,2023-11-23 14:58:00+00,f,Reassigned during shift roster change.
4af26b61-c31c-490a-9d5a-2f65b8ee8c37,fe954d4a-ed78-4a00-9e83-520184d3ad6f,2de8e8a2-03a6-4d8e-93d9-4b8309004f45,e3203996-7192-4f35-b4d9-8d19dd61882f,2026-07-03 09:35:00+00,,t,
af882171-28ab-4366-b492-a3bc3142d6ea,6ce44fe0-1893-4020-96bc-f5f130f1c63e,9a9f1947-811f-4d1f-a9f5-ca5d18d1c869,8ab44335-30b9-42d8-a1c3-82e009ea7876,2023-10-06 09:27:00+00,2024-10-03 09:36:00+00,f,Reassigned during shift roster change.
3469fffa-afbc-47e1-8a9c-d8cbc339585b,6ce44fe0-1893-4020-96bc-f5f130f1c63e,8df4b871-8cf4-459c-ae8b-d7ff0c95e330,8ab44335-30b9-42d8-a1c3-82e009ea7876,2026-02-24 12:26:00+00,,t,
56449e3a-593f-4fb7-b3a8-f2c5937f3873,f9089dff-b9ca-453f-8419-04c95f6bde37,91aaeeb3-13d3-4ce4-8342-f57a3c5f20bf,5dba83b3-52f3-44e6-84c0-7cb40b7e1cf7,2023-07-06 06:56:00+00,2024-03-10 12:43:00+00,f,Reassigned during shift roster change.
79a2ae48-8236-4c48-a267-882ec3496cc2,f9089dff-b9ca-453f-8419-04c95f6bde37,15895ba8-1ab8-421c-b064-925e83da56aa,5dba83b3-52f3-44e6-84c0-7cb40b7e1cf7,2024-03-26 05:03:00+00,2025-04-19 07:54:00+00,f,Reassigned during shift roster change.
e7c6d628-fc2d-4a7d-b78d-4c71ebebef13,f9089dff-b9ca-453f-8419-04c95f6bde37,143699d5-a598-400d-9e81-15f50ae0115e,5dba83b3-52f3-44e6-84c0-7cb40b7e1cf7,2026-01-04 14:01:00+00,,t,
1d16c5a8-6994-46de-baaa-cafcf4af3dfc,f969ee23-b30d-4adf-a963-fab6c75ce713,65e1c26e-af5d-4b8c-94f7-12f2c561b570,294b7244-8922-4faa-8a66-ecf7f2d31ede,2022-04-07 16:07:00+00,2023-07-10 08:26:00+00,f,Reassigned during shift roster change.
77a154e0-2a87-4d1a-bd4d-22e2f4c04d2c,f969ee23-b30d-4adf-a963-fab6c75ce713,5f08f1f3-8428-4abc-abed-a7a219c80cb9,294b7244-8922-4faa-8a66-ecf7f2d31ede,2023-08-02 06:14:00+00,2024-01-25 05:36:00+00,f,Reassigned during shift roster change.
f35cb232-4ab6-45bd-9c57-b0de75c4cf89,f969ee23-b30d-4adf-a963-fab6c75ce713,541c9a20-b69e-4721-9954-55f661301a7b,294b7244-8922-4faa-8a66-ecf7f2d31ede,2025-09-23 09:02:00+00,,t,
74e727fe-a58c-4aba-bed5-06404c85138d,2d46c4da-b053-4eb1-a0a1-192a7a8748e9,f5b37c64-bd71-4c76-80ed-eec260b6b410,66b4f764-8e90-4915-9c0a-f21f27ae4f4d,2025-09-13 14:21:00+00,,t,
c6d3720e-a666-43bf-8837-2c116654f0ed,ca5f1852-68ef-4d40-9c0c-e98d62a32911,fa9a8e96-62c3-4e58-8fb8-93f9da3a3fb7,dff1d306-f643-4c9e-abb3-5409e072abc4,2023-11-21 16:20:00+00,2024-09-26 10:21:00+00,f,Reassigned during shift roster change.
bd01cb42-432c-448e-9ad4-b4d38164c1a4,74a04835-7fa8-4da7-8a06-7764f969d49a,f3d1ade7-2879-431a-9353-2d23c663a92b,66b4f764-8e90-4915-9c0a-f21f27ae4f4d,2024-02-03 13:50:00+00,2024-06-09 16:29:00+00,f,Reassigned during shift roster change.
5d58877e-611e-40ba-b9cd-f8954d4271bf,74a04835-7fa8-4da7-8a06-7764f969d49a,1f2fe8ba-e887-4f53-b5bf-1f7937e1e4fb,66b4f764-8e90-4915-9c0a-f21f27ae4f4d,2024-06-12 09:54:00+00,2025-07-25 10:42:00+00,f,Reassigned during shift roster change.
66f13aba-c893-497f-bc41-7c38a96efe6b,74a04835-7fa8-4da7-8a06-7764f969d49a,4dae12d3-0065-4c88-b0e2-1cd4b3b335f7,66b4f764-8e90-4915-9c0a-f21f27ae4f4d,2026-01-09 07:18:00+00,,t,
3d10c900-30d8-4351-ad1b-f219086ae1b6,dfb03152-778d-444f-b74c-7b176acbb8f6,e4b0a22a-aa25-4f65-9d5f-7da7d176bfa4,aedad933-6f7e-4d2e-b6df-191c9e459887,2025-09-15 06:43:00+00,,t,
6a641636-99e9-42ce-87a9-227605175a82,40431827-4e79-4d34-9065-2cde676d0ca6,4f3a3dc2-e549-4297-9901-d7612b6c6e8b,5dba83b3-52f3-44e6-84c0-7cb40b7e1cf7,2022-01-12 11:10:00+00,2022-11-08 15:31:00+00,f,Reassigned during shift roster change.
0c919c5c-1b4e-4601-a575-71593ba80dc4,40431827-4e79-4d34-9065-2cde676d0ca6,f085143a-685f-40c1-99da-35b791b4765e,5dba83b3-52f3-44e6-84c0-7cb40b7e1cf7,2026-06-07 13:43:00+00,,t,
e5849b14-8a3c-40f5-b0c1-330160b2cd08,25cec974-793b-47e6-a493-179cc5de2d53,2eddc02d-4050-44d6-8eb4-a722c2fdd4bc,8ab44335-30b9-42d8-a1c3-82e009ea7876,2024-02-01 15:34:00+00,2024-08-02 08:51:00+00,f,Reassigned during shift roster change.
9b130e1f-a0af-4507-887f-bb5c40ec3317,25cec974-793b-47e6-a493-179cc5de2d53,bfbc513c-fc16-48d3-bc97-937cb60188cd,8ab44335-30b9-42d8-a1c3-82e009ea7876,2026-07-18 08:08:00+00,,t,
9bb0e34e-7315-411e-b9ed-58824a1e4247,51bad7a3-3c87-4082-81ea-595e0a20afb4,b868c838-2d0b-4a43-8ebc-a65d7a8124b5,dff1d306-f643-4c9e-abb3-5409e072abc4,2023-06-13 10:14:00+00,2024-01-09 16:23:00+00,f,Reassigned during shift roster change.
0cfb2e78-1bff-4c47-bf1c-b518b111aa72,51bad7a3-3c87-4082-81ea-595e0a20afb4,caed6520-d13f-4cca-b266-28e851bcedb2,dff1d306-f643-4c9e-abb3-5409e072abc4,2026-03-28 07:11:00+00,,t,
adf5a315-78fb-4375-8920-72bf3b474611,a98a29d4-a102-41ac-9f92-818e13280eee,ebb9527c-518e-4fe9-a686-6a365ae6f8c8,fc975356-d5cc-4bdc-ab35-2dc5c648c8f2,2023-06-29 08:09:00+00,2024-08-31 16:20:00+00,f,Reassigned during shift roster change.
16e9e69c-637d-4b1c-aedc-92844f2cf00c,a98a29d4-a102-41ac-9f92-818e13280eee,ce3a6f56-693b-4df4-b602-ed2623c68aad,fc975356-d5cc-4bdc-ab35-2dc5c648c8f2,2024-09-07 15:49:00+00,2025-06-10 12:17:00+00,f,Reassigned during shift roster change.
aa2fbb4f-0d69-4cea-aa34-a14c075e29e5,a98a29d4-a102-41ac-9f92-818e13280eee,20126955-a95e-4d8b-8121-28b48b6f18a9,fc975356-d5cc-4bdc-ab35-2dc5c648c8f2,2026-02-08 15:44:00+00,,t,
b1003ada-f573-459e-abc3-b67721b8fa20,2ec75100-ff62-4c0c-9af0-e30b340dc708,58d58f6f-c7d9-4037-9d48-18e1877be077,23b91a79-185d-41b8-aed8-22bf2cb9f4af,2023-12-11 14:43:00+00,2024-11-04 17:09:00+00,f,Reassigned during shift roster change.
e1269c75-32d0-401f-aa4c-90f4a698fe07,2ec75100-ff62-4c0c-9af0-e30b340dc708,d8054855-141d-41de-b91c-4fd89942c56e,23b91a79-185d-41b8-aed8-22bf2cb9f4af,2024-11-11 09:22:00+00,2025-10-06 08:37:00+00,f,Reassigned during shift roster change.
4e41dcbb-4a4b-455e-b211-73980a644b20,79697e99-92b1-4130-83e3-9c66bd997426,aae4b5c2-8efb-42b7-88a7-a8fe7a86e7c7,5dba83b3-52f3-44e6-84c0-7cb40b7e1cf7,2026-03-18 09:16:00+00,,t,
8dad6db3-d304-4dee-877f-0b5bf1829f19,35d3cd58-a044-44de-8df9-46ff9ff442f0,bbfad8bc-9c98-4759-962b-c83bde076c4a,2b0b58b5-c777-4903-8b21-ef25ce17a71a,2022-08-31 10:48:00+00,2023-08-10 13:49:00+00,f,Reassigned during shift roster change.
e06de1dc-f0b6-4297-a39c-f7a9ea8077cc,20ff8673-2088-4122-92f5-3a06cde0f0c4,e794ba95-b522-45c5-aa4d-2a17ab76071c,e3203996-7192-4f35-b4d9-8d19dd61882f,2023-06-05 08:54:00+00,2024-02-04 10:10:00+00,f,Reassigned during shift roster change.
3eee9a91-68e7-4d88-bd75-26f480067a5a,20ff8673-2088-4122-92f5-3a06cde0f0c4,20ab5d3f-f2ca-4af4-b3c1-43fbcfad7b62,e3203996-7192-4f35-b4d9-8d19dd61882f,2024-02-18 05:37:00+00,2025-05-20 15:30:00+00,f,Reassigned during shift roster change.
a2e2f9e5-0af0-4635-8359-77482e727c8c,20ff8673-2088-4122-92f5-3a06cde0f0c4,8a305a4e-04c7-4ae3-b63f-7e3a868e8690,e3203996-7192-4f35-b4d9-8d19dd61882f,2026-02-17 15:30:00+00,,t,
b18b35d1-8d79-419d-8b09-bb3b12b86194,d401a46b-56b8-4616-a97a-d8ccccce6260,5e08f9f1-1943-48a3-a0a5-ba6fb8609095,294b7244-8922-4faa-8a66-ecf7f2d31ede,2022-05-20 05:27:00+00,2023-05-06 15:34:00+00,f,Reassigned during shift roster change.
e7f42d59-f33e-4ff4-8b56-9d50ad5b29c3,7e1c9317-2c5e-4218-9703-5af8023b32c9,80e1566c-3ebe-4998-9ad4-6507a45544b7,23b91a79-185d-41b8-aed8-22bf2cb9f4af,2022-01-03 09:58:00+00,2023-03-10 10:13:00+00,f,Reassigned during shift roster change.
2f36868c-8d27-416e-b8ba-ae0ebaaaec5d,7e1c9317-2c5e-4218-9703-5af8023b32c9,20ab5d3f-f2ca-4af4-b3c1-43fbcfad7b62,23b91a79-185d-41b8-aed8-22bf2cb9f4af,2023-03-21 09:15:00+00,2024-01-31 12:27:00+00,f,Reassigned during shift roster change.
d1c3c765-a5e2-465e-b326-2f4eb27125d3,7e1c9317-2c5e-4218-9703-5af8023b32c9,88603b09-551d-4b59-8981-e27cd95f2b12,23b91a79-185d-41b8-aed8-22bf2cb9f4af,2026-02-23 07:22:00+00,,t,
3b957997-d261-4a98-84b4-13b78fb7a3d9,6f4880b7-7e82-4cb3-8d4a-75f4c07f83de,d4eba6f3-6edf-4ac8-939f-50ce81f48612,23b91a79-185d-41b8-aed8-22bf2cb9f4af,2026-04-02 14:05:00+00,,t,
57f09979-d2dc-440e-8965-4cdcbc17a72e,03902d81-44c4-48b1-aced-6fab0cc4835e,8f361a62-8ed3-428d-817b-d37a6cca0f0f,66b4f764-8e90-4915-9c0a-f21f27ae4f4d,2022-12-17 12:43:00+00,2024-03-13 12:02:00+00,f,Reassigned during shift roster change.
694a9c76-3f88-4415-b94c-3dfe00ce4eac,03902d81-44c4-48b1-aced-6fab0cc4835e,b86c3428-f167-40ff-8973-9c69b332b108,66b4f764-8e90-4915-9c0a-f21f27ae4f4d,2024-03-28 08:14:00+00,2025-02-16 09:11:00+00,f,Reassigned during shift roster change.
a54cea25-f2cf-4ef8-a3c0-38fed3db0d5e,03902d81-44c4-48b1-aced-6fab0cc4835e,53fa7f0e-3f0d-47ea-bd2d-695e63a234db,66b4f764-8e90-4915-9c0a-f21f27ae4f4d,2026-04-18 16:08:00+00,,t,
c3cd7336-a2a1-4bdd-8a81-afb99765f51d,55a52988-3327-4504-ab63-24e3d01fec89,e03cf70b-8427-4f1c-b5ab-29a941a4386f,8ffcd728-c372-4540-9a04-7fa0c88e9347,2023-01-30 17:27:00+00,2023-07-19 09:38:00+00,f,Reassigned during shift roster change.
c3232969-aa6b-47c5-9f8a-bdae8e7aee93,55a52988-3327-4504-ab63-24e3d01fec89,a1fd5c15-f4c2-416a-b42d-dc0980be48b4,8ffcd728-c372-4540-9a04-7fa0c88e9347,2023-08-16 12:45:00+00,2024-07-05 08:35:00+00,f,Reassigned during shift roster change.
b4628134-3fea-406c-9251-89818491d027,55a52988-3327-4504-ab63-24e3d01fec89,cb09e946-aa0f-4553-883f-a8fbb994dd6e,8ffcd728-c372-4540-9a04-7fa0c88e9347,2026-06-05 08:15:00+00,,t,
f06f6f3d-64c9-499b-a34d-d4738abea87e,3ccf3cee-0539-4aeb-9637-5e23cd4244be,b8bd2693-6e8f-4d53-8f57-8abb50dbc33c,aedad933-6f7e-4d2e-b6df-191c9e459887,2022-09-12 10:48:00+00,2023-02-23 06:53:00+00,f,Reassigned during shift roster change.
3e0cb9e6-f398-45ff-8a57-60c39573a4ca,3ccf3cee-0539-4aeb-9637-5e23cd4244be,741f34c2-9570-4d2f-9d70-f485e5c1f96f,aedad933-6f7e-4d2e-b6df-191c9e459887,2023-03-18 08:46:00+00,2024-07-14 12:19:00+00,f,Reassigned during shift roster change.
90624b46-811d-4bef-94e0-9a2a130bca51,3ccf3cee-0539-4aeb-9637-5e23cd4244be,9f06cc9a-b7c3-4251-821a-1cd09e60ef22,aedad933-6f7e-4d2e-b6df-191c9e459887,2025-10-19 06:29:00+00,,t,
c7cba068-62d2-44bc-ab4f-c9b25333c812,99e55906-4414-4a9a-899b-5b1eada5a50c,e63fb45e-1362-4e02-b414-1e0a67301dbf,8ffcd728-c372-4540-9a04-7fa0c88e9347,2026-06-26 15:13:00+00,,t,
c3b1bf2e-bbc2-4f19-a095-e9c6694eb325,0d161bef-773e-4e47-99e3-ab6dec724f90,9f06cc9a-b7c3-4251-821a-1cd09e60ef22,8ab44335-30b9-42d8-a1c3-82e009ea7876,2023-12-02 16:58:00+00,2024-12-09 05:24:00+00,f,Reassigned during shift roster change.
058138ad-6ae0-43c2-a925-fdcf00005071,0d161bef-773e-4e47-99e3-ab6dec724f90,55edc01a-8a5f-4b83-b49e-cb746b8e6bcf,8ab44335-30b9-42d8-a1c3-82e009ea7876,2024-12-13 08:07:00+00,2025-12-31 16:41:00+00,f,Reassigned during shift roster change.
8b24e0e3-d123-4bbc-a857-be247163a76d,e51f1f4b-b6d2-4235-b187-2fc2b39ac2b0,58e0105a-a433-440e-b5ce-fa630092e541,66b4f764-8e90-4915-9c0a-f21f27ae4f4d,2023-11-17 07:12:00+00,2024-09-06 13:54:00+00,f,Reassigned during shift roster change.
6431894d-f024-49c8-83e6-e2db8ba6f5f3,e51f1f4b-b6d2-4235-b187-2fc2b39ac2b0,a9a9d2d2-09e7-40de-b060-8dec80491082,66b4f764-8e90-4915-9c0a-f21f27ae4f4d,2024-09-18 12:02:00+00,2025-11-29 07:25:00+00,f,Reassigned during shift roster change.
2e787eb2-0478-4072-8caf-59a0565d7760,e51f1f4b-b6d2-4235-b187-2fc2b39ac2b0,c9a54ed1-18d6-44d1-a207-37620fd4bfd7,66b4f764-8e90-4915-9c0a-f21f27ae4f4d,2026-05-20 08:44:00+00,,t,
0b3a5c0f-5f73-4104-ac7d-79ae71249b18,53a5c490-e096-4c76-8fdc-8dbab502eda0,c53535f1-d350-4454-8e8c-a58e4b94e5e3,e3203996-7192-4f35-b4d9-8d19dd61882f,2023-03-18 15:05:00+00,2024-05-20 11:19:00+00,f,Reassigned during shift roster change.
1a45185e-aceb-477c-b1cb-aa691c2e2513,53a5c490-e096-4c76-8fdc-8dbab502eda0,8b55942c-2b97-465f-9fc1-bf658636108a,e3203996-7192-4f35-b4d9-8d19dd61882f,2024-05-22 08:09:00+00,2024-10-13 10:41:00+00,f,Reassigned during shift roster change.
665c24c4-f074-4812-8cf6-d9ed79f34195,53a5c490-e096-4c76-8fdc-8dbab502eda0,df366867-a42a-4b7d-96fe-88bfd133c829,e3203996-7192-4f35-b4d9-8d19dd61882f,2025-08-16 10:40:00+00,,t,
9bdb9eaa-7368-4ac0-8406-f68b7a28ef25,7b5e6dc3-20cc-486d-a186-dbe7ad427b78,29149225-4247-42a7-8958-7e2e64b8e427,8ffcd728-c372-4540-9a04-7fa0c88e9347,2025-08-26 07:13:00+00,,t,
e14042c8-de0b-4cc6-9b3f-f5ae59299fe7,3c11537a-d6aa-4914-acea-1920a6d15803,a1fd5c15-f4c2-416a-b42d-dc0980be48b4,294b7244-8922-4faa-8a66-ecf7f2d31ede,2023-04-05 07:22:00+00,2024-03-14 09:49:00+00,f,Reassigned during shift roster change.
b1239d0e-a552-4c28-96b4-80085de22229,50161312-256f-44a3-85ad-9191f026bff0,0055d1b9-390b-4ea8-8cb6-127ee3051d0e,fc975356-d5cc-4bdc-ab35-2dc5c648c8f2,2025-11-06 11:17:00+00,,t,
3e683ced-f603-44d4-8579-f16afc448d66,b2816f36-3baf-4a4e-bf89-02bb1a38b7fc,bdcafd2b-af00-4468-9bfa-56fec76a416b,e3203996-7192-4f35-b4d9-8d19dd61882f,2022-02-01 16:28:00+00,2022-12-05 09:06:00+00,f,Reassigned during shift roster change.
b41c0ffb-c55a-4164-b372-e8d7cf314051,b2816f36-3baf-4a4e-bf89-02bb1a38b7fc,a9a9d2d2-09e7-40de-b060-8dec80491082,e3203996-7192-4f35-b4d9-8d19dd61882f,2022-12-12 09:02:00+00,2023-07-17 10:54:00+00,f,Reassigned during shift roster change.
f403721d-6a7a-42ac-866e-d1c14a59ca89,b2816f36-3baf-4a4e-bf89-02bb1a38b7fc,862dfdd0-bfa1-4ab2-a8e0-7280ab4a68d5,e3203996-7192-4f35-b4d9-8d19dd61882f,2025-08-22 14:48:00+00,,t,
948a9d6b-24c5-4132-aa3d-e46db61810ba,2d31bc4f-be79-4137-ad28-75d9a534780d,bd13078d-a887-45cc-a7d9-3babe2ef6b8c,294b7244-8922-4faa-8a66-ecf7f2d31ede,2024-01-28 05:36:00+00,2025-05-19 11:08:00+00,f,Reassigned during shift roster change.
39f2e614-8648-41d8-972e-8afbe3200c86,2d31bc4f-be79-4137-ad28-75d9a534780d,69fde47c-f9ea-402d-abc7-25eb19a70e8a,294b7244-8922-4faa-8a66-ecf7f2d31ede,2025-05-21 16:20:00+00,2026-05-31 11:13:00+00,f,Reassigned during shift roster change.
5ad25178-2185-4c20-a274-d11a922c9c43,2d31bc4f-be79-4137-ad28-75d9a534780d,2ba52f1c-9da0-432b-a4c3-623540af6ae9,294b7244-8922-4faa-8a66-ecf7f2d31ede,2026-07-09 17:12:00+00,,t,
362bfbbb-bef7-466f-9823-8e1a1a0b1b1d,24e55145-16b5-4bfa-8a67-8c9379c45bbf,86c9b7b9-8d69-42b7-be6e-b98d2f5e6e09,aedad933-6f7e-4d2e-b6df-191c9e459887,2023-07-13 17:51:00+00,2024-07-24 07:16:00+00,f,Reassigned during shift roster change.
edcf0e50-c868-4fb6-a2ea-3b3c486ca226,24e55145-16b5-4bfa-8a67-8c9379c45bbf,700dde62-01ef-4dc7-bd5e-821eeb1986c3,aedad933-6f7e-4d2e-b6df-191c9e459887,2026-05-19 09:46:00+00,,t,
30bc74f2-9154-444b-b9a8-211855351718,e95c9753-aab0-4d3e-a39a-a87a4680f38d,022e2531-3147-464c-8ab0-f1461e0f7f2c,66b4f764-8e90-4915-9c0a-f21f27ae4f4d,2022-06-17 05:12:00+00,2023-04-18 09:33:00+00,f,Reassigned during shift roster change.
7aada790-588b-4d76-b87d-433ef9b52d10,41320fed-e734-44e9-9e02-22f9a47a91bb,dd8df242-b4d3-44f9-bebc-1f1f719d4adf,aedad933-6f7e-4d2e-b6df-191c9e459887,2022-05-05 17:12:00+00,2022-11-25 05:19:00+00,f,Reassigned during shift roster change.
ba6650f2-2099-4a7b-afed-ce20ed5be6d4,41320fed-e734-44e9-9e02-22f9a47a91bb,b5e9f1ed-2062-4d19-b2b1-2c2f5f9d9d1d,aedad933-6f7e-4d2e-b6df-191c9e459887,2026-01-12 14:50:00+00,,t,
7abcbfa3-c040-4e48-9411-838dc459c73a,53b67524-64be-4384-a1d6-d25d603520fa,ee03c479-a979-4cc3-8f63-f1e2294536bf,294b7244-8922-4faa-8a66-ecf7f2d31ede,2023-10-20 10:04:00+00,2024-07-31 17:36:00+00,f,Reassigned during shift roster change.
5007d146-f4f7-4539-b01a-7fe01bb11f25,53b67524-64be-4384-a1d6-d25d603520fa,ee03c479-a979-4cc3-8f63-f1e2294536bf,294b7244-8922-4faa-8a66-ecf7f2d31ede,2024-08-25 05:17:00+00,2025-11-06 15:06:00+00,f,Reassigned during shift roster change.
ed4aa443-25bc-4059-96f8-5d736406b13b,53b67524-64be-4384-a1d6-d25d603520fa,2de8e8a2-03a6-4d8e-93d9-4b8309004f45,294b7244-8922-4faa-8a66-ecf7f2d31ede,2025-11-17 07:00:00+00,,t,
86f325f2-ea54-40a6-a933-8b205ed852e3,e88c0d95-8702-4feb-9595-d896d4ef6e9e,caed6520-d13f-4cca-b266-28e851bcedb2,66b4f764-8e90-4915-9c0a-f21f27ae4f4d,2022-01-19 09:35:00+00,2023-04-14 17:50:00+00,f,Reassigned during shift roster change.
aab24345-1b31-45ec-a04b-6abeb51b0f2e,8cd99571-dcd4-454f-96d5-80f9b1e33dc8,a147aaff-7666-44df-be95-5ac65ea9bc50,5dba83b3-52f3-44e6-84c0-7cb40b7e1cf7,2023-07-05 05:47:00+00,2024-09-10 15:54:00+00,f,Reassigned during shift roster change.
259d78e7-2e4e-48d0-a859-d8ddb973fce3,8cd99571-dcd4-454f-96d5-80f9b1e33dc8,e03cf70b-8427-4f1c-b5ab-29a941a4386f,5dba83b3-52f3-44e6-84c0-7cb40b7e1cf7,2026-04-13 15:49:00+00,,t,
1f80d4a2-04ea-401f-8f4c-395bdab9a308,e854b8fd-76ef-4b99-96d5-68e4d0e04f10,765075e1-0e2f-47b5-9221-3011f36cb6f8,294b7244-8922-4faa-8a66-ecf7f2d31ede,2026-02-09 05:24:00+00,,t,
51c4bf8a-c929-4131-97ed-4a6939dc63ea,44701a9d-c363-4a61-bee1-382dcdf3c564,aba21d1b-36a1-4357-9262-19a52974219f,5dba83b3-52f3-44e6-84c0-7cb40b7e1cf7,2022-01-30 12:02:00+00,2022-11-18 05:40:00+00,f,Reassigned during shift roster change.
be796ebf-c30a-45ee-9075-fc2fd2822f3b,44701a9d-c363-4a61-bee1-382dcdf3c564,20126955-a95e-4d8b-8121-28b48b6f18a9,5dba83b3-52f3-44e6-84c0-7cb40b7e1cf7,2022-12-02 16:45:00+00,2023-05-03 06:46:00+00,f,Reassigned during shift roster change.
45f33be1-f3be-4f13-a586-bad16fd27b0b,286345f2-1279-4792-a5c6-2424ef22dc20,6afbbe79-b3b4-4bce-969a-13c3c0c87b06,66b4f764-8e90-4915-9c0a-f21f27ae4f4d,2022-12-22 10:06:00+00,2024-03-20 05:03:00+00,f,Reassigned during shift roster change.
06ebdc08-29d2-4d99-a467-25f381558816,286345f2-1279-4792-a5c6-2424ef22dc20,4f70eb8b-a508-4193-b75f-63ac8e236939,66b4f764-8e90-4915-9c0a-f21f27ae4f4d,2024-04-13 06:39:00+00,2025-06-23 17:24:00+00,f,Reassigned during shift roster change.
28cd7051-bef5-4f54-9d2a-4630bb739e58,286345f2-1279-4792-a5c6-2424ef22dc20,da2a67ac-05d9-4061-97d1-f011a05f6fe5,66b4f764-8e90-4915-9c0a-f21f27ae4f4d,2026-04-03 09:56:00+00,,t,
118adb42-21cf-4570-ad4b-4eb4e514fdce,3c9b7d58-9e24-4039-b71a-d3b00ee81822,e7963375-5e86-48ea-9553-3f5dbb55d897,2b0b58b5-c777-4903-8b21-ef25ce17a71a,2023-09-18 13:22:00+00,2024-05-20 17:36:00+00,f,Reassigned during shift roster change.
9384c659-b2be-4f6a-95f3-ed89435b6c14,3c9b7d58-9e24-4039-b71a-d3b00ee81822,fada15fe-d4d9-4730-9445-2a973cfc2d76,2b0b58b5-c777-4903-8b21-ef25ce17a71a,2024-06-13 11:19:00+00,2025-06-05 11:41:00+00,f,Reassigned during shift roster change.
1eda2775-8120-4e52-97de-c092f7c7d345,82046c3e-627b-47d5-80c5-5215c4afee8e,f0e51d89-d9ca-4b64-914c-a6d53a625ed0,294b7244-8922-4faa-8a66-ecf7f2d31ede,2022-09-07 06:22:00+00,2023-03-12 08:15:00+00,f,Reassigned during shift roster change.
eda5637f-a25b-49fc-bacc-a9b823204d3b,82046c3e-627b-47d5-80c5-5215c4afee8e,46ec9b5b-1e5e-4dd3-864d-3d7fcc5c0e57,294b7244-8922-4faa-8a66-ecf7f2d31ede,2025-12-08 12:52:00+00,,t,
8df2dbd1-fc07-4437-9d2e-523875f9bee6,73541e20-2c6f-4cde-9adf-4cc19475a57d,86e77588-110c-4754-810f-2399b3ca3978,e3203996-7192-4f35-b4d9-8d19dd61882f,2023-06-23 09:02:00+00,2024-02-22 13:27:00+00,f,Reassigned during shift roster change.
a5a14f20-019e-4427-8f4a-7c5f11590877,73541e20-2c6f-4cde-9adf-4cc19475a57d,be95ca2d-29f2-4fe2-bd65-ccf5e702b949,e3203996-7192-4f35-b4d9-8d19dd61882f,2025-09-02 12:29:00+00,,t,
4a22bafb-08a1-4816-acc5-657d685d2a72,fd8f8da6-2b70-4c63-ad0e-cf098e6b3e8d,4249c88c-d0ac-433f-b414-903379d7b070,aedad933-6f7e-4d2e-b6df-191c9e459887,2025-11-17 14:35:00+00,,t,
460232e2-0ca5-44ca-98af-910042eb9db9,c4c3c842-892b-4303-8f9b-bdd7a34a7a32,898080df-a0bf-47ff-b65d-d841ccd88b80,8ab44335-30b9-42d8-a1c3-82e009ea7876,2026-02-01 05:11:00+00,,t,
5720c4bd-2290-442c-9308-7a54e7d121b5,23c78f20-d69c-4820-b98d-0d6c4bf9449a,dd7c4b95-1941-47b3-8c25-f2385063e887,dff1d306-f643-4c9e-abb3-5409e072abc4,2023-11-14 13:00:00+00,2025-02-21 07:27:00+00,f,Reassigned during shift roster change.
f3a2cb17-e416-4357-bef8-8721467beab9,23c78f20-d69c-4820-b98d-0d6c4bf9449a,85ec9a19-bc02-4676-a16b-0a33f9ecc547,dff1d306-f643-4c9e-abb3-5409e072abc4,2026-06-15 10:33:00+00,,t,
3040840e-aa85-4657-9d82-29eb993b4add,244adecd-72e6-4e31-bedf-1bbbd90d47a0,3d0cb63d-4785-41f8-b2b9-cf6132befe97,e3203996-7192-4f35-b4d9-8d19dd61882f,2022-10-22 06:19:00+00,2023-09-08 16:40:00+00,f,Reassigned during shift roster change.
6429ca0b-f76c-4d18-bade-cd3cbe5bf053,244adecd-72e6-4e31-bedf-1bbbd90d47a0,b868c838-2d0b-4a43-8ebc-a65d7a8124b5,e3203996-7192-4f35-b4d9-8d19dd61882f,2023-09-26 11:17:00+00,2024-11-27 13:55:00+00,f,Reassigned during shift roster change.
a324c9eb-5271-4e70-b24a-039d93df3b0e,244adecd-72e6-4e31-bedf-1bbbd90d47a0,1bf61d3f-94c5-4a00-a27d-f70c6a229bf8,e3203996-7192-4f35-b4d9-8d19dd61882f,2026-05-06 17:55:00+00,,t,
0572694f-79c9-4cfe-91e0-f98e027e70c1,564d1eac-a692-4c23-b269-69cfc04b5b9e,c53535f1-d350-4454-8e8c-a58e4b94e5e3,66b4f764-8e90-4915-9c0a-f21f27ae4f4d,2025-09-13 09:24:00+00,,t,
45a737d3-05eb-43c4-81d5-5ffb650cde25,9e5916de-2363-4569-a851-619f284d5ae9,db9ceda9-fe88-48a4-a8bc-b6d5b8e1c93d,aedad933-6f7e-4d2e-b6df-191c9e459887,2023-02-24 15:54:00+00,2023-09-14 05:29:00+00,f,Reassigned during shift roster change.
0e37e541-d00f-4565-8c54-a4860adc3655,9e5916de-2363-4569-a851-619f284d5ae9,e00b3cbd-1bfa-4cbb-82d2-e65668d545ac,aedad933-6f7e-4d2e-b6df-191c9e459887,2025-10-02 09:20:00+00,,t,
3ad75011-170e-453a-a5c1-aaae02509845,88170ab4-46cd-4d93-ad4b-1d69ac15614b,559b097f-c978-452a-9fa1-cf043a09373a,e3203996-7192-4f35-b4d9-8d19dd61882f,2022-02-03 12:40:00+00,2023-03-29 16:39:00+00,f,Reassigned during shift roster change.
403d2072-e871-4cd3-bf06-6e0c3b9998d7,88170ab4-46cd-4d93-ad4b-1d69ac15614b,e57393bd-5c70-49b5-a53f-2b0727dc5d4b,e3203996-7192-4f35-b4d9-8d19dd61882f,2025-08-10 13:17:00+00,,t,
ae131571-11a8-427e-be6b-ce964cfd00af,558d7040-c1b9-48fa-bd59-763aee2b8ec5,3deb7c66-adee-4720-998c-6789fbe7caac,fc975356-d5cc-4bdc-ab35-2dc5c648c8f2,2023-10-10 11:50:00+00,2024-05-28 09:22:00+00,f,Reassigned during shift roster change.
71619848-9b0d-49af-8771-e9ea3a01c8fd,558d7040-c1b9-48fa-bd59-763aee2b8ec5,a367378f-0627-4a69-9fcd-33330bb4fe2c,fc975356-d5cc-4bdc-ab35-2dc5c648c8f2,2024-06-25 16:53:00+00,2025-02-24 17:51:00+00,f,Reassigned during shift roster change.
3a31430c-d984-494f-8307-70b789c76683,558d7040-c1b9-48fa-bd59-763aee2b8ec5,e63fb45e-1362-4e02-b414-1e0a67301dbf,fc975356-d5cc-4bdc-ab35-2dc5c648c8f2,2026-07-16 16:54:00+00,,t,
3e42cfdf-0b40-474b-8fda-f47a9f101f2a,9d220aaa-f4be-4254-a564-113e1e08d069,e056e605-c38d-4ee7-a691-1cf7bbd4a237,8ab44335-30b9-42d8-a1c3-82e009ea7876,2024-02-09 13:00:00+00,2024-07-04 10:13:00+00,f,Reassigned during shift roster change.
6f8a4a15-561b-4638-b328-705c51f2ef04,9d220aaa-f4be-4254-a564-113e1e08d069,8b4414e3-c4d5-45c5-9cc4-92fac5e71a84,8ab44335-30b9-42d8-a1c3-82e009ea7876,2025-11-18 11:26:00+00,,t,
6232e9a4-c25e-444c-a1ac-43989abfc536,4207e5db-3fe8-49b6-a3c1-772f6fbaae1a,dc7713dd-6bb6-4890-9467-499b23c21017,5dba83b3-52f3-44e6-84c0-7cb40b7e1cf7,2023-09-23 11:34:00+00,2024-01-30 09:34:00+00,f,Reassigned during shift roster change.
cf3a5647-1ab9-4537-b46e-6beb80013679,4207e5db-3fe8-49b6-a3c1-772f6fbaae1a,741f34c2-9570-4d2f-9d70-f485e5c1f96f,5dba83b3-52f3-44e6-84c0-7cb40b7e1cf7,2024-02-20 12:08:00+00,2024-07-13 07:38:00+00,f,Reassigned during shift roster change.
962f1b43-f8fc-4702-bf52-2839bac85433,e747472c-d57d-4b10-838c-394a5511a567,12dc50e0-4d2e-4d36-a680-4c2b19e22479,8ab44335-30b9-42d8-a1c3-82e009ea7876,2024-01-20 07:09:00+00,2025-04-10 14:40:00+00,f,Reassigned during shift roster change.
ddf71d09-4b1b-4c53-a9df-1ae254477451,e747472c-d57d-4b10-838c-394a5511a567,d70dbd23-4fd8-4986-b77e-4442b032f91e,8ab44335-30b9-42d8-a1c3-82e009ea7876,2025-11-15 13:01:00+00,,t,
95bc63ce-3295-44ae-bc6a-de959dbef932,53665e7e-dbdf-4c7c-bcf4-c618f1271001,46b73944-8ece-4c39-886b-b9a4aeefe08a,e3203996-7192-4f35-b4d9-8d19dd61882f,2022-04-05 12:56:00+00,2023-04-05 17:01:00+00,f,Reassigned during shift roster change.
1065c1f4-ef21-461a-adda-fa2124fb96c6,53665e7e-dbdf-4c7c-bcf4-c618f1271001,5a9f30d2-5c34-4a3b-a906-90cc10353d3e,e3203996-7192-4f35-b4d9-8d19dd61882f,2026-06-03 16:58:00+00,,t,
5c2fe4fb-fd38-4821-a305-d2d1812f0703,350efbc4-02a5-4f34-8b22-63b3943a655c,de2330df-c8a4-4a6c-909a-22902f65ea33,fc975356-d5cc-4bdc-ab35-2dc5c648c8f2,2022-01-28 16:25:00+00,2022-10-30 13:42:00+00,f,Reassigned during shift roster change.
28ecfcd4-fa80-4154-914c-238fbbe83050,350efbc4-02a5-4f34-8b22-63b3943a655c,be95ca2d-29f2-4fe2-bd65-ccf5e702b949,fc975356-d5cc-4bdc-ab35-2dc5c648c8f2,2022-11-07 16:27:00+00,2024-03-02 09:14:00+00,f,Reassigned during shift roster change.
7b250f69-4235-4af7-8a03-f42baef50629,350efbc4-02a5-4f34-8b22-63b3943a655c,d8054855-141d-41de-b91c-4fd89942c56e,fc975356-d5cc-4bdc-ab35-2dc5c648c8f2,2025-10-03 15:02:00+00,,t,
d4617fcf-553d-46f4-9866-de9e4eb0c0c4,a73ef037-6182-4cfa-932d-90d892423522,d4eba6f3-6edf-4ac8-939f-50ce81f48612,8ab44335-30b9-42d8-a1c3-82e009ea7876,2022-12-22 16:32:00+00,2023-11-23 14:50:00+00,f,Reassigned during shift roster change.
d6629e14-326a-4a80-bbc7-dcdc578dd9c2,a73ef037-6182-4cfa-932d-90d892423522,8f16f0cc-0478-4195-8ddb-43b8f8e96be6,8ab44335-30b9-42d8-a1c3-82e009ea7876,2026-01-29 13:55:00+00,,t,
19ed97bc-7bc3-47c4-8661-6302ace76498,44b81125-adc8-4730-9f99-be521711dcfc,86c9b7b9-8d69-42b7-be6e-b98d2f5e6e09,fc975356-d5cc-4bdc-ab35-2dc5c648c8f2,2022-04-18 06:27:00+00,2023-04-23 11:08:00+00,f,Reassigned during shift roster change.
82d7d5cc-ba9c-4345-bae9-ab8eaf4e93f2,44b81125-adc8-4730-9f99-be521711dcfc,ebb9527c-518e-4fe9-a686-6a365ae6f8c8,fc975356-d5cc-4bdc-ab35-2dc5c648c8f2,2025-08-04 12:22:00+00,,t,
0bd4f235-d6f6-49a4-a311-ed8237c115b6,9530afb5-393e-40a6-b2e0-32aaf0cc1766,a4ba5676-3ce2-4627-9373-22068a884f6d,8ffcd728-c372-4540-9a04-7fa0c88e9347,2023-05-18 06:59:00+00,2023-12-14 16:30:00+00,f,Reassigned during shift roster change.
dc9768bf-8f3b-4f3f-9de6-a54860a1b216,9530afb5-393e-40a6-b2e0-32aaf0cc1766,94c64335-4962-40b1-96fd-53632f8d49a3,8ffcd728-c372-4540-9a04-7fa0c88e9347,2025-10-08 12:56:00+00,,t,
ae5483c1-a298-4d0f-94fd-f661eec15220,1695a0f1-68bc-44c9-9dcb-66de549900a5,ce4f361f-4513-493d-b6be-9e2fe704e6a2,5dba83b3-52f3-44e6-84c0-7cb40b7e1cf7,2023-04-05 12:34:00+00,2024-02-14 09:41:00+00,f,Reassigned during shift roster change.
929d543d-bf85-41ab-ae26-d446b50cd266,1695a0f1-68bc-44c9-9dcb-66de549900a5,038749c2-de84-4c52-8f72-8637d74e9c08,5dba83b3-52f3-44e6-84c0-7cb40b7e1cf7,2025-08-01 08:07:00+00,,t,
3d2abfe8-c2f9-46bd-b575-886ad8cd02a3,f922a2be-ab7f-4cbe-abe7-5b54bf03636a,6b568122-8e5f-4230-93a9-c0335707eec2,dff1d306-f643-4c9e-abb3-5409e072abc4,2026-07-16 12:30:00+00,,t,
15fe51fd-4dd2-433a-870a-9fe647823c9a,301c9a8b-3e7c-42c1-bb26-78f173e94048,0a5c7be1-9646-4614-bef8-51e664afec90,5dba83b3-52f3-44e6-84c0-7cb40b7e1cf7,2022-07-16 10:53:00+00,2023-01-19 10:12:00+00,f,Reassigned during shift roster change.
5cbf6c20-7042-4162-ba54-3f432b2e14f4,301c9a8b-3e7c-42c1-bb26-78f173e94048,36b63157-00e6-49e6-8f44-aff1e9402f5b,5dba83b3-52f3-44e6-84c0-7cb40b7e1cf7,2026-05-26 09:47:00+00,,t,
18451f0b-03c3-4fbc-a40e-870bb9f65b67,861755f2-f92a-4af7-893f-2c2679b16918,566447db-e10d-4f1f-9254-c99a3d813b7a,5dba83b3-52f3-44e6-84c0-7cb40b7e1cf7,2022-07-11 09:49:00+00,2023-04-23 11:35:00+00,f,Reassigned during shift roster change.
0f93e703-7d38-4a6c-a052-1723875d57d7,861755f2-f92a-4af7-893f-2c2679b16918,93f0c347-46c9-419a-af5e-ce9e2648b755,5dba83b3-52f3-44e6-84c0-7cb40b7e1cf7,2026-02-17 14:07:00+00,,t,
49cc26dc-dea6-414c-bb58-460218a4c8d5,8b5d36dc-691e-4c7e-8f1b-e1907e60e0fc,9ebf10ee-b68b-44e3-98ae-f3d659e6282f,8ab44335-30b9-42d8-a1c3-82e009ea7876,2022-06-06 15:03:00+00,2023-04-19 16:07:00+00,f,Reassigned during shift roster change.
6d8713aa-d590-44a8-b864-d2d31e776a1a,8b5d36dc-691e-4c7e-8f1b-e1907e60e0fc,ab3182a5-9c1a-4b46-99c0-a53fb59e2a10,8ab44335-30b9-42d8-a1c3-82e009ea7876,2023-04-22 13:09:00+00,2024-06-30 16:06:00+00,f,Reassigned during shift roster change.
866ebd8e-cad6-43d3-9bb5-1e7187d95a4f,8b5d36dc-691e-4c7e-8f1b-e1907e60e0fc,6b568122-8e5f-4230-93a9-c0335707eec2,8ab44335-30b9-42d8-a1c3-82e009ea7876,2025-09-04 10:47:00+00,,t,
1012800d-d3a0-4073-8727-7fe97ad77ba3,1d57e408-734a-470e-8cef-051db78f4402,55f028a0-239f-4082-a2bd-1ea1da7fb8eb,dff1d306-f643-4c9e-abb3-5409e072abc4,2022-03-21 17:33:00+00,2023-03-20 06:37:00+00,f,Reassigned during shift roster change.
e84586e9-93a2-410c-a642-b63a05a270ef,1d57e408-734a-470e-8cef-051db78f4402,ee03c479-a979-4cc3-8f63-f1e2294536bf,dff1d306-f643-4c9e-abb3-5409e072abc4,2025-08-01 12:35:00+00,,t,
28b997fc-0b4c-4adb-ad28-19cd32a0bf1c,984bd1b4-8a0f-4477-9f27-44ed8ddc8177,c9e26361-f745-464e-a7ab-f05b26f3a921,5dba83b3-52f3-44e6-84c0-7cb40b7e1cf7,2026-05-16 06:50:00+00,,t,
e15da4a8-29db-411a-b3a4-f6ab8ecd14e2,671dda15-25a3-42dc-912a-850292460dc1,fa9a8e96-62c3-4e58-8fb8-93f9da3a3fb7,23b91a79-185d-41b8-aed8-22bf2cb9f4af,2022-03-02 06:10:00+00,2022-08-26 07:56:00+00,f,Reassigned during shift roster change.
2d4f16d8-3c1a-4feb-9ab4-42a7fe018ec1,671dda15-25a3-42dc-912a-850292460dc1,39d5700c-a1c9-4421-9f83-a2e5f6ca64cc,23b91a79-185d-41b8-aed8-22bf2cb9f4af,2022-08-27 09:07:00+00,2023-08-11 10:52:00+00,f,Reassigned during shift roster change.
9b5186f9-8eb1-4d7b-8b67-899b01bcf97e,671dda15-25a3-42dc-912a-850292460dc1,eba9aacb-62c6-4777-bee9-ea984880462e,23b91a79-185d-41b8-aed8-22bf2cb9f4af,2025-08-16 17:52:00+00,,t,
2ba4902f-e613-4799-9cca-5b16b2eb13bf,b2fe526d-3ba5-478b-a5bb-d9966403c941,0bc7a756-d17e-4f35-ab42-767cfeedb897,8ffcd728-c372-4540-9a04-7fa0c88e9347,2023-07-26 05:10:00+00,2024-05-04 12:04:00+00,f,Reassigned during shift roster change.
dbcdfdcd-797d-4ce4-be0d-5b278b09ab49,b2fe526d-3ba5-478b-a5bb-d9966403c941,012cb557-9817-4261-9ff7-f653f9baef78,8ffcd728-c372-4540-9a04-7fa0c88e9347,2025-11-10 16:00:00+00,,t,
a0c033f2-620e-4f43-836d-64733da12e18,f8181c70-e76e-482c-bda8-9ef8ae75efae,2de8e8a2-03a6-4d8e-93d9-4b8309004f45,2b0b58b5-c777-4903-8b21-ef25ce17a71a,2026-04-04 15:08:00+00,,t,
aac3cbdb-ada9-4c24-be99-01737ea7584a,2322eab1-2615-413a-b5fa-fdbb268e7ad0,bbfad8bc-9c98-4759-962b-c83bde076c4a,8ffcd728-c372-4540-9a04-7fa0c88e9347,2024-01-23 12:34:00+00,2025-04-30 13:16:00+00,f,Reassigned during shift roster change.
39c53302-e587-4f64-a4a9-bf52f916db9d,2322eab1-2615-413a-b5fa-fdbb268e7ad0,f47e14b1-db5d-42ad-b656-6fdf43e7bd97,8ffcd728-c372-4540-9a04-7fa0c88e9347,2025-05-17 06:12:00+00,2026-07-07 07:19:00+00,f,Reassigned during shift roster change.
c48e0aec-33eb-4c4d-8e27-8ee6584631d1,260753c6-c455-4d0f-bc45-cb6e700f7372,27617322-2ba2-4998-a78c-dde6a27ed2a2,8ab44335-30b9-42d8-a1c3-82e009ea7876,2023-12-05 15:00:00+00,2024-04-21 15:18:00+00,f,Reassigned during shift roster change.
8964af3b-a6d5-45e1-90c3-b056a7030bfd,dc4716fd-9087-43f7-acd7-f759b2ee3be7,b64ffa50-0a8d-4d72-9814-57c08216e6b3,5dba83b3-52f3-44e6-84c0-7cb40b7e1cf7,2022-03-16 08:58:00+00,2023-04-15 10:20:00+00,f,Reassigned during shift roster change.
f318fc83-e773-4c0b-b5e6-7600ab520b22,dc4716fd-9087-43f7-acd7-f759b2ee3be7,69c18b9a-2c07-45e1-953a-e4a54270089c,5dba83b3-52f3-44e6-84c0-7cb40b7e1cf7,2023-04-19 05:00:00+00,2023-11-18 17:23:00+00,f,Reassigned during shift roster change.
21714839-92ae-43e2-ae19-df970aa33565,dc4716fd-9087-43f7-acd7-f759b2ee3be7,e9ef9185-6e18-49a7-aa79-718267db9313,5dba83b3-52f3-44e6-84c0-7cb40b7e1cf7,2026-06-26 10:14:00+00,,t,
2a2dc645-1800-443a-8f39-02609f797ebf,ea128ceb-377c-4031-83f9-91efed2a3b46,4e8044de-b468-445f-aeb7-861ed06941eb,dff1d306-f643-4c9e-abb3-5409e072abc4,2025-07-24 08:46:00+00,,t,
05bf2fc9-3fbe-4e9c-91d9-695b98667b3b,2a55cd2f-c2a6-46ab-99f4-36624def68dd,d6a58d19-0433-442d-8e4b-6dd407e4e844,8ffcd728-c372-4540-9a04-7fa0c88e9347,2026-02-25 11:55:00+00,,t,
0d535cec-f1d4-4b7a-adc7-b2c4d4c7b501,f1b56121-64b9-4822-a5ba-80d791f0c625,3b846a2c-7ff9-489b-a54d-505dbf50778b,294b7244-8922-4faa-8a66-ecf7f2d31ede,2022-03-25 14:55:00+00,2022-09-09 11:26:00+00,f,Reassigned during shift roster change.
acc78602-4b30-40bb-8b5e-91563317061f,f1b56121-64b9-4822-a5ba-80d791f0c625,d3f403d0-2ef9-4993-9d49-1259a3d2e0ba,294b7244-8922-4faa-8a66-ecf7f2d31ede,2025-08-15 10:07:00+00,,t,
b17e2c42-fb8d-482a-b0e6-685cc9de3196,6cc61cbf-ef5f-48f9-ab25-d58b3977c08d,785218fb-cfc1-466f-8524-05e00d4d22a9,e3203996-7192-4f35-b4d9-8d19dd61882f,2026-01-03 10:25:00+00,,t,
d7b7d9f5-f691-4306-a41c-b4ef85c41913,8649c418-d267-452d-a2a5-c417333f2766,39d5700c-a1c9-4421-9f83-a2e5f6ca64cc,8ffcd728-c372-4540-9a04-7fa0c88e9347,2023-06-18 12:15:00+00,2024-10-06 16:21:00+00,f,Reassigned during shift roster change.
9882b10c-baff-4220-9a9a-4f2f53cd4e4a,8649c418-d267-452d-a2a5-c417333f2766,5e08f9f1-1943-48a3-a0a5-ba6fb8609095,8ffcd728-c372-4540-9a04-7fa0c88e9347,2025-07-27 07:30:00+00,,t,
05da0259-039b-4d99-bb18-273e095a90e9,0569e3c3-cb53-4705-aadf-0f9564bb022f,916fbbf1-64d9-4aeb-8446-d11375bdc5fd,5dba83b3-52f3-44e6-84c0-7cb40b7e1cf7,2024-01-17 12:17:00+00,2024-07-01 05:10:00+00,f,Reassigned during shift roster change.
4df2c04d-b87a-459c-9e44-292af5a45457,a42f1b2c-2a6d-4d71-b287-4336dfcf6e96,f4abb4c1-a221-41bd-bfa3-0c6883a700a8,e3203996-7192-4f35-b4d9-8d19dd61882f,2024-02-20 05:24:00+00,2025-02-24 17:42:00+00,f,Reassigned during shift roster change.
ea293346-8aa7-4bd4-9d22-6fec8ccf3b7b,abf671ee-cdca-4720-9643-eaee4b8a4161,8c660120-06ae-494a-8b89-5ba8438020a9,dff1d306-f643-4c9e-abb3-5409e072abc4,2023-10-04 17:24:00+00,2024-03-29 11:32:00+00,f,Reassigned during shift roster change.
bac70b92-5f3b-4d50-b967-274f20548a58,abf671ee-cdca-4720-9643-eaee4b8a4161,d6a58d19-0433-442d-8e4b-6dd407e4e844,dff1d306-f643-4c9e-abb3-5409e072abc4,2026-02-07 07:10:00+00,,t,
aa68e71e-9d57-47d7-a525-181245ba5189,c442cc42-53bf-428a-8e1a-5b2d3cbfae5b,771ce83b-d59b-4a82-854e-55bb2fbf2ff6,8ffcd728-c372-4540-9a04-7fa0c88e9347,2023-02-28 08:31:00+00,2023-11-17 06:26:00+00,f,Reassigned during shift roster change.
16fbba5d-1010-47d3-9637-20bbd396bccb,c442cc42-53bf-428a-8e1a-5b2d3cbfae5b,b46cf761-3db0-4767-b410-65aa1a2825fb,8ffcd728-c372-4540-9a04-7fa0c88e9347,2026-02-15 08:07:00+00,,t,
6a68f6ab-af8e-4ba6-a6ac-c52ff9ac8076,9ad040f4-5c3e-4773-a0f3-8e8660fbd630,cd3fd2fa-00e7-4567-8457-01ddb880b719,dff1d306-f643-4c9e-abb3-5409e072abc4,2025-08-10 09:50:00+00,,t,
c5c09ae6-5f36-4aa5-a48b-13071f29c893,e0a073b3-0bb0-4ef4-a30f-cf4114d12201,65e1c26e-af5d-4b8c-94f7-12f2c561b570,e3203996-7192-4f35-b4d9-8d19dd61882f,2025-12-29 10:10:00+00,,t,
74cef9be-b566-4a0b-89df-12c03e0acd40,c1f593d7-93f1-47e7-91e2-0f62e682f9c1,36b63157-00e6-49e6-8f44-aff1e9402f5b,66b4f764-8e90-4915-9c0a-f21f27ae4f4d,2026-05-23 05:39:00+00,,t,
d2440064-7064-4989-87f3-371626de751f,29031555-3faf-444b-ac36-0bcab320de6c,8c660120-06ae-494a-8b89-5ba8438020a9,8ab44335-30b9-42d8-a1c3-82e009ea7876,2022-01-06 15:02:00+00,2022-06-01 06:27:00+00,f,Reassigned during shift roster change.
a64bc789-8235-4d87-927b-e00a81f3aa1a,29031555-3faf-444b-ac36-0bcab320de6c,56497cd1-0d97-423e-8009-ec18b6d28ef1,8ab44335-30b9-42d8-a1c3-82e009ea7876,2025-07-26 10:44:00+00,,t,
bf168173-1905-48cf-ab4e-6f7e8cae9d99,a617a52f-35c1-4931-8f2c-6a101486206d,5431c4c3-6dc0-4daa-9313-86cacb8c8daf,294b7244-8922-4faa-8a66-ecf7f2d31ede,2023-05-24 05:14:00+00,2024-03-29 12:42:00+00,f,Reassigned during shift roster change.
89eb80f0-a4b0-4389-a32a-04f43d18d018,a617a52f-35c1-4931-8f2c-6a101486206d,58d58f6f-c7d9-4037-9d48-18e1877be077,294b7244-8922-4faa-8a66-ecf7f2d31ede,2025-07-24 07:08:00+00,,t,
37e76de4-da24-459e-9f03-7d25ce8657bb,a47a0489-f235-4b85-9337-d5f914a4d553,5431c4c3-6dc0-4daa-9313-86cacb8c8daf,dff1d306-f643-4c9e-abb3-5409e072abc4,2023-08-20 11:14:00+00,2024-03-12 07:20:00+00,f,Reassigned during shift roster change.
bec80856-7ec2-4155-ad55-8f65bcc05442,992972d5-8450-484b-9c66-abfa9122eb1a,ded95339-a354-4096-aff7-5819a01aff0a,294b7244-8922-4faa-8a66-ecf7f2d31ede,2023-09-18 08:51:00+00,2024-05-25 15:38:00+00,f,Reassigned during shift roster change.
ceadd762-823a-4a21-bafb-e06ad2d51800,992972d5-8450-484b-9c66-abfa9122eb1a,9c5e27a2-5ace-4543-9ad5-55b53544519e,294b7244-8922-4faa-8a66-ecf7f2d31ede,2024-05-29 09:17:00+00,2025-08-26 05:34:00+00,f,Reassigned during shift roster change.
e1245cfa-068f-4228-8c88-2f9d8f557bfc,992972d5-8450-484b-9c66-abfa9122eb1a,f0e51d89-d9ca-4b64-914c-a6d53a625ed0,294b7244-8922-4faa-8a66-ecf7f2d31ede,2025-10-11 09:45:00+00,,t,
afc5462b-d7f0-450b-9def-d37837255986,87e51480-0b9d-43fc-8481-a41d1779ae12,e6eb9d66-d679-4e1f-8e6b-fdb21a16881d,66b4f764-8e90-4915-9c0a-f21f27ae4f4d,2023-03-12 12:25:00+00,2024-01-28 12:10:00+00,f,Reassigned during shift roster change.
7822e4f9-2ac6-44b8-bd34-53ab3c96f121,87e51480-0b9d-43fc-8481-a41d1779ae12,5f77fc29-69bb-4b2b-8d0c-636c6f55884d,66b4f764-8e90-4915-9c0a-f21f27ae4f4d,2026-03-08 10:36:00+00,,t,
7ac17683-24c1-423f-af12-aa544fa0573f,4acf0d69-4c1b-465e-b4c2-648d28c13827,f554bf92-1477-4c61-9a31-f806e890816f,dff1d306-f643-4c9e-abb3-5409e072abc4,2023-07-25 14:59:00+00,2024-07-21 06:06:00+00,f,Reassigned during shift roster change.
646e7ecc-45c7-44e8-80a5-131417705e35,4acf0d69-4c1b-465e-b4c2-648d28c13827,6dfe7908-1670-4f24-a01e-791d003947e8,dff1d306-f643-4c9e-abb3-5409e072abc4,2025-11-07 09:30:00+00,,t,
43d570af-b1ef-4929-8f71-e01a9dd97677,cc2f8013-b660-44ad-a23b-7fa6c553577b,cae73f81-e1cd-4b32-98bc-7315b9900cc4,e3203996-7192-4f35-b4d9-8d19dd61882f,2024-01-05 07:10:00+00,2025-03-12 07:02:00+00,f,Reassigned during shift roster change.
ee0c0652-7d72-4a1c-82f7-409048559beb,cc2f8013-b660-44ad-a23b-7fa6c553577b,44137535-6cd5-47f5-8157-cc953a1fb110,e3203996-7192-4f35-b4d9-8d19dd61882f,2026-02-03 06:05:00+00,,t,
c0a61621-0267-469b-8523-79d3952b9b9a,45bf770e-17bc-45a8-ba0d-dc3162128843,c2ebc293-a6da-4e4f-9dcf-b38eb12e684e,e3203996-7192-4f35-b4d9-8d19dd61882f,2023-07-16 17:33:00+00,2024-08-07 11:54:00+00,f,Reassigned during shift roster change.
9af31d0e-dfc9-489b-bf85-d8ec0547f5a9,45bf770e-17bc-45a8-ba0d-dc3162128843,4f5e2568-47ac-4138-880e-565d631691d0,e3203996-7192-4f35-b4d9-8d19dd61882f,2026-04-19 15:42:00+00,,t,
a33da01a-bfba-4ec1-aadf-79c16715ca04,7c5877ae-6f27-41da-9baf-d1eb34f8f24e,86c61fdf-4d13-4cd6-b3fe-a85018a6bd65,aedad933-6f7e-4d2e-b6df-191c9e459887,2022-10-01 09:29:00+00,2023-04-15 14:06:00+00,f,Reassigned during shift roster change.
6102951b-243c-42a0-85ed-b786fcde9f2f,7c5877ae-6f27-41da-9baf-d1eb34f8f24e,b39348d1-7405-4464-8957-067b571cbe59,aedad933-6f7e-4d2e-b6df-191c9e459887,2023-04-18 10:18:00+00,2023-09-11 12:14:00+00,f,Reassigned during shift roster change.
24225fcb-88e7-426f-94a5-48060f39eb38,7c5877ae-6f27-41da-9baf-d1eb34f8f24e,be95ca2d-29f2-4fe2-bd65-ccf5e702b949,aedad933-6f7e-4d2e-b6df-191c9e459887,2025-07-10 09:30:00+00,,t,
96c43118-6912-4513-bf4e-f2c08ae94a64,d8917132-70bc-4d8a-839f-668e5746f32c,7859600a-320b-4479-a042-37034493ad9d,294b7244-8922-4faa-8a66-ecf7f2d31ede,2022-08-26 08:53:00+00,2023-01-05 05:26:00+00,f,Reassigned during shift roster change.
d2258db6-153d-467e-8187-c291a95fb387,d8917132-70bc-4d8a-839f-668e5746f32c,7c0a1dd2-ae3a-4b6a-80ed-b2ecb96e08ad,294b7244-8922-4faa-8a66-ecf7f2d31ede,2023-01-27 11:47:00+00,2023-12-05 14:27:00+00,f,Reassigned during shift roster change.
7850d341-3334-4434-9cc3-ae44079b8955,d8917132-70bc-4d8a-839f-668e5746f32c,86c61fdf-4d13-4cd6-b3fe-a85018a6bd65,294b7244-8922-4faa-8a66-ecf7f2d31ede,2026-07-09 15:40:00+00,,t,
dc241c83-ad9d-4504-be9b-856431dba8a1,ec48433f-6d6c-4f58-ba21-394d1115ed1d,8df4b871-8cf4-459c-ae8b-d7ff0c95e330,e3203996-7192-4f35-b4d9-8d19dd61882f,2025-09-08 09:13:00+00,,t,
d82d9413-1f51-471a-8254-d453c847c633,70d96ab7-011c-4631-a5b6-0c817195a5d8,80e1566c-3ebe-4998-9ad4-6507a45544b7,8ffcd728-c372-4540-9a04-7fa0c88e9347,2022-12-12 13:23:00+00,2023-09-21 13:52:00+00,f,Reassigned during shift roster change.
51bf5cb3-968c-4db1-8e76-f6aa69b85974,70d96ab7-011c-4631-a5b6-0c817195a5d8,2ab72bf9-6e1e-4de2-9de6-563d411c74df,8ffcd728-c372-4540-9a04-7fa0c88e9347,2023-10-18 15:02:00+00,2024-10-16 14:12:00+00,f,Reassigned during shift roster change.
2f4c3c97-02eb-4169-8502-764102f0923a,70d96ab7-011c-4631-a5b6-0c817195a5d8,4e687221-2aec-4a3c-b701-5383edc61335,8ffcd728-c372-4540-9a04-7fa0c88e9347,2026-02-03 06:45:00+00,,t,
37c45a11-fe4d-4e4c-910d-2e6fa3612fb0,88e68461-ada8-40c4-93d5-1d7c887db0fa,1d37a2fd-ee84-4289-a0da-0863096a93a8,dff1d306-f643-4c9e-abb3-5409e072abc4,2022-01-22 12:25:00+00,2023-02-24 10:40:00+00,f,Reassigned during shift roster change.
e7de4829-2618-4acb-b662-429852eea520,88e68461-ada8-40c4-93d5-1d7c887db0fa,40b63b06-7833-4b56-9298-568d818d6020,dff1d306-f643-4c9e-abb3-5409e072abc4,2023-02-28 07:39:00+00,2024-02-08 06:28:00+00,f,Reassigned during shift roster change.
47a5cb3a-46de-435a-affb-f60bfe528690,88e68461-ada8-40c4-93d5-1d7c887db0fa,2be2ae9d-8544-4980-8087-35c4cd24eda0,dff1d306-f643-4c9e-abb3-5409e072abc4,2026-05-23 15:54:00+00,,t,
56a3a675-a840-44a8-bf5d-6292805609f8,d4748cf1-1400-4d71-a443-d7d325c6a80d,aba21d1b-36a1-4357-9262-19a52974219f,dff1d306-f643-4c9e-abb3-5409e072abc4,2021-12-18 16:11:00+00,2022-09-12 07:24:00+00,f,Reassigned during shift roster change.
dcb372d2-905d-4d79-b041-4f6473f6648c,d4748cf1-1400-4d71-a443-d7d325c6a80d,b10c3b1b-0504-4c02-9577-38f300514499,dff1d306-f643-4c9e-abb3-5409e072abc4,2026-06-14 10:57:00+00,,t,
5a68a750-0479-4c61-8a6f-905b946d0840,8203e09f-d53c-43ef-b70b-2b3b1ab02c4d,2b90787d-d78e-4453-ad90-ec1567d28856,8ffcd728-c372-4540-9a04-7fa0c88e9347,2025-10-02 11:45:00+00,,t,
ebaa2558-9076-4489-9132-2486fb4982df,7698039f-bcda-4e69-8a4d-6e14a59fedb0,1e388fd6-b491-4658-925b-03279819fa02,23b91a79-185d-41b8-aed8-22bf2cb9f4af,2021-12-15 05:17:00+00,2023-02-15 05:18:00+00,f,Reassigned during shift roster change.
af316cd2-d10c-4498-938f-78e8776478fb,7698039f-bcda-4e69-8a4d-6e14a59fedb0,f43a7004-44ea-4a79-887c-b88835f0c37e,23b91a79-185d-41b8-aed8-22bf2cb9f4af,2023-03-11 13:23:00+00,2023-10-30 16:41:00+00,f,Reassigned during shift roster change.
299219a6-337c-4d5b-9977-444e24a47a28,7698039f-bcda-4e69-8a4d-6e14a59fedb0,86c61fdf-4d13-4cd6-b3fe-a85018a6bd65,23b91a79-185d-41b8-aed8-22bf2cb9f4af,2026-02-17 05:28:00+00,,t,
ec15b882-a608-4e0d-a01d-03fa67ae4cf6,f8291c6e-d521-48d4-8ead-4e4aa176f6c9,fb68758a-217d-46e9-8f91-c3ff46e98fad,8ab44335-30b9-42d8-a1c3-82e009ea7876,2023-05-14 07:53:00+00,2024-07-26 10:56:00+00,f,Reassigned during shift roster change.
a485c57c-647f-4e7e-b85c-cc299a27520e,f8291c6e-d521-48d4-8ead-4e4aa176f6c9,8e11bc0b-dd4a-4b80-a9cc-465b3beca3d4,8ab44335-30b9-42d8-a1c3-82e009ea7876,2025-09-24 06:37:00+00,,t,
625c5cb7-0221-4e43-a387-338a62d437ff,39c35c65-a128-4fb3-ba13-1212bb44d323,5073c808-61d0-43a1-b388-07ee777a5268,66b4f764-8e90-4915-9c0a-f21f27ae4f4d,2023-02-16 15:35:00+00,2024-03-15 07:19:00+00,f,Reassigned during shift roster change.
cc901c47-18fe-4b90-b8c1-08b36fcf66c7,39c35c65-a128-4fb3-ba13-1212bb44d323,54e48c09-372a-42e8-9086-e98f7ce791b9,66b4f764-8e90-4915-9c0a-f21f27ae4f4d,2025-11-18 05:30:00+00,,t,
856a5896-6197-44e5-9110-01953adaf44e,2c2727a0-44a0-4463-850c-53b32ec746d1,c06bb987-5cbb-4b31-ad34-e260d4529ba7,66b4f764-8e90-4915-9c0a-f21f27ae4f4d,2023-04-11 06:37:00+00,2023-10-08 08:02:00+00,f,Reassigned during shift roster change.
bb62ce74-d4d8-40b0-aeb4-57ead1585117,2c2727a0-44a0-4463-850c-53b32ec746d1,e02ba813-5fb6-4f10-a448-b12a48f2969e,66b4f764-8e90-4915-9c0a-f21f27ae4f4d,2023-10-24 15:45:00+00,2025-02-12 06:52:00+00,f,Reassigned during shift roster change.
60780d5b-fd66-429d-9fac-326729753ec7,2c2727a0-44a0-4463-850c-53b32ec746d1,7859600a-320b-4479-a042-37034493ad9d,66b4f764-8e90-4915-9c0a-f21f27ae4f4d,2025-07-31 13:19:00+00,,t,
6c8bc141-8d89-4c4d-9bf3-4031407b2174,4e6a6551-7de8-43f7-8ee7-b07bd01ba2e0,a3ad3a8c-24a3-48ab-ba14-234b9a25eed1,e3203996-7192-4f35-b4d9-8d19dd61882f,2026-01-12 14:07:00+00,,t,
eaf6607b-6acd-4155-b6d1-ce990f821495,5c19baf2-01e4-4477-a919-1eed3d87cad0,022e2531-3147-464c-8ab0-f1461e0f7f2c,2b0b58b5-c777-4903-8b21-ef25ce17a71a,2023-03-24 06:15:00+00,2024-01-30 10:25:00+00,f,Reassigned during shift roster change.
e3e85e72-38f4-4d79-b56e-e90660de2d1e,5c19baf2-01e4-4477-a919-1eed3d87cad0,cbaa9f3a-1731-4f39-a19c-2252b655f163,2b0b58b5-c777-4903-8b21-ef25ce17a71a,2025-08-01 05:52:00+00,,t,
2edc87ce-45b2-4cc3-9706-01502d863895,c447ff11-4f0c-4a0c-b881-33c71fe95fa0,bc386f1f-6069-48e1-bf31-dca443044b19,e3203996-7192-4f35-b4d9-8d19dd61882f,2022-05-30 14:54:00+00,2023-05-24 05:19:00+00,f,Reassigned during shift roster change.
6415b718-bd4c-49ba-aec9-e806834d7208,c447ff11-4f0c-4a0c-b881-33c71fe95fa0,f085143a-685f-40c1-99da-35b791b4765e,e3203996-7192-4f35-b4d9-8d19dd61882f,2026-04-12 05:50:00+00,,t,
a33a3a76-be59-43a1-bb47-54bfba438136,09fa5c6b-6850-44d0-b2eb-e6aba0fbe1af,e6eb9d66-d679-4e1f-8e6b-fdb21a16881d,8ffcd728-c372-4540-9a04-7fa0c88e9347,2026-03-07 07:52:00+00,,t,
3abe1cdc-3f03-4bd6-ba2f-288bb35141ab,9e10e83a-5f1d-40aa-bb79-e39357305216,e8bba02d-8b84-43d2-9edd-486341b577fa,23b91a79-185d-41b8-aed8-22bf2cb9f4af,2025-10-27 05:11:00+00,,t,
0236eb83-0b59-4407-8c18-92c1ee66bd92,3e21c77f-fc10-4831-b0fe-574f1cd1e56d,86e77588-110c-4754-810f-2399b3ca3978,aedad933-6f7e-4d2e-b6df-191c9e459887,2025-09-04 10:01:00+00,,t,
f92b7e74-55e1-4389-a99c-836a7e6cd5c8,f63ef9e3-bc85-499a-a2d4-fdbc34ea25b5,1f2fe8ba-e887-4f53-b5bf-1f7937e1e4fb,66b4f764-8e90-4915-9c0a-f21f27ae4f4d,2026-02-11 12:30:00+00,,t,
f37aa992-d464-49c0-a287-16cabb3ce482,0dcb67e2-d5fd-4ece-896b-17848c5136be,f5b37c64-bd71-4c76-80ed-eec260b6b410,fc975356-d5cc-4bdc-ab35-2dc5c648c8f2,2022-09-30 05:03:00+00,2023-09-17 06:03:00+00,f,Reassigned during shift roster change.
6cfe7516-6960-4a35-b782-5301a97d334b,0dcb67e2-d5fd-4ece-896b-17848c5136be,23897ad1-5d76-41b7-a0a8-5434aba10d7c,fc975356-d5cc-4bdc-ab35-2dc5c648c8f2,2023-09-20 14:29:00+00,2024-12-28 10:05:00+00,f,Reassigned during shift roster change.
9b31f0ff-9f64-44e4-99d2-88b014d0dd4b,0dcb67e2-d5fd-4ece-896b-17848c5136be,fd1680a5-59fe-4626-bf84-be00d1cef0cd,fc975356-d5cc-4bdc-ab35-2dc5c648c8f2,2025-11-03 16:57:00+00,,t,
9696681e-ec60-4ae5-a9a7-5e6b424449a8,d4dca34b-da1b-4ac8-add1-13a0ba550714,b737044f-e300-48b8-8023-aa3efab6953e,2b0b58b5-c777-4903-8b21-ef25ce17a71a,2023-07-17 06:10:00+00,2024-01-07 16:04:00+00,f,Reassigned during shift roster change.
c95a1726-2936-4f5e-9a27-42bd521eb822,d4dca34b-da1b-4ac8-add1-13a0ba550714,5b986620-72d7-42a9-92df-7e33bfdc00b0,2b0b58b5-c777-4903-8b21-ef25ce17a71a,2024-01-16 13:56:00+00,2024-10-28 06:21:00+00,f,Reassigned during shift roster change.
705add06-468a-4a94-afc7-74faad533d2b,d4dca34b-da1b-4ac8-add1-13a0ba550714,6c5f95fe-93a9-459f-988b-b5f6952e7382,2b0b58b5-c777-4903-8b21-ef25ce17a71a,2026-06-29 12:58:00+00,,t,
4cac0440-9cbc-4092-9b23-37c92451da87,d513205e-1a56-427f-8b65-346848f4707d,022e2531-3147-464c-8ab0-f1461e0f7f2c,5dba83b3-52f3-44e6-84c0-7cb40b7e1cf7,2022-04-14 05:21:00+00,2023-07-25 05:55:00+00,f,Reassigned during shift roster change.
efe71098-abf7-4d18-b393-9a9cbec4a542,d513205e-1a56-427f-8b65-346848f4707d,55f028a0-239f-4082-a2bd-1ea1da7fb8eb,5dba83b3-52f3-44e6-84c0-7cb40b7e1cf7,2026-06-28 12:45:00+00,,t,
3814ce0c-e8b4-4267-9455-1c9da12e1bf2,c1b20b6b-8c28-49a9-a5c3-9c9f5797ef7d,23897ad1-5d76-41b7-a0a8-5434aba10d7c,fc975356-d5cc-4bdc-ab35-2dc5c648c8f2,2026-06-18 16:15:00+00,,t,
3d2f6b66-6e6f-4ab2-ad10-6e82d9f09e33,8a53f477-ce2a-4fbf-b1a6-2c6f232b9842,c53535f1-d350-4454-8e8c-a58e4b94e5e3,e3203996-7192-4f35-b4d9-8d19dd61882f,2026-04-21 06:21:00+00,,t,
aa87c767-5203-4851-9812-76f0c1a7dc0e,01613d85-32c6-4732-a4c3-0003c18fc363,bfbc513c-fc16-48d3-bc97-937cb60188cd,8ab44335-30b9-42d8-a1c3-82e009ea7876,2026-04-05 09:38:00+00,,t,
10b110ab-a601-4a43-99bb-70e71719bfc0,19f908a9-2336-4bb0-b3cc-641156276986,ee3399c1-0deb-4731-8a4c-9b4972ad44b4,fc975356-d5cc-4bdc-ab35-2dc5c648c8f2,2022-04-17 16:09:00+00,2022-09-11 17:06:00+00,f,Reassigned during shift roster change.
e2f0a1b0-8e9f-4620-abf5-5875f1c39506,19f908a9-2336-4bb0-b3cc-641156276986,b5a8f513-6c53-4ba9-a049-10478e5a198a,fc975356-d5cc-4bdc-ab35-2dc5c648c8f2,2025-09-12 10:38:00+00,,t,
23447cea-5fd3-4755-9311-c987fede2e67,f0bc519c-e0b5-4a5a-8f37-3a07e3a2e57e,58cdf850-1ff6-4163-8877-bc794da22294,aedad933-6f7e-4d2e-b6df-191c9e459887,2023-03-29 14:29:00+00,2023-10-01 12:40:00+00,f,Reassigned during shift roster change.
b13bfcad-024d-43d5-affc-2bbc2ba5b409,f0bc519c-e0b5-4a5a-8f37-3a07e3a2e57e,ff8801d3-2c48-430e-b9ad-e22c5c92d10e,aedad933-6f7e-4d2e-b6df-191c9e459887,2023-10-09 05:39:00+00,2025-02-03 13:35:00+00,f,Reassigned during shift roster change.
25c9f641-4838-4658-9e50-23d832a81bf5,f0bc519c-e0b5-4a5a-8f37-3a07e3a2e57e,ec1c506c-b01f-4e4a-ab66-e8f6b492dce6,aedad933-6f7e-4d2e-b6df-191c9e459887,2025-08-25 09:57:00+00,,t,
bb72ebb2-02fc-44e3-836f-d0fd72963048,c189760e-0f31-4094-8740-dd8d0ed776a6,86c9b7b9-8d69-42b7-be6e-b98d2f5e6e09,66b4f764-8e90-4915-9c0a-f21f27ae4f4d,2024-01-26 14:44:00+00,2024-07-08 08:02:00+00,f,Reassigned during shift roster change.
50acfa97-13cd-45f7-ab59-f263600dd292,c189760e-0f31-4094-8740-dd8d0ed776a6,d3c85395-bb33-4e57-b3e5-4ea86968673b,66b4f764-8e90-4915-9c0a-f21f27ae4f4d,2026-02-09 13:05:00+00,,t,
f78c0c64-f17a-426e-b41f-494cc922dd42,8037ce5c-50bf-4fe7-a853-b302cd3c5022,f3f8dfa5-1b8c-4bf1-8507-81855c610eb1,2b0b58b5-c777-4903-8b21-ef25ce17a71a,2022-10-10 17:55:00+00,2023-09-22 16:38:00+00,f,Reassigned during shift roster change.
5e802395-ccf9-405f-be46-5098ea4dfda1,689e9dac-4a60-400c-9df7-8c0c3e426832,93809008-69ce-4c7c-b7b7-24e7be0bf39d,66b4f764-8e90-4915-9c0a-f21f27ae4f4d,2025-10-22 15:33:00+00,,t,
ad27907d-6ad9-4035-ab7c-48f186e58b0e,c408c5de-0785-4ae0-86bb-00e2f63b1b8c,3b296b4c-a6c2-42a6-89b4-e614400f1631,8ab44335-30b9-42d8-a1c3-82e009ea7876,2026-03-10 15:53:00+00,,t,
d9a8c0a7-3305-44f2-b5a5-2cbe26744ce6,4f15317a-1fcf-4c12-83f9-b3832c4c19f6,5d43b353-f619-4792-b4f1-617a66b1975e,2b0b58b5-c777-4903-8b21-ef25ce17a71a,2022-06-01 07:33:00+00,2022-11-25 12:26:00+00,f,Reassigned during shift roster change.
ed485de3-7a83-4fa8-80bd-6dac053923f2,4f15317a-1fcf-4c12-83f9-b3832c4c19f6,4f5e2568-47ac-4138-880e-565d631691d0,2b0b58b5-c777-4903-8b21-ef25ce17a71a,2026-04-21 08:30:00+00,,t,
6c4346cc-c9ba-4e90-8399-f8e3dcea2fc9,2d33bd42-36e8-4e36-a4fa-a8fe3314780f,2708d4f5-3ad6-4440-8965-792bc8ba02ec,8ab44335-30b9-42d8-a1c3-82e009ea7876,2023-09-22 08:03:00+00,2024-02-05 15:37:00+00,f,Reassigned during shift roster change.
b33cdbe9-689c-41c6-9908-c84bb98197b0,2d33bd42-36e8-4e36-a4fa-a8fe3314780f,5a0cabae-9493-46b8-89cf-eac79fc792ad,8ab44335-30b9-42d8-a1c3-82e009ea7876,2026-04-20 10:12:00+00,,t,
94aa9cc1-df7c-41cf-9e77-9963e0cd3001,8fbe953c-21e7-4e94-9331-74e751c0ca6f,710e986c-a4dc-4bf7-97a2-7c099f57423d,66b4f764-8e90-4915-9c0a-f21f27ae4f4d,2022-11-14 08:45:00+00,2023-04-20 15:34:00+00,f,Reassigned during shift roster change.
c20cb049-01f2-4230-a098-c73341320e43,8fbe953c-21e7-4e94-9331-74e751c0ca6f,e1121c2f-4b9c-484f-ab26-d06bba047a3e,66b4f764-8e90-4915-9c0a-f21f27ae4f4d,2023-04-26 17:36:00+00,2024-07-04 08:10:00+00,f,Reassigned during shift roster change.
c961178a-edac-4cf9-8201-8d97cba5fba1,8fbe953c-21e7-4e94-9331-74e751c0ca6f,20126955-a95e-4d8b-8121-28b48b6f18a9,66b4f764-8e90-4915-9c0a-f21f27ae4f4d,2026-06-27 10:41:00+00,,t,
1e0b4f7a-4380-4788-941c-02a22675fc36,7d580191-2a1c-4be1-b4b9-6c5dc57482d9,15895ba8-1ab8-421c-b064-925e83da56aa,fc975356-d5cc-4bdc-ab35-2dc5c648c8f2,2022-05-18 05:04:00+00,2022-11-22 11:06:00+00,f,Reassigned during shift roster change.
6b3e6910-9cea-4964-a535-0875b6f78f9d,7d580191-2a1c-4be1-b4b9-6c5dc57482d9,d7419f5f-8d51-43a3-b44e-68440cc641b4,fc975356-d5cc-4bdc-ab35-2dc5c648c8f2,2025-09-04 08:26:00+00,,t,
5d71cc36-b2ab-4321-9643-b57c0d398500,df88a72f-b7c3-4a4b-afb5-c63149c34cad,43cbfc4a-22f4-4775-9c50-080f570d3101,294b7244-8922-4faa-8a66-ecf7f2d31ede,2023-11-04 06:34:00+00,2024-11-25 11:54:00+00,f,Reassigned during shift roster change.
9b7f3c73-15be-422b-ae29-e2963db93639,ad400098-0fb8-46e6-83bf-4e2eeaccac60,d3d6a1ff-d3a2-4ce1-a2f8-500458026fa5,8ab44335-30b9-42d8-a1c3-82e009ea7876,2022-05-08 15:29:00+00,2023-07-18 11:30:00+00,f,Reassigned during shift roster change.
9ae6ae12-929a-4f8d-b13d-d51c71c62587,ad400098-0fb8-46e6-83bf-4e2eeaccac60,39b554e5-791e-4c3a-93cf-64b197bc83d1,8ab44335-30b9-42d8-a1c3-82e009ea7876,2023-07-26 08:57:00+00,2024-10-10 05:39:00+00,f,Reassigned during shift roster change.
1500ced1-25ed-41da-b69c-ede06627ba7a,ad400098-0fb8-46e6-83bf-4e2eeaccac60,916fbbf1-64d9-4aeb-8446-d11375bdc5fd,8ab44335-30b9-42d8-a1c3-82e009ea7876,2025-08-07 05:58:00+00,,t,
b37cd5cd-cd0c-40e5-bca9-e4fc3a565d92,e2078a98-cb72-4aa2-b04e-f3b6b4674524,e7889aec-2db4-4a78-b8a7-873db0af92b6,294b7244-8922-4faa-8a66-ecf7f2d31ede,2026-05-07 16:59:00+00,,t,
f523851c-8680-4c50-bd5f-169a514b7370,9ed31ad0-8f08-49b4-b090-34050c7e921f,5f08f1f3-8428-4abc-abed-a7a219c80cb9,294b7244-8922-4faa-8a66-ecf7f2d31ede,2023-05-29 09:20:00+00,2024-09-07 17:47:00+00,f,Reassigned during shift roster change.
7125185e-80e7-476a-8af4-152c25583097,9ed31ad0-8f08-49b4-b090-34050c7e921f,36b63157-00e6-49e6-8f44-aff1e9402f5b,294b7244-8922-4faa-8a66-ecf7f2d31ede,2024-09-21 16:36:00+00,2025-11-27 11:35:00+00,f,Reassigned during shift roster change.
8d1b2a9b-4d50-4c28-a183-e3aa06b9e9d7,abdfcf50-6be4-45d9-8aee-87567837ca2a,798e531d-f680-49d6-a64b-31842e75e6ae,fc975356-d5cc-4bdc-ab35-2dc5c648c8f2,2023-10-27 09:21:00+00,2024-12-26 16:14:00+00,f,Reassigned during shift roster change.
5b736cf5-5b0f-4f36-8c8e-e5e185d39d89,abdfcf50-6be4-45d9-8aee-87567837ca2a,83fb1a68-9d4a-4712-b315-55e33ae553cc,fc975356-d5cc-4bdc-ab35-2dc5c648c8f2,2025-01-04 11:56:00+00,2025-11-28 05:34:00+00,f,Reassigned during shift roster change.
ca7824d2-49f3-4d3b-8476-42c565ffd6cc,abdfcf50-6be4-45d9-8aee-87567837ca2a,ec8132ac-9310-44f0-89de-9a6f62074977,fc975356-d5cc-4bdc-ab35-2dc5c648c8f2,2025-12-26 11:05:00+00,,t,
306a4294-99d3-4d10-82e8-dee3d7829908,46e78217-e55b-44fe-b1a7-aefe83373d5d,a3ad3a8c-24a3-48ab-ba14-234b9a25eed1,e3203996-7192-4f35-b4d9-8d19dd61882f,2026-04-27 08:46:00+00,,t,
b9d3677a-4fc3-4e49-944b-d2629d73096e,40c063d4-efd7-48da-96b8-b26ebcc4fd27,fada15fe-d4d9-4730-9445-2a973cfc2d76,dff1d306-f643-4c9e-abb3-5409e072abc4,2022-08-05 10:24:00+00,2023-09-16 13:38:00+00,f,Reassigned during shift roster change.
c0ad52d5-a5d7-4a9f-8cf2-30bb72c4127e,40c063d4-efd7-48da-96b8-b26ebcc4fd27,62264014-d6f9-48d1-8ed3-1e67fce3aa18,dff1d306-f643-4c9e-abb3-5409e072abc4,2023-09-26 06:47:00+00,2024-05-19 11:14:00+00,f,Reassigned during shift roster change.
23dee223-07af-496f-bd01-9027c544e92b,40c063d4-efd7-48da-96b8-b26ebcc4fd27,20126955-a95e-4d8b-8121-28b48b6f18a9,dff1d306-f643-4c9e-abb3-5409e072abc4,2025-09-08 08:35:00+00,,t,
c1e55d97-004e-4ae8-85c9-03dba3cf8a48,77b60749-37e3-4f4d-a241-400b32656556,d3c85395-bb33-4e57-b3e5-4ea86968673b,23b91a79-185d-41b8-aed8-22bf2cb9f4af,2023-09-20 17:53:00+00,2024-10-14 13:52:00+00,f,Reassigned during shift roster change.
754d0852-0608-4eb6-a3ca-b73eba2b3ad1,77b60749-37e3-4f4d-a241-400b32656556,c9e26361-f745-464e-a7ab-f05b26f3a921,23b91a79-185d-41b8-aed8-22bf2cb9f4af,2024-11-08 05:52:00+00,2025-12-08 13:15:00+00,f,Reassigned during shift roster change.
6468d7fb-ea0f-4adb-b5ea-07a4eb040f5d,77b60749-37e3-4f4d-a241-400b32656556,3b1f95f4-2559-4de1-8997-370ca42c1792,23b91a79-185d-41b8-aed8-22bf2cb9f4af,2026-01-14 07:15:00+00,,t,
4e571a74-7f38-401b-a5b6-a5bd60378f20,d8b99a34-37e5-43f2-a1bc-ae002fbb4b60,df366867-a42a-4b7d-96fe-88bfd133c829,23b91a79-185d-41b8-aed8-22bf2cb9f4af,2024-02-11 16:48:00+00,2024-09-26 15:09:00+00,f,Reassigned during shift roster change.
a188dd06-960b-4d98-8c77-f7494ff81761,2d5a3466-0edc-44f3-a648-7f3f7a1f2c14,46ec9b5b-1e5e-4dd3-864d-3d7fcc5c0e57,66b4f764-8e90-4915-9c0a-f21f27ae4f4d,2023-05-04 08:04:00+00,2024-03-23 05:31:00+00,f,Reassigned during shift roster change.
4983ea4a-7cf9-4476-a4de-a1cd57aef8b7,07029f73-a075-433f-b076-6f13a106dacf,06252a18-5cd2-40e4-9b1a-6a7e5d04b393,e3203996-7192-4f35-b4d9-8d19dd61882f,2023-07-31 17:01:00+00,2024-01-18 05:14:00+00,f,Reassigned during shift roster change.
ddb77e62-bba4-45db-b74d-e8c7c21ca65d,07029f73-a075-433f-b076-6f13a106dacf,eba9aacb-62c6-4777-bee9-ea984880462e,e3203996-7192-4f35-b4d9-8d19dd61882f,2024-02-13 13:03:00+00,2024-12-20 09:54:00+00,f,Reassigned during shift roster change.
0d4c624e-1529-47cb-900f-c36f69dc33f2,f2d5a5b2-310e-43cf-82f1-309c2eb07785,2de8e8a2-03a6-4d8e-93d9-4b8309004f45,e3203996-7192-4f35-b4d9-8d19dd61882f,2023-08-21 10:29:00+00,2024-02-11 06:30:00+00,f,Reassigned during shift roster change.
f1b640ee-3afd-4597-915c-0bcf37863adb,f2d5a5b2-310e-43cf-82f1-309c2eb07785,9f5f84e3-bce1-4c93-b37b-5c218d7ca28b,e3203996-7192-4f35-b4d9-8d19dd61882f,2024-03-10 17:48:00+00,2025-05-03 10:47:00+00,f,Reassigned during shift roster change.
603d195e-afcd-4c3e-8929-6a1dd13464e8,f2d5a5b2-310e-43cf-82f1-309c2eb07785,e28c3da1-f55d-449e-b0f3-b68586bc22e8,e3203996-7192-4f35-b4d9-8d19dd61882f,2026-06-07 08:08:00+00,,t,
1969ae41-edcb-4460-a746-b3509d26c610,ab78f312-c0f2-4fb7-b82f-7b0fc8d91214,e3a39495-3143-4c49-a5f3-c95005158ec4,66b4f764-8e90-4915-9c0a-f21f27ae4f4d,2022-04-04 17:03:00+00,2023-06-14 14:26:00+00,f,Reassigned during shift roster change.
51600926-8264-401b-ace5-feb68be1d7f9,eabeb31f-6ede-4bd8-a157-1ff9190a3c4f,ebb9527c-518e-4fe9-a686-6a365ae6f8c8,dff1d306-f643-4c9e-abb3-5409e072abc4,2022-01-14 15:36:00+00,2022-12-15 07:50:00+00,f,Reassigned during shift roster change.
d70cfb9a-2852-4d61-883c-d9e882dfd501,eabeb31f-6ede-4bd8-a157-1ff9190a3c4f,27c0f523-7cf4-4fa6-bc00-110aceffb452,dff1d306-f643-4c9e-abb3-5409e072abc4,2022-12-16 17:48:00+00,2023-11-09 17:53:00+00,f,Reassigned during shift roster change.
a218e3e2-f56d-4b06-b799-2934015fadd8,eabeb31f-6ede-4bd8-a157-1ff9190a3c4f,18a34e23-3be5-4058-9caa-d2075df591b8,dff1d306-f643-4c9e-abb3-5409e072abc4,2025-09-12 07:29:00+00,,t,
5a431dad-dd82-43f6-bcd0-10f4406b3f7e,6b665a6c-e100-410e-8a91-4c407e4b69f9,a13f28f7-b7af-45cc-8ab4-885433b0ac1a,8ffcd728-c372-4540-9a04-7fa0c88e9347,2022-04-26 09:50:00+00,2022-12-17 13:08:00+00,f,Reassigned during shift roster change.
fb947fc6-098c-4774-826a-201ba88cd5b6,855153b3-5faa-4f63-835b-df9490eabf1e,a4ba5676-3ce2-4627-9373-22068a884f6d,fc975356-d5cc-4bdc-ab35-2dc5c648c8f2,2024-01-12 16:28:00+00,2025-01-13 09:37:00+00,f,Reassigned during shift roster change.
84bc8088-3d4e-4ecb-9fe3-5e4535645524,855153b3-5faa-4f63-835b-df9490eabf1e,6c5f95fe-93a9-459f-988b-b5f6952e7382,fc975356-d5cc-4bdc-ab35-2dc5c648c8f2,2025-07-27 16:43:00+00,,t,
84ad54bf-289d-4d2d-9f9d-77454f1066f3,320de2c2-203b-40e0-b395-7a72c1b70e14,263a5437-f0ae-4504-bd2f-56be5d901456,fc975356-d5cc-4bdc-ab35-2dc5c648c8f2,2022-08-15 07:04:00+00,2023-08-04 08:41:00+00,f,Reassigned during shift roster change.
d3fde986-d215-4127-995c-c921ffe87997,320de2c2-203b-40e0-b395-7a72c1b70e14,23897ad1-5d76-41b7-a0a8-5434aba10d7c,fc975356-d5cc-4bdc-ab35-2dc5c648c8f2,2023-08-15 12:18:00+00,2024-10-02 08:54:00+00,f,Reassigned during shift roster change.
9aa29949-8fba-44c9-b5d0-d24fd161e269,14cff7a3-843c-409b-80b3-a57cc66fc4c2,fe36eed5-ff5a-45ea-a11e-c01d456ece74,5dba83b3-52f3-44e6-84c0-7cb40b7e1cf7,2023-10-09 08:03:00+00,2024-12-16 17:33:00+00,f,Reassigned during shift roster change.
7b8656bb-8250-4db5-93c8-3999ec3e9118,14cff7a3-843c-409b-80b3-a57cc66fc4c2,b10c3b1b-0504-4c02-9577-38f300514499,5dba83b3-52f3-44e6-84c0-7cb40b7e1cf7,2026-01-30 05:32:00+00,,t,
669029b1-68e4-44d1-9460-5d16961143e9,d2f1d888-e72d-43af-9e4b-aff36d0da7a5,3c6ba945-55ef-47fe-9802-5f789e60e620,66b4f764-8e90-4915-9c0a-f21f27ae4f4d,2026-07-12 15:39:00+00,,t,
c5de4893-0160-42d9-a90c-b33ba9aec836,c37cac35-0aa8-4526-b95e-3e2c1e845380,e926b5a7-d8cf-4bc6-85c7-108e0935ffa1,66b4f764-8e90-4915-9c0a-f21f27ae4f4d,2022-10-02 05:32:00+00,2024-01-03 09:38:00+00,f,Reassigned during shift roster change.
3886f0c5-6721-4acb-bd73-3f2bd8510b1d,c37cac35-0aa8-4526-b95e-3e2c1e845380,a39b379b-a449-4f92-b7e7-68a0e371ece2,66b4f764-8e90-4915-9c0a-f21f27ae4f4d,2024-01-09 06:01:00+00,2025-01-30 10:44:00+00,f,Reassigned during shift roster change.
636751e4-7897-4184-8d1d-9d2ecc7681af,c37cac35-0aa8-4526-b95e-3e2c1e845380,b737044f-e300-48b8-8023-aa3efab6953e,66b4f764-8e90-4915-9c0a-f21f27ae4f4d,2026-01-13 07:46:00+00,,t,
7141d88a-a5bd-4701-a2de-4a0a3025fccb,3de86ea2-6c64-48cb-89d2-edb53749c033,071c8cbe-8125-4dde-ae07-2ac65beea113,8ffcd728-c372-4540-9a04-7fa0c88e9347,2023-08-29 09:19:00+00,2024-04-27 12:38:00+00,f,Reassigned during shift roster change.
181feb43-1d3b-42b9-be76-e5829eefde37,3de86ea2-6c64-48cb-89d2-edb53749c033,bdcafd2b-af00-4468-9bfa-56fec76a416b,8ffcd728-c372-4540-9a04-7fa0c88e9347,2026-01-09 14:42:00+00,,t,
9029e982-1ec0-450d-8a21-f6d14edc9fba,4fcdca25-785a-413b-923b-14a0d95f346a,93809008-69ce-4c7c-b7b7-24e7be0bf39d,aedad933-6f7e-4d2e-b6df-191c9e459887,2023-08-15 09:44:00+00,2024-07-26 05:53:00+00,f,Reassigned during shift roster change.
e7aa7b39-6e93-497f-8f82-407671be05d9,4fcdca25-785a-413b-923b-14a0d95f346a,d49746fb-1fa9-4dd3-a283-ace04dffae46,aedad933-6f7e-4d2e-b6df-191c9e459887,2024-08-19 06:43:00+00,2025-10-22 11:43:00+00,f,Reassigned during shift roster change.
7027064c-f296-4025-a8b5-2036ff4ed867,810d6693-00f6-4025-b87d-85ffd1cfdf8f,3b1f95f4-2559-4de1-8997-370ca42c1792,2b0b58b5-c777-4903-8b21-ef25ce17a71a,2025-12-22 09:47:00+00,,t,
6da33692-78f7-4006-a20e-408deb9a1b48,00cf7e25-f31a-41d9-b997-fe70ba1deeba,fe5df7b9-d94c-4053-8fbf-ed528c0164c7,2b0b58b5-c777-4903-8b21-ef25ce17a71a,2022-05-09 06:00:00+00,2022-10-10 16:53:00+00,f,Reassigned during shift roster change.
97696402-226f-41d1-a2eb-16dc0f7f6726,00cf7e25-f31a-41d9-b997-fe70ba1deeba,565343e3-d4f2-42de-9129-9d17bc120a46,2b0b58b5-c777-4903-8b21-ef25ce17a71a,2022-10-27 11:34:00+00,2023-04-05 12:52:00+00,f,Reassigned during shift roster change.
77c2ce3f-0ec7-4de2-a072-17817d24260b,9e599506-d8b7-45a1-bc29-037aaeca854b,6afbbe79-b3b4-4bce-969a-13c3c0c87b06,8ab44335-30b9-42d8-a1c3-82e009ea7876,2024-01-14 17:47:00+00,2024-10-05 06:18:00+00,f,Reassigned during shift roster change.
14d9580e-8387-4bed-b0b0-62e8096f0866,9e599506-d8b7-45a1-bc29-037aaeca854b,01061d47-010c-4da5-8f19-76029bb2fb00,8ab44335-30b9-42d8-a1c3-82e009ea7876,2024-10-29 10:01:00+00,2025-03-28 09:12:00+00,f,Reassigned during shift roster change.
8df224d5-7b25-480c-99b3-b3292f1dcc97,9e599506-d8b7-45a1-bc29-037aaeca854b,2708d4f5-3ad6-4440-8965-792bc8ba02ec,8ab44335-30b9-42d8-a1c3-82e009ea7876,2025-12-31 10:02:00+00,,t,
90d45464-1154-4b6e-9e01-a32d089ae667,fa7b7a96-da06-4b69-8d99-43d777490b27,5b986620-72d7-42a9-92df-7e33bfdc00b0,66b4f764-8e90-4915-9c0a-f21f27ae4f4d,2023-11-04 05:47:00+00,2025-02-10 14:46:00+00,f,Reassigned during shift roster change.
213b60e3-e374-4d68-b518-135da2a7edde,fa7b7a96-da06-4b69-8d99-43d777490b27,4ba7d1f3-0eb6-413f-bac9-4a25081e347e,66b4f764-8e90-4915-9c0a-f21f27ae4f4d,2025-09-11 08:46:00+00,,t,
e0bc05c6-b764-421a-a320-40605085bb90,ce801a8a-fe4c-49af-ade0-fc508f833599,d8054855-141d-41de-b91c-4fd89942c56e,5dba83b3-52f3-44e6-84c0-7cb40b7e1cf7,2023-10-10 13:02:00+00,2024-10-30 05:06:00+00,f,Reassigned during shift roster change.
39751248-432d-4f4e-bd8a-2199b83957fa,ce801a8a-fe4c-49af-ade0-fc508f833599,29149225-4247-42a7-8958-7e2e64b8e427,5dba83b3-52f3-44e6-84c0-7cb40b7e1cf7,2026-07-15 08:36:00+00,,t,
94bd67d9-4190-4673-9c8a-031597cd6f02,14646eb1-591f-4498-a61a-a85ee82ca0e4,42665fec-7225-4509-8ad2-324bb15dc7cf,dff1d306-f643-4c9e-abb3-5409e072abc4,2022-01-05 09:25:00+00,2022-09-12 07:38:00+00,f,Reassigned during shift roster change.
5e846a1c-9c94-44ce-8fa0-e045f69d8ded,14646eb1-591f-4498-a61a-a85ee82ca0e4,9f5f84e3-bce1-4c93-b37b-5c218d7ca28b,dff1d306-f643-4c9e-abb3-5409e072abc4,2025-08-13 06:56:00+00,,t,
2417560e-65ac-4f76-aadc-00395111e6a6,9001115e-c9ba-4b35-9157-c79eef156923,9e546cbf-aa22-4446-a510-e3800644772d,aedad933-6f7e-4d2e-b6df-191c9e459887,2025-08-30 12:53:00+00,,t,
1d300468-b494-428c-ab8b-c42ee250b8e6,93dbd4d3-6b7e-4cb5-8592-a060511a8983,b5e62dd4-b490-4de7-a2c0-acdaa17d0c07,e3203996-7192-4f35-b4d9-8d19dd61882f,2024-01-12 14:20:00+00,2024-11-12 13:30:00+00,f,Reassigned during shift roster change.
c4665a8d-1c16-482b-8665-1242b7e884fd,93dbd4d3-6b7e-4cb5-8592-a060511a8983,c0bdfba4-2737-4375-a054-7e05fcb90314,e3203996-7192-4f35-b4d9-8d19dd61882f,2026-06-03 13:05:00+00,,t,
2bc89030-c850-4136-8f8c-3e7e2039cf04,b173aa11-f495-44aa-9984-14e5c161c094,9d13970f-2a41-435e-8706-26d1a28fe323,aedad933-6f7e-4d2e-b6df-191c9e459887,2023-09-12 13:43:00+00,2024-02-12 07:18:00+00,f,Reassigned during shift roster change.
569aff1c-5a2a-4ffd-bf34-798fe2bc94e7,b173aa11-f495-44aa-9984-14e5c161c094,2708d4f5-3ad6-4440-8965-792bc8ba02ec,aedad933-6f7e-4d2e-b6df-191c9e459887,2025-07-20 12:00:00+00,,t,
d6eb24be-e64e-4f06-9b41-090618cef4a1,f11ca249-e220-4dd6-85cb-a4bbabcd04fe,e03cf70b-8427-4f1c-b5ab-29a941a4386f,294b7244-8922-4faa-8a66-ecf7f2d31ede,2022-02-15 09:57:00+00,2023-04-06 15:59:00+00,f,Reassigned during shift roster change.
d6d7ba24-7ff5-4324-8339-bdc180dbd800,f11ca249-e220-4dd6-85cb-a4bbabcd04fe,a3267fe3-9c0f-4b60-95c4-971b2cac8906,294b7244-8922-4faa-8a66-ecf7f2d31ede,2023-04-08 15:53:00+00,2023-12-24 14:45:00+00,f,Reassigned during shift roster change.
d9355e98-a9ab-4123-8c99-0828cfb0273c,3d631dd0-158a-4b03-9335-dcb8890dacac,7859600a-320b-4479-a042-37034493ad9d,23b91a79-185d-41b8-aed8-22bf2cb9f4af,2023-09-26 10:30:00+00,2024-10-23 07:30:00+00,f,Reassigned during shift roster change.
ca985ac4-e46b-4113-8d7f-bf5527c28353,3d631dd0-158a-4b03-9335-dcb8890dacac,57a17a7b-fa63-4040-bc20-3b0f6d673e3c,23b91a79-185d-41b8-aed8-22bf2cb9f4af,2026-04-06 10:15:00+00,,t,
2ce78933-4f3a-44c8-9ed0-dcb926fe3052,a87725d8-9668-4fd1-91e2-a723551f64cb,7c0a1dd2-ae3a-4b6a-80ed-b2ecb96e08ad,aedad933-6f7e-4d2e-b6df-191c9e459887,2023-01-13 17:17:00+00,2024-04-16 11:17:00+00,f,Reassigned during shift roster change.
37f13b07-4faf-41f5-855c-37d5e58d01ab,a87725d8-9668-4fd1-91e2-a723551f64cb,7fd8736c-4f22-4d99-be16-3f59826aed5d,aedad933-6f7e-4d2e-b6df-191c9e459887,2024-04-18 14:59:00+00,2025-03-07 07:34:00+00,f,Reassigned during shift roster change.
393450d0-5670-432a-a325-8af3509d826a,a87725d8-9668-4fd1-91e2-a723551f64cb,ce3a6f56-693b-4df4-b602-ed2623c68aad,aedad933-6f7e-4d2e-b6df-191c9e459887,2026-05-01 16:34:00+00,,t,
e7f73fbf-aa28-4ece-a9f2-9d882cc55d45,76b92cfb-14fb-4070-a5c9-57b5d0bcac2a,5664ec34-6719-45a2-9cb0-fb98c3662dfc,66b4f764-8e90-4915-9c0a-f21f27ae4f4d,2023-02-20 12:07:00+00,2024-02-15 05:55:00+00,f,Reassigned during shift roster change.
5c1459aa-b394-449e-a35f-542de71f8f36,76b92cfb-14fb-4070-a5c9-57b5d0bcac2a,4d3f028c-7b12-466f-9987-425444282f7d,66b4f764-8e90-4915-9c0a-f21f27ae4f4d,2024-02-17 07:07:00+00,2024-10-12 06:22:00+00,f,Reassigned during shift roster change.
e1c358c8-73c5-4974-aad4-d33f074f4bd1,76b92cfb-14fb-4070-a5c9-57b5d0bcac2a,a367378f-0627-4a69-9fcd-33330bb4fe2c,66b4f764-8e90-4915-9c0a-f21f27ae4f4d,2025-12-25 12:13:00+00,,t,
0698be2b-fae2-4056-8b5d-6bc401c9257a,32814e54-e803-4a7f-bff9-252710b13c74,3913555c-6732-450a-814a-159ca0f32ce8,8ab44335-30b9-42d8-a1c3-82e009ea7876,2022-08-30 09:37:00+00,2024-01-03 07:52:00+00,f,Reassigned during shift roster change.
b6b691ba-2862-4e5e-8a57-e81575d68ab1,32814e54-e803-4a7f-bff9-252710b13c74,7e4fde36-648a-411f-9e69-54dd9be25b54,8ab44335-30b9-42d8-a1c3-82e009ea7876,2026-05-14 05:41:00+00,,t,
3673327d-ff38-45b8-a466-0cd23a63746d,3803223f-20b5-481e-a321-5a4a4a6a4d97,8cd77a0c-12e6-4ac6-b2a7-860b1650a81e,aedad933-6f7e-4d2e-b6df-191c9e459887,2026-01-22 17:09:00+00,,t,
0c3099f9-cc75-465a-b0bb-7e3bebc5bc7e,494e5f94-eed5-483d-85a8-02c2660b8d4d,cd077c24-ded4-4f10-9145-7381355aa6b2,23b91a79-185d-41b8-aed8-22bf2cb9f4af,2026-04-19 14:19:00+00,,t,
97cbaa4c-e1be-4c05-8d1d-fb92a797173c,1b3b71fc-190f-4ef5-9cbb-16a20b9be120,7b15e034-e9b1-4474-82ae-7a58157ca076,e3203996-7192-4f35-b4d9-8d19dd61882f,2023-04-01 12:56:00+00,2024-06-03 17:25:00+00,f,Reassigned during shift roster change.
8ad583c7-c420-415a-8f4d-576fd3017d2f,1b3b71fc-190f-4ef5-9cbb-16a20b9be120,9eb29422-f448-4bb6-ab3d-c580defcd756,e3203996-7192-4f35-b4d9-8d19dd61882f,2025-09-01 09:17:00+00,,t,
79a338a3-279c-44f2-80bf-92b565da851c,a69c03e7-be17-4261-9931-28c92a5dd71f,592d2d77-a4d9-4bf7-b60c-a371e5186c20,2b0b58b5-c777-4903-8b21-ef25ce17a71a,2023-11-23 14:50:00+00,2025-03-02 16:33:00+00,f,Reassigned during shift roster change.
5f9f7b3d-dd5f-4687-b828-8acf7b111235,a69c03e7-be17-4261-9931-28c92a5dd71f,2708d4f5-3ad6-4440-8965-792bc8ba02ec,2b0b58b5-c777-4903-8b21-ef25ce17a71a,2025-03-16 15:16:00+00,2025-08-18 12:08:00+00,f,Reassigned during shift roster change.
5694e0da-8299-4301-8da2-aa0e8f4b60a5,6620d2b6-50dd-4118-ac3e-5447917d859d,f85e5d5e-23ed-4753-ab5b-6e0d16377b17,66b4f764-8e90-4915-9c0a-f21f27ae4f4d,2023-05-20 07:43:00+00,2024-01-10 16:04:00+00,f,Reassigned during shift roster change.
430de8e7-4ce3-4afd-825e-a534fb827cce,6620d2b6-50dd-4118-ac3e-5447917d859d,5d43b353-f619-4792-b4f1-617a66b1975e,66b4f764-8e90-4915-9c0a-f21f27ae4f4d,2024-02-05 16:45:00+00,2024-07-15 06:10:00+00,f,Reassigned during shift roster change.
6c1f620c-e282-4e25-9567-42b875ebc276,fb3eb4b7-72aa-46fa-8a0f-5ac5d1d11e69,a3ad3a8c-24a3-48ab-ba14-234b9a25eed1,23b91a79-185d-41b8-aed8-22bf2cb9f4af,2023-09-02 07:05:00+00,2024-02-10 14:55:00+00,f,Reassigned during shift roster change.
bb7d386c-047f-427a-834b-4e37e56d043a,fb3eb4b7-72aa-46fa-8a0f-5ac5d1d11e69,f085143a-685f-40c1-99da-35b791b4765e,23b91a79-185d-41b8-aed8-22bf2cb9f4af,2026-03-01 05:59:00+00,,t,
360dabce-44bb-4655-919a-a3d6b896045f,dfd5d15e-0615-4591-a5f3-ffc82e08cdab,3550af1b-8448-4d40-8c05-ed34a5dcdf31,2b0b58b5-c777-4903-8b21-ef25ce17a71a,2022-02-21 16:22:00+00,2022-10-30 16:00:00+00,f,Reassigned during shift roster change.
7ea6a7cb-318b-4b57-bfe2-1fb3c9eff03c,dfd5d15e-0615-4591-a5f3-ffc82e08cdab,23897ad1-5d76-41b7-a0a8-5434aba10d7c,2b0b58b5-c777-4903-8b21-ef25ce17a71a,2022-11-09 08:05:00+00,2023-12-12 07:30:00+00,f,Reassigned during shift roster change.
8cb49ee8-674f-4439-ab3f-fa2ec9cb10bb,79edb5c8-0b2d-4d38-9c6e-d98528c57c68,45dbe37c-5e06-4e69-9c77-39a1ada41399,8ffcd728-c372-4540-9a04-7fa0c88e9347,2026-01-28 07:48:00+00,,t,
c6ed723d-a9b5-43c9-90da-431a2c57dde7,7b9d8958-8921-4dd7-b536-a449774e09b3,67015e0d-8310-4509-9ae1-855e6a67dcdd,8ffcd728-c372-4540-9a04-7fa0c88e9347,2023-01-11 15:11:00+00,2023-09-15 13:10:00+00,f,Reassigned during shift roster change.
13552ec8-cc63-40d8-be1f-2636df6ce2ac,7b9d8958-8921-4dd7-b536-a449774e09b3,e57393bd-5c70-49b5-a53f-2b0727dc5d4b,8ffcd728-c372-4540-9a04-7fa0c88e9347,2025-09-16 06:46:00+00,,t,
552386ca-1058-4e70-a2cd-374349e3ba48,b2cae884-d7e7-44d3-b595-b26ada43ce67,fb68758a-217d-46e9-8f91-c3ff46e98fad,2b0b58b5-c777-4903-8b21-ef25ce17a71a,2023-02-22 05:41:00+00,2024-04-08 06:39:00+00,f,Reassigned during shift roster change.
57a8026b-0cfb-445d-86d3-6582dfa1c044,b2cae884-d7e7-44d3-b595-b26ada43ce67,bb4feca3-0cd1-4a8c-aea3-c09930897f31,2b0b58b5-c777-4903-8b21-ef25ce17a71a,2024-05-02 08:28:00+00,2025-01-23 05:41:00+00,f,Reassigned during shift roster change.
9f5c847d-bdc1-4631-9911-eb4da9a5cfc3,b2cae884-d7e7-44d3-b595-b26ada43ce67,b390c01c-3083-473a-aeed-8099d7b0434f,2b0b58b5-c777-4903-8b21-ef25ce17a71a,2026-02-21 17:10:00+00,,t,
d0faa2d7-d679-4db6-ad36-f023b2bf8c63,7ff93618-4f0b-474e-9034-d7dd02ea4338,3c5b8d69-75e5-4a06-9f93-b9c0e7929f9f,8ffcd728-c372-4540-9a04-7fa0c88e9347,2026-04-08 11:55:00+00,,t,
76540118-428f-43a8-85d0-4f33a4fee276,38bd90df-690c-411a-bb45-e59e8f6a766f,0b5febc2-058f-4b41-a29a-8d217193579a,e3203996-7192-4f35-b4d9-8d19dd61882f,2025-08-16 14:27:00+00,,t,
03ac5b3b-8542-42db-8f19-6d3b3dab87f7,e7367de4-7e42-45e8-9d38-16f5648cb3ce,b86c3428-f167-40ff-8973-9c69b332b108,23b91a79-185d-41b8-aed8-22bf2cb9f4af,2022-01-12 05:54:00+00,2022-12-14 10:46:00+00,f,Reassigned during shift roster change.
c80cea9e-fe6c-4ae9-af10-3ea62a6a0c74,e7367de4-7e42-45e8-9d38-16f5648cb3ce,200768f1-cf09-411b-9405-f04979d0e652,23b91a79-185d-41b8-aed8-22bf2cb9f4af,2023-01-06 09:54:00+00,2023-06-11 09:22:00+00,f,Reassigned during shift roster change.
2c6813c3-634d-4977-8438-a1b1602eb980,e7367de4-7e42-45e8-9d38-16f5648cb3ce,a956a149-6cec-4bc8-ab9b-1babfa712cd8,23b91a79-185d-41b8-aed8-22bf2cb9f4af,2026-04-04 05:54:00+00,,t,
6f99c46d-4584-44e7-ab23-a5c81cd1eee7,b1bf27f6-f668-4fe9-b054-6924b52b63b3,3c5b8d69-75e5-4a06-9f93-b9c0e7929f9f,e3203996-7192-4f35-b4d9-8d19dd61882f,2022-06-11 14:54:00+00,2023-06-16 08:58:00+00,f,Reassigned during shift roster change.
a0dc7bbb-4079-4afc-ac8c-4abef812362f,b1bf27f6-f668-4fe9-b054-6924b52b63b3,559b097f-c978-452a-9fa1-cf043a09373a,e3203996-7192-4f35-b4d9-8d19dd61882f,2025-08-30 15:41:00+00,,t,
f144f82f-c988-4f30-beef-b0d36864b0f4,dd53634b-f805-4fee-9f15-9fd15d6b1fdb,b5a8f513-6c53-4ba9-a049-10478e5a198a,294b7244-8922-4faa-8a66-ecf7f2d31ede,2023-07-30 07:14:00+00,2024-09-12 17:12:00+00,f,Reassigned during shift roster change.
4fd88a41-d222-4729-9f41-606f4d44dac5,dd53634b-f805-4fee-9f15-9fd15d6b1fdb,1f2fe8ba-e887-4f53-b5bf-1f7937e1e4fb,294b7244-8922-4faa-8a66-ecf7f2d31ede,2025-10-20 10:23:00+00,,t,
0ba07788-0128-4e6e-a9fa-e6023f0009a5,6d9c4e90-8ac5-43fa-a060-68e85ed89ebc,8b55942c-2b97-465f-9fc1-bf658636108a,e3203996-7192-4f35-b4d9-8d19dd61882f,2022-11-10 17:56:00+00,2023-07-27 14:38:00+00,f,Reassigned during shift roster change.
b149e606-a608-4e22-bf29-f2b271c96528,6d9c4e90-8ac5-43fa-a060-68e85ed89ebc,cbaa9f3a-1731-4f39-a19c-2252b655f163,e3203996-7192-4f35-b4d9-8d19dd61882f,2023-08-01 12:00:00+00,2024-05-27 07:23:00+00,f,Reassigned during shift roster change.
c086a63d-23cb-45f5-8be7-7634e6503a86,6d9c4e90-8ac5-43fa-a060-68e85ed89ebc,263a5437-f0ae-4504-bd2f-56be5d901456,e3203996-7192-4f35-b4d9-8d19dd61882f,2026-04-24 13:36:00+00,,t,
9d173a78-1875-4476-ba0d-6d28732cb5e0,4c132132-4625-4acf-89a2-af1f0f33fc14,de9de0cd-200d-406e-b349-513ca4c23c7b,8ffcd728-c372-4540-9a04-7fa0c88e9347,2024-01-14 06:39:00+00,2025-04-23 14:40:00+00,f,Reassigned during shift roster change.
affec8c0-e2b9-4324-88c9-f8c85f4bd33f,4c132132-4625-4acf-89a2-af1f0f33fc14,af901256-e5d4-4ea1-b95a-c5f2006a7629,8ffcd728-c372-4540-9a04-7fa0c88e9347,2025-12-18 10:43:00+00,,t,
27195f69-d19d-4978-9cc8-19b90424b4f9,85c54327-4a1c-46d3-810f-e7eb9ba8be64,038749c2-de84-4c52-8f72-8637d74e9c08,23b91a79-185d-41b8-aed8-22bf2cb9f4af,2025-07-12 15:19:00+00,,t,
66f0c819-f6c3-4e38-a7fd-f1051f0e0ef3,b4eed28a-120a-4257-bafd-174dbea68462,d3879937-718a-45eb-8fd3-f608ffadaf81,66b4f764-8e90-4915-9c0a-f21f27ae4f4d,2026-05-21 07:21:00+00,,t,
a4dbd1a2-bdda-4a18-9c5f-3c1721e47a7c,5d0e99e1-40a3-409e-983b-710b44425ba8,ea324bca-a96a-4b21-bfbe-36e05de472bb,8ab44335-30b9-42d8-a1c3-82e009ea7876,2025-10-17 07:32:00+00,,t,
f0987b50-9e1b-44d3-aebc-d2fa4b98e6a8,cf2a107f-408c-4f82-97a1-9d538f081ae8,6f9e2a08-35fd-4ef3-87eb-78a6530a8b83,66b4f764-8e90-4915-9c0a-f21f27ae4f4d,2023-12-16 11:18:00+00,2024-10-02 05:56:00+00,f,Reassigned during shift roster change.
5658df71-a29a-4803-a663-2e96a1989b09,cf2a107f-408c-4f82-97a1-9d538f081ae8,ea324bca-a96a-4b21-bfbe-36e05de472bb,66b4f764-8e90-4915-9c0a-f21f27ae4f4d,2026-07-11 07:37:00+00,,t,
de07ab6e-557c-4fcf-828d-5e6c593c03fd,f05d4653-bb46-4466-a6fe-ddcf1200fcf8,70da0d38-1e21-4bef-94a1-7db6b6989b3a,e3203996-7192-4f35-b4d9-8d19dd61882f,2022-09-08 05:51:00+00,2023-08-19 05:03:00+00,f,Reassigned during shift roster change.
29a5ffdf-dc07-4a9e-a946-c8d8d5112ca5,f05d4653-bb46-4466-a6fe-ddcf1200fcf8,5664ec34-6719-45a2-9cb0-fb98c3662dfc,e3203996-7192-4f35-b4d9-8d19dd61882f,2023-08-26 15:23:00+00,2024-04-03 05:53:00+00,f,Reassigned during shift roster change.
646e763c-e2dd-4ed5-975a-5fe5228579f8,d108a9c6-efb2-40fc-b799-ab4eb1282f2e,91e3f538-69d6-4b30-b836-53971b1e57c1,aedad933-6f7e-4d2e-b6df-191c9e459887,2022-03-31 14:22:00+00,2022-10-27 15:13:00+00,f,Reassigned during shift roster change.
ed0ceb93-8316-4db3-b667-06308b973004,d108a9c6-efb2-40fc-b799-ab4eb1282f2e,e6eb9d66-d679-4e1f-8e6b-fdb21a16881d,aedad933-6f7e-4d2e-b6df-191c9e459887,2026-01-19 16:27:00+00,,t,
b1f5fdf1-0cd9-46ee-bd2f-d9e0e4592dd0,66f62888-6a2b-4f73-898a-cfc7a6d6b4f5,6532dc92-9619-4507-ad90-cca4fc22e5aa,2b0b58b5-c777-4903-8b21-ef25ce17a71a,2024-02-08 17:55:00+00,2024-07-16 12:44:00+00,f,Reassigned during shift roster change.
1c8bea99-871a-406c-836a-cf6cf5904cfe,66f62888-6a2b-4f73-898a-cfc7a6d6b4f5,bdcafd2b-af00-4468-9bfa-56fec76a416b,2b0b58b5-c777-4903-8b21-ef25ce17a71a,2024-07-30 11:36:00+00,2025-03-22 06:39:00+00,f,Reassigned during shift roster change.
ce8d6463-b4ee-4512-a799-24460001a48d,5870cc13-21cb-4351-aa76-bb94e21946e0,b10c3b1b-0504-4c02-9577-38f300514499,8ffcd728-c372-4540-9a04-7fa0c88e9347,2026-05-21 14:51:00+00,,t,
70592d3d-b846-4323-895d-c1a030fbb606,4cd6ddc8-6fa5-4257-a13e-64c33fd976f3,7f366fbb-3b2f-4feb-999d-55f41cc6ee70,e3203996-7192-4f35-b4d9-8d19dd61882f,2026-01-23 09:09:00+00,,t,
bf6422c6-f260-4732-8150-25322a5049b6,b26f21fc-27cc-4310-8644-180443dc0a22,d4eba6f3-6edf-4ac8-939f-50ce81f48612,aedad933-6f7e-4d2e-b6df-191c9e459887,2023-05-19 13:57:00+00,2023-10-22 13:00:00+00,f,Reassigned during shift roster change.
5545177e-ff19-4592-90b1-5441f31e2144,e6c64c5d-a603-4aa2-912a-2ead16c39cac,f38769be-b80c-4aaf-8263-0710dc763e77,dff1d306-f643-4c9e-abb3-5409e072abc4,2022-05-02 14:51:00+00,2023-07-22 05:53:00+00,f,Reassigned during shift roster change.
09ca1ab2-7f19-4d15-8d11-403361adbbb7,e6c64c5d-a603-4aa2-912a-2ead16c39cac,d3879937-718a-45eb-8fd3-f608ffadaf81,dff1d306-f643-4c9e-abb3-5409e072abc4,2023-08-01 15:47:00+00,2024-02-18 13:32:00+00,f,Reassigned during shift roster change.
40dc341e-2fd6-4893-8b5e-1595c8845d84,e6c64c5d-a603-4aa2-912a-2ead16c39cac,a0536940-0682-4198-bae6-6db251d72de4,dff1d306-f643-4c9e-abb3-5409e072abc4,2026-05-03 07:07:00+00,,t,
60b5640f-9606-4974-8f7d-164baef7c214,18d28e72-f372-46a8-800c-bcf9fde8b798,50bf24b6-3d33-459f-9fda-8afb2e3d9611,fc975356-d5cc-4bdc-ab35-2dc5c648c8f2,2023-12-29 10:09:00+00,2024-10-09 13:37:00+00,f,Reassigned during shift roster change.
0ef49a68-c993-48f0-b3ef-22b7895363f8,18d28e72-f372-46a8-800c-bcf9fde8b798,e02ba813-5fb6-4f10-a448-b12a48f2969e,fc975356-d5cc-4bdc-ab35-2dc5c648c8f2,2024-10-11 15:31:00+00,2025-11-15 17:43:00+00,f,Reassigned during shift roster change.
cbba956c-8acc-4d1d-9a89-4259af1c5465,18d28e72-f372-46a8-800c-bcf9fde8b798,62d962ea-3a37-474e-8610-311f35bfaafd,fc975356-d5cc-4bdc-ab35-2dc5c648c8f2,2025-12-05 13:46:00+00,,t,
fbc352a2-c8e9-4766-9494-41058f6adba2,dfb2a97c-5eba-4287-aea0-87cb3c12db25,88603b09-551d-4b59-8981-e27cd95f2b12,66b4f764-8e90-4915-9c0a-f21f27ae4f4d,2026-06-28 08:43:00+00,,t,
1caef09c-ae88-42df-808a-0ec89386d9f1,edb53c87-737f-41c6-8842-a8063fc3eb0b,d65014ad-c56f-49bf-9314-01a6c88cbb67,8ffcd728-c372-4540-9a04-7fa0c88e9347,2026-06-13 06:13:00+00,,t,
fb721347-68cc-438c-a323-61cf89d271dd,a5ba25bb-5d3f-4a31-8076-16759638408e,35d2516a-d950-46c7-9fd9-6f76176ed4bb,5dba83b3-52f3-44e6-84c0-7cb40b7e1cf7,2025-07-25 17:32:00+00,,t,
667ee6f2-e724-4c78-981c-b02e81f5eb53,a9e53f75-3f82-4b55-89f1-d0133b6b6a86,d55cd09e-f78e-4280-b5ed-d3b0f1860a31,8ffcd728-c372-4540-9a04-7fa0c88e9347,2022-09-11 13:55:00+00,2023-10-03 15:44:00+00,f,Reassigned during shift roster change.
539aa2bb-e2c4-4c09-b9c0-45c28f17032e,a9e53f75-3f82-4b55-89f1-d0133b6b6a86,fc364518-bf85-4703-b2c8-f0961c480826,8ffcd728-c372-4540-9a04-7fa0c88e9347,2023-10-19 10:08:00+00,2025-02-08 08:22:00+00,f,Reassigned during shift roster change.
d97c85fe-2777-41e1-9a12-6d36ee53ad29,a9e53f75-3f82-4b55-89f1-d0133b6b6a86,937836a7-8559-4e05-b21a-4a1841beb635,8ffcd728-c372-4540-9a04-7fa0c88e9347,2026-05-22 05:14:00+00,,t,
2855d177-4fbd-459d-8d0e-9d80691f9016,c1004622-a295-452f-800f-30376cd864c2,66f76268-d181-4cea-bbf9-29b5446250fb,23b91a79-185d-41b8-aed8-22bf2cb9f4af,2025-10-05 05:24:00+00,,t,
0d0cfbab-cc36-4872-b4fe-cf32690497cc,985cf293-da9d-446f-8d2f-d8d6e756e8d7,b737044f-e300-48b8-8023-aa3efab6953e,aedad933-6f7e-4d2e-b6df-191c9e459887,2022-08-27 10:54:00+00,2023-05-19 16:21:00+00,f,Reassigned during shift roster change.
d39fe8e8-0330-463b-bef1-8a355ebe28c1,985cf293-da9d-446f-8d2f-d8d6e756e8d7,e8bba02d-8b84-43d2-9edd-486341b577fa,aedad933-6f7e-4d2e-b6df-191c9e459887,2023-06-17 08:06:00+00,2023-12-19 05:22:00+00,f,Reassigned during shift roster change.
4bdb61f8-a5ac-4aaa-b463-e38987dbccec,985cf293-da9d-446f-8d2f-d8d6e756e8d7,44f02d91-6ed8-49ff-bb7d-98412c2f27bc,aedad933-6f7e-4d2e-b6df-191c9e459887,2025-07-24 11:32:00+00,,t,
7dcdb1e3-3c5a-46d3-83a2-d4dad9b44cf3,99d9536e-8989-4b62-898e-6ab42e460242,eeb2c80a-5992-4553-b0f3-bfb3252ee6f4,23b91a79-185d-41b8-aed8-22bf2cb9f4af,2025-10-27 07:52:00+00,,t,
1c1cfabd-73d3-4268-87cd-dca0ec172d24,3366c0df-1020-47c8-8547-ff7850f58e1d,104a972e-bd66-474a-8e17-fe30a79630c7,66b4f764-8e90-4915-9c0a-f21f27ae4f4d,2022-12-03 17:17:00+00,2023-12-29 05:56:00+00,f,Reassigned during shift roster change.
7ec28853-3a0d-4c27-8723-f7688d2b941a,3366c0df-1020-47c8-8547-ff7850f58e1d,a39b379b-a449-4f92-b7e7-68a0e371ece2,66b4f764-8e90-4915-9c0a-f21f27ae4f4d,2024-01-01 12:36:00+00,2025-05-01 14:40:00+00,f,Reassigned during shift roster change.
302fcdfb-af66-4597-8924-25f14735d7ea,0507d399-4e22-4c15-be07-3e57b14bb1b6,e7889aec-2db4-4a78-b8a7-873db0af92b6,8ab44335-30b9-42d8-a1c3-82e009ea7876,2022-11-08 12:13:00+00,2023-05-14 05:56:00+00,f,Reassigned during shift roster change.
6af4785e-f2ab-4eea-bf0e-83856d773ec5,0507d399-4e22-4c15-be07-3e57b14bb1b6,d8054855-141d-41de-b91c-4fd89942c56e,8ab44335-30b9-42d8-a1c3-82e009ea7876,2023-06-08 11:42:00+00,2024-07-03 11:18:00+00,f,Reassigned during shift roster change.
5c601180-6498-475e-88b4-3e7a9042bda8,0507d399-4e22-4c15-be07-3e57b14bb1b6,cb09e946-aa0f-4553-883f-a8fbb994dd6e,8ab44335-30b9-42d8-a1c3-82e009ea7876,2025-12-31 12:51:00+00,,t,
72713912-e3e1-4db5-a055-1c9029527536,752910a5-c5b4-4594-888a-8910601e4967,785218fb-cfc1-466f-8524-05e00d4d22a9,8ab44335-30b9-42d8-a1c3-82e009ea7876,2022-07-03 09:15:00+00,2023-01-11 13:05:00+00,f,Reassigned during shift roster change.
039b7ee6-b88c-4670-af35-8d88ceba04ce,752910a5-c5b4-4594-888a-8910601e4967,3913555c-6732-450a-814a-159ca0f32ce8,8ab44335-30b9-42d8-a1c3-82e009ea7876,2026-02-03 12:15:00+00,,t,
696dd1c9-6572-4309-9923-dcd7729552ed,28e79822-f80d-408a-84dc-9ae48c47a36c,7b15e034-e9b1-4474-82ae-7a58157ca076,66b4f764-8e90-4915-9c0a-f21f27ae4f4d,2026-03-14 07:40:00+00,,t,
cf2b06a0-8d7b-45e5-a8da-43568e5fc154,90849b14-0cfd-47c6-a78e-b679f4567896,fd1680a5-59fe-4626-bf84-be00d1cef0cd,fc975356-d5cc-4bdc-ab35-2dc5c648c8f2,2023-03-19 09:36:00+00,2024-03-05 07:09:00+00,f,Reassigned during shift roster change.
10b219a7-433b-49b8-8a8c-6ea9c1f07f21,90849b14-0cfd-47c6-a78e-b679f4567896,8f361a62-8ed3-428d-817b-d37a6cca0f0f,fc975356-d5cc-4bdc-ab35-2dc5c648c8f2,2024-03-26 14:07:00+00,2025-02-02 13:13:00+00,f,Reassigned during shift roster change.
1b1b324a-f698-45f0-a11c-5b7c22cfa05e,90849b14-0cfd-47c6-a78e-b679f4567896,20ab5d3f-f2ca-4af4-b3c1-43fbcfad7b62,fc975356-d5cc-4bdc-ab35-2dc5c648c8f2,2026-06-22 07:07:00+00,,t,
cd0ff817-c904-4a08-afde-931b4bedfc05,96520911-34b0-4860-8d17-e31d74164fb1,56497cd1-0d97-423e-8009-ec18b6d28ef1,5dba83b3-52f3-44e6-84c0-7cb40b7e1cf7,2026-07-10 05:52:00+00,,t,
b9b67142-d85e-4e44-ab57-035267627c77,a71d25ab-55d3-42e4-9e48-98ce0de14f56,68859bd6-b2bb-408c-a81a-afb598bf0b74,5dba83b3-52f3-44e6-84c0-7cb40b7e1cf7,2023-02-05 12:31:00+00,2023-12-29 05:46:00+00,f,Reassigned during shift roster change.
74b3635f-0700-46ce-9ba9-9eafab74187d,a71d25ab-55d3-42e4-9e48-98ce0de14f56,91e3f538-69d6-4b30-b836-53971b1e57c1,5dba83b3-52f3-44e6-84c0-7cb40b7e1cf7,2024-01-10 10:04:00+00,2024-09-20 05:21:00+00,f,Reassigned during shift roster change.
b460531d-fb0b-4046-8f67-23f6fca6a4e0,a71d25ab-55d3-42e4-9e48-98ce0de14f56,862dfdd0-bfa1-4ab2-a8e0-7280ab4a68d5,5dba83b3-52f3-44e6-84c0-7cb40b7e1cf7,2026-07-10 12:45:00+00,,t,
a8c4e7a6-e7b5-49e5-8a65-c166b463f1cf,6e0515f5-1e47-40a2-a035-18eaf3f248a9,a3267fe3-9c0f-4b60-95c4-971b2cac8906,aedad933-6f7e-4d2e-b6df-191c9e459887,2022-11-29 12:49:00+00,2023-06-04 14:40:00+00,f,Reassigned during shift roster change.
730995ac-5392-4832-81df-f6255896f6a1,e2966d9f-ab49-47d7-a15e-efa7fd80cdf0,349e690e-52a1-4c2a-b549-9453d0c5b790,e3203996-7192-4f35-b4d9-8d19dd61882f,2025-10-08 08:54:00+00,,t,
090b1cbd-f533-43fe-95e4-6ea10fe57f8c,f678f355-e296-443e-90a6-276ea0fd0b92,9bb85a55-297b-4c01-8d94-5a8ecd35ad9a,5dba83b3-52f3-44e6-84c0-7cb40b7e1cf7,2022-12-02 12:38:00+00,2023-06-13 13:56:00+00,f,Reassigned during shift roster change.
382d4e77-7a3b-49df-be00-e3fae7bcd518,f678f355-e296-443e-90a6-276ea0fd0b92,db9ceda9-fe88-48a4-a8bc-b6d5b8e1c93d,5dba83b3-52f3-44e6-84c0-7cb40b7e1cf7,2023-06-23 09:51:00+00,2024-01-19 15:50:00+00,f,Reassigned during shift roster change.
ccdbef3a-35e6-430b-8776-3ce253cc30c5,6d908a07-9c8e-4264-b452-1fb7f540e3cf,ded95339-a354-4096-aff7-5819a01aff0a,23b91a79-185d-41b8-aed8-22bf2cb9f4af,2024-01-23 07:21:00+00,2025-03-27 05:49:00+00,f,Reassigned during shift roster change.
4663dc70-a32d-4b49-b9ff-d2b7e84bd559,6d908a07-9c8e-4264-b452-1fb7f540e3cf,2de8e8a2-03a6-4d8e-93d9-4b8309004f45,23b91a79-185d-41b8-aed8-22bf2cb9f4af,2025-08-10 16:08:00+00,,t,
51329a33-6c66-4617-b083-d39488a52be9,80b5ea63-9aa8-4469-b2a4-9fa1d7ac5c2d,a0536940-0682-4198-bae6-6db251d72de4,5dba83b3-52f3-44e6-84c0-7cb40b7e1cf7,2026-07-19 15:52:00+00,,t,
cb92a758-c218-48da-b287-b18ee18bd9ac,a838d374-572b-40c4-b331-560dfc970553,6304e580-0502-491d-80c1-fcd084bbbd24,294b7244-8922-4faa-8a66-ecf7f2d31ede,2022-12-07 11:44:00+00,2023-06-30 11:00:00+00,f,Reassigned during shift roster change.
419027cf-a30c-4f67-b486-a0875d48ffec,a838d374-572b-40c4-b331-560dfc970553,3deb7c66-adee-4720-998c-6789fbe7caac,294b7244-8922-4faa-8a66-ecf7f2d31ede,2026-01-20 13:57:00+00,,t,
359f9022-16dc-4190-8c58-0f16dd79eb6b,bf878007-dd6f-414c-870d-51b2eeaf5cf5,c9f86c57-934e-40e8-b6df-2eb5d71405e6,fc975356-d5cc-4bdc-ab35-2dc5c648c8f2,2025-12-26 08:25:00+00,,t,
b7b748f8-f453-4698-bf68-4a3b1c08347f,ce612d8f-2c97-49a1-9228-fde704c5053e,e63fb45e-1362-4e02-b414-1e0a67301dbf,5dba83b3-52f3-44e6-84c0-7cb40b7e1cf7,2022-12-30 08:09:00+00,2024-04-30 10:23:00+00,f,Reassigned during shift roster change.
45c5ca4a-6a80-45fa-9dff-69bcdf6316e6,ce612d8f-2c97-49a1-9228-fde704c5053e,143699d5-a598-400d-9e81-15f50ae0115e,5dba83b3-52f3-44e6-84c0-7cb40b7e1cf7,2024-05-30 17:27:00+00,2025-01-17 15:55:00+00,f,Reassigned during shift roster change.
532a8582-a0fc-4b21-9542-10ec875b72e1,ce612d8f-2c97-49a1-9228-fde704c5053e,9d13970f-2a41-435e-8706-26d1a28fe323,5dba83b3-52f3-44e6-84c0-7cb40b7e1cf7,2026-05-20 08:18:00+00,,t,
1bfee306-190b-4898-a140-b32987c61a9a,24284d81-453a-468a-bba5-25bd85a3d403,af901256-e5d4-4ea1-b95a-c5f2006a7629,23b91a79-185d-41b8-aed8-22bf2cb9f4af,2026-05-15 16:53:00+00,,t,
13386e69-f361-4266-9b9e-ba3663cc26eb,74955792-b891-41c5-8c51-a1088ddbcd78,a3267fe3-9c0f-4b60-95c4-971b2cac8906,dff1d306-f643-4c9e-abb3-5409e072abc4,2026-03-05 05:34:00+00,,t,
33215624-cc71-41cd-b2ec-24e36bf7483a,0044d1d4-b9b5-4622-87f3-458935555097,77387a7f-627f-4a75-a8da-5d14e986201e,aedad933-6f7e-4d2e-b6df-191c9e459887,2022-06-16 14:56:00+00,2022-11-19 05:55:00+00,f,Reassigned during shift roster change.
fbfdbbe0-2b56-4f8a-ab6d-ca07bebdefb5,0044d1d4-b9b5-4622-87f3-458935555097,55f028a0-239f-4082-a2bd-1ea1da7fb8eb,aedad933-6f7e-4d2e-b6df-191c9e459887,2026-07-17 05:14:00+00,,t,
d0bc8889-5e1b-476d-96a6-cb7448453c05,5845f04a-220a-4043-a53b-00020fd42290,90721aa2-142e-4b5b-ab54-99a28a3b8dd4,23b91a79-185d-41b8-aed8-22bf2cb9f4af,2022-11-09 13:28:00+00,2024-01-04 08:30:00+00,f,Reassigned during shift roster change.
2f1bea55-9762-4e03-8405-b30637934a54,a07baef9-4aff-4418-b3d6-b4a473a42aad,e8632eee-4221-4ef4-b29b-c345815392b7,23b91a79-185d-41b8-aed8-22bf2cb9f4af,2022-05-11 13:10:00+00,2023-02-24 10:19:00+00,f,Reassigned during shift roster change.
404f6def-ab9b-4754-872e-2f53efefba34,a07baef9-4aff-4418-b3d6-b4a473a42aad,18f814f2-8caf-454b-a5b5-36ab65b68c57,23b91a79-185d-41b8-aed8-22bf2cb9f4af,2026-04-22 13:19:00+00,,t,
263619b2-5238-45d4-9596-939a62e6a5a4,6bdfc2a2-4498-4c51-b5c9-6a35ea1cf25b,ab4c6629-969c-4410-9b59-30871655a1e5,8ffcd728-c372-4540-9a04-7fa0c88e9347,2024-01-11 09:25:00+00,2025-01-26 08:14:00+00,f,Reassigned during shift roster change.
9cc42b32-7591-42c9-88f8-e69068e43204,6bdfc2a2-4498-4c51-b5c9-6a35ea1cf25b,7c2c14c1-404b-480e-b7d2-fe6a9487024e,8ffcd728-c372-4540-9a04-7fa0c88e9347,2026-05-03 12:09:00+00,,t,
f21a49c5-6d83-4ed9-954d-1678e7a0122d,800204e4-2aaa-48dd-b2f7-324bb8f7a885,65e1c26e-af5d-4b8c-94f7-12f2c561b570,8ab44335-30b9-42d8-a1c3-82e009ea7876,2023-09-28 12:19:00+00,2025-01-09 16:46:00+00,f,Reassigned during shift roster change.
19a814e0-2d30-4ffc-8075-dc518173a91c,800204e4-2aaa-48dd-b2f7-324bb8f7a885,b232ddd5-5830-4628-84d8-26c9e470d691,8ab44335-30b9-42d8-a1c3-82e009ea7876,2025-10-30 14:38:00+00,,t,
b47b2ca9-4e07-4f26-821a-3054b26c7d71,4321dee6-3718-4232-8071-d5e3f805a91d,fa9a8e96-62c3-4e58-8fb8-93f9da3a3fb7,e3203996-7192-4f35-b4d9-8d19dd61882f,2022-03-30 12:44:00+00,2023-01-30 06:02:00+00,f,Reassigned during shift roster change.
094da575-ef95-4e12-bd28-b8d55aa81575,4321dee6-3718-4232-8071-d5e3f805a91d,cb5f60a2-0e0d-43e4-a97e-79df022e7bf2,e3203996-7192-4f35-b4d9-8d19dd61882f,2026-03-10 15:57:00+00,,t,
1deb8e12-8466-4339-a474-6d99d55ee0fa,4f9e2444-cf3b-455d-8b17-8eddf87f703e,4d3f028c-7b12-466f-9987-425444282f7d,66b4f764-8e90-4915-9c0a-f21f27ae4f4d,2023-03-16 07:23:00+00,2023-10-02 16:12:00+00,f,Reassigned during shift roster change.
eaa947ac-baef-43a3-82cd-c2e4af6c354b,4f9e2444-cf3b-455d-8b17-8eddf87f703e,42bf7196-20f8-4ee2-b42f-ee966b90d96d,66b4f764-8e90-4915-9c0a-f21f27ae4f4d,2026-02-21 16:32:00+00,,t,
83847142-64de-43ac-a13b-23d83bf868f4,aeb41745-356c-4b18-9e63-c1d335c2d225,eff568d4-8dd0-47c8-b7f4-a6e849c96f34,5dba83b3-52f3-44e6-84c0-7cb40b7e1cf7,2022-06-09 10:54:00+00,2023-10-13 14:32:00+00,f,Reassigned during shift roster change.
5ed2a065-9e42-4241-9a1b-a4ea87e679f1,aeb41745-356c-4b18-9e63-c1d335c2d225,db9ceda9-fe88-48a4-a8bc-b6d5b8e1c93d,5dba83b3-52f3-44e6-84c0-7cb40b7e1cf7,2025-07-13 08:24:00+00,,t,
a59e4ec8-9815-4331-9c2e-92247dc3f348,6790cbaf-798f-4239-b0c3-7b10c7a1c8a4,d5dd1ba4-1bf3-40e4-83b9-ce983379a814,8ffcd728-c372-4540-9a04-7fa0c88e9347,2022-05-23 09:46:00+00,2023-05-16 12:26:00+00,f,Reassigned during shift roster change.
34c5e871-0739-4bdf-9099-4589198ac5da,6790cbaf-798f-4239-b0c3-7b10c7a1c8a4,f3c4e156-3bb0-4f09-af72-9bad7ceee5a0,8ffcd728-c372-4540-9a04-7fa0c88e9347,2025-08-04 09:23:00+00,,t,
2a485fde-e291-4f20-8f45-0147997d3434,6dbabe7c-2f75-469e-8e53-ce5136bb0543,7fd8736c-4f22-4d99-be16-3f59826aed5d,23b91a79-185d-41b8-aed8-22bf2cb9f4af,2023-09-13 07:01:00+00,2024-01-15 09:08:00+00,f,Reassigned during shift roster change.
67a5b767-7828-455a-95a9-61ef5f271123,6dbabe7c-2f75-469e-8e53-ce5136bb0543,c2ebc293-a6da-4e4f-9dcf-b38eb12e684e,23b91a79-185d-41b8-aed8-22bf2cb9f4af,2024-01-28 17:49:00+00,2025-02-22 17:36:00+00,f,Reassigned during shift roster change.
0bd59efa-97de-4fb7-a435-57253103d8ac,6dbabe7c-2f75-469e-8e53-ce5136bb0543,44f02d91-6ed8-49ff-bb7d-98412c2f27bc,23b91a79-185d-41b8-aed8-22bf2cb9f4af,2026-07-02 05:25:00+00,,t,
86685fa4-1a7c-4ea9-9dd3-067de04c6318,a00e2f8d-b42f-48eb-9853-cb22f2286ce2,8741b992-805d-4859-9e1a-4d49d82c9a99,66b4f764-8e90-4915-9c0a-f21f27ae4f4d,2024-01-25 14:06:00+00,2024-08-29 10:06:00+00,f,Reassigned during shift roster change.
5b1bcd5a-542c-4de5-a7c3-28ca81a80046,a00e2f8d-b42f-48eb-9853-cb22f2286ce2,da2a67ac-05d9-4061-97d1-f011a05f6fe5,66b4f764-8e90-4915-9c0a-f21f27ae4f4d,2026-06-19 10:01:00+00,,t,
ecf5f6bd-e685-4228-8ca6-d84330da45b2,88df48f8-c6fc-4271-9542-16880ebc0330,3a856fa0-a322-42af-b639-f50c6a06d501,5dba83b3-52f3-44e6-84c0-7cb40b7e1cf7,2023-07-30 06:40:00+00,2024-10-06 16:20:00+00,f,Reassigned during shift roster change.
5d8ddc3b-41ed-4278-bdb3-23a56d7960f6,88df48f8-c6fc-4271-9542-16880ebc0330,f49309af-7263-49f9-9d09-f11dcc78fcaf,5dba83b3-52f3-44e6-84c0-7cb40b7e1cf7,2026-07-20 15:23:00+00,,t,
10984746-5408-4d66-ad08-ad30c7d63300,4d4e00d7-1c52-40b0-bcb1-afa81a86c9a7,d228e58a-85a6-4059-b62f-262964a70737,e3203996-7192-4f35-b4d9-8d19dd61882f,2023-02-26 14:24:00+00,2024-07-05 06:44:00+00,f,Reassigned during shift roster change.
38a9918e-8140-4df2-88a5-61938f2c7b3e,4d4e00d7-1c52-40b0-bcb1-afa81a86c9a7,64bf6e6f-689c-48c4-adbe-e8f44ba5f1cf,e3203996-7192-4f35-b4d9-8d19dd61882f,2024-07-17 12:17:00+00,2025-08-29 12:20:00+00,f,Reassigned during shift roster change.
b99341f6-79de-42b8-8492-184d5c62d27c,4d4e00d7-1c52-40b0-bcb1-afa81a86c9a7,2c2d43d4-1eac-4011-8261-c8af7f6aa2a6,e3203996-7192-4f35-b4d9-8d19dd61882f,2026-01-19 13:18:00+00,,t,
b92928cb-4dab-47ab-9e6c-ceb474df222e,61535406-4b76-4d2b-9dc4-6fd5045df502,67015e0d-8310-4509-9ae1-855e6a67dcdd,e3203996-7192-4f35-b4d9-8d19dd61882f,2022-06-16 08:15:00+00,2023-03-27 13:16:00+00,f,Reassigned during shift roster change.
73321c42-a4c9-4e2d-b0b3-8aa036c63ff2,61535406-4b76-4d2b-9dc4-6fd5045df502,2881b30f-299f-460b-aa24-ff4c9b263acb,e3203996-7192-4f35-b4d9-8d19dd61882f,2023-04-20 15:16:00+00,2023-09-15 10:25:00+00,f,Reassigned during shift roster change.
4b5b63aa-56be-4975-b4b5-a027d74d1ac2,dbcecd69-a627-4b0f-8cf0-87c3ff700c3a,60a73970-d603-4a04-8b90-3ef179cc9484,8ffcd728-c372-4540-9a04-7fa0c88e9347,2023-11-08 11:56:00+00,2024-09-10 16:20:00+00,f,Reassigned during shift roster change.
90861288-a126-4525-8432-8a6206a7b1c6,dbcecd69-a627-4b0f-8cf0-87c3ff700c3a,e91776d8-e25d-4e1d-88f3-4547156b4930,8ffcd728-c372-4540-9a04-7fa0c88e9347,2025-07-18 12:52:00+00,,t,
99f62beb-3d53-4cd0-8f4e-0be0f3d9d378,5548ee88-d4b6-48e8-b099-016b2eac0566,1f2fe8ba-e887-4f53-b5bf-1f7937e1e4fb,8ffcd728-c372-4540-9a04-7fa0c88e9347,2022-09-22 07:25:00+00,2023-09-04 10:21:00+00,f,Reassigned during shift roster change.
8381e179-33b4-4067-b2dd-40f6c1aa51aa,5548ee88-d4b6-48e8-b099-016b2eac0566,0d00671e-4229-4f30-8023-aabec2a477f9,8ffcd728-c372-4540-9a04-7fa0c88e9347,2025-07-30 12:28:00+00,,t,
1191c5f8-6f19-482b-ab88-0019970d2f9f,02acbd3f-6b2a-4134-8d00-6d0ca110aa43,97441bfa-1406-4e41-844f-864afde39913,8ab44335-30b9-42d8-a1c3-82e009ea7876,2023-10-20 06:15:00+00,2024-03-12 16:01:00+00,f,Reassigned during shift roster change.
13f3dd52-f801-4528-9a81-fee3fa02faf5,02acbd3f-6b2a-4134-8d00-6d0ca110aa43,cfc6d555-e896-4686-be90-1da957d6707d,8ab44335-30b9-42d8-a1c3-82e009ea7876,2026-04-07 15:56:00+00,,t,
641e87f9-3329-4278-b825-d0fd4d1fa974,2087abd2-eb2c-4f17-9ec2-04ba9e0722fc,32dad9d0-4ec9-4cae-b538-5f91662e6d44,dff1d306-f643-4c9e-abb3-5409e072abc4,2025-11-20 12:31:00+00,,t,
ea36e69b-f966-4ee2-8a87-6b9d9f1ef5ab,765c4ae6-ddf0-4b5b-868e-dc64b71a8adc,7a88ba0d-5d1e-4ede-ac54-483028c32e7b,dff1d306-f643-4c9e-abb3-5409e072abc4,2023-03-05 16:56:00+00,2023-11-07 17:50:00+00,f,Reassigned during shift roster change.
eb7d2db3-0416-4834-8064-b4b63a38e5ca,765c4ae6-ddf0-4b5b-868e-dc64b71a8adc,916fbbf1-64d9-4aeb-8446-d11375bdc5fd,dff1d306-f643-4c9e-abb3-5409e072abc4,2023-12-05 10:06:00+00,2024-07-14 16:46:00+00,f,Reassigned during shift roster change.
236b8307-2a30-4834-b669-2fa69444eeac,765c4ae6-ddf0-4b5b-868e-dc64b71a8adc,e1121c2f-4b9c-484f-ab26-d06bba047a3e,dff1d306-f643-4c9e-abb3-5409e072abc4,2025-07-17 14:11:00+00,,t,
7bd6b61b-eb61-488a-879f-7710302a859a,7f911169-073c-45e3-9070-4c3b8f88932a,51ed7e64-6868-4e03-9b23-cb9d7039bb47,66b4f764-8e90-4915-9c0a-f21f27ae4f4d,2023-11-07 11:18:00+00,2024-04-06 15:01:00+00,f,Reassigned during shift roster change.
19a1236a-affd-4370-9f3f-920bbb12665c,7f911169-073c-45e3-9070-4c3b8f88932a,eff568d4-8dd0-47c8-b7f4-a6e849c96f34,66b4f764-8e90-4915-9c0a-f21f27ae4f4d,2024-05-03 14:31:00+00,2025-01-25 17:50:00+00,f,Reassigned during shift roster change.
60c65414-e794-4287-9972-d54982459a32,7f911169-073c-45e3-9070-4c3b8f88932a,6afbbe79-b3b4-4bce-969a-13c3c0c87b06,66b4f764-8e90-4915-9c0a-f21f27ae4f4d,2026-05-18 11:05:00+00,,t,
83b745cb-33c2-47c5-b4b0-b8dd0e2721ee,fa2cad79-eb72-4e60-9692-0d329d7f16b7,e605199f-2c85-4b2b-9253-c4f54c926958,aedad933-6f7e-4d2e-b6df-191c9e459887,2022-04-12 15:38:00+00,2023-02-28 09:57:00+00,f,Reassigned during shift roster change.
7f204d82-fea5-49af-977c-f7f68d16205d,fa2cad79-eb72-4e60-9692-0d329d7f16b7,5576d8c3-4a33-48c3-b6d8-f684bc07fa9b,aedad933-6f7e-4d2e-b6df-191c9e459887,2023-03-26 06:40:00+00,2024-02-29 11:53:00+00,f,Reassigned during shift roster change.
5b6869e3-934a-4434-955f-132359f5bdf0,fa2cad79-eb72-4e60-9692-0d329d7f16b7,862dfdd0-bfa1-4ab2-a8e0-7280ab4a68d5,aedad933-6f7e-4d2e-b6df-191c9e459887,2025-10-12 05:50:00+00,,t,
7cf09b98-454a-4576-aa51-86c6de7bdc15,1d5b6c37-64b0-4d21-8246-f5c0ff1ce270,f85e5d5e-23ed-4753-ab5b-6e0d16377b17,fc975356-d5cc-4bdc-ab35-2dc5c648c8f2,2026-06-14 12:12:00+00,,t,
c94f31d7-180a-48eb-9281-26b80381f0c8,a12b69c0-1e74-48c0-b9df-2c337973ba36,2708d4f5-3ad6-4440-8965-792bc8ba02ec,8ab44335-30b9-42d8-a1c3-82e009ea7876,2023-06-28 09:11:00+00,2024-10-30 06:40:00+00,f,Reassigned during shift roster change.
cda287da-c8fc-42d5-a17e-d537ef82d1cb,a12b69c0-1e74-48c0-b9df-2c337973ba36,13634e4d-a8fe-47d0-a449-08d80fb48d14,8ab44335-30b9-42d8-a1c3-82e009ea7876,2024-11-03 10:13:00+00,2025-09-05 09:43:00+00,f,Reassigned during shift roster change.
9069196b-4f0c-43be-8cde-2707d2f9589c,a12b69c0-1e74-48c0-b9df-2c337973ba36,f8e16139-3fa8-4be2-9a68-cdd5555659dc,8ab44335-30b9-42d8-a1c3-82e009ea7876,2025-09-17 12:44:00+00,,t,
f0506df1-760a-45e2-b68f-429fc30f93bc,b852110c-0fdc-4588-b345-b2ae27fddcf6,d5dd1ba4-1bf3-40e4-83b9-ce983379a814,dff1d306-f643-4c9e-abb3-5409e072abc4,2021-12-29 16:24:00+00,2022-10-19 11:26:00+00,f,Reassigned during shift roster change.
2081e36f-bcb3-4c8f-8014-7bcb9a7dd58e,b852110c-0fdc-4588-b345-b2ae27fddcf6,ab3182a5-9c1a-4b46-99c0-a53fb59e2a10,dff1d306-f643-4c9e-abb3-5409e072abc4,2026-02-07 08:37:00+00,,t,
ca1177e5-874f-4fb5-b66d-d347bbfb98a3,f63250b5-0058-4e7b-9ee2-a57386a6e303,b39348d1-7405-4464-8957-067b571cbe59,2b0b58b5-c777-4903-8b21-ef25ce17a71a,2026-07-21 17:48:00+00,,t,
6258aa8c-3fd6-45fa-9845-97732c4e79ec,d7f1a79c-ceff-4e6f-a075-13e86a3465d8,6ab1fa28-105a-4e64-86b5-50fe38b7933d,66b4f764-8e90-4915-9c0a-f21f27ae4f4d,2026-05-30 09:36:00+00,,t,
a95a50b6-8627-46e9-87c7-9a8b845f98be,89bc710f-f711-47cb-a7e4-215e9d0d17ff,12dc50e0-4d2e-4d36-a680-4c2b19e22479,8ffcd728-c372-4540-9a04-7fa0c88e9347,2023-06-02 12:43:00+00,2024-10-12 06:32:00+00,f,Reassigned during shift roster change.
c516260d-0880-459c-b0d5-47b7318fdcc1,89bc710f-f711-47cb-a7e4-215e9d0d17ff,e6c34caa-c3c2-4ad5-abb2-9199c97b6cae,8ffcd728-c372-4540-9a04-7fa0c88e9347,2024-10-22 06:33:00+00,2025-12-16 11:57:00+00,f,Reassigned during shift roster change.
49b772a3-6779-44cc-bf24-3fc2ad9537b3,04db65f1-caf5-4f8f-ba94-6e8ae8ecc7bd,7fd8736c-4f22-4d99-be16-3f59826aed5d,294b7244-8922-4faa-8a66-ecf7f2d31ede,2022-10-12 05:43:00+00,2023-03-07 15:02:00+00,f,Reassigned during shift roster change.
c8c559db-6433-4c0e-99de-2e1c7a5acb02,04db65f1-caf5-4f8f-ba94-6e8ae8ecc7bd,9da02b43-fc39-4382-b689-47d1d616482c,294b7244-8922-4faa-8a66-ecf7f2d31ede,2023-03-17 10:32:00+00,2023-12-01 15:58:00+00,f,Reassigned during shift roster change.
49a28ec6-14a0-4263-80fd-5fefaacc066e,04db65f1-caf5-4f8f-ba94-6e8ae8ecc7bd,d38515f1-d5cf-4346-9352-be8bb20aee1e,294b7244-8922-4faa-8a66-ecf7f2d31ede,2025-11-22 15:00:00+00,,t,
61d43636-09e9-43da-b357-c9a71076e609,aff70554-5d52-4ae3-ab94-d8ce37b04506,66f76268-d181-4cea-bbf9-29b5446250fb,2b0b58b5-c777-4903-8b21-ef25ce17a71a,2022-02-27 16:32:00+00,2022-11-20 11:10:00+00,f,Reassigned during shift roster change.
3574ebc6-03d2-4281-981e-3c6a3e925e92,aff70554-5d52-4ae3-ab94-d8ce37b04506,3c5b8d69-75e5-4a06-9f93-b9c0e7929f9f,2b0b58b5-c777-4903-8b21-ef25ce17a71a,2022-12-18 10:08:00+00,2023-12-14 07:59:00+00,f,Reassigned during shift roster change.
dba5542d-0323-48e8-82dd-d25c3ff2c65f,00569254-8f6b-4a4f-a65a-ca7e6458fd46,2cb0e26c-1100-4df9-8c7d-54ff343ee7b3,aedad933-6f7e-4d2e-b6df-191c9e459887,2022-03-11 10:25:00+00,2023-04-11 08:29:00+00,f,Reassigned during shift roster change.
9de99bff-9715-4c6c-9f3e-02f090e05eaf,00569254-8f6b-4a4f-a65a-ca7e6458fd46,e91776d8-e25d-4e1d-88f3-4547156b4930,aedad933-6f7e-4d2e-b6df-191c9e459887,2023-04-21 13:22:00+00,2024-05-08 15:03:00+00,f,Reassigned during shift roster change.
489999ba-fb6a-4861-8a8a-b8b3fcc193eb,00569254-8f6b-4a4f-a65a-ca7e6458fd46,2cb0e26c-1100-4df9-8c7d-54ff343ee7b3,aedad933-6f7e-4d2e-b6df-191c9e459887,2025-08-02 08:48:00+00,,t,
3966b538-897c-4d8c-9a58-6085dfd7428c,01012599-6ec7-4baa-9328-b376893a566b,5431c4c3-6dc0-4daa-9313-86cacb8c8daf,8ffcd728-c372-4540-9a04-7fa0c88e9347,2023-08-09 05:45:00+00,2024-01-25 17:42:00+00,f,Reassigned during shift roster change.
b33cee43-f60a-4dc3-b140-febccefa6746,01012599-6ec7-4baa-9328-b376893a566b,2de8e8a2-03a6-4d8e-93d9-4b8309004f45,8ffcd728-c372-4540-9a04-7fa0c88e9347,2024-02-13 17:35:00+00,2024-10-06 10:14:00+00,f,Reassigned during shift roster change.
3d020c44-06bc-4254-a0a0-15455ab161cb,5b295364-2630-4694-bcd6-47bfc97883a4,e6c34caa-c3c2-4ad5-abb2-9199c97b6cae,fc975356-d5cc-4bdc-ab35-2dc5c648c8f2,2023-11-09 13:40:00+00,2024-04-12 17:02:00+00,f,Reassigned during shift roster change.
7abdf986-2c0f-4104-91ac-76c2c90a73f2,5b295364-2630-4694-bcd6-47bfc97883a4,96db9ee6-d443-4369-92f7-3bc46082ac53,fc975356-d5cc-4bdc-ab35-2dc5c648c8f2,2024-05-02 05:16:00+00,2025-06-08 07:17:00+00,f,Reassigned during shift roster change.
54e78c7d-8690-4ae1-9977-12e3aeeb4ee3,5b295364-2630-4694-bcd6-47bfc97883a4,3d6e22b7-a8bf-4c92-96df-615af688aa21,fc975356-d5cc-4bdc-ab35-2dc5c648c8f2,2025-09-01 06:35:00+00,,t,
9e1ebf2c-a0f6-4b1c-833b-0ada381f720d,38989727-3091-48bd-aef2-a3b8d4f30719,e6eb9d66-d679-4e1f-8e6b-fdb21a16881d,5dba83b3-52f3-44e6-84c0-7cb40b7e1cf7,2023-08-31 11:09:00+00,2024-04-27 13:09:00+00,f,Reassigned during shift roster change.
459ce3c7-88bd-4a9e-b03b-f9ed1e801980,38989727-3091-48bd-aef2-a3b8d4f30719,e57393bd-5c70-49b5-a53f-2b0727dc5d4b,5dba83b3-52f3-44e6-84c0-7cb40b7e1cf7,2026-05-23 05:19:00+00,,t,
edee2292-1454-406a-8f82-668b1d546bbd,d7ddcf5c-a8d7-42ed-ae9c-f6abfbbe678c,ce3a6f56-693b-4df4-b602-ed2623c68aad,8ffcd728-c372-4540-9a04-7fa0c88e9347,2023-06-22 12:29:00+00,2024-01-01 11:49:00+00,f,Reassigned during shift roster change.
e94249f6-cff9-4593-8ce9-794a467830b6,d7ddcf5c-a8d7-42ed-ae9c-f6abfbbe678c,2c594e9c-83b2-4d2e-91b9-33fa6a6bc81e,8ffcd728-c372-4540-9a04-7fa0c88e9347,2025-08-23 08:36:00+00,,t,
2a76fa47-8d94-4d76-ae78-b9fcad92e420,7f4ec061-27da-4f01-bae7-ee92f4ad02a8,42bf7196-20f8-4ee2-b42f-ee966b90d96d,66b4f764-8e90-4915-9c0a-f21f27ae4f4d,2023-06-18 05:51:00+00,2024-08-14 13:41:00+00,f,Reassigned during shift roster change.
d5a69cfa-9bda-4b0d-8fdf-9ee2d2708570,7f4ec061-27da-4f01-bae7-ee92f4ad02a8,d8054855-141d-41de-b91c-4fd89942c56e,66b4f764-8e90-4915-9c0a-f21f27ae4f4d,2025-07-11 14:20:00+00,,t,
4ee35605-194b-4b88-af73-8c5678ff6ad2,ba24d44f-89d7-46f6-bca0-0e88f2609048,8841c89f-1b64-4682-b273-0e824e9fd43d,5dba83b3-52f3-44e6-84c0-7cb40b7e1cf7,2022-08-30 08:48:00+00,2023-11-17 09:53:00+00,f,Reassigned during shift roster change.
87dc089c-1e5d-4f7b-9f1f-1feb4b651b2e,ba24d44f-89d7-46f6-bca0-0e88f2609048,4d03100d-8f0f-4671-9bd7-2ccd4b5f7e9b,5dba83b3-52f3-44e6-84c0-7cb40b7e1cf7,2023-12-07 17:56:00+00,2025-03-09 05:53:00+00,f,Reassigned during shift roster change.
16c5e5f8-c126-46a3-90f5-08df17fbc175,ba24d44f-89d7-46f6-bca0-0e88f2609048,54e48c09-372a-42e8-9086-e98f7ce791b9,5dba83b3-52f3-44e6-84c0-7cb40b7e1cf7,2025-08-27 08:07:00+00,,t,
29d0aeb5-d95f-4a57-8faf-4eaf91c9fcb4,e68cc4b9-0014-498d-a81a-e3e0fa17e723,42bf7196-20f8-4ee2-b42f-ee966b90d96d,8ffcd728-c372-4540-9a04-7fa0c88e9347,2022-09-13 07:16:00+00,2023-11-26 13:54:00+00,f,Reassigned during shift roster change.
335c536f-8d8f-477a-a35c-dbd156663d4f,f406213d-438b-42d0-b5a0-af45d4f0cec4,e02ba813-5fb6-4f10-a448-b12a48f2969e,8ffcd728-c372-4540-9a04-7fa0c88e9347,2023-09-01 10:30:00+00,2024-12-15 05:38:00+00,f,Reassigned during shift roster change.
9dad5441-070d-4de8-8366-b2422a54a6c3,f406213d-438b-42d0-b5a0-af45d4f0cec4,5d43b353-f619-4792-b4f1-617a66b1975e,8ffcd728-c372-4540-9a04-7fa0c88e9347,2025-07-12 09:28:00+00,,t,
796c8ccb-94c7-4486-a77e-cd70079673c0,435bafcf-7332-4e44-b7f5-c3fe116a9f8b,f0e51d89-d9ca-4b64-914c-a6d53a625ed0,66b4f764-8e90-4915-9c0a-f21f27ae4f4d,2023-10-31 15:47:00+00,2024-07-03 05:06:00+00,f,Reassigned during shift roster change.
adde5bf9-cfcd-4fe4-a2ba-c7b9786fe713,435bafcf-7332-4e44-b7f5-c3fe116a9f8b,bd13078d-a887-45cc-a7d9-3babe2ef6b8c,66b4f764-8e90-4915-9c0a-f21f27ae4f4d,2024-07-15 16:49:00+00,2025-01-07 07:52:00+00,f,Reassigned during shift roster change.
f37710eb-fb84-48f3-8b73-a1fd34b2dcb2,435bafcf-7332-4e44-b7f5-c3fe116a9f8b,db9ceda9-fe88-48a4-a8bc-b6d5b8e1c93d,66b4f764-8e90-4915-9c0a-f21f27ae4f4d,2026-04-21 13:20:00+00,,t,
16e35c45-7896-409f-9870-d761f40cfb92,85abe342-65a2-474d-9918-64f8c5891699,3deb7c66-adee-4720-998c-6789fbe7caac,2b0b58b5-c777-4903-8b21-ef25ce17a71a,2024-01-28 16:54:00+00,2024-07-04 11:52:00+00,f,Reassigned during shift roster change.
7ff02ce5-636c-43d1-b659-4fa23e7bf642,85abe342-65a2-474d-9918-64f8c5891699,4d5202db-cfac-4bb3-93a3-0fd9740a7bab,2b0b58b5-c777-4903-8b21-ef25ce17a71a,2024-08-01 07:52:00+00,2025-03-16 13:41:00+00,f,Reassigned during shift roster change.
96c01952-0d4d-4be0-94de-95319433d05e,85abe342-65a2-474d-9918-64f8c5891699,42b280ac-836f-403d-b991-b016eac74429,2b0b58b5-c777-4903-8b21-ef25ce17a71a,2026-02-04 16:14:00+00,,t,
28af1a51-093f-49d8-bb16-c0c82410c6fa,6110db6d-cb80-4658-bbb6-3687a2edc826,e57393bd-5c70-49b5-a53f-2b0727dc5d4b,aedad933-6f7e-4d2e-b6df-191c9e459887,2022-01-11 07:31:00+00,2023-03-10 08:14:00+00,f,Reassigned during shift roster change.
d23162ec-139a-4508-a2b9-646ebb748e42,6110db6d-cb80-4658-bbb6-3687a2edc826,3b296b4c-a6c2-42a6-89b4-e614400f1631,aedad933-6f7e-4d2e-b6df-191c9e459887,2025-07-26 10:19:00+00,,t,
bebda43f-f71a-442a-aac1-0c90e856738c,aa2ebdaf-26f2-42d0-8625-9b9437ecea41,09d59d94-cde4-46d6-a324-3a6f3da071f4,2b0b58b5-c777-4903-8b21-ef25ce17a71a,2023-12-01 13:24:00+00,2024-04-24 07:48:00+00,f,Reassigned during shift roster change.
dbe414b0-2d57-4090-b0b8-2105639cb494,aa2ebdaf-26f2-42d0-8625-9b9437ecea41,3a856fa0-a322-42af-b639-f50c6a06d501,2b0b58b5-c777-4903-8b21-ef25ce17a71a,2024-05-09 16:23:00+00,2025-08-17 09:11:00+00,f,Reassigned during shift roster change.
e5798672-9445-47f2-8699-e8919d4977c0,301f21d5-ef31-48eb-b8ce-3065c3003bf7,85ec9a19-bc02-4676-a16b-0a33f9ecc547,5dba83b3-52f3-44e6-84c0-7cb40b7e1cf7,2025-09-24 10:44:00+00,,t,
ec56605d-dd72-4fa9-855a-17a5579e8eb5,8460a2bc-30ae-4a26-9c09-75af1ba3b47b,5f77fc29-69bb-4b2b-8d0c-636c6f55884d,e3203996-7192-4f35-b4d9-8d19dd61882f,2023-07-31 07:23:00+00,2024-07-26 16:37:00+00,f,Reassigned during shift roster change.
20abe392-f3c0-4d34-bfd6-378031cd0d27,8460a2bc-30ae-4a26-9c09-75af1ba3b47b,cae73f81-e1cd-4b32-98bc-7315b9900cc4,e3203996-7192-4f35-b4d9-8d19dd61882f,2024-08-18 16:26:00+00,2025-01-14 06:05:00+00,f,Reassigned during shift roster change.
d4d8fdde-e451-4841-928b-86042ef45dfb,8460a2bc-30ae-4a26-9c09-75af1ba3b47b,39d5700c-a1c9-4421-9f83-a2e5f6ca64cc,e3203996-7192-4f35-b4d9-8d19dd61882f,2026-05-30 16:14:00+00,,t,
4db70e00-11bb-49b9-a9a8-91daf7086bf0,1621a9c7-d95e-420e-a2c6-821e3a64c4c1,a112d877-21c7-4ccc-99ce-7165121d56e9,8ab44335-30b9-42d8-a1c3-82e009ea7876,2022-03-01 17:46:00+00,2023-01-21 05:34:00+00,f,Reassigned during shift roster change.
7434c868-9a03-4641-95ab-2ce4fc958bbe,1621a9c7-d95e-420e-a2c6-821e3a64c4c1,a112d877-21c7-4ccc-99ce-7165121d56e9,8ab44335-30b9-42d8-a1c3-82e009ea7876,2023-02-04 13:33:00+00,2023-08-30 14:18:00+00,f,Reassigned during shift roster change.
24d301e2-9ace-46de-84e5-49ba0f4cc528,1621a9c7-d95e-420e-a2c6-821e3a64c4c1,a5873caa-58e3-478e-9e5c-c4f5be6aeec5,8ab44335-30b9-42d8-a1c3-82e009ea7876,2025-08-24 10:54:00+00,,t,
665ada75-651b-4096-b114-cb46aa002b15,7f6c3931-c4af-4ea9-8a66-b289d1c4daac,e926b5a7-d8cf-4bc6-85c7-108e0935ffa1,5dba83b3-52f3-44e6-84c0-7cb40b7e1cf7,2026-03-16 16:45:00+00,,t,
ffeed34c-0064-4179-9150-261616972719,fcd3d601-bbb6-485b-be55-2e8039e4c0ba,dc5de09a-aaea-4694-acaa-f14eba245e32,aedad933-6f7e-4d2e-b6df-191c9e459887,2023-10-17 07:13:00+00,2024-06-11 11:06:00+00,f,Reassigned during shift roster change.
4d138397-8e74-44ea-8a7a-f7f026c94e77,fcd3d601-bbb6-485b-be55-2e8039e4c0ba,65e1c26e-af5d-4b8c-94f7-12f2c561b570,aedad933-6f7e-4d2e-b6df-191c9e459887,2024-06-14 13:02:00+00,2025-04-23 17:15:00+00,f,Reassigned during shift roster change.
b7e46bf5-04be-4780-b867-62ebe37a5182,95857487-a16c-4373-8d49-35177e75ea0f,ec8132ac-9310-44f0-89de-9a6f62074977,dff1d306-f643-4c9e-abb3-5409e072abc4,2026-02-20 09:25:00+00,,t,
c2d2d4a9-2040-48c0-b6b4-c72518051812,95f3676e-7aa4-4d03-9366-d51f23d2f822,2eddc02d-4050-44d6-8eb4-a722c2fdd4bc,fc975356-d5cc-4bdc-ab35-2dc5c648c8f2,2022-01-17 11:19:00+00,2023-04-09 09:27:00+00,f,Reassigned during shift roster change.
80a78814-a7b2-4abd-a7e0-90aed3b2aa44,dd6b21fc-0cb3-43f0-b8fe-6794a5f3330b,fca1ba57-46c2-46df-8d8c-c6177b1ab5c3,2b0b58b5-c777-4903-8b21-ef25ce17a71a,2026-05-23 09:08:00+00,,t,
5b17ec9b-deb6-4d17-81e1-7e8adae26744,cade115f-7074-43c5-8e59-13ad929b6e87,1ab447cd-7e32-4de9-a6bd-158117727302,5dba83b3-52f3-44e6-84c0-7cb40b7e1cf7,2025-11-23 07:21:00+00,,t,
2e9e3f67-0067-4c5a-9166-4289cd9e2706,ab8f832b-86a1-47be-bba7-8e25a952c1bc,d6e759b6-79b1-4cc4-bc4d-412a321a3640,2b0b58b5-c777-4903-8b21-ef25ce17a71a,2022-12-26 05:30:00+00,2024-03-30 11:39:00+00,f,Reassigned during shift roster change.
74e9e37b-81b1-4af2-990a-f63e35497641,ab8f832b-86a1-47be-bba7-8e25a952c1bc,e57393bd-5c70-49b5-a53f-2b0727dc5d4b,2b0b58b5-c777-4903-8b21-ef25ce17a71a,2024-04-16 09:22:00+00,2025-05-16 14:58:00+00,f,Reassigned during shift roster change.
c67ee813-452c-4937-a151-876e277e3706,ab8f832b-86a1-47be-bba7-8e25a952c1bc,be95ca2d-29f2-4fe2-bd65-ccf5e702b949,2b0b58b5-c777-4903-8b21-ef25ce17a71a,2025-12-14 11:24:00+00,,t,
33351edc-043e-46b3-b743-c4fb6fb93a88,cd048cbe-1f0c-4b89-8d20-ff63796025ba,4f70eb8b-a508-4193-b75f-63ac8e236939,8ffcd728-c372-4540-9a04-7fa0c88e9347,2024-02-07 06:51:00+00,2024-12-09 15:24:00+00,f,Reassigned during shift roster change.
3269187f-928f-4753-be66-5a89470be066,cd048cbe-1f0c-4b89-8d20-ff63796025ba,b390c01c-3083-473a-aeed-8099d7b0434f,8ffcd728-c372-4540-9a04-7fa0c88e9347,2026-07-10 14:33:00+00,,t,
81dbff37-335b-483e-9a08-9684543c9fcc,1bca9aef-fa12-4d82-bef4-7c6b62f64cf5,9f5f84e3-bce1-4c93-b37b-5c218d7ca28b,23b91a79-185d-41b8-aed8-22bf2cb9f4af,2022-07-16 17:31:00+00,2023-08-26 11:47:00+00,f,Reassigned during shift roster change.
45c06c68-3758-4c1f-97e1-d29055b78cda,1bca9aef-fa12-4d82-bef4-7c6b62f64cf5,5e08f9f1-1943-48a3-a0a5-ba6fb8609095,23b91a79-185d-41b8-aed8-22bf2cb9f4af,2023-09-25 08:51:00+00,2024-07-27 08:39:00+00,f,Reassigned during shift roster change.
0f963c78-7d51-4bcc-9635-42d39faca2de,1bca9aef-fa12-4d82-bef4-7c6b62f64cf5,e57393bd-5c70-49b5-a53f-2b0727dc5d4b,23b91a79-185d-41b8-aed8-22bf2cb9f4af,2025-09-06 14:56:00+00,,t,
015e2e07-bb7f-481b-9d6b-71d5dfd1b116,17e128a7-ccf3-4f36-af46-cdb19490b5b6,5576d8c3-4a33-48c3-b6d8-f684bc07fa9b,66b4f764-8e90-4915-9c0a-f21f27ae4f4d,2025-08-14 12:54:00+00,,t,
e97ac71f-b0d7-4e8a-8ba6-8f4fb9e7d3bf,69bd93cb-aad7-49a1-b2ac-50ff164b0d70,f3d1ade7-2879-431a-9353-2d23c663a92b,23b91a79-185d-41b8-aed8-22bf2cb9f4af,2023-03-20 11:58:00+00,2023-11-20 15:15:00+00,f,Reassigned during shift roster change.
8991296c-1947-40a0-bd74-318090d5f93a,69bd93cb-aad7-49a1-b2ac-50ff164b0d70,a9a9d2d2-09e7-40de-b060-8dec80491082,23b91a79-185d-41b8-aed8-22bf2cb9f4af,2025-08-02 10:36:00+00,,t,
3524266a-f90a-44d5-968a-de50d6087687,5e1e1d08-f6b0-480f-94a3-da11380857df,8c660120-06ae-494a-8b89-5ba8438020a9,e3203996-7192-4f35-b4d9-8d19dd61882f,2025-09-27 10:26:00+00,,t,
8f8ac627-29f0-4954-bfff-325d9d7512dd,786aba06-5e41-4cfb-9d78-796fadda4876,0d00671e-4229-4f30-8023-aabec2a477f9,23b91a79-185d-41b8-aed8-22bf2cb9f4af,2026-06-01 08:00:00+00,,t,
fe18fe2d-28ea-4a50-b3db-fa727b6feddc,a4367f8b-b509-47f6-a90d-83beed9b34d5,fa9a8e96-62c3-4e58-8fb8-93f9da3a3fb7,8ffcd728-c372-4540-9a04-7fa0c88e9347,2023-01-27 08:44:00+00,2023-12-30 05:30:00+00,f,Reassigned during shift roster change.
e3331083-37ac-4df7-943a-6c5290100e3b,16450510-2815-4094-85c8-6aa210ddde6d,d6e759b6-79b1-4cc4-bc4d-412a321a3640,dff1d306-f643-4c9e-abb3-5409e072abc4,2023-04-07 05:38:00+00,2023-11-06 16:00:00+00,f,Reassigned during shift roster change.
b841c329-ab07-4f3c-9444-e8c21dd63317,16450510-2815-4094-85c8-6aa210ddde6d,765075e1-0e2f-47b5-9221-3011f36cb6f8,dff1d306-f643-4c9e-abb3-5409e072abc4,2025-07-18 05:17:00+00,,t,
64dc7a36-2658-445b-b7b0-e86719a5f448,4efcf505-bc80-4f48-8515-e8918d3fa0db,2eddc02d-4050-44d6-8eb4-a722c2fdd4bc,8ab44335-30b9-42d8-a1c3-82e009ea7876,2026-06-01 06:03:00+00,,t,
0b9ca5e4-c2a7-42f5-8777-79d7f464cbdd,b21d8224-3a72-4265-9806-90a5b6e48b09,e00b3cbd-1bfa-4cbb-82d2-e65668d545ac,dff1d306-f643-4c9e-abb3-5409e072abc4,2025-08-24 15:30:00+00,,t,
c2fb15db-36a1-44fb-a18b-addc935a829b,2daefc38-a8c3-4175-bcef-6be2cbec8dcb,c0a09492-f052-4439-98b3-703eebb8fc08,aedad933-6f7e-4d2e-b6df-191c9e459887,2022-07-18 05:21:00+00,2023-06-23 13:33:00+00,f,Reassigned during shift roster change.
f9b4c800-e9d2-460d-9eb5-fb96f2096871,697b0790-ae5e-43a5-b66c-886fd7047d38,de9de0cd-200d-406e-b349-513ca4c23c7b,66b4f764-8e90-4915-9c0a-f21f27ae4f4d,2022-11-25 14:24:00+00,2023-05-14 08:05:00+00,f,Reassigned during shift roster change.
672bdefa-a01c-4726-b81f-a150e3752cb4,697b0790-ae5e-43a5-b66c-886fd7047d38,3745b919-3c33-4a3f-8eca-902a8a95931f,66b4f764-8e90-4915-9c0a-f21f27ae4f4d,2026-06-15 10:33:00+00,,t,
088b1f90-6c29-47d3-a0fc-2a8b4af7038c,c981257a-b5a0-40ef-a504-920791a511a7,a3267fe3-9c0f-4b60-95c4-971b2cac8906,8ab44335-30b9-42d8-a1c3-82e009ea7876,2022-07-20 07:58:00+00,2023-02-27 10:43:00+00,f,Reassigned during shift roster change.
2179f8f8-911f-4c10-9e14-d48ab82e0419,c981257a-b5a0-40ef-a504-920791a511a7,e605199f-2c85-4b2b-9253-c4f54c926958,8ab44335-30b9-42d8-a1c3-82e009ea7876,2026-04-13 10:27:00+00,,t,
1d4d1e16-b567-42ca-9b0a-6a7fb7fc4512,c9ec95fd-c53b-49ab-a462-e060ce9d54e2,6b568122-8e5f-4230-93a9-c0335707eec2,e3203996-7192-4f35-b4d9-8d19dd61882f,2022-08-12 13:30:00+00,2023-07-22 06:23:00+00,f,Reassigned during shift roster change.
029eaf50-da34-4a7d-aded-1a5f4ba8318b,c9ec95fd-c53b-49ab-a462-e060ce9d54e2,8d29cbfb-7111-4b9f-84eb-755a873d85f4,e3203996-7192-4f35-b4d9-8d19dd61882f,2025-10-23 12:02:00+00,,t,
7a484de3-e361-4029-9efc-061a3d5e7e6e,9e35b264-e0d9-4ba2-9edc-02dac25997a0,35d2516a-d950-46c7-9fd9-6f76176ed4bb,66b4f764-8e90-4915-9c0a-f21f27ae4f4d,2026-06-15 14:16:00+00,,t,
f685d1b6-28fb-414f-85f0-23370dc0b7e0,69583c46-01c2-47ae-90ca-4df64f46bf0e,58e0105a-a433-440e-b5ce-fa630092e541,294b7244-8922-4faa-8a66-ecf7f2d31ede,2022-02-19 17:59:00+00,2023-04-15 09:24:00+00,f,Reassigned during shift roster change.
8ac55a0b-a5e9-4387-80d5-1b0b2962aed0,69583c46-01c2-47ae-90ca-4df64f46bf0e,a3ad3a8c-24a3-48ab-ba14-234b9a25eed1,294b7244-8922-4faa-8a66-ecf7f2d31ede,2025-09-03 06:18:00+00,,t,
6375c827-2e87-45df-a965-c858bbfc7ad2,ffba205c-2306-4134-be4d-7a21f75043c2,139a4cfb-94cd-4f1e-85c0-ad0e0259693d,e3203996-7192-4f35-b4d9-8d19dd61882f,2024-01-08 06:13:00+00,2025-03-11 05:40:00+00,f,Reassigned during shift roster change.
1c8da429-1127-42fa-8a3a-53ab3a6b9ce7,ffba205c-2306-4134-be4d-7a21f75043c2,80bc9403-5b94-4faf-9612-5bdcefb91978,e3203996-7192-4f35-b4d9-8d19dd61882f,2025-12-14 11:32:00+00,,t,
ad6e17cf-b2b5-4832-ad02-fc0206a374c6,f9cb7b27-7a7d-47e9-9c4e-c490f023c209,75d2e9af-111a-49d2-a07a-f640a6a6ce92,fc975356-d5cc-4bdc-ab35-2dc5c648c8f2,2023-07-03 11:10:00+00,2024-02-16 16:36:00+00,f,Reassigned during shift roster change.
0df9913f-65d0-4f6e-b6fb-89762cfcf37c,f9cb7b27-7a7d-47e9-9c4e-c490f023c209,f3f8dfa5-1b8c-4bf1-8507-81855c610eb1,fc975356-d5cc-4bdc-ab35-2dc5c648c8f2,2024-03-08 16:29:00+00,2024-07-27 05:30:00+00,f,Reassigned during shift roster change.
390b92ef-f028-491c-875f-ef20df8aa9c6,a1b717bd-2082-46e2-a62f-9b308a41f976,2b388115-612e-444c-ab32-5b14b3f54f80,e3203996-7192-4f35-b4d9-8d19dd61882f,2026-06-08 16:40:00+00,,t,
0ee2a80a-8cc8-4d41-97dc-dc7ca46616c6,69de65ab-3bfb-45e4-a2c3-3f9a7a558469,92cb3cf4-a84e-41e9-acb9-1b4f29188207,2b0b58b5-c777-4903-8b21-ef25ce17a71a,2022-03-18 12:27:00+00,2023-02-20 10:46:00+00,f,Reassigned during shift roster change.
eda2c4b8-f606-4665-b9cd-6955460373b4,69de65ab-3bfb-45e4-a2c3-3f9a7a558469,f3f8dfa5-1b8c-4bf1-8507-81855c610eb1,2b0b58b5-c777-4903-8b21-ef25ce17a71a,2025-12-25 10:56:00+00,,t,
fd0299e1-adb9-4440-bbfb-76755883c1d5,9abd2876-42a6-4bee-bffa-66caffa923b2,770cafcb-eea4-4443-83cb-293884409c90,294b7244-8922-4faa-8a66-ecf7f2d31ede,2022-05-14 07:18:00+00,2023-01-18 14:14:00+00,f,Reassigned during shift roster change.
464a3350-e5db-4bec-92b4-26923aab5bcd,9abd2876-42a6-4bee-bffa-66caffa923b2,f38769be-b80c-4aaf-8263-0710dc763e77,294b7244-8922-4faa-8a66-ecf7f2d31ede,2023-02-07 16:30:00+00,2023-12-12 10:14:00+00,f,Reassigned during shift roster change.
05a3f4de-a131-48d3-bbcc-7eb95a9efce4,1d4faaad-59f0-4dad-bc29-881b2cb68357,b532922b-d266-423a-8b64-6756f96af531,66b4f764-8e90-4915-9c0a-f21f27ae4f4d,2025-07-13 08:12:00+00,,t,
ed303905-a363-49c6-89d4-8c4aa8329ccd,7057bf49-b184-4c58-a49a-96e9de140dd3,5576d8c3-4a33-48c3-b6d8-f684bc07fa9b,5dba83b3-52f3-44e6-84c0-7cb40b7e1cf7,2023-10-09 08:48:00+00,2024-08-12 08:47:00+00,f,Reassigned during shift roster change.
7e82aafe-af6d-4030-97b3-2dd26872d0d2,7057bf49-b184-4c58-a49a-96e9de140dd3,23897ad1-5d76-41b7-a0a8-5434aba10d7c,5dba83b3-52f3-44e6-84c0-7cb40b7e1cf7,2024-08-22 07:18:00+00,2025-09-26 13:55:00+00,f,Reassigned during shift roster change.
b6fdbc11-6cdf-4af4-a376-2aa59e8e9b04,7057bf49-b184-4c58-a49a-96e9de140dd3,c823a36c-7a13-4674-b925-140bf7ccf2a5,5dba83b3-52f3-44e6-84c0-7cb40b7e1cf7,2025-10-29 08:54:00+00,,t,
42ff98b8-9505-458e-9d98-efaf5a312459,90de28b8-467a-48fd-99b0-be067cf8391f,ace3bbfb-ae84-49bf-9bb4-fe6c0521a9ba,5dba83b3-52f3-44e6-84c0-7cb40b7e1cf7,2023-06-27 11:10:00+00,2024-06-20 06:13:00+00,f,Reassigned during shift roster change.
2acbbf43-8c11-4ab2-be2f-1c9264534498,90de28b8-467a-48fd-99b0-be067cf8391f,bc386f1f-6069-48e1-bf31-dca443044b19,5dba83b3-52f3-44e6-84c0-7cb40b7e1cf7,2025-09-07 08:57:00+00,,t,
e6640239-adbe-4173-b1d3-bc9e764ee5b7,1cbbe209-49fa-4c42-9491-79f16a9a4ff2,37312388-fdb3-4d96-a270-ec86cf28080e,66b4f764-8e90-4915-9c0a-f21f27ae4f4d,2023-09-06 13:05:00+00,2025-01-06 09:41:00+00,f,Reassigned during shift roster change.
26d24612-c29a-4c62-a8b1-6227f250f3aa,1cbbe209-49fa-4c42-9491-79f16a9a4ff2,8d29cbfb-7111-4b9f-84eb-755a873d85f4,66b4f764-8e90-4915-9c0a-f21f27ae4f4d,2026-04-08 07:06:00+00,,t,
af3f15d8-7e29-4f95-b21f-7ca29cd91fc2,e1a61907-da35-4014-a673-ca268c64f215,60faca1b-b122-410e-8079-3b4bd129e191,8ab44335-30b9-42d8-a1c3-82e009ea7876,2022-01-27 08:12:00+00,2023-01-21 12:23:00+00,f,Reassigned during shift roster change.
c148ece9-7987-4237-a9ee-71c2f803cd77,98353863-2d9c-4659-b306-190579d3b7cf,5e08f9f1-1943-48a3-a0a5-ba6fb8609095,e3203996-7192-4f35-b4d9-8d19dd61882f,2026-03-15 13:25:00+00,,t,
17bdcb38-441e-4cfd-9cdb-59b4821ce54e,b47f34fb-e6e1-4758-9b54-24aada8994a1,08614e88-b343-49ae-8e75-b715bf05a337,e3203996-7192-4f35-b4d9-8d19dd61882f,2023-05-26 11:56:00+00,2024-05-25 17:55:00+00,f,Reassigned during shift roster change.
456b1cf9-7961-47a8-bcfc-9ff7504e2fe8,b47f34fb-e6e1-4758-9b54-24aada8994a1,ddde20e9-91ec-4e59-ae51-4ecd751529ab,e3203996-7192-4f35-b4d9-8d19dd61882f,2026-02-26 10:43:00+00,,t,
d7d44f15-c00d-42e3-bd00-1ad733985424,083984ab-380f-4d28-b894-14d63c86c83f,a39b379b-a449-4f92-b7e7-68a0e371ece2,8ab44335-30b9-42d8-a1c3-82e009ea7876,2025-10-06 13:16:00+00,,t,
dcddfceb-4400-4e1a-98ba-46e1b8450ead,987c5391-900f-49ca-a921-fbb785ac1a53,eac9c883-8821-4ef4-829f-f76abfc4d4d2,8ab44335-30b9-42d8-a1c3-82e009ea7876,2026-04-07 14:25:00+00,,t,
2842d1d5-ca32-4c57-b256-013daa3f32b6,70f395a2-bbf3-4921-9989-0e5d3ea2f187,200768f1-cf09-411b-9405-f04979d0e652,fc975356-d5cc-4bdc-ab35-2dc5c648c8f2,2022-03-27 05:26:00+00,2022-12-27 10:34:00+00,f,Reassigned during shift roster change.
e554b134-d4dd-4c0c-88a7-38068838eb7f,70f395a2-bbf3-4921-9989-0e5d3ea2f187,ebb9527c-518e-4fe9-a686-6a365ae6f8c8,fc975356-d5cc-4bdc-ab35-2dc5c648c8f2,2026-07-19 09:29:00+00,,t,
b31e3eb1-c73e-48cd-8110-cb7db0fc96dc,6842eb31-93df-46c0-850b-d8ee1f076da3,9c5e27a2-5ace-4543-9ad5-55b53544519e,aedad933-6f7e-4d2e-b6df-191c9e459887,2023-03-10 16:03:00+00,2023-09-08 06:28:00+00,f,Reassigned during shift roster change.
d46b2878-3578-447f-9ff1-06815eacdde7,6842eb31-93df-46c0-850b-d8ee1f076da3,cd077c24-ded4-4f10-9145-7381355aa6b2,aedad933-6f7e-4d2e-b6df-191c9e459887,2026-01-07 14:11:00+00,,t,
337d6771-5433-4488-ada5-b0025f1df447,dcd5daa0-e7de-4da1-a319-f7866e3ea3c3,3deb7c66-adee-4720-998c-6789fbe7caac,e3203996-7192-4f35-b4d9-8d19dd61882f,2022-09-30 05:28:00+00,2023-05-09 16:24:00+00,f,Reassigned during shift roster change.
5f36b9db-7ca8-457d-ad87-0ec6eddc29f0,dcd5daa0-e7de-4da1-a319-f7866e3ea3c3,bb4feca3-0cd1-4a8c-aea3-c09930897f31,e3203996-7192-4f35-b4d9-8d19dd61882f,2023-05-14 06:23:00+00,2024-06-15 17:50:00+00,f,Reassigned during shift roster change.
9f94ea48-30bc-4b7e-8526-24d03cffc67d,dcd5daa0-e7de-4da1-a319-f7866e3ea3c3,27c0f523-7cf4-4fa6-bc00-110aceffb452,e3203996-7192-4f35-b4d9-8d19dd61882f,2025-08-24 07:07:00+00,,t,
619c59ee-01aa-40cc-8c39-fe39b19bbccf,b93ad90d-bce7-4521-92c5-54e163bed811,d6e759b6-79b1-4cc4-bc4d-412a321a3640,8ffcd728-c372-4540-9a04-7fa0c88e9347,2025-10-02 15:21:00+00,,t,
3f587b31-b7c0-4551-85e0-4cb85feb22cb,1945b688-7bee-4325-97bc-c29d58083f67,2eddc02d-4050-44d6-8eb4-a722c2fdd4bc,2b0b58b5-c777-4903-8b21-ef25ce17a71a,2025-10-24 09:09:00+00,,t,
4e2b5e8a-9806-4153-8c36-7b5bb9d32a1c,fcb4dcdb-9535-408f-9f42-22ec5fa81b34,1bf61d3f-94c5-4a00-a27d-f70c6a229bf8,aedad933-6f7e-4d2e-b6df-191c9e459887,2022-08-27 15:13:00+00,2023-03-31 11:42:00+00,f,Reassigned during shift roster change.
0dc9d582-b35f-49ee-900b-771972f18f4f,fcb4dcdb-9535-408f-9f42-22ec5fa81b34,2c2d43d4-1eac-4011-8261-c8af7f6aa2a6,aedad933-6f7e-4d2e-b6df-191c9e459887,2023-04-04 12:47:00+00,2024-03-31 06:12:00+00,f,Reassigned during shift roster change.
93d8b316-8b49-49ee-9265-9cce0e2316a1,fcb4dcdb-9535-408f-9f42-22ec5fa81b34,91e3f538-69d6-4b30-b836-53971b1e57c1,aedad933-6f7e-4d2e-b6df-191c9e459887,2026-02-11 14:18:00+00,,t,
8ee98ea3-2ca3-43b4-a9f5-0c351d004d8b,3fd046df-9cb4-4c19-a1b4-6c854aa980be,e5076445-2fa7-4b27-852a-fed4c2be49d6,66b4f764-8e90-4915-9c0a-f21f27ae4f4d,2023-10-08 15:46:00+00,2024-07-01 11:01:00+00,f,Reassigned during shift roster change.
f1dc30d6-0e39-4799-aef7-14ebe674aed4,3fd046df-9cb4-4c19-a1b4-6c854aa980be,700dde62-01ef-4dc7-bd5e-821eeb1986c3,66b4f764-8e90-4915-9c0a-f21f27ae4f4d,2024-07-22 10:45:00+00,2025-12-01 16:12:00+00,f,Reassigned during shift roster change.
2ebf593a-5a88-47c7-83be-ac9cdca28aa6,3fd046df-9cb4-4c19-a1b4-6c854aa980be,b39348d1-7405-4464-8957-067b571cbe59,66b4f764-8e90-4915-9c0a-f21f27ae4f4d,2026-07-03 06:03:00+00,,t,
8277e093-8081-445a-b8fe-3f7acf91da41,08ee80cd-b430-41e7-8dd7-0f69e9baf956,701951e4-b6c8-419b-bf08-9be47ceccf9b,dff1d306-f643-4c9e-abb3-5409e072abc4,2024-01-15 06:27:00+00,2024-11-27 15:17:00+00,f,Reassigned during shift roster change.
1e3faebd-c6ad-422a-bf6d-a4ebf1bc7400,08ee80cd-b430-41e7-8dd7-0f69e9baf956,80bc9403-5b94-4faf-9612-5bdcefb91978,dff1d306-f643-4c9e-abb3-5409e072abc4,2024-12-11 07:10:00+00,2026-03-30 10:44:00+00,f,Reassigned during shift roster change.
73f37ce0-3282-4d21-bc3e-6e7339eda8a9,08ee80cd-b430-41e7-8dd7-0f69e9baf956,b10c3b1b-0504-4c02-9577-38f300514499,dff1d306-f643-4c9e-abb3-5409e072abc4,2026-04-09 15:25:00+00,,t,
cdb79d87-f8c9-445e-9079-f07a97697180,cf4ef814-4399-4c4b-b0c0-2dbd8a096888,fe36eed5-ff5a-45ea-a11e-c01d456ece74,5dba83b3-52f3-44e6-84c0-7cb40b7e1cf7,2026-03-04 09:41:00+00,,t,
15ed0aad-7385-4106-8055-6e3eda193f4a,bb939f3f-1472-4213-9007-97f8eb76142b,86c9b7b9-8d69-42b7-be6e-b98d2f5e6e09,2b0b58b5-c777-4903-8b21-ef25ce17a71a,2023-04-04 10:58:00+00,2024-03-05 11:11:00+00,f,Reassigned during shift roster change.
26e0193a-59b1-447e-b33b-00920d403111,bb939f3f-1472-4213-9007-97f8eb76142b,ab3182a5-9c1a-4b46-99c0-a53fb59e2a10,2b0b58b5-c777-4903-8b21-ef25ce17a71a,2024-04-01 10:38:00+00,2025-07-03 09:49:00+00,f,Reassigned during shift roster change.
dfa0fec5-31ea-4fbd-b682-c8572d9ac231,bb939f3f-1472-4213-9007-97f8eb76142b,e605199f-2c85-4b2b-9253-c4f54c926958,2b0b58b5-c777-4903-8b21-ef25ce17a71a,2026-06-10 17:43:00+00,,t,
09f65e71-2bae-4a26-ad5c-00856b7b9cf1,b7c9973c-eda4-450f-8b2c-c13afeb6defa,a5873caa-58e3-478e-9e5c-c4f5be6aeec5,e3203996-7192-4f35-b4d9-8d19dd61882f,2022-10-13 10:10:00+00,2023-05-12 12:12:00+00,f,Reassigned during shift roster change.
0e9add71-92f4-4a5c-8c27-d04a9955d4c5,b7c9973c-eda4-450f-8b2c-c13afeb6defa,8e11bc0b-dd4a-4b80-a9cc-465b3beca3d4,e3203996-7192-4f35-b4d9-8d19dd61882f,2023-05-24 11:57:00+00,2024-01-13 07:58:00+00,f,Reassigned during shift roster change.
35628a82-ea9c-416e-9ba3-f124ebfc307b,b7c9973c-eda4-450f-8b2c-c13afeb6defa,60a73970-d603-4a04-8b90-3ef179cc9484,e3203996-7192-4f35-b4d9-8d19dd61882f,2025-10-09 07:01:00+00,,t,
fc210b44-7166-4800-9e66-61dd43af1688,7da54d37-83e4-4e22-a5ec-3b11c0359a17,9ebf10ee-b68b-44e3-98ae-f3d659e6282f,aedad933-6f7e-4d2e-b6df-191c9e459887,2026-07-01 09:38:00+00,,t,
fb641772-161d-400f-9a68-9f14dc37d157,0aa27283-fdf6-486e-af15-96a4da018220,75d2e9af-111a-49d2-a07a-f640a6a6ce92,294b7244-8922-4faa-8a66-ecf7f2d31ede,2022-05-15 06:06:00+00,2022-11-09 17:59:00+00,f,Reassigned during shift roster change.
8d7482a0-0306-4b4a-807a-965ea0670c5a,0aa27283-fdf6-486e-af15-96a4da018220,f7e51660-0ce7-4eeb-a188-39c6a96d2541,294b7244-8922-4faa-8a66-ecf7f2d31ede,2022-11-22 06:19:00+00,2023-03-26 16:49:00+00,f,Reassigned during shift roster change.
917de00e-de74-4eff-be88-a57826db19e4,0aa27283-fdf6-486e-af15-96a4da018220,7c2c14c1-404b-480e-b7d2-fe6a9487024e,294b7244-8922-4faa-8a66-ecf7f2d31ede,2026-03-14 06:15:00+00,,t,
b0e85034-4e49-40ca-888f-915de0d8ccb1,3c5e930c-f7bb-45c9-8d70-0f408d7dcfd6,bfbc513c-fc16-48d3-bc97-937cb60188cd,fc975356-d5cc-4bdc-ab35-2dc5c648c8f2,2022-11-14 08:14:00+00,2023-10-19 12:09:00+00,f,Reassigned during shift roster change.
cd0f78d0-5455-44fa-b305-a379a3d988da,3c5e930c-f7bb-45c9-8d70-0f408d7dcfd6,916fbbf1-64d9-4aeb-8446-d11375bdc5fd,fc975356-d5cc-4bdc-ab35-2dc5c648c8f2,2023-10-31 13:54:00+00,2024-04-03 07:12:00+00,f,Reassigned during shift roster change.
4b50d0ec-290b-455e-bd9e-55c6aeed824a,3c5e930c-f7bb-45c9-8d70-0f408d7dcfd6,cbe38004-41ff-40f3-8cc5-a26f4612f3ba,fc975356-d5cc-4bdc-ab35-2dc5c648c8f2,2025-08-18 09:35:00+00,,t,
b3fdee1c-3a29-4f5d-9c32-c5200adc5ea1,432b30a3-4103-492c-915d-1e4a915a8607,765075e1-0e2f-47b5-9221-3011f36cb6f8,5dba83b3-52f3-44e6-84c0-7cb40b7e1cf7,2024-02-14 13:28:00+00,2024-07-11 15:39:00+00,f,Reassigned during shift roster change.
fd580bfe-731c-42c2-b05d-438f02cd4f36,432b30a3-4103-492c-915d-1e4a915a8607,96db9ee6-d443-4369-92f7-3bc46082ac53,5dba83b3-52f3-44e6-84c0-7cb40b7e1cf7,2024-08-01 17:03:00+00,2025-11-13 10:30:00+00,f,Reassigned during shift roster change.
c7052749-9990-46b0-a5cd-b72ec1e0a648,432b30a3-4103-492c-915d-1e4a915a8607,29ade0de-bbfe-499c-8f4a-e8420eab79c6,5dba83b3-52f3-44e6-84c0-7cb40b7e1cf7,2025-12-04 12:23:00+00,,t,
25d84b59-aa11-4a65-85ac-b18599f4cb20,58384c58-a45b-48b0-b0ce-63e10a5522dc,0cfa2325-6602-40bc-8562-94af34b3d0ff,5dba83b3-52f3-44e6-84c0-7cb40b7e1cf7,2023-04-01 06:34:00+00,2024-03-29 17:03:00+00,f,Reassigned during shift roster change.
90520598-288b-455f-a2f8-39bc3b1f4dff,58384c58-a45b-48b0-b0ce-63e10a5522dc,9bd7dc69-8146-4996-8a28-bda2751c2c1e,5dba83b3-52f3-44e6-84c0-7cb40b7e1cf7,2026-03-15 11:03:00+00,,t,
0ded692a-2f8c-436a-8536-10f433367300,999479c1-2786-46a2-96bb-f36d2c417435,4596af2e-27bb-46cb-adf3-0f5b781fbcfc,66b4f764-8e90-4915-9c0a-f21f27ae4f4d,2022-09-07 13:47:00+00,2023-05-27 11:24:00+00,f,Reassigned during shift roster change.
369ee18e-0e63-4cb2-95a7-246a4d2c63b2,999479c1-2786-46a2-96bb-f36d2c417435,b532922b-d266-423a-8b64-6756f96af531,66b4f764-8e90-4915-9c0a-f21f27ae4f4d,2025-09-17 05:51:00+00,,t,
18c83870-2acd-4d31-90b2-f617b5a62bf1,30090120-bda7-4c3b-8daf-03317a5aa987,f3d1ade7-2879-431a-9353-2d23c663a92b,fc975356-d5cc-4bdc-ab35-2dc5c648c8f2,2023-05-13 05:57:00+00,2024-02-16 11:10:00+00,f,Reassigned during shift roster change.
f2e54ada-90fe-4014-86ce-24235e02a1f2,e40304da-56ba-4e20-b417-d75d683b5956,669f572e-5391-41b7-83de-4ad61379d1e0,294b7244-8922-4faa-8a66-ecf7f2d31ede,2022-04-10 17:34:00+00,2022-10-10 09:05:00+00,f,Reassigned during shift roster change.
d9bd6357-c423-4134-8712-af45f01f592b,e40304da-56ba-4e20-b417-d75d683b5956,2881b30f-299f-460b-aa24-ff4c9b263acb,294b7244-8922-4faa-8a66-ecf7f2d31ede,2025-08-09 15:24:00+00,,t,
560020f4-a7b3-4506-9fdf-778f0778e228,14b37717-ca0d-4fc3-939d-869c7b170230,7f366fbb-3b2f-4feb-999d-55f41cc6ee70,23b91a79-185d-41b8-aed8-22bf2cb9f4af,2022-03-28 09:34:00+00,2022-11-22 08:43:00+00,f,Reassigned during shift roster change.
e4a79e92-d047-45f6-b29b-d5635c83805a,14b37717-ca0d-4fc3-939d-869c7b170230,35d2516a-d950-46c7-9fd9-6f76176ed4bb,23b91a79-185d-41b8-aed8-22bf2cb9f4af,2022-12-10 16:26:00+00,2023-11-18 10:53:00+00,f,Reassigned during shift roster change.
85ba1acd-835d-4c76-8239-9787967046cb,14b37717-ca0d-4fc3-939d-869c7b170230,0cabbac7-e33f-41e2-9595-f9285b16fce1,23b91a79-185d-41b8-aed8-22bf2cb9f4af,2025-11-18 10:25:00+00,,t,
1b815162-a025-4acb-94f4-c624f229fcc4,75aa4ca8-49cd-4b28-9e97-7d472d48671c,a9a9d2d2-09e7-40de-b060-8dec80491082,dff1d306-f643-4c9e-abb3-5409e072abc4,2022-06-11 05:44:00+00,2023-05-17 07:33:00+00,f,Reassigned during shift roster change.
44859631-1a66-40c3-81ba-13f0dcb18348,75aa4ca8-49cd-4b28-9e97-7d472d48671c,13634e4d-a8fe-47d0-a449-08d80fb48d14,dff1d306-f643-4c9e-abb3-5409e072abc4,2023-06-13 05:41:00+00,2024-10-13 17:06:00+00,f,Reassigned during shift roster change.
f283062b-a3d0-4fe9-b894-feffba858589,0735a4ba-c7c9-481c-8b69-c45843eb6a97,3cbe7f84-3280-4303-9ada-28fbd2d697f3,fc975356-d5cc-4bdc-ab35-2dc5c648c8f2,2023-03-22 14:20:00+00,2024-07-18 07:25:00+00,f,Reassigned during shift roster change.
36e8cbbe-519f-41b9-a722-5de0335d5165,0735a4ba-c7c9-481c-8b69-c45843eb6a97,9e546cbf-aa22-4446-a510-e3800644772d,fc975356-d5cc-4bdc-ab35-2dc5c648c8f2,2024-08-15 08:36:00+00,2025-05-03 14:26:00+00,f,Reassigned during shift roster change.
224bfa42-92a5-490f-8e56-788ea2d41662,0735a4ba-c7c9-481c-8b69-c45843eb6a97,91aaeeb3-13d3-4ce4-8342-f57a3c5f20bf,fc975356-d5cc-4bdc-ab35-2dc5c648c8f2,2026-04-02 13:03:00+00,,t,
7aa6760a-4faf-4f12-9674-a04beecb9aaa,5d6a671f-8b0a-4fcb-a2f6-fcdfec3523f8,5a9f30d2-5c34-4a3b-a906-90cc10353d3e,2b0b58b5-c777-4903-8b21-ef25ce17a71a,2023-01-16 16:30:00+00,2024-05-22 11:46:00+00,f,Reassigned during shift roster change.
9df050d8-ed8a-4586-99b5-95ba1379e967,5d6a671f-8b0a-4fcb-a2f6-fcdfec3523f8,f09cbdc7-2bc1-4dcf-aad3-2922c9db9a85,2b0b58b5-c777-4903-8b21-ef25ce17a71a,2025-07-07 07:30:00+00,,t,
714b54a3-b6e7-453a-bd62-ffcccdf1604c,eb7e3da2-cee1-4317-98f9-3648e3d5d850,aa74ca35-434e-47be-8bd6-af6914b9a935,8ab44335-30b9-42d8-a1c3-82e009ea7876,2022-11-13 12:42:00+00,2023-08-21 17:30:00+00,f,Reassigned during shift roster change.
009b2792-e50d-43d3-b338-47a56b4dcaa6,eb7e3da2-cee1-4317-98f9-3648e3d5d850,e9ef9185-6e18-49a7-aa79-718267db9313,8ab44335-30b9-42d8-a1c3-82e009ea7876,2023-09-04 09:38:00+00,2024-12-02 09:34:00+00,f,Reassigned during shift roster change.
0e6cd03b-6038-4b3f-9d3d-990aa06ffb07,eb7e3da2-cee1-4317-98f9-3648e3d5d850,20ab5d3f-f2ca-4af4-b3c1-43fbcfad7b62,8ab44335-30b9-42d8-a1c3-82e009ea7876,2025-12-13 16:23:00+00,,t,
1eb431e0-7913-45d2-8822-7bca55deb7c6,80ec2c2d-6e0d-453f-b3d9-b19f3bdc5c14,e28c3da1-f55d-449e-b0f3-b68586bc22e8,2b0b58b5-c777-4903-8b21-ef25ce17a71a,2025-07-09 08:38:00+00,,t,
22253d03-b5f2-4e17-8d43-fbfbcb14b0b0,fe6ce952-a70c-4eea-808c-47e5a4efbba8,f8e16139-3fa8-4be2-9a68-cdd5555659dc,dff1d306-f643-4c9e-abb3-5409e072abc4,2025-11-26 05:11:00+00,,t,
09db91bc-3b53-445b-aad2-639d22017e51,a3433f91-56b7-457d-958d-2e86b349d47c,f8e16139-3fa8-4be2-9a68-cdd5555659dc,23b91a79-185d-41b8-aed8-22bf2cb9f4af,2022-11-09 10:17:00+00,2023-03-25 12:25:00+00,f,Reassigned during shift roster change.
bde1456b-9315-4120-912a-9b9c3d53bb1c,a3433f91-56b7-457d-958d-2e86b349d47c,58d58f6f-c7d9-4037-9d48-18e1877be077,23b91a79-185d-41b8-aed8-22bf2cb9f4af,2023-04-06 16:36:00+00,2023-10-30 12:57:00+00,f,Reassigned during shift roster change.
b25268b3-71ab-4c2a-91f6-6f48864341f9,85a38f99-d14e-4301-ace7-e2af815eae02,a5873caa-58e3-478e-9e5c-c4f5be6aeec5,5dba83b3-52f3-44e6-84c0-7cb40b7e1cf7,2025-08-31 16:15:00+00,,t,
9ad5b7ed-06ef-418c-9d36-cc1972214114,e45a3fc4-cf52-4a65-829a-969ba0687282,349e690e-52a1-4c2a-b549-9453d0c5b790,fc975356-d5cc-4bdc-ab35-2dc5c648c8f2,2022-02-22 05:34:00+00,2022-12-02 15:01:00+00,f,Reassigned during shift roster change.
723b99f5-bb5b-48f8-8ff5-515bc48e5c8b,1f9f534a-b943-4095-86a0-6dc2e82b96aa,3ee2df0e-c146-434e-85ec-0f750a73c12e,1ca1591a-073e-4f99-adcd-0fb32f509e5a,2026-03-04 15:05:00+00,,t,
74078206-c0a8-41d9-a221-b2f7470666d0,e45a3fc4-cf52-4a65-829a-969ba0687282,58cdf850-1ff6-4163-8877-bc794da22294,fc975356-d5cc-4bdc-ab35-2dc5c648c8f2,2022-12-09 08:31:00+00,2024-03-19 06:16:00+00,f,Reassigned during shift roster change.
957652ed-33a9-49e6-9246-1f3c931a4ce7,e45a3fc4-cf52-4a65-829a-969ba0687282,12db3dcf-a204-4a5b-a373-e937d8da705f,fc975356-d5cc-4bdc-ab35-2dc5c648c8f2,2026-04-07 10:12:00+00,,t,
89062b96-8a87-4033-b10f-5921e40edb43,cc023853-cde9-4f41-9bf4-adb5757eff65,cd077c24-ded4-4f10-9145-7381355aa6b2,e3203996-7192-4f35-b4d9-8d19dd61882f,2025-12-06 06:10:00+00,,t,
906f4085-a8c0-4f13-9764-0b2a4b6c884c,227ac56a-de77-4960-b81a-ff02df25c06c,29ade0de-bbfe-499c-8f4a-e8420eab79c6,23b91a79-185d-41b8-aed8-22bf2cb9f4af,2026-01-12 08:25:00+00,,t,
f3db5c9b-ed13-46ee-91bc-318f1ebc780e,25ceccf6-4e2f-4f5b-ad67-15e4a4e012ad,e605199f-2c85-4b2b-9253-c4f54c926958,e3203996-7192-4f35-b4d9-8d19dd61882f,2024-01-12 14:44:00+00,2025-03-20 15:36:00+00,f,Reassigned during shift roster change.
83266172-e7f1-43f9-a489-a528c797125d,25ceccf6-4e2f-4f5b-ad67-15e4a4e012ad,f041cb71-a9fe-469f-abba-a9747e6df441,e3203996-7192-4f35-b4d9-8d19dd61882f,2025-07-27 11:09:00+00,,t,
fff81800-2c9e-4e16-826c-b1c54661ca11,ee66c8dd-a564-41fd-a847-9dc3f3d732a0,91aaeeb3-13d3-4ce4-8342-f57a3c5f20bf,5dba83b3-52f3-44e6-84c0-7cb40b7e1cf7,2023-05-02 11:10:00+00,2024-05-07 10:12:00+00,f,Reassigned during shift roster change.
5d443957-63d3-467a-a095-98aaa233ddd1,ee66c8dd-a564-41fd-a847-9dc3f3d732a0,f5e91b7d-09e8-45a0-921d-cfc6fd0e2916,5dba83b3-52f3-44e6-84c0-7cb40b7e1cf7,2024-05-28 10:30:00+00,2025-04-17 10:26:00+00,f,Reassigned during shift roster change.
5bb12d26-498b-4d78-ad4f-9c0bab16ebcb,8e234fb6-def5-436d-9ae9-47281c9751b7,c2ebc293-a6da-4e4f-9dcf-b38eb12e684e,dff1d306-f643-4c9e-abb3-5409e072abc4,2025-11-10 06:15:00+00,,t,
29d6d29f-ce02-4411-b06e-cdcd771cc3fb,38235131-db85-4a5f-99c2-0ae4ed02dc2d,e3a39495-3143-4c49-a5f3-c95005158ec4,8ab44335-30b9-42d8-a1c3-82e009ea7876,2022-01-16 15:54:00+00,2022-07-04 08:50:00+00,f,Reassigned during shift roster change.
2798bd90-d858-4b8b-9930-eb591069ef45,38235131-db85-4a5f-99c2-0ae4ed02dc2d,cd077c24-ded4-4f10-9145-7381355aa6b2,8ab44335-30b9-42d8-a1c3-82e009ea7876,2022-07-17 12:05:00+00,2023-11-04 08:36:00+00,f,Reassigned during shift roster change.
4bb0bafc-a65e-4176-aeb6-5bf16c0b2945,90c2f956-e394-4345-9446-2c17e3bb641e,09d59d94-cde4-46d6-a324-3a6f3da071f4,5dba83b3-52f3-44e6-84c0-7cb40b7e1cf7,2023-03-12 10:06:00+00,2023-08-18 07:12:00+00,f,Reassigned during shift roster change.
fe8aafb0-fe8e-4e22-b0da-c74ed721228f,90c2f956-e394-4345-9446-2c17e3bb641e,b5a8f513-6c53-4ba9-a049-10478e5a198a,5dba83b3-52f3-44e6-84c0-7cb40b7e1cf7,2023-09-07 17:39:00+00,2024-01-31 05:59:00+00,f,Reassigned during shift roster change.
f590e85d-20fc-4385-9f61-76b7f1b4ea7b,caef42ad-1f8b-4973-83f8-02968c0296ff,90721aa2-142e-4b5b-ab54-99a28a3b8dd4,5dba83b3-52f3-44e6-84c0-7cb40b7e1cf7,2023-01-16 10:56:00+00,2024-02-12 11:07:00+00,f,Reassigned during shift roster change.
bc09c0f6-747c-40b2-812e-6f8b835df378,caef42ad-1f8b-4973-83f8-02968c0296ff,bbfad8bc-9c98-4759-962b-c83bde076c4a,5dba83b3-52f3-44e6-84c0-7cb40b7e1cf7,2025-09-04 15:14:00+00,,t,
52852d34-8cc1-4589-8f9d-6b9202365580,ef3cbf12-a864-4aab-9228-a96bfaaf2643,29ade0de-bbfe-499c-8f4a-e8420eab79c6,e3203996-7192-4f35-b4d9-8d19dd61882f,2026-02-20 08:28:00+00,,t,
74e41535-3995-42fd-9eb4-7a713017fa71,c492b053-e833-4eae-9fa6-47ebbce819c7,5e08f9f1-1943-48a3-a0a5-ba6fb8609095,23b91a79-185d-41b8-aed8-22bf2cb9f4af,2023-07-30 13:02:00+00,2024-02-03 06:19:00+00,f,Reassigned during shift roster change.
19e1bfd1-8b66-459e-8a02-a21f26e24420,c492b053-e833-4eae-9fa6-47ebbce819c7,f3c4e156-3bb0-4f09-af72-9bad7ceee5a0,23b91a79-185d-41b8-aed8-22bf2cb9f4af,2025-12-05 07:50:00+00,,t,
a92aaa4c-8b9e-4ccd-9e0b-c4b73b9fe2c6,545194fb-1b41-420b-8ec6-763c077848f9,559b097f-c978-452a-9fa1-cf043a09373a,294b7244-8922-4faa-8a66-ecf7f2d31ede,2023-06-03 12:03:00+00,2023-11-28 10:43:00+00,f,Reassigned during shift roster change.
8f6e069b-6507-408c-9e13-34ee10055c9f,545194fb-1b41-420b-8ec6-763c077848f9,a9a9d2d2-09e7-40de-b060-8dec80491082,294b7244-8922-4faa-8a66-ecf7f2d31ede,2023-12-03 11:08:00+00,2024-12-04 15:12:00+00,f,Reassigned during shift roster change.
47d46800-53f4-4ac7-82a8-11434c832e8b,545194fb-1b41-420b-8ec6-763c077848f9,b98804b5-aaf4-4355-961f-ff75a2e4dcaf,294b7244-8922-4faa-8a66-ecf7f2d31ede,2026-05-21 11:26:00+00,,t,
cd38fa0f-7250-4498-adba-000c208d1e41,ab12938d-12d9-4a3d-8d45-29fe4094418c,5ad1e726-cd90-4d90-9217-c5fd5278615c,1ca1591a-073e-4f99-adcd-0fb32f509e5a,2024-02-10 17:02:00+00,2025-01-07 12:00:00+00,f,Reassigned during shift roster change.
00539552-8af6-4b63-8ac5-36397e5d9f61,ab12938d-12d9-4a3d-8d45-29fe4094418c,5d47a181-9a09-4bbf-9c80-c3da3e81e428,1ca1591a-073e-4f99-adcd-0fb32f509e5a,2025-01-11 10:03:00+00,2026-04-06 16:41:00+00,f,Reassigned during shift roster change.
40d8d6a1-72da-4178-844c-6bac94127182,ab12938d-12d9-4a3d-8d45-29fe4094418c,09306b84-79b3-44e2-94d6-8b168ab521db,1ca1591a-073e-4f99-adcd-0fb32f509e5a,2026-04-22 06:42:00+00,,t,
1bad3624-0f11-47f9-b233-0c7c6bfd2308,7f116290-a1a9-4c98-bb9e-6a4fa60e0665,9b3bff38-da7d-4ad0-8bf0-efdd03c2c0f8,14294bcc-4609-4078-82d0-3af8051a00ce,2026-03-22 15:43:00+00,,t,
7bfab2f4-40d2-425d-b660-05cba637744a,041fd171-8aea-4a2d-8d86-e453e2158e96,b28dbf3d-bdfd-4aac-b43a-4e5b958f947b,1ca1591a-073e-4f99-adcd-0fb32f509e5a,2022-06-11 13:01:00+00,2023-10-08 05:34:00+00,f,Reassigned during shift roster change.
e4767858-4664-4d19-a467-7b5c0c8f4321,041fd171-8aea-4a2d-8d86-e453e2158e96,4240a899-92e1-44cc-a166-b3c8e4b402d3,1ca1591a-073e-4f99-adcd-0fb32f509e5a,2026-01-31 14:44:00+00,,t,
91c35d6d-857b-4b0f-8db1-d5e69887041e,ddc8d5ee-e0d1-4d72-b695-aa0e09c68e65,d10cf005-0a3f-4251-bb32-0973601a7259,613bf044-7d90-4530-bd18-c89645622a2f,2026-06-03 07:42:00+00,,t,
41614d76-45c2-40e6-8007-37b82c70407e,40182a24-bdd5-4396-ab3b-8a9a6dc5ab27,bfc3fec8-4cfe-4cb9-82aa-42f8d73b730f,c40a9897-7182-4676-8f9b-339ec86e3462,2026-01-24 12:50:00+00,,t,
19b7ff07-8d78-4a23-bb57-161b49fc57d9,465d2b3b-3577-4777-89df-9f8baab947e9,5fe1beeb-66c7-478f-99ab-265a7b8c5103,14294bcc-4609-4078-82d0-3af8051a00ce,2023-10-01 07:58:00+00,2024-10-24 09:28:00+00,f,Reassigned during shift roster change.
2f4cf4cd-4615-4511-addb-522a9ab22680,465d2b3b-3577-4777-89df-9f8baab947e9,74caa079-5a80-41bc-8d71-b7163750189a,14294bcc-4609-4078-82d0-3af8051a00ce,2024-11-16 14:54:00+00,2025-07-22 07:10:00+00,f,Reassigned during shift roster change.
edd443ef-43ce-477f-a8a3-62f994e94905,465d2b3b-3577-4777-89df-9f8baab947e9,2915ad05-7ac6-45ab-b21f-9bd0b6a18328,14294bcc-4609-4078-82d0-3af8051a00ce,2025-08-02 13:40:00+00,,t,
7afb6a64-5d66-4c47-a4b3-12e8adfc55ae,714605b1-97e2-4fb6-be95-e765f3105a54,a7bae9de-4cdb-4821-aaf6-bf3df3ae7208,c40a9897-7182-4676-8f9b-339ec86e3462,2023-11-15 07:07:00+00,2024-03-19 05:08:00+00,f,Reassigned during shift roster change.
34b51e91-624c-4f4c-9373-066e58b75d74,714605b1-97e2-4fb6-be95-e765f3105a54,b85ae036-c779-4f62-a02c-5543cd2a0c12,c40a9897-7182-4676-8f9b-339ec86e3462,2024-04-01 09:37:00+00,2025-04-18 17:10:00+00,f,Reassigned during shift roster change.
7832bc02-26c1-4c5a-b8a0-58c7751adbad,714605b1-97e2-4fb6-be95-e765f3105a54,26871afa-61f7-4e03-a141-1696a9dc0564,c40a9897-7182-4676-8f9b-339ec86e3462,2025-08-05 12:46:00+00,,t,
045532c8-abc5-48ed-b1a4-08cc5ac31d9c,f1298b4c-8f7a-4a1f-845e-2d3644c13d3a,c9cb2f09-f2c0-4958-9695-c824a2a58791,d24973fa-606a-4901-80ad-90da2b82381d,2023-02-13 09:50:00+00,2023-08-02 12:25:00+00,f,Reassigned during shift roster change.
e05094da-fc40-4596-9662-fb8d31414014,f1298b4c-8f7a-4a1f-845e-2d3644c13d3a,3173243b-26b1-4301-952c-69615a95e806,d24973fa-606a-4901-80ad-90da2b82381d,2025-10-02 13:53:00+00,,t,
53231b24-6529-4fa4-bb3e-b1cde24b2427,c11a7fd2-371a-412e-a0e2-ef0b7d0f7e54,599aecc1-1e2a-493a-ad32-93f00dd96fc6,16876354-5851-462c-bcaa-9ff71f731985,2022-11-17 17:23:00+00,2023-12-10 05:21:00+00,f,Reassigned during shift roster change.
055ed6dc-f9d7-480b-bd1c-975862c86d76,c11a7fd2-371a-412e-a0e2-ef0b7d0f7e54,1f244e06-5a87-45ce-934d-263326f32549,16876354-5851-462c-bcaa-9ff71f731985,2025-11-06 17:33:00+00,,t,
8c4a645b-0a8d-4591-a01a-c903ad462a07,423d18f7-bde6-42ff-b52b-76c734ce3a1f,f84c945b-9cf0-4da2-b016-540bd11e036f,7d29aca5-e5e4-466c-bd97-faa538283028,2024-01-03 10:25:00+00,2024-05-08 13:25:00+00,f,Reassigned during shift roster change.
fd660eab-3909-4a7a-8f30-ccfb117884ec,423d18f7-bde6-42ff-b52b-76c734ce3a1f,b9e1c866-3846-4a2a-b3d8-374c6b1b1ae0,7d29aca5-e5e4-466c-bd97-faa538283028,2025-08-22 08:40:00+00,,t,
5ed617a7-c94b-4103-97f3-e5bd0f1806af,08d66493-5baf-4312-aede-61394703fa1f,9cb44f3e-4dc3-4ac9-bf65-bb8f29efc8e6,0d453850-3c09-409d-853f-a3e43dd5a39e,2022-08-11 08:07:00+00,2023-03-12 14:23:00+00,f,Reassigned during shift roster change.
3c1957ea-5d12-4945-99d1-991d251fa861,7a494117-1034-4bee-a369-a747f18fe98b,c9cb2f09-f2c0-4958-9695-c824a2a58791,1ca1591a-073e-4f99-adcd-0fb32f509e5a,2026-02-27 14:22:00+00,,t,
a0c62162-dd56-4ec0-8934-1973ca58e924,79e53003-8694-4da7-8473-d8894ceaaeb0,fa058ce5-c86c-458f-b3cc-f98bf178085f,d24973fa-606a-4901-80ad-90da2b82381d,2022-09-28 05:49:00+00,2023-09-16 17:38:00+00,f,Reassigned during shift roster change.
5f4744a4-1425-4585-aa68-42b594f2da9c,79e53003-8694-4da7-8473-d8894ceaaeb0,d8294427-340a-4c8e-ae90-c5de2eded6d4,d24973fa-606a-4901-80ad-90da2b82381d,2026-07-19 07:43:00+00,,t,
e8270c6c-60b2-4da4-bd02-7be39c5eaf87,957b15ed-b45d-48e8-bc2d-27c63542e40b,3173243b-26b1-4301-952c-69615a95e806,1ca1591a-073e-4f99-adcd-0fb32f509e5a,2022-06-14 12:44:00+00,2022-10-25 14:22:00+00,f,Reassigned during shift roster change.
a41b6f01-354a-43e0-84b6-98203d9a3fe1,957b15ed-b45d-48e8-bc2d-27c63542e40b,e1002c7c-1061-4fb3-8aca-bf8d561f4404,1ca1591a-073e-4f99-adcd-0fb32f509e5a,2022-11-22 13:24:00+00,2024-01-22 17:04:00+00,f,Reassigned during shift roster change.
f56d91ef-2d48-423b-ae92-61690ff04726,957b15ed-b45d-48e8-bc2d-27c63542e40b,7ab9627f-9aad-43ec-bf29-5590321ee2b1,1ca1591a-073e-4f99-adcd-0fb32f509e5a,2026-06-04 17:13:00+00,,t,
92787cfd-ed83-4172-962a-9ef472855780,b9f24a31-d4b1-4ba6-ba6b-92390851ae4b,2ce0bc6a-959a-4ad4-ba44-b4a27685f43a,c40a9897-7182-4676-8f9b-339ec86e3462,2023-09-04 09:20:00+00,2024-02-19 13:53:00+00,f,Reassigned during shift roster change.
df47233c-1d1f-4928-af39-6caad9ba0eef,b9f24a31-d4b1-4ba6-ba6b-92390851ae4b,8c2a3dc0-1d48-4695-beb9-d5b878274370,c40a9897-7182-4676-8f9b-339ec86e3462,2025-11-16 15:04:00+00,,t,
9e110910-a549-4721-b009-4a38caaddc55,742d62c3-4509-47fd-84db-012b84af9b1e,fe412c5f-6a1a-4857-9cc4-af60285043cc,f1476a1a-5d8e-4c9d-8772-bdb92488fb29,2022-12-24 05:40:00+00,2023-11-17 10:22:00+00,f,Reassigned during shift roster change.
a726cc86-e0c7-4f00-83b4-a7ad5a160c9b,742d62c3-4509-47fd-84db-012b84af9b1e,ab83ce15-7469-4677-a0ab-60c04e80dc38,f1476a1a-5d8e-4c9d-8772-bdb92488fb29,2023-11-24 05:18:00+00,2024-04-24 15:32:00+00,f,Reassigned during shift roster change.
0d602455-3d24-4c45-9ff1-53e3b1361a5f,742d62c3-4509-47fd-84db-012b84af9b1e,b221dd05-f6a4-45b2-b09b-265936bd8462,f1476a1a-5d8e-4c9d-8772-bdb92488fb29,2025-10-22 15:59:00+00,,t,
801929d5-9683-48dd-b893-803cd18ae945,1be232f3-1d0f-4685-9591-9b2c6f4bdb49,d8235aa9-7057-4417-806b-a5d11f823a37,f1476a1a-5d8e-4c9d-8772-bdb92488fb29,2022-01-26 05:04:00+00,2022-07-18 15:50:00+00,f,Reassigned during shift roster change.
3ea6208e-6552-4beb-89af-d9b1179758bf,1be232f3-1d0f-4685-9591-9b2c6f4bdb49,d2cb4643-0910-4c84-bce6-b045b2dd12d5,f1476a1a-5d8e-4c9d-8772-bdb92488fb29,2022-08-01 16:45:00+00,2023-02-10 05:48:00+00,f,Reassigned during shift roster change.
df70a72a-d383-4061-a71a-8cde121e4dc0,1be232f3-1d0f-4685-9591-9b2c6f4bdb49,15b87d03-89b9-407f-abbf-8dc82d73f93f,f1476a1a-5d8e-4c9d-8772-bdb92488fb29,2025-08-09 08:15:00+00,,t,
ef7193ed-df2c-44a1-940a-9bc5f511ea7c,0749bad0-36fa-4fd9-b1a2-c859c2afe6e3,a0e81b57-5c88-4266-a344-624e94b89549,613bf044-7d90-4530-bd18-c89645622a2f,2022-05-19 10:30:00+00,2023-05-09 05:47:00+00,f,Reassigned during shift roster change.
e629b93b-bd6c-49fb-86ad-98d4eff27598,0749bad0-36fa-4fd9-b1a2-c859c2afe6e3,9eb09106-f54e-4d7c-a8ab-2e35db7f6fee,613bf044-7d90-4530-bd18-c89645622a2f,2023-05-27 07:22:00+00,2024-02-28 15:02:00+00,f,Reassigned during shift roster change.
0813555d-746d-4f20-911c-8b2eff3d8912,e198369d-bb80-46c2-975b-5c2cb283acce,8f013397-f73e-4098-bf86-3cf1055a446a,c40a9897-7182-4676-8f9b-339ec86e3462,2025-08-26 16:11:00+00,,t,
7bc1bed3-109b-4939-8d22-103e1b621726,feca9f1c-bc8e-42c0-b335-69e19fb3dc62,d1e3297e-159c-47bf-9c07-676bf0b6930c,0d453850-3c09-409d-853f-a3e43dd5a39e,2024-02-16 17:48:00+00,2024-06-24 10:55:00+00,f,Reassigned during shift roster change.
0c7d75ce-361b-4378-9f00-1f8461ea5bda,feca9f1c-bc8e-42c0-b335-69e19fb3dc62,0a351293-de20-4329-adb6-b75d386c78b6,0d453850-3c09-409d-853f-a3e43dd5a39e,2024-07-19 10:56:00+00,2025-01-28 15:11:00+00,f,Reassigned during shift roster change.
b8ea63b8-ef3b-4c94-921e-d7baf46a5332,5b3dc10c-f0bd-494b-88df-f42107ed3c75,7c1e1717-1b2c-4ef3-abbf-d8fe7aecfdfa,f1476a1a-5d8e-4c9d-8772-bdb92488fb29,2026-01-30 06:11:00+00,,t,
2af74955-e6a9-4d55-8c50-8828b65f8921,a3296ec2-e116-4af7-8caf-5690f4d95fab,4deef011-a80e-4ec1-8ab0-1c07e51e4eff,c40a9897-7182-4676-8f9b-339ec86e3462,2023-06-05 12:58:00+00,2024-09-06 14:13:00+00,f,Reassigned during shift roster change.
beb9bc7c-c035-46fd-862e-9fd3b69d10e5,4ff7c78f-2998-49ca-8b49-ca0222b735fd,c195e972-c33b-45b7-939a-71c02d221534,7d29aca5-e5e4-466c-bd97-faa538283028,2024-01-31 17:44:00+00,2025-05-13 17:39:00+00,f,Reassigned during shift roster change.
41ec4fc4-bb36-43da-a985-aa1e57697fe8,4ff7c78f-2998-49ca-8b49-ca0222b735fd,8f92bdec-59f7-49b0-8fa2-c9e05b14747f,7d29aca5-e5e4-466c-bd97-faa538283028,2025-10-10 09:28:00+00,,t,
ab670963-9d2d-4271-99b2-991019e8f993,0edeaa60-51c5-4fd2-85e8-86220e51d259,e393f157-3860-4ebd-b9f4-400e8f8d33fd,d24973fa-606a-4901-80ad-90da2b82381d,2026-05-31 05:33:00+00,,t,
36faa353-65de-48c1-98e4-5bb66a53ef55,3c82a462-9434-4939-9d5c-e45a2d7c1b9a,5b494b44-81a5-487a-a490-ee40696250d6,1ca1591a-073e-4f99-adcd-0fb32f509e5a,2022-04-18 10:53:00+00,2023-04-14 13:18:00+00,f,Reassigned during shift roster change.
97c95c72-6688-4d62-a01f-7cf6c60e37da,3c82a462-9434-4939-9d5c-e45a2d7c1b9a,8a0dc0c8-8bed-4024-a051-dbed41ba8410,1ca1591a-073e-4f99-adcd-0fb32f509e5a,2023-05-01 13:29:00+00,2024-08-14 10:27:00+00,f,Reassigned during shift roster change.
33098deb-e1a6-44ec-bd66-55df081da47a,3c82a462-9434-4939-9d5c-e45a2d7c1b9a,7b065213-adca-4208-8606-e24d876515ac,1ca1591a-073e-4f99-adcd-0fb32f509e5a,2025-08-29 07:48:00+00,,t,
3d91b9fb-28d3-479b-9eae-14ee795425f8,4920f368-79ca-4c83-8beb-02d26df7dc25,2880fc15-f0ee-4986-8ce3-c88c53681281,613bf044-7d90-4530-bd18-c89645622a2f,2022-05-23 08:01:00+00,2022-10-25 08:55:00+00,f,Reassigned during shift roster change.
0dfef9c3-0405-4069-bae8-af0f8bf7fcec,4920f368-79ca-4c83-8beb-02d26df7dc25,d1180d8d-7124-476b-b7a8-8633b48b0fb9,613bf044-7d90-4530-bd18-c89645622a2f,2025-08-25 16:03:00+00,,t,
1ab6d8b4-ddd8-48df-ba60-0474f76caa14,1e6a9b8c-e536-4217-ad50-94e4135c6cac,7ab9627f-9aad-43ec-bf29-5590321ee2b1,d24973fa-606a-4901-80ad-90da2b82381d,2024-01-01 06:46:00+00,2025-03-19 15:00:00+00,f,Reassigned during shift roster change.
6624f4c1-b771-4584-9da5-0189616d3fcb,1e6a9b8c-e536-4217-ad50-94e4135c6cac,4c9e64c0-451b-49ae-afda-b598a9a82a7a,d24973fa-606a-4901-80ad-90da2b82381d,2025-08-20 06:33:00+00,,t,
3dc4727c-24d7-4fae-ae67-a83e4e1a0bb4,db341d47-1203-4851-8093-7ebdda0f90a4,14687edb-ce05-413d-aec8-6853acc7a6e2,14294bcc-4609-4078-82d0-3af8051a00ce,2026-05-05 15:02:00+00,,t,
75770e3d-753d-424d-ab46-ba0abe003fbd,db052900-fb26-48c4-8338-0a127b355bae,77ba0344-1a97-46df-8b96-16b02fbf7aae,1ca1591a-073e-4f99-adcd-0fb32f509e5a,2025-08-03 11:06:00+00,,t,
d88cf3ee-1d95-4649-9019-ac83777a7ce5,37889c6a-4054-4a22-bede-6fa59dad886e,76a40884-9d13-4257-a21e-646767bfd8bb,c40a9897-7182-4676-8f9b-339ec86e3462,2023-11-27 06:43:00+00,2025-03-15 13:53:00+00,f,Reassigned during shift roster change.
072f9b88-c778-4cef-8a7a-a26ff54f7911,79f54679-2267-4f6f-bbba-8e3a5a524f75,0218e2f7-4d2d-4229-b899-199f6afe4c10,7d29aca5-e5e4-466c-bd97-faa538283028,2022-01-16 07:15:00+00,2023-02-06 16:06:00+00,f,Reassigned during shift roster change.
0fbc5110-6e96-4a8e-8a37-a6dc0dffb6bf,79f54679-2267-4f6f-bbba-8e3a5a524f75,a7bae9de-4cdb-4821-aaf6-bf3df3ae7208,7d29aca5-e5e4-466c-bd97-faa538283028,2023-03-08 12:26:00+00,2024-05-16 15:22:00+00,f,Reassigned during shift roster change.
d5c31115-a740-4530-9d02-15905383bef3,79f54679-2267-4f6f-bbba-8e3a5a524f75,a1af881f-f56a-4b6c-907e-4f11bc62b30b,7d29aca5-e5e4-466c-bd97-faa538283028,2026-02-19 07:24:00+00,,t,
159d3ea3-3e76-420e-97dc-dac276758d37,59413e92-d45b-4464-a339-cb9dd79bb83e,d92dd0ef-e329-487f-832b-ce9ec260243b,613bf044-7d90-4530-bd18-c89645622a2f,2022-02-17 10:44:00+00,2023-05-06 14:15:00+00,f,Reassigned during shift roster change.
1942fba8-c7cf-4bfe-bacc-ed724e333858,b67afa56-7fdb-4eee-9890-ec95a9d88ebe,5d47a181-9a09-4bbf-9c80-c3da3e81e428,1ca1591a-073e-4f99-adcd-0fb32f509e5a,2023-03-22 15:10:00+00,2023-10-06 12:02:00+00,f,Reassigned during shift roster change.
ae90be30-b0fb-4b96-9985-5ff62905a407,b67afa56-7fdb-4eee-9890-ec95a9d88ebe,9eb09106-f54e-4d7c-a8ab-2e35db7f6fee,1ca1591a-073e-4f99-adcd-0fb32f509e5a,2023-10-14 13:31:00+00,2024-09-08 08:42:00+00,f,Reassigned during shift roster change.
47f9cd26-151e-406c-9238-b51574378729,b67afa56-7fdb-4eee-9890-ec95a9d88ebe,084585d8-c820-44ca-a93e-4cfd796e3053,1ca1591a-073e-4f99-adcd-0fb32f509e5a,2026-01-01 07:53:00+00,,t,
c1425f9f-cdc5-467e-8081-125125f0d5e4,adf29952-220b-41c2-a38a-a1d0c3e220c4,84ba50f5-a2ed-4682-8ba5-e5556fff4b51,7d29aca5-e5e4-466c-bd97-faa538283028,2025-08-13 10:29:00+00,,t,
d815df8a-aeb6-41f2-8c00-abde85fd27ea,29ba84c9-2dd9-4ad7-9b0d-98916c0764ea,cbdc2005-5d91-4e75-b260-6059e1832877,1ca1591a-073e-4f99-adcd-0fb32f509e5a,2023-05-31 09:50:00+00,2024-03-13 11:39:00+00,f,Reassigned during shift roster change.
54c3e398-cebb-4538-9a6e-f5d448c41aea,9f58c7ee-aeca-430e-9c51-0bc6ffb6d11a,9b3bff38-da7d-4ad0-8bf0-efdd03c2c0f8,14294bcc-4609-4078-82d0-3af8051a00ce,2026-05-25 15:37:00+00,,t,
6a55f4d7-ac72-4894-80e1-259e23eb050c,2413d759-bcb8-4229-800a-8d84630258f5,e2efa991-7647-42b1-8b11-96899c4a2d89,0d453850-3c09-409d-853f-a3e43dd5a39e,2023-08-13 14:15:00+00,2024-03-04 16:29:00+00,f,Reassigned during shift roster change.
885d7202-3e59-44e9-8f3e-ec77f5b11575,2413d759-bcb8-4229-800a-8d84630258f5,660c165d-6101-4478-8f1e-e68d29e42c0c,0d453850-3c09-409d-853f-a3e43dd5a39e,2025-08-22 16:06:00+00,,t,
749d2bd6-61ac-4d6e-98d3-d73415335861,28eb8783-c6d7-43b1-8c8a-593f0f620e7b,8f013397-f73e-4098-bf86-3cf1055a446a,d24973fa-606a-4901-80ad-90da2b82381d,2026-06-05 07:59:00+00,,t,
45d41986-8e02-4854-96a8-9f79463e9c32,9184c6da-d567-44c7-a214-fce4a88cc300,40599815-5b87-4588-9e74-3c01e0c6ccf3,d24973fa-606a-4901-80ad-90da2b82381d,2026-03-27 17:48:00+00,,t,
71aa2670-ef29-4d66-8d6a-aaed5b4962f1,54b6e4f5-5627-4bcb-859b-c4c79e28faee,dbfa2af2-bbdc-432d-bad3-c4a224ff8c6f,7d29aca5-e5e4-466c-bd97-faa538283028,2026-02-13 11:51:00+00,,t,
08b21fd1-83ab-499f-8ec7-178530b0bd63,ee243b8c-4f81-4711-87d1-36e66ccb547a,54a8003d-fad1-4f14-bdd4-8c4913b2d0f2,613bf044-7d90-4530-bd18-c89645622a2f,2025-12-04 10:01:00+00,,t,
b1ce1734-bf1c-43c8-99c4-1f1c5d0ab9ec,c144c20e-bee6-478a-aba4-4c2b31494e41,7d4e3301-e869-4ed7-9374-1dfae1c92334,0d453850-3c09-409d-853f-a3e43dd5a39e,2026-04-05 09:53:00+00,,t,
aa7832c3-9908-492f-9f21-5bf039f609e4,2dcbb35e-d178-4312-8f43-f1f928657363,ffa53a31-7f44-4f17-815d-e1d63473afd9,14294bcc-4609-4078-82d0-3af8051a00ce,2021-12-24 06:07:00+00,2022-06-30 05:54:00+00,f,Reassigned during shift roster change.
6f2b7620-072a-4d0c-8582-b9f58258cda5,2dcbb35e-d178-4312-8f43-f1f928657363,9d4c08ed-6a5c-4b63-99bf-aabc10dcb755,14294bcc-4609-4078-82d0-3af8051a00ce,2022-07-14 10:46:00+00,2023-06-02 09:23:00+00,f,Reassigned during shift roster change.
a7a7ba53-c57e-4e50-ad28-de7a7878c23c,2dcbb35e-d178-4312-8f43-f1f928657363,a56738d2-26b2-4ced-b4db-c83a2956bf91,14294bcc-4609-4078-82d0-3af8051a00ce,2026-03-07 09:27:00+00,,t,
645b8fc6-05e3-48c2-9dfc-8c5368458c91,ebf7f967-d646-4a31-97bf-1d16141d2bf5,14479c56-9ab9-4eab-bec5-c8323d7dde9b,1ca1591a-073e-4f99-adcd-0fb32f509e5a,2023-02-18 09:42:00+00,2024-01-24 16:41:00+00,f,Reassigned during shift roster change.
b9d63be2-1579-43b8-8067-4ed41acbea5a,ebf7f967-d646-4a31-97bf-1d16141d2bf5,f2d7f129-b785-45be-b72e-524a473f14ff,1ca1591a-073e-4f99-adcd-0fb32f509e5a,2024-01-30 14:15:00+00,2025-02-18 09:49:00+00,f,Reassigned during shift roster change.
091569e6-8720-44f5-a1a5-fbb5c9d1b76e,ebf7f967-d646-4a31-97bf-1d16141d2bf5,ca5cb051-12a8-4707-841e-dea22eb6e929,1ca1591a-073e-4f99-adcd-0fb32f509e5a,2026-04-30 07:51:00+00,,t,
72609d60-290d-4ae8-8ab7-144fce30695e,2e33fc8e-d86d-4678-aa3a-cfd69e33156e,14cc079d-7a72-4d9c-9e99-7c14a3c85b0f,0d453850-3c09-409d-853f-a3e43dd5a39e,2022-03-22 09:02:00+00,2023-02-16 11:18:00+00,f,Reassigned during shift roster change.
bdafec30-ef0f-4bfa-a812-b60e3ad9d325,2e33fc8e-d86d-4678-aa3a-cfd69e33156e,41756767-ddb5-4d7d-b2e5-bc467eca5985,0d453850-3c09-409d-853f-a3e43dd5a39e,2023-03-16 16:29:00+00,2024-05-12 16:40:00+00,f,Reassigned during shift roster change.
6c692b26-064d-4cca-ad6e-e4ba553115f4,ac6045ee-ac09-4f6f-af92-bd1ee24f5122,fb800901-111d-45a2-8426-f5a8cea2dbbe,d24973fa-606a-4901-80ad-90da2b82381d,2023-04-06 13:00:00+00,2024-03-31 13:47:00+00,f,Reassigned during shift roster change.
aa929b79-df90-4b79-8499-c84516eb509e,ac6045ee-ac09-4f6f-af92-bd1ee24f5122,a70d04e5-e0a8-4f08-9a11-d8aad40c4def,d24973fa-606a-4901-80ad-90da2b82381d,2024-04-13 12:17:00+00,2024-11-26 09:17:00+00,f,Reassigned during shift roster change.
69f3bd29-08e5-448f-a560-971582f39dae,ac6045ee-ac09-4f6f-af92-bd1ee24f5122,8f013397-f73e-4098-bf86-3cf1055a446a,d24973fa-606a-4901-80ad-90da2b82381d,2026-04-18 07:25:00+00,,t,
46875c9f-f404-42b1-89d4-ed30c6ba488e,68ff9eab-6d0e-4b6d-b092-a871fb92cd8d,d450eb41-e7ad-4985-a5b1-311021ac2e9d,14294bcc-4609-4078-82d0-3af8051a00ce,2023-05-13 09:50:00+00,2024-08-18 10:40:00+00,f,Reassigned during shift roster change.
36c0894a-0b23-4a91-b18f-89108cc06762,68ff9eab-6d0e-4b6d-b092-a871fb92cd8d,7c2d98b0-0276-4ef9-8a45-ecbc21c761a4,14294bcc-4609-4078-82d0-3af8051a00ce,2025-10-12 07:05:00+00,,t,
d8c50bef-3812-4c03-930f-722323f924d3,0a29799e-49ce-40cd-a06a-6b40046639bd,08145333-aa5a-4ff6-ae10-7a43aa8d5326,c40a9897-7182-4676-8f9b-339ec86e3462,2025-08-19 12:48:00+00,,t,
2db5fe5a-a228-4704-9773-a592ec2ca15a,a6b67d50-a73c-417d-8e69-6175dfc96ddd,d0b486c5-2d98-4a1b-a9bb-bbbbf445d633,14294bcc-4609-4078-82d0-3af8051a00ce,2025-07-18 13:47:00+00,,t,
81596b63-eb37-40e2-9a17-9a58590f1ef0,77d7fcdb-ec94-4eaa-9867-cbd0568cfbdd,73e9a127-2873-4f2f-95a5-abfdf1dfe5b4,c40a9897-7182-4676-8f9b-339ec86e3462,2026-03-16 09:57:00+00,,t,
2b68bcbf-6bde-4c0d-98f8-f69a114de4c2,a2edfb9f-9192-4469-a64a-9cda91320327,69125b04-8e8a-4de5-85a1-c3a6584051be,d24973fa-606a-4901-80ad-90da2b82381d,2025-11-06 05:28:00+00,,t,
1e66ab42-dc83-4785-921d-a099085b8ff7,27086e52-ab7f-4bc4-87bf-935746166477,2d980844-162a-4581-bbc6-75b9c502e459,c40a9897-7182-4676-8f9b-339ec86e3462,2023-09-19 05:53:00+00,2024-05-24 06:22:00+00,f,Reassigned during shift roster change.
8d444363-992c-4ebb-8324-b4ccf46be6a0,881c1fca-c75c-4a6d-81d6-159a81147ba1,67fca0b3-d698-47ca-8405-b4fb1aeee8b8,7d29aca5-e5e4-466c-bd97-faa538283028,2022-02-28 14:51:00+00,2022-10-31 07:47:00+00,f,Reassigned during shift roster change.
a9e09fd1-db6e-480f-8edb-4040b5ff5b51,881c1fca-c75c-4a6d-81d6-159a81147ba1,64c71f07-a329-4f95-8846-fc22a5ae7b0d,7d29aca5-e5e4-466c-bd97-faa538283028,2022-11-27 05:07:00+00,2023-12-02 09:30:00+00,f,Reassigned during shift roster change.
789fb31d-048f-4cbe-b244-8f945e8ddead,881c1fca-c75c-4a6d-81d6-159a81147ba1,b9744ffe-17c8-4628-9742-ff7af635f88d,7d29aca5-e5e4-466c-bd97-faa538283028,2026-03-31 08:32:00+00,,t,
66933857-5754-4b5d-b0b8-675aa98533d8,5f909ef7-6a66-4a4f-9e28-47784753e49c,c195e972-c33b-45b7-939a-71c02d221534,f1476a1a-5d8e-4c9d-8772-bdb92488fb29,2025-11-09 15:12:00+00,,t,
26d43da2-6e58-44d9-b8fe-b5f92e6c9c34,6ab46010-08c4-44c3-837f-0b4b4165af78,1f244e06-5a87-45ce-934d-263326f32549,0d453850-3c09-409d-853f-a3e43dd5a39e,2026-05-19 12:07:00+00,,t,
3ed81c8c-554c-47c7-8f44-84191e2edc7c,e7d1dd9a-ff91-4a6f-b886-5a3e607c22dd,0a351293-de20-4329-adb6-b75d386c78b6,16876354-5851-462c-bcaa-9ff71f731985,2022-01-03 05:48:00+00,2023-05-18 11:06:00+00,f,Reassigned during shift roster change.
5713fe7a-19b7-465c-ae5a-09fd188bd8c1,e7d1dd9a-ff91-4a6f-b886-5a3e607c22dd,aa024d23-e3fc-4754-9301-69c14fa2a435,16876354-5851-462c-bcaa-9ff71f731985,2026-06-10 16:42:00+00,,t,
54f943a2-b43f-438c-9bcc-b830bc16145d,fc46395a-a9fa-481d-8e7d-bd7d553a5c50,c6c5bb52-5726-498c-8641-8a82e02faff5,0d453850-3c09-409d-853f-a3e43dd5a39e,2023-07-25 08:07:00+00,2024-05-25 14:42:00+00,f,Reassigned during shift roster change.
7df464ec-1ced-4c84-89e5-9571578fe06f,fc46395a-a9fa-481d-8e7d-bd7d553a5c50,fca6c7c6-7891-4e0d-bae3-be75e03db35c,0d453850-3c09-409d-853f-a3e43dd5a39e,2026-06-11 10:54:00+00,,t,
5135e801-d09c-4451-924f-ccdea6f3f972,40f5c17c-5e9d-4d16-b673-8df0af4d81e5,c396bf07-f1d5-4e50-85a6-052a95f8a744,0d453850-3c09-409d-853f-a3e43dd5a39e,2026-02-10 07:27:00+00,,t,
7a57c5ab-de28-41c7-987b-79dec51011d9,4f4c7e4e-b74a-42e7-a10d-91a7bdd9d263,85bfb451-ee2f-42c5-8600-eb489846f554,14294bcc-4609-4078-82d0-3af8051a00ce,2022-12-06 11:22:00+00,2024-04-03 10:36:00+00,f,Reassigned during shift roster change.
6a1d968e-5c6e-4afa-b814-57fb13ab492c,4f4c7e4e-b74a-42e7-a10d-91a7bdd9d263,64c71f07-a329-4f95-8846-fc22a5ae7b0d,14294bcc-4609-4078-82d0-3af8051a00ce,2026-06-17 11:59:00+00,,t,
f58fd229-b728-495a-befc-11dc4f675351,c64cadd6-2ac0-4162-ac8c-73c2cbfd67ef,5d2e03ab-21e8-41bf-92dc-5546eea96282,d24973fa-606a-4901-80ad-90da2b82381d,2023-11-15 17:07:00+00,2024-04-06 06:19:00+00,f,Reassigned during shift roster change.
f9ae6648-4b1a-421d-b0b6-a4af9831dd9c,c64cadd6-2ac0-4162-ac8c-73c2cbfd67ef,bf036d3c-6698-49da-9031-deb5025def97,d24973fa-606a-4901-80ad-90da2b82381d,2024-04-16 13:00:00+00,2025-06-18 15:55:00+00,f,Reassigned during shift roster change.
f8202168-acd6-460b-9cc0-61d15539a9bc,5a5a43d1-f440-44eb-b945-e045720110c5,9d4c08ed-6a5c-4b63-99bf-aabc10dcb755,14294bcc-4609-4078-82d0-3af8051a00ce,2023-09-22 16:26:00+00,2024-05-10 11:11:00+00,f,Reassigned during shift roster change.
aaf550c6-b9da-4799-95fa-82d19bb71b6c,5a5a43d1-f440-44eb-b945-e045720110c5,f1c6af40-53f1-4765-b50d-29b05dc581d1,14294bcc-4609-4078-82d0-3af8051a00ce,2025-09-23 06:22:00+00,,t,
a7ab9800-6ec7-4a65-be0f-ede4963cc1ce,8809eccd-d11a-4f14-95c3-5444ab6c5b5e,1ad7ac67-7360-49fc-8826-4c87c34eb6bc,d24973fa-606a-4901-80ad-90da2b82381d,2022-08-31 10:56:00+00,2023-04-28 11:14:00+00,f,Reassigned during shift roster change.
b64ae003-f702-4a35-985c-17eac9cd3e51,8809eccd-d11a-4f14-95c3-5444ab6c5b5e,bd95dfd1-5af7-41d2-85ef-bbb2b0f57a12,d24973fa-606a-4901-80ad-90da2b82381d,2023-04-29 17:59:00+00,2023-10-02 08:45:00+00,f,Reassigned during shift roster change.
3836df84-1b9e-4d3b-a2d0-048f4ac6556c,8809eccd-d11a-4f14-95c3-5444ab6c5b5e,026e934f-6cbc-47d3-bebc-2e13bef9f375,d24973fa-606a-4901-80ad-90da2b82381d,2025-09-04 05:15:00+00,,t,
ca50a37b-346c-40e0-b650-d9e49ca97ccb,b544ce10-d9f9-42d3-93c9-49619b7f4f81,8f013397-f73e-4098-bf86-3cf1055a446a,7d29aca5-e5e4-466c-bd97-faa538283028,2025-08-17 13:34:00+00,,t,
c119a50b-d095-4d30-9259-8d71017a5167,41df4807-2b1e-4436-b7d3-2d734807a49c,5334a4c2-3b6f-41b3-be6f-e8996d26752e,d24973fa-606a-4901-80ad-90da2b82381d,2023-07-14 09:44:00+00,2023-12-03 08:01:00+00,f,Reassigned during shift roster change.
610b410f-a4ae-438c-a878-64ac4508a005,41df4807-2b1e-4436-b7d3-2d734807a49c,15b87d03-89b9-407f-abbf-8dc82d73f93f,d24973fa-606a-4901-80ad-90da2b82381d,2026-02-07 07:38:00+00,,t,
3f9a70bd-d99f-402c-9668-d1ac9ccf610f,a22c1c4f-776f-4fd9-98f1-68140c8a4d48,50783aa8-fa22-4e86-8f1d-ed03e72e0edd,d24973fa-606a-4901-80ad-90da2b82381d,2022-02-25 16:47:00+00,2022-10-17 12:00:00+00,f,Reassigned during shift roster change.
b52c0180-23a8-4e24-a6ec-d5a40a9f5dab,a22c1c4f-776f-4fd9-98f1-68140c8a4d48,e1002c7c-1061-4fb3-8aca-bf8d561f4404,d24973fa-606a-4901-80ad-90da2b82381d,2026-06-29 07:43:00+00,,t,
e8dbf118-ccb0-43c7-8a15-3bfaa05b56fb,7b1c6418-d8c1-4878-a89a-2db6ff2c9cf8,5eaa01fc-d211-42fc-b8a3-b4264659d850,c40a9897-7182-4676-8f9b-339ec86e3462,2025-08-24 11:25:00+00,,t,
2fe0803f-f6b1-43c5-83ff-89909b14f814,dc22b1c5-2720-48dd-9bb8-43c8d8d29f95,e2f4db5d-5268-451f-8f58-023f568f8422,1ca1591a-073e-4f99-adcd-0fb32f509e5a,2026-03-30 11:51:00+00,,t,
def8a576-f3ce-4a08-b15e-d39881615b9e,442e4f38-a6fb-4ace-bd2b-7df4263ac138,1ad7ac67-7360-49fc-8826-4c87c34eb6bc,7d29aca5-e5e4-466c-bd97-faa538283028,2022-04-06 12:18:00+00,2022-09-09 14:55:00+00,f,Reassigned during shift roster change.
e2dc57ce-7c46-47bd-99a7-484a5ab65df0,442e4f38-a6fb-4ace-bd2b-7df4263ac138,4c9e64c0-451b-49ae-afda-b598a9a82a7a,7d29aca5-e5e4-466c-bd97-faa538283028,2026-02-14 14:17:00+00,,t,
a689a4e3-8438-414c-8f53-c38215bdac8d,7222780f-acb1-4888-96cb-2bcd2b7bd455,597aa962-1131-4ee4-a5fa-e4917a158570,f1476a1a-5d8e-4c9d-8772-bdb92488fb29,2023-04-21 16:33:00+00,2023-12-01 13:37:00+00,f,Reassigned during shift roster change.
8a945191-9209-4bd9-934d-c530ccf88d84,7222780f-acb1-4888-96cb-2bcd2b7bd455,4eb2e39e-93de-44b2-8392-1c93a1f678be,f1476a1a-5d8e-4c9d-8772-bdb92488fb29,2023-12-10 11:15:00+00,2024-04-22 08:46:00+00,f,Reassigned during shift roster change.
d95c49e9-8a7a-40a0-9605-6bc9f8b5daf2,7222780f-acb1-4888-96cb-2bcd2b7bd455,fe412c5f-6a1a-4857-9cc4-af60285043cc,f1476a1a-5d8e-4c9d-8772-bdb92488fb29,2026-05-17 09:22:00+00,,t,
d99d2851-4f33-4df0-be19-bed39ea021e9,5eb688a2-613d-4fb8-87de-2f2e447a140b,77c677a3-c716-4429-93c7-debdff3da462,c40a9897-7182-4676-8f9b-339ec86e3462,2024-01-22 09:45:00+00,2024-12-13 13:14:00+00,f,Reassigned during shift roster change.
961b6ffd-dd90-487b-9506-b878cad8ce80,6a7e94ef-3c28-4c7f-8a68-7f13c208d4af,8ff39e30-4eba-4e55-92f0-2638684a361d,7d29aca5-e5e4-466c-bd97-faa538283028,2025-07-27 10:41:00+00,,t,
4a372e7c-d497-4269-a9c1-813dcdd33680,00cd8313-ac0b-4c37-9c9c-c5e9cdfb7b2c,aa024d23-e3fc-4754-9301-69c14fa2a435,0d453850-3c09-409d-853f-a3e43dd5a39e,2022-05-21 10:25:00+00,2023-03-17 10:42:00+00,f,Reassigned during shift roster change.
cc97d887-7c7b-4f3a-9c0e-7feaf1aabd0b,00cd8313-ac0b-4c37-9c9c-c5e9cdfb7b2c,77d52514-52e6-4156-b26b-a45c4caf47d7,0d453850-3c09-409d-853f-a3e43dd5a39e,2023-04-02 15:44:00+00,2023-11-01 11:52:00+00,f,Reassigned during shift roster change.
e6705849-ddfa-4e60-aefd-d31c56fa524b,00cd8313-ac0b-4c37-9c9c-c5e9cdfb7b2c,3be2c4f8-a30e-4b7b-8104-fe633928c764,0d453850-3c09-409d-853f-a3e43dd5a39e,2026-05-30 07:04:00+00,,t,
2cb99f0a-f895-40a2-a792-a7aa2ad90ee1,0139b84b-3ce7-421e-800c-67a188c8f1e9,3e623db5-6194-489b-a436-6c14b8d1a321,0d453850-3c09-409d-853f-a3e43dd5a39e,2026-05-15 11:55:00+00,,t,
e82c4c64-374f-494d-bca8-d1c0e88155ee,7fdbe0a4-76b6-4773-adde-44d4c844b9e2,32dc59cb-ffdf-4808-a64d-050c19511645,14294bcc-4609-4078-82d0-3af8051a00ce,2026-06-04 15:08:00+00,,t,
453a1c82-4aaf-4ca2-b429-28bff50d0d49,d356a4c5-42e5-4e92-8d72-7d8cb0340b32,ffa53a31-7f44-4f17-815d-e1d63473afd9,1ca1591a-073e-4f99-adcd-0fb32f509e5a,2025-08-23 06:40:00+00,,t,
8e2eb8d3-6768-42b7-865b-0c985c8ec016,231b36c0-8176-418f-bc67-24d1cd899f75,77d52514-52e6-4156-b26b-a45c4caf47d7,d24973fa-606a-4901-80ad-90da2b82381d,2023-11-24 16:51:00+00,2024-09-22 15:09:00+00,f,Reassigned during shift roster change.
436ba7b1-4d19-4828-a22c-7bd4b1b79c19,231b36c0-8176-418f-bc67-24d1cd899f75,60248d42-3f08-4468-9952-20d3fadcd859,d24973fa-606a-4901-80ad-90da2b82381d,2026-03-12 13:47:00+00,,t,
e1e21ca6-e25e-434a-b3b4-c437b05f048d,47f3e736-c1d0-40a1-801d-bd01977045e7,021bc14f-38a3-4558-9229-2dbb6af279d2,7d29aca5-e5e4-466c-bd97-faa538283028,2025-09-25 16:54:00+00,,t,
f914947f-fe16-4b6f-b9d6-8934cda16d0b,92a646f1-be19-455a-a214-8135cee5748e,cbdc2005-5d91-4e75-b260-6059e1832877,c40a9897-7182-4676-8f9b-339ec86e3462,2025-12-26 10:15:00+00,,t,
9afe23c9-83bf-4a5f-adb2-38c7ed79faae,897001fd-1243-41c1-838e-1fd1b5483d24,fb800901-111d-45a2-8426-f5a8cea2dbbe,1ca1591a-073e-4f99-adcd-0fb32f509e5a,2023-02-06 06:11:00+00,2023-06-26 15:57:00+00,f,Reassigned during shift roster change.
fe98d480-94df-4847-96a6-841f50907206,897001fd-1243-41c1-838e-1fd1b5483d24,97205036-9a59-4b46-aa8e-9307852f2736,1ca1591a-073e-4f99-adcd-0fb32f509e5a,2023-07-18 15:47:00+00,2024-06-07 16:01:00+00,f,Reassigned during shift roster change.
f619115f-853e-4e99-a1ae-6736689b9001,897001fd-1243-41c1-838e-1fd1b5483d24,3173243b-26b1-4301-952c-69615a95e806,1ca1591a-073e-4f99-adcd-0fb32f509e5a,2026-03-03 13:03:00+00,,t,
0d4dd230-3acd-4e97-aa9a-02f1ac19414b,b58911ec-0222-4162-b9b6-64aa9d0b7d48,97205036-9a59-4b46-aa8e-9307852f2736,d24973fa-606a-4901-80ad-90da2b82381d,2022-06-09 14:51:00+00,2023-03-10 06:10:00+00,f,Reassigned during shift roster change.
e59744cb-7f95-4618-9ec9-2a9a238e96ca,b58911ec-0222-4162-b9b6-64aa9d0b7d48,08145333-aa5a-4ff6-ae10-7a43aa8d5326,d24973fa-606a-4901-80ad-90da2b82381d,2023-03-28 08:40:00+00,2024-04-20 11:59:00+00,f,Reassigned during shift roster change.
461677b1-4921-4e64-91c9-d87ae72042a2,b58911ec-0222-4162-b9b6-64aa9d0b7d48,59d6aa79-2377-4337-9638-88a668cb9c4b,d24973fa-606a-4901-80ad-90da2b82381d,2026-01-04 17:07:00+00,,t,
433a9aed-9a4f-4af3-88db-a79fe2c7f114,163910fa-7659-4aac-8df1-6940483d7238,e1002c7c-1061-4fb3-8aca-bf8d561f4404,613bf044-7d90-4530-bd18-c89645622a2f,2023-10-12 11:00:00+00,2024-04-17 13:58:00+00,f,Reassigned during shift roster change.
3a3db653-4836-4dcf-8651-0f2e3cea0bc9,163910fa-7659-4aac-8df1-6940483d7238,c5ac0691-9daf-41ec-9af8-8a163bd32f72,613bf044-7d90-4530-bd18-c89645622a2f,2024-04-23 06:38:00+00,2024-11-19 11:24:00+00,f,Reassigned during shift roster change.
0156fcf1-9ac3-4d0d-ae58-df4c0276d76e,163910fa-7659-4aac-8df1-6940483d7238,672d2211-01c0-4d57-9cc6-820a42f9f6ba,613bf044-7d90-4530-bd18-c89645622a2f,2025-11-17 06:15:00+00,,t,
cedd0fd0-9c7c-4c77-a236-c4ca653a0550,4d97046a-6c7f-47d6-95e3-f8f86198541c,9be9d8a3-a08a-4adb-a9ee-166b4b0a8521,0d453850-3c09-409d-853f-a3e43dd5a39e,2026-04-12 11:29:00+00,,t,
15e2742d-6149-4103-9257-07872ee3bc39,97cac73a-cce9-421c-9673-cec53bd60f85,85bfb451-ee2f-42c5-8600-eb489846f554,f1476a1a-5d8e-4c9d-8772-bdb92488fb29,2026-02-04 13:39:00+00,,t,
06642245-bdd9-4fea-9913-b131e49a5e91,42c9adfb-8199-4dd3-b39b-7274d49203e9,3b66fe50-d5c5-40b9-89c6-cbd673df729f,c40a9897-7182-4676-8f9b-339ec86e3462,2025-09-16 11:20:00+00,,t,
1d3c3202-b1bc-4de0-b0db-ed995edac1c1,23f24d6d-d47d-4e00-a804-ebecacffd56c,36f9a4a5-291f-4548-b867-96c44f690282,d24973fa-606a-4901-80ad-90da2b82381d,2026-06-29 07:12:00+00,,t,
e1764567-696c-43fe-9e7b-952083d31309,ade73aa5-abb3-42a0-81da-be1c7107ab2f,313f8708-206b-488d-ac8c-7238f8edb675,0d453850-3c09-409d-853f-a3e43dd5a39e,2024-01-23 10:48:00+00,2024-06-17 14:46:00+00,f,Reassigned during shift roster change.
bc8a782d-2d5d-4346-b138-3b2b3e1fc897,ade73aa5-abb3-42a0-81da-be1c7107ab2f,9d4c08ed-6a5c-4b63-99bf-aabc10dcb755,0d453850-3c09-409d-853f-a3e43dd5a39e,2024-07-12 12:44:00+00,2025-09-02 16:11:00+00,f,Reassigned during shift roster change.
39c5aa33-72d5-4849-94f4-97f803f05f10,ade73aa5-abb3-42a0-81da-be1c7107ab2f,e393f157-3860-4ebd-b9f4-400e8f8d33fd,0d453850-3c09-409d-853f-a3e43dd5a39e,2026-02-20 17:49:00+00,,t,
9d468f8d-7eb1-4f70-b673-7677ab197450,a744d7b8-6a10-4b59-98cd-b899bc5b1820,6bbcaed0-8dbb-4010-9f0e-ed858e55af44,d24973fa-606a-4901-80ad-90da2b82381d,2022-10-18 08:40:00+00,2023-08-04 16:09:00+00,f,Reassigned during shift roster change.
612e9f48-1d42-4265-acd4-371c220d193c,a744d7b8-6a10-4b59-98cd-b899bc5b1820,3be2c4f8-a30e-4b7b-8104-fe633928c764,d24973fa-606a-4901-80ad-90da2b82381d,2023-09-03 11:57:00+00,2024-06-16 14:31:00+00,f,Reassigned during shift roster change.
30c4fc0b-1dbf-404c-ae49-1a0bdbeea940,a744d7b8-6a10-4b59-98cd-b899bc5b1820,60248d42-3f08-4468-9952-20d3fadcd859,d24973fa-606a-4901-80ad-90da2b82381d,2025-08-19 12:29:00+00,,t,
6673eab9-aaab-4882-9b4c-1a0f968aa463,1e6f421b-78a1-4d4a-8c93-f660c596598b,1ad7ac67-7360-49fc-8826-4c87c34eb6bc,1ca1591a-073e-4f99-adcd-0fb32f509e5a,2022-08-09 07:02:00+00,2023-03-25 06:29:00+00,f,Reassigned during shift roster change.
0ceb5e29-9efe-4aad-9f16-e55d0b421098,1e6f421b-78a1-4d4a-8c93-f660c596598b,279ecb13-f02b-44e7-b488-057559433848,1ca1591a-073e-4f99-adcd-0fb32f509e5a,2023-04-03 06:12:00+00,2023-11-04 12:59:00+00,f,Reassigned during shift roster change.
6be9cca9-516b-4935-9c7c-254f583059c7,1e6f421b-78a1-4d4a-8c93-f660c596598b,6bbcaed0-8dbb-4010-9f0e-ed858e55af44,1ca1591a-073e-4f99-adcd-0fb32f509e5a,2026-03-18 09:50:00+00,,t,
1f235361-d5cb-4868-9b6c-5307e3e73a1e,f1747f72-9dfd-4a19-b641-efdc585b8982,ab83ce15-7469-4677-a0ab-60c04e80dc38,14294bcc-4609-4078-82d0-3af8051a00ce,2023-06-11 15:30:00+00,2024-03-07 08:22:00+00,f,Reassigned during shift roster change.
bcba822b-35f9-4bf1-9b99-438a6898dd28,f1747f72-9dfd-4a19-b641-efdc585b8982,f4056b69-4ac8-46b8-9b77-643fc6407acc,14294bcc-4609-4078-82d0-3af8051a00ce,2024-03-21 15:05:00+00,2025-06-21 08:32:00+00,f,Reassigned during shift roster change.
d02b38d2-9aa3-4eae-9eaf-864b79d347b7,f1747f72-9dfd-4a19-b641-efdc585b8982,5f7a300c-540e-4500-a889-d95a77d799dc,14294bcc-4609-4078-82d0-3af8051a00ce,2026-04-08 11:52:00+00,,t,
fa304353-ab8a-4148-b007-787a83249df1,9be105b8-3c03-4409-9d2a-2fc6cf247f5b,05d1ba48-e184-4f32-b427-e979dfe2afc7,0d453850-3c09-409d-853f-a3e43dd5a39e,2025-08-11 06:45:00+00,,t,
042130db-11dd-493f-b258-de7808829526,21d42090-9ea5-4638-be12-32a6095b6b5f,c195e972-c33b-45b7-939a-71c02d221534,c40a9897-7182-4676-8f9b-339ec86e3462,2024-02-02 09:52:00+00,2025-04-03 06:03:00+00,f,Reassigned during shift roster change.
1aeb7ff8-0d7a-497d-95d4-bcf545c4b55b,21d42090-9ea5-4638-be12-32a6095b6b5f,84ba50f5-a2ed-4682-8ba5-e5556fff4b51,c40a9897-7182-4676-8f9b-339ec86e3462,2025-08-04 06:44:00+00,,t,
61e80fee-94b5-4236-8b11-545bdd7fb24c,35ba0719-b194-4a35-a63d-72d07be76a90,35435063-92fc-49ec-8f3f-19b3b315f062,14294bcc-4609-4078-82d0-3af8051a00ce,2025-10-07 09:36:00+00,,t,
5dc79d6e-e029-4660-a30b-32c68bb21514,91ac7b04-1283-4e99-abe0-bc5563715f65,fca6c7c6-7891-4e0d-bae3-be75e03db35c,16876354-5851-462c-bcaa-9ff71f731985,2023-09-14 07:42:00+00,2024-04-28 12:04:00+00,f,Reassigned during shift roster change.
181852b8-b984-4add-a8fa-adda48146d31,91ac7b04-1283-4e99-abe0-bc5563715f65,6bbcaed0-8dbb-4010-9f0e-ed858e55af44,16876354-5851-462c-bcaa-9ff71f731985,2024-05-04 12:50:00+00,2024-09-05 16:53:00+00,f,Reassigned during shift roster change.
495e33bf-0dde-4b47-9491-777bdd450016,91ac7b04-1283-4e99-abe0-bc5563715f65,f4056b69-4ac8-46b8-9b77-643fc6407acc,16876354-5851-462c-bcaa-9ff71f731985,2026-06-24 13:15:00+00,,t,
e8af962f-91a2-49ed-aa9d-65db92c26887,fa4185a7-13ac-41c1-bccd-1a79b532dfd8,d450eb41-e7ad-4985-a5b1-311021ac2e9d,7d29aca5-e5e4-466c-bd97-faa538283028,2026-06-03 11:48:00+00,,t,
d3a1f37d-fe6a-4140-b75a-827c8855777c,10850394-74ad-4d71-a4e6-7ee2a51507b0,08145333-aa5a-4ff6-ae10-7a43aa8d5326,0d453850-3c09-409d-853f-a3e43dd5a39e,2025-09-30 14:59:00+00,,t,
7cb2883f-8f94-4364-9b85-1c789c0d59db,abc0ca5a-6b8f-4b81-9916-a26eac64479f,f121048d-936a-437c-a161-9f7e901f17d8,c40a9897-7182-4676-8f9b-339ec86e3462,2025-10-16 10:43:00+00,,t,
6dc6b20e-5797-4a92-936b-ac34c708ba38,2bc11a64-68e2-4b54-9d53-128f0f06e369,7ab9627f-9aad-43ec-bf29-5590321ee2b1,1ca1591a-073e-4f99-adcd-0fb32f509e5a,2022-04-19 14:10:00+00,2022-11-23 11:06:00+00,f,Reassigned during shift roster change.
282b92ce-4865-4d83-9abc-54b15d2dbb06,2bc11a64-68e2-4b54-9d53-128f0f06e369,14687edb-ce05-413d-aec8-6853acc7a6e2,1ca1591a-073e-4f99-adcd-0fb32f509e5a,2022-12-21 08:33:00+00,2023-07-01 05:21:00+00,f,Reassigned during shift roster change.
8ccb0a8e-cf2c-4dca-b987-1ec366448780,2bc11a64-68e2-4b54-9d53-128f0f06e369,bd95dfd1-5af7-41d2-85ef-bbb2b0f57a12,1ca1591a-073e-4f99-adcd-0fb32f509e5a,2026-01-11 06:31:00+00,,t,
d68f21b5-304c-44c7-b312-0e812b1a2c64,0465257a-2596-4804-9ce6-70a8a0a4097c,04d7d6bb-7895-40b3-a329-6fba938b90e4,d24973fa-606a-4901-80ad-90da2b82381d,2023-12-26 07:37:00+00,2025-04-15 11:49:00+00,f,Reassigned during shift roster change.
01035c30-4850-4cc0-9d53-f5744468d691,0465257a-2596-4804-9ce6-70a8a0a4097c,26bed796-3071-41c2-b880-d41d10e5b673,d24973fa-606a-4901-80ad-90da2b82381d,2025-04-22 08:39:00+00,2026-01-12 16:41:00+00,f,Reassigned during shift roster change.
4e21ee6b-785c-4ba1-a225-e66dddc22267,2a846353-d300-4c61-9972-9dd65ecc033e,1e81fa96-bf3e-40f9-ac44-b8168f54e8e2,7d29aca5-e5e4-466c-bd97-faa538283028,2026-06-18 16:56:00+00,,t,
fc2c0fd8-4b80-4a15-88cd-6ba4b12193bb,3d04399b-1a58-4bba-958d-5d36e994bb23,026e934f-6cbc-47d3-bebc-2e13bef9f375,14294bcc-4609-4078-82d0-3af8051a00ce,2025-10-18 05:23:00+00,,t,
c42c9256-88dd-40ea-b327-86ff3945956f,d0c6b54a-2ebd-425d-a3ed-abe214dc9691,8f92bdec-59f7-49b0-8fa2-c9e05b14747f,0d453850-3c09-409d-853f-a3e43dd5a39e,2023-06-13 17:09:00+00,2023-11-02 11:51:00+00,f,Reassigned during shift roster change.
2503a138-eabb-41ac-b447-fbc238f51d12,d0c6b54a-2ebd-425d-a3ed-abe214dc9691,774eb1d9-2520-45f1-b8a0-2a3cd378dbc3,0d453850-3c09-409d-853f-a3e43dd5a39e,2026-05-03 14:00:00+00,,t,
53dd1321-45ae-4e1e-8bb2-01b2cba0597d,38f347c1-9fe2-4694-8b46-ad96e4bac475,09306b84-79b3-44e2-94d6-8b168ab521db,c40a9897-7182-4676-8f9b-339ec86e3462,2022-02-19 06:10:00+00,2022-10-08 05:34:00+00,f,Reassigned during shift roster change.
b9629655-e3c3-4d08-b30b-9d6e16c68a42,38f347c1-9fe2-4694-8b46-ad96e4bac475,1ff0badc-a296-4e59-88b7-0899c91f4382,c40a9897-7182-4676-8f9b-339ec86e3462,2025-08-07 05:36:00+00,,t,
878fa485-ef33-41b7-ac92-a4b146d7327e,1c5ebb87-9a50-456a-9a8b-ad8457ce0cff,4240a899-92e1-44cc-a166-b3c8e4b402d3,f1476a1a-5d8e-4c9d-8772-bdb92488fb29,2023-08-20 08:18:00+00,2024-08-04 12:01:00+00,f,Reassigned during shift roster change.
92b3504a-7bf5-4c02-b699-fe5fd3fcbaf4,162039f5-1f71-460a-934a-ca1a3d815a7e,32dc59cb-ffdf-4808-a64d-050c19511645,c40a9897-7182-4676-8f9b-339ec86e3462,2023-03-12 09:19:00+00,2024-06-12 15:28:00+00,f,Reassigned during shift roster change.
f9e0a887-95f8-42d2-a0fd-441b191e03aa,162039f5-1f71-460a-934a-ca1a3d815a7e,d10cf005-0a3f-4251-bb32-0973601a7259,c40a9897-7182-4676-8f9b-339ec86e3462,2026-05-31 08:07:00+00,,t,
76dd0775-1cf1-4040-bbe9-2341f5b69b05,c17c120b-59d4-4df4-9a7e-baa2cddb777c,fb800901-111d-45a2-8426-f5a8cea2dbbe,1ca1591a-073e-4f99-adcd-0fb32f509e5a,2023-04-22 11:11:00+00,2024-03-12 17:58:00+00,f,Reassigned during shift roster change.
5db74f49-757c-45f7-9741-1f937b4a6eb8,c17c120b-59d4-4df4-9a7e-baa2cddb777c,d8294427-340a-4c8e-ae90-c5de2eded6d4,1ca1591a-073e-4f99-adcd-0fb32f509e5a,2024-03-14 06:21:00+00,2025-05-31 11:59:00+00,f,Reassigned during shift roster change.
9e423b89-fbc0-4ae7-adf5-190b3a8fb815,c17c120b-59d4-4df4-9a7e-baa2cddb777c,b993bb23-a481-4196-902b-78ab172f7c14,1ca1591a-073e-4f99-adcd-0fb32f509e5a,2025-11-29 17:10:00+00,,t,
c3e20593-4558-45ce-8f66-021cec9ebc62,b5ea8f66-f330-4a37-a6ee-a635395034f4,23a34c53-6ade-4185-9155-2c9369f33fcd,f1476a1a-5d8e-4c9d-8772-bdb92488fb29,2023-12-20 06:44:00+00,2025-02-23 13:18:00+00,f,Reassigned during shift roster change.
ab31b323-9e1e-40ea-87a2-75c1f8a98178,b5ea8f66-f330-4a37-a6ee-a635395034f4,872336fb-fba4-48c0-9c1e-33dd102a11cb,f1476a1a-5d8e-4c9d-8772-bdb92488fb29,2026-03-24 11:51:00+00,,t,
bf3546c4-e506-4c65-aa36-58bc15f555e5,18614432-ef5d-487c-8a62-b9d1bf0ff598,fca6c7c6-7891-4e0d-bae3-be75e03db35c,d24973fa-606a-4901-80ad-90da2b82381d,2023-05-11 12:14:00+00,2023-09-26 15:10:00+00,f,Reassigned during shift roster change.
88215cbb-acfb-43df-b06d-96c6babb8560,18614432-ef5d-487c-8a62-b9d1bf0ff598,199a4d21-7c83-46ba-83c5-4ad661906d13,d24973fa-606a-4901-80ad-90da2b82381d,2023-10-12 09:45:00+00,2025-01-18 09:15:00+00,f,Reassigned during shift roster change.
d3de71be-22ff-4c7c-84a9-3c35f04e2bd0,ac5ceb44-9317-4114-9a48-351620ba0f10,85bfb451-ee2f-42c5-8600-eb489846f554,7d29aca5-e5e4-466c-bd97-faa538283028,2023-05-09 12:07:00+00,2024-05-08 17:02:00+00,f,Reassigned during shift roster change.
9608aee9-d99c-4895-9cd6-0bf0f396bbc1,ac5ceb44-9317-4114-9a48-351620ba0f10,83d472b5-dd92-42a8-a953-35d233862a56,7d29aca5-e5e4-466c-bd97-faa538283028,2024-05-28 11:36:00+00,2025-07-12 11:47:00+00,f,Reassigned during shift roster change.
eecbe208-2c9e-49a9-baa8-5f8ac68423b2,aafc932e-4a9b-436d-80db-e5202aece48f,7c2d98b0-0276-4ef9-8a45-ecbc21c761a4,7d29aca5-e5e4-466c-bd97-faa538283028,2025-07-22 13:23:00+00,,t,
03978065-f697-40d0-8a7e-9984661b5767,b820efbb-9d04-48a6-bedc-3d0e651a1dda,0c6723a0-a951-45af-b5a1-c402641b3d00,d24973fa-606a-4901-80ad-90da2b82381d,2022-11-16 13:45:00+00,2023-12-12 16:41:00+00,f,Reassigned during shift roster change.
6d125237-ccfb-43f8-94d3-fe8a438f38b0,b820efbb-9d04-48a6-bedc-3d0e651a1dda,525885b4-8242-4b0e-9389-e73ab4da0883,d24973fa-606a-4901-80ad-90da2b82381d,2026-06-01 10:26:00+00,,t,
1a1b33e4-b88a-41f5-bd1f-aa4d504aa7aa,f64f4df8-df42-4ddf-9e42-c551dad512c2,5b1edc19-179d-4db0-adde-f133a012f955,d24973fa-606a-4901-80ad-90da2b82381d,2023-02-25 07:39:00+00,2023-10-07 10:01:00+00,f,Reassigned during shift roster change.
16f99b74-4f9f-474f-ae4e-b4677e303ccd,f64f4df8-df42-4ddf-9e42-c551dad512c2,83d472b5-dd92-42a8-a953-35d233862a56,d24973fa-606a-4901-80ad-90da2b82381d,2023-11-02 11:36:00+00,2024-06-20 11:44:00+00,f,Reassigned during shift roster change.
cf518e63-4956-4778-9074-dba4cd5ec559,f64f4df8-df42-4ddf-9e42-c551dad512c2,026e934f-6cbc-47d3-bebc-2e13bef9f375,d24973fa-606a-4901-80ad-90da2b82381d,2025-10-20 05:12:00+00,,t,
70e45b57-5e4e-4d0d-877e-c5bbc1c27b1b,ceac2811-cf12-461b-a6be-6f1d31b9bda6,660c165d-6101-4478-8f1e-e68d29e42c0c,0d453850-3c09-409d-853f-a3e43dd5a39e,2023-04-19 06:10:00+00,2023-09-08 11:51:00+00,f,Reassigned during shift roster change.
4a31413f-5188-43c1-a80f-a12237c8df46,ceac2811-cf12-461b-a6be-6f1d31b9bda6,36f9a4a5-291f-4548-b867-96c44f690282,0d453850-3c09-409d-853f-a3e43dd5a39e,2023-10-06 14:16:00+00,2024-03-04 06:22:00+00,f,Reassigned during shift roster change.
d15ad75c-0f08-45c9-9c14-d0e2be002fd3,ceac2811-cf12-461b-a6be-6f1d31b9bda6,36f9a4a5-291f-4548-b867-96c44f690282,0d453850-3c09-409d-853f-a3e43dd5a39e,2025-11-27 14:33:00+00,,t,
e9220695-e9d8-4f00-b192-301d8a89b063,38f9b400-7309-42a7-aa0b-6844f1806006,6d59fbf8-43a3-4448-8a6b-b1bfd7c603ee,14294bcc-4609-4078-82d0-3af8051a00ce,2023-10-23 16:23:00+00,2024-03-16 09:15:00+00,f,Reassigned during shift roster change.
785f6b8a-2a0b-4344-8e7d-5962215bb86b,38f9b400-7309-42a7-aa0b-6844f1806006,26533c7a-2605-4da0-abad-5bdd41c619ac,14294bcc-4609-4078-82d0-3af8051a00ce,2025-11-17 16:22:00+00,,t,
3a913886-c4e0-4c35-aa9c-3f2c21293dc2,f38557ee-ecbd-4593-854a-92dfca2bcd4c,c195e972-c33b-45b7-939a-71c02d221534,7d29aca5-e5e4-466c-bd97-faa538283028,2023-09-12 16:54:00+00,2024-04-18 14:18:00+00,f,Reassigned during shift roster change.
86527e43-f9e8-48ca-88b2-a3f4cf103451,f38557ee-ecbd-4593-854a-92dfca2bcd4c,9ef1e83f-d503-498c-88e6-f45431b9299a,7d29aca5-e5e4-466c-bd97-faa538283028,2025-11-01 12:41:00+00,,t,
5c6539a9-77a6-4da6-8562-7d602abe01f8,ac0e6e06-46b6-44dd-8452-1125b59f3f49,2880fc15-f0ee-4986-8ce3-c88c53681281,c40a9897-7182-4676-8f9b-339ec86e3462,2025-07-28 12:01:00+00,,t,
9e346422-30c9-4f01-b4a5-f05d2720ef7f,342b5159-578f-4680-ad47-8fffe69e951f,0218e2f7-4d2d-4229-b899-199f6afe4c10,14294bcc-4609-4078-82d0-3af8051a00ce,2023-05-28 09:38:00+00,2024-10-01 05:23:00+00,f,Reassigned during shift roster change.
ad151a4b-87e4-4826-98cf-38f59eabbcd0,342b5159-578f-4680-ad47-8fffe69e951f,d450eb41-e7ad-4985-a5b1-311021ac2e9d,14294bcc-4609-4078-82d0-3af8051a00ce,2025-09-08 17:55:00+00,,t,
3d0f3069-cbbc-429b-8826-446daaa2aed4,0b9985e3-5787-4e75-a113-2f9f592d1d33,e15a11ed-4e40-4f3c-8011-cbb4911d7069,f1476a1a-5d8e-4c9d-8772-bdb92488fb29,2023-04-29 15:54:00+00,2024-04-05 17:48:00+00,f,Reassigned during shift roster change.
c89ce3fb-d17e-4a78-a9b2-f803ab900555,0b9985e3-5787-4e75-a113-2f9f592d1d33,e2edbfb4-2380-494b-9a6e-6f70b8be6c90,f1476a1a-5d8e-4c9d-8772-bdb92488fb29,2026-06-28 08:00:00+00,,t,
8c400ff5-e6c8-4a80-a513-a73a3131557e,66f94254-d4cd-40d8-8b9c-b95101798ccc,0218e2f7-4d2d-4229-b899-199f6afe4c10,c40a9897-7182-4676-8f9b-339ec86e3462,2023-12-10 08:47:00+00,2024-12-18 06:12:00+00,f,Reassigned during shift roster change.
a238fb57-f1bd-4bbc-ad30-b29a8d8e73e3,66f94254-d4cd-40d8-8b9c-b95101798ccc,9cb44f3e-4dc3-4ac9-bf65-bb8f29efc8e6,c40a9897-7182-4676-8f9b-339ec86e3462,2025-11-06 15:39:00+00,,t,
2530103f-8b8a-4faa-87bb-a927aa1f4994,47e10112-af29-4a95-bfd6-dfec06d326a8,4240a899-92e1-44cc-a166-b3c8e4b402d3,16876354-5851-462c-bcaa-9ff71f731985,2022-02-19 16:59:00+00,2022-07-18 07:30:00+00,f,Reassigned during shift roster change.
730f5cd0-359b-4a16-990f-557ee16255e9,10a4b1f4-e1e0-4b38-b78b-29080fb06f5b,d1180d8d-7124-476b-b7a8-8633b48b0fb9,7d29aca5-e5e4-466c-bd97-faa538283028,2022-11-17 17:08:00+00,2024-03-18 08:53:00+00,f,Reassigned during shift roster change.
f25c3a8e-00a5-44ad-add5-9e1ee9b02129,10a4b1f4-e1e0-4b38-b78b-29080fb06f5b,960e7df1-3079-4aab-812d-cf90bb2b019e,7d29aca5-e5e4-466c-bd97-faa538283028,2026-06-25 07:08:00+00,,t,
094f2272-83ed-43d1-b2f0-8b9fd7d26a2c,3a27ed31-dcb8-4a57-9546-8f4c15c92ad7,2d980844-162a-4581-bbc6-75b9c502e459,f1476a1a-5d8e-4c9d-8772-bdb92488fb29,2026-05-02 07:22:00+00,,t,
1c8dd565-6d28-45b7-ab0e-88ee6984ef16,f3b66e30-7e59-461b-877d-72041b6a91da,8a0dc0c8-8bed-4024-a051-dbed41ba8410,f1476a1a-5d8e-4c9d-8772-bdb92488fb29,2022-12-14 10:34:00+00,2023-05-21 17:15:00+00,f,Reassigned during shift roster change.
df642f36-5b0c-4f0b-9f02-e6391c3f3179,f3b66e30-7e59-461b-877d-72041b6a91da,bfc3fec8-4cfe-4cb9-82aa-42f8d73b730f,f1476a1a-5d8e-4c9d-8772-bdb92488fb29,2023-06-11 06:48:00+00,2023-12-02 09:00:00+00,f,Reassigned during shift roster change.
69daa8d9-7f71-4815-9254-47d44981ec11,f3b66e30-7e59-461b-877d-72041b6a91da,a1106058-8633-4392-8841-1b4ae69c79fc,f1476a1a-5d8e-4c9d-8772-bdb92488fb29,2025-11-30 14:03:00+00,,t,
68e7194f-d0c6-48dd-8731-e1ba8facd60a,63815f91-b07f-4471-8706-f95503cffdcc,05d1ba48-e184-4f32-b427-e979dfe2afc7,d24973fa-606a-4901-80ad-90da2b82381d,2023-08-15 10:39:00+00,2024-05-29 10:47:00+00,f,Reassigned during shift roster change.
50fb1cb3-8b6b-4d2e-a5b8-77f47970a2ea,63815f91-b07f-4471-8706-f95503cffdcc,bfbab097-299c-4d06-84f0-2bc51cef5a84,d24973fa-606a-4901-80ad-90da2b82381d,2024-06-23 07:44:00+00,2024-11-17 09:03:00+00,f,Reassigned during shift roster change.
4a2158df-4de5-43de-924e-5dbd4c0b8550,63815f91-b07f-4471-8706-f95503cffdcc,201810ef-10d6-4664-9bf3-c78ad722a6de,d24973fa-606a-4901-80ad-90da2b82381d,2026-03-12 16:18:00+00,,t,
1105f3d0-5fcb-4a3f-98b1-e08786676bac,21d171e0-c609-49c7-ac3b-ad9c1cdc3c09,7944e32a-ecbc-48e2-aaa1-d1b1c273e297,c40a9897-7182-4676-8f9b-339ec86e3462,2022-07-09 10:12:00+00,2023-04-28 17:29:00+00,f,Reassigned during shift roster change.
ebbd45a0-00b2-41b5-ab59-9b3d1fb522bd,c252be55-fff0-4759-a186-7b97461ce11f,c8df6c51-0e5d-4fe1-8f22-d07d9e5d7bb0,1ca1591a-073e-4f99-adcd-0fb32f509e5a,2025-11-06 06:50:00+00,,t,
5dbcaf06-0d60-4eb1-af00-0b4143da3814,26c7c85e-3eb1-40f2-b812-7f8fdb19ef7c,37abbbee-d396-42dc-b275-aab89c44041b,1ca1591a-073e-4f99-adcd-0fb32f509e5a,2022-10-14 11:34:00+00,2024-01-18 07:08:00+00,f,Reassigned during shift roster change.
afec3458-50e8-46c1-9a64-1ed43b5abef4,26c7c85e-3eb1-40f2-b812-7f8fdb19ef7c,53950c8c-c163-431d-b49c-bfd8733ae431,1ca1591a-073e-4f99-adcd-0fb32f509e5a,2025-07-12 15:54:00+00,,t,
f1134ef1-2816-48ea-a4fd-a040019bc1ee,93d54ce6-7d07-477a-90fa-6d1a7204c708,f8b8379a-a75d-427c-b004-2d79c88bf675,16876354-5851-462c-bcaa-9ff71f731985,2023-12-25 05:36:00+00,2024-11-15 12:36:00+00,f,Reassigned during shift roster change.
fa776bba-b68f-4098-9cc4-d6d726e88933,5ce1a851-6e04-4d09-bfc8-595a14a52caf,73c05dbe-9e82-4f00-b52a-dab6d654c550,16876354-5851-462c-bcaa-9ff71f731985,2022-08-27 05:29:00+00,2023-04-20 14:51:00+00,f,Reassigned during shift roster change.
f46ca401-a98a-4eb5-aee4-dc22279f0972,5ce1a851-6e04-4d09-bfc8-595a14a52caf,8f013397-f73e-4098-bf86-3cf1055a446a,16876354-5851-462c-bcaa-9ff71f731985,2023-04-30 16:58:00+00,2024-08-21 15:35:00+00,f,Reassigned during shift roster change.
bb8dad7a-4f36-41f1-8a2c-960921b86243,5ce1a851-6e04-4d09-bfc8-595a14a52caf,84ba50f5-a2ed-4682-8ba5-e5556fff4b51,16876354-5851-462c-bcaa-9ff71f731985,2025-11-03 15:43:00+00,,t,
c5dffe8f-e35e-4c29-bcde-9960b38d1f0f,5f54c48d-89bc-48e7-98b5-12a7f355fae6,0ddd1aea-061c-4588-a9a1-b8f9f5383103,11ccb7fb-51b9-40e8-bdd2-b07207b8e0a7,2025-08-15 08:56:00+00,,t,
74beafc5-fc95-4fc6-868c-f0039f2cce21,494ddccb-59ef-4729-bb66-368d4a589906,53950c8c-c163-431d-b49c-bfd8733ae431,1ca1591a-073e-4f99-adcd-0fb32f509e5a,2023-11-18 08:23:00+00,2024-08-25 10:34:00+00,f,Reassigned during shift roster change.
b7a40810-f9cf-4357-8f47-a2d2a1ee1a8d,494ddccb-59ef-4729-bb66-368d4a589906,7d4e3301-e869-4ed7-9374-1dfae1c92334,1ca1591a-073e-4f99-adcd-0fb32f509e5a,2025-09-15 06:44:00+00,,t,
584d7cf0-ff11-4f9f-a31c-a2c32fc25017,1e1c014a-889e-4258-ad68-3977cacba92f,d4f423d0-e74e-4798-9af2-e03f0d95868b,c40a9897-7182-4676-8f9b-339ec86e3462,2023-06-25 08:41:00+00,2024-08-16 15:12:00+00,f,Reassigned during shift roster change.
4d80e661-b35e-4faa-9bb2-f39fb810887d,1e1c014a-889e-4258-ad68-3977cacba92f,a20d3b81-5e20-4394-b347-dc5a94fecbbc,c40a9897-7182-4676-8f9b-339ec86e3462,2024-09-14 14:30:00+00,2026-01-06 11:25:00+00,f,Reassigned during shift roster change.
98956731-fc6d-4aa1-b0e0-7a780bc74a73,1e1c014a-889e-4258-ad68-3977cacba92f,d1e3297e-159c-47bf-9c07-676bf0b6930c,c40a9897-7182-4676-8f9b-339ec86e3462,2026-06-05 08:02:00+00,,t,
e75c832a-b85f-4292-bfbe-65ad1096a270,ad143dcb-9121-4cc4-b430-85bade41eb2c,36f9a4a5-291f-4548-b867-96c44f690282,1ca1591a-073e-4f99-adcd-0fb32f509e5a,2022-03-07 16:10:00+00,2022-12-06 05:16:00+00,f,Reassigned during shift roster change.
32852d64-5edf-43b5-bd2b-171b39b02947,ad143dcb-9121-4cc4-b430-85bade41eb2c,84ba50f5-a2ed-4682-8ba5-e5556fff4b51,1ca1591a-073e-4f99-adcd-0fb32f509e5a,2026-03-22 15:49:00+00,,t,
2afbb93a-bf2b-489d-9393-f773c4e24f70,84e4a5d9-42f1-40e6-9099-bdfec506c781,5f7a300c-540e-4500-a889-d95a77d799dc,16876354-5851-462c-bcaa-9ff71f731985,2022-04-29 11:54:00+00,2022-11-06 11:28:00+00,f,Reassigned during shift roster change.
7ab44b52-cf1d-4577-a671-4a3d4f54f80b,84e4a5d9-42f1-40e6-9099-bdfec506c781,672d2211-01c0-4d57-9cc6-820a42f9f6ba,16876354-5851-462c-bcaa-9ff71f731985,2022-11-11 12:04:00+00,2023-04-11 14:57:00+00,f,Reassigned during shift roster change.
86a01401-4449-446a-9645-6a045c052186,8a110968-5b9a-44c9-8bf9-1050c6aece48,64eea3cd-759d-411b-b233-253c5b99f030,7d29aca5-e5e4-466c-bd97-faa538283028,2023-05-05 05:57:00+00,2023-10-24 11:38:00+00,f,Reassigned during shift roster change.
98b7a612-a4df-4f6d-a265-62490eb03089,8a110968-5b9a-44c9-8bf9-1050c6aece48,a7bae9de-4cdb-4821-aaf6-bf3df3ae7208,7d29aca5-e5e4-466c-bd97-faa538283028,2023-11-21 14:33:00+00,2024-07-12 08:08:00+00,f,Reassigned during shift roster change.
866be544-9f9a-4337-b92a-88d91915a118,8a110968-5b9a-44c9-8bf9-1050c6aece48,0661c773-90d6-4247-9f59-6009767ab963,7d29aca5-e5e4-466c-bd97-faa538283028,2026-05-06 05:53:00+00,,t,
1df857e8-d2c5-4225-ba3a-6ee703993325,ead9f42e-6090-45ef-9590-1502803fb60c,11aa8dc4-d36c-4098-88b1-163bac724648,c40a9897-7182-4676-8f9b-339ec86e3462,2022-09-08 05:56:00+00,2023-02-11 12:54:00+00,f,Reassigned during shift roster change.
cf4544f6-995a-4ada-823a-69ba6b6dcdcd,ead9f42e-6090-45ef-9590-1502803fb60c,41756767-ddb5-4d7d-b2e5-bc467eca5985,c40a9897-7182-4676-8f9b-339ec86e3462,2023-03-09 08:23:00+00,2023-11-09 06:36:00+00,f,Reassigned during shift roster change.
2c63262e-e466-4a52-8772-62ec0dbdd943,0d0e64f1-f075-49a1-acad-896021c7812c,6ae8d7b8-8631-4dc1-aaed-6838a1b9ba2b,16876354-5851-462c-bcaa-9ff71f731985,2025-12-04 06:59:00+00,,t,
325b5597-bc96-43d4-b57c-b1a6dac530b3,5ce85f8b-3bfc-49e7-acc4-d01d30943995,12f09dc9-bc8a-4749-96a7-54c0a1488f53,1ca1591a-073e-4f99-adcd-0fb32f509e5a,2022-03-20 16:17:00+00,2022-11-17 07:14:00+00,f,Reassigned during shift roster change.
6c8ed5fd-082b-45fa-b32c-c8ae0028b996,5ce85f8b-3bfc-49e7-acc4-d01d30943995,4ed7e62b-24bc-42f9-a2f1-438eefcf7e9f,1ca1591a-073e-4f99-adcd-0fb32f509e5a,2022-12-03 13:11:00+00,2024-04-08 08:30:00+00,f,Reassigned during shift roster change.
3da41f4a-30ea-4492-b5a1-5348455c8aaf,5ce85f8b-3bfc-49e7-acc4-d01d30943995,8a0dc0c8-8bed-4024-a051-dbed41ba8410,1ca1591a-073e-4f99-adcd-0fb32f509e5a,2026-04-19 10:46:00+00,,t,
83ec5a1d-f2cd-4aff-bd0a-d4dd210d1459,888d5995-c776-4db5-af30-05bb5e3b2f25,4c26799f-773d-4d90-a5fc-fb8f0b22ad4d,c40a9897-7182-4676-8f9b-339ec86e3462,2022-01-17 11:14:00+00,2022-07-04 12:51:00+00,f,Reassigned during shift roster change.
ab0e2207-0c41-4baf-a39b-5da5df521bb0,888d5995-c776-4db5-af30-05bb5e3b2f25,1f244e06-5a87-45ce-934d-263326f32549,c40a9897-7182-4676-8f9b-339ec86e3462,2025-08-31 16:55:00+00,,t,
85ec213f-1a1a-4b78-9dcc-7f89af1526b3,29f4e1a7-ac55-4fa2-b7bd-e1cf8e4b7b91,15b87d03-89b9-407f-abbf-8dc82d73f93f,c40a9897-7182-4676-8f9b-339ec86e3462,2026-01-09 12:34:00+00,,t,
383fc260-d38b-495d-9a2b-a84950c06c44,cfb0be1e-6122-48be-8c07-03c180d88f67,525885b4-8242-4b0e-9389-e73ab4da0883,613bf044-7d90-4530-bd18-c89645622a2f,2025-10-26 09:36:00+00,,t,
a7a3597d-3b72-4a00-a419-814a003ff1cb,fc48457d-db96-42a9-b510-f220fc33fb62,ba7951af-1b58-44f9-b4c1-ddf3453c6d77,d24973fa-606a-4901-80ad-90da2b82381d,2022-11-30 12:38:00+00,2023-10-21 07:55:00+00,f,Reassigned during shift roster change.
84a03a68-6216-4263-af70-b4f6740bc750,c0b34cab-72e9-4cb3-8187-f60431d599f0,782ac408-28cd-4fd3-b56b-21cca25714bb,c40a9897-7182-4676-8f9b-339ec86e3462,2026-07-19 15:08:00+00,,t,
d12c5df8-5bcc-4a09-ab11-257c624e7d05,cc38b41e-77b1-4aac-8f57-43cc9bce4fc7,a1b85244-a022-490b-8170-5794c882d878,7d29aca5-e5e4-466c-bd97-faa538283028,2022-07-04 17:59:00+00,2023-08-31 12:19:00+00,f,Reassigned during shift roster change.
dab684b5-5edd-47b1-864a-8c4de958dcc6,cc38b41e-77b1-4aac-8f57-43cc9bce4fc7,f3c86ff8-fb6a-4c66-abba-e7d600708c4e,7d29aca5-e5e4-466c-bd97-faa538283028,2023-09-04 09:51:00+00,2024-12-10 07:34:00+00,f,Reassigned during shift roster change.
052b81c9-247a-4873-a35d-79f314d73404,cc38b41e-77b1-4aac-8f57-43cc9bce4fc7,e2f4db5d-5268-451f-8f58-023f568f8422,7d29aca5-e5e4-466c-bd97-faa538283028,2026-07-12 16:38:00+00,,t,
414a4a85-b1c0-4baf-93d9-04af5abadd2b,97702f0f-3f78-4300-ad98-8c6eae9006f5,9ef1e83f-d503-498c-88e6-f45431b9299a,7d29aca5-e5e4-466c-bd97-faa538283028,2022-11-27 06:37:00+00,2024-01-12 07:11:00+00,f,Reassigned during shift roster change.
4c26762c-6ae6-4f5c-bf06-dcd76db48ff9,60688d5c-4263-4307-b316-14f375cc5c8e,c9cb2f09-f2c0-4958-9695-c824a2a58791,f1476a1a-5d8e-4c9d-8772-bdb92488fb29,2022-05-22 06:06:00+00,2023-06-18 14:11:00+00,f,Reassigned during shift roster change.
6d944b67-794d-47f8-9ecd-c71b77915746,60688d5c-4263-4307-b316-14f375cc5c8e,81465f78-fd22-40f9-bb43-c73ede62087e,f1476a1a-5d8e-4c9d-8772-bdb92488fb29,2023-07-14 12:34:00+00,2024-04-22 15:33:00+00,f,Reassigned during shift roster change.
9ddf023a-b889-4431-b67c-88e34a2616b6,60688d5c-4263-4307-b316-14f375cc5c8e,f121048d-936a-437c-a161-9f7e901f17d8,f1476a1a-5d8e-4c9d-8772-bdb92488fb29,2025-11-18 09:17:00+00,,t,
3f3f327d-5611-4aa9-9083-5e0131621303,b9f3d8bc-9164-4467-9e38-a5e73035748b,363395ad-bc4d-48d7-9bb3-13e893e92e82,7d29aca5-e5e4-466c-bd97-faa538283028,2025-08-10 10:47:00+00,,t,
06c015de-f8c1-47ec-84ff-ea4faf362c2f,8b75dceb-594a-4502-8cc6-0c0759113370,282d91e7-2962-428b-bd84-f2078e00b1da,1ca1591a-073e-4f99-adcd-0fb32f509e5a,2023-10-10 07:13:00+00,2024-06-16 06:45:00+00,f,Reassigned during shift roster change.
7e1b3dbc-8216-4ed5-a4b5-6b4bcf139cd8,8b75dceb-594a-4502-8cc6-0c0759113370,1ff0badc-a296-4e59-88b7-0899c91f4382,1ca1591a-073e-4f99-adcd-0fb32f509e5a,2024-06-18 09:44:00+00,2025-08-01 15:22:00+00,f,Reassigned during shift roster change.
555fa28f-6f94-425a-98bd-a0f3ae678a70,b98ca446-093f-4081-8f4c-499460c277f6,983f9089-e5b9-47df-95ca-ffb5d0ca1c39,f1476a1a-5d8e-4c9d-8772-bdb92488fb29,2025-07-07 08:13:00+00,,t,
fd6ad151-7cdf-4f61-82e2-925c5fc98728,bb522542-5ccd-4f1e-8bf5-69d1f7995a98,6947c9f5-0bf6-4d86-a562-5339ac82f575,f1476a1a-5d8e-4c9d-8772-bdb92488fb29,2025-09-15 11:24:00+00,,t,
4614265d-4d90-4827-8807-7d1bee8630fd,b8f84319-275a-4e51-aa52-bb299d3e0453,5250a6e8-dae1-44d3-a749-0de618f21f17,7d29aca5-e5e4-466c-bd97-faa538283028,2025-12-18 14:39:00+00,,t,
3f17957c-df5c-4670-823e-d2d108ba8bd3,812d8556-22ff-467c-babd-9f99de282b74,83d472b5-dd92-42a8-a953-35d233862a56,7d29aca5-e5e4-466c-bd97-faa538283028,2025-12-14 05:33:00+00,,t,
30208ba7-fc8e-4e2a-9c89-851daf7ef4f6,3f789832-22dd-4389-85ef-5ec6fa3288f7,7c954517-6c2b-445a-8f89-712ebe223860,d24973fa-606a-4901-80ad-90da2b82381d,2022-12-21 08:27:00+00,2023-06-26 16:08:00+00,f,Reassigned during shift roster change.
3e338898-21c6-408f-8961-0f7c3279f33d,3f789832-22dd-4389-85ef-5ec6fa3288f7,7eff8fb1-e5f6-43d1-9e6b-dd2f71f1fa19,d24973fa-606a-4901-80ad-90da2b82381d,2023-06-29 07:32:00+00,2024-10-27 15:14:00+00,f,Reassigned during shift roster change.
8826b400-b505-42f0-81c8-026bba7879e1,3f789832-22dd-4389-85ef-5ec6fa3288f7,64c71f07-a329-4f95-8846-fc22a5ae7b0d,d24973fa-606a-4901-80ad-90da2b82381d,2025-10-08 15:03:00+00,,t,
671aa8df-765e-4239-b300-053791fd58ad,a723de84-5fcc-4974-927a-a3c4ac7e539c,7c954517-6c2b-445a-8f89-712ebe223860,c40a9897-7182-4676-8f9b-339ec86e3462,2023-01-22 05:18:00+00,2023-05-29 08:48:00+00,f,Reassigned during shift roster change.
f75b5a92-94dd-4c55-aa7e-65685aa60199,a723de84-5fcc-4974-927a-a3c4ac7e539c,ab83ce15-7469-4677-a0ab-60c04e80dc38,c40a9897-7182-4676-8f9b-339ec86e3462,2025-09-26 05:29:00+00,,t,
6aca9068-fbd2-4bfe-9058-ba1ba5d02303,49dfc7f2-0709-4f08-965c-215766796312,930dfee4-c7f8-450e-835c-d73f0743f879,7d29aca5-e5e4-466c-bd97-faa538283028,2025-08-25 15:40:00+00,,t,
075029ad-401d-4d81-a672-1ef0359c2c51,a5e7465d-4c28-41f5-8b20-50c5086077b3,bde86dca-cbc5-42f7-9f67-3f1be7a6da72,d24973fa-606a-4901-80ad-90da2b82381d,2022-01-19 15:55:00+00,2022-06-18 17:04:00+00,f,Reassigned during shift roster change.
da0127d6-e48d-46f2-ac89-0ab0e5fc7745,8d6826db-fd8f-4c61-95be-d845335c312d,14687edb-ce05-413d-aec8-6853acc7a6e2,c40a9897-7182-4676-8f9b-339ec86e3462,2022-12-25 10:01:00+00,2024-02-11 13:46:00+00,f,Reassigned during shift roster change.
e742895d-4394-4102-8d1e-6806dfa8da65,8d6826db-fd8f-4c61-95be-d845335c312d,d2cb4643-0910-4c84-bce6-b045b2dd12d5,c40a9897-7182-4676-8f9b-339ec86e3462,2024-02-15 09:34:00+00,2024-12-11 05:47:00+00,f,Reassigned during shift roster change.
0b20fa81-63c0-4325-9052-50555b7940b0,8d6826db-fd8f-4c61-95be-d845335c312d,363395ad-bc4d-48d7-9bb3-13e893e92e82,c40a9897-7182-4676-8f9b-339ec86e3462,2025-09-17 06:13:00+00,,t,
3773897b-a150-4452-b64e-989f1f8b9e76,458569d6-975a-46ca-b339-dd40a390b612,2915ad05-7ac6-45ab-b21f-9bd0b6a18328,0d453850-3c09-409d-853f-a3e43dd5a39e,2022-04-26 13:38:00+00,2022-12-18 16:33:00+00,f,Reassigned during shift roster change.
691bda86-6e06-458b-8855-fa4cc96a02ec,458569d6-975a-46ca-b339-dd40a390b612,fa058ce5-c86c-458f-b3cc-f98bf178085f,0d453850-3c09-409d-853f-a3e43dd5a39e,2026-05-20 10:49:00+00,,t,
e100c748-02f5-4589-8ba8-45f54d403b95,d6c53b36-5530-4112-88a4-a959e39cc063,d1180d8d-7124-476b-b7a8-8633b48b0fb9,613bf044-7d90-4530-bd18-c89645622a2f,2022-08-22 13:26:00+00,2023-04-30 10:48:00+00,f,Reassigned during shift roster change.
091ad9d7-63fc-415d-8562-3d051da2023c,d6c53b36-5530-4112-88a4-a959e39cc063,40599815-5b87-4588-9e74-3c01e0c6ccf3,613bf044-7d90-4530-bd18-c89645622a2f,2023-05-01 15:15:00+00,2024-06-08 09:34:00+00,f,Reassigned during shift roster change.
c779e8f5-9dc5-45c4-95f1-52b79cf458a9,d6c53b36-5530-4112-88a4-a959e39cc063,026e934f-6cbc-47d3-bebc-2e13bef9f375,613bf044-7d90-4530-bd18-c89645622a2f,2026-03-23 15:53:00+00,,t,
4e9f369b-efa4-4d0a-aeee-e4bea793718f,4c94408f-abd6-4220-a0a2-bbaa2f1a7fdb,cb819ef5-51d7-4a1d-b1b4-e10674bdcd4d,0d453850-3c09-409d-853f-a3e43dd5a39e,2025-09-09 08:07:00+00,,t,
e1a89c6f-6ef6-45f5-88b3-e5ac05a2bcb6,181f4775-466b-400d-995c-f7f69543ad80,47aa7347-bff7-4069-bc8d-99693751ee09,7d29aca5-e5e4-466c-bd97-faa538283028,2022-05-28 11:56:00+00,2023-04-07 09:11:00+00,f,Reassigned during shift roster change.
0bee0c89-58c6-4fc4-92ff-88b096fb2f9d,181f4775-466b-400d-995c-f7f69543ad80,782ac408-28cd-4fd3-b56b-21cca25714bb,7d29aca5-e5e4-466c-bd97-faa538283028,2026-05-06 15:54:00+00,,t,
528322aa-86f3-4cf4-b85a-1e4de6819194,bcd3d5f5-0702-41de-b3f8-af7125e5df44,8a0dc0c8-8bed-4024-a051-dbed41ba8410,f1476a1a-5d8e-4c9d-8772-bdb92488fb29,2026-04-23 15:20:00+00,,t,
30d4ddb0-5e50-40e7-9927-aa90b9deceae,2616f0a8-0666-44c8-a4cd-2199637a76bc,bde86dca-cbc5-42f7-9f67-3f1be7a6da72,613bf044-7d90-4530-bd18-c89645622a2f,2022-11-24 12:00:00+00,2023-09-15 14:38:00+00,f,Reassigned during shift roster change.
334095de-c5b7-4110-bb98-aa0046810ad1,2616f0a8-0666-44c8-a4cd-2199637a76bc,fe119e0c-c737-41f0-bbbd-5073cd6926ce,613bf044-7d90-4530-bd18-c89645622a2f,2025-11-06 07:16:00+00,,t,
c3a8d143-4f6a-42fe-a690-c3cfd33a6f6c,f08e55e6-f7a5-44d3-99e2-57371ff3f82f,2915ad05-7ac6-45ab-b21f-9bd0b6a18328,7d29aca5-e5e4-466c-bd97-faa538283028,2026-05-11 10:48:00+00,,t,
c9dda852-6e03-46da-83df-88b33eb92866,66d20fd6-5deb-45dd-81f0-016b81e07eb2,4c26799f-773d-4d90-a5fc-fb8f0b22ad4d,d24973fa-606a-4901-80ad-90da2b82381d,2021-12-30 13:25:00+00,2022-04-30 07:02:00+00,f,Reassigned during shift roster change.
91d8b6f1-dc13-47c5-8c51-070624c1f81b,66d20fd6-5deb-45dd-81f0-016b81e07eb2,8c2a3dc0-1d48-4695-beb9-d5b878274370,d24973fa-606a-4901-80ad-90da2b82381d,2026-02-19 08:41:00+00,,t,
ff5bc75b-322a-4140-ae1a-e4aa1ef127ef,e004172c-0e41-4fab-ae79-c756e9fd15cb,c396bf07-f1d5-4e50-85a6-052a95f8a744,7d29aca5-e5e4-466c-bd97-faa538283028,2022-12-06 15:58:00+00,2023-10-15 12:32:00+00,f,Reassigned during shift roster change.
852002e4-d134-4701-b87b-35b2dd759133,e004172c-0e41-4fab-ae79-c756e9fd15cb,eaffb453-f1e1-442e-b1c7-d0767b538fe3,7d29aca5-e5e4-466c-bd97-faa538283028,2023-10-27 06:33:00+00,2024-04-28 05:54:00+00,f,Reassigned during shift roster change.
8acbb8dd-de19-4385-b66c-4313b433e224,e004172c-0e41-4fab-ae79-c756e9fd15cb,b075cf11-faac-4883-acb3-c4402c230c0d,7d29aca5-e5e4-466c-bd97-faa538283028,2025-09-19 07:38:00+00,,t,
09e5c48e-75d6-46c9-bfd5-c14d370e12a7,eb0c193b-8df4-47d0-bc71-4ec958d54954,0a351293-de20-4329-adb6-b75d386c78b6,f1476a1a-5d8e-4c9d-8772-bdb92488fb29,2023-12-04 12:20:00+00,2024-10-03 17:27:00+00,f,Reassigned during shift roster change.
7eee708f-d6a5-4e05-8f40-36c30e2bc815,eb0c193b-8df4-47d0-bc71-4ec958d54954,5eaa01fc-d211-42fc-b8a3-b4264659d850,f1476a1a-5d8e-4c9d-8772-bdb92488fb29,2026-04-06 15:49:00+00,,t,
806cb66c-66b9-4f6d-9410-b45b651aafea,c49a680c-e686-4416-ae44-66fc805416ea,6d59fbf8-43a3-4448-8a6b-b1bfd7c603ee,613bf044-7d90-4530-bd18-c89645622a2f,2023-10-26 11:29:00+00,2024-04-04 12:53:00+00,f,Reassigned during shift roster change.
a13a438b-57ef-423e-b9c2-55ee7f2742c0,c49a680c-e686-4416-ae44-66fc805416ea,6947c9f5-0bf6-4d86-a562-5339ac82f575,613bf044-7d90-4530-bd18-c89645622a2f,2024-04-10 12:34:00+00,2025-03-05 17:34:00+00,f,Reassigned during shift roster change.
6f8df881-893c-41c6-b6b3-c388a76455c7,c49a680c-e686-4416-ae44-66fc805416ea,ffa53a31-7f44-4f17-815d-e1d63473afd9,613bf044-7d90-4530-bd18-c89645622a2f,2025-12-29 10:18:00+00,,t,
c8802fef-88cc-4af6-850f-6bd8c7181da4,5cb2f91b-aea8-4c56-afe3-f46cd8673ef1,c7d43f46-0cb9-40d1-ba17-47dd628fe68b,f1476a1a-5d8e-4c9d-8772-bdb92488fb29,2023-04-27 12:47:00+00,2024-06-22 16:03:00+00,f,Reassigned during shift roster change.
e082710c-9c47-400c-81be-c4da8b64ccfa,5cb2f91b-aea8-4c56-afe3-f46cd8673ef1,282d91e7-2962-428b-bd84-f2078e00b1da,f1476a1a-5d8e-4c9d-8772-bdb92488fb29,2024-07-14 12:55:00+00,2025-11-23 09:00:00+00,f,Reassigned during shift roster change.
38bb3b99-a869-4cf8-8782-1fbc950bfcb1,b99acf8b-51f0-4a74-8236-3e63b6f17bca,084585d8-c820-44ca-a93e-4cfd796e3053,0d453850-3c09-409d-853f-a3e43dd5a39e,2026-07-18 11:18:00+00,,t,
518da7b3-8178-4412-9ad7-f33c7eeb2bdf,536f5cc9-3d00-4005-a09b-62a6e6fbc226,6bbcaed0-8dbb-4010-9f0e-ed858e55af44,7d29aca5-e5e4-466c-bd97-faa538283028,2023-05-26 14:53:00+00,2023-12-17 10:17:00+00,f,Reassigned during shift roster change.
ac179cf0-7a51-42f5-b30a-a92f9f5c408b,536f5cc9-3d00-4005-a09b-62a6e6fbc226,59d6aa79-2377-4337-9638-88a668cb9c4b,7d29aca5-e5e4-466c-bd97-faa538283028,2026-06-08 17:43:00+00,,t,
9560f751-4880-4e57-9c88-ba0ed6b674a1,3f603281-6793-4203-a1a4-7cae9eafbc2a,3ee2df0e-c146-434e-85ec-0f750a73c12e,1ca1591a-073e-4f99-adcd-0fb32f509e5a,2023-06-24 06:20:00+00,2023-11-20 16:57:00+00,f,Reassigned during shift roster change.
4bf83b52-da80-495a-b39b-5f4d194be4a7,3f603281-6793-4203-a1a4-7cae9eafbc2a,2662a23a-f8e3-486e-805a-21f08bc68c50,1ca1591a-073e-4f99-adcd-0fb32f509e5a,2023-12-09 15:34:00+00,2024-08-25 09:17:00+00,f,Reassigned during shift roster change.
0bea522c-8ce5-429c-9985-23c3f531bf35,3f603281-6793-4203-a1a4-7cae9eafbc2a,5b1edc19-179d-4db0-adde-f133a012f955,1ca1591a-073e-4f99-adcd-0fb32f509e5a,2025-10-07 07:04:00+00,,t,
9fced0a3-68de-44f3-925f-80f9c2ca44e4,d94fb043-f082-49d9-86c7-ca754ca6de81,7d4e3301-e869-4ed7-9374-1dfae1c92334,d24973fa-606a-4901-80ad-90da2b82381d,2022-10-24 07:05:00+00,2024-03-03 07:12:00+00,f,Reassigned during shift roster change.
f8bdc24b-a0d4-4177-b3f4-0d8a93866d12,d94fb043-f082-49d9-86c7-ca754ca6de81,47aa7347-bff7-4069-bc8d-99693751ee09,d24973fa-606a-4901-80ad-90da2b82381d,2026-03-02 09:46:00+00,,t,
2697249b-ccbc-4554-a50d-9e2fe4bb06f3,53fa1319-dc9c-4e78-8caf-7861246005ae,04d7d6bb-7895-40b3-a329-6fba938b90e4,c40a9897-7182-4676-8f9b-339ec86e3462,2024-02-09 14:06:00+00,2025-05-06 15:48:00+00,f,Reassigned during shift roster change.
3c4945f3-9212-421f-b7a3-551414c8cf57,53fa1319-dc9c-4e78-8caf-7861246005ae,40599815-5b87-4588-9e74-3c01e0c6ccf3,c40a9897-7182-4676-8f9b-339ec86e3462,2026-04-26 17:25:00+00,,t,
5f2c81f7-65ab-431d-8a78-8e894dffdb27,e14beb5f-7573-4aff-940d-5ab0928b606b,81465f78-fd22-40f9-bb43-c73ede62087e,c40a9897-7182-4676-8f9b-339ec86e3462,2022-02-19 07:29:00+00,2022-09-07 08:08:00+00,f,Reassigned during shift roster change.
68e66844-8e5d-4a7a-95f1-82b386445b3a,e14beb5f-7573-4aff-940d-5ab0928b606b,084585d8-c820-44ca-a93e-4cfd796e3053,c40a9897-7182-4676-8f9b-339ec86e3462,2025-08-08 09:16:00+00,,t,
bc648e4b-70d7-47d8-bef4-6a65e5f8ad61,b40bbe00-0e99-4a1f-ad6c-bbbb740d26a5,597aa962-1131-4ee4-a5fa-e4917a158570,1ca1591a-073e-4f99-adcd-0fb32f509e5a,2026-03-19 12:30:00+00,,t,
fad55ec4-a216-4836-bded-a932ec64db2f,fc622b90-48ae-4db8-9c60-8d7e16ed3cb7,599aecc1-1e2a-493a-ad32-93f00dd96fc6,14294bcc-4609-4078-82d0-3af8051a00ce,2022-10-19 06:18:00+00,2024-01-25 10:53:00+00,f,Reassigned during shift roster change.
4c9f3a29-697f-418c-a4c1-0daf024686ed,397f509d-bab0-4be3-80ea-0d71f10314f5,60248d42-3f08-4468-9952-20d3fadcd859,f1476a1a-5d8e-4c9d-8772-bdb92488fb29,2023-01-16 13:56:00+00,2024-02-15 13:20:00+00,f,Reassigned during shift roster change.
30457143-fc59-40d1-8657-85fd2284463f,397f509d-bab0-4be3-80ea-0d71f10314f5,73c05dbe-9e82-4f00-b52a-dab6d654c550,f1476a1a-5d8e-4c9d-8772-bdb92488fb29,2024-03-08 09:16:00+00,2024-08-22 07:44:00+00,f,Reassigned during shift roster change.
7f24f1bd-9a91-46f5-b4ea-0253729bd2d8,07152f01-1a2b-4d82-8aa3-bd4dbcb46578,9bd1b385-5443-456b-8d15-0dfaae56ce62,d24973fa-606a-4901-80ad-90da2b82381d,2022-12-23 16:35:00+00,2023-05-05 08:27:00+00,f,Reassigned during shift roster change.
faf6b698-7cce-4b31-a3d7-7b216b689aef,07152f01-1a2b-4d82-8aa3-bd4dbcb46578,08145333-aa5a-4ff6-ae10-7a43aa8d5326,d24973fa-606a-4901-80ad-90da2b82381d,2023-05-19 11:23:00+00,2023-09-16 10:15:00+00,f,Reassigned during shift roster change.
d17695b8-a0b7-4ef6-b36c-685e8371ef52,cc129337-c81b-4462-8d87-66da528fe91e,1ad7ac67-7360-49fc-8826-4c87c34eb6bc,d24973fa-606a-4901-80ad-90da2b82381d,2022-02-16 11:51:00+00,2022-09-16 17:08:00+00,f,Reassigned during shift roster change.
d85ec7a3-6326-4a5e-a7b1-5235b7d5927b,cc129337-c81b-4462-8d87-66da528fe91e,35435063-92fc-49ec-8f3f-19b3b315f062,d24973fa-606a-4901-80ad-90da2b82381d,2022-10-14 11:09:00+00,2023-06-07 10:40:00+00,f,Reassigned during shift roster change.
681418eb-7a49-453f-90c2-8574bca718be,3d772867-daec-4afb-bb0e-14aedaa976c4,65d43a9f-e305-49af-994b-5a76143bbac5,0d453850-3c09-409d-853f-a3e43dd5a39e,2026-01-18 10:59:00+00,,t,
f673c0e9-7c97-4522-8460-f0cdda4aa328,297b4bb5-6429-4c03-8d38-57e6d19c9c21,00936255-6f6e-43c6-aaf4-24f69d6a10c4,0d453850-3c09-409d-853f-a3e43dd5a39e,2022-03-05 05:45:00+00,2022-08-12 05:47:00+00,f,Reassigned during shift roster change.
86c21a61-6845-4e89-831d-c25aa0272809,297b4bb5-6429-4c03-8d38-57e6d19c9c21,1ad7ac67-7360-49fc-8826-4c87c34eb6bc,0d453850-3c09-409d-853f-a3e43dd5a39e,2022-09-10 05:00:00+00,2023-07-12 08:49:00+00,f,Reassigned during shift roster change.
2e764177-91c1-40cf-965f-c087acce3d4e,2cafca73-08c2-4726-a800-0cbef5b48abb,9eb09106-f54e-4d7c-a8ab-2e35db7f6fee,613bf044-7d90-4530-bd18-c89645622a2f,2025-08-18 16:47:00+00,,t,
f3640fa3-f560-4f6f-85b1-2fdcc261ce43,2ee048c2-af0b-45c0-96f1-82175aeaa716,97205036-9a59-4b46-aa8e-9307852f2736,14294bcc-4609-4078-82d0-3af8051a00ce,2024-02-10 11:09:00+00,2025-02-13 17:13:00+00,f,Reassigned during shift roster change.
33cfde55-54e1-4e03-a750-3335e05cba51,2ee048c2-af0b-45c0-96f1-82175aeaa716,0c6723a0-a951-45af-b5a1-c402641b3d00,14294bcc-4609-4078-82d0-3af8051a00ce,2025-03-05 15:38:00+00,2025-08-06 10:09:00+00,f,Reassigned during shift roster change.
42fb78d9-b9cb-4069-bda1-f478b82ddf86,2ee048c2-af0b-45c0-96f1-82175aeaa716,930dfee4-c7f8-450e-835c-d73f0743f879,14294bcc-4609-4078-82d0-3af8051a00ce,2025-11-08 07:58:00+00,,t,
467af8de-e0fe-4141-bb15-7b817bb8bb2e,f0988bbc-49e6-4237-bb22-12f45d9a6a8f,6fff23c6-0da3-467c-89b5-5ed645f6c8cb,14294bcc-4609-4078-82d0-3af8051a00ce,2024-01-19 12:53:00+00,2024-09-06 17:21:00+00,f,Reassigned during shift roster change.
fa4520c6-1132-4bcb-b8f0-f993cea37ff3,71149510-7879-43a7-b28b-375a5b02a7e4,210c1a12-cc64-4178-a722-959c4fa9bf8c,0d453850-3c09-409d-853f-a3e43dd5a39e,2025-11-23 12:24:00+00,,t,
2b8256c2-3a60-4a93-8980-e82e94299971,3b9f4cca-b3d0-47d9-a3dd-d5269a34e7d3,2b62c6da-6e5b-43a7-a301-ddb17784d56b,0f2dd1d9-6b12-4073-ab85-bea406d1d514,2022-11-10 10:59:00+00,2023-11-16 16:56:00+00,f,Reassigned during shift roster change.
3da3ff14-d658-487a-9367-a11a5b7cae62,3b9f4cca-b3d0-47d9-a3dd-d5269a34e7d3,6e53e09d-3f58-4024-8435-320c776feeb6,0f2dd1d9-6b12-4073-ab85-bea406d1d514,2025-10-28 05:54:00+00,,t,
883bc364-4621-4dcb-9fe4-a4114998797f,f2ac46ad-d9c1-4de6-b888-ed5da0721d12,dba27b6e-3ab8-46c8-a9e9-591dc2166f08,bcdfa155-6afd-44b6-9cfe-85d596dfb687,2024-01-05 07:54:00+00,2025-02-03 09:22:00+00,f,Reassigned during shift roster change.
21545e8e-26d9-42cf-9032-6e0f7e2f52f0,7d3afa4f-270a-4684-b91e-a4173395315d,d6c63075-f2b1-42b2-88ea-62b7db930b1d,1b1a566a-ece0-4130-b5f5-76634ad534c0,2026-03-06 12:15:00+00,,t,
aa4355e9-ab10-4874-844d-9ef11970b7e2,0c12a5bb-9964-4bd7-8ac5-6dd394dd5d75,43940caa-d1ba-4e44-be36-1c5ea33072d5,bb91bbb5-1ab1-442b-b910-28093fe53eb9,2023-08-10 17:58:00+00,2024-08-08 08:43:00+00,f,Reassigned during shift roster change.
cc7bbd17-c7a3-4dfe-88eb-e0bbc35dc0e7,0c12a5bb-9964-4bd7-8ac5-6dd394dd5d75,815f0606-8045-47b4-8e39-03c0b021c8e6,bb91bbb5-1ab1-442b-b910-28093fe53eb9,2026-07-19 05:39:00+00,,t,
edd0452e-1356-43f2-8a8a-650d0d6ef6a9,671b6780-231f-4110-9470-c01d3f7df8de,5b475c9f-3846-4fef-86b7-b4cc8293bc54,1b1a566a-ece0-4130-b5f5-76634ad534c0,2022-12-21 05:18:00+00,2023-10-02 05:24:00+00,f,Reassigned during shift roster change.
ecfb80c4-99dc-4db5-8bf1-00e385ea5954,671b6780-231f-4110-9470-c01d3f7df8de,aa6bd398-1c0b-46fc-95da-2ff75ff4c584,1b1a566a-ece0-4130-b5f5-76634ad534c0,2026-05-20 08:54:00+00,,t,
5adfa2b3-1639-436d-ad43-f695f7a4398b,a12585c0-72e7-4af1-a32f-85d834a3ff7d,0ae5daa8-7bcd-4f43-b36a-99441eb41697,ae54eb0a-cd4b-4c62-86b2-8ed1974fbcec,2023-05-24 09:09:00+00,2024-06-13 12:29:00+00,f,Reassigned during shift roster change.
f3ffbbd2-d61d-4cc6-81d1-a61dcfb043f0,a12585c0-72e7-4af1-a32f-85d834a3ff7d,2751f9ca-5a8f-480f-b7f6-8d7c60846a2a,ae54eb0a-cd4b-4c62-86b2-8ed1974fbcec,2024-06-25 13:25:00+00,2025-08-15 12:24:00+00,f,Reassigned during shift roster change.
b0191b46-cdae-483f-8161-bbca1f681d4b,a12585c0-72e7-4af1-a32f-85d834a3ff7d,3df5d037-e853-43ba-8818-4d3a6644377a,ae54eb0a-cd4b-4c62-86b2-8ed1974fbcec,2025-10-23 17:44:00+00,,t,
76be4b24-81fa-44e8-b2cb-ff97faf687e3,ccd08ca8-fb6d-4e3a-a846-73c87a95179b,b1007b82-cbbf-4ef5-a4aa-6348e59b5c3a,0f2dd1d9-6b12-4073-ab85-bea406d1d514,2022-03-15 14:59:00+00,2022-11-11 14:45:00+00,f,Reassigned during shift roster change.
8815fd71-0873-49ea-ae8a-e6eb60828eb7,ccd08ca8-fb6d-4e3a-a846-73c87a95179b,6bbc560c-4bb0-4947-90b5-0a8b327e7af1,0f2dd1d9-6b12-4073-ab85-bea406d1d514,2022-12-04 12:01:00+00,2024-04-06 16:26:00+00,f,Reassigned during shift roster change.
c962e055-ac15-4537-9946-671fa1fff27e,ccd08ca8-fb6d-4e3a-a846-73c87a95179b,c875bb37-b147-43c4-9190-bba3cca1d313,0f2dd1d9-6b12-4073-ab85-bea406d1d514,2025-11-16 15:47:00+00,,t,
92e5fe02-e721-46af-9e82-abc66841df55,d58c9bba-0dcb-4f3f-8dc2-3919a4f07ffa,7da9bd19-50e9-4311-9de5-a85a106ef20f,56bc5b4f-b018-4995-89a3-6825709e4754,2023-08-14 09:08:00+00,2024-05-05 06:09:00+00,f,Reassigned during shift roster change.
c99436d7-f247-4dbb-8aa2-a487a14a8681,d58c9bba-0dcb-4f3f-8dc2-3919a4f07ffa,4803cc9c-eb64-4578-91f0-8316f3dc1ff7,56bc5b4f-b018-4995-89a3-6825709e4754,2026-01-06 10:15:00+00,,t,
da8b51a1-3d03-4b49-8b84-4dbf1d8d6fe7,4f14b02c-1a86-4184-936b-b876017a8871,a53e8145-78e8-49bf-8bf6-d2a4f5d6e5d4,bcdfa155-6afd-44b6-9cfe-85d596dfb687,2024-01-17 08:06:00+00,2025-01-07 15:40:00+00,f,Reassigned during shift roster change.
7cc0d9cf-e41e-4ead-818c-9d99663ec360,4f14b02c-1a86-4184-936b-b876017a8871,9307f79e-1989-450c-8410-9c18f986c0cf,bcdfa155-6afd-44b6-9cfe-85d596dfb687,2025-02-06 10:13:00+00,2025-10-16 08:38:00+00,f,Reassigned during shift roster change.
971107ff-2749-4988-8461-b00cadba727a,4f14b02c-1a86-4184-936b-b876017a8871,e98a7d51-d860-4c09-a624-751120112f62,bcdfa155-6afd-44b6-9cfe-85d596dfb687,2025-11-24 15:50:00+00,,t,
764f9868-e995-425a-9c41-0cc106cc169d,ded45c16-cec5-4005-a183-b54e1a1d8f0f,4b2c9a06-d234-4c13-b11c-f880af976191,1b1a566a-ece0-4130-b5f5-76634ad534c0,2026-02-08 05:46:00+00,,t,
141d6bde-e124-4e12-9d3d-cd57de9c093e,10a670ae-0273-414b-a826-a7f17e58a75b,ec42ef12-9929-4b5d-b07f-dac5819cba78,1b1a566a-ece0-4130-b5f5-76634ad534c0,2026-06-18 07:47:00+00,,t,
b24cb449-602e-4641-8688-e0ea56de5c3d,3b0294cd-6b07-456f-a4cc-7140ca9ad0a2,72f92835-710e-4690-9f9f-124e255a665a,1b1a566a-ece0-4130-b5f5-76634ad534c0,2026-06-02 13:01:00+00,,t,
72b95490-39af-4c00-a3f9-f8f12b51a8d6,688b2c30-251e-47c9-9685-b340bbad8f1d,95216ddb-1bf9-4e90-9467-1ce014997f32,bcdfa155-6afd-44b6-9cfe-85d596dfb687,2026-01-25 06:30:00+00,,t,
40360781-4310-4be0-b413-23786e753365,dfe9b185-95af-4842-92d5-daa5b8a321f8,f316cb80-b405-4faa-ac0a-6307bb3b888d,ae54eb0a-cd4b-4c62-86b2-8ed1974fbcec,2024-01-09 08:54:00+00,2024-07-25 14:35:00+00,f,Reassigned during shift roster change.
35ec8fa1-001e-4e4f-87e6-137bb77e2119,dfe9b185-95af-4842-92d5-daa5b8a321f8,0ddd1aea-061c-4588-a9a1-b8f9f5383103,ae54eb0a-cd4b-4c62-86b2-8ed1974fbcec,2024-08-23 10:59:00+00,2026-01-03 05:44:00+00,f,Reassigned during shift roster change.
20bc339b-2aa9-433c-8ce3-a3d88234c172,0ebe27ca-2e58-44a6-a62f-bcbe979ab961,ef604ac6-00ff-4230-a189-03428d01342b,ae54eb0a-cd4b-4c62-86b2-8ed1974fbcec,2021-12-25 05:57:00+00,2022-12-18 17:53:00+00,f,Reassigned during shift roster change.
df628727-bc4a-4b27-a726-53395047df12,0ebe27ca-2e58-44a6-a62f-bcbe979ab961,75ecdc2a-757a-4c32-a103-8bfece98280b,ae54eb0a-cd4b-4c62-86b2-8ed1974fbcec,2022-12-24 06:18:00+00,2023-07-20 06:20:00+00,f,Reassigned during shift roster change.
956c87ee-5938-4554-902a-84cacd70d148,0ebe27ca-2e58-44a6-a62f-bcbe979ab961,3d6f2ad9-da21-46a7-9219-f8cf57f7ff25,ae54eb0a-cd4b-4c62-86b2-8ed1974fbcec,2026-06-26 16:57:00+00,,t,
5babaf91-29f5-4f0a-b780-81e12117ac85,76b0a6db-27ff-4bb8-871b-53186ed90b92,2458cf7c-fcbf-4def-834a-e1429dfebcae,11ccb7fb-51b9-40e8-bdd2-b07207b8e0a7,2025-12-13 08:36:00+00,,t,
4f842692-b3dd-460d-8fab-a650785a3195,1f6a8a84-a2fa-40ab-a885-7f6f18e22cb0,6f4afb75-0912-47b3-93dc-8b6e02406c30,bcdfa155-6afd-44b6-9cfe-85d596dfb687,2023-11-16 08:13:00+00,2025-03-12 07:43:00+00,f,Reassigned during shift roster change.
ed50c9ab-e972-461f-9637-8ecd698e56a8,1f6a8a84-a2fa-40ab-a885-7f6f18e22cb0,bda677d3-7700-431f-a3d6-861b92a3bace,bcdfa155-6afd-44b6-9cfe-85d596dfb687,2025-03-15 17:09:00+00,2026-01-08 07:26:00+00,f,Reassigned during shift roster change.
f3cc8bfb-f9fb-40c7-889a-1a5f2fc9cd66,df2486e5-6fe4-4439-b8a6-c4147e346645,2ff785ce-b723-4033-bed4-5953533e3039,734bbe6b-9744-44d0-a11b-7a0e0df4922e,2022-01-27 12:53:00+00,2022-07-12 07:15:00+00,f,Reassigned during shift roster change.
1f20249d-1841-4312-b71e-4650a04c9bc9,df2486e5-6fe4-4439-b8a6-c4147e346645,c6b50eb7-f825-456c-91cd-88ac3e4acfde,734bbe6b-9744-44d0-a11b-7a0e0df4922e,2025-12-02 05:30:00+00,,t,
91ab2e5a-d6c1-4f4d-9a30-7d3a2d396445,72033436-0690-456c-bbf8-ae006d5efd10,e69037f7-b5fb-4127-9fa9-7dcd4652ca97,829c13bd-2a5c-42b7-8b1c-8a8a8b415ceb,2026-06-25 09:02:00+00,,t,
a598d1d6-fa0d-4cbf-b68b-0893d9bb5398,067e00e5-2b20-42f6-a3e1-119d8dc41138,97b90211-1b71-4112-a5c5-454a8b55cf5f,608d7306-f79c-4916-9b39-69a1abea72d9,2026-01-02 10:24:00+00,,t,
6ed8e149-be64-41e7-9987-9d4c5325ab57,52ddaf34-1c8f-4dcb-83a2-1ed0d052a37c,01551974-ffd1-4791-ae00-0b8e5efab738,734bbe6b-9744-44d0-a11b-7a0e0df4922e,2023-01-15 16:48:00+00,2023-09-05 11:42:00+00,f,Reassigned during shift roster change.
e8b76a1e-8266-4414-8d03-bffc8942f4f1,52ddaf34-1c8f-4dcb-83a2-1ed0d052a37c,3bb5d4f9-b891-4072-8884-5b42ee5b612e,734bbe6b-9744-44d0-a11b-7a0e0df4922e,2026-01-16 12:35:00+00,,t,
570e7c3b-8d78-4b43-a8dc-37353853f21c,2c8c23cf-0938-40fe-a26a-cfeaa9a19700,95216ddb-1bf9-4e90-9467-1ce014997f32,11ccb7fb-51b9-40e8-bdd2-b07207b8e0a7,2023-08-15 09:58:00+00,2024-05-15 17:19:00+00,f,Reassigned during shift roster change.
67ba5fb4-4fca-412d-98fd-6bc2cc68b5f7,2c8c23cf-0938-40fe-a26a-cfeaa9a19700,15e1f6ce-5500-45cf-a429-e8aafcdb999c,11ccb7fb-51b9-40e8-bdd2-b07207b8e0a7,2024-06-05 10:07:00+00,2024-11-21 17:36:00+00,f,Reassigned during shift roster change.
4fe75888-ed02-40d0-b153-e99f54ccc0fc,2c8c23cf-0938-40fe-a26a-cfeaa9a19700,29e815ea-c25f-4709-b6a4-87f37389a89b,11ccb7fb-51b9-40e8-bdd2-b07207b8e0a7,2026-04-19 10:53:00+00,,t,
7639abe0-ba3a-4a08-ad9e-b63894668e01,82173c84-078c-4e62-873a-d1cfc9d2328f,bc215710-21f6-4d29-8232-a879103befae,734bbe6b-9744-44d0-a11b-7a0e0df4922e,2022-02-03 05:00:00+00,2023-01-10 12:33:00+00,f,Reassigned during shift roster change.
3ef8d622-6206-485f-aefc-0141eac3727b,82173c84-078c-4e62-873a-d1cfc9d2328f,98849133-a5b7-4448-ab4c-e02cdbb7b9c8,734bbe6b-9744-44d0-a11b-7a0e0df4922e,2026-02-08 08:34:00+00,,t,
7babcf7d-4371-45ec-9a52-67681272c169,2f2f9f65-26c5-4f61-8e9f-85f829a1221c,fdbc71f8-edf3-4091-a0dc-b0bf3c339f92,1b1a566a-ece0-4130-b5f5-76634ad534c0,2026-06-06 09:11:00+00,,t,
58528389-d235-4669-af26-7bc9c26d40d7,c57b6521-b665-480d-a1cc-9c69db314f01,53729164-22f4-4aa2-a9ce-1b992ed4e050,1b1a566a-ece0-4130-b5f5-76634ad534c0,2022-11-24 15:25:00+00,2023-07-04 15:24:00+00,f,Reassigned during shift roster change.
37b407b3-d418-4bfb-b0c0-1af8006f37b4,c57b6521-b665-480d-a1cc-9c69db314f01,59873a14-b5e0-4bf4-a48d-6464cb0b6dd6,1b1a566a-ece0-4130-b5f5-76634ad534c0,2023-07-23 08:34:00+00,2024-04-24 06:43:00+00,f,Reassigned during shift roster change.
a38d3c79-255f-4f4c-8c8c-53767239607a,c57b6521-b665-480d-a1cc-9c69db314f01,b962b5fc-da66-4f7f-92cc-dd185de9622d,1b1a566a-ece0-4130-b5f5-76634ad534c0,2026-04-01 11:07:00+00,,t,
f99e9344-397f-4f82-ad3c-bfa123a54244,49fa0050-0771-4769-9b88-bd878cb3383e,6d97f26d-d4af-4ee3-ab61-5adbbb620217,ae54eb0a-cd4b-4c62-86b2-8ed1974fbcec,2022-03-16 08:20:00+00,2022-10-06 11:00:00+00,f,Reassigned during shift roster change.
d0b49cb7-0ca4-4f3d-a8ea-fea4f84b00e4,49fa0050-0771-4769-9b88-bd878cb3383e,f9c983b3-bbfd-4db6-ad0b-0d0a6ee45516,ae54eb0a-cd4b-4c62-86b2-8ed1974fbcec,2022-10-19 16:25:00+00,2023-11-19 07:38:00+00,f,Reassigned during shift roster change.
fe96399d-e9ed-49be-874b-00538e18c17c,49fa0050-0771-4769-9b88-bd878cb3383e,1ea70755-1c4a-4c56-8d10-f83fdbee5d4c,ae54eb0a-cd4b-4c62-86b2-8ed1974fbcec,2026-01-08 09:49:00+00,,t,
3fba036a-73f1-4abd-8f5c-d1f9f6cf71b5,8e785b05-fdc9-4206-b5b2-d72eaddf8cd5,29e815ea-c25f-4709-b6a4-87f37389a89b,bcdfa155-6afd-44b6-9cfe-85d596dfb687,2022-11-19 14:36:00+00,2023-08-07 06:12:00+00,f,Reassigned during shift roster change.
91dbc412-5771-4b33-a246-8fd75eef0295,8e785b05-fdc9-4206-b5b2-d72eaddf8cd5,0661a2e7-11df-4c5f-9bf0-1750efed60a9,bcdfa155-6afd-44b6-9cfe-85d596dfb687,2025-11-10 05:37:00+00,,t,
d1b02a67-87a5-4182-95fb-9da7f6846066,62656cad-a499-41ab-82e4-3ef2e2696ea7,9eb62981-218e-4eee-89c7-1e44e087fd9a,0f2dd1d9-6b12-4073-ab85-bea406d1d514,2026-01-27 08:00:00+00,,t,
97d1d6e3-ce75-4f07-ba4d-aa47fce7caa8,c1504be8-7c7c-4282-9d65-5ed622c88d93,eeb4530b-f017-42ea-a0e8-41ea6f22d5b4,734bbe6b-9744-44d0-a11b-7a0e0df4922e,2022-07-28 16:27:00+00,2023-07-09 07:19:00+00,f,Reassigned during shift roster change.
77c4e54e-2095-459b-af59-e87a86c6028d,7d296ba0-4e58-4eef-9cfe-cdf0dd67b4e1,ce36f25c-50db-49db-ad76-3b799e4fcd15,608d7306-f79c-4916-9b39-69a1abea72d9,2024-02-08 17:42:00+00,2025-02-08 08:08:00+00,f,Reassigned during shift roster change.
d23f8b3f-85fb-4c44-aa8c-a5c5f69d035b,b939d0c4-9910-43c8-a8e6-09b7dec6a5a5,e69037f7-b5fb-4127-9fa9-7dcd4652ca97,ae54eb0a-cd4b-4c62-86b2-8ed1974fbcec,2026-01-09 06:49:00+00,,t,
2c5a8c04-6802-422b-9516-b3fb4e88cb9d,e2f57336-713f-4720-b427-2ff57845f80c,1823ac1f-270d-49f9-abec-45242da05699,bb91bbb5-1ab1-442b-b910-28093fe53eb9,2026-02-21 15:18:00+00,,t,
ce36e597-0486-44f6-bb26-6c5277c54a96,cb409871-eecf-4f9b-83e0-498c9a3e3367,6f24359e-a712-4cba-be67-59f41b86ca41,bb91bbb5-1ab1-442b-b910-28093fe53eb9,2026-01-10 09:05:00+00,,t,
81223d00-9b17-454d-a3c0-d3e0a0ff1709,ad442345-a64a-4d6f-b818-12654cbd7db9,5759f3d2-34f3-483d-818a-1b5627a40557,bb91bbb5-1ab1-442b-b910-28093fe53eb9,2023-03-01 16:14:00+00,2024-05-02 16:33:00+00,f,Reassigned during shift roster change.
6938268c-0394-4bde-8135-68d967630b7b,ad442345-a64a-4d6f-b818-12654cbd7db9,53729164-22f4-4aa2-a9ce-1b992ed4e050,bb91bbb5-1ab1-442b-b910-28093fe53eb9,2025-11-18 10:40:00+00,,t,
0ed865fe-4115-4eae-a1e2-1d8a168a06e1,c4645b2b-2be5-4c8b-844d-182dfa91212d,5674ecb9-417f-4108-b1e4-f80265c62f18,11ccb7fb-51b9-40e8-bdd2-b07207b8e0a7,2023-08-18 09:01:00+00,2024-03-02 07:38:00+00,f,Reassigned during shift roster change.
dfe5b997-2bb7-4f28-8852-57bbb7ccd17f,c4645b2b-2be5-4c8b-844d-182dfa91212d,9c8e93f8-915c-4053-95fe-886010f1b5fa,11ccb7fb-51b9-40e8-bdd2-b07207b8e0a7,2026-07-16 15:13:00+00,,t,
b0b5c180-cabb-41a1-8b4e-f1c8370cd7a2,b86a110d-6338-4e0d-b888-fac1baa7f0ab,8f700fd2-3def-4b84-8c3c-b7d73e077fba,bb91bbb5-1ab1-442b-b910-28093fe53eb9,2025-09-10 16:49:00+00,,t,
3029621d-c136-4f1d-b5c3-7ef1c14882cb,4eb27e84-8fb0-48ee-a96f-ab631cc1da0d,5a06d8c6-5129-408a-bdb4-cf0707eb9516,1b1a566a-ece0-4130-b5f5-76634ad534c0,2025-12-04 16:58:00+00,,t,
ae729de0-426d-4e06-a98f-7e3b206dcf2b,3a496fa7-9d79-451a-ba65-7670996b9b4f,d884117d-3827-4278-8128-77523994bdb1,1b1a566a-ece0-4130-b5f5-76634ad534c0,2026-03-01 13:29:00+00,,t,
84f4a8a2-7a91-4e38-ac6b-c911a88c76f7,cc678d96-697b-42d8-abba-99156dfc8c33,85677b33-5692-4c2d-8b6d-f63fdc4cccab,11ccb7fb-51b9-40e8-bdd2-b07207b8e0a7,2023-05-20 14:51:00+00,2024-04-17 12:06:00+00,f,Reassigned during shift roster change.
0e7e2c6a-6004-4e64-9891-631991e7651c,cc678d96-697b-42d8-abba-99156dfc8c33,d6c63075-f2b1-42b2-88ea-62b7db930b1d,11ccb7fb-51b9-40e8-bdd2-b07207b8e0a7,2024-05-09 10:55:00+00,2025-05-23 09:40:00+00,f,Reassigned during shift roster change.
3208c093-8259-480d-8abb-51a5e58f1982,d0b6f377-01b3-4435-86b0-5aada79fb5b0,8ebec0f7-fdcb-4c03-b9b2-04eea85a85bf,bb91bbb5-1ab1-442b-b910-28093fe53eb9,2023-06-16 11:54:00+00,2023-10-19 17:54:00+00,f,Reassigned during shift roster change.
a9026258-de44-48e9-a65c-afa5db0719b5,d0b6f377-01b3-4435-86b0-5aada79fb5b0,ccba67cb-d7ef-4dfe-a87f-39cbd640dfab,bb91bbb5-1ab1-442b-b910-28093fe53eb9,2023-11-11 14:19:00+00,2024-04-24 12:25:00+00,f,Reassigned during shift roster change.
0762ad57-b124-4097-9c57-a5a8a8d69449,d0b6f377-01b3-4435-86b0-5aada79fb5b0,7da9bd19-50e9-4311-9de5-a85a106ef20f,bb91bbb5-1ab1-442b-b910-28093fe53eb9,2025-08-05 13:00:00+00,,t,
8fa423c3-fae5-4be0-9e23-c00201501e78,61c98589-e751-43f5-ab2d-fe000dc4fce4,620ee403-2775-4780-9c7d-1ea3a6ad5f75,56bc5b4f-b018-4995-89a3-6825709e4754,2026-01-04 07:46:00+00,,t,
f48e69bc-d2c8-4971-a1b6-e774a2d2eade,cb5489d7-7bac-446a-bbdc-a74f9cc14b7e,1d778731-9103-4a7c-8b4f-fb234d39f1b2,829c13bd-2a5c-42b7-8b1c-8a8a8b415ceb,2023-01-25 17:06:00+00,2024-02-15 11:06:00+00,f,Reassigned during shift roster change.
472084b5-ff79-42c7-9501-481fbb915da1,cb5489d7-7bac-446a-bbdc-a74f9cc14b7e,43420c9a-b3f9-494e-ab87-55ba4cca6846,829c13bd-2a5c-42b7-8b1c-8a8a8b415ceb,2024-03-13 13:40:00+00,2024-08-10 09:44:00+00,f,Reassigned during shift roster change.
f33095ee-330a-49bf-9b50-c6e90579843b,cb5489d7-7bac-446a-bbdc-a74f9cc14b7e,42acea66-cc32-472a-9657-2455c458bd82,829c13bd-2a5c-42b7-8b1c-8a8a8b415ceb,2026-01-16 09:13:00+00,,t,
fe5fa24e-bbdf-4f1d-aa85-e2cc7f8e8c52,ec4fc776-151a-4f0a-affb-89ec14e079f3,fe8b8a5c-fa8d-4338-bff2-c33473622fe7,734bbe6b-9744-44d0-a11b-7a0e0df4922e,2023-04-05 09:29:00+00,2024-06-06 13:54:00+00,f,Reassigned during shift roster change.
db2dc9a2-58f0-44e5-8563-1e84b3731395,ec4fc776-151a-4f0a-affb-89ec14e079f3,4803cc9c-eb64-4578-91f0-8316f3dc1ff7,734bbe6b-9744-44d0-a11b-7a0e0df4922e,2024-06-28 13:09:00+00,2025-10-08 17:14:00+00,f,Reassigned during shift roster change.
99efaff2-fa80-4ad1-a268-ecf5bf2bc1ae,ec4fc776-151a-4f0a-affb-89ec14e079f3,5674ecb9-417f-4108-b1e4-f80265c62f18,734bbe6b-9744-44d0-a11b-7a0e0df4922e,2026-04-17 09:15:00+00,,t,
7bd5227a-730d-47de-8d39-ef7efd78a52d,7d24769a-8ce7-4d3b-9d1b-2c5274698a0d,a127f1aa-9000-45ad-b741-5fdfcfaa5f34,ae54eb0a-cd4b-4c62-86b2-8ed1974fbcec,2023-01-05 12:58:00+00,2023-09-03 11:24:00+00,f,Reassigned during shift roster change.
7bc03db0-20a2-41f4-a33c-1798e10336fd,7d24769a-8ce7-4d3b-9d1b-2c5274698a0d,dead6da3-5b5b-40a8-b8d1-afdd225b2c31,ae54eb0a-cd4b-4c62-86b2-8ed1974fbcec,2025-08-12 05:35:00+00,,t,
c58b55ab-e671-4911-a369-a953b35b0ac1,ae8fb68a-6c2c-4ff4-bd54-1cfcba2f91e4,bdb1901c-364e-4a90-928a-7b8df1650e5b,734bbe6b-9744-44d0-a11b-7a0e0df4922e,2023-01-19 07:58:00+00,2023-07-28 16:53:00+00,f,Reassigned during shift roster change.
94b6d4f7-fd12-4a01-9f6e-37f0adb9dc0b,ae8fb68a-6c2c-4ff4-bd54-1cfcba2f91e4,9227e7bd-457d-482d-b1f4-cbec55d20b07,734bbe6b-9744-44d0-a11b-7a0e0df4922e,2025-08-14 11:34:00+00,,t,
befd0015-f1f7-40ef-b1df-1152d2ffa7ea,34dcd815-f6d8-4f97-aa61-5f0b16572896,3bd6b04c-56ed-4411-bf23-24fdcdae20f9,bb91bbb5-1ab1-442b-b910-28093fe53eb9,2023-08-13 11:16:00+00,2024-01-02 16:09:00+00,f,Reassigned during shift roster change.
e401081e-96f5-4ddc-959c-7ba8e23dd979,e2028202-e117-4fbe-8db0-e5a1db0104ba,54a7789c-b84b-40b2-adcd-2e293e032e99,0f2dd1d9-6b12-4073-ab85-bea406d1d514,2022-11-13 14:29:00+00,2023-05-31 11:47:00+00,f,Reassigned during shift roster change.
414bdaae-294e-4692-b651-62ad1e5fecec,ec1f7686-bf8b-4e56-a1b3-c1e01431e7ce,ec42ef12-9929-4b5d-b07f-dac5819cba78,11ccb7fb-51b9-40e8-bdd2-b07207b8e0a7,2023-02-21 06:52:00+00,2023-10-23 15:40:00+00,f,Reassigned during shift roster change.
d79be8b9-e409-42dc-8172-4c7065792ba4,ec1f7686-bf8b-4e56-a1b3-c1e01431e7ce,b3bab0d5-dbca-4c9f-af8d-4038ba243058,11ccb7fb-51b9-40e8-bdd2-b07207b8e0a7,2026-04-24 09:13:00+00,,t,
7f618044-2638-4b95-930f-b249d0b9afa6,b7859dd8-e266-4fbb-9ebb-9c922880b895,8f36fe73-d255-4230-aa2a-00fa311454ec,608d7306-f79c-4916-9b39-69a1abea72d9,2025-10-05 17:06:00+00,,t,
60812588-5391-4919-823b-b51896c58790,6063d6a9-0821-4990-9d52-d53c1d6b784a,9aee6ad3-243e-4da8-aa52-4050a6fa56f0,0f2dd1d9-6b12-4073-ab85-bea406d1d514,2026-05-06 12:53:00+00,,t,
656a6585-a5fa-48a9-9a1a-a648d8863958,4a436752-6d5d-48ea-851c-dde8cfaa61c9,00d11482-63a2-48da-b05c-c7e9bacd67e0,bcdfa155-6afd-44b6-9cfe-85d596dfb687,2026-03-16 09:11:00+00,,t,
04d0ef32-c3de-4a3a-b50e-373f35bfac99,69abc83b-18de-4329-94a6-441f64fbdb02,8c8957ef-69f3-4a5a-a5a2-1e70ecd4e4ff,bb91bbb5-1ab1-442b-b910-28093fe53eb9,2023-07-28 06:01:00+00,2024-12-02 05:42:00+00,f,Reassigned during shift roster change.
587347b0-0ae2-4932-bb1a-4d867e1bd2d2,69abc83b-18de-4329-94a6-441f64fbdb02,5759f3d2-34f3-483d-818a-1b5627a40557,bb91bbb5-1ab1-442b-b910-28093fe53eb9,2024-12-19 16:24:00+00,2026-01-20 16:18:00+00,f,Reassigned during shift roster change.
447e6399-7eca-4eed-b89d-8ebb8f2c106b,69abc83b-18de-4329-94a6-441f64fbdb02,ff858c38-4db7-4dcd-a154-6531520ed5b9,bb91bbb5-1ab1-442b-b910-28093fe53eb9,2026-02-15 09:47:00+00,,t,
b1ca6a04-137f-4f8a-8054-1f496c2aa872,45edec81-c564-46eb-a542-79278b06dcd5,ff962ec5-661c-4004-8c3a-c65fcefaf218,bb91bbb5-1ab1-442b-b910-28093fe53eb9,2025-09-21 15:57:00+00,,t,
7375db4f-f7b6-46c2-8ab7-8fc2cfee2de9,26c7c449-52cb-4b57-8d16-ec96b049af41,c9d9cd57-6074-4c5b-87b0-f093e04db48b,1b1a566a-ece0-4130-b5f5-76634ad534c0,2023-01-26 12:38:00+00,2023-12-14 16:12:00+00,f,Reassigned during shift roster change.
e29bc6db-460c-4d41-bea4-19c5f74baf33,26c7c449-52cb-4b57-8d16-ec96b049af41,7613243f-58b4-4f5d-9cc4-d6dde9e3d25a,1b1a566a-ece0-4130-b5f5-76634ad534c0,2026-07-03 12:36:00+00,,t,
ab633532-7d20-49ec-827d-8be30d8975ad,20674a3a-8a96-4b27-829a-946f4958c47e,01551974-ffd1-4791-ae00-0b8e5efab738,829c13bd-2a5c-42b7-8b1c-8a8a8b415ceb,2026-02-21 11:35:00+00,,t,
736d1121-2abc-4a75-b894-603f09ec165f,f1e20e54-20b6-4095-bbad-090791fe2b7a,9aee6ad3-243e-4da8-aa52-4050a6fa56f0,bb91bbb5-1ab1-442b-b910-28093fe53eb9,2026-07-14 17:37:00+00,,t,
bd2ca4f9-0c76-440d-8dab-37c218e25c10,d60b976c-49c3-42aa-851f-0cd1a0982e6c,e655669a-affa-4cee-ab60-e8072807b6cd,0f2dd1d9-6b12-4073-ab85-bea406d1d514,2022-12-27 15:45:00+00,2023-05-26 11:28:00+00,f,Reassigned during shift roster change.
d627d537-1e02-47d2-8567-d495d2b6738d,d60b976c-49c3-42aa-851f-0cd1a0982e6c,1e29b6e8-6626-4a4f-b11b-f1b90a96a930,0f2dd1d9-6b12-4073-ab85-bea406d1d514,2023-06-08 05:36:00+00,2024-02-22 10:46:00+00,f,Reassigned during shift roster change.
52ec191c-079f-4f3e-a02b-3271128bf05e,d60b976c-49c3-42aa-851f-0cd1a0982e6c,1ab055b5-44ce-48bf-96e6-8a15d29a041b,0f2dd1d9-6b12-4073-ab85-bea406d1d514,2026-03-24 07:34:00+00,,t,
13a70ca6-3241-413a-9bdd-a971e16e45cb,b5a8ff1a-f13f-4a47-91f4-56c5cff88ced,cab74599-3095-4857-9062-1ed17548d72b,ae54eb0a-cd4b-4c62-86b2-8ed1974fbcec,2023-12-10 14:14:00+00,2025-02-21 14:37:00+00,f,Reassigned during shift roster change.
ba2339b6-9913-467d-a90b-0e7ac4551a10,b5a8ff1a-f13f-4a47-91f4-56c5cff88ced,4b2c9a06-d234-4c13-b11c-f880af976191,ae54eb0a-cd4b-4c62-86b2-8ed1974fbcec,2025-03-09 16:19:00+00,2026-05-09 11:44:00+00,f,Reassigned during shift roster change.
294addc4-87e4-4a8b-a2c8-4fa9f6095a8d,b5a8ff1a-f13f-4a47-91f4-56c5cff88ced,cbab6c6b-bc58-41b5-af21-814b967a7684,ae54eb0a-cd4b-4c62-86b2-8ed1974fbcec,2026-05-12 05:10:00+00,,t,
84d6cfa2-6511-4294-a3c7-d059cb19fc73,f3b78b67-13ee-4e81-8024-66c47801d7e4,c458d5ba-5730-4c05-94e6-f9801b71d659,11ccb7fb-51b9-40e8-bdd2-b07207b8e0a7,2024-01-19 08:29:00+00,2024-09-06 16:07:00+00,f,Reassigned during shift roster change.
da22221d-f25f-468a-abd8-f2b560eaf39e,f3b78b67-13ee-4e81-8024-66c47801d7e4,e8c335e0-2088-4924-a6e4-c94e52dc1dd6,11ccb7fb-51b9-40e8-bdd2-b07207b8e0a7,2024-10-02 05:21:00+00,2026-01-31 05:21:00+00,f,Reassigned during shift roster change.
f12efbcd-8a42-454d-a909-36a9c4eb118b,f3b78b67-13ee-4e81-8024-66c47801d7e4,9227e7bd-457d-482d-b1f4-cbec55d20b07,11ccb7fb-51b9-40e8-bdd2-b07207b8e0a7,2026-02-12 16:53:00+00,,t,
e7e0bc49-af0a-43d7-a04f-7c1f35245ef1,8d63dfb0-5540-4fad-b9df-2e64c2167628,482232b1-c7a8-4f76-ba04-2d8bffe2f0c5,bcdfa155-6afd-44b6-9cfe-85d596dfb687,2023-01-20 05:27:00+00,2024-06-02 17:08:00+00,f,Reassigned during shift roster change.
afd81927-8d44-4c84-aba8-14c817c652ec,8d63dfb0-5540-4fad-b9df-2e64c2167628,50c8f603-eb5f-4a7a-9605-6fc7fc41194a,bcdfa155-6afd-44b6-9cfe-85d596dfb687,2024-06-26 11:13:00+00,2025-09-08 14:52:00+00,f,Reassigned during shift roster change.
430a9b64-b6b8-4081-93c9-e84f0d22f1aa,8d63dfb0-5540-4fad-b9df-2e64c2167628,2ff785ce-b723-4033-bed4-5953533e3039,bcdfa155-6afd-44b6-9cfe-85d596dfb687,2026-06-03 06:28:00+00,,t,
c6e6ac39-8e82-4988-acec-34772409535f,1eac5bce-8a58-4d81-9e80-5453a2e05447,f5c5fcf9-db41-4ec7-ba55-901110e56949,0f2dd1d9-6b12-4073-ab85-bea406d1d514,2022-02-07 13:26:00+00,2023-05-17 17:38:00+00,f,Reassigned during shift roster change.
88e95130-b4a7-4f9f-bd3d-915be61bf477,1eac5bce-8a58-4d81-9e80-5453a2e05447,8f700fd2-3def-4b84-8c3c-b7d73e077fba,0f2dd1d9-6b12-4073-ab85-bea406d1d514,2025-07-31 05:32:00+00,,t,
ee5a62d6-7f05-4dd8-93c2-c9b89743fce5,1b4befe8-0218-47f2-aa51-237ae499d73a,4430fbeb-2c79-4588-b6ed-66a6bc48fb34,bcdfa155-6afd-44b6-9cfe-85d596dfb687,2025-09-03 15:16:00+00,,t,
496b08b6-4e20-451a-8a6c-e32bfeb9b038,f48532e0-6ac2-40c0-a04e-d1a979e0b705,91ca9810-6c44-4fdb-ab53-a90ab3cdbdbc,0f2dd1d9-6b12-4073-ab85-bea406d1d514,2026-02-05 05:42:00+00,,t,
b285cc31-15f3-428a-9a71-47c4c5838bba,49f69624-0017-48a0-ab05-906d879994d7,c12a28ec-f8a3-4067-a28b-e74e671af3b1,ae54eb0a-cd4b-4c62-86b2-8ed1974fbcec,2022-04-16 14:44:00+00,2023-07-05 17:46:00+00,f,Reassigned during shift roster change.
ef7ef7ec-dc9e-4e45-8d6c-952064b03098,49f69624-0017-48a0-ab05-906d879994d7,ad2e1449-cbe7-43b8-aea2-7be82609150a,ae54eb0a-cd4b-4c62-86b2-8ed1974fbcec,2023-07-15 05:21:00+00,2024-07-29 13:17:00+00,f,Reassigned during shift roster change.
36168e97-91e0-4047-b6fc-2611d204d974,49f69624-0017-48a0-ab05-906d879994d7,8ffe767c-9920-458c-9728-818cbc8975bc,ae54eb0a-cd4b-4c62-86b2-8ed1974fbcec,2026-04-26 07:46:00+00,,t,
2514ad8a-78be-4df6-b4c8-f77232b3260f,585d8f6e-c62d-465d-b736-1eac8460a2aa,17fb895f-4c2d-4cb8-a53f-a2ce9aa97992,11ccb7fb-51b9-40e8-bdd2-b07207b8e0a7,2026-06-08 15:55:00+00,,t,
ef675cbd-f885-4959-bbe4-bb69212bcca9,a7e3d95d-9518-45fe-b2f4-4eb6e1ec8599,40456dc0-a334-43ba-81eb-c43a7464787d,bb91bbb5-1ab1-442b-b910-28093fe53eb9,2023-06-09 10:08:00+00,2023-11-15 13:19:00+00,f,Reassigned during shift roster change.
9ce57646-f4ac-4280-8e4e-731e62a77143,a7e3d95d-9518-45fe-b2f4-4eb6e1ec8599,fdbc71f8-edf3-4091-a0dc-b0bf3c339f92,bb91bbb5-1ab1-442b-b910-28093fe53eb9,2023-11-20 08:57:00+00,2025-03-31 14:59:00+00,f,Reassigned during shift roster change.
99a29969-2064-46a5-aab6-e2578adec784,a7e3d95d-9518-45fe-b2f4-4eb6e1ec8599,3b0fed53-e31e-4250-b04e-ef1b99888104,bb91bbb5-1ab1-442b-b910-28093fe53eb9,2025-09-08 12:35:00+00,,t,
b1585275-3e6b-4aa7-8ac9-40459025e883,3d8aaacc-9972-4059-badd-0b9f4fb19275,b305a28f-a411-438d-afc9-d11992e49c01,829c13bd-2a5c-42b7-8b1c-8a8a8b415ceb,2026-06-27 11:06:00+00,,t,
f3871a27-892c-484d-9db3-110647133f8c,edde909e-aad1-40a9-adbf-7bcf292a1b3e,78c2d5ff-36e8-43bc-8d89-1930171dd72d,bb91bbb5-1ab1-442b-b910-28093fe53eb9,2022-09-26 06:59:00+00,2023-10-27 12:57:00+00,f,Reassigned during shift roster change.
88536aab-4106-44ea-adae-cb649a3d6c02,edde909e-aad1-40a9-adbf-7bcf292a1b3e,aa9fdc26-c27d-4899-a00c-295b6ab99173,bb91bbb5-1ab1-442b-b910-28093fe53eb9,2026-03-11 16:58:00+00,,t,
1b7e483d-d573-438a-a974-ca8ae0591042,35ec8bea-bd3f-4a1d-bd8a-714007a30dd0,73aab192-0923-4096-8861-ba4b8afd6730,bb91bbb5-1ab1-442b-b910-28093fe53eb9,2022-02-05 13:05:00+00,2023-03-01 13:20:00+00,f,Reassigned during shift roster change.
2e55d03c-7867-40c9-bcdf-3fd156ad16b4,35ec8bea-bd3f-4a1d-bd8a-714007a30dd0,50126895-b7fe-41b2-a790-918f80d4241d,bb91bbb5-1ab1-442b-b910-28093fe53eb9,2026-03-26 09:09:00+00,,t,
655008d3-5cd8-4502-9c71-4bf980a09499,cc663436-a5bf-440b-b0ce-dbce19e4c7c0,e8c335e0-2088-4924-a6e4-c94e52dc1dd6,608d7306-f79c-4916-9b39-69a1abea72d9,2026-02-17 09:04:00+00,,t,
960fb70e-51bd-43fe-b809-aa176bab7f95,e83b2e38-45ee-44ef-8b1f-a8967970ed22,7191fc57-7a6f-4655-87cf-3b13834e027a,ae54eb0a-cd4b-4c62-86b2-8ed1974fbcec,2022-10-22 11:05:00+00,2023-11-30 12:41:00+00,f,Reassigned during shift roster change.
f4be40cf-b6ed-478c-9800-e70c6c79b435,e83b2e38-45ee-44ef-8b1f-a8967970ed22,22fdbcaf-2963-4f77-b400-12fc467a6393,ae54eb0a-cd4b-4c62-86b2-8ed1974fbcec,2025-08-29 11:31:00+00,,t,
4b10cadb-5509-4d6d-9a44-0f36a088ddb0,36ddb0db-d5e8-4031-a331-38b780a37eba,fd72748c-1d3a-4c07-a0e0-6ec00dd72cb3,bcdfa155-6afd-44b6-9cfe-85d596dfb687,2023-09-11 13:58:00+00,2024-06-19 17:22:00+00,f,Reassigned during shift roster change.
6a5377b8-7a38-4642-b958-1e39afe29471,36ddb0db-d5e8-4031-a331-38b780a37eba,2f32866b-2708-469a-a85f-e12f010d4607,bcdfa155-6afd-44b6-9cfe-85d596dfb687,2026-05-11 08:49:00+00,,t,
a46a9c7a-46e9-4566-b347-58b0c88fb767,2882508f-2008-4eae-bb9e-75b9edaf912c,43420c9a-b3f9-494e-ab87-55ba4cca6846,bcdfa155-6afd-44b6-9cfe-85d596dfb687,2023-02-02 10:01:00+00,2023-08-18 07:49:00+00,f,Reassigned during shift roster change.
d433614d-93db-43fb-bd26-78e243c459f3,2882508f-2008-4eae-bb9e-75b9edaf912c,827ddce0-e57e-49e0-b564-c5b4daf83ac3,bcdfa155-6afd-44b6-9cfe-85d596dfb687,2023-09-09 09:19:00+00,2024-04-16 14:16:00+00,f,Reassigned during shift roster change.
3e567857-c1c8-4b17-9a94-e82be68d479f,2882508f-2008-4eae-bb9e-75b9edaf912c,f95e5189-9acb-40e5-8f4e-860989edcd2c,bcdfa155-6afd-44b6-9cfe-85d596dfb687,2026-02-24 17:01:00+00,,t,
64c6cda7-6c87-4531-9fd4-37cc57871258,9e8dacf8-1bdb-40d0-8cb0-6967385977f5,c3da4327-dee0-411b-8d86-959fb5d40a20,608d7306-f79c-4916-9b39-69a1abea72d9,2022-11-26 05:05:00+00,2023-10-14 14:37:00+00,f,Reassigned during shift roster change.
72c19c72-7078-4bae-91c9-92f4c843ad8a,9e8dacf8-1bdb-40d0-8cb0-6967385977f5,15e1f6ce-5500-45cf-a429-e8aafcdb999c,608d7306-f79c-4916-9b39-69a1abea72d9,2023-10-26 12:44:00+00,2024-07-14 09:34:00+00,f,Reassigned during shift roster change.
18eab09d-a936-497e-8bf7-44df3b1f870c,cec20212-97c1-4025-b274-9f86e62db509,9eb62981-218e-4eee-89c7-1e44e087fd9a,11ccb7fb-51b9-40e8-bdd2-b07207b8e0a7,2023-04-02 08:04:00+00,2024-05-18 05:27:00+00,f,Reassigned during shift roster change.
973750e4-99bd-4eab-9add-f54e5eac80b3,08a4619b-48c6-44ba-b790-69cabac1b71e,0ce9016f-37ef-4c5d-8153-47a5c11f99ec,56bc5b4f-b018-4995-89a3-6825709e4754,2026-01-23 11:44:00+00,,t,
1fbcc087-25c4-4861-ae92-2dac7922c4c2,96cafe42-81a7-4343-8c4f-666025329789,5b475c9f-3846-4fef-86b7-b4cc8293bc54,0f2dd1d9-6b12-4073-ab85-bea406d1d514,2025-08-21 10:47:00+00,,t,
73db5269-2459-43b3-980f-f5cd881c36ab,9e568e8d-1182-499e-ac0c-3ac5b3b73ffa,260ab607-633a-476d-b6dd-ca7397d5f2b5,ae54eb0a-cd4b-4c62-86b2-8ed1974fbcec,2025-08-10 09:49:00+00,,t,
785d41d2-258c-4c5f-94be-488957c3e936,607c034a-98bd-45db-974d-dc5d96e66f81,97b90211-1b71-4112-a5c5-454a8b55cf5f,ae54eb0a-cd4b-4c62-86b2-8ed1974fbcec,2021-12-30 15:45:00+00,2022-12-15 16:29:00+00,f,Reassigned during shift roster change.
4a2bd7de-faf9-44b8-be8c-0078a34a79e8,607c034a-98bd-45db-974d-dc5d96e66f81,6f7dcb20-a947-4503-9318-e3cded4cafea,ae54eb0a-cd4b-4c62-86b2-8ed1974fbcec,2026-06-23 14:59:00+00,,t,
6cd45bb7-9215-4dee-89f3-7d7427542e06,aa9274d7-8d40-4cd6-ab92-89a44196e6d1,5077f2db-a9a6-47be-bf07-078507aa5b1b,1b1a566a-ece0-4130-b5f5-76634ad534c0,2026-02-12 14:19:00+00,,t,
029bf561-91c3-47d9-9c32-e347f5a466b6,366eb948-c9aa-4bab-8a64-c830b2524d9c,bdb1901c-364e-4a90-928a-7b8df1650e5b,ae54eb0a-cd4b-4c62-86b2-8ed1974fbcec,2022-05-26 11:20:00+00,2023-01-09 17:36:00+00,f,Reassigned during shift roster change.
6fa20265-feab-4ad5-a13e-6f9e4802c178,366eb948-c9aa-4bab-8a64-c830b2524d9c,6a8d56ce-2168-4b33-819a-93aeaa9b99dc,ae54eb0a-cd4b-4c62-86b2-8ed1974fbcec,2023-02-06 14:57:00+00,2023-08-17 16:01:00+00,f,Reassigned during shift roster change.
7fcc47bc-1c57-4161-addf-d6656a96cf4b,5fe7a88d-f3fc-428a-b901-e00069f9cbb2,1ee01826-f527-47b8-9e03-d1f37836438b,829c13bd-2a5c-42b7-8b1c-8a8a8b415ceb,2023-11-01 14:01:00+00,2024-08-04 16:49:00+00,f,Reassigned during shift roster change.
f37cd215-9825-4d8f-a79c-6faeebf25950,5fe7a88d-f3fc-428a-b901-e00069f9cbb2,79996482-579d-4dee-9a2b-8837c548ef59,829c13bd-2a5c-42b7-8b1c-8a8a8b415ceb,2024-08-10 15:03:00+00,2025-10-02 08:34:00+00,f,Reassigned during shift roster change.
ed194a9e-87bc-463e-8e8f-7a2697090dcc,9ee29505-19d3-4394-b8cc-32c62ee5e040,fd72748c-1d3a-4c07-a0e0-6ec00dd72cb3,ae54eb0a-cd4b-4c62-86b2-8ed1974fbcec,2024-02-13 07:28:00+00,2024-08-03 15:56:00+00,f,Reassigned during shift roster change.
0adbebe6-e1b5-44e9-a645-dc33d170b782,9ee29505-19d3-4394-b8cc-32c62ee5e040,7b6636fd-3214-44f2-ad49-452c0eb74f18,ae54eb0a-cd4b-4c62-86b2-8ed1974fbcec,2026-02-01 07:00:00+00,,t,
7406759b-5863-4bdb-a0b4-acc287da6dce,060b7f37-a358-439d-9cbc-8bde2937845c,6b542d62-88e1-44e6-8acf-9d19f3fd2a60,bb91bbb5-1ab1-442b-b910-28093fe53eb9,2022-04-16 15:45:00+00,2023-06-03 17:49:00+00,f,Reassigned during shift roster change.
c70f5d68-1fc8-45cf-a9f7-c390a1599ad9,060b7f37-a358-439d-9cbc-8bde2937845c,f7a9ba76-38fb-428b-af9e-81b24755c2be,bb91bbb5-1ab1-442b-b910-28093fe53eb9,2023-06-05 13:06:00+00,2024-08-22 06:35:00+00,f,Reassigned during shift roster change.
754dcc2e-c3be-4258-89a4-a1139b0abae2,060b7f37-a358-439d-9cbc-8bde2937845c,583e6f26-b967-450c-b674-367a7d2a630d,bb91bbb5-1ab1-442b-b910-28093fe53eb9,2026-07-11 13:14:00+00,,t,
d2e9490c-88ee-4102-89d9-a1f9f8f61481,5f54c48d-89bc-48e7-98b5-12a7f355fae6,2b62c6da-6e5b-43a7-a301-ddb17784d56b,11ccb7fb-51b9-40e8-bdd2-b07207b8e0a7,2023-03-06 15:55:00+00,2023-09-16 09:33:00+00,f,Reassigned during shift roster change.
f58a4e57-9ef4-4b99-b36e-6a6bd47f45c5,045cc038-1a43-49f1-aab3-32069dbed0e6,397e1e00-170b-4c0a-a77a-5f5cc3c7646c,bcdfa155-6afd-44b6-9cfe-85d596dfb687,2022-05-25 09:38:00+00,2023-04-15 07:55:00+00,f,Reassigned during shift roster change.
05247335-187c-4096-b05d-3da68c08d697,045cc038-1a43-49f1-aab3-32069dbed0e6,dead6da3-5b5b-40a8-b8d1-afdd225b2c31,bcdfa155-6afd-44b6-9cfe-85d596dfb687,2026-03-12 05:49:00+00,,t,
61c91c0b-d13c-4b91-8f50-ef7b84c5643e,24ea69da-aebe-465e-94c6-5cd76089e0d5,79996482-579d-4dee-9a2b-8837c548ef59,bb91bbb5-1ab1-442b-b910-28093fe53eb9,2026-04-26 09:19:00+00,,t,
3725ad5b-bb25-42f2-96fa-4c2ea132b7b1,8fc4cd84-a9d1-47b0-b7c4-5b7cfb6f710c,ff962ec5-661c-4004-8c3a-c65fcefaf218,bb91bbb5-1ab1-442b-b910-28093fe53eb9,2022-12-22 16:38:00+00,2023-08-05 14:32:00+00,f,Reassigned during shift roster change.
aca617d6-1baa-40ad-bfa6-7492c9c90db9,8fc4cd84-a9d1-47b0-b7c4-5b7cfb6f710c,ec42ef12-9929-4b5d-b07f-dac5819cba78,bb91bbb5-1ab1-442b-b910-28093fe53eb9,2023-08-24 17:13:00+00,2024-06-12 07:33:00+00,f,Reassigned during shift roster change.
707e1478-25c6-48bb-a184-fac98ae5294a,8fc4cd84-a9d1-47b0-b7c4-5b7cfb6f710c,c875bb37-b147-43c4-9190-bba3cca1d313,bb91bbb5-1ab1-442b-b910-28093fe53eb9,2025-12-25 13:28:00+00,,t,
5df29a34-73f9-4988-97e1-3ae17ce27760,56b374fb-68bc-4a92-a89b-7147178aea21,18feffdc-7343-4221-847d-861b02fe2a56,829c13bd-2a5c-42b7-8b1c-8a8a8b415ceb,2023-11-16 15:07:00+00,2024-03-23 07:20:00+00,f,Reassigned during shift roster change.
69e00c1f-d699-499f-9bdb-d31af0487fe5,56b374fb-68bc-4a92-a89b-7147178aea21,ce97eae8-36da-4b55-9866-1818be74fe8c,829c13bd-2a5c-42b7-8b1c-8a8a8b415ceb,2026-04-14 07:33:00+00,,t,
f81f7a56-8573-4016-9e3f-e9fca3de496a,11fd8f8e-2153-47ad-a93a-dc8c41c3b5b9,e8c335e0-2088-4924-a6e4-c94e52dc1dd6,829c13bd-2a5c-42b7-8b1c-8a8a8b415ceb,2025-12-29 13:46:00+00,,t,
433fd841-0a93-4fc0-9595-9607835ff916,28b7a4b0-a95f-496f-9af5-0e7e5f2c5988,1e29b6e8-6626-4a4f-b11b-f1b90a96a930,0f2dd1d9-6b12-4073-ab85-bea406d1d514,2023-07-01 12:48:00+00,2024-01-31 06:38:00+00,f,Reassigned during shift roster change.
f52b7a88-4951-4c59-85ac-7ed7bc17b3e4,28b7a4b0-a95f-496f-9af5-0e7e5f2c5988,98c6155b-9b02-4dee-b622-1a0657165fd2,0f2dd1d9-6b12-4073-ab85-bea406d1d514,2024-02-02 10:53:00+00,2025-02-26 05:41:00+00,f,Reassigned during shift roster change.
db5a5c68-a2f2-4ac3-b789-1222ee9c43c5,28b7a4b0-a95f-496f-9af5-0e7e5f2c5988,95216ddb-1bf9-4e90-9467-1ce014997f32,0f2dd1d9-6b12-4073-ab85-bea406d1d514,2025-08-05 11:34:00+00,,t,
ef9a570d-1fb1-49be-9fa7-7e6efbb5b11a,9a6e2fcf-fbb6-4a8f-b3c5-79c7a2ff3b21,98e1a882-1ddc-4ab9-bea3-44f382f9b9f3,11ccb7fb-51b9-40e8-bdd2-b07207b8e0a7,2022-07-30 06:28:00+00,2023-06-11 13:26:00+00,f,Reassigned during shift roster change.
b7175123-0773-40c7-98e8-65ad2627b188,9a6e2fcf-fbb6-4a8f-b3c5-79c7a2ff3b21,f5c5fcf9-db41-4ec7-ba55-901110e56949,11ccb7fb-51b9-40e8-bdd2-b07207b8e0a7,2023-06-20 07:43:00+00,2023-11-10 06:06:00+00,f,Reassigned during shift roster change.
844994b8-5ed6-434e-951d-010098be305e,496cb5d4-46f5-427e-abc3-2395952ac9af,b3bab0d5-dbca-4c9f-af8d-4038ba243058,734bbe6b-9744-44d0-a11b-7a0e0df4922e,2023-07-18 16:08:00+00,2024-05-02 15:19:00+00,f,Reassigned during shift roster change.
9acc65b6-ebbc-410e-949e-b575f6f7aa1b,496cb5d4-46f5-427e-abc3-2395952ac9af,9c8e93f8-915c-4053-95fe-886010f1b5fa,734bbe6b-9744-44d0-a11b-7a0e0df4922e,2025-11-08 11:48:00+00,,t,
87f93fa9-0463-40c6-a063-e2f9d5d0b990,fbc0ffbb-7be6-40e9-abfa-a60807c58b20,eaf27d88-2c7f-46ad-9184-8ac42c34bbbe,ae54eb0a-cd4b-4c62-86b2-8ed1974fbcec,2022-01-26 06:12:00+00,2023-04-12 12:08:00+00,f,Reassigned during shift roster change.
b6d46cca-ebb8-424a-9efa-90b76b1819d9,fbc0ffbb-7be6-40e9-abfa-a60807c58b20,0405c062-3887-46d9-855d-e641a5044cb2,ae54eb0a-cd4b-4c62-86b2-8ed1974fbcec,2023-04-29 17:25:00+00,2024-01-31 06:08:00+00,f,Reassigned during shift roster change.
e221a4af-699c-457a-bcc6-0f613aeb3c7e,9a69fffc-c54a-467b-b851-a6a68d08ba1c,1ea70755-1c4a-4c56-8d10-f83fdbee5d4c,56bc5b4f-b018-4995-89a3-6825709e4754,2023-02-25 11:07:00+00,2024-04-06 12:06:00+00,f,Reassigned during shift roster change.
c747cdd1-9559-4532-a908-0fe31b6fbd10,9a69fffc-c54a-467b-b851-a6a68d08ba1c,36c08673-b38e-475d-bf2f-0079be837d54,56bc5b4f-b018-4995-89a3-6825709e4754,2026-04-28 06:46:00+00,,t,
76051ad5-01ca-46bb-9b55-a20cc23d09c9,e5bf4438-b0d6-4cc1-873e-5f37fa39db4b,0ce9016f-37ef-4c5d-8153-47a5c11f99ec,0f2dd1d9-6b12-4073-ab85-bea406d1d514,2023-11-28 05:33:00+00,2024-10-04 10:58:00+00,f,Reassigned during shift roster change.
10bf5720-f6bd-4ee0-a469-689e5ab8d0fb,e5bf4438-b0d6-4cc1-873e-5f37fa39db4b,448e1a28-72d7-4506-a78d-354efa83a84f,0f2dd1d9-6b12-4073-ab85-bea406d1d514,2026-02-18 09:31:00+00,,t,
c7558e24-74dc-4ce8-85e5-faba82549414,25e25115-5824-4673-93dc-3e16248f20d2,edad143c-eef5-422d-857c-22e835301e59,608d7306-f79c-4916-9b39-69a1abea72d9,2023-02-16 14:24:00+00,2024-06-10 12:25:00+00,f,Reassigned during shift roster change.
e57d16fe-06d7-47d3-8b61-54e3dc28fc8d,25e25115-5824-4673-93dc-3e16248f20d2,31655efd-e972-4390-93a8-0c1f3f608f82,608d7306-f79c-4916-9b39-69a1abea72d9,2025-09-30 13:42:00+00,,t,
c6cf2783-506c-4889-a7ac-76ac3808e984,884bd482-0fad-4821-bb6e-5038596a3365,0405c062-3887-46d9-855d-e641a5044cb2,bb91bbb5-1ab1-442b-b910-28093fe53eb9,2025-09-09 07:07:00+00,,t,
f2f8b067-2105-436a-8904-fcb03b7f6789,f7469ab3-aeaf-489b-b5d1-15bd8974e46b,72f92835-710e-4690-9f9f-124e255a665a,bb91bbb5-1ab1-442b-b910-28093fe53eb9,2026-04-02 11:32:00+00,,t,
759dcf86-ff7f-4dc5-899a-e001741d07cb,c63a621c-6822-4256-8f0d-3408b6178efc,6f24359e-a712-4cba-be67-59f41b86ca41,11ccb7fb-51b9-40e8-bdd2-b07207b8e0a7,2023-12-01 17:33:00+00,2025-04-14 12:48:00+00,f,Reassigned during shift roster change.
12d5086b-57c2-4230-a64d-d039f95b8f2a,fb32f725-5e69-499b-ae51-e0cb51b0e702,ef604ac6-00ff-4230-a189-03428d01342b,0f2dd1d9-6b12-4073-ab85-bea406d1d514,2023-08-08 08:47:00+00,2024-04-05 11:46:00+00,f,Reassigned during shift roster change.
fd1baf65-c528-423d-9cc0-435080a2b800,fb32f725-5e69-499b-ae51-e0cb51b0e702,bfe22d3e-aa0d-42ca-9de4-b68f3f37afeb,0f2dd1d9-6b12-4073-ab85-bea406d1d514,2024-04-07 08:32:00+00,2024-10-10 14:33:00+00,f,Reassigned during shift roster change.
54914eb9-955d-4987-b19d-7db07473a733,05854a4c-1088-42a1-b6a8-4204517e6f68,448e1a28-72d7-4506-a78d-354efa83a84f,734bbe6b-9744-44d0-a11b-7a0e0df4922e,2024-01-03 09:07:00+00,2024-11-07 07:38:00+00,f,Reassigned during shift roster change.
27bbfdf9-4631-4581-91bc-4df10fa702ba,05854a4c-1088-42a1-b6a8-4204517e6f68,268c4d67-fcbd-468a-a60c-c7ef96b88337,734bbe6b-9744-44d0-a11b-7a0e0df4922e,2024-11-14 15:18:00+00,2025-04-15 11:45:00+00,f,Reassigned during shift roster change.
37b98854-d8df-40dd-9c81-72a0ab59d4e8,ee0025e4-5dad-4659-89ae-835567a0c0ce,8f36fe73-d255-4230-aa2a-00fa311454ec,608d7306-f79c-4916-9b39-69a1abea72d9,2023-03-16 14:56:00+00,2023-10-24 11:20:00+00,f,Reassigned during shift roster change.
89da6c92-07b3-4e23-a0b1-8c2eaa4598c4,ee0025e4-5dad-4659-89ae-835567a0c0ce,7f3888dc-4465-43c2-97cc-52f72db6f43c,608d7306-f79c-4916-9b39-69a1abea72d9,2026-07-15 05:16:00+00,,t,
d8918848-d905-43aa-9ce0-6448c1e355e3,4994790a-4185-4424-9487-98a2e6a055e8,98e1a882-1ddc-4ab9-bea3-44f382f9b9f3,608d7306-f79c-4916-9b39-69a1abea72d9,2023-09-21 07:26:00+00,2024-05-24 08:55:00+00,f,Reassigned during shift roster change.
fe5fcddc-ad2f-4968-b7c7-a1db95018540,4994790a-4185-4424-9487-98a2e6a055e8,4c823f41-1c70-4687-81af-94c5feb0d762,608d7306-f79c-4916-9b39-69a1abea72d9,2026-03-27 14:59:00+00,,t,
ab908cc2-8ae0-4eeb-ac36-2dcfba34af19,078c2bff-302d-4d69-8fa0-50747f690d7a,ef604ac6-00ff-4230-a189-03428d01342b,56bc5b4f-b018-4995-89a3-6825709e4754,2022-07-09 15:12:00+00,2023-08-27 09:09:00+00,f,Reassigned during shift roster change.
1671715b-55ba-4e60-b7de-b5d2bfbd1125,078c2bff-302d-4d69-8fa0-50747f690d7a,06ef2625-6e29-43d7-8067-81768302e68e,56bc5b4f-b018-4995-89a3-6825709e4754,2025-10-15 10:23:00+00,,t,
b0746acd-8e3b-404a-b921-7eea82b8562b,00fc4f1f-b502-44e8-bf8b-15fa605753ef,7da9bd19-50e9-4311-9de5-a85a106ef20f,bcdfa155-6afd-44b6-9cfe-85d596dfb687,2023-03-11 07:23:00+00,2024-06-16 09:09:00+00,f,Reassigned during shift roster change.
1944cfe4-6e45-4bff-a0ed-6d78a69d37b4,1e915f8c-945b-46b3-a953-3e7ade36cc44,8514607d-7931-48d2-81f0-f7a024a8210a,bcdfa155-6afd-44b6-9cfe-85d596dfb687,2022-02-28 10:09:00+00,2023-04-14 13:03:00+00,f,Reassigned during shift roster change.
7a338fc7-df72-4655-8d63-13723b523075,1e915f8c-945b-46b3-a953-3e7ade36cc44,3d6f2ad9-da21-46a7-9219-f8cf57f7ff25,bcdfa155-6afd-44b6-9cfe-85d596dfb687,2023-04-25 15:34:00+00,2024-05-18 13:48:00+00,f,Reassigned during shift roster change.
ffd60d11-ccbf-4927-b432-b4612d756d24,b9aede18-b690-403b-9f5e-868aed2b16c2,2be7f457-1aa1-4708-8bbe-1e3203ba1f7f,1b1a566a-ece0-4130-b5f5-76634ad534c0,2026-04-29 07:58:00+00,,t,
37d1db96-6126-4175-b161-ae6a7871f2ce,c4cb2333-d086-40be-a256-07c97da33346,f5eff06f-b9fc-4abc-8456-308da70d2462,608d7306-f79c-4916-9b39-69a1abea72d9,2023-04-08 12:35:00+00,2024-07-20 11:31:00+00,f,Reassigned during shift roster change.
3f460a76-be98-40b1-b9b4-b518f88c47f2,d412e05c-2da1-415c-a7b4-54344ce61e18,b305a28f-a411-438d-afc9-d11992e49c01,ae54eb0a-cd4b-4c62-86b2-8ed1974fbcec,2023-05-07 08:52:00+00,2024-08-21 17:53:00+00,f,Reassigned during shift roster change.
df7c3b9e-389f-448a-8816-23c5e9f00677,d412e05c-2da1-415c-a7b4-54344ce61e18,ec42ef12-9929-4b5d-b07f-dac5819cba78,ae54eb0a-cd4b-4c62-86b2-8ed1974fbcec,2025-10-07 08:03:00+00,,t,
5548a9ff-0b39-45e8-9b7c-7d2422527fa8,5bf0030f-e943-425d-ab4d-33e825a51781,66bd3d10-87f2-4918-8763-36e022cb6719,829c13bd-2a5c-42b7-8b1c-8a8a8b415ceb,2023-10-29 12:53:00+00,2024-11-27 15:49:00+00,f,Reassigned during shift roster change.
d743bfbb-0063-4084-a40c-72fb717d6f34,5bf0030f-e943-425d-ab4d-33e825a51781,2983987c-6527-45dd-a85a-df5117b76d59,829c13bd-2a5c-42b7-8b1c-8a8a8b415ceb,2024-12-15 13:49:00+00,2025-07-13 14:25:00+00,f,Reassigned during shift roster change.
4add2328-052a-49f4-a290-1c968956874d,fc0325ac-907e-46b6-a52a-8158664a5985,a127f1aa-9000-45ad-b741-5fdfcfaa5f34,56bc5b4f-b018-4995-89a3-6825709e4754,2023-10-10 09:32:00+00,2024-05-28 10:27:00+00,f,Reassigned during shift roster change.
1dc067d0-347e-4892-bfa9-4b07c10158af,fc0325ac-907e-46b6-a52a-8158664a5985,6f4afb75-0912-47b3-93dc-8b6e02406c30,56bc5b4f-b018-4995-89a3-6825709e4754,2024-06-20 05:38:00+00,2024-12-07 15:54:00+00,f,Reassigned during shift roster change.
e25a0dbe-2d5e-49e2-a4c1-88155a049085,fc0325ac-907e-46b6-a52a-8158664a5985,e05d2aca-b66c-4872-85aa-cd75a7878df7,56bc5b4f-b018-4995-89a3-6825709e4754,2026-01-01 05:10:00+00,,t,
c5b73976-53d8-494e-9fcf-77f584ff2774,fcdbbc17-bd27-4934-9023-beb840c2e7b1,a0e7192f-6236-409e-a49c-2faf15b3d995,829c13bd-2a5c-42b7-8b1c-8a8a8b415ceb,2026-06-29 10:56:00+00,,t,
a90d91d0-3458-4d45-b8c7-f2c3620babc4,ed8fdfbf-2b93-47c2-8cee-5d111aaa9bb7,72a373a0-ad86-4502-8878-53a235f8aace,0f2dd1d9-6b12-4073-ab85-bea406d1d514,2025-12-26 09:10:00+00,,t,
7dc5e695-d4f2-4059-a55c-4145e6c43bdf,12ac6689-8315-43d9-8d09-07c603b91360,6adfba98-b976-4e4b-883a-4039d19d73fe,0f2dd1d9-6b12-4073-ab85-bea406d1d514,2022-04-12 14:52:00+00,2023-02-26 09:43:00+00,f,Reassigned during shift roster change.
ffe30a7d-2d63-4a13-9260-b0bcb05498cf,12ac6689-8315-43d9-8d09-07c603b91360,5b475c9f-3846-4fef-86b7-b4cc8293bc54,0f2dd1d9-6b12-4073-ab85-bea406d1d514,2023-03-19 13:12:00+00,2024-03-31 16:12:00+00,f,Reassigned during shift roster change.
bbbcbda3-05b8-4191-b491-fd0826c67141,12ac6689-8315-43d9-8d09-07c603b91360,dba27b6e-3ab8-46c8-a9e9-591dc2166f08,0f2dd1d9-6b12-4073-ab85-bea406d1d514,2026-06-27 17:02:00+00,,t,
cc002af4-789c-4031-92a3-4c75b24fc113,183d2b1d-08f1-4d98-b599-36570c4a1c40,f593888b-248c-42cf-a6f4-13d81a416271,0f2dd1d9-6b12-4073-ab85-bea406d1d514,2022-12-08 07:22:00+00,2024-02-12 08:08:00+00,f,Reassigned during shift roster change.
875d815f-b5ed-4962-bee0-379dc8643938,183d2b1d-08f1-4d98-b599-36570c4a1c40,08909f81-89eb-49b8-ada7-36ab7c0f67f5,0f2dd1d9-6b12-4073-ab85-bea406d1d514,2024-02-19 14:30:00+00,2024-08-06 09:12:00+00,f,Reassigned during shift roster change.
5c581b13-e582-4428-9ddf-5a7e21aaa146,a0930922-e5a4-439d-b1f7-005b0dcb788a,c43b4443-f438-4b6f-93b9-7565a30bd3a2,11ccb7fb-51b9-40e8-bdd2-b07207b8e0a7,2024-02-05 13:50:00+00,2025-05-18 13:31:00+00,f,Reassigned during shift roster change.
abdd1b3d-adcd-4216-bbf2-e4a28f19b30c,a0930922-e5a4-439d-b1f7-005b0dcb788a,fdbc71f8-edf3-4091-a0dc-b0bf3c339f92,11ccb7fb-51b9-40e8-bdd2-b07207b8e0a7,2026-05-31 13:51:00+00,,t,
2df2ec96-031f-4ec1-bf5a-5abdd9798e81,ffbd715e-e001-43b3-9f1e-bd6a3486b78f,54a7789c-b84b-40b2-adcd-2e293e032e99,608d7306-f79c-4916-9b39-69a1abea72d9,2022-10-12 10:36:00+00,2023-05-05 13:28:00+00,f,Reassigned during shift roster change.
1ef18343-f819-43cb-9be9-fb2d0bd0ff48,ffbd715e-e001-43b3-9f1e-bd6a3486b78f,50c8f603-eb5f-4a7a-9605-6fc7fc41194a,608d7306-f79c-4916-9b39-69a1abea72d9,2026-03-17 15:53:00+00,,t,
fb0e07da-be27-4c22-8e81-eec20ed54686,c877cb2c-93a9-4268-b6be-8bb9187bac91,8679d499-93b5-4c67-96a9-235351c57233,829c13bd-2a5c-42b7-8b1c-8a8a8b415ceb,2024-02-06 08:00:00+00,2024-11-28 06:39:00+00,f,Reassigned during shift roster change.
6d0c6241-7e07-4f93-bf6c-a09ce19a8d1e,c877cb2c-93a9-4268-b6be-8bb9187bac91,fdbc71f8-edf3-4091-a0dc-b0bf3c339f92,829c13bd-2a5c-42b7-8b1c-8a8a8b415ceb,2026-04-08 13:47:00+00,,t,
604b5aa1-ce94-4a8e-aed3-8d649e75f587,051e36fc-85a7-4232-9142-9c75e9446937,17fb895f-4c2d-4cb8-a53f-a2ce9aa97992,bcdfa155-6afd-44b6-9cfe-85d596dfb687,2022-04-30 08:18:00+00,2022-11-29 09:46:00+00,f,Reassigned during shift roster change.
77721a09-f6e2-436f-b36d-b068ed6a4091,051e36fc-85a7-4232-9142-9c75e9446937,f5eff06f-b9fc-4abc-8456-308da70d2462,bcdfa155-6afd-44b6-9cfe-85d596dfb687,2026-05-10 07:04:00+00,,t,
20eb4a30-15ac-4708-9068-885b9e39880c,f3dead69-ffde-4a9e-9002-fe4e48a9d009,ff962ec5-661c-4004-8c3a-c65fcefaf218,bcdfa155-6afd-44b6-9cfe-85d596dfb687,2025-08-01 06:20:00+00,,t,
4707dc49-5ac1-457e-9434-987a51ce43e6,ee53381f-b5a1-4853-abbf-7ad40510e30d,85677b33-5692-4c2d-8b6d-f63fdc4cccab,56bc5b4f-b018-4995-89a3-6825709e4754,2023-05-20 12:50:00+00,2023-09-27 07:49:00+00,f,Reassigned during shift roster change.
65be383a-6312-4148-9be3-8e7ae4f518fe,a234c27c-b304-45c8-a90c-8172468b23b9,50126895-b7fe-41b2-a790-918f80d4241d,829c13bd-2a5c-42b7-8b1c-8a8a8b415ceb,2023-08-12 06:09:00+00,2024-03-25 06:53:00+00,f,Reassigned during shift roster change.
e4f225dc-42cf-4f5e-b618-6adcec79e3ca,a234c27c-b304-45c8-a90c-8172468b23b9,df4c0193-faeb-4abd-925d-19853046c7b2,829c13bd-2a5c-42b7-8b1c-8a8a8b415ceb,2024-04-08 12:18:00+00,2024-12-26 11:52:00+00,f,Reassigned during shift roster change.
a1a23957-0c94-471c-baf0-e40d30046835,a234c27c-b304-45c8-a90c-8172468b23b9,0371ebbf-c735-4fb9-8c36-5e7a93479d86,829c13bd-2a5c-42b7-8b1c-8a8a8b415ceb,2026-04-12 17:49:00+00,,t,
b391f22d-4e15-4c31-aabb-42a62ebd622d,0486db6a-3c4f-4ef4-845e-074534da8d3e,31961b8c-6806-452e-8960-6f52177e1384,1b1a566a-ece0-4130-b5f5-76634ad534c0,2023-10-03 16:46:00+00,2025-02-14 17:32:00+00,f,Reassigned during shift roster change.
9b7350b0-896b-44e7-b012-fba17fc7e42e,0486db6a-3c4f-4ef4-845e-074534da8d3e,10b43af5-67a9-4456-8f6e-1fd01514bfc0,1b1a566a-ece0-4130-b5f5-76634ad534c0,2025-03-05 11:20:00+00,2025-09-07 05:27:00+00,f,Reassigned during shift roster change.
3e9488fe-28cd-429c-9773-1c011ef37ebe,feb6fa5c-8598-4182-bdd9-e331d76ad2d5,1d778731-9103-4a7c-8b4f-fb234d39f1b2,1b1a566a-ece0-4130-b5f5-76634ad534c0,2022-08-27 09:12:00+00,2023-09-11 13:55:00+00,f,Reassigned during shift roster change.
56352792-3a03-4cba-9621-8ee5523cc137,feb6fa5c-8598-4182-bdd9-e331d76ad2d5,4803cc9c-eb64-4578-91f0-8316f3dc1ff7,1b1a566a-ece0-4130-b5f5-76634ad534c0,2023-10-10 17:55:00+00,2025-01-04 10:41:00+00,f,Reassigned during shift roster change.
99e381b0-46ed-4d7d-9e5f-206112176ef1,8fb86d99-7555-4129-9577-97b69f973617,5759f3d2-34f3-483d-818a-1b5627a40557,bb91bbb5-1ab1-442b-b910-28093fe53eb9,2023-10-15 08:17:00+00,2025-02-16 17:58:00+00,f,Reassigned during shift roster change.
03e382cf-8bcb-4f98-925d-c5beb4129401,8fb86d99-7555-4129-9577-97b69f973617,55095c82-2c02-4291-8de2-7d5afe48cf31,bb91bbb5-1ab1-442b-b910-28093fe53eb9,2025-12-04 06:20:00+00,,t,
f9da4da4-55fe-46b9-8c52-cd00cac8aafa,50c811c8-fbfd-4d87-9d5b-f0ac91411819,f1d207e5-f29b-41c1-aaaf-ec1b01b8c264,bb91bbb5-1ab1-442b-b910-28093fe53eb9,2024-01-15 09:23:00+00,2025-02-07 16:54:00+00,f,Reassigned during shift roster change.
b005f646-6186-4957-b361-94bf796ef01d,50c811c8-fbfd-4d87-9d5b-f0ac91411819,0ec99173-42e2-41ac-a036-815854061722,bb91bbb5-1ab1-442b-b910-28093fe53eb9,2025-02-17 15:47:00+00,2025-07-29 16:41:00+00,f,Reassigned during shift roster change.
13e459aa-acc9-4579-9ad5-bed382417052,70031a5c-7385-4d3c-ab08-a89c6a6e3f7b,6058e1f6-6cdf-4f86-83da-8e52d0a1d5d0,11ccb7fb-51b9-40e8-bdd2-b07207b8e0a7,2026-06-08 06:04:00+00,,t,
a8c0ba4d-0855-47be-8dc6-9cb28d8c546d,8fc271ae-6332-468c-9318-50a8f35082ef,f81965e2-2ed7-4738-80b1-8b08fe3d0c7d,829c13bd-2a5c-42b7-8b1c-8a8a8b415ceb,2026-05-02 11:19:00+00,,t,
b61080ab-8c45-4eaf-a3a1-8178310232fe,92c0b41e-51fd-4f18-be86-0367ac6d1573,3c0ae890-b46b-41b6-b4ce-b22b2f699b28,11ccb7fb-51b9-40e8-bdd2-b07207b8e0a7,2022-09-27 11:34:00+00,2023-02-24 05:08:00+00,f,Reassigned during shift roster change.
0cdd4bd0-af51-4a7f-a2cf-6f7d22b1e4b1,92c0b41e-51fd-4f18-be86-0367ac6d1573,5112d5f5-2093-4684-9d83-f6270b86b2ea,11ccb7fb-51b9-40e8-bdd2-b07207b8e0a7,2026-02-26 13:01:00+00,,t,
ebf1448a-ffd6-4814-b532-f8134c46d355,cba2e7a3-c472-4cba-ad57-1f179fa131a9,0559c035-6377-41b3-9881-90f239377825,11ccb7fb-51b9-40e8-bdd2-b07207b8e0a7,2026-06-28 07:27:00+00,,t,
1c732466-1c06-44c7-9d6f-b2200217e38b,86fe05ac-dcf4-4a36-b90c-8695bc89ba02,1e6b1233-94a4-4f67-9f4e-be45652c148d,ae54eb0a-cd4b-4c62-86b2-8ed1974fbcec,2023-11-03 15:39:00+00,2024-12-25 09:50:00+00,f,Reassigned during shift roster change.
3e5b1cc3-ab9f-4be5-b2c1-06cde46ccc8b,86fe05ac-dcf4-4a36-b90c-8695bc89ba02,95216ddb-1bf9-4e90-9467-1ce014997f32,ae54eb0a-cd4b-4c62-86b2-8ed1974fbcec,2025-01-19 05:28:00+00,2025-10-22 09:57:00+00,f,Reassigned during shift roster change.
ede0c8b3-7da2-44be-bc87-4bd99e02987f,86fe05ac-dcf4-4a36-b90c-8695bc89ba02,096dc1af-c1ef-4984-a2a2-63d0838a2216,ae54eb0a-cd4b-4c62-86b2-8ed1974fbcec,2025-11-03 08:16:00+00,,t,
4086e23e-ce9e-43ed-a4c2-269496c17204,01d53dae-f3be-42f8-bd8b-d98d83491e6c,ab779edb-5eb0-450f-af5c-345043abdd5f,bcdfa155-6afd-44b6-9cfe-85d596dfb687,2023-02-28 08:42:00+00,2024-04-11 12:04:00+00,f,Reassigned during shift roster change.
b0b7c987-e1a3-4a9a-a5a1-c8e6140f156e,01d53dae-f3be-42f8-bd8b-d98d83491e6c,2983987c-6527-45dd-a85a-df5117b76d59,bcdfa155-6afd-44b6-9cfe-85d596dfb687,2024-04-28 07:31:00+00,2025-01-11 16:34:00+00,f,Reassigned during shift roster change.
d06df180-fefb-4ec3-9e8a-4456efd55db7,8a500e1a-bcb1-466a-8c07-f8415764be91,6a299c1f-ae68-468f-ba60-338ead0f891e,829c13bd-2a5c-42b7-8b1c-8a8a8b415ceb,2026-01-08 16:38:00+00,,t,
92bd35d1-c8b6-4693-8ddd-25d7704f33ee,04ecc9f3-a16b-4164-a571-57d4cc24b184,2458cf7c-fcbf-4def-834a-e1429dfebcae,bcdfa155-6afd-44b6-9cfe-85d596dfb687,2026-02-23 14:18:00+00,,t,
68d46683-bfd4-4b90-ad67-a81600aee988,24b8f4f4-f05c-4227-8705-4490306e05f7,6a8d56ce-2168-4b33-819a-93aeaa9b99dc,bcdfa155-6afd-44b6-9cfe-85d596dfb687,2023-03-19 09:35:00+00,2024-01-09 15:15:00+00,f,Reassigned during shift roster change.
b49d3bb5-5bc6-40f1-855d-fab5b3955aea,24b8f4f4-f05c-4227-8705-4490306e05f7,aa9fdc26-c27d-4899-a00c-295b6ab99173,bcdfa155-6afd-44b6-9cfe-85d596dfb687,2024-01-30 10:04:00+00,2024-07-20 11:44:00+00,f,Reassigned during shift roster change.
f60a1015-f010-47e8-9c3e-28772d69dc82,24b8f4f4-f05c-4227-8705-4490306e05f7,e69037f7-b5fb-4127-9fa9-7dcd4652ca97,bcdfa155-6afd-44b6-9cfe-85d596dfb687,2026-03-04 16:24:00+00,,t,
f4f4c454-9469-49e1-8de3-5f0c452504f7,3f56532e-95e8-4a22-9379-f2ed0b2dd92d,d9fb7d54-ed53-436a-8034-65f6bac6edac,0f2dd1d9-6b12-4073-ab85-bea406d1d514,2025-11-07 09:37:00+00,,t,
dc318842-cc52-41c6-b001-748caf739d15,0066c4b1-aaf6-46c6-aef2-d1ec9d2d8198,277ea511-bca7-4671-9a9d-6b63580c1229,56bc5b4f-b018-4995-89a3-6825709e4754,2022-06-10 14:31:00+00,2023-08-24 05:13:00+00,f,Reassigned during shift roster change.
e679b8e7-90a7-4354-89e6-7fca1f63a93f,0066c4b1-aaf6-46c6-aef2-d1ec9d2d8198,6b542d62-88e1-44e6-8acf-9d19f3fd2a60,56bc5b4f-b018-4995-89a3-6825709e4754,2023-09-14 08:26:00+00,2024-02-11 09:43:00+00,f,Reassigned during shift roster change.
30376975-32e2-4bec-babc-d692ca19c88d,969a0df4-d7fa-4bc4-b9ed-6863343e114c,72a373a0-ad86-4502-8878-53a235f8aace,1b1a566a-ece0-4130-b5f5-76634ad534c0,2026-03-30 09:00:00+00,,t,
b2dacaa3-7539-44ff-9268-5173ddacc29f,26e54747-7b1e-4bef-959b-3acb36c1da52,6adfba98-b976-4e4b-883a-4039d19d73fe,1b1a566a-ece0-4130-b5f5-76634ad534c0,2022-04-01 08:26:00+00,2023-07-17 06:58:00+00,f,Reassigned during shift roster change.
4df8bb8d-c864-4a78-8d1b-dc9b71aae734,26e54747-7b1e-4bef-959b-3acb36c1da52,b1007b82-cbbf-4ef5-a4aa-6348e59b5c3a,1b1a566a-ece0-4130-b5f5-76634ad534c0,2026-05-28 11:03:00+00,,t,
17c9d4c2-a740-4dcf-bfb3-0e7276bbc85e,48edf68b-fe4b-458c-9987-0dfc29504804,fdbc71f8-edf3-4091-a0dc-b0bf3c339f92,829c13bd-2a5c-42b7-8b1c-8a8a8b415ceb,2023-03-10 15:15:00+00,2024-02-13 13:59:00+00,f,Reassigned during shift roster change.
311e97fe-5f80-46bd-90c7-90b7c8036efa,48edf68b-fe4b-458c-9987-0dfc29504804,cab74599-3095-4857-9062-1ed17548d72b,829c13bd-2a5c-42b7-8b1c-8a8a8b415ceb,2026-02-13 10:08:00+00,,t,
60e28048-fe9a-4499-bac9-f8d58c64a213,14dade97-29fe-4dd3-bcdb-2af7c81e3c47,8a8bc6e9-e0e4-49bd-8fd6-d7d2917772b0,11ccb7fb-51b9-40e8-bdd2-b07207b8e0a7,2026-04-01 08:08:00+00,,t,
0c2d244c-1647-4377-8998-4aa509bf5660,ffc33ff5-353e-496b-b1e2-b2757228a4fd,123fa3a1-b273-4e9e-a37c-38921b7796b3,1b1a566a-ece0-4130-b5f5-76634ad534c0,2023-07-07 12:12:00+00,2024-08-17 16:21:00+00,f,Reassigned during shift roster change.
db0ff9cb-86d0-4eff-a39b-4ef82e730b47,ffc33ff5-353e-496b-b1e2-b2757228a4fd,e08ea782-4dad-41e9-a86e-53e901e0b0fc,1b1a566a-ece0-4130-b5f5-76634ad534c0,2025-12-06 05:12:00+00,,t,
c996d5c2-0c93-4a1e-a439-0e1b180a1ef8,532c5b42-6852-4bb3-bfc9-64913ea7adad,37ca13f3-3ccd-4bd9-b6e2-1e3c3f50d68f,734bbe6b-9744-44d0-a11b-7a0e0df4922e,2022-06-20 12:04:00+00,2022-11-01 12:35:00+00,f,Reassigned during shift roster change.
50cb6f8b-174c-4770-ace6-ea48b4fd40d4,532c5b42-6852-4bb3-bfc9-64913ea7adad,24b5932e-88db-41e4-91d9-969e04d67984,734bbe6b-9744-44d0-a11b-7a0e0df4922e,2026-06-18 05:41:00+00,,t,
f6bced48-9f1b-48fb-9113-d793fbd10c5a,3820a00f-a1d8-4a42-b492-7d4a27ba02f9,a4c0dc14-5cda-4235-a0e8-2888bb4d9e0a,608d7306-f79c-4916-9b39-69a1abea72d9,2023-04-20 08:39:00+00,2024-06-10 16:19:00+00,f,Reassigned during shift roster change.
018041f0-b447-4608-b289-308eb1326ee1,3820a00f-a1d8-4a42-b492-7d4a27ba02f9,4b2c9a06-d234-4c13-b11c-f880af976191,608d7306-f79c-4916-9b39-69a1abea72d9,2025-10-03 11:36:00+00,,t,
52f5d190-6cbb-408f-9cdb-4047546ea9b4,36d8aaeb-b0a0-412e-bbe8-776ccd43c52d,55095c82-2c02-4291-8de2-7d5afe48cf31,bcdfa155-6afd-44b6-9cfe-85d596dfb687,2022-08-05 08:37:00+00,2022-12-15 14:15:00+00,f,Reassigned during shift roster change.
be1d737c-3e1b-4c0f-8c59-f6bb008791bb,36d8aaeb-b0a0-412e-bbe8-776ccd43c52d,3300b88d-ad2c-4c0c-bac7-48e98b283f68,bcdfa155-6afd-44b6-9cfe-85d596dfb687,2025-07-27 15:22:00+00,,t,
95b306eb-cc3a-4535-b537-a5c320e73803,60713547-c97d-42f0-ba5c-10d1b39d6331,0ddd1aea-061c-4588-a9a1-b8f9f5383103,56bc5b4f-b018-4995-89a3-6825709e4754,2023-11-01 15:58:00+00,2025-01-30 06:31:00+00,f,Reassigned during shift roster change.
061b3546-2544-4bc5-b3e2-cb679c6fd3c4,60713547-c97d-42f0-ba5c-10d1b39d6331,9f068485-ade8-4dd4-a9d8-f09c2dad45fc,56bc5b4f-b018-4995-89a3-6825709e4754,2025-02-27 10:56:00+00,2025-07-19 10:34:00+00,f,Reassigned during shift roster change.
948d808a-2c31-409f-b284-cd0da8a2fc8d,60713547-c97d-42f0-ba5c-10d1b39d6331,890b088b-ef43-4e69-ad02-026b369a28b5,56bc5b4f-b018-4995-89a3-6825709e4754,2025-11-12 11:24:00+00,,t,
5777e92c-0188-4ab5-a8e5-14fc75bf41ab,fb744fe4-7ad8-4953-8de1-20842c121b91,e8c335e0-2088-4924-a6e4-c94e52dc1dd6,734bbe6b-9744-44d0-a11b-7a0e0df4922e,2025-11-16 09:24:00+00,,t,
7490f34b-4f28-4a63-94f8-9389e72a2ba9,daa1bd48-569f-4271-9544-46ad8459bfe8,20bdf2d1-aa86-4ad8-a6e6-8e215a86dcc1,ae54eb0a-cd4b-4c62-86b2-8ed1974fbcec,2025-07-23 05:42:00+00,,t,
52fe0305-fdb5-42f6-b994-54e85e0eec04,61fe09ce-e300-4109-bc99-a14262fd6cc0,8c8957ef-69f3-4a5a-a5a2-1e70ecd4e4ff,1b1a566a-ece0-4130-b5f5-76634ad534c0,2022-07-02 12:12:00+00,2023-06-08 11:20:00+00,f,Reassigned during shift roster change.
9d70d0d3-c9db-46a5-abb0-db5842a27f62,61fe09ce-e300-4109-bc99-a14262fd6cc0,50126895-b7fe-41b2-a790-918f80d4241d,1b1a566a-ece0-4130-b5f5-76634ad534c0,2023-07-07 13:47:00+00,2024-02-11 14:30:00+00,f,Reassigned during shift roster change.
512523bd-2b61-4c0c-8868-5bb06e4054de,61fe09ce-e300-4109-bc99-a14262fd6cc0,3d75bf14-fb89-4f28-9d26-3e49985646e7,1b1a566a-ece0-4130-b5f5-76634ad534c0,2025-11-25 11:03:00+00,,t,
0ec089d7-5747-448a-9add-321604fe0eea,1bd8edc5-344b-4fd8-8964-5d4256db17a3,80e237e5-ad5b-44f4-9ef1-4434b06cb4a1,ae54eb0a-cd4b-4c62-86b2-8ed1974fbcec,2024-01-06 08:45:00+00,2025-01-14 08:49:00+00,f,Reassigned during shift roster change.
2f02c75f-89a1-4408-b084-d9928e9eed26,1bd8edc5-344b-4fd8-8964-5d4256db17a3,1cd6c5e7-867a-4a05-95f2-2f5698b04a04,ae54eb0a-cd4b-4c62-86b2-8ed1974fbcec,2025-02-06 14:26:00+00,2025-10-24 09:49:00+00,f,Reassigned during shift roster change.
b4ab0c33-bd63-4d3e-b792-83afe2a7c1ac,1bd8edc5-344b-4fd8-8964-5d4256db17a3,de5ac9e2-3f8b-4675-ae66-62a79bb5340c,ae54eb0a-cd4b-4c62-86b2-8ed1974fbcec,2026-04-11 09:17:00+00,,t,
6baf7f42-6b56-4364-9201-abd1dae502e6,4b62720e-ec9c-4bff-bdc3-61f535efa578,ff962ec5-661c-4004-8c3a-c65fcefaf218,1b1a566a-ece0-4130-b5f5-76634ad534c0,2026-02-26 16:56:00+00,,t,
70fc99b6-ad62-4e9e-bf47-fca29331de79,e245fe3d-5137-4041-ad1d-81dc9f30296c,22389be1-8cf4-468e-a72b-11faaa6d0aff,bb91bbb5-1ab1-442b-b910-28093fe53eb9,2024-01-29 13:31:00+00,2025-03-11 09:49:00+00,f,Reassigned during shift roster change.
3a8a5276-b03f-4fae-9349-7239c803f1f7,e245fe3d-5137-4041-ad1d-81dc9f30296c,f29a276c-72e6-4d21-9c32-64ba51d564b6,bb91bbb5-1ab1-442b-b910-28093fe53eb9,2026-04-09 09:14:00+00,,t,
5532c68e-52c3-49ce-a235-0cc1014065b8,66bf4114-bfc0-4c4f-b2c7-c6866ac7c172,af1627b5-1586-434a-956f-dbf6814e988b,608d7306-f79c-4916-9b39-69a1abea72d9,2022-01-31 15:09:00+00,2022-10-26 06:57:00+00,f,Reassigned during shift roster change.
d45ae56a-d8f7-40ce-a0fa-291ae709c0fe,66bf4114-bfc0-4c4f-b2c7-c6866ac7c172,83ec1f03-5a3e-4e22-bc6f-57947070ce66,608d7306-f79c-4916-9b39-69a1abea72d9,2026-06-25 17:04:00+00,,t,
425152a1-d083-4c45-bc41-013dc89af2ce,e46ed07c-e507-4164-9d5f-65f7e2ca1e89,a53e8145-78e8-49bf-8bf6-d2a4f5d6e5d4,11ccb7fb-51b9-40e8-bdd2-b07207b8e0a7,2022-06-29 12:57:00+00,2023-09-07 17:42:00+00,f,Reassigned during shift roster change.
c28f61dd-092e-4b32-8b0b-0f02499cdeb2,e46ed07c-e507-4164-9d5f-65f7e2ca1e89,f81965e2-2ed7-4738-80b1-8b08fe3d0c7d,11ccb7fb-51b9-40e8-bdd2-b07207b8e0a7,2023-10-04 14:43:00+00,2024-07-02 06:27:00+00,f,Reassigned during shift roster change.
b3994342-d03b-4d6b-8623-0a4d76746512,e46ed07c-e507-4164-9d5f-65f7e2ca1e89,8f36fe73-d255-4230-aa2a-00fa311454ec,11ccb7fb-51b9-40e8-bdd2-b07207b8e0a7,2026-02-02 05:35:00+00,,t,
3470062a-884c-4fda-bc3c-9ffec952edbf,48657078-944d-4c0e-a867-a7dbcffaca47,15e1f6ce-5500-45cf-a429-e8aafcdb999c,bb91bbb5-1ab1-442b-b910-28093fe53eb9,2022-11-24 11:11:00+00,2023-08-20 09:40:00+00,f,Reassigned during shift roster change.
ab401b63-08e3-4167-9576-8915635c09b0,48657078-944d-4c0e-a867-a7dbcffaca47,39c7fa37-597a-4976-aab3-dcf6dfcc5035,bb91bbb5-1ab1-442b-b910-28093fe53eb9,2023-08-31 08:25:00+00,2024-11-11 14:47:00+00,f,Reassigned during shift roster change.
0eee7ac8-daf2-47f8-bb53-cbcee228ac70,48657078-944d-4c0e-a867-a7dbcffaca47,f316cb80-b405-4faa-ac0a-6307bb3b888d,bb91bbb5-1ab1-442b-b910-28093fe53eb9,2026-03-23 10:18:00+00,,t,
17668fcb-2aea-4282-b464-0a612b08128f,bf33fa39-e6e0-4270-aa01-6ba7a9d04bc6,0ae5daa8-7bcd-4f43-b36a-99441eb41697,608d7306-f79c-4916-9b39-69a1abea72d9,2022-03-15 16:38:00+00,2022-09-21 14:58:00+00,f,Reassigned during shift roster change.
7281fd9d-b640-4915-90c7-51acd0229d0e,bf33fa39-e6e0-4270-aa01-6ba7a9d04bc6,af1627b5-1586-434a-956f-dbf6814e988b,608d7306-f79c-4916-9b39-69a1abea72d9,2022-10-09 07:47:00+00,2023-02-28 15:38:00+00,f,Reassigned during shift roster change.
a87db39c-1346-41ab-baf5-982fb4e74138,bf33fa39-e6e0-4270-aa01-6ba7a9d04bc6,9eb62981-218e-4eee-89c7-1e44e087fd9a,608d7306-f79c-4916-9b39-69a1abea72d9,2026-06-09 06:24:00+00,,t,
9454539a-c94a-4aa7-857d-b88a954d26b6,7f59766f-d12a-47b5-b596-7b118ad1ac29,84c3ff19-7e76-46f2-b1e1-12e66cf54e98,bb91bbb5-1ab1-442b-b910-28093fe53eb9,2022-11-15 07:34:00+00,2023-12-09 13:36:00+00,f,Reassigned during shift roster change.
11a81134-c6a9-4a82-97eb-13ee44534ae4,7f59766f-d12a-47b5-b596-7b118ad1ac29,3300b88d-ad2c-4c0c-bac7-48e98b283f68,bb91bbb5-1ab1-442b-b910-28093fe53eb9,2026-03-02 06:58:00+00,,t,
d49e2c18-24c7-458a-ad3f-cfc25b853796,4791aa73-cfdf-4c63-b72b-7584aec88d83,583e6f26-b967-450c-b674-367a7d2a630d,bb91bbb5-1ab1-442b-b910-28093fe53eb9,2023-08-18 13:56:00+00,2024-06-28 08:53:00+00,f,Reassigned during shift roster change.
75231a1e-5394-444e-9098-5b62a13340d2,4791aa73-cfdf-4c63-b72b-7584aec88d83,6a299c1f-ae68-468f-ba60-338ead0f891e,bb91bbb5-1ab1-442b-b910-28093fe53eb9,2026-06-01 15:20:00+00,,t,
64804f09-015b-42b3-b701-03cf0103b159,35b47dfb-fb8d-4b1c-a16c-919c8f6ea174,67e49f67-bfcb-4de7-8834-87f7f4ef4448,0f2dd1d9-6b12-4073-ab85-bea406d1d514,2023-01-14 17:10:00+00,2023-11-11 13:44:00+00,f,Reassigned during shift roster change.
f3a62d85-58e9-4258-b216-cfec2e98e334,35b47dfb-fb8d-4b1c-a16c-919c8f6ea174,ff962ec5-661c-4004-8c3a-c65fcefaf218,0f2dd1d9-6b12-4073-ab85-bea406d1d514,2023-12-08 11:40:00+00,2024-06-24 13:55:00+00,f,Reassigned during shift roster change.
7f76a946-0df2-4e58-8644-934df41b7df0,35b47dfb-fb8d-4b1c-a16c-919c8f6ea174,32ab1216-8737-4602-a4a6-3805a29fe3b2,0f2dd1d9-6b12-4073-ab85-bea406d1d514,2025-07-20 15:01:00+00,,t,
f811f708-317e-4bcf-8084-a8b86ccaaaa4,9d893206-63f2-4531-950b-cee3077877f6,43940caa-d1ba-4e44-be36-1c5ea33072d5,bcdfa155-6afd-44b6-9cfe-85d596dfb687,2023-02-07 10:33:00+00,2023-12-30 10:27:00+00,f,Reassigned during shift roster change.
7a7ad144-e979-41ed-9177-18886840a453,6c4a055d-9ad9-4839-90d7-710cfd96f501,ec42ef12-9929-4b5d-b07f-dac5819cba78,11ccb7fb-51b9-40e8-bdd2-b07207b8e0a7,2025-11-07 05:37:00+00,,t,
2efb219a-fc0a-43d0-8e2d-71325267f120,70b2c468-9a8e-49bf-bd7e-9a3924e3ef62,3bd6b04c-56ed-4411-bf23-24fdcdae20f9,1b1a566a-ece0-4130-b5f5-76634ad534c0,2022-07-28 11:48:00+00,2023-08-29 10:01:00+00,f,Reassigned during shift roster change.
1c79a443-60c6-47ac-8554-326d6be15dbb,70b2c468-9a8e-49bf-bd7e-9a3924e3ef62,ce97eae8-36da-4b55-9866-1818be74fe8c,1b1a566a-ece0-4130-b5f5-76634ad534c0,2023-08-31 05:58:00+00,2024-10-21 16:21:00+00,f,Reassigned during shift roster change.
d33d7577-516a-40ea-bb1c-38d20ff6c8f4,3e08f617-2475-43f7-a787-9f9a624c4df1,2751f9ca-5a8f-480f-b7f6-8d7c60846a2a,11ccb7fb-51b9-40e8-bdd2-b07207b8e0a7,2025-08-10 15:52:00+00,,t,
b6229509-f514-4aa9-80cc-afd7082873f1,b7d07cd8-6c3b-48fa-b10c-6a7f713cf523,7b8038d9-086d-487f-be9b-20668168d812,56bc5b4f-b018-4995-89a3-6825709e4754,2023-03-31 07:42:00+00,2023-10-03 13:25:00+00,f,Reassigned during shift roster change.
192b5676-512e-4790-8cce-be9e03d7213c,b7d07cd8-6c3b-48fa-b10c-6a7f713cf523,2b62c6da-6e5b-43a7-a301-ddb17784d56b,56bc5b4f-b018-4995-89a3-6825709e4754,2023-10-06 09:00:00+00,2024-06-24 17:19:00+00,f,Reassigned during shift roster change.
79d8e00c-67ad-4155-9f87-fd79b471d059,b7d07cd8-6c3b-48fa-b10c-6a7f713cf523,00d11482-63a2-48da-b05c-c7e9bacd67e0,56bc5b4f-b018-4995-89a3-6825709e4754,2025-08-16 17:42:00+00,,t,
de5edae2-add3-4cc5-9615-aebb45e3811a,0e48509c-7c6c-4c3c-b0dc-7fdbf99ec9ca,a96efe54-54b7-4947-afe8-b8ef6609486e,bcdfa155-6afd-44b6-9cfe-85d596dfb687,2025-08-08 17:57:00+00,,t,
54d4872f-f57f-4193-84dd-227d4c54783f,f3bcf64a-400e-4664-bad3-462424153d34,3df5d037-e853-43ba-8818-4d3a6644377a,bcdfa155-6afd-44b6-9cfe-85d596dfb687,2023-07-28 05:44:00+00,2024-11-07 06:06:00+00,f,Reassigned during shift roster change.
35a976d7-67de-40de-b0de-dfed069eb59d,69b2d550-9e9b-4dcb-affa-d2491d77dd9d,f316cb80-b405-4faa-ac0a-6307bb3b888d,734bbe6b-9744-44d0-a11b-7a0e0df4922e,2025-10-27 11:11:00+00,,t,
bf3f3ea6-3545-4120-b8cd-243532cb68a6,cdfdf3e2-078c-43e8-a1e7-31dd7d7338e6,4ebcf1a4-3d8a-443a-97b6-14396043fa2b,1b1a566a-ece0-4130-b5f5-76634ad534c0,2025-09-29 17:02:00+00,,t,
b2519869-1b0f-4db1-8cee-c3e3c1e1c461,df5d742f-6174-49e1-83e3-749a1b252397,50c8f603-eb5f-4a7a-9605-6fc7fc41194a,829c13bd-2a5c-42b7-8b1c-8a8a8b415ceb,2022-09-28 15:27:00+00,2023-11-21 13:45:00+00,f,Reassigned during shift roster change.
e8bb6691-ae49-4e82-a7c7-7aa4efa81290,df5d742f-6174-49e1-83e3-749a1b252397,cdb3ca48-5359-477c-8e4d-5ee25284ca63,829c13bd-2a5c-42b7-8b1c-8a8a8b415ceb,2023-12-03 08:14:00+00,2025-02-07 06:04:00+00,f,Reassigned during shift roster change.
ec806eec-085a-4134-a866-081698988b2c,0a5a0701-3e26-470c-83f1-c3f5d82d35ef,10b43af5-67a9-4456-8f6e-1fd01514bfc0,829c13bd-2a5c-42b7-8b1c-8a8a8b415ceb,2026-05-05 13:50:00+00,,t,
5938e725-4800-484c-b0bb-483e2e23a79a,b4947405-7eba-4b64-9532-4b3af54e21b4,3351801a-f8d9-48ae-a19c-421b6d81bcf8,829c13bd-2a5c-42b7-8b1c-8a8a8b415ceb,2022-04-16 16:43:00+00,2022-08-20 11:49:00+00,f,Reassigned during shift roster change.
9fa5250b-c392-495a-a2bc-59500415a9b0,27161df2-f6be-4a31-9561-86cac7f05ac0,8514607d-7931-48d2-81f0-f7a024a8210a,bcdfa155-6afd-44b6-9cfe-85d596dfb687,2022-11-19 07:35:00+00,2023-08-08 06:23:00+00,f,Reassigned during shift roster change.
39c24a7d-401e-4f97-8398-4df6cfb856da,27161df2-f6be-4a31-9561-86cac7f05ac0,3cb27cd4-6335-4750-a35b-65ad3b13716b,bcdfa155-6afd-44b6-9cfe-85d596dfb687,2026-04-06 10:57:00+00,,t,
bb59452a-2e81-46b5-8b38-e45951592fab,ea6aec38-c0e9-4edd-8731-6d930b9730f2,9508387c-5f76-407f-804e-42923072511b,0f2dd1d9-6b12-4073-ab85-bea406d1d514,2022-10-29 11:19:00+00,2023-09-02 09:37:00+00,f,Reassigned during shift roster change.
c222022a-4667-4a40-81e0-b37ba2d2af9e,ea6aec38-c0e9-4edd-8731-6d930b9730f2,4b2c9a06-d234-4c13-b11c-f880af976191,0f2dd1d9-6b12-4073-ab85-bea406d1d514,2023-09-09 12:50:00+00,2025-01-11 07:07:00+00,f,Reassigned during shift roster change.
5a3ff386-b191-43d1-a192-427bcb316447,ea6aec38-c0e9-4edd-8731-6d930b9730f2,3300b88d-ad2c-4c0c-bac7-48e98b283f68,0f2dd1d9-6b12-4073-ab85-bea406d1d514,2026-04-05 08:59:00+00,,t,
171f4dc4-054e-486d-b9b9-e4cf344b40a8,ac568011-8780-4af4-8af0-e98e75c1191b,83ec1f03-5a3e-4e22-bc6f-57947070ce66,734bbe6b-9744-44d0-a11b-7a0e0df4922e,2022-12-31 11:39:00+00,2024-03-13 07:25:00+00,f,Reassigned during shift roster change.
81759d73-6c8d-42ff-8591-2f86ff17d880,ac568011-8780-4af4-8af0-e98e75c1191b,6a8d56ce-2168-4b33-819a-93aeaa9b99dc,734bbe6b-9744-44d0-a11b-7a0e0df4922e,2024-03-16 16:26:00+00,2024-07-14 10:55:00+00,f,Reassigned during shift roster change.
4a18fcb1-f16e-4a4c-a7f5-e301f1a782b3,42bfb663-bb7f-4bc0-becd-8bf74a7af99e,e8c335e0-2088-4924-a6e4-c94e52dc1dd6,11ccb7fb-51b9-40e8-bdd2-b07207b8e0a7,2022-07-07 11:31:00+00,2023-10-21 16:37:00+00,f,Reassigned during shift roster change.
f2c7c96e-ce98-4f23-bed2-5e3c4e6cda6d,42bfb663-bb7f-4bc0-becd-8bf74a7af99e,268c4d67-fcbd-468a-a60c-c7ef96b88337,11ccb7fb-51b9-40e8-bdd2-b07207b8e0a7,2023-11-16 16:57:00+00,2024-11-14 08:29:00+00,f,Reassigned during shift roster change.
73fc21f9-e9e5-4004-bc91-5e69cedaa73c,b0ffc15c-f9dd-42c0-ba9c-0bb9c0d9a190,9636cc3f-623a-404c-a277-58a6abe94ed3,1b1a566a-ece0-4130-b5f5-76634ad534c0,2022-03-01 16:25:00+00,2023-04-15 09:54:00+00,f,Reassigned during shift roster change.
6f100853-e2b1-4316-acbd-4c0a6a5050a2,b0ffc15c-f9dd-42c0-ba9c-0bb9c0d9a190,98e1a882-1ddc-4ab9-bea3-44f382f9b9f3,1b1a566a-ece0-4130-b5f5-76634ad534c0,2023-05-01 10:54:00+00,2023-10-09 16:15:00+00,f,Reassigned during shift roster change.
e11c750f-3ac9-4eaf-9294-d7dd00d29ff0,726c4916-45e9-4a4b-b51a-6904a79209ba,ec21d000-672f-4819-aa17-c754be8b1f76,ae54eb0a-cd4b-4c62-86b2-8ed1974fbcec,2022-01-01 12:23:00+00,2023-02-05 11:20:00+00,f,Reassigned during shift roster change.
0746ad85-77e3-43c3-a802-cb30122cc3b0,726c4916-45e9-4a4b-b51a-6904a79209ba,08909f81-89eb-49b8-ada7-36ab7c0f67f5,ae54eb0a-cd4b-4c62-86b2-8ed1974fbcec,2025-11-08 11:09:00+00,,t,
99fdaf84-0a90-4065-9cd7-b76963f55ebc,f233e60a-19f5-46b7-9300-227b1e029eee,1ee01826-f527-47b8-9e03-d1f37836438b,734bbe6b-9744-44d0-a11b-7a0e0df4922e,2023-05-21 05:57:00+00,2024-06-13 10:53:00+00,f,Reassigned during shift roster change.
e6644d15-f15d-414a-b787-405757d3b03c,f233e60a-19f5-46b7-9300-227b1e029eee,dba27b6e-3ab8-46c8-a9e9-591dc2166f08,734bbe6b-9744-44d0-a11b-7a0e0df4922e,2024-07-05 09:34:00+00,2025-11-14 11:50:00+00,f,Reassigned during shift roster change.
502c8318-9602-45d0-bbeb-ffd168e04c9c,74487c1c-3c48-4b45-bac7-84cb06ce37e4,75ecdc2a-757a-4c32-a103-8bfece98280b,829c13bd-2a5c-42b7-8b1c-8a8a8b415ceb,2023-06-27 08:21:00+00,2024-02-15 11:24:00+00,f,Reassigned during shift roster change.
5dd68818-b483-4307-9e42-08d830597a86,74487c1c-3c48-4b45-bac7-84cb06ce37e4,a53e8145-78e8-49bf-8bf6-d2a4f5d6e5d4,829c13bd-2a5c-42b7-8b1c-8a8a8b415ceb,2026-07-09 14:08:00+00,,t,
ca3e3631-69ee-4ca5-bfc3-6ebdd4088198,ffc80429-1d21-4599-ad9d-0c7cad4c4756,6b2d3cbd-fae4-42a9-b155-00287bef6384,1b1a566a-ece0-4130-b5f5-76634ad534c0,2022-06-26 11:49:00+00,2023-06-04 13:12:00+00,f,Reassigned during shift roster change.
dc082928-5843-48d3-94be-4292991b532b,ffc80429-1d21-4599-ad9d-0c7cad4c4756,3b0fed53-e31e-4250-b04e-ef1b99888104,1b1a566a-ece0-4130-b5f5-76634ad534c0,2026-07-12 06:33:00+00,,t,
d807eab0-3b64-4142-8a48-b40bc0571320,f0cbcf39-2244-4ff3-b4fd-19dc55090ed5,4c823f41-1c70-4687-81af-94c5feb0d762,56bc5b4f-b018-4995-89a3-6825709e4754,2026-04-09 17:07:00+00,,t,
30240346-75a9-4eda-9cb6-65853098974b,3410b2df-597c-4278-ae15-643d6e53f213,2e86516c-c292-41da-b03d-25fe05969cf1,608d7306-f79c-4916-9b39-69a1abea72d9,2023-07-05 08:19:00+00,2023-11-20 06:58:00+00,f,Reassigned during shift roster change.
edac302c-0481-444e-98dc-a8726a1c2932,3410b2df-597c-4278-ae15-643d6e53f213,95216ddb-1bf9-4e90-9467-1ce014997f32,608d7306-f79c-4916-9b39-69a1abea72d9,2025-08-14 13:44:00+00,,t,
531d7f57-0d6b-48f2-9cd2-e4c2c5e7f292,61812d01-a2b1-4a19-80eb-c4de09227944,06ef2625-6e29-43d7-8067-81768302e68e,608d7306-f79c-4916-9b39-69a1abea72d9,2026-03-05 05:29:00+00,,t,
e64a705c-fce4-4f71-a825-aa7f93d0f38d,75a6adfa-947c-421c-bfb2-ac3e296ae655,443f709f-7abb-4242-ab41-49f6e31509c5,608d7306-f79c-4916-9b39-69a1abea72d9,2026-02-11 12:06:00+00,,t,
a639e95c-988c-43e5-bc47-0c0e94b7d7e7,70fc98d8-5319-4fa2-bdc3-2935761b1698,096dc1af-c1ef-4984-a2a2-63d0838a2216,56bc5b4f-b018-4995-89a3-6825709e4754,2022-02-26 11:42:00+00,2022-06-29 13:19:00+00,f,Reassigned during shift roster change.
1f053418-2ada-48f6-92f6-58a78eb96344,70fc98d8-5319-4fa2-bdc3-2935761b1698,cdb3ca48-5359-477c-8e4d-5ee25284ca63,56bc5b4f-b018-4995-89a3-6825709e4754,2026-03-27 06:31:00+00,,t,
811dca7f-00ce-4613-b17e-f7fdcc8ecf2a,06c9d121-8916-4b66-8e85-e52c642be051,ff858c38-4db7-4dcd-a154-6531520ed5b9,11ccb7fb-51b9-40e8-bdd2-b07207b8e0a7,2026-04-04 16:21:00+00,,t,
5383f845-bfcc-4069-b782-6289ab29372d,ff6a4d2a-5f42-46bc-ac87-4552804677a0,f593888b-248c-42cf-a6f4-13d81a416271,11ccb7fb-51b9-40e8-bdd2-b07207b8e0a7,2022-10-16 15:43:00+00,2023-10-10 06:46:00+00,f,Reassigned during shift roster change.
16c01d54-f93f-4397-aa43-2054d1165620,ff6a4d2a-5f42-46bc-ac87-4552804677a0,67e49f67-bfcb-4de7-8834-87f7f4ef4448,11ccb7fb-51b9-40e8-bdd2-b07207b8e0a7,2023-10-25 11:40:00+00,2024-05-09 17:47:00+00,f,Reassigned during shift roster change.
2dfdb5c6-ec12-4ba7-9584-1e5295176a3d,ff6a4d2a-5f42-46bc-ac87-4552804677a0,3e03c572-3a55-413f-932a-ef7dfcd24038,11ccb7fb-51b9-40e8-bdd2-b07207b8e0a7,2026-03-26 14:33:00+00,,t,
98a2bb80-973e-41e3-8769-e1c5bd68e488,e55889bc-2b70-4fcf-bb83-25abbb8f1050,ab61d1b5-975a-4c4a-828e-528724de3859,bb91bbb5-1ab1-442b-b910-28093fe53eb9,2022-05-10 08:16:00+00,2022-10-18 17:02:00+00,f,Reassigned during shift roster change.
ba4e983c-1da5-48dd-9a01-fbbbcd842995,e55889bc-2b70-4fcf-bb83-25abbb8f1050,31655efd-e972-4390-93a8-0c1f3f608f82,bb91bbb5-1ab1-442b-b910-28093fe53eb9,2025-08-13 08:57:00+00,,t,
093eb730-e174-4234-b030-a3f8a38dbc3d,eec5b6a0-a16d-4643-827e-f20d9b0f06ba,2abd42b1-c0a4-4467-8f7d-15d222f3e561,734bbe6b-9744-44d0-a11b-7a0e0df4922e,2025-08-19 07:44:00+00,,t,
2d18031a-1a88-4d7f-beee-0387358f6751,6707325f-ffcb-4e4e-9e7e-5ebb429ab367,786ea10f-0251-419f-a7fb-700b47d3108c,1b1a566a-ece0-4130-b5f5-76634ad534c0,2025-12-04 10:15:00+00,,t,
8c0833fd-4f36-4718-a846-dfb644bf265d,f2134e32-0d43-400e-872c-ab9a3a59c396,dba27b6e-3ab8-46c8-a9e9-591dc2166f08,bb91bbb5-1ab1-442b-b910-28093fe53eb9,2022-02-01 07:34:00+00,2023-03-17 05:17:00+00,f,Reassigned during shift roster change.
177d3712-caf5-4f28-a715-92347b546fc1,f2134e32-0d43-400e-872c-ab9a3a59c396,2751f9ca-5a8f-480f-b7f6-8d7c60846a2a,bb91bbb5-1ab1-442b-b910-28093fe53eb9,2023-04-10 08:50:00+00,2024-07-19 07:59:00+00,f,Reassigned during shift roster change.
f1b7eb42-e8c9-410a-ba40-3c7a7fff6120,f2134e32-0d43-400e-872c-ab9a3a59c396,3351801a-f8d9-48ae-a19c-421b6d81bcf8,bb91bbb5-1ab1-442b-b910-28093fe53eb9,2025-08-10 06:04:00+00,,t,
a2dc412c-8720-4cd4-a716-7446fca10c9f,742e28dc-1cb7-4c1a-b828-9b7c4201785f,5ec54120-51da-4099-ba14-4ca0eb715ea5,11ccb7fb-51b9-40e8-bdd2-b07207b8e0a7,2026-03-07 15:01:00+00,,t,
b70028da-3fc7-4468-b8a4-bd5f3201f102,166a1abd-8c3c-4c1d-afde-926a9c4a0f41,bcc2e695-1e30-4f07-866a-c884d470333c,bb91bbb5-1ab1-442b-b910-28093fe53eb9,2025-11-21 09:06:00+00,,t,
459b5de7-7b64-4aa4-ae7c-eb25154d7c13,7d1fbe53-4206-4fc7-ba86-035cd75549ec,07a68fb1-5fe3-4894-a718-d07adde2c078,bb91bbb5-1ab1-442b-b910-28093fe53eb9,2025-10-06 16:25:00+00,,t,
5b258b13-f616-4312-8ee1-25e013df522d,e49ee92f-dbbf-4bda-9b5b-199b372fb9de,43420c9a-b3f9-494e-ab87-55ba4cca6846,608d7306-f79c-4916-9b39-69a1abea72d9,2024-01-12 14:48:00+00,2024-10-04 15:31:00+00,f,Reassigned during shift roster change.
37d271b7-2375-4234-8e4f-134397ca4fc2,e49ee92f-dbbf-4bda-9b5b-199b372fb9de,3bd6b04c-56ed-4411-bf23-24fdcdae20f9,608d7306-f79c-4916-9b39-69a1abea72d9,2026-04-09 14:51:00+00,,t,
3d560523-54d1-4858-8853-92dcd7e5fb4d,9ad3f064-0d83-4913-a4fe-10ffb3c3a876,a96efe54-54b7-4947-afe8-b8ef6609486e,0f2dd1d9-6b12-4073-ab85-bea406d1d514,2026-07-05 08:49:00+00,,t,
81823919-0dc8-420a-87f8-4c77eff0565d,862ac77c-607e-41fa-86c3-4d9284806c99,67b92ee6-274a-44ce-a867-cecde91391b5,11ccb7fb-51b9-40e8-bdd2-b07207b8e0a7,2024-02-10 16:21:00+00,2025-03-03 16:46:00+00,f,Reassigned during shift roster change.
d22dc020-be51-4cdd-ac3b-b05ba760cfd1,862ac77c-607e-41fa-86c3-4d9284806c99,67b92ee6-274a-44ce-a867-cecde91391b5,11ccb7fb-51b9-40e8-bdd2-b07207b8e0a7,2025-08-20 13:37:00+00,,t,
a5396159-f519-46ee-8bf3-e3c5cd75bc6f,6f93bf10-21d1-4a6f-a27a-c64092eb5154,c43b4443-f438-4b6f-93b9-7565a30bd3a2,bcdfa155-6afd-44b6-9cfe-85d596dfb687,2022-10-12 13:26:00+00,2024-02-08 10:23:00+00,f,Reassigned during shift roster change.
3643218b-e30d-4665-a12f-7f0a3302990d,6f93bf10-21d1-4a6f-a27a-c64092eb5154,01551974-ffd1-4791-ae00-0b8e5efab738,bcdfa155-6afd-44b6-9cfe-85d596dfb687,2025-12-19 17:52:00+00,,t,
2ef29bcd-fdfb-4df1-be20-5b87fd8aa2ec,77015d20-5ece-46a1-a044-e15492d2686e,5b475c9f-3846-4fef-86b7-b4cc8293bc54,bb91bbb5-1ab1-442b-b910-28093fe53eb9,2022-05-24 17:52:00+00,2023-09-29 11:13:00+00,f,Reassigned during shift roster change.
20f91a11-760f-4966-a51c-71357ee5d512,77015d20-5ece-46a1-a044-e15492d2686e,a53c8c14-2044-43fa-a25e-3b4751f18fcb,bb91bbb5-1ab1-442b-b910-28093fe53eb9,2023-10-20 06:07:00+00,2024-09-01 08:56:00+00,f,Reassigned during shift roster change.
1fc42359-fc97-4167-81e7-2a56de45dd51,77015d20-5ece-46a1-a044-e15492d2686e,5759f3d2-34f3-483d-818a-1b5627a40557,bb91bbb5-1ab1-442b-b910-28093fe53eb9,2026-06-20 15:41:00+00,,t,
fa316001-ca05-4833-9b4f-e8716e611bd1,0c9d078a-17db-44a4-9fb8-eda8aac81817,3bb5d4f9-b891-4072-8884-5b42ee5b612e,0f2dd1d9-6b12-4073-ab85-bea406d1d514,2023-10-27 17:53:00+00,2025-01-06 16:11:00+00,f,Reassigned during shift roster change.
99c0a613-6190-42e9-a905-1a34fd52bb08,0c9d078a-17db-44a4-9fb8-eda8aac81817,2be7f457-1aa1-4708-8bbe-1e3203ba1f7f,0f2dd1d9-6b12-4073-ab85-bea406d1d514,2025-01-27 17:32:00+00,2025-07-11 12:23:00+00,f,Reassigned during shift roster change.
cedc5def-39cf-49b2-960f-9252579652bc,0c9d078a-17db-44a4-9fb8-eda8aac81817,1cd6c5e7-867a-4a05-95f2-2f5698b04a04,0f2dd1d9-6b12-4073-ab85-bea406d1d514,2026-05-29 15:36:00+00,,t,
ec8282ad-9ce8-4d48-aeea-3182432a3b12,bbb21bf2-a33b-46e9-9d7f-d84f580febed,31655efd-e972-4390-93a8-0c1f3f608f82,829c13bd-2a5c-42b7-8b1c-8a8a8b415ceb,2026-04-30 12:34:00+00,,t,
da2295c8-6750-4d2c-b7a1-314e6ce235ed,6259aa13-13fd-4c07-9694-6fadabb85a6e,8c8957ef-69f3-4a5a-a5a2-1e70ecd4e4ff,ae54eb0a-cd4b-4c62-86b2-8ed1974fbcec,2022-12-27 11:45:00+00,2023-08-26 12:11:00+00,f,Reassigned during shift roster change.
caebc781-337f-468b-8283-e6266c16f60c,6259aa13-13fd-4c07-9694-6fadabb85a6e,2b62c6da-6e5b-43a7-a301-ddb17784d56b,ae54eb0a-cd4b-4c62-86b2-8ed1974fbcec,2025-08-25 16:39:00+00,,t,
c6836e79-970b-40f1-bd34-5ed828d9640f,dd003ba9-8004-4f4e-b50d-44a6917df989,6692c7dd-4b6b-4908-86a3-91731b323aff,0f2dd1d9-6b12-4073-ab85-bea406d1d514,2023-06-01 15:49:00+00,2024-04-24 14:01:00+00,f,Reassigned during shift roster change.
c7b15af2-258b-4a1c-9d7d-d2180c136e75,dd003ba9-8004-4f4e-b50d-44a6917df989,9714fd5e-058d-4a7e-8ec2-f262c89ca050,0f2dd1d9-6b12-4073-ab85-bea406d1d514,2024-05-11 07:36:00+00,2025-02-03 12:13:00+00,f,Reassigned during shift roster change.
8179a7e4-9734-4943-8907-7f4dc2556d09,dd003ba9-8004-4f4e-b50d-44a6917df989,374f53b7-0887-4a96-8b7e-6555d250872a,0f2dd1d9-6b12-4073-ab85-bea406d1d514,2026-07-04 14:50:00+00,,t,
14b157c9-8968-4bde-9843-abba56cf3034,aacd37bb-3f3b-425c-a0a3-6b66ef353060,cb1a064b-727f-468c-8054-1c1c7b75715a,734bbe6b-9744-44d0-a11b-7a0e0df4922e,2026-01-22 12:14:00+00,,t,
1b720aeb-b232-47b7-b3fc-4775d7ac0324,6d7ba844-6916-4ef3-a546-0806fa30de20,6692c7dd-4b6b-4908-86a3-91731b323aff,11ccb7fb-51b9-40e8-bdd2-b07207b8e0a7,2025-07-20 08:39:00+00,,t,
23859cea-e154-4dce-8209-451622b859db,4c0961a4-d984-4764-a816-ca146ea4bd8d,79996482-579d-4dee-9a2b-8837c548ef59,bcdfa155-6afd-44b6-9cfe-85d596dfb687,2026-04-27 16:04:00+00,,t,
fae89a0b-f7d3-4d7a-a349-1ac81961a463,0753f935-07ab-45a0-8a4b-9f2a5aae268b,9019810d-4632-4478-ba34-52bcd94d1793,ae54eb0a-cd4b-4c62-86b2-8ed1974fbcec,2023-04-25 09:22:00+00,2023-10-30 09:49:00+00,f,Reassigned during shift roster change.
b93ff657-9cb6-4bb8-a74d-666e9f15c3c2,0753f935-07ab-45a0-8a4b-9f2a5aae268b,7acf0615-3bc3-4f0f-8b12-11c03498a888,ae54eb0a-cd4b-4c62-86b2-8ed1974fbcec,2023-11-05 15:15:00+00,2024-03-10 15:31:00+00,f,Reassigned during shift roster change.
5e06698c-47af-4b8a-a8c8-9bccf14b18ac,0753f935-07ab-45a0-8a4b-9f2a5aae268b,36971014-0d48-449f-81a0-89aa3a24c59a,ae54eb0a-cd4b-4c62-86b2-8ed1974fbcec,2025-11-01 10:22:00+00,,t,
c414e09d-6150-4ed4-ade5-4307876305cc,a183c839-0612-4173-a219-025091dd95b0,9aee6ad3-243e-4da8-aa52-4050a6fa56f0,ae54eb0a-cd4b-4c62-86b2-8ed1974fbcec,2023-12-04 08:19:00+00,2024-06-30 09:52:00+00,f,Reassigned during shift roster change.
ea2ab610-2a7d-499f-8f94-770f8e4bedfe,a183c839-0612-4173-a219-025091dd95b0,85677b33-5692-4c2d-8b6d-f63fdc4cccab,ae54eb0a-cd4b-4c62-86b2-8ed1974fbcec,2026-07-10 16:46:00+00,,t,
b4b11ae7-8db3-4b5d-8ae9-1175b589b1d2,6126787d-e4fb-456d-a404-9c6c16f3bd61,c458d5ba-5730-4c05-94e6-f9801b71d659,0f2dd1d9-6b12-4073-ab85-bea406d1d514,2023-01-26 05:50:00+00,2024-02-03 07:42:00+00,f,Reassigned during shift roster change.
81ad9eae-69a0-409a-83d1-601d90e4a420,6126787d-e4fb-456d-a404-9c6c16f3bd61,95216ddb-1bf9-4e90-9467-1ce014997f32,0f2dd1d9-6b12-4073-ab85-bea406d1d514,2024-02-04 05:53:00+00,2024-11-11 17:13:00+00,f,Reassigned during shift roster change.
f3b16dd0-0681-4569-b139-7c37f396a416,6126787d-e4fb-456d-a404-9c6c16f3bd61,40456dc0-a334-43ba-81eb-c43a7464787d,0f2dd1d9-6b12-4073-ab85-bea406d1d514,2025-08-13 17:34:00+00,,t,
ebae0ebb-9164-4610-ad16-e545fb8a80d6,021c9a67-b8e9-4baa-b17a-d7c3e77e52bc,6f7dcb20-a947-4503-9318-e3cded4cafea,56bc5b4f-b018-4995-89a3-6825709e4754,2022-10-05 11:29:00+00,2023-05-20 16:27:00+00,f,Reassigned during shift roster change.
74269fce-c569-4a23-ae3b-29222ab65c76,021c9a67-b8e9-4baa-b17a-d7c3e77e52bc,e05d2aca-b66c-4872-85aa-cd75a7878df7,56bc5b4f-b018-4995-89a3-6825709e4754,2023-06-16 07:40:00+00,2024-07-03 12:38:00+00,f,Reassigned during shift roster change.
49fec510-0baf-4d6f-b111-b7b3c5142bc2,021c9a67-b8e9-4baa-b17a-d7c3e77e52bc,ee7fdb45-1bf6-4c17-8c06-31f278a64b01,56bc5b4f-b018-4995-89a3-6825709e4754,2025-12-29 12:23:00+00,,t,
11fcbdf9-3b1e-4945-a0f9-2133d4c71e03,88c71b4d-de5d-425e-ac0a-44b24fe2fc5a,43940caa-d1ba-4e44-be36-1c5ea33072d5,608d7306-f79c-4916-9b39-69a1abea72d9,2023-06-16 15:03:00+00,2023-12-14 08:44:00+00,f,Reassigned during shift roster change.
7be02b05-3ecf-434d-aae9-b4c924280d3a,88c71b4d-de5d-425e-ac0a-44b24fe2fc5a,98e1a882-1ddc-4ab9-bea3-44f382f9b9f3,608d7306-f79c-4916-9b39-69a1abea72d9,2025-10-09 16:19:00+00,,t,
34dc5f46-832d-46e0-ab53-7b782eac95db,a30ac014-8b6c-45e0-8b5e-a44678129af4,3e03c572-3a55-413f-932a-ef7dfcd24038,0f2dd1d9-6b12-4073-ab85-bea406d1d514,2022-04-16 06:10:00+00,2022-10-25 12:42:00+00,f,Reassigned during shift roster change.
3889581c-6701-41c1-8d97-77b63b0bdbef,538e8b0f-b70b-43c5-83b5-2b3dbadc59e2,ff962ec5-661c-4004-8c3a-c65fcefaf218,bcdfa155-6afd-44b6-9cfe-85d596dfb687,2025-11-28 09:36:00+00,,t,
68a6e025-6efe-4084-bbb6-a19da69ce708,024397fd-7e68-4975-beb7-ba32900ae672,0ce9016f-37ef-4c5d-8153-47a5c11f99ec,ae54eb0a-cd4b-4c62-86b2-8ed1974fbcec,2022-12-31 17:46:00+00,2023-12-26 05:08:00+00,f,Reassigned during shift roster change.
eb418476-e544-49cb-8e35-2c80acb8ecfb,024397fd-7e68-4975-beb7-ba32900ae672,6bbc560c-4bb0-4947-90b5-0a8b327e7af1,ae54eb0a-cd4b-4c62-86b2-8ed1974fbcec,2024-01-19 10:51:00+00,2024-07-17 08:55:00+00,f,Reassigned during shift roster change.
ad676a6d-7162-4b57-a57c-591a151e90e0,024397fd-7e68-4975-beb7-ba32900ae672,de5ac9e2-3f8b-4675-ae66-62a79bb5340c,ae54eb0a-cd4b-4c62-86b2-8ed1974fbcec,2025-07-12 05:08:00+00,,t,
56348a52-a8d2-4d48-8bfb-8864ddffef70,5bbb2312-0c1e-40c1-9c7f-6360924f9e01,482232b1-c7a8-4f76-ba04-2d8bffe2f0c5,56bc5b4f-b018-4995-89a3-6825709e4754,2023-12-13 05:18:00+00,2024-06-08 10:22:00+00,f,Reassigned during shift roster change.
5bcc0528-6828-4f8d-98b7-79a354546a6c,e710114e-d92b-42ea-9165-d009558a1e95,e655669a-affa-4cee-ab60-e8072807b6cd,bcdfa155-6afd-44b6-9cfe-85d596dfb687,2023-12-06 13:27:00+00,2024-06-24 13:23:00+00,f,Reassigned during shift roster change.
5f0fb367-d7f3-451d-ac7b-6a0120a193c7,e710114e-d92b-42ea-9165-d009558a1e95,397e1e00-170b-4c0a-a77a-5f5cc3c7646c,bcdfa155-6afd-44b6-9cfe-85d596dfb687,2024-07-24 12:48:00+00,2025-02-27 09:54:00+00,f,Reassigned during shift roster change.
569254b0-ea10-474c-8079-fd85a644165d,32cff7cf-fdf3-4721-a472-2f6af51c9cd6,3df5d037-e853-43ba-8818-4d3a6644377a,0f2dd1d9-6b12-4073-ab85-bea406d1d514,2026-06-18 07:11:00+00,,t,
22e6abc6-f07a-451e-8466-2512db601a35,d90bf605-9e3a-469b-bf52-7286b8723a8c,1ee01826-f527-47b8-9e03-d1f37836438b,bb91bbb5-1ab1-442b-b910-28093fe53eb9,2022-06-19 06:03:00+00,2023-01-31 10:44:00+00,f,Reassigned during shift roster change.
138b506e-04bd-4f3c-93c2-0e30f21a5cde,d90bf605-9e3a-469b-bf52-7286b8723a8c,15e1f6ce-5500-45cf-a429-e8aafcdb999c,bb91bbb5-1ab1-442b-b910-28093fe53eb9,2026-05-27 11:56:00+00,,t,
f8efd71a-78d6-405c-9286-95f1689d2016,977f8293-d233-4cef-88b8-2c492678a393,67b92ee6-274a-44ce-a867-cecde91391b5,608d7306-f79c-4916-9b39-69a1abea72d9,2026-06-25 17:32:00+00,,t,
d7d75c5c-a7f0-4e85-b4a3-9dd5553f0556,7c180c41-4cea-4b96-bb00-328419c3df6f,dba27b6e-3ab8-46c8-a9e9-591dc2166f08,56bc5b4f-b018-4995-89a3-6825709e4754,2022-05-12 17:34:00+00,2023-07-07 12:14:00+00,f,Reassigned during shift roster change.
31851054-cca8-4cd4-bc0a-a76916f5fd1e,7c180c41-4cea-4b96-bb00-328419c3df6f,7613243f-58b4-4f5d-9cc4-d6dde9e3d25a,56bc5b4f-b018-4995-89a3-6825709e4754,2023-07-13 10:28:00+00,2024-08-12 16:40:00+00,f,Reassigned during shift roster change.
272512fb-c654-4f1c-9960-43b74c97adcd,7c180c41-4cea-4b96-bb00-328419c3df6f,31aef21e-4d21-4de6-a74c-4cf1fefb9e57,56bc5b4f-b018-4995-89a3-6825709e4754,2025-11-26 11:17:00+00,,t,
d2c65b8e-1480-4aa9-babf-a42a73a6f684,4bdc0feb-e6f7-418b-b265-a86d8c7bb5e5,21a1ab9a-bf9d-4e74-ba6b-1527b1ab1e77,608d7306-f79c-4916-9b39-69a1abea72d9,2025-08-26 08:15:00+00,,t,
74ae0924-4542-4889-aa3c-b3c32fc42066,11471183-1853-4777-9b7b-fe756f4c6ff3,16142ab9-cfa9-4012-ad42-2cc805fc882b,0f2dd1d9-6b12-4073-ab85-bea406d1d514,2022-03-10 17:17:00+00,2023-02-13 13:48:00+00,f,Reassigned during shift roster change.
317ffd54-b2f0-48ad-9d04-e1d85dc5113b,11471183-1853-4777-9b7b-fe756f4c6ff3,98e1a882-1ddc-4ab9-bea3-44f382f9b9f3,0f2dd1d9-6b12-4073-ab85-bea406d1d514,2025-11-20 15:45:00+00,,t,
555b1694-2427-4064-9761-e36b7b44d3cd,747928e3-5e7b-4e8b-a481-bacc826edb25,9307f79e-1989-450c-8410-9c18f986c0cf,56bc5b4f-b018-4995-89a3-6825709e4754,2025-11-19 06:15:00+00,,t,
cac6f582-39ff-44dc-91d1-650024ddd101,3e2929cb-3e6d-4656-aa2d-3122397b85b9,827ddce0-e57e-49e0-b564-c5b4daf83ac3,734bbe6b-9744-44d0-a11b-7a0e0df4922e,2021-12-21 11:10:00+00,2022-11-02 05:25:00+00,f,Reassigned during shift roster change.
a2639b47-1e9f-4499-b4aa-71779974b0f3,3e2929cb-3e6d-4656-aa2d-3122397b85b9,890b088b-ef43-4e69-ad02-026b369a28b5,734bbe6b-9744-44d0-a11b-7a0e0df4922e,2025-11-02 13:36:00+00,,t,
69561309-b0d1-469a-893d-31b2ebcb64a0,f8d916f9-4804-4bf7-bbb8-8635dbe16147,5a06d8c6-5129-408a-bdb4-cf0707eb9516,56bc5b4f-b018-4995-89a3-6825709e4754,2023-10-20 09:49:00+00,2024-08-27 15:59:00+00,f,Reassigned during shift roster change.
06d0adfb-f216-4af5-8ea3-6a04fab31a66,f8d916f9-4804-4bf7-bbb8-8635dbe16147,de5ac9e2-3f8b-4675-ae66-62a79bb5340c,56bc5b4f-b018-4995-89a3-6825709e4754,2024-08-28 15:09:00+00,2025-08-14 15:44:00+00,f,Reassigned during shift roster change.
f8549a75-bcd2-4390-aa8e-6932aa6f30a9,f8d916f9-4804-4bf7-bbb8-8635dbe16147,7b6636fd-3214-44f2-ad49-452c0eb74f18,56bc5b4f-b018-4995-89a3-6825709e4754,2025-11-01 05:06:00+00,,t,
83707607-8cc9-43b2-9271-40035c6b48a3,4c92e766-0b04-44c7-9596-54694ee40551,705606bb-60ee-4791-b050-0781537700b1,ae54eb0a-cd4b-4c62-86b2-8ed1974fbcec,2025-10-24 07:12:00+00,,t,
03560526-5fc1-46bf-95ae-cb3fd059d0b9,356349f3-df0e-4189-bfb6-476417dc8ad4,595b009a-0977-4842-8426-55f3c530dc8a,734bbe6b-9744-44d0-a11b-7a0e0df4922e,2026-03-12 13:15:00+00,,t,
b87c7bc0-a0d9-4ddb-8520-eecf771dab8a,e3b5f12a-ea7b-48a5-b6da-e0e9ec0bddf2,d310eb40-f450-4462-95ca-3394c61cd538,11ccb7fb-51b9-40e8-bdd2-b07207b8e0a7,2026-05-20 11:56:00+00,,t,
65ee5c47-4cff-47c4-ba11-201e902d1df2,bdaf8b77-9af4-47ad-bfde-fa3ed4462d13,7e4c901d-77fc-4c10-a16e-4444d40fb582,bcdfa155-6afd-44b6-9cfe-85d596dfb687,2022-03-30 08:09:00+00,2022-08-22 07:09:00+00,f,Reassigned during shift roster change.
4e48181b-db4b-4627-9555-c2878a9416dd,bdaf8b77-9af4-47ad-bfde-fa3ed4462d13,24b5932e-88db-41e4-91d9-969e04d67984,bcdfa155-6afd-44b6-9cfe-85d596dfb687,2022-09-11 11:02:00+00,2023-04-07 12:22:00+00,f,Reassigned during shift roster change.
557250b0-01c2-407c-b674-e163150d3032,bdaf8b77-9af4-47ad-bfde-fa3ed4462d13,1ee01826-f527-47b8-9e03-d1f37836438b,bcdfa155-6afd-44b6-9cfe-85d596dfb687,2026-01-25 05:08:00+00,,t,
