id,user_id,type,channel,title,message,status,related_asset_id,related_ticket_id,related_report_id,sent_at,read_at,metadata,created_at
7f3eed3e-dccf-4eff-8e18-351219473053,d24973fa-606a-4901-80ad-90da2b82381d,high_risk_asset,in_app,Asset health alert,Toyota HiAce 077 (LLX-BDL-0077) is now at poor health.,unread,6c76b8ae-e3be-4899-875a-f90136975630,,,2026-07-08 16:45:00+00,,{},2026-07-08 16:45:00+00
7e75694b-64e6-4423-8755-6de80556a5fd,23b91a79-185d-41b8-aed8-22bf2cb9f4af,high_risk_asset,in_app,Asset health alert,Komatsu FD25 057 (LLX-COL-0057) is now at critical health.,read,55a52988-3327-4504-ab63-24e3d01fec89,,,2026-07-26 15:37:00+00,2026-07-27 16:53:00+00,{},2026-07-26 15:37:00+00
ac524816-0b3b-4ca6-8673-1114a774ef94,d7419f5f-8d51-43a3-b44e-68440cc641b4,high_risk_asset,in_app,Assigned vehicle needs attention,Komatsu FD25 012 (LLX-COL-0012) is now at poor health.,read,0173720c-7c96-4a4e-80d5-2628c1c40504,,,2026-06-26 09:04:00+00,2026-06-29 07:37:00+00,{},2026-06-26 09:04:00+00
67262ebe-d97d-4643-ac63-9fccfef3f3ea,23b91a79-185d-41b8-aed8-22bf2cb9f4af,high_risk_asset,in_app,Asset health alert,Komatsu FD25 012 (LLX-COL-0012) is now at poor health.,read,0173720c-7c96-4a4e-80d5-2628c1c40504,,,2026-06-26 16:36:00+00,2026-06-26 14:51:00+00,{},2026-06-26 16:36:00+00
66b7f4e4-67ab-43ce-a161-394f258283e9,dff1d306-f643-4c9e-abb3-5409e072abc4,high_risk_asset,in_app,Asset health alert,Komatsu FD25 012 (LLX-COL-0012) is now at poor health.,read,0173720c-7c96-4a4e-80d5-2628c1c40504,,,2026-06-26 05:23:00+00,2026-06-29 17:44:00+00,{},2026-06-26 05:23:00+00
b0f565ef-81c9-4d9b-88db-11061326db4f,aedad933-6f7e-4d2e-b6df-191c9e459887,high_risk_asset,in_app,Asset health alert,Komatsu FD25 012 (LLX-COL-0012) is now at poor health.,read,0173720c-7c96-4a4e-80d5-2628c1c40504,,,2026-06-26 09:53:00+00,2026-06-29 08:03:00+00,{},2026-06-26 09:53:00+00
9e850867-c5a7-46e5-8151-4a8241e3a91d,51ed7e64-6868-4e03-9b23-cb9d7039bb47,high_risk_asset,in_app,Assigned vehicle needs attention,Heli CPCD25 014 (LLX-COL-0014) is now at poor health.,read,98939830-9374-4252-befd-c1b2e56844eb,,,2026-07-16 09:43:00+00,2026-07-18 15:05:00+00,{},2026-07-16 09:43:00+00
da97a246-e88f-4801-aa5e-c405e2ca9afb,23b91a79-185d-41b8-aed8-22bf2cb9f4af,high_risk_asset,in_app,Asset health alert,Heli CPCD25 014 (LLX-COL-0014) is now at poor health.,read,98939830-9374-4252-befd-c1b2e56844eb,,,2026-07-16 13:19:00+00,2026-07-17 17:11:00+00,{},2026-07-16 13:19:00+00
7d5837ae-5497-4046-9c31-f2f6a1429615,dff1d306-f643-4c9e-abb3-5409e072abc4,high_risk_asset,in_app,Asset health alert,Heli CPCD25 014 (LLX-COL-0014) is now at poor health.,read,98939830-9374-4252-befd-c1b2e56844eb,,,2026-07-16 14:15:00+00,2026-07-18 12:12:00+00,{},2026-07-16 14:15:00+00
a79b6d70-fac9-45e8-9ba4-2eeb8337f0d0,aedad933-6f7e-4d2e-b6df-191c9e459887,high_risk_asset,in_app,Asset health alert,Heli CPCD25 014 (LLX-COL-0014) is now at poor health.,read,98939830-9374-4252-befd-c1b2e56844eb,,,2026-07-16 06:24:00+00,2026-07-19 17:08:00+00,{},2026-07-16 06:24:00+00
a764bd96-17b4-48a2-acc4-e93df7a6546b,507be855-1ac1-43a9-b1f4-fe62d2b838d9,high_risk_asset,in_app,Assigned vehicle needs attention,Komatsu FD25 018 (LLX-COL-0018) is now at poor health.,read,ca71281e-9b47-4bc5-b3f4-ed06717e18b9,,,2026-07-31 05:19:00+00,2026-07-31 09:11:00+00,{},2026-07-31 05:19:00+00
a1d2987d-3b6e-45c9-b822-5a89960e944d,23b91a79-185d-41b8-aed8-22bf2cb9f4af,high_risk_asset,in_app,Asset health alert,Komatsu FD25 018 (LLX-COL-0018) is now at poor health.,read,ca71281e-9b47-4bc5-b3f4-ed06717e18b9,,,2026-07-31 16:52:00+00,2026-08-02 06:37:00+00,{},2026-07-31 16:52:00+00
db7af0ae-af4e-4579-a432-6e96f6e2f96b,dff1d306-f643-4c9e-abb3-5409e072abc4,high_risk_asset,in_app,Asset health alert,Komatsu FD25 018 (LLX-COL-0018) is now at poor health.,read,ca71281e-9b47-4bc5-b3f4-ed06717e18b9,,,2026-07-31 15:55:00+00,2026-08-03 17:49:00+00,{},2026-07-31 15:55:00+00
9ef69977-3a07-4dd2-8cad-36109ddf7bc0,aedad933-6f7e-4d2e-b6df-191c9e459887,high_risk_asset,in_app,Asset health alert,Komatsu FD25 018 (LLX-COL-0018) is now at poor health.,read,ca71281e-9b47-4bc5-b3f4-ed06717e18b9,,,2026-07-31 05:23:00+00,2026-08-03 11:34:00+00,{},2026-07-31 05:23:00+00
6be5322a-5609-44b6-bb09-ba56d8cc0824,23b91a79-185d-41b8-aed8-22bf2cb9f4af,high_risk_asset,in_app,Asset health alert,Toyota 8FD25 041 (LLX-COL-0041) is now at poor health.,read,ca5f1852-68ef-4d40-9c0c-e98d62a32911,,,2026-08-08 07:28:00+00,2026-08-10 09:38:00+00,{},2026-08-08 07:28:00+00
b7e0088f-a241-4c01-8787-daca17aab9e6,dff1d306-f643-4c9e-abb3-5409e072abc4,high_risk_asset,in_app,Asset health alert,Toyota 8FD25 041 (LLX-COL-0041) is now at poor health.,unread,ca5f1852-68ef-4d40-9c0c-e98d62a32911,,,2026-08-08 15:35:00+00,,{},2026-08-08 15:35:00+00
b7ada023-329e-45be-a238-9123d15392fa,aedad933-6f7e-4d2e-b6df-191c9e459887,high_risk_asset,in_app,Asset health alert,Toyota 8FD25 041 (LLX-COL-0041) is now at poor health.,unread,ca5f1852-68ef-4d40-9c0c-e98d62a32911,,,2026-08-08 09:12:00+00,,{},2026-08-08 09:12:00+00
9848889d-5fe0-4b44-8ed2-e1626cdfbbbe,23b91a79-185d-41b8-aed8-22bf2cb9f4af,high_risk_asset,in_app,Asset health alert,Komatsu FD25 052 (LLX-COL-0052) is now at poor health.,read,d401a46b-56b8-4616-a97a-d8ccccce6260,,,2026-07-31 05:41:00+00,2026-07-31 13:28:00+00,{},2026-07-31 05:41:00+00
b9966647-426a-40bd-8193-ffbb015f99e3,dff1d306-f643-4c9e-abb3-5409e072abc4,high_risk_asset,in_app,Asset health alert,Komatsu FD25 052 (LLX-COL-0052) is now at poor health.,read,d401a46b-56b8-4616-a97a-d8ccccce6260,,,2026-07-31 06:35:00+00,2026-08-02 16:16:00+00,{},2026-07-31 06:35:00+00
916bf6d7-c41e-4bf1-8030-b02ea78b2c23,aedad933-6f7e-4d2e-b6df-191c9e459887,high_risk_asset,in_app,Asset health alert,Komatsu FD25 052 (LLX-COL-0052) is now at poor health.,read,d401a46b-56b8-4616-a97a-d8ccccce6260,,,2026-07-31 05:33:00+00,2026-08-03 09:28:00+00,{},2026-07-31 05:33:00+00
b0689141-db9a-4c23-a158-b929ffb2cf1d,cb09e946-aa0f-4553-883f-a8fbb994dd6e,high_risk_asset,in_app,Assigned vehicle needs attention,Komatsu FD25 057 (LLX-COL-0057) is now at critical health.,read,55a52988-3327-4504-ab63-24e3d01fec89,,,2026-07-26 12:34:00+00,2026-07-26 16:36:00+00,{},2026-07-26 12:34:00+00
273b2382-0430-427c-96d8-62384ed66b6c,dff1d306-f643-4c9e-abb3-5409e072abc4,high_risk_asset,in_app,Asset health alert,Komatsu FD25 057 (LLX-COL-0057) is now at critical health.,unread,55a52988-3327-4504-ab63-24e3d01fec89,,,2026-07-26 09:01:00+00,,{},2026-07-26 09:01:00+00
11f9a3ef-2fd0-4a46-8a91-e762e68cc101,aedad933-6f7e-4d2e-b6df-191c9e459887,high_risk_asset,in_app,Asset health alert,Komatsu FD25 057 (LLX-COL-0057) is now at critical health.,read,55a52988-3327-4504-ab63-24e3d01fec89,,,2026-07-26 12:22:00+00,2026-07-29 14:34:00+00,{},2026-07-26 12:22:00+00
b9e35bbf-1c27-4c0b-93e2-d43148297ff7,23b91a79-185d-41b8-aed8-22bf2cb9f4af,high_risk_asset,in_app,Asset health alert,Toyota 8FD25 064 (LLX-COL-0064) is now at poor health.,unread,3c11537a-d6aa-4914-acea-1920a6d15803,,,2026-07-13 09:15:00+00,,{},2026-07-13 09:15:00+00
d887483f-3c4b-409c-9550-49db6753372a,dff1d306-f643-4c9e-abb3-5409e072abc4,high_risk_asset,in_app,Asset health alert,Toyota 8FD25 064 (LLX-COL-0064) is now at poor health.,read,3c11537a-d6aa-4914-acea-1920a6d15803,,,2026-07-13 14:21:00+00,2026-07-13 08:15:00+00,{},2026-07-13 14:21:00+00
a82dadda-8f14-4db0-84b8-f29aa3ca0ce8,aedad933-6f7e-4d2e-b6df-191c9e459887,high_risk_asset,in_app,Asset health alert,Toyota 8FD25 064 (LLX-COL-0064) is now at poor health.,read,3c11537a-d6aa-4914-acea-1920a6d15803,,,2026-07-13 16:04:00+00,2026-07-15 10:38:00+00,{},2026-07-13 16:04:00+00
efa28939-f94d-4b6c-adff-0277ce0eefaa,23b91a79-185d-41b8-aed8-22bf2cb9f4af,high_risk_asset,in_app,Asset health alert,Toyota 8FD25 069 (LLX-COL-0069) is now at poor health.,read,e95c9753-aab0-4d3e-a39a-a87a4680f38d,,,2026-06-26 17:03:00+00,2026-06-26 05:52:00+00,{},2026-06-26 17:03:00+00
77d8c3ee-56ed-4dfa-8dc0-c260e7b56903,dff1d306-f643-4c9e-abb3-5409e072abc4,high_risk_asset,in_app,Asset health alert,Toyota 8FD25 069 (LLX-COL-0069) is now at poor health.,read,e95c9753-aab0-4d3e-a39a-a87a4680f38d,,,2026-06-26 16:51:00+00,2026-06-27 17:08:00+00,{},2026-06-26 16:51:00+00
e485c680-bab0-4363-afa7-5fb54491720f,aedad933-6f7e-4d2e-b6df-191c9e459887,high_risk_asset,in_app,Asset health alert,Toyota 8FD25 069 (LLX-COL-0069) is now at poor health.,read,e95c9753-aab0-4d3e-a39a-a87a4680f38d,,,2026-06-26 06:45:00+00,2026-06-28 05:01:00+00,{},2026-06-26 06:45:00+00
de582370-0830-4f6c-ac81-91f6047bf21f,23b91a79-185d-41b8-aed8-22bf2cb9f4af,high_risk_asset,in_app,Asset health alert,Toyota 8FD25 072 (LLX-COL-0072) is now at poor health.,read,e88c0d95-8702-4feb-9595-d896d4ef6e9e,,,2026-07-04 05:42:00+00,2026-07-07 12:06:00+00,{},2026-07-04 05:42:00+00
0a1e1230-1d28-44f4-b87c-ffb5ed3a8913,dff1d306-f643-4c9e-abb3-5409e072abc4,high_risk_asset,in_app,Asset health alert,Toyota 8FD25 072 (LLX-COL-0072) is now at poor health.,read,e88c0d95-8702-4feb-9595-d896d4ef6e9e,,,2026-07-04 09:35:00+00,2026-07-05 16:32:00+00,{},2026-07-04 09:35:00+00
8acfbe94-f215-41e8-9d61-40bd9ee188a9,aedad933-6f7e-4d2e-b6df-191c9e459887,high_risk_asset,in_app,Asset health alert,Toyota 8FD25 072 (LLX-COL-0072) is now at poor health.,read,e88c0d95-8702-4feb-9595-d896d4ef6e9e,,,2026-07-04 11:55:00+00,2026-07-04 11:09:00+00,{},2026-07-04 11:55:00+00
6f6d9f3d-0284-4baf-b524-8b681411c584,23b91a79-185d-41b8-aed8-22bf2cb9f4af,high_risk_asset,in_app,Asset health alert,Heli CPCD25 075 (LLX-COL-0075) is now at critical health.,unread,44701a9d-c363-4a61-bee1-382dcdf3c564,,,2026-08-08 12:59:00+00,,{},2026-08-08 12:59:00+00
3d97629e-4497-4bfd-98d9-067f55f4d87c,dff1d306-f643-4c9e-abb3-5409e072abc4,high_risk_asset,in_app,Asset health alert,Heli CPCD25 075 (LLX-COL-0075) is now at critical health.,unread,44701a9d-c363-4a61-bee1-382dcdf3c564,,,2026-08-08 07:28:00+00,,{},2026-08-08 07:28:00+00
0dbea9c3-1166-4399-bc32-4b9970d0160b,aedad933-6f7e-4d2e-b6df-191c9e459887,high_risk_asset,in_app,Asset health alert,Heli CPCD25 075 (LLX-COL-0075) is now at critical health.,read,44701a9d-c363-4a61-bee1-382dcdf3c564,,,2026-08-08 07:38:00+00,2026-08-11 16:18:00+00,{},2026-08-08 07:38:00+00
8d47658e-df35-48c4-a115-b89f503521f5,4249c88c-d0ac-433f-b414-903379d7b070,high_risk_asset,in_app,Assigned vehicle needs attention,Toyota 8FD25 080 (LLX-COL-0080) is now at poor health.,read,fd8f8da6-2b70-4c63-ad0e-cf098e6b3e8d,,,2026-07-05 11:00:00+00,2026-07-08 17:02:00+00,{},2026-07-05 11:00:00+00
e31fd6ed-9a15-44d6-902a-ce8081759834,23b91a79-185d-41b8-aed8-22bf2cb9f4af,high_risk_asset,in_app,Asset health alert,Toyota 8FD25 080 (LLX-COL-0080) is now at poor health.,read,fd8f8da6-2b70-4c63-ad0e-cf098e6b3e8d,,,2026-07-05 17:47:00+00,2026-07-08 11:52:00+00,{},2026-07-05 17:47:00+00
675b065f-aa43-42f5-b622-d916143fb350,dff1d306-f643-4c9e-abb3-5409e072abc4,high_risk_asset,in_app,Asset health alert,Toyota 8FD25 080 (LLX-COL-0080) is now at poor health.,read,fd8f8da6-2b70-4c63-ad0e-cf098e6b3e8d,,,2026-07-05 17:45:00+00,2026-07-08 07:54:00+00,{},2026-07-05 17:45:00+00
17b2282f-4ab1-4f3c-ac1e-1a01efba3c43,aedad933-6f7e-4d2e-b6df-191c9e459887,high_risk_asset,in_app,Asset health alert,Toyota 8FD25 080 (LLX-COL-0080) is now at poor health.,read,fd8f8da6-2b70-4c63-ad0e-cf098e6b3e8d,,,2026-07-05 14:00:00+00,2026-07-05 15:50:00+00,{},2026-07-05 14:00:00+00
c3ddb798-f6a2-4dd6-b043-b62a163b34a6,e63fb45e-1362-4e02-b414-1e0a67301dbf,high_risk_asset,in_app,Assigned vehicle needs attention,Toyota 8FD25 087 (LLX-COL-0087) is now at poor health.,unread,558d7040-c1b9-48fa-bd59-763aee2b8ec5,,,2026-07-30 08:43:00+00,,{},2026-07-30 08:43:00+00
49c51612-da36-4301-9440-6d5af64966f8,23b91a79-185d-41b8-aed8-22bf2cb9f4af,high_risk_asset,in_app,Asset health alert,Toyota 8FD25 087 (LLX-COL-0087) is now at poor health.,read,558d7040-c1b9-48fa-bd59-763aee2b8ec5,,,2026-07-30 13:16:00+00,2026-07-30 14:06:00+00,{},2026-07-30 13:16:00+00
870cbd8c-002a-490c-b80c-45472779d10e,dff1d306-f643-4c9e-abb3-5409e072abc4,high_risk_asset,in_app,Asset health alert,Toyota 8FD25 087 (LLX-COL-0087) is now at poor health.,read,558d7040-c1b9-48fa-bd59-763aee2b8ec5,,,2026-07-30 05:32:00+00,2026-07-31 06:33:00+00,{},2026-07-30 05:32:00+00
60fc0e4e-9889-4b54-81ef-9d0c16dba85d,aedad933-6f7e-4d2e-b6df-191c9e459887,high_risk_asset,in_app,Asset health alert,Toyota 8FD25 087 (LLX-COL-0087) is now at poor health.,read,558d7040-c1b9-48fa-bd59-763aee2b8ec5,,,2026-07-30 07:34:00+00,2026-08-01 08:42:00+00,{},2026-07-30 07:34:00+00
5b721766-c703-4c72-9b6c-f13baf668d4a,8f16f0cc-0478-4195-8ddb-43b8f8e96be6,high_risk_asset,in_app,Assigned vehicle needs attention,Heli CPCD30 094 (LLX-COL-0094) is now at critical health.,read,a73ef037-6182-4cfa-932d-90d892423522,,,2026-07-17 07:11:00+00,2026-07-17 07:55:00+00,{},2026-07-17 07:11:00+00
94ba042a-88b0-4326-b2a1-92d775fd8009,23b91a79-185d-41b8-aed8-22bf2cb9f4af,high_risk_asset,in_app,Asset health alert,Heli CPCD30 094 (LLX-COL-0094) is now at critical health.,read,a73ef037-6182-4cfa-932d-90d892423522,,,2026-07-17 14:51:00+00,2026-07-19 05:49:00+00,{},2026-07-17 14:51:00+00
564765f2-51af-47ed-8c87-7088e77683b8,dff1d306-f643-4c9e-abb3-5409e072abc4,high_risk_asset,in_app,Asset health alert,Heli CPCD30 094 (LLX-COL-0094) is now at critical health.,read,a73ef037-6182-4cfa-932d-90d892423522,,,2026-07-17 15:44:00+00,2026-07-20 14:01:00+00,{},2026-07-17 15:44:00+00
7c5ef43f-c63d-4718-ab94-42869a89a09d,aedad933-6f7e-4d2e-b6df-191c9e459887,high_risk_asset,in_app,Asset health alert,Heli CPCD30 094 (LLX-COL-0094) is now at critical health.,read,a73ef037-6182-4cfa-932d-90d892423522,,,2026-07-17 16:57:00+00,2026-07-20 14:18:00+00,{},2026-07-17 16:57:00+00
7a125712-e63f-46ef-a97b-4fc9b024654a,4e8044de-b468-445f-aeb7-861ed06941eb,high_risk_asset,in_app,Assigned vehicle needs attention,Heli CPCD30 112 (LLX-COL-0112) is now at poor health.,read,ea128ceb-377c-4031-83f9-91efed2a3b46,,,2026-07-13 07:18:00+00,2026-07-16 17:09:00+00,{},2026-07-13 07:18:00+00
3e14f7ad-2f9b-4296-8898-94de0fccb484,23b91a79-185d-41b8-aed8-22bf2cb9f4af,high_risk_asset,in_app,Asset health alert,Heli CPCD30 112 (LLX-COL-0112) is now at poor health.,read,ea128ceb-377c-4031-83f9-91efed2a3b46,,,2026-07-13 13:38:00+00,2026-07-15 07:33:00+00,{},2026-07-13 13:38:00+00
05bfd634-fd98-420b-9559-9211151bfa55,dff1d306-f643-4c9e-abb3-5409e072abc4,high_risk_asset,in_app,Asset health alert,Heli CPCD30 112 (LLX-COL-0112) is now at poor health.,read,ea128ceb-377c-4031-83f9-91efed2a3b46,,,2026-07-13 12:46:00+00,2026-07-14 17:42:00+00,{},2026-07-13 12:46:00+00
fe2f7ae9-d027-42e0-8ed2-8c91912e5fe4,aedad933-6f7e-4d2e-b6df-191c9e459887,high_risk_asset,in_app,Asset health alert,Heli CPCD30 112 (LLX-COL-0112) is now at poor health.,read,ea128ceb-377c-4031-83f9-91efed2a3b46,,,2026-07-13 14:29:00+00,2026-07-13 12:27:00+00,{},2026-07-13 14:29:00+00
4d4616b1-7531-4b3c-a548-72dd32c5d261,5e08f9f1-1943-48a3-a0a5-ba6fb8609095,high_risk_asset,in_app,Assigned vehicle needs attention,Toyota 8FD30 116 (LLX-COL-0116) is now at poor health.,unread,8649c418-d267-452d-a2a5-c417333f2766,,,2026-08-09 15:59:00+00,,{},2026-08-09 15:59:00+00
319e4d1f-1e2b-4173-bdf8-6666a6484758,23b91a79-185d-41b8-aed8-22bf2cb9f4af,high_risk_asset,in_app,Asset health alert,Toyota 8FD30 116 (LLX-COL-0116) is now at poor health.,read,8649c418-d267-452d-a2a5-c417333f2766,,,2026-08-09 06:21:00+00,2026-08-12 14:17:00+00,{},2026-08-09 06:21:00+00
30918de8-d757-4fbd-b81c-ac3ecdb1e9a5,dff1d306-f643-4c9e-abb3-5409e072abc4,high_risk_asset,in_app,Asset health alert,Toyota 8FD30 116 (LLX-COL-0116) is now at poor health.,unread,8649c418-d267-452d-a2a5-c417333f2766,,,2026-08-09 07:12:00+00,,{},2026-08-09 07:12:00+00
9069f1ad-03d3-4a23-a05f-f57eacef823e,aedad933-6f7e-4d2e-b6df-191c9e459887,high_risk_asset,in_app,Asset health alert,Toyota 8FD30 116 (LLX-COL-0116) is now at poor health.,unread,8649c418-d267-452d-a2a5-c417333f2766,,,2026-08-09 10:20:00+00,,{},2026-08-09 10:20:00+00
7c7d1676-09a0-43bd-806e-9421288f6375,23b91a79-185d-41b8-aed8-22bf2cb9f4af,high_risk_asset,in_app,Asset health alert,Toyota 8FD30 118 (LLX-COL-0118) is now at poor health.,read,47bbf5a9-0293-4e0d-91de-31ebb04956fa,,,2026-07-07 14:54:00+00,2026-07-09 14:22:00+00,{},2026-07-07 14:54:00+00
4dfd9b0a-d111-4e85-b53b-5124de74ee05,dff1d306-f643-4c9e-abb3-5409e072abc4,high_risk_asset,in_app,Asset health alert,Toyota 8FD30 118 (LLX-COL-0118) is now at poor health.,read,47bbf5a9-0293-4e0d-91de-31ebb04956fa,,,2026-07-07 12:20:00+00,2026-07-07 13:00:00+00,{},2026-07-07 12:20:00+00
fe9e6629-cf8f-4f42-aa3f-1c3b279cc773,aedad933-6f7e-4d2e-b6df-191c9e459887,high_risk_asset,in_app,Asset health alert,Toyota 8FD30 118 (LLX-COL-0118) is now at poor health.,read,47bbf5a9-0293-4e0d-91de-31ebb04956fa,,,2026-07-07 16:21:00+00,2026-07-08 11:02:00+00,{},2026-07-07 16:21:00+00
619ff9bd-0905-424d-a124-ffc1f13c6888,b46cf761-3db0-4767-b410-65aa1a2825fb,high_risk_asset,in_app,Assigned vehicle needs attention,Heli CPCD30 123 (LLX-COL-0123) is now at poor health.,unread,c442cc42-53bf-428a-8e1a-5b2d3cbfae5b,,,2026-07-05 11:30:00+00,,{},2026-07-05 11:30:00+00
e890a742-2843-4dd0-816a-9f28a816e610,23b91a79-185d-41b8-aed8-22bf2cb9f4af,high_risk_asset,in_app,Asset health alert,Heli CPCD30 123 (LLX-COL-0123) is now at poor health.,read,c442cc42-53bf-428a-8e1a-5b2d3cbfae5b,,,2026-07-05 10:28:00+00,2026-07-08 05:28:00+00,{},2026-07-05 10:28:00+00
71770dec-f6b3-456b-a1ff-ad70d45077cd,dff1d306-f643-4c9e-abb3-5409e072abc4,high_risk_asset,in_app,Asset health alert,Heli CPCD30 123 (LLX-COL-0123) is now at poor health.,read,c442cc42-53bf-428a-8e1a-5b2d3cbfae5b,,,2026-07-05 09:47:00+00,2026-07-08 16:13:00+00,{},2026-07-05 09:47:00+00
d6614881-896a-4069-acea-008fe3a074ae,aedad933-6f7e-4d2e-b6df-191c9e459887,high_risk_asset,in_app,Asset health alert,Heli CPCD30 123 (LLX-COL-0123) is now at poor health.,read,c442cc42-53bf-428a-8e1a-5b2d3cbfae5b,,,2026-07-05 06:07:00+00,2026-07-08 17:10:00+00,{},2026-07-05 06:07:00+00
28c6f28c-9f2a-485f-96b1-a1012d0239ad,2b90787d-d78e-4453-ad90-ec1567d28856,high_risk_asset,in_app,Assigned vehicle needs attention,Toyota HiAce 141 (LLX-COL-0141) is now at poor health.,read,8203e09f-d53c-43ef-b70b-2b3b1ab02c4d,,,2026-07-28 05:30:00+00,2026-07-29 16:28:00+00,{},2026-07-28 05:30:00+00
c60b099a-c873-4716-93d5-193afb2036dc,23b91a79-185d-41b8-aed8-22bf2cb9f4af,high_risk_asset,in_app,Asset health alert,Toyota HiAce 141 (LLX-COL-0141) is now at poor health.,read,8203e09f-d53c-43ef-b70b-2b3b1ab02c4d,,,2026-07-28 15:46:00+00,2026-07-28 10:55:00+00,{},2026-07-28 15:46:00+00
9d2a0a3a-5555-4ac2-af5b-e786f83af882,dff1d306-f643-4c9e-abb3-5409e072abc4,high_risk_asset,in_app,Asset health alert,Toyota HiAce 141 (LLX-COL-0141) is now at poor health.,read,8203e09f-d53c-43ef-b70b-2b3b1ab02c4d,,,2026-07-28 08:32:00+00,2026-07-30 11:35:00+00,{},2026-07-28 08:32:00+00
0d115479-939a-4951-becb-9e535ead5e5f,aedad933-6f7e-4d2e-b6df-191c9e459887,high_risk_asset,in_app,Asset health alert,Toyota HiAce 141 (LLX-COL-0141) is now at poor health.,read,8203e09f-d53c-43ef-b70b-2b3b1ab02c4d,,,2026-07-28 09:11:00+00,2026-07-29 17:41:00+00,{},2026-07-28 09:11:00+00
de98661d-abc0-4a6c-8692-b50a61b0e7e2,86c61fdf-4d13-4cd6-b3fe-a85018a6bd65,high_risk_asset,in_app,Assigned vehicle needs attention,Nissan Caravan 142 (LLX-COL-0142) is now at poor health.,read,7698039f-bcda-4e69-8a4d-6e14a59fedb0,,,2026-07-04 10:12:00+00,2026-07-04 06:02:00+00,{},2026-07-04 10:12:00+00
6c26018e-132b-464d-9c14-d4382635449a,23b91a79-185d-41b8-aed8-22bf2cb9f4af,high_risk_asset,in_app,Asset health alert,Nissan Caravan 142 (LLX-COL-0142) is now at poor health.,read,7698039f-bcda-4e69-8a4d-6e14a59fedb0,,,2026-07-04 12:31:00+00,2026-07-05 07:41:00+00,{},2026-07-04 12:31:00+00
fd456842-0852-4c40-97dc-793c314ee0f1,dff1d306-f643-4c9e-abb3-5409e072abc4,high_risk_asset,in_app,Asset health alert,Nissan Caravan 142 (LLX-COL-0142) is now at poor health.,read,7698039f-bcda-4e69-8a4d-6e14a59fedb0,,,2026-07-04 08:44:00+00,2026-07-05 07:38:00+00,{},2026-07-04 08:44:00+00
af6ba719-b2fa-4507-bf0a-f2c23f933960,aedad933-6f7e-4d2e-b6df-191c9e459887,high_risk_asset,in_app,Asset health alert,Nissan Caravan 142 (LLX-COL-0142) is now at poor health.,unread,7698039f-bcda-4e69-8a4d-6e14a59fedb0,,,2026-07-04 09:48:00+00,,{},2026-07-04 09:48:00+00
5c78ce5c-03f0-4e46-bade-e535c7394a1b,a3ad3a8c-24a3-48ab-ba14-234b9a25eed1,high_risk_asset,in_app,Assigned vehicle needs attention,Toyota HiAce 146 (LLX-COL-0146) is now at critical health.,unread,4e6a6551-7de8-43f7-8ee7-b07bd01ba2e0,,,2026-07-20 14:49:00+00,,{},2026-07-20 14:49:00+00
135aa9a2-fe81-40ce-b4a5-2648e7c6a09e,23b91a79-185d-41b8-aed8-22bf2cb9f4af,high_risk_asset,in_app,Asset health alert,Toyota HiAce 146 (LLX-COL-0146) is now at critical health.,read,4e6a6551-7de8-43f7-8ee7-b07bd01ba2e0,,,2026-07-20 14:22:00+00,2026-07-21 17:24:00+00,{},2026-07-20 14:22:00+00
0c9ddac6-b4e9-4342-adcc-4c9c9dc7a445,dff1d306-f643-4c9e-abb3-5409e072abc4,high_risk_asset,in_app,Asset health alert,Toyota HiAce 146 (LLX-COL-0146) is now at critical health.,read,4e6a6551-7de8-43f7-8ee7-b07bd01ba2e0,,,2026-07-20 11:31:00+00,2026-07-23 16:27:00+00,{},2026-07-20 11:31:00+00
8a19efa2-b3c0-465e-971a-d6dd4806c7eb,aedad933-6f7e-4d2e-b6df-191c9e459887,high_risk_asset,in_app,Asset health alert,Toyota HiAce 146 (LLX-COL-0146) is now at critical health.,read,4e6a6551-7de8-43f7-8ee7-b07bd01ba2e0,,,2026-07-20 15:56:00+00,2026-07-23 06:49:00+00,{},2026-07-20 15:56:00+00
c0be3a00-0a04-43d6-8a93-7fd062bd8646,23897ad1-5d76-41b7-a0a8-5434aba10d7c,high_risk_asset,in_app,Assigned vehicle needs attention,Toyota HiAce 159 (LLX-COL-0159) is now at poor health.,unread,c1b20b6b-8c28-49a9-a5c3-9c9f5797ef7d,,,2026-08-03 08:48:00+00,,{},2026-08-03 08:48:00+00
fab6103f-67e7-49eb-94bb-8aadff0e991e,23b91a79-185d-41b8-aed8-22bf2cb9f4af,high_risk_asset,in_app,Asset health alert,Toyota HiAce 159 (LLX-COL-0159) is now at poor health.,unread,c1b20b6b-8c28-49a9-a5c3-9c9f5797ef7d,,,2026-08-03 10:03:00+00,,{},2026-08-03 10:03:00+00
ce370020-741e-405c-836f-315045fe1091,dff1d306-f643-4c9e-abb3-5409e072abc4,high_risk_asset,in_app,Asset health alert,Toyota HiAce 159 (LLX-COL-0159) is now at poor health.,unread,c1b20b6b-8c28-49a9-a5c3-9c9f5797ef7d,,,2026-08-03 05:32:00+00,,{},2026-08-03 05:32:00+00
9938ca87-bbff-4467-b16e-de2498bdaf7d,aedad933-6f7e-4d2e-b6df-191c9e459887,high_risk_asset,in_app,Asset health alert,Toyota HiAce 159 (LLX-COL-0159) is now at poor health.,unread,c1b20b6b-8c28-49a9-a5c3-9c9f5797ef7d,,,2026-08-03 11:50:00+00,,{},2026-08-03 11:50:00+00
3df6eeb3-d9cd-446f-8819-d09e90d0f51a,b5a8f513-6c53-4ba9-a049-10478e5a198a,high_risk_asset,in_app,Assigned vehicle needs attention,Nissan Caravan 162 (LLX-COL-0162) is now at poor health.,read,19f908a9-2336-4bb0-b3cc-641156276986,,,2026-06-27 13:44:00+00,2026-06-29 11:10:00+00,{},2026-06-27 13:44:00+00
f169aa58-3339-4c3e-9d17-9c09b0cb870f,23b91a79-185d-41b8-aed8-22bf2cb9f4af,high_risk_asset,in_app,Asset health alert,Nissan Caravan 162 (LLX-COL-0162) is now at poor health.,read,19f908a9-2336-4bb0-b3cc-641156276986,,,2026-06-27 12:41:00+00,2026-06-30 14:20:00+00,{},2026-06-27 12:41:00+00
da47d132-bfb8-4311-b427-1bc9aa6941e2,dff1d306-f643-4c9e-abb3-5409e072abc4,high_risk_asset,in_app,Asset health alert,Nissan Caravan 162 (LLX-COL-0162) is now at poor health.,read,19f908a9-2336-4bb0-b3cc-641156276986,,,2026-06-27 15:11:00+00,2026-06-30 17:44:00+00,{},2026-06-27 15:11:00+00
f4d292cd-8b93-4699-86f0-7b64b124a447,aedad933-6f7e-4d2e-b6df-191c9e459887,high_risk_asset,in_app,Asset health alert,Nissan Caravan 162 (LLX-COL-0162) is now at poor health.,read,19f908a9-2336-4bb0-b3cc-641156276986,,,2026-06-27 11:20:00+00,2026-06-30 14:22:00+00,{},2026-06-27 11:20:00+00
19c855ef-aef4-4045-97ce-2ea69a9b9d2a,23b91a79-185d-41b8-aed8-22bf2cb9f4af,high_risk_asset,in_app,Asset health alert,Toyota HiAce 166 (LLX-COL-0166) is now at critical health.,read,8037ce5c-50bf-4fe7-a853-b302cd3c5022,,,2026-07-18 15:39:00+00,2026-07-20 12:17:00+00,{},2026-07-18 15:39:00+00
02dd446f-c115-4454-8370-26b8ca3b1bbe,dff1d306-f643-4c9e-abb3-5409e072abc4,high_risk_asset,in_app,Asset health alert,Toyota HiAce 166 (LLX-COL-0166) is now at critical health.,read,8037ce5c-50bf-4fe7-a853-b302cd3c5022,,,2026-07-18 10:51:00+00,2026-07-18 06:52:00+00,{},2026-07-18 10:51:00+00
85cc7c0f-3acd-40b6-83f1-f91e1cfbe396,aedad933-6f7e-4d2e-b6df-191c9e459887,high_risk_asset,in_app,Asset health alert,Toyota HiAce 166 (LLX-COL-0166) is now at critical health.,read,8037ce5c-50bf-4fe7-a853-b302cd3c5022,,,2026-07-18 05:29:00+00,2026-07-20 15:02:00+00,{},2026-07-18 05:29:00+00
2f0ec2d0-fc06-4f1d-bd31-2eb72d1faeae,20126955-a95e-4d8b-8121-28b48b6f18a9,high_risk_asset,in_app,Assigned vehicle needs attention,Nissan Caravan 171 (LLX-COL-0171) is now at poor health.,read,8fbe953c-21e7-4e94-9331-74e751c0ca6f,,,2026-06-29 11:38:00+00,2026-06-30 10:09:00+00,{},2026-06-29 11:38:00+00
44bdba73-27ef-4191-8501-1660ed7cf3d3,23b91a79-185d-41b8-aed8-22bf2cb9f4af,high_risk_asset,in_app,Asset health alert,Nissan Caravan 171 (LLX-COL-0171) is now at poor health.,unread,8fbe953c-21e7-4e94-9331-74e751c0ca6f,,,2026-06-29 06:20:00+00,,{},2026-06-29 06:20:00+00
db48323b-ddfa-473f-94f4-4337316e1d58,dff1d306-f643-4c9e-abb3-5409e072abc4,high_risk_asset,in_app,Asset health alert,Nissan Caravan 171 (LLX-COL-0171) is now at poor health.,read,8fbe953c-21e7-4e94-9331-74e751c0ca6f,,,2026-06-29 08:03:00+00,2026-06-29 09:18:00+00,{},2026-06-29 08:03:00+00
7df83086-b903-4112-9c43-54a52ae62b8c,aedad933-6f7e-4d2e-b6df-191c9e459887,high_risk_asset,in_app,Asset health alert,Nissan Caravan 171 (LLX-COL-0171) is now at poor health.,unread,8fbe953c-21e7-4e94-9331-74e751c0ca6f,,,2026-06-29 15:25:00+00,,{},2026-06-29 15:25:00+00
3e67ec4d-8a76-40a6-af15-c17cd9df2602,d7419f5f-8d51-43a3-b44e-68440cc641b4,high_risk_asset,in_app,Assigned vehicle needs attention,Nissan Caravan 172 (LLX-COL-0172) is now at critical health.,read,7d580191-2a1c-4be1-b4b9-6c5dc57482d9,,,2026-08-01 06:51:00+00,2026-08-02 12:49:00+00,{},2026-08-01 06:51:00+00
c490f29a-602b-4ee7-af49-01b17ccb81a3,23b91a79-185d-41b8-aed8-22bf2cb9f4af,high_risk_asset,in_app,Asset health alert,Nissan Caravan 172 (LLX-COL-0172) is now at critical health.,read,7d580191-2a1c-4be1-b4b9-6c5dc57482d9,,,2026-08-01 08:02:00+00,2026-08-01 14:13:00+00,{},2026-08-01 08:02:00+00
632719a7-da12-48c0-b8fd-f83e5b43d2ee,dff1d306-f643-4c9e-abb3-5409e072abc4,high_risk_asset,in_app,Asset health alert,Nissan Caravan 172 (LLX-COL-0172) is now at critical health.,read,7d580191-2a1c-4be1-b4b9-6c5dc57482d9,,,2026-08-01 16:45:00+00,2026-08-03 16:29:00+00,{},2026-08-01 16:45:00+00
a13ad642-c079-4d35-8d46-32af7194cce5,aedad933-6f7e-4d2e-b6df-191c9e459887,high_risk_asset,in_app,Asset health alert,Nissan Caravan 172 (LLX-COL-0172) is now at critical health.,read,7d580191-2a1c-4be1-b4b9-6c5dc57482d9,,,2026-08-01 16:13:00+00,2026-08-01 10:34:00+00,{},2026-08-01 16:13:00+00
25f8e207-14df-412c-b030-0ae770eb87fa,23b91a79-185d-41b8-aed8-22bf2cb9f4af,high_risk_asset,in_app,Asset health alert,Nissan Caravan 186 (LLX-COL-0186) is now at poor health.,read,ab78f312-c0f2-4fb7-b82f-7b0fc8d91214,,,2026-08-04 16:52:00+00,2026-08-05 05:38:00+00,{},2026-08-04 16:52:00+00
fa9d8b39-c1a8-409f-815a-041ac8bd0e44,dff1d306-f643-4c9e-abb3-5409e072abc4,high_risk_asset,in_app,Asset health alert,Nissan Caravan 186 (LLX-COL-0186) is now at poor health.,read,ab78f312-c0f2-4fb7-b82f-7b0fc8d91214,,,2026-08-04 08:25:00+00,2026-08-06 08:43:00+00,{},2026-08-04 08:25:00+00
88fe9d4d-3a3a-48b5-a88c-bcd6bb7d8a80,aedad933-6f7e-4d2e-b6df-191c9e459887,high_risk_asset,in_app,Asset health alert,Nissan Caravan 186 (LLX-COL-0186) is now at poor health.,read,ab78f312-c0f2-4fb7-b82f-7b0fc8d91214,,,2026-08-04 10:22:00+00,2026-08-04 16:58:00+00,{},2026-08-04 10:22:00+00
1d64e1a6-7796-4d45-bd55-8846ecc7b3d2,18a34e23-3be5-4058-9caa-d2075df591b8,high_risk_asset,in_app,Assigned vehicle needs attention,Nissan Caravan 187 (LLX-COL-0187) is now at poor health.,unread,eabeb31f-6ede-4bd8-a157-1ff9190a3c4f,,,2026-07-08 05:07:00+00,,{},2026-07-08 05:07:00+00
2a90d00d-5d31-4601-81d4-35c3439a5777,23b91a79-185d-41b8-aed8-22bf2cb9f4af,high_risk_asset,in_app,Asset health alert,Nissan Caravan 187 (LLX-COL-0187) is now at poor health.,read,eabeb31f-6ede-4bd8-a157-1ff9190a3c4f,,,2026-07-08 17:44:00+00,2026-07-10 17:30:00+00,{},2026-07-08 17:44:00+00
a0dc4c1a-a917-4e11-81da-d420452240f2,dff1d306-f643-4c9e-abb3-5409e072abc4,high_risk_asset,in_app,Asset health alert,Nissan Caravan 187 (LLX-COL-0187) is now at poor health.,read,eabeb31f-6ede-4bd8-a157-1ff9190a3c4f,,,2026-07-08 05:43:00+00,2026-07-09 06:16:00+00,{},2026-07-08 05:43:00+00
04d1f284-5b8d-4a93-aa31-fcc783caa4af,aedad933-6f7e-4d2e-b6df-191c9e459887,high_risk_asset,in_app,Asset health alert,Nissan Caravan 187 (LLX-COL-0187) is now at poor health.,read,eabeb31f-6ede-4bd8-a157-1ff9190a3c4f,,,2026-07-08 06:04:00+00,2026-07-11 11:51:00+00,{},2026-07-08 06:04:00+00
0524c9fe-0e7f-475b-8ed0-3ae50c111d7e,23b91a79-185d-41b8-aed8-22bf2cb9f4af,high_risk_asset,in_app,Asset health alert,Nissan Caravan 197 (LLX-COL-0197) is now at critical health.,read,4fcdca25-785a-413b-923b-14a0d95f346a,,,2026-07-12 06:22:00+00,2026-07-15 16:57:00+00,{},2026-07-12 06:22:00+00
f0da6ecb-a374-4421-a939-24ef952e6722,dff1d306-f643-4c9e-abb3-5409e072abc4,high_risk_asset,in_app,Asset health alert,Nissan Caravan 197 (LLX-COL-0197) is now at critical health.,unread,4fcdca25-785a-413b-923b-14a0d95f346a,,,2026-07-12 13:22:00+00,,{},2026-07-12 13:22:00+00
d0105d31-133a-4a0c-b499-13d3f5985060,aedad933-6f7e-4d2e-b6df-191c9e459887,high_risk_asset,in_app,Asset health alert,Nissan Caravan 197 (LLX-COL-0197) is now at critical health.,read,4fcdca25-785a-413b-923b-14a0d95f346a,,,2026-07-12 08:26:00+00,2026-07-13 12:44:00+00,{},2026-07-12 08:26:00+00
602ee25d-743a-4962-a0b9-1f54695a0f2a,23b91a79-185d-41b8-aed8-22bf2cb9f4af,high_risk_asset,in_app,Asset health alert,Toyota HiAce 199 (LLX-COL-0199) is now at poor health.,read,6afa9f77-c0a3-49fa-8f00-1c6dbad64985,,,2026-07-22 12:50:00+00,2026-07-24 14:41:00+00,{},2026-07-22 12:50:00+00
176a9c60-4734-4476-96f9-01c90fc68e35,dff1d306-f643-4c9e-abb3-5409e072abc4,high_risk_asset,in_app,Asset health alert,Toyota HiAce 199 (LLX-COL-0199) is now at poor health.,read,6afa9f77-c0a3-49fa-8f00-1c6dbad64985,,,2026-07-22 12:55:00+00,2026-07-22 10:00:00+00,{},2026-07-22 12:55:00+00
d0fc4a20-ed1b-494f-9a99-b969b9c56d7a,aedad933-6f7e-4d2e-b6df-191c9e459887,high_risk_asset,in_app,Asset health alert,Toyota HiAce 199 (LLX-COL-0199) is now at poor health.,read,6afa9f77-c0a3-49fa-8f00-1c6dbad64985,,,2026-07-22 08:20:00+00,2026-07-25 09:51:00+00,{},2026-07-22 08:20:00+00
096a39b4-e37e-4664-afd1-68d2518e91a9,ce3a6f56-693b-4df4-b602-ed2623c68aad,high_risk_asset,in_app,Assigned vehicle needs attention,KDH Van 211 (LLX-COL-0211) is now at poor health.,read,a87725d8-9668-4fd1-91e2-a723551f64cb,,,2026-07-26 06:16:00+00,2026-07-27 08:39:00+00,{},2026-07-26 06:16:00+00
bad49933-812b-4e81-89b2-a75bf8fa9cd1,23b91a79-185d-41b8-aed8-22bf2cb9f4af,high_risk_asset,in_app,Asset health alert,KDH Van 211 (LLX-COL-0211) is now at poor health.,read,a87725d8-9668-4fd1-91e2-a723551f64cb,,,2026-07-26 10:14:00+00,2026-07-26 06:45:00+00,{},2026-07-26 10:14:00+00
9468a992-9f29-43ae-86bf-99dfd1c58930,dff1d306-f643-4c9e-abb3-5409e072abc4,high_risk_asset,in_app,Asset health alert,KDH Van 211 (LLX-COL-0211) is now at poor health.,read,a87725d8-9668-4fd1-91e2-a723551f64cb,,,2026-07-26 09:30:00+00,2026-07-26 12:37:00+00,{},2026-07-26 09:30:00+00
62c5cf76-3ea1-4144-a969-da9ca11180fc,aedad933-6f7e-4d2e-b6df-191c9e459887,high_risk_asset,in_app,Asset health alert,KDH Van 211 (LLX-COL-0211) is now at poor health.,read,a87725d8-9668-4fd1-91e2-a723551f64cb,,,2026-07-26 14:41:00+00,2026-07-27 17:15:00+00,{},2026-07-26 14:41:00+00
6d3b0b4e-6390-41da-9a11-28bd3c6deb60,7e4fde36-648a-411f-9e69-54dd9be25b54,high_risk_asset,in_app,Assigned vehicle needs attention,Nissan Caravan 213 (LLX-COL-0213) is now at poor health.,read,32814e54-e803-4a7f-bff9-252710b13c74,,,2026-07-17 13:49:00+00,2026-07-18 07:53:00+00,{},2026-07-17 13:49:00+00
45b8e027-fa05-418e-be97-e170ac95de21,23b91a79-185d-41b8-aed8-22bf2cb9f4af,high_risk_asset,in_app,Asset health alert,Nissan Caravan 213 (LLX-COL-0213) is now at poor health.,unread,32814e54-e803-4a7f-bff9-252710b13c74,,,2026-07-17 17:54:00+00,,{},2026-07-17 17:54:00+00
48492613-ea7e-4e27-a047-6a5675273fa6,dff1d306-f643-4c9e-abb3-5409e072abc4,high_risk_asset,in_app,Asset health alert,Nissan Caravan 213 (LLX-COL-0213) is now at poor health.,read,32814e54-e803-4a7f-bff9-252710b13c74,,,2026-07-17 07:22:00+00,2026-07-18 14:58:00+00,{},2026-07-17 07:22:00+00
964c4c37-bc5d-42de-88e2-e182a458638e,aedad933-6f7e-4d2e-b6df-191c9e459887,high_risk_asset,in_app,Asset health alert,Nissan Caravan 213 (LLX-COL-0213) is now at poor health.,read,32814e54-e803-4a7f-bff9-252710b13c74,,,2026-07-17 11:15:00+00,2026-07-17 15:10:00+00,{},2026-07-17 11:15:00+00
6069274f-7d97-4045-9eac-5318ae401815,9eb29422-f448-4bb6-ab3d-c580defcd756,high_risk_asset,in_app,Assigned vehicle needs attention,KDH Van 216 (LLX-COL-0216) is now at poor health.,read,1b3b71fc-190f-4ef5-9cbb-16a20b9be120,,,2026-08-01 16:14:00+00,2026-08-01 12:31:00+00,{},2026-08-01 16:14:00+00
a6f8d959-d3a6-46c1-9085-8274731c2847,23b91a79-185d-41b8-aed8-22bf2cb9f4af,high_risk_asset,in_app,Asset health alert,KDH Van 216 (LLX-COL-0216) is now at poor health.,read,1b3b71fc-190f-4ef5-9cbb-16a20b9be120,,,2026-08-01 07:44:00+00,2026-08-01 11:59:00+00,{},2026-08-01 07:44:00+00
dedf0490-8520-478e-b414-492f4e95135c,dff1d306-f643-4c9e-abb3-5409e072abc4,high_risk_asset,in_app,Asset health alert,KDH Van 216 (LLX-COL-0216) is now at poor health.,read,1b3b71fc-190f-4ef5-9cbb-16a20b9be120,,,2026-08-01 06:16:00+00,2026-08-03 11:08:00+00,{},2026-08-01 06:16:00+00
d0576c45-cdd2-4454-a08f-05d8d64cf3b9,aedad933-6f7e-4d2e-b6df-191c9e459887,high_risk_asset,in_app,Asset health alert,KDH Van 216 (LLX-COL-0216) is now at poor health.,read,1b3b71fc-190f-4ef5-9cbb-16a20b9be120,,,2026-08-01 06:31:00+00,2026-08-02 10:46:00+00,{},2026-08-01 06:31:00+00
3bc40a49-a5f4-43b8-8ca4-56ebc081fbde,23b91a79-185d-41b8-aed8-22bf2cb9f4af,high_risk_asset,in_app,Asset health alert,KDH Van 217 (LLX-COL-0217) is now at poor health.,unread,a69c03e7-be17-4261-9931-28c92a5dd71f,,,2026-08-04 14:43:00+00,,{},2026-08-04 14:43:00+00
b9c4bd30-d6b1-4360-b0fe-344dffbf443d,dff1d306-f643-4c9e-abb3-5409e072abc4,high_risk_asset,in_app,Asset health alert,KDH Van 217 (LLX-COL-0217) is now at poor health.,unread,a69c03e7-be17-4261-9931-28c92a5dd71f,,,2026-08-04 17:13:00+00,,{},2026-08-04 17:13:00+00
25676ebc-08aa-404d-9304-602e31500a0f,aedad933-6f7e-4d2e-b6df-191c9e459887,high_risk_asset,in_app,Asset health alert,KDH Van 217 (LLX-COL-0217) is now at poor health.,unread,a69c03e7-be17-4261-9931-28c92a5dd71f,,,2026-08-04 06:18:00+00,,{},2026-08-04 06:18:00+00
db4a522b-a6c1-4b95-842d-e64495085bd9,23b91a79-185d-41b8-aed8-22bf2cb9f4af,high_risk_asset,in_app,Asset health alert,Toyota HiAce 219 (LLX-COL-0219) is now at poor health.,read,6620d2b6-50dd-4118-ac3e-5447917d859d,,,2026-07-22 13:50:00+00,2026-07-25 06:16:00+00,{},2026-07-22 13:50:00+00
51f3ed4e-8ec2-41e6-b496-a93c04964b8e,dff1d306-f643-4c9e-abb3-5409e072abc4,high_risk_asset,in_app,Asset health alert,Toyota HiAce 219 (LLX-COL-0219) is now at poor health.,read,6620d2b6-50dd-4118-ac3e-5447917d859d,,,2026-07-22 16:03:00+00,2026-07-23 15:12:00+00,{},2026-07-22 16:03:00+00
732f7c6c-100a-4944-b1fc-1fbfcc2e3435,aedad933-6f7e-4d2e-b6df-191c9e459887,high_risk_asset,in_app,Asset health alert,Toyota HiAce 219 (LLX-COL-0219) is now at poor health.,read,6620d2b6-50dd-4118-ac3e-5447917d859d,,,2026-07-22 05:52:00+00,2026-07-25 10:48:00+00,{},2026-07-22 05:52:00+00
b07a2efd-37b6-4dd9-a09b-c2bde8b26508,23b91a79-185d-41b8-aed8-22bf2cb9f4af,high_risk_asset,in_app,Asset health alert,Nissan Caravan 221 (LLX-COL-0221) is now at poor health.,read,dfd5d15e-0615-4591-a5f3-ffc82e08cdab,,,2026-07-12 12:35:00+00,2026-07-12 11:15:00+00,{},2026-07-12 12:35:00+00
d9df6257-a999-499f-986e-288833d78bd8,dff1d306-f643-4c9e-abb3-5409e072abc4,high_risk_asset,in_app,Asset health alert,Nissan Caravan 221 (LLX-COL-0221) is now at poor health.,read,dfd5d15e-0615-4591-a5f3-ffc82e08cdab,,,2026-07-12 11:03:00+00,2026-07-15 11:21:00+00,{},2026-07-12 11:03:00+00
413e3061-b7be-4315-b736-a742b0badb32,aedad933-6f7e-4d2e-b6df-191c9e459887,high_risk_asset,in_app,Asset health alert,Nissan Caravan 221 (LLX-COL-0221) is now at poor health.,read,dfd5d15e-0615-4591-a5f3-ffc82e08cdab,,,2026-07-12 05:38:00+00,2026-07-14 12:37:00+00,{},2026-07-12 05:38:00+00
4f55ee8d-b093-47f1-808d-f9b4b74d7331,45dbe37c-5e06-4e69-9c77-39a1ada41399,high_risk_asset,in_app,Assigned vehicle needs attention,KDH Van 222 (LLX-COL-0222) is now at poor health.,read,79edb5c8-0b2d-4d38-9c6e-d98528c57c68,,,2026-07-01 15:44:00+00,2026-07-03 14:57:00+00,{},2026-07-01 15:44:00+00
1432765e-fec1-4970-807c-fb3a0b5d044e,23b91a79-185d-41b8-aed8-22bf2cb9f4af,high_risk_asset,in_app,Asset health alert,KDH Van 222 (LLX-COL-0222) is now at poor health.,read,79edb5c8-0b2d-4d38-9c6e-d98528c57c68,,,2026-07-01 12:19:00+00,2026-07-01 10:29:00+00,{},2026-07-01 12:19:00+00
0fece978-84e1-4723-9126-d8974625c9be,dff1d306-f643-4c9e-abb3-5409e072abc4,high_risk_asset,in_app,Asset health alert,KDH Van 222 (LLX-COL-0222) is now at poor health.,read,79edb5c8-0b2d-4d38-9c6e-d98528c57c68,,,2026-07-01 11:02:00+00,2026-07-04 06:09:00+00,{},2026-07-01 11:02:00+00
24ff78c3-0cdc-4dd3-afc3-a3f1aa6198a5,aedad933-6f7e-4d2e-b6df-191c9e459887,high_risk_asset,in_app,Asset health alert,KDH Van 222 (LLX-COL-0222) is now at poor health.,read,79edb5c8-0b2d-4d38-9c6e-d98528c57c68,,,2026-07-01 11:32:00+00,2026-07-02 12:40:00+00,{},2026-07-01 11:32:00+00
a0a39aeb-9198-42bf-9294-64a144943198,3c5b8d69-75e5-4a06-9f93-b9c0e7929f9f,high_risk_asset,in_app,Assigned vehicle needs attention,KDH Van 225 (LLX-COL-0225) is now at poor health.,read,7ff93618-4f0b-474e-9034-d7dd02ea4338,,,2026-07-21 14:34:00+00,2026-07-21 08:53:00+00,{},2026-07-21 14:34:00+00
abd9b6e8-d6c2-4f6c-9395-b281f636dee9,23b91a79-185d-41b8-aed8-22bf2cb9f4af,high_risk_asset,in_app,Asset health alert,KDH Van 225 (LLX-COL-0225) is now at poor health.,read,7ff93618-4f0b-474e-9034-d7dd02ea4338,,,2026-07-21 10:20:00+00,2026-07-24 13:33:00+00,{},2026-07-21 10:20:00+00
e298b8e5-1f36-40f0-9d6c-b94ed3169bff,dff1d306-f643-4c9e-abb3-5409e072abc4,high_risk_asset,in_app,Asset health alert,KDH Van 225 (LLX-COL-0225) is now at poor health.,unread,7ff93618-4f0b-474e-9034-d7dd02ea4338,,,2026-07-21 08:38:00+00,,{},2026-07-21 08:38:00+00
3180dfaf-c827-40a4-8fc0-cd92d999a69c,aedad933-6f7e-4d2e-b6df-191c9e459887,high_risk_asset,in_app,Asset health alert,KDH Van 225 (LLX-COL-0225) is now at poor health.,read,7ff93618-4f0b-474e-9034-d7dd02ea4338,,,2026-07-21 07:33:00+00,2026-07-21 08:52:00+00,{},2026-07-21 07:33:00+00
06e97c63-542a-46ce-9bf6-3d90f5650271,af901256-e5d4-4ea1-b95a-c5f2006a7629,high_risk_asset,in_app,Assigned vehicle needs attention,Toyota HiAce 231 (LLX-COL-0231) is now at poor health.,read,4c132132-4625-4acf-89a2-af1f0f33fc14,,,2026-07-06 09:36:00+00,2026-07-07 14:38:00+00,{},2026-07-06 09:36:00+00
3bd5f7fb-f195-4d30-85b0-aa89bd01949f,23b91a79-185d-41b8-aed8-22bf2cb9f4af,high_risk_asset,in_app,Asset health alert,Toyota HiAce 231 (LLX-COL-0231) is now at poor health.,read,4c132132-4625-4acf-89a2-af1f0f33fc14,,,2026-07-06 15:16:00+00,2026-07-09 09:05:00+00,{},2026-07-06 15:16:00+00
a8eee366-45e1-4ab5-b1a0-195e65833465,dff1d306-f643-4c9e-abb3-5409e072abc4,high_risk_asset,in_app,Asset health alert,Toyota HiAce 231 (LLX-COL-0231) is now at poor health.,read,4c132132-4625-4acf-89a2-af1f0f33fc14,,,2026-07-06 13:46:00+00,2026-07-07 07:15:00+00,{},2026-07-06 13:46:00+00
4ab3dd77-5108-467b-9371-ee49bde55389,aedad933-6f7e-4d2e-b6df-191c9e459887,high_risk_asset,in_app,Asset health alert,Toyota HiAce 231 (LLX-COL-0231) is now at poor health.,read,4c132132-4625-4acf-89a2-af1f0f33fc14,,,2026-07-06 06:14:00+00,2026-07-09 10:49:00+00,{},2026-07-06 06:14:00+00
487ec0d5-7f71-4dcb-8a65-06f8be797459,d3879937-718a-45eb-8fd3-f608ffadaf81,high_risk_asset,in_app,Assigned vehicle needs attention,Toyota HiAce 233 (LLX-COL-0233) is now at poor health.,read,b4eed28a-120a-4257-bafd-174dbea68462,,,2026-07-18 05:00:00+00,2026-07-20 06:03:00+00,{},2026-07-18 05:00:00+00
752fc58f-8e0c-4e04-91f6-59c3d2d28c6d,23b91a79-185d-41b8-aed8-22bf2cb9f4af,high_risk_asset,in_app,Asset health alert,Toyota HiAce 233 (LLX-COL-0233) is now at poor health.,unread,b4eed28a-120a-4257-bafd-174dbea68462,,,2026-07-18 14:42:00+00,,{},2026-07-18 14:42:00+00
cf4b2858-4e96-41bd-beb3-7ea0a3268588,dff1d306-f643-4c9e-abb3-5409e072abc4,high_risk_asset,in_app,Asset health alert,Toyota HiAce 233 (LLX-COL-0233) is now at poor health.,read,b4eed28a-120a-4257-bafd-174dbea68462,,,2026-07-18 11:52:00+00,2026-07-18 14:35:00+00,{},2026-07-18 11:52:00+00
0b963fdc-0490-4137-90e8-d6bcd7466ab4,aedad933-6f7e-4d2e-b6df-191c9e459887,high_risk_asset,in_app,Asset health alert,Toyota HiAce 233 (LLX-COL-0233) is now at poor health.,read,b4eed28a-120a-4257-bafd-174dbea68462,,,2026-07-18 05:35:00+00,2026-07-21 17:07:00+00,{},2026-07-18 05:35:00+00
ce90949e-bc13-403e-9a31-3d5883760e2c,23b91a79-185d-41b8-aed8-22bf2cb9f4af,high_risk_asset,in_app,Asset health alert,Piaggio Porter 241 (LLX-COL-0241) is now at critical health.,unread,b26f21fc-27cc-4310-8644-180443dc0a22,,,2026-08-06 09:38:00+00,,{},2026-08-06 09:38:00+00
11bd00cd-3daa-4d4e-b4ae-d22e4f29e863,dff1d306-f643-4c9e-abb3-5409e072abc4,high_risk_asset,in_app,Asset health alert,Piaggio Porter 241 (LLX-COL-0241) is now at critical health.,read,b26f21fc-27cc-4310-8644-180443dc0a22,,,2026-08-06 14:34:00+00,2026-08-07 07:48:00+00,{},2026-08-06 14:34:00+00
31643ede-b6d6-4b4d-bc37-98d24fc65e6c,aedad933-6f7e-4d2e-b6df-191c9e459887,high_risk_asset,in_app,Asset health alert,Piaggio Porter 241 (LLX-COL-0241) is now at critical health.,unread,b26f21fc-27cc-4310-8644-180443dc0a22,,,2026-08-06 14:33:00+00,,{},2026-08-06 14:33:00+00
365d0861-f717-48c7-96a8-c93204c9946a,cb09e946-aa0f-4553-883f-a8fbb994dd6e,high_risk_asset,in_app,Assigned vehicle needs attention,Mahindra Bolero Pickup 254 (LLX-COL-0254) is now at poor health.,read,0507d399-4e22-4c15-be07-3e57b14bb1b6,,,2026-07-19 10:39:00+00,2026-07-19 12:43:00+00,{},2026-07-19 10:39:00+00
3590c48f-6764-416f-bed6-abd51079e411,23b91a79-185d-41b8-aed8-22bf2cb9f4af,high_risk_asset,in_app,Asset health alert,Mahindra Bolero Pickup 254 (LLX-COL-0254) is now at poor health.,read,0507d399-4e22-4c15-be07-3e57b14bb1b6,,,2026-07-19 16:17:00+00,2026-07-20 06:57:00+00,{},2026-07-19 16:17:00+00
4270a749-a981-43d8-80a6-8b0b2989d948,dff1d306-f643-4c9e-abb3-5409e072abc4,high_risk_asset,in_app,Asset health alert,Mahindra Bolero Pickup 254 (LLX-COL-0254) is now at poor health.,read,0507d399-4e22-4c15-be07-3e57b14bb1b6,,,2026-07-19 15:17:00+00,2026-07-19 10:32:00+00,{},2026-07-19 15:17:00+00
c2cbb8e7-5df8-405f-9d58-297fe954b479,aedad933-6f7e-4d2e-b6df-191c9e459887,high_risk_asset,in_app,Asset health alert,Mahindra Bolero Pickup 254 (LLX-COL-0254) is now at poor health.,read,0507d399-4e22-4c15-be07-3e57b14bb1b6,,,2026-07-19 14:46:00+00,2026-07-22 12:02:00+00,{},2026-07-19 14:46:00+00
191701c8-9599-4261-a030-3ed0d365193d,20ab5d3f-f2ca-4af4-b3c1-43fbcfad7b62,high_risk_asset,in_app,Assigned vehicle needs attention,Piaggio Porter 257 (LLX-COL-0257) is now at poor health.,read,90849b14-0cfd-47c6-a78e-b679f4567896,,,2026-08-03 16:52:00+00,2026-08-06 15:31:00+00,{},2026-08-03 16:52:00+00
48ca40d8-5260-492e-98c9-083612447c1c,23b91a79-185d-41b8-aed8-22bf2cb9f4af,high_risk_asset,in_app,Asset health alert,Piaggio Porter 257 (LLX-COL-0257) is now at poor health.,unread,90849b14-0cfd-47c6-a78e-b679f4567896,,,2026-08-03 12:02:00+00,,{},2026-08-03 12:02:00+00
673e1029-cd97-48c0-93af-53b8fc4f3244,dff1d306-f643-4c9e-abb3-5409e072abc4,high_risk_asset,in_app,Asset health alert,Piaggio Porter 257 (LLX-COL-0257) is now at poor health.,unread,90849b14-0cfd-47c6-a78e-b679f4567896,,,2026-08-03 08:21:00+00,,{},2026-08-03 08:21:00+00
505469d8-cdd3-4db6-a997-a598f4249499,aedad933-6f7e-4d2e-b6df-191c9e459887,high_risk_asset,in_app,Asset health alert,Piaggio Porter 257 (LLX-COL-0257) is now at poor health.,read,90849b14-0cfd-47c6-a78e-b679f4567896,,,2026-08-03 15:35:00+00,2026-08-04 17:29:00+00,{},2026-08-03 15:35:00+00
0bf2a201-dae4-4622-a998-d2429e310a08,56497cd1-0d97-423e-8009-ec18b6d28ef1,high_risk_asset,in_app,Assigned vehicle needs attention,Piaggio Porter 258 (LLX-COL-0258) is now at poor health.,read,96520911-34b0-4860-8d17-e31d74164fb1,,,2026-06-27 09:34:00+00,2026-06-27 07:30:00+00,{},2026-06-27 09:34:00+00
29579f2d-b3ac-46ef-a6f3-b7b076ebffc2,23b91a79-185d-41b8-aed8-22bf2cb9f4af,high_risk_asset,in_app,Asset health alert,Piaggio Porter 258 (LLX-COL-0258) is now at poor health.,read,96520911-34b0-4860-8d17-e31d74164fb1,,,2026-06-27 17:07:00+00,2026-06-30 16:21:00+00,{},2026-06-27 17:07:00+00
4472ce29-8956-43a1-bb3a-8d0b2f101a8e,dff1d306-f643-4c9e-abb3-5409e072abc4,high_risk_asset,in_app,Asset health alert,Piaggio Porter 258 (LLX-COL-0258) is now at poor health.,unread,96520911-34b0-4860-8d17-e31d74164fb1,,,2026-06-27 08:44:00+00,,{},2026-06-27 08:44:00+00
b77335d2-4cf6-4004-b8aa-35018736a645,aedad933-6f7e-4d2e-b6df-191c9e459887,high_risk_asset,in_app,Asset health alert,Piaggio Porter 258 (LLX-COL-0258) is now at poor health.,read,96520911-34b0-4860-8d17-e31d74164fb1,,,2026-06-27 17:23:00+00,2026-06-30 14:55:00+00,{},2026-06-27 17:23:00+00
9406ab04-d88e-4884-a6d1-2cdc090ce166,23b91a79-185d-41b8-aed8-22bf2cb9f4af,high_risk_asset,in_app,Asset health alert,Tata Ace 260 (LLX-COL-0260) is now at poor health.,read,6e0515f5-1e47-40a2-a035-18eaf3f248a9,,,2026-06-26 13:53:00+00,2026-06-28 06:43:00+00,{},2026-06-26 13:53:00+00
775f0e8d-5999-4435-9a8e-c4bb71544fc8,dff1d306-f643-4c9e-abb3-5409e072abc4,high_risk_asset,in_app,Asset health alert,Tata Ace 260 (LLX-COL-0260) is now at poor health.,read,6e0515f5-1e47-40a2-a035-18eaf3f248a9,,,2026-06-26 09:47:00+00,2026-06-29 05:12:00+00,{},2026-06-26 09:47:00+00
adb543ae-f35d-41eb-a748-88bd6af2b521,aedad933-6f7e-4d2e-b6df-191c9e459887,high_risk_asset,in_app,Asset health alert,Tata Ace 260 (LLX-COL-0260) is now at poor health.,read,6e0515f5-1e47-40a2-a035-18eaf3f248a9,,,2026-06-26 10:14:00+00,2026-06-27 06:05:00+00,{},2026-06-26 10:14:00+00
5012265b-d21e-4b58-ae70-7f61cc40f54d,349e690e-52a1-4c2a-b549-9453d0c5b790,high_risk_asset,in_app,Assigned vehicle needs attention,Piaggio Porter 261 (LLX-COL-0261) is now at poor health.,read,e2966d9f-ab49-47d7-a15e-efa7fd80cdf0,,,2026-07-25 17:54:00+00,2026-07-27 12:47:00+00,{},2026-07-25 17:54:00+00
6ad2ba02-f766-4bbf-9c2b-4e90957f7c83,23b91a79-185d-41b8-aed8-22bf2cb9f4af,high_risk_asset,in_app,Asset health alert,Piaggio Porter 261 (LLX-COL-0261) is now at poor health.,read,e2966d9f-ab49-47d7-a15e-efa7fd80cdf0,,,2026-07-25 12:08:00+00,2026-07-27 05:44:00+00,{},2026-07-25 12:08:00+00
99b75a41-e903-44ae-a8d9-9ad42951fb62,dff1d306-f643-4c9e-abb3-5409e072abc4,high_risk_asset,in_app,Asset health alert,Piaggio Porter 261 (LLX-COL-0261) is now at poor health.,read,e2966d9f-ab49-47d7-a15e-efa7fd80cdf0,,,2026-07-25 16:15:00+00,2026-07-26 17:17:00+00,{},2026-07-25 16:15:00+00
9cc1ff1c-0e65-4e03-8386-55bbeda621ce,aedad933-6f7e-4d2e-b6df-191c9e459887,high_risk_asset,in_app,Asset health alert,Piaggio Porter 261 (LLX-COL-0261) is now at poor health.,read,e2966d9f-ab49-47d7-a15e-efa7fd80cdf0,,,2026-07-25 05:57:00+00,2026-07-25 14:20:00+00,{},2026-07-25 05:57:00+00
18cd60f7-0a95-4527-a35e-15414d5824c9,9d13970f-2a41-435e-8706-26d1a28fe323,high_risk_asset,in_app,Assigned vehicle needs attention,Piaggio Porter 268 (LLX-COL-0268) is now at critical health.,read,ce612d8f-2c97-49a1-9228-fde704c5053e,,,2026-07-24 14:02:00+00,2026-07-25 06:06:00+00,{},2026-07-24 14:02:00+00
9763bbd1-927c-4f66-a782-1f8b1d2bf92d,23b91a79-185d-41b8-aed8-22bf2cb9f4af,high_risk_asset,in_app,Asset health alert,Piaggio Porter 268 (LLX-COL-0268) is now at critical health.,read,ce612d8f-2c97-49a1-9228-fde704c5053e,,,2026-07-24 08:14:00+00,2026-07-25 15:18:00+00,{},2026-07-24 08:14:00+00
6cb4d82c-cf13-4f43-85c2-e08d3257e01b,dff1d306-f643-4c9e-abb3-5409e072abc4,high_risk_asset,in_app,Asset health alert,Piaggio Porter 268 (LLX-COL-0268) is now at critical health.,read,ce612d8f-2c97-49a1-9228-fde704c5053e,,,2026-07-24 16:37:00+00,2026-07-27 17:06:00+00,{},2026-07-24 16:37:00+00
3adf0245-d135-42f9-956e-ddc9c13ad147,aedad933-6f7e-4d2e-b6df-191c9e459887,high_risk_asset,in_app,Asset health alert,Piaggio Porter 268 (LLX-COL-0268) is now at critical health.,read,ce612d8f-2c97-49a1-9228-fde704c5053e,,,2026-07-24 16:31:00+00,2026-07-24 07:44:00+00,{},2026-07-24 16:31:00+00
466236c0-cdfa-4356-af59-268b9053163b,cb5f60a2-0e0d-43e4-a97e-79df022e7bf2,high_risk_asset,in_app,Assigned vehicle needs attention,Mahindra Bolero Pickup 276 (LLX-COL-0276) is now at poor health.,read,4321dee6-3718-4232-8071-d5e3f805a91d,,,2026-07-29 16:30:00+00,2026-07-29 15:01:00+00,{},2026-07-29 16:30:00+00
7692c295-ba83-4588-87d8-18c3093f19e6,23b91a79-185d-41b8-aed8-22bf2cb9f4af,high_risk_asset,in_app,Asset health alert,Mahindra Bolero Pickup 276 (LLX-COL-0276) is now at poor health.,read,4321dee6-3718-4232-8071-d5e3f805a91d,,,2026-07-29 13:55:00+00,2026-07-31 11:23:00+00,{},2026-07-29 13:55:00+00
393a070c-307b-4d11-ac7f-01c99710190f,dff1d306-f643-4c9e-abb3-5409e072abc4,high_risk_asset,in_app,Asset health alert,Mahindra Bolero Pickup 276 (LLX-COL-0276) is now at poor health.,read,4321dee6-3718-4232-8071-d5e3f805a91d,,,2026-07-29 05:28:00+00,2026-07-29 10:44:00+00,{},2026-07-29 05:28:00+00
baaf45b2-3e29-477e-9cce-b2803483ab82,aedad933-6f7e-4d2e-b6df-191c9e459887,high_risk_asset,in_app,Asset health alert,Mahindra Bolero Pickup 276 (LLX-COL-0276) is now at poor health.,unread,4321dee6-3718-4232-8071-d5e3f805a91d,,,2026-07-29 14:15:00+00,,{},2026-07-29 14:15:00+00
15861157-05dc-474a-aa26-a3a5035ee2dc,42bf7196-20f8-4ee2-b42f-ee966b90d96d,high_risk_asset,in_app,Assigned vehicle needs attention,Piaggio Porter 277 (LLX-COL-0277) is now at poor health.,unread,4f9e2444-cf3b-455d-8b17-8eddf87f703e,,,2026-08-08 08:42:00+00,,{},2026-08-08 08:42:00+00
515487da-68f2-4f2b-9847-b046137f3930,23b91a79-185d-41b8-aed8-22bf2cb9f4af,high_risk_asset,in_app,Asset health alert,Piaggio Porter 277 (LLX-COL-0277) is now at poor health.,read,4f9e2444-cf3b-455d-8b17-8eddf87f703e,,,2026-08-08 12:32:00+00,2026-08-10 08:04:00+00,{},2026-08-08 12:32:00+00
364909e2-8142-4a05-8ef8-69316f8e6b2b,dff1d306-f643-4c9e-abb3-5409e072abc4,high_risk_asset,in_app,Asset health alert,Piaggio Porter 277 (LLX-COL-0277) is now at poor health.,read,4f9e2444-cf3b-455d-8b17-8eddf87f703e,,,2026-08-08 12:43:00+00,2026-08-08 09:23:00+00,{},2026-08-08 12:43:00+00
ac8a4122-ab61-4a9f-ad14-9b167c3b484c,aedad933-6f7e-4d2e-b6df-191c9e459887,high_risk_asset,in_app,Asset health alert,Piaggio Porter 277 (LLX-COL-0277) is now at poor health.,unread,4f9e2444-cf3b-455d-8b17-8eddf87f703e,,,2026-08-08 09:39:00+00,,{},2026-08-08 09:39:00+00
8befff64-db50-4680-b09c-46840c27dafe,e91776d8-e25d-4e1d-88f3-4547156b4930,high_risk_asset,in_app,Assigned vehicle needs attention,Piaggio Porter 286 (LLX-COL-0286) is now at poor health.,unread,dbcecd69-a627-4b0f-8cf0-87c3ff700c3a,,,2026-08-03 17:02:00+00,,{},2026-08-03 17:02:00+00
e65c1b67-ab51-4e53-88f6-921f92bee033,23b91a79-185d-41b8-aed8-22bf2cb9f4af,high_risk_asset,in_app,Asset health alert,Piaggio Porter 286 (LLX-COL-0286) is now at poor health.,unread,dbcecd69-a627-4b0f-8cf0-87c3ff700c3a,,,2026-08-03 15:56:00+00,,{},2026-08-03 15:56:00+00
2af18a7f-d15a-499e-bb30-9b41e7ece69e,dff1d306-f643-4c9e-abb3-5409e072abc4,high_risk_asset,in_app,Asset health alert,Piaggio Porter 286 (LLX-COL-0286) is now at poor health.,unread,dbcecd69-a627-4b0f-8cf0-87c3ff700c3a,,,2026-08-03 11:02:00+00,,{},2026-08-03 11:02:00+00
8db08fb5-f1db-4d47-843c-1d83962b38ee,aedad933-6f7e-4d2e-b6df-191c9e459887,high_risk_asset,in_app,Asset health alert,Piaggio Porter 286 (LLX-COL-0286) is now at poor health.,unread,dbcecd69-a627-4b0f-8cf0-87c3ff700c3a,,,2026-08-03 08:54:00+00,,{},2026-08-03 08:54:00+00
e8dd91b9-ff23-40be-805e-1216e11fca2b,23b91a79-185d-41b8-aed8-22bf2cb9f4af,high_risk_asset,in_app,Asset health alert,Mahindra Bolero Pickup 293 (LLX-COL-0293) is now at poor health.,read,d76aaa82-8c42-4049-b30b-4c5e50afee74,,,2026-07-15 06:54:00+00,2026-07-17 06:21:00+00,{},2026-07-15 06:54:00+00
e2cfa6fb-0d10-4e94-930a-649930c1cf4f,dff1d306-f643-4c9e-abb3-5409e072abc4,high_risk_asset,in_app,Asset health alert,Mahindra Bolero Pickup 293 (LLX-COL-0293) is now at poor health.,read,d76aaa82-8c42-4049-b30b-4c5e50afee74,,,2026-07-15 08:42:00+00,2026-07-18 10:29:00+00,{},2026-07-15 08:42:00+00
e541f310-d47f-40da-b26a-3079d202b040,aedad933-6f7e-4d2e-b6df-191c9e459887,high_risk_asset,in_app,Asset health alert,Mahindra Bolero Pickup 293 (LLX-COL-0293) is now at poor health.,read,d76aaa82-8c42-4049-b30b-4c5e50afee74,,,2026-07-15 11:04:00+00,2026-07-15 12:28:00+00,{},2026-07-15 11:04:00+00
4473083e-23b9-4de5-a4f3-ba1bd68401d5,b39348d1-7405-4464-8957-067b571cbe59,high_risk_asset,in_app,Assigned vehicle needs attention,Isuzu ELF NKR 298 (LLX-COL-0298) is now at poor health.,read,f63250b5-0058-4e7b-9ee2-a57386a6e303,,,2026-07-27 10:58:00+00,2026-07-29 15:28:00+00,{},2026-07-27 10:58:00+00
415691c4-d3d8-4a07-896c-e50b4b3768d4,23b91a79-185d-41b8-aed8-22bf2cb9f4af,high_risk_asset,in_app,Asset health alert,Isuzu ELF NKR 298 (LLX-COL-0298) is now at poor health.,read,f63250b5-0058-4e7b-9ee2-a57386a6e303,,,2026-07-27 13:41:00+00,2026-07-30 11:28:00+00,{},2026-07-27 13:41:00+00
e732d09f-efd8-48ba-878c-702a281260a9,dff1d306-f643-4c9e-abb3-5409e072abc4,high_risk_asset,in_app,Asset health alert,Isuzu ELF NKR 298 (LLX-COL-0298) is now at poor health.,unread,f63250b5-0058-4e7b-9ee2-a57386a6e303,,,2026-07-27 13:07:00+00,,{},2026-07-27 13:07:00+00
92d77ce3-c91e-4dc9-8a19-53befa97a84c,aedad933-6f7e-4d2e-b6df-191c9e459887,high_risk_asset,in_app,Asset health alert,Isuzu ELF NKR 298 (LLX-COL-0298) is now at poor health.,read,f63250b5-0058-4e7b-9ee2-a57386a6e303,,,2026-07-27 05:58:00+00,2026-07-27 15:46:00+00,{},2026-07-27 05:58:00+00
99bd967d-9f93-4f92-961c-470f7b8c7796,23b91a79-185d-41b8-aed8-22bf2cb9f4af,high_risk_asset,in_app,Asset health alert,Isuzu ELF NKR 302 (LLX-COL-0302) is now at poor health.,read,aff70554-5d52-4ae3-ab94-d8ce37b04506,,,2026-07-10 15:15:00+00,2026-07-13 15:26:00+00,{},2026-07-10 15:15:00+00
7504253b-fe59-4369-8c89-5f161a7f44ce,dff1d306-f643-4c9e-abb3-5409e072abc4,high_risk_asset,in_app,Asset health alert,Isuzu ELF NKR 302 (LLX-COL-0302) is now at poor health.,read,aff70554-5d52-4ae3-ab94-d8ce37b04506,,,2026-07-10 08:35:00+00,2026-07-11 13:59:00+00,{},2026-07-10 08:35:00+00
136d5522-1dbd-416e-a5a6-3d3dc8939c8b,aedad933-6f7e-4d2e-b6df-191c9e459887,high_risk_asset,in_app,Asset health alert,Isuzu ELF NKR 302 (LLX-COL-0302) is now at poor health.,read,aff70554-5d52-4ae3-ab94-d8ce37b04506,,,2026-07-10 17:28:00+00,2026-07-13 14:32:00+00,{},2026-07-10 17:28:00+00
a7febc51-50a5-4d4b-bad8-484928c38b65,3b296b4c-a6c2-42a6-89b4-e614400f1631,high_risk_asset,in_app,Assigned vehicle needs attention,Tata Ultra T.7 314 (LLX-COL-0314) is now at poor health.,read,6110db6d-cb80-4658-bbb6-3687a2edc826,,,2026-07-11 06:15:00+00,2026-07-14 13:35:00+00,{},2026-07-11 06:15:00+00
2cb8a2ea-4fb1-422b-a012-45d6eab06739,23b91a79-185d-41b8-aed8-22bf2cb9f4af,high_risk_asset,in_app,Asset health alert,Tata Ultra T.7 314 (LLX-COL-0314) is now at poor health.,read,6110db6d-cb80-4658-bbb6-3687a2edc826,,,2026-07-11 10:56:00+00,2026-07-14 11:35:00+00,{},2026-07-11 10:56:00+00
ab5f948c-d8cf-4d65-a84f-9b37020b9349,dff1d306-f643-4c9e-abb3-5409e072abc4,high_risk_asset,in_app,Asset health alert,Tata Ultra T.7 314 (LLX-COL-0314) is now at poor health.,read,6110db6d-cb80-4658-bbb6-3687a2edc826,,,2026-07-11 07:39:00+00,2026-07-14 15:51:00+00,{},2026-07-11 07:39:00+00
04273e29-6f80-417c-8853-55eb8b3863f9,aedad933-6f7e-4d2e-b6df-191c9e459887,high_risk_asset,in_app,Asset health alert,Tata Ultra T.7 314 (LLX-COL-0314) is now at poor health.,unread,6110db6d-cb80-4658-bbb6-3687a2edc826,,,2026-07-11 07:15:00+00,,{},2026-07-11 07:15:00+00
b731bc79-52c7-433a-b6ca-f6dd29744031,a5873caa-58e3-478e-9e5c-c4f5be6aeec5,high_risk_asset,in_app,Assigned vehicle needs attention,Isuzu ELF NKR 318 (LLX-COL-0318) is now at poor health.,unread,1621a9c7-d95e-420e-a2c6-821e3a64c4c1,,,2026-08-05 10:20:00+00,,{},2026-08-05 10:20:00+00
f6aa8698-d074-46f1-8d17-8fa496751ad2,23b91a79-185d-41b8-aed8-22bf2cb9f4af,high_risk_asset,in_app,Asset health alert,Isuzu ELF NKR 318 (LLX-COL-0318) is now at poor health.,unread,1621a9c7-d95e-420e-a2c6-821e3a64c4c1,,,2026-08-05 15:24:00+00,,{},2026-08-05 15:24:00+00
bb18bc79-692b-4b12-87eb-7f5bef28b8e8,dff1d306-f643-4c9e-abb3-5409e072abc4,high_risk_asset,in_app,Asset health alert,Isuzu ELF NKR 318 (LLX-COL-0318) is now at poor health.,unread,1621a9c7-d95e-420e-a2c6-821e3a64c4c1,,,2026-08-05 12:21:00+00,,{},2026-08-05 12:21:00+00
b5f8e099-f66d-4fbc-a75a-26e2cc738fb4,aedad933-6f7e-4d2e-b6df-191c9e459887,high_risk_asset,in_app,Asset health alert,Isuzu ELF NKR 318 (LLX-COL-0318) is now at poor health.,unread,1621a9c7-d95e-420e-a2c6-821e3a64c4c1,,,2026-08-05 09:00:00+00,,{},2026-08-05 09:00:00+00
97da1ee5-bf7f-473b-8307-dc0de5a07e94,ec8132ac-9310-44f0-89de-9a6f62074977,high_risk_asset,in_app,Assigned vehicle needs attention,Mitsubishi Canter 321 (LLX-COL-0321) is now at poor health.,read,95857487-a16c-4373-8d49-35177e75ea0f,,,2026-07-09 05:14:00+00,2026-07-12 06:13:00+00,{},2026-07-09 05:14:00+00
6cd3685d-e3f8-4060-a3e0-5d265c8323c8,23b91a79-185d-41b8-aed8-22bf2cb9f4af,high_risk_asset,in_app,Asset health alert,Mitsubishi Canter 321 (LLX-COL-0321) is now at poor health.,read,95857487-a16c-4373-8d49-35177e75ea0f,,,2026-07-09 06:12:00+00,2026-07-12 13:36:00+00,{},2026-07-09 06:12:00+00
0323d40f-7c7d-41ad-8de1-0938486c2d05,dff1d306-f643-4c9e-abb3-5409e072abc4,high_risk_asset,in_app,Asset health alert,Mitsubishi Canter 321 (LLX-COL-0321) is now at poor health.,read,95857487-a16c-4373-8d49-35177e75ea0f,,,2026-07-09 09:40:00+00,2026-07-12 13:14:00+00,{},2026-07-09 09:40:00+00
390b15ad-fdd4-48de-a44c-f23d3ae1e3b5,aedad933-6f7e-4d2e-b6df-191c9e459887,high_risk_asset,in_app,Asset health alert,Mitsubishi Canter 321 (LLX-COL-0321) is now at poor health.,read,95857487-a16c-4373-8d49-35177e75ea0f,,,2026-07-09 12:12:00+00,2026-07-10 10:30:00+00,{},2026-07-09 12:12:00+00
50811676-0c72-41db-a68f-1afb2bf964e1,8c660120-06ae-494a-8b89-5ba8438020a9,high_risk_asset,in_app,Assigned vehicle needs attention,Isuzu ELF NKR 330 (LLX-COL-0330) is now at poor health.,read,5e1e1d08-f6b0-480f-94a3-da11380857df,,,2026-06-28 10:21:00+00,2026-06-28 10:23:00+00,{},2026-06-28 10:21:00+00
1b371168-5009-437b-b8ad-6f2129882aca,23b91a79-185d-41b8-aed8-22bf2cb9f4af,high_risk_asset,in_app,Asset health alert,Isuzu ELF NKR 330 (LLX-COL-0330) is now at poor health.,read,5e1e1d08-f6b0-480f-94a3-da11380857df,,,2026-06-28 05:39:00+00,2026-06-29 16:32:00+00,{},2026-06-28 05:39:00+00
651640f0-3da4-476e-9b7d-3d2f0ad5f311,dff1d306-f643-4c9e-abb3-5409e072abc4,high_risk_asset,in_app,Asset health alert,Isuzu ELF NKR 330 (LLX-COL-0330) is now at poor health.,read,5e1e1d08-f6b0-480f-94a3-da11380857df,,,2026-06-28 06:38:00+00,2026-06-28 10:49:00+00,{},2026-06-28 06:38:00+00
f4e2cb94-b8f3-4f8d-88ea-4a51bab8cea6,aedad933-6f7e-4d2e-b6df-191c9e459887,high_risk_asset,in_app,Asset health alert,Isuzu ELF NKR 330 (LLX-COL-0330) is now at poor health.,read,5e1e1d08-f6b0-480f-94a3-da11380857df,,,2026-06-28 17:30:00+00,2026-06-29 17:43:00+00,{},2026-06-28 17:30:00+00
d88e0cb8-cb21-49d6-9db0-357ed8f583fe,8d29cbfb-7111-4b9f-84eb-755a873d85f4,high_risk_asset,in_app,Assigned vehicle needs attention,Isuzu ELF NKR 340 (LLX-COL-0340) is now at poor health.,read,c9ec95fd-c53b-49ab-a462-e060ce9d54e2,,,2026-07-30 12:27:00+00,2026-08-01 08:01:00+00,{},2026-07-30 12:27:00+00
4dd9be45-8542-4c4e-8290-aa09a7e46d29,23b91a79-185d-41b8-aed8-22bf2cb9f4af,high_risk_asset,in_app,Asset health alert,Isuzu ELF NKR 340 (LLX-COL-0340) is now at poor health.,read,c9ec95fd-c53b-49ab-a462-e060ce9d54e2,,,2026-07-30 10:11:00+00,2026-08-02 13:03:00+00,{},2026-07-30 10:11:00+00
c1227e20-248d-4335-937f-2853ba6444ed,dff1d306-f643-4c9e-abb3-5409e072abc4,high_risk_asset,in_app,Asset health alert,Isuzu ELF NKR 340 (LLX-COL-0340) is now at poor health.,read,c9ec95fd-c53b-49ab-a462-e060ce9d54e2,,,2026-07-30 16:31:00+00,2026-08-02 17:52:00+00,{},2026-07-30 16:31:00+00
a0476963-2249-4251-8e9d-ecd48974eb34,aedad933-6f7e-4d2e-b6df-191c9e459887,high_risk_asset,in_app,Asset health alert,Isuzu ELF NKR 340 (LLX-COL-0340) is now at poor health.,read,c9ec95fd-c53b-49ab-a462-e060ce9d54e2,,,2026-07-30 07:57:00+00,2026-07-30 13:30:00+00,{},2026-07-30 07:57:00+00
222399bd-c934-4425-91dc-0f6f889fb453,35d2516a-d950-46c7-9fd9-6f76176ed4bb,high_risk_asset,in_app,Assigned vehicle needs attention,Tata Ultra T.7 341 (LLX-COL-0341) is now at poor health.,read,9e35b264-e0d9-4ba2-9edc-02dac25997a0,,,2026-06-27 09:53:00+00,2026-06-30 14:09:00+00,{},2026-06-27 09:53:00+00
1ead4063-9b50-4bbc-abc0-cfd84cd090e8,23b91a79-185d-41b8-aed8-22bf2cb9f4af,high_risk_asset,in_app,Asset health alert,Tata Ultra T.7 341 (LLX-COL-0341) is now at poor health.,read,9e35b264-e0d9-4ba2-9edc-02dac25997a0,,,2026-06-27 12:49:00+00,2026-06-27 17:49:00+00,{},2026-06-27 12:49:00+00
f5173d61-5970-482f-8626-0be3402219b8,dff1d306-f643-4c9e-abb3-5409e072abc4,high_risk_asset,in_app,Asset health alert,Tata Ultra T.7 341 (LLX-COL-0341) is now at poor health.,read,9e35b264-e0d9-4ba2-9edc-02dac25997a0,,,2026-06-27 15:05:00+00,2026-06-28 10:17:00+00,{},2026-06-27 15:05:00+00
85cf10eb-6d9b-418a-983f-ddc840248462,aedad933-6f7e-4d2e-b6df-191c9e459887,high_risk_asset,in_app,Asset health alert,Tata Ultra T.7 341 (LLX-COL-0341) is now at poor health.,read,9e35b264-e0d9-4ba2-9edc-02dac25997a0,,,2026-06-27 12:00:00+00,2026-06-30 16:33:00+00,{},2026-06-27 12:00:00+00
66dbed1d-07f4-48e5-8122-ed4879b985d2,23b91a79-185d-41b8-aed8-22bf2cb9f4af,high_risk_asset,in_app,Asset health alert,Tata Ultra T.7 347 (LLX-COL-0347) is now at critical health.,read,9abd2876-42a6-4bee-bffa-66caffa923b2,,,2026-07-26 06:31:00+00,2026-07-27 15:44:00+00,{},2026-07-26 06:31:00+00
ac082f71-85bb-46e0-85e9-6c3b4c95aa1b,dff1d306-f643-4c9e-abb3-5409e072abc4,high_risk_asset,in_app,Asset health alert,Tata Ultra T.7 347 (LLX-COL-0347) is now at critical health.,read,9abd2876-42a6-4bee-bffa-66caffa923b2,,,2026-07-26 13:33:00+00,2026-07-26 15:33:00+00,{},2026-07-26 13:33:00+00
0d2211fc-501f-4308-b6b0-d7fca89d7143,aedad933-6f7e-4d2e-b6df-191c9e459887,high_risk_asset,in_app,Asset health alert,Tata Ultra T.7 347 (LLX-COL-0347) is now at critical health.,read,9abd2876-42a6-4bee-bffa-66caffa923b2,,,2026-07-26 15:47:00+00,2026-07-29 09:26:00+00,{},2026-07-26 15:47:00+00
c38948e5-8571-4e57-bd6a-318b076056a5,23b91a79-185d-41b8-aed8-22bf2cb9f4af,high_risk_asset,in_app,Asset health alert,Isuzu ELF NKR 356 (LLX-COL-0356) is now at poor health.,unread,0d8af2a7-20ef-4f57-92b8-1fd808467335,,,2026-08-08 17:02:00+00,,{},2026-08-08 17:02:00+00
74ce1efb-9f52-4433-bcb7-59578e1a4101,dff1d306-f643-4c9e-abb3-5409e072abc4,high_risk_asset,in_app,Asset health alert,Isuzu ELF NKR 356 (LLX-COL-0356) is now at poor health.,unread,0d8af2a7-20ef-4f57-92b8-1fd808467335,,,2026-08-08 05:33:00+00,,{},2026-08-08 05:33:00+00
ef5d5103-c7e5-4f31-b6e5-030a8baa3c84,aedad933-6f7e-4d2e-b6df-191c9e459887,high_risk_asset,in_app,Asset health alert,Isuzu ELF NKR 356 (LLX-COL-0356) is now at poor health.,read,0d8af2a7-20ef-4f57-92b8-1fd808467335,,,2026-08-08 16:18:00+00,2026-08-08 16:16:00+00,{},2026-08-08 16:18:00+00
5e324d88-5d14-4d68-9766-127171150ed5,a39b379b-a449-4f92-b7e7-68a0e371ece2,high_risk_asset,in_app,Assigned vehicle needs attention,Isuzu ELF NKR 357 (LLX-COL-0357) is now at poor health.,read,083984ab-380f-4d28-b894-14d63c86c83f,,,2026-06-26 15:54:00+00,2026-06-27 05:33:00+00,{},2026-06-26 15:54:00+00
08ea3efa-7bc1-4c09-b58a-3623747dd4ce,23b91a79-185d-41b8-aed8-22bf2cb9f4af,high_risk_asset,in_app,Asset health alert,Isuzu ELF NKR 357 (LLX-COL-0357) is now at poor health.,read,083984ab-380f-4d28-b894-14d63c86c83f,,,2026-06-26 12:07:00+00,2026-06-27 13:06:00+00,{},2026-06-26 12:07:00+00
a031fde3-44ab-48e3-af12-2777bb041631,dff1d306-f643-4c9e-abb3-5409e072abc4,high_risk_asset,in_app,Asset health alert,Isuzu ELF NKR 357 (LLX-COL-0357) is now at poor health.,read,083984ab-380f-4d28-b894-14d63c86c83f,,,2026-06-26 07:30:00+00,2026-06-27 07:10:00+00,{},2026-06-26 07:30:00+00
e4633d22-46c7-44c0-abdd-a4c76108397b,aedad933-6f7e-4d2e-b6df-191c9e459887,high_risk_asset,in_app,Asset health alert,Isuzu ELF NKR 357 (LLX-COL-0357) is now at poor health.,read,083984ab-380f-4d28-b894-14d63c86c83f,,,2026-06-26 12:30:00+00,2026-06-27 11:56:00+00,{},2026-06-26 12:30:00+00
c568d063-7ecf-4043-8719-a6ef2fa5e6e5,cd077c24-ded4-4f10-9145-7381355aa6b2,high_risk_asset,in_app,Assigned vehicle needs attention,Isuzu ELF NKR 360 (LLX-COL-0360) is now at poor health.,read,6842eb31-93df-46c0-850b-d8ee1f076da3,,,2026-08-01 15:29:00+00,2026-08-01 10:47:00+00,{},2026-08-01 15:29:00+00
8d93f6c9-4de8-4195-9d0d-3ec3b2beba0e,23b91a79-185d-41b8-aed8-22bf2cb9f4af,high_risk_asset,in_app,Asset health alert,Isuzu ELF NKR 360 (LLX-COL-0360) is now at poor health.,read,6842eb31-93df-46c0-850b-d8ee1f076da3,,,2026-08-01 14:23:00+00,2026-08-03 11:21:00+00,{},2026-08-01 14:23:00+00
6d1aedf5-f8e6-4bc6-a22b-66a9b3a4e46f,dff1d306-f643-4c9e-abb3-5409e072abc4,high_risk_asset,in_app,Asset health alert,Isuzu ELF NKR 360 (LLX-COL-0360) is now at poor health.,read,6842eb31-93df-46c0-850b-d8ee1f076da3,,,2026-08-01 14:29:00+00,2026-08-03 14:15:00+00,{},2026-08-01 14:29:00+00
890346fc-f3a1-46ed-ab4d-ece981c627e3,aedad933-6f7e-4d2e-b6df-191c9e459887,high_risk_asset,in_app,Asset health alert,Isuzu ELF NKR 360 (LLX-COL-0360) is now at poor health.,read,6842eb31-93df-46c0-850b-d8ee1f076da3,,,2026-08-01 10:55:00+00,2026-08-02 11:59:00+00,{},2026-08-01 10:55:00+00
8ead0996-6725-4c2c-a05d-9e6bd1c13a9a,91aaeeb3-13d3-4ce4-8342-f57a3c5f20bf,high_risk_asset,in_app,Assigned vehicle needs attention,Isuzu FVR 382 (LLX-COL-0382) is now at poor health.,read,0735a4ba-c7c9-481c-8b69-c45843eb6a97,,,2026-07-01 08:17:00+00,2026-07-01 15:39:00+00,{},2026-07-01 08:17:00+00
c0c10311-2f4a-43c9-a259-992b144d64c5,23b91a79-185d-41b8-aed8-22bf2cb9f4af,high_risk_asset,in_app,Asset health alert,Isuzu FVR 382 (LLX-COL-0382) is now at poor health.,read,0735a4ba-c7c9-481c-8b69-c45843eb6a97,,,2026-07-01 09:18:00+00,2026-07-03 13:41:00+00,{},2026-07-01 09:18:00+00
ec1b460a-6ff2-47af-bf32-26c367fdf548,dff1d306-f643-4c9e-abb3-5409e072abc4,high_risk_asset,in_app,Asset health alert,Isuzu FVR 382 (LLX-COL-0382) is now at poor health.,read,0735a4ba-c7c9-481c-8b69-c45843eb6a97,,,2026-07-01 16:18:00+00,2026-07-04 08:48:00+00,{},2026-07-01 16:18:00+00
8fc71e4e-9ec7-4913-9228-bfc3b1d7f722,aedad933-6f7e-4d2e-b6df-191c9e459887,high_risk_asset,in_app,Asset health alert,Isuzu FVR 382 (LLX-COL-0382) is now at poor health.,read,0735a4ba-c7c9-481c-8b69-c45843eb6a97,,,2026-07-01 08:13:00+00,2026-07-01 13:59:00+00,{},2026-07-01 08:13:00+00
878633b1-2999-4529-bcea-9e3a1bae4e66,20ab5d3f-f2ca-4af4-b3c1-43fbcfad7b62,high_risk_asset,in_app,Assigned vehicle needs attention,Tata T.12 384 (LLX-COL-0384) is now at poor health.,unread,eb7e3da2-cee1-4317-98f9-3648e3d5d850,,,2026-06-26 16:04:00+00,,{},2026-06-26 16:04:00+00
20eca33b-19bc-43b5-ad99-0d0046816a57,23b91a79-185d-41b8-aed8-22bf2cb9f4af,high_risk_asset,in_app,Asset health alert,Tata T.12 384 (LLX-COL-0384) is now at poor health.,read,eb7e3da2-cee1-4317-98f9-3648e3d5d850,,,2026-06-26 17:02:00+00,2026-06-27 08:33:00+00,{},2026-06-26 17:02:00+00
588af935-08ce-4b29-99ba-7fe976d19c3a,dff1d306-f643-4c9e-abb3-5409e072abc4,high_risk_asset,in_app,Asset health alert,Tata T.12 384 (LLX-COL-0384) is now at poor health.,read,eb7e3da2-cee1-4317-98f9-3648e3d5d850,,,2026-06-26 15:42:00+00,2026-06-28 15:11:00+00,{},2026-06-26 15:42:00+00
192be050-3ee1-48bc-8e43-4ecdd87faa34,aedad933-6f7e-4d2e-b6df-191c9e459887,high_risk_asset,in_app,Asset health alert,Tata T.12 384 (LLX-COL-0384) is now at poor health.,read,eb7e3da2-cee1-4317-98f9-3648e3d5d850,,,2026-06-26 15:01:00+00,2026-06-28 06:12:00+00,{},2026-06-26 15:01:00+00
d6bf2783-2c0d-440b-bcbe-d45dd9beb268,f8e16139-3fa8-4be2-9a68-cdd5555659dc,high_risk_asset,in_app,Assigned vehicle needs attention,Mitsubishi Fuso Fighter 386 (LLX-COL-0386) is now at poor health.,read,fe6ce952-a70c-4eea-808c-47e5a4efbba8,,,2026-07-26 16:45:00+00,2026-07-27 14:43:00+00,{},2026-07-26 16:45:00+00
3266b9d0-7c3e-43e7-85f6-517c5357f9aa,23b91a79-185d-41b8-aed8-22bf2cb9f4af,high_risk_asset,in_app,Asset health alert,Mitsubishi Fuso Fighter 386 (LLX-COL-0386) is now at poor health.,read,fe6ce952-a70c-4eea-808c-47e5a4efbba8,,,2026-07-26 15:58:00+00,2026-07-27 09:17:00+00,{},2026-07-26 15:58:00+00
ea3c2588-7759-48e5-b1f6-d0cf81537967,dff1d306-f643-4c9e-abb3-5409e072abc4,high_risk_asset,in_app,Asset health alert,Mitsubishi Fuso Fighter 386 (LLX-COL-0386) is now at poor health.,read,fe6ce952-a70c-4eea-808c-47e5a4efbba8,,,2026-07-26 14:33:00+00,2026-07-26 10:29:00+00,{},2026-07-26 14:33:00+00
2fb272b5-a007-4d0f-b37e-17dfb6a19f96,aedad933-6f7e-4d2e-b6df-191c9e459887,high_risk_asset,in_app,Asset health alert,Mitsubishi Fuso Fighter 386 (LLX-COL-0386) is now at poor health.,read,fe6ce952-a70c-4eea-808c-47e5a4efbba8,,,2026-07-26 05:09:00+00,2026-07-26 16:31:00+00,{},2026-07-26 05:09:00+00
5484a937-3b74-4194-a9f4-8730b55d65a0,cd077c24-ded4-4f10-9145-7381355aa6b2,high_risk_asset,in_app,Assigned vehicle needs attention,Tata T.12 390 (LLX-COL-0390) is now at critical health.,read,cc023853-cde9-4f41-9bf4-adb5757eff65,,,2026-06-29 15:36:00+00,2026-07-02 16:47:00+00,{},2026-06-29 15:36:00+00
48bb81dd-94e3-473d-8e24-0664dc2ec6c0,23b91a79-185d-41b8-aed8-22bf2cb9f4af,high_risk_asset,in_app,Asset health alert,Tata T.12 390 (LLX-COL-0390) is now at critical health.,read,cc023853-cde9-4f41-9bf4-adb5757eff65,,,2026-06-29 09:19:00+00,2026-07-02 10:17:00+00,{},2026-06-29 09:19:00+00
72d0cabb-d833-4168-9adc-7e885a53d547,dff1d306-f643-4c9e-abb3-5409e072abc4,high_risk_asset,in_app,Asset health alert,Tata T.12 390 (LLX-COL-0390) is now at critical health.,read,cc023853-cde9-4f41-9bf4-adb5757eff65,,,2026-06-29 08:02:00+00,2026-07-02 10:33:00+00,{},2026-06-29 08:02:00+00
b2ac113f-5462-49f2-8ca9-8fc65cdab6fa,aedad933-6f7e-4d2e-b6df-191c9e459887,high_risk_asset,in_app,Asset health alert,Tata T.12 390 (LLX-COL-0390) is now at critical health.,read,cc023853-cde9-4f41-9bf4-adb5757eff65,,,2026-06-29 10:03:00+00,2026-06-29 07:40:00+00,{},2026-06-29 10:03:00+00
411c767e-5239-45bf-a47f-47caacb26e7c,f041cb71-a9fe-469f-abba-a9747e6df441,high_risk_asset,in_app,Assigned vehicle needs attention,Isuzu FVR 392 (LLX-COL-0392) is now at poor health.,read,25ceccf6-4e2f-4f5b-ad67-15e4a4e012ad,,,2026-08-01 07:00:00+00,2026-08-02 15:23:00+00,{},2026-08-01 07:00:00+00
0f46fe9d-097c-49d0-969d-c67ecd20bd24,23b91a79-185d-41b8-aed8-22bf2cb9f4af,high_risk_asset,in_app,Asset health alert,Isuzu FVR 392 (LLX-COL-0392) is now at poor health.,unread,25ceccf6-4e2f-4f5b-ad67-15e4a4e012ad,,,2026-08-01 15:21:00+00,,{},2026-08-01 15:21:00+00
712c4046-6564-4429-a63a-4d8ca983be27,dff1d306-f643-4c9e-abb3-5409e072abc4,high_risk_asset,in_app,Asset health alert,Isuzu FVR 392 (LLX-COL-0392) is now at poor health.,read,25ceccf6-4e2f-4f5b-ad67-15e4a4e012ad,,,2026-08-01 13:03:00+00,2026-08-01 13:45:00+00,{},2026-08-01 13:03:00+00
eea67fc1-1f8d-4f28-a021-fa9f2397f2f0,aedad933-6f7e-4d2e-b6df-191c9e459887,high_risk_asset,in_app,Asset health alert,Isuzu FVR 392 (LLX-COL-0392) is now at poor health.,read,25ceccf6-4e2f-4f5b-ad67-15e4a4e012ad,,,2026-08-01 16:17:00+00,2026-08-03 08:51:00+00,{},2026-08-01 16:17:00+00
f5dc41da-4085-4995-853c-7a4f76d88620,23b91a79-185d-41b8-aed8-22bf2cb9f4af,high_risk_asset,in_app,Asset health alert,Mercedes Actros 1836 395 (LLX-COL-0395) is now at critical health.,read,38235131-db85-4a5f-99c2-0ae4ed02dc2d,,,2026-07-31 11:56:00+00,2026-08-02 05:43:00+00,{},2026-07-31 11:56:00+00
3820e261-77c5-40f7-96e2-f16abf49504e,dff1d306-f643-4c9e-abb3-5409e072abc4,high_risk_asset,in_app,Asset health alert,Mercedes Actros 1836 395 (LLX-COL-0395) is now at critical health.,read,38235131-db85-4a5f-99c2-0ae4ed02dc2d,,,2026-07-31 09:29:00+00,2026-08-02 08:20:00+00,{},2026-07-31 09:29:00+00
5099d097-d046-4e7b-88c1-0a9796102cb0,aedad933-6f7e-4d2e-b6df-191c9e459887,high_risk_asset,in_app,Asset health alert,Mercedes Actros 1836 395 (LLX-COL-0395) is now at critical health.,read,38235131-db85-4a5f-99c2-0ae4ed02dc2d,,,2026-07-31 11:35:00+00,2026-07-31 05:36:00+00,{},2026-07-31 11:35:00+00
f7fae690-7ec4-42ef-8bab-2f760a88c525,23b91a79-185d-41b8-aed8-22bf2cb9f4af,high_risk_asset,in_app,Asset health alert,Tata Signa 1918 396 (LLX-COL-0396) is now at critical health.,read,90c2f956-e394-4345-9446-2c17e3bb641e,,,2026-08-05 09:09:00+00,2026-08-05 09:17:00+00,{},2026-08-05 09:09:00+00
106285aa-6e11-4e82-ae45-6b9ec5f81328,dff1d306-f643-4c9e-abb3-5409e072abc4,high_risk_asset,in_app,Asset health alert,Tata Signa 1918 396 (LLX-COL-0396) is now at critical health.,unread,90c2f956-e394-4345-9446-2c17e3bb641e,,,2026-08-05 16:48:00+00,,{},2026-08-05 16:48:00+00
d53437e6-a0f6-4591-9e9d-80a5b0c2fc0e,aedad933-6f7e-4d2e-b6df-191c9e459887,high_risk_asset,in_app,Asset health alert,Tata Signa 1918 396 (LLX-COL-0396) is now at critical health.,unread,90c2f956-e394-4345-9446-2c17e3bb641e,,,2026-08-05 16:36:00+00,,{},2026-08-05 16:36:00+00
dbab154a-c2e9-457f-bc9c-2622ae3336d3,f3c4e156-3bb0-4f09-af72-9bad7ceee5a0,high_risk_asset,in_app,Assigned vehicle needs attention,Mercedes Actros 1836 399 (LLX-COL-0399) is now at poor health.,unread,c492b053-e833-4eae-9fa6-47ebbce819c7,,,2026-08-07 13:48:00+00,,{},2026-08-07 13:48:00+00
3472fb2c-2793-4d28-8fed-84f0b95d257e,23b91a79-185d-41b8-aed8-22bf2cb9f4af,high_risk_asset,in_app,Asset health alert,Mercedes Actros 1836 399 (LLX-COL-0399) is now at poor health.,unread,c492b053-e833-4eae-9fa6-47ebbce819c7,,,2026-08-07 08:07:00+00,,{},2026-08-07 08:07:00+00
f5e11f80-8d54-4516-ac66-00ba34b32a57,dff1d306-f643-4c9e-abb3-5409e072abc4,high_risk_asset,in_app,Asset health alert,Mercedes Actros 1836 399 (LLX-COL-0399) is now at poor health.,unread,c492b053-e833-4eae-9fa6-47ebbce819c7,,,2026-08-07 11:59:00+00,,{},2026-08-07 11:59:00+00
eb459c1f-7ba0-4e32-a41d-2f2bb8bd3138,aedad933-6f7e-4d2e-b6df-191c9e459887,high_risk_asset,in_app,Asset health alert,Mercedes Actros 1836 399 (LLX-COL-0399) is now at poor health.,read,c492b053-e833-4eae-9fa6-47ebbce819c7,,,2026-08-07 11:29:00+00,2026-08-10 12:25:00+00,{},2026-08-07 11:29:00+00
92beb65a-6b2e-4ae5-a7f1-9b4000239d4c,d24973fa-606a-4901-80ad-90da2b82381d,high_risk_asset,in_app,Asset health alert,Heli CPCD25 012 (LLX-BDL-0012) is now at critical health.,read,08d66493-5baf-4312-aede-61394703fa1f,,,2026-07-19 08:21:00+00,2026-07-21 12:06:00+00,{},2026-07-19 08:21:00+00
ed24ab78-b36d-49c9-ac6c-ab758bb1f0d5,f1476a1a-5d8e-4c9d-8772-bdb92488fb29,high_risk_asset,in_app,Asset health alert,Heli CPCD25 012 (LLX-BDL-0012) is now at critical health.,read,08d66493-5baf-4312-aede-61394703fa1f,,,2026-07-19 05:18:00+00,2026-07-19 07:52:00+00,{},2026-07-19 05:18:00+00
e18adaa4-fa18-49af-b7f9-0f19d8a6c978,7d29aca5-e5e4-466c-bd97-faa538283028,high_risk_asset,in_app,Asset health alert,Heli CPCD25 012 (LLX-BDL-0012) is now at critical health.,read,08d66493-5baf-4312-aede-61394703fa1f,,,2026-07-19 10:31:00+00,2026-07-21 10:41:00+00,{},2026-07-19 10:31:00+00
a8270f15-3ec4-4556-9e1a-dc68043bc207,d24973fa-606a-4901-80ad-90da2b82381d,high_risk_asset,in_app,Asset health alert,Toyota 8FD25 021 (LLX-BDL-0021) is now at poor health.,read,0749bad0-36fa-4fd9-b1a2-c859c2afe6e3,,,2026-07-12 12:53:00+00,2026-07-13 08:14:00+00,{},2026-07-12 12:53:00+00
bcda4c0b-c5c0-4718-b62e-0e4ce307774e,f1476a1a-5d8e-4c9d-8772-bdb92488fb29,high_risk_asset,in_app,Asset health alert,Toyota 8FD25 021 (LLX-BDL-0021) is now at poor health.,read,0749bad0-36fa-4fd9-b1a2-c859c2afe6e3,,,2026-07-12 12:12:00+00,2026-07-14 08:33:00+00,{},2026-07-12 12:12:00+00
d64475ff-85b8-4d80-898e-05ef659d1d34,7d29aca5-e5e4-466c-bd97-faa538283028,high_risk_asset,in_app,Asset health alert,Toyota 8FD25 021 (LLX-BDL-0021) is now at poor health.,read,0749bad0-36fa-4fd9-b1a2-c859c2afe6e3,,,2026-07-12 10:08:00+00,2026-07-13 13:46:00+00,{},2026-07-12 10:08:00+00
d460c0ff-1b22-40f4-aed6-242af456fce5,8f92bdec-59f7-49b0-8fa2-c9e05b14747f,high_risk_asset,in_app,Assigned vehicle needs attention,Heli CPCD25 028 (LLX-BDL-0028) is now at poor health.,unread,4ff7c78f-2998-49ca-8b49-ca0222b735fd,,,2026-08-07 10:15:00+00,,{},2026-08-07 10:15:00+00
29380b1c-3e87-4284-a55d-e98b1aaf0374,d24973fa-606a-4901-80ad-90da2b82381d,high_risk_asset,in_app,Asset health alert,Heli CPCD25 028 (LLX-BDL-0028) is now at poor health.,unread,4ff7c78f-2998-49ca-8b49-ca0222b735fd,,,2026-08-07 12:15:00+00,,{},2026-08-07 12:15:00+00
3dbde7d4-9d6a-4aed-b212-961e3f99c8d2,f1476a1a-5d8e-4c9d-8772-bdb92488fb29,high_risk_asset,in_app,Asset health alert,Heli CPCD25 028 (LLX-BDL-0028) is now at poor health.,unread,4ff7c78f-2998-49ca-8b49-ca0222b735fd,,,2026-08-07 16:55:00+00,,{},2026-08-07 16:55:00+00
ed7a2fff-e3ee-46c7-adbd-ab5735cce7ca,7d29aca5-e5e4-466c-bd97-faa538283028,high_risk_asset,in_app,Asset health alert,Heli CPCD25 028 (LLX-BDL-0028) is now at poor health.,read,4ff7c78f-2998-49ca-8b49-ca0222b735fd,,,2026-08-07 15:24:00+00,2026-08-08 05:08:00+00,{},2026-08-07 15:24:00+00
39497670-cc94-4292-aa53-18be92cadd58,d24973fa-606a-4901-80ad-90da2b82381d,high_risk_asset,in_app,Asset health alert,Toyota 8FD30 038 (LLX-BDL-0038) is now at poor health.,read,59413e92-d45b-4464-a339-cb9dd79bb83e,,,2026-06-27 12:53:00+00,2026-06-28 17:45:00+00,{},2026-06-27 12:53:00+00
2e7eeb3a-c7c0-4ffe-adff-46639ecff6bf,f1476a1a-5d8e-4c9d-8772-bdb92488fb29,high_risk_asset,in_app,Asset health alert,Toyota 8FD30 038 (LLX-BDL-0038) is now at poor health.,read,59413e92-d45b-4464-a339-cb9dd79bb83e,,,2026-06-27 09:25:00+00,2026-06-30 14:11:00+00,{},2026-06-27 09:25:00+00
3893e47b-be63-4cdc-9472-3079da766238,7d29aca5-e5e4-466c-bd97-faa538283028,high_risk_asset,in_app,Asset health alert,Toyota 8FD30 038 (LLX-BDL-0038) is now at poor health.,read,59413e92-d45b-4464-a339-cb9dd79bb83e,,,2026-06-27 16:56:00+00,2026-06-27 13:54:00+00,{},2026-06-27 16:56:00+00
316ae7b3-c8d0-4a01-9cc5-a0fffb452b62,9b3bff38-da7d-4ad0-8bf0-efdd03c2c0f8,high_risk_asset,in_app,Assigned vehicle needs attention,Toyota 8FD30 042 (LLX-BDL-0042) is now at poor health.,read,9f58c7ee-aeca-430e-9c51-0bc6ffb6d11a,,,2026-07-13 08:07:00+00,2026-07-14 10:27:00+00,{},2026-07-13 08:07:00+00
48805594-7fb1-46fb-b619-9aae9848a799,d24973fa-606a-4901-80ad-90da2b82381d,high_risk_asset,in_app,Asset health alert,Toyota 8FD30 042 (LLX-BDL-0042) is now at poor health.,read,9f58c7ee-aeca-430e-9c51-0bc6ffb6d11a,,,2026-07-13 07:51:00+00,2026-07-13 05:32:00+00,{},2026-07-13 07:51:00+00
5eab2cde-7de6-47eb-8b85-b38673b4324e,f1476a1a-5d8e-4c9d-8772-bdb92488fb29,high_risk_asset,in_app,Asset health alert,Toyota 8FD30 042 (LLX-BDL-0042) is now at poor health.,read,9f58c7ee-aeca-430e-9c51-0bc6ffb6d11a,,,2026-07-13 07:16:00+00,2026-07-14 17:53:00+00,{},2026-07-13 07:16:00+00
bb1068f7-c01c-42fe-9234-315c8bd18f85,7d29aca5-e5e4-466c-bd97-faa538283028,high_risk_asset,in_app,Asset health alert,Toyota 8FD30 042 (LLX-BDL-0042) is now at poor health.,unread,9f58c7ee-aeca-430e-9c51-0bc6ffb6d11a,,,2026-07-13 16:24:00+00,,{},2026-07-13 16:24:00+00
d1a9250c-84d9-420e-90cc-869f4155daa0,d24973fa-606a-4901-80ad-90da2b82381d,high_risk_asset,in_app,Asset health alert,Toyota HiAce 051 (LLX-BDL-0051) is now at poor health.,unread,2e33fc8e-d86d-4678-aa3a-cfd69e33156e,,,2026-08-04 08:33:00+00,,{},2026-08-04 08:33:00+00
ae82bed0-4bb6-44b1-a667-686eaef8f8b9,f1476a1a-5d8e-4c9d-8772-bdb92488fb29,high_risk_asset,in_app,Asset health alert,Toyota HiAce 051 (LLX-BDL-0051) is now at poor health.,unread,2e33fc8e-d86d-4678-aa3a-cfd69e33156e,,,2026-08-04 06:15:00+00,,{},2026-08-04 06:15:00+00
2f8ca261-d8e5-4a5d-a34c-5f2c96ce0557,7d29aca5-e5e4-466c-bd97-faa538283028,high_risk_asset,in_app,Asset health alert,Toyota HiAce 051 (LLX-BDL-0051) is now at poor health.,unread,2e33fc8e-d86d-4678-aa3a-cfd69e33156e,,,2026-08-04 14:26:00+00,,{},2026-08-04 14:26:00+00
8addb30c-fe19-4d06-a318-665bb027cd6b,08145333-aa5a-4ff6-ae10-7a43aa8d5326,high_risk_asset,in_app,Assigned vehicle needs attention,Nissan Caravan 054 (LLX-BDL-0054) is now at poor health.,unread,0a29799e-49ce-40cd-a06a-6b40046639bd,,,2026-08-07 13:51:00+00,,{},2026-08-07 13:51:00+00
b2ed6999-9af1-4ae9-8199-55179af05fd9,d24973fa-606a-4901-80ad-90da2b82381d,high_risk_asset,in_app,Asset health alert,Nissan Caravan 054 (LLX-BDL-0054) is now at poor health.,unread,0a29799e-49ce-40cd-a06a-6b40046639bd,,,2026-08-07 15:02:00+00,,{},2026-08-07 15:02:00+00
6db94b36-a7bf-49c9-a81e-b0f70177bc8d,f1476a1a-5d8e-4c9d-8772-bdb92488fb29,high_risk_asset,in_app,Asset health alert,Nissan Caravan 054 (LLX-BDL-0054) is now at poor health.,read,0a29799e-49ce-40cd-a06a-6b40046639bd,,,2026-08-07 17:57:00+00,2026-08-08 16:08:00+00,{},2026-08-07 17:57:00+00
48c299d2-ac4a-4506-b19f-d5edeabbbe6e,7d29aca5-e5e4-466c-bd97-faa538283028,high_risk_asset,in_app,Asset health alert,Nissan Caravan 054 (LLX-BDL-0054) is now at poor health.,read,0a29799e-49ce-40cd-a06a-6b40046639bd,,,2026-08-07 06:27:00+00,2026-08-07 13:21:00+00,{},2026-08-07 06:27:00+00
3061b3b5-7412-497c-aa1b-c1185959210a,c396bf07-f1d5-4e50-85a6-052a95f8a744,high_risk_asset,in_app,Assigned vehicle needs attention,Toyota HiAce 065 (LLX-BDL-0065) is now at poor health.,read,40f5c17c-5e9d-4d16-b673-8df0af4d81e5,,,2026-07-09 11:42:00+00,2026-07-12 06:00:00+00,{},2026-07-09 11:42:00+00
03be6232-5377-4607-9dfa-adaa07e30b45,d24973fa-606a-4901-80ad-90da2b82381d,high_risk_asset,in_app,Asset health alert,Toyota HiAce 065 (LLX-BDL-0065) is now at poor health.,read,40f5c17c-5e9d-4d16-b673-8df0af4d81e5,,,2026-07-09 10:44:00+00,2026-07-11 07:42:00+00,{},2026-07-09 10:44:00+00
d555bc6c-953d-462d-aa3a-bc565b68ce25,f1476a1a-5d8e-4c9d-8772-bdb92488fb29,high_risk_asset,in_app,Asset health alert,Toyota HiAce 065 (LLX-BDL-0065) is now at poor health.,read,40f5c17c-5e9d-4d16-b673-8df0af4d81e5,,,2026-07-09 15:54:00+00,2026-07-09 11:33:00+00,{},2026-07-09 15:54:00+00
80311e2d-4202-4229-9ee5-564cb4d462da,7d29aca5-e5e4-466c-bd97-faa538283028,high_risk_asset,in_app,Asset health alert,Toyota HiAce 065 (LLX-BDL-0065) is now at poor health.,read,40f5c17c-5e9d-4d16-b673-8df0af4d81e5,,,2026-07-09 06:39:00+00,2026-07-12 08:42:00+00,{},2026-07-09 06:39:00+00
3242c837-26ec-4c3d-a2a7-09ca0b4868e3,d24973fa-606a-4901-80ad-90da2b82381d,high_risk_asset,in_app,Asset health alert,KDH Van 067 (LLX-BDL-0067) is now at critical health.,read,c64cadd6-2ac0-4162-ac8c-73c2cbfd67ef,,,2026-07-04 13:00:00+00,2026-07-07 05:52:00+00,{},2026-07-04 13:00:00+00
bf99d7f8-7d5d-41cb-9f7c-c2ec27124640,f1476a1a-5d8e-4c9d-8772-bdb92488fb29,high_risk_asset,in_app,Asset health alert,KDH Van 067 (LLX-BDL-0067) is now at critical health.,read,c64cadd6-2ac0-4162-ac8c-73c2cbfd67ef,,,2026-07-04 15:01:00+00,2026-07-06 05:46:00+00,{},2026-07-04 15:01:00+00
4f113ad9-d81d-44d0-90ee-71be600dafe5,7d29aca5-e5e4-466c-bd97-faa538283028,high_risk_asset,in_app,Asset health alert,KDH Van 067 (LLX-BDL-0067) is now at critical health.,read,c64cadd6-2ac0-4162-ac8c-73c2cbfd67ef,,,2026-07-04 09:46:00+00,2026-07-04 11:46:00+00,{},2026-07-04 09:46:00+00
a76a41c9-e40a-4662-ab24-9ed437e69e32,e1002c7c-1061-4fb3-8aca-bf8d561f4404,high_risk_asset,in_app,Assigned vehicle needs attention,Toyota HiAce 073 (LLX-BDL-0073) is now at critical health.,unread,a22c1c4f-776f-4fd9-98f1-68140c8a4d48,,,2026-08-01 06:09:00+00,,{},2026-08-01 06:09:00+00
239a733c-e612-4355-bbdc-83291837d37d,d24973fa-606a-4901-80ad-90da2b82381d,high_risk_asset,in_app,Asset health alert,Toyota HiAce 073 (LLX-BDL-0073) is now at critical health.,read,a22c1c4f-776f-4fd9-98f1-68140c8a4d48,,,2026-08-01 06:42:00+00,2026-08-01 07:26:00+00,{},2026-08-01 06:42:00+00
08f9ce39-ac32-47dc-a0a9-59f635db4922,f1476a1a-5d8e-4c9d-8772-bdb92488fb29,high_risk_asset,in_app,Asset health alert,Toyota HiAce 073 (LLX-BDL-0073) is now at critical health.,read,a22c1c4f-776f-4fd9-98f1-68140c8a4d48,,,2026-08-01 09:59:00+00,2026-08-04 07:35:00+00,{},2026-08-01 09:59:00+00
21c74835-a754-4960-b320-879b143661d8,7d29aca5-e5e4-466c-bd97-faa538283028,high_risk_asset,in_app,Asset health alert,Toyota HiAce 073 (LLX-BDL-0073) is now at critical health.,read,a22c1c4f-776f-4fd9-98f1-68140c8a4d48,,,2026-08-01 05:16:00+00,2026-08-04 14:03:00+00,{},2026-08-01 05:16:00+00
da672e43-ad61-4a5d-9714-e9575f4c822a,f1476a1a-5d8e-4c9d-8772-bdb92488fb29,high_risk_asset,in_app,Asset health alert,Toyota HiAce 077 (LLX-BDL-0077) is now at poor health.,unread,6c76b8ae-e3be-4899-875a-f90136975630,,,2026-07-08 07:34:00+00,,{},2026-07-08 07:34:00+00
0d680292-f994-47e5-aac8-47eac5629e71,7d29aca5-e5e4-466c-bd97-faa538283028,high_risk_asset,in_app,Asset health alert,Toyota HiAce 077 (LLX-BDL-0077) is now at poor health.,read,6c76b8ae-e3be-4899-875a-f90136975630,,,2026-07-08 08:20:00+00,2026-07-09 09:01:00+00,{},2026-07-08 08:20:00+00
bc5833d8-52ab-4df1-89b5-459c2f090661,fe412c5f-6a1a-4857-9cc4-af60285043cc,high_risk_asset,in_app,Assigned vehicle needs attention,Nissan Caravan 079 (LLX-BDL-0079) is now at poor health.,read,7222780f-acb1-4888-96cb-2bcd2b7bd455,,,2026-08-01 06:09:00+00,2026-08-04 06:30:00+00,{},2026-08-01 06:09:00+00
f978d646-dbeb-418c-bf17-51de67af949b,d24973fa-606a-4901-80ad-90da2b82381d,high_risk_asset,in_app,Asset health alert,Nissan Caravan 079 (LLX-BDL-0079) is now at poor health.,unread,7222780f-acb1-4888-96cb-2bcd2b7bd455,,,2026-08-01 13:08:00+00,,{},2026-08-01 13:08:00+00
4c6a10f5-02f8-48f7-87f3-fd1d37752560,f1476a1a-5d8e-4c9d-8772-bdb92488fb29,high_risk_asset,in_app,Asset health alert,Nissan Caravan 079 (LLX-BDL-0079) is now at poor health.,read,7222780f-acb1-4888-96cb-2bcd2b7bd455,,,2026-08-01 08:45:00+00,2026-08-03 12:26:00+00,{},2026-08-01 08:45:00+00
22ac5e77-e1dd-4514-ad2a-501acc639960,7d29aca5-e5e4-466c-bd97-faa538283028,high_risk_asset,in_app,Asset health alert,Nissan Caravan 079 (LLX-BDL-0079) is now at poor health.,read,7222780f-acb1-4888-96cb-2bcd2b7bd455,,,2026-08-01 15:40:00+00,2026-08-01 14:36:00+00,{},2026-08-01 15:40:00+00
b656a276-01ff-437f-8152-fae4f5f33071,d24973fa-606a-4901-80ad-90da2b82381d,high_risk_asset,in_app,Asset health alert,KDH Van 080 (LLX-BDL-0080) is now at poor health.,read,5eb688a2-613d-4fb8-87de-2f2e447a140b,,,2026-06-30 09:24:00+00,2026-07-02 08:44:00+00,{},2026-06-30 09:24:00+00
17da520d-376d-4bab-9bb2-f44435187288,f1476a1a-5d8e-4c9d-8772-bdb92488fb29,high_risk_asset,in_app,Asset health alert,KDH Van 080 (LLX-BDL-0080) is now at poor health.,read,5eb688a2-613d-4fb8-87de-2f2e447a140b,,,2026-06-30 13:48:00+00,2026-07-01 09:34:00+00,{},2026-06-30 13:48:00+00
7b7e97da-90f9-41d6-9b74-f46e37ebff27,7d29aca5-e5e4-466c-bd97-faa538283028,high_risk_asset,in_app,Asset health alert,KDH Van 080 (LLX-BDL-0080) is now at poor health.,read,5eb688a2-613d-4fb8-87de-2f2e447a140b,,,2026-06-30 05:40:00+00,2026-07-01 09:02:00+00,{},2026-06-30 05:40:00+00
49b5f25f-13fb-4aea-99c5-663b181b8acc,3be2c4f8-a30e-4b7b-8104-fe633928c764,high_risk_asset,in_app,Assigned vehicle needs attention,Nissan Caravan 082 (LLX-BDL-0082) is now at poor health.,read,00cd8313-ac0b-4c37-9c9c-c5e9cdfb7b2c,,,2026-07-22 12:33:00+00,2026-07-23 09:35:00+00,{},2026-07-22 12:33:00+00
dae25ee1-deda-4a4e-8155-97845fbe9ea1,d24973fa-606a-4901-80ad-90da2b82381d,high_risk_asset,in_app,Asset health alert,Nissan Caravan 082 (LLX-BDL-0082) is now at poor health.,read,00cd8313-ac0b-4c37-9c9c-c5e9cdfb7b2c,,,2026-07-22 08:11:00+00,2026-07-23 08:14:00+00,{},2026-07-22 08:11:00+00
482da271-331f-46c1-b0d8-c6645e9d6650,f1476a1a-5d8e-4c9d-8772-bdb92488fb29,high_risk_asset,in_app,Asset health alert,Nissan Caravan 082 (LLX-BDL-0082) is now at poor health.,read,00cd8313-ac0b-4c37-9c9c-c5e9cdfb7b2c,,,2026-07-22 06:03:00+00,2026-07-24 11:02:00+00,{},2026-07-22 06:03:00+00
ae10491e-ed98-4068-bb91-67e0ecd8cd93,7d29aca5-e5e4-466c-bd97-faa538283028,high_risk_asset,in_app,Asset health alert,Nissan Caravan 082 (LLX-BDL-0082) is now at poor health.,read,00cd8313-ac0b-4c37-9c9c-c5e9cdfb7b2c,,,2026-07-22 05:38:00+00,2026-07-22 10:48:00+00,{},2026-07-22 05:38:00+00
bc2e4f2c-3026-40dc-b7d8-b46f59342eb9,3e623db5-6194-489b-a436-6c14b8d1a321,high_risk_asset,in_app,Assigned vehicle needs attention,Toyota HiAce 083 (LLX-BDL-0083) is now at poor health.,read,0139b84b-3ce7-421e-800c-67a188c8f1e9,,,2026-07-09 15:57:00+00,2026-07-11 06:07:00+00,{},2026-07-09 15:57:00+00
44e62b5e-e810-4ea5-93cd-e877d5389b8f,d24973fa-606a-4901-80ad-90da2b82381d,high_risk_asset,in_app,Asset health alert,Toyota HiAce 083 (LLX-BDL-0083) is now at poor health.,read,0139b84b-3ce7-421e-800c-67a188c8f1e9,,,2026-07-09 09:52:00+00,2026-07-10 08:46:00+00,{},2026-07-09 09:52:00+00
62bce111-7a1d-439f-b01c-819dbee4da50,f1476a1a-5d8e-4c9d-8772-bdb92488fb29,high_risk_asset,in_app,Asset health alert,Toyota HiAce 083 (LLX-BDL-0083) is now at poor health.,unread,0139b84b-3ce7-421e-800c-67a188c8f1e9,,,2026-07-09 05:48:00+00,,{},2026-07-09 05:48:00+00
62067e55-aa89-43f1-a6ea-d4a35b155902,7d29aca5-e5e4-466c-bd97-faa538283028,high_risk_asset,in_app,Asset health alert,Toyota HiAce 083 (LLX-BDL-0083) is now at poor health.,unread,0139b84b-3ce7-421e-800c-67a188c8f1e9,,,2026-07-09 07:03:00+00,,{},2026-07-09 07:03:00+00
abade466-0412-4a64-bd44-23f491ee6060,cbdc2005-5d91-4e75-b260-6059e1832877,high_risk_asset,in_app,Assigned vehicle needs attention,Tata Ace 088 (LLX-BDL-0088) is now at poor health.,read,92a646f1-be19-455a-a214-8135cee5748e,,,2026-07-23 14:14:00+00,2026-07-26 12:50:00+00,{},2026-07-23 14:14:00+00
a4d61a29-ab39-4feb-950f-9dcc0eee06e0,d24973fa-606a-4901-80ad-90da2b82381d,high_risk_asset,in_app,Asset health alert,Tata Ace 088 (LLX-BDL-0088) is now at poor health.,read,92a646f1-be19-455a-a214-8135cee5748e,,,2026-07-23 12:52:00+00,2026-07-26 09:26:00+00,{},2026-07-23 12:52:00+00
5bb0df6b-89d8-40f6-b7de-a7314a8daa51,f1476a1a-5d8e-4c9d-8772-bdb92488fb29,high_risk_asset,in_app,Asset health alert,Tata Ace 088 (LLX-BDL-0088) is now at poor health.,read,92a646f1-be19-455a-a214-8135cee5748e,,,2026-07-23 15:56:00+00,2026-07-24 06:21:00+00,{},2026-07-23 15:56:00+00
d9f1bf24-9959-4a31-8404-64987c201ee7,7d29aca5-e5e4-466c-bd97-faa538283028,high_risk_asset,in_app,Asset health alert,Tata Ace 088 (LLX-BDL-0088) is now at poor health.,read,92a646f1-be19-455a-a214-8135cee5748e,,,2026-07-23 06:29:00+00,2026-07-26 13:46:00+00,{},2026-07-23 06:29:00+00
5f0451a4-d83a-40c9-ae7f-dd5a4bf77478,3173243b-26b1-4301-952c-69615a95e806,high_risk_asset,in_app,Assigned vehicle needs attention,Mahindra Bolero Pickup 089 (LLX-BDL-0089) is now at poor health.,read,897001fd-1243-41c1-838e-1fd1b5483d24,,,2026-07-13 07:34:00+00,2026-07-14 08:31:00+00,{},2026-07-13 07:34:00+00
bf7fa4e2-f07d-4f03-808a-02d4f2952f1d,d24973fa-606a-4901-80ad-90da2b82381d,high_risk_asset,in_app,Asset health alert,Mahindra Bolero Pickup 089 (LLX-BDL-0089) is now at poor health.,read,897001fd-1243-41c1-838e-1fd1b5483d24,,,2026-07-13 13:01:00+00,2026-07-14 13:56:00+00,{},2026-07-13 13:01:00+00
646375fe-1524-4d62-ab82-743811a6e48e,f1476a1a-5d8e-4c9d-8772-bdb92488fb29,high_risk_asset,in_app,Asset health alert,Mahindra Bolero Pickup 089 (LLX-BDL-0089) is now at poor health.,read,897001fd-1243-41c1-838e-1fd1b5483d24,,,2026-07-13 13:53:00+00,2026-07-14 14:34:00+00,{},2026-07-13 13:53:00+00
ba65dc79-3c20-4999-9c37-6fcfc6943648,7d29aca5-e5e4-466c-bd97-faa538283028,high_risk_asset,in_app,Asset health alert,Mahindra Bolero Pickup 089 (LLX-BDL-0089) is now at poor health.,read,897001fd-1243-41c1-838e-1fd1b5483d24,,,2026-07-13 09:45:00+00,2026-07-15 13:40:00+00,{},2026-07-13 09:45:00+00
c617b2c3-87eb-44c2-96ac-30653c63883e,36f9a4a5-291f-4548-b867-96c44f690282,high_risk_asset,in_app,Assigned vehicle needs attention,Piaggio Porter 096 (LLX-BDL-0096) is now at poor health.,unread,23f24d6d-d47d-4e00-a804-ebecacffd56c,,,2026-07-27 17:23:00+00,,{},2026-07-27 17:23:00+00
7a5da828-8191-440c-9dea-d0699d9efc33,d24973fa-606a-4901-80ad-90da2b82381d,high_risk_asset,in_app,Asset health alert,Piaggio Porter 096 (LLX-BDL-0096) is now at poor health.,read,23f24d6d-d47d-4e00-a804-ebecacffd56c,,,2026-07-27 15:15:00+00,2026-07-30 13:58:00+00,{},2026-07-27 15:15:00+00
1306975f-7247-493e-94bc-0b0c5fa2e604,f1476a1a-5d8e-4c9d-8772-bdb92488fb29,high_risk_asset,in_app,Asset health alert,Piaggio Porter 096 (LLX-BDL-0096) is now at poor health.,read,23f24d6d-d47d-4e00-a804-ebecacffd56c,,,2026-07-27 12:46:00+00,2026-07-29 15:09:00+00,{},2026-07-27 12:46:00+00
87e36a47-4d4d-4f3c-8e66-97da2660f478,7d29aca5-e5e4-466c-bd97-faa538283028,high_risk_asset,in_app,Asset health alert,Piaggio Porter 096 (LLX-BDL-0096) is now at poor health.,read,23f24d6d-d47d-4e00-a804-ebecacffd56c,,,2026-07-27 07:52:00+00,2026-07-30 07:47:00+00,{},2026-07-27 07:52:00+00
a3689232-a105-477d-a668-4ad82a33158a,08145333-aa5a-4ff6-ae10-7a43aa8d5326,high_risk_asset,in_app,Assigned vehicle needs attention,Mahindra Bolero Pickup 106 (LLX-BDL-0106) is now at poor health.,read,10850394-74ad-4d71-a4e6-7ee2a51507b0,,,2026-07-06 06:00:00+00,2026-07-08 08:07:00+00,{},2026-07-06 06:00:00+00
31fc685c-01fc-4583-a863-f44a8281e6c2,d24973fa-606a-4901-80ad-90da2b82381d,high_risk_asset,in_app,Asset health alert,Mahindra Bolero Pickup 106 (LLX-BDL-0106) is now at poor health.,read,10850394-74ad-4d71-a4e6-7ee2a51507b0,,,2026-07-06 13:08:00+00,2026-07-09 15:11:00+00,{},2026-07-06 13:08:00+00
dbe7ecad-8784-46d9-bd00-e744872c196c,f1476a1a-5d8e-4c9d-8772-bdb92488fb29,high_risk_asset,in_app,Asset health alert,Mahindra Bolero Pickup 106 (LLX-BDL-0106) is now at poor health.,read,10850394-74ad-4d71-a4e6-7ee2a51507b0,,,2026-07-06 06:34:00+00,2026-07-08 06:33:00+00,{},2026-07-06 06:34:00+00
ae986040-0073-4433-a409-08f33293590b,7d29aca5-e5e4-466c-bd97-faa538283028,high_risk_asset,in_app,Asset health alert,Mahindra Bolero Pickup 106 (LLX-BDL-0106) is now at poor health.,read,10850394-74ad-4d71-a4e6-7ee2a51507b0,,,2026-07-06 06:39:00+00,2026-07-08 07:35:00+00,{},2026-07-06 06:39:00+00
8851a94b-4fd0-4993-9a45-673533c1a322,f121048d-936a-437c-a161-9f7e901f17d8,high_risk_asset,in_app,Assigned vehicle needs attention,Piaggio Porter 107 (LLX-BDL-0107) is now at poor health.,read,abc0ca5a-6b8f-4b81-9916-a26eac64479f,,,2026-08-01 09:42:00+00,2026-08-04 08:48:00+00,{},2026-08-01 09:42:00+00
5f95c188-6026-43f9-8dca-42e92cd16183,d24973fa-606a-4901-80ad-90da2b82381d,high_risk_asset,in_app,Asset health alert,Piaggio Porter 107 (LLX-BDL-0107) is now at poor health.,read,abc0ca5a-6b8f-4b81-9916-a26eac64479f,,,2026-08-01 12:01:00+00,2026-08-04 07:59:00+00,{},2026-08-01 12:01:00+00
3c90e52b-fdce-428b-8f0f-fca08ffe3b23,f1476a1a-5d8e-4c9d-8772-bdb92488fb29,high_risk_asset,in_app,Asset health alert,Piaggio Porter 107 (LLX-BDL-0107) is now at poor health.,read,abc0ca5a-6b8f-4b81-9916-a26eac64479f,,,2026-08-01 05:59:00+00,2026-08-04 09:04:00+00,{},2026-08-01 05:59:00+00
42cd9e82-578a-4ac9-9e21-25f14e2702ee,7d29aca5-e5e4-466c-bd97-faa538283028,high_risk_asset,in_app,Asset health alert,Piaggio Porter 107 (LLX-BDL-0107) is now at poor health.,read,abc0ca5a-6b8f-4b81-9916-a26eac64479f,,,2026-08-01 05:48:00+00,2026-08-04 09:43:00+00,{},2026-08-01 05:48:00+00
dcbad47c-fbb7-4f39-9754-d890eb12b733,d24973fa-606a-4901-80ad-90da2b82381d,high_risk_asset,in_app,Asset health alert,Mahindra Bolero Pickup 114 (LLX-BDL-0114) is now at poor health.,read,1c5ebb87-9a50-456a-9a8b-ad8457ce0cff,,,2026-06-28 10:13:00+00,2026-06-29 11:07:00+00,{},2026-06-28 10:13:00+00
446b98ac-8fcd-43ae-ba37-7e35ebc246d2,f1476a1a-5d8e-4c9d-8772-bdb92488fb29,high_risk_asset,in_app,Asset health alert,Mahindra Bolero Pickup 114 (LLX-BDL-0114) is now at poor health.,read,1c5ebb87-9a50-456a-9a8b-ad8457ce0cff,,,2026-06-28 13:38:00+00,2026-07-01 08:11:00+00,{},2026-06-28 13:38:00+00
a0507fe5-871b-40e3-954c-73f7d4a23364,7d29aca5-e5e4-466c-bd97-faa538283028,high_risk_asset,in_app,Asset health alert,Mahindra Bolero Pickup 114 (LLX-BDL-0114) is now at poor health.,read,1c5ebb87-9a50-456a-9a8b-ad8457ce0cff,,,2026-06-28 17:02:00+00,2026-06-29 08:24:00+00,{},2026-06-28 17:02:00+00
45cdb6fb-5f6c-4658-a8d0-a2b4deda29f7,b993bb23-a481-4196-902b-78ab172f7c14,high_risk_asset,in_app,Assigned vehicle needs attention,Piaggio Porter 116 (LLX-BDL-0116) is now at poor health.,read,c17c120b-59d4-4df4-9a7e-baa2cddb777c,,,2026-07-20 05:02:00+00,2026-07-23 16:34:00+00,{},2026-07-20 05:02:00+00
12b066dd-d210-43cc-9fe9-d0a8662ebdc5,d24973fa-606a-4901-80ad-90da2b82381d,high_risk_asset,in_app,Asset health alert,Piaggio Porter 116 (LLX-BDL-0116) is now at poor health.,read,c17c120b-59d4-4df4-9a7e-baa2cddb777c,,,2026-07-20 17:33:00+00,2026-07-22 17:01:00+00,{},2026-07-20 17:33:00+00
1ce09253-3cc4-4728-9e95-6043c66bab31,f1476a1a-5d8e-4c9d-8772-bdb92488fb29,high_risk_asset,in_app,Asset health alert,Piaggio Porter 116 (LLX-BDL-0116) is now at poor health.,read,c17c120b-59d4-4df4-9a7e-baa2cddb777c,,,2026-07-20 16:21:00+00,2026-07-22 13:02:00+00,{},2026-07-20 16:21:00+00
2c6d57ad-b025-41fe-b4f3-54d430b8c7f4,7d29aca5-e5e4-466c-bd97-faa538283028,high_risk_asset,in_app,Asset health alert,Piaggio Porter 116 (LLX-BDL-0116) is now at poor health.,read,c17c120b-59d4-4df4-9a7e-baa2cddb777c,,,2026-07-20 05:34:00+00,2026-07-20 15:16:00+00,{},2026-07-20 05:34:00+00
eed6e32f-e6a6-494d-ad27-de418492ef5c,d24973fa-606a-4901-80ad-90da2b82381d,high_risk_asset,in_app,Asset health alert,Mahindra Bolero Pickup 118 (LLX-BDL-0118) is now at critical health.,read,18614432-ef5d-487c-8a62-b9d1bf0ff598,,,2026-07-26 11:52:00+00,2026-07-26 10:18:00+00,{},2026-07-26 11:52:00+00
0f3996ad-43e2-4bcf-987d-125e7d010674,f1476a1a-5d8e-4c9d-8772-bdb92488fb29,high_risk_asset,in_app,Asset health alert,Mahindra Bolero Pickup 118 (LLX-BDL-0118) is now at critical health.,read,18614432-ef5d-487c-8a62-b9d1bf0ff598,,,2026-07-26 12:01:00+00,2026-07-29 16:51:00+00,{},2026-07-26 12:01:00+00
3c259d53-23bc-4256-b793-a29550db49db,7d29aca5-e5e4-466c-bd97-faa538283028,high_risk_asset,in_app,Asset health alert,Mahindra Bolero Pickup 118 (LLX-BDL-0118) is now at critical health.,read,18614432-ef5d-487c-8a62-b9d1bf0ff598,,,2026-07-26 13:23:00+00,2026-07-27 10:10:00+00,{},2026-07-26 13:23:00+00
97bec5a1-9bb1-416b-8702-42ffeb09bd4c,36f9a4a5-291f-4548-b867-96c44f690282,high_risk_asset,in_app,Assigned vehicle needs attention,Mahindra Bolero Pickup 123 (LLX-BDL-0123) is now at poor health.,read,ceac2811-cf12-461b-a6be-6f1d31b9bda6,,,2026-07-17 13:17:00+00,2026-07-19 09:22:00+00,{},2026-07-17 13:17:00+00
ab70fcbb-e52b-4b2d-8efd-0c1a252b699b,d24973fa-606a-4901-80ad-90da2b82381d,high_risk_asset,in_app,Asset health alert,Mahindra Bolero Pickup 123 (LLX-BDL-0123) is now at poor health.,read,ceac2811-cf12-461b-a6be-6f1d31b9bda6,,,2026-07-17 06:45:00+00,2026-07-20 15:36:00+00,{},2026-07-17 06:45:00+00
821e0038-bca4-4a98-82b1-ee12008549a6,f1476a1a-5d8e-4c9d-8772-bdb92488fb29,high_risk_asset,in_app,Asset health alert,Mahindra Bolero Pickup 123 (LLX-BDL-0123) is now at poor health.,read,ceac2811-cf12-461b-a6be-6f1d31b9bda6,,,2026-07-17 11:58:00+00,2026-07-19 06:57:00+00,{},2026-07-17 11:58:00+00
2cca5654-c9e4-4ba4-a5a1-4a42aac649c1,7d29aca5-e5e4-466c-bd97-faa538283028,high_risk_asset,in_app,Asset health alert,Mahindra Bolero Pickup 123 (LLX-BDL-0123) is now at poor health.,read,ceac2811-cf12-461b-a6be-6f1d31b9bda6,,,2026-07-17 10:10:00+00,2026-07-18 13:12:00+00,{},2026-07-17 10:10:00+00
f5c4dc7c-e247-4836-8e22-cc328f2e225b,26533c7a-2605-4da0-abad-5bdd41c619ac,high_risk_asset,in_app,Assigned vehicle needs attention,Piaggio Porter 124 (LLX-BDL-0124) is now at poor health.,read,38f9b400-7309-42a7-aa0b-6844f1806006,,,2026-07-16 13:24:00+00,2026-07-19 13:12:00+00,{},2026-07-16 13:24:00+00
6d97112f-1671-4dc0-99da-862b24d5c3cb,d24973fa-606a-4901-80ad-90da2b82381d,high_risk_asset,in_app,Asset health alert,Piaggio Porter 124 (LLX-BDL-0124) is now at poor health.,read,38f9b400-7309-42a7-aa0b-6844f1806006,,,2026-07-16 13:54:00+00,2026-07-17 08:47:00+00,{},2026-07-16 13:54:00+00
e6ec625b-3c8c-4e7b-a7e4-96101fa16ce1,f1476a1a-5d8e-4c9d-8772-bdb92488fb29,high_risk_asset,in_app,Asset health alert,Piaggio Porter 124 (LLX-BDL-0124) is now at poor health.,read,38f9b400-7309-42a7-aa0b-6844f1806006,,,2026-07-16 05:05:00+00,2026-07-18 13:15:00+00,{},2026-07-16 05:05:00+00
e7776f5d-348c-4762-9797-8d1ba6ce6272,7d29aca5-e5e4-466c-bd97-faa538283028,high_risk_asset,in_app,Asset health alert,Piaggio Porter 124 (LLX-BDL-0124) is now at poor health.,read,38f9b400-7309-42a7-aa0b-6844f1806006,,,2026-07-16 16:43:00+00,2026-07-18 17:56:00+00,{},2026-07-16 16:43:00+00
b6f117f4-f73e-410a-b684-5ec07e98b1be,d24973fa-606a-4901-80ad-90da2b82381d,high_risk_asset,in_app,Asset health alert,Tata Ultra T.7 135 (LLX-BDL-0135) is now at poor health.,read,21d171e0-c609-49c7-ac3b-ad9c1cdc3c09,,,2026-08-06 14:47:00+00,2026-08-08 05:45:00+00,{},2026-08-06 14:47:00+00
66391204-79fd-4458-bf22-b556fd2c6552,f1476a1a-5d8e-4c9d-8772-bdb92488fb29,high_risk_asset,in_app,Asset health alert,Tata Ultra T.7 135 (LLX-BDL-0135) is now at poor health.,read,21d171e0-c609-49c7-ac3b-ad9c1cdc3c09,,,2026-08-06 06:55:00+00,2026-08-06 14:45:00+00,{},2026-08-06 06:55:00+00
3c2e99b7-109a-4dc3-b6b2-20190c1d771e,7d29aca5-e5e4-466c-bd97-faa538283028,high_risk_asset,in_app,Asset health alert,Tata Ultra T.7 135 (LLX-BDL-0135) is now at poor health.,unread,21d171e0-c609-49c7-ac3b-ad9c1cdc3c09,,,2026-08-06 16:24:00+00,,{},2026-08-06 16:24:00+00
f0dc4451-50aa-42b6-b49f-abb6d6bd2f2d,d24973fa-606a-4901-80ad-90da2b82381d,high_risk_asset,in_app,Asset health alert,Tata Ultra T.7 139 (LLX-BDL-0139) is now at critical health.,unread,93d54ce6-7d07-477a-90fa-6d1a7204c708,,,2026-06-26 08:32:00+00,,{},2026-06-26 08:32:00+00
bd91cc27-7cc0-467c-ab98-a838c28b8c22,f1476a1a-5d8e-4c9d-8772-bdb92488fb29,high_risk_asset,in_app,Asset health alert,Tata Ultra T.7 139 (LLX-BDL-0139) is now at critical health.,read,93d54ce6-7d07-477a-90fa-6d1a7204c708,,,2026-06-26 16:31:00+00,2026-06-29 11:20:00+00,{},2026-06-26 16:31:00+00
267ccb11-2141-4c6d-b1ca-552430d9919f,7d29aca5-e5e4-466c-bd97-faa538283028,high_risk_asset,in_app,Asset health alert,Tata Ultra T.7 139 (LLX-BDL-0139) is now at critical health.,read,93d54ce6-7d07-477a-90fa-6d1a7204c708,,,2026-06-26 16:19:00+00,2026-06-26 06:58:00+00,{},2026-06-26 16:19:00+00
c6740f5d-4d36-4bc6-b755-74e9e2cef2ba,d1e3297e-159c-47bf-9c07-676bf0b6930c,high_risk_asset,in_app,Assigned vehicle needs attention,Mitsubishi Canter 142 (LLX-BDL-0142) is now at poor health.,read,1e1c014a-889e-4258-ad68-3977cacba92f,,,2026-06-27 06:04:00+00,2026-06-27 14:46:00+00,{},2026-06-27 06:04:00+00
1dc7b5d8-bfd1-43b5-8a7f-ea62487b695b,d24973fa-606a-4901-80ad-90da2b82381d,high_risk_asset,in_app,Asset health alert,Mitsubishi Canter 142 (LLX-BDL-0142) is now at poor health.,read,1e1c014a-889e-4258-ad68-3977cacba92f,,,2026-06-27 12:17:00+00,2026-06-29 12:50:00+00,{},2026-06-27 12:17:00+00
bb3a50d9-23d2-4664-ac0f-903ea17bc65a,f1476a1a-5d8e-4c9d-8772-bdb92488fb29,high_risk_asset,in_app,Asset health alert,Mitsubishi Canter 142 (LLX-BDL-0142) is now at poor health.,read,1e1c014a-889e-4258-ad68-3977cacba92f,,,2026-06-27 09:46:00+00,2026-06-30 09:22:00+00,{},2026-06-27 09:46:00+00
de441ebf-7206-4aa9-acd8-fcdba32b88d7,7d29aca5-e5e4-466c-bd97-faa538283028,high_risk_asset,in_app,Asset health alert,Mitsubishi Canter 142 (LLX-BDL-0142) is now at poor health.,read,1e1c014a-889e-4258-ad68-3977cacba92f,,,2026-06-27 13:06:00+00,2026-06-27 06:04:00+00,{},2026-06-27 13:06:00+00
09f20753-f82d-430d-a5ad-7c5a46eeb366,d24973fa-606a-4901-80ad-90da2b82381d,high_risk_asset,in_app,Asset health alert,Mitsubishi Canter 146 (LLX-BDL-0146) is now at poor health.,unread,ead9f42e-6090-45ef-9590-1502803fb60c,,,2026-07-23 10:15:00+00,,{},2026-07-23 10:15:00+00
b0ab5872-c7eb-4107-815f-2c6a8c0fd804,f1476a1a-5d8e-4c9d-8772-bdb92488fb29,high_risk_asset,in_app,Asset health alert,Mitsubishi Canter 146 (LLX-BDL-0146) is now at poor health.,read,ead9f42e-6090-45ef-9590-1502803fb60c,,,2026-07-23 09:19:00+00,2026-07-24 14:01:00+00,{},2026-07-23 09:19:00+00
97eae259-dd7f-49ab-9c96-b061cc7f1daf,7d29aca5-e5e4-466c-bd97-faa538283028,high_risk_asset,in_app,Asset health alert,Mitsubishi Canter 146 (LLX-BDL-0146) is now at poor health.,read,ead9f42e-6090-45ef-9590-1502803fb60c,,,2026-07-23 05:28:00+00,2026-07-23 06:25:00+00,{},2026-07-23 05:28:00+00
803034fd-246e-4b69-b29c-d0a61dc9e390,d24973fa-606a-4901-80ad-90da2b82381d,high_risk_asset,in_app,Asset health alert,Isuzu ELF NKR 152 (LLX-BDL-0152) is now at poor health.,read,fc48457d-db96-42a9-b510-f220fc33fb62,,,2026-08-02 10:41:00+00,2026-08-04 17:58:00+00,{},2026-08-02 10:41:00+00
38b31234-f93e-4d7b-bf03-6639f49fd608,f1476a1a-5d8e-4c9d-8772-bdb92488fb29,high_risk_asset,in_app,Asset health alert,Isuzu ELF NKR 152 (LLX-BDL-0152) is now at poor health.,read,fc48457d-db96-42a9-b510-f220fc33fb62,,,2026-08-02 08:24:00+00,2026-08-03 12:52:00+00,{},2026-08-02 08:24:00+00
69a92909-5e77-44c4-b724-843e1fbafb6b,7d29aca5-e5e4-466c-bd97-faa538283028,high_risk_asset,in_app,Asset health alert,Isuzu ELF NKR 152 (LLX-BDL-0152) is now at poor health.,read,fc48457d-db96-42a9-b510-f220fc33fb62,,,2026-08-02 11:04:00+00,2026-08-05 10:55:00+00,{},2026-08-02 11:04:00+00
c54b9db8-7e9b-4ee1-8f7c-b6dd3f69d724,f121048d-936a-437c-a161-9f7e901f17d8,high_risk_asset,in_app,Assigned vehicle needs attention,Mitsubishi Canter 156 (LLX-BDL-0156) is now at poor health.,read,60688d5c-4263-4307-b316-14f375cc5c8e,,,2026-07-30 16:01:00+00,2026-07-31 14:13:00+00,{},2026-07-30 16:01:00+00
3ac373e1-09b2-465f-a6df-b1feb59b4ea8,d24973fa-606a-4901-80ad-90da2b82381d,high_risk_asset,in_app,Asset health alert,Mitsubishi Canter 156 (LLX-BDL-0156) is now at poor health.,read,60688d5c-4263-4307-b316-14f375cc5c8e,,,2026-07-30 05:29:00+00,2026-07-30 17:55:00+00,{},2026-07-30 05:29:00+00
7b4bfb50-a531-4280-8696-08df12edbbc8,f1476a1a-5d8e-4c9d-8772-bdb92488fb29,high_risk_asset,in_app,Asset health alert,Mitsubishi Canter 156 (LLX-BDL-0156) is now at poor health.,read,60688d5c-4263-4307-b316-14f375cc5c8e,,,2026-07-30 05:07:00+00,2026-07-31 11:40:00+00,{},2026-07-30 05:07:00+00
a1fdc9a4-75b0-48eb-967a-4edebc228939,7d29aca5-e5e4-466c-bd97-faa538283028,high_risk_asset,in_app,Asset health alert,Mitsubishi Canter 156 (LLX-BDL-0156) is now at poor health.,read,60688d5c-4263-4307-b316-14f375cc5c8e,,,2026-07-30 07:25:00+00,2026-08-01 08:10:00+00,{},2026-07-30 07:25:00+00
0c61237e-5798-415c-93a2-94442db478c4,983f9089-e5b9-47df-95ca-ffb5d0ca1c39,high_risk_asset,in_app,Assigned vehicle needs attention,Mitsubishi Canter 159 (LLX-BDL-0159) is now at poor health.,read,b98ca446-093f-4081-8f4c-499460c277f6,,,2026-07-23 12:15:00+00,2026-07-25 06:45:00+00,{},2026-07-23 12:15:00+00
7102d6bb-8f97-40a9-8847-bd85cadc221d,d24973fa-606a-4901-80ad-90da2b82381d,high_risk_asset,in_app,Asset health alert,Mitsubishi Canter 159 (LLX-BDL-0159) is now at poor health.,unread,b98ca446-093f-4081-8f4c-499460c277f6,,,2026-07-23 15:30:00+00,,{},2026-07-23 15:30:00+00
8e7e908c-b709-4d2f-8000-d1fc21b8becc,f1476a1a-5d8e-4c9d-8772-bdb92488fb29,high_risk_asset,in_app,Asset health alert,Mitsubishi Canter 159 (LLX-BDL-0159) is now at poor health.,unread,b98ca446-093f-4081-8f4c-499460c277f6,,,2026-07-23 12:17:00+00,,{},2026-07-23 12:17:00+00
099c6d7c-310f-476b-9ea2-c2c29f6a9770,7d29aca5-e5e4-466c-bd97-faa538283028,high_risk_asset,in_app,Asset health alert,Mitsubishi Canter 159 (LLX-BDL-0159) is now at poor health.,read,b98ca446-093f-4081-8f4c-499460c277f6,,,2026-07-23 16:13:00+00,2026-07-26 11:25:00+00,{},2026-07-23 16:13:00+00
8cf1ecd6-884f-448a-b969-0a971cfba7fc,6947c9f5-0bf6-4d86-a562-5339ac82f575,high_risk_asset,in_app,Assigned vehicle needs attention,Tata Ultra T.7 160 (LLX-BDL-0160) is now at poor health.,read,bb522542-5ccd-4f1e-8bf5-69d1f7995a98,,,2026-07-17 15:19:00+00,2026-07-18 11:37:00+00,{},2026-07-17 15:19:00+00
d9e93672-ddee-42fc-a1ad-913e03006ddd,d24973fa-606a-4901-80ad-90da2b82381d,high_risk_asset,in_app,Asset health alert,Tata Ultra T.7 160 (LLX-BDL-0160) is now at poor health.,read,bb522542-5ccd-4f1e-8bf5-69d1f7995a98,,,2026-07-17 17:01:00+00,2026-07-20 13:50:00+00,{},2026-07-17 17:01:00+00
dd2a2f3b-7730-45f3-8699-25e532af861b,f1476a1a-5d8e-4c9d-8772-bdb92488fb29,high_risk_asset,in_app,Asset health alert,Tata Ultra T.7 160 (LLX-BDL-0160) is now at poor health.,read,bb522542-5ccd-4f1e-8bf5-69d1f7995a98,,,2026-07-17 16:01:00+00,2026-07-19 09:32:00+00,{},2026-07-17 16:01:00+00
0baac672-a615-4dde-9b83-7c5d7e1a81e9,7d29aca5-e5e4-466c-bd97-faa538283028,high_risk_asset,in_app,Asset health alert,Tata Ultra T.7 160 (LLX-BDL-0160) is now at poor health.,read,bb522542-5ccd-4f1e-8bf5-69d1f7995a98,,,2026-07-17 09:41:00+00,2026-07-18 08:47:00+00,{},2026-07-17 09:41:00+00
208bd50e-a9f2-407b-9fa6-22c9bcf47b88,5250a6e8-dae1-44d3-a749-0de618f21f17,high_risk_asset,in_app,Assigned vehicle needs attention,Tata Ultra T.7 161 (LLX-BDL-0161) is now at poor health.,read,b8f84319-275a-4e51-aa52-bb299d3e0453,,,2026-07-04 14:19:00+00,2026-07-05 08:11:00+00,{},2026-07-04 14:19:00+00
0e67f406-a897-4bb3-9bf7-33a14dedbee1,d24973fa-606a-4901-80ad-90da2b82381d,high_risk_asset,in_app,Asset health alert,Tata Ultra T.7 161 (LLX-BDL-0161) is now at poor health.,read,b8f84319-275a-4e51-aa52-bb299d3e0453,,,2026-07-04 15:13:00+00,2026-07-07 08:58:00+00,{},2026-07-04 15:13:00+00
33af5bd4-17db-4d80-b989-2155fa8ca80f,f1476a1a-5d8e-4c9d-8772-bdb92488fb29,high_risk_asset,in_app,Asset health alert,Tata Ultra T.7 161 (LLX-BDL-0161) is now at poor health.,read,b8f84319-275a-4e51-aa52-bb299d3e0453,,,2026-07-04 09:51:00+00,2026-07-06 16:54:00+00,{},2026-07-04 09:51:00+00
82f5994f-ddf5-4e78-8c02-ef9753aee842,7d29aca5-e5e4-466c-bd97-faa538283028,high_risk_asset,in_app,Asset health alert,Tata Ultra T.7 161 (LLX-BDL-0161) is now at poor health.,read,b8f84319-275a-4e51-aa52-bb299d3e0453,,,2026-07-04 12:57:00+00,2026-07-06 11:27:00+00,{},2026-07-04 12:57:00+00
033d39a2-126e-4591-8682-2626f09dd13d,d24973fa-606a-4901-80ad-90da2b82381d,high_risk_asset,in_app,Asset health alert,Tata Ultra T.7 168 (LLX-BDL-0168) is now at poor health.,read,a5e7465d-4c28-41f5-8b20-50c5086077b3,,,2026-07-24 14:16:00+00,2026-07-27 07:49:00+00,{},2026-07-24 14:16:00+00
918a96ac-a9ec-4c5c-9a5d-5e8b2c429b89,f1476a1a-5d8e-4c9d-8772-bdb92488fb29,high_risk_asset,in_app,Asset health alert,Tata Ultra T.7 168 (LLX-BDL-0168) is now at poor health.,read,a5e7465d-4c28-41f5-8b20-50c5086077b3,,,2026-07-24 10:40:00+00,2026-07-26 12:39:00+00,{},2026-07-24 10:40:00+00
fc76cbeb-d07e-4ccb-9dbb-8ac5c732accc,7d29aca5-e5e4-466c-bd97-faa538283028,high_risk_asset,in_app,Asset health alert,Tata Ultra T.7 168 (LLX-BDL-0168) is now at poor health.,read,a5e7465d-4c28-41f5-8b20-50c5086077b3,,,2026-07-24 17:01:00+00,2026-07-25 15:10:00+00,{},2026-07-24 17:01:00+00
67c33e03-c1df-49a8-a44f-b8ba129a9cdc,363395ad-bc4d-48d7-9bb3-13e893e92e82,high_risk_asset,in_app,Assigned vehicle needs attention,Tata Ultra T.7 169 (LLX-BDL-0169) is now at poor health.,read,8d6826db-fd8f-4c61-95be-d845335c312d,,,2026-08-09 09:13:00+00,2026-08-10 16:30:00+00,{},2026-08-09 09:13:00+00
a37da2b2-5366-41e9-ad7c-4bdbaddd7b2b,d24973fa-606a-4901-80ad-90da2b82381d,high_risk_asset,in_app,Asset health alert,Tata Ultra T.7 169 (LLX-BDL-0169) is now at poor health.,unread,8d6826db-fd8f-4c61-95be-d845335c312d,,,2026-08-09 17:09:00+00,,{},2026-08-09 17:09:00+00
fb9a5d1e-3662-438d-b82c-629a81fac887,f1476a1a-5d8e-4c9d-8772-bdb92488fb29,high_risk_asset,in_app,Asset health alert,Tata Ultra T.7 169 (LLX-BDL-0169) is now at poor health.,read,8d6826db-fd8f-4c61-95be-d845335c312d,,,2026-08-09 06:47:00+00,2026-08-10 16:21:00+00,{},2026-08-09 06:47:00+00
bd283074-7b60-4687-9393-489388581b1a,7d29aca5-e5e4-466c-bd97-faa538283028,high_risk_asset,in_app,Asset health alert,Tata Ultra T.7 169 (LLX-BDL-0169) is now at poor health.,unread,8d6826db-fd8f-4c61-95be-d845335c312d,,,2026-08-09 05:09:00+00,,{},2026-08-09 05:09:00+00
334b13c0-42a7-4820-96d1-c8c4557a3d7a,5eaa01fc-d211-42fc-b8a3-b4264659d850,high_risk_asset,in_app,Assigned vehicle needs attention,Mitsubishi Fuso Fighter 179 (LLX-BDL-0179) is now at poor health.,read,eb0c193b-8df4-47d0-bc71-4ec958d54954,,,2026-08-01 09:52:00+00,2026-08-03 07:12:00+00,{},2026-08-01 09:52:00+00
a7780d08-c4bc-4d9b-8459-096bbb8ff571,d24973fa-606a-4901-80ad-90da2b82381d,high_risk_asset,in_app,Asset health alert,Mitsubishi Fuso Fighter 179 (LLX-BDL-0179) is now at poor health.,read,eb0c193b-8df4-47d0-bc71-4ec958d54954,,,2026-08-01 11:51:00+00,2026-08-03 08:47:00+00,{},2026-08-01 11:51:00+00
5f3c7df7-e774-49b9-9fb0-490dfb5f870d,f1476a1a-5d8e-4c9d-8772-bdb92488fb29,high_risk_asset,in_app,Asset health alert,Mitsubishi Fuso Fighter 179 (LLX-BDL-0179) is now at poor health.,read,eb0c193b-8df4-47d0-bc71-4ec958d54954,,,2026-08-01 13:47:00+00,2026-08-04 05:02:00+00,{},2026-08-01 13:47:00+00
43538b74-3c6f-43cc-b50b-b3ef00d0a762,7d29aca5-e5e4-466c-bd97-faa538283028,high_risk_asset,in_app,Asset health alert,Mitsubishi Fuso Fighter 179 (LLX-BDL-0179) is now at poor health.,read,eb0c193b-8df4-47d0-bc71-4ec958d54954,,,2026-08-01 06:20:00+00,2026-08-03 07:38:00+00,{},2026-08-01 06:20:00+00
1495b264-4bfc-42fa-9cce-691f1a389a01,084585d8-c820-44ca-a93e-4cfd796e3053,high_risk_asset,in_app,Assigned vehicle needs attention,Mitsubishi Fuso Fighter 189 (LLX-BDL-0189) is now at poor health.,unread,e14beb5f-7573-4aff-940d-5ab0928b606b,,,2026-07-30 07:46:00+00,,{},2026-07-30 07:46:00+00
c8284f87-9f6f-47f5-b952-efb3b2e55e9b,d24973fa-606a-4901-80ad-90da2b82381d,high_risk_asset,in_app,Asset health alert,Mitsubishi Fuso Fighter 189 (LLX-BDL-0189) is now at poor health.,unread,e14beb5f-7573-4aff-940d-5ab0928b606b,,,2026-07-30 12:34:00+00,,{},2026-07-30 12:34:00+00
56a4ca26-6726-4e47-8c5c-4e38fd4f1451,f1476a1a-5d8e-4c9d-8772-bdb92488fb29,high_risk_asset,in_app,Asset health alert,Mitsubishi Fuso Fighter 189 (LLX-BDL-0189) is now at poor health.,read,e14beb5f-7573-4aff-940d-5ab0928b606b,,,2026-07-30 08:09:00+00,2026-08-01 06:06:00+00,{},2026-07-30 08:09:00+00
326ff92d-1de4-468d-a170-e5825d452be6,7d29aca5-e5e4-466c-bd97-faa538283028,high_risk_asset,in_app,Asset health alert,Mitsubishi Fuso Fighter 189 (LLX-BDL-0189) is now at poor health.,read,e14beb5f-7573-4aff-940d-5ab0928b606b,,,2026-07-30 08:28:00+00,2026-07-30 13:57:00+00,{},2026-07-30 08:28:00+00
8aa247df-2433-4aca-905c-b3d501b06316,9eb09106-f54e-4d7c-a8ab-2e35db7f6fee,high_risk_asset,in_app,Assigned vehicle needs attention,Tata Prima 2823 197 (LLX-BDL-0197) is now at poor health.,read,2cafca73-08c2-4726-a800-0cbef5b48abb,,,2026-07-10 11:17:00+00,2026-07-13 11:17:00+00,{},2026-07-10 11:17:00+00
dd12efb0-9f48-4557-9079-41dd31880a43,d24973fa-606a-4901-80ad-90da2b82381d,high_risk_asset,in_app,Asset health alert,Tata Prima 2823 197 (LLX-BDL-0197) is now at poor health.,read,2cafca73-08c2-4726-a800-0cbef5b48abb,,,2026-07-10 06:50:00+00,2026-07-10 10:59:00+00,{},2026-07-10 06:50:00+00
34cd2c7b-de6a-41a2-9fc6-a877b786f419,f1476a1a-5d8e-4c9d-8772-bdb92488fb29,high_risk_asset,in_app,Asset health alert,Tata Prima 2823 197 (LLX-BDL-0197) is now at poor health.,read,2cafca73-08c2-4726-a800-0cbef5b48abb,,,2026-07-10 17:28:00+00,2026-07-13 15:47:00+00,{},2026-07-10 17:28:00+00
3dbeac5e-a4d5-4b5f-9a72-001c00a8f266,7d29aca5-e5e4-466c-bd97-faa538283028,high_risk_asset,in_app,Asset health alert,Tata Prima 2823 197 (LLX-BDL-0197) is now at poor health.,read,2cafca73-08c2-4726-a800-0cbef5b48abb,,,2026-07-10 10:39:00+00,2026-07-10 11:40:00+00,{},2026-07-10 10:39:00+00
07151326-6811-4a57-9382-868b79d49adf,d24973fa-606a-4901-80ad-90da2b82381d,high_risk_asset,in_app,Asset health alert,Tata Signa 1918 199 (LLX-BDL-0199) is now at poor health.,read,f0988bbc-49e6-4237-bb22-12f45d9a6a8f,,,2026-07-12 07:21:00+00,2026-07-15 12:24:00+00,{},2026-07-12 07:21:00+00
6819175f-5d2f-48d2-ae06-5fc9862b4c15,f1476a1a-5d8e-4c9d-8772-bdb92488fb29,high_risk_asset,in_app,Asset health alert,Tata Signa 1918 199 (LLX-BDL-0199) is now at poor health.,read,f0988bbc-49e6-4237-bb22-12f45d9a6a8f,,,2026-07-12 06:56:00+00,2026-07-15 07:43:00+00,{},2026-07-12 06:56:00+00
8c083499-677c-42db-a16b-6a802ac9318b,7d29aca5-e5e4-466c-bd97-faa538283028,high_risk_asset,in_app,Asset health alert,Tata Signa 1918 199 (LLX-BDL-0199) is now at poor health.,unread,f0988bbc-49e6-4237-bb22-12f45d9a6a8f,,,2026-07-12 16:03:00+00,,{},2026-07-12 16:03:00+00
55d8a0bc-9d5a-454c-a34c-139beaae31ed,d6c63075-f2b1-42b2-88ea-62b7db930b1d,high_risk_asset,in_app,Assigned vehicle needs attention,Heli CPCD25 004 (LLX-GLE-0004) is now at poor health.,read,7d3afa4f-270a-4684-b91e-a4173395315d,,,2026-07-07 12:52:00+00,2026-07-07 08:06:00+00,{},2026-07-07 12:52:00+00
53b747c9-c709-44ae-95f5-d665900815cd,734bbe6b-9744-44d0-a11b-7a0e0df4922e,high_risk_asset,in_app,Asset health alert,Heli CPCD25 004 (LLX-GLE-0004) is now at poor health.,read,7d3afa4f-270a-4684-b91e-a4173395315d,,,2026-07-07 12:11:00+00,2026-07-09 05:07:00+00,{},2026-07-07 12:11:00+00
e1bdcb60-00d0-4128-909f-0ac66448ec5a,829c13bd-2a5c-42b7-8b1c-8a8a8b415ceb,high_risk_asset,in_app,Asset health alert,Heli CPCD25 004 (LLX-GLE-0004) is now at poor health.,read,7d3afa4f-270a-4684-b91e-a4173395315d,,,2026-07-07 09:36:00+00,2026-07-09 13:00:00+00,{},2026-07-07 09:36:00+00
ba4c923e-a07f-4230-85c7-77b76cf927c9,0f2dd1d9-6b12-4073-ab85-bea406d1d514,high_risk_asset,in_app,Asset health alert,Heli CPCD25 004 (LLX-GLE-0004) is now at poor health.,read,7d3afa4f-270a-4684-b91e-a4173395315d,,,2026-07-07 17:34:00+00,2026-07-09 09:07:00+00,{},2026-07-07 17:34:00+00
b9dfc70b-0b2d-4d44-9927-917e76e40c3f,3df5d037-e853-43ba-8818-4d3a6644377a,high_risk_asset,in_app,Assigned vehicle needs attention,Komatsu FD25 007 (LLX-GLE-0007) is now at poor health.,read,a12585c0-72e7-4af1-a32f-85d834a3ff7d,,,2026-07-29 16:47:00+00,2026-08-01 05:20:00+00,{},2026-07-29 16:47:00+00
71eb3c7c-8894-4ab4-9be8-98d1209268ac,734bbe6b-9744-44d0-a11b-7a0e0df4922e,high_risk_asset,in_app,Asset health alert,Komatsu FD25 007 (LLX-GLE-0007) is now at poor health.,read,a12585c0-72e7-4af1-a32f-85d834a3ff7d,,,2026-07-29 13:05:00+00,2026-07-30 10:34:00+00,{},2026-07-29 13:05:00+00
8dadf599-f29e-44dc-b3db-d478ca813d60,829c13bd-2a5c-42b7-8b1c-8a8a8b415ceb,high_risk_asset,in_app,Asset health alert,Komatsu FD25 007 (LLX-GLE-0007) is now at poor health.,read,a12585c0-72e7-4af1-a32f-85d834a3ff7d,,,2026-07-29 13:03:00+00,2026-07-30 14:49:00+00,{},2026-07-29 13:03:00+00
10dc9808-9348-4cb7-984b-8f7052c27e1a,0f2dd1d9-6b12-4073-ab85-bea406d1d514,high_risk_asset,in_app,Asset health alert,Komatsu FD25 007 (LLX-GLE-0007) is now at poor health.,read,a12585c0-72e7-4af1-a32f-85d834a3ff7d,,,2026-07-29 07:02:00+00,2026-07-29 17:11:00+00,{},2026-07-29 07:02:00+00
1ab68cdf-8910-4faa-9b44-46eac958f09d,e98a7d51-d860-4c09-a624-751120112f62,high_risk_asset,in_app,Assigned vehicle needs attention,Komatsu FD25 010 (LLX-GLE-0010) is now at poor health.,read,4f14b02c-1a86-4184-936b-b876017a8871,,,2026-07-18 07:07:00+00,2026-07-20 16:12:00+00,{},2026-07-18 07:07:00+00
96db18fa-c67d-49d4-b794-2de2563a3cfb,734bbe6b-9744-44d0-a11b-7a0e0df4922e,high_risk_asset,in_app,Asset health alert,Komatsu FD25 010 (LLX-GLE-0010) is now at poor health.,read,4f14b02c-1a86-4184-936b-b876017a8871,,,2026-07-18 06:02:00+00,2026-07-20 08:53:00+00,{},2026-07-18 06:02:00+00
cdd43285-ea56-438d-bcda-9180e43af199,829c13bd-2a5c-42b7-8b1c-8a8a8b415ceb,high_risk_asset,in_app,Asset health alert,Komatsu FD25 010 (LLX-GLE-0010) is now at poor health.,read,4f14b02c-1a86-4184-936b-b876017a8871,,,2026-07-18 11:01:00+00,2026-07-21 15:50:00+00,{},2026-07-18 11:01:00+00
b8d2b741-b957-4110-a61f-709b47e2c3fe,0f2dd1d9-6b12-4073-ab85-bea406d1d514,high_risk_asset,in_app,Asset health alert,Komatsu FD25 010 (LLX-GLE-0010) is now at poor health.,read,4f14b02c-1a86-4184-936b-b876017a8871,,,2026-07-18 14:48:00+00,2026-07-21 09:11:00+00,{},2026-07-18 14:48:00+00
5226adba-acdf-49e9-89d1-110ef06e1544,4b2c9a06-d234-4c13-b11c-f880af976191,high_risk_asset,in_app,Assigned vehicle needs attention,Toyota 8FD25 011 (LLX-GLE-0011) is now at poor health.,read,ded45c16-cec5-4005-a183-b54e1a1d8f0f,,,2026-07-19 17:11:00+00,2026-07-19 12:27:00+00,{},2026-07-19 17:11:00+00
ff20c6e1-8d81-4781-b0a1-4b843e04c48e,734bbe6b-9744-44d0-a11b-7a0e0df4922e,high_risk_asset,in_app,Asset health alert,Toyota 8FD25 011 (LLX-GLE-0011) is now at poor health.,read,ded45c16-cec5-4005-a183-b54e1a1d8f0f,,,2026-07-19 08:58:00+00,2026-07-19 08:57:00+00,{},2026-07-19 08:58:00+00
02829d05-5678-4088-948c-a3719808f0d0,829c13bd-2a5c-42b7-8b1c-8a8a8b415ceb,high_risk_asset,in_app,Asset health alert,Toyota 8FD25 011 (LLX-GLE-0011) is now at poor health.,read,ded45c16-cec5-4005-a183-b54e1a1d8f0f,,,2026-07-19 10:30:00+00,2026-07-19 12:44:00+00,{},2026-07-19 10:30:00+00
803f1d37-093f-430e-a742-13336312f41d,0f2dd1d9-6b12-4073-ab85-bea406d1d514,high_risk_asset,in_app,Asset health alert,Toyota 8FD25 011 (LLX-GLE-0011) is now at poor health.,read,ded45c16-cec5-4005-a183-b54e1a1d8f0f,,,2026-07-19 16:18:00+00,2026-07-19 16:34:00+00,{},2026-07-19 16:18:00+00
2b50394f-ed7e-4095-9494-d37608403cd1,734bbe6b-9744-44d0-a11b-7a0e0df4922e,high_risk_asset,in_app,Asset health alert,Komatsu FD25 015 (LLX-GLE-0015) is now at poor health.,read,dfe9b185-95af-4842-92d5-daa5b8a321f8,,,2026-07-03 15:40:00+00,2026-07-04 09:57:00+00,{},2026-07-03 15:40:00+00
d7ea0daa-5bab-4c84-9d5a-5527d1a10db6,829c13bd-2a5c-42b7-8b1c-8a8a8b415ceb,high_risk_asset,in_app,Asset health alert,Komatsu FD25 015 (LLX-GLE-0015) is now at poor health.,read,dfe9b185-95af-4842-92d5-daa5b8a321f8,,,2026-07-03 07:30:00+00,2026-07-03 08:12:00+00,{},2026-07-03 07:30:00+00
33ed7d7c-6f6b-445a-b85c-1957c728e25b,0f2dd1d9-6b12-4073-ab85-bea406d1d514,high_risk_asset,in_app,Asset health alert,Komatsu FD25 015 (LLX-GLE-0015) is now at poor health.,read,dfe9b185-95af-4842-92d5-daa5b8a321f8,,,2026-07-03 13:15:00+00,2026-07-03 11:05:00+00,{},2026-07-03 13:15:00+00
2863ff89-b8f0-4eea-a577-89564e84b21c,1ea70755-1c4a-4c56-8d10-f83fdbee5d4c,high_risk_asset,in_app,Assigned vehicle needs attention,Toyota 8FD25 028 (LLX-GLE-0028) is now at poor health.,read,49fa0050-0771-4769-9b88-bd878cb3383e,,,2026-07-14 08:02:00+00,2026-07-14 07:38:00+00,{},2026-07-14 08:02:00+00
6a0d5fe7-ff0f-4b8f-abee-fc0ff9a7834e,734bbe6b-9744-44d0-a11b-7a0e0df4922e,high_risk_asset,in_app,Asset health alert,Toyota 8FD25 028 (LLX-GLE-0028) is now at poor health.,read,49fa0050-0771-4769-9b88-bd878cb3383e,,,2026-07-14 15:41:00+00,2026-07-14 16:01:00+00,{},2026-07-14 15:41:00+00
8765363a-9ac2-425a-a2e9-a785d00f7bb0,829c13bd-2a5c-42b7-8b1c-8a8a8b415ceb,high_risk_asset,in_app,Asset health alert,Toyota 8FD25 028 (LLX-GLE-0028) is now at poor health.,read,49fa0050-0771-4769-9b88-bd878cb3383e,,,2026-07-14 06:13:00+00,2026-07-16 13:19:00+00,{},2026-07-14 06:13:00+00
3c3e3ef5-c7fc-4a8f-8563-0d90073c0e38,0f2dd1d9-6b12-4073-ab85-bea406d1d514,high_risk_asset,in_app,Asset health alert,Toyota 8FD25 028 (LLX-GLE-0028) is now at poor health.,read,49fa0050-0771-4769-9b88-bd878cb3383e,,,2026-07-14 11:57:00+00,2026-07-17 14:02:00+00,{},2026-07-14 11:57:00+00
a37d224b-a62f-45fa-a6c0-0f2ffc999931,734bbe6b-9744-44d0-a11b-7a0e0df4922e,high_risk_asset,in_app,Asset health alert,Toyota 8FD25 051 (LLX-GLE-0051) is now at poor health.,read,e2028202-e117-4fbe-8db0-e5a1db0104ba,,,2026-06-30 09:41:00+00,2026-07-03 10:25:00+00,{},2026-06-30 09:41:00+00
c530d532-b9d8-419f-ae73-a698ba4fa90e,829c13bd-2a5c-42b7-8b1c-8a8a8b415ceb,high_risk_asset,in_app,Asset health alert,Toyota 8FD25 051 (LLX-GLE-0051) is now at poor health.,read,e2028202-e117-4fbe-8db0-e5a1db0104ba,,,2026-06-30 08:01:00+00,2026-07-01 08:02:00+00,{},2026-06-30 08:01:00+00
8e39f7a3-d5f8-4b7c-9550-6e7a9e4fa58f,0f2dd1d9-6b12-4073-ab85-bea406d1d514,high_risk_asset,in_app,Asset health alert,Toyota 8FD25 051 (LLX-GLE-0051) is now at poor health.,unread,e2028202-e117-4fbe-8db0-e5a1db0104ba,,,2026-06-30 16:27:00+00,,{},2026-06-30 16:27:00+00
fa26f2d9-c2e9-4708-a72d-a332de1b2d89,ff962ec5-661c-4004-8c3a-c65fcefaf218,high_risk_asset,in_app,Assigned vehicle needs attention,Toyota 8FD30 057 (LLX-GLE-0057) is now at poor health.,read,45edec81-c564-46eb-a542-79278b06dcd5,,,2026-07-10 14:43:00+00,2026-07-13 11:19:00+00,{},2026-07-10 14:43:00+00
cbec8917-56f7-4165-aba0-accdbeee9ebd,734bbe6b-9744-44d0-a11b-7a0e0df4922e,high_risk_asset,in_app,Asset health alert,Toyota 8FD30 057 (LLX-GLE-0057) is now at poor health.,read,45edec81-c564-46eb-a542-79278b06dcd5,,,2026-07-10 07:02:00+00,2026-07-12 13:05:00+00,{},2026-07-10 07:02:00+00
d4f5bfe9-68d1-4571-b660-f8e40ce3e85c,829c13bd-2a5c-42b7-8b1c-8a8a8b415ceb,high_risk_asset,in_app,Asset health alert,Toyota 8FD30 057 (LLX-GLE-0057) is now at poor health.,read,45edec81-c564-46eb-a542-79278b06dcd5,,,2026-07-10 16:02:00+00,2026-07-11 09:57:00+00,{},2026-07-10 16:02:00+00
7a1481fa-4a1e-4f23-9095-faf83366c318,0f2dd1d9-6b12-4073-ab85-bea406d1d514,high_risk_asset,in_app,Asset health alert,Toyota 8FD30 057 (LLX-GLE-0057) is now at poor health.,read,45edec81-c564-46eb-a542-79278b06dcd5,,,2026-07-10 14:37:00+00,2026-07-11 07:09:00+00,{},2026-07-10 14:37:00+00
84a5d03f-48d9-4e4e-9623-cfca87d01127,4430fbeb-2c79-4588-b6ed-66a6bc48fb34,high_risk_asset,in_app,Assigned vehicle needs attention,Toyota 8FD30 067 (LLX-GLE-0067) is now at poor health.,unread,1b4befe8-0218-47f2-aa51-237ae499d73a,,,2026-08-08 16:58:00+00,,{},2026-08-08 16:58:00+00
a98f8a12-ecff-49d9-bb1b-939befe3056e,734bbe6b-9744-44d0-a11b-7a0e0df4922e,high_risk_asset,in_app,Asset health alert,Toyota 8FD30 067 (LLX-GLE-0067) is now at poor health.,read,1b4befe8-0218-47f2-aa51-237ae499d73a,,,2026-08-08 12:38:00+00,2026-08-09 16:30:00+00,{},2026-08-08 12:38:00+00
1b15bafa-fab6-4af3-855e-b3a9993a989f,829c13bd-2a5c-42b7-8b1c-8a8a8b415ceb,high_risk_asset,in_app,Asset health alert,Toyota 8FD30 067 (LLX-GLE-0067) is now at poor health.,unread,1b4befe8-0218-47f2-aa51-237ae499d73a,,,2026-08-08 12:26:00+00,,{},2026-08-08 12:26:00+00
a9b37ec4-0ec4-46c4-b03c-798842044242,0f2dd1d9-6b12-4073-ab85-bea406d1d514,high_risk_asset,in_app,Asset health alert,Toyota 8FD30 067 (LLX-GLE-0067) is now at poor health.,unread,1b4befe8-0218-47f2-aa51-237ae499d73a,,,2026-08-08 05:38:00+00,,{},2026-08-08 05:38:00+00
f70f7630-9783-4f55-8f62-76ad288d494f,17fb895f-4c2d-4cb8-a53f-a2ce9aa97992,high_risk_asset,in_app,Assigned vehicle needs attention,Heli CPCD30 070 (LLX-GLE-0070) is now at poor health.,read,585d8f6e-c62d-465d-b736-1eac8460a2aa,,,2026-07-03 05:55:00+00,2026-07-04 17:03:00+00,{},2026-07-03 05:55:00+00
eff6a9c1-f53c-4ec8-ac10-29252b441cae,734bbe6b-9744-44d0-a11b-7a0e0df4922e,high_risk_asset,in_app,Asset health alert,Heli CPCD30 070 (LLX-GLE-0070) is now at poor health.,read,585d8f6e-c62d-465d-b736-1eac8460a2aa,,,2026-07-03 07:19:00+00,2026-07-03 07:18:00+00,{},2026-07-03 07:19:00+00
1a4efa4f-cecb-4357-8a97-05882cfd6e67,829c13bd-2a5c-42b7-8b1c-8a8a8b415ceb,high_risk_asset,in_app,Asset health alert,Heli CPCD30 070 (LLX-GLE-0070) is now at poor health.,read,585d8f6e-c62d-465d-b736-1eac8460a2aa,,,2026-07-03 15:13:00+00,2026-07-06 12:38:00+00,{},2026-07-03 15:13:00+00
0a088ad3-2f45-4110-9fe7-c7e808176bf7,0f2dd1d9-6b12-4073-ab85-bea406d1d514,high_risk_asset,in_app,Asset health alert,Heli CPCD30 070 (LLX-GLE-0070) is now at poor health.,read,585d8f6e-c62d-465d-b736-1eac8460a2aa,,,2026-07-03 12:49:00+00,2026-07-06 08:50:00+00,{},2026-07-03 12:49:00+00
63d1ca1e-e942-4e44-96f9-95b443e549d6,260ab607-633a-476d-b6dd-ca7397d5f2b5,high_risk_asset,in_app,Assigned vehicle needs attention,Heli CPCD30 083 (LLX-GLE-0083) is now at critical health.,read,9e568e8d-1182-499e-ac0c-3ac5b3b73ffa,,,2026-07-25 08:49:00+00,2026-07-26 10:20:00+00,{},2026-07-25 08:49:00+00
acde5cc9-f615-4122-bb3c-891e9c01e72e,734bbe6b-9744-44d0-a11b-7a0e0df4922e,high_risk_asset,in_app,Asset health alert,Heli CPCD30 083 (LLX-GLE-0083) is now at critical health.,unread,9e568e8d-1182-499e-ac0c-3ac5b3b73ffa,,,2026-07-25 05:05:00+00,,{},2026-07-25 05:05:00+00
671ddb06-1d28-4de2-a425-8b008865bb1e,829c13bd-2a5c-42b7-8b1c-8a8a8b415ceb,high_risk_asset,in_app,Asset health alert,Heli CPCD30 083 (LLX-GLE-0083) is now at critical health.,read,9e568e8d-1182-499e-ac0c-3ac5b3b73ffa,,,2026-07-25 06:20:00+00,2026-07-27 12:11:00+00,{},2026-07-25 06:20:00+00
abdc4f25-3884-480c-a7bf-d347e5e802b5,0f2dd1d9-6b12-4073-ab85-bea406d1d514,high_risk_asset,in_app,Asset health alert,Heli CPCD30 083 (LLX-GLE-0083) is now at critical health.,read,9e568e8d-1182-499e-ac0c-3ac5b3b73ffa,,,2026-07-25 16:46:00+00,2026-07-25 09:39:00+00,{},2026-07-25 16:46:00+00
5b7da01c-4878-42b9-8020-694a40b12d0e,734bbe6b-9744-44d0-a11b-7a0e0df4922e,high_risk_asset,in_app,Asset health alert,Heli CPCD30 089 (LLX-GLE-0089) is now at critical health.,unread,5fe7a88d-f3fc-428a-b901-e00069f9cbb2,,,2026-08-03 11:00:00+00,,{},2026-08-03 11:00:00+00
24f479f7-f730-4898-9647-16467c40e83f,829c13bd-2a5c-42b7-8b1c-8a8a8b415ceb,high_risk_asset,in_app,Asset health alert,Heli CPCD30 089 (LLX-GLE-0089) is now at critical health.,read,5fe7a88d-f3fc-428a-b901-e00069f9cbb2,,,2026-08-03 06:37:00+00,2026-08-03 11:45:00+00,{},2026-08-03 06:37:00+00
9ee97c42-2db7-4448-bb90-7613dfa14aa9,0f2dd1d9-6b12-4073-ab85-bea406d1d514,high_risk_asset,in_app,Asset health alert,Heli CPCD30 089 (LLX-GLE-0089) is now at critical health.,unread,5fe7a88d-f3fc-428a-b901-e00069f9cbb2,,,2026-08-03 12:31:00+00,,{},2026-08-03 12:31:00+00
0a8566dc-a57e-402b-8a46-28137251d125,583e6f26-b967-450c-b674-367a7d2a630d,high_risk_asset,in_app,Assigned vehicle needs attention,Komatsu FD30 092 (LLX-GLE-0092) is now at poor health.,read,060b7f37-a358-439d-9cbc-8bde2937845c,,,2026-06-27 08:40:00+00,2026-06-28 16:01:00+00,{},2026-06-27 08:40:00+00
45c590dc-df86-43b9-9ae4-46e943169c11,734bbe6b-9744-44d0-a11b-7a0e0df4922e,high_risk_asset,in_app,Asset health alert,Komatsu FD30 092 (LLX-GLE-0092) is now at poor health.,read,060b7f37-a358-439d-9cbc-8bde2937845c,,,2026-06-27 15:44:00+00,2026-06-29 16:15:00+00,{},2026-06-27 15:44:00+00
e6b59de0-f08f-46af-8261-a04d2116c110,829c13bd-2a5c-42b7-8b1c-8a8a8b415ceb,high_risk_asset,in_app,Asset health alert,Komatsu FD30 092 (LLX-GLE-0092) is now at poor health.,unread,060b7f37-a358-439d-9cbc-8bde2937845c,,,2026-06-27 11:43:00+00,,{},2026-06-27 11:43:00+00
87bcb992-3a04-4cba-a535-bdb2433e9351,0f2dd1d9-6b12-4073-ab85-bea406d1d514,high_risk_asset,in_app,Asset health alert,Komatsu FD30 092 (LLX-GLE-0092) is now at poor health.,read,060b7f37-a358-439d-9cbc-8bde2937845c,,,2026-06-27 10:25:00+00,2026-06-28 14:38:00+00,{},2026-06-27 10:25:00+00
14644ec2-2ae2-4786-b34e-1a470ed474b0,dead6da3-5b5b-40a8-b8d1-afdd225b2c31,high_risk_asset,in_app,Assigned vehicle needs attention,Toyota 8FD30 095 (LLX-GLE-0095) is now at poor health.,unread,045cc038-1a43-49f1-aab3-32069dbed0e6,,,2026-08-08 08:49:00+00,,{},2026-08-08 08:49:00+00
12748488-ec37-46b4-b5d4-373bb18ac725,734bbe6b-9744-44d0-a11b-7a0e0df4922e,high_risk_asset,in_app,Asset health alert,Toyota 8FD30 095 (LLX-GLE-0095) is now at poor health.,unread,045cc038-1a43-49f1-aab3-32069dbed0e6,,,2026-08-08 09:41:00+00,,{},2026-08-08 09:41:00+00
378b8800-c795-423c-bb5a-3a311a524785,829c13bd-2a5c-42b7-8b1c-8a8a8b415ceb,high_risk_asset,in_app,Asset health alert,Toyota 8FD30 095 (LLX-GLE-0095) is now at poor health.,unread,045cc038-1a43-49f1-aab3-32069dbed0e6,,,2026-08-08 16:55:00+00,,{},2026-08-08 16:55:00+00
933f04fc-2957-44ad-b5ba-7dea4cf7724d,0f2dd1d9-6b12-4073-ab85-bea406d1d514,high_risk_asset,in_app,Asset health alert,Toyota 8FD30 095 (LLX-GLE-0095) is now at poor health.,read,045cc038-1a43-49f1-aab3-32069dbed0e6,,,2026-08-08 07:34:00+00,2026-08-11 09:24:00+00,{},2026-08-08 07:34:00+00
332114a9-14dd-4820-84d1-eccaff7fd576,734bbe6b-9744-44d0-a11b-7a0e0df4922e,high_risk_asset,in_app,Asset health alert,Nissan Caravan 100 (LLX-GLE-0100) is now at critical health.,read,e9a85268-4dca-42f0-b0ea-6abbe5c8e033,,,2026-08-03 08:12:00+00,2026-08-05 08:59:00+00,{},2026-08-03 08:12:00+00
e44adb83-b67b-4a9a-9307-b4531724e947,829c13bd-2a5c-42b7-8b1c-8a8a8b415ceb,high_risk_asset,in_app,Asset health alert,Nissan Caravan 100 (LLX-GLE-0100) is now at critical health.,unread,e9a85268-4dca-42f0-b0ea-6abbe5c8e033,,,2026-08-03 14:04:00+00,,{},2026-08-03 14:04:00+00
64591daf-8c53-41ab-8f03-56efba804c22,0f2dd1d9-6b12-4073-ab85-bea406d1d514,high_risk_asset,in_app,Asset health alert,Nissan Caravan 100 (LLX-GLE-0100) is now at critical health.,unread,e9a85268-4dca-42f0-b0ea-6abbe5c8e033,,,2026-08-03 15:33:00+00,,{},2026-08-03 15:33:00+00
c344a123-f3c1-4998-9ff1-3b426eb065f1,36c08673-b38e-475d-bf2f-0079be837d54,high_risk_asset,in_app,Assigned vehicle needs attention,KDH Van 105 (LLX-GLE-0105) is now at poor health.,read,9a69fffc-c54a-467b-b851-a6a68d08ba1c,,,2026-08-03 08:00:00+00,2026-08-06 06:04:00+00,{},2026-08-03 08:00:00+00
1aef676f-43d6-40da-96e5-74d17ad0747a,734bbe6b-9744-44d0-a11b-7a0e0df4922e,high_risk_asset,in_app,Asset health alert,KDH Van 105 (LLX-GLE-0105) is now at poor health.,unread,9a69fffc-c54a-467b-b851-a6a68d08ba1c,,,2026-08-03 11:16:00+00,,{},2026-08-03 11:16:00+00
9b08d2d3-ea29-41cc-8bb4-7af5a7e03b54,829c13bd-2a5c-42b7-8b1c-8a8a8b415ceb,high_risk_asset,in_app,Asset health alert,KDH Van 105 (LLX-GLE-0105) is now at poor health.,unread,9a69fffc-c54a-467b-b851-a6a68d08ba1c,,,2026-08-03 12:01:00+00,,{},2026-08-03 12:01:00+00
14b0c698-8576-458f-b4e1-37fb9f1008d5,0f2dd1d9-6b12-4073-ab85-bea406d1d514,high_risk_asset,in_app,Asset health alert,KDH Van 105 (LLX-GLE-0105) is now at poor health.,unread,9a69fffc-c54a-467b-b851-a6a68d08ba1c,,,2026-08-03 09:34:00+00,,{},2026-08-03 09:34:00+00
d33a5a6a-2f68-471b-bdda-dbecafa2fd10,0405c062-3887-46d9-855d-e641a5044cb2,high_risk_asset,in_app,Assigned vehicle needs attention,KDH Van 108 (LLX-GLE-0108) is now at poor health.,read,884bd482-0fad-4821-bb6e-5038596a3365,,,2026-07-30 14:46:00+00,2026-07-30 14:43:00+00,{},2026-07-30 14:46:00+00
4ef3c51d-5c85-4852-9702-8d6fa8db1249,734bbe6b-9744-44d0-a11b-7a0e0df4922e,high_risk_asset,in_app,Asset health alert,KDH Van 108 (LLX-GLE-0108) is now at poor health.,read,884bd482-0fad-4821-bb6e-5038596a3365,,,2026-07-30 09:04:00+00,2026-07-31 10:57:00+00,{},2026-07-30 09:04:00+00
3198c632-053c-4be4-b27c-8a42fe9a2f18,829c13bd-2a5c-42b7-8b1c-8a8a8b415ceb,high_risk_asset,in_app,Asset health alert,KDH Van 108 (LLX-GLE-0108) is now at poor health.,read,884bd482-0fad-4821-bb6e-5038596a3365,,,2026-07-30 07:43:00+00,2026-07-30 15:32:00+00,{},2026-07-30 07:43:00+00
4ad180f4-93d0-4227-aab4-39efb7cc9305,0f2dd1d9-6b12-4073-ab85-bea406d1d514,high_risk_asset,in_app,Asset health alert,KDH Van 108 (LLX-GLE-0108) is now at poor health.,read,884bd482-0fad-4821-bb6e-5038596a3365,,,2026-07-30 07:57:00+00,2026-07-30 07:55:00+00,{},2026-07-30 07:57:00+00
fac99853-e7d5-4592-9266-65313e544476,734bbe6b-9744-44d0-a11b-7a0e0df4922e,high_risk_asset,in_app,Asset health alert,Nissan Caravan 110 (LLX-GLE-0110) is now at poor health.,read,c63a621c-6822-4256-8f0d-3408b6178efc,,,2026-07-04 09:28:00+00,2026-07-05 10:10:00+00,{},2026-07-04 09:28:00+00
e64dd0b2-cfdf-4fc7-a6bc-be72c3d6129f,829c13bd-2a5c-42b7-8b1c-8a8a8b415ceb,high_risk_asset,in_app,Asset health alert,Nissan Caravan 110 (LLX-GLE-0110) is now at poor health.,read,c63a621c-6822-4256-8f0d-3408b6178efc,,,2026-07-04 12:23:00+00,2026-07-06 17:36:00+00,{},2026-07-04 12:23:00+00
2399c987-8a60-4bcb-bb5c-60df8facbc58,0f2dd1d9-6b12-4073-ab85-bea406d1d514,high_risk_asset,in_app,Asset health alert,Nissan Caravan 110 (LLX-GLE-0110) is now at poor health.,read,c63a621c-6822-4256-8f0d-3408b6178efc,,,2026-07-04 17:26:00+00,2026-07-04 11:32:00+00,{},2026-07-04 17:26:00+00
136fc6be-2956-4c07-b69c-1086b7f30aa7,734bbe6b-9744-44d0-a11b-7a0e0df4922e,high_risk_asset,in_app,Asset health alert,Toyota HiAce 112 (LLX-GLE-0112) is now at poor health.,unread,05854a4c-1088-42a1-b6a8-4204517e6f68,,,2026-07-18 16:55:00+00,,{},2026-07-18 16:55:00+00
a34b66b1-9129-43a0-8ad6-812424b719c4,829c13bd-2a5c-42b7-8b1c-8a8a8b415ceb,high_risk_asset,in_app,Asset health alert,Toyota HiAce 112 (LLX-GLE-0112) is now at poor health.,read,05854a4c-1088-42a1-b6a8-4204517e6f68,,,2026-07-18 08:54:00+00,2026-07-19 14:08:00+00,{},2026-07-18 08:54:00+00
87dab705-d631-4b1d-8dd1-4518cd5e6594,0f2dd1d9-6b12-4073-ab85-bea406d1d514,high_risk_asset,in_app,Asset health alert,Toyota HiAce 112 (LLX-GLE-0112) is now at poor health.,read,05854a4c-1088-42a1-b6a8-4204517e6f68,,,2026-07-18 08:26:00+00,2026-07-18 16:54:00+00,{},2026-07-18 08:26:00+00
0538651e-6a97-40fe-b68f-f284d4d8b6c2,ec42ef12-9929-4b5d-b07f-dac5819cba78,high_risk_asset,in_app,Assigned vehicle needs attention,Toyota HiAce 120 (LLX-GLE-0120) is now at poor health.,read,d412e05c-2da1-415c-a7b4-54344ce61e18,,,2026-07-06 17:57:00+00,2026-07-06 11:52:00+00,{},2026-07-06 17:57:00+00
d3672ede-389e-49b8-8a48-fc6238d880ba,734bbe6b-9744-44d0-a11b-7a0e0df4922e,high_risk_asset,in_app,Asset health alert,Toyota HiAce 120 (LLX-GLE-0120) is now at poor health.,read,d412e05c-2da1-415c-a7b4-54344ce61e18,,,2026-07-06 10:06:00+00,2026-07-09 08:23:00+00,{},2026-07-06 10:06:00+00
e81d3da1-8b0d-48ff-8ad3-8473a0fdf4b8,829c13bd-2a5c-42b7-8b1c-8a8a8b415ceb,high_risk_asset,in_app,Asset health alert,Toyota HiAce 120 (LLX-GLE-0120) is now at poor health.,read,d412e05c-2da1-415c-a7b4-54344ce61e18,,,2026-07-06 17:49:00+00,2026-07-06 15:49:00+00,{},2026-07-06 17:49:00+00
5f704533-5fe4-45f4-8c00-97cf2f173532,0f2dd1d9-6b12-4073-ab85-bea406d1d514,high_risk_asset,in_app,Asset health alert,Toyota HiAce 120 (LLX-GLE-0120) is now at poor health.,read,d412e05c-2da1-415c-a7b4-54344ce61e18,,,2026-07-06 13:52:00+00,2026-07-09 12:38:00+00,{},2026-07-06 13:52:00+00
216b3d7a-10e9-412e-b1b6-b079287f2b72,a0e7192f-6236-409e-a49c-2faf15b3d995,high_risk_asset,in_app,Assigned vehicle needs attention,KDH Van 123 (LLX-GLE-0123) is now at poor health.,read,fcdbbc17-bd27-4934-9023-beb840c2e7b1,,,2026-07-24 11:49:00+00,2026-07-24 12:45:00+00,{},2026-07-24 11:49:00+00
b1a70191-2995-46c6-82e4-b324055f8034,734bbe6b-9744-44d0-a11b-7a0e0df4922e,high_risk_asset,in_app,Asset health alert,KDH Van 123 (LLX-GLE-0123) is now at poor health.,read,fcdbbc17-bd27-4934-9023-beb840c2e7b1,,,2026-07-24 05:54:00+00,2026-07-24 10:22:00+00,{},2026-07-24 05:54:00+00
2b249905-0cbb-4c9a-a6ed-3753ffdb4747,829c13bd-2a5c-42b7-8b1c-8a8a8b415ceb,high_risk_asset,in_app,Asset health alert,KDH Van 123 (LLX-GLE-0123) is now at poor health.,unread,fcdbbc17-bd27-4934-9023-beb840c2e7b1,,,2026-07-24 08:44:00+00,,{},2026-07-24 08:44:00+00
035c57f3-84ac-44c5-9ffa-f039e0e43cee,0f2dd1d9-6b12-4073-ab85-bea406d1d514,high_risk_asset,in_app,Asset health alert,KDH Van 123 (LLX-GLE-0123) is now at poor health.,read,fcdbbc17-bd27-4934-9023-beb840c2e7b1,,,2026-07-24 14:33:00+00,2026-07-26 07:54:00+00,{},2026-07-24 14:33:00+00
b07e1c33-b18d-4d43-83f9-8027e5055c5e,734bbe6b-9744-44d0-a11b-7a0e0df4922e,high_risk_asset,in_app,Asset health alert,Nissan Caravan 126 (LLX-GLE-0126) is now at poor health.,read,183d2b1d-08f1-4d98-b599-36570c4a1c40,,,2026-07-09 10:56:00+00,2026-07-09 12:21:00+00,{},2026-07-09 10:56:00+00
b867aae0-8a4f-4208-a505-b9476e780180,829c13bd-2a5c-42b7-8b1c-8a8a8b415ceb,high_risk_asset,in_app,Asset health alert,Nissan Caravan 126 (LLX-GLE-0126) is now at poor health.,read,183d2b1d-08f1-4d98-b599-36570c4a1c40,,,2026-07-09 08:13:00+00,2026-07-09 10:48:00+00,{},2026-07-09 08:13:00+00
c6764e3c-d987-429d-82ed-12513010fef7,0f2dd1d9-6b12-4073-ab85-bea406d1d514,high_risk_asset,in_app,Asset health alert,Nissan Caravan 126 (LLX-GLE-0126) is now at poor health.,read,183d2b1d-08f1-4d98-b599-36570c4a1c40,,,2026-07-09 12:26:00+00,2026-07-12 12:11:00+00,{},2026-07-09 12:26:00+00
76e37351-3fba-4d56-b69e-83e02c344522,fdbc71f8-edf3-4091-a0dc-b0bf3c339f92,high_risk_asset,in_app,Assigned vehicle needs attention,KDH Van 128 (LLX-GLE-0128) is now at poor health.,read,a0930922-e5a4-439d-b1f7-005b0dcb788a,,,2026-07-02 15:58:00+00,2026-07-02 05:25:00+00,{},2026-07-02 15:58:00+00
97c1b652-de71-430d-aad4-ff5b09960b7c,734bbe6b-9744-44d0-a11b-7a0e0df4922e,high_risk_asset,in_app,Asset health alert,KDH Van 128 (LLX-GLE-0128) is now at poor health.,read,a0930922-e5a4-439d-b1f7-005b0dcb788a,,,2026-07-02 09:43:00+00,2026-07-05 14:20:00+00,{},2026-07-02 09:43:00+00
4deb9ef7-6b17-43f7-b74f-bf207b8e1ccf,829c13bd-2a5c-42b7-8b1c-8a8a8b415ceb,high_risk_asset,in_app,Asset health alert,KDH Van 128 (LLX-GLE-0128) is now at poor health.,read,a0930922-e5a4-439d-b1f7-005b0dcb788a,,,2026-07-02 13:47:00+00,2026-07-03 10:57:00+00,{},2026-07-02 13:47:00+00
919d61d4-0658-4a1d-8393-6dd06bf186c7,5759f3d2-34f3-483d-818a-1b5627a40557,ticket_resolved,in_app,Your ticket was resolved,TCK-000142: Telematics unit not reporting,read,,9a044fb8-0b8f-42cf-87d1-dbd865f610c6,,2026-07-14 09:25:00+00,2026-07-14 17:05:00+00,{},2026-07-14 09:25:00+00
ca9bf062-f870-43eb-8b9b-a0d91c05514c,0f2dd1d9-6b12-4073-ab85-bea406d1d514,high_risk_asset,in_app,Asset health alert,KDH Van 128 (LLX-GLE-0128) is now at poor health.,read,a0930922-e5a4-439d-b1f7-005b0dcb788a,,,2026-07-02 13:30:00+00,2026-07-04 16:33:00+00,{},2026-07-02 13:30:00+00
b95745f7-b395-4e0c-893f-7b66df2f1c90,734bbe6b-9744-44d0-a11b-7a0e0df4922e,high_risk_asset,in_app,Asset health alert,KDH Van 133 (LLX-GLE-0133) is now at critical health.,read,ee53381f-b5a1-4853-abbf-7ad40510e30d,,,2026-07-11 15:47:00+00,2026-07-14 08:31:00+00,{},2026-07-11 15:47:00+00
7ec38ba6-1d75-409a-b355-c4e7d65e2adf,829c13bd-2a5c-42b7-8b1c-8a8a8b415ceb,high_risk_asset,in_app,Asset health alert,KDH Van 133 (LLX-GLE-0133) is now at critical health.,read,ee53381f-b5a1-4853-abbf-7ad40510e30d,,,2026-07-11 16:26:00+00,2026-07-14 09:14:00+00,{},2026-07-11 16:26:00+00
5d36fe75-d430-4f07-a48a-330b32a9eee0,0f2dd1d9-6b12-4073-ab85-bea406d1d514,high_risk_asset,in_app,Asset health alert,KDH Van 133 (LLX-GLE-0133) is now at critical health.,read,ee53381f-b5a1-4853-abbf-7ad40510e30d,,,2026-07-11 06:07:00+00,2026-07-12 09:52:00+00,{},2026-07-11 06:07:00+00
ae99f1e0-8a48-4005-9358-b1408e47dbec,0371ebbf-c735-4fb9-8c36-5e7a93479d86,high_risk_asset,in_app,Assigned vehicle needs attention,Nissan Caravan 134 (LLX-GLE-0134) is now at poor health.,read,a234c27c-b304-45c8-a90c-8172468b23b9,,,2026-07-29 09:08:00+00,2026-07-30 09:29:00+00,{},2026-07-29 09:08:00+00
21bfcc2c-2f21-4b68-8d46-eeeeb1b2fed4,734bbe6b-9744-44d0-a11b-7a0e0df4922e,high_risk_asset,in_app,Asset health alert,Nissan Caravan 134 (LLX-GLE-0134) is now at poor health.,read,a234c27c-b304-45c8-a90c-8172468b23b9,,,2026-07-29 13:19:00+00,2026-07-31 14:36:00+00,{},2026-07-29 13:19:00+00
221d22c3-a7e7-4e5d-acf9-8c6c6a3965b6,829c13bd-2a5c-42b7-8b1c-8a8a8b415ceb,high_risk_asset,in_app,Asset health alert,Nissan Caravan 134 (LLX-GLE-0134) is now at poor health.,read,a234c27c-b304-45c8-a90c-8172468b23b9,,,2026-07-29 17:35:00+00,2026-07-29 15:09:00+00,{},2026-07-29 17:35:00+00
0c8364cd-9f72-42c9-965a-dd55cd98ce8b,0f2dd1d9-6b12-4073-ab85-bea406d1d514,high_risk_asset,in_app,Asset health alert,Nissan Caravan 134 (LLX-GLE-0134) is now at poor health.,read,a234c27c-b304-45c8-a90c-8172468b23b9,,,2026-07-29 07:24:00+00,2026-07-31 13:53:00+00,{},2026-07-29 07:24:00+00
9fb2ce60-7748-4ec2-a89a-d9ab5abb56a7,5112d5f5-2093-4684-9d83-f6270b86b2ea,high_risk_asset,in_app,Assigned vehicle needs attention,Piaggio Porter 142 (LLX-GLE-0142) is now at poor health.,unread,92c0b41e-51fd-4f18-be86-0367ac6d1573,,,2026-07-28 09:36:00+00,,{},2026-07-28 09:36:00+00
d46cf95b-e5b1-49d5-b08f-9ed54aef9b2d,734bbe6b-9744-44d0-a11b-7a0e0df4922e,high_risk_asset,in_app,Asset health alert,Piaggio Porter 142 (LLX-GLE-0142) is now at poor health.,read,92c0b41e-51fd-4f18-be86-0367ac6d1573,,,2026-07-28 08:24:00+00,2026-07-28 07:01:00+00,{},2026-07-28 08:24:00+00
b804fa1a-0a81-4db8-8a6f-dbe18a3ca3e4,829c13bd-2a5c-42b7-8b1c-8a8a8b415ceb,high_risk_asset,in_app,Asset health alert,Piaggio Porter 142 (LLX-GLE-0142) is now at poor health.,read,92c0b41e-51fd-4f18-be86-0367ac6d1573,,,2026-07-28 15:50:00+00,2026-07-29 05:30:00+00,{},2026-07-28 15:50:00+00
0b23af88-764b-4444-b211-adb8d19c4d64,0f2dd1d9-6b12-4073-ab85-bea406d1d514,high_risk_asset,in_app,Asset health alert,Piaggio Porter 142 (LLX-GLE-0142) is now at poor health.,read,92c0b41e-51fd-4f18-be86-0367ac6d1573,,,2026-07-28 10:21:00+00,2026-07-30 07:54:00+00,{},2026-07-28 10:21:00+00
1ffa148b-8359-480e-b1d2-e1d9a4d8bd83,0559c035-6377-41b3-9881-90f239377825,high_risk_asset,in_app,Assigned vehicle needs attention,Piaggio Porter 143 (LLX-GLE-0143) is now at poor health.,read,cba2e7a3-c472-4cba-ad57-1f179fa131a9,,,2026-07-18 05:03:00+00,2026-07-19 16:43:00+00,{},2026-07-18 05:03:00+00
651b06ed-a9ce-4d5c-8281-757b877e438c,734bbe6b-9744-44d0-a11b-7a0e0df4922e,high_risk_asset,in_app,Asset health alert,Piaggio Porter 143 (LLX-GLE-0143) is now at poor health.,read,cba2e7a3-c472-4cba-ad57-1f179fa131a9,,,2026-07-18 10:11:00+00,2026-07-21 12:30:00+00,{},2026-07-18 10:11:00+00
cdd646f5-f9b4-46c1-9658-8044f912f09c,829c13bd-2a5c-42b7-8b1c-8a8a8b415ceb,high_risk_asset,in_app,Asset health alert,Piaggio Porter 143 (LLX-GLE-0143) is now at poor health.,read,cba2e7a3-c472-4cba-ad57-1f179fa131a9,,,2026-07-18 08:43:00+00,2026-07-18 15:18:00+00,{},2026-07-18 08:43:00+00
ffbcc060-632e-4d30-b65e-5b069c837b40,0f2dd1d9-6b12-4073-ab85-bea406d1d514,high_risk_asset,in_app,Asset health alert,Piaggio Porter 143 (LLX-GLE-0143) is now at poor health.,read,cba2e7a3-c472-4cba-ad57-1f179fa131a9,,,2026-07-18 06:02:00+00,2026-07-20 17:40:00+00,{},2026-07-18 06:02:00+00
2ddc8296-e050-485f-80a4-d8dcbdd7d383,096dc1af-c1ef-4984-a2a2-63d0838a2216,high_risk_asset,in_app,Assigned vehicle needs attention,Mahindra Bolero Pickup 144 (LLX-GLE-0144) is now at poor health.,unread,86fe05ac-dcf4-4a36-b90c-8695bc89ba02,,,2026-08-10 08:52:00+00,,{},2026-08-10 08:52:00+00
7ccc0abd-3a42-4acc-bd40-128ec7a485f8,734bbe6b-9744-44d0-a11b-7a0e0df4922e,high_risk_asset,in_app,Asset health alert,Mahindra Bolero Pickup 144 (LLX-GLE-0144) is now at poor health.,unread,86fe05ac-dcf4-4a36-b90c-8695bc89ba02,,,2026-08-10 13:23:00+00,,{},2026-08-10 13:23:00+00
cb46e7bd-907c-41c2-8a39-ff9f9d8c16ad,829c13bd-2a5c-42b7-8b1c-8a8a8b415ceb,high_risk_asset,in_app,Asset health alert,Mahindra Bolero Pickup 144 (LLX-GLE-0144) is now at poor health.,read,86fe05ac-dcf4-4a36-b90c-8695bc89ba02,,,2026-08-10 14:10:00+00,2026-08-12 08:34:00+00,{},2026-08-10 14:10:00+00
f62d44aa-34bf-4c29-9ab9-709dec6b31ce,0f2dd1d9-6b12-4073-ab85-bea406d1d514,high_risk_asset,in_app,Asset health alert,Mahindra Bolero Pickup 144 (LLX-GLE-0144) is now at poor health.,unread,86fe05ac-dcf4-4a36-b90c-8695bc89ba02,,,2026-08-10 10:08:00+00,,{},2026-08-10 10:08:00+00
bc1f002b-b561-4a8b-8712-bacd6631dc72,6a299c1f-ae68-468f-ba60-338ead0f891e,high_risk_asset,in_app,Assigned vehicle needs attention,Piaggio Porter 146 (LLX-GLE-0146) is now at poor health.,unread,8a500e1a-bcb1-466a-8c07-f8415764be91,,,2026-07-31 13:11:00+00,,{},2026-07-31 13:11:00+00
e75da377-0f2e-4aab-a53b-731bbcb49742,734bbe6b-9744-44d0-a11b-7a0e0df4922e,high_risk_asset,in_app,Asset health alert,Piaggio Porter 146 (LLX-GLE-0146) is now at poor health.,read,8a500e1a-bcb1-466a-8c07-f8415764be91,,,2026-07-31 15:17:00+00,2026-08-02 15:17:00+00,{},2026-07-31 15:17:00+00
7c7d6350-e6a0-4c96-922f-8e3f3b675114,829c13bd-2a5c-42b7-8b1c-8a8a8b415ceb,high_risk_asset,in_app,Asset health alert,Piaggio Porter 146 (LLX-GLE-0146) is now at poor health.,unread,8a500e1a-bcb1-466a-8c07-f8415764be91,,,2026-07-31 09:12:00+00,,{},2026-07-31 09:12:00+00
f971cbab-6305-4ddb-9076-e8fba185a58b,0f2dd1d9-6b12-4073-ab85-bea406d1d514,high_risk_asset,in_app,Asset health alert,Piaggio Porter 146 (LLX-GLE-0146) is now at poor health.,read,8a500e1a-bcb1-466a-8c07-f8415764be91,,,2026-07-31 15:42:00+00,2026-07-31 05:28:00+00,{},2026-07-31 15:42:00+00
3a03362a-b88b-4356-817f-4b1aad0f6ff6,2458cf7c-fcbf-4def-834a-e1429dfebcae,high_risk_asset,in_app,Assigned vehicle needs attention,Piaggio Porter 147 (LLX-GLE-0147) is now at poor health.,unread,04ecc9f3-a16b-4164-a571-57d4cc24b184,,,2026-07-09 10:02:00+00,,{},2026-07-09 10:02:00+00
9d99001f-78dc-4a3f-99c7-6765d6ee64a4,734bbe6b-9744-44d0-a11b-7a0e0df4922e,high_risk_asset,in_app,Asset health alert,Piaggio Porter 147 (LLX-GLE-0147) is now at poor health.,read,04ecc9f3-a16b-4164-a571-57d4cc24b184,,,2026-07-09 09:56:00+00,2026-07-11 12:39:00+00,{},2026-07-09 09:56:00+00
7e076cb4-9eb5-49ac-906c-da2ce9f4e32a,829c13bd-2a5c-42b7-8b1c-8a8a8b415ceb,high_risk_asset,in_app,Asset health alert,Piaggio Porter 147 (LLX-GLE-0147) is now at poor health.,read,04ecc9f3-a16b-4164-a571-57d4cc24b184,,,2026-07-09 15:37:00+00,2026-07-12 05:58:00+00,{},2026-07-09 15:37:00+00
51d5fbbc-59bb-4a0d-973f-dc51fc649e7f,0f2dd1d9-6b12-4073-ab85-bea406d1d514,high_risk_asset,in_app,Asset health alert,Piaggio Porter 147 (LLX-GLE-0147) is now at poor health.,read,04ecc9f3-a16b-4164-a571-57d4cc24b184,,,2026-07-09 08:19:00+00,2026-07-09 13:33:00+00,{},2026-07-09 08:19:00+00
d65a9b97-656a-45a1-aa0e-7db04972c20e,e69037f7-b5fb-4127-9fa9-7dcd4652ca97,high_risk_asset,in_app,Assigned vehicle needs attention,Tata Ace 148 (LLX-GLE-0148) is now at poor health.,read,24b8f4f4-f05c-4227-8705-4490306e05f7,,,2026-07-27 05:09:00+00,2026-07-28 16:47:00+00,{},2026-07-27 05:09:00+00
525d703a-1e33-4bc3-a500-d0363abd46e8,734bbe6b-9744-44d0-a11b-7a0e0df4922e,high_risk_asset,in_app,Asset health alert,Tata Ace 148 (LLX-GLE-0148) is now at poor health.,read,24b8f4f4-f05c-4227-8705-4490306e05f7,,,2026-07-27 05:06:00+00,2026-07-29 08:18:00+00,{},2026-07-27 05:06:00+00
01d228b4-3d87-4fe8-ad73-9a5714862521,829c13bd-2a5c-42b7-8b1c-8a8a8b415ceb,high_risk_asset,in_app,Asset health alert,Tata Ace 148 (LLX-GLE-0148) is now at poor health.,read,24b8f4f4-f05c-4227-8705-4490306e05f7,,,2026-07-27 05:13:00+00,2026-07-29 05:36:00+00,{},2026-07-27 05:13:00+00
c40b0d11-ee0a-4076-b1cc-1d9ac805778d,0f2dd1d9-6b12-4073-ab85-bea406d1d514,high_risk_asset,in_app,Asset health alert,Tata Ace 148 (LLX-GLE-0148) is now at poor health.,read,24b8f4f4-f05c-4227-8705-4490306e05f7,,,2026-07-27 05:01:00+00,2026-07-29 09:26:00+00,{},2026-07-27 05:01:00+00
eae0d70b-ad09-41fe-9d84-f8978faee6e3,e8c335e0-2088-4924-a6e4-c94e52dc1dd6,high_risk_asset,in_app,Assigned vehicle needs attention,Piaggio Porter 162 (LLX-GLE-0162) is now at poor health.,read,fb744fe4-7ad8-4953-8de1-20842c121b91,,,2026-07-21 13:19:00+00,2026-07-24 17:55:00+00,{},2026-07-21 13:19:00+00
c0118ce3-09f3-411b-a17e-86eb07014337,734bbe6b-9744-44d0-a11b-7a0e0df4922e,high_risk_asset,in_app,Asset health alert,Piaggio Porter 162 (LLX-GLE-0162) is now at poor health.,unread,fb744fe4-7ad8-4953-8de1-20842c121b91,,,2026-07-21 08:38:00+00,,{},2026-07-21 08:38:00+00
a8ef5428-221e-41f6-a4a3-6f550b97e6bd,829c13bd-2a5c-42b7-8b1c-8a8a8b415ceb,high_risk_asset,in_app,Asset health alert,Piaggio Porter 162 (LLX-GLE-0162) is now at poor health.,read,fb744fe4-7ad8-4953-8de1-20842c121b91,,,2026-07-21 16:33:00+00,2026-07-23 11:59:00+00,{},2026-07-21 16:33:00+00
62705d79-62a2-40ff-8428-2279fa9cea22,0f2dd1d9-6b12-4073-ab85-bea406d1d514,high_risk_asset,in_app,Asset health alert,Piaggio Porter 162 (LLX-GLE-0162) is now at poor health.,read,fb744fe4-7ad8-4953-8de1-20842c121b91,,,2026-07-21 16:34:00+00,2026-07-21 17:06:00+00,{},2026-07-21 16:34:00+00
c40b8870-886f-4a19-8e09-bf9bb20e38f1,3d75bf14-fb89-4f28-9d26-3e49985646e7,high_risk_asset,in_app,Assigned vehicle needs attention,Piaggio Porter 164 (LLX-GLE-0164) is now at poor health.,read,61fe09ce-e300-4109-bc99-a14262fd6cc0,,,2026-07-13 09:54:00+00,2026-07-14 17:04:00+00,{},2026-07-13 09:54:00+00
cc0e2eb2-dee1-4324-9799-0859217a741c,734bbe6b-9744-44d0-a11b-7a0e0df4922e,high_risk_asset,in_app,Asset health alert,Piaggio Porter 164 (LLX-GLE-0164) is now at poor health.,read,61fe09ce-e300-4109-bc99-a14262fd6cc0,,,2026-07-13 06:30:00+00,2026-07-13 14:16:00+00,{},2026-07-13 06:30:00+00
55515c9a-b5ba-4adb-8f45-65a830ede789,829c13bd-2a5c-42b7-8b1c-8a8a8b415ceb,high_risk_asset,in_app,Asset health alert,Piaggio Porter 164 (LLX-GLE-0164) is now at poor health.,read,61fe09ce-e300-4109-bc99-a14262fd6cc0,,,2026-07-13 08:13:00+00,2026-07-13 17:06:00+00,{},2026-07-13 08:13:00+00
889cd5f9-81b9-4f35-bc52-e5ad0e64daf1,0f2dd1d9-6b12-4073-ab85-bea406d1d514,high_risk_asset,in_app,Asset health alert,Piaggio Porter 164 (LLX-GLE-0164) is now at poor health.,read,61fe09ce-e300-4109-bc99-a14262fd6cc0,,,2026-07-13 13:07:00+00,2026-07-13 16:31:00+00,{},2026-07-13 13:07:00+00
551a9e36-f0cb-4a23-8f62-eef246406c49,8f36fe73-d255-4230-aa2a-00fa311454ec,high_risk_asset,in_app,Assigned vehicle needs attention,Tata Ace 169 (LLX-GLE-0169) is now at poor health.,read,e46ed07c-e507-4164-9d5f-65f7e2ca1e89,,,2026-07-23 07:55:00+00,2026-07-25 12:53:00+00,{},2026-07-23 07:55:00+00
d7fde065-5b57-40e4-99e6-14f6f994d40c,734bbe6b-9744-44d0-a11b-7a0e0df4922e,high_risk_asset,in_app,Asset health alert,Tata Ace 169 (LLX-GLE-0169) is now at poor health.,read,e46ed07c-e507-4164-9d5f-65f7e2ca1e89,,,2026-07-23 10:52:00+00,2026-07-25 06:21:00+00,{},2026-07-23 10:52:00+00
0252c8df-9087-43eb-b9aa-ee2d96270833,829c13bd-2a5c-42b7-8b1c-8a8a8b415ceb,high_risk_asset,in_app,Asset health alert,Tata Ace 169 (LLX-GLE-0169) is now at poor health.,read,e46ed07c-e507-4164-9d5f-65f7e2ca1e89,,,2026-07-23 10:17:00+00,2026-07-25 10:55:00+00,{},2026-07-23 10:17:00+00
52b48bd2-3fde-45d6-bbb6-cfb14f4de068,0f2dd1d9-6b12-4073-ab85-bea406d1d514,high_risk_asset,in_app,Asset health alert,Tata Ace 169 (LLX-GLE-0169) is now at poor health.,unread,e46ed07c-e507-4164-9d5f-65f7e2ca1e89,,,2026-07-23 12:33:00+00,,{},2026-07-23 12:33:00+00
7a9b2800-4053-4570-80e7-c749d9c446ca,6a299c1f-ae68-468f-ba60-338ead0f891e,high_risk_asset,in_app,Assigned vehicle needs attention,Tata Ace 173 (LLX-GLE-0173) is now at poor health.,read,4791aa73-cfdf-4c63-b72b-7584aec88d83,,,2026-07-26 08:26:00+00,2026-07-27 12:23:00+00,{},2026-07-26 08:26:00+00
572c62af-99bd-4dce-8f0b-46ae51ac3b27,734bbe6b-9744-44d0-a11b-7a0e0df4922e,high_risk_asset,in_app,Asset health alert,Tata Ace 173 (LLX-GLE-0173) is now at poor health.,read,4791aa73-cfdf-4c63-b72b-7584aec88d83,,,2026-07-26 14:37:00+00,2026-07-29 09:13:00+00,{},2026-07-26 14:37:00+00
f8bdd6e7-f15e-404f-bf2f-da12dd47087e,829c13bd-2a5c-42b7-8b1c-8a8a8b415ceb,high_risk_asset,in_app,Asset health alert,Tata Ace 173 (LLX-GLE-0173) is now at poor health.,read,4791aa73-cfdf-4c63-b72b-7584aec88d83,,,2026-07-26 09:40:00+00,2026-07-29 16:22:00+00,{},2026-07-26 09:40:00+00
3b7d3efe-6838-4147-936b-570f3c8fa56a,0f2dd1d9-6b12-4073-ab85-bea406d1d514,high_risk_asset,in_app,Asset health alert,Tata Ace 173 (LLX-GLE-0173) is now at poor health.,read,4791aa73-cfdf-4c63-b72b-7584aec88d83,,,2026-07-26 10:01:00+00,2026-07-27 08:31:00+00,{},2026-07-26 10:01:00+00
36e60b11-4b47-4fd8-86a4-64233cee6346,734bbe6b-9744-44d0-a11b-7a0e0df4922e,high_risk_asset,in_app,Asset health alert,Tata Ultra T.7 187 (LLX-GLE-0187) is now at poor health.,read,a72de278-2332-4009-94fe-39c25f41b48b,,,2026-07-05 17:27:00+00,2026-07-05 17:20:00+00,{},2026-07-05 17:27:00+00
77bc4749-98cf-49f9-9804-62926ab6f08f,829c13bd-2a5c-42b7-8b1c-8a8a8b415ceb,high_risk_asset,in_app,Asset health alert,Tata Ultra T.7 187 (LLX-GLE-0187) is now at poor health.,read,a72de278-2332-4009-94fe-39c25f41b48b,,,2026-07-05 07:28:00+00,2026-07-07 07:15:00+00,{},2026-07-05 07:28:00+00
b2eba297-be0b-4711-8d0e-217ba65f3d55,0f2dd1d9-6b12-4073-ab85-bea406d1d514,high_risk_asset,in_app,Asset health alert,Tata Ultra T.7 187 (LLX-GLE-0187) is now at poor health.,read,a72de278-2332-4009-94fe-39c25f41b48b,,,2026-07-05 05:34:00+00,2026-07-08 10:28:00+00,{},2026-07-05 05:34:00+00
970a1542-c594-4754-84e2-d45ef09b69e0,734bbe6b-9744-44d0-a11b-7a0e0df4922e,high_risk_asset,in_app,Asset health alert,Tata Ultra T.7 190 (LLX-GLE-0190) is now at poor health.,read,ac568011-8780-4af4-8af0-e98e75c1191b,,,2026-07-31 12:57:00+00,2026-08-01 05:18:00+00,{},2026-07-31 12:57:00+00
728896c0-59d0-4486-9f5a-2fdf5de9cdfa,829c13bd-2a5c-42b7-8b1c-8a8a8b415ceb,high_risk_asset,in_app,Asset health alert,Tata Ultra T.7 190 (LLX-GLE-0190) is now at poor health.,read,ac568011-8780-4af4-8af0-e98e75c1191b,,,2026-07-31 15:29:00+00,2026-08-03 17:00:00+00,{},2026-07-31 15:29:00+00
5ec6bc4c-25f2-455a-b80c-a1515a969c05,0f2dd1d9-6b12-4073-ab85-bea406d1d514,high_risk_asset,in_app,Asset health alert,Tata Ultra T.7 190 (LLX-GLE-0190) is now at poor health.,read,ac568011-8780-4af4-8af0-e98e75c1191b,,,2026-07-31 10:23:00+00,2026-08-03 11:11:00+00,{},2026-07-31 10:23:00+00
b431e079-29d5-436d-acbf-3521fd7e727a,734bbe6b-9744-44d0-a11b-7a0e0df4922e,high_risk_asset,in_app,Asset health alert,Mitsubishi Canter 194 (LLX-GLE-0194) is now at poor health.,read,f233e60a-19f5-46b7-9300-227b1e029eee,,,2026-07-24 08:48:00+00,2026-07-24 08:07:00+00,{},2026-07-24 08:48:00+00
04add25a-3391-4642-9b02-c5e46ad08583,829c13bd-2a5c-42b7-8b1c-8a8a8b415ceb,high_risk_asset,in_app,Asset health alert,Mitsubishi Canter 194 (LLX-GLE-0194) is now at poor health.,read,f233e60a-19f5-46b7-9300-227b1e029eee,,,2026-07-24 16:32:00+00,2026-07-27 05:32:00+00,{},2026-07-24 16:32:00+00
b2c4e3a3-22ba-4f76-848c-c26d10c08f30,0f2dd1d9-6b12-4073-ab85-bea406d1d514,high_risk_asset,in_app,Asset health alert,Mitsubishi Canter 194 (LLX-GLE-0194) is now at poor health.,read,f233e60a-19f5-46b7-9300-227b1e029eee,,,2026-07-24 10:48:00+00,2026-07-24 15:08:00+00,{},2026-07-24 10:48:00+00
5a8fd029-f8ef-4730-865c-3c2ea66313cc,2abd42b1-c0a4-4467-8f7d-15d222f3e561,high_risk_asset,in_app,Assigned vehicle needs attention,Tata Ultra T.7 205 (LLX-GLE-0205) is now at poor health.,read,eec5b6a0-a16d-4643-827e-f20d9b0f06ba,,,2026-07-13 14:19:00+00,2026-07-16 12:06:00+00,{},2026-07-13 14:19:00+00
9e6d1d01-2b07-4da2-b28e-041a23a8e2a2,734bbe6b-9744-44d0-a11b-7a0e0df4922e,high_risk_asset,in_app,Asset health alert,Tata Ultra T.7 205 (LLX-GLE-0205) is now at poor health.,read,eec5b6a0-a16d-4643-827e-f20d9b0f06ba,,,2026-07-13 07:58:00+00,2026-07-16 12:39:00+00,{},2026-07-13 07:58:00+00
cbdf09d5-d975-47d8-871c-b5d5a86047ac,829c13bd-2a5c-42b7-8b1c-8a8a8b415ceb,high_risk_asset,in_app,Asset health alert,Tata Ultra T.7 205 (LLX-GLE-0205) is now at poor health.,read,eec5b6a0-a16d-4643-827e-f20d9b0f06ba,,,2026-07-13 12:28:00+00,2026-07-15 12:04:00+00,{},2026-07-13 12:28:00+00
4538cc30-6fa2-469d-a0e1-5bf1e7ef3378,0f2dd1d9-6b12-4073-ab85-bea406d1d514,high_risk_asset,in_app,Asset health alert,Tata Ultra T.7 205 (LLX-GLE-0205) is now at poor health.,read,eec5b6a0-a16d-4643-827e-f20d9b0f06ba,,,2026-07-13 11:55:00+00,2026-07-16 07:45:00+00,{},2026-07-13 11:55:00+00
0ab67ad2-51ec-4548-bad4-2f41530b5d61,bcc2e695-1e30-4f07-866a-c884d470333c,high_risk_asset,in_app,Assigned vehicle needs attention,Isuzu ELF NKR 210 (LLX-GLE-0210) is now at poor health.,read,166a1abd-8c3c-4c1d-afde-926a9c4a0f41,,,2026-07-29 13:50:00+00,2026-07-30 11:44:00+00,{},2026-07-29 13:50:00+00
4ba5eac7-22fe-4a7d-92a0-cb1850adad92,734bbe6b-9744-44d0-a11b-7a0e0df4922e,high_risk_asset,in_app,Asset health alert,Isuzu ELF NKR 210 (LLX-GLE-0210) is now at poor health.,read,166a1abd-8c3c-4c1d-afde-926a9c4a0f41,,,2026-07-29 14:08:00+00,2026-07-30 05:34:00+00,{},2026-07-29 14:08:00+00
736ad9d6-0395-4dc5-9552-95cff92a7b72,829c13bd-2a5c-42b7-8b1c-8a8a8b415ceb,high_risk_asset,in_app,Asset health alert,Isuzu ELF NKR 210 (LLX-GLE-0210) is now at poor health.,read,166a1abd-8c3c-4c1d-afde-926a9c4a0f41,,,2026-07-29 15:00:00+00,2026-07-31 06:04:00+00,{},2026-07-29 15:00:00+00
8457915e-2834-42d9-8c74-4dc1e03a57d3,0f2dd1d9-6b12-4073-ab85-bea406d1d514,high_risk_asset,in_app,Asset health alert,Isuzu ELF NKR 210 (LLX-GLE-0210) is now at poor health.,read,166a1abd-8c3c-4c1d-afde-926a9c4a0f41,,,2026-07-29 13:44:00+00,2026-07-30 14:38:00+00,{},2026-07-29 13:44:00+00
c217c1c6-9660-4146-a86a-b56c1443c9b0,1cd6c5e7-867a-4a05-95f2-2f5698b04a04,high_risk_asset,in_app,Assigned vehicle needs attention,Isuzu ELF NKR 218 (LLX-GLE-0218) is now at poor health.,read,0c9d078a-17db-44a4-9fb8-eda8aac81817,,,2026-07-04 17:54:00+00,2026-07-07 06:32:00+00,{},2026-07-04 17:54:00+00
91922ad7-05db-4299-a394-3a1c16175876,734bbe6b-9744-44d0-a11b-7a0e0df4922e,high_risk_asset,in_app,Asset health alert,Isuzu ELF NKR 218 (LLX-GLE-0218) is now at poor health.,read,0c9d078a-17db-44a4-9fb8-eda8aac81817,,,2026-07-04 16:21:00+00,2026-07-06 15:02:00+00,{},2026-07-04 16:21:00+00
ad71b3e7-9346-4301-89fe-f78edb0107c6,829c13bd-2a5c-42b7-8b1c-8a8a8b415ceb,high_risk_asset,in_app,Asset health alert,Isuzu ELF NKR 218 (LLX-GLE-0218) is now at poor health.,read,0c9d078a-17db-44a4-9fb8-eda8aac81817,,,2026-07-04 11:06:00+00,2026-07-07 10:07:00+00,{},2026-07-04 11:06:00+00
c6dc7b9a-d118-4840-b802-9706f792ea59,0f2dd1d9-6b12-4073-ab85-bea406d1d514,high_risk_asset,in_app,Asset health alert,Isuzu ELF NKR 218 (LLX-GLE-0218) is now at poor health.,read,0c9d078a-17db-44a4-9fb8-eda8aac81817,,,2026-07-04 15:36:00+00,2026-07-04 14:38:00+00,{},2026-07-04 15:36:00+00
05bd79d7-dc14-4600-ab45-d35492dfa739,734bbe6b-9744-44d0-a11b-7a0e0df4922e,high_risk_asset,in_app,Asset health alert,Tata T.12 222 (LLX-GLE-0222) is now at poor health.,read,e6f4683b-d956-433f-9143-a364ebc377b1,,,2026-08-01 12:41:00+00,2026-08-03 10:06:00+00,{},2026-08-01 12:41:00+00
0bcd3b45-6a06-47c2-89aa-cbe0c3ab8174,829c13bd-2a5c-42b7-8b1c-8a8a8b415ceb,high_risk_asset,in_app,Asset health alert,Tata T.12 222 (LLX-GLE-0222) is now at poor health.,read,e6f4683b-d956-433f-9143-a364ebc377b1,,,2026-08-01 08:52:00+00,2026-08-02 05:20:00+00,{},2026-08-01 08:52:00+00
66b67c39-f42a-4eaf-8eaf-b5e68bff675f,0f2dd1d9-6b12-4073-ab85-bea406d1d514,high_risk_asset,in_app,Asset health alert,Tata T.12 222 (LLX-GLE-0222) is now at poor health.,read,e6f4683b-d956-433f-9143-a364ebc377b1,,,2026-08-01 07:30:00+00,2026-08-03 05:17:00+00,{},2026-08-01 07:30:00+00
6e3652e2-ce7d-44b8-ae55-5c93b695b80d,6692c7dd-4b6b-4908-86a3-91731b323aff,high_risk_asset,in_app,Assigned vehicle needs attention,Isuzu FVR 224 (LLX-GLE-0224) is now at critical health.,unread,6d7ba844-6916-4ef3-a546-0806fa30de20,,,2026-08-07 12:02:00+00,,{},2026-08-07 12:02:00+00
f0e1b9d3-0ab3-4675-a034-ab145ddefbe4,734bbe6b-9744-44d0-a11b-7a0e0df4922e,high_risk_asset,in_app,Asset health alert,Isuzu FVR 224 (LLX-GLE-0224) is now at critical health.,read,6d7ba844-6916-4ef3-a546-0806fa30de20,,,2026-08-07 13:42:00+00,2026-08-09 17:34:00+00,{},2026-08-07 13:42:00+00
cd3d7043-0aaf-4eca-923f-984d446d30f0,829c13bd-2a5c-42b7-8b1c-8a8a8b415ceb,high_risk_asset,in_app,Asset health alert,Isuzu FVR 224 (LLX-GLE-0224) is now at critical health.,read,6d7ba844-6916-4ef3-a546-0806fa30de20,,,2026-08-07 08:21:00+00,2026-08-08 06:48:00+00,{},2026-08-07 08:21:00+00
c17baad3-ebcd-4314-b086-c40b990e9010,0f2dd1d9-6b12-4073-ab85-bea406d1d514,high_risk_asset,in_app,Asset health alert,Isuzu FVR 224 (LLX-GLE-0224) is now at critical health.,read,6d7ba844-6916-4ef3-a546-0806fa30de20,,,2026-08-07 12:10:00+00,2026-08-07 05:45:00+00,{},2026-08-07 12:10:00+00
ed08b5f6-29b9-4f53-b36a-3004f3c8f553,734bbe6b-9744-44d0-a11b-7a0e0df4922e,high_risk_asset,in_app,Asset health alert,Isuzu FVR 233 (LLX-GLE-0233) is now at poor health.,read,a30ac014-8b6c-45e0-8b5e-a44678129af4,,,2026-07-13 07:00:00+00,2026-07-13 06:24:00+00,{},2026-07-13 07:00:00+00
1ce86405-ba75-4a2e-9606-4e6bbe51eb12,829c13bd-2a5c-42b7-8b1c-8a8a8b415ceb,high_risk_asset,in_app,Asset health alert,Isuzu FVR 233 (LLX-GLE-0233) is now at poor health.,read,a30ac014-8b6c-45e0-8b5e-a44678129af4,,,2026-07-13 07:54:00+00,2026-07-15 16:19:00+00,{},2026-07-13 07:54:00+00
efb7399a-1fb4-477b-a4e8-456307834a49,0f2dd1d9-6b12-4073-ab85-bea406d1d514,high_risk_asset,in_app,Asset health alert,Isuzu FVR 233 (LLX-GLE-0233) is now at poor health.,read,a30ac014-8b6c-45e0-8b5e-a44678129af4,,,2026-07-13 06:50:00+00,2026-07-16 07:49:00+00,{},2026-07-13 06:50:00+00
1dbc3558-56ab-4822-bc21-2c12d3ea237c,98e1a882-1ddc-4ab9-bea3-44f382f9b9f3,high_risk_asset,in_app,Assigned vehicle needs attention,Tata Signa 1918 243 (LLX-GLE-0243) is now at poor health.,read,11471183-1853-4777-9b7b-fe756f4c6ff3,,,2026-08-07 15:48:00+00,2026-08-09 12:33:00+00,{},2026-08-07 15:48:00+00
2dd760a0-029a-41ab-9c66-0922ad5253f3,734bbe6b-9744-44d0-a11b-7a0e0df4922e,high_risk_asset,in_app,Asset health alert,Tata Signa 1918 243 (LLX-GLE-0243) is now at poor health.,unread,11471183-1853-4777-9b7b-fe756f4c6ff3,,,2026-08-07 07:30:00+00,,{},2026-08-07 07:30:00+00
6d3318a0-9045-4685-b8ee-e580c18cb301,829c13bd-2a5c-42b7-8b1c-8a8a8b415ceb,high_risk_asset,in_app,Asset health alert,Tata Signa 1918 243 (LLX-GLE-0243) is now at poor health.,unread,11471183-1853-4777-9b7b-fe756f4c6ff3,,,2026-08-07 10:11:00+00,,{},2026-08-07 10:11:00+00
270e4c56-be2e-4c5d-a3de-303fca82e8c9,0f2dd1d9-6b12-4073-ab85-bea406d1d514,high_risk_asset,in_app,Asset health alert,Tata Signa 1918 243 (LLX-GLE-0243) is now at poor health.,read,11471183-1853-4777-9b7b-fe756f4c6ff3,,,2026-08-07 06:06:00+00,2026-08-07 15:07:00+00,{},2026-08-07 06:06:00+00
d14d56e1-017d-4529-845e-378efeb188f3,c72f23f6-0751-4dfb-aa15-6737a84c61f4,ticket_created,in_app,Ticket assigned to you,TCK-000010: Oil pressure warning intermittent,read,,33332d93-9f50-445c-8467-ed9263de0b55,,2026-08-07 15:50:00+00,2026-08-10 10:38:00+00,{},2026-08-07 15:50:00+00
d2287749-f23c-495f-965b-ebb8d991d52c,389d9ee3-9a0e-4d55-9770-b461e7a536f0,ticket_created,in_app,Ticket assigned to you,TCK-000016: Odometer readings inconsistent in platform,read,,64637da1-706a-45fa-9851-b54c634bc944,,2026-06-11 16:44:00+00,2026-06-11 10:54:00+00,{},2026-06-11 16:44:00+00
10805331-783a-4e09-8e6d-01105081c851,507c7fa4-15cb-4173-8c93-4d5d44ecf015,ticket_created,in_app,Ticket assigned to you,TCK-000021: Hydraulic fluid weeping at cylinder,read,,1ff6b36a-e5e2-42fe-bbaf-e89b1066f423,,2026-05-19 07:12:00+00,2026-05-21 15:35:00+00,{},2026-05-19 07:12:00+00
b0f9fb74-801f-4263-a38a-5eb3d9246806,15cd63cb-e067-4cb2-84d1-2cb813162e1a,ticket_resolved,in_app,Your ticket was resolved,TCK-000021: Hydraulic fluid weeping at cylinder,read,,1ff6b36a-e5e2-42fe-bbaf-e89b1066f423,,2026-05-25 08:45:00+00,2026-05-26 09:11:00+00,{},2026-05-25 08:45:00+00
bea716cb-e146-45e3-96db-2ee09e354d1e,43adafee-47fa-4fdd-a233-526bc7ecffb2,ticket_created,in_app,Ticket assigned to you,TCK-000023: Repeated hard starting in early shift,read,,78e69df8-9c7e-4a0a-8b23-210ba04fbda0,,2026-07-28 09:03:00+00,2026-07-28 16:16:00+00,{},2026-07-28 09:03:00+00
91966d36-a7d0-47a9-b0da-227d9783d03b,bfc3fec8-4cfe-4cb9-82aa-42f8d73b730f,ticket_resolved,in_app,Your ticket was resolved,TCK-000023: Repeated hard starting in early shift,read,,78e69df8-9c7e-4a0a-8b23-210ba04fbda0,,2026-07-29 10:18:00+00,2026-07-31 14:38:00+00,{},2026-07-29 10:18:00+00
f7958f46-93bf-4f9e-b532-bdfd1dffeacd,667f1ef6-99d9-4cff-b551-bc452b65fc89,ticket_created,in_app,Ticket assigned to you,TCK-000025: Odometer readings inconsistent in platform,read,,9655161d-5fb2-49bf-9821-cfc9f0689bc6,,2026-06-23 05:34:00+00,2026-06-24 10:10:00+00,{},2026-06-23 05:34:00+00
5b9553b5-47d0-4635-affb-116677b56e05,94c64335-4962-40b1-96fd-53632f8d49a3,ticket_resolved,in_app,Your ticket was resolved,TCK-000025: Odometer readings inconsistent in platform,read,,9655161d-5fb2-49bf-9821-cfc9f0689bc6,,2026-07-09 09:36:00+00,2026-07-09 14:41:00+00,{},2026-07-09 09:36:00+00
0eb689bf-d6a0-4e25-b959-f176c543cb67,022e5872-55c1-40d7-b067-cc60fae673de,ticket_created,in_app,Ticket assigned to you,TCK-000031: Battery voltage low - charging system check required,read,,5b6f91f0-356d-47a5-bff8-2aff5816e09e,,2026-07-22 14:09:00+00,2026-07-24 15:50:00+00,{},2026-07-22 14:09:00+00
350da7ba-f852-4c7a-a05a-2ea62fe456e2,65a5b696-653b-4c78-8e17-17f954b7992b,ticket_created,in_app,Ticket assigned to you,TCK-000035: Repeated hard starting in early shift,read,,038fdc3d-1b47-47c5-b51d-a55d4839ea5c,,2026-06-27 14:59:00+00,2026-06-27 12:46:00+00,{},2026-06-27 14:59:00+00
3419d989-ef0b-4012-ac28-7cb4b39d362a,40f69c6c-3cd3-4344-b1f4-7617f7b12fa5,ticket_created,in_app,Ticket assigned to you,TCK-000039: Uneven tyre wear and vibration at speed,read,,3f0db272-c61f-406e-a7bd-f6c7dbe9debf,,2026-06-26 07:57:00+00,2026-06-29 13:32:00+00,{},2026-06-26 07:57:00+00
4467b979-7434-4110-8c72-dcf93f129aed,397e1e00-170b-4c0a-a77a-5f5cc3c7646c,ticket_resolved,in_app,Your ticket was resolved,TCK-000039: Uneven tyre wear and vibration at speed,read,,3f0db272-c61f-406e-a7bd-f6c7dbe9debf,,2026-07-18 15:18:00+00,2026-07-20 12:54:00+00,{},2026-07-18 15:18:00+00
d85e97a1-18f8-4a5e-b821-3c9eea61f245,ba03ac29-f294-4a7d-b142-44c46cfe2354,ticket_created,in_app,Ticket assigned to you,TCK-000053: Hydraulic lift slow to respond,read,,fdc56b2e-5c97-42e0-bd87-2566ade71483,,2026-06-30 07:09:00+00,2026-06-30 13:13:00+00,{},2026-06-30 07:09:00+00
a0b8d0e1-a1e5-41a7-a6ca-c09db3052229,7b2e85f9-7895-4aca-bf50-e37e9a354eb0,ticket_created,in_app,Ticket assigned to you,TCK-000054: Hydraulic fluid weeping at cylinder,read,,899818cf-c521-4610-960a-d26b9e8dfca7,,2026-06-13 07:24:00+00,2026-06-13 08:27:00+00,{},2026-06-13 07:24:00+00
20f82253-d552-4437-9430-251633becb89,1f244e06-5a87-45ce-934d-263326f32549,ticket_resolved,in_app,Your ticket was resolved,TCK-000054: Hydraulic fluid weeping at cylinder,read,,899818cf-c521-4610-960a-d26b9e8dfca7,,2026-06-26 09:36:00+00,2026-06-27 09:55:00+00,{},2026-06-26 09:36:00+00
434a8ddf-6937-4bfb-8f04-0eb2dbee4b01,0b830550-4175-4716-9d78-9b2d69d25855,ticket_created,in_app,Ticket assigned to you,TCK-000065: Uneven tyre wear and vibration at speed,unread,,755fc021-8df4-474b-b024-93ad0d460320,,2026-05-13 14:35:00+00,,{},2026-05-13 14:35:00+00
ab468999-571f-4f4e-8027-d5445efc9e42,ece2a321-bc6d-4cdf-9d3a-f642ed83ae68,ticket_created,in_app,Ticket assigned to you,TCK-000067: Brake noise reported during descent,read,,b4eee274-abeb-4e72-899f-60b2f62c8fac,,2026-07-18 11:37:00+00,2026-07-20 08:54:00+00,{},2026-07-18 11:37:00+00
3f57caad-fa11-40fe-8def-d9ffa53965e3,ff7c83e7-5c79-453d-ba13-4194d70d1e17,ticket_created,in_app,Ticket assigned to you,TCK-000082: Brake noise reported during descent,read,,c02090af-2e14-4bbe-b83c-b586fa7595b4,,2026-07-29 13:30:00+00,2026-07-29 06:55:00+00,{},2026-07-29 13:30:00+00
27e4b099-50ac-45e0-84fb-b56d3bc5df91,79bbaaa4-918b-47e0-ba89-d5f2b5a4d4ba,ticket_created,in_app,Ticket assigned to you,TCK-000089: Oil pressure warning intermittent,read,,451b49fd-1312-4be0-9c47-c09622d3c7fa,,2026-06-10 14:01:00+00,2026-06-10 09:07:00+00,{},2026-06-10 14:01:00+00
c76d1a3c-f05b-45c0-86a3-1c75abde73e2,aba21d1b-36a1-4357-9262-19a52974219f,ticket_resolved,in_app,Your ticket was resolved,TCK-000089: Oil pressure warning intermittent,read,,451b49fd-1312-4be0-9c47-c09622d3c7fa,,2026-06-19 15:05:00+00,2026-06-21 12:54:00+00,{},2026-06-19 15:05:00+00
750cbd79-8711-4f50-9b81-9cf2b65098be,e1c1397c-6345-47ab-948e-0f3e68d615b7,ticket_created,in_app,Ticket assigned to you,TCK-000095: Hydraulic fluid weeping at cylinder,read,,7df21cf1-1ab8-4958-b690-011dee9fe807,,2026-06-17 13:43:00+00,2026-06-19 07:06:00+00,{},2026-06-17 13:43:00+00
e0b981a4-c5f4-4261-94a9-741ad83ed2b5,6692c7dd-4b6b-4908-86a3-91731b323aff,ticket_resolved,in_app,Your ticket was resolved,TCK-000095: Hydraulic fluid weeping at cylinder,read,,7df21cf1-1ab8-4958-b690-011dee9fe807,,2026-06-27 05:04:00+00,2026-06-27 10:00:00+00,{},2026-06-27 05:04:00+00
7a9b57a6-e596-4674-b4eb-5b4a4e4a2bd8,ac56c0dc-f5dc-458e-ad2c-545b392395a3,ticket_created,in_app,Ticket assigned to you,TCK-000104: Engine oil life exhausted - service overdue,read,,164b1578-2df6-46d9-9524-35038ea22a7d,,2026-06-17 10:24:00+00,2026-06-17 16:48:00+00,{},2026-06-17 10:24:00+00
ef3edb97-7820-4d78-8ec3-7803a36df906,578b9882-da22-4a57-8191-8e7a8ca512f5,ticket_created,in_app,Ticket assigned to you,TCK-000108: Oil pressure warning intermittent,read,,9a584b57-8460-4514-9c32-fe94abf5dacb,,2026-05-23 16:50:00+00,2026-05-23 06:40:00+00,{},2026-05-23 16:50:00+00
017948f7-30a8-49fa-b8ee-531591b9195e,80b1ad8c-feff-46bb-a25a-c63711fbe13d,ticket_resolved,in_app,Your ticket was resolved,TCK-000108: Oil pressure warning intermittent,read,,9a584b57-8460-4514-9c32-fe94abf5dacb,,2026-06-13 15:35:00+00,2026-06-13 06:36:00+00,{},2026-06-13 15:35:00+00
20ed306c-d639-42fd-a5d2-7590b3d3ee7a,8eff9acb-560a-454d-b4e0-e23389a2264b,ticket_created,in_app,Ticket assigned to you,TCK-000113: Battery voltage low - charging system check required,read,,2728f120-db16-4b5a-bddd-88ea29b66c1c,,2026-07-30 07:02:00+00,2026-07-31 09:40:00+00,{},2026-07-30 07:02:00+00
70274d50-9b4f-459d-baf6-48ebe1f27b86,5797f891-99a9-4a6a-b447-0d48d749c9b0,ticket_created,in_app,Ticket assigned to you,TCK-000120: Repeated hard starting in early shift,read,,cda5c391-f94b-43c1-8988-78961cc60734,,2026-08-05 09:32:00+00,2026-08-05 09:08:00+00,{},2026-08-05 09:32:00+00
584d87e8-fff8-4f4a-b7e5-9ff84bf52cab,bd95dfd1-5af7-41d2-85ef-bbb2b0f57a12,ticket_resolved,in_app,Your ticket was resolved,TCK-000120: Repeated hard starting in early shift,unread,,cda5c391-f94b-43c1-8988-78961cc60734,,2026-08-09 12:15:00+00,,{},2026-08-09 12:15:00+00
481e352f-d7e7-4510-8145-9a50e3b9c4c1,f99df61d-d168-4c17-b0fc-99832b736ca8,ticket_created,in_app,Ticket assigned to you,TCK-000128: Hydraulic fluid weeping at cylinder,read,,612b0394-c7d2-4e12-a3f5-5339ff5b023b,,2026-05-22 09:46:00+00,2026-05-23 17:04:00+00,{},2026-05-22 09:46:00+00
7f101a35-3b29-4b69-9566-a19c7a8e70c8,b737044f-e300-48b8-8023-aa3efab6953e,ticket_resolved,in_app,Your ticket was resolved,TCK-000128: Hydraulic fluid weeping at cylinder,read,,612b0394-c7d2-4e12-a3f5-5339ff5b023b,,2026-06-06 12:38:00+00,2026-06-06 11:41:00+00,{},2026-06-06 12:38:00+00
78e6465f-84df-4ecd-ab1e-00e3c93864df,a363109b-c8ce-4177-9d91-030ac0b8df3a,ticket_created,in_app,Ticket assigned to you,TCK-000135: Brake noise reported during descent,read,,a35c7ef5-ee10-4b6a-a4ca-8e7553632f98,,2026-06-24 15:49:00+00,2026-06-26 06:48:00+00,{},2026-06-24 15:49:00+00
2cc67a57-3917-4c79-9fa4-852975d46195,e655669a-affa-4cee-ab60-e8072807b6cd,ticket_resolved,in_app,Your ticket was resolved,TCK-000135: Brake noise reported during descent,read,,a35c7ef5-ee10-4b6a-a4ca-8e7553632f98,,2026-06-25 14:52:00+00,2026-06-26 13:21:00+00,{},2026-06-25 14:52:00+00
b18863a8-4d45-4ab3-9974-392fbbdcd29c,190182a8-16ad-4409-a912-e59276021f4c,ticket_created,in_app,Ticket assigned to you,TCK-000138: Tyre wear beyond service limit,read,,6477c310-66c9-4383-9586-9e885032c0eb,,2026-07-24 08:54:00+00,2026-07-25 11:16:00+00,{},2026-07-24 08:54:00+00
7927df4f-a23a-4799-b2e2-93e7666f2b2f,f9a5607b-7040-4ba8-95c0-6de3c5367dea,ticket_created,in_app,Ticket assigned to you,TCK-000142: Telematics unit not reporting,read,,9a044fb8-0b8f-42cf-87d1-dbd865f610c6,,2026-06-29 11:34:00+00,2026-07-02 08:04:00+00,{},2026-06-29 11:34:00+00
16f7cda3-d365-4657-84e6-4098ec54f24d,3ad6d85f-8eb2-429d-b6b0-9df328ae585b,ticket_created,in_app,Ticket assigned to you,TCK-000154: Battery voltage low - charging system check required,read,,00bdafcb-5971-4969-bc49-911b26294ecd,,2026-07-15 16:54:00+00,2026-07-15 15:03:00+00,{},2026-07-15 16:54:00+00
f798dfd6-2284-4234-892e-4bebb083db18,2e86516c-c292-41da-b03d-25fe05969cf1,ticket_resolved,in_app,Your ticket was resolved,TCK-000154: Battery voltage low - charging system check required,read,,00bdafcb-5971-4969-bc49-911b26294ecd,,2026-07-19 09:01:00+00,2026-07-19 05:26:00+00,{},2026-07-19 09:01:00+00
94ba283d-530e-4717-bedc-696665aebde5,389d9ee3-9a0e-4d55-9770-b461e7a536f0,ticket_created,in_app,Ticket assigned to you,TCK-000167: Telematics unit not reporting,read,,695ce0c2-930d-47de-8676-7b89e86ef784,,2026-05-15 13:20:00+00,2026-05-15 14:42:00+00,{},2026-05-15 13:20:00+00
b884b1a0-0a18-49c6-83eb-13cfebe4c260,81465f78-fd22-40f9-bb43-c73ede62087e,ticket_resolved,in_app,Your ticket was resolved,TCK-000167: Telematics unit not reporting,read,,695ce0c2-930d-47de-8676-7b89e86ef784,,2026-05-23 07:11:00+00,2026-05-25 15:29:00+00,{},2026-05-23 07:11:00+00
c65187e1-0428-4303-a933-93b17fbcd768,784a05b0-a5da-4849-9577-b03fd2c58149,ticket_created,in_app,Ticket assigned to you,TCK-000168: Battery voltage low - charging system check required,read,,57fa5318-a521-48aa-a4af-2b606442253c,,2026-05-16 11:24:00+00,2026-05-16 08:49:00+00,{},2026-05-16 11:24:00+00
f729c0d6-b8a6-4469-9c1e-74e16cb1db94,32dc59cb-ffdf-4808-a64d-050c19511645,ticket_resolved,in_app,Your ticket was resolved,TCK-000168: Battery voltage low - charging system check required,read,,57fa5318-a521-48aa-a4af-2b606442253c,,2026-06-03 10:51:00+00,2026-06-06 09:02:00+00,{},2026-06-03 10:51:00+00
deb1637d-679b-4adf-a8d2-125e1b1439c1,0b830550-4175-4716-9d78-9b2d69d25855,ticket_created,in_app,Ticket assigned to you,TCK-000176: Engine oil life exhausted - service overdue,read,,3d71e5fb-de7b-4d2a-802d-7c441c232691,,2026-06-27 10:32:00+00,2026-06-27 11:30:00+00,{},2026-06-27 10:32:00+00
5915f70e-3260-4eb9-a6ee-3b553b085be9,c06bb987-5cbb-4b31-ad34-e260d4529ba7,ticket_resolved,in_app,Your ticket was resolved,TCK-000176: Engine oil life exhausted - service overdue,read,,3d71e5fb-de7b-4d2a-802d-7c441c232691,,2026-07-21 08:06:00+00,2026-07-21 13:07:00+00,{},2026-07-21 08:06:00+00
8e5af030-8ef5-4d3f-a208-0528b2792a8a,78be5d8f-6cca-4d7e-bfe7-2b68fc8c6341,ticket_created,in_app,Ticket assigned to you,TCK-000177: Hydraulic lift slow to respond,read,,0cc80e95-76f3-4042-9aef-724c92c77444,,2026-06-18 13:05:00+00,2026-06-21 13:14:00+00,{},2026-06-18 13:05:00+00
42150b51-c156-4405-8035-b27570fae8d6,0045edfa-b68e-4e8a-8cb4-619cb936cc49,ticket_created,in_app,Ticket assigned to you,TCK-000179: Battery voltage low - charging system check required,read,,f9b447a8-771d-4051-8826-549e7f9818e4,,2026-05-13 13:22:00+00,2026-05-16 12:40:00+00,{},2026-05-13 13:22:00+00
c42c9e18-5e96-48c7-83f5-f0d4d943fad7,832b089f-ff95-441d-a9ca-716951d24f37,ticket_created,in_app,Ticket assigned to you,TCK-000183: Brake performance degraded - inspection required,read,,247dbfd1-139b-4d46-af70-dc50ca0db489,,2026-06-14 08:44:00+00,2026-06-17 09:19:00+00,{},2026-06-14 08:44:00+00
d2804432-c341-45ff-88b6-d0c41c3ede0f,5334a4c2-3b6f-41b3-be6f-e8996d26752e,ticket_resolved,in_app,Your ticket was resolved,TCK-000183: Brake performance degraded - inspection required,read,,247dbfd1-139b-4d46-af70-dc50ca0db489,,2026-07-05 14:38:00+00,2026-07-06 16:37:00+00,{},2026-07-05 14:38:00+00
76276b5d-b463-4531-b0a5-b932c463d37c,2fc76645-2797-42a6-b6b9-d134b926381b,ticket_created,in_app,Ticket assigned to you,TCK-000196: Oil pressure warning intermittent,unread,,81a003a7-202d-4a07-9e04-2fd939aade6d,,2026-08-06 17:20:00+00,,{},2026-08-06 17:20:00+00
b33a7e6a-1d6a-44ce-8008-ac03698c8dee,33de58c2-5dc4-4385-bc4c-9ad66a6fe320,ticket_created,in_app,Ticket assigned to you,TCK-000198: Hydraulic lift slow to respond,read,,d0161c3a-8f94-4418-9b9f-59f2f99b0e08,,2026-05-26 12:01:00+00,2026-05-26 15:07:00+00,{},2026-05-26 12:01:00+00
6674b4f1-458f-4400-83d9-36d12d53c9bd,7b2e85f9-7895-4aca-bf50-e37e9a354eb0,ticket_created,in_app,Ticket assigned to you,TCK-000205: Hydraulic lift slow to respond,unread,,e749a44b-adf2-485e-b2f5-ad936418cdc7,,2026-08-09 11:53:00+00,,{},2026-08-09 11:53:00+00
31c726db-d61a-4866-9acf-868d8e559b21,507c7fa4-15cb-4173-8c93-4d5d44ecf015,ticket_created,in_app,Ticket assigned to you,TCK-000213: Uneven tyre wear and vibration at speed,read,,adc24bd2-6d71-4acd-b5c9-d0fffd2c58af,,2026-05-21 06:20:00+00,2026-05-23 07:05:00+00,{},2026-05-21 06:20:00+00
47b71a52-3f04-45f9-a79c-e733898db80f,b46cf761-3db0-4767-b410-65aa1a2825fb,ticket_resolved,in_app,Your ticket was resolved,TCK-000213: Uneven tyre wear and vibration at speed,read,,adc24bd2-6d71-4acd-b5c9-d0fffd2c58af,,2026-06-13 14:24:00+00,2026-06-14 06:37:00+00,{},2026-06-13 14:24:00+00
6744767e-933f-48e0-a44c-e3f536097f9e,1104d968-5037-4023-88d2-b1bb835afe68,ticket_created,in_app,Ticket assigned to you,TCK-000218: Battery voltage low - charging system check required,unread,,30aa6d3a-2527-45ce-b582-cba8f1702e34,,2026-08-08 12:37:00+00,,{},2026-08-08 12:37:00+00
a49ee455-9158-40da-ac82-afaeea144585,5e18dd32-52bf-446f-b5b4-306dd776e223,ticket_created,in_app,Ticket assigned to you,TCK-000236: Repeated hard starting in early shift,unread,,8c16ce20-ec5a-40be-86c4-c956d3ea8a90,,2026-06-18 06:48:00+00,,{},2026-06-18 06:48:00+00
26800283-0aaa-4f0f-848c-fb44793aef99,f39f4c55-b6e3-4ade-8791-f08bd4926c10,ticket_resolved,in_app,Your ticket was resolved,TCK-000236: Repeated hard starting in early shift,read,,8c16ce20-ec5a-40be-86c4-c956d3ea8a90,,2026-07-06 13:47:00+00,2026-07-07 14:33:00+00,{},2026-07-06 13:47:00+00
8f387440-dd99-410f-98cd-2c725894b06f,8eff9acb-560a-454d-b4e0-e23389a2264b,ticket_created,in_app,Ticket assigned to you,TCK-000237: Battery voltage low - charging system check required,read,,901b88ed-4c57-44ea-8b19-4fa6ac4bf373,,2026-07-26 09:13:00+00,2026-07-26 06:42:00+00,{},2026-07-26 09:13:00+00
3c0f02d0-35a5-4f0d-8fa8-2fa133a6a429,9f5f84e3-bce1-4c93-b37b-5c218d7ca28b,ticket_resolved,in_app,Your ticket was resolved,TCK-000237: Battery voltage low - charging system check required,unread,,901b88ed-4c57-44ea-8b19-4fa6ac4bf373,,2026-08-08 07:36:00+00,,{},2026-08-08 07:36:00+00
5350efbf-58da-4352-9665-173cb50a9ce7,668def89-b35a-453f-8186-ef5ef76662c8,ticket_created,in_app,Ticket assigned to you,TCK-000248: Oil pressure warning intermittent,unread,,4c498624-d9c5-41c9-805e-c7abb1bd1464,,2026-08-07 11:16:00+00,,{},2026-08-07 11:16:00+00
e46b1b92-cf4d-4a3c-893f-f2cc4be28e96,7644642e-745c-4474-890f-0f840a0b5df8,ticket_created,in_app,Ticket assigned to you,TCK-000250: Brake performance degraded - inspection required,read,,6c9d3731-7c63-4705-863f-f6d8aca71633,,2026-06-26 11:41:00+00,2026-06-29 12:38:00+00,{},2026-06-26 11:41:00+00
895d18f7-d60f-441c-8d7f-b93375a89aa8,a0536940-0682-4198-bae6-6db251d72de4,ticket_resolved,in_app,Your ticket was resolved,TCK-000250: Brake performance degraded - inspection required,read,,6c9d3731-7c63-4705-863f-f6d8aca71633,,2026-06-30 13:38:00+00,2026-07-03 07:52:00+00,{},2026-06-30 13:38:00+00
c0e857ef-8cb3-4ff9-9476-26a85e23c74e,8de2d321-f715-4ebc-b37a-b90f4bef957a,ticket_created,in_app,Ticket assigned to you,TCK-000258: Battery voltage low - charging system check required,read,,b2f408a2-eb93-459d-9d1a-be0d5f5a5119,,2026-05-27 14:33:00+00,2026-05-29 15:07:00+00,{},2026-05-27 14:33:00+00
f332a943-2a80-4d82-b359-d84d12389adb,5ca11cec-92af-4cf0-ba2a-b7ccc1954f40,ticket_created,in_app,Ticket assigned to you,TCK-000263: Uneven tyre wear and vibration at speed,read,,3c6a3eac-75d2-4095-9f60-66893e7a1aba,,2026-05-17 17:02:00+00,2026-05-19 05:57:00+00,{},2026-05-17 17:02:00+00
0985a33a-4427-44c9-9605-c5fc4a63529c,e57b003a-8ffe-4beb-83b1-6dd60cebc1fa,ticket_resolved,in_app,Your ticket was resolved,TCK-000263: Uneven tyre wear and vibration at speed,read,,3c6a3eac-75d2-4095-9f60-66893e7a1aba,,2026-06-01 14:31:00+00,2026-06-02 10:22:00+00,{},2026-06-01 14:31:00+00
20b2d216-436e-496a-91da-e820f6a76438,2fc76645-2797-42a6-b6b9-d134b926381b,ticket_created,in_app,Ticket assigned to you,TCK-000266: Brake performance degraded - inspection required,read,,a59fc55c-2ed6-40e2-98bf-9e5351fedbd3,,2026-05-17 11:00:00+00,2026-05-19 11:37:00+00,{},2026-05-17 11:00:00+00
450b3e98-7033-4482-beb6-8f2fc93a98fb,d9fb7d54-ed53-436a-8034-65f6bac6edac,ticket_resolved,in_app,Your ticket was resolved,TCK-000266: Brake performance degraded - inspection required,read,,a59fc55c-2ed6-40e2-98bf-9e5351fedbd3,,2026-05-26 12:36:00+00,2026-05-29 10:48:00+00,{},2026-05-26 12:36:00+00
79aa4e8b-6b44-4d57-ad25-c3ac4d6b6e79,65403423-49cb-46e5-8f5f-eb8802feb133,ticket_created,in_app,Ticket assigned to you,TCK-000276: Brake noise reported during descent,read,,51507e79-b9a6-46e1-b3ba-6c816f90ccfb,,2026-05-27 14:03:00+00,2026-05-28 13:23:00+00,{},2026-05-27 14:03:00+00
a491b230-8092-4d90-b9d3-14583bf6c1c5,e4333d48-503a-4694-b7d9-97ac9dee27e0,ticket_created,in_app,Ticket assigned to you,TCK-000296: Brake noise reported during descent,read,,f72e1fe0-8163-4dfe-a7ee-d24147139ec7,,2026-06-23 05:02:00+00,2026-06-25 10:29:00+00,{},2026-06-23 05:02:00+00
f7f4800c-c86b-4519-b756-ac7b44eac7ea,11aa8dc4-d36c-4098-88b1-163bac724648,ticket_resolved,in_app,Your ticket was resolved,TCK-000296: Brake noise reported during descent,read,,f72e1fe0-8163-4dfe-a7ee-d24147139ec7,,2026-06-29 11:41:00+00,2026-07-02 15:02:00+00,{},2026-06-29 11:41:00+00
df9592b1-b59e-47cc-8180-39fca3ac3b1b,51de8298-573f-473b-b907-584ec33f7841,ticket_created,in_app,Ticket assigned to you,TCK-000299: Brake performance degraded - inspection required,read,,bb13687a-dfbb-4476-abec-dc34ac9c0a10,,2026-05-12 17:11:00+00,2026-05-12 12:19:00+00,{},2026-05-12 17:11:00+00
5372e800-d2a6-4781-8746-a9e226ff9eed,34931f13-2403-4242-8b97-cda22b57bcf1,ticket_resolved,in_app,Your ticket was resolved,TCK-000299: Brake performance degraded - inspection required,unread,,bb13687a-dfbb-4476-abec-dc34ac9c0a10,,2026-05-28 09:37:00+00,,{},2026-05-28 09:37:00+00
aeacedaa-89b1-479c-b3e0-0c1f65a71e2c,728c431d-a607-4a38-9b1a-2287ce9979ad,ticket_created,in_app,Ticket assigned to you,TCK-000304: Hydraulic fluid weeping at cylinder,unread,,27607ca9-d3f8-438a-9ed8-d7f2b4d80d86,,2026-08-07 11:38:00+00,,{},2026-08-07 11:38:00+00
83c20ffa-a9c1-45ef-bee5-038fb27f8de8,65a5b696-653b-4c78-8e17-17f954b7992b,ticket_created,in_app,Ticket assigned to you,TCK-000309: Repeated hard starting in early shift,read,,3c0d275d-4681-4320-81ee-295287a69e4b,,2026-06-24 14:34:00+00,2026-06-26 14:56:00+00,{},2026-06-24 14:34:00+00
0c9143c1-bea3-4ef0-afc3-5974554fc463,7bdf5a22-3460-4bcf-98e8-979193672863,ticket_resolved,in_app,Your ticket was resolved,TCK-000309: Repeated hard starting in early shift,unread,,3c0d275d-4681-4320-81ee-295287a69e4b,,2026-06-26 16:57:00+00,,{},2026-06-26 16:57:00+00
3b162f38-b55d-47d3-8fcc-427e7c107b9d,9ac1f452-afac-4a3b-b3eb-3e9ebe62c5a9,ticket_created,in_app,Ticket assigned to you,TCK-000329: Hydraulic fluid weeping at cylinder,read,,04c50f85-81a7-49ef-bc5a-789897b6f19d,,2026-08-05 06:49:00+00,2026-08-05 17:34:00+00,{},2026-08-05 06:49:00+00
f414c9a0-5b8a-475a-9dc6-61a55e7b374a,8741b992-805d-4859-9e1a-4d49d82c9a99,ticket_resolved,in_app,Your ticket was resolved,TCK-000329: Hydraulic fluid weeping at cylinder,unread,,04c50f85-81a7-49ef-bc5a-789897b6f19d,,2026-08-07 12:14:00+00,,{},2026-08-07 12:14:00+00
4e76d652-ce99-45b2-9415-4eaa11c3d424,9580e2d6-e004-4873-9ea1-5e63bb707d70,ticket_created,in_app,Ticket assigned to you,TCK-000336: Uneven tyre wear and vibration at speed,unread,,6b9ffbe4-621c-4d28-a662-7412c2048ab7,,2026-08-09 11:28:00+00,,{},2026-08-09 11:28:00+00
20587696-fb17-4107-a83b-1dde2615ec9b,578b9882-da22-4a57-8191-8e7a8ca512f5,ticket_created,in_app,Ticket assigned to you,TCK-000381: Oil pressure warning intermittent,read,,1ac8860b-e98a-4e24-bbbf-dddc999667ff,,2026-05-13 17:47:00+00,2026-05-13 05:16:00+00,{},2026-05-13 17:47:00+00
1ed18fbf-1645-4d09-8ec1-1a6da59c5bba,45185d88-ee1c-43ef-a73d-9a8382087224,ticket_resolved,in_app,Your ticket was resolved,TCK-000381: Oil pressure warning intermittent,read,,1ac8860b-e98a-4e24-bbbf-dddc999667ff,,2026-06-07 13:43:00+00,2026-06-09 12:02:00+00,{},2026-06-07 13:43:00+00
7b9d0b7b-7dd2-4d8d-bfd0-ba8995688d38,3ed87f3f-9d1e-409e-af21-14fee9e9bc14,ticket_created,in_app,Ticket assigned to you,TCK-000402: Tyre wear beyond service limit,unread,,34c61daf-de9b-4bd0-ac7f-6402e46062bc,,2026-07-22 06:34:00+00,,{},2026-07-22 06:34:00+00
4e7037de-8a53-4b2c-8832-956a13d48575,f101a341-b305-43d6-b170-7cbd8501fef2,ticket_created,in_app,Ticket assigned to you,TCK-000406: Hydraulic lift slow to respond,unread,,fd0a15d7-a87f-452b-b1bb-0c48971fc0ac,,2026-08-09 16:45:00+00,,{},2026-08-09 16:45:00+00
8505ca7e-6619-4455-8b76-a4e313e9b14f,242e349c-5343-4ab9-b488-62509742f4c7,ticket_created,in_app,Ticket assigned to you,TCK-000413: Engine oil life exhausted - service overdue,unread,,a47414b1-980e-45e9-aac6-b0f90dc5c4a5,,2026-08-09 17:53:00+00,,{},2026-08-09 17:53:00+00
eaf0de3b-9936-4073-926e-a33ae7b7ff9f,e3558ee6-f358-4467-ac51-00c0aa187644,ticket_created,in_app,Ticket assigned to you,TCK-000419: Brake noise reported during descent,unread,,6853309c-7b11-4a39-b56d-df70327a4c4d,,2026-08-06 10:56:00+00,,{},2026-08-06 10:56:00+00
f1cf0507-e740-485a-bb06-afdee4ff88b5,76f52321-d84d-4f11-979f-a6df1dccfcbd,ticket_created,in_app,Ticket assigned to you,TCK-000422: Brake noise reported during descent,read,,c511d90d-6a0c-4a13-be3e-17db1caa13bc,,2026-07-21 15:44:00+00,2026-07-23 06:58:00+00,{},2026-07-21 15:44:00+00
db5849d3-e515-4291-841a-4e527e58ff0e,5e18dd32-52bf-446f-b5b4-306dd776e223,ticket_created,in_app,Ticket assigned to you,TCK-000423: Repeated hard starting in early shift,unread,,ab769938-afa3-4819-8dda-72e254b74e44,,2026-08-05 12:21:00+00,,{},2026-08-05 12:21:00+00
c1b2949a-18be-4b25-865d-cb9e2325087c,a3267fe3-9c0f-4b60-95c4-971b2cac8906,ticket_resolved,in_app,Your ticket was resolved,TCK-000423: Repeated hard starting in early shift,read,,ab769938-afa3-4819-8dda-72e254b74e44,,2026-08-10 16:35:00+00,2026-08-13 07:55:00+00,{},2026-08-10 16:35:00+00
67946c5e-c9eb-458f-b09b-060984c2fee5,0bcca5d2-620c-4e90-ae82-fb6ffc7af33d,ticket_created,in_app,Ticket assigned to you,TCK-000431: Brake performance degraded - inspection required,read,,619b9e13-8f60-4f5d-bafe-e1eaa3cdd951,,2026-05-28 14:10:00+00,2026-05-29 06:03:00+00,{},2026-05-28 14:10:00+00
5b7dfea3-8046-46bc-a834-4bf2602f8106,34d98104-2994-461c-a189-b9a2067b9e96,ticket_resolved,in_app,Your ticket was resolved,TCK-000431: Brake performance degraded - inspection required,read,,619b9e13-8f60-4f5d-bafe-e1eaa3cdd951,,2026-05-29 09:09:00+00,2026-05-30 05:59:00+00,{},2026-05-29 09:09:00+00
1978f197-54b5-41d9-969d-9eb2f8abf81e,e4333d48-503a-4694-b7d9-97ac9dee27e0,ticket_created,in_app,Ticket assigned to you,TCK-000443: Hydraulic fluid weeping at cylinder,read,,dea66b66-1082-454d-893e-76cdc90a1175,,2026-06-24 09:03:00+00,2026-06-26 13:16:00+00,{},2026-06-24 09:03:00+00
cad39d60-db39-43dc-bf14-736913bcbfc9,c195e972-c33b-45b7-939a-71c02d221534,ticket_resolved,in_app,Your ticket was resolved,TCK-000443: Hydraulic fluid weeping at cylinder,read,,dea66b66-1082-454d-893e-76cdc90a1175,,2026-07-15 13:59:00+00,2026-07-18 08:25:00+00,{},2026-07-15 13:59:00+00
db7d6979-5480-4a15-a98a-4e12d5a566dc,2fc76645-2797-42a6-b6b9-d134b926381b,ticket_created,in_app,Ticket assigned to you,TCK-000465: Hydraulic fluid weeping at cylinder,read,,7ff05a47-e660-4dd6-ba4e-0349f2ffc4e0,,2026-05-29 12:48:00+00,2026-05-29 16:39:00+00,{},2026-05-29 12:48:00+00
fbbc1f74-98b9-4001-98b1-08b6bdf7db60,42754b10-735f-41e7-bdf0-c4ec00356988,ticket_resolved,in_app,Your ticket was resolved,TCK-000465: Hydraulic fluid weeping at cylinder,read,,7ff05a47-e660-4dd6-ba4e-0349f2ffc4e0,,2026-06-04 09:02:00+00,2026-06-07 06:03:00+00,{},2026-06-04 09:02:00+00
b5a0c402-51b0-4b2f-afd3-84033fbe17c9,94c16a8c-074b-4b37-ab95-493170740735,ticket_created,in_app,Ticket assigned to you,TCK-000471: Uneven tyre wear and vibration at speed,read,,35cc695f-db5a-4a97-84cf-11897ef96f0c,,2026-05-15 07:17:00+00,2026-05-18 13:31:00+00,{},2026-05-15 07:17:00+00
c6887c85-94d6-4891-b259-65b257c01295,0cabbac7-e33f-41e2-9595-f9285b16fce1,ticket_resolved,in_app,Your ticket was resolved,TCK-000471: Uneven tyre wear and vibration at speed,read,,35cc695f-db5a-4a97-84cf-11897ef96f0c,,2026-05-31 05:06:00+00,2026-05-31 15:42:00+00,{},2026-05-31 05:06:00+00
de6492d6-6a18-4b6f-93b5-769efbc717a0,0d92b1df-f95f-448c-8c5e-279045705e0f,ticket_created,in_app,Ticket assigned to you,TCK-000475: Hydraulic lift slow to respond,read,,64889baf-6aa8-44f7-b42d-57d6b734f8e9,,2026-08-05 05:01:00+00,2026-08-07 08:18:00+00,{},2026-08-05 05:01:00+00
668e8ff2-88b6-4ae3-b0ce-cd1ced0d756e,92ed4de4-9c5c-4d11-a52f-9653a34addec,ticket_created,in_app,Ticket assigned to you,TCK-000479: Tyre wear beyond service limit,read,,3ef1c371-c070-46b5-b158-adcff54f9a4f,,2026-08-08 11:54:00+00,2026-08-10 15:26:00+00,{},2026-08-08 11:54:00+00
35019ff6-a06b-41ce-8477-1072ffca479f,6307ed65-c77c-40e7-9e0f-0b67135eb7b1,ticket_created,in_app,Ticket assigned to you,TCK-000482: Uneven tyre wear and vibration at speed,read,,a81de22a-bbe3-4036-9ab9-255889ffb65d,,2026-06-25 11:20:00+00,2026-06-27 09:20:00+00,{},2026-06-25 11:20:00+00
97b65f48-56e4-4703-a83c-193bbf77a20e,d8294427-340a-4c8e-ae90-c5de2eded6d4,ticket_resolved,in_app,Your ticket was resolved,TCK-000482: Uneven tyre wear and vibration at speed,read,,a81de22a-bbe3-4036-9ab9-255889ffb65d,,2026-07-08 11:50:00+00,2026-07-10 12:21:00+00,{},2026-07-08 11:50:00+00
2da08907-403d-4104-a15f-596e30efa2c1,c3bd164c-dac0-42f6-a8bd-f5f7ab7dd58c,ticket_created,in_app,Ticket assigned to you,TCK-000484: Repeated hard starting in early shift,read,,98d6c46d-68c7-45a9-820b-4a8d10c4f445,,2026-06-17 11:03:00+00,2026-06-19 13:43:00+00,{},2026-06-17 11:03:00+00
89aec16f-83c2-4299-8766-84580bb2cfd8,ff0168ca-0d18-4fb7-af5a-b431fbcab727,ticket_resolved,in_app,Your ticket was resolved,TCK-000484: Repeated hard starting in early shift,read,,98d6c46d-68c7-45a9-820b-4a8d10c4f445,,2026-06-30 17:51:00+00,2026-07-01 05:12:00+00,{},2026-06-30 17:51:00+00
da12e1b6-2b1f-4df3-9b11-0ee6d05e3e88,1246b49b-4c2a-428c-9e26-abdd7df1b7e0,ticket_created,in_app,Ticket assigned to you,TCK-000487: Hydraulic fluid weeping at cylinder,unread,,0cf7c867-0850-4c52-9042-0380662e03d2,,2026-05-19 14:21:00+00,,{},2026-05-19 14:21:00+00
f929cc88-caca-4896-8cf4-bce47fe573b1,8514607d-7931-48d2-81f0-f7a024a8210a,ticket_resolved,in_app,Your ticket was resolved,TCK-000487: Hydraulic fluid weeping at cylinder,unread,,0cf7c867-0850-4c52-9042-0380662e03d2,,2026-06-02 08:21:00+00,,{},2026-06-02 08:21:00+00
d65470a3-3a2a-4d9f-baa8-32dde0c17664,90850f19-81e7-4b88-ba8f-72ef0e0578fa,ticket_created,in_app,Ticket assigned to you,TCK-000493: Brake noise reported during descent,read,,f996c270-d92b-42f3-a70a-513cb0797311,,2026-06-30 05:30:00+00,2026-06-30 12:24:00+00,{},2026-06-30 05:30:00+00
4f2d658b-f678-4378-a3ca-da9ac5ff26fa,15e1f6ce-5500-45cf-a429-e8aafcdb999c,ticket_resolved,in_app,Your ticket was resolved,TCK-000493: Brake noise reported during descent,read,,f996c270-d92b-42f3-a70a-513cb0797311,,2026-07-16 08:41:00+00,2026-07-17 16:56:00+00,{},2026-07-16 08:41:00+00
6278bb2f-f47f-4246-8530-05aa6b70c7bf,43adafee-47fa-4fdd-a233-526bc7ecffb2,ticket_created,in_app,Ticket assigned to you,TCK-000498: Repeated hard starting in early shift,unread,,80a9ce60-c86f-46ac-9e81-06ada28df7fa,,2026-07-13 09:27:00+00,,{},2026-07-13 09:27:00+00
f0772820-6a29-4f4d-be69-e41cfa6f87da,70506215-8794-4b65-b206-0e75646dfe9a,ticket_created,in_app,Ticket assigned to you,TCK-000516: Engine oil life exhausted - service overdue,read,,ec17643f-7d57-4b93-8099-c7be9320ebdb,,2026-07-16 14:19:00+00,2026-07-17 09:44:00+00,{},2026-07-16 14:19:00+00
08060f1f-70ba-4977-a0d2-9bd12bf9dbc8,d777fd45-9849-49e2-b338-e97c3d11e8cc,ticket_created,in_app,Ticket assigned to you,TCK-000517: Hydraulic fluid weeping at cylinder,read,,51b89f69-22ad-40f8-a53e-30f768d1b5cc,,2026-07-30 17:23:00+00,2026-08-01 09:35:00+00,{},2026-07-30 17:23:00+00
877f3e53-6846-4597-9327-ae44a651ecb3,43037462-f8fe-47e3-b0f1-51b3d5c2f94a,ticket_resolved,in_app,Your ticket was resolved,TCK-000517: Hydraulic fluid weeping at cylinder,unread,,51b89f69-22ad-40f8-a53e-30f768d1b5cc,,2026-08-03 17:29:00+00,,{},2026-08-03 17:29:00+00
17b7f538-11d3-440c-b7fe-8fc070a50438,6307ed65-c77c-40e7-9e0f-0b67135eb7b1,ticket_created,in_app,Ticket assigned to you,TCK-000523: Brake performance degraded - inspection required,read,,5a20a8a4-758e-4526-ae8c-bf13f3005135,,2026-05-15 11:34:00+00,2026-05-18 08:16:00+00,{},2026-05-15 11:34:00+00
51a7c9a1-36eb-44aa-8ff9-cb0557fbd35b,f84c945b-9cf0-4da2-b016-540bd11e036f,ticket_resolved,in_app,Your ticket was resolved,TCK-000523: Brake performance degraded - inspection required,read,,5a20a8a4-758e-4526-ae8c-bf13f3005135,,2026-06-09 06:15:00+00,2026-06-12 06:45:00+00,{},2026-06-09 06:15:00+00
732dbe36-3769-419d-a0b1-ee0ead37b345,829a4aba-bfc5-46a7-beff-bf556004d109,ticket_created,in_app,Ticket assigned to you,TCK-000542: Engine oil life exhausted - service overdue,read,,811d18c5-c158-4224-ac76-dd10496856f6,,2026-06-16 09:02:00+00,2026-06-16 12:31:00+00,{},2026-06-16 09:02:00+00
339be4b9-4413-49b7-bfdd-bafac249a9d9,cdd74f33-dff3-4b0f-8378-d2989570b4c6,ticket_created,in_app,Ticket assigned to you,TCK-000550: Fault codes not clearing after service,read,,579b8e56-2edc-4fcd-8afb-d27f2e29a8c4,,2026-08-09 16:23:00+00,2026-08-09 14:11:00+00,{},2026-08-09 16:23:00+00
cf83d467-62cc-4961-b0dc-856eed2f24d5,3ed87f3f-9d1e-409e-af21-14fee9e9bc14,ticket_created,in_app,Ticket assigned to you,TCK-000554: Uneven tyre wear and vibration at speed,read,,246f2b95-cc47-4da9-99bc-f8c4d91d4358,,2026-06-18 15:35:00+00,2026-06-19 12:56:00+00,{},2026-06-18 15:35:00+00
e0c672e0-8d06-4b61-96e4-209f128ec2db,b86c3428-f167-40ff-8973-9c69b332b108,ticket_resolved,in_app,Your ticket was resolved,TCK-000554: Uneven tyre wear and vibration at speed,read,,246f2b95-cc47-4da9-99bc-f8c4d91d4358,,2026-06-26 14:06:00+00,2026-06-26 16:51:00+00,{},2026-06-26 14:06:00+00
bc5e8508-4347-4370-ad73-c986eebafefc,fc40d020-6df0-48d5-964e-6051e0f01179,ticket_created,in_app,Ticket assigned to you,TCK-000575: Brake noise reported during descent,read,,ab8b04d1-168f-40f3-a762-9c4dc04f8861,,2026-07-24 07:41:00+00,2026-07-25 06:58:00+00,{},2026-07-24 07:41:00+00
bcfb0da8-8086-4cf0-a36f-27251152c462,5302dab8-326e-4660-b10d-447ccbcaff6f,ticket_created,in_app,Ticket assigned to you,TCK-000579: Tyre wear beyond service limit,read,,6525f8f1-a857-4f06-8bef-dc48501d97b2,,2026-06-11 09:33:00+00,2026-06-14 05:27:00+00,{},2026-06-11 09:33:00+00
ebe51c9b-5071-4752-ac95-d15f23f2839b,a53e8145-78e8-49bf-8bf6-d2a4f5d6e5d4,ticket_resolved,in_app,Your ticket was resolved,TCK-000579: Tyre wear beyond service limit,read,,6525f8f1-a857-4f06-8bef-dc48501d97b2,,2026-06-16 08:06:00+00,2026-06-16 10:54:00+00,{},2026-06-16 08:06:00+00
fa92d146-5cb7-4c42-9d3d-6b9a41421c4d,5184a5dd-4934-4cec-874b-92628013fb71,ticket_created,in_app,Ticket assigned to you,TCK-000585: Oil pressure warning intermittent,read,,efbf6f95-05fe-4307-977e-7d320f730c0f,,2026-07-19 05:27:00+00,2026-07-21 09:26:00+00,{},2026-07-19 05:27:00+00
7d15c396-bad4-429b-878a-f783e74a109c,acc29e92-bfe4-4843-8a5e-b9f6e945a18e,ticket_created,in_app,Ticket assigned to you,TCK-000595: Hydraulic fluid weeping at cylinder,unread,,2dda1b3d-4530-4c53-a06c-d390de26b0ec,,2026-08-08 15:00:00+00,,{},2026-08-08 15:00:00+00
a9814ffa-8ae1-47e7-b14d-2614f2ae47d2,97cc4d1b-3c67-439f-8fdf-b355eb120cfa,ticket_created,in_app,Ticket assigned to you,TCK-000596: Uneven tyre wear and vibration at speed,read,,abf8510a-564d-4e84-a16d-84a332229362,,2026-07-18 08:00:00+00,2026-07-19 08:49:00+00,{},2026-07-18 08:00:00+00
6061a994-671c-4e24-a42e-78dcb183262e,5284761e-4d1d-4e36-97eb-848604be7358,ticket_created,in_app,Ticket assigned to you,TCK-000606: Battery voltage low - charging system check required,unread,,52b43672-0f9d-4004-95de-2882a4bb03c8,,2026-07-16 07:25:00+00,,{},2026-07-16 07:25:00+00
88957d56-36e0-4359-b251-20b21a96401e,9a9f1947-811f-4d1f-a9f5-ca5d18d1c869,ticket_resolved,in_app,Your ticket was resolved,TCK-000606: Battery voltage low - charging system check required,read,,52b43672-0f9d-4004-95de-2882a4bb03c8,,2026-07-25 09:58:00+00,2026-07-25 15:32:00+00,{},2026-07-25 09:58:00+00
c5b5cb5e-1f02-4bf1-b736-ef208ed1d130,3ad6d85f-8eb2-429d-b6b0-9df328ae585b,ticket_created,in_app,Ticket assigned to you,TCK-000615: Repeated hard starting in early shift,read,,e96a17d4-da86-47ec-a0bf-9e790312c349,,2026-05-13 05:43:00+00,2026-05-14 14:22:00+00,{},2026-05-13 05:43:00+00
53fbfe83-d71a-4691-9523-da63891ac6a4,667f1ef6-99d9-4cff-b551-bc452b65fc89,ticket_created,in_app,Ticket assigned to you,TCK-000618: Telematics unit not reporting,read,,7b092f41-659d-4fd3-b021-f5bd351033f0,,2026-05-27 15:29:00+00,2026-05-29 09:43:00+00,{},2026-05-27 15:29:00+00
65b59baa-1288-494d-8f36-440d3cbf565b,93f0c347-46c9-419a-af5e-ce9e2648b755,ticket_resolved,in_app,Your ticket was resolved,TCK-000618: Telematics unit not reporting,read,,7b092f41-659d-4fd3-b021-f5bd351033f0,,2026-05-28 16:09:00+00,2026-05-29 11:04:00+00,{},2026-05-28 16:09:00+00
9a66e41c-4d53-4da2-9d95-05013ce80bce,149c1f7c-7257-4a93-8b26-45cae3ef4432,ticket_created,in_app,Ticket assigned to you,TCK-000619: Uneven tyre wear and vibration at speed,read,,d2196888-c0c3-44ff-b5fc-78f2fd870878,,2026-07-25 06:55:00+00,2026-07-27 07:56:00+00,{},2026-07-25 06:55:00+00
9cc2b518-99a4-496b-a99e-d178aa9849c7,022e5872-55c1-40d7-b067-cc60fae673de,ticket_created,in_app,Ticket assigned to you,TCK-000620: Battery voltage low - charging system check required,unread,,12048117-5926-468e-bfa1-e7faf57c8f40,,2026-08-05 13:07:00+00,,{},2026-08-05 13:07:00+00
6c931977-07df-442c-beee-1922d98c9960,69740143-f533-4866-a394-3d1ba98f20a7,ticket_created,in_app,Ticket assigned to you,TCK-000623: Hydraulic lift slow to respond,unread,,3c55a2f0-260f-4a2a-9532-307bfad17edf,,2026-06-29 06:35:00+00,,{},2026-06-29 06:35:00+00
e821efae-2620-4fe9-8b43-ce89193a1dbb,071c8cbe-8125-4dde-ae07-2ac65beea113,ticket_resolved,in_app,Your ticket was resolved,TCK-000623: Hydraulic lift slow to respond,read,,3c55a2f0-260f-4a2a-9532-307bfad17edf,,2026-07-06 06:33:00+00,2026-07-09 16:03:00+00,{},2026-07-06 06:33:00+00
dcee3dd9-a379-4dfc-850c-8bad08336839,cf6c56e7-5755-4ee5-801e-f33afde6b249,ticket_created,in_app,Ticket assigned to you,TCK-000627: Hydraulic fluid weeping at cylinder,read,,606b4b4f-e186-487f-9ba0-20e897028273,,2026-05-19 07:19:00+00,2026-05-21 08:22:00+00,{},2026-05-19 07:19:00+00
bac89e03-f915-4af8-9a84-731d0b5fb1f6,2dabb25f-496d-4f26-9fc4-bb7203fc6b06,ticket_resolved,in_app,Your ticket was resolved,TCK-000627: Hydraulic fluid weeping at cylinder,read,,606b4b4f-e186-487f-9ba0-20e897028273,,2026-06-08 14:55:00+00,2026-06-10 07:16:00+00,{},2026-06-08 14:55:00+00
1c44ecc3-9138-47c5-806a-5a5e70cb11aa,7172df17-f1b4-41d1-a5ee-2bf445703d25,ticket_created,in_app,Ticket assigned to you,TCK-000631: Repeated hard starting in early shift,read,,cee49784-e6ad-4324-abf2-b06db2fef378,,2026-05-21 08:12:00+00,2026-05-23 09:32:00+00,{},2026-05-21 08:12:00+00
f8d587bf-122a-44cb-9491-f8db4a73ec0d,da2a67ac-05d9-4061-97d1-f011a05f6fe5,ticket_resolved,in_app,Your ticket was resolved,TCK-000631: Repeated hard starting in early shift,read,,cee49784-e6ad-4324-abf2-b06db2fef378,,2026-05-30 13:20:00+00,2026-06-01 15:38:00+00,{},2026-05-30 13:20:00+00
948115ca-7b14-488b-a00c-bea2927e46be,2fb7dab3-e151-490f-9c20-9b329d4fba20,ticket_created,in_app,Ticket assigned to you,TCK-000636: Oil pressure warning intermittent,read,,4e303a7d-e54c-4da9-8e68-fe5d46904811,,2026-06-21 14:08:00+00,2026-06-22 08:56:00+00,{},2026-06-21 14:08:00+00
93545d7c-fa3e-476a-9496-895a3c6a97ae,f1c6af40-53f1-4765-b50d-29b05dc581d1,ticket_resolved,in_app,Your ticket was resolved,TCK-000636: Oil pressure warning intermittent,read,,4e303a7d-e54c-4da9-8e68-fe5d46904811,,2026-07-08 06:06:00+00,2026-07-08 11:19:00+00,{},2026-07-08 06:06:00+00
d07140cd-ac38-4fcf-95c4-3ee34d8a02e6,b958f053-fb9d-4b81-9996-c7ca66269f1c,ticket_created,in_app,Ticket assigned to you,TCK-000640: Brake noise reported during descent,read,,7ee98bd7-bbe0-456e-a651-223a3b0958d7,,2026-07-20 14:38:00+00,2026-07-22 06:06:00+00,{},2026-07-20 14:38:00+00
5e46469c-1c88-4647-9149-8633e4043234,349e690e-52a1-4c2a-b549-9453d0c5b790,ticket_resolved,in_app,Your ticket was resolved,TCK-000640: Brake noise reported during descent,read,,7ee98bd7-bbe0-456e-a651-223a3b0958d7,,2026-08-08 15:08:00+00,2026-08-08 14:04:00+00,{},2026-08-08 15:08:00+00
af219ad0-1cdd-4c22-bed6-326681593528,233aac45-07b9-46b4-af83-c4c76f181669,ticket_created,in_app,Ticket assigned to you,TCK-000642: Repeated hard starting in early shift,read,,7e27e6cd-b7b8-426b-93fb-f12563c1416e,,2026-06-21 16:40:00+00,2026-06-22 07:06:00+00,{},2026-06-21 16:40:00+00
eb376f7f-32a1-4509-b219-564d71a6f319,58d58f6f-c7d9-4037-9d48-18e1877be077,ticket_resolved,in_app,Your ticket was resolved,TCK-000642: Repeated hard starting in early shift,read,,7e27e6cd-b7b8-426b-93fb-f12563c1416e,,2026-06-23 07:12:00+00,2026-06-26 10:13:00+00,{},2026-06-23 07:12:00+00
c31218c5-b970-4ec4-85f4-5788c87a0cc5,20064787-286e-445a-af95-65111a530936,ticket_created,in_app,Ticket assigned to you,TCK-000645: Engine oil life exhausted - service overdue,read,,a8c75e52-8d23-4c01-944a-574347eb2d28,,2026-05-13 08:58:00+00,2026-05-16 15:26:00+00,{},2026-05-13 08:58:00+00
53dbf3af-5c0f-43f8-8f2f-599f9016b89a,5576d8c3-4a33-48c3-b6d8-f684bc07fa9b,ticket_resolved,in_app,Your ticket was resolved,TCK-000645: Engine oil life exhausted - service overdue,read,,a8c75e52-8d23-4c01-944a-574347eb2d28,,2026-05-23 08:18:00+00,2026-05-23 10:22:00+00,{},2026-05-23 08:18:00+00
767a26b1-d268-40f3-b55b-f1c0156d3d72,9580e2d6-e004-4873-9ea1-5e63bb707d70,ticket_created,in_app,Ticket assigned to you,TCK-000649: Tyre wear beyond service limit,read,,d3d382dd-b1c8-4689-aad0-2860a43eb031,,2026-05-20 09:44:00+00,2026-05-22 12:36:00+00,{},2026-05-20 09:44:00+00
5545bad7-a4e2-4b1e-9628-8bd51c710019,4212a9e1-e03c-4ea2-9d8c-c180b703b99a,ticket_created,in_app,Ticket assigned to you,TCK-000656: Oil pressure warning intermittent,unread,,1483a311-9d1f-4985-abda-4758d5e92470,,2026-08-08 15:19:00+00,,{},2026-08-08 15:19:00+00
6925711d-ccb6-4b17-9918-2f063feacb42,9ac1f452-afac-4a3b-b3eb-3e9ebe62c5a9,ticket_created,in_app,Ticket assigned to you,TCK-000657: Hydraulic lift slow to respond,read,,03bad911-0cc6-4e93-8775-fea349d8639d,,2026-07-12 12:23:00+00,2026-07-12 11:02:00+00,{},2026-07-12 12:23:00+00
162829e3-0e80-4cb6-9ed7-20d2427e12e0,70bf07bf-38ab-467c-8e62-966770517b9c,ticket_resolved,in_app,Your ticket was resolved,TCK-000657: Hydraulic lift slow to respond,unread,,03bad911-0cc6-4e93-8775-fea349d8639d,,2026-08-03 12:35:00+00,,{},2026-08-03 12:35:00+00
c85ceac4-3fe3-485d-813b-9859412abb3b,57ace99d-32e1-4aae-af41-0861213bfb33,ticket_created,in_app,Ticket assigned to you,TCK-000659: Uneven tyre wear and vibration at speed,read,,8e751cf4-1116-45ae-b83f-fc191e570b26,,2026-06-22 05:14:00+00,2026-06-23 11:55:00+00,{},2026-06-22 05:14:00+00
f7c6e812-fa3f-47ec-ac07-49cacc9ab086,aa9fdc26-c27d-4899-a00c-295b6ab99173,ticket_resolved,in_app,Your ticket was resolved,TCK-000659: Uneven tyre wear and vibration at speed,read,,8e751cf4-1116-45ae-b83f-fc191e570b26,,2026-07-16 10:49:00+00,2026-07-16 17:12:00+00,{},2026-07-16 10:49:00+00
8be7a120-3f85-423d-80f1-d3cca87e4b08,838168e2-a894-48b0-9e58-4f1f4612a1b3,ticket_created,in_app,Ticket assigned to you,TCK-000666: Engine oil life exhausted - service overdue,read,,06d6e0a8-47b6-4188-9276-d91396ca44bc,,2026-06-17 15:06:00+00,2026-06-20 14:11:00+00,{},2026-06-17 15:06:00+00
8aaf9fbb-adf0-4109-b71c-aa154d2cf5ec,94c64335-4962-40b1-96fd-53632f8d49a3,ticket_resolved,in_app,Your ticket was resolved,TCK-000666: Engine oil life exhausted - service overdue,read,,06d6e0a8-47b6-4188-9276-d91396ca44bc,,2026-07-10 10:36:00+00,2026-07-11 05:44:00+00,{},2026-07-10 10:36:00+00
bfabd8f4-8ec7-4fcf-b4a4-0b189db95eae,70506215-8794-4b65-b206-0e75646dfe9a,ticket_created,in_app,Ticket assigned to you,TCK-000668: Hydraulic lift slow to respond,unread,,9d778a50-5f22-4bd6-a98e-d28eae3c1170,,2026-08-08 05:47:00+00,,{},2026-08-08 05:47:00+00
30032463-0cc8-422f-a613-d4aede23da7b,b33c4ff9-69b5-4437-9699-63c066d6c353,ticket_created,in_app,Ticket assigned to you,TCK-000680: Battery voltage low - charging system check required,unread,,c978a967-9f85-45ef-87b3-2d75c61dc8e3,,2026-05-19 09:12:00+00,,{},2026-05-19 09:12:00+00
4993ef38-2216-4e24-8d38-aa4986c8814a,c5ac0691-9daf-41ec-9af8-8a163bd32f72,ticket_resolved,in_app,Your ticket was resolved,TCK-000680: Battery voltage low - charging system check required,read,,c978a967-9f85-45ef-87b3-2d75c61dc8e3,,2026-05-30 16:22:00+00,2026-05-31 12:53:00+00,{},2026-05-30 16:22:00+00
2bbc862e-0d6d-4653-9b07-05adfea2a141,4004e7eb-3344-4419-9e8c-b6a39833a966,ticket_created,in_app,Ticket assigned to you,TCK-000685: Battery voltage low - charging system check required,read,,0c12aa12-3e2a-4aa9-a1a4-a709681ae92a,,2026-07-24 13:32:00+00,2026-07-27 16:48:00+00,{},2026-07-24 13:32:00+00
1b78a756-1314-45dd-9f9a-8f1ff3fd0276,242e349c-5343-4ab9-b488-62509742f4c7,ticket_created,in_app,Ticket assigned to you,TCK-000692: Tyre wear beyond service limit,read,,1c9c92d6-670c-4415-8da8-78e261a913d0,,2026-05-14 16:49:00+00,2026-05-14 15:58:00+00,{},2026-05-14 16:49:00+00
54c73d71-1891-4ec4-a55d-b54207d8814c,829a4aba-bfc5-46a7-beff-bf556004d109,ticket_created,in_app,Ticket assigned to you,TCK-000695: Oil pressure warning intermittent,read,,2de0d200-20ee-49f0-aa88-273f8103dce9,,2026-07-13 17:09:00+00,2026-07-16 09:59:00+00,{},2026-07-13 17:09:00+00
9ae66583-5434-443e-8d51-e06a149b3efa,5b4b300b-3f2b-4fb0-bc62-3eae56605668,ticket_created,in_app,Ticket assigned to you,TCK-000707: Telematics unit not reporting,read,,d072ab62-3d2b-4935-8d9b-6b7220e63342,,2026-07-14 13:15:00+00,2026-07-17 14:59:00+00,{},2026-07-14 13:15:00+00
f10c231c-c272-497b-935b-62f0ef1aaff2,832b089f-ff95-441d-a9ca-716951d24f37,ticket_created,in_app,Ticket assigned to you,TCK-000709: Engine oil life exhausted - service overdue,unread,,1523ee14-c043-49c3-a536-4532bb6f177b,,2026-07-19 05:15:00+00,,{},2026-07-19 05:15:00+00
7af4b6b6-8d36-458d-a9d3-848751741f89,b958f053-fb9d-4b81-9996-c7ca66269f1c,ticket_created,in_app,Ticket assigned to you,TCK-000711: Engine oil life exhausted - service overdue,read,,a805ab0f-b3f8-45ca-968e-52fc99b3c117,,2026-07-16 15:06:00+00,2026-07-17 07:46:00+00,{},2026-07-16 15:06:00+00
10537761-38bc-4c27-96d5-7af5a7051931,4fb48d89-3d11-4b1c-b34a-fc8824c4d74a,ticket_created,in_app,Ticket assigned to you,TCK-000715: Telematics unit not reporting,read,,372e1c39-0914-4b50-9066-905bb0f0e018,,2026-06-10 16:22:00+00,2026-06-12 11:44:00+00,{},2026-06-10 16:22:00+00
3cf77c57-85a7-4150-b37a-db8cd3be8271,3ed87f3f-9d1e-409e-af21-14fee9e9bc14,ticket_created,in_app,Ticket assigned to you,TCK-000719: Oil pressure warning intermittent,read,,38e81d1b-64d0-45db-8012-4cb1e2335e17,,2026-08-07 07:45:00+00,2026-08-09 15:18:00+00,{},2026-08-07 07:45:00+00
f1524cae-1a0f-4941-8bb3-1854aec5719a,cde090c3-e7e9-459d-b4f7-64df6f80e8a6,ticket_resolved,in_app,Your ticket was resolved,TCK-000719: Oil pressure warning intermittent,unread,,38e81d1b-64d0-45db-8012-4cb1e2335e17,,2026-08-10 15:31:00+00,,{},2026-08-10 15:31:00+00
f81aaeed-a516-4809-8d09-ec39f8903fbe,f101a341-b305-43d6-b170-7cbd8501fef2,ticket_created,in_app,Ticket assigned to you,TCK-000726: Hydraulic lift slow to respond,unread,,eb7ada98-317e-45eb-b8bb-653fd8ca6b7d,,2026-08-08 14:14:00+00,,{},2026-08-08 14:14:00+00
bcb34c23-0214-4f63-9924-28a9330f3dfc,0e660caf-be56-441a-9248-89924b2ed16d,ticket_created,in_app,Ticket assigned to you,TCK-000734: Uneven tyre wear and vibration at speed,read,,1a4e556c-a980-4e5a-8771-921d5c1bb62a,,2026-05-24 11:39:00+00,2026-05-24 08:24:00+00,{},2026-05-24 11:39:00+00
3f26f620-941f-4b38-8d01-6ec9a26eac0e,f99df61d-d168-4c17-b0fc-99832b736ca8,ticket_created,in_app,Ticket assigned to you,TCK-000746: Oil pressure warning intermittent,read,,cdf51de8-0160-4ecd-9fcf-7b109dc9eb03,,2026-06-19 07:43:00+00,2026-06-20 15:16:00+00,{},2026-06-19 07:43:00+00
cc8ae9b2-2d1c-4282-8447-68b45d7822e6,2708d4f5-3ad6-4440-8965-792bc8ba02ec,ticket_resolved,in_app,Your ticket was resolved,TCK-000746: Oil pressure warning intermittent,read,,cdf51de8-0160-4ecd-9fcf-7b109dc9eb03,,2026-07-08 11:29:00+00,2026-07-08 10:04:00+00,{},2026-07-08 11:29:00+00
cccae368-a617-4b39-98ef-d6b9d0ebeb80,389d9ee3-9a0e-4d55-9770-b461e7a536f0,ticket_created,in_app,Ticket assigned to you,TCK-000752: Telematics unit not reporting,read,,71d5604e-e554-4c04-b00e-577f805f6359,,2026-07-10 12:55:00+00,2026-07-11 11:32:00+00,{},2026-07-10 12:55:00+00
bc9d18d7-c167-4da3-897a-83432eff94bc,e2edbfb4-2380-494b-9a6e-6f70b8be6c90,ticket_resolved,in_app,Your ticket was resolved,TCK-000752: Telematics unit not reporting,read,,71d5604e-e554-4c04-b00e-577f805f6359,,2026-08-01 11:41:00+00,2026-08-03 07:45:00+00,{},2026-08-01 11:41:00+00
09b52e02-960e-4c44-af80-30c93a37caba,db01d178-e057-46ed-ba34-a2870594c197,ticket_created,in_app,Ticket assigned to you,TCK-000754: Oil pressure warning intermittent,read,,6aad789b-de68-4ff7-8801-15631b978119,,2026-07-13 16:04:00+00,2026-07-15 05:27:00+00,{},2026-07-13 16:04:00+00
076a33c1-1906-44d2-8623-175d5c4e452f,79bbaaa4-918b-47e0-ba89-d5f2b5a4d4ba,ticket_created,in_app,Ticket assigned to you,TCK-000762: Oil pressure warning intermittent,read,,bd18132f-922f-4d9c-90d4-2f1615cb11d7,,2026-07-24 17:19:00+00,2026-07-27 17:57:00+00,{},2026-07-24 17:19:00+00
cc2948c7-008e-4888-8002-e1d3f169f73e,ff7c83e7-5c79-453d-ba13-4194d70d1e17,ticket_created,in_app,Ticket assigned to you,TCK-000779: Uneven tyre wear and vibration at speed,read,,33acacbf-0f7b-497a-bf00-b7650f5c33dd,,2026-07-30 14:26:00+00,2026-07-30 15:12:00+00,{},2026-07-30 14:26:00+00
8bff4590-656a-4963-bd50-9c550a93dbd6,ee5357e0-7ef0-49d6-aba4-c3a983e97bbd,ticket_created,in_app,Ticket assigned to you,TCK-000786: Brake performance degraded - inspection required,read,,059b6776-861e-4a15-96cc-bb8fbf56ff57,,2026-05-20 13:32:00+00,2026-05-20 15:58:00+00,{},2026-05-20 13:32:00+00
f7c215db-2685-49d8-946f-b455d3c0c4a7,bde86dca-cbc5-42f7-9f67-3f1be7a6da72,ticket_resolved,in_app,Your ticket was resolved,TCK-000786: Brake performance degraded - inspection required,read,,059b6776-861e-4a15-96cc-bb8fbf56ff57,,2026-05-21 14:26:00+00,2026-05-21 14:29:00+00,{},2026-05-21 14:26:00+00
3f155acd-6dae-48aa-8991-b0a8a27efd5e,a363109b-c8ce-4177-9d91-030ac0b8df3a,ticket_created,in_app,Ticket assigned to you,TCK-000791: Engine oil life exhausted - service overdue,read,,a8f971d9-7c0b-4f85-8f80-f216d0e65a64,,2026-06-25 10:22:00+00,2026-06-27 09:19:00+00,{},2026-06-25 10:22:00+00
b2c3b14b-d2f5-4a92-bdc0-c47374e706f4,26786492-bebd-4e3a-8719-4c486f70d604,ticket_created,in_app,Ticket assigned to you,TCK-000806: Engine oil life exhausted - service overdue,read,,f2fd3833-9f76-4751-9aaf-ecdb87a124fc,,2026-06-21 05:10:00+00,2026-06-22 13:18:00+00,{},2026-06-21 05:10:00+00
87fc5368-1665-43ab-86d1-0f2a1bc10009,8741b992-805d-4859-9e1a-4d49d82c9a99,ticket_resolved,in_app,Your ticket was resolved,TCK-000806: Engine oil life exhausted - service overdue,read,,f2fd3833-9f76-4751-9aaf-ecdb87a124fc,,2026-07-07 05:47:00+00,2026-07-07 17:54:00+00,{},2026-07-07 05:47:00+00
a623f80a-3b67-45d1-bb02-f53f1dc01a5a,e3d88daf-a639-4654-8343-b7925af44312,ticket_created,in_app,Ticket assigned to you,TCK-000808: Uneven tyre wear and vibration at speed,read,,10702ee1-7f48-46ee-be41-f5dd24a187e4,,2026-07-24 07:20:00+00,2026-07-27 09:00:00+00,{},2026-07-24 07:20:00+00
02f32cec-904a-42e4-9273-167e3808d697,65a5b696-653b-4c78-8e17-17f954b7992b,ticket_created,in_app,Ticket assigned to you,TCK-000809: Battery voltage low - charging system check required,read,,f1554736-9a47-4c38-a21a-4f028897054a,,2026-07-14 12:11:00+00,2026-07-15 09:46:00+00,{},2026-07-14 12:11:00+00
d766a795-45b3-4ca1-be3e-fc6f64b92d54,17a78c48-dd35-41f3-9ae8-30460de6feb8,ticket_created,in_app,Ticket assigned to you,TCK-000812: Fault codes not clearing after service,unread,,8c756f70-37ea-4cb8-a6d3-a2cb905b36d3,,2026-08-07 06:56:00+00,,{},2026-08-07 06:56:00+00
7faf60f2-98cb-41b8-9c11-b189fd302275,35b9a8e8-5284-40f5-9348-5f1e994c12f1,ticket_created,in_app,Ticket assigned to you,TCK-000814: Tyre wear beyond service limit,read,,89e9ae72-1440-4fe2-9e6b-ed34e4c9bf26,,2026-05-16 14:33:00+00,2026-05-19 06:10:00+00,{},2026-05-16 14:33:00+00
2f7541a2-922e-464b-b6e1-70f8207390b1,1ad7ac67-7360-49fc-8826-4c87c34eb6bc,ticket_resolved,in_app,Your ticket was resolved,TCK-000814: Tyre wear beyond service limit,read,,89e9ae72-1440-4fe2-9e6b-ed34e4c9bf26,,2026-05-31 12:24:00+00,2026-06-02 15:44:00+00,{},2026-05-31 12:24:00+00
8f304ae3-221a-46f4-806c-41c88fed31a7,51de8298-573f-473b-b907-584ec33f7841,ticket_created,in_app,Ticket assigned to you,TCK-000826: Brake performance degraded - inspection required,read,,f28f5537-65a1-4b88-94c3-3d9cd14d5e3e,,2026-06-17 07:42:00+00,2026-06-20 11:05:00+00,{},2026-06-17 07:42:00+00
521387c2-4757-4701-a933-12018b8e281d,9307f79e-1989-450c-8410-9c18f986c0cf,ticket_resolved,in_app,Your ticket was resolved,TCK-000826: Brake performance degraded - inspection required,read,,f28f5537-65a1-4b88-94c3-3d9cd14d5e3e,,2026-07-11 07:14:00+00,2026-07-11 07:00:00+00,{},2026-07-11 07:14:00+00
a8693c91-8285-438e-b925-723a1d46d088,ada9bd16-4c53-416f-9094-adaac3690544,ticket_created,in_app,Ticket assigned to you,TCK-000837: Fault codes not clearing after service,read,,303102bb-652b-4353-ac8b-81f825410c67,,2026-05-13 15:16:00+00,2026-05-14 11:56:00+00,{},2026-05-13 15:16:00+00
0fc90278-51f6-4815-9a04-6f73166d0802,1f244e06-5a87-45ce-934d-263326f32549,ticket_resolved,in_app,Your ticket was resolved,TCK-000837: Fault codes not clearing after service,read,,303102bb-652b-4353-ac8b-81f825410c67,,2026-05-23 10:56:00+00,2026-05-24 12:05:00+00,{},2026-05-23 10:56:00+00
f651cc2d-8b4c-4a4b-8bad-e034cd49ecb1,0bcca5d2-620c-4e90-ae82-fb6ffc7af33d,ticket_created,in_app,Ticket assigned to you,TCK-000846: Uneven tyre wear and vibration at speed,read,,a5dee9f1-1a9f-4550-9442-a54842b8ff98,,2026-05-30 11:46:00+00,2026-05-31 14:49:00+00,{},2026-05-30 11:46:00+00
1510680a-3ef9-4e1c-99cc-def4d2222acb,18a34e23-3be5-4058-9caa-d2075df591b8,ticket_resolved,in_app,Your ticket was resolved,TCK-000846: Uneven tyre wear and vibration at speed,read,,a5dee9f1-1a9f-4550-9442-a54842b8ff98,,2026-06-13 15:22:00+00,2026-06-13 08:25:00+00,{},2026-06-13 15:22:00+00
ab737584-62fb-495d-a903-c73acb7d7396,d4ab1734-15c1-4d19-a3f3-9db75f910cd8,ticket_created,in_app,Ticket assigned to you,TCK-000849: Tyre wear beyond service limit,unread,,a9d82b56-2a5c-44c1-be3e-12f5d1500562,,2026-05-13 05:55:00+00,,{},2026-05-13 05:55:00+00
8bcfb143-6db6-460b-bdcd-966f03fbcda1,b737044f-e300-48b8-8023-aa3efab6953e,ticket_resolved,in_app,Your ticket was resolved,TCK-000849: Tyre wear beyond service limit,read,,a9d82b56-2a5c-44c1-be3e-12f5d1500562,,2026-06-04 15:53:00+00,2026-06-04 10:30:00+00,{},2026-06-04 15:53:00+00
a55b6e36-0ded-4f37-aa5a-8638ef344dee,3898aa8b-e3d3-459d-9a76-60401f8181f0,ticket_created,in_app,Ticket assigned to you,TCK-000852: Oil pressure warning intermittent,unread,,545b7b36-f3f3-492d-88ab-77cc7a8fe657,,2026-08-06 08:04:00+00,,{},2026-08-06 08:04:00+00
49353fc8-be89-4b2d-ad37-4e90a2fa2c94,246980b5-110b-4571-9060-906f0c1ed19f,ticket_created,in_app,Ticket assigned to you,TCK-000860: Engine oil life exhausted - service overdue,read,,749ea14f-4960-4da9-9352-90c66a186d3b,,2026-06-24 14:14:00+00,2026-06-27 14:54:00+00,{},2026-06-24 14:14:00+00
06e972e8-2e22-4323-a3d5-39e656e32d96,9cb44f3e-4dc3-4ac9-bf65-bb8f29efc8e6,ticket_resolved,in_app,Your ticket was resolved,TCK-000860: Engine oil life exhausted - service overdue,read,,749ea14f-4960-4da9-9352-90c66a186d3b,,2026-07-13 13:16:00+00,2026-07-14 15:34:00+00,{},2026-07-13 13:16:00+00
b8b0b69d-c169-491a-9ea9-f6bbdfe03d23,e1c1397c-6345-47ab-948e-0f3e68d615b7,ticket_created,in_app,Ticket assigned to you,TCK-000864: Hydraulic fluid weeping at cylinder,read,,02dea574-c3e9-4846-a9c5-a5e6e92b0b77,,2026-08-07 12:49:00+00,2026-08-08 11:11:00+00,{},2026-08-07 12:49:00+00
d40b24d5-1990-445b-82fc-370893fd9108,0b830550-4175-4716-9d78-9b2d69d25855,ticket_created,in_app,Ticket assigned to you,TCK-000873: Oil pressure warning intermittent,read,,6b8688c5-2bb5-417a-9e09-ba42dddfd55f,,2026-07-12 10:04:00+00,2026-07-14 12:36:00+00,{},2026-07-12 10:04:00+00
0e20789b-45ae-4745-bc3c-4e3c3f14f89e,0bcca5d2-620c-4e90-ae82-fb6ffc7af33d,ticket_created,in_app,Ticket assigned to you,TCK-000874: Tyre wear beyond service limit,read,,3b7695ab-a8c0-4b6c-9768-c91684d26fa6,,2026-08-05 09:37:00+00,2026-08-08 13:39:00+00,{},2026-08-05 09:37:00+00
544eb330-5352-49c6-980c-72e030a52e0d,e5c08943-9e02-486b-b8ec-02510a429c07,ticket_created,in_app,Ticket assigned to you,TCK-000877: Hydraulic lift slow to respond,read,,af1d473f-9a71-4acf-b9d6-1fd0e8254be5,,2026-08-08 12:26:00+00,2026-08-09 16:11:00+00,{},2026-08-08 12:26:00+00
009e1a77-30da-4e49-9d23-72b864061c60,59064e3f-1d1e-4817-8491-724ae8d85add,ticket_created,in_app,Ticket assigned to you,TCK-000878: Brake performance degraded - inspection required,read,,195f49fe-402a-4a5c-92d7-6a932b2c61e4,,2026-07-27 11:59:00+00,2026-07-29 17:07:00+00,{},2026-07-27 11:59:00+00
4a212f11-f16e-4137-893c-cbc4cb32eab7,a817e3da-c239-49df-b5b4-e605451fa66c,ticket_created,in_app,Ticket assigned to you,TCK-000884: Repeated hard starting in early shift,read,,180b4758-3fe2-40f7-93d5-ba9566e3cec4,,2026-05-25 17:03:00+00,2026-05-25 07:23:00+00,{},2026-05-25 17:03:00+00
8266d75e-536d-4d9c-aa72-23eb7c2c5832,765075e1-0e2f-47b5-9221-3011f36cb6f8,ticket_resolved,in_app,Your ticket was resolved,TCK-000884: Repeated hard starting in early shift,read,,180b4758-3fe2-40f7-93d5-ba9566e3cec4,,2026-05-29 14:08:00+00,2026-05-31 07:17:00+00,{},2026-05-29 14:08:00+00
6b9a37b8-ca37-4856-9254-204cbaacf847,6307ed65-c77c-40e7-9e0f-0b67135eb7b1,ticket_created,in_app,Ticket assigned to you,TCK-000890: Hydraulic lift slow to respond,read,,754ef7e6-2a3f-47ba-a052-6ecd737728b2,,2026-06-22 08:23:00+00,2026-06-24 14:27:00+00,{},2026-06-22 08:23:00+00
75b96131-334c-4614-b2b5-7fec1d87f223,36f9a4a5-291f-4548-b867-96c44f690282,ticket_resolved,in_app,Your ticket was resolved,TCK-000890: Hydraulic lift slow to respond,read,,754ef7e6-2a3f-47ba-a052-6ecd737728b2,,2026-07-01 16:27:00+00,2026-07-04 10:24:00+00,{},2026-07-01 16:27:00+00
09e7cff9-ac9e-4a56-b807-e62b429b0fdb,ff7c83e7-5c79-453d-ba13-4194d70d1e17,ticket_created,in_app,Ticket assigned to you,TCK-000892: Hydraulic lift slow to respond,read,,0ac19f96-4130-44f8-9348-b110eb856ae2,,2026-06-11 13:43:00+00,2026-06-14 05:10:00+00,{},2026-06-11 13:43:00+00
b323b4cd-4ee4-4edb-a22f-ca84bb3ae06f,b6fe1c4e-8bcc-41cb-851c-08a32b18140c,ticket_resolved,in_app,Your ticket was resolved,TCK-000892: Hydraulic lift slow to respond,read,,0ac19f96-4130-44f8-9348-b110eb856ae2,,2026-07-05 06:02:00+00,2026-07-06 12:22:00+00,{},2026-07-05 06:02:00+00
d0e975b1-0d0e-49c0-aeca-a56a27bc8385,0b830550-4175-4716-9d78-9b2d69d25855,ticket_created,in_app,Ticket assigned to you,TCK-000909: Tyre wear beyond service limit,read,,871dd255-4c7f-4f46-b480-38861ce4b9d6,,2026-07-13 09:19:00+00,2026-07-16 12:00:00+00,{},2026-07-13 09:19:00+00
87919ba6-84cd-4370-ab3a-db2081d5b9db,c72f23f6-0751-4dfb-aa15-6737a84c61f4,ticket_created,in_app,Ticket assigned to you,TCK-000920: Tyre wear beyond service limit,read,,760db9e8-cc60-46c9-98a4-5a636e6607fb,,2026-06-26 14:41:00+00,2026-06-28 11:51:00+00,{},2026-06-26 14:41:00+00
24a09e09-18b6-4096-9dac-50f657bdf0f3,64eea3cd-759d-411b-b233-253c5b99f030,ticket_resolved,in_app,Your ticket was resolved,TCK-000920: Tyre wear beyond service limit,read,,760db9e8-cc60-46c9-98a4-5a636e6607fb,,2026-07-02 17:32:00+00,2026-07-02 06:25:00+00,{},2026-07-02 17:32:00+00
e03e51b1-e7ae-4a9c-82f1-af0470693cb2,022e5872-55c1-40d7-b067-cc60fae673de,ticket_created,in_app,Ticket assigned to you,TCK-000921: Battery voltage low - charging system check required,unread,,e52aee6d-6382-44d1-b159-54905bb6aca2,,2026-08-05 08:18:00+00,,{},2026-08-05 08:18:00+00
8b25e9fb-9feb-4cc4-b5e8-6e5f0ac21b05,09306b84-79b3-44e2-94d6-8b168ab521db,high_risk_asset,in_app,Asset is now critical risk,255 assets are now at critical risk.,unread,,,,,,"{""link_url"": ""/admin/assets?health_band=critical"", ""priority"": ""high""}",2026-08-10 18:57:49.057125+00
af86b564-123b-48aa-8835-09b2eb51a3a4,d10cf005-0a3f-4251-bb32-0973601a7259,high_risk_asset,in_app,Asset is now critical risk,255 assets are now at critical risk.,unread,,,,,,"{""link_url"": ""/admin/assets?health_band=critical"", ""priority"": ""high""}",2026-08-10 18:57:49.057125+00
ae49e6bf-0c85-4b85-a7a6-3da22b52316e,b9e1c866-3846-4a2a-b3d8-374c6b1b1ae0,high_risk_asset,in_app,Asset is now critical risk,255 assets are now at critical risk.,unread,,,,,,"{""link_url"": ""/admin/assets?health_band=critical"", ""priority"": ""high""}",2026-08-10 18:57:49.057125+00
2462a334-c927-4d8f-b397-8f125a7c954d,15b87d03-89b9-407f-abbf-8dc82d73f93f,high_risk_asset,in_app,Asset is now critical risk,255 assets are now at critical risk.,unread,,,,,,"{""link_url"": ""/admin/assets?health_band=critical"", ""priority"": ""high""}",2026-08-10 18:57:49.057125+00
93a39680-790b-4b93-8ace-323a625cd13b,8f013397-f73e-4098-bf86-3cf1055a446a,high_risk_asset,in_app,Asset is now critical risk,255 assets are now at critical risk.,unread,,,,,,"{""link_url"": ""/admin/assets?health_band=critical"", ""priority"": ""high""}",2026-08-10 18:57:49.057125+00
b44cbee5-e8bd-40d8-aebc-5a67695fd9ca,8f92bdec-59f7-49b0-8fa2-c9e05b14747f,high_risk_asset,in_app,Asset is now critical risk,255 assets are now at critical risk.,unread,,,,,,"{""link_url"": ""/admin/assets?health_band=critical"", ""priority"": ""high""}",2026-08-10 18:57:49.057125+00
cdb7d9d2-4b16-48a0-a54a-ded39c178b39,7b065213-adca-4208-8606-e24d876515ac,high_risk_asset,in_app,Asset is now critical risk,255 assets are now at critical risk.,unread,,,,,,"{""link_url"": ""/admin/assets?health_band=critical"", ""priority"": ""high""}",2026-08-10 18:57:49.057125+00
1c718d77-349e-4546-9b0e-a2ce68ba5a7d,40599815-5b87-4588-9e74-3c01e0c6ccf3,high_risk_asset,in_app,Asset is now critical risk,255 assets are now at critical risk.,unread,,,,,,"{""link_url"": ""/admin/assets?health_band=critical"", ""priority"": ""high""}",2026-08-10 18:57:49.057125+00
e31c61da-9d0f-499d-9ddb-3b58c8d763da,54a8003d-fad1-4f14-bdd4-8c4913b2d0f2,high_risk_asset,in_app,Asset is now critical risk,255 assets are now at critical risk.,unread,,,,,,"{""link_url"": ""/admin/assets?health_band=critical"", ""priority"": ""high""}",2026-08-10 18:57:49.057125+00
cb565ead-2d13-4363-8d39-976c8d0a7ae5,ca5cb051-12a8-4707-841e-dea22eb6e929,high_risk_asset,in_app,Asset is now critical risk,255 assets are now at critical risk.,unread,,,,,,"{""link_url"": ""/admin/assets?health_band=critical"", ""priority"": ""high""}",2026-08-10 18:57:49.057125+00
cf3b56fd-5f26-4f9b-b11b-aed698ca1574,08145333-aa5a-4ff6-ae10-7a43aa8d5326,high_risk_asset,in_app,Asset is now critical risk,255 assets are now at critical risk.,unread,,,,,,"{""link_url"": ""/admin/assets?health_band=critical"", ""priority"": ""high""}",2026-08-10 18:57:49.057125+00
2bd4c845-d240-4647-8d26-633f83946b04,c396bf07-f1d5-4e50-85a6-052a95f8a744,high_risk_asset,in_app,Asset is now critical risk,255 assets are now at critical risk.,unread,,,,,,"{""link_url"": ""/admin/assets?health_band=critical"", ""priority"": ""high""}",2026-08-10 18:57:49.057125+00
1c1ccb3e-1327-4a17-8bed-cb3a17ef7010,026e934f-6cbc-47d3-bebc-2e13bef9f375,high_risk_asset,in_app,Asset is now critical risk,255 assets are now at critical risk.,unread,,,,,,"{""link_url"": ""/admin/assets?health_band=critical"", ""priority"": ""high""}",2026-08-10 18:57:49.057125+00
e9adaca0-92a3-42c0-8856-52e04337affd,fe412c5f-6a1a-4857-9cc4-af60285043cc,high_risk_asset,in_app,Asset is now critical risk,255 assets are now at critical risk.,unread,,,,,,"{""link_url"": ""/admin/assets?health_band=critical"", ""priority"": ""high""}",2026-08-10 18:57:49.057125+00
1a60294c-d63f-442b-9e5e-f8f5c109e80d,3be2c4f8-a30e-4b7b-8104-fe633928c764,high_risk_asset,in_app,Asset is now critical risk,255 assets are now at critical risk.,unread,,,,,,"{""link_url"": ""/admin/assets?health_band=critical"", ""priority"": ""high""}",2026-08-10 18:57:49.057125+00
730ea1b5-c2ec-4aca-b6ce-8c73fa7dab73,3e623db5-6194-489b-a436-6c14b8d1a321,high_risk_asset,in_app,Asset is now critical risk,255 assets are now at critical risk.,unread,,,,,,"{""link_url"": ""/admin/assets?health_band=critical"", ""priority"": ""high""}",2026-08-10 18:57:49.057125+00
27836496-51fd-458d-b483-6ee8c6009f2d,60248d42-3f08-4468-9952-20d3fadcd859,high_risk_asset,in_app,Asset is now critical risk,255 assets are now at critical risk.,unread,,,,,,"{""link_url"": ""/admin/assets?health_band=critical"", ""priority"": ""high""}",2026-08-10 18:57:49.057125+00
4d2ac42c-2456-49f3-99bc-5e3aa420cf9d,3173243b-26b1-4301-952c-69615a95e806,high_risk_asset,in_app,Asset is now critical risk,255 assets are now at critical risk.,unread,,,,,,"{""link_url"": ""/admin/assets?health_band=critical"", ""priority"": ""high""}",2026-08-10 18:57:49.057125+00
c284638d-44a5-421a-a5a3-a87018246cad,9be9d8a3-a08a-4adb-a9ee-166b4b0a8521,high_risk_asset,in_app,Asset is now critical risk,255 assets are now at critical risk.,unread,,,,,,"{""link_url"": ""/admin/assets?health_band=critical"", ""priority"": ""high""}",2026-08-10 18:57:49.057125+00
7bd84cf6-12ff-45cb-8656-e9a2a4dbaba0,5f7a300c-540e-4500-a889-d95a77d799dc,high_risk_asset,in_app,Asset is now critical risk,255 assets are now at critical risk.,unread,,,,,,"{""link_url"": ""/admin/assets?health_band=critical"", ""priority"": ""high""}",2026-08-10 18:57:49.057125+00
9082064e-fec9-427a-a776-5a4b415c42c6,f4056b69-4ac8-46b8-9b77-643fc6407acc,high_risk_asset,in_app,Asset is now critical risk,255 assets are now at critical risk.,unread,,,,,,"{""link_url"": ""/admin/assets?health_band=critical"", ""priority"": ""high""}",2026-08-10 18:57:49.057125+00
d1cd2979-c308-4fd0-bc14-5589b1bc3341,08145333-aa5a-4ff6-ae10-7a43aa8d5326,high_risk_asset,in_app,Asset is now critical risk,255 assets are now at critical risk.,unread,,,,,,"{""link_url"": ""/admin/assets?health_band=critical"", ""priority"": ""high""}",2026-08-10 18:57:49.057125+00
6d19da4b-a33f-47a2-9220-8592ec398ce6,f121048d-936a-437c-a161-9f7e901f17d8,high_risk_asset,in_app,Asset is now critical risk,255 assets are now at critical risk.,unread,,,,,,"{""link_url"": ""/admin/assets?health_band=critical"", ""priority"": ""high""}",2026-08-10 18:57:49.057125+00
f9e63d72-ff46-4d8d-88e4-17fc8c88ad33,1e81fa96-bf3e-40f9-ac44-b8168f54e8e2,high_risk_asset,in_app,Asset is now critical risk,255 assets are now at critical risk.,unread,,,,,,"{""link_url"": ""/admin/assets?health_band=critical"", ""priority"": ""high""}",2026-08-10 18:57:49.057125+00
1115e881-ecbc-43a4-a957-12372d567533,b993bb23-a481-4196-902b-78ab172f7c14,high_risk_asset,in_app,Asset is now critical risk,255 assets are now at critical risk.,unread,,,,,,"{""link_url"": ""/admin/assets?health_band=critical"", ""priority"": ""high""}",2026-08-10 18:57:49.057125+00
ec927b9b-dc78-4f5c-af85-3b195b0c3d43,7c2d98b0-0276-4ef9-8a45-ecbc21c761a4,high_risk_asset,in_app,Asset is now critical risk,255 assets are now at critical risk.,unread,,,,,,"{""link_url"": ""/admin/assets?health_band=critical"", ""priority"": ""high""}",2026-08-10 18:57:49.057125+00
a9ba69dd-b631-441d-b529-a2fba93af562,525885b4-8242-4b0e-9389-e73ab4da0883,high_risk_asset,in_app,Asset is now critical risk,255 assets are now at critical risk.,unread,,,,,,"{""link_url"": ""/admin/assets?health_band=critical"", ""priority"": ""high""}",2026-08-10 18:57:49.057125+00
2eb33af7-cc2d-47dc-a310-2219846299f1,201810ef-10d6-4664-9bf3-c78ad722a6de,high_risk_asset,in_app,Asset is now critical risk,255 assets are now at critical risk.,unread,,,,,,"{""link_url"": ""/admin/assets?health_band=critical"", ""priority"": ""high""}",2026-08-10 18:57:49.057125+00
90d462f8-3c2c-424a-a5ff-2a9ed68b556a,7d4e3301-e869-4ed7-9374-1dfae1c92334,high_risk_asset,in_app,Asset is now critical risk,255 assets are now at critical risk.,unread,,,,,,"{""link_url"": ""/admin/assets?health_band=critical"", ""priority"": ""high""}",2026-08-10 18:57:49.057125+00
17422c0d-9e3a-490d-a52c-411d3eff7e90,f121048d-936a-437c-a161-9f7e901f17d8,high_risk_asset,in_app,Asset is now critical risk,255 assets are now at critical risk.,unread,,,,,,"{""link_url"": ""/admin/assets?health_band=critical"", ""priority"": ""high""}",2026-08-10 18:57:49.057125+00
af10e663-8dd6-4e66-8cff-db14aafd4fd7,5250a6e8-dae1-44d3-a749-0de618f21f17,high_risk_asset,in_app,Asset is now critical risk,255 assets are now at critical risk.,unread,,,,,,"{""link_url"": ""/admin/assets?health_band=critical"", ""priority"": ""high""}",2026-08-10 18:57:49.057125+00
5e41c638-c54e-4445-b807-26e32128bca3,363395ad-bc4d-48d7-9bb3-13e893e92e82,high_risk_asset,in_app,Asset is now critical risk,255 assets are now at critical risk.,unread,,,,,,"{""link_url"": ""/admin/assets?health_band=critical"", ""priority"": ""high""}",2026-08-10 18:57:49.057125+00
3108f653-6e35-4259-8a1f-84c04520d92f,cb819ef5-51d7-4a1d-b1b4-e10674bdcd4d,high_risk_asset,in_app,Asset is now critical risk,255 assets are now at critical risk.,unread,,,,,,"{""link_url"": ""/admin/assets?health_band=critical"", ""priority"": ""high""}",2026-08-10 18:57:49.057125+00
50fbd7ab-7e18-4bef-9c6a-9772486a9ace,8c2a3dc0-1d48-4695-beb9-d5b878274370,high_risk_asset,in_app,Asset is now critical risk,255 assets are now at critical risk.,unread,,,,,,"{""link_url"": ""/admin/assets?health_band=critical"", ""priority"": ""high""}",2026-08-10 18:57:49.057125+00
6fc81852-6fde-4d8d-b826-6f2b910f2cd7,5eaa01fc-d211-42fc-b8a3-b4264659d850,high_risk_asset,in_app,Asset is now critical risk,255 assets are now at critical risk.,unread,,,,,,"{""link_url"": ""/admin/assets?health_band=critical"", ""priority"": ""high""}",2026-08-10 18:57:49.057125+00
3def023e-6c5a-4711-ad27-5e225b4167de,ffa53a31-7f44-4f17-815d-e1d63473afd9,high_risk_asset,in_app,Asset is now critical risk,255 assets are now at critical risk.,unread,,,,,,"{""link_url"": ""/admin/assets?health_band=critical"", ""priority"": ""high""}",2026-08-10 18:57:49.057125+00
d65a846f-ec7f-4290-a9dc-044d7130db51,40599815-5b87-4588-9e74-3c01e0c6ccf3,high_risk_asset,in_app,Asset is now critical risk,255 assets are now at critical risk.,unread,,,,,,"{""link_url"": ""/admin/assets?health_band=critical"", ""priority"": ""high""}",2026-08-10 18:57:49.057125+00
ce0dda3a-de0d-4219-b21b-d1a68b164a97,9eb09106-f54e-4d7c-a8ab-2e35db7f6fee,high_risk_asset,in_app,Asset is now critical risk,255 assets are now at critical risk.,unread,,,,,,"{""link_url"": ""/admin/assets?health_band=critical"", ""priority"": ""high""}",2026-08-10 18:57:49.057125+00
e12435da-a467-4b25-89ae-ea88a7570aa6,930dfee4-c7f8-450e-835c-d73f0743f879,high_risk_asset,in_app,Asset is now critical risk,255 assets are now at critical risk.,unread,,,,,,"{""link_url"": ""/admin/assets?health_band=critical"", ""priority"": ""high""}",2026-08-10 18:57:49.057125+00
daad4ea9-fce9-45ef-afd4-4a0f235a1490,5b8bec9d-ce7b-4e63-bf0d-22f39a35438c,high_risk_asset,in_app,Asset is now critical risk,255 assets are now at critical risk.,unread,,,,,,"{""link_url"": ""/admin/assets?health_band=critical"", ""priority"": ""high""}",2026-08-10 18:57:49.057125+00
3d81cf7b-61c6-4ec1-a2ef-add942b9f863,d38515f1-d5cf-4346-9352-be8bb20aee1e,high_risk_asset,in_app,Asset is now critical risk,255 assets are now at critical risk.,unread,,,,,,"{""link_url"": ""/admin/assets?health_band=critical"", ""priority"": ""high""}",2026-08-10 18:57:49.057125+00
c756482b-e704-4e16-8271-23d1525d9004,73695667-456a-4647-a906-c5b0637e2854,high_risk_asset,in_app,Asset is now critical risk,255 assets are now at critical risk.,unread,,,,,,"{""link_url"": ""/admin/assets?health_band=critical"", ""priority"": ""high""}",2026-08-10 18:57:49.057125+00
ed5c36a1-9a29-4c29-8bb3-d0b6ae68a6cf,51ed7e64-6868-4e03-9b23-cb9d7039bb47,high_risk_asset,in_app,Asset is now critical risk,255 assets are now at critical risk.,unread,,,,,,"{""link_url"": ""/admin/assets?health_band=critical"", ""priority"": ""high""}",2026-08-10 18:57:49.057125+00
9ac675c6-fe79-43ab-a5b0-8a6bad64980c,e91776d8-e25d-4e1d-88f3-4547156b4930,high_risk_asset,in_app,Asset is now critical risk,255 assets are now at critical risk.,unread,,,,,,"{""link_url"": ""/admin/assets?health_band=critical"", ""priority"": ""high""}",2026-08-10 18:57:49.057125+00
48495ea0-b080-46b8-aad0-13faaec33bf2,507be855-1ac1-43a9-b1f4-fe62d2b838d9,high_risk_asset,in_app,Asset is now critical risk,255 assets are now at critical risk.,unread,,,,,,"{""link_url"": ""/admin/assets?health_band=critical"", ""priority"": ""high""}",2026-08-10 18:57:49.057125+00
02fc0df3-bb52-4748-a211-a92da4950796,8c660120-06ae-494a-8b89-5ba8438020a9,high_risk_asset,in_app,Asset is now critical risk,255 assets are now at critical risk.,unread,,,,,,"{""link_url"": ""/admin/assets?health_band=critical"", ""priority"": ""high""}",2026-08-10 18:57:49.057125+00
d7eabfec-c089-4f0a-8580-6e7bc8e17111,36c2e208-8f6c-4b7b-add1-a4210cd2f372,high_risk_asset,in_app,Asset is now critical risk,255 assets are now at critical risk.,unread,,,,,,"{""link_url"": ""/admin/assets?health_band=critical"", ""priority"": ""high""}",2026-08-10 18:57:49.057125+00
ed7c0097-b505-4fde-95d9-a985084fc8a9,42665fec-7225-4509-8ad2-324bb15dc7cf,high_risk_asset,in_app,Asset is now critical risk,255 assets are now at critical risk.,unread,,,,,,"{""link_url"": ""/admin/assets?health_band=critical"", ""priority"": ""high""}",2026-08-10 18:57:49.057125+00
3c9eefc6-d41d-48ca-aedb-6caf12cfaa83,9bb85a55-297b-4c01-8d94-5a8ecd35ad9a,high_risk_asset,in_app,Asset is now critical risk,255 assets are now at critical risk.,unread,,,,,,"{""link_url"": ""/admin/assets?health_band=critical"", ""priority"": ""high""}",2026-08-10 18:57:49.057125+00
f9d95d53-38e5-4383-b384-4dbb8c3bcfe0,8df4b871-8cf4-459c-ae8b-d7ff0c95e330,high_risk_asset,in_app,Asset is now critical risk,255 assets are now at critical risk.,unread,,,,,,"{""link_url"": ""/admin/assets?health_band=critical"", ""priority"": ""high""}",2026-08-10 18:57:49.057125+00
8a190c95-197e-4dfc-ac29-5ab45b3619c4,541c9a20-b69e-4721-9954-55f661301a7b,high_risk_asset,in_app,Asset is now critical risk,255 assets are now at critical risk.,unread,,,,,,"{""link_url"": ""/admin/assets?health_band=critical"", ""priority"": ""high""}",2026-08-10 18:57:49.057125+00
484ee0a3-f4a5-48c8-b1ca-77b2a3ae9143,e4b0a22a-aa25-4f65-9d5f-7da7d176bfa4,high_risk_asset,in_app,Asset is now critical risk,255 assets are now at critical risk.,unread,,,,,,"{""link_url"": ""/admin/assets?health_band=critical"", ""priority"": ""high""}",2026-08-10 18:57:49.057125+00
c9507d43-ddd6-4ecc-90ec-d616079d9fb6,bfbc513c-fc16-48d3-bc97-937cb60188cd,high_risk_asset,in_app,Asset is now critical risk,255 assets are now at critical risk.,unread,,,,,,"{""link_url"": ""/admin/assets?health_band=critical"", ""priority"": ""high""}",2026-08-10 18:57:49.057125+00
dd189236-0267-4132-ace6-a05ed5277897,aae4b5c2-8efb-42b7-88a7-a8fe7a86e7c7,high_risk_asset,in_app,Asset is now critical risk,255 assets are now at critical risk.,unread,,,,,,"{""link_url"": ""/admin/assets?health_band=critical"", ""priority"": ""high""}",2026-08-10 18:57:49.057125+00
04a2aaa2-aa64-44b2-a57a-acd4d9de2aa7,53fa7f0e-3f0d-47ea-bd2d-695e63a234db,high_risk_asset,in_app,Asset is now critical risk,255 assets are now at critical risk.,unread,,,,,,"{""link_url"": ""/admin/assets?health_band=critical"", ""priority"": ""high""}",2026-08-10 18:57:49.057125+00
c59f6da5-8104-41db-8406-615e4d39bf26,cb09e946-aa0f-4553-883f-a8fbb994dd6e,high_risk_asset,in_app,Asset is now critical risk,255 assets are now at critical risk.,unread,,,,,,"{""link_url"": ""/admin/assets?health_band=critical"", ""priority"": ""high""}",2026-08-10 18:57:49.057125+00
d3a69cf6-0c6e-452b-a2e8-fdf2f7dbf159,e63fb45e-1362-4e02-b414-1e0a67301dbf,high_risk_asset,in_app,Asset is now critical risk,255 assets are now at critical risk.,unread,,,,,,"{""link_url"": ""/admin/assets?health_band=critical"", ""priority"": ""high""}",2026-08-10 18:57:49.057125+00
178b501b-d3ae-490a-b4b1-7d259b9277ff,0055d1b9-390b-4ea8-8cb6-127ee3051d0e,high_risk_asset,in_app,Asset is now critical risk,255 assets are now at critical risk.,unread,,,,,,"{""link_url"": ""/admin/assets?health_band=critical"", ""priority"": ""high""}",2026-08-10 18:57:49.057125+00
e8438d8d-2c5c-4a10-9564-f005f4baa3cc,862dfdd0-bfa1-4ab2-a8e0-7280ab4a68d5,high_risk_asset,in_app,Asset is now critical risk,255 assets are now at critical risk.,unread,,,,,,"{""link_url"": ""/admin/assets?health_band=critical"", ""priority"": ""high""}",2026-08-10 18:57:49.057125+00
fe8e6f55-69c1-4b2c-b69a-e7f8a74e10a7,b5e9f1ed-2062-4d19-b2b1-2c2f5f9d9d1d,high_risk_asset,in_app,Asset is now critical risk,255 assets are now at critical risk.,unread,,,,,,"{""link_url"": ""/admin/assets?health_band=critical"", ""priority"": ""high""}",2026-08-10 18:57:49.057125+00
c298e78a-c1ea-455c-b606-988ad0beea4d,2de8e8a2-03a6-4d8e-93d9-4b8309004f45,high_risk_asset,in_app,Asset is now critical risk,255 assets are now at critical risk.,unread,,,,,,"{""link_url"": ""/admin/assets?health_band=critical"", ""priority"": ""high""}",2026-08-10 18:57:49.057125+00
92314eee-7130-4199-83b3-54a5aa429aaa,765075e1-0e2f-47b5-9221-3011f36cb6f8,high_risk_asset,in_app,Asset is now critical risk,255 assets are now at critical risk.,unread,,,,,,"{""link_url"": ""/admin/assets?health_band=critical"", ""priority"": ""high""}",2026-08-10 18:57:49.057125+00
9227ce57-c9fd-462b-a42c-3f960a27438a,da2a67ac-05d9-4061-97d1-f011a05f6fe5,high_risk_asset,in_app,Asset is now critical risk,255 assets are now at critical risk.,unread,,,,,,"{""link_url"": ""/admin/assets?health_band=critical"", ""priority"": ""high""}",2026-08-10 18:57:49.057125+00
7028f44b-4f07-441f-b335-62be48094977,4249c88c-d0ac-433f-b414-903379d7b070,high_risk_asset,in_app,Asset is now critical risk,255 assets are now at critical risk.,unread,,,,,,"{""link_url"": ""/admin/assets?health_band=critical"", ""priority"": ""high""}",2026-08-10 18:57:49.057125+00
1025bdf4-5f01-4462-9f71-4d7f939251a8,85ec9a19-bc02-4676-a16b-0a33f9ecc547,high_risk_asset,in_app,Asset is now critical risk,255 assets are now at critical risk.,unread,,,,,,"{""link_url"": ""/admin/assets?health_band=critical"", ""priority"": ""high""}",2026-08-10 18:57:49.057125+00
22fa7ab4-44b4-4704-bfee-d513c4b836d5,e63fb45e-1362-4e02-b414-1e0a67301dbf,high_risk_asset,in_app,Asset is now critical risk,255 assets are now at critical risk.,unread,,,,,,"{""link_url"": ""/admin/assets?health_band=critical"", ""priority"": ""high""}",2026-08-10 18:57:49.057125+00
0d2ef163-08d7-4efd-b584-31868b335a36,5a9f30d2-5c34-4a3b-a906-90cc10353d3e,high_risk_asset,in_app,Asset is now critical risk,255 assets are now at critical risk.,unread,,,,,,"{""link_url"": ""/admin/assets?health_band=critical"", ""priority"": ""high""}",2026-08-10 18:57:49.057125+00
07c47902-b54f-4082-8833-a97a0ccfe2cd,8f16f0cc-0478-4195-8ddb-43b8f8e96be6,high_risk_asset,in_app,Asset is now critical risk,255 assets are now at critical risk.,unread,,,,,,"{""link_url"": ""/admin/assets?health_band=critical"", ""priority"": ""high""}",2026-08-10 18:57:49.057125+00
8b084675-8712-4926-89b5-346266f6df2e,ebb9527c-518e-4fe9-a686-6a365ae6f8c8,high_risk_asset,in_app,Asset is now critical risk,255 assets are now at critical risk.,unread,,,,,,"{""link_url"": ""/admin/assets?health_band=critical"", ""priority"": ""high""}",2026-08-10 18:57:49.057125+00
2ec17f7b-af07-49f1-bcd2-a52b90fb74aa,93f0c347-46c9-419a-af5e-ce9e2648b755,high_risk_asset,in_app,Asset is now critical risk,255 assets are now at critical risk.,unread,,,,,,"{""link_url"": ""/admin/assets?health_band=critical"", ""priority"": ""high""}",2026-08-10 18:57:49.057125+00
cbcebe73-e3ba-42bc-b1e7-3b9a6c4c2038,ee03c479-a979-4cc3-8f63-f1e2294536bf,high_risk_asset,in_app,Asset is now critical risk,255 assets are now at critical risk.,unread,,,,,,"{""link_url"": ""/admin/assets?health_band=critical"", ""priority"": ""high""}",2026-08-10 18:57:49.057125+00
7d5022b0-7775-47e1-84cf-1ff6eb243532,c9e26361-f745-464e-a7ab-f05b26f3a921,high_risk_asset,in_app,Asset is now critical risk,255 assets are now at critical risk.,unread,,,,,,"{""link_url"": ""/admin/assets?health_band=critical"", ""priority"": ""high""}",2026-08-10 18:57:49.057125+00
581164cd-f390-4e15-8754-3e636a9822f7,e9ef9185-6e18-49a7-aa79-718267db9313,high_risk_asset,in_app,Asset is now critical risk,255 assets are now at critical risk.,unread,,,,,,"{""link_url"": ""/admin/assets?health_band=critical"", ""priority"": ""high""}",2026-08-10 18:57:49.057125+00
4187a7c1-a8c9-4aea-af59-90ea454ccc29,65e1c26e-af5d-4b8c-94f7-12f2c561b570,high_risk_asset,in_app,Asset is now critical risk,255 assets are now at critical risk.,unread,,,,,,"{""link_url"": ""/admin/assets?health_band=critical"", ""priority"": ""high""}",2026-08-10 18:57:49.057125+00
1640c2c4-4371-417c-9581-bec2d4cb6684,44137535-6cd5-47f5-8157-cc953a1fb110,high_risk_asset,in_app,Asset is now critical risk,255 assets are now at critical risk.,unread,,,,,,"{""link_url"": ""/admin/assets?health_band=critical"", ""priority"": ""high""}",2026-08-10 18:57:49.057125+00
4a06005a-0155-4cf4-9c76-805106c9b31e,86c61fdf-4d13-4cd6-b3fe-a85018a6bd65,high_risk_asset,in_app,Asset is now critical risk,255 assets are now at critical risk.,unread,,,,,,"{""link_url"": ""/admin/assets?health_band=critical"", ""priority"": ""high""}",2026-08-10 18:57:49.057125+00
82fd6c09-7c23-4bb9-bb99-5f5725974d82,2b90787d-d78e-4453-ad90-ec1567d28856,high_risk_asset,in_app,Asset is now critical risk,255 assets are now at critical risk.,unread,,,,,,"{""link_url"": ""/admin/assets?health_band=critical"", ""priority"": ""high""}",2026-08-10 18:57:49.057125+00
088499a3-c426-4cf1-b12e-38c6d4dd44e8,8e11bc0b-dd4a-4b80-a9cc-465b3beca3d4,high_risk_asset,in_app,Asset is now critical risk,255 assets are now at critical risk.,unread,,,,,,"{""link_url"": ""/admin/assets?health_band=critical"", ""priority"": ""high""}",2026-08-10 18:57:49.057125+00
85681262-1971-454b-b914-3339653ac525,54e48c09-372a-42e8-9086-e98f7ce791b9,high_risk_asset,in_app,Asset is now critical risk,255 assets are now at critical risk.,unread,,,,,,"{""link_url"": ""/admin/assets?health_band=critical"", ""priority"": ""high""}",2026-08-10 18:57:49.057125+00
f92890c8-6a78-4c5b-b7a6-0b6afc2654c0,b5a8f513-6c53-4ba9-a049-10478e5a198a,high_risk_asset,in_app,Asset is now critical risk,255 assets are now at critical risk.,unread,,,,,,"{""link_url"": ""/admin/assets?health_band=critical"", ""priority"": ""high""}",2026-08-10 18:57:49.057125+00
cdbc9816-94bc-4a0b-9968-7b113eb0dadd,3b296b4c-a6c2-42a6-89b4-e614400f1631,high_risk_asset,in_app,Asset is now critical risk,255 assets are now at critical risk.,unread,,,,,,"{""link_url"": ""/admin/assets?health_band=critical"", ""priority"": ""high""}",2026-08-10 18:57:49.057125+00
86a0c4fa-6977-4c43-b2ae-5c2a3155a411,5a0cabae-9493-46b8-89cf-eac79fc792ad,high_risk_asset,in_app,Asset is now critical risk,255 assets are now at critical risk.,unread,,,,,,"{""link_url"": ""/admin/assets?health_band=critical"", ""priority"": ""high""}",2026-08-10 18:57:49.057125+00
25fedb66-22d2-4a70-bfc6-5edcda015640,20126955-a95e-4d8b-8121-28b48b6f18a9,high_risk_asset,in_app,Asset is now critical risk,255 assets are now at critical risk.,unread,,,,,,"{""link_url"": ""/admin/assets?health_band=critical"", ""priority"": ""high""}",2026-08-10 18:57:49.057125+00
33665074-6120-424e-8e22-7ee2b47ce9df,d7419f5f-8d51-43a3-b44e-68440cc641b4,high_risk_asset,in_app,Asset is now critical risk,255 assets are now at critical risk.,unread,,,,,,"{""link_url"": ""/admin/assets?health_band=critical"", ""priority"": ""high""}",2026-08-10 18:57:49.057125+00
37213c7a-6bc2-4efc-a7b2-6fb38fe8aa47,a3ad3a8c-24a3-48ab-ba14-234b9a25eed1,high_risk_asset,in_app,Asset is now critical risk,255 assets are now at critical risk.,unread,,,,,,"{""link_url"": ""/admin/assets?health_band=critical"", ""priority"": ""high""}",2026-08-10 18:57:49.057125+00
83759ab8-3a9e-4841-b39c-5ec02355386d,20126955-a95e-4d8b-8121-28b48b6f18a9,high_risk_asset,in_app,Asset is now critical risk,255 assets are now at critical risk.,unread,,,,,,"{""link_url"": ""/admin/assets?health_band=critical"", ""priority"": ""high""}",2026-08-10 18:57:49.057125+00
21439950-4d23-4205-9f18-f7ddc73fbc1b,18a34e23-3be5-4058-9caa-d2075df591b8,high_risk_asset,in_app,Asset is now critical risk,255 assets are now at critical risk.,unread,,,,,,"{""link_url"": ""/admin/assets?health_band=critical"", ""priority"": ""high""}",2026-08-10 18:57:49.057125+00
0067e38c-a9e0-4629-a1c7-bae29051ae6c,6c5f95fe-93a9-459f-988b-b5f6952e7382,high_risk_asset,in_app,Asset is now critical risk,255 assets are now at critical risk.,unread,,,,,,"{""link_url"": ""/admin/assets?health_band=critical"", ""priority"": ""high""}",2026-08-10 18:57:49.057125+00
8809e730-c8ad-4cab-878b-465dca60e188,3c6ba945-55ef-47fe-9802-5f789e60e620,high_risk_asset,in_app,Asset is now critical risk,255 assets are now at critical risk.,unread,,,,,,"{""link_url"": ""/admin/assets?health_band=critical"", ""priority"": ""high""}",2026-08-10 18:57:49.057125+00
34f71503-c88a-44d4-a8f1-0daa5bfa575a,bdcafd2b-af00-4468-9bfa-56fec76a416b,high_risk_asset,in_app,Asset is now critical risk,255 assets are now at critical risk.,unread,,,,,,"{""link_url"": ""/admin/assets?health_band=critical"", ""priority"": ""high""}",2026-08-10 18:57:49.057125+00
2d11daa6-9288-4f5e-883a-a4c49a21f1f3,57a17a7b-fa63-4040-bc20-3b0f6d673e3c,high_risk_asset,in_app,Asset is now critical risk,255 assets are now at critical risk.,unread,,,,,,"{""link_url"": ""/admin/assets?health_band=critical"", ""priority"": ""high""}",2026-08-10 18:57:49.057125+00
88a83d96-2750-4a80-9d60-56bf2037f085,a367378f-0627-4a69-9fcd-33330bb4fe2c,high_risk_asset,in_app,Asset is now critical risk,255 assets are now at critical risk.,unread,,,,,,"{""link_url"": ""/admin/assets?health_band=critical"", ""priority"": ""high""}",2026-08-10 18:57:49.057125+00
42fecb34-4a4b-4678-95fe-715f3cad6803,9eb29422-f448-4bb6-ab3d-c580defcd756,high_risk_asset,in_app,Asset is now critical risk,255 assets are now at critical risk.,unread,,,,,,"{""link_url"": ""/admin/assets?health_band=critical"", ""priority"": ""high""}",2026-08-10 18:57:49.057125+00
311650ca-5bfb-439e-ae31-390d0644f5a8,b390c01c-3083-473a-aeed-8099d7b0434f,high_risk_asset,in_app,Asset is now critical risk,255 assets are now at critical risk.,unread,,,,,,"{""link_url"": ""/admin/assets?health_band=critical"", ""priority"": ""high""}",2026-08-10 18:57:49.057125+00
ea255ebc-34e1-4ab3-a06b-a072a13435b3,d3879937-718a-45eb-8fd3-f608ffadaf81,high_risk_asset,in_app,Asset is now critical risk,255 assets are now at critical risk.,unread,,,,,,"{""link_url"": ""/admin/assets?health_band=critical"", ""priority"": ""high""}",2026-08-10 18:57:49.057125+00
c460701c-dc6d-452b-a757-a0d9efaeeeec,e6eb9d66-d679-4e1f-8e6b-fdb21a16881d,high_risk_asset,in_app,Asset is now critical risk,255 assets are now at critical risk.,unread,,,,,,"{""link_url"": ""/admin/assets?health_band=critical"", ""priority"": ""high""}",2026-08-10 18:57:49.057125+00
1e2546b7-b11d-45f5-bac4-84cdbdabb6e2,a0536940-0682-4198-bae6-6db251d72de4,high_risk_asset,in_app,Asset is now critical risk,255 assets are now at critical risk.,unread,,,,,,"{""link_url"": ""/admin/assets?health_band=critical"", ""priority"": ""high""}",2026-08-10 18:57:49.057125+00
903b7a65-c973-44ed-b583-141869cd8a96,66f76268-d181-4cea-bbf9-29b5446250fb,high_risk_asset,in_app,Asset is now critical risk,255 assets are now at critical risk.,unread,,,,,,"{""link_url"": ""/admin/assets?health_band=critical"", ""priority"": ""high""}",2026-08-10 18:57:49.057125+00
878527a8-088c-480f-bd0e-f77d0f49cda3,44f02d91-6ed8-49ff-bb7d-98412c2f27bc,high_risk_asset,in_app,Asset is now critical risk,255 assets are now at critical risk.,unread,,,,,,"{""link_url"": ""/admin/assets?health_band=critical"", ""priority"": ""high""}",2026-08-10 18:57:49.057125+00
3a1e92ef-fc7d-42e4-a64c-898307db5adf,eeb2c80a-5992-4553-b0f3-bfb3252ee6f4,high_risk_asset,in_app,Asset is now critical risk,255 assets are now at critical risk.,unread,,,,,,"{""link_url"": ""/admin/assets?health_band=critical"", ""priority"": ""high""}",2026-08-10 18:57:49.057125+00
8e922a6e-4907-42f9-be49-74641b91a4c0,3913555c-6732-450a-814a-159ca0f32ce8,high_risk_asset,in_app,Asset is now critical risk,255 assets are now at critical risk.,unread,,,,,,"{""link_url"": ""/admin/assets?health_band=critical"", ""priority"": ""high""}",2026-08-10 18:57:49.057125+00
081c2446-1080-4387-a5c5-8e790a79aee3,20ab5d3f-f2ca-4af4-b3c1-43fbcfad7b62,high_risk_asset,in_app,Asset is now critical risk,255 assets are now at critical risk.,unread,,,,,,"{""link_url"": ""/admin/assets?health_band=critical"", ""priority"": ""high""}",2026-08-10 18:57:49.057125+00
460328a7-6d0e-4588-850e-06f93540f30d,9d13970f-2a41-435e-8706-26d1a28fe323,high_risk_asset,in_app,Asset is now critical risk,255 assets are now at critical risk.,unread,,,,,,"{""link_url"": ""/admin/assets?health_band=critical"", ""priority"": ""high""}",2026-08-10 18:57:49.057125+00
b1241c3f-8ed2-42f0-871c-e97933abdf97,55f028a0-239f-4082-a2bd-1ea1da7fb8eb,high_risk_asset,in_app,Asset is now critical risk,255 assets are now at critical risk.,unread,,,,,,"{""link_url"": ""/admin/assets?health_band=critical"", ""priority"": ""high""}",2026-08-10 18:57:49.057125+00
2855f8b8-e956-4deb-9c13-202a6fc9febf,cb5f60a2-0e0d-43e4-a97e-79df022e7bf2,high_risk_asset,in_app,Asset is now critical risk,255 assets are now at critical risk.,unread,,,,,,"{""link_url"": ""/admin/assets?health_band=critical"", ""priority"": ""high""}",2026-08-10 18:57:49.057125+00
988ce452-4b56-48f4-9125-3189c1f18991,32dad9d0-4ec9-4cae-b538-5f91662e6d44,high_risk_asset,in_app,Asset is now critical risk,255 assets are now at critical risk.,unread,,,,,,"{""link_url"": ""/admin/assets?health_band=critical"", ""priority"": ""high""}",2026-08-10 18:57:49.057125+00
4f3bde42-a795-49b9-9184-1848f8021799,b39348d1-7405-4464-8957-067b571cbe59,high_risk_asset,in_app,Asset is now critical risk,255 assets are now at critical risk.,unread,,,,,,"{""link_url"": ""/admin/assets?health_band=critical"", ""priority"": ""high""}",2026-08-10 18:57:49.057125+00
654a24c5-d931-4183-93cc-07cd7fc1346d,6ab1fa28-105a-4e64-86b5-50fe38b7933d,high_risk_asset,in_app,Asset is now critical risk,255 assets are now at critical risk.,unread,,,,,,"{""link_url"": ""/admin/assets?health_band=critical"", ""priority"": ""high""}",2026-08-10 18:57:49.057125+00
facda83e-baf3-4bec-8b71-06d43e5382f9,3d6e22b7-a8bf-4c92-96df-615af688aa21,high_risk_asset,in_app,Asset is now critical risk,255 assets are now at critical risk.,unread,,,,,,"{""link_url"": ""/admin/assets?health_band=critical"", ""priority"": ""high""}",2026-08-10 18:57:49.057125+00
d52a3684-9674-4541-8903-6d6e07ad2eb9,5d43b353-f619-4792-b4f1-617a66b1975e,high_risk_asset,in_app,Asset is now critical risk,255 assets are now at critical risk.,unread,,,,,,"{""link_url"": ""/admin/assets?health_band=critical"", ""priority"": ""high""}",2026-08-10 18:57:49.057125+00
97e60363-ea7a-455d-8d96-99cdad3f1fc5,42b280ac-836f-403d-b991-b016eac74429,high_risk_asset,in_app,Asset is now critical risk,255 assets are now at critical risk.,unread,,,,,,"{""link_url"": ""/admin/assets?health_band=critical"", ""priority"": ""high""}",2026-08-10 18:57:49.057125+00
d4ce7e3e-fd46-4fc1-af37-2b09d14cc848,3b296b4c-a6c2-42a6-89b4-e614400f1631,high_risk_asset,in_app,Asset is now critical risk,255 assets are now at critical risk.,unread,,,,,,"{""link_url"": ""/admin/assets?health_band=critical"", ""priority"": ""high""}",2026-08-10 18:57:49.057125+00
7e412bdf-4971-4917-bb9b-c6b4f3b11e3c,39d5700c-a1c9-4421-9f83-a2e5f6ca64cc,high_risk_asset,in_app,Asset is now critical risk,255 assets are now at critical risk.,unread,,,,,,"{""link_url"": ""/admin/assets?health_band=critical"", ""priority"": ""high""}",2026-08-10 18:57:49.057125+00
8cf67a4d-6522-4e2c-bc80-ac129d9a2d31,e926b5a7-d8cf-4bc6-85c7-108e0935ffa1,high_risk_asset,in_app,Asset is now critical risk,255 assets are now at critical risk.,unread,,,,,,"{""link_url"": ""/admin/assets?health_band=critical"", ""priority"": ""high""}",2026-08-10 18:57:49.057125+00
21262c47-9484-4b4c-a922-84e84b27a4bc,ec8132ac-9310-44f0-89de-9a6f62074977,high_risk_asset,in_app,Asset is now critical risk,255 assets are now at critical risk.,unread,,,,,,"{""link_url"": ""/admin/assets?health_band=critical"", ""priority"": ""high""}",2026-08-10 18:57:49.057125+00
1f0a82dc-b300-4dfa-abfe-8891f7e29bbe,a9a9d2d2-09e7-40de-b060-8dec80491082,high_risk_asset,in_app,Asset is now critical risk,255 assets are now at critical risk.,unread,,,,,,"{""link_url"": ""/admin/assets?health_band=critical"", ""priority"": ""high""}",2026-08-10 18:57:49.057125+00
4bea2588-ef12-49cc-b4b2-3096c26632e9,e605199f-2c85-4b2b-9253-c4f54c926958,high_risk_asset,in_app,Asset is now critical risk,255 assets are now at critical risk.,unread,,,,,,"{""link_url"": ""/admin/assets?health_band=critical"", ""priority"": ""high""}",2026-08-10 18:57:49.057125+00
612ad19e-f9f6-4827-9fc9-efb223bed256,8d29cbfb-7111-4b9f-84eb-755a873d85f4,high_risk_asset,in_app,Asset is now critical risk,255 assets are now at critical risk.,unread,,,,,,"{""link_url"": ""/admin/assets?health_band=critical"", ""priority"": ""high""}",2026-08-10 18:57:49.057125+00
79406c94-4b67-4576-b0b8-113b24ee86c8,2b388115-612e-444c-ab32-5b14b3f54f80,high_risk_asset,in_app,Asset is now critical risk,255 assets are now at critical risk.,unread,,,,,,"{""link_url"": ""/admin/assets?health_band=critical"", ""priority"": ""high""}",2026-08-10 18:57:49.057125+00
c9d3e742-4bae-4645-996f-1da7b953402a,cbe38004-41ff-40f3-8cc5-a26f4612f3ba,high_risk_asset,in_app,Asset is now critical risk,255 assets are now at critical risk.,unread,,,,,,"{""link_url"": ""/admin/assets?health_band=critical"", ""priority"": ""high""}",2026-08-10 18:57:49.057125+00
578e54ce-7525-48ad-8519-aba024f0ac49,29ade0de-bbfe-499c-8f4a-e8420eab79c6,high_risk_asset,in_app,Asset is now critical risk,255 assets are now at critical risk.,unread,,,,,,"{""link_url"": ""/admin/assets?health_band=critical"", ""priority"": ""high""}",2026-08-10 18:57:49.057125+00
ea896660-c25b-4e9b-a5fe-809748e800cf,9bd7dc69-8146-4996-8a28-bda2751c2c1e,high_risk_asset,in_app,Asset is now critical risk,255 assets are now at critical risk.,unread,,,,,,"{""link_url"": ""/admin/assets?health_band=critical"", ""priority"": ""high""}",2026-08-10 18:57:49.057125+00
2d0109a3-b53d-4ddc-9708-5fc2dd08b755,0cabbac7-e33f-41e2-9595-f9285b16fce1,high_risk_asset,in_app,Asset is now critical risk,255 assets are now at critical risk.,unread,,,,,,"{""link_url"": ""/admin/assets?health_band=critical"", ""priority"": ""high""}",2026-08-10 18:57:49.057125+00
2cbd26a1-18d6-42be-b9e2-f2481fe5e3f8,91aaeeb3-13d3-4ce4-8342-f57a3c5f20bf,high_risk_asset,in_app,Asset is now critical risk,255 assets are now at critical risk.,unread,,,,,,"{""link_url"": ""/admin/assets?health_band=critical"", ""priority"": ""high""}",2026-08-10 18:57:49.057125+00
e36bd800-529d-4e6d-8b3a-71b92eac7957,20ab5d3f-f2ca-4af4-b3c1-43fbcfad7b62,high_risk_asset,in_app,Asset is now critical risk,255 assets are now at critical risk.,unread,,,,,,"{""link_url"": ""/admin/assets?health_band=critical"", ""priority"": ""high""}",2026-08-10 18:57:49.057125+00
5a2b2e28-a78b-455f-90d1-7c14301c77ee,cd077c24-ded4-4f10-9145-7381355aa6b2,high_risk_asset,in_app,Asset is now critical risk,255 assets are now at critical risk.,unread,,,,,,"{""link_url"": ""/admin/assets?health_band=critical"", ""priority"": ""high""}",2026-08-10 18:57:49.057125+00
5f35aa0c-f989-46e8-bc03-049edc3d836b,f041cb71-a9fe-469f-abba-a9747e6df441,high_risk_asset,in_app,Asset is now critical risk,255 assets are now at critical risk.,unread,,,,,,"{""link_url"": ""/admin/assets?health_band=critical"", ""priority"": ""high""}",2026-08-10 18:57:49.057125+00
6878762c-6d04-4c77-92c0-fd85d6782d60,bbfad8bc-9c98-4759-962b-c83bde076c4a,high_risk_asset,in_app,Asset is now critical risk,255 assets are now at critical risk.,unread,,,,,,"{""link_url"": ""/admin/assets?health_band=critical"", ""priority"": ""high""}",2026-08-10 18:57:49.057125+00
d41c0c63-8354-4f0d-8c2b-5a22401be250,f3c4e156-3bb0-4f09-af72-9bad7ceee5a0,high_risk_asset,in_app,Asset is now critical risk,255 assets are now at critical risk.,unread,,,,,,"{""link_url"": ""/admin/assets?health_band=critical"", ""priority"": ""high""}",2026-08-10 18:57:49.057125+00
c23798a8-f744-456b-9412-8172d2da88b2,b98804b5-aaf4-4355-961f-ff75a2e4dcaf,high_risk_asset,in_app,Asset is now critical risk,255 assets are now at critical risk.,unread,,,,,,"{""link_url"": ""/admin/assets?health_band=critical"", ""priority"": ""high""}",2026-08-10 18:57:49.057125+00
74184059-0321-4996-92ce-27d3d7d4757f,aa6bd398-1c0b-46fc-95da-2ff75ff4c584,high_risk_asset,in_app,Asset is now critical risk,255 assets are now at critical risk.,unread,,,,,,"{""link_url"": ""/admin/assets?health_band=critical"", ""priority"": ""high""}",2026-08-10 18:57:49.057125+00
bfd87011-d918-49c9-9b0b-3bf9cc0f8def,3df5d037-e853-43ba-8818-4d3a6644377a,high_risk_asset,in_app,Asset is now critical risk,255 assets are now at critical risk.,unread,,,,,,"{""link_url"": ""/admin/assets?health_band=critical"", ""priority"": ""high""}",2026-08-10 18:57:49.057125+00
2989a9b2-cd00-4378-b3eb-b2d62a20160d,c875bb37-b147-43c4-9190-bba3cca1d313,high_risk_asset,in_app,Asset is now critical risk,255 assets are now at critical risk.,unread,,,,,,"{""link_url"": ""/admin/assets?health_band=critical"", ""priority"": ""high""}",2026-08-10 18:57:49.057125+00
05c45fff-7f78-4f53-ab2b-b91157dd13a0,e98a7d51-d860-4c09-a624-751120112f62,high_risk_asset,in_app,Asset is now critical risk,255 assets are now at critical risk.,unread,,,,,,"{""link_url"": ""/admin/assets?health_band=critical"", ""priority"": ""high""}",2026-08-10 18:57:49.057125+00
c6eb1f43-cc56-48d2-9060-80d2a1007f2a,2458cf7c-fcbf-4def-834a-e1429dfebcae,high_risk_asset,in_app,Asset is now critical risk,255 assets are now at critical risk.,unread,,,,,,"{""link_url"": ""/admin/assets?health_band=critical"", ""priority"": ""high""}",2026-08-10 18:57:49.057125+00
6da187c0-4cd6-4875-9ffc-d66421a7fb58,e69037f7-b5fb-4127-9fa9-7dcd4652ca97,high_risk_asset,in_app,Asset is now critical risk,255 assets are now at critical risk.,unread,,,,,,"{""link_url"": ""/admin/assets?health_band=critical"", ""priority"": ""high""}",2026-08-10 18:57:49.057125+00
872b706f-1d86-4607-b8b8-24558388dca2,97b90211-1b71-4112-a5c5-454a8b55cf5f,high_risk_asset,in_app,Asset is now critical risk,255 assets are now at critical risk.,unread,,,,,,"{""link_url"": ""/admin/assets?health_band=critical"", ""priority"": ""high""}",2026-08-10 18:57:49.057125+00
ec3fb71b-ad58-4d0a-bedb-095e50ddced1,53729164-22f4-4aa2-a9ce-1b992ed4e050,high_risk_asset,in_app,Asset is now critical risk,255 assets are now at critical risk.,unread,,,,,,"{""link_url"": ""/admin/assets?health_band=critical"", ""priority"": ""high""}",2026-08-10 18:57:49.057125+00
b8b44775-d98a-4818-a275-cf7e62783e7e,00d11482-63a2-48da-b05c-c7e9bacd67e0,high_risk_asset,in_app,Asset is now critical risk,255 assets are now at critical risk.,unread,,,,,,"{""link_url"": ""/admin/assets?health_band=critical"", ""priority"": ""high""}",2026-08-10 18:57:49.057125+00
1eab01f6-1ba3-43db-b177-a14067c0d7cd,ff858c38-4db7-4dcd-a154-6531520ed5b9,high_risk_asset,in_app,Asset is now critical risk,255 assets are now at critical risk.,unread,,,,,,"{""link_url"": ""/admin/assets?health_band=critical"", ""priority"": ""high""}",2026-08-10 18:57:49.057125+00
b98b3749-b378-43f0-a7b1-96e7bb0775ad,ff962ec5-661c-4004-8c3a-c65fcefaf218,high_risk_asset,in_app,Asset is now critical risk,255 assets are now at critical risk.,unread,,,,,,"{""link_url"": ""/admin/assets?health_band=critical"", ""priority"": ""high""}",2026-08-10 18:57:49.057125+00
996c4d4d-69cb-42dc-987e-c76904d4ab54,7613243f-58b4-4f5d-9cc4-d6dde9e3d25a,high_risk_asset,in_app,Asset is now critical risk,255 assets are now at critical risk.,unread,,,,,,"{""link_url"": ""/admin/assets?health_band=critical"", ""priority"": ""high""}",2026-08-10 18:57:49.057125+00
798ad1a2-f5cd-4466-8459-f02ec1b75643,cbab6c6b-bc58-41b5-af21-814b967a7684,high_risk_asset,in_app,Asset is now critical risk,255 assets are now at critical risk.,unread,,,,,,"{""link_url"": ""/admin/assets?health_band=critical"", ""priority"": ""high""}",2026-08-10 18:57:49.057125+00
33dd1a38-bc46-4f19-9899-c838d39cca01,8f700fd2-3def-4b84-8c3c-b7d73e077fba,high_risk_asset,in_app,Asset is now critical risk,255 assets are now at critical risk.,unread,,,,,,"{""link_url"": ""/admin/assets?health_band=critical"", ""priority"": ""high""}",2026-08-10 18:57:49.057125+00
26a862ab-346e-4be4-bba0-11f22a4870d9,4430fbeb-2c79-4588-b6ed-66a6bc48fb34,high_risk_asset,in_app,Asset is now critical risk,255 assets are now at critical risk.,unread,,,,,,"{""link_url"": ""/admin/assets?health_band=critical"", ""priority"": ""high""}",2026-08-10 18:57:49.057125+00
92696e64-4a88-4ef6-a73a-c173c6594ff6,17fb895f-4c2d-4cb8-a53f-a2ce9aa97992,high_risk_asset,in_app,Asset is now critical risk,255 assets are now at critical risk.,unread,,,,,,"{""link_url"": ""/admin/assets?health_band=critical"", ""priority"": ""high""}",2026-08-10 18:57:49.057125+00
c3a131da-fc0c-4a7c-9b57-dbbcacbea072,b305a28f-a411-438d-afc9-d11992e49c01,high_risk_asset,in_app,Asset is now critical risk,255 assets are now at critical risk.,unread,,,,,,"{""link_url"": ""/admin/assets?health_band=critical"", ""priority"": ""high""}",2026-08-10 18:57:49.057125+00
bec5a5b2-fc5f-435a-8b87-dc161e841219,aa9fdc26-c27d-4899-a00c-295b6ab99173,high_risk_asset,in_app,Asset is now critical risk,255 assets are now at critical risk.,unread,,,,,,"{""link_url"": ""/admin/assets?health_band=critical"", ""priority"": ""high""}",2026-08-10 18:57:49.057125+00
066b0ff4-1f98-40f8-9278-a675da018ce8,50126895-b7fe-41b2-a790-918f80d4241d,high_risk_asset,in_app,Asset is now critical risk,255 assets are now at critical risk.,unread,,,,,,"{""link_url"": ""/admin/assets?health_band=critical"", ""priority"": ""high""}",2026-08-10 18:57:49.057125+00
a199858a-8934-4e59-8221-402145adec8a,e8c335e0-2088-4924-a6e4-c94e52dc1dd6,high_risk_asset,in_app,Asset is now critical risk,255 assets are now at critical risk.,unread,,,,,,"{""link_url"": ""/admin/assets?health_band=critical"", ""priority"": ""high""}",2026-08-10 18:57:49.057125+00
157b9954-d81e-49ec-9f9f-9684fb3df9a6,2f32866b-2708-469a-a85f-e12f010d4607,high_risk_asset,in_app,Asset is now critical risk,255 assets are now at critical risk.,unread,,,,,,"{""link_url"": ""/admin/assets?health_band=critical"", ""priority"": ""high""}",2026-08-10 18:57:49.057125+00
05cad23f-e2e2-4fe6-9299-dad8e623f2b2,583e6f26-b967-450c-b674-367a7d2a630d,high_risk_asset,in_app,Asset is now critical risk,255 assets are now at critical risk.,unread,,,,,,"{""link_url"": ""/admin/assets?health_band=critical"", ""priority"": ""high""}",2026-08-10 18:57:49.057125+00
8f73bdf3-fd7d-4241-9c88-70cb9cfbf7da,dead6da3-5b5b-40a8-b8d1-afdd225b2c31,high_risk_asset,in_app,Asset is now critical risk,255 assets are now at critical risk.,unread,,,,,,"{""link_url"": ""/admin/assets?health_band=critical"", ""priority"": ""high""}",2026-08-10 18:57:49.057125+00
54db3465-d4e7-4bfe-bc08-08e8cc2fc6a6,79996482-579d-4dee-9a2b-8837c548ef59,high_risk_asset,in_app,Asset is now critical risk,255 assets are now at critical risk.,unread,,,,,,"{""link_url"": ""/admin/assets?health_band=critical"", ""priority"": ""high""}",2026-08-10 18:57:49.057125+00
6a7fbbf6-d572-4494-b688-29713ce692ed,ce97eae8-36da-4b55-9866-1818be74fe8c,high_risk_asset,in_app,Asset is now critical risk,255 assets are now at critical risk.,unread,,,,,,"{""link_url"": ""/admin/assets?health_band=critical"", ""priority"": ""high""}",2026-08-10 18:57:49.057125+00
3fa58257-6793-49cd-ae12-f80f83526d2b,9c8e93f8-915c-4053-95fe-886010f1b5fa,high_risk_asset,in_app,Asset is now critical risk,255 assets are now at critical risk.,unread,,,,,,"{""link_url"": ""/admin/assets?health_band=critical"", ""priority"": ""high""}",2026-08-10 18:57:49.057125+00
ded03cf7-f8e2-461d-82ac-99d4a6e9113f,0405c062-3887-46d9-855d-e641a5044cb2,high_risk_asset,in_app,Asset is now critical risk,255 assets are now at critical risk.,unread,,,,,,"{""link_url"": ""/admin/assets?health_band=critical"", ""priority"": ""high""}",2026-08-10 18:57:49.057125+00
45c52b3a-5116-4470-9518-1193ee79db0f,4c823f41-1c70-4687-81af-94c5feb0d762,high_risk_asset,in_app,Asset is now critical risk,255 assets are now at critical risk.,unread,,,,,,"{""link_url"": ""/admin/assets?health_band=critical"", ""priority"": ""high""}",2026-08-10 18:57:49.057125+00
2797ac4b-3b7a-49e6-804d-bab4b00738d6,06ef2625-6e29-43d7-8067-81768302e68e,high_risk_asset,in_app,Asset is now critical risk,255 assets are now at critical risk.,unread,,,,,,"{""link_url"": ""/admin/assets?health_band=critical"", ""priority"": ""high""}",2026-08-10 18:57:49.057125+00
4c8e1a40-0dd9-4e88-8faa-c9faefbb5f18,ec42ef12-9929-4b5d-b07f-dac5819cba78,high_risk_asset,in_app,Asset is now critical risk,255 assets are now at critical risk.,unread,,,,,,"{""link_url"": ""/admin/assets?health_band=critical"", ""priority"": ""high""}",2026-08-10 18:57:49.057125+00
000eebe3-ebc0-4cd0-95ab-a71cc1bfc3cb,e05d2aca-b66c-4872-85aa-cd75a7878df7,high_risk_asset,in_app,Asset is now critical risk,255 assets are now at critical risk.,unread,,,,,,"{""link_url"": ""/admin/assets?health_band=critical"", ""priority"": ""high""}",2026-08-10 18:57:49.057125+00
63e2997a-d15b-4ee6-a9ea-e873060f0199,a0e7192f-6236-409e-a49c-2faf15b3d995,high_risk_asset,in_app,Asset is now critical risk,255 assets are now at critical risk.,unread,,,,,,"{""link_url"": ""/admin/assets?health_band=critical"", ""priority"": ""high""}",2026-08-10 18:57:49.057125+00
f81e8365-11b9-45f8-ab18-cda4b7f03538,fdbc71f8-edf3-4091-a0dc-b0bf3c339f92,high_risk_asset,in_app,Asset is now critical risk,255 assets are now at critical risk.,unread,,,,,,"{""link_url"": ""/admin/assets?health_band=critical"", ""priority"": ""high""}",2026-08-10 18:57:49.057125+00
2b30e2c2-4679-4337-b5f2-a9f8b2f02ae8,6058e1f6-6cdf-4f86-83da-8e52d0a1d5d0,high_risk_asset,in_app,Asset is now critical risk,255 assets are now at critical risk.,unread,,,,,,"{""link_url"": ""/admin/assets?health_band=critical"", ""priority"": ""high""}",2026-08-10 18:57:49.057125+00
1fca9acc-06c3-4faa-91da-0cf19578653c,f81965e2-2ed7-4738-80b1-8b08fe3d0c7d,high_risk_asset,in_app,Asset is now critical risk,255 assets are now at critical risk.,unread,,,,,,"{""link_url"": ""/admin/assets?health_band=critical"", ""priority"": ""high""}",2026-08-10 18:57:49.057125+00
b908f645-0c2c-4d41-8d36-1f1d3db003d4,0559c035-6377-41b3-9881-90f239377825,high_risk_asset,in_app,Asset is now critical risk,255 assets are now at critical risk.,unread,,,,,,"{""link_url"": ""/admin/assets?health_band=critical"", ""priority"": ""high""}",2026-08-10 18:57:49.057125+00
6abb3554-c6ae-4784-806c-b54cf8a5e82d,096dc1af-c1ef-4984-a2a2-63d0838a2216,high_risk_asset,in_app,Asset is now critical risk,255 assets are now at critical risk.,unread,,,,,,"{""link_url"": ""/admin/assets?health_band=critical"", ""priority"": ""high""}",2026-08-10 18:57:49.057125+00
46ca875b-ba2f-4050-b1be-47cdafafb8d5,6a299c1f-ae68-468f-ba60-338ead0f891e,high_risk_asset,in_app,Asset is now critical risk,255 assets are now at critical risk.,unread,,,,,,"{""link_url"": ""/admin/assets?health_band=critical"", ""priority"": ""high""}",2026-08-10 18:57:49.057125+00
a1b80465-9ca9-47d6-810e-65f3a870efde,2458cf7c-fcbf-4def-834a-e1429dfebcae,high_risk_asset,in_app,Asset is now critical risk,255 assets are now at critical risk.,unread,,,,,,"{""link_url"": ""/admin/assets?health_band=critical"", ""priority"": ""high""}",2026-08-10 18:57:49.057125+00
a0da6184-09b3-4c19-9b12-3ae0127949e2,d9fb7d54-ed53-436a-8034-65f6bac6edac,high_risk_asset,in_app,Asset is now critical risk,255 assets are now at critical risk.,unread,,,,,,"{""link_url"": ""/admin/assets?health_band=critical"", ""priority"": ""high""}",2026-08-10 18:57:49.057125+00
8800f35a-8f5c-451c-8305-b7c5267710f9,b1007b82-cbbf-4ef5-a4aa-6348e59b5c3a,high_risk_asset,in_app,Asset is now critical risk,255 assets are now at critical risk.,unread,,,,,,"{""link_url"": ""/admin/assets?health_band=critical"", ""priority"": ""high""}",2026-08-10 18:57:49.057125+00
302cc7c7-d537-458a-8321-e7ea1403da4a,8a8bc6e9-e0e4-49bd-8fd6-d7d2917772b0,high_risk_asset,in_app,Asset is now critical risk,255 assets are now at critical risk.,unread,,,,,,"{""link_url"": ""/admin/assets?health_band=critical"", ""priority"": ""high""}",2026-08-10 18:57:49.057125+00
5a07be1a-d115-4787-9457-3d98b6ac3d29,24b5932e-88db-41e4-91d9-969e04d67984,high_risk_asset,in_app,Asset is now critical risk,255 assets are now at critical risk.,unread,,,,,,"{""link_url"": ""/admin/assets?health_band=critical"", ""priority"": ""high""}",2026-08-10 18:57:49.057125+00
30427c15-b797-40f6-905e-bd374e9a3260,f29a276c-72e6-4d21-9c32-64ba51d564b6,high_risk_asset,in_app,Asset is now critical risk,255 assets are now at critical risk.,unread,,,,,,"{""link_url"": ""/admin/assets?health_band=critical"", ""priority"": ""high""}",2026-08-10 18:57:49.057125+00
fe6239b7-48c7-4560-be45-1b64d442b992,8f36fe73-d255-4230-aa2a-00fa311454ec,high_risk_asset,in_app,Asset is now critical risk,255 assets are now at critical risk.,unread,,,,,,"{""link_url"": ""/admin/assets?health_band=critical"", ""priority"": ""high""}",2026-08-10 18:57:49.057125+00
96dc5c96-3991-4be4-a9b4-c58a36ea86df,32ab1216-8737-4602-a4a6-3805a29fe3b2,high_risk_asset,in_app,Asset is now critical risk,255 assets are now at critical risk.,unread,,,,,,"{""link_url"": ""/admin/assets?health_band=critical"", ""priority"": ""high""}",2026-08-10 18:57:49.057125+00
a19574c3-72f6-45eb-8569-ab93ce3707e2,f316cb80-b405-4faa-ac0a-6307bb3b888d,high_risk_asset,in_app,Asset is now critical risk,255 assets are now at critical risk.,unread,,,,,,"{""link_url"": ""/admin/assets?health_band=critical"", ""priority"": ""high""}",2026-08-10 18:57:49.057125+00
5c8f0ebc-4952-4c81-ab8d-7c3289ff3d5c,3300b88d-ad2c-4c0c-bac7-48e98b283f68,high_risk_asset,in_app,Asset is now critical risk,255 assets are now at critical risk.,unread,,,,,,"{""link_url"": ""/admin/assets?health_band=critical"", ""priority"": ""high""}",2026-08-10 18:57:49.057125+00
0c57ad21-19b0-4a78-865a-f8ad2d940b79,ff858c38-4db7-4dcd-a154-6531520ed5b9,high_risk_asset,in_app,Asset is now critical risk,255 assets are now at critical risk.,unread,,,,,,"{""link_url"": ""/admin/assets?health_band=critical"", ""priority"": ""high""}",2026-08-10 18:57:49.057125+00
0309cd3d-7e70-40fe-907f-4a23647464dd,2abd42b1-c0a4-4467-8f7d-15d222f3e561,high_risk_asset,in_app,Asset is now critical risk,255 assets are now at critical risk.,unread,,,,,,"{""link_url"": ""/admin/assets?health_band=critical"", ""priority"": ""high""}",2026-08-10 18:57:49.057125+00
92e8d2ae-61ab-4300-a286-299884d83a87,3351801a-f8d9-48ae-a19c-421b6d81bcf8,high_risk_asset,in_app,Asset is now critical risk,255 assets are now at critical risk.,unread,,,,,,"{""link_url"": ""/admin/assets?health_band=critical"", ""priority"": ""high""}",2026-08-10 18:57:49.057125+00
865617c0-5b67-491f-9aec-cc59a40d4c81,6692c7dd-4b6b-4908-86a3-91731b323aff,high_risk_asset,in_app,Asset is now critical risk,255 assets are now at critical risk.,unread,,,,,,"{""link_url"": ""/admin/assets?health_band=critical"", ""priority"": ""high""}",2026-08-10 18:57:49.057125+00
d2e934b9-b57a-4616-8c17-a7d4b45a1d9d,40456dc0-a334-43ba-81eb-c43a7464787d,high_risk_asset,in_app,Asset is now critical risk,255 assets are now at critical risk.,unread,,,,,,"{""link_url"": ""/admin/assets?health_band=critical"", ""priority"": ""high""}",2026-08-10 18:57:49.057125+00
d1c2a5b7-4076-40b1-a162-fe3f4bfd4c9a,de5ac9e2-3f8b-4675-ae66-62a79bb5340c,high_risk_asset,in_app,Asset is now critical risk,255 assets are now at critical risk.,unread,,,,,,"{""link_url"": ""/admin/assets?health_band=critical"", ""priority"": ""high""}",2026-08-10 18:57:49.057125+00
f1eb35b5-ddef-4b92-b0bf-54ee24c2d015,890b088b-ef43-4e69-ad02-026b369a28b5,high_risk_asset,in_app,Asset is now critical risk,255 assets are now at critical risk.,unread,,,,,,"{""link_url"": ""/admin/assets?health_band=critical"", ""priority"": ""high""}",2026-08-10 18:57:49.057125+00
ac24560d-0bda-437a-a256-68371de9145e,1ee01826-f527-47b8-9e03-d1f37836438b,high_risk_asset,in_app,Asset is now critical risk,255 assets are now at critical risk.,unread,,,,,,"{""link_url"": ""/admin/assets?health_band=critical"", ""priority"": ""high""}",2026-08-10 18:57:49.057125+00
8cbfe5e2-a0e3-4ae1-bf02-3abc124824c6,d24973fa-606a-4901-80ad-90da2b82381d,high_risk_asset,in_app,Assets are now critical risk,"56 assets are now at critical risk: Komatsu FD25 001 (LLX-BDL-0001), Komatsu FD25 004 (LLX-BDL-0004), Komatsu FD25 011 (LLX-BDL-0011), Heli CPCD25 012 (LLX-BDL-0012), Heli CPCD25 020 (LLX-BDL-0020) and 51 more.",unread,,,,,,"{""link_url"": ""/admin/assets?health_band=critical"", ""priority"": ""high""}",2026-08-10 18:58:35.137835+00
2be23547-c6eb-4665-9c4c-22bf809c2996,f1476a1a-5d8e-4c9d-8772-bdb92488fb29,high_risk_asset,in_app,Assets are now critical risk,"56 assets are now at critical risk: Komatsu FD25 001 (LLX-BDL-0001), Komatsu FD25 004 (LLX-BDL-0004), Komatsu FD25 011 (LLX-BDL-0011), Heli CPCD25 012 (LLX-BDL-0012), Heli CPCD25 020 (LLX-BDL-0020) and 51 more.",unread,,,,,,"{""link_url"": ""/admin/assets?health_band=critical"", ""priority"": ""high""}",2026-08-10 18:58:35.137835+00
e52144d3-c950-49db-9523-dee72bc19f7a,7d29aca5-e5e4-466c-bd97-faa538283028,high_risk_asset,in_app,Assets are now critical risk,"56 assets are now at critical risk: Komatsu FD25 001 (LLX-BDL-0001), Komatsu FD25 004 (LLX-BDL-0004), Komatsu FD25 011 (LLX-BDL-0011), Heli CPCD25 012 (LLX-BDL-0012), Heli CPCD25 020 (LLX-BDL-0020) and 51 more.",unread,,,,,,"{""link_url"": ""/admin/assets?health_band=critical"", ""priority"": ""high""}",2026-08-10 18:58:35.137835+00
3f1ed2a8-9e92-4d5b-b66d-3ba6683de4c4,0d453850-3c09-409d-853f-a3e43dd5a39e,high_risk_asset,in_app,Assets are now critical risk,"56 assets are now at critical risk: Komatsu FD25 001 (LLX-BDL-0001), Komatsu FD25 004 (LLX-BDL-0004), Komatsu FD25 011 (LLX-BDL-0011), Heli CPCD25 012 (LLX-BDL-0012), Heli CPCD25 020 (LLX-BDL-0020) and 51 more.",unread,,,,,,"{""link_url"": ""/admin/assets?health_band=critical"", ""priority"": ""high""}",2026-08-10 18:58:35.137835+00
6c530991-ddb5-4fba-ae12-aebf9bd243e6,16876354-5851-462c-bcaa-9ff71f731985,high_risk_asset,in_app,Assets are now critical risk,"56 assets are now at critical risk: Komatsu FD25 001 (LLX-BDL-0001), Komatsu FD25 004 (LLX-BDL-0004), Komatsu FD25 011 (LLX-BDL-0011), Heli CPCD25 012 (LLX-BDL-0012), Heli CPCD25 020 (LLX-BDL-0020) and 51 more.",unread,,,,,,"{""link_url"": ""/admin/assets?health_band=critical"", ""priority"": ""high""}",2026-08-10 18:58:35.137835+00
63a1226a-4ed3-4a03-a6e1-57649fa7a9e1,1ca1591a-073e-4f99-adcd-0fb32f509e5a,high_risk_asset,in_app,Assets are now critical risk,"56 assets are now at critical risk: Komatsu FD25 001 (LLX-BDL-0001), Komatsu FD25 004 (LLX-BDL-0004), Komatsu FD25 011 (LLX-BDL-0011), Heli CPCD25 012 (LLX-BDL-0012), Heli CPCD25 020 (LLX-BDL-0020) and 51 more.",unread,,,,,,"{""link_url"": ""/admin/assets?health_band=critical"", ""priority"": ""high""}",2026-08-10 18:58:35.137835+00
b9a66aa0-aa3f-44cf-bad0-f627dd071433,c40a9897-7182-4676-8f9b-339ec86e3462,high_risk_asset,in_app,Assets are now critical risk,"56 assets are now at critical risk: Komatsu FD25 001 (LLX-BDL-0001), Komatsu FD25 004 (LLX-BDL-0004), Komatsu FD25 011 (LLX-BDL-0011), Heli CPCD25 012 (LLX-BDL-0012), Heli CPCD25 020 (LLX-BDL-0020) and 51 more.",unread,,,,,,"{""link_url"": ""/admin/assets?health_band=critical"", ""priority"": ""high""}",2026-08-10 18:58:35.137835+00
daaed60a-a506-4e54-b628-48ca78ef585c,14294bcc-4609-4078-82d0-3af8051a00ce,high_risk_asset,in_app,Assets are now critical risk,"56 assets are now at critical risk: Komatsu FD25 001 (LLX-BDL-0001), Komatsu FD25 004 (LLX-BDL-0004), Komatsu FD25 011 (LLX-BDL-0011), Heli CPCD25 012 (LLX-BDL-0012), Heli CPCD25 020 (LLX-BDL-0020) and 51 more.",unread,,,,,,"{""link_url"": ""/admin/assets?health_band=critical"", ""priority"": ""high""}",2026-08-10 18:58:35.137835+00
a9c46585-78b7-4e3a-a41f-515a38bc4f0d,613bf044-7d90-4530-bd18-c89645622a2f,high_risk_asset,in_app,Assets are now critical risk,"56 assets are now at critical risk: Komatsu FD25 001 (LLX-BDL-0001), Komatsu FD25 004 (LLX-BDL-0004), Komatsu FD25 011 (LLX-BDL-0011), Heli CPCD25 012 (LLX-BDL-0012), Heli CPCD25 020 (LLX-BDL-0020) and 51 more.",unread,,,,,,"{""link_url"": ""/admin/assets?health_band=critical"", ""priority"": ""high""}",2026-08-10 18:58:35.137835+00
43c43305-c6fc-43b6-b94b-7b9ad67d75ed,e0189208-a956-435f-8363-6875453f65a0,high_risk_asset,in_app,Assets are now critical risk,"56 assets are now at critical risk: Komatsu FD25 001 (LLX-BDL-0001), Komatsu FD25 004 (LLX-BDL-0004), Komatsu FD25 011 (LLX-BDL-0011), Heli CPCD25 012 (LLX-BDL-0012), Heli CPCD25 020 (LLX-BDL-0020) and 51 more.",unread,,,,,,"{""link_url"": ""/admin/assets?health_band=critical"", ""priority"": ""high""}",2026-08-10 18:58:35.137835+00
057ef004-8ba8-4c53-8b1b-f97ea3f53ea7,0b6270c0-b742-49b6-8bde-c2a263ef6fee,high_risk_asset,in_app,Assets are now critical risk,"56 assets are now at critical risk: Komatsu FD25 001 (LLX-BDL-0001), Komatsu FD25 004 (LLX-BDL-0004), Komatsu FD25 011 (LLX-BDL-0011), Heli CPCD25 012 (LLX-BDL-0012), Heli CPCD25 020 (LLX-BDL-0020) and 51 more.",unread,,,,,,"{""link_url"": ""/admin/assets?health_band=critical"", ""priority"": ""high""}",2026-08-10 18:58:35.137835+00
0c25a27e-d142-4fa8-b1c1-bc92d0bbae7c,03d3b791-23f8-4f63-9889-978ba2036c7d,high_risk_asset,in_app,Assets are now critical risk,"56 assets are now at critical risk: Komatsu FD25 001 (LLX-BDL-0001), Komatsu FD25 004 (LLX-BDL-0004), Komatsu FD25 011 (LLX-BDL-0011), Heli CPCD25 012 (LLX-BDL-0012), Heli CPCD25 020 (LLX-BDL-0020) and 51 more.",unread,,,,,,"{""link_url"": ""/admin/assets?health_band=critical"", ""priority"": ""high""}",2026-08-10 18:58:35.137835+00
4500954b-c747-4b6b-8198-2cadb5404f5a,64789929-0dfb-47c1-9510-d49889eb6d6e,high_risk_asset,in_app,Assets are now critical risk,"56 assets are now at critical risk: Komatsu FD25 001 (LLX-BDL-0001), Komatsu FD25 004 (LLX-BDL-0004), Komatsu FD25 011 (LLX-BDL-0011), Heli CPCD25 012 (LLX-BDL-0012), Heli CPCD25 020 (LLX-BDL-0020) and 51 more.",unread,,,,,,"{""link_url"": ""/admin/assets?health_band=critical"", ""priority"": ""high""}",2026-08-10 18:58:35.137835+00
999fb963-27ac-4402-9b4f-1a028a16ea00,d92e924b-8240-4753-be75-c9f655d6d725,high_risk_asset,in_app,Assets are now critical risk,"56 assets are now at critical risk: Komatsu FD25 001 (LLX-BDL-0001), Komatsu FD25 004 (LLX-BDL-0004), Komatsu FD25 011 (LLX-BDL-0011), Heli CPCD25 012 (LLX-BDL-0012), Heli CPCD25 020 (LLX-BDL-0020) and 51 more.",unread,,,,,,"{""link_url"": ""/admin/assets?health_band=critical"", ""priority"": ""high""}",2026-08-10 18:58:35.137835+00
88aba761-db67-4fa6-bddb-ba124cd3fc3d,23b91a79-185d-41b8-aed8-22bf2cb9f4af,high_risk_asset,in_app,Assets are now critical risk,"122 assets are now at critical risk: Heli CPCD25 005 (LLX-COL-0005), Komatsu FD25 007 (LLX-COL-0007), Heli CPCD25 013 (LLX-COL-0013), Heli CPCD25 014 (LLX-COL-0014), Komatsu FD25 016 (LLX-COL-0016) and 117 more.",unread,,,,,,"{""link_url"": ""/admin/assets?health_band=critical"", ""priority"": ""high""}",2026-08-10 18:58:37.174445+00
3d93a708-e3ab-4f5d-8a18-14345cf2c88b,dff1d306-f643-4c9e-abb3-5409e072abc4,high_risk_asset,in_app,Assets are now critical risk,"122 assets are now at critical risk: Heli CPCD25 005 (LLX-COL-0005), Komatsu FD25 007 (LLX-COL-0007), Heli CPCD25 013 (LLX-COL-0013), Heli CPCD25 014 (LLX-COL-0014), Komatsu FD25 016 (LLX-COL-0016) and 117 more.",unread,,,,,,"{""link_url"": ""/admin/assets?health_band=critical"", ""priority"": ""high""}",2026-08-10 18:58:37.174445+00
d6b811b8-5355-4be0-b089-fb0cffe0b36d,aedad933-6f7e-4d2e-b6df-191c9e459887,high_risk_asset,in_app,Assets are now critical risk,"122 assets are now at critical risk: Heli CPCD25 005 (LLX-COL-0005), Komatsu FD25 007 (LLX-COL-0007), Heli CPCD25 013 (LLX-COL-0013), Heli CPCD25 014 (LLX-COL-0014), Komatsu FD25 016 (LLX-COL-0016) and 117 more.",unread,,,,,,"{""link_url"": ""/admin/assets?health_band=critical"", ""priority"": ""high""}",2026-08-10 18:58:37.174445+00
4a7f5364-f1d6-4f1b-ae17-a95da42d8bb1,294b7244-8922-4faa-8a66-ecf7f2d31ede,high_risk_asset,in_app,Assets are now critical risk,"122 assets are now at critical risk: Heli CPCD25 005 (LLX-COL-0005), Komatsu FD25 007 (LLX-COL-0007), Heli CPCD25 013 (LLX-COL-0013), Heli CPCD25 014 (LLX-COL-0014), Komatsu FD25 016 (LLX-COL-0016) and 117 more.",unread,,,,,,"{""link_url"": ""/admin/assets?health_band=critical"", ""priority"": ""high""}",2026-08-10 18:58:37.174445+00
2d687c6f-5363-459b-ba62-c44213b31f27,8ab44335-30b9-42d8-a1c3-82e009ea7876,high_risk_asset,in_app,Assets are now critical risk,"122 assets are now at critical risk: Heli CPCD25 005 (LLX-COL-0005), Komatsu FD25 007 (LLX-COL-0007), Heli CPCD25 013 (LLX-COL-0013), Heli CPCD25 014 (LLX-COL-0014), Komatsu FD25 016 (LLX-COL-0016) and 117 more.",unread,,,,,,"{""link_url"": ""/admin/assets?health_band=critical"", ""priority"": ""high""}",2026-08-10 18:58:37.174445+00
e0795efe-d05c-4686-aa5d-7c7aa374bb11,e3203996-7192-4f35-b4d9-8d19dd61882f,high_risk_asset,in_app,Assets are now critical risk,"122 assets are now at critical risk: Heli CPCD25 005 (LLX-COL-0005), Komatsu FD25 007 (LLX-COL-0007), Heli CPCD25 013 (LLX-COL-0013), Heli CPCD25 014 (LLX-COL-0014), Komatsu FD25 016 (LLX-COL-0016) and 117 more.",unread,,,,,,"{""link_url"": ""/admin/assets?health_band=critical"", ""priority"": ""high""}",2026-08-10 18:58:37.174445+00
2322682b-64bf-455c-bcd2-0d10408db255,8ffcd728-c372-4540-9a04-7fa0c88e9347,high_risk_asset,in_app,Assets are now critical risk,"122 assets are now at critical risk: Heli CPCD25 005 (LLX-COL-0005), Komatsu FD25 007 (LLX-COL-0007), Heli CPCD25 013 (LLX-COL-0013), Heli CPCD25 014 (LLX-COL-0014), Komatsu FD25 016 (LLX-COL-0016) and 117 more.",unread,,,,,,"{""link_url"": ""/admin/assets?health_band=critical"", ""priority"": ""high""}",2026-08-10 18:58:37.174445+00
f9a4abe5-bc5c-4171-8a86-e68f950dcd69,5dba83b3-52f3-44e6-84c0-7cb40b7e1cf7,high_risk_asset,in_app,Assets are now critical risk,"122 assets are now at critical risk: Heli CPCD25 005 (LLX-COL-0005), Komatsu FD25 007 (LLX-COL-0007), Heli CPCD25 013 (LLX-COL-0013), Heli CPCD25 014 (LLX-COL-0014), Komatsu FD25 016 (LLX-COL-0016) and 117 more.",unread,,,,,,"{""link_url"": ""/admin/assets?health_band=critical"", ""priority"": ""high""}",2026-08-10 18:58:37.174445+00
5832b988-4b07-4f15-807a-fb8e28b4d291,2b0b58b5-c777-4903-8b21-ef25ce17a71a,high_risk_asset,in_app,Assets are now critical risk,"122 assets are now at critical risk: Heli CPCD25 005 (LLX-COL-0005), Komatsu FD25 007 (LLX-COL-0007), Heli CPCD25 013 (LLX-COL-0013), Heli CPCD25 014 (LLX-COL-0014), Komatsu FD25 016 (LLX-COL-0016) and 117 more.",unread,,,,,,"{""link_url"": ""/admin/assets?health_band=critical"", ""priority"": ""high""}",2026-08-10 18:58:37.174445+00
7b70b920-075c-4b69-b840-477e10871ab9,66b4f764-8e90-4915-9c0a-f21f27ae4f4d,high_risk_asset,in_app,Assets are now critical risk,"122 assets are now at critical risk: Heli CPCD25 005 (LLX-COL-0005), Komatsu FD25 007 (LLX-COL-0007), Heli CPCD25 013 (LLX-COL-0013), Heli CPCD25 014 (LLX-COL-0014), Komatsu FD25 016 (LLX-COL-0016) and 117 more.",unread,,,,,,"{""link_url"": ""/admin/assets?health_band=critical"", ""priority"": ""high""}",2026-08-10 18:58:37.174445+00
aa0d9b3b-f91b-4c46-819d-985fe3af0141,fc975356-d5cc-4bdc-ab35-2dc5c648c8f2,high_risk_asset,in_app,Assets are now critical risk,"122 assets are now at critical risk: Heli CPCD25 005 (LLX-COL-0005), Komatsu FD25 007 (LLX-COL-0007), Heli CPCD25 013 (LLX-COL-0013), Heli CPCD25 014 (LLX-COL-0014), Komatsu FD25 016 (LLX-COL-0016) and 117 more.",unread,,,,,,"{""link_url"": ""/admin/assets?health_band=critical"", ""priority"": ""high""}",2026-08-10 18:58:37.174445+00
ac988fcc-193b-4fcd-86f2-f718b2b2ec23,e0189208-a956-435f-8363-6875453f65a0,high_risk_asset,in_app,Assets are now critical risk,"122 assets are now at critical risk: Heli CPCD25 005 (LLX-COL-0005), Komatsu FD25 007 (LLX-COL-0007), Heli CPCD25 013 (LLX-COL-0013), Heli CPCD25 014 (LLX-COL-0014), Komatsu FD25 016 (LLX-COL-0016) and 117 more.",unread,,,,,,"{""link_url"": ""/admin/assets?health_band=critical"", ""priority"": ""high""}",2026-08-10 18:58:37.174445+00
06c88fda-15c0-4e0d-9620-953c5d36bcf3,0b6270c0-b742-49b6-8bde-c2a263ef6fee,high_risk_asset,in_app,Assets are now critical risk,"122 assets are now at critical risk: Heli CPCD25 005 (LLX-COL-0005), Komatsu FD25 007 (LLX-COL-0007), Heli CPCD25 013 (LLX-COL-0013), Heli CPCD25 014 (LLX-COL-0014), Komatsu FD25 016 (LLX-COL-0016) and 117 more.",unread,,,,,,"{""link_url"": ""/admin/assets?health_band=critical"", ""priority"": ""high""}",2026-08-10 18:58:37.174445+00
326adf33-cb4f-469d-916f-cda25d8ec2d5,03d3b791-23f8-4f63-9889-978ba2036c7d,high_risk_asset,in_app,Assets are now critical risk,"122 assets are now at critical risk: Heli CPCD25 005 (LLX-COL-0005), Komatsu FD25 007 (LLX-COL-0007), Heli CPCD25 013 (LLX-COL-0013), Heli CPCD25 014 (LLX-COL-0014), Komatsu FD25 016 (LLX-COL-0016) and 117 more.",unread,,,,,,"{""link_url"": ""/admin/assets?health_band=critical"", ""priority"": ""high""}",2026-08-10 18:58:37.174445+00
9525a4a7-14b3-4f82-afc6-a0d964147993,64789929-0dfb-47c1-9510-d49889eb6d6e,high_risk_asset,in_app,Assets are now critical risk,"122 assets are now at critical risk: Heli CPCD25 005 (LLX-COL-0005), Komatsu FD25 007 (LLX-COL-0007), Heli CPCD25 013 (LLX-COL-0013), Heli CPCD25 014 (LLX-COL-0014), Komatsu FD25 016 (LLX-COL-0016) and 117 more.",unread,,,,,,"{""link_url"": ""/admin/assets?health_band=critical"", ""priority"": ""high""}",2026-08-10 18:58:37.174445+00
480e09db-0b0a-4c51-9cd4-9cb3cb07323b,d92e924b-8240-4753-be75-c9f655d6d725,high_risk_asset,in_app,Assets are now critical risk,"122 assets are now at critical risk: Heli CPCD25 005 (LLX-COL-0005), Komatsu FD25 007 (LLX-COL-0007), Heli CPCD25 013 (LLX-COL-0013), Heli CPCD25 014 (LLX-COL-0014), Komatsu FD25 016 (LLX-COL-0016) and 117 more.",unread,,,,,,"{""link_url"": ""/admin/assets?health_band=critical"", ""priority"": ""high""}",2026-08-10 18:58:37.174445+00
4b77e046-c5e6-490e-8e81-debecd550c8e,734bbe6b-9744-44d0-a11b-7a0e0df4922e,high_risk_asset,in_app,Assets are now critical risk,"77 assets are now at critical risk: Komatsu FD25 006 (LLX-GLE-0006), Komatsu FD25 007 (LLX-GLE-0007), Heli CPCD25 008 (LLX-GLE-0008), Komatsu FD25 010 (LLX-GLE-0010), Komatsu FD25 015 (LLX-GLE-0015) and 72 more.",unread,,,,,,"{""link_url"": ""/admin/assets?health_band=critical"", ""priority"": ""high""}",2026-08-10 18:58:39.022215+00
4570b064-06df-4ba7-867e-62abe98b1f1e,829c13bd-2a5c-42b7-8b1c-8a8a8b415ceb,high_risk_asset,in_app,Assets are now critical risk,"77 assets are now at critical risk: Komatsu FD25 006 (LLX-GLE-0006), Komatsu FD25 007 (LLX-GLE-0007), Heli CPCD25 008 (LLX-GLE-0008), Komatsu FD25 010 (LLX-GLE-0010), Komatsu FD25 015 (LLX-GLE-0015) and 72 more.",unread,,,,,,"{""link_url"": ""/admin/assets?health_band=critical"", ""priority"": ""high""}",2026-08-10 18:58:39.022215+00
6b42fae1-e515-4bff-8c0d-034386d5a831,0f2dd1d9-6b12-4073-ab85-bea406d1d514,high_risk_asset,in_app,Assets are now critical risk,"77 assets are now at critical risk: Komatsu FD25 006 (LLX-GLE-0006), Komatsu FD25 007 (LLX-GLE-0007), Heli CPCD25 008 (LLX-GLE-0008), Komatsu FD25 010 (LLX-GLE-0010), Komatsu FD25 015 (LLX-GLE-0015) and 72 more.",unread,,,,,,"{""link_url"": ""/admin/assets?health_band=critical"", ""priority"": ""high""}",2026-08-10 18:58:39.022215+00
ea56ab49-789c-4c38-b7dc-71b6f0852b3c,ae54eb0a-cd4b-4c62-86b2-8ed1974fbcec,high_risk_asset,in_app,Assets are now critical risk,"77 assets are now at critical risk: Komatsu FD25 006 (LLX-GLE-0006), Komatsu FD25 007 (LLX-GLE-0007), Heli CPCD25 008 (LLX-GLE-0008), Komatsu FD25 010 (LLX-GLE-0010), Komatsu FD25 015 (LLX-GLE-0015) and 72 more.",unread,,,,,,"{""link_url"": ""/admin/assets?health_band=critical"", ""priority"": ""high""}",2026-08-10 18:58:39.022215+00
bf438ff0-7f54-44e7-ba6a-3770f74e8a44,608d7306-f79c-4916-9b39-69a1abea72d9,high_risk_asset,in_app,Assets are now critical risk,"77 assets are now at critical risk: Komatsu FD25 006 (LLX-GLE-0006), Komatsu FD25 007 (LLX-GLE-0007), Heli CPCD25 008 (LLX-GLE-0008), Komatsu FD25 010 (LLX-GLE-0010), Komatsu FD25 015 (LLX-GLE-0015) and 72 more.",unread,,,,,,"{""link_url"": ""/admin/assets?health_band=critical"", ""priority"": ""high""}",2026-08-10 18:58:39.022215+00
a3aa0467-3bdc-48d2-b7b7-c2d00bbf976c,11ccb7fb-51b9-40e8-bdd2-b07207b8e0a7,high_risk_asset,in_app,Assets are now critical risk,"77 assets are now at critical risk: Komatsu FD25 006 (LLX-GLE-0006), Komatsu FD25 007 (LLX-GLE-0007), Heli CPCD25 008 (LLX-GLE-0008), Komatsu FD25 010 (LLX-GLE-0010), Komatsu FD25 015 (LLX-GLE-0015) and 72 more.",unread,,,,,,"{""link_url"": ""/admin/assets?health_band=critical"", ""priority"": ""high""}",2026-08-10 18:58:39.022215+00
522a86e3-ff1f-46de-ad86-b10d9d93bfdf,1b1a566a-ece0-4130-b5f5-76634ad534c0,high_risk_asset,in_app,Assets are now critical risk,"77 assets are now at critical risk: Komatsu FD25 006 (LLX-GLE-0006), Komatsu FD25 007 (LLX-GLE-0007), Heli CPCD25 008 (LLX-GLE-0008), Komatsu FD25 010 (LLX-GLE-0010), Komatsu FD25 015 (LLX-GLE-0015) and 72 more.",unread,,,,,,"{""link_url"": ""/admin/assets?health_band=critical"", ""priority"": ""high""}",2026-08-10 18:58:39.022215+00
57c39f5b-00bb-471d-81de-7c08732cca84,bb91bbb5-1ab1-442b-b910-28093fe53eb9,high_risk_asset,in_app,Assets are now critical risk,"77 assets are now at critical risk: Komatsu FD25 006 (LLX-GLE-0006), Komatsu FD25 007 (LLX-GLE-0007), Heli CPCD25 008 (LLX-GLE-0008), Komatsu FD25 010 (LLX-GLE-0010), Komatsu FD25 015 (LLX-GLE-0015) and 72 more.",unread,,,,,,"{""link_url"": ""/admin/assets?health_band=critical"", ""priority"": ""high""}",2026-08-10 18:58:39.022215+00
906aecd3-4c85-488d-9f43-2615d5c211aa,56bc5b4f-b018-4995-89a3-6825709e4754,high_risk_asset,in_app,Assets are now critical risk,"77 assets are now at critical risk: Komatsu FD25 006 (LLX-GLE-0006), Komatsu FD25 007 (LLX-GLE-0007), Heli CPCD25 008 (LLX-GLE-0008), Komatsu FD25 010 (LLX-GLE-0010), Komatsu FD25 015 (LLX-GLE-0015) and 72 more.",unread,,,,,,"{""link_url"": ""/admin/assets?health_band=critical"", ""priority"": ""high""}",2026-08-10 18:58:39.022215+00
74ea6d2c-8b07-489d-bdd1-a150a3de4707,bcdfa155-6afd-44b6-9cfe-85d596dfb687,high_risk_asset,in_app,Assets are now critical risk,"77 assets are now at critical risk: Komatsu FD25 006 (LLX-GLE-0006), Komatsu FD25 007 (LLX-GLE-0007), Heli CPCD25 008 (LLX-GLE-0008), Komatsu FD25 010 (LLX-GLE-0010), Komatsu FD25 015 (LLX-GLE-0015) and 72 more.",unread,,,,,,"{""link_url"": ""/admin/assets?health_band=critical"", ""priority"": ""high""}",2026-08-10 18:58:39.022215+00
5af9ce98-b027-4967-9eac-b77453469ca8,e0189208-a956-435f-8363-6875453f65a0,high_risk_asset,in_app,Assets are now critical risk,"77 assets are now at critical risk: Komatsu FD25 006 (LLX-GLE-0006), Komatsu FD25 007 (LLX-GLE-0007), Heli CPCD25 008 (LLX-GLE-0008), Komatsu FD25 010 (LLX-GLE-0010), Komatsu FD25 015 (LLX-GLE-0015) and 72 more.",unread,,,,,,"{""link_url"": ""/admin/assets?health_band=critical"", ""priority"": ""high""}",2026-08-10 18:58:39.022215+00
cc780e11-bcbb-4dd5-8aa8-bee0ec70cb19,0b6270c0-b742-49b6-8bde-c2a263ef6fee,high_risk_asset,in_app,Assets are now critical risk,"77 assets are now at critical risk: Komatsu FD25 006 (LLX-GLE-0006), Komatsu FD25 007 (LLX-GLE-0007), Heli CPCD25 008 (LLX-GLE-0008), Komatsu FD25 010 (LLX-GLE-0010), Komatsu FD25 015 (LLX-GLE-0015) and 72 more.",unread,,,,,,"{""link_url"": ""/admin/assets?health_band=critical"", ""priority"": ""high""}",2026-08-10 18:58:39.022215+00
376cb0c1-0374-4a06-b8d7-6db7d58b5d45,03d3b791-23f8-4f63-9889-978ba2036c7d,high_risk_asset,in_app,Assets are now critical risk,"77 assets are now at critical risk: Komatsu FD25 006 (LLX-GLE-0006), Komatsu FD25 007 (LLX-GLE-0007), Heli CPCD25 008 (LLX-GLE-0008), Komatsu FD25 010 (LLX-GLE-0010), Komatsu FD25 015 (LLX-GLE-0015) and 72 more.",unread,,,,,,"{""link_url"": ""/admin/assets?health_band=critical"", ""priority"": ""high""}",2026-08-10 18:58:39.022215+00
4c2e6e81-1648-4b27-b9fe-b3102b14214d,64789929-0dfb-47c1-9510-d49889eb6d6e,high_risk_asset,in_app,Assets are now critical risk,"77 assets are now at critical risk: Komatsu FD25 006 (LLX-GLE-0006), Komatsu FD25 007 (LLX-GLE-0007), Heli CPCD25 008 (LLX-GLE-0008), Komatsu FD25 010 (LLX-GLE-0010), Komatsu FD25 015 (LLX-GLE-0015) and 72 more.",unread,,,,,,"{""link_url"": ""/admin/assets?health_band=critical"", ""priority"": ""high""}",2026-08-10 18:58:39.022215+00
dd4d1269-5224-489f-8526-4314b1b9ba26,d92e924b-8240-4753-be75-c9f655d6d725,high_risk_asset,in_app,Assets are now critical risk,"77 assets are now at critical risk: Komatsu FD25 006 (LLX-GLE-0006), Komatsu FD25 007 (LLX-GLE-0007), Heli CPCD25 008 (LLX-GLE-0008), Komatsu FD25 010 (LLX-GLE-0010), Komatsu FD25 015 (LLX-GLE-0015) and 72 more.",unread,,,,,,"{""link_url"": ""/admin/assets?health_band=critical"", ""priority"": ""high""}",2026-08-10 18:58:39.022215+00
