id,asset_id,failure_probability,predicted_days_until_maintenance,predicted_maintenance_date,health_score,tier,model_version,predicted_at
fa32e6d2-0575-4f13-8a68-d4f561ecb08a,ab12938d-12d9-4a3d-8d45-29fe4094418c,0.9997,16,2026-08-27,0.0000,urgent,"classifier=7.0.0-v11,regressor=7.0.0-v11",2026-08-10 18:57:43.833232+00
db35a0b7-9875-4e77-9259-c567dc44a22f,7f116290-a1a9-4c98-bb9e-6a4fa60e0665,0.0214,82,2026-11-01,77.3300,watch,"classifier=7.0.0-v11,regressor=7.0.0-v11",2026-08-10 18:57:43.833232+00
830f4119-3fa1-49b4-aec4-235a7e403bff,041fd171-8aea-4a2d-8d86-e453e2158e96,0.0083,80,2026-10-30,59.3100,watch,"classifier=7.0.0-v11,regressor=7.0.0-v11",2026-08-10 18:57:43.833232+00
3da63e61-0f41-42a1-a38d-25cdd2f863fd,ddc8d5ee-e0d1-4d72-b695-aa0e09c68e65,0.5465,30,2026-09-10,25.2300,urgent,"classifier=7.0.0-v11,regressor=7.0.0-v11",2026-08-10 18:57:43.833232+00
609411e1-606a-4a9b-90db-64854375dcc3,40182a24-bdd5-4396-ab3b-8a9a6dc5ab27,0.0550,179,2027-02-06,46.8600,watch,"classifier=7.0.0-v11,regressor=7.0.0-v11",2026-08-10 18:57:43.833232+00
e25da9ff-a9d9-4297-99a9-66e338e4aaf6,465d2b3b-3577-4777-89df-9f8baab947e9,0.1983,73,2026-10-23,50.3800,watch,"classifier=7.0.0-v11,regressor=7.0.0-v11",2026-08-10 18:57:43.833232+00
324bb831-c1b0-43ee-91c2-1e7fe9887850,714605b1-97e2-4fb6-be95-e765f3105a54,0.0070,120,2026-12-09,70.1900,watch,"classifier=7.0.0-v11,regressor=7.0.0-v11",2026-08-10 18:57:43.833232+00
5edeed06-7f1d-4fc9-b5c5-ec17e1b0f4ae,f1298b4c-8f7a-4a1f-845e-2d3644c13d3a,0.0885,114,2026-12-03,50.6600,watch,"classifier=7.0.0-v11,regressor=7.0.0-v11",2026-08-10 18:57:43.833232+00
eb441692-1061-4447-a2cd-6cd44e731e0c,f543eae6-3331-46c6-a09a-614bf6b75ac7,0.0142,146,2027-01-04,53.9200,watch,"classifier=7.0.0-v11,regressor=7.0.0-v11",2026-08-10 18:57:43.833232+00
4906727a-534d-4607-bb99-4235b2862a56,c11a7fd2-371a-412e-a0e2-ef0b7d0f7e54,0.0434,68,2026-10-18,53.1800,watch,"classifier=7.0.0-v11,regressor=7.0.0-v11",2026-08-10 18:57:43.833232+00
f6370219-1547-4da2-9422-c802009509ce,423d18f7-bde6-42ff-b52b-76c734ce3a1f,0.8738,48,2026-09-28,18.4800,urgent,"classifier=7.0.0-v11,regressor=7.0.0-v11",2026-08-10 18:57:43.833232+00
6003da24-9825-4a51-84d1-5616a28e7f9f,08d66493-5baf-4312-aede-61394703fa1f,0.9779,14,2026-08-25,0.0000,urgent,"classifier=7.0.0-v11,regressor=7.0.0-v11",2026-08-10 18:57:43.833232+00
b98f17ba-f512-4a0d-b23d-473eb14377df,7a494117-1034-4bee-a369-a747f18fe98b,0.0637,65,2026-10-15,52.0700,watch,"classifier=7.0.0-v11,regressor=7.0.0-v11",2026-08-10 18:57:43.833232+00
43e589e5-7f76-4159-a3d1-40c3bbe3c305,79e53003-8694-4da7-8473-d8894ceaaeb0,0.3850,52,2026-10-02,37.0800,watch,"classifier=7.0.0-v11,regressor=7.0.0-v11",2026-08-10 18:57:43.833232+00
a92bad40-daf2-4c44-87d1-c0a9d4cf8ea5,957b15ed-b45d-48e8-bc2d-27c63542e40b,0.3453,51,2026-10-01,42.6500,watch,"classifier=7.0.0-v11,regressor=7.0.0-v11",2026-08-10 18:57:43.833232+00
1f11fadf-88bd-493c-bdff-d7bd6696532a,b9f24a31-d4b1-4ba6-ba6b-92390851ae4b,0.3117,63,2026-10-13,57.6700,watch,"classifier=7.0.0-v11,regressor=7.0.0-v11",2026-08-10 18:57:43.833232+00
773d5af5-db2f-494b-a989-2ba1ff46d482,30eab8df-2fcc-4ff0-a456-0e69737f3ece,0.1989,68,2026-10-18,40.7800,watch,"classifier=7.0.0-v11,regressor=7.0.0-v11",2026-08-10 18:57:43.833232+00
0b73eed2-224b-41de-889b-2570fd9929f2,1eb5b532-94a1-4af9-a190-f2415998f294,0.0187,55,2026-10-05,38.7500,conflict,"classifier=7.0.0-v11,regressor=7.0.0-v11",2026-08-10 18:57:43.833232+00
7c7a5bd2-3d35-4802-9ea2-cde9a39a2b27,742d62c3-4509-47fd-84db-012b84af9b1e,0.0142,84,2026-11-03,47.1200,watch,"classifier=7.0.0-v11,regressor=7.0.0-v11",2026-08-10 18:57:43.833232+00
0c5ad3b9-291c-44a5-b85f-972f8a362c72,1be232f3-1d0f-4685-9591-9b2c6f4bdb49,0.9971,14,2026-08-25,12.8200,urgent,"classifier=7.0.0-v11,regressor=7.0.0-v11",2026-08-10 18:57:43.833232+00
e7ea7c80-f5be-44cc-9c19-0e1c0d01dc5c,0749bad0-36fa-4fd9-b1a2-c859c2afe6e3,0.8165,33,2026-09-13,0.1600,urgent,"classifier=7.0.0-v11,regressor=7.0.0-v11",2026-08-10 18:57:43.833232+00
99423873-fc34-4670-875b-7892e1a763d4,e198369d-bb80-46c2-975b-5c2cb283acce,0.9999,8,2026-08-19,0.0000,urgent,"classifier=7.0.0-v11,regressor=7.0.0-v11",2026-08-10 18:57:43.833232+00
524662e2-f93a-473b-a96b-dec984a159f6,feca9f1c-bc8e-42c0-b335-69e19fb3dc62,0.4743,92,2026-11-11,47.3000,watch,"classifier=7.0.0-v11,regressor=7.0.0-v11",2026-08-10 18:57:43.833232+00
0bf9ae1f-e0a9-45d8-9f16-e27d58de7404,5b3dc10c-f0bd-494b-88df-f42107ed3c75,0.0103,92,2026-11-11,58.6600,watch,"classifier=7.0.0-v11,regressor=7.0.0-v11",2026-08-10 18:57:43.833232+00
3c8fd0d0-de5e-49f2-8285-4f175300165d,0a1587dc-a6f1-4d6e-a81e-2c4eb295feac,0.5890,38,2026-09-18,23.9300,urgent,"classifier=7.0.0-v11,regressor=7.0.0-v11",2026-08-10 18:57:43.833232+00
77755d69-bcb3-4f2d-87fb-92a1708ea947,1f9f534a-b943-4095-86a0-6dc2e82b96aa,0.0577,117,2026-12-06,49.4800,watch,"classifier=7.0.0-v11,regressor=7.0.0-v11",2026-08-10 18:57:43.833232+00
ed14f040-133f-4de8-a443-aaade0bde0a1,a3296ec2-e116-4af7-8caf-5690f4d95fab,0.9728,20,2026-08-31,1.2900,urgent,"classifier=7.0.0-v11,regressor=7.0.0-v11",2026-08-10 18:57:43.833232+00
e215d8bd-b167-49a3-a178-c528b0ab1aca,4ff7c78f-2998-49ca-8b49-ca0222b735fd,1.0000,7,2026-08-18,0.0000,urgent,"classifier=7.0.0-v11,regressor=7.0.0-v11",2026-08-10 18:57:43.833232+00
def60371-419d-41a4-b801-c5c12965619b,0edeaa60-51c5-4fd2-85e8-86220e51d259,0.0179,92,2026-11-11,59.4300,watch,"classifier=7.0.0-v11,regressor=7.0.0-v11",2026-08-10 18:57:43.833232+00
e39108d9-f654-44ea-85ba-6eea5c6fb089,3c82a462-9434-4939-9d5c-e45a2d7c1b9a,0.9967,21,2026-09-01,8.9200,urgent,"classifier=7.0.0-v11,regressor=7.0.0-v11",2026-08-10 18:57:43.833232+00
ccd362b8-b294-4b06-ab52-3365b8996a1d,4920f368-79ca-4c83-8beb-02d26df7dc25,0.0115,88,2026-11-07,51.1800,watch,"classifier=7.0.0-v11,regressor=7.0.0-v11",2026-08-10 18:57:43.833232+00
5ea472ad-a7d7-4a3b-834a-b7d84f766667,1e6a9b8c-e536-4217-ad50-94e4135c6cac,0.0087,123,2026-12-12,59.3600,watch,"classifier=7.0.0-v11,regressor=7.0.0-v11",2026-08-10 18:57:43.833232+00
7059186a-74de-4a69-b4c3-2fee817b13e9,b3ff9342-ba51-42d8-9c4e-3ecb921f465d,0.0147,147,2027-01-05,66.2900,watch,"classifier=7.0.0-v11,regressor=7.0.0-v11",2026-08-10 18:57:43.833232+00
9513208e-f51b-40a8-93ea-9186cfe5fdd7,db341d47-1203-4851-8093-7ebdda0f90a4,0.0080,182,2027-02-09,70.7200,watch,"classifier=7.0.0-v11,regressor=7.0.0-v11",2026-08-10 18:57:43.833232+00
8a6f8762-487b-40b9-b455-c2c277308f34,db052900-fb26-48c4-8338-0a127b355bae,0.0291,124,2026-12-13,47.7800,watch,"classifier=7.0.0-v11,regressor=7.0.0-v11",2026-08-10 18:57:43.833232+00
035186a9-0b6b-416a-bfcf-339a109e1123,37889c6a-4054-4a22-bede-6fa59dad886e,0.4413,74,2026-10-24,31.3300,watch,"classifier=7.0.0-v11,regressor=7.0.0-v11",2026-08-10 18:57:43.833232+00
1d227e03-614b-4fd0-88dd-1b1d294d0bfc,79f54679-2267-4f6f-bbba-8e3a5a524f75,0.0712,41,2026-09-21,37.8500,conflict,"classifier=7.0.0-v11,regressor=7.0.0-v11",2026-08-10 18:57:43.833232+00
3119e7ff-711b-4cee-b123-4cced38320a3,59413e92-d45b-4464-a339-cb9dd79bb83e,0.8799,25,2026-09-05,0.0000,urgent,"classifier=7.0.0-v11,regressor=7.0.0-v11",2026-08-10 18:57:43.833232+00
339a2744-3559-4961-a1d9-89e82002e1d0,b67afa56-7fdb-4eee-9890-ec95a9d88ebe,0.0517,65,2026-10-15,41.5500,watch,"classifier=7.0.0-v11,regressor=7.0.0-v11",2026-08-10 18:57:43.833232+00
ebef5c28-ac0e-4748-9908-2d680809aaba,adf29952-220b-41c2-a38a-a1d0c3e220c4,0.0090,167,2027-01-25,77.6200,watch,"classifier=7.0.0-v11,regressor=7.0.0-v11",2026-08-10 18:57:43.833232+00
b625f3d7-74a7-4b74-a090-156dbd9e5836,29ba84c9-2dd9-4ad7-9b0d-98916c0764ea,0.7608,32,2026-09-12,11.9300,urgent,"classifier=7.0.0-v11,regressor=7.0.0-v11",2026-08-10 18:57:43.833232+00
d5f2be4f-8966-4b53-8d3e-7307ca96b603,9f58c7ee-aeca-430e-9c51-0bc6ffb6d11a,0.0165,86,2026-11-05,31.5200,conflict,"classifier=7.0.0-v11,regressor=7.0.0-v11",2026-08-10 18:57:43.833232+00
4e475629-b9f8-4647-b674-87ddf5436fb5,2413d759-bcb8-4229-800a-8d84630258f5,0.1280,49,2026-09-29,37.1000,conflict,"classifier=7.0.0-v11,regressor=7.0.0-v11",2026-08-10 18:57:43.833232+00
9a7c81e1-e2a1-45a7-b0bb-9d6b13c5c213,28eb8783-c6d7-43b1-8c8a-593f0f620e7b,0.4524,34,2026-09-14,22.8300,watch,"classifier=7.0.0-v11,regressor=7.0.0-v11",2026-08-10 18:57:43.833232+00
f281de00-5fae-43b5-8188-fe3a9dd92d9c,9184c6da-d567-44c7-a214-fce4a88cc300,0.9232,31,2026-09-11,4.4300,urgent,"classifier=7.0.0-v11,regressor=7.0.0-v11",2026-08-10 18:57:43.833232+00
a3c64e24-9278-4d79-bca8-183d5728cd94,54b6e4f5-5627-4bcb-859b-c4c79e28faee,0.2719,111,2026-11-30,47.6400,watch,"classifier=7.0.0-v11,regressor=7.0.0-v11",2026-08-10 18:57:43.833232+00
e880950f-8eee-4d33-88b8-086142acbf60,ee243b8c-4f81-4711-87d1-36e66ccb547a,0.7811,26,2026-09-06,25.4000,urgent,"classifier=7.0.0-v11,regressor=7.0.0-v11",2026-08-10 18:57:43.833232+00
3aa4e364-debe-4f66-866b-a22e1e9ccf47,c144c20e-bee6-478a-aba4-4c2b31494e41,0.0594,46,2026-09-26,56.4200,watch,"classifier=7.0.0-v11,regressor=7.0.0-v11",2026-08-10 18:57:43.833232+00
75e153b6-6b3c-4d7d-bd12-6acd444dbbb5,2dcbb35e-d178-4312-8f43-f1f928657363,0.0072,95,2026-11-14,46.8700,watch,"classifier=7.0.0-v11,regressor=7.0.0-v11",2026-08-10 18:57:43.833232+00
8f49b496-481c-46d3-b722-e2c451fbe725,ebf7f967-d646-4a31-97bf-1d16141d2bf5,0.9996,10,2026-08-21,0.0000,urgent,"classifier=7.0.0-v11,regressor=7.0.0-v11",2026-08-10 18:57:43.833232+00
07eafbc6-c364-4310-9109-201bfc1dfd53,2e33fc8e-d86d-4678-aa3a-cfd69e33156e,0.9237,25,2026-09-05,0.0000,urgent,"classifier=7.0.0-v11,regressor=7.0.0-v11",2026-08-10 18:57:43.833232+00
e8e87e9f-aeba-4cd1-a686-4239e66f62ce,ac6045ee-ac09-4f6f-af92-bd1ee24f5122,0.0066,65,2026-10-15,48.1300,watch,"classifier=7.0.0-v11,regressor=7.0.0-v11",2026-08-10 18:57:43.833232+00
0cea613e-1bf3-4630-98bc-f4339ab9fc11,68ff9eab-6d0e-4b6d-b092-a871fb92cd8d,0.0179,55,2026-10-05,45.1700,watch,"classifier=7.0.0-v11,regressor=7.0.0-v11",2026-08-10 18:57:43.833232+00
5e88ed91-3a05-4806-8bdb-df5cc83d8bae,0a29799e-49ce-40cd-a06a-6b40046639bd,0.9932,11,2026-08-22,0.0000,urgent,"classifier=7.0.0-v11,regressor=7.0.0-v11",2026-08-10 18:57:43.833232+00
a8fa02b0-6fd6-4ba1-ad8f-6c7c40394310,a6b67d50-a73c-417d-8e69-6175dfc96ddd,0.0284,61,2026-10-11,47.6500,watch,"classifier=7.0.0-v11,regressor=7.0.0-v11",2026-08-10 18:57:43.833232+00
99fcb35a-8264-4d51-9de5-0e87dff6bf61,b33c6486-fca8-4171-af48-878664dc6b49,0.0151,106,2026-11-25,46.1900,watch,"classifier=7.0.0-v11,regressor=7.0.0-v11",2026-08-10 18:57:43.833232+00
5574d5d0-ba39-4fe0-a385-e8e6be9ef481,77d7fcdb-ec94-4eaa-9867-cbd0568cfbdd,0.0061,95,2026-11-14,39.9100,conflict,"classifier=7.0.0-v11,regressor=7.0.0-v11",2026-08-10 18:57:43.833232+00
d5a5b5d5-a675-4226-886d-b708b9969525,a2edfb9f-9192-4469-a64a-9cda91320327,0.3089,79,2026-10-29,40.9700,watch,"classifier=7.0.0-v11,regressor=7.0.0-v11",2026-08-10 18:57:43.833232+00
9db2e695-1da3-4226-b351-6a98d91491bd,27086e52-ab7f-4bc4-87bf-935746166477,0.9999,14,2026-08-25,4.8600,urgent,"classifier=7.0.0-v11,regressor=7.0.0-v11",2026-08-10 18:57:43.833232+00
199267d8-17a6-46f7-8ae8-90527d3d171b,881c1fca-c75c-4a6d-81d6-159a81147ba1,0.0055,126,2026-12-15,60.9900,watch,"classifier=7.0.0-v11,regressor=7.0.0-v11",2026-08-10 18:57:43.833232+00
f73524b3-8311-4e19-b473-49b9843243e4,5f909ef7-6a66-4a4f-9e28-47784753e49c,0.0056,136,2026-12-25,50.9000,watch,"classifier=7.0.0-v11,regressor=7.0.0-v11",2026-08-10 18:57:43.833232+00
d8c463fa-ab4d-4ce1-9629-f58b48d379e1,6ab46010-08c4-44c3-837f-0b4b4165af78,0.0244,105,2026-11-24,53.7100,watch,"classifier=7.0.0-v11,regressor=7.0.0-v11",2026-08-10 18:57:43.833232+00
64915892-9c34-4100-942e-ad8da4393e5d,e7d1dd9a-ff91-4a6f-b886-5a3e607c22dd,0.0187,131,2026-12-20,53.8500,watch,"classifier=7.0.0-v11,regressor=7.0.0-v11",2026-08-10 18:57:43.833232+00
64540825-b7c9-41aa-9394-41af5af7a464,fc46395a-a9fa-481d-8e7d-bd7d553a5c50,0.0188,157,2027-01-15,57.6800,watch,"classifier=7.0.0-v11,regressor=7.0.0-v11",2026-08-10 18:57:43.833232+00
8cb90dae-8684-493e-8fe9-171882da3eaa,40f5c17c-5e9d-4d16-b673-8df0af4d81e5,0.6775,43,2026-09-23,9.5700,urgent,"classifier=7.0.0-v11,regressor=7.0.0-v11",2026-08-10 18:57:43.833232+00
bc5f1195-6cd4-4a68-a09a-d42b6d6183bb,4f4c7e4e-b74a-42e7-a10d-91a7bdd9d263,0.3326,54,2026-10-04,26.1200,watch,"classifier=7.0.0-v11,regressor=7.0.0-v11",2026-08-10 18:57:43.833232+00
b77cd975-170e-4443-a616-06eaf45af161,c64cadd6-2ac0-4162-ac8c-73c2cbfd67ef,0.9677,21,2026-09-01,0.0000,urgent,"classifier=7.0.0-v11,regressor=7.0.0-v11",2026-08-10 18:57:43.833232+00
7de29c95-5278-4155-8c2f-3fe11e800fbb,5a5a43d1-f440-44eb-b945-e045720110c5,0.0162,113,2026-12-02,38.6900,conflict,"classifier=7.0.0-v11,regressor=7.0.0-v11",2026-08-10 18:57:43.833232+00
224147a2-13b5-4f56-b2ea-cb3837aace94,8809eccd-d11a-4f14-95c3-5444ab6c5b5e,0.9996,1,2026-08-12,4.6100,urgent,"classifier=7.0.0-v11,regressor=7.0.0-v11",2026-08-10 18:57:43.833232+00
f7c5d410-c632-4594-830c-2a511cc03562,b544ce10-d9f9-42d3-93c9-49619b7f4f81,0.0386,85,2026-11-04,48.8500,watch,"classifier=7.0.0-v11,regressor=7.0.0-v11",2026-08-10 18:57:43.833232+00
42d526c7-eb07-429f-ba89-40a9e583bcec,0d00d77f-8e2d-4c30-ba47-7226bfc25f2d,0.1504,44,2026-09-24,40.9600,watch,"classifier=7.0.0-v11,regressor=7.0.0-v11",2026-08-10 18:57:43.833232+00
be7de024-cd24-4d87-a710-b438a90f7ef4,41df4807-2b1e-4436-b7d3-2d734807a49c,0.0603,81,2026-10-31,37.0700,conflict,"classifier=7.0.0-v11,regressor=7.0.0-v11",2026-08-10 18:57:43.833232+00
302c1ab4-3688-455c-ba72-9d6778a84e1e,a22c1c4f-776f-4fd9-98f1-68140c8a4d48,0.3843,33,2026-09-13,6.8300,watch,"classifier=7.0.0-v11,regressor=7.0.0-v11",2026-08-10 18:57:43.833232+00
515c5ad8-c517-44da-ad54-3c5dae590a25,7b1c6418-d8c1-4878-a89a-2db6ff2c9cf8,0.1400,54,2026-10-04,43.6600,watch,"classifier=7.0.0-v11,regressor=7.0.0-v11",2026-08-10 18:57:43.833232+00
a1a36d3b-689c-4146-a85c-0ca233abafb9,995f185b-d02d-46dc-ba7e-9eb2d36525d4,0.0284,83,2026-11-02,57.4900,watch,"classifier=7.0.0-v11,regressor=7.0.0-v11",2026-08-10 18:57:43.833232+00
dd472880-36d6-4fae-a242-9360776d027e,dc22b1c5-2720-48dd-9bb8-43c8d8d29f95,0.0102,116,2026-12-05,36.9800,conflict,"classifier=7.0.0-v11,regressor=7.0.0-v11",2026-08-10 18:57:43.833232+00
da07c760-d935-4a24-9d07-21b5dbd42a2e,6c76b8ae-e3be-4899-875a-f90136975630,0.2761,40,2026-09-20,22.7200,watch,"classifier=7.0.0-v11,regressor=7.0.0-v11",2026-08-10 18:57:43.833232+00
6ce786f5-09fa-4665-a737-537e06dba775,442e4f38-a6fb-4ace-bd2b-7df4263ac138,0.0308,44,2026-09-24,39.3000,conflict,"classifier=7.0.0-v11,regressor=7.0.0-v11",2026-08-10 18:57:43.833232+00
747eeaaf-5acd-48bc-a768-0c5e88d41fc3,7222780f-acb1-4888-96cb-2bcd2b7bd455,0.9974,14,2026-08-25,0.0000,urgent,"classifier=7.0.0-v11,regressor=7.0.0-v11",2026-08-10 18:57:43.833232+00
6058d460-f4c9-4497-a9c1-d87e34f68e0b,5eb688a2-613d-4fb8-87de-2f2e447a140b,0.0613,70,2026-10-20,30.2500,conflict,"classifier=7.0.0-v11,regressor=7.0.0-v11",2026-08-10 18:57:43.833232+00
50ff6cba-0005-4d1f-80e4-3d94ad7b0a6c,6a7e94ef-3c28-4c7f-8a68-7f13c208d4af,0.1713,40,2026-09-20,38.3000,conflict,"classifier=7.0.0-v11,regressor=7.0.0-v11",2026-08-10 18:57:43.833232+00
9284c4be-d0c9-4a2e-9cfc-e688cb066d7f,00cd8313-ac0b-4c37-9c9c-c5e9cdfb7b2c,0.8508,21,2026-09-01,0.0000,urgent,"classifier=7.0.0-v11,regressor=7.0.0-v11",2026-08-10 18:57:43.833232+00
59c79acc-357b-44ff-b7bf-65bc32d3323a,0139b84b-3ce7-421e-800c-67a188c8f1e9,0.9974,16,2026-08-27,0.0000,urgent,"classifier=7.0.0-v11,regressor=7.0.0-v11",2026-08-10 18:57:43.833232+00
3e931aa9-bf4c-4a42-87da-f2bead25b99b,7fdbe0a4-76b6-4773-adde-44d4c844b9e2,0.0470,91,2026-11-10,36.7700,conflict,"classifier=7.0.0-v11,regressor=7.0.0-v11",2026-08-10 18:57:43.833232+00
fefc3997-4c0a-4874-99e5-705f817b16f5,d356a4c5-42e5-4e92-8d72-7d8cb0340b32,0.0936,56,2026-10-06,35.9200,conflict,"classifier=7.0.0-v11,regressor=7.0.0-v11",2026-08-10 18:57:43.833232+00
55ecc711-2a2b-4ab0-b738-edde7efd4858,231b36c0-8176-418f-bc67-24d1cd899f75,0.9992,15,2026-08-26,0.0000,urgent,"classifier=7.0.0-v11,regressor=7.0.0-v11",2026-08-10 18:57:43.833232+00
97e2585f-8076-414f-8fc2-8b4478e4d5a2,47f3e736-c1d0-40a1-801d-bd01977045e7,0.0180,74,2026-10-24,36.8100,conflict,"classifier=7.0.0-v11,regressor=7.0.0-v11",2026-08-10 18:57:43.833232+00
0c0c0e65-ac75-454d-a227-8c93911afe3f,92a646f1-be19-455a-a214-8135cee5748e,0.0367,58,2026-10-08,33.1400,conflict,"classifier=7.0.0-v11,regressor=7.0.0-v11",2026-08-10 18:57:43.833232+00
a6e2f228-62eb-451a-afc3-331c89a253a4,897001fd-1243-41c1-838e-1fd1b5483d24,0.9452,14,2026-08-25,0.0000,urgent,"classifier=7.0.0-v11,regressor=7.0.0-v11",2026-08-10 18:57:43.833232+00
1b69bfd9-51b9-4041-aa2f-c88d6a42f785,b58911ec-0222-4162-b9b6-64aa9d0b7d48,0.0228,47,2026-09-27,42.2200,watch,"classifier=7.0.0-v11,regressor=7.0.0-v11",2026-08-10 18:57:43.833232+00
2bf32f69-6776-451e-977b-93d06cc08c05,163910fa-7659-4aac-8df1-6940483d7238,0.0215,140,2026-12-29,56.1300,watch,"classifier=7.0.0-v11,regressor=7.0.0-v11",2026-08-10 18:57:43.833232+00
1f80540c-fbd4-4cca-84bd-2b191f078229,4d97046a-6c7f-47d6-95e3-f8f86198541c,0.7298,55,2026-10-05,53.7400,urgent,"classifier=7.0.0-v11,regressor=7.0.0-v11",2026-08-10 18:57:43.833232+00
2bb9014f-95ff-41e4-845d-fda70cc34150,97cac73a-cce9-421c-9673-cec53bd60f85,0.0044,102,2026-11-21,43.6700,watch,"classifier=7.0.0-v11,regressor=7.0.0-v11",2026-08-10 18:57:43.833232+00
caf7209a-b131-4f5d-aa2c-e653cd2687a4,3a8007b3-2b06-4a51-a71e-64f622bbcc01,0.0036,112,2026-12-01,37.4500,conflict,"classifier=7.0.0-v11,regressor=7.0.0-v11",2026-08-10 18:57:43.833232+00
b515f374-88f6-4dd0-be0e-ba53cb5cc895,42c9adfb-8199-4dd3-b39b-7274d49203e9,0.1700,100,2026-11-19,53.7700,watch,"classifier=7.0.0-v11,regressor=7.0.0-v11",2026-08-10 18:57:43.833232+00
715a5dc4-4418-4f44-ae85-cb10bd7cec57,23f24d6d-d47d-4e00-a804-ebecacffd56c,0.0068,80,2026-10-30,33.4600,conflict,"classifier=7.0.0-v11,regressor=7.0.0-v11",2026-08-10 18:57:43.833232+00
c822a919-632c-4482-9b3c-fa5c759a7881,ade73aa5-abb3-42a0-81da-be1c7107ab2f,0.0625,62,2026-10-12,42.7500,watch,"classifier=7.0.0-v11,regressor=7.0.0-v11",2026-08-10 18:57:43.833232+00
6de15ff5-b0d8-4cf2-a625-5fb431fd3f54,a744d7b8-6a10-4b59-98cd-b899bc5b1820,0.0617,82,2026-11-01,39.7000,conflict,"classifier=7.0.0-v11,regressor=7.0.0-v11",2026-08-10 18:57:43.833232+00
56303814-19b2-4883-9e49-1bbdc370f3b6,1e6f421b-78a1-4d4a-8c93-f660c596598b,0.0986,39,2026-09-19,51.2100,watch,"classifier=7.0.0-v11,regressor=7.0.0-v11",2026-08-10 18:57:43.833232+00
d8cccf8d-43be-42d3-a9c7-8bc51db4076e,f1747f72-9dfd-4a19-b641-efdc585b8982,0.9997,6,2026-08-17,0.0000,urgent,"classifier=7.0.0-v11,regressor=7.0.0-v11",2026-08-10 18:57:43.833232+00
7b861812-7f65-49bc-98bb-60f4c2fdf4ec,9be105b8-3c03-4409-9d2a-2fc6cf247f5b,0.1381,107,2026-11-26,48.3100,watch,"classifier=7.0.0-v11,regressor=7.0.0-v11",2026-08-10 18:57:43.833232+00
20105b70-8ad9-4119-af79-b1286dfcb037,21d42090-9ea5-4638-be12-32a6095b6b5f,0.0242,106,2026-11-25,46.0500,watch,"classifier=7.0.0-v11,regressor=7.0.0-v11",2026-08-10 18:57:43.833232+00
1177875a-4240-4de2-8c78-d831bf8a2202,35ba0719-b194-4a35-a63d-72d07be76a90,0.0530,68,2026-10-18,48.3500,watch,"classifier=7.0.0-v11,regressor=7.0.0-v11",2026-08-10 18:57:43.833232+00
32c41979-599b-4627-8d39-8ba3dd60e441,91ac7b04-1283-4e99-abe0-bc5563715f65,0.8150,20,2026-08-31,5.8000,urgent,"classifier=7.0.0-v11,regressor=7.0.0-v11",2026-08-10 18:57:43.833232+00
f285773e-18eb-40e3-9569-dee46a273db7,fa4185a7-13ac-41c1-bccd-1a79b532dfd8,0.0508,81,2026-10-31,40.9400,watch,"classifier=7.0.0-v11,regressor=7.0.0-v11",2026-08-10 18:57:43.833232+00
f25c693d-330b-4d13-9a41-872de9f6b16e,10850394-74ad-4d71-a4e6-7ee2a51507b0,0.9832,20,2026-08-31,0.0000,urgent,"classifier=7.0.0-v11,regressor=7.0.0-v11",2026-08-10 18:57:43.833232+00
d3a30319-6730-4c16-a81f-3ebf6f646708,abc0ca5a-6b8f-4b81-9916-a26eac64479f,0.9012,22,2026-09-02,0.0000,urgent,"classifier=7.0.0-v11,regressor=7.0.0-v11",2026-08-10 18:57:43.833232+00
9fe22338-ed00-4096-a892-56d0617d36c3,2bc11a64-68e2-4b54-9d53-128f0f06e369,0.0095,56,2026-10-06,40.1500,watch,"classifier=7.0.0-v11,regressor=7.0.0-v11",2026-08-10 18:57:43.833232+00
9aefe60f-57a3-462d-be85-5af0e5473ae2,0465257a-2596-4804-9ce6-70a8a0a4097c,0.9931,11,2026-08-22,1.2400,urgent,"classifier=7.0.0-v11,regressor=7.0.0-v11",2026-08-10 18:57:43.833232+00
dd78c909-01f9-4551-b26b-a3be272139b3,2a846353-d300-4c61-9972-9dd65ecc033e,0.6953,22,2026-09-02,32.9800,urgent,"classifier=7.0.0-v11,regressor=7.0.0-v11",2026-08-10 18:57:43.833232+00
495c4128-c401-41e0-b589-8bb23bc8ea77,3d04399b-1a58-4bba-958d-5d36e994bb23,0.4980,29,2026-09-09,27.6100,watch,"classifier=7.0.0-v11,regressor=7.0.0-v11",2026-08-10 18:57:43.833232+00
e007df5e-50ad-45e1-bc3b-14140e2550fb,d0c6b54a-2ebd-425d-a3ed-abe214dc9691,0.0284,109,2026-11-28,50.5900,watch,"classifier=7.0.0-v11,regressor=7.0.0-v11",2026-08-10 18:57:43.833232+00
1e3d7c04-d609-40cb-a35b-6f97f06f4f1b,38f347c1-9fe2-4694-8b46-ad96e4bac475,0.4652,54,2026-10-04,28.2200,watch,"classifier=7.0.0-v11,regressor=7.0.0-v11",2026-08-10 18:57:43.833232+00
eb223283-b924-4ac7-b246-8aac73f4bb53,1c5ebb87-9a50-456a-9a8b-ad8457ce0cff,0.9988,12,2026-08-23,0.0000,urgent,"classifier=7.0.0-v11,regressor=7.0.0-v11",2026-08-10 18:57:43.833232+00
c7d6863c-7001-4e7f-b938-ecdede93cd09,162039f5-1f71-460a-934a-ca1a3d815a7e,0.0282,83,2026-11-02,49.0300,watch,"classifier=7.0.0-v11,regressor=7.0.0-v11",2026-08-10 18:57:43.833232+00
458f31dd-30ef-4daa-a2fe-7b3fcc1a896d,c17c120b-59d4-4df4-9a7e-baa2cddb777c,0.7440,29,2026-09-09,6.7200,urgent,"classifier=7.0.0-v11,regressor=7.0.0-v11",2026-08-10 18:57:43.833232+00
5a97a93f-94d6-4b00-9fff-5dcc3491e931,b5ea8f66-f330-4a37-a6ee-a635395034f4,0.0339,82,2026-11-01,54.6700,watch,"classifier=7.0.0-v11,regressor=7.0.0-v11",2026-08-10 18:57:43.833232+00
69c769d8-79d6-401c-a757-d1716a1b4a26,18614432-ef5d-487c-8a62-b9d1bf0ff598,0.9560,20,2026-08-31,0.0000,urgent,"classifier=7.0.0-v11,regressor=7.0.0-v11",2026-08-10 18:57:43.833232+00
8b30179e-e544-42d0-8d28-d791aa9ad584,ac5ceb44-9317-4114-9a48-351620ba0f10,0.0339,60,2026-10-10,49.9500,watch,"classifier=7.0.0-v11,regressor=7.0.0-v11",2026-08-10 18:57:43.833232+00
cd0d2087-ecf9-4b9d-8005-b5c85c0cc369,aafc932e-4a9b-436d-80db-e5202aece48f,0.6079,38,2026-09-18,18.1000,urgent,"classifier=7.0.0-v11,regressor=7.0.0-v11",2026-08-10 18:57:43.833232+00
9528d8ea-4ae7-46e8-9b2b-21c792af357a,b820efbb-9d04-48a6-bedc-3d0e651a1dda,0.9998,14,2026-08-25,1.3500,urgent,"classifier=7.0.0-v11,regressor=7.0.0-v11",2026-08-10 18:57:43.833232+00
b1189496-95ed-47bd-83be-731dbb1a6149,f64f4df8-df42-4ddf-9e42-c551dad512c2,0.0637,94,2026-11-13,39.4700,conflict,"classifier=7.0.0-v11,regressor=7.0.0-v11",2026-08-10 18:57:43.833232+00
7d121884-4112-498d-abf9-bdaeb7cfb7a0,ceac2811-cf12-461b-a6be-6f1d31b9bda6,0.1477,42,2026-09-22,30.6900,conflict,"classifier=7.0.0-v11,regressor=7.0.0-v11",2026-08-10 18:57:43.833232+00
71744fed-3dec-4b7a-aa0d-f29775e4c144,38f9b400-7309-42a7-aa0b-6844f1806006,0.3066,55,2026-10-05,22.1300,watch,"classifier=7.0.0-v11,regressor=7.0.0-v11",2026-08-10 18:57:43.833232+00
cc7ce9a3-a9c0-41ac-8daa-59a42c0d399b,f38557ee-ecbd-4593-854a-92dfca2bcd4c,0.0034,158,2027-01-16,54.6000,watch,"classifier=7.0.0-v11,regressor=7.0.0-v11",2026-08-10 18:57:43.833232+00
94449693-f8ab-4f31-aba6-f8d9b96dd7be,ac0e6e06-46b6-44dd-8452-1125b59f3f49,0.0324,107,2026-11-26,37.5500,conflict,"classifier=7.0.0-v11,regressor=7.0.0-v11",2026-08-10 18:57:43.833232+00
6d21ece4-d2c4-4315-ad7a-c21d17713416,342b5159-578f-4680-ad47-8fffe69e951f,0.0065,107,2026-11-26,43.5500,watch,"classifier=7.0.0-v11,regressor=7.0.0-v11",2026-08-10 18:57:43.833232+00
c0c9530b-65cf-414a-a62b-e92c397c505a,0b9985e3-5787-4e75-a113-2f9f592d1d33,0.0022,201,2027-02-28,46.4200,watch,"classifier=7.0.0-v11,regressor=7.0.0-v11",2026-08-10 18:57:43.833232+00
081b7e81-251e-48c3-a8e6-ce0c40eef42e,66f94254-d4cd-40d8-8b9c-b95101798ccc,0.0299,167,2027-01-25,71.8300,watch,"classifier=7.0.0-v11,regressor=7.0.0-v11",2026-08-10 18:57:43.833232+00
45c07844-f805-4086-8240-4815ca3156a3,47e10112-af29-4a95-bfd6-dfec06d326a8,0.0052,112,2026-12-01,46.0600,watch,"classifier=7.0.0-v11,regressor=7.0.0-v11",2026-08-10 18:57:43.833232+00
5d503e7d-12a3-4785-9155-88aeb0dcf7a8,10a4b1f4-e1e0-4b38-b78b-29080fb06f5b,0.0103,79,2026-10-29,52.8400,watch,"classifier=7.0.0-v11,regressor=7.0.0-v11",2026-08-10 18:57:43.833232+00
3352a4db-4e0d-48b1-b356-2ebc1d24c74a,3a27ed31-dcb8-4a57-9546-8f4c15c92ad7,0.0123,96,2026-11-15,47.0900,watch,"classifier=7.0.0-v11,regressor=7.0.0-v11",2026-08-10 18:57:43.833232+00
5f84d9dd-30a3-4fde-9405-bff2c47d1892,f3b66e30-7e59-461b-877d-72041b6a91da,0.0062,82,2026-11-01,61.0400,watch,"classifier=7.0.0-v11,regressor=7.0.0-v11",2026-08-10 18:57:43.833232+00
749f2e64-e63e-410a-9dfb-9eee8ca61f1e,63815f91-b07f-4471-8706-f95503cffdcc,0.5637,62,2026-10-12,41.8100,urgent,"classifier=7.0.0-v11,regressor=7.0.0-v11",2026-08-10 18:57:43.833232+00
2a034b69-6290-4b4a-b4cb-d56fc0570ff1,21d171e0-c609-49c7-ac3b-ad9c1cdc3c09,0.0092,93,2026-11-12,28.4800,conflict,"classifier=7.0.0-v11,regressor=7.0.0-v11",2026-08-10 18:57:43.833232+00
2d4ce024-632f-415f-ae12-eb3398b8ef5d,c252be55-fff0-4759-a186-7b97461ce11f,0.0025,141,2026-12-30,56.3100,watch,"classifier=7.0.0-v11,regressor=7.0.0-v11",2026-08-10 18:57:43.833232+00
818e7fda-fc1d-4b33-9d97-f3a811112479,26c7c85e-3eb1-40f2-b812-7f8fdb19ef7c,0.0299,51,2026-10-01,39.7300,conflict,"classifier=7.0.0-v11,regressor=7.0.0-v11",2026-08-10 18:57:43.833232+00
02becf62-9f61-4013-9e3a-412124d821cb,87202233-d45b-406f-9ccc-8fd80fe7571e,0.0186,130,2026-12-19,54.5300,watch,"classifier=7.0.0-v11,regressor=7.0.0-v11",2026-08-10 18:57:43.833232+00
815aca38-a091-41a9-a348-aa563d1ae5c7,93d54ce6-7d07-477a-90fa-6d1a7204c708,0.9863,20,2026-08-31,0.0000,urgent,"classifier=7.0.0-v11,regressor=7.0.0-v11",2026-08-10 18:57:43.833232+00
294b2bc4-2a4a-47cf-874a-d6884f3d4fb3,5ce1a851-6e04-4d09-bfc8-595a14a52caf,0.1079,43,2026-09-23,34.0000,conflict,"classifier=7.0.0-v11,regressor=7.0.0-v11",2026-08-10 18:57:43.833232+00
1f2e48ec-a74c-43e9-9be5-441edb8af9e2,494ddccb-59ef-4729-bb66-368d4a589906,0.9525,16,2026-08-27,8.0400,urgent,"classifier=7.0.0-v11,regressor=7.0.0-v11",2026-08-10 18:57:43.833232+00
9dc53b68-f983-4c47-8a9b-9d6272298480,1e1c014a-889e-4258-ad68-3977cacba92f,0.0143,86,2026-11-05,33.2400,conflict,"classifier=7.0.0-v11,regressor=7.0.0-v11",2026-08-10 18:57:43.833232+00
24ff0562-ae58-457a-ad6a-306d1d0999c4,ad143dcb-9121-4cc4-b430-85bade41eb2c,0.0025,134,2026-12-23,48.4900,watch,"classifier=7.0.0-v11,regressor=7.0.0-v11",2026-08-10 18:57:43.833232+00
082c26c1-12ed-47b5-9294-01691f18cae5,84e4a5d9-42f1-40e6-9099-bdfec506c781,0.6251,30,2026-09-10,17.8000,urgent,"classifier=7.0.0-v11,regressor=7.0.0-v11",2026-08-10 18:57:43.833232+00
5924105a-c7fb-4dd2-9854-865cfcd2e28d,8a110968-5b9a-44c9-8bf9-1050c6aece48,0.0966,50,2026-09-30,39.3200,conflict,"classifier=7.0.0-v11,regressor=7.0.0-v11",2026-08-10 18:57:43.833232+00
f975abce-3f7b-4394-badb-10236bad6ff7,ead9f42e-6090-45ef-9590-1502803fb60c,0.8124,22,2026-09-02,0.0000,urgent,"classifier=7.0.0-v11,regressor=7.0.0-v11",2026-08-10 18:57:43.833232+00
2ff34e44-90bb-4639-85bd-1e2b52654b5d,0d0e64f1-f075-49a1-acad-896021c7812c,0.0082,151,2027-01-09,41.0900,watch,"classifier=7.0.0-v11,regressor=7.0.0-v11",2026-08-10 18:57:43.833232+00
d7e629ca-f493-40c1-8bcd-fe81000539a3,5ce85f8b-3bfc-49e7-acc4-d01d30943995,0.0043,96,2026-11-15,45.3900,watch,"classifier=7.0.0-v11,regressor=7.0.0-v11",2026-08-10 18:57:43.833232+00
3eb24fd6-bf7a-4d31-a29b-03ad6d57ea07,888d5995-c776-4db5-af30-05bb5e3b2f25,0.0104,88,2026-11-07,53.1400,watch,"classifier=7.0.0-v11,regressor=7.0.0-v11",2026-08-10 18:57:43.833232+00
244d5995-c69a-4bde-9378-06acc613b197,29f4e1a7-ac55-4fa2-b7bd-e1cf8e4b7b91,0.0118,81,2026-10-31,47.9900,watch,"classifier=7.0.0-v11,regressor=7.0.0-v11",2026-08-10 18:57:43.833232+00
1fb61062-2304-4ce5-aa73-b030ae9bea82,cfb0be1e-6122-48be-8c07-03c180d88f67,0.0091,55,2026-10-05,51.7400,watch,"classifier=7.0.0-v11,regressor=7.0.0-v11",2026-08-10 18:57:43.833232+00
d0ca2844-114c-4733-931a-fac041ebf82a,fc48457d-db96-42a9-b510-f220fc33fb62,0.0650,68,2026-10-18,33.4600,conflict,"classifier=7.0.0-v11,regressor=7.0.0-v11",2026-08-10 18:57:43.833232+00
24ad057c-e072-49c1-9cc8-dd4c6b1b0d46,c0b34cab-72e9-4cb3-8187-f60431d599f0,0.0879,68,2026-10-18,42.2200,watch,"classifier=7.0.0-v11,regressor=7.0.0-v11",2026-08-10 18:57:43.833232+00
69895e1d-9d68-4b73-a88b-35a07ab719cd,cc38b41e-77b1-4aac-8f57-43cc9bce4fc7,0.0139,40,2026-09-20,38.1100,conflict,"classifier=7.0.0-v11,regressor=7.0.0-v11",2026-08-10 18:57:43.833232+00
042d2292-f0fd-4f7f-9849-14ba34bc51bc,97702f0f-3f78-4300-ad98-8c6eae9006f5,0.0133,75,2026-10-25,38.1900,conflict,"classifier=7.0.0-v11,regressor=7.0.0-v11",2026-08-10 18:57:43.833232+00
eba60086-52cf-46a0-861f-b567585c3cab,60688d5c-4263-4307-b316-14f375cc5c8e,0.9986,10,2026-08-21,0.0000,urgent,"classifier=7.0.0-v11,regressor=7.0.0-v11",2026-08-10 18:57:43.833232+00
11568b82-ce7c-48be-81be-c644b3fcddf6,b9f3d8bc-9164-4467-9e38-a5e73035748b,0.5131,109,2026-11-28,34.0800,watch,"classifier=7.0.0-v11,regressor=7.0.0-v11",2026-08-10 18:57:43.833232+00
b929ac0f-92ee-4bd6-9cc6-b8b684e35b18,8b75dceb-594a-4502-8cc6-0c0759113370,0.0032,85,2026-11-04,45.4500,watch,"classifier=7.0.0-v11,regressor=7.0.0-v11",2026-08-10 18:57:43.833232+00
18cef524-42a5-4f7e-a6c8-7b8c2ff45c7e,b98ca446-093f-4081-8f4c-499460c277f6,0.0483,42,2026-09-22,24.0900,conflict,"classifier=7.0.0-v11,regressor=7.0.0-v11",2026-08-10 18:57:43.833232+00
83548e09-7d0e-4d66-b02c-c8804e765ec0,bb522542-5ccd-4f1e-8bf5-69d1f7995a98,0.2092,38,2026-09-18,25.5400,conflict,"classifier=7.0.0-v11,regressor=7.0.0-v11",2026-08-10 18:57:43.833232+00
ee987307-47b2-4b96-a787-9f25b9421e5e,b8f84319-275a-4e51-aa52-bb299d3e0453,0.7614,28,2026-09-08,0.0000,urgent,"classifier=7.0.0-v11,regressor=7.0.0-v11",2026-08-10 18:57:43.833232+00
d2cdc368-031c-4ad5-b662-508e07b2c354,812d8556-22ff-467c-babd-9f99de282b74,0.0058,105,2026-11-24,48.3200,watch,"classifier=7.0.0-v11,regressor=7.0.0-v11",2026-08-10 18:57:43.833232+00
5e2fa35d-874c-4900-8127-b7ef7304ade6,013836a4-96d9-4bea-91e6-9a5dfc304cae,0.0041,115,2026-12-04,46.4200,watch,"classifier=7.0.0-v11,regressor=7.0.0-v11",2026-08-10 18:57:43.833232+00
65534169-3c34-4b89-b825-cd244281dd1e,3f789832-22dd-4389-85ef-5ec6fa3288f7,0.1765,53,2026-10-03,40.7000,watch,"classifier=7.0.0-v11,regressor=7.0.0-v11",2026-08-10 18:57:43.833232+00
bd9e3034-3b81-42b4-960e-005935d7f8ae,a723de84-5fcc-4974-927a-a3c4ac7e539c,0.0194,155,2027-01-13,58.0000,watch,"classifier=7.0.0-v11,regressor=7.0.0-v11",2026-08-10 18:57:43.833232+00
7a680858-b830-420e-8ce3-eca7a0ec1f62,49dfc7f2-0709-4f08-965c-215766796312,0.0032,160,2027-01-18,54.1300,watch,"classifier=7.0.0-v11,regressor=7.0.0-v11",2026-08-10 18:57:43.833232+00
38fefd1d-64b4-4117-bf07-e079e0947bae,23238431-19a8-4401-b489-23e6dfec215b,0.0322,156,2027-01-14,48.3500,watch,"classifier=7.0.0-v11,regressor=7.0.0-v11",2026-08-10 18:57:43.833232+00
a0e1556e-41ee-4a77-9982-2d9919de14ce,a5e7465d-4c28-41f5-8b20-50c5086077b3,0.0102,73,2026-10-23,28.9000,conflict,"classifier=7.0.0-v11,regressor=7.0.0-v11",2026-08-10 18:57:43.833232+00
356ef327-3940-4a1f-a68a-b008facacb7a,8d6826db-fd8f-4c61-95be-d845335c312d,0.5349,30,2026-09-10,16.3400,urgent,"classifier=7.0.0-v11,regressor=7.0.0-v11",2026-08-10 18:57:43.833232+00
6c2db715-214c-48df-aa0c-d0461483e4e4,458569d6-975a-46ca-b339-dd40a390b612,0.0232,68,2026-10-18,37.3900,conflict,"classifier=7.0.0-v11,regressor=7.0.0-v11",2026-08-10 18:57:43.833232+00
bc689b29-3cfd-4356-8ee8-fb24a6462679,d6c53b36-5530-4112-88a4-a959e39cc063,0.0309,47,2026-09-27,43.3600,watch,"classifier=7.0.0-v11,regressor=7.0.0-v11",2026-08-10 18:57:43.833232+00
b72619e8-a2ae-4b61-bd37-17edf72201f5,4c94408f-abd6-4220-a0a2-bbaa2f1a7fdb,0.8102,30,2026-09-10,18.8600,urgent,"classifier=7.0.0-v11,regressor=7.0.0-v11",2026-08-10 18:57:43.833232+00
ccc27354-8ae5-438e-baea-2fae210a13b1,181f4775-466b-400d-995c-f7f69543ad80,0.0208,90,2026-11-09,47.5900,watch,"classifier=7.0.0-v11,regressor=7.0.0-v11",2026-08-10 18:57:43.833232+00
748f8ad4-9fd6-4ac4-874c-5e9190163cd3,bcd3d5f5-0702-41de-b3f8-af7125e5df44,0.0021,145,2027-01-03,53.1900,watch,"classifier=7.0.0-v11,regressor=7.0.0-v11",2026-08-10 18:57:43.833232+00
ca9c162d-644e-4acd-b29e-33fbba39a24c,2616f0a8-0666-44c8-a4cd-2199637a76bc,0.0779,62,2026-10-12,36.4100,conflict,"classifier=7.0.0-v11,regressor=7.0.0-v11",2026-08-10 18:57:43.833232+00
b384411e-c657-4dd9-8123-1796b75a2000,f08e55e6-f7a5-44d3-99e2-57371ff3f82f,0.0501,49,2026-09-29,34.5500,conflict,"classifier=7.0.0-v11,regressor=7.0.0-v11",2026-08-10 18:57:43.833232+00
362b6c4d-6e1e-47fa-889d-489a3c43f967,66d20fd6-5deb-45dd-81f0-016b81e07eb2,0.8035,28,2026-09-08,18.5000,urgent,"classifier=7.0.0-v11,regressor=7.0.0-v11",2026-08-10 18:57:43.833232+00
2e5a91ea-51dd-4b43-989f-e129bb13478f,e004172c-0e41-4fab-ae79-c756e9fd15cb,0.3004,45,2026-09-25,36.8900,watch,"classifier=7.0.0-v11,regressor=7.0.0-v11",2026-08-10 18:57:43.833232+00
13c8ad0b-f336-4f77-8256-dfa725878c9d,eb0c193b-8df4-47d0-bc71-4ec958d54954,0.9731,16,2026-08-27,0.0000,urgent,"classifier=7.0.0-v11,regressor=7.0.0-v11",2026-08-10 18:57:43.833232+00
143dd8fd-6365-461a-adc3-f59db3a9c706,c49a680c-e686-4416-ae44-66fc805416ea,0.9996,1,2026-08-12,19.0300,urgent,"classifier=7.0.0-v11,regressor=7.0.0-v11",2026-08-10 18:57:43.833232+00
34ebe133-8dd3-453e-a2c9-a44ce1ad38f1,9067b1ef-d4f6-438c-96be-84605c498d3a,0.0468,82,2026-11-01,44.3600,watch,"classifier=7.0.0-v11,regressor=7.0.0-v11",2026-08-10 18:57:43.833232+00
3f64aa72-ae43-4399-a01b-47bf9e647b3d,5cb2f91b-aea8-4c56-afe3-f46cd8673ef1,0.1382,107,2026-11-26,41.1400,watch,"classifier=7.0.0-v11,regressor=7.0.0-v11",2026-08-10 18:57:43.833232+00
53408185-4c1c-4c98-8a49-653db25f9113,b99acf8b-51f0-4a74-8236-3e63b6f17bca,0.0106,73,2026-10-23,35.6300,conflict,"classifier=7.0.0-v11,regressor=7.0.0-v11",2026-08-10 18:57:43.833232+00
991ea5c3-eca8-46b1-9c7c-908346123a3c,4ea43bce-580b-4ac1-b814-7fd96b23e1c7,0.0073,79,2026-10-29,52.3800,watch,"classifier=7.0.0-v11,regressor=7.0.0-v11",2026-08-10 18:57:43.833232+00
16d44a08-b906-4d56-b0f5-76a91265b862,536f5cc9-3d00-4005-a09b-62a6e6fbc226,0.1175,55,2026-10-05,37.0500,conflict,"classifier=7.0.0-v11,regressor=7.0.0-v11",2026-08-10 18:57:43.833232+00
c5e7bb29-bc1d-48dd-b385-82def24aa9c4,3f603281-6793-4203-a1a4-7cae9eafbc2a,0.0219,46,2026-09-26,42.8500,watch,"classifier=7.0.0-v11,regressor=7.0.0-v11",2026-08-10 18:57:43.833232+00
189f2c66-47b2-40c7-ab02-52ecc19568cd,d94fb043-f082-49d9-86c7-ca754ca6de81,0.0079,152,2027-01-10,61.7000,watch,"classifier=7.0.0-v11,regressor=7.0.0-v11",2026-08-10 18:57:43.833232+00
c1be542b-386e-48ce-8953-f780ba39c59c,53fa1319-dc9c-4e78-8caf-7861246005ae,0.9037,7,2026-08-18,0.0000,urgent,"classifier=7.0.0-v11,regressor=7.0.0-v11",2026-08-10 18:57:43.833232+00
a4544360-35e5-4494-9cf1-4014c1239ff0,e14beb5f-7573-4aff-940d-5ab0928b606b,0.0097,62,2026-10-12,34.3800,conflict,"classifier=7.0.0-v11,regressor=7.0.0-v11",2026-08-10 18:57:43.833232+00
0a943cd9-f97c-43df-8811-80930161dc47,b40bbe00-0e99-4a1f-ad6c-bbbb740d26a5,0.0062,145,2027-01-03,54.3000,watch,"classifier=7.0.0-v11,regressor=7.0.0-v11",2026-08-10 18:57:43.833232+00
0e0229e2-9f37-4959-a69b-6e0617496e26,fc622b90-48ae-4db8-9c60-8d7e16ed3cb7,0.9601,26,2026-09-06,6.7200,urgent,"classifier=7.0.0-v11,regressor=7.0.0-v11",2026-08-10 18:57:43.833232+00
fefaf051-fde8-4ee1-bb44-ef0eca857b12,397f509d-bab0-4be3-80ea-0d71f10314f5,0.0045,101,2026-11-20,43.9800,watch,"classifier=7.0.0-v11,regressor=7.0.0-v11",2026-08-10 18:57:43.833232+00
a938707b-239b-45ac-a4f0-15985c1ab1da,07152f01-1a2b-4d82-8aa3-bd4dbcb46578,0.9993,10,2026-08-21,0.0000,urgent,"classifier=7.0.0-v11,regressor=7.0.0-v11",2026-08-10 18:57:43.833232+00
f794c81c-0cda-4f5e-ade9-19f8c5af4f9e,cc129337-c81b-4462-8d87-66da528fe91e,0.0040,81,2026-10-31,59.2400,watch,"classifier=7.0.0-v11,regressor=7.0.0-v11",2026-08-10 18:57:43.833232+00
8ede28d8-15bd-44d9-a3b1-c1274ae7f22d,3d772867-daec-4afb-bb0e-14aedaa976c4,0.0059,109,2026-11-28,43.3100,watch,"classifier=7.0.0-v11,regressor=7.0.0-v11",2026-08-10 18:57:43.833232+00
bda7e963-4115-4c3a-8080-da699cac82fc,297b4bb5-6429-4c03-8d38-57e6d19c9c21,0.2108,52,2026-10-02,40.9800,watch,"classifier=7.0.0-v11,regressor=7.0.0-v11",2026-08-10 18:57:43.833232+00
99fdbc11-b979-497d-ba4a-313a2b08bcb3,2cafca73-08c2-4726-a800-0cbef5b48abb,0.8951,27,2026-09-07,0.5900,urgent,"classifier=7.0.0-v11,regressor=7.0.0-v11",2026-08-10 18:57:43.833232+00
d8828045-d1a3-4b73-bfeb-66fab232b3da,2ee048c2-af0b-45c0-96f1-82175aeaa716,0.9972,16,2026-08-27,0.0000,urgent,"classifier=7.0.0-v11,regressor=7.0.0-v11",2026-08-10 18:57:43.833232+00
b9ece908-fe11-4b2d-84a6-aaff03345c3e,f0988bbc-49e6-4237-bb22-12f45d9a6a8f,0.3678,41,2026-09-21,18.2700,watch,"classifier=7.0.0-v11,regressor=7.0.0-v11",2026-08-10 18:57:43.833232+00
e06509f9-9915-4bdb-a69a-ea8d20a4f8ab,71149510-7879-43a7-b28b-375a5b02a7e4,0.0211,59,2026-10-09,42.1600,watch,"classifier=7.0.0-v11,regressor=7.0.0-v11",2026-08-10 18:57:43.833232+00
d3bc310f-ae98-4c38-b06f-60bfbea86d21,21deadb0-71ed-418e-8c80-7994ae78cc44,0.2132,69,2026-10-19,56.6600,watch,"classifier=7.0.0-v11,regressor=7.0.0-v11",2026-08-10 18:57:43.833232+00
e87b35f8-ad9b-44aa-8667-851b893a1cb1,81282175-0fe3-4eaa-b9eb-8a7032257156,0.0150,85,2026-11-04,46.4100,watch,"classifier=7.0.0-v11,regressor=7.0.0-v11",2026-08-10 18:57:43.833232+00
193a28d5-a2b5-4987-8ff2-e38cb10a06d0,3f4fdd32-6cb7-4f92-96d9-882a5efb9228,0.0885,43,2026-09-23,35.3000,conflict,"classifier=7.0.0-v11,regressor=7.0.0-v11",2026-08-10 18:57:43.833232+00
cc7e1dce-2632-491e-af8b-93d84c79ea4a,a930afaa-d8b4-4e98-b775-d12c44fdfc53,0.2800,65,2026-10-15,34.9400,watch,"classifier=7.0.0-v11,regressor=7.0.0-v11",2026-08-10 18:57:43.833232+00
367a4b01-a443-4a18-9b96-1a8b5dc06416,f323b090-d79e-4276-96a2-4561484a604d,0.9998,4,2026-08-15,0.0500,urgent,"classifier=7.0.0-v11,regressor=7.0.0-v11",2026-08-10 18:57:43.833232+00
11914377-3027-4444-91fe-25853afed462,3cce7119-a606-49ab-8812-af6ec60d15cd,0.0355,81,2026-10-31,66.0200,watch,"classifier=7.0.0-v11,regressor=7.0.0-v11",2026-08-10 18:57:43.833232+00
5e534873-82f8-4686-9ebf-5295b14a6b12,478b9ab5-a367-45c0-ae38-0d5a37855e32,0.9665,1,2026-08-12,4.9100,urgent,"classifier=7.0.0-v11,regressor=7.0.0-v11",2026-08-10 18:57:43.833232+00
37755968-6137-4d89-9a6a-a14e2832f298,fbc1df33-253b-43d9-be04-2e1af85d7a96,0.2435,57,2026-10-07,28.3400,conflict,"classifier=7.0.0-v11,regressor=7.0.0-v11",2026-08-10 18:57:43.833232+00
154b0668-934a-465b-8d91-89014cc25a59,b926f223-21f0-47bb-b843-f8e1c928952d,0.0049,198,2027-02-25,55.5100,watch,"classifier=7.0.0-v11,regressor=7.0.0-v11",2026-08-10 18:57:43.833232+00
1cfe40d5-dae6-4ac7-b83b-8c7c1e7f7e2c,90b0380d-5281-4bf4-849e-1c26b49e1de2,0.3390,97,2026-11-16,42.2700,watch,"classifier=7.0.0-v11,regressor=7.0.0-v11",2026-08-10 18:57:43.833232+00
18954158-ad86-4c2b-b4d8-c936e889770e,2f279bc5-627b-4090-bd18-ce10928af856,0.0070,201,2027-02-28,63.9300,watch,"classifier=7.0.0-v11,regressor=7.0.0-v11",2026-08-10 18:57:43.833232+00
fa24f196-c590-4ddc-b34c-64a9fb96f996,0173720c-7c96-4a4e-80d5-2628c1c40504,0.0491,57,2026-10-07,29.6600,conflict,"classifier=7.0.0-v11,regressor=7.0.0-v11",2026-08-10 18:57:43.833232+00
d7bb402b-4ab6-4b5a-a96a-aa44916b75e0,c0697d71-a101-462b-9e82-ea8a93ee5648,0.8634,19,2026-08-30,7.5200,urgent,"classifier=7.0.0-v11,regressor=7.0.0-v11",2026-08-10 18:57:43.833232+00
5e6edb26-e17f-4992-939c-e31023a1f291,98939830-9374-4252-befd-c1b2e56844eb,0.9902,16,2026-08-27,0.0000,urgent,"classifier=7.0.0-v11,regressor=7.0.0-v11",2026-08-10 18:57:43.833232+00
7d1af873-0282-47a6-b5a2-663a5b844cdd,dc6c2c1e-89ee-45c7-a5f2-834350b21343,0.4962,63,2026-10-13,28.7300,watch,"classifier=7.0.0-v11,regressor=7.0.0-v11",2026-08-10 18:57:43.833232+00
c97771ad-bdc9-49ae-b5e9-2d5497cb670d,1f71a3be-447e-4e46-818c-4df2a35836be,0.8637,28,2026-09-08,23.0500,urgent,"classifier=7.0.0-v11,regressor=7.0.0-v11",2026-08-10 18:57:43.833232+00
508c2f30-46cb-4ca0-9ffa-4786f9895cac,c72e4772-3ba3-4695-90e5-ca7217ab8067,0.0665,137,2026-12-26,63.0500,watch,"classifier=7.0.0-v11,regressor=7.0.0-v11",2026-08-10 18:57:43.833232+00
91e515a9-cad4-4c34-a93a-3037b01a0e17,ca71281e-9b47-4bc5-b3f4-ed06717e18b9,0.6952,29,2026-09-09,10.4900,urgent,"classifier=7.0.0-v11,regressor=7.0.0-v11",2026-08-10 18:57:43.833232+00
443ddf72-291e-4820-9491-18304e9f7f37,c325baa9-08eb-43c2-b5c5-3a1e467afc10,0.9976,18,2026-08-29,8.9800,urgent,"classifier=7.0.0-v11,regressor=7.0.0-v11",2026-08-10 18:57:43.833232+00
ff4fac72-b904-41fd-afbf-2223b3f1f2a4,a2351705-ae47-43a6-a73e-d5497c3657b7,0.0483,50,2026-09-30,41.7900,watch,"classifier=7.0.0-v11,regressor=7.0.0-v11",2026-08-10 18:57:43.833232+00
1e66feb8-e21d-4638-a348-50d588eeee4f,d96ecab9-062f-4892-a7ea-535b6b2a33c5,0.9008,21,2026-09-01,21.6900,urgent,"classifier=7.0.0-v11,regressor=7.0.0-v11",2026-08-10 18:57:43.833232+00
c495757b-919f-40ca-b9ac-3a77d1dcd7ef,9796e3a7-c20e-4973-b450-47183277c255,0.9789,17,2026-08-28,1.5000,urgent,"classifier=7.0.0-v11,regressor=7.0.0-v11",2026-08-10 18:57:43.833232+00
6c507714-a132-4391-81f2-8092baa63987,8a4c82cf-dd45-4d69-8b71-e6f595a0e641,0.0074,165,2027-01-23,64.3000,watch,"classifier=7.0.0-v11,regressor=7.0.0-v11",2026-08-10 18:57:43.833232+00
1958c5c6-faeb-4d9e-89b7-d72aa4cfde0e,8b3576a4-8142-419f-aa84-b50982c0d425,0.0166,67,2026-10-17,53.9400,watch,"classifier=7.0.0-v11,regressor=7.0.0-v11",2026-08-10 18:57:43.833232+00
0be8ebeb-7693-4ae5-b374-cd15b315b908,dadfeae3-accb-4736-b054-a6e525236d7f,0.9417,30,2026-09-10,9.4400,urgent,"classifier=7.0.0-v11,regressor=7.0.0-v11",2026-08-10 18:57:43.833232+00
377acad0-4588-4332-a43b-4e83cf7ec51d,db643666-eb36-4779-8c4e-2f86423c4836,0.5329,117,2026-12-06,41.7500,urgent,"classifier=7.0.0-v11,regressor=7.0.0-v11",2026-08-10 18:57:43.833232+00
996e12cf-5aa4-442c-83dd-cf32862aa44b,4266e39a-2dae-4e2a-be4b-b2df329d3fca,0.1761,40,2026-09-20,30.9800,conflict,"classifier=7.0.0-v11,regressor=7.0.0-v11",2026-08-10 18:57:43.833232+00
7dd1ba64-53c8-4abb-af33-ba3891ef73a5,7871b8d7-cf14-45a9-8d4a-49e5a3ca1af0,0.0077,105,2026-11-24,60.2100,watch,"classifier=7.0.0-v11,regressor=7.0.0-v11",2026-08-10 18:57:43.833232+00
06f046a6-f4a4-4172-83e0-8456b8a8fcb4,75754887-cbc3-4471-b180-f7299a6edbd7,0.0751,74,2026-10-24,65.0300,watch,"classifier=7.0.0-v11,regressor=7.0.0-v11",2026-08-10 18:57:43.833232+00
428222f7-5d61-4767-9d55-e5ce9db758a2,a60ca723-0991-4f4e-a2dc-c191a76ee7d2,0.1395,116,2026-12-05,52.9200,watch,"classifier=7.0.0-v11,regressor=7.0.0-v11",2026-08-10 18:57:43.833232+00
28241d73-3307-4f35-b28c-3b6739c8c1e2,23758f9e-767d-48f6-bb2c-814b1c5d7fbb,0.0227,108,2026-11-27,47.2900,watch,"classifier=7.0.0-v11,regressor=7.0.0-v11",2026-08-10 18:57:43.833232+00
1c6d0cb0-0434-4fbe-a19f-ffc1e5100cda,fe087f68-8d38-4e53-bf25-b05ee45e2b4d,0.0903,81,2026-10-31,48.7600,watch,"classifier=7.0.0-v11,regressor=7.0.0-v11",2026-08-10 18:57:43.833232+00
0c504d8c-ce6f-4d91-acad-aa1f0c4b35c1,d0166556-dbdf-4236-a740-1465808d09a5,0.9392,20,2026-08-31,9.0500,urgent,"classifier=7.0.0-v11,regressor=7.0.0-v11",2026-08-10 18:57:43.833232+00
12392a26-7df7-4571-9090-30eed8928eaa,fe954d4a-ed78-4a00-9e83-520184d3ad6f,0.2023,49,2026-09-29,31.1000,conflict,"classifier=7.0.0-v11,regressor=7.0.0-v11",2026-08-10 18:57:43.833232+00
f41488ca-7efe-48b1-a64a-685642bbc92d,6ce44fe0-1893-4020-96bc-f5f130f1c63e,0.9861,30,2026-09-10,11.8900,urgent,"classifier=7.0.0-v11,regressor=7.0.0-v11",2026-08-10 18:57:43.833232+00
a7a236ce-b960-447d-b869-94f5f81a3390,a90a1741-8868-4b22-b183-0c7b354b8121,0.2409,39,2026-09-19,52.2700,watch,"classifier=7.0.0-v11,regressor=7.0.0-v11",2026-08-10 18:57:43.833232+00
ecc923fc-1c26-469c-9508-e2acf7a6e683,f9089dff-b9ca-453f-8419-04c95f6bde37,0.1137,91,2026-11-10,61.0600,watch,"classifier=7.0.0-v11,regressor=7.0.0-v11",2026-08-10 18:57:43.833232+00
c6b7d861-1128-4b53-8871-bd71f3e3a462,d6e8effa-ff70-4587-9372-b201eb295e1c,0.1643,100,2026-11-19,74.2900,watch,"classifier=7.0.0-v11,regressor=7.0.0-v11",2026-08-10 18:57:43.833232+00
91d2bbdb-4e43-4776-9201-88d3a734b412,f969ee23-b30d-4adf-a963-fab6c75ce713,0.9738,26,2026-09-06,15.5800,urgent,"classifier=7.0.0-v11,regressor=7.0.0-v11",2026-08-10 18:57:43.833232+00
2c76abc7-6cad-4a7b-85a6-d956d9925729,2d46c4da-b053-4eb1-a0a1-192a7a8748e9,0.0123,162,2027-01-20,66.0500,watch,"classifier=7.0.0-v11,regressor=7.0.0-v11",2026-08-10 18:57:43.833232+00
e59fa321-02ef-49ba-a541-995044a9ce84,ca5f1852-68ef-4d40-9c0c-e98d62a32911,0.9601,15,2026-08-26,0.0000,urgent,"classifier=7.0.0-v11,regressor=7.0.0-v11",2026-08-10 18:57:43.833232+00
54513406-4f12-4397-bc9f-62c031bc6b78,74a04835-7fa8-4da7-8a06-7764f969d49a,0.1465,73,2026-10-23,33.4100,conflict,"classifier=7.0.0-v11,regressor=7.0.0-v11",2026-08-10 18:57:43.833232+00
2f6ee0c8-e689-4221-b71f-dfdfd854eb5e,dfb03152-778d-444f-b74c-7b176acbb8f6,0.9989,12,2026-08-23,3.8400,urgent,"classifier=7.0.0-v11,regressor=7.0.0-v11",2026-08-10 18:57:43.833232+00
940133bb-ce23-4a5c-b755-f711edc13c4f,40431827-4e79-4d34-9065-2cde676d0ca6,0.0635,46,2026-09-26,39.4400,conflict,"classifier=7.0.0-v11,regressor=7.0.0-v11",2026-08-10 18:57:43.833232+00
ef366620-79fb-460d-994b-c339d44c741e,25cec974-793b-47e6-a493-179cc5de2d53,0.9985,20,2026-08-31,0.5700,urgent,"classifier=7.0.0-v11,regressor=7.0.0-v11",2026-08-10 18:57:43.833232+00
22835ded-4c9c-4203-b91b-5327cd0be853,51bad7a3-3c87-4082-81ea-595e0a20afb4,0.0196,93,2026-11-12,40.3100,watch,"classifier=7.0.0-v11,regressor=7.0.0-v11",2026-08-10 18:57:43.833232+00
b6bb66b3-3886-4daf-a8c1-256e04784259,a98a29d4-a102-41ac-9f92-818e13280eee,0.0128,75,2026-10-25,44.4900,watch,"classifier=7.0.0-v11,regressor=7.0.0-v11",2026-08-10 18:57:43.833232+00
90f25faf-2428-4280-a671-89326ba415b4,2ec75100-ff62-4c0c-9af0-e30b340dc708,0.6351,54,2026-10-04,24.9300,urgent,"classifier=7.0.0-v11,regressor=7.0.0-v11",2026-08-10 18:57:43.833232+00
1a43bcc4-e89d-4b5d-ae55-6700cfcf69e1,79697e99-92b1-4130-83e3-9c66bd997426,0.7172,35,2026-09-15,11.8000,urgent,"classifier=7.0.0-v11,regressor=7.0.0-v11",2026-08-10 18:57:43.833232+00
1168861c-606f-40fb-a722-cc63720cd142,35d3cd58-a044-44de-8df9-46ff9ff442f0,0.1764,74,2026-10-24,44.1700,watch,"classifier=7.0.0-v11,regressor=7.0.0-v11",2026-08-10 18:57:43.833232+00
af40d197-1ebb-49d4-b2a8-8d63b5ee59ee,20ff8673-2088-4122-92f5-3a06cde0f0c4,0.0124,98,2026-11-17,37.2900,conflict,"classifier=7.0.0-v11,regressor=7.0.0-v11",2026-08-10 18:57:43.833232+00
f5264b47-a66c-4a0a-a148-ac0182273190,d401a46b-56b8-4616-a97a-d8ccccce6260,0.1995,59,2026-10-09,19.3400,conflict,"classifier=7.0.0-v11,regressor=7.0.0-v11",2026-08-10 18:57:43.833232+00
49041fa1-dceb-46cd-82cc-899b2aa1b116,7e1c9317-2c5e-4218-9703-5af8023b32c9,0.0090,98,2026-11-17,53.6500,watch,"classifier=7.0.0-v11,regressor=7.0.0-v11",2026-08-10 18:57:43.833232+00
689443f2-e2f6-41a9-b7fe-7418c2618540,6f4880b7-7e82-4cb3-8d4a-75f4c07f83de,0.0120,138,2026-12-27,48.5400,watch,"classifier=7.0.0-v11,regressor=7.0.0-v11",2026-08-10 18:57:43.833232+00
1b1294e9-568d-4d40-ac52-ec5dd8251c75,4280bf39-3a7d-4c3b-b0e1-9b1905013a03,0.6096,39,2026-09-19,22.1000,urgent,"classifier=7.0.0-v11,regressor=7.0.0-v11",2026-08-10 18:57:43.833232+00
29faa9d8-11d7-406b-9be3-2b8d3f76cb5a,03902d81-44c4-48b1-aced-6fab0cc4835e,0.9990,13,2026-08-24,0.0000,urgent,"classifier=7.0.0-v11,regressor=7.0.0-v11",2026-08-10 18:57:43.833232+00
f7f3fac3-a145-40e9-b348-25260c91218a,55a52988-3327-4504-ab63-24e3d01fec89,0.9372,37,2026-09-17,0.0000,urgent,"classifier=7.0.0-v11,regressor=7.0.0-v11",2026-08-10 18:57:43.833232+00
e04114e6-878c-4352-bc00-9d40a9640df1,3ccf3cee-0539-4aeb-9637-5e23cd4244be,0.4911,25,2026-09-05,23.3700,watch,"classifier=7.0.0-v11,regressor=7.0.0-v11",2026-08-10 18:57:43.833232+00
4c6e9c43-6f72-460f-a11e-22e3991e7591,99e55906-4414-4a9a-899b-5b1eada5a50c,0.9985,17,2026-08-28,3.8900,urgent,"classifier=7.0.0-v11,regressor=7.0.0-v11",2026-08-10 18:57:43.833232+00
fdbe57aa-efe3-49de-8638-f8c305251830,0d161bef-773e-4e47-99e3-ab6dec724f90,0.0339,114,2026-12-03,55.3700,watch,"classifier=7.0.0-v11,regressor=7.0.0-v11",2026-08-10 18:57:43.833232+00
8e918965-7519-4d51-964f-83b7cb2d363e,e51f1f4b-b6d2-4235-b187-2fc2b39ac2b0,0.0074,181,2027-02-08,64.8200,watch,"classifier=7.0.0-v11,regressor=7.0.0-v11",2026-08-10 18:57:43.833232+00
ec208efe-452b-49df-98df-36738a9bb2ad,53a5c490-e096-4c76-8fdc-8dbab502eda0,0.0573,65,2026-10-15,53.7100,watch,"classifier=7.0.0-v11,regressor=7.0.0-v11",2026-08-10 18:57:43.833232+00
10c8b642-976d-4e15-8b0d-d08dffcd0df0,7b5e6dc3-20cc-486d-a186-dbe7ad427b78,0.0052,165,2027-01-23,65.6400,watch,"classifier=7.0.0-v11,regressor=7.0.0-v11",2026-08-10 18:57:43.833232+00
d35ce668-c1b9-4576-9931-04ef89b9a49f,3c11537a-d6aa-4914-acea-1920a6d15803,0.9280,6,2026-08-17,0.0000,urgent,"classifier=7.0.0-v11,regressor=7.0.0-v11",2026-08-10 18:57:43.833232+00
aca03522-e52b-4748-a08e-3f015964ec4e,50161312-256f-44a3-85ad-9191f026bff0,0.6776,48,2026-09-28,39.9800,urgent,"classifier=7.0.0-v11,regressor=7.0.0-v11",2026-08-10 18:57:43.833232+00
057a2708-fcfe-4837-b312-3ff167756a28,b2816f36-3baf-4a4e-bf89-02bb1a38b7fc,0.9689,15,2026-08-26,8.4900,urgent,"classifier=7.0.0-v11,regressor=7.0.0-v11",2026-08-10 18:57:43.833232+00
a7de6a63-9e71-440c-b179-606c8eac0ae0,2d31bc4f-be79-4137-ad28-75d9a534780d,0.2033,41,2026-09-21,32.2200,conflict,"classifier=7.0.0-v11,regressor=7.0.0-v11",2026-08-10 18:57:43.833232+00
cddfa844-c718-4485-8c2e-12cefd7bf8d9,24e55145-16b5-4bfa-8a67-8c9379c45bbf,0.4079,36,2026-09-16,23.3000,watch,"classifier=7.0.0-v11,regressor=7.0.0-v11",2026-08-10 18:57:43.833232+00
1696758a-f214-48da-95d6-41a4f576424d,e95c9753-aab0-4d3e-a39a-a87a4680f38d,0.0591,48,2026-09-28,29.9100,conflict,"classifier=7.0.0-v11,regressor=7.0.0-v11",2026-08-10 18:57:43.833232+00
7a659725-3bd7-4464-a11c-9bba17e799d1,41320fed-e734-44e9-9e02-22f9a47a91bb,0.9996,10,2026-08-21,13.3100,urgent,"classifier=7.0.0-v11,regressor=7.0.0-v11",2026-08-10 18:57:43.833232+00
23ebfb65-1d83-41be-ba6e-1ba831216a5b,53b67524-64be-4384-a1d6-d25d603520fa,0.5967,37,2026-09-17,19.7200,urgent,"classifier=7.0.0-v11,regressor=7.0.0-v11",2026-08-10 18:57:43.833232+00
116c0e4f-578a-4316-87ae-543635b68f35,e88c0d95-8702-4feb-9595-d896d4ef6e9e,0.0603,107,2026-11-26,32.1900,conflict,"classifier=7.0.0-v11,regressor=7.0.0-v11",2026-08-10 18:57:43.833232+00
e4afe389-c22d-4421-8a19-2c2d16cad359,8cd99571-dcd4-454f-96d5-80f9b1e33dc8,0.0104,134,2026-12-23,58.4600,watch,"classifier=7.0.0-v11,regressor=7.0.0-v11",2026-08-10 18:57:43.833232+00
d791fa2c-b09f-42c6-bd1f-d62f975a4a37,e854b8fd-76ef-4b99-96d5-68e4d0e04f10,0.9947,19,2026-08-30,10.8300,urgent,"classifier=7.0.0-v11,regressor=7.0.0-v11",2026-08-10 18:57:43.833232+00
007afccc-d097-48fa-8da1-16fb9feed7dd,44701a9d-c363-4a61-bee1-382dcdf3c564,0.9999,10,2026-08-21,0.0000,urgent,"classifier=7.0.0-v11,regressor=7.0.0-v11",2026-08-10 18:57:43.833232+00
a5cc6ca3-6b7b-442a-b038-8434e243880e,286345f2-1279-4792-a5c6-2424ef22dc20,0.8848,10,2026-08-21,18.2700,urgent,"classifier=7.0.0-v11,regressor=7.0.0-v11",2026-08-10 18:57:43.833232+00
0627b889-f35e-48ae-9be9-b6db2a809551,3c9b7d58-9e24-4039-b71a-d3b00ee81822,0.3507,41,2026-09-21,42.5300,watch,"classifier=7.0.0-v11,regressor=7.0.0-v11",2026-08-10 18:57:43.833232+00
b6b6d38f-abd8-4980-94ac-f1f46def7dea,82046c3e-627b-47d5-80c5-5215c4afee8e,0.0248,69,2026-10-19,50.7700,watch,"classifier=7.0.0-v11,regressor=7.0.0-v11",2026-08-10 18:57:43.833232+00
125142b7-a8f9-4166-a276-d14a0150e600,73541e20-2c6f-4cde-9adf-4cc19475a57d,0.0818,71,2026-10-21,55.7000,watch,"classifier=7.0.0-v11,regressor=7.0.0-v11",2026-08-10 18:57:43.833232+00
4b9eb9fe-0a11-4bff-aa89-4a082d846ba8,fd8f8da6-2b70-4c63-ad0e-cf098e6b3e8d,0.6702,11,2026-08-22,1.8600,urgent,"classifier=7.0.0-v11,regressor=7.0.0-v11",2026-08-10 18:57:43.833232+00
22d1d67e-4dbf-444e-a17c-a5a07a6df50f,c4c3c842-892b-4303-8f9b-bdd7a34a7a32,0.0177,160,2027-01-18,69.5200,watch,"classifier=7.0.0-v11,regressor=7.0.0-v11",2026-08-10 18:57:43.833232+00
c7b6f184-36d5-4f82-b876-676be1af2925,23c78f20-d69c-4820-b98d-0d6c4bf9449a,0.9237,27,2026-09-07,8.4500,urgent,"classifier=7.0.0-v11,regressor=7.0.0-v11",2026-08-10 18:57:43.833232+00
8998db81-9244-4e9c-940c-8836e3665279,244adecd-72e6-4e31-bedf-1bbbd90d47a0,0.0556,49,2026-09-29,40.6300,watch,"classifier=7.0.0-v11,regressor=7.0.0-v11",2026-08-10 18:57:43.833232+00
33931842-1ef3-4751-a530-fe2ae74caf01,564d1eac-a692-4c23-b269-69cfc04b5b9e,0.0359,68,2026-10-18,48.0200,watch,"classifier=7.0.0-v11,regressor=7.0.0-v11",2026-08-10 18:57:43.833232+00
8fbcec31-c25e-4728-a689-1eb398680b58,9e5916de-2363-4569-a851-619f284d5ae9,0.0673,73,2026-10-23,55.7600,watch,"classifier=7.0.0-v11,regressor=7.0.0-v11",2026-08-10 18:57:43.833232+00
49fd9c36-6f61-4169-9712-9c054053d602,88170ab4-46cd-4d93-ad4b-1d69ac15614b,0.0291,75,2026-10-25,47.8000,watch,"classifier=7.0.0-v11,regressor=7.0.0-v11",2026-08-10 18:57:43.833232+00
0568ac15-b96a-4113-98f8-e873f562f694,558d7040-c1b9-48fa-bd59-763aee2b8ec5,0.9962,18,2026-08-29,0.0000,urgent,"classifier=7.0.0-v11,regressor=7.0.0-v11",2026-08-10 18:57:43.833232+00
89b635eb-b248-42eb-956b-0bfbd3fa2c40,a0c8aa01-fd48-4c62-b354-3816a5558a35,0.0574,101,2026-11-20,44.1100,watch,"classifier=7.0.0-v11,regressor=7.0.0-v11",2026-08-10 18:57:43.833232+00
e0f3f6d5-8939-4ef9-8c9d-65d366f30bfa,9d220aaa-f4be-4254-a564-113e1e08d069,0.0520,91,2026-11-10,57.3800,watch,"classifier=7.0.0-v11,regressor=7.0.0-v11",2026-08-10 18:57:43.833232+00
daddf31e-f193-4203-b5d1-44b37bc513a4,4207e5db-3fe8-49b6-a3c1-772f6fbaae1a,0.1142,51,2026-10-01,32.0200,conflict,"classifier=7.0.0-v11,regressor=7.0.0-v11",2026-08-10 18:57:43.833232+00
ecc185e6-6a85-4d9d-9b9d-2ea3cf760f6f,e747472c-d57d-4b10-838c-394a5511a567,0.0423,87,2026-11-06,39.0200,conflict,"classifier=7.0.0-v11,regressor=7.0.0-v11",2026-08-10 18:57:43.833232+00
f4cd3c29-4394-407c-9f46-2a1098a90005,53665e7e-dbdf-4c7c-bcf4-c618f1271001,0.8153,29,2026-09-09,27.1200,urgent,"classifier=7.0.0-v11,regressor=7.0.0-v11",2026-08-10 18:57:43.833232+00
bad76999-166e-400a-aa46-e3b1c6451beb,350efbc4-02a5-4f34-8b22-63b3943a655c,0.3386,71,2026-10-21,48.5900,watch,"classifier=7.0.0-v11,regressor=7.0.0-v11",2026-08-10 18:57:43.833232+00
dd86bfae-962a-4f9b-8784-9ed4508418bb,a73ef037-6182-4cfa-932d-90d892423522,0.9998,4,2026-08-15,0.0000,urgent,"classifier=7.0.0-v11,regressor=7.0.0-v11",2026-08-10 18:57:43.833232+00
84f569ac-31d8-4e6c-9e73-7bfc1f5374b1,44b81125-adc8-4730-9f99-be521711dcfc,0.9994,13,2026-08-24,14.1000,urgent,"classifier=7.0.0-v11,regressor=7.0.0-v11",2026-08-10 18:57:43.833232+00
1b191fdc-92f9-4874-aaef-8d7e40cf3192,9530afb5-393e-40a6-b2e0-32aaf0cc1766,0.0096,133,2026-12-22,66.7200,watch,"classifier=7.0.0-v11,regressor=7.0.0-v11",2026-08-10 18:57:43.833232+00
61464698-4868-4b88-9376-3eeb43075d88,7dc66fd2-9967-42c0-b083-6b0d74107d9a,0.1147,76,2026-10-26,41.7700,watch,"classifier=7.0.0-v11,regressor=7.0.0-v11",2026-08-10 18:57:43.833232+00
55031f80-7fb5-4486-90b0-244ee6733c32,1695a0f1-68bc-44c9-9dcb-66de549900a5,0.0625,53,2026-10-03,40.9900,watch,"classifier=7.0.0-v11,regressor=7.0.0-v11",2026-08-10 18:57:43.833232+00
c8c8e8e2-93e5-46ac-a026-26f84c9d9277,f922a2be-ab7f-4cbe-abe7-5b54bf03636a,0.0183,86,2026-11-05,47.0000,watch,"classifier=7.0.0-v11,regressor=7.0.0-v11",2026-08-10 18:57:43.833232+00
2f54a6b9-8416-4136-be26-7998eee5bdcd,301c9a8b-3e7c-42c1-bb26-78f173e94048,0.0389,67,2026-10-17,42.2200,watch,"classifier=7.0.0-v11,regressor=7.0.0-v11",2026-08-10 18:57:43.833232+00
e1a76b39-2a3f-48cf-98d6-f92d0c16c496,861755f2-f92a-4af7-893f-2c2679b16918,0.9999,1,2026-08-12,0.0000,urgent,"classifier=7.0.0-v11,regressor=7.0.0-v11",2026-08-10 18:57:43.833232+00
e4e5d11c-5ac7-4e9d-8166-f5bc8f2135f7,8b5d36dc-691e-4c7e-8f1b-e1907e60e0fc,0.0121,79,2026-10-29,59.7800,watch,"classifier=7.0.0-v11,regressor=7.0.0-v11",2026-08-10 18:57:43.833232+00
5912ae79-92c6-4c8f-9cf8-280a0facd101,1d57e408-734a-470e-8cef-051db78f4402,0.9744,22,2026-09-02,28.2200,urgent,"classifier=7.0.0-v11,regressor=7.0.0-v11",2026-08-10 18:57:43.833232+00
9f4f3465-a1bf-41dd-902d-e40d7d58e987,984bd1b4-8a0f-4477-9f27-44ed8ddc8177,0.6812,37,2026-09-17,33.5800,urgent,"classifier=7.0.0-v11,regressor=7.0.0-v11",2026-08-10 18:57:43.833232+00
1f244a12-7c18-4fba-9116-12f63c8b8b90,671dda15-25a3-42dc-912a-850292460dc1,0.2746,36,2026-09-16,37.1300,watch,"classifier=7.0.0-v11,regressor=7.0.0-v11",2026-08-10 18:57:43.833232+00
37a4d256-6618-4193-a597-5f6ea6b62f1d,ab2a010b-8a4a-4c82-a014-59e85bac21a7,0.5755,32,2026-09-12,21.1800,urgent,"classifier=7.0.0-v11,regressor=7.0.0-v11",2026-08-10 18:57:43.833232+00
d85d4672-aac1-4074-a13a-c2acf5272f31,b2fe526d-3ba5-478b-a5bb-d9966403c941,0.2649,55,2026-10-05,38.5300,watch,"classifier=7.0.0-v11,regressor=7.0.0-v11",2026-08-10 18:57:43.833232+00
f9e86c62-7742-4eb6-8905-b6c8314349ca,f8181c70-e76e-482c-bda8-9ef8ae75efae,0.1157,87,2026-11-06,40.2700,watch,"classifier=7.0.0-v11,regressor=7.0.0-v11",2026-08-10 18:57:43.833232+00
506f6c59-cea2-456c-a233-48c5256acbbb,2322eab1-2615-413a-b5fa-fdbb268e7ad0,0.6966,20,2026-08-31,20.3400,urgent,"classifier=7.0.0-v11,regressor=7.0.0-v11",2026-08-10 18:57:43.833232+00
a03126b3-22c6-4673-bf11-eff9c3106e41,260753c6-c455-4d0f-bc45-cb6e700f7372,0.1489,56,2026-10-06,41.4500,watch,"classifier=7.0.0-v11,regressor=7.0.0-v11",2026-08-10 18:57:43.833232+00
58ac8284-a308-462f-9fa7-c405aedb6522,dc4716fd-9087-43f7-acd7-f759b2ee3be7,0.9999,6,2026-08-17,0.0000,urgent,"classifier=7.0.0-v11,regressor=7.0.0-v11",2026-08-10 18:57:43.833232+00
6f1bb96a-3d08-4090-b633-a45e1a8e02b0,ea128ceb-377c-4031-83f9-91efed2a3b46,0.0735,71,2026-10-21,31.7700,conflict,"classifier=7.0.0-v11,regressor=7.0.0-v11",2026-08-10 18:57:43.833232+00
de53f9c7-9336-404b-aebb-a6caf0bcb674,2a55cd2f-c2a6-46ab-99f4-36624def68dd,0.1004,80,2026-10-30,55.2500,watch,"classifier=7.0.0-v11,regressor=7.0.0-v11",2026-08-10 18:57:43.833232+00
3982efbb-d2b4-4719-8caa-57dfd4936553,f1b56121-64b9-4822-a5ba-80d791f0c625,0.0974,58,2026-10-08,43.6700,watch,"classifier=7.0.0-v11,regressor=7.0.0-v11",2026-08-10 18:57:43.833232+00
7521d233-92df-4bce-82ac-4835d9689301,6cc61cbf-ef5f-48f9-ab25-d58b3977c08d,0.0162,68,2026-10-18,47.2900,watch,"classifier=7.0.0-v11,regressor=7.0.0-v11",2026-08-10 18:57:43.833232+00
9a5b3dbf-746b-4771-aebc-297c5b64f302,8649c418-d267-452d-a2a5-c417333f2766,0.3832,34,2026-09-14,21.9300,watch,"classifier=7.0.0-v11,regressor=7.0.0-v11",2026-08-10 18:57:43.833232+00
a344b692-e51d-4a77-9695-032844c2845c,43eba3ff-c8a3-43d7-9f60-bea922dd060d,0.0883,80,2026-10-30,42.1500,watch,"classifier=7.0.0-v11,regressor=7.0.0-v11",2026-08-10 18:57:43.833232+00
67755439-5544-4c9b-8a17-2aa789738710,47bbf5a9-0293-4e0d-91de-31ebb04956fa,0.9775,17,2026-08-28,0.0000,urgent,"classifier=7.0.0-v11,regressor=7.0.0-v11",2026-08-10 18:57:43.833232+00
85c2438b-a2c0-40c8-b89b-04f1d8185b7e,0569e3c3-cb53-4705-aadf-0f9564bb022f,0.9544,18,2026-08-29,8.5000,urgent,"classifier=7.0.0-v11,regressor=7.0.0-v11",2026-08-10 18:57:43.833232+00
1d6080fd-6fcb-4087-a67e-8d8532f796dc,a42f1b2c-2a6d-4d71-b287-4336dfcf6e96,0.0404,88,2026-11-07,48.2100,watch,"classifier=7.0.0-v11,regressor=7.0.0-v11",2026-08-10 18:57:43.833232+00
d0e9354b-5c3a-4450-9d0c-27e24756f1ae,abf671ee-cdca-4720-9643-eaee4b8a4161,0.4645,46,2026-09-26,26.3600,watch,"classifier=7.0.0-v11,regressor=7.0.0-v11",2026-08-10 18:57:43.833232+00
2cca53ae-3b49-46f9-b001-39c6d01cd0cc,c440116b-6664-4fd6-9610-cc1ed98531f6,0.0976,43,2026-09-23,59.2400,watch,"classifier=7.0.0-v11,regressor=7.0.0-v11",2026-08-10 18:57:43.833232+00
3477e7d2-096d-4fd9-8690-1803d5a7c098,c442cc42-53bf-428a-8e1a-5b2d3cbfae5b,0.2958,44,2026-09-24,21.8900,watch,"classifier=7.0.0-v11,regressor=7.0.0-v11",2026-08-10 18:57:43.833232+00
86c2e86e-24f0-4df4-a1c2-c47669c6cfbb,9ad040f4-5c3e-4773-a0f3-8e8660fbd630,0.0142,55,2026-10-05,50.7200,watch,"classifier=7.0.0-v11,regressor=7.0.0-v11",2026-08-10 18:57:43.833232+00
867a9f4d-044d-4f82-af94-1fe94e7e0ecc,e0a073b3-0bb0-4ef4-a30f-cf4114d12201,0.9994,7,2026-08-18,17.7800,urgent,"classifier=7.0.0-v11,regressor=7.0.0-v11",2026-08-10 18:57:43.833232+00
1ac9a19c-c6ce-41af-b8b7-789b55314b18,c1f593d7-93f1-47e7-91e2-0f62e682f9c1,0.0149,119,2026-12-08,56.3400,watch,"classifier=7.0.0-v11,regressor=7.0.0-v11",2026-08-10 18:57:43.833232+00
0268a16b-deab-4a66-b6aa-0b705028eae8,29031555-3faf-444b-ac36-0bcab320de6c,0.0132,100,2026-11-19,65.1600,watch,"classifier=7.0.0-v11,regressor=7.0.0-v11",2026-08-10 18:57:43.833232+00
117129b3-f430-4b6c-ae85-79ed47b2550a,a617a52f-35c1-4931-8f2c-6a101486206d,0.0078,141,2026-12-30,53.8300,watch,"classifier=7.0.0-v11,regressor=7.0.0-v11",2026-08-10 18:57:43.833232+00
ef66c745-4cb9-4af9-ba56-ca69d963d202,a47a0489-f235-4b85-9337-d5f914a4d553,0.0230,56,2026-10-06,57.8400,watch,"classifier=7.0.0-v11,regressor=7.0.0-v11",2026-08-10 18:57:43.833232+00
787b2fd8-60da-40df-849f-1c4ad04b0e56,992972d5-8450-484b-9c66-abfa9122eb1a,0.0077,113,2026-12-02,60.6700,watch,"classifier=7.0.0-v11,regressor=7.0.0-v11",2026-08-10 18:57:43.833232+00
67d19da4-dcea-46e2-8eac-d8ef97fd25ba,87e51480-0b9d-43fc-8481-a41d1779ae12,0.0761,77,2026-10-27,43.6400,watch,"classifier=7.0.0-v11,regressor=7.0.0-v11",2026-08-10 18:57:43.833232+00
e0e3df0a-af7b-43df-b7c3-ebecf4eacddc,4acf0d69-4c1b-465e-b4c2-648d28c13827,0.0369,110,2026-11-29,53.9700,watch,"classifier=7.0.0-v11,regressor=7.0.0-v11",2026-08-10 18:57:43.833232+00
e5b87d4b-ab64-4280-bb97-436899e819f4,cc2f8013-b660-44ad-a23b-7fa6c553577b,0.9994,12,2026-08-23,5.2600,urgent,"classifier=7.0.0-v11,regressor=7.0.0-v11",2026-08-10 18:57:43.833232+00
b3144d3b-48de-4f01-8ace-81a49edeba68,45bf770e-17bc-45a8-ba0d-dc3162128843,0.0044,172,2027-01-30,51.9700,watch,"classifier=7.0.0-v11,regressor=7.0.0-v11",2026-08-10 18:57:43.833232+00
a7c8e374-233f-4754-815e-3604ef855201,7c5877ae-6f27-41da-9baf-d1eb34f8f24e,0.0137,100,2026-11-19,55.1000,watch,"classifier=7.0.0-v11,regressor=7.0.0-v11",2026-08-10 18:57:43.833232+00
006d2372-689c-43ba-be5c-5e076f7e12bc,d8917132-70bc-4d8a-839f-668e5746f32c,0.9996,24,2026-09-04,3.4100,urgent,"classifier=7.0.0-v11,regressor=7.0.0-v11",2026-08-10 18:57:43.833232+00
c0df9c13-1d6d-471c-a9ef-b5d4e45f9a1d,ec48433f-6d6c-4f58-ba21-394d1115ed1d,0.0133,132,2026-12-21,59.1100,watch,"classifier=7.0.0-v11,regressor=7.0.0-v11",2026-08-10 18:57:43.833232+00
6ea8a507-c3f3-4c46-9400-bbc3e6cef2a2,70d96ab7-011c-4631-a5b6-0c817195a5d8,0.0605,65,2026-10-15,49.5200,watch,"classifier=7.0.0-v11,regressor=7.0.0-v11",2026-08-10 18:57:43.833232+00
0b5f3b13-41dd-4d79-a4c5-7a666ab42d05,88e68461-ada8-40c4-93d5-1d7c887db0fa,0.1298,90,2026-11-09,66.8000,watch,"classifier=7.0.0-v11,regressor=7.0.0-v11",2026-08-10 18:57:43.833232+00
497f535c-e7a7-4810-9b2b-68bd5744778d,d4748cf1-1400-4d71-a443-d7d325c6a80d,0.0247,81,2026-10-31,46.5800,watch,"classifier=7.0.0-v11,regressor=7.0.0-v11",2026-08-10 18:57:43.833232+00
dc1d7c4e-be86-4d76-a3f8-c271b780f90c,8203e09f-d53c-43ef-b70b-2b3b1ab02c4d,0.6025,28,2026-09-08,4.8100,urgent,"classifier=7.0.0-v11,regressor=7.0.0-v11",2026-08-10 18:57:43.833232+00
a0c8a781-9478-475e-a52c-3bea5b65ddfb,7698039f-bcda-4e69-8a4d-6e14a59fedb0,0.0112,73,2026-10-23,26.2500,conflict,"classifier=7.0.0-v11,regressor=7.0.0-v11",2026-08-10 18:57:43.833232+00
842418cc-282e-488a-aff9-8e9bb71ca759,f8291c6e-d521-48d4-8ead-4e4aa176f6c9,0.9995,10,2026-08-21,0.0000,urgent,"classifier=7.0.0-v11,regressor=7.0.0-v11",2026-08-10 18:57:43.833232+00
9476abd5-aedc-4ad1-bc5c-f5f4bcc5db08,39c35c65-a128-4fb3-ba13-1212bb44d323,0.9318,30,2026-09-10,9.5500,urgent,"classifier=7.0.0-v11,regressor=7.0.0-v11",2026-08-10 18:57:43.833232+00
dcf98cf8-2a57-4f94-99ff-3c0e39e09380,2c2727a0-44a0-4463-850c-53b32ec746d1,0.3203,33,2026-09-13,42.2700,watch,"classifier=7.0.0-v11,regressor=7.0.0-v11",2026-08-10 18:57:43.833232+00
a14e62dd-1c65-49bb-a6e4-8d4ac0f07dae,4e6a6551-7de8-43f7-8ee7-b07bd01ba2e0,0.1845,53,2026-10-03,14.7200,conflict,"classifier=7.0.0-v11,regressor=7.0.0-v11",2026-08-10 18:57:43.833232+00
a1567acb-33df-4bf0-a355-66983bf99c66,5c19baf2-01e4-4477-a919-1eed3d87cad0,0.0279,69,2026-10-19,50.1600,watch,"classifier=7.0.0-v11,regressor=7.0.0-v11",2026-08-10 18:57:43.833232+00
2fef6fa8-5bc7-4ca8-8fe7-d21620e1995f,c447ff11-4f0c-4a0c-b881-33c71fe95fa0,0.0266,118,2026-12-07,61.1300,watch,"classifier=7.0.0-v11,regressor=7.0.0-v11",2026-08-10 18:57:43.833232+00
937536bf-ca80-4ea9-81a6-c6d986ba61ef,079d02b3-18ec-4f7d-b5fb-8fcda42e3bc1,0.0036,71,2026-10-21,40.7300,watch,"classifier=7.0.0-v11,regressor=7.0.0-v11",2026-08-10 18:57:43.833232+00
df447f86-e70b-43a0-99e7-f1e2d49bb241,09fa5c6b-6850-44d0-b2eb-e6aba0fbe1af,0.0079,125,2026-12-14,43.9800,watch,"classifier=7.0.0-v11,regressor=7.0.0-v11",2026-08-10 18:57:43.833232+00
fc4bad56-e205-473e-936a-55c5ec54d5ee,9e10e83a-5f1d-40aa-bb79-e39357305216,0.0043,151,2027-01-09,58.4500,watch,"classifier=7.0.0-v11,regressor=7.0.0-v11",2026-08-10 18:57:43.833232+00
94e507d8-dd30-4d4b-aaf9-5bf6bc9f4447,3e21c77f-fc10-4831-b0fe-574f1cd1e56d,0.0189,118,2026-12-07,47.0400,watch,"classifier=7.0.0-v11,regressor=7.0.0-v11",2026-08-10 18:57:43.833232+00
76a33d7b-0297-4937-834b-57fed5c57736,f63ef9e3-bc85-499a-a2d4-fdbc34ea25b5,0.0070,53,2026-10-03,58.6600,watch,"classifier=7.0.0-v11,regressor=7.0.0-v11",2026-08-10 18:57:43.833232+00
bbe829de-1843-4681-8ce9-e9a0d369305d,0dcb67e2-d5fd-4ece-896b-17848c5136be,0.0081,153,2027-01-11,61.5600,watch,"classifier=7.0.0-v11,regressor=7.0.0-v11",2026-08-10 18:57:43.833232+00
d7121108-5013-4170-a4cc-317bc46f3c7a,c6311812-32a8-41b6-b5a6-48450a1f3761,0.4244,29,2026-09-09,23.0900,watch,"classifier=7.0.0-v11,regressor=7.0.0-v11",2026-08-10 18:57:43.833232+00
0b7ecbc4-30f5-498a-b676-4e7e421e8a3c,d4dca34b-da1b-4ac8-add1-13a0ba550714,0.0375,92,2026-11-11,53.2700,watch,"classifier=7.0.0-v11,regressor=7.0.0-v11",2026-08-10 18:57:43.833232+00
a1b221fb-635b-49f2-b6af-da86ed768b7e,d513205e-1a56-427f-8b65-346848f4707d,0.0061,99,2026-11-18,52.3100,watch,"classifier=7.0.0-v11,regressor=7.0.0-v11",2026-08-10 18:57:43.833232+00
c59d2876-8c77-4825-90ec-64d259c4a9c1,a8a07625-4154-4252-9c9d-b8937d719dde,0.7261,57,2026-10-07,32.7100,urgent,"classifier=7.0.0-v11,regressor=7.0.0-v11",2026-08-10 18:57:43.833232+00
edcac0df-191a-44ff-a42c-ea3e76c9bc2d,c1b20b6b-8c28-49a9-a5c3-9c9f5797ef7d,0.0568,65,2026-10-15,32.4100,conflict,"classifier=7.0.0-v11,regressor=7.0.0-v11",2026-08-10 18:57:43.833232+00
2ee67ef7-da08-4b61-a823-6f26a5dc95c7,8a53f477-ce2a-4fbf-b1a6-2c6f232b9842,0.0074,153,2027-01-11,60.0800,watch,"classifier=7.0.0-v11,regressor=7.0.0-v11",2026-08-10 18:57:43.833232+00
0b143108-a67a-4f10-912b-4c9c2e711dca,01613d85-32c6-4732-a4c3-0003c18fc363,0.0421,87,2026-11-06,45.9500,watch,"classifier=7.0.0-v11,regressor=7.0.0-v11",2026-08-10 18:57:43.833232+00
ceaa6235-a698-43c7-9465-b643373eb97e,19f908a9-2336-4bb0-b3cc-641156276986,0.9983,14,2026-08-25,0.0000,urgent,"classifier=7.0.0-v11,regressor=7.0.0-v11",2026-08-10 18:57:43.833232+00
c47ed126-b5b3-493d-af5a-f156b2551abd,f0bc519c-e0b5-4a5a-8f37-3a07e3a2e57e,0.0029,176,2027-02-03,50.9600,watch,"classifier=7.0.0-v11,regressor=7.0.0-v11",2026-08-10 18:57:43.833232+00
0568f29e-c784-46fa-a840-4de56c04f5ee,b4f49623-881f-467a-b23d-9fa7d1eb7517,0.9415,24,2026-09-04,1.5700,urgent,"classifier=7.0.0-v11,regressor=7.0.0-v11",2026-08-10 18:57:43.833232+00
ae52da66-01d6-4d8d-9050-849e85f11c71,c189760e-0f31-4094-8740-dd8d0ed776a6,0.0070,110,2026-11-29,41.0900,watch,"classifier=7.0.0-v11,regressor=7.0.0-v11",2026-08-10 18:57:43.833232+00
3fafe448-28e9-4be2-93db-13244060014b,8037ce5c-50bf-4fe7-a853-b302cd3c5022,0.3604,40,2026-09-20,8.9900,watch,"classifier=7.0.0-v11,regressor=7.0.0-v11",2026-08-10 18:57:43.833232+00
91212e84-3fae-4e70-9f8c-73164408dc9e,689e9dac-4a60-400c-9df7-8c0c3e426832,0.0162,143,2027-01-01,55.2900,watch,"classifier=7.0.0-v11,regressor=7.0.0-v11",2026-08-10 18:57:43.833232+00
3eb15e49-b6bb-42af-af7d-52cc1123a287,c408c5de-0785-4ae0-86bb-00e2f63b1b8c,0.9761,9,2026-08-20,0.0000,urgent,"classifier=7.0.0-v11,regressor=7.0.0-v11",2026-08-10 18:57:43.833232+00
00a5d144-48fb-414b-acb0-f5064761caad,4f15317a-1fcf-4c12-83f9-b3832c4c19f6,0.1165,36,2026-09-16,55.9600,watch,"classifier=7.0.0-v11,regressor=7.0.0-v11",2026-08-10 18:57:43.833232+00
50486149-f6d2-415c-bf7d-4b99c13fe6ae,2d33bd42-36e8-4e36-a4fa-a8fe3314780f,0.6457,86,2026-11-05,27.5200,urgent,"classifier=7.0.0-v11,regressor=7.0.0-v11",2026-08-10 18:57:43.833232+00
d3bdacf1-1f6c-43af-aa62-f685278a0637,8fbe953c-21e7-4e94-9331-74e751c0ca6f,0.9977,18,2026-08-29,0.0000,urgent,"classifier=7.0.0-v11,regressor=7.0.0-v11",2026-08-10 18:57:43.833232+00
136ddb70-782f-401a-82ba-a1c1f6012a77,7d580191-2a1c-4be1-b4b9-6c5dc57482d9,0.9999,11,2026-08-22,0.0000,urgent,"classifier=7.0.0-v11,regressor=7.0.0-v11",2026-08-10 18:57:43.833232+00
9e338d89-a2db-4ffb-a10d-36c7c917a11e,cbe6997b-b167-4ef2-b3fb-c9b979c58616,0.4325,77,2026-10-27,50.0600,watch,"classifier=7.0.0-v11,regressor=7.0.0-v11",2026-08-10 18:57:43.833232+00
47abfbb2-1f59-43dc-a7fb-309af84568ca,df88a72f-b7c3-4a4b-afb5-c63149c34cad,0.8044,31,2026-09-11,20.2100,urgent,"classifier=7.0.0-v11,regressor=7.0.0-v11",2026-08-10 18:57:43.833232+00
0bddb499-b8f6-4c18-b5a4-1388937f1c5d,ad400098-0fb8-46e6-83bf-4e2eeaccac60,0.2309,37,2026-09-17,40.1400,watch,"classifier=7.0.0-v11,regressor=7.0.0-v11",2026-08-10 18:57:43.833232+00
eea3f178-a5fc-40f3-81ce-165b03c2fe4a,e2078a98-cb72-4aa2-b04e-f3b6b4674524,0.4010,97,2026-11-16,38.5600,watch,"classifier=7.0.0-v11,regressor=7.0.0-v11",2026-08-10 18:57:43.833232+00
9c2b6835-3ee5-4ed9-8d34-40e96d1fe0ff,9ed31ad0-8f08-49b4-b090-34050c7e921f,0.0200,122,2026-12-11,48.6200,watch,"classifier=7.0.0-v11,regressor=7.0.0-v11",2026-08-10 18:57:43.833232+00
f8025301-ec4a-4ec5-9173-11be6f5bacec,abdfcf50-6be4-45d9-8aee-87567837ca2a,0.0066,152,2027-01-10,58.6900,watch,"classifier=7.0.0-v11,regressor=7.0.0-v11",2026-08-10 18:57:43.833232+00
fb34e295-baf8-4e48-8603-1017cbfbc653,46e78217-e55b-44fe-b1a7-aefe83373d5d,0.9965,21,2026-09-01,2.2400,urgent,"classifier=7.0.0-v11,regressor=7.0.0-v11",2026-08-10 18:57:43.833232+00
1d54a992-ac58-4728-b8ce-d80de9d8cd58,40c063d4-efd7-48da-96b8-b26ebcc4fd27,0.9998,11,2026-08-22,0.0000,urgent,"classifier=7.0.0-v11,regressor=7.0.0-v11",2026-08-10 18:57:43.833232+00
993002bf-dd16-4ffd-8301-eb004755fad6,77b60749-37e3-4f4d-a241-400b32656556,0.1370,131,2026-12-20,49.9400,watch,"classifier=7.0.0-v11,regressor=7.0.0-v11",2026-08-10 18:57:43.833232+00
2986fb62-f1e2-482c-b111-d25adc467223,d8b99a34-37e5-43f2-a1bc-ae002fbb4b60,0.0056,109,2026-11-28,60.3800,watch,"classifier=7.0.0-v11,regressor=7.0.0-v11",2026-08-10 18:57:43.833232+00
5392321e-3d3c-4944-acff-c5c6bba7a78b,2d5a3466-0edc-44f3-a648-7f3f7a1f2c14,0.2378,46,2026-09-26,29.3400,conflict,"classifier=7.0.0-v11,regressor=7.0.0-v11",2026-08-10 18:57:43.833232+00
5b9f1b09-6364-41b9-bf28-3518940104a2,07029f73-a075-433f-b076-6f13a106dacf,0.0436,107,2026-11-26,42.9300,watch,"classifier=7.0.0-v11,regressor=7.0.0-v11",2026-08-10 18:57:43.833232+00
ca49fdaa-5bd4-4460-8aee-76cd6cf85065,f2d5a5b2-310e-43cf-82f1-309c2eb07785,0.0329,69,2026-10-19,45.8500,watch,"classifier=7.0.0-v11,regressor=7.0.0-v11",2026-08-10 18:57:43.833232+00
55d56eaa-d863-4f70-952b-3d478ffe64dc,ab78f312-c0f2-4fb7-b82f-7b0fc8d91214,0.0412,43,2026-09-23,31.1400,conflict,"classifier=7.0.0-v11,regressor=7.0.0-v11",2026-08-10 18:57:43.833232+00
772ea20f-ce9f-4785-8ed4-8156ecef502b,eabeb31f-6ede-4bd8-a157-1ff9190a3c4f,0.9999,9,2026-08-20,0.0000,urgent,"classifier=7.0.0-v11,regressor=7.0.0-v11",2026-08-10 18:57:43.833232+00
bb79104e-7a23-4b0c-8fa7-3967f008fd8e,6b665a6c-e100-410e-8a91-4c407e4b69f9,0.0209,110,2026-11-29,53.3300,watch,"classifier=7.0.0-v11,regressor=7.0.0-v11",2026-08-10 18:57:43.833232+00
6b66a51e-3df9-4dee-b0c7-3ebcf199a51b,855153b3-5faa-4f63-835b-df9490eabf1e,0.5385,36,2026-09-16,20.7500,urgent,"classifier=7.0.0-v11,regressor=7.0.0-v11",2026-08-10 18:57:43.833232+00
5e784bec-018e-4878-96ac-01460067143c,320de2c2-203b-40e0-b395-7a72c1b70e14,0.1250,41,2026-09-21,35.7700,conflict,"classifier=7.0.0-v11,regressor=7.0.0-v11",2026-08-10 18:57:43.833232+00
9bd87851-1b50-4e4d-9d26-da06669794a9,14cff7a3-843c-409b-80b3-a57cc66fc4c2,0.0075,101,2026-11-20,42.9200,watch,"classifier=7.0.0-v11,regressor=7.0.0-v11",2026-08-10 18:57:43.833232+00
900a9890-80a4-4a03-bd7e-fd783fd3a709,d2f1d888-e72d-43af-9e4b-aff36d0da7a5,0.9991,1,2026-08-12,14.0900,urgent,"classifier=7.0.0-v11,regressor=7.0.0-v11",2026-08-10 18:57:43.833232+00
acf3445f-d8c5-445c-8d8f-8702421dc67b,c37cac35-0aa8-4526-b95e-3e2c1e845380,0.0039,133,2026-12-22,37.8800,conflict,"classifier=7.0.0-v11,regressor=7.0.0-v11",2026-08-10 18:57:43.833232+00
5247ad83-fa28-458f-b3ae-63ac98aa31a4,c8bebbed-9127-48f9-b5d1-45c8a1d94139,0.1584,87,2026-11-06,43.5800,watch,"classifier=7.0.0-v11,regressor=7.0.0-v11",2026-08-10 18:57:43.833232+00
ed786684-322e-4f5e-9428-6ef3ce165f00,3de86ea2-6c64-48cb-89d2-edb53749c033,0.9337,26,2026-09-06,6.4000,urgent,"classifier=7.0.0-v11,regressor=7.0.0-v11",2026-08-10 18:57:43.833232+00
dd399f33-66c6-4347-975d-4139055660b9,8031532f-cc33-4340-88a1-9f7037de6f64,0.0407,49,2026-09-29,43.5400,watch,"classifier=7.0.0-v11,regressor=7.0.0-v11",2026-08-10 18:57:43.833232+00
e0530faa-0e7e-48eb-8d67-ef8eac93e701,4fcdca25-785a-413b-923b-14a0d95f346a,0.9999,3,2026-08-14,0.0000,urgent,"classifier=7.0.0-v11,regressor=7.0.0-v11",2026-08-10 18:57:43.833232+00
78446d9e-b1cd-41bf-a453-e071d2a27ed0,6917ece3-c403-4a2a-b2d9-777e87c34b71,0.7739,34,2026-09-14,21.9700,urgent,"classifier=7.0.0-v11,regressor=7.0.0-v11",2026-08-10 18:57:43.833232+00
e00b3b78-1ff8-454d-859e-de2b8ae222be,6afa9f77-c0a3-49fa-8f00-1c6dbad64985,0.9926,19,2026-08-30,0.0000,urgent,"classifier=7.0.0-v11,regressor=7.0.0-v11",2026-08-10 18:57:43.833232+00
b5ee778c-b98a-438b-8121-503b3ef2eb84,810d6693-00f6-4025-b87d-85ffd1cfdf8f,0.0102,173,2027-01-31,46.5800,watch,"classifier=7.0.0-v11,regressor=7.0.0-v11",2026-08-10 18:57:43.833232+00
84f3cb39-d313-49e4-9214-f250a6aaa205,00cf7e25-f31a-41d9-b997-fe70ba1deeba,0.9422,23,2026-09-03,7.3000,urgent,"classifier=7.0.0-v11,regressor=7.0.0-v11",2026-08-10 18:57:43.833232+00
dc4ae53e-cd57-4148-b83d-08969553ef9a,9e599506-d8b7-45a1-bc29-037aaeca854b,0.0279,65,2026-10-15,50.1400,watch,"classifier=7.0.0-v11,regressor=7.0.0-v11",2026-08-10 18:57:43.833232+00
d5069fff-8ea9-40f4-bdb2-5bb7b59f5016,fa7b7a96-da06-4b69-8d99-43d777490b27,0.0087,143,2027-01-01,62.3800,watch,"classifier=7.0.0-v11,regressor=7.0.0-v11",2026-08-10 18:57:43.833232+00
5353b0f0-3a08-4c03-b3fd-ec9f6e0bb085,ce801a8a-fe4c-49af-ade0-fc508f833599,0.0091,91,2026-11-10,52.8600,watch,"classifier=7.0.0-v11,regressor=7.0.0-v11",2026-08-10 18:57:43.833232+00
6e57716b-ee26-416f-93fe-58f4035f6e65,14646eb1-591f-4498-a61a-a85ee82ca0e4,0.2367,111,2026-11-30,50.9400,watch,"classifier=7.0.0-v11,regressor=7.0.0-v11",2026-08-10 18:57:43.833232+00
f61f3fac-b324-467c-8c83-19dff7841312,9001115e-c9ba-4b35-9157-c79eef156923,0.0223,67,2026-10-17,48.5400,watch,"classifier=7.0.0-v11,regressor=7.0.0-v11",2026-08-10 18:57:43.833232+00
c3259cd4-7450-4766-a6de-2bdea1327af9,93dbd4d3-6b7e-4cb5-8592-a060511a8983,0.0052,163,2027-01-21,59.5200,watch,"classifier=7.0.0-v11,regressor=7.0.0-v11",2026-08-10 18:57:43.833232+00
3d0843fe-6b49-45da-bb99-05c861cae1c8,b173aa11-f495-44aa-9984-14e5c161c094,0.0492,108,2026-11-27,57.4800,watch,"classifier=7.0.0-v11,regressor=7.0.0-v11",2026-08-10 18:57:43.833232+00
15e7d7a1-26ab-4bb0-b512-01004146a15b,f11ca249-e220-4dd6-85cb-a4bbabcd04fe,0.0253,123,2026-12-12,51.9500,watch,"classifier=7.0.0-v11,regressor=7.0.0-v11",2026-08-10 18:57:43.833232+00
93e1aaa7-74c3-452a-abdb-2255b6c14e11,3d631dd0-158a-4b03-9335-dcb8890dacac,0.9998,5,2026-08-16,0.0000,urgent,"classifier=7.0.0-v11,regressor=7.0.0-v11",2026-08-10 18:57:43.833232+00
ee141e45-5a3f-4c69-9144-a47160e2cb34,a87725d8-9668-4fd1-91e2-a723551f64cb,0.0099,76,2026-10-26,32.6700,conflict,"classifier=7.0.0-v11,regressor=7.0.0-v11",2026-08-10 18:57:43.833232+00
a100fa58-d04b-4232-981b-ae79a53340ef,76b92cfb-14fb-4070-a5c9-57b5d0bcac2a,0.9914,11,2026-08-22,0.0000,urgent,"classifier=7.0.0-v11,regressor=7.0.0-v11",2026-08-10 18:57:43.833232+00
bca08498-39f6-4cef-b62d-e526e3bd0207,32814e54-e803-4a7f-bff9-252710b13c74,0.0672,50,2026-09-30,33.3900,conflict,"classifier=7.0.0-v11,regressor=7.0.0-v11",2026-08-10 18:57:43.833232+00
9dd10224-a1e9-40eb-b486-3b043592c319,3803223f-20b5-481e-a321-5a4a4a6a4d97,0.0078,68,2026-10-18,48.8900,watch,"classifier=7.0.0-v11,regressor=7.0.0-v11",2026-08-10 18:57:43.833232+00
5ec85175-7f2b-4586-968e-d1a27e1be322,494e5f94-eed5-483d-85a8-02c2660b8d4d,0.0051,185,2027-02-12,63.2000,watch,"classifier=7.0.0-v11,regressor=7.0.0-v11",2026-08-10 18:57:43.833232+00
011ca87c-b672-47cd-bcc6-b616aa401092,1b3b71fc-190f-4ef5-9cbb-16a20b9be120,0.9716,20,2026-08-31,0.0000,urgent,"classifier=7.0.0-v11,regressor=7.0.0-v11",2026-08-10 18:57:43.833232+00
0c82b7ea-4009-45b7-aaa9-42b1eeee63e9,a69c03e7-be17-4261-9931-28c92a5dd71f,0.1537,46,2026-09-26,25.7600,conflict,"classifier=7.0.0-v11,regressor=7.0.0-v11",2026-08-10 18:57:43.833232+00
3cf3a775-99b1-4334-810e-e184703457f3,8d1844a1-2086-4adb-9b7f-07748ab7c83c,0.0203,81,2026-10-31,59.0500,watch,"classifier=7.0.0-v11,regressor=7.0.0-v11",2026-08-10 18:57:43.833232+00
0e3c1912-aaac-4004-ba10-aa4552fbe696,6620d2b6-50dd-4118-ac3e-5447917d859d,0.9998,10,2026-08-21,0.0000,urgent,"classifier=7.0.0-v11,regressor=7.0.0-v11",2026-08-10 18:57:43.833232+00
165c6fc0-ee0c-443d-b5b1-dfbbea713882,fb3eb4b7-72aa-46fa-8a0f-5ac5d1d11e69,0.1921,111,2026-11-30,41.5800,watch,"classifier=7.0.0-v11,regressor=7.0.0-v11",2026-08-10 18:57:43.833232+00
8b2ffd14-6ef1-44a9-8c73-b9c663c40825,dfd5d15e-0615-4591-a5f3-ffc82e08cdab,0.8654,25,2026-09-05,0.0000,urgent,"classifier=7.0.0-v11,regressor=7.0.0-v11",2026-08-10 18:57:43.833232+00
70311164-2072-495b-98ab-4a3d1b76de71,79edb5c8-0b2d-4d38-9c6e-d98528c57c68,0.0644,77,2026-10-27,30.8900,conflict,"classifier=7.0.0-v11,regressor=7.0.0-v11",2026-08-10 18:57:43.833232+00
3340ea97-ee03-4283-af8e-350c369402f1,7b9d8958-8921-4dd7-b536-a449774e09b3,0.3114,54,2026-10-04,38.7200,watch,"classifier=7.0.0-v11,regressor=7.0.0-v11",2026-08-10 18:57:43.833232+00
f4828fad-5763-4504-b226-4794b7d767d5,b2cae884-d7e7-44d3-b595-b26ada43ce67,0.9997,5,2026-08-16,0.0000,urgent,"classifier=7.0.0-v11,regressor=7.0.0-v11",2026-08-10 18:57:43.833232+00
860cd6d6-8612-46d6-ae84-cb6503fdaa21,7ff93618-4f0b-474e-9034-d7dd02ea4338,0.2425,44,2026-09-24,22.7100,conflict,"classifier=7.0.0-v11,regressor=7.0.0-v11",2026-08-10 18:57:43.833232+00
ab8b3405-8bee-4739-b1c2-45564165f0fd,38bd90df-690c-411a-bb45-e59e8f6a766f,0.0264,55,2026-10-05,36.2200,conflict,"classifier=7.0.0-v11,regressor=7.0.0-v11",2026-08-10 18:57:43.833232+00
f4577108-b6e1-4132-9d24-9a32dbb386f1,e7367de4-7e42-45e8-9d38-16f5648cb3ce,0.1251,88,2026-11-07,36.7000,conflict,"classifier=7.0.0-v11,regressor=7.0.0-v11",2026-08-10 18:57:43.833232+00
0a304b9e-83c2-4194-b925-1580eb53afe1,b1bf27f6-f668-4fe9-b054-6924b52b63b3,0.1759,65,2026-10-15,35.8000,conflict,"classifier=7.0.0-v11,regressor=7.0.0-v11",2026-08-10 18:57:43.833232+00
63e331ac-d48e-4e1a-851e-76b8f45c7609,dd53634b-f805-4fee-9f15-9fd15d6b1fdb,0.0118,91,2026-11-10,38.0500,conflict,"classifier=7.0.0-v11,regressor=7.0.0-v11",2026-08-10 18:57:43.833232+00
d5da9fdb-2b4c-436c-8291-58195fc91cab,6d9c4e90-8ac5-43fa-a060-68e85ed89ebc,0.0097,88,2026-11-07,40.3400,watch,"classifier=7.0.0-v11,regressor=7.0.0-v11",2026-08-10 18:57:43.833232+00
6560bdff-9509-4f6b-a1dc-193e4ee28636,4c132132-4625-4acf-89a2-af1f0f33fc14,0.0722,48,2026-09-28,32.5500,conflict,"classifier=7.0.0-v11,regressor=7.0.0-v11",2026-08-10 18:57:43.833232+00
5c5da31c-9461-4f57-985d-d5bef0085e6f,85c54327-4a1c-46d3-810f-e7eb9ba8be64,0.1937,70,2026-10-20,40.1800,watch,"classifier=7.0.0-v11,regressor=7.0.0-v11",2026-08-10 18:57:43.833232+00
a26eb861-379d-4f3d-8310-6aa0439d873a,b4eed28a-120a-4257-bafd-174dbea68462,0.9993,11,2026-08-22,0.0000,urgent,"classifier=7.0.0-v11,regressor=7.0.0-v11",2026-08-10 18:57:43.833232+00
3f70a9be-478a-4bd0-813e-8c8add130767,5d0e99e1-40a3-409e-983b-710b44425ba8,0.1057,43,2026-09-23,34.7000,conflict,"classifier=7.0.0-v11,regressor=7.0.0-v11",2026-08-10 18:57:43.833232+00
4c4f9834-ea00-4a4a-b186-0f621ae8b53f,cf2a107f-408c-4f82-97a1-9d538f081ae8,0.0038,76,2026-10-26,53.4300,watch,"classifier=7.0.0-v11,regressor=7.0.0-v11",2026-08-10 18:57:43.833232+00
12d32b1d-8724-4b09-8f8f-7dbc22baf830,f05d4653-bb46-4466-a6fe-ddcf1200fcf8,0.0373,71,2026-10-21,49.7300,watch,"classifier=7.0.0-v11,regressor=7.0.0-v11",2026-08-10 18:57:43.833232+00
a7329c1a-e944-4c9b-a88e-7e4679f1252a,d108a9c6-efb2-40fc-b799-ab4eb1282f2e,0.9208,16,2026-08-27,4.4900,urgent,"classifier=7.0.0-v11,regressor=7.0.0-v11",2026-08-10 18:57:43.833232+00
8028d492-b010-42b1-982f-4746517499de,66f62888-6a2b-4f73-898a-cfc7a6d6b4f5,0.5417,40,2026-09-20,24.8200,urgent,"classifier=7.0.0-v11,regressor=7.0.0-v11",2026-08-10 18:57:43.833232+00
19f214b2-6ec7-4256-b3bd-8195f9d21e15,5870cc13-21cb-4351-aa76-bb94e21946e0,0.0129,112,2026-12-01,50.3900,watch,"classifier=7.0.0-v11,regressor=7.0.0-v11",2026-08-10 18:57:43.833232+00
d7aeb6d9-8eca-4efb-bc02-ca5695541bac,4cd6ddc8-6fa5-4257-a13e-64c33fd976f3,0.0061,129,2026-12-18,58.3900,watch,"classifier=7.0.0-v11,regressor=7.0.0-v11",2026-08-10 18:57:43.833232+00
bb1b8702-b238-46bf-ad15-d404650779ce,b26f21fc-27cc-4310-8644-180443dc0a22,0.8699,22,2026-09-02,0.0000,urgent,"classifier=7.0.0-v11,regressor=7.0.0-v11",2026-08-10 18:57:43.833232+00
ba0a0985-74ac-4205-8ffa-fd3a2af97d2f,e6c64c5d-a603-4aa2-912a-2ead16c39cac,0.8973,19,2026-08-30,7.7500,urgent,"classifier=7.0.0-v11,regressor=7.0.0-v11",2026-08-10 18:57:43.833232+00
28cb6a6e-a245-4902-9f6a-3e055786ab3c,18d28e72-f372-46a8-800c-bcf9fde8b798,0.1466,74,2026-10-24,42.4100,watch,"classifier=7.0.0-v11,regressor=7.0.0-v11",2026-08-10 18:57:43.833232+00
65e364fe-4ec6-45d3-96bc-a970d7be4f70,dfb2a97c-5eba-4287-aea0-87cb3c12db25,0.3526,37,2026-09-17,24.1000,watch,"classifier=7.0.0-v11,regressor=7.0.0-v11",2026-08-10 18:57:43.833232+00
6a31bac1-97e0-4f70-9c11-248a2f9cf642,1c1765d8-de66-48c2-b584-13b3d709ca5d,0.3087,45,2026-09-25,29.4000,watch,"classifier=7.0.0-v11,regressor=7.0.0-v11",2026-08-10 18:57:43.833232+00
1e1d83a6-f360-44f5-ad6c-c2e05afa3649,edb53c87-737f-41c6-8842-a8063fc3eb0b,0.4870,30,2026-09-10,21.0000,watch,"classifier=7.0.0-v11,regressor=7.0.0-v11",2026-08-10 18:57:43.833232+00
00fb4ad6-3c04-40d9-b59b-ecc585d18d45,5164707c-df40-4b2d-9990-e7ba7a593d16,0.0173,92,2026-11-11,37.5900,conflict,"classifier=7.0.0-v11,regressor=7.0.0-v11",2026-08-10 18:57:43.833232+00
9be22838-ffd3-476f-a207-cb70827cd44c,a5ba25bb-5d3f-4a31-8076-16759638408e,0.0253,47,2026-09-27,38.3300,conflict,"classifier=7.0.0-v11,regressor=7.0.0-v11",2026-08-10 18:57:43.833232+00
c47d945e-3993-40ef-a54b-d02b814bcc04,a9e53f75-3f82-4b55-89f1-d0133b6b6a86,0.0169,99,2026-11-18,46.5700,watch,"classifier=7.0.0-v11,regressor=7.0.0-v11",2026-08-10 18:57:43.833232+00
6464fb3e-e13c-4452-97cd-4518ec378bc1,c1004622-a295-452f-800f-30376cd864c2,0.9151,27,2026-09-07,10.0300,urgent,"classifier=7.0.0-v11,regressor=7.0.0-v11",2026-08-10 18:57:43.833232+00
5e2f69d4-94de-4a81-824f-5cf665e6e858,985cf293-da9d-446f-8d2f-d8d6e756e8d7,0.8452,29,2026-09-09,13.1400,urgent,"classifier=7.0.0-v11,regressor=7.0.0-v11",2026-08-10 18:57:43.833232+00
4bcfefe0-98b4-464d-9d1f-28d940f5301e,99d9536e-8989-4b62-898e-6ab42e460242,0.9354,31,2026-09-11,17.6800,urgent,"classifier=7.0.0-v11,regressor=7.0.0-v11",2026-08-10 18:57:43.833232+00
c26772c5-f5e6-4238-b935-41ab0559df81,3366c0df-1020-47c8-8547-ff7850f58e1d,0.0128,103,2026-11-22,41.1900,watch,"classifier=7.0.0-v11,regressor=7.0.0-v11",2026-08-10 18:57:43.833232+00
c19266d5-105f-421a-b6dc-41a8c0f1e297,0507d399-4e22-4c15-be07-3e57b14bb1b6,0.0404,67,2026-10-17,33.7100,conflict,"classifier=7.0.0-v11,regressor=7.0.0-v11",2026-08-10 18:57:43.833232+00
aece58f1-53fc-453e-a36a-f69e415901a2,752910a5-c5b4-4594-888a-8910601e4967,0.9998,9,2026-08-20,0.8900,urgent,"classifier=7.0.0-v11,regressor=7.0.0-v11",2026-08-10 18:57:43.833232+00
3a828f06-9d32-4265-b419-14d0261ca341,28e79822-f80d-408a-84dc-9ae48c47a36c,0.0213,48,2026-09-28,44.5100,watch,"classifier=7.0.0-v11,regressor=7.0.0-v11",2026-08-10 18:57:43.833232+00
e40aaa34-00ce-4b8d-9e4e-e94a1cbd8e0e,90849b14-0cfd-47c6-a78e-b679f4567896,0.9112,28,2026-09-08,0.5100,urgent,"classifier=7.0.0-v11,regressor=7.0.0-v11",2026-08-10 18:57:43.833232+00
73a33aa2-3b2e-4dec-9ce3-5ac997bac81a,96520911-34b0-4860-8d17-e31d74164fb1,0.0561,69,2026-10-19,27.1600,conflict,"classifier=7.0.0-v11,regressor=7.0.0-v11",2026-08-10 18:57:43.833232+00
946b556a-1d69-4085-a68d-4f36fea18fa4,a71d25ab-55d3-42e4-9e48-98ce0de14f56,0.0470,87,2026-11-06,49.9500,watch,"classifier=7.0.0-v11,regressor=7.0.0-v11",2026-08-10 18:57:43.833232+00
c2c1f3f2-ebc5-4944-a371-86d71d0ebd45,6e0515f5-1e47-40a2-a035-18eaf3f248a9,0.0110,83,2026-11-02,32.6600,conflict,"classifier=7.0.0-v11,regressor=7.0.0-v11",2026-08-10 18:57:43.833232+00
d0cf07cc-de98-4dc0-93e9-b3bc3a9fcec4,e2966d9f-ab49-47d7-a15e-efa7fd80cdf0,0.1444,51,2026-10-01,26.1500,conflict,"classifier=7.0.0-v11,regressor=7.0.0-v11",2026-08-10 18:57:43.833232+00
c7b1bafc-dc66-424f-af3a-33cbd0525b80,f678f355-e296-443e-90a6-276ea0fd0b92,0.8843,25,2026-09-05,10.0100,urgent,"classifier=7.0.0-v11,regressor=7.0.0-v11",2026-08-10 18:57:43.833232+00
45d53f64-b231-4454-9e3d-a0d636308d7e,6d908a07-9c8e-4264-b452-1fb7f540e3cf,0.1449,69,2026-10-19,45.4700,watch,"classifier=7.0.0-v11,regressor=7.0.0-v11",2026-08-10 18:57:43.833232+00
69ec8d9d-5b7c-4895-b1ea-06bea3fde55d,80b5ea63-9aa8-4469-b2a4-9fa1d7ac5c2d,0.0125,123,2026-12-12,69.5200,watch,"classifier=7.0.0-v11,regressor=7.0.0-v11",2026-08-10 18:57:43.833232+00
8b6a5a64-9649-4795-8ddb-f3e8d642fb27,a838d374-572b-40c4-b331-560dfc970553,0.1476,72,2026-10-22,46.3700,watch,"classifier=7.0.0-v11,regressor=7.0.0-v11",2026-08-10 18:57:43.833232+00
01184245-cedb-414f-8000-3c62d8b95a93,e110bf63-93c3-4764-ac59-c3cc9b17a7db,0.0097,128,2026-12-17,54.9600,watch,"classifier=7.0.0-v11,regressor=7.0.0-v11",2026-08-10 18:57:43.833232+00
85e12c3d-ce32-4c38-afbf-3a00c1e32d85,bf878007-dd6f-414c-870d-51b2eeaf5cf5,0.0145,79,2026-10-29,50.4700,watch,"classifier=7.0.0-v11,regressor=7.0.0-v11",2026-08-10 18:57:43.833232+00
20991c21-fb7f-4fc2-9519-2ba53db07e87,ce612d8f-2c97-49a1-9228-fde704c5053e,0.5247,37,2026-09-17,5.7800,urgent,"classifier=7.0.0-v11,regressor=7.0.0-v11",2026-08-10 18:57:43.833232+00
ee1a9c26-67cb-441f-9e7f-2a9d6abcdb8a,24284d81-453a-468a-bba5-25bd85a3d403,0.3769,31,2026-09-11,26.1300,watch,"classifier=7.0.0-v11,regressor=7.0.0-v11",2026-08-10 18:57:43.833232+00
1801bbe7-f7e8-4bed-8d97-bd91c93cf921,74955792-b891-41c5-8c51-a1088ddbcd78,0.0051,78,2026-10-28,70.4200,watch,"classifier=7.0.0-v11,regressor=7.0.0-v11",2026-08-10 18:57:43.833232+00
5cd7ffb5-e074-40df-90df-9b1819bf4529,0044d1d4-b9b5-4622-87f3-458935555097,0.9995,15,2026-08-26,13.8200,urgent,"classifier=7.0.0-v11,regressor=7.0.0-v11",2026-08-10 18:57:43.833232+00
5a5b9551-e147-44f6-82b1-de60437594b4,5845f04a-220a-4043-a53b-00020fd42290,0.1078,106,2026-11-25,62.2700,watch,"classifier=7.0.0-v11,regressor=7.0.0-v11",2026-08-10 18:57:43.833232+00
0cac1e45-4022-4d86-acb8-b494201a54bd,a07baef9-4aff-4418-b3d6-b4a473a42aad,0.1049,73,2026-10-23,33.0100,conflict,"classifier=7.0.0-v11,regressor=7.0.0-v11",2026-08-10 18:57:43.833232+00
1c0cc338-0ae9-48c9-86be-f299bb7dbf8a,6bdfc2a2-4498-4c51-b5c9-6a35ea1cf25b,0.0044,99,2026-11-18,42.5700,watch,"classifier=7.0.0-v11,regressor=7.0.0-v11",2026-08-10 18:57:43.833232+00
7f105861-35ad-4989-bf3e-1b94c682e9d6,800204e4-2aaa-48dd-b2f7-324bb8f7a885,0.0286,101,2026-11-20,52.1600,watch,"classifier=7.0.0-v11,regressor=7.0.0-v11",2026-08-10 18:57:43.833232+00
19f65263-6131-4122-9b24-2a7993ea598d,4321dee6-3718-4232-8071-d5e3f805a91d,0.8329,35,2026-09-15,0.0000,urgent,"classifier=7.0.0-v11,regressor=7.0.0-v11",2026-08-10 18:57:43.833232+00
65ef5f6d-a901-49a2-b153-f25a8233b6d5,4f9e2444-cf3b-455d-8b17-8eddf87f703e,0.4158,44,2026-09-24,15.2700,watch,"classifier=7.0.0-v11,regressor=7.0.0-v11",2026-08-10 18:57:43.833232+00
8f11605c-658e-4c52-a822-eb1534165ad5,aeb41745-356c-4b18-9e63-c1d335c2d225,0.0143,136,2026-12-25,59.2800,watch,"classifier=7.0.0-v11,regressor=7.0.0-v11",2026-08-10 18:57:43.833232+00
da068c19-ef63-483e-8089-85783b58fb2b,6790cbaf-798f-4239-b0c3-7b10c7a1c8a4,0.1449,118,2026-12-07,44.5900,watch,"classifier=7.0.0-v11,regressor=7.0.0-v11",2026-08-10 18:57:43.833232+00
2dbffec8-207f-4604-9950-1220a2c37cce,6dbabe7c-2f75-469e-8e53-ce5136bb0543,0.0085,150,2027-01-08,55.6800,watch,"classifier=7.0.0-v11,regressor=7.0.0-v11",2026-08-10 18:57:43.833232+00
49464bc0-d24f-4c70-96ee-19739a451d6d,82f308a9-8006-41ee-ac8a-389e500bd4fd,0.2974,95,2026-11-14,34.5500,watch,"classifier=7.0.0-v11,regressor=7.0.0-v11",2026-08-10 18:57:43.833232+00
ca6890d7-330e-4e7d-b215-e217b8cd8b63,a00e2f8d-b42f-48eb-9853-cb22f2286ce2,0.5118,35,2026-09-15,19.1900,watch,"classifier=7.0.0-v11,regressor=7.0.0-v11",2026-08-10 18:57:43.833232+00
7fdd1abe-61f5-4697-b791-0bb34165c182,88df48f8-c6fc-4271-9542-16880ebc0330,0.0118,64,2026-10-14,38.1100,conflict,"classifier=7.0.0-v11,regressor=7.0.0-v11",2026-08-10 18:57:43.833232+00
468cc818-bd49-4d06-adb8-7f22cf5a399d,4d4e00d7-1c52-40b0-bcb1-afa81a86c9a7,0.0064,116,2026-12-05,46.5200,watch,"classifier=7.0.0-v11,regressor=7.0.0-v11",2026-08-10 18:57:43.833232+00
6e9a16e8-6569-4285-a8d9-19de265587a0,61535406-4b76-4d2b-9dc4-6fd5045df502,0.0064,142,2026-12-31,49.3600,watch,"classifier=7.0.0-v11,regressor=7.0.0-v11",2026-08-10 18:57:43.833232+00
09f303ff-0796-42a1-9b6b-dcc382e718a1,dbcecd69-a627-4b0f-8cf0-87c3ff700c3a,0.3151,36,2026-09-16,21.6900,watch,"classifier=7.0.0-v11,regressor=7.0.0-v11",2026-08-10 18:57:43.833232+00
9af99de3-f9e4-4dc9-ae1e-96d0a2baa4ec,5548ee88-d4b6-48e8-b099-016b2eac0566,0.0080,77,2026-10-27,42.2400,watch,"classifier=7.0.0-v11,regressor=7.0.0-v11",2026-08-10 18:57:43.833232+00
6a363b0b-db11-49d9-93d5-ed5556595602,02acbd3f-6b2a-4134-8d00-6d0ca110aa43,0.0113,113,2026-12-02,64.8000,watch,"classifier=7.0.0-v11,regressor=7.0.0-v11",2026-08-10 18:57:43.833232+00
3b02285d-6000-4629-9f04-5a3d8cc03bbe,2087abd2-eb2c-4f17-9ec2-04ba9e0722fc,0.9926,17,2026-08-28,2.9400,urgent,"classifier=7.0.0-v11,regressor=7.0.0-v11",2026-08-10 18:57:43.833232+00
552070bb-e5ef-4fa2-be2e-98a24118a7f1,765c4ae6-ddf0-4b5b-868e-dc64b71a8adc,0.0203,48,2026-09-28,43.6900,watch,"classifier=7.0.0-v11,regressor=7.0.0-v11",2026-08-10 18:57:43.833232+00
03e1522b-7510-41e7-9370-df596522e21f,7f911169-073c-45e3-9070-4c3b8f88932a,0.5143,16,2026-08-27,15.6600,watch,"classifier=7.0.0-v11,regressor=7.0.0-v11",2026-08-10 18:57:43.833232+00
f82c6b1c-13a7-4719-bdf5-092d0943a5e4,fa2cad79-eb72-4e60-9692-0d329d7f16b7,0.4295,36,2026-09-16,23.7700,watch,"classifier=7.0.0-v11,regressor=7.0.0-v11",2026-08-10 18:57:43.833232+00
0aaceac1-b4a3-44bd-9d6d-754c84f767f8,d76aaa82-8c42-4049-b30b-4c5e50afee74,0.1937,46,2026-09-26,24.2400,conflict,"classifier=7.0.0-v11,regressor=7.0.0-v11",2026-08-10 18:57:43.833232+00
eb666e23-7f1b-4ad0-ba23-179a1c2804fd,f8643b76-79f1-40b5-a451-b831518d7be9,0.8505,16,2026-08-27,2.9300,urgent,"classifier=7.0.0-v11,regressor=7.0.0-v11",2026-08-10 18:57:43.833232+00
a18b7c00-c041-4fe4-954e-b39388be70ab,1d5b6c37-64b0-4d21-8246-f5c0ff1ce270,0.0154,82,2026-11-01,42.4200,watch,"classifier=7.0.0-v11,regressor=7.0.0-v11",2026-08-10 18:57:43.833232+00
6a400cdc-bbfc-4702-9f85-d3c7a8bbd5e0,a12b69c0-1e74-48c0-b9df-2c337973ba36,0.0471,58,2026-10-08,42.5300,watch,"classifier=7.0.0-v11,regressor=7.0.0-v11",2026-08-10 18:57:43.833232+00
6a58dd4e-6420-4a46-9683-33be36aac1fd,b852110c-0fdc-4588-b345-b2ae27fddcf6,0.0368,95,2026-11-14,54.0300,watch,"classifier=7.0.0-v11,regressor=7.0.0-v11",2026-08-10 18:57:43.833232+00
4a966add-b409-4404-b7e8-e70360f45c92,f63250b5-0058-4e7b-9ee2-a57386a6e303,0.9745,23,2026-09-03,0.0000,urgent,"classifier=7.0.0-v11,regressor=7.0.0-v11",2026-08-10 18:57:43.833232+00
b60dee3b-2969-4514-98cd-5acb095fc148,d7f1a79c-ceff-4e6f-a075-13e86a3465d8,0.5412,31,2026-09-11,33.3000,urgent,"classifier=7.0.0-v11,regressor=7.0.0-v11",2026-08-10 18:57:43.833232+00
129596f6-5ca0-41bd-a91e-d4bf5ddba697,89bc710f-f711-47cb-a7e4-215e9d0d17ff,0.3258,39,2026-09-19,36.2000,watch,"classifier=7.0.0-v11,regressor=7.0.0-v11",2026-08-10 18:57:43.833232+00
f2d7feda-5bdc-4990-bdab-55fda5603269,04db65f1-caf5-4f8f-ba94-6e8ae8ecc7bd,0.0224,52,2026-10-02,45.0000,watch,"classifier=7.0.0-v11,regressor=7.0.0-v11",2026-08-10 18:57:48.370934+00
a176e79a-17d3-47b2-a46d-10691623f962,aff70554-5d52-4ae3-ab94-d8ce37b04506,0.9999,1,2026-08-12,0.0000,urgent,"classifier=7.0.0-v11,regressor=7.0.0-v11",2026-08-10 18:57:48.370934+00
48a2ef7a-1969-473f-b0dc-f1d0dbaf60ef,00569254-8f6b-4a4f-a65a-ca7e6458fd46,0.0055,101,2026-11-20,47.7500,watch,"classifier=7.0.0-v11,regressor=7.0.0-v11",2026-08-10 18:57:48.370934+00
91078d49-1f1d-413f-a62d-db92f83fcdd3,01012599-6ec7-4baa-9328-b376893a566b,0.0039,125,2026-12-14,66.0200,watch,"classifier=7.0.0-v11,regressor=7.0.0-v11",2026-08-10 18:57:48.370934+00
77bef49b-1768-4657-88e8-24c1692cb270,5b295364-2630-4694-bcd6-47bfc97883a4,0.9999,6,2026-08-17,0.0000,urgent,"classifier=7.0.0-v11,regressor=7.0.0-v11",2026-08-10 18:57:48.370934+00
a8c1da9c-ebc4-4437-83eb-998c44b7b4c9,38989727-3091-48bd-aef2-a3b8d4f30719,0.0322,77,2026-10-27,58.9300,watch,"classifier=7.0.0-v11,regressor=7.0.0-v11",2026-08-10 18:57:48.370934+00
2919bfe1-d58d-4d1b-9bc1-b8ba62f192ac,d7ddcf5c-a8d7-42ed-ae9c-f6abfbbe678c,0.0089,108,2026-11-27,64.2700,watch,"classifier=7.0.0-v11,regressor=7.0.0-v11",2026-08-10 18:57:48.370934+00
e96ed4e3-1840-44e5-b40b-e92abdf0248d,7f4ec061-27da-4f01-bae7-ee92f4ad02a8,0.0100,69,2026-10-19,45.0500,watch,"classifier=7.0.0-v11,regressor=7.0.0-v11",2026-08-10 18:57:48.370934+00
936efaaf-e3df-4aae-ac17-5bc85b3bfdf7,ba24d44f-89d7-46f6-bca0-0e88f2609048,0.1181,39,2026-09-19,51.0700,watch,"classifier=7.0.0-v11,regressor=7.0.0-v11",2026-08-10 18:57:48.370934+00
2cb8dee4-c291-48a5-a19e-1e8423d46c00,e68cc4b9-0014-498d-a81a-e3e0fa17e723,0.0048,154,2027-01-12,38.5900,conflict,"classifier=7.0.0-v11,regressor=7.0.0-v11",2026-08-10 18:57:48.370934+00
82e32eab-1636-4e9d-828e-074e0d2cbbd8,f406213d-438b-42d0-b5a0-af45d4f0cec4,0.9981,13,2026-08-24,0.0000,urgent,"classifier=7.0.0-v11,regressor=7.0.0-v11",2026-08-10 18:57:48.370934+00
2ac030ab-81a7-4f28-85f8-4b050dcf366d,435bafcf-7332-4e44-b7f5-c3fe116a9f8b,0.0226,136,2026-12-25,43.3300,watch,"classifier=7.0.0-v11,regressor=7.0.0-v11",2026-08-10 18:57:48.370934+00
12f0d3d0-9f2f-4e11-8799-3bb6511a9c91,85abe342-65a2-474d-9918-64f8c5891699,0.9833,22,2026-09-02,0.7400,urgent,"classifier=7.0.0-v11,regressor=7.0.0-v11",2026-08-10 18:57:48.370934+00
43be5164-6a5a-44db-a793-9b732d45ee00,6110db6d-cb80-4658-bbb6-3687a2edc826,0.9968,19,2026-08-30,0.0000,urgent,"classifier=7.0.0-v11,regressor=7.0.0-v11",2026-08-10 18:57:48.370934+00
39ee5bd0-2813-4ee7-ad23-b3d9714fcd39,aa2ebdaf-26f2-42d0-8625-9b9437ecea41,0.0103,84,2026-11-03,57.1000,watch,"classifier=7.0.0-v11,regressor=7.0.0-v11",2026-08-10 18:57:48.370934+00
4712e560-4aec-4531-90eb-c471a349e97b,301f21d5-ef31-48eb-b8ce-3065c3003bf7,0.0231,73,2026-10-23,50.0300,watch,"classifier=7.0.0-v11,regressor=7.0.0-v11",2026-08-10 18:57:48.370934+00
cdcc1cd3-2474-4c6f-9326-89994eba1ff9,8460a2bc-30ae-4a26-9c09-75af1ba3b47b,0.9041,28,2026-09-08,6.5600,urgent,"classifier=7.0.0-v11,regressor=7.0.0-v11",2026-08-10 18:57:48.370934+00
ace0aa73-e076-418a-8f88-579d9a3b7359,1621a9c7-d95e-420e-a2c6-821e3a64c4c1,0.0043,62,2026-10-12,31.0700,conflict,"classifier=7.0.0-v11,regressor=7.0.0-v11",2026-08-10 18:57:48.370934+00
ce646a5e-712f-40eb-8f80-5a71eef24142,7f6c3931-c4af-4ea9-8a66-b289d1c4daac,0.9555,21,2026-09-01,29.0600,urgent,"classifier=7.0.0-v11,regressor=7.0.0-v11",2026-08-10 18:57:48.370934+00
48fc25ee-178f-4700-b2ba-74dce0c7910e,fcd3d601-bbb6-485b-be55-2e8039e4c0ba,0.0042,126,2026-12-15,50.7100,watch,"classifier=7.0.0-v11,regressor=7.0.0-v11",2026-08-10 18:57:48.370934+00
74e0796a-c0bd-4f60-ba69-e422f53e508c,95857487-a16c-4373-8d49-35177e75ea0f,0.5349,31,2026-09-11,16.2200,urgent,"classifier=7.0.0-v11,regressor=7.0.0-v11",2026-08-10 18:57:48.370934+00
7453a95e-0416-4899-8e4e-4e964ce8ee5f,95f3676e-7aa4-4d03-9366-d51f23d2f822,0.0141,70,2026-10-20,56.1100,watch,"classifier=7.0.0-v11,regressor=7.0.0-v11",2026-08-10 18:57:48.370934+00
6166bd98-c06b-4ab4-a16b-835225445936,dd6b21fc-0cb3-43f0-b8fe-6794a5f3330b,0.0065,111,2026-11-30,52.0700,watch,"classifier=7.0.0-v11,regressor=7.0.0-v11",2026-08-10 18:57:48.370934+00
55ab2921-fa11-41ef-9c0b-3be7546bd178,cade115f-7074-43c5-8e59-13ad929b6e87,0.0396,90,2026-11-09,42.9900,watch,"classifier=7.0.0-v11,regressor=7.0.0-v11",2026-08-10 18:57:48.370934+00
8a186153-5fcf-45f4-a3e1-1caee41940cb,ab8f832b-86a1-47be-bba7-8e25a952c1bc,0.0084,73,2026-10-23,43.3500,watch,"classifier=7.0.0-v11,regressor=7.0.0-v11",2026-08-10 18:57:48.370934+00
6eb64d41-3240-44a9-b7ac-d0fc8934b52f,cd048cbe-1f0c-4b89-8d20-ff63796025ba,0.0115,50,2026-09-30,44.0000,watch,"classifier=7.0.0-v11,regressor=7.0.0-v11",2026-08-10 18:57:48.370934+00
cfcacfa5-f485-41d6-bca3-74ae3636c791,1bca9aef-fa12-4d82-bef4-7c6b62f64cf5,0.0050,113,2026-12-02,65.0300,watch,"classifier=7.0.0-v11,regressor=7.0.0-v11",2026-08-10 18:57:48.370934+00
0742fa3a-97d9-41b8-9ae7-2e14a83310d3,17e128a7-ccf3-4f36-af46-cdb19490b5b6,0.0230,91,2026-11-10,48.1300,watch,"classifier=7.0.0-v11,regressor=7.0.0-v11",2026-08-10 18:57:48.370934+00
6bbdf041-4b55-4d5e-ac02-86594e093924,69bd93cb-aad7-49a1-b2ac-50ff164b0d70,0.8471,22,2026-09-02,7.6500,urgent,"classifier=7.0.0-v11,regressor=7.0.0-v11",2026-08-10 18:57:48.370934+00
1f016097-cc84-42c8-b2c0-e607827d9ccd,5e1e1d08-f6b0-480f-94a3-da11380857df,0.3431,29,2026-09-09,14.0700,watch,"classifier=7.0.0-v11,regressor=7.0.0-v11",2026-08-10 18:57:48.370934+00
0baf33d1-457a-428b-b2d8-578be7400a21,786aba06-5e41-4cfb-9d78-796fadda4876,0.0093,154,2027-01-12,49.3500,watch,"classifier=7.0.0-v11,regressor=7.0.0-v11",2026-08-10 18:57:48.370934+00
27c0e737-b990-46f5-884b-914b44175a35,a4367f8b-b509-47f6-a90d-83beed9b34d5,0.2702,156,2027-01-14,49.4000,watch,"classifier=7.0.0-v11,regressor=7.0.0-v11",2026-08-10 18:57:48.370934+00
cce48e3f-15cf-4e4b-8364-ecb7e93b5812,16450510-2815-4094-85c8-6aa210ddde6d,0.0933,61,2026-10-11,45.7700,watch,"classifier=7.0.0-v11,regressor=7.0.0-v11",2026-08-10 18:57:48.370934+00
3f23ce2b-679b-4bf4-ac25-d16de4a59778,4efcf505-bc80-4f48-8515-e8918d3fa0db,0.0113,106,2026-11-25,47.8000,watch,"classifier=7.0.0-v11,regressor=7.0.0-v11",2026-08-10 18:57:48.370934+00
e37f72aa-4171-41b4-b9b8-f9eb7cd3f38f,b21d8224-3a72-4265-9806-90a5b6e48b09,0.0108,92,2026-11-11,36.3600,conflict,"classifier=7.0.0-v11,regressor=7.0.0-v11",2026-08-10 18:57:48.370934+00
e7227f71-3ed7-4fec-b2ab-4a916edad23f,2daefc38-a8c3-4175-bcef-6be2cbec8dcb,0.5633,35,2026-09-15,24.8400,urgent,"classifier=7.0.0-v11,regressor=7.0.0-v11",2026-08-10 18:57:48.370934+00
07a9d83f-dc0e-4210-a16a-99662f36a440,3989d27a-a595-4b55-9717-e314af613931,0.0637,139,2026-12-28,58.5700,watch,"classifier=7.0.0-v11,regressor=7.0.0-v11",2026-08-10 18:57:48.370934+00
1e421013-3042-493c-99a1-61aacacdeeeb,697b0790-ae5e-43a5-b66c-886fd7047d38,0.0765,77,2026-10-27,44.1800,watch,"classifier=7.0.0-v11,regressor=7.0.0-v11",2026-08-10 18:57:48.370934+00
60182865-91df-4ed4-afdd-c87be3c6007f,c981257a-b5a0-40ef-a504-920791a511a7,0.9901,8,2026-08-19,0.0000,urgent,"classifier=7.0.0-v11,regressor=7.0.0-v11",2026-08-10 18:57:48.370934+00
dd8a2f86-24c7-4724-b989-6bb5c572083c,c9ec95fd-c53b-49ab-a462-e060ce9d54e2,0.8588,26,2026-09-06,0.0000,urgent,"classifier=7.0.0-v11,regressor=7.0.0-v11",2026-08-10 18:57:48.370934+00
458e925f-db57-4536-bfd6-1611ef44ee80,9e35b264-e0d9-4ba2-9edc-02dac25997a0,0.0873,48,2026-09-28,23.3600,conflict,"classifier=7.0.0-v11,regressor=7.0.0-v11",2026-08-10 18:57:48.370934+00
daf178c1-76ff-4982-ab1a-047b9fd618f6,69583c46-01c2-47ae-90ca-4df64f46bf0e,0.0345,90,2026-11-09,59.9500,watch,"classifier=7.0.0-v11,regressor=7.0.0-v11",2026-08-10 18:57:48.370934+00
bdb27971-0913-4565-a70e-5ac7b6e2db2c,ffba205c-2306-4134-be4d-7a21f75043c2,0.0074,116,2026-12-05,46.2800,watch,"classifier=7.0.0-v11,regressor=7.0.0-v11",2026-08-10 18:57:48.370934+00
c87c9cdb-e9e2-485d-8d1b-1277f926319e,f9cb7b27-7a7d-47e9-9c4e-c490f023c209,0.0051,76,2026-10-26,43.1800,watch,"classifier=7.0.0-v11,regressor=7.0.0-v11",2026-08-10 18:57:48.370934+00
a411ba27-409d-41a0-b6e9-728591854b82,a1b717bd-2082-46e2-a62f-9b308a41f976,0.9993,16,2026-08-27,0.0000,urgent,"classifier=7.0.0-v11,regressor=7.0.0-v11",2026-08-10 18:57:48.370934+00
989b1ffd-4a08-48e0-8eae-367fd8360b84,69de65ab-3bfb-45e4-a2c3-3f9a7a558469,0.1238,126,2026-12-15,50.3300,watch,"classifier=7.0.0-v11,regressor=7.0.0-v11",2026-08-10 18:57:48.370934+00
8d954e8b-809d-4b15-a953-1c5acedc929e,9abd2876-42a6-4bee-bffa-66caffa923b2,0.9890,19,2026-08-30,0.0000,urgent,"classifier=7.0.0-v11,regressor=7.0.0-v11",2026-08-10 18:57:48.370934+00
3c0c4776-0f74-424e-851e-403578f70d95,4178048f-e342-40a4-9831-633ab77b37d8,0.0150,63,2026-10-13,37.6600,conflict,"classifier=7.0.0-v11,regressor=7.0.0-v11",2026-08-10 18:57:48.370934+00
f44f686f-f296-4637-9914-0367fe99ff16,1d4faaad-59f0-4dad-bc29-881b2cb68357,0.0322,52,2026-10-02,41.8100,watch,"classifier=7.0.0-v11,regressor=7.0.0-v11",2026-08-10 18:57:48.370934+00
a0c5125d-5def-499c-bf5d-907eea526e45,7057bf49-b184-4c58-a49a-96e9de140dd3,0.2608,34,2026-09-14,32.5500,watch,"classifier=7.0.0-v11,regressor=7.0.0-v11",2026-08-10 18:57:48.370934+00
f8dafb61-aa01-4d9d-aedf-908e909a673a,90de28b8-467a-48fd-99b0-be067cf8391f,0.0578,110,2026-11-29,52.8600,watch,"classifier=7.0.0-v11,regressor=7.0.0-v11",2026-08-10 18:57:48.370934+00
b40d15bd-ca0c-498e-bb9a-437a098d6e99,1cbbe209-49fa-4c42-9491-79f16a9a4ff2,0.0043,158,2027-01-16,49.5900,watch,"classifier=7.0.0-v11,regressor=7.0.0-v11",2026-08-10 18:57:48.370934+00
220b539a-24da-4f16-848b-69f39c19b75f,e1a61907-da35-4014-a673-ca268c64f215,0.0070,114,2026-12-03,41.3800,watch,"classifier=7.0.0-v11,regressor=7.0.0-v11",2026-08-10 18:57:48.370934+00
ef7d9abd-1c04-492d-a32f-13aa8fd51f55,98353863-2d9c-4659-b306-190579d3b7cf,0.1195,120,2026-12-09,58.7600,watch,"classifier=7.0.0-v11,regressor=7.0.0-v11",2026-08-10 18:57:48.370934+00
1a084840-4cc5-40d6-adf3-00ae28b32881,b47f34fb-e6e1-4758-9b54-24aada8994a1,0.0325,47,2026-09-27,64.1800,watch,"classifier=7.0.0-v11,regressor=7.0.0-v11",2026-08-10 18:57:48.370934+00
c05d6f0c-49fb-4daa-aed1-6d8087793db9,0d8af2a7-20ef-4f57-92b8-1fd808467335,0.9657,23,2026-09-03,0.0000,urgent,"classifier=7.0.0-v11,regressor=7.0.0-v11",2026-08-10 18:57:48.370934+00
728b2605-4b06-43d5-bc62-03c2a75b8e87,083984ab-380f-4d28-b894-14d63c86c83f,0.0174,48,2026-09-28,32.6300,conflict,"classifier=7.0.0-v11,regressor=7.0.0-v11",2026-08-10 18:57:48.370934+00
cafabb0f-9348-448b-82a3-9ed506385f1d,987c5391-900f-49ca-a921-fbb785ac1a53,0.0299,164,2027-01-22,66.6300,watch,"classifier=7.0.0-v11,regressor=7.0.0-v11",2026-08-10 18:57:48.370934+00
df9e2932-faa1-491f-9165-636745902ee1,70f395a2-bbf3-4921-9989-0e5d3ea2f187,0.0525,114,2026-12-03,57.9200,watch,"classifier=7.0.0-v11,regressor=7.0.0-v11",2026-08-10 18:57:48.370934+00
09e9ce3e-103b-4a68-bd68-e0b16331a4ac,6842eb31-93df-46c0-850b-d8ee1f076da3,0.0043,94,2026-11-13,31.6100,conflict,"classifier=7.0.0-v11,regressor=7.0.0-v11",2026-08-10 18:57:48.370934+00
88a68254-4a20-4add-8b95-82b3f793f586,dcd5daa0-e7de-4da1-a319-f7866e3ea3c3,0.0062,156,2027-01-14,55.7400,watch,"classifier=7.0.0-v11,regressor=7.0.0-v11",2026-08-10 18:57:48.370934+00
934b72ed-1272-45ed-bb1a-02a3072ff366,b93ad90d-bce7-4521-92c5-54e163bed811,0.5167,32,2026-09-12,26.5200,watch,"classifier=7.0.0-v11,regressor=7.0.0-v11",2026-08-10 18:57:48.370934+00
3a3836cc-2c5f-406e-a489-55f180f764d5,1945b688-7bee-4325-97bc-c29d58083f67,0.0110,75,2026-10-25,36.8800,conflict,"classifier=7.0.0-v11,regressor=7.0.0-v11",2026-08-10 18:57:48.370934+00
cad563fc-8efd-4857-9a4d-6f2808ae9c5f,fcb4dcdb-9535-408f-9f42-22ec5fa81b34,0.0368,61,2026-10-11,40.9700,watch,"classifier=7.0.0-v11,regressor=7.0.0-v11",2026-08-10 18:57:48.370934+00
2a1c612c-4f14-465f-86ef-e77c49d59829,3fd046df-9cb4-4c19-a1b4-6c854aa980be,0.0180,119,2026-12-08,67.5300,watch,"classifier=7.0.0-v11,regressor=7.0.0-v11",2026-08-10 18:57:48.370934+00
b63090b2-3cd7-4b15-9c45-aab8aa451da4,08ee80cd-b430-41e7-8dd7-0f69e9baf956,0.0197,98,2026-11-17,57.3300,watch,"classifier=7.0.0-v11,regressor=7.0.0-v11",2026-08-10 18:57:48.370934+00
69fa344c-e94c-48f7-a321-7e496f45012b,cf4ef814-4399-4c4b-b0c0-2dbd8a096888,0.0049,139,2026-12-28,49.0500,watch,"classifier=7.0.0-v11,regressor=7.0.0-v11",2026-08-10 18:57:48.370934+00
0b546d13-0381-4c77-8dc5-42e8b1aad504,62e8cfbe-8709-4f64-9913-1332946fa0cb,0.0749,47,2026-09-27,39.8600,conflict,"classifier=7.0.0-v11,regressor=7.0.0-v11",2026-08-10 18:57:48.370934+00
9dfc87c3-809b-4cbe-871f-c0eaa7d14b84,bb939f3f-1472-4213-9007-97f8eb76142b,0.0028,167,2027-01-25,62.7200,watch,"classifier=7.0.0-v11,regressor=7.0.0-v11",2026-08-10 18:57:48.370934+00
d02ab570-fe44-4623-b7f8-f9e5e13f0a83,b7c9973c-eda4-450f-8b2c-c13afeb6defa,0.2669,71,2026-10-21,39.5800,watch,"classifier=7.0.0-v11,regressor=7.0.0-v11",2026-08-10 18:57:48.370934+00
b0069dd9-0e95-4d78-a4ad-3c1fb16e7324,7da54d37-83e4-4e22-a5ec-3b11c0359a17,0.0077,63,2026-10-13,40.1500,watch,"classifier=7.0.0-v11,regressor=7.0.0-v11",2026-08-10 18:57:48.370934+00
0242bbc8-09ac-40ae-ba3b-10a10c04e864,0aa27283-fdf6-486e-af15-96a4da018220,0.0203,73,2026-10-23,45.2300,watch,"classifier=7.0.0-v11,regressor=7.0.0-v11",2026-08-10 18:57:48.370934+00
3a27d796-7ef3-4839-9134-60b1b03743b3,3c5e930c-f7bb-45c9-8d70-0f408d7dcfd6,0.7936,21,2026-09-01,10.9000,urgent,"classifier=7.0.0-v11,regressor=7.0.0-v11",2026-08-10 18:57:48.370934+00
df21525c-838e-4853-b250-1c1b3297ce56,f49f02d2-dd9d-45b1-a1ca-3d87662a46ff,0.0608,99,2026-11-18,41.7300,watch,"classifier=7.0.0-v11,regressor=7.0.0-v11",2026-08-10 18:57:48.370934+00
c8c664cb-9fa7-4e5a-b547-98b67f03b97f,432b30a3-4103-492c-915d-1e4a915a8607,0.9404,18,2026-08-29,8.1500,urgent,"classifier=7.0.0-v11,regressor=7.0.0-v11",2026-08-10 18:57:48.370934+00
32636586-c607-498d-ba9f-e9ff5569b7dc,58384c58-a45b-48b0-b0ce-63e10a5522dc,0.9999,8,2026-08-19,8.3800,urgent,"classifier=7.0.0-v11,regressor=7.0.0-v11",2026-08-10 18:57:48.370934+00
43d7543a-47df-4d10-8b34-ef51840ee34e,999479c1-2786-46a2-96bb-f36d2c417435,0.0119,64,2026-10-14,49.2800,watch,"classifier=7.0.0-v11,regressor=7.0.0-v11",2026-08-10 18:57:48.370934+00
2858e10b-993a-4d36-860c-054426a52a64,30090120-bda7-4c3b-8daf-03317a5aa987,0.4414,43,2026-09-23,25.6100,watch,"classifier=7.0.0-v11,regressor=7.0.0-v11",2026-08-10 18:57:48.370934+00
f8f92f41-3f52-4f69-b39b-88be9735781d,e40304da-56ba-4e20-b417-d75d683b5956,0.1841,44,2026-09-24,32.0800,conflict,"classifier=7.0.0-v11,regressor=7.0.0-v11",2026-08-10 18:57:48.370934+00
59f2c48d-bab1-4d2e-997f-2137f05d82c7,14b37717-ca0d-4fc3-939d-869c7b170230,0.8778,27,2026-09-07,8.2600,urgent,"classifier=7.0.0-v11,regressor=7.0.0-v11",2026-08-10 18:57:48.370934+00
9dd90d83-432e-4c36-ade9-8d7cc74f5b47,75aa4ca8-49cd-4b28-9e97-7d472d48671c,0.0134,115,2026-12-04,38.8900,conflict,"classifier=7.0.0-v11,regressor=7.0.0-v11",2026-08-10 18:57:48.370934+00
33a123de-cfd9-4d1e-b5cb-f3dbe90dfa29,0735a4ba-c7c9-481c-8b69-c45843eb6a97,0.9987,18,2026-08-29,0.0000,urgent,"classifier=7.0.0-v11,regressor=7.0.0-v11",2026-08-10 18:57:48.370934+00
6d71699d-debc-4ac1-8405-4620d92bc614,5d6a671f-8b0a-4fcb-a2f6-fcdfec3523f8,0.0141,85,2026-11-04,46.5500,watch,"classifier=7.0.0-v11,regressor=7.0.0-v11",2026-08-10 18:57:48.370934+00
aa7aa16f-09a4-4f27-ad54-7b4971687fc5,eb7e3da2-cee1-4317-98f9-3648e3d5d850,0.7000,21,2026-09-01,4.6400,urgent,"classifier=7.0.0-v11,regressor=7.0.0-v11",2026-08-10 18:57:48.370934+00
1d13fa3e-69c0-4bfe-9574-5afe93cf717f,80ec2c2d-6e0d-453f-b3d9-b19f3bdc5c14,0.0271,115,2026-12-04,41.4500,watch,"classifier=7.0.0-v11,regressor=7.0.0-v11",2026-08-10 18:57:48.370934+00
32785dd3-ba02-442f-b002-2043cc76a2e0,fe6ce952-a70c-4eea-808c-47e5a4efbba8,0.3304,53,2026-10-03,17.5000,watch,"classifier=7.0.0-v11,regressor=7.0.0-v11",2026-08-10 18:57:48.370934+00
261431b4-90ae-4021-812e-a27f9359f228,a3433f91-56b7-457d-958d-2e86b349d47c,0.0381,78,2026-10-28,41.5500,watch,"classifier=7.0.0-v11,regressor=7.0.0-v11",2026-08-10 18:57:48.370934+00
c1ba7e52-f36b-4a64-b06c-c667d2e44040,85a38f99-d14e-4301-ace7-e2af815eae02,0.0802,51,2026-10-01,39.2300,conflict,"classifier=7.0.0-v11,regressor=7.0.0-v11",2026-08-10 18:57:48.370934+00
6af03ee6-be7c-469e-b6ff-3189f7864c22,e45a3fc4-cf52-4a65-829a-969ba0687282,0.0110,72,2026-10-22,46.0400,watch,"classifier=7.0.0-v11,regressor=7.0.0-v11",2026-08-10 18:57:48.370934+00
46c0545d-7800-44eb-a959-b80dba374639,cc023853-cde9-4f41-9bf4-adb5757eff65,0.7262,31,2026-09-11,0.0000,urgent,"classifier=7.0.0-v11,regressor=7.0.0-v11",2026-08-10 18:57:48.370934+00
cd98a417-16c0-4822-9f7f-6ead241e0287,227ac56a-de77-4960-b81a-ff02df25c06c,0.0522,75,2026-10-25,41.9500,watch,"classifier=7.0.0-v11,regressor=7.0.0-v11",2026-08-10 18:57:48.370934+00
c6626db0-adfb-4ae0-9a03-4165e8c0ed39,25ceccf6-4e2f-4f5b-ad67-15e4a4e012ad,0.9990,8,2026-08-19,0.0000,urgent,"classifier=7.0.0-v11,regressor=7.0.0-v11",2026-08-10 18:57:48.370934+00
6e66caf3-0745-49e7-8270-f38cef326e1d,ee66c8dd-a564-41fd-a847-9dc3f3d732a0,0.6315,45,2026-09-25,27.7800,urgent,"classifier=7.0.0-v11,regressor=7.0.0-v11",2026-08-10 18:57:48.370934+00
392ee4d0-1970-4177-8dbc-25cf38018ed9,8e234fb6-def5-436d-9ae9-47281c9751b7,0.0200,100,2026-11-19,62.7400,watch,"classifier=7.0.0-v11,regressor=7.0.0-v11",2026-08-10 18:57:48.370934+00
abb5ed0d-929c-43f1-9726-e0eae5ff688f,38235131-db85-4a5f-99c2-0ae4ed02dc2d,0.9271,21,2026-09-01,0.0000,urgent,"classifier=7.0.0-v11,regressor=7.0.0-v11",2026-08-10 18:57:48.370934+00
8b99c40d-a6cb-45fd-827c-af664c76ca84,90c2f956-e394-4345-9446-2c17e3bb641e,0.9996,13,2026-08-24,0.0000,urgent,"classifier=7.0.0-v11,regressor=7.0.0-v11",2026-08-10 18:57:48.370934+00
a5da9dfe-622c-4d3e-bf6d-584777a70e18,caef42ad-1f8b-4973-83f8-02968c0296ff,0.8830,19,2026-08-30,17.9900,urgent,"classifier=7.0.0-v11,regressor=7.0.0-v11",2026-08-10 18:57:48.370934+00
4b32dd62-d1fd-4872-ad67-0a9187bddd58,ef3cbf12-a864-4aab-9228-a96bfaaf2643,0.1854,41,2026-09-21,51.1300,watch,"classifier=7.0.0-v11,regressor=7.0.0-v11",2026-08-10 18:57:48.370934+00
34041ded-7822-42ad-bdc9-55fa26f6042f,c492b053-e833-4eae-9fa6-47ebbce819c7,0.9809,20,2026-08-31,0.0000,urgent,"classifier=7.0.0-v11,regressor=7.0.0-v11",2026-08-10 18:57:48.370934+00
814d540d-e1a7-4feb-b61c-a836a9152774,545194fb-1b41-420b-8ec6-763c077848f9,0.8562,28,2026-09-08,20.0700,urgent,"classifier=7.0.0-v11,regressor=7.0.0-v11",2026-08-10 18:57:48.370934+00
f115989c-e1cd-4b4d-89ad-447a99263fc0,b647377d-4e28-420a-8594-5d9526f71c36,0.0939,46,2026-09-26,46.4700,watch,"classifier=7.0.0-v11,regressor=7.0.0-v11",2026-08-10 18:57:48.370934+00
aaf7eb3b-6074-49cc-9f2c-c9a524b0b917,3b9f4cca-b3d0-47d9-a3dd-d5269a34e7d3,0.0606,47,2026-09-27,39.5000,conflict,"classifier=7.0.0-v11,regressor=7.0.0-v11",2026-08-10 18:57:48.370934+00
6f94d466-5c16-461f-b74e-f015a6eff8e3,f2ac46ad-d9c1-4de6-b888-ed5da0721d12,0.0653,43,2026-09-23,40.1300,watch,"classifier=7.0.0-v11,regressor=7.0.0-v11",2026-08-10 18:57:48.370934+00
53f0d44a-9dca-4dc6-b62c-0e9a4dc0b94c,7d3afa4f-270a-4684-b91e-a4173395315d,0.0585,49,2026-09-29,31.0500,conflict,"classifier=7.0.0-v11,regressor=7.0.0-v11",2026-08-10 18:57:48.370934+00
f3437d8e-13a7-44fa-a477-a9aeea0e5c17,0c12a5bb-9964-4bd7-8ac5-6dd394dd5d75,0.2417,47,2026-09-27,48.6200,watch,"classifier=7.0.0-v11,regressor=7.0.0-v11",2026-08-10 18:57:48.370934+00
46039886-3033-4e8f-900f-ad72c18c1845,671b6780-231f-4110-9470-c01d3f7df8de,0.6888,31,2026-09-11,12.6100,urgent,"classifier=7.0.0-v11,regressor=7.0.0-v11",2026-08-10 18:57:48.370934+00
9dccd197-758c-4d51-bf64-5488dcaa6dbb,a12585c0-72e7-4af1-a32f-85d834a3ff7d,0.9999,7,2026-08-18,0.0000,urgent,"classifier=7.0.0-v11,regressor=7.0.0-v11",2026-08-10 18:57:48.370934+00
61ddb251-297a-41e6-954f-dacfa421a516,ccd08ca8-fb6d-4e3a-a846-73c87a95179b,0.9814,10,2026-08-21,1.8700,urgent,"classifier=7.0.0-v11,regressor=7.0.0-v11",2026-08-10 18:57:48.370934+00
7f2fdb34-897b-4509-ab38-8de554b74fa4,d58c9bba-0dcb-4f3f-8dc2-3919a4f07ffa,0.4287,22,2026-09-02,44.0000,watch,"classifier=7.0.0-v11,regressor=7.0.0-v11",2026-08-10 18:57:48.370934+00
84eaab47-5022-4140-aca8-1d50d4ee1c4e,4f14b02c-1a86-4184-936b-b876017a8871,0.9794,14,2026-08-25,0.0000,urgent,"classifier=7.0.0-v11,regressor=7.0.0-v11",2026-08-10 18:57:48.370934+00
4b160f1c-a4b6-4f81-a1a8-f42901fdbf61,ded45c16-cec5-4005-a183-b54e1a1d8f0f,0.0444,36,2026-09-16,27.0900,conflict,"classifier=7.0.0-v11,regressor=7.0.0-v11",2026-08-10 18:57:48.370934+00
d12e6a48-dc85-46df-9119-9c16da904a10,10a670ae-0273-414b-a826-a7f17e58a75b,0.0283,52,2026-10-02,52.9300,watch,"classifier=7.0.0-v11,regressor=7.0.0-v11",2026-08-10 18:57:48.370934+00
1483220a-771d-48f7-82b9-613dbd92b6ab,3b0294cd-6b07-456f-a4cc-7140ca9ad0a2,0.0052,145,2027-01-03,45.4800,watch,"classifier=7.0.0-v11,regressor=7.0.0-v11",2026-08-10 18:57:48.370934+00
fbd2131f-3fb6-4435-a431-c4f407d1c7ea,688b2c30-251e-47c9-9685-b340bbad8f1d,0.0473,99,2026-11-18,55.0400,watch,"classifier=7.0.0-v11,regressor=7.0.0-v11",2026-08-10 18:57:48.370934+00
4fd1e81d-ff0c-45a5-9926-5d988c161988,dfe9b185-95af-4842-92d5-daa5b8a321f8,0.9086,36,2026-09-16,3.8000,urgent,"classifier=7.0.0-v11,regressor=7.0.0-v11",2026-08-10 18:57:48.370934+00
d81e59a4-45a5-457c-b305-6b16dd8b93f1,0ebe27ca-2e58-44a6-a62f-bcbe979ab961,0.0096,176,2027-02-03,58.8000,watch,"classifier=7.0.0-v11,regressor=7.0.0-v11",2026-08-10 18:57:48.370934+00
354a558e-b413-4804-b7ec-a682737ed746,76b0a6db-27ff-4bb8-871b-53186ed90b92,0.9927,1,2026-08-12,14.3800,urgent,"classifier=7.0.0-v11,regressor=7.0.0-v11",2026-08-10 18:57:48.370934+00
2d7995d7-32c7-4c56-baa2-a75a2535e286,1f6a8a84-a2fa-40ab-a885-7f6f18e22cb0,0.7784,17,2026-08-28,17.0600,urgent,"classifier=7.0.0-v11,regressor=7.0.0-v11",2026-08-10 18:57:48.370934+00
55cafd50-e867-4049-ae3b-c83b6eadd715,df2486e5-6fe4-4439-b8a6-c4147e346645,0.0274,128,2026-12-17,50.3600,watch,"classifier=7.0.0-v11,regressor=7.0.0-v11",2026-08-10 18:57:48.370934+00
48e149b1-9912-4099-b6d9-9d29dbf91cd8,72033436-0690-456c-bbf8-ae006d5efd10,0.9999,1,2026-08-12,0.0000,urgent,"classifier=7.0.0-v11,regressor=7.0.0-v11",2026-08-10 18:57:48.370934+00
49ba260a-db6a-4615-b4a9-87e6c47feab9,067e00e5-2b20-42f6-a3e1-119d8dc41138,0.9903,1,2026-08-12,14.1400,urgent,"classifier=7.0.0-v11,regressor=7.0.0-v11",2026-08-10 18:57:48.370934+00
8cafa61f-8d30-4586-9ec9-53884ce19e5f,52ddaf34-1c8f-4dcb-83a2-1ed0d052a37c,0.0538,76,2026-10-26,61.4800,watch,"classifier=7.0.0-v11,regressor=7.0.0-v11",2026-08-10 18:57:48.370934+00
271de24e-2128-41d0-a351-fd5f32014e19,2c8c23cf-0938-40fe-a26a-cfeaa9a19700,0.1969,96,2026-11-15,42.5900,watch,"classifier=7.0.0-v11,regressor=7.0.0-v11",2026-08-10 18:57:48.370934+00
abb81915-30f8-4b0a-9381-f589757a9c65,82173c84-078c-4e62-873a-d1cfc9d2328f,0.0120,109,2026-11-28,54.1800,watch,"classifier=7.0.0-v11,regressor=7.0.0-v11",2026-08-10 18:57:48.370934+00
c0546382-3006-4257-b172-5ad5685d365a,2f2f9f65-26c5-4f61-8e9f-85f829a1221c,0.0357,125,2026-12-14,49.9500,watch,"classifier=7.0.0-v11,regressor=7.0.0-v11",2026-08-10 18:57:48.370934+00
f8cceba4-f481-4d02-8d47-dc98ffe99df0,cf0c23fd-05ec-42af-bf94-ebd78f19cd5b,0.3027,38,2026-09-18,42.9700,watch,"classifier=7.0.0-v11,regressor=7.0.0-v11",2026-08-10 18:57:48.370934+00
21db6ee3-caa9-428f-972c-337932b8f162,c57b6521-b665-480d-a1cc-9c69db314f01,0.2668,35,2026-09-15,41.8200,watch,"classifier=7.0.0-v11,regressor=7.0.0-v11",2026-08-10 18:57:48.370934+00
96c1476f-008c-44dd-89c4-d3705d4e8dab,49fa0050-0771-4769-9b88-bd878cb3383e,0.1660,61,2026-10-11,29.1900,conflict,"classifier=7.0.0-v11,regressor=7.0.0-v11",2026-08-10 18:57:48.370934+00
2f468c3c-029b-46a6-a3a3-ecd9d70856ca,8621cace-c87c-4eab-bd68-7afa90255d90,0.0336,116,2026-12-05,55.6600,watch,"classifier=7.0.0-v11,regressor=7.0.0-v11",2026-08-10 18:57:48.370934+00
ed092d80-a8cc-4075-b840-c6068236d1e9,8e785b05-fdc9-4206-b5b2-d72eaddf8cd5,0.1113,70,2026-10-20,38.9600,conflict,"classifier=7.0.0-v11,regressor=7.0.0-v11",2026-08-10 18:57:48.370934+00
da00c3a0-2ff0-4e8c-b059-3b337bcd9352,62656cad-a499-41ab-82e4-3ef2e2696ea7,0.0275,53,2026-10-03,66.9200,watch,"classifier=7.0.0-v11,regressor=7.0.0-v11",2026-08-10 18:57:48.370934+00
152d881f-fb53-4763-8d45-7a33c60bb6db,c1504be8-7c7c-4282-9d65-5ed622c88d93,0.0194,44,2026-09-24,57.0000,watch,"classifier=7.0.0-v11,regressor=7.0.0-v11",2026-08-10 18:57:48.370934+00
706d33c8-ec77-4a8d-b5f6-c61b88b5a714,7d296ba0-4e58-4eef-9cfe-cdf0dd67b4e1,0.0204,105,2026-11-24,66.5500,watch,"classifier=7.0.0-v11,regressor=7.0.0-v11",2026-08-10 18:57:48.370934+00
360aa2da-4994-4712-b791-ab3c8aced2ae,b939d0c4-9910-43c8-a8e6-09b7dec6a5a5,0.0429,76,2026-10-26,47.7800,watch,"classifier=7.0.0-v11,regressor=7.0.0-v11",2026-08-10 18:57:48.370934+00
ed210eba-8191-4c88-809b-faea8b7da589,e2f57336-713f-4720-b427-2ff57845f80c,0.0521,113,2026-12-02,44.6600,watch,"classifier=7.0.0-v11,regressor=7.0.0-v11",2026-08-10 18:57:48.370934+00
4060dc5f-cbba-4b05-b2f9-0d35c136251d,cb409871-eecf-4f9b-83e0-498c9a3e3367,0.0190,115,2026-12-04,35.7000,conflict,"classifier=7.0.0-v11,regressor=7.0.0-v11",2026-08-10 18:57:48.370934+00
69d1971b-37e1-4777-a170-563d61f713e4,ad442345-a64a-4d6f-b818-12654cbd7db9,0.9991,9,2026-08-20,0.0000,urgent,"classifier=7.0.0-v11,regressor=7.0.0-v11",2026-08-10 18:57:48.370934+00
a7b69d9c-15f6-4a02-8641-0a36787e02e9,c4645b2b-2be5-4c8b-844d-182dfa91212d,0.0186,88,2026-11-07,53.2900,watch,"classifier=7.0.0-v11,regressor=7.0.0-v11",2026-08-10 18:57:48.370934+00
bb6189ff-6b0b-4d27-b9b8-30f5f0724e53,b86a110d-6338-4e0d-b888-fac1baa7f0ab,0.4698,28,2026-09-08,21.0000,watch,"classifier=7.0.0-v11,regressor=7.0.0-v11",2026-08-10 18:57:48.370934+00
647dd365-9d23-4fd4-95b4-8b733c5c0bc9,4eb27e84-8fb0-48ee-a96f-ab631cc1da0d,0.0066,183,2027-02-10,65.9100,watch,"classifier=7.0.0-v11,regressor=7.0.0-v11",2026-08-10 18:57:48.370934+00
828f82bd-cd53-4cea-8871-22750b623ab6,3a496fa7-9d79-451a-ba65-7670996b9b4f,0.0489,75,2026-10-25,51.8900,watch,"classifier=7.0.0-v11,regressor=7.0.0-v11",2026-08-10 18:57:48.370934+00
14e5adb8-140f-49fa-82f8-016edf750e33,cc678d96-697b-42d8-abba-99156dfc8c33,0.2589,66,2026-10-16,51.0400,watch,"classifier=7.0.0-v11,regressor=7.0.0-v11",2026-08-10 18:57:48.370934+00
50765c2e-846d-401c-b12d-53c8cb75277b,d0b6f377-01b3-4435-86b0-5aada79fb5b0,0.0189,101,2026-11-20,44.1400,watch,"classifier=7.0.0-v11,regressor=7.0.0-v11",2026-08-10 18:57:48.370934+00
23cb9f66-44dc-49f1-a326-6228d6e8d5f7,61c98589-e751-43f5-ab2d-fe000dc4fce4,0.0840,103,2026-11-22,55.1600,watch,"classifier=7.0.0-v11,regressor=7.0.0-v11",2026-08-10 18:57:48.370934+00
a6f6cfbd-0454-4a28-b151-f9296bfa0433,7e5d3657-a1ee-4f04-8be0-03269a2fa25d,0.0459,100,2026-11-19,50.7700,watch,"classifier=7.0.0-v11,regressor=7.0.0-v11",2026-08-10 18:57:48.370934+00
5c8531f5-2ac1-49a1-8294-fd9c3160b77c,cb5489d7-7bac-446a-bbdc-a74f9cc14b7e,0.0348,52,2026-10-02,44.7400,watch,"classifier=7.0.0-v11,regressor=7.0.0-v11",2026-08-10 18:57:48.370934+00
10f52381-54d9-4a21-9e7e-ac9a67d863a4,ec4fc776-151a-4f0a-affb-89ec14e079f3,0.0416,68,2026-10-18,40.5400,watch,"classifier=7.0.0-v11,regressor=7.0.0-v11",2026-08-10 18:57:48.370934+00
03ec0e02-27f6-44b2-97b6-e3e3dc2e445c,7d24769a-8ce7-4d3b-9d1b-2c5274698a0d,0.4196,39,2026-09-19,57.6700,watch,"classifier=7.0.0-v11,regressor=7.0.0-v11",2026-08-10 18:57:48.370934+00
06254198-a2af-4f79-95ad-cafc9287d55f,ae8fb68a-6c2c-4ff4-bd54-1cfcba2f91e4,0.0272,135,2026-12-24,43.9900,watch,"classifier=7.0.0-v11,regressor=7.0.0-v11",2026-08-10 18:57:48.370934+00
48e60c92-9724-45f9-9a3a-7844874eac36,34dcd815-f6d8-4f97-aa61-5f0b16572896,0.1380,35,2026-09-15,41.1900,watch,"classifier=7.0.0-v11,regressor=7.0.0-v11",2026-08-10 18:57:48.370934+00
0bee5d03-134f-4f51-8b91-2ac69620071f,e2028202-e117-4fbe-8db0-e5a1db0104ba,0.3885,33,2026-09-13,13.6400,watch,"classifier=7.0.0-v11,regressor=7.0.0-v11",2026-08-10 18:57:48.370934+00
781bb9b2-3ca3-4c54-bfbe-87824d6ba23e,ec1f7686-bf8b-4e56-a1b3-c1e01431e7ce,0.0336,78,2026-10-28,54.1600,watch,"classifier=7.0.0-v11,regressor=7.0.0-v11",2026-08-10 18:57:48.370934+00
09d7b3ea-ea62-47fc-8cae-9fd23c108fb1,b7859dd8-e266-4fbb-9ebb-9c922880b895,0.0258,56,2026-10-06,56.4400,watch,"classifier=7.0.0-v11,regressor=7.0.0-v11",2026-08-10 18:57:48.370934+00
3bc5d445-7971-47b4-8355-994c8319b3b9,6063d6a9-0821-4990-9d52-d53c1d6b784a,0.2135,51,2026-10-01,36.5500,conflict,"classifier=7.0.0-v11,regressor=7.0.0-v11",2026-08-10 18:57:48.370934+00
bb6b86b7-4dff-41e3-8fdc-5560bcf67d31,4a436752-6d5d-48ea-851c-dde8cfaa61c9,0.9887,20,2026-08-31,2.2800,urgent,"classifier=7.0.0-v11,regressor=7.0.0-v11",2026-08-10 18:57:48.370934+00
a129e093-48da-458e-877b-a688b4b41e35,69abc83b-18de-4329-94a6-441f64fbdb02,0.9995,16,2026-08-27,3.8400,urgent,"classifier=7.0.0-v11,regressor=7.0.0-v11",2026-08-10 18:57:48.370934+00
51a9509a-833a-4029-8462-adad63a39e08,45edec81-c564-46eb-a542-79278b06dcd5,0.9362,14,2026-08-25,0.0000,urgent,"classifier=7.0.0-v11,regressor=7.0.0-v11",2026-08-10 18:57:48.370934+00
93948855-95cf-4086-a172-c1a226f80aee,26c7c449-52cb-4b57-8d16-ec96b049af41,0.6134,83,2026-11-02,32.9300,urgent,"classifier=7.0.0-v11,regressor=7.0.0-v11",2026-08-10 18:57:48.370934+00
cc1f97ba-e5f1-4f9e-86ed-05e3d817b535,20674a3a-8a96-4b27-829a-946f4958c47e,0.1494,43,2026-09-23,48.8300,watch,"classifier=7.0.0-v11,regressor=7.0.0-v11",2026-08-10 18:57:48.370934+00
90aa6a30-8467-4c3b-8997-1d55f762ebb6,f1e20e54-20b6-4095-bbad-090791fe2b7a,0.1220,66,2026-10-16,46.9500,watch,"classifier=7.0.0-v11,regressor=7.0.0-v11",2026-08-10 18:57:48.370934+00
9f7df10a-2a2c-4c2a-a8c6-9a53f89775d9,d60b976c-49c3-42aa-851f-0cd1a0982e6c,0.2280,35,2026-09-15,53.5200,watch,"classifier=7.0.0-v11,regressor=7.0.0-v11",2026-08-10 18:57:48.370934+00
594b337d-d994-4b84-99dd-a3ec5f17c712,b5a8ff1a-f13f-4a47-91f4-56c5cff88ced,0.5305,44,2026-09-24,26.0100,urgent,"classifier=7.0.0-v11,regressor=7.0.0-v11",2026-08-10 18:57:48.370934+00
f8590e8c-9ea5-4b7d-8f06-6f55a2eb999d,f3b78b67-13ee-4e81-8024-66c47801d7e4,0.0766,71,2026-10-21,37.9000,conflict,"classifier=7.0.0-v11,regressor=7.0.0-v11",2026-08-10 18:57:48.370934+00
a92a0403-81ae-4c9d-8ee0-a47b581f4cef,8d63dfb0-5540-4fad-b9df-2e64c2167628,0.1470,98,2026-11-17,50.3600,watch,"classifier=7.0.0-v11,regressor=7.0.0-v11",2026-08-10 18:57:48.370934+00
0f34d51c-90eb-4e52-9dda-02ef5f09a9a4,1eac5bce-8a58-4d81-9e80-5453a2e05447,0.9917,8,2026-08-19,0.0000,urgent,"classifier=7.0.0-v11,regressor=7.0.0-v11",2026-08-10 18:57:48.370934+00
cd1e8120-2338-4183-bb0b-792ed751c9ee,09faf4fc-9815-47a4-8a35-3a2a571ea85d,0.5195,26,2026-09-06,31.0200,watch,"classifier=7.0.0-v11,regressor=7.0.0-v11",2026-08-10 18:57:48.370934+00
0d55bd5c-43b8-4b7a-8158-86e9ad303f89,1b4befe8-0218-47f2-aa51-237ae499d73a,0.7415,22,2026-09-02,2.0100,urgent,"classifier=7.0.0-v11,regressor=7.0.0-v11",2026-08-10 18:57:48.370934+00
6e04d71c-20f7-424d-9d4d-7044e4a4a296,f48532e0-6ac2-40c0-a04e-d1a979e0b705,0.0304,59,2026-10-09,51.3000,watch,"classifier=7.0.0-v11,regressor=7.0.0-v11",2026-08-10 18:57:48.370934+00
e878f9cb-b45b-4a85-bf34-f93a77758fbe,49f69624-0017-48a0-ab05-906d879994d7,0.0051,160,2027-01-18,64.1800,watch,"classifier=7.0.0-v11,regressor=7.0.0-v11",2026-08-10 18:57:48.370934+00
b898c854-e480-4404-9b7d-1d35eb6c972b,585d8f6e-c62d-465d-b736-1eac8460a2aa,0.6894,31,2026-09-11,4.7900,urgent,"classifier=7.0.0-v11,regressor=7.0.0-v11",2026-08-10 18:57:48.370934+00
d8e7fb9a-db23-4b84-bc1f-446049e63797,a7e3d95d-9518-45fe-b2f4-4eb6e1ec8599,0.3632,35,2026-09-15,35.6500,watch,"classifier=7.0.0-v11,regressor=7.0.0-v11",2026-08-10 18:57:48.370934+00
d4056500-33b5-4a5c-b3f0-807858e69012,3d8aaacc-9972-4059-badd-0b9f4fb19275,0.9994,9,2026-08-20,3.7200,urgent,"classifier=7.0.0-v11,regressor=7.0.0-v11",2026-08-10 18:57:48.370934+00
1a62a8b9-b63a-4823-8a42-6dbd3abda258,edde909e-aad1-40a9-adbf-7bcf292a1b3e,0.5240,33,2026-09-13,36.0400,urgent,"classifier=7.0.0-v11,regressor=7.0.0-v11",2026-08-10 18:57:48.370934+00
7dc0e3f8-188d-488a-b805-2d9bfd9d8183,35ec8bea-bd3f-4a1d-bd8a-714007a30dd0,0.5826,61,2026-10-11,31.9100,urgent,"classifier=7.0.0-v11,regressor=7.0.0-v11",2026-08-10 18:57:48.370934+00
afdeac98-6e23-4f02-9df4-3afe7d590731,cc663436-a5bf-440b-b0ce-dbce19e4c7c0,0.9715,38,2026-09-18,17.6200,urgent,"classifier=7.0.0-v11,regressor=7.0.0-v11",2026-08-10 18:57:48.370934+00
b0365e60-6f40-423e-9393-3b5c32338772,e83b2e38-45ee-44ef-8b1f-a8967970ed22,0.0676,39,2026-09-19,49.4500,watch,"classifier=7.0.0-v11,regressor=7.0.0-v11",2026-08-10 18:57:48.370934+00
94f1e7de-40c8-4035-a4be-156bac5021b3,36ddb0db-d5e8-4031-a331-38b780a37eba,0.9993,10,2026-08-21,1.8800,urgent,"classifier=7.0.0-v11,regressor=7.0.0-v11",2026-08-10 18:57:48.370934+00
46cafc88-2fb9-4f87-9487-c2f1299afa8c,2882508f-2008-4eae-bb9e-75b9edaf912c,0.0629,102,2026-11-21,55.5800,watch,"classifier=7.0.0-v11,regressor=7.0.0-v11",2026-08-10 18:57:48.370934+00
f952b974-eae1-46f0-8976-3d6ade9875ca,9e8dacf8-1bdb-40d0-8cb0-6967385977f5,0.9425,22,2026-09-02,15.2700,urgent,"classifier=7.0.0-v11,regressor=7.0.0-v11",2026-08-10 18:57:48.370934+00
212e2d87-7c2e-4bf8-b20c-24906d928f3a,cec20212-97c1-4025-b274-9f86e62db509,0.0070,130,2026-12-19,43.5800,watch,"classifier=7.0.0-v11,regressor=7.0.0-v11",2026-08-10 18:57:48.370934+00
28d2155b-28a5-4bd9-a27c-cd2137e7a9d1,08a4619b-48c6-44ba-b790-69cabac1b71e,0.0182,80,2026-10-30,63.4400,watch,"classifier=7.0.0-v11,regressor=7.0.0-v11",2026-08-10 18:57:48.370934+00
75f26923-8a54-4103-93ec-9597b15546a0,96cafe42-81a7-4343-8c4f-666025329789,0.0547,73,2026-10-23,48.5300,watch,"classifier=7.0.0-v11,regressor=7.0.0-v11",2026-08-10 18:57:48.370934+00
8c94f5b6-fb64-42c4-9fe3-7740fda1b551,9e568e8d-1182-499e-ac0c-3ac5b3b73ffa,0.0950,45,2026-09-25,19.8600,conflict,"classifier=7.0.0-v11,regressor=7.0.0-v11",2026-08-10 18:57:48.370934+00
e5d49b46-60fb-47bd-ac1e-d76d0aaa0bc1,607c034a-98bd-45db-974d-dc5d96e66f81,0.4273,41,2026-09-21,27.2200,watch,"classifier=7.0.0-v11,regressor=7.0.0-v11",2026-08-10 18:57:48.370934+00
0051eddb-563a-4df5-99e6-fc14546a9505,30aacb8f-e47f-4e39-add2-a0a3d9b053cd,0.1068,87,2026-11-06,53.2400,watch,"classifier=7.0.0-v11,regressor=7.0.0-v11",2026-08-10 18:57:48.370934+00
6923411b-a426-4f6b-a7c3-7cb3d456aec3,aa9274d7-8d40-4cd6-ab92-89a44196e6d1,0.2602,98,2026-11-17,54.6500,watch,"classifier=7.0.0-v11,regressor=7.0.0-v11",2026-08-10 18:57:48.370934+00
6ddb03ee-8404-4258-af1f-c344c5e6497d,366eb948-c9aa-4bab-8a64-c830b2524d9c,0.9920,8,2026-08-19,8.4400,urgent,"classifier=7.0.0-v11,regressor=7.0.0-v11",2026-08-10 18:57:48.370934+00
5cc8ba26-8024-40e1-8e97-f47a85d9c5b6,08b0f885-8d8b-4003-94ce-30fc8e01135e,0.1167,66,2026-10-16,41.6800,watch,"classifier=7.0.0-v11,regressor=7.0.0-v11",2026-08-10 18:57:48.370934+00
2570971f-031a-4cea-8f16-7c533e5bc94e,5fe7a88d-f3fc-428a-b901-e00069f9cbb2,0.9996,3,2026-08-14,0.0000,urgent,"classifier=7.0.0-v11,regressor=7.0.0-v11",2026-08-10 18:57:48.370934+00
f01a230f-1602-4588-9ac5-c3705998bb7e,9ee29505-19d3-4394-b8cc-32c62ee5e040,0.0286,78,2026-10-28,54.9600,watch,"classifier=7.0.0-v11,regressor=7.0.0-v11",2026-08-10 18:57:48.370934+00
95d813a9-f9e9-4882-add7-5782948e364b,03e93c63-f6f0-4f60-9d90-a5201adbb5f5,0.1307,53,2026-10-03,50.1500,watch,"classifier=7.0.0-v11,regressor=7.0.0-v11",2026-08-10 18:57:48.370934+00
81e09d2d-e433-44a1-b8b2-08acb3c2fbbd,060b7f37-a358-439d-9cbc-8bde2937845c,0.9992,9,2026-08-20,0.0000,urgent,"classifier=7.0.0-v11,regressor=7.0.0-v11",2026-08-10 18:57:48.370934+00
9081a9d2-54f5-4944-92af-1d8eac5fd1c2,5f54c48d-89bc-48e7-98b5-12a7f355fae6,0.3743,40,2026-09-20,33.3000,watch,"classifier=7.0.0-v11,regressor=7.0.0-v11",2026-08-10 18:57:48.370934+00
8951cf69-8b15-4e46-8e9a-4a5ef9f218fe,9be549c6-7503-412f-9748-3d68a1945249,0.0109,83,2026-11-02,54.1400,watch,"classifier=7.0.0-v11,regressor=7.0.0-v11",2026-08-10 18:57:48.370934+00
b435fad2-6118-4a85-ab75-59a082836ab8,045cc038-1a43-49f1-aab3-32069dbed0e6,0.9683,14,2026-08-25,0.0000,urgent,"classifier=7.0.0-v11,regressor=7.0.0-v11",2026-08-10 18:57:48.370934+00
dab32fb6-72db-41c4-b52b-f98cc7c913bc,24ea69da-aebe-465e-94c6-5cd76089e0d5,0.9086,28,2026-09-08,19.9000,urgent,"classifier=7.0.0-v11,regressor=7.0.0-v11",2026-08-10 18:57:48.370934+00
e356ae53-1cd8-403a-a132-c9a3121f1032,8fc4cd84-a9d1-47b0-b7c4-5b7cfb6f710c,0.0068,168,2027-01-26,58.4800,watch,"classifier=7.0.0-v11,regressor=7.0.0-v11",2026-08-10 18:57:48.370934+00
ffec717d-59f9-4712-aa28-e29aff7d1f6c,56b374fb-68bc-4a92-a89b-7147178aea21,0.9331,35,2026-09-15,15.8400,urgent,"classifier=7.0.0-v11,regressor=7.0.0-v11",2026-08-10 18:57:48.370934+00
3f5083c2-d7b9-4281-86d2-a88cddcfcbcc,11fd8f8e-2153-47ad-a93a-dc8c41c3b5b9,0.0505,57,2026-10-07,41.7300,watch,"classifier=7.0.0-v11,regressor=7.0.0-v11",2026-08-10 18:57:48.370934+00
4d3ff887-d94d-4c21-a856-dbf177cceb4b,e9a85268-4dca-42f0-b0ea-6abbe5c8e033,0.7263,31,2026-09-11,0.0000,urgent,"classifier=7.0.0-v11,regressor=7.0.0-v11",2026-08-10 18:57:48.370934+00
1ba54fc7-bba9-4ca6-9674-33f1446f3a06,28b7a4b0-a95f-496f-9af5-0e7e5f2c5988,0.0402,99,2026-11-18,44.2500,watch,"classifier=7.0.0-v11,regressor=7.0.0-v11",2026-08-10 18:57:48.370934+00
82dadad1-a785-4bf9-86c4-4e965b7c00db,9a6e2fcf-fbb6-4a8f-b3c5-79c7a2ff3b21,0.1750,89,2026-11-08,36.5500,conflict,"classifier=7.0.0-v11,regressor=7.0.0-v11",2026-08-10 18:57:48.370934+00
f9a0393e-f2d9-4408-8b63-9fdaad6cb100,496cb5d4-46f5-427e-abc3-2395952ac9af,0.9995,7,2026-08-18,0.8400,urgent,"classifier=7.0.0-v11,regressor=7.0.0-v11",2026-08-10 18:57:48.370934+00
6b32071e-17b7-4617-8ce0-5b96d3ffa4dc,fbc0ffbb-7be6-40e9-abfa-a60807c58b20,0.0161,67,2026-10-17,42.9000,watch,"classifier=7.0.0-v11,regressor=7.0.0-v11",2026-08-10 18:57:48.370934+00
94ba6f0b-9f30-4ebe-8b08-7890a585bf48,9a69fffc-c54a-467b-b851-a6a68d08ba1c,0.4592,42,2026-09-22,15.8300,watch,"classifier=7.0.0-v11,regressor=7.0.0-v11",2026-08-10 18:57:48.370934+00
89d45d29-f358-4ce9-8c12-69a4196cde8b,e5bf4438-b0d6-4cc1-873e-5f37fa39db4b,0.2792,64,2026-10-14,31.3100,watch,"classifier=7.0.0-v11,regressor=7.0.0-v11",2026-08-10 18:57:48.370934+00
4e19a17e-9ab7-46e7-99a0-467eebc956ce,25e25115-5824-4673-93dc-3e16248f20d2,0.2466,48,2026-09-28,30.9300,conflict,"classifier=7.0.0-v11,regressor=7.0.0-v11",2026-08-10 18:57:48.370934+00
1cd1c821-ddbb-46cf-b065-1920cc013c87,884bd482-0fad-4821-bb6e-5038596a3365,0.6649,49,2026-09-29,3.9100,urgent,"classifier=7.0.0-v11,regressor=7.0.0-v11",2026-08-10 18:57:48.370934+00
e70edc5f-c252-4c78-a1f8-91c3675ea650,f7469ab3-aeaf-489b-b5d1-15bd8974e46b,0.3715,54,2026-10-04,48.1400,watch,"classifier=7.0.0-v11,regressor=7.0.0-v11",2026-08-10 18:57:48.370934+00
6c7fe278-d987-4318-8f13-5c8b298ea61b,c63a621c-6822-4256-8f0d-3408b6178efc,0.9446,21,2026-09-01,0.0000,urgent,"classifier=7.0.0-v11,regressor=7.0.0-v11",2026-08-10 18:57:48.370934+00
deb1f487-3462-450f-b553-0831b3eb63bc,fb32f725-5e69-499b-ae51-e0cb51b0e702,0.1863,46,2026-09-26,36.9400,conflict,"classifier=7.0.0-v11,regressor=7.0.0-v11",2026-08-10 18:57:48.370934+00
e23ef5d3-af26-4194-bf7b-ed3bbf3e2fdf,05854a4c-1088-42a1-b6a8-4204517e6f68,0.9635,26,2026-09-06,0.0000,urgent,"classifier=7.0.0-v11,regressor=7.0.0-v11",2026-08-10 18:57:48.370934+00
1242a24b-6437-4981-9492-8a8dc53d4787,ee0025e4-5dad-4659-89ae-835567a0c0ce,0.0083,122,2026-12-11,60.5700,watch,"classifier=7.0.0-v11,regressor=7.0.0-v11",2026-08-10 18:57:48.370934+00
2a568e3f-5ea9-460a-b428-26e59fa450a3,4994790a-4185-4424-9487-98a2e6a055e8,0.5844,37,2026-09-17,26.3300,urgent,"classifier=7.0.0-v11,regressor=7.0.0-v11",2026-08-10 18:57:48.370934+00
2a6d7463-19d3-4a68-91aa-eedabb47d223,078c2bff-302d-4d69-8fa0-50747f690d7a,0.9998,1,2026-08-12,0.0000,urgent,"classifier=7.0.0-v11,regressor=7.0.0-v11",2026-08-10 18:57:48.370934+00
4bf37e60-91c6-438c-bbf6-3bc2aca01cdb,00fc4f1f-b502-44e8-bf8b-15fa605753ef,0.9998,1,2026-08-12,1.6100,urgent,"classifier=7.0.0-v11,regressor=7.0.0-v11",2026-08-10 18:57:48.370934+00
4e9a9e3a-7be9-460d-87ae-a3bc0b0ae83f,1e915f8c-945b-46b3-a953-3e7ade36cc44,0.4494,50,2026-09-30,33.6100,watch,"classifier=7.0.0-v11,regressor=7.0.0-v11",2026-08-10 18:57:48.370934+00
0ca0a5ee-1b96-4a7a-b9d6-e1169b8bc133,b9aede18-b690-403b-9f5e-868aed2b16c2,0.0552,126,2026-12-15,57.1300,watch,"classifier=7.0.0-v11,regressor=7.0.0-v11",2026-08-10 18:57:48.370934+00
513780fe-bb69-4b7a-bf2c-f02dc03338a4,c4cb2333-d086-40be-a256-07c97da33346,0.9015,40,2026-09-20,9.1500,urgent,"classifier=7.0.0-v11,regressor=7.0.0-v11",2026-08-10 18:57:48.370934+00
105a16cb-6d48-4b94-9e09-df20033ed16d,d412e05c-2da1-415c-a7b4-54344ce61e18,0.9737,20,2026-08-31,0.0000,urgent,"classifier=7.0.0-v11,regressor=7.0.0-v11",2026-08-10 18:57:48.370934+00
c4c6bdab-8510-412b-bc0e-bb7e5d875427,5bf0030f-e943-425d-ab4d-33e825a51781,0.0081,122,2026-12-11,49.2800,watch,"classifier=7.0.0-v11,regressor=7.0.0-v11",2026-08-10 18:57:48.370934+00
a8961405-bf08-4a6c-b5a9-ae0c044b4988,fc0325ac-907e-46b6-a52a-8158664a5985,0.7010,25,2026-09-05,13.6800,urgent,"classifier=7.0.0-v11,regressor=7.0.0-v11",2026-08-10 18:57:48.370934+00
82b1dddc-1771-41c3-b422-97164d323830,fcdbbc17-bd27-4934-9023-beb840c2e7b1,0.9671,23,2026-09-03,0.0000,urgent,"classifier=7.0.0-v11,regressor=7.0.0-v11",2026-08-10 18:57:48.370934+00
01393abf-32ce-4194-b020-096562abc341,ed8fdfbf-2b93-47c2-8cee-5d111aaa9bb7,0.0213,100,2026-11-19,47.7700,watch,"classifier=7.0.0-v11,regressor=7.0.0-v11",2026-08-10 18:57:48.370934+00
65db7dda-e450-475f-b962-897ed726c0eb,12ac6689-8315-43d9-8d09-07c603b91360,0.0161,135,2026-12-24,49.3000,watch,"classifier=7.0.0-v11,regressor=7.0.0-v11",2026-08-10 18:57:48.370934+00
a9db2e0d-2528-42ae-8822-e5726a17b46d,183d2b1d-08f1-4d98-b599-36570c4a1c40,0.2429,41,2026-09-21,24.5000,conflict,"classifier=7.0.0-v11,regressor=7.0.0-v11",2026-08-10 18:57:48.370934+00
9b48408c-d59f-4b7a-ab5e-5973a14d969a,652a424c-3af2-46e6-a042-af78454394c6,0.0124,58,2026-10-08,38.2700,conflict,"classifier=7.0.0-v11,regressor=7.0.0-v11",2026-08-10 18:57:48.370934+00
bc26d67c-8863-4a32-895a-a48b4af0c7a7,a0930922-e5a4-439d-b1f7-005b0dcb788a,0.9998,11,2026-08-22,0.0000,urgent,"classifier=7.0.0-v11,regressor=7.0.0-v11",2026-08-10 18:57:48.370934+00
73a05a34-8304-4e0e-96a7-4c1f04c8346b,ffbd715e-e001-43b3-9f1e-bd6a3486b78f,0.0888,66,2026-10-16,43.1700,watch,"classifier=7.0.0-v11,regressor=7.0.0-v11",2026-08-10 18:57:48.370934+00
356bff4e-188f-4e2c-97b4-24ec61be6670,c877cb2c-93a9-4268-b6be-8bb9187bac91,0.3857,48,2026-09-28,31.3800,watch,"classifier=7.0.0-v11,regressor=7.0.0-v11",2026-08-10 18:57:48.370934+00
633938da-4488-42cc-9655-c4dbc316219a,051e36fc-85a7-4232-9142-9c75e9446937,0.0272,45,2026-09-25,37.5700,conflict,"classifier=7.0.0-v11,regressor=7.0.0-v11",2026-08-10 18:57:48.370934+00
ce1b5c71-a79c-4569-89e0-055977a005e0,f3dead69-ffde-4a9e-9002-fe4e48a9d009,0.0217,72,2026-10-22,51.9200,watch,"classifier=7.0.0-v11,regressor=7.0.0-v11",2026-08-10 18:57:48.370934+00
fa7806dc-5880-4847-9503-4ad69b0e1fb0,ee53381f-b5a1-4853-abbf-7ad40510e30d,0.9995,13,2026-08-24,0.0000,urgent,"classifier=7.0.0-v11,regressor=7.0.0-v11",2026-08-10 18:57:48.370934+00
dc32fc05-9e75-4a8e-9030-43ae72d1fb61,a234c27c-b304-45c8-a90c-8172468b23b9,0.0288,56,2026-10-06,30.6900,conflict,"classifier=7.0.0-v11,regressor=7.0.0-v11",2026-08-10 18:57:48.370934+00
31978fe7-aefb-4f6b-9ae9-35d62da1eac1,0486db6a-3c4f-4ef4-845e-074534da8d3e,0.0169,159,2027-01-17,68.4500,watch,"classifier=7.0.0-v11,regressor=7.0.0-v11",2026-08-10 18:57:48.370934+00
c30a045c-e5ea-4af1-b6a8-8fdcf5906ec7,73b9b789-1a9d-47cc-ac63-aaee7bc067b9,0.0246,89,2026-11-08,38.4000,conflict,"classifier=7.0.0-v11,regressor=7.0.0-v11",2026-08-10 18:57:48.370934+00
ca728c15-123e-4162-b126-78947046ed5a,feb6fa5c-8598-4182-bdd9-e331d76ad2d5,0.1471,34,2026-09-14,35.5900,conflict,"classifier=7.0.0-v11,regressor=7.0.0-v11",2026-08-10 18:57:48.370934+00
accdcb10-3965-4778-bfd4-698b707618d1,8fb86d99-7555-4129-9577-97b69f973617,0.1124,104,2026-11-23,41.3100,watch,"classifier=7.0.0-v11,regressor=7.0.0-v11",2026-08-10 18:57:48.370934+00
38c6c716-5552-4f81-ad1a-1601cbacb8dc,50c811c8-fbfd-4d87-9d5b-f0ac91411819,0.0326,53,2026-10-03,38.6400,conflict,"classifier=7.0.0-v11,regressor=7.0.0-v11",2026-08-10 18:57:48.370934+00
f1894e66-1927-4f0f-bef9-fc22b4af7d76,70031a5c-7385-4d3c-ab08-a89c6a6e3f7b,0.6491,68,2026-10-18,22.3600,urgent,"classifier=7.0.0-v11,regressor=7.0.0-v11",2026-08-10 18:57:48.370934+00
c8f091d6-5e1a-4209-8163-70a62b7b70e5,8fc271ae-6332-468c-9318-50a8f35082ef,0.9906,21,2026-09-01,8.7900,urgent,"classifier=7.0.0-v11,regressor=7.0.0-v11",2026-08-10 18:57:48.370934+00
79a4d26b-19e6-4e0b-83c1-190def72ead8,92c0b41e-51fd-4f18-be86-0367ac6d1573,0.1955,98,2026-11-17,27.4400,conflict,"classifier=7.0.0-v11,regressor=7.0.0-v11",2026-08-10 18:57:48.370934+00
79ce6543-bed9-4b40-a863-525ad97461d0,cba2e7a3-c472-4cba-ad57-1f179fa131a9,0.9053,21,2026-09-01,0.0000,urgent,"classifier=7.0.0-v11,regressor=7.0.0-v11",2026-08-10 18:57:48.370934+00
170c1778-28a6-4007-856c-9113fd5eb4a6,86fe05ac-dcf4-4a36-b90c-8695bc89ba02,0.8936,27,2026-09-07,0.0000,urgent,"classifier=7.0.0-v11,regressor=7.0.0-v11",2026-08-10 18:57:48.370934+00
fbb3702f-7687-4e9a-bd94-8b3b7c0dcb63,01d53dae-f3be-42f8-bd8b-d98d83491e6c,0.3854,47,2026-09-27,29.7900,watch,"classifier=7.0.0-v11,regressor=7.0.0-v11",2026-08-10 18:57:48.370934+00
c4087e34-8ed9-4451-b432-6bc165de86f0,8a500e1a-bcb1-466a-8c07-f8415764be91,0.6728,25,2026-09-05,4.4700,urgent,"classifier=7.0.0-v11,regressor=7.0.0-v11",2026-08-10 18:57:48.370934+00
97cb64af-34fe-4dc5-8eb9-982667d20775,04ecc9f3-a16b-4164-a571-57d4cc24b184,0.9588,19,2026-08-30,0.0000,urgent,"classifier=7.0.0-v11,regressor=7.0.0-v11",2026-08-10 18:57:48.370934+00
ee9d2f02-a585-413f-be05-574ea9b10305,24b8f4f4-f05c-4227-8705-4490306e05f7,0.4318,34,2026-09-14,17.4700,watch,"classifier=7.0.0-v11,regressor=7.0.0-v11",2026-08-10 18:57:48.370934+00
79318759-b158-4200-a9c3-772e71124859,3f56532e-95e8-4a22-9379-f2ed0b2dd92d,0.9997,18,2026-08-29,0.0000,urgent,"classifier=7.0.0-v11,regressor=7.0.0-v11",2026-08-10 18:57:48.370934+00
abcaa33f-163b-4672-9241-d82fad2e39d0,0066c4b1-aaf6-46c6-aef2-d1ec9d2d8198,0.9648,19,2026-08-30,21.4900,urgent,"classifier=7.0.0-v11,regressor=7.0.0-v11",2026-08-10 18:57:48.370934+00
d81f2f8b-7ae1-40c8-956b-9e8f6ad8d6ea,6d28edee-1f87-4a81-a9d9-ee526bd97ac0,0.0063,148,2027-01-06,62.0600,watch,"classifier=7.0.0-v11,regressor=7.0.0-v11",2026-08-10 18:57:48.370934+00
17def6df-3a20-422d-867e-0b4dec13c67c,969a0df4-d7fa-4bc4-b9ed-6863343e114c,0.0096,119,2026-12-08,68.1600,watch,"classifier=7.0.0-v11,regressor=7.0.0-v11",2026-08-10 18:57:48.370934+00
caa736d1-b11d-4403-b34c-4324945e84d6,26e54747-7b1e-4bef-959b-3acb36c1da52,0.9417,51,2026-10-01,39.4000,urgent,"classifier=7.0.0-v11,regressor=7.0.0-v11",2026-08-10 18:57:48.370934+00
bcaa28e2-79e1-44fa-9a66-5f1eafc71b8f,48edf68b-fe4b-458c-9987-0dfc29504804,0.0136,104,2026-11-23,62.5400,watch,"classifier=7.0.0-v11,regressor=7.0.0-v11",2026-08-10 18:57:48.370934+00
9193e9f7-5a44-469d-8409-2427ddb5a898,14dade97-29fe-4dd3-bcdb-2af7c81e3c47,0.6393,72,2026-10-22,39.6600,urgent,"classifier=7.0.0-v11,regressor=7.0.0-v11",2026-08-10 18:57:48.370934+00
947185df-91d2-4b89-adb0-45142db5c2c3,7ec587ad-7be3-4caa-be4e-069db0e5e8e2,0.0081,114,2026-12-03,48.5400,watch,"classifier=7.0.0-v11,regressor=7.0.0-v11",2026-08-10 18:57:48.370934+00
00d7746b-38ec-4b62-a915-b6ccea4b8c3d,ffc33ff5-353e-496b-b1e2-b2757228a4fd,0.0867,127,2026-12-16,56.9700,watch,"classifier=7.0.0-v11,regressor=7.0.0-v11",2026-08-10 18:57:48.370934+00
83471f56-a61a-47cc-8a01-0c7b19ef77ea,532c5b42-6852-4bb3-bfc9-64913ea7adad,0.9385,25,2026-09-05,16.6300,urgent,"classifier=7.0.0-v11,regressor=7.0.0-v11",2026-08-10 18:57:48.370934+00
b72ad7fd-29f4-403f-a8c1-ace17a5ddd79,3820a00f-a1d8-4a42-b492-7d4a27ba02f9,0.0086,89,2026-11-08,47.3000,watch,"classifier=7.0.0-v11,regressor=7.0.0-v11",2026-08-10 18:57:48.370934+00
6c5780eb-0445-4926-b963-6c59d0bf8afe,36d8aaeb-b0a0-412e-bbe8-776ccd43c52d,0.0304,56,2026-10-06,51.4200,watch,"classifier=7.0.0-v11,regressor=7.0.0-v11",2026-08-10 18:57:48.370934+00
adb49b17-6dbc-4fa2-947e-a228bdcdaca0,60713547-c97d-42f0-ba5c-10d1b39d6331,0.0137,57,2026-10-07,44.1400,watch,"classifier=7.0.0-v11,regressor=7.0.0-v11",2026-08-10 18:57:48.370934+00
5cf0440a-1d67-4386-9dc4-206ef854dc6d,fb744fe4-7ad8-4953-8de1-20842c121b91,0.1225,59,2026-10-09,26.8500,conflict,"classifier=7.0.0-v11,regressor=7.0.0-v11",2026-08-10 18:57:48.370934+00
bd1d44e9-bd34-4b8a-a5a7-8d99a8b4e837,daa1bd48-569f-4271-9544-46ad8459bfe8,0.0163,80,2026-10-30,41.6700,watch,"classifier=7.0.0-v11,regressor=7.0.0-v11",2026-08-10 18:57:48.370934+00
55b49485-c003-48cc-bd7b-5c47367fe120,61fe09ce-e300-4109-bc99-a14262fd6cc0,0.0410,89,2026-11-08,32.9800,conflict,"classifier=7.0.0-v11,regressor=7.0.0-v11",2026-08-10 18:57:48.370934+00
5440c944-320d-4222-84b5-4c7b5e12e67a,1bd8edc5-344b-4fd8-8964-5d4256db17a3,0.0163,84,2026-11-03,54.5100,watch,"classifier=7.0.0-v11,regressor=7.0.0-v11",2026-08-10 18:57:48.370934+00
03120633-6fde-41c4-b2b9-931c2aebb517,4b62720e-ec9c-4bff-bdc3-61f535efa578,0.0079,90,2026-11-09,55.5400,watch,"classifier=7.0.0-v11,regressor=7.0.0-v11",2026-08-10 18:57:48.370934+00
5c4efc1c-5204-481f-b715-40a7fc406048,e245fe3d-5137-4041-ad1d-81dc9f30296c,0.9973,17,2026-08-28,0.0000,urgent,"classifier=7.0.0-v11,regressor=7.0.0-v11",2026-08-10 18:57:48.370934+00
032e5b15-3533-4fd4-8769-18d9d36f5004,66bf4114-bfc0-4c4f-b2c7-c6866ac7c172,0.0698,74,2026-10-24,41.8400,watch,"classifier=7.0.0-v11,regressor=7.0.0-v11",2026-08-10 18:57:48.370934+00
78b7b5f8-9977-450a-9d63-d7374b4a6b16,e46ed07c-e507-4164-9d5f-65f7e2ca1e89,0.9986,17,2026-08-28,0.0000,urgent,"classifier=7.0.0-v11,regressor=7.0.0-v11",2026-08-10 18:57:48.370934+00
d8f2bfd9-bf9e-4ce8-a60c-b3a9c5eb8de4,48657078-944d-4c0e-a867-a7dbcffaca47,0.0479,45,2026-09-25,36.3400,conflict,"classifier=7.0.0-v11,regressor=7.0.0-v11",2026-08-10 18:57:48.370934+00
3f984b50-5b21-4f6a-912e-42f0e6f5e192,bf33fa39-e6e0-4270-aa01-6ba7a9d04bc6,0.2219,73,2026-10-23,35.1900,conflict,"classifier=7.0.0-v11,regressor=7.0.0-v11",2026-08-10 18:57:48.370934+00
5e26d299-3c93-4af9-bd90-54518f3bab9b,7f59766f-d12a-47b5-b596-7b118ad1ac29,0.0152,131,2026-12-20,50.6700,watch,"classifier=7.0.0-v11,regressor=7.0.0-v11",2026-08-10 18:57:48.370934+00
69527dd4-77ce-40b2-9890-e12773c00d46,4791aa73-cfdf-4c63-b72b-7584aec88d83,0.4240,33,2026-09-13,12.4600,watch,"classifier=7.0.0-v11,regressor=7.0.0-v11",2026-08-10 18:57:48.370934+00
ad71497c-ba2b-471d-b3c9-1767bdaf0a37,35b47dfb-fb8d-4b1c-a16c-919c8f6ea174,0.8589,25,2026-09-05,6.3600,urgent,"classifier=7.0.0-v11,regressor=7.0.0-v11",2026-08-10 18:57:48.370934+00
256cc0c3-c06c-4259-9d41-f46090c6294e,9d893206-63f2-4531-950b-cee3077877f6,0.0500,138,2026-12-27,69.3900,watch,"classifier=7.0.0-v11,regressor=7.0.0-v11",2026-08-10 18:57:48.370934+00
31507ffb-da25-4b60-bec1-a1860c81edc5,6c4a055d-9ad9-4839-90d7-710cfd96f501,0.0047,190,2027-02-17,41.4400,watch,"classifier=7.0.0-v11,regressor=7.0.0-v11",2026-08-10 18:57:48.370934+00
ba780baf-2ae7-4ba4-a49d-b49e273503e3,70b2c468-9a8e-49bf-bd7e-9a3924e3ef62,0.0986,50,2026-09-30,36.3900,conflict,"classifier=7.0.0-v11,regressor=7.0.0-v11",2026-08-10 18:57:48.370934+00
59a1a94d-6373-4ed0-a704-5a8c3806657b,3e08f617-2475-43f7-a787-9f9a624c4df1,0.0276,108,2026-11-27,36.4900,conflict,"classifier=7.0.0-v11,regressor=7.0.0-v11",2026-08-10 18:57:48.370934+00
40099724-10c3-4c6a-8e2a-c2d13b3229e3,b7d07cd8-6c3b-48fa-b10c-6a7f713cf523,0.0400,56,2026-10-06,41.9200,watch,"classifier=7.0.0-v11,regressor=7.0.0-v11",2026-08-10 18:57:48.370934+00
a4929f5b-f319-4fc9-a8eb-04f1377ed11d,0e48509c-7c6c-4c3c-b0dc-7fdbf99ec9ca,0.0150,142,2026-12-31,54.0800,watch,"classifier=7.0.0-v11,regressor=7.0.0-v11",2026-08-10 18:57:48.370934+00
1753470c-bfd5-4c17-821f-d5be9f855b78,f3bcf64a-400e-4664-bad3-462424153d34,0.0188,129,2026-12-18,50.4800,watch,"classifier=7.0.0-v11,regressor=7.0.0-v11",2026-08-10 18:57:48.370934+00
155690e8-0b10-4983-94e3-092408c999c3,69b2d550-9e9b-4dcb-affa-d2491d77dd9d,0.9998,1,2026-08-12,3.6900,urgent,"classifier=7.0.0-v11,regressor=7.0.0-v11",2026-08-10 18:57:48.370934+00
bd2433f9-df05-40a5-9300-15f0dadf3a09,cdfdf3e2-078c-43e8-a1e7-31dd7d7338e6,0.0065,162,2027-01-20,44.4500,watch,"classifier=7.0.0-v11,regressor=7.0.0-v11",2026-08-10 18:57:48.370934+00
a72dc7f5-306e-44d3-b06e-c2f93d358e8a,df5d742f-6174-49e1-83e3-749a1b252397,0.2557,45,2026-09-25,32.6500,watch,"classifier=7.0.0-v11,regressor=7.0.0-v11",2026-08-10 18:57:48.370934+00
144a15c8-86f6-4506-b5ef-9b9ac78fa006,0a5a0701-3e26-470c-83f1-c3f5d82d35ef,0.0044,187,2027-02-14,56.1500,watch,"classifier=7.0.0-v11,regressor=7.0.0-v11",2026-08-10 18:57:48.370934+00
947cf00f-3822-49c1-bca6-c2d65a95876d,b4947405-7eba-4b64-9532-4b3af54e21b4,0.8336,32,2026-09-12,9.7400,urgent,"classifier=7.0.0-v11,regressor=7.0.0-v11",2026-08-10 18:57:48.370934+00
26681fda-c0a4-4cae-aea0-5f9909d6078c,a72de278-2332-4009-94fe-39c25f41b48b,0.9982,5,2026-08-16,0.0000,urgent,"classifier=7.0.0-v11,regressor=7.0.0-v11",2026-08-10 18:57:48.370934+00
58c895ae-5037-4c5f-ada5-b2caaba9716b,27161df2-f6be-4a31-9561-86cac7f05ac0,0.2734,45,2026-09-25,26.4300,watch,"classifier=7.0.0-v11,regressor=7.0.0-v11",2026-08-10 18:57:48.370934+00
77886ab0-2eb1-4ae2-b779-29a9359f4a2a,ea6aec38-c0e9-4edd-8731-6d930b9730f2,0.9683,25,2026-09-05,13.0100,urgent,"classifier=7.0.0-v11,regressor=7.0.0-v11",2026-08-10 18:57:48.370934+00
dd5dc51b-daa6-456d-948e-9a6b2aa89fa9,ac568011-8780-4af4-8af0-e98e75c1191b,0.9508,21,2026-09-01,0.0000,urgent,"classifier=7.0.0-v11,regressor=7.0.0-v11",2026-08-10 18:57:48.370934+00
a7f60ab5-f613-4c91-abe7-7ea6bbf8fb29,42bfb663-bb7f-4bc0-becd-8bf74a7af99e,0.0059,129,2026-12-18,52.6700,watch,"classifier=7.0.0-v11,regressor=7.0.0-v11",2026-08-10 18:57:48.370934+00
040f6136-291a-45ad-beff-3ec285a3b3c4,b0ffc15c-f9dd-42c0-ba9c-0bb9c0d9a190,0.0778,40,2026-09-20,39.2000,conflict,"classifier=7.0.0-v11,regressor=7.0.0-v11",2026-08-10 18:57:48.370934+00
7eea56a4-7375-4549-b3ad-59cb9f504433,726c4916-45e9-4a4b-b51a-6904a79209ba,0.0510,49,2026-09-29,35.2300,conflict,"classifier=7.0.0-v11,regressor=7.0.0-v11",2026-08-10 18:57:48.370934+00
0631a7f4-0ab4-47c3-b678-e2c694fd181c,f233e60a-19f5-46b7-9300-227b1e029eee,0.8455,18,2026-08-29,0.0000,urgent,"classifier=7.0.0-v11,regressor=7.0.0-v11",2026-08-10 18:57:48.370934+00
b7b0f3e4-d229-42b1-a67d-3781a2e84e28,74487c1c-3c48-4b45-bac7-84cb06ce37e4,0.0276,71,2026-10-21,49.3500,watch,"classifier=7.0.0-v11,regressor=7.0.0-v11",2026-08-10 18:57:48.370934+00
ae2a2c2e-6eba-4788-b4ca-e3ccf7a06da7,ffc80429-1d21-4599-ad9d-0c7cad4c4756,0.0024,183,2027-02-10,41.2000,watch,"classifier=7.0.0-v11,regressor=7.0.0-v11",2026-08-10 18:57:48.370934+00
aeb8c09a-453f-4844-8b66-03f6ca145475,f0cbcf39-2244-4ff3-b4fd-19dc55090ed5,0.1704,53,2026-10-03,35.6400,conflict,"classifier=7.0.0-v11,regressor=7.0.0-v11",2026-08-10 18:57:48.370934+00
ce12937e-29d0-4db7-858f-63be1d740f45,3410b2df-597c-4278-ae15-643d6e53f213,0.0417,71,2026-10-21,41.1800,watch,"classifier=7.0.0-v11,regressor=7.0.0-v11",2026-08-10 18:57:48.370934+00
5096df80-57ca-4147-b66d-911dcfa473ce,61812d01-a2b1-4a19-80eb-c4de09227944,0.0081,137,2026-12-26,45.4400,watch,"classifier=7.0.0-v11,regressor=7.0.0-v11",2026-08-10 18:57:48.370934+00
02b08bb4-7125-4a99-8a2a-af1f6b11bc12,75a6adfa-947c-421c-bfb2-ac3e296ae655,0.0217,46,2026-09-26,37.2400,conflict,"classifier=7.0.0-v11,regressor=7.0.0-v11",2026-08-10 18:57:48.370934+00
0ef59633-0a38-473b-b38b-da2cf19ccf30,70fc98d8-5319-4fa2-bdc3-2935761b1698,0.0208,65,2026-10-15,50.3900,watch,"classifier=7.0.0-v11,regressor=7.0.0-v11",2026-08-10 18:57:48.370934+00
1585e750-f63f-4911-9525-54d31d60dc78,06c9d121-8916-4b66-8e85-e52c642be051,0.9999,1,2026-08-12,0.0000,urgent,"classifier=7.0.0-v11,regressor=7.0.0-v11",2026-08-10 18:57:48.370934+00
487b51ef-5564-4160-8b47-3d3233dd4455,ff6a4d2a-5f42-46bc-ac87-4552804677a0,0.0055,85,2026-11-04,52.9300,watch,"classifier=7.0.0-v11,regressor=7.0.0-v11",2026-08-10 18:57:48.370934+00
afbd703e-ef0e-4946-ba8b-7d45f63b3f66,e55889bc-2b70-4fcf-bb83-25abbb8f1050,0.0029,173,2027-01-31,53.1200,watch,"classifier=7.0.0-v11,regressor=7.0.0-v11",2026-08-10 18:57:48.370934+00
6cd3ba9e-f8c1-4082-9e5b-2ee265cbc86a,eec5b6a0-a16d-4643-827e-f20d9b0f06ba,0.9838,18,2026-08-29,0.0000,urgent,"classifier=7.0.0-v11,regressor=7.0.0-v11",2026-08-10 18:57:48.370934+00
c4320a90-c1e1-4235-b7ff-c48ba45e62be,5d176a87-52be-42a5-bd80-b231b926b3cd,0.0287,102,2026-11-21,60.8800,watch,"classifier=7.0.0-v11,regressor=7.0.0-v11",2026-08-10 18:57:48.370934+00
c66e091f-f0b2-47de-91f0-4d7b4040f98f,6707325f-ffcb-4e4e-9e7e-5ebb429ab367,0.0095,194,2027-02-21,63.4100,watch,"classifier=7.0.0-v11,regressor=7.0.0-v11",2026-08-10 18:57:48.370934+00
143b9a8e-9e77-43ba-8113-7044ce42dc1d,f2134e32-0d43-400e-872c-ab9a3a59c396,0.8398,42,2026-09-22,17.5300,urgent,"classifier=7.0.0-v11,regressor=7.0.0-v11",2026-08-10 18:57:48.370934+00
c3c85a33-9d95-4809-915e-f382216d9828,742e28dc-1cb7-4c1a-b828-9b7c4201785f,0.0032,203,2027-03-02,55.2900,watch,"classifier=7.0.0-v11,regressor=7.0.0-v11",2026-08-10 18:57:48.370934+00
5fd50f6e-a7ff-48f7-9ac4-dfbdad7d0a4e,166a1abd-8c3c-4c1d-afde-926a9c4a0f41,0.0061,77,2026-10-27,34.5500,conflict,"classifier=7.0.0-v11,regressor=7.0.0-v11",2026-08-10 18:57:48.370934+00
560d7704-21dd-4645-ad21-eea231e80c97,7d1fbe53-4206-4fc7-ba86-035cd75549ec,0.0130,74,2026-10-24,38.3300,conflict,"classifier=7.0.0-v11,regressor=7.0.0-v11",2026-08-10 18:57:48.370934+00
6d8df908-3375-480c-8c5e-ff47e5df075d,e49ee92f-dbbf-4bda-9b5b-199b372fb9de,0.0481,160,2027-01-18,60.1800,watch,"classifier=7.0.0-v11,regressor=7.0.0-v11",2026-08-10 18:57:48.370934+00
08b397f5-96e0-40e0-b5e4-0e26e4b79d14,9ad3f064-0d83-4913-a4fe-10ffb3c3a876,0.0049,138,2026-12-27,50.8700,watch,"classifier=7.0.0-v11,regressor=7.0.0-v11",2026-08-10 18:57:48.370934+00
31d6b923-dc41-49e9-9252-85539221fe29,862ac77c-607e-41fa-86c3-4d9284806c99,0.0097,88,2026-11-07,52.6400,watch,"classifier=7.0.0-v11,regressor=7.0.0-v11",2026-08-10 18:57:48.370934+00
394a4819-1a34-4f8c-a5b0-c1b69c376b4d,bf3e56c3-2599-42f7-8bb4-3bc7d7b2305d,0.9989,21,2026-09-01,2.4800,urgent,"classifier=7.0.0-v11,regressor=7.0.0-v11",2026-08-10 18:57:48.370934+00
9fc342ca-01f6-4f84-adf9-c77e738fc003,6f93bf10-21d1-4a6f-a27a-c64092eb5154,0.0292,85,2026-11-04,40.0400,watch,"classifier=7.0.0-v11,regressor=7.0.0-v11",2026-08-10 18:57:48.370934+00
a219e6bc-f054-43ed-b469-cf736a6607dd,77015d20-5ece-46a1-a044-e15492d2686e,0.0402,62,2026-10-12,41.5500,watch,"classifier=7.0.0-v11,regressor=7.0.0-v11",2026-08-10 18:57:48.370934+00
9135aa4e-beef-49db-906c-abc8c62651f9,0c9d078a-17db-44a4-9fb8-eda8aac81817,0.0052,75,2026-10-25,32.5200,conflict,"classifier=7.0.0-v11,regressor=7.0.0-v11",2026-08-10 18:57:48.370934+00
e9f05161-6614-4c30-8715-2b235f3d46dc,bbb21bf2-a33b-46e9-9d7f-d84f580febed,0.0079,137,2026-12-26,52.6200,watch,"classifier=7.0.0-v11,regressor=7.0.0-v11",2026-08-10 18:57:48.370934+00
13cb14ce-d896-448d-ae9e-242ffeee5204,6259aa13-13fd-4c07-9694-6fadabb85a6e,0.0052,140,2026-12-29,49.7600,watch,"classifier=7.0.0-v11,regressor=7.0.0-v11",2026-08-10 18:57:48.370934+00
ad9914e0-1150-474d-b41e-16cedc089e5d,dd003ba9-8004-4f4e-b50d-44a6917df989,0.0157,85,2026-11-04,61.4300,watch,"classifier=7.0.0-v11,regressor=7.0.0-v11",2026-08-10 18:57:48.370934+00
16d6e49e-210b-4ed4-a999-51468d9d2e21,e6f4683b-d956-433f-9143-a364ebc377b1,0.7756,28,2026-09-08,3.7900,urgent,"classifier=7.0.0-v11,regressor=7.0.0-v11",2026-08-10 18:57:48.370934+00
7be00ec2-503c-453f-bc12-ce3be414fb3b,aacd37bb-3f3b-425c-a0a3-6b66ef353060,0.0064,89,2026-11-08,57.4600,watch,"classifier=7.0.0-v11,regressor=7.0.0-v11",2026-08-10 18:57:48.370934+00
d19ca06d-8caa-4081-8979-31466a477f70,6d7ba844-6916-4ef3-a546-0806fa30de20,0.9964,23,2026-09-03,0.0000,urgent,"classifier=7.0.0-v11,regressor=7.0.0-v11",2026-08-10 18:57:48.370934+00
e9b82ec0-090b-402f-aba9-43e7738437b0,4c0961a4-d984-4764-a816-ca146ea4bd8d,0.0127,115,2026-12-04,38.8000,conflict,"classifier=7.0.0-v11,regressor=7.0.0-v11",2026-08-10 18:57:48.370934+00
4ad6f853-8f69-402c-b314-874911d949c8,0753f935-07ab-45a0-8a4b-9f2a5aae268b,0.0054,85,2026-11-04,53.4300,watch,"classifier=7.0.0-v11,regressor=7.0.0-v11",2026-08-10 18:57:48.370934+00
9eb80999-f62d-4907-9332-8a50e85006ad,a183c839-0612-4173-a219-025091dd95b0,0.0046,82,2026-11-01,49.0600,watch,"classifier=7.0.0-v11,regressor=7.0.0-v11",2026-08-10 18:57:48.370934+00
7ed93a87-81be-4e9f-8915-caf1409a3820,6749f003-6dea-4ee3-b9ce-4f949f0b7bc8,0.0034,166,2027-01-24,62.7600,watch,"classifier=7.0.0-v11,regressor=7.0.0-v11",2026-08-10 18:57:48.370934+00
92ff4dde-e99d-432e-92ba-d78cd86992f9,eaae8d12-93f2-4112-aa01-50564282a1f4,0.9790,18,2026-08-29,6.3000,urgent,"classifier=7.0.0-v11,regressor=7.0.0-v11",2026-08-10 18:57:48.370934+00
5e1a2d77-a0d2-49da-8a7f-4d6561e74545,6126787d-e4fb-456d-a404-9c6c16f3bd61,0.6157,34,2026-09-14,32.4900,urgent,"classifier=7.0.0-v11,regressor=7.0.0-v11",2026-08-10 18:57:48.370934+00
f0977484-05e8-4418-9727-5c2be12dfbe8,021c9a67-b8e9-4baa-b17a-d7c3e77e52bc,0.0517,133,2026-12-22,72.2100,watch,"classifier=7.0.0-v11,regressor=7.0.0-v11",2026-08-10 18:57:48.370934+00
7c270a68-a811-4b28-856f-6f6e004ea1c7,88c71b4d-de5d-425e-ac0a-44b24fe2fc5a,0.0807,47,2026-09-27,44.7400,watch,"classifier=7.0.0-v11,regressor=7.0.0-v11",2026-08-10 18:57:48.370934+00
5cea1e16-6846-416f-8b3f-04bd0afe1097,a30ac014-8b6c-45e0-8b5e-a44678129af4,0.9992,6,2026-08-17,0.0000,urgent,"classifier=7.0.0-v11,regressor=7.0.0-v11",2026-08-10 18:57:48.370934+00
c1f887ad-88e9-4629-ac78-47ce4d659917,538e8b0f-b70b-43c5-83b5-2b3dbadc59e2,0.0347,92,2026-11-11,55.3300,watch,"classifier=7.0.0-v11,regressor=7.0.0-v11",2026-08-10 18:57:48.370934+00
f2bb85e9-92ca-457b-b252-188dda923182,024397fd-7e68-4975-beb7-ba32900ae672,0.9863,18,2026-08-29,0.6800,urgent,"classifier=7.0.0-v11,regressor=7.0.0-v11",2026-08-10 18:57:48.370934+00
ba1dc6bc-6e9a-43ef-a9cb-4377b6293640,5bbb2312-0c1e-40c1-9c7f-6360924f9e01,0.0163,139,2026-12-28,56.9300,watch,"classifier=7.0.0-v11,regressor=7.0.0-v11",2026-08-10 18:57:48.370934+00
e1705d6c-810d-4872-ad95-d64c254d842f,e710114e-d92b-42ea-9165-d009558a1e95,0.9996,15,2026-08-26,9.2900,urgent,"classifier=7.0.0-v11,regressor=7.0.0-v11",2026-08-10 18:57:48.370934+00
d99a9cf0-20a2-471d-87aa-165f530e6891,32cff7cf-fdf3-4721-a472-2f6af51c9cd6,0.0127,82,2026-11-01,52.3400,watch,"classifier=7.0.0-v11,regressor=7.0.0-v11",2026-08-10 18:57:48.370934+00
d30f2b1a-f79f-4bb6-890b-e0b49233ec38,d90bf605-9e3a-469b-bf52-7286b8723a8c,0.0759,116,2026-12-05,45.2600,watch,"classifier=7.0.0-v11,regressor=7.0.0-v11",2026-08-10 18:57:48.370934+00
433a2e57-15b7-4eaa-991b-a264de860341,977f8293-d233-4cef-88b8-2c492678a393,0.0491,74,2026-10-24,45.5000,watch,"classifier=7.0.0-v11,regressor=7.0.0-v11",2026-08-10 18:57:48.370934+00
5fc14a0b-f4d2-479b-bf53-def39b9a0c39,7c180c41-4cea-4b96-bb00-328419c3df6f,0.0085,86,2026-11-05,45.5000,watch,"classifier=7.0.0-v11,regressor=7.0.0-v11",2026-08-10 18:57:48.370934+00
3a081ebf-09c9-47cf-8109-b9aaa946cb1f,4bdc0feb-e6f7-418b-b265-a86d8c7bb5e5,0.0904,85,2026-11-04,47.5800,watch,"classifier=7.0.0-v11,regressor=7.0.0-v11",2026-08-10 18:57:48.370934+00
1301f8ae-1140-4cb9-ac70-23028952c594,11471183-1853-4777-9b7b-fe756f4c6ff3,0.0424,59,2026-10-09,32.3600,conflict,"classifier=7.0.0-v11,regressor=7.0.0-v11",2026-08-10 18:57:48.370934+00
d2001a6d-76b5-4fc9-a593-92d1eec8b302,747928e3-5e7b-4e8b-a481-bacc826edb25,0.2545,48,2026-09-28,39.9900,watch,"classifier=7.0.0-v11,regressor=7.0.0-v11",2026-08-10 18:57:48.370934+00
198e43fc-5bcd-456f-acf9-8a6406c209e7,3e2929cb-3e6d-4656-aa2d-3122397b85b9,0.9873,26,2026-09-06,4.3800,urgent,"classifier=7.0.0-v11,regressor=7.0.0-v11",2026-08-10 18:57:48.370934+00
829e0742-9b53-4118-b0f9-cb9ac59d7d9d,f8d916f9-4804-4bf7-bbb8-8635dbe16147,0.0559,49,2026-09-29,41.3600,watch,"classifier=7.0.0-v11,regressor=7.0.0-v11",2026-08-10 18:57:48.370934+00
cdb0f4a2-d332-4971-9675-316a82f016d1,4c92e766-0b04-44c7-9596-54694ee40551,0.1764,70,2026-10-20,51.5300,watch,"classifier=7.0.0-v11,regressor=7.0.0-v11",2026-08-10 18:57:48.370934+00
e843e8cd-265a-4790-9ec7-b9bca8d50dd7,356349f3-df0e-4189-bfb6-476417dc8ad4,0.0353,76,2026-10-26,39.3000,conflict,"classifier=7.0.0-v11,regressor=7.0.0-v11",2026-08-10 18:57:48.370934+00
365eb7ea-d945-4e81-bb8b-c59a56ffaaca,e3b5f12a-ea7b-48a5-b6da-e0e9ec0bddf2,0.0129,123,2026-12-12,66.9900,watch,"classifier=7.0.0-v11,regressor=7.0.0-v11",2026-08-10 18:57:48.370934+00
1169b808-c77f-4464-88bd-7268a4d6c002,bdaf8b77-9af4-47ad-bfde-fa3ed4462d13,0.9979,12,2026-08-23,2.7500,urgent,"classifier=7.0.0-v11,regressor=7.0.0-v11",2026-08-10 18:57:48.370934+00
