id,employee_id,full_name,email,phone,role,status,warehouse_id,department_id,avatar_url,meta,created_at,updated_at
dff1d306-f643-4c9e-abb3-5409e072abc4,LLX-COL-00003,Nirmal Vairamuthu,nirmal.adm@lankalogix.com,+94 78 834 9508,admin,active,c537c281-b6ad-4842-94ec-e937be0083e5,c5625abb-29ec-42b7-8c63-1cc85fd17f62,,"{""title"": ""Warehouse Manager""}",2026-08-10 18:32:31.909787+00,2026-08-10 19:10:28.327832+00
aedad933-6f7e-4d2e-b6df-191c9e459887,LLX-COL-00004,Nazeer Wahab,nazeer.adm@lankalogix.com,+94 78 394 7811,admin,active,c537c281-b6ad-4842-94ec-e937be0083e5,c5625abb-29ec-42b7-8c63-1cc85fd17f62,,"{""title"": ""Assistant Warehouse Manager""}",2026-08-10 18:32:32.148324+00,2026-08-10 19:10:28.327832+00
294b7244-8922-4faa-8a66-ecf7f2d31ede,LLX-COL-00005,Kaushalya Wanigasekara,kaushalya.adm@lankalogix.com,+94 76 901 7905,admin,active,c537c281-b6ad-4842-94ec-e937be0083e5,c5625abb-29ec-42b7-8c63-1cc85fd17f62,,"{""title"": ""Fleet Manager""}",2026-08-10 18:32:32.379514+00,2026-08-10 19:10:28.327832+00
8ab44335-30b9-42d8-a1c3-82e009ea7876,LLX-COL-00006,Menaka Rajapaksa,menaka.adm@lankalogix.com,+94 78 602 7853,admin,active,c537c281-b6ad-4842-94ec-e937be0083e5,c5625abb-29ec-42b7-8c63-1cc85fd17f62,,"{""title"": ""Maintenance Manager""}",2026-08-10 18:32:32.683152+00,2026-08-10 19:10:28.327832+00
e3203996-7192-4f35-b4d9-8d19dd61882f,LLX-COL-00007,Sanjaya Rathnayaka,sanjaya.adm@lankalogix.com,+94 71 215 3368,admin,active,c537c281-b6ad-4842-94ec-e937be0083e5,c5625abb-29ec-42b7-8c63-1cc85fd17f62,,"{""title"": ""Operations Manager""}",2026-08-10 18:32:32.913082+00,2026-08-10 19:10:28.327832+00
8ffcd728-c372-4540-9a04-7fa0c88e9347,LLX-COL-00008,Prakash Chandrasekaran,prakash.adm@lankalogix.com,+94 77 167 5495,admin,active,c537c281-b6ad-4842-94ec-e937be0083e5,c5625abb-29ec-42b7-8c63-1cc85fd17f62,,"{""title"": ""Safety & Compliance Manager""}",2026-08-10 18:32:33.218259+00,2026-08-10 19:10:28.327832+00
5dba83b3-52f3-44e6-84c0-7cb40b7e1cf7,LLX-COL-00009,Yohan Perera,yohan.adm@lankalogix.com,+94 76 184 3737,admin,active,c537c281-b6ad-4842-94ec-e937be0083e5,c5625abb-29ec-42b7-8c63-1cc85fd17f62,,"{""title"": ""Logistics Manager""}",2026-08-10 18:32:33.455941+00,2026-08-10 19:10:28.327832+00
2b0b58b5-c777-4903-8b21-ef25ce17a71a,LLX-COL-00010,Viraj Pathirana,viraj.adm@lankalogix.com,+94 75 167 7121,admin,active,c537c281-b6ad-4842-94ec-e937be0083e5,c5625abb-29ec-42b7-8c63-1cc85fd17f62,,"{""title"": ""Shift Manager""}",2026-08-10 18:32:33.727375+00,2026-08-10 19:10:28.327832+00
66b4f764-8e90-4915-9c0a-f21f27ae4f4d,LLX-COL-00011,Kumaran Selvarajah,kumaran.adm@lankalogix.com,+94 75 305 8008,admin,active,c537c281-b6ad-4842-94ec-e937be0083e5,c5625abb-29ec-42b7-8c63-1cc85fd17f62,,"{""title"": ""Inventory Manager""}",2026-08-10 18:32:33.977112+00,2026-08-10 19:10:28.327832+00
fc975356-d5cc-4bdc-ab35-2dc5c648c8f2,LLX-COL-00012,Naveen Gunasekara,naveen.adm@lankalogix.com,+94 70 125 8903,admin,active,c537c281-b6ad-4842-94ec-e937be0083e5,c5625abb-29ec-42b7-8c63-1cc85fd17f62,,"{""title"": ""Depot Manager""}",2026-08-10 18:32:34.217434+00,2026-08-10 19:10:28.327832+00
37b51241-9c89-4921-8d9a-6cc2a7cef72a,LLX-COL-00013,Sanjaya Wijesinghe,sanjaya.log@lankalogix.com,+94 71 384 7801,user,active,c537c281-b6ad-4842-94ec-e937be0083e5,c18b03d8-00b7-4cb2-ae42-cd418f4f57a6,,"{""title"": ""Driver""}",2026-08-10 18:32:34.474746+00,2026-08-10 19:10:28.327832+00
2c2d43d4-1eac-4011-8261-c8af7f6aa2a6,LLX-COL-00014,Nalin Madushanka,nalin.log@lankalogix.com,+94 78 188 1797,user,active,c537c281-b6ad-4842-94ec-e937be0083e5,c18b03d8-00b7-4cb2-ae42-cd418f4f57a6,,"{""title"": ""Dispatch Coordinator""}",2026-08-10 18:32:34.74091+00,2026-08-10 19:10:28.327832+00
2c594e9c-83b2-4d2e-91b9-33fa6a6bc81e,LLX-COL-00015,Thiru Muthukumar,thiru.log@lankalogix.com,+94 76 980 1318,user,active,c537c281-b6ad-4842-94ec-e937be0083e5,c18b03d8-00b7-4cb2-ae42-cd418f4f57a6,,"{""title"": ""Shift Lead - Fleet""}",2026-08-10 18:32:34.988117+00,2026-08-10 19:10:28.327832+00
b1ce3088-1a7b-4c89-9724-db7bdc21f88d,LLX-COL-00016,Shalini Fernando,shalini.log@lankalogix.com,+94 76 374 4787,user,active,c537c281-b6ad-4842-94ec-e937be0083e5,c18b03d8-00b7-4cb2-ae42-cd418f4f57a6,,"{""title"": ""Driver""}",2026-08-10 18:32:35.238321+00,2026-08-10 19:10:28.327832+00
5ede80aa-4021-4889-b161-5c2334623760,LLX-COL-00017,Rangana Wijesinghe,rangana.log@lankalogix.com,+94 77 639 8803,user,active,c537c281-b6ad-4842-94ec-e937be0083e5,c18b03d8-00b7-4cb2-ae42-cd418f4f57a6,,"{""title"": ""Driver""}",2026-08-10 18:32:35.465542+00,2026-08-10 19:10:28.327832+00
4871cfb0-3eb4-447b-9601-6a17d1a7b36c,LLX-COL-00018,Rangana Karunaratne,ranganak.log@lankalogix.com,+94 75 645 2239,user,active,c537c281-b6ad-4842-94ec-e937be0083e5,c18b03d8-00b7-4cb2-ae42-cd418f4f57a6,,"{""title"": ""Shift Lead - Fleet""}",2026-08-10 18:32:35.694769+00,2026-08-10 19:10:28.327832+00
14c2a1cd-fa2f-4b1e-8384-f1be8659365d,LLX-COL-00019,Hasitha Thilakaratne,hasitha.log@lankalogix.com,+94 78 367 7270,user,active,c537c281-b6ad-4842-94ec-e937be0083e5,c18b03d8-00b7-4cb2-ae42-cd418f4f57a6,,"{""title"": ""Senior Driver""}",2026-08-10 18:32:35.926145+00,2026-08-10 19:10:28.327832+00
ea8ebda8-49ec-4991-86d6-0141d53eef58,LLX-COL-00020,Kelum Herath,kelum.log@lankalogix.com,+94 71 269 5358,user,inactive,c537c281-b6ad-4842-94ec-e937be0083e5,c18b03d8-00b7-4cb2-ae42-cd418f4f57a6,,"{""title"": ""Forklift Operator""}",2026-08-10 18:32:36.278399+00,2026-08-10 19:10:28.327832+00
f3d1ade7-2879-431a-9353-2d23c663a92b,LLX-COL-00021,Kavinda Ratnayake,kavinda.log@lankalogix.com,+94 70 357 9992,user,active,c537c281-b6ad-4842-94ec-e937be0083e5,c18b03d8-00b7-4cb2-ae42-cd418f4f57a6,,"{""title"": ""Forklift Operator""}",2026-08-10 18:32:36.509095+00,2026-08-10 19:10:28.327832+00
cac7fce9-a8ce-4c4b-b9af-450821cb4b6c,LLX-COL-00022,Sanduni Seneviratne,sanduni.log@lankalogix.com,+94 76 879 9437,user,active,c537c281-b6ad-4842-94ec-e937be0083e5,c18b03d8-00b7-4cb2-ae42-cd418f4f57a6,,"{""title"": ""Shift Lead - Fleet""}",2026-08-10 18:32:36.880752+00,2026-08-10 19:10:28.327832+00
ddde20e9-91ec-4e59-ae51-4ecd751529ab,LLX-COL-00023,Amila Pathirana,amila.log@lankalogix.com,+94 75 652 1977,user,active,c537c281-b6ad-4842-94ec-e937be0083e5,c18b03d8-00b7-4cb2-ae42-cd418f4f57a6,,"{""title"": ""Driver""}",2026-08-10 18:32:37.188031+00,2026-08-10 19:10:28.327832+00
c7c01cc4-ac80-41d8-957a-a2195736cacf,LLX-COL-00024,Duminda Peiris,duminda.log@lankalogix.com,+94 76 581 9143,user,active,c537c281-b6ad-4842-94ec-e937be0083e5,c18b03d8-00b7-4cb2-ae42-cd418f4f57a6,,"{""title"": ""Forklift Operator""}",2026-08-10 18:32:37.418414+00,2026-08-10 19:10:28.327832+00
071c8cbe-8125-4dde-ae07-2ac65beea113,LLX-COL-00025,Roshan Wijesinghe,roshan.log@lankalogix.com,+94 70 410 5844,user,active,c537c281-b6ad-4842-94ec-e937be0083e5,c18b03d8-00b7-4cb2-ae42-cd418f4f57a6,,"{""title"": ""Driver""}",2026-08-10 18:32:37.695395+00,2026-08-10 19:10:28.327832+00
2881b30f-299f-460b-aa24-ff4c9b263acb,LLX-COL-00026,Tharangi Silva,tharangi.log@lankalogix.com,+94 75 238 8617,user,active,c537c281-b6ad-4842-94ec-e937be0083e5,c18b03d8-00b7-4cb2-ae42-cd418f4f57a6,,"{""title"": ""Driver""}",2026-08-10 18:32:37.921009+00,2026-08-10 19:10:28.327832+00
c823a36c-7a13-4674-b925-140bf7ccf2a5,LLX-COL-00027,Anuruddha Rathnayaka,anuruddha.log@lankalogix.com,+94 72 994 9451,user,active,c537c281-b6ad-4842-94ec-e937be0083e5,c18b03d8-00b7-4cb2-ae42-cd418f4f57a6,,"{""title"": ""Driver""}",2026-08-10 18:32:38.153148+00,2026-08-10 19:10:28.327832+00
9bb85a55-297b-4c01-8d94-5a8ecd35ad9a,LLX-COL-00028,Ajith Karunaratne,ajith.log@lankalogix.com,+94 78 812 8499,user,active,c537c281-b6ad-4842-94ec-e937be0083e5,c18b03d8-00b7-4cb2-ae42-cd418f4f57a6,,"{""title"": ""Forklift Operator""}",2026-08-10 18:32:38.41154+00,2026-08-10 19:10:28.327832+00
27d2f183-2bfd-4f51-92c3-8c50dfca5690,LLX-COL-00029,Anuruddha Mendis,anuruddham.log@lankalogix.com,+94 76 180 9240,user,active,c537c281-b6ad-4842-94ec-e937be0083e5,c18b03d8-00b7-4cb2-ae42-cd418f4f57a6,,"{""title"": ""Driver""}",2026-08-10 18:32:38.645478+00,2026-08-10 19:10:28.327832+00
fe36eed5-ff5a-45ea-a11e-c01d456ece74,LLX-COL-00030,Udara Senanayake,udara.log@lankalogix.com,+94 78 418 7605,user,active,c537c281-b6ad-4842-94ec-e937be0083e5,c18b03d8-00b7-4cb2-ae42-cd418f4f57a6,,"{""title"": ""Forklift Operator""}",2026-08-10 18:32:38.932054+00,2026-08-10 19:10:28.327832+00
13634e4d-a8fe-47d0-a449-08d80fb48d14,LLX-COL-00031,Lahiru Peiris,lahiru.log@lankalogix.com,+94 70 119 3258,user,active,c537c281-b6ad-4842-94ec-e937be0083e5,c18b03d8-00b7-4cb2-ae42-cd418f4f57a6,,"{""title"": ""Forklift Operator""}",2026-08-10 18:32:39.159969+00,2026-08-10 19:10:28.327832+00
63ce4b8a-ca12-4cbc-ac77-7d5688bd67b8,LLX-COL-00032,Tharushi Perera,tharushi.log@lankalogix.com,+94 75 443 4857,user,active,c537c281-b6ad-4842-94ec-e937be0083e5,c18b03d8-00b7-4cb2-ae42-cd418f4f57a6,,"{""title"": ""Senior Driver""}",2026-08-10 18:32:39.392101+00,2026-08-10 19:10:28.327832+00
0cabbac7-e33f-41e2-9595-f9285b16fce1,LLX-COL-00033,Tharindu Illangakoon,tharindu.log@lankalogix.com,+94 72 154 5903,user,active,c537c281-b6ad-4842-94ec-e937be0083e5,c18b03d8-00b7-4cb2-ae42-cd418f4f57a6,,"{""title"": ""Dispatch Coordinator""}",2026-08-10 18:32:39.617461+00,2026-08-10 19:10:28.327832+00
a5873caa-58e3-478e-9e5c-c4f5be6aeec5,LLX-COL-00034,Prasad Karunaratne,prasad.log@lankalogix.com,+94 71 139 2778,user,active,c537c281-b6ad-4842-94ec-e937be0083e5,c18b03d8-00b7-4cb2-ae42-cd418f4f57a6,,"{""title"": ""Forklift Operator""}",2026-08-10 18:32:39.858333+00,2026-08-10 19:10:28.327832+00
c733e2a8-2145-488a-830b-587f8289801b,LLX-COL-00035,Sameera Abeywickrama,sameera.log@lankalogix.com,+94 70 929 7372,user,active,c537c281-b6ad-4842-94ec-e937be0083e5,c18b03d8-00b7-4cb2-ae42-cd418f4f57a6,,"{""title"": ""Driver""}",2026-08-10 18:32:40.086138+00,2026-08-10 19:10:28.327832+00
51ed7e64-6868-4e03-9b23-cb9d7039bb47,LLX-COL-00036,Sachini Ranasinghe,sachini.log@lankalogix.com,+94 78 488 9760,user,active,c537c281-b6ad-4842-94ec-e937be0083e5,c18b03d8-00b7-4cb2-ae42-cd418f4f57a6,,"{""title"": ""Driver""}",2026-08-10 18:32:40.361734+00,2026-08-10 19:10:28.327832+00
42b280ac-836f-403d-b991-b016eac74429,LLX-COL-00037,Maheshi Rajapaksa,maheshi.log@lankalogix.com,+94 75 481 1462,user,active,c537c281-b6ad-4842-94ec-e937be0083e5,c18b03d8-00b7-4cb2-ae42-cd418f4f57a6,,"{""title"": ""Driver""}",2026-08-10 18:32:40.590452+00,2026-08-10 19:10:28.327832+00
39b554e5-791e-4c3a-93cf-64b197bc83d1,LLX-COL-00038,Sameera Rajapaksa,sameerar.log@lankalogix.com,+94 72 721 1366,user,active,c537c281-b6ad-4842-94ec-e937be0083e5,c18b03d8-00b7-4cb2-ae42-cd418f4f57a6,,"{""title"": ""Driver""}",2026-08-10 18:32:40.868628+00,2026-08-10 19:10:28.327832+00
aa74ca35-434e-47be-8bd6-af6914b9a935,LLX-COL-00039,Bandula Thilakaratne,bandula.log@lankalogix.com,+94 77 841 6150,user,active,c537c281-b6ad-4842-94ec-e937be0083e5,c18b03d8-00b7-4cb2-ae42-cd418f4f57a6,,"{""title"": ""Senior Driver""}",2026-08-10 18:32:41.175583+00,2026-08-10 19:10:28.327832+00
ead9fd88-9042-4b6c-a7a4-a16b836bc12e,LLX-COL-00040,Chathurika Galappaththi,chathurika.log@lankalogix.com,+94 74 442 9056,user,active,c537c281-b6ad-4842-94ec-e937be0083e5,c18b03d8-00b7-4cb2-ae42-cd418f4f57a6,,"{""title"": ""Senior Driver""}",2026-08-10 18:32:41.406162+00,2026-08-10 19:10:28.327832+00
fe7a7442-473b-43a5-bcaf-d3b1086bbcf2,LLX-COL-00041,Prasad Opatha,prasado.log@lankalogix.com,+94 78 329 4873,user,active,c537c281-b6ad-4842-94ec-e937be0083e5,c18b03d8-00b7-4cb2-ae42-cd418f4f57a6,,"{""title"": ""Forklift Operator""}",2026-08-10 18:32:41.635673+00,2026-08-10 19:10:28.327832+00
ec1c506c-b01f-4e4a-ab66-e8f6b492dce6,LLX-COL-00042,Charith Weerasinghe,charith.log@lankalogix.com,+94 70 949 6186,user,active,c537c281-b6ad-4842-94ec-e937be0083e5,c18b03d8-00b7-4cb2-ae42-cd418f4f57a6,,"{""title"": ""Forklift Operator""}",2026-08-10 18:32:41.866087+00,2026-08-10 19:10:28.327832+00
ab3182a5-9c1a-4b46-99c0-a53fb59e2a10,LLX-COL-00043,Zahir Zubair,zahir.log@lankalogix.com,+94 72 427 9971,user,active,c537c281-b6ad-4842-94ec-e937be0083e5,c18b03d8-00b7-4cb2-ae42-cd418f4f57a6,,"{""title"": ""Forklift Operator""}",2026-08-10 18:32:42.097363+00,2026-08-10 19:10:28.327832+00
4596af2e-27bb-46cb-adf3-0f5b781fbcfc,LLX-COL-00044,Vimukthi Pathirana,vimukthi.log@lankalogix.com,+94 75 158 8551,user,active,c537c281-b6ad-4842-94ec-e937be0083e5,c18b03d8-00b7-4cb2-ae42-cd418f4f57a6,,"{""title"": ""Forklift Operator""}",2026-08-10 18:32:42.361314+00,2026-08-10 19:10:28.327832+00
202f85e0-a81b-4067-b831-8e0688702cd1,LLX-COL-00045,Buddhika Ekanayake,buddhika.log@lankalogix.com,+94 77 453 6206,user,active,c537c281-b6ad-4842-94ec-e937be0083e5,c18b03d8-00b7-4cb2-ae42-cd418f4f57a6,,"{""title"": ""Forklift Operator""}",2026-08-10 18:32:42.589883+00,2026-08-10 19:10:28.327832+00
e6c34caa-c3c2-4ad5-abb2-9199c97b6cae,LLX-COL-00046,Dilshan Rajapaksa,dilshan.log@lankalogix.com,+94 76 252 3945,user,active,c537c281-b6ad-4842-94ec-e937be0083e5,c18b03d8-00b7-4cb2-ae42-cd418f4f57a6,,"{""title"": ""Senior Driver""}",2026-08-10 18:32:42.920519+00,2026-08-10 19:10:28.327832+00
fa9a8e96-62c3-4e58-8fb8-93f9da3a3fb7,LLX-COL-00047,Sujeewa Liyanage,sujeewa.log@lankalogix.com,+94 72 705 9676,user,active,c537c281-b6ad-4842-94ec-e937be0083e5,c18b03d8-00b7-4cb2-ae42-cd418f4f57a6,,"{""title"": ""Dispatch Coordinator""}",2026-08-10 18:32:43.15089+00,2026-08-10 19:10:28.327832+00
3c2c8754-c1a0-4b4a-8e07-f76d62727b49,LLX-COL-00048,Vasanth Sivanathan,vasanth.log@lankalogix.com,+94 78 689 9675,user,active,c537c281-b6ad-4842-94ec-e937be0083e5,c18b03d8-00b7-4cb2-ae42-cd418f4f57a6,,"{""title"": ""Forklift Operator""}",2026-08-10 18:32:43.3814+00,2026-08-10 19:10:28.327832+00
7c2c14c1-404b-480e-b7d2-fe6a9487024e,LLX-COL-00049,Rasika Udawatta,rasika.log@lankalogix.com,+94 70 960 6219,user,active,c537c281-b6ad-4842-94ec-e937be0083e5,c18b03d8-00b7-4cb2-ae42-cd418f4f57a6,,"{""title"": ""Senior Driver""}",2026-08-10 18:32:43.6088+00,2026-08-10 19:10:28.327832+00
37312388-fdb3-4d96-a270-ec86cf28080e,LLX-COL-00050,Dilrukshi Karunaratne,dilrukshi.log@lankalogix.com,+94 75 731 8949,user,active,c537c281-b6ad-4842-94ec-e937be0083e5,c18b03d8-00b7-4cb2-ae42-cd418f4f57a6,,"{""title"": ""Shift Lead - Fleet""}",2026-08-10 18:32:43.844862+00,2026-08-10 19:10:28.327832+00
ce4f361f-4513-493d-b6be-9e2fe704e6a2,LLX-COL-00051,Ruwani Hettiarachchi,ruwani.log@lankalogix.com,+94 71 939 9837,user,active,c537c281-b6ad-4842-94ec-e937be0083e5,c18b03d8-00b7-4cb2-ae42-cd418f4f57a6,,"{""title"": ""Dispatch Coordinator""}",2026-08-10 18:32:44.152567+00,2026-08-10 19:10:28.327832+00
94c64335-4962-40b1-96fd-53632f8d49a3,LLX-COL-00052,Dhanushka Abeywickrama,dhanushka.log@lankalogix.com,+94 72 633 5503,user,active,c537c281-b6ad-4842-94ec-e937be0083e5,c18b03d8-00b7-4cb2-ae42-cd418f4f57a6,,"{""title"": ""Senior Driver""}",2026-08-10 18:32:44.37977+00,2026-08-10 19:10:28.327832+00
243c40a4-4f83-4608-9455-8f7426f385cb,LLX-COL-00053,Anusha Thilakaratne,anusha.log@lankalogix.com,+94 74 409 7857,user,active,c537c281-b6ad-4842-94ec-e937be0083e5,c18b03d8-00b7-4cb2-ae42-cd418f4f57a6,,"{""title"": ""Driver""}",2026-08-10 18:32:44.607594+00,2026-08-10 19:10:28.327832+00
92c42b9d-79c2-437b-8f4d-38a0901d0e25,LLX-COL-00054,Eranga Hettiarachchi,eranga.log@lankalogix.com,+94 77 132 1577,user,inactive,c537c281-b6ad-4842-94ec-e937be0083e5,c18b03d8-00b7-4cb2-ae42-cd418f4f57a6,,"{""title"": ""Dispatch Coordinator""}",2026-08-10 18:32:44.834896+00,2026-08-10 19:10:28.327832+00
23897ad1-5d76-41b7-a0a8-5434aba10d7c,LLX-COL-00055,Ananthi Arumugam,ananthi.log@lankalogix.com,+94 70 612 5928,user,active,c537c281-b6ad-4842-94ec-e937be0083e5,c18b03d8-00b7-4cb2-ae42-cd418f4f57a6,,"{""title"": ""Forklift Operator""}",2026-08-10 18:32:45.172348+00,2026-08-10 19:10:28.327832+00
6aaa1bd9-59f4-4da8-85e7-e28723bc5747,LLX-COL-00056,Vindya Amarasinghe,vindya.log@lankalogix.com,+94 72 446 4238,user,active,c537c281-b6ad-4842-94ec-e937be0083e5,c18b03d8-00b7-4cb2-ae42-cd418f4f57a6,,"{""title"": ""Senior Driver""}",2026-08-10 18:32:45.404813+00,2026-08-10 19:10:28.327832+00
318da964-ffdd-4a77-aa9a-ede745666cdc,LLX-COL-00057,Hiran Fernando,hiran.log@lankalogix.com,+94 74 345 9866,user,active,c537c281-b6ad-4842-94ec-e937be0083e5,c18b03d8-00b7-4cb2-ae42-cd418f4f57a6,,"{""title"": ""Senior Driver""}",2026-08-10 18:32:45.63142+00,2026-08-10 19:10:28.327832+00
fca1ba57-46c2-46df-8d8c-c6177b1ab5c3,LLX-COL-00058,Amila Amarasinghe,amilaa.log@lankalogix.com,+94 71 310 9535,user,active,c537c281-b6ad-4842-94ec-e937be0083e5,c18b03d8-00b7-4cb2-ae42-cd418f4f57a6,,"{""title"": ""Driver""}",2026-08-10 18:32:45.858602+00,2026-08-10 19:10:28.327832+00
b6fe1c4e-8bcc-41cb-851c-08a32b18140c,LLX-COL-00059,Nalin Wickramasinghe,nalinw.log@lankalogix.com,+94 74 697 3572,user,active,c537c281-b6ad-4842-94ec-e937be0083e5,c18b03d8-00b7-4cb2-ae42-cd418f4f57a6,,"{""title"": ""Driver""}",2026-08-10 18:32:46.193613+00,2026-08-10 19:10:28.327832+00
7fe560dc-b308-4e9b-a76e-65c7c7f162dd,LLX-COL-00060,Selvam Krishnapillai,selvam.log@lankalogix.com,+94 75 617 2607,user,active,c537c281-b6ad-4842-94ec-e937be0083e5,c18b03d8-00b7-4cb2-ae42-cd418f4f57a6,,"{""title"": ""Forklift Operator""}",2026-08-10 18:32:46.433272+00,2026-08-10 19:10:28.327832+00
6fac82db-d8ad-40e8-9a76-28989b805f61,LLX-COL-00061,Shafi Saleem,shafi.log@lankalogix.com,+94 76 998 9287,user,active,c537c281-b6ad-4842-94ec-e937be0083e5,c18b03d8-00b7-4cb2-ae42-cd418f4f57a6,,"{""title"": ""Driver""}",2026-08-10 18:32:46.663676+00,2026-08-10 19:10:28.327832+00
fb6db374-5499-4fab-a5e5-5f201832e9d3,LLX-COL-00062,Ananthi Ponnambalam,ananthip.log@lankalogix.com,+94 75 555 8515,user,active,c537c281-b6ad-4842-94ec-e937be0083e5,c18b03d8-00b7-4cb2-ae42-cd418f4f57a6,,"{""title"": ""Shift Lead - Fleet""}",2026-08-10 18:32:46.891586+00,2026-08-10 19:10:28.327832+00
e7e29924-482e-4793-8e68-13f315252329,LLX-COL-00063,Sameera Wijesinghe,sameeraw.log@lankalogix.com,+94 76 492 3111,user,active,c537c281-b6ad-4842-94ec-e937be0083e5,c18b03d8-00b7-4cb2-ae42-cd418f4f57a6,,"{""title"": ""Driver""}",2026-08-10 18:32:47.252987+00,2026-08-10 19:10:28.327832+00
104a972e-bd66-474a-8e17-fe30a79630c7,LLX-COL-00064,Amaya Illangakoon,amaya.log@lankalogix.com,+94 75 824 8042,user,active,c537c281-b6ad-4842-94ec-e937be0083e5,c18b03d8-00b7-4cb2-ae42-cd418f4f57a6,,"{""title"": ""Senior Driver""}",2026-08-10 18:32:47.480555+00,2026-08-10 19:10:28.327832+00
c0bdfba4-2737-4375-a054-7e05fcb90314,LLX-COL-00065,Rangana Perera,ranganap.log@lankalogix.com,+94 76 179 8798,user,active,c537c281-b6ad-4842-94ec-e937be0083e5,c18b03d8-00b7-4cb2-ae42-cd418f4f57a6,,"{""title"": ""Driver""}",2026-08-10 18:32:47.735848+00,2026-08-10 19:10:28.327832+00
bd86d8c8-b6d7-4ce2-8f51-060db3668bdd,LLX-COL-00066,Nimal Dissanayake,nimal.log@lankalogix.com,+94 76 826 5547,user,active,c537c281-b6ad-4842-94ec-e937be0083e5,c18b03d8-00b7-4cb2-ae42-cd418f4f57a6,,"{""title"": ""Driver""}",2026-08-10 18:32:47.965822+00,2026-08-10 19:10:28.327832+00
22ea7ad1-87e2-4e12-b202-7bbc03912960,LLX-COL-00067,Damith Samarasinghe,damith.log@lankalogix.com,+94 75 607 4893,user,active,c537c281-b6ad-4842-94ec-e937be0083e5,c18b03d8-00b7-4cb2-ae42-cd418f4f57a6,,"{""title"": ""Driver""}",2026-08-10 18:32:48.1937+00,2026-08-10 19:10:28.327832+00
df25e81a-cadf-4a18-aca5-a4f15e31d4ca,LLX-COL-00068,Yogeswaran Vairamuthu,yogeswaran.log@lankalogix.com,+94 72 528 4214,user,active,c537c281-b6ad-4842-94ec-e937be0083e5,c18b03d8-00b7-4cb2-ae42-cd418f4f57a6,,"{""title"": ""Driver""}",2026-08-10 18:32:48.450036+00,2026-08-10 19:10:28.327832+00
aba21d1b-36a1-4357-9262-19a52974219f,LLX-COL-00069,Kaushalya Vithanage,kaushalya.log@lankalogix.com,+94 76 618 7180,user,active,c537c281-b6ad-4842-94ec-e937be0083e5,c18b03d8-00b7-4cb2-ae42-cd418f4f57a6,,"{""title"": ""Forklift Operator""}",2026-08-10 18:32:48.67847+00,2026-08-10 19:10:28.327832+00
b015ed00-cd8b-4041-89b9-9e79ccc5d00b,LLX-COL-00070,Mohamed Haniffa,mohamed.log@lankalogix.com,+94 71 196 1940,user,active,c537c281-b6ad-4842-94ec-e937be0083e5,c18b03d8-00b7-4cb2-ae42-cd418f4f57a6,,"{""title"": ""Forklift Operator""}",2026-08-10 18:32:48.905545+00,2026-08-10 19:10:28.327832+00
58e0105a-a433-440e-b5ce-fa630092e541,LLX-COL-00071,Malinda Silva,malinda.log@lankalogix.com,+94 75 908 3663,user,active,c537c281-b6ad-4842-94ec-e937be0083e5,c18b03d8-00b7-4cb2-ae42-cd418f4f57a6,,"{""title"": ""Driver""}",2026-08-10 18:32:49.176985+00,2026-08-10 19:10:28.327832+00
1ba83fa8-a271-48c2-ae7a-e2d59c08c959,LLX-COL-00072,Kalana Peiris,kalana.log@lankalogix.com,+94 75 826 7232,user,active,c537c281-b6ad-4842-94ec-e937be0083e5,c18b03d8-00b7-4cb2-ae42-cd418f4f57a6,,"{""title"": ""Forklift Operator""}",2026-08-10 18:32:49.505331+00,2026-08-10 19:10:28.327832+00
862dfdd0-bfa1-4ab2-a8e0-7280ab4a68d5,LLX-COL-00073,Rasika Ekanayake,rasikae.log@lankalogix.com,+94 77 460 2079,user,active,c537c281-b6ad-4842-94ec-e937be0083e5,c18b03d8-00b7-4cb2-ae42-cd418f4f57a6,,"{""title"": ""Driver""}",2026-08-10 18:32:49.734024+00,2026-08-10 19:10:28.327832+00
e03cf70b-8427-4f1c-b5ab-29a941a4386f,LLX-COL-00074,Iresha Edirisinghe,iresha.log@lankalogix.com,+94 71 225 3935,user,active,c537c281-b6ad-4842-94ec-e937be0083e5,c18b03d8-00b7-4cb2-ae42-cd418f4f57a6,,"{""title"": ""Forklift Operator""}",2026-08-10 18:32:49.974059+00,2026-08-10 19:10:28.327832+00
e63fb45e-1362-4e02-b414-1e0a67301dbf,LLX-COL-00075,Chanaka Kodikara,chanaka.log@lankalogix.com,+94 75 774 2440,user,active,c537c281-b6ad-4842-94ec-e937be0083e5,c18b03d8-00b7-4cb2-ae42-cd418f4f57a6,,"{""title"": ""Driver""}",2026-08-10 18:32:50.29107+00,2026-08-10 19:10:28.327832+00
925555c1-666a-4862-9f3c-092223617943,LLX-COL-00076,Mohan Selvarajah,mohan.log@lankalogix.com,+94 77 435 6121,user,suspended,c537c281-b6ad-4842-94ec-e937be0083e5,c18b03d8-00b7-4cb2-ae42-cd418f4f57a6,,"{""title"": ""Driver""}",2026-08-10 18:32:50.601346+00,2026-08-10 19:10:28.327832+00
e0089955-7fd3-47d8-a384-4d9a69ca3920,LLX-COL-00077,Farhan Jiffry,farhan.log@lankalogix.com,+94 76 782 8564,user,active,c537c281-b6ad-4842-94ec-e937be0083e5,c18b03d8-00b7-4cb2-ae42-cd418f4f57a6,,"{""title"": ""Senior Driver""}",2026-08-10 18:32:50.889191+00,2026-08-10 19:10:28.327832+00
e2ef226b-dfda-42f9-b877-004eb21dd484,LLX-COL-00078,Randika Wijeratne,randika.log@lankalogix.com,+94 72 106 6862,user,active,c537c281-b6ad-4842-94ec-e937be0083e5,c18b03d8-00b7-4cb2-ae42-cd418f4f57a6,,"{""title"": ""Driver""}",2026-08-10 18:32:51.122753+00,2026-08-10 19:10:28.327832+00
8cd77a0c-12e6-4ac6-b2a7-860b1650a81e,LLX-COL-00079,Kumaran Chandrasekaran,kumaran.log@lankalogix.com,+94 77 550 7436,user,active,c537c281-b6ad-4842-94ec-e937be0083e5,c18b03d8-00b7-4cb2-ae42-cd418f4f57a6,,"{""title"": ""Driver""}",2026-08-10 18:32:51.369254+00,2026-08-10 19:10:28.327832+00
33d8f56e-cfd5-4901-b8ba-15ca2ca33f1d,LLX-COL-00080,Nalin Rajapaksa,nalinr.log@lankalogix.com,+94 75 947 9427,user,active,c537c281-b6ad-4842-94ec-e937be0083e5,c18b03d8-00b7-4cb2-ae42-cd418f4f57a6,,"{""title"": ""Senior Driver""}",2026-08-10 18:32:51.597702+00,2026-08-10 19:10:28.327832+00
b737044f-e300-48b8-8023-aa3efab6953e,LLX-COL-00081,Nayomi Edirisinghe,nayomi.log@lankalogix.com,+94 76 190 4945,user,active,c537c281-b6ad-4842-94ec-e937be0083e5,c18b03d8-00b7-4cb2-ae42-cd418f4f57a6,,"{""title"": ""Forklift Operator""}",2026-08-10 18:32:51.916533+00,2026-08-10 19:10:28.327832+00
9bd7dc69-8146-4996-8a28-bda2751c2c1e,LLX-COL-00082,Chathura Galappaththi,chathura.log@lankalogix.com,+94 71 365 6736,user,active,c537c281-b6ad-4842-94ec-e937be0083e5,c18b03d8-00b7-4cb2-ae42-cd418f4f57a6,,"{""title"": ""Senior Driver""}",2026-08-10 18:32:52.151317+00,2026-08-10 19:10:28.327832+00
a956a149-6cec-4bc8-ab9b-1babfa712cd8,LLX-COL-00083,Vimukthi Samaraweera,vimukthis.log@lankalogix.com,+94 78 939 7042,user,active,c537c281-b6ad-4842-94ec-e937be0083e5,c18b03d8-00b7-4cb2-ae42-cd418f4f57a6,,"{""title"": ""Forklift Operator""}",2026-08-10 18:32:52.381319+00,2026-08-10 19:10:28.327832+00
8370c8ba-0f52-43e8-a462-31c7141182e7,LLX-COL-00084,Heshan Senanayake,heshan.log@lankalogix.com,+94 72 829 4458,user,active,c537c281-b6ad-4842-94ec-e937be0083e5,c18b03d8-00b7-4cb2-ae42-cd418f4f57a6,,"{""title"": ""Forklift Operator""}",2026-08-10 18:32:52.652872+00,2026-08-10 19:10:28.327832+00
f38769be-b80c-4aaf-8263-0710dc763e77,LLX-COL-00085,Aslam Hameed,aslam.log@lankalogix.com,+94 70 709 2507,user,active,c537c281-b6ad-4842-94ec-e937be0083e5,c18b03d8-00b7-4cb2-ae42-cd418f4f57a6,,"{""title"": ""Forklift Operator""}",2026-08-10 18:32:52.879757+00,2026-08-10 19:10:28.327832+00
a13f28f7-b7af-45cc-8ab4-885433b0ac1a,LLX-COL-00086,Sujeewa Samarasinghe,sujeewas.log@lankalogix.com,+94 72 185 3563,user,active,c537c281-b6ad-4842-94ec-e937be0083e5,c18b03d8-00b7-4cb2-ae42-cd418f4f57a6,,"{""title"": ""Shift Lead - Fleet""}",2026-08-10 18:32:53.108948+00,2026-08-10 19:10:28.327832+00
e46acc7c-8ca4-4420-9b6c-f0cf52d01795,LLX-COL-00087,Yasodha Ranasinghe,yasodha.log@lankalogix.com,+94 78 748 8278,user,inactive,c537c281-b6ad-4842-94ec-e937be0083e5,c18b03d8-00b7-4cb2-ae42-cd418f4f57a6,,"{""title"": ""Driver""}",2026-08-10 18:32:53.37208+00,2026-08-10 19:10:28.327832+00
069f1f28-cb8b-428e-8adb-2793823295cd,LLX-COL-00088,Chaminda Weerasinghe,chaminda.log@lankalogix.com,+94 72 498 8142,user,active,c537c281-b6ad-4842-94ec-e937be0083e5,c18b03d8-00b7-4cb2-ae42-cd418f4f57a6,,"{""title"": ""Shift Lead - Fleet""}",2026-08-10 18:32:53.617229+00,2026-08-10 19:10:28.327832+00
d6a58d19-0433-442d-8e4b-6dd407e4e844,LLX-COL-00089,Isuru Vithanage,isuru.log@lankalogix.com,+94 78 652 9313,user,active,c537c281-b6ad-4842-94ec-e937be0083e5,c18b03d8-00b7-4cb2-ae42-cd418f4f57a6,,"{""title"": ""Forklift Operator""}",2026-08-10 18:32:53.879146+00,2026-08-10 19:10:28.327832+00
507be855-1ac1-43a9-b1f4-fe62d2b838d9,LLX-COL-00090,Chandima Chandrasiri,chandima.log@lankalogix.com,+94 76 692 9190,user,active,c537c281-b6ad-4842-94ec-e937be0083e5,c18b03d8-00b7-4cb2-ae42-cd418f4f57a6,,"{""title"": ""Senior Driver""}",2026-08-10 18:32:54.16285+00,2026-08-10 19:10:28.327832+00
df366867-a42a-4b7d-96fe-88bfd133c829,LLX-COL-00091,Nishantha Abeywickrama,nishantha.log@lankalogix.com,+94 75 439 1252,user,active,c537c281-b6ad-4842-94ec-e937be0083e5,c18b03d8-00b7-4cb2-ae42-cd418f4f57a6,,"{""title"": ""Forklift Operator""}",2026-08-10 18:32:54.390564+00,2026-08-10 19:10:28.327832+00
118c1ff7-3e18-407f-85f3-adf66c2db555,LLX-COL-00092,Amaya Wickramasinghe,amayaw.log@lankalogix.com,+94 74 359 5547,user,active,c537c281-b6ad-4842-94ec-e937be0083e5,c18b03d8-00b7-4cb2-ae42-cd418f4f57a6,,"{""title"": ""Driver""}",2026-08-10 18:32:54.622411+00,2026-08-10 19:10:28.327832+00
1bf61d3f-94c5-4a00-a27d-f70c6a229bf8,LLX-COL-00093,Heshan Dissanayake,heshand.log@lankalogix.com,+94 78 982 6515,user,active,c537c281-b6ad-4842-94ec-e937be0083e5,c18b03d8-00b7-4cb2-ae42-cd418f4f57a6,,"{""title"": ""Driver""}",2026-08-10 18:32:54.896022+00,2026-08-10 19:10:28.327832+00
4e8044de-b468-445f-aeb7-861ed06941eb,LLX-COL-00094,Karthik Selvarajah,karthik.log@lankalogix.com,+94 76 930 7695,user,active,c537c281-b6ad-4842-94ec-e937be0083e5,c18b03d8-00b7-4cb2-ae42-cd418f4f57a6,,"{""title"": ""Forklift Operator""}",2026-08-10 18:32:55.227039+00,2026-08-10 19:10:28.327832+00
200768f1-cf09-411b-9405-f04979d0e652,LLX-COL-00095,Dilshan Fernando,dilshanf.log@lankalogix.com,+94 78 899 6450,user,active,c537c281-b6ad-4842-94ec-e937be0083e5,c18b03d8-00b7-4cb2-ae42-cd418f4f57a6,,"{""title"": ""Forklift Operator""}",2026-08-10 18:32:55.520141+00,2026-08-10 19:10:28.327832+00
85ec9a19-bc02-4676-a16b-0a33f9ecc547,LLX-COL-00096,Rajan Nadarajah,rajan.log@lankalogix.com,+94 72 285 5939,user,active,c537c281-b6ad-4842-94ec-e937be0083e5,c18b03d8-00b7-4cb2-ae42-cd418f4f57a6,,"{""title"": ""Forklift Operator""}",2026-08-10 18:32:55.826543+00,2026-08-10 19:10:28.327832+00
e794ba95-b522-45c5-aa4d-2a17ab76071c,LLX-COL-00097,Vasanth Kandasamy,vasanthk.log@lankalogix.com,+94 75 821 9624,user,active,c537c281-b6ad-4842-94ec-e937be0083e5,c18b03d8-00b7-4cb2-ae42-cd418f4f57a6,,"{""title"": ""Senior Driver""}",2026-08-10 18:32:56.059478+00,2026-08-10 19:10:28.327832+00
8a305a4e-04c7-4ae3-b63f-7e3a868e8690,LLX-COL-00098,Sampath Wijeratne,sampath.log@lankalogix.com,+94 74 575 4720,user,active,c537c281-b6ad-4842-94ec-e937be0083e5,c18b03d8-00b7-4cb2-ae42-cd418f4f57a6,,"{""title"": ""Senior Driver""}",2026-08-10 18:32:56.286616+00,2026-08-10 19:10:28.327832+00
dc5de09a-aaea-4694-acaa-f14eba245e32,LLX-COL-00099,Asanka Samaraweera,asanka.log@lankalogix.com,+94 76 120 5911,user,active,c537c281-b6ad-4842-94ec-e937be0083e5,c18b03d8-00b7-4cb2-ae42-cd418f4f57a6,,"{""title"": ""Driver""}",2026-08-10 18:32:56.513997+00,2026-08-10 19:10:28.327832+00
955c1f5e-b75b-42fc-8cff-0c3d9b8499a4,LLX-COL-00100,Supun Nanayakkara,supun.log@lankalogix.com,+94 78 957 1670,user,inactive,c537c281-b6ad-4842-94ec-e937be0083e5,c18b03d8-00b7-4cb2-ae42-cd418f4f57a6,,"{""title"": ""Shift Lead - Fleet""}",2026-08-10 18:32:56.748442+00,2026-08-10 19:10:28.327832+00
e02ba813-5fb6-4f10-a448-b12a48f2969e,LLX-COL-00101,Chamara Munasinghe,chamara.log@lankalogix.com,+94 72 432 4035,user,active,c537c281-b6ad-4842-94ec-e937be0083e5,c18b03d8-00b7-4cb2-ae42-cd418f4f57a6,,"{""title"": ""Dispatch Coordinator""}",2026-08-10 18:32:56.982058+00,2026-08-10 19:10:28.327832+00
be6d6a0b-f3a4-4fbd-b869-d2eba378b62d,LLX-COL-00102,Chaminda Silva,chamindas.log@lankalogix.com,+94 77 605 2664,user,active,c537c281-b6ad-4842-94ec-e937be0083e5,c18b03d8-00b7-4cb2-ae42-cd418f4f57a6,,"{""title"": ""Dispatch Coordinator""}",2026-08-10 18:32:57.254152+00,2026-08-10 19:10:28.327832+00
cbaa9f3a-1731-4f39-a19c-2252b655f163,LLX-COL-00103,Ishara Nanayakkara,ishara.log@lankalogix.com,+94 71 159 5555,user,active,c537c281-b6ad-4842-94ec-e937be0083e5,c18b03d8-00b7-4cb2-ae42-cd418f4f57a6,,"{""title"": ""Forklift Operator""}",2026-08-10 18:32:57.561546+00,2026-08-10 19:10:28.327832+00
828a58d3-cce5-47cf-9adc-52f001d36915,LLX-COL-00104,Roshan Madushanka,roshanm.log@lankalogix.com,+94 74 554 1163,user,suspended,c537c281-b6ad-4842-94ec-e937be0083e5,c18b03d8-00b7-4cb2-ae42-cd418f4f57a6,,"{""title"": ""Driver""}",2026-08-10 18:32:57.875149+00,2026-08-10 19:10:28.327832+00
ab4c6629-969c-4410-9b59-30871655a1e5,LLX-COL-00105,Zahir Zubair,zahirz.log@lankalogix.com,+94 75 925 3731,user,active,c537c281-b6ad-4842-94ec-e937be0083e5,c18b03d8-00b7-4cb2-ae42-cd418f4f57a6,,"{""title"": ""Forklift Operator""}",2026-08-10 18:32:58.177616+00,2026-08-10 19:10:28.327832+00
c06bb987-5cbb-4b31-ad34-e260d4529ba7,LLX-COL-00106,Maheshi Tennakoon,maheshit.log@lankalogix.com,+94 77 346 9370,user,active,c537c281-b6ad-4842-94ec-e937be0083e5,c18b03d8-00b7-4cb2-ae42-cd418f4f57a6,,"{""title"": ""Forklift Operator""}",2026-08-10 18:32:58.481797+00,2026-08-10 19:10:28.327832+00
e91776d8-e25d-4e1d-88f3-4547156b4930,LLX-COL-00107,Duminda Kumarasinghe,dumindak.log@lankalogix.com,+94 75 390 6585,user,active,c537c281-b6ad-4842-94ec-e937be0083e5,c18b03d8-00b7-4cb2-ae42-cd418f4f57a6,,"{""title"": ""Dispatch Coordinator""}",2026-08-10 18:32:58.711281+00,2026-08-10 19:10:28.327832+00
75d2e9af-111a-49d2-a07a-f640a6a6ce92,LLX-COL-00108,Nadeesha Gunawardena,nadeesha.log@lankalogix.com,+94 74 635 8797,user,active,c537c281-b6ad-4842-94ec-e937be0083e5,c18b03d8-00b7-4cb2-ae42-cd418f4f57a6,,"{""title"": ""Senior Driver""}",2026-08-10 18:32:58.992059+00,2026-08-10 19:10:28.327832+00
fd1680a5-59fe-4626-bf84-be00d1cef0cd,LLX-COL-00109,Pradeep Wijeratne,pradeep.log@lankalogix.com,+94 70 303 2783,user,active,c537c281-b6ad-4842-94ec-e937be0083e5,c18b03d8-00b7-4cb2-ae42-cd418f4f57a6,,"{""title"": ""Driver""}",2026-08-10 18:32:59.222993+00,2026-08-10 19:10:28.327832+00
bd13078d-a887-45cc-a7d9-3babe2ef6b8c,LLX-COL-00110,Oshadha Senanayake,oshadha.log@lankalogix.com,+94 77 742 5443,user,active,c537c281-b6ad-4842-94ec-e937be0083e5,c18b03d8-00b7-4cb2-ae42-cd418f4f57a6,,"{""title"": ""Forklift Operator""}",2026-08-10 18:32:59.45174+00,2026-08-10 19:10:28.327832+00
592d2d77-a4d9-4bf7-b60c-a371e5186c20,LLX-COL-00111,Nimasha Ekanayake,nimasha.log@lankalogix.com,+94 74 867 8649,user,active,c537c281-b6ad-4842-94ec-e937be0083e5,c18b03d8-00b7-4cb2-ae42-cd418f4f57a6,,"{""title"": ""Driver""}",2026-08-10 18:32:59.71624+00,2026-08-10 19:10:28.327832+00
92cb3cf4-a84e-41e9-acb9-1b4f29188207,LLX-COL-00112,Vasanthi Muthukumar,vasanthi.log@lankalogix.com,+94 76 548 8288,user,active,c537c281-b6ad-4842-94ec-e937be0083e5,c18b03d8-00b7-4cb2-ae42-cd418f4f57a6,,"{""title"": ""Shift Lead - Fleet""}",2026-08-10 18:33:00.019356+00,2026-08-10 19:10:28.327832+00
91e3f538-69d6-4b30-b836-53971b1e57c1,LLX-COL-00113,Janaka Galappaththi,janaka.log@lankalogix.com,+94 70 421 8401,user,active,c537c281-b6ad-4842-94ec-e937be0083e5,c18b03d8-00b7-4cb2-ae42-cd418f4f57a6,,"{""title"": ""Driver""}",2026-08-10 18:33:00.246983+00,2026-08-10 19:10:28.327832+00
9c5e27a2-5ace-4543-9ad5-55b53544519e,LLX-COL-00114,Anuruddha Madushanka,anuruddham2.log@lankalogix.com,+94 72 897 4560,user,active,c537c281-b6ad-4842-94ec-e937be0083e5,c18b03d8-00b7-4cb2-ae42-cd418f4f57a6,,"{""title"": ""Senior Driver""}",2026-08-10 18:33:00.530826+00,2026-08-10 19:10:28.327832+00
69fde47c-f9ea-402d-abc7-25eb19a70e8a,LLX-COL-00115,Farhan Jiffry,farhanj.log@lankalogix.com,+94 76 696 2702,user,active,c537c281-b6ad-4842-94ec-e937be0083e5,c18b03d8-00b7-4cb2-ae42-cd418f4f57a6,,"{""title"": ""Driver""}",2026-08-10 18:33:00.760548+00,2026-08-10 19:10:28.327832+00
ebb9527c-518e-4fe9-a686-6a365ae6f8c8,LLX-COL-00116,Pradeep Opatha,pradeepo.log@lankalogix.com,+94 70 502 6082,user,active,c537c281-b6ad-4842-94ec-e937be0083e5,c18b03d8-00b7-4cb2-ae42-cd418f4f57a6,,"{""title"": ""Senior Driver""}",2026-08-10 18:33:00.993517+00,2026-08-10 19:10:28.327832+00
8f16f0cc-0478-4195-8ddb-43b8f8e96be6,LLX-COL-00117,Ruwan Tennakoon,ruwan.log@lankalogix.com,+94 76 851 6673,user,active,c537c281-b6ad-4842-94ec-e937be0083e5,c18b03d8-00b7-4cb2-ae42-cd418f4f57a6,,"{""title"": ""Senior Driver""}",2026-08-10 18:33:01.231331+00,2026-08-10 19:10:28.327832+00
93809008-69ce-4c7c-b7b7-24e7be0bf39d,LLX-COL-00118,Kanchana Samarasinghe,kanchana.log@lankalogix.com,+94 72 950 4369,user,active,c537c281-b6ad-4842-94ec-e937be0083e5,c18b03d8-00b7-4cb2-ae42-cd418f4f57a6,,"{""title"": ""Driver""}",2026-08-10 18:33:01.464398+00,2026-08-10 19:10:28.327832+00
09206d79-e790-46c4-8259-b897aaae61dc,LLX-COL-00119,Nizam Zubair,nizam.log@lankalogix.com,+94 71 342 9517,user,inactive,c537c281-b6ad-4842-94ec-e937be0083e5,c18b03d8-00b7-4cb2-ae42-cd418f4f57a6,,"{""title"": ""Driver""}",2026-08-10 18:33:01.787552+00,2026-08-10 19:10:28.327832+00
bfbc513c-fc16-48d3-bc97-937cb60188cd,LLX-COL-00120,Hussain Wahab,hussain.log@lankalogix.com,+94 70 364 5978,user,active,c537c281-b6ad-4842-94ec-e937be0083e5,c18b03d8-00b7-4cb2-ae42-cd418f4f57a6,,"{""title"": ""Driver""}",2026-08-10 18:33:02.022663+00,2026-08-10 19:10:28.327832+00
7b15e034-e9b1-4474-82ae-7a58157ca076,LLX-COL-00121,Nimasha Madushanka,nimasham.log@lankalogix.com,+94 70 490 8202,user,active,c537c281-b6ad-4842-94ec-e937be0083e5,c18b03d8-00b7-4cb2-ae42-cd418f4f57a6,,"{""title"": ""Driver""}",2026-08-10 18:33:02.253143+00,2026-08-10 19:10:28.327832+00
3cbe7f84-3280-4303-9ada-28fbd2d697f3,LLX-COL-00122,Oshadha Herath,oshadhah.log@lankalogix.com,+94 75 862 4657,user,active,c537c281-b6ad-4842-94ec-e937be0083e5,c18b03d8-00b7-4cb2-ae42-cd418f4f57a6,,"{""title"": ""Driver""}",2026-08-10 18:33:02.579398+00,2026-08-10 19:10:28.327832+00
cbe38004-41ff-40f3-8cc5-a26f4612f3ba,LLX-COL-00123,Ajith Perera,ajithp.log@lankalogix.com,+94 70 194 2280,user,active,c537c281-b6ad-4842-94ec-e937be0083e5,c18b03d8-00b7-4cb2-ae42-cd418f4f57a6,,"{""title"": ""Driver""}",2026-08-10 18:33:02.81659+00,2026-08-10 19:10:28.327832+00
9e6d4856-a62e-4170-80c9-7a9ace423623,LLX-COL-00124,Sameera Udawatta,sameerau.log@lankalogix.com,+94 70 256 2402,user,active,c537c281-b6ad-4842-94ec-e937be0083e5,c18b03d8-00b7-4cb2-ae42-cd418f4f57a6,,"{""title"": ""Shift Lead - Fleet""}",2026-08-10 18:33:03.095258+00,2026-08-10 19:10:28.327832+00
541c9a20-b69e-4721-9954-55f661301a7b,LLX-COL-00125,Charith Weerasinghe,charithw.log@lankalogix.com,+94 72 846 5832,user,active,c537c281-b6ad-4842-94ec-e937be0083e5,c18b03d8-00b7-4cb2-ae42-cd418f4f57a6,,"{""title"": ""Forklift Operator""}",2026-08-10 18:33:03.335092+00,2026-08-10 19:10:28.327832+00
f43a7004-44ea-4a79-887c-b88835f0c37e,LLX-COL-00126,Randika Wickramasinghe,randikaw.log@lankalogix.com,+94 78 960 7171,user,active,c537c281-b6ad-4842-94ec-e937be0083e5,c18b03d8-00b7-4cb2-ae42-cd418f4f57a6,,"{""title"": ""Driver""}",2026-08-10 18:33:03.608634+00,2026-08-10 19:10:28.327832+00
e9ef9185-6e18-49a7-aa79-718267db9313,LLX-COL-00127,Geethani Nanayakkara,geethani.log@lankalogix.com,+94 71 886 2377,user,active,c537c281-b6ad-4842-94ec-e937be0083e5,c18b03d8-00b7-4cb2-ae42-cd418f4f57a6,,"{""title"": ""Driver""}",2026-08-10 18:33:03.854944+00,2026-08-10 19:10:28.327832+00
45ccc8f2-663e-481a-9475-09c1d6c70028,LLX-COL-00128,Madushika Abeywickrama,madushika.log@lankalogix.com,+94 78 301 6476,user,suspended,c537c281-b6ad-4842-94ec-e937be0083e5,c18b03d8-00b7-4cb2-ae42-cd418f4f57a6,,"{""title"": ""Shift Lead - Fleet""}",2026-08-10 18:33:04.121035+00,2026-08-10 19:10:28.327832+00
0055d1b9-390b-4ea8-8cb6-127ee3051d0e,LLX-COL-00129,Nishantha Liyanage,nishanthal.log@lankalogix.com,+94 76 415 4842,user,active,c537c281-b6ad-4842-94ec-e937be0083e5,c18b03d8-00b7-4cb2-ae42-cd418f4f57a6,,"{""title"": ""Senior Driver""}",2026-08-10 18:33:04.348695+00,2026-08-10 19:10:28.327832+00
8b7c02b0-46dd-47b2-8cd3-1d574c5c3e6a,LLX-COL-00130,Kumari Kumarasinghe,kumari.log@lankalogix.com,+94 74 715 7497,user,inactive,c537c281-b6ad-4842-94ec-e937be0083e5,c18b03d8-00b7-4cb2-ae42-cd418f4f57a6,,"{""title"": ""Driver""}",2026-08-10 18:33:04.574962+00,2026-08-10 19:10:28.327832+00
829918ab-9b42-4813-93af-d27e05271b68,LLX-COL-00131,Hasini Ratnayake,hasini.log@lankalogix.com,+94 78 560 3624,user,inactive,c537c281-b6ad-4842-94ec-e937be0083e5,c18b03d8-00b7-4cb2-ae42-cd418f4f57a6,,"{""title"": ""Senior Driver""}",2026-08-10 18:33:04.832897+00,2026-08-10 19:10:28.327832+00
dd8df242-b4d3-44f9-bebc-1f1f719d4adf,LLX-COL-00132,Fazal Zubair,fazal.log@lankalogix.com,+94 76 977 2908,user,active,c537c281-b6ad-4842-94ec-e937be0083e5,c18b03d8-00b7-4cb2-ae42-cd418f4f57a6,,"{""title"": ""Senior Driver""}",2026-08-10 18:33:05.137593+00,2026-08-10 19:10:28.327832+00
0cfa2325-6602-40bc-8562-94af34b3d0ff,LLX-COL-00133,Sampath Thilakaratne,sampatht.log@lankalogix.com,+94 75 567 7331,user,active,c537c281-b6ad-4842-94ec-e937be0083e5,c18b03d8-00b7-4cb2-ae42-cd418f4f57a6,,"{""title"": ""Driver""}",2026-08-10 18:33:05.379735+00,2026-08-10 19:10:28.327832+00
f19d2bfe-7bb4-41c7-a1b7-e9e784553c70,LLX-COL-00134,Isuru Mendis,isurum.log@lankalogix.com,+94 74 743 7098,user,active,c537c281-b6ad-4842-94ec-e937be0083e5,c18b03d8-00b7-4cb2-ae42-cd418f4f57a6,,"{""title"": ""Dispatch Coordinator""}",2026-08-10 18:33:05.664398+00,2026-08-10 19:10:28.327832+00
58cdf850-1ff6-4163-8877-bc794da22294,LLX-COL-00135,Ganesh Balasubramaniam,ganesh.log@lankalogix.com,+94 74 937 8212,user,active,c537c281-b6ad-4842-94ec-e937be0083e5,c18b03d8-00b7-4cb2-ae42-cd418f4f57a6,,"{""title"": ""Driver""}",2026-08-10 18:33:05.976219+00,2026-08-10 19:10:28.327832+00
dc58cb16-b3c7-4feb-8208-b4d88e565b6c,LLX-COL-00136,Hiran Wickramasinghe,hiranw.log@lankalogix.com,+94 78 482 3122,user,active,c537c281-b6ad-4842-94ec-e937be0083e5,c18b03d8-00b7-4cb2-ae42-cd418f4f57a6,,"{""title"": ""Forklift Operator""}",2026-08-10 18:33:06.213768+00,2026-08-10 19:10:28.327832+00
e4b0a22a-aa25-4f65-9d5f-7da7d176bfa4,LLX-COL-00137,Roshan Gunasekara,roshang.log@lankalogix.com,+94 74 781 8387,user,active,c537c281-b6ad-4842-94ec-e937be0083e5,c18b03d8-00b7-4cb2-ae42-cd418f4f57a6,,"{""title"": ""Driver""}",2026-08-10 18:33:06.441081+00,2026-08-10 19:10:28.327832+00
fc218e0b-bc48-4ce8-ab2b-47713b24fd73,LLX-COL-00138,Nuwan Kumarasinghe,nuwan.log@lankalogix.com,+94 72 351 2366,user,active,c537c281-b6ad-4842-94ec-e937be0083e5,c18b03d8-00b7-4cb2-ae42-cd418f4f57a6,,"{""title"": ""Forklift Operator""}",2026-08-10 18:33:06.676771+00,2026-08-10 19:10:28.327832+00
b232ddd5-5830-4628-84d8-26c9e470d691,LLX-COL-00139,Irfan Ismail,irfan.log@lankalogix.com,+94 78 874 3691,user,active,c537c281-b6ad-4842-94ec-e937be0083e5,c18b03d8-00b7-4cb2-ae42-cd418f4f57a6,,"{""title"": ""Driver""}",2026-08-10 18:33:06.983749+00,2026-08-10 19:10:28.327832+00
2ba52f1c-9da0-432b-a4c3-623540af6ae9,LLX-COL-00140,Thilini Munasinghe,thilini.log@lankalogix.com,+94 72 605 2383,user,active,c537c281-b6ad-4842-94ec-e937be0083e5,c18b03d8-00b7-4cb2-ae42-cd418f4f57a6,,"{""title"": ""Forklift Operator""}",2026-08-10 18:33:07.220317+00,2026-08-10 19:10:28.327832+00
58d58f6f-c7d9-4037-9d48-18e1877be077,LLX-COL-00141,Kumari Ekanayake,kumarie.log@lankalogix.com,+94 74 144 7859,user,active,c537c281-b6ad-4842-94ec-e937be0083e5,c18b03d8-00b7-4cb2-ae42-cd418f4f57a6,,"{""title"": ""Forklift Operator""}",2026-08-10 18:33:07.44559+00,2026-08-10 19:10:28.327832+00
fada15fe-d4d9-4730-9445-2a973cfc2d76,LLX-COL-00142,Nasreen Nawaz,nasreen.log@lankalogix.com,+94 74 714 1554,user,active,c537c281-b6ad-4842-94ec-e937be0083e5,c18b03d8-00b7-4cb2-ae42-cd418f4f57a6,,"{""title"": ""Driver""}",2026-08-10 18:33:07.702104+00,2026-08-10 19:10:28.327832+00
8ab9ee5c-ccf3-4154-975e-49649c7e64b1,LLX-COL-00143,Lahiru Nanayakkara,lahirun.log@lankalogix.com,+94 72 784 3468,user,active,c537c281-b6ad-4842-94ec-e937be0083e5,c18b03d8-00b7-4cb2-ae42-cd418f4f57a6,,"{""title"": ""Dispatch Coordinator""}",2026-08-10 18:33:07.932975+00,2026-08-10 19:10:28.327832+00
01061d47-010c-4da5-8f19-76029bb2fb00,LLX-COL-00144,Rangana Udawatta,ranganau.log@lankalogix.com,+94 71 901 5467,user,active,c537c281-b6ad-4842-94ec-e937be0083e5,c18b03d8-00b7-4cb2-ae42-cd418f4f57a6,,"{""title"": ""Forklift Operator""}",2026-08-10 18:33:08.212055+00,2026-08-10 19:10:28.327832+00
39cf0be1-86a2-4616-99f5-7124188839e4,LLX-COL-00145,Jeyakumar Rajendran,jeyakumar.log@lankalogix.com,+94 76 600 7941,user,active,c537c281-b6ad-4842-94ec-e937be0083e5,c18b03d8-00b7-4cb2-ae42-cd418f4f57a6,,"{""title"": ""Driver""}",2026-08-10 18:33:08.443794+00,2026-08-10 19:10:28.327832+00
b98804b5-aaf4-4355-961f-ff75a2e4dcaf,LLX-COL-00146,Anusha Fernando,anushaf.log@lankalogix.com,+94 72 833 1164,user,active,c537c281-b6ad-4842-94ec-e937be0083e5,c18b03d8-00b7-4cb2-ae42-cd418f4f57a6,,"{""title"": ""Driver""}",2026-08-10 18:33:08.730167+00,2026-08-10 19:10:28.327832+00
ace3bbfb-ae84-49bf-9bb4-fe6c0521a9ba,LLX-COL-00147,Elango Nadarajah,elango.log@lankalogix.com,+94 71 305 2649,user,active,c537c281-b6ad-4842-94ec-e937be0083e5,c18b03d8-00b7-4cb2-ae42-cd418f4f57a6,,"{""title"": ""Senior Driver""}",2026-08-10 18:33:08.958053+00,2026-08-10 19:10:28.327832+00
ee3399c1-0deb-4731-8a4c-9b4972ad44b4,LLX-COL-00148,Gihan Senanayake,gihan.log@lankalogix.com,+94 70 894 2091,user,active,c537c281-b6ad-4842-94ec-e937be0083e5,c18b03d8-00b7-4cb2-ae42-cd418f4f57a6,,"{""title"": ""Forklift Operator""}",2026-08-10 18:33:09.185+00,2026-08-10 19:10:28.327832+00
ac12a941-4c38-43f8-ac1f-6c1672cf260e,LLX-COL-00149,Ganesh Balasubramaniam,ganeshb.log@lankalogix.com,+94 72 488 8778,user,active,c537c281-b6ad-4842-94ec-e937be0083e5,c18b03d8-00b7-4cb2-ae42-cd418f4f57a6,,"{""title"": ""Driver""}",2026-08-10 18:33:09.438169+00,2026-08-10 19:10:28.327832+00
f3c4e156-3bb0-4f09-af72-9bad7ceee5a0,LLX-COL-00150,Kasun Wickramasinghe,kasun.log@lankalogix.com,+94 78 699 9316,user,active,c537c281-b6ad-4842-94ec-e937be0083e5,c18b03d8-00b7-4cb2-ae42-cd418f4f57a6,,"{""title"": ""Forklift Operator""}",2026-08-10 18:33:09.686178+00,2026-08-10 19:10:28.327832+00
3deb7c66-adee-4720-998c-6789fbe7caac,LLX-COL-00151,Chandran Rajendran,chandran.log@lankalogix.com,+94 74 577 2246,user,active,c537c281-b6ad-4842-94ec-e937be0083e5,c18b03d8-00b7-4cb2-ae42-cd418f4f57a6,,"{""title"": ""Senior Driver""}",2026-08-10 18:33:09.915465+00,2026-08-10 19:10:28.327832+00
bc386f1f-6069-48e1-bf31-dca443044b19,LLX-COL-00152,Ruwani Nanayakkara,ruwanin.log@lankalogix.com,+94 77 708 7625,user,active,c537c281-b6ad-4842-94ec-e937be0083e5,c18b03d8-00b7-4cb2-ae42-cd418f4f57a6,,"{""title"": ""Driver""}",2026-08-10 18:33:10.1398+00,2026-08-10 19:10:28.327832+00
c2b46359-5ec8-49e8-bdb0-505c3627788d,LLX-COL-00153,Tharaka Hettiarachchi,tharaka.log@lankalogix.com,+94 72 862 2765,user,inactive,c537c281-b6ad-4842-94ec-e937be0083e5,c18b03d8-00b7-4cb2-ae42-cd418f4f57a6,,"{""title"": ""Senior Driver""}",2026-08-10 18:33:10.373426+00,2026-08-10 19:10:28.327832+00
6347529d-befe-42c7-b829-294aef62aae2,LLX-COL-00154,Kalaivani Ponnambalam,kalaivani.log@lankalogix.com,+94 77 957 8234,user,active,c537c281-b6ad-4842-94ec-e937be0083e5,c18b03d8-00b7-4cb2-ae42-cd418f4f57a6,,"{""title"": ""Forklift Operator""}",2026-08-10 18:33:10.598949+00,2026-08-10 19:10:28.327832+00
641f774a-c7d9-4797-9949-e8c7a0e975ff,LLX-COL-00155,Roshan Kodikara,roshank.log@lankalogix.com,+94 75 507 3454,user,active,c537c281-b6ad-4842-94ec-e937be0083e5,c18b03d8-00b7-4cb2-ae42-cd418f4f57a6,,"{""title"": ""Forklift Operator""}",2026-08-10 18:33:10.833598+00,2026-08-10 19:10:28.327832+00
fbfd12a4-aea1-4200-8104-70011607cf54,LLX-COL-00156,Chathurika Madushanka,chathurikam.log@lankalogix.com,+94 70 252 9761,user,active,c537c281-b6ad-4842-94ec-e937be0083e5,c18b03d8-00b7-4cb2-ae42-cd418f4f57a6,,"{""title"": ""Forklift Operator""}",2026-08-10 18:33:11.065498+00,2026-08-10 19:10:28.327832+00
91aaeeb3-13d3-4ce4-8342-f57a3c5f20bf,LLX-COL-00157,Prakash Thangarajah,prakash.log@lankalogix.com,+94 78 275 9383,user,active,c537c281-b6ad-4842-94ec-e937be0083e5,c18b03d8-00b7-4cb2-ae42-cd418f4f57a6,,"{""title"": ""Forklift Operator""}",2026-08-10 18:33:11.291024+00,2026-08-10 19:10:28.327832+00
70bf07bf-38ab-467c-8e62-966770517b9c,LLX-COL-00158,Kumari Weerasinghe,kumariw.log@lankalogix.com,+94 70 142 1494,user,active,c537c281-b6ad-4842-94ec-e937be0083e5,c18b03d8-00b7-4cb2-ae42-cd418f4f57a6,,"{""title"": ""Forklift Operator""}",2026-08-10 18:33:11.520216+00,2026-08-10 19:10:28.327832+00
a72e6fba-d71b-4316-adc9-7c89dac3d35e,LLX-COL-00159,Kasun Gunawardena,kasung.log@lankalogix.com,+94 78 859 3539,user,active,c537c281-b6ad-4842-94ec-e937be0083e5,c18b03d8-00b7-4cb2-ae42-cd418f4f57a6,,"{""title"": ""Shift Lead - Fleet""}",2026-08-10 18:33:11.765982+00,2026-08-10 19:10:28.327832+00
6f9e2a08-35fd-4ef3-87eb-78a6530a8b83,LLX-COL-00160,Dhanushka Perera,dhanushkap.log@lankalogix.com,+94 77 367 2598,user,active,c537c281-b6ad-4842-94ec-e937be0083e5,c18b03d8-00b7-4cb2-ae42-cd418f4f57a6,,"{""title"": ""Shift Lead - Fleet""}",2026-08-10 18:33:12.005531+00,2026-08-10 19:10:28.327832+00
05bf91cd-84da-4338-96f4-3c4f216facbc,LLX-COL-00161,Amila Hettiarachchi,amilah.log@lankalogix.com,+94 74 237 1698,user,active,c537c281-b6ad-4842-94ec-e937be0083e5,c18b03d8-00b7-4cb2-ae42-cd418f4f57a6,,"{""title"": ""Driver""}",2026-08-10 18:33:12.236244+00,2026-08-10 19:10:28.327832+00
4249c88c-d0ac-433f-b414-903379d7b070,LLX-COL-00162,Geethani Abeywickrama,geethania.log@lankalogix.com,+94 75 754 8845,user,active,c537c281-b6ad-4842-94ec-e937be0083e5,c18b03d8-00b7-4cb2-ae42-cd418f4f57a6,,"{""title"": ""Forklift Operator""}",2026-08-10 18:33:12.488888+00,2026-08-10 19:10:28.327832+00
2b90787d-d78e-4453-ad90-ec1567d28856,LLX-COL-00163,Saliya Gunasekara,saliya.log@lankalogix.com,+94 75 391 3271,user,active,c537c281-b6ad-4842-94ec-e937be0083e5,c18b03d8-00b7-4cb2-ae42-cd418f4f57a6,,"{""title"": ""Driver""}",2026-08-10 18:33:12.72272+00,2026-08-10 19:10:28.327832+00
09d59d94-cde4-46d6-a324-3a6f3da071f4,LLX-COL-00164,Vijayalakshmi Kandasamy,vijayalakshmi.log@lankalogix.com,+94 72 176 2943,user,active,c537c281-b6ad-4842-94ec-e937be0083e5,c18b03d8-00b7-4cb2-ae42-cd418f4f57a6,,"{""title"": ""Senior Driver""}",2026-08-10 18:33:12.951969+00,2026-08-10 19:10:28.327832+00
6f638e31-3dce-444b-bbc1-3694a9871bde,LLX-COL-00165,Oshadha Wanigasekara,oshadhaw.log@lankalogix.com,+94 74 861 4145,user,active,c537c281-b6ad-4842-94ec-e937be0083e5,c18b03d8-00b7-4cb2-ae42-cd418f4f57a6,,"{""title"": ""Forklift Operator""}",2026-08-10 18:33:13.237051+00,2026-08-10 19:10:28.327832+00
40b63b06-7833-4b56-9298-568d818d6020,LLX-COL-00166,Udara Jayasuriya,udaraj.log@lankalogix.com,+94 74 763 6149,user,active,c537c281-b6ad-4842-94ec-e937be0083e5,c18b03d8-00b7-4cb2-ae42-cd418f4f57a6,,"{""title"": ""Driver""}",2026-08-10 18:33:13.50706+00,2026-08-10 19:10:28.327832+00
34d98104-2994-461c-a189-b9a2067b9e96,LLX-COL-00167,Suresh Ratnasingham,suresh.log@lankalogix.com,+94 75 277 3094,user,active,c537c281-b6ad-4842-94ec-e937be0083e5,c18b03d8-00b7-4cb2-ae42-cd418f4f57a6,,"{""title"": ""Driver""}",2026-08-10 18:33:13.851379+00,2026-08-10 19:10:28.327832+00
3d6e22b7-a8bf-4c92-96df-615af688aa21,LLX-COL-00168,Rashmi Abeywickrama,rashmi.log@lankalogix.com,+94 72 219 1966,user,active,c537c281-b6ad-4842-94ec-e937be0083e5,c18b03d8-00b7-4cb2-ae42-cd418f4f57a6,,"{""title"": ""Forklift Operator""}",2026-08-10 18:33:14.079413+00,2026-08-10 19:10:28.327832+00
b532922b-d266-423a-8b64-6756f96af531,LLX-COL-00169,Nimal Ekanayake,nimale.log@lankalogix.com,+94 75 859 7887,user,active,c537c281-b6ad-4842-94ec-e937be0083e5,c18b03d8-00b7-4cb2-ae42-cd418f4f57a6,,"{""title"": ""Driver""}",2026-08-10 18:33:14.345674+00,2026-08-10 19:10:28.327832+00
89939463-286d-4f1f-aede-0d4e613166aa,LLX-COL-00170,Ganesh Sivalingam,ganeshs.log@lankalogix.com,+94 76 180 2693,user,active,c537c281-b6ad-4842-94ec-e937be0083e5,c18b03d8-00b7-4cb2-ae42-cd418f4f57a6,,"{""title"": ""Driver""}",2026-08-10 18:33:14.576429+00,2026-08-10 19:10:28.327832+00
cae73f81-e1cd-4b32-98bc-7315b9900cc4,LLX-COL-00171,Kumari Illangakoon,kumarii.log@lankalogix.com,+94 74 194 1711,user,active,c537c281-b6ad-4842-94ec-e937be0083e5,c18b03d8-00b7-4cb2-ae42-cd418f4f57a6,,"{""title"": ""Driver""}",2026-08-10 18:33:14.803282+00,2026-08-10 19:10:28.327832+00
b5e9f1ed-2062-4d19-b2b1-2c2f5f9d9d1d,LLX-COL-00172,Anuruddha Silva,anuruddhas.log@lankalogix.com,+94 71 208 6927,user,active,c537c281-b6ad-4842-94ec-e937be0083e5,c18b03d8-00b7-4cb2-ae42-cd418f4f57a6,,"{""title"": ""Senior Driver""}",2026-08-10 18:33:15.04595+00,2026-08-10 19:10:28.327832+00
fe5df7b9-d94c-4053-8fbf-ed528c0164c7,LLX-COL-00173,Kelum Udawatta,kelumu.log@lankalogix.com,+94 75 346 2043,user,active,c537c281-b6ad-4842-94ec-e937be0083e5,c18b03d8-00b7-4cb2-ae42-cd418f4f57a6,,"{""title"": ""Senior Driver""}",2026-08-10 18:33:15.287032+00,2026-08-10 19:10:28.327832+00
7b34c38d-6dff-4bac-aa48-0f183acf9671,LLX-COL-00174,Upul Vithanage,upul.log@lankalogix.com,+94 78 425 9806,user,active,c537c281-b6ad-4842-94ec-e937be0083e5,c18b03d8-00b7-4cb2-ae42-cd418f4f57a6,,"{""title"": ""Driver""}",2026-08-10 18:33:15.519264+00,2026-08-10 19:10:28.327832+00
a0b055ff-f4b1-4a6b-997a-ce276ccd86f3,LLX-COL-00175,Rajan Krishnapillai,rajank.log@lankalogix.com,+94 70 942 9079,user,inactive,c537c281-b6ad-4842-94ec-e937be0083e5,c18b03d8-00b7-4cb2-ae42-cd418f4f57a6,,"{""title"": ""Driver""}",2026-08-10 18:33:15.808055+00,2026-08-10 19:10:28.327832+00
67015e0d-8310-4509-9ae1-855e6a67dcdd,LLX-COL-00176,Randika Liyanage,randikal.log@lankalogix.com,+94 72 713 3298,user,active,c537c281-b6ad-4842-94ec-e937be0083e5,c18b03d8-00b7-4cb2-ae42-cd418f4f57a6,,"{""title"": ""Senior Driver""}",2026-08-10 18:33:16.099172+00,2026-08-10 19:10:28.327832+00
2708d4f5-3ad6-4440-8965-792bc8ba02ec,LLX-COL-00177,Nalin Pathirana,nalinp.log@lankalogix.com,+94 74 879 2268,user,active,c537c281-b6ad-4842-94ec-e937be0083e5,c18b03d8-00b7-4cb2-ae42-cd418f4f57a6,,"{""title"": ""Forklift Operator""}",2026-08-10 18:33:16.410417+00,2026-08-10 19:10:28.327832+00
e7963375-5e86-48ea-9553-3f5dbb55d897,LLX-COL-00178,Hasitha Alwis,hasithaa.log@lankalogix.com,+94 77 791 3403,user,active,c537c281-b6ad-4842-94ec-e937be0083e5,c18b03d8-00b7-4cb2-ae42-cd418f4f57a6,,"{""title"": ""Dispatch Coordinator""}",2026-08-10 18:33:16.720447+00,2026-08-10 19:10:28.327832+00
e57b003a-8ffe-4beb-83b1-6dd60cebc1fa,LLX-COL-00179,Harsha Rathnayaka,harsha.log@lankalogix.com,+94 76 550 2358,user,active,c537c281-b6ad-4842-94ec-e937be0083e5,c18b03d8-00b7-4cb2-ae42-cd418f4f57a6,,"{""title"": ""Forklift Operator""}",2026-08-10 18:33:16.952949+00,2026-08-10 19:10:28.327832+00
2eddc02d-4050-44d6-8eb4-a722c2fdd4bc,LLX-COL-00180,Supun Gunawardena,supung.log@lankalogix.com,+94 76 918 1887,user,active,c537c281-b6ad-4842-94ec-e937be0083e5,c18b03d8-00b7-4cb2-ae42-cd418f4f57a6,,"{""title"": ""Driver""}",2026-08-10 18:33:17.232231+00,2026-08-10 19:10:28.327832+00
e8bba02d-8b84-43d2-9edd-486341b577fa,LLX-COL-00181,Lakmali Alwis,lakmali.log@lankalogix.com,+94 75 186 5884,user,active,c537c281-b6ad-4842-94ec-e937be0083e5,c18b03d8-00b7-4cb2-ae42-cd418f4f57a6,,"{""title"": ""Forklift Operator""}",2026-08-10 18:33:17.462161+00,2026-08-10 19:10:28.327832+00
86c9b7b9-8d69-42b7-be6e-b98d2f5e6e09,LLX-COL-00182,Menaka Rathnayaka,menaka.log@lankalogix.com,+94 71 394 9372,user,active,c537c281-b6ad-4842-94ec-e937be0083e5,c18b03d8-00b7-4cb2-ae42-cd418f4f57a6,,"{""title"": ""Senior Driver""}",2026-08-10 18:33:17.748308+00,2026-08-10 19:10:28.327832+00
80011410-942e-4f70-b8b0-072cb15de024,LLX-COL-00183,Sivakumar Rajendran,sivakumar.log@lankalogix.com,+94 71 509 5328,user,active,c537c281-b6ad-4842-94ec-e937be0083e5,c18b03d8-00b7-4cb2-ae42-cd418f4f57a6,,"{""title"": ""Driver""}",2026-08-10 18:33:17.98451+00,2026-08-10 19:10:28.327832+00
d3f403d0-2ef9-4993-9d49-1259a3d2e0ba,LLX-COL-00184,Nilanthi Chandrasiri,nilanthi.log@lankalogix.com,+94 77 500 1117,user,active,c537c281-b6ad-4842-94ec-e937be0083e5,c18b03d8-00b7-4cb2-ae42-cd418f4f57a6,,"{""title"": ""Dispatch Coordinator""}",2026-08-10 18:33:18.247441+00,2026-08-10 19:10:28.327832+00
741f34c2-9570-4d2f-9d70-f485e5c1f96f,LLX-COL-00185,Iresha Kodikara,ireshak.log@lankalogix.com,+94 77 826 2843,user,active,c537c281-b6ad-4842-94ec-e937be0083e5,c18b03d8-00b7-4cb2-ae42-cd418f4f57a6,,"{""title"": ""Shift Lead - Fleet""}",2026-08-10 18:33:18.560249+00,2026-08-10 19:10:28.327832+00
263a5437-f0ae-4504-bd2f-56be5d901456,LLX-COL-00186,Tharindu Illangakoon,tharindui.log@lankalogix.com,+94 75 119 8666,user,active,c537c281-b6ad-4842-94ec-e937be0083e5,c18b03d8-00b7-4cb2-ae42-cd418f4f57a6,,"{""title"": ""Shift Lead - Fleet""}",2026-08-10 18:33:18.871541+00,2026-08-10 19:10:28.327832+00
c9a54ed1-18d6-44d1-a207-37620fd4bfd7,LLX-COL-00187,Nazeer Zubair,nazeer.log@lankalogix.com,+94 72 304 1272,user,active,c537c281-b6ad-4842-94ec-e937be0083e5,c18b03d8-00b7-4cb2-ae42-cd418f4f57a6,,"{""title"": ""Driver""}",2026-08-10 18:33:19.176161+00,2026-08-10 19:10:28.327832+00
c249776d-49ca-479a-a7d1-043bf0d148b3,LLX-COL-00188,Roshan Peiris,roshanp.log@lankalogix.com,+94 74 732 4062,user,active,c537c281-b6ad-4842-94ec-e937be0083e5,c18b03d8-00b7-4cb2-ae42-cd418f4f57a6,,"{""title"": ""Dispatch Coordinator""}",2026-08-10 18:33:19.483587+00,2026-08-10 19:10:28.327832+00
d60818dc-0615-46d9-beb4-905088e84e1f,LLX-COL-00189,Udara Wijeratne,udaraw.log@lankalogix.com,+94 77 371 7973,user,active,c537c281-b6ad-4842-94ec-e937be0083e5,c18b03d8-00b7-4cb2-ae42-cd418f4f57a6,,"{""title"": ""Senior Driver""}",2026-08-10 18:33:19.719515+00,2026-08-10 19:10:28.327832+00
27617322-2ba2-4998-a78c-dde6a27ed2a2,LLX-COL-00190,Harsha Kodikara,harshak.log@lankalogix.com,+94 77 359 4547,user,active,c537c281-b6ad-4842-94ec-e937be0083e5,c18b03d8-00b7-4cb2-ae42-cd418f4f57a6,,"{""title"": ""Driver""}",2026-08-10 18:33:19.951457+00,2026-08-10 19:10:28.327832+00
eff568d4-8dd0-47c8-b7f4-a6e849c96f34,LLX-COL-00191,Chandran Sivanathan,chandrans.log@lankalogix.com,+94 71 935 7627,user,active,c537c281-b6ad-4842-94ec-e937be0083e5,c18b03d8-00b7-4cb2-ae42-cd418f4f57a6,,"{""title"": ""Driver""}",2026-08-10 18:33:20.194527+00,2026-08-10 19:10:28.327832+00
6304e580-0502-491d-80c1-fcd084bbbd24,LLX-COL-00192,Pasindu Ratnayake,pasindu.log@lankalogix.com,+94 72 416 1935,user,active,c537c281-b6ad-4842-94ec-e937be0083e5,c18b03d8-00b7-4cb2-ae42-cd418f4f57a6,,"{""title"": ""Dispatch Coordinator""}",2026-08-10 18:33:20.427251+00,2026-08-10 19:10:28.327832+00
349e690e-52a1-4c2a-b549-9453d0c5b790,LLX-COL-00193,Nishantha Opatha,nishanthao.log@lankalogix.com,+94 70 562 8778,user,active,c537c281-b6ad-4842-94ec-e937be0083e5,c18b03d8-00b7-4cb2-ae42-cd418f4f57a6,,"{""title"": ""Forklift Operator""}",2026-08-10 18:33:20.681309+00,2026-08-10 19:10:28.327832+00
038749c2-de84-4c52-8f72-8637d74e9c08,LLX-COL-00194,Aslam Nawaz,aslamn.log@lankalogix.com,+94 72 629 9648,user,active,c537c281-b6ad-4842-94ec-e937be0083e5,c18b03d8-00b7-4cb2-ae42-cd418f4f57a6,,"{""title"": ""Senior Driver""}",2026-08-10 18:33:20.918037+00,2026-08-10 19:10:28.327832+00
46b73944-8ece-4c39-886b-b9a4aeefe08a,LLX-COL-00195,Tharushi Munasinghe,tharushim.log@lankalogix.com,+94 75 564 5504,user,active,c537c281-b6ad-4842-94ec-e937be0083e5,c18b03d8-00b7-4cb2-ae42-cd418f4f57a6,,"{""title"": ""Dispatch Coordinator""}",2026-08-10 18:33:21.153441+00,2026-08-10 19:10:28.327832+00
b9cfa855-4f59-48ac-9213-9dcecb9245e8,LLX-COL-00196,Nirmal Krishnapillai,nirmal.log@lankalogix.com,+94 72 833 1881,user,active,c537c281-b6ad-4842-94ec-e937be0083e5,c18b03d8-00b7-4cb2-ae42-cd418f4f57a6,,"{""title"": ""Senior Driver""}",2026-08-10 18:33:21.427709+00,2026-08-10 19:10:28.327832+00
430887f8-8315-41a7-9ef1-0998dfa9b24a,LLX-COL-00197,Hiruni Udawatta,hiruni.log@lankalogix.com,+94 72 933 4446,user,active,c537c281-b6ad-4842-94ec-e937be0083e5,c18b03d8-00b7-4cb2-ae42-cd418f4f57a6,,"{""title"": ""Forklift Operator""}",2026-08-10 18:33:21.699679+00,2026-08-10 19:10:28.327832+00
65e1c26e-af5d-4b8c-94f7-12f2c561b570,LLX-COL-00198,Shanthi Chandrasekaran,shanthi.log@lankalogix.com,+94 70 795 5056,user,active,c537c281-b6ad-4842-94ec-e937be0083e5,c18b03d8-00b7-4cb2-ae42-cd418f4f57a6,,"{""title"": ""Senior Driver""}",2026-08-10 18:33:22.038734+00,2026-08-10 19:10:28.327832+00
f8e16139-3fa8-4be2-9a68-cdd5555659dc,LLX-COL-00199,Lasantha Bandara,lasantha.log@lankalogix.com,+94 75 197 4405,user,active,c537c281-b6ad-4842-94ec-e937be0083e5,c18b03d8-00b7-4cb2-ae42-cd418f4f57a6,,"{""title"": ""Driver""}",2026-08-10 18:33:22.281546+00,2026-08-10 19:10:28.327832+00
5a9f30d2-5c34-4a3b-a906-90cc10353d3e,LLX-COL-00200,Chathura Kodikara,chathurak.log@lankalogix.com,+94 77 699 5228,user,active,c537c281-b6ad-4842-94ec-e937be0083e5,c18b03d8-00b7-4cb2-ae42-cd418f4f57a6,,"{""title"": ""Senior Driver""}",2026-08-10 18:33:22.548453+00,2026-08-10 19:10:28.327832+00
d65014ad-c56f-49bf-9314-01a6c88cbb67,LLX-COL-00201,Kanchana Hettiarachchi,kanchanah.log@lankalogix.com,+94 78 450 5496,user,active,c537c281-b6ad-4842-94ec-e937be0083e5,c18b03d8-00b7-4cb2-ae42-cd418f4f57a6,,"{""title"": ""Driver""}",2026-08-10 18:33:22.787346+00,2026-08-10 19:10:28.327832+00
f380741b-2fc9-444b-a36c-7139665bb142,LLX-COL-00202,Kavinda Gunasekara,kavindag.log@lankalogix.com,+94 77 227 4465,user,active,c537c281-b6ad-4842-94ec-e937be0083e5,c18b03d8-00b7-4cb2-ae42-cd418f4f57a6,,"{""title"": ""Forklift Operator""}",2026-08-10 18:33:23.026097+00,2026-08-10 19:10:28.327832+00
b868c838-2d0b-4a43-8ebc-a65d7a8124b5,LLX-COL-00203,Wasantha Mendis,wasantha.log@lankalogix.com,+94 72 301 2053,user,active,c537c281-b6ad-4842-94ec-e937be0083e5,c18b03d8-00b7-4cb2-ae42-cd418f4f57a6,,"{""title"": ""Forklift Operator""}",2026-08-10 18:33:23.373783+00,2026-08-10 19:10:28.327832+00
68859bd6-b2bb-408c-a81a-afb598bf0b74,LLX-COL-00204,Malinda Seneviratne,malindas.log@lankalogix.com,+94 78 996 8442,user,active,c537c281-b6ad-4842-94ec-e937be0083e5,c18b03d8-00b7-4cb2-ae42-cd418f4f57a6,,"{""title"": ""Dispatch Coordinator""}",2026-08-10 18:33:23.676356+00,2026-08-10 19:10:28.327832+00
ef9f8027-7ba1-4914-a6a9-5fdd49fe586a,LLX-COL-00205,Nazeer Ismail,nazeeri.log@lankalogix.com,+94 70 354 8099,user,active,c537c281-b6ad-4842-94ec-e937be0083e5,c18b03d8-00b7-4cb2-ae42-cd418f4f57a6,,"{""title"": ""Driver""}",2026-08-10 18:33:23.931501+00,2026-08-10 19:10:28.327832+00
6c5f95fe-93a9-459f-988b-b5f6952e7382,LLX-COL-00206,Ruwan Wickramasinghe,ruwanw.log@lankalogix.com,+94 76 540 2385,user,active,c537c281-b6ad-4842-94ec-e937be0083e5,c18b03d8-00b7-4cb2-ae42-cd418f4f57a6,,"{""title"": ""Senior Driver""}",2026-08-10 18:33:24.173929+00,2026-08-10 19:10:28.327832+00
bec780bb-a3c0-4ba2-b593-563d95c479d3,LLX-COL-00207,Maheshi Peiris,maheship.log@lankalogix.com,+94 71 240 9446,user,active,c537c281-b6ad-4842-94ec-e937be0083e5,c18b03d8-00b7-4cb2-ae42-cd418f4f57a6,,"{""title"": ""Driver""}",2026-08-10 18:33:24.443652+00,2026-08-10 19:10:28.327832+00
a367378f-0627-4a69-9fcd-33330bb4fe2c,LLX-COL-00208,Rizwan Wahab,rizwan.log@lankalogix.com,+94 78 583 6007,user,active,c537c281-b6ad-4842-94ec-e937be0083e5,c18b03d8-00b7-4cb2-ae42-cd418f4f57a6,,"{""title"": ""Senior Driver""}",2026-08-10 18:33:24.689484+00,2026-08-10 19:10:28.327832+00
93f0c347-46c9-419a-af5e-ce9e2648b755,LLX-COL-00209,Malinda Mendis,malindam.log@lankalogix.com,+94 77 984 6269,user,active,c537c281-b6ad-4842-94ec-e937be0083e5,c18b03d8-00b7-4cb2-ae42-cd418f4f57a6,,"{""title"": ""Senior Driver""}",2026-08-10 18:33:24.933049+00,2026-08-10 19:10:28.327832+00
e28c3da1-f55d-449e-b0f3-b68586bc22e8,LLX-COL-00210,Dhanushka Chandrasiri,dhanushkac.log@lankalogix.com,+94 78 207 2055,user,active,c537c281-b6ad-4842-94ec-e937be0083e5,c18b03d8-00b7-4cb2-ae42-cd418f4f57a6,,"{""title"": ""Senior Driver""}",2026-08-10 18:33:25.212378+00,2026-08-10 19:10:28.327832+00
06664a12-e906-4dce-8442-a47e9ced1cce,LLX-COL-00211,Nalin Madushanka,nalinm.log@lankalogix.com,+94 75 283 4229,user,active,c537c281-b6ad-4842-94ec-e937be0083e5,c18b03d8-00b7-4cb2-ae42-cd418f4f57a6,,"{""title"": ""Driver""}",2026-08-10 18:33:25.517535+00,2026-08-10 19:10:28.327832+00
cf9d9b13-ba0a-477e-8603-794489b2066f,LLX-COL-00212,Vindya Herath,vindyah.log@lankalogix.com,+94 77 818 7382,user,active,c537c281-b6ad-4842-94ec-e937be0083e5,c18b03d8-00b7-4cb2-ae42-cd418f4f57a6,,"{""title"": ""Driver""}",2026-08-10 18:33:25.748916+00,2026-08-10 19:10:28.327832+00
b4955d82-402f-4bc5-bceb-4849434ff2aa,LLX-COL-00213,Rukshana Ismail,rukshana.log@lankalogix.com,+94 70 936 1302,user,active,c537c281-b6ad-4842-94ec-e937be0083e5,c18b03d8-00b7-4cb2-ae42-cd418f4f57a6,,"{""title"": ""Driver""}",2026-08-10 18:33:25.984443+00,2026-08-10 19:10:28.327832+00
2cb0e26c-1100-4df9-8c7d-54ff343ee7b3,LLX-COL-00214,Amaya Kumarasinghe,amayak.log@lankalogix.com,+94 75 415 7482,user,active,c537c281-b6ad-4842-94ec-e937be0083e5,c18b03d8-00b7-4cb2-ae42-cd418f4f57a6,,"{""title"": ""Dispatch Coordinator""}",2026-08-10 18:33:26.238791+00,2026-08-10 19:10:28.327832+00
3c6ba945-55ef-47fe-9802-5f789e60e620,LLX-COL-00215,Janani Ranasinghe,janani.log@lankalogix.com,+94 72 613 6099,user,active,c537c281-b6ad-4842-94ec-e937be0083e5,c18b03d8-00b7-4cb2-ae42-cd418f4f57a6,,"{""title"": ""Driver""}",2026-08-10 18:33:26.534361+00,2026-08-10 19:10:28.327832+00
a4ba5676-3ce2-4627-9373-22068a884f6d,LLX-COL-00216,Rasika Bandara,rasikab.log@lankalogix.com,+94 70 354 9932,user,active,c537c281-b6ad-4842-94ec-e937be0083e5,c18b03d8-00b7-4cb2-ae42-cd418f4f57a6,,"{""title"": ""Dispatch Coordinator""}",2026-08-10 18:33:26.767908+00,2026-08-10 19:10:28.327832+00
45dbe37c-5e06-4e69-9c77-39a1ada41399,LLX-COL-00217,Jeyakumar Kandasamy,jeyakumark.log@lankalogix.com,+94 76 164 8325,user,active,c537c281-b6ad-4842-94ec-e937be0083e5,c18b03d8-00b7-4cb2-ae42-cd418f4f57a6,,"{""title"": ""Shift Lead - Fleet""}",2026-08-10 18:33:27.001674+00,2026-08-10 19:10:28.327832+00
2ab72bf9-6e1e-4de2-9de6-563d411c74df,LLX-COL-00218,Lasantha Edirisinghe,lasanthae.log@lankalogix.com,+94 71 585 9871,user,active,c537c281-b6ad-4842-94ec-e937be0083e5,c18b03d8-00b7-4cb2-ae42-cd418f4f57a6,,"{""title"": ""Driver""}",2026-08-10 18:33:27.275319+00,2026-08-10 19:10:28.327832+00
3913555c-6732-450a-814a-159ca0f32ce8,LLX-COL-00219,Oshadha Chandrasiri,oshadhac.log@lankalogix.com,+94 71 891 2377,user,active,c537c281-b6ad-4842-94ec-e937be0083e5,c18b03d8-00b7-4cb2-ae42-cd418f4f57a6,,"{""title"": ""Forklift Operator""}",2026-08-10 18:33:27.569867+00,2026-08-10 19:10:28.327832+00
13bd5d74-4eca-4357-a96d-dc73603e5c02,LLX-COL-00220,Geethani Opatha,geethanio.log@lankalogix.com,+94 74 745 2434,user,inactive,c537c281-b6ad-4842-94ec-e937be0083e5,c18b03d8-00b7-4cb2-ae42-cd418f4f57a6,,"{""title"": ""Senior Driver""}",2026-08-10 18:33:27.800556+00,2026-08-10 19:10:28.327832+00
cfc6d555-e896-4686-be90-1da957d6707d,LLX-COL-00221,Aslam Hameed,aslamh.log@lankalogix.com,+94 75 495 3303,user,active,c537c281-b6ad-4842-94ec-e937be0083e5,c18b03d8-00b7-4cb2-ae42-cd418f4f57a6,,"{""title"": ""Shift Lead - Fleet""}",2026-08-10 18:33:28.075824+00,2026-08-10 19:10:28.327832+00
4f3a3dc2-e549-4297-9901-d7612b6c6e8b,LLX-COL-00222,Supun Kumarasinghe,supunk.log@lankalogix.com,+94 77 783 3105,user,active,c537c281-b6ad-4842-94ec-e937be0083e5,c18b03d8-00b7-4cb2-ae42-cd418f4f57a6,,"{""title"": ""Dispatch Coordinator""}",2026-08-10 18:33:28.391465+00,2026-08-10 19:10:28.327832+00
d228e58a-85a6-4059-b62f-262964a70737,LLX-COL-00223,Kalaivani Thangarajah,kalaivanit.log@lankalogix.com,+94 71 738 7554,user,active,c537c281-b6ad-4842-94ec-e937be0083e5,c18b03d8-00b7-4cb2-ae42-cd418f4f57a6,,"{""title"": ""Driver""}",2026-08-10 18:33:28.707259+00,2026-08-10 19:10:28.327832+00
ec8132ac-9310-44f0-89de-9a6f62074977,LLX-COL-00224,Ruwan Ranasinghe,ruwanr.log@lankalogix.com,+94 76 760 5263,user,active,c537c281-b6ad-4842-94ec-e937be0083e5,c18b03d8-00b7-4cb2-ae42-cd418f4f57a6,,"{""title"": ""Driver""}",2026-08-10 18:33:28.935311+00,2026-08-10 19:10:28.327832+00
700dde62-01ef-4dc7-bd5e-821eeb1986c3,LLX-COL-00225,Thevan Ratnasingham,thevan.log@lankalogix.com,+94 77 144 4075,user,active,c537c281-b6ad-4842-94ec-e937be0083e5,c18b03d8-00b7-4cb2-ae42-cd418f4f57a6,,"{""title"": ""Senior Driver""}",2026-08-10 18:33:29.163938+00,2026-08-10 19:10:28.327832+00
a35a581c-c6f8-4b17-b739-389a4b7a6d54,LLX-COL-00226,Nimasha Munasinghe,nimasham2.log@lankalogix.com,+94 75 597 1679,user,active,c537c281-b6ad-4842-94ec-e937be0083e5,c18b03d8-00b7-4cb2-ae42-cd418f4f57a6,,"{""title"": ""Shift Lead - Fleet""}",2026-08-10 18:33:29.40938+00,2026-08-10 19:10:28.327832+00
cde090c3-e7e9-459d-b4f7-64df6f80e8a6,LLX-COL-00227,Charith Edirisinghe,charithe.log@lankalogix.com,+94 71 451 4414,user,active,c537c281-b6ad-4842-94ec-e937be0083e5,c18b03d8-00b7-4cb2-ae42-cd418f4f57a6,,"{""title"": ""Forklift Operator""}",2026-08-10 18:33:29.715121+00,2026-08-10 19:10:28.327832+00
a3267fe3-9c0f-4b60-95c4-971b2cac8906,LLX-COL-00228,Hussain Ismail,hussaini.log@lankalogix.com,+94 74 260 4133,user,active,c537c281-b6ad-4842-94ec-e937be0083e5,c18b03d8-00b7-4cb2-ae42-cd418f4f57a6,,"{""title"": ""Dispatch Coordinator""}",2026-08-10 18:33:30.023617+00,2026-08-10 19:10:28.327832+00
139a4cfb-94cd-4f1e-85c0-ad0e0259693d,LLX-COL-00229,Niroshi Bandara,niroshi.log@lankalogix.com,+94 78 763 9514,user,active,c537c281-b6ad-4842-94ec-e937be0083e5,c18b03d8-00b7-4cb2-ae42-cd418f4f57a6,,"{""title"": ""Forklift Operator""}",2026-08-10 18:33:30.253059+00,2026-08-10 19:10:28.327832+00
4d3f028c-7b12-466f-9987-425444282f7d,LLX-COL-00230,Prasad Jayasuriya,prasadj.log@lankalogix.com,+94 75 780 6380,user,active,c537c281-b6ad-4842-94ec-e937be0083e5,c18b03d8-00b7-4cb2-ae42-cd418f4f57a6,,"{""title"": ""Forklift Operator""}",2026-08-10 18:33:30.536209+00,2026-08-10 19:10:28.327832+00
90721aa2-142e-4b5b-ab54-99a28a3b8dd4,LLX-COL-00231,Jeyakumar Chandrasekaran,jeyakumarc.log@lankalogix.com,+94 75 714 1159,user,active,c537c281-b6ad-4842-94ec-e937be0083e5,c18b03d8-00b7-4cb2-ae42-cd418f4f57a6,,"{""title"": ""Forklift Operator""}",2026-08-10 18:33:30.813197+00,2026-08-10 19:10:28.327832+00
feb99c98-7f5e-405b-a592-0586fa8f5d86,LLX-COL-00232,Thiru Ponnambalam,thirup.log@lankalogix.com,+94 74 535 3750,user,active,c537c281-b6ad-4842-94ec-e937be0083e5,c18b03d8-00b7-4cb2-ae42-cd418f4f57a6,,"{""title"": ""Senior Driver""}",2026-08-10 18:33:31.150038+00,2026-08-10 19:10:28.327832+00
e00b3cbd-1bfa-4cbb-82d2-e65668d545ac,LLX-COL-00233,Sabreena Hameed,sabreena.log@lankalogix.com,+94 76 372 6867,user,active,c537c281-b6ad-4842-94ec-e937be0083e5,c18b03d8-00b7-4cb2-ae42-cd418f4f57a6,,"{""title"": ""Forklift Operator""}",2026-08-10 18:33:31.457844+00,2026-08-10 19:10:28.327832+00
559b097f-c978-452a-9fa1-cf043a09373a,LLX-COL-00234,Ajith Gunawardena,ajithg.log@lankalogix.com,+94 71 342 5282,user,active,c537c281-b6ad-4842-94ec-e937be0083e5,c18b03d8-00b7-4cb2-ae42-cd418f4f57a6,,"{""title"": ""Driver""}",2026-08-10 18:33:31.691328+00,2026-08-10 19:10:28.327832+00
771ce83b-d59b-4a82-854e-55bb2fbf2ff6,LLX-COL-00235,Ajith Galappaththi,ajithg2.log@lankalogix.com,+94 71 204 7362,user,active,c537c281-b6ad-4842-94ec-e937be0083e5,c18b03d8-00b7-4cb2-ae42-cd418f4f57a6,,"{""title"": ""Forklift Operator""}",2026-08-10 18:33:31.920919+00,2026-08-10 19:10:28.327832+00
c9f86c57-934e-40e8-b6df-2eb5d71405e6,LLX-COL-00236,Imran Hameed,imran.log@lankalogix.com,+94 77 457 9694,user,active,c537c281-b6ad-4842-94ec-e937be0083e5,c18b03d8-00b7-4cb2-ae42-cd418f4f57a6,,"{""title"": ""Forklift Operator""}",2026-08-10 18:33:32.152744+00,2026-08-10 19:10:28.327832+00
9eb29422-f448-4bb6-ab3d-c580defcd756,LLX-COL-00237,Rajan Balasubramaniam,rajanb.log@lankalogix.com,+94 78 532 2079,user,active,c537c281-b6ad-4842-94ec-e937be0083e5,c18b03d8-00b7-4cb2-ae42-cd418f4f57a6,,"{""title"": ""Driver""}",2026-08-10 18:33:32.384317+00,2026-08-10 19:10:28.327832+00
a1fd5c15-f4c2-416a-b42d-dc0980be48b4,LLX-COL-00238,Nimal Kumarasinghe,nimalk.log@lankalogix.com,+94 75 475 3890,user,active,c537c281-b6ad-4842-94ec-e937be0083e5,c18b03d8-00b7-4cb2-ae42-cd418f4f57a6,,"{""title"": ""Senior Driver""}",2026-08-10 18:33:32.687968+00,2026-08-10 19:10:28.327832+00
916fbbf1-64d9-4aeb-8446-d11375bdc5fd,LLX-COL-00239,Selvam Selvarajah,selvams.log@lankalogix.com,+94 74 719 2978,user,active,c537c281-b6ad-4842-94ec-e937be0083e5,c18b03d8-00b7-4cb2-ae42-cd418f4f57a6,,"{""title"": ""Driver""}",2026-08-10 18:33:32.923255+00,2026-08-10 19:10:28.327832+00
a43241ef-e2f3-4254-9e97-9f2e17bd0c18,LLX-COL-00240,Anusha Illangakoon,anushai.log@lankalogix.com,+94 70 106 6624,user,active,c537c281-b6ad-4842-94ec-e937be0083e5,c18b03d8-00b7-4cb2-ae42-cd418f4f57a6,,"{""title"": ""Shift Lead - Fleet""}",2026-08-10 18:33:33.151573+00,2026-08-10 19:10:28.327832+00
83fb1a68-9d4a-4712-b315-55e33ae553cc,LLX-COL-00241,Ganesh Sivanathan,ganeshs2.log@lankalogix.com,+94 77 207 4431,user,active,c537c281-b6ad-4842-94ec-e937be0083e5,c18b03d8-00b7-4cb2-ae42-cd418f4f57a6,,"{""title"": ""Forklift Operator""}",2026-08-10 18:33:33.384879+00,2026-08-10 19:10:28.327832+00
58874dc8-36e9-4077-a179-7acd117227b5,LLX-COL-00242,Gayathri Rathnayaka,gayathri.log@lankalogix.com,+94 78 949 2025,user,inactive,c537c281-b6ad-4842-94ec-e937be0083e5,c18b03d8-00b7-4cb2-ae42-cd418f4f57a6,,"{""title"": ""Driver""}",2026-08-10 18:33:33.717728+00,2026-08-10 19:10:28.327832+00
80e1566c-3ebe-4998-9ad4-6507a45544b7,LLX-COL-00243,Thilina Jayawardena,thilina.log@lankalogix.com,+94 71 682 1995,user,active,c537c281-b6ad-4842-94ec-e937be0083e5,c18b03d8-00b7-4cb2-ae42-cd418f4f57a6,,"{""title"": ""Forklift Operator""}",2026-08-10 18:33:33.952576+00,2026-08-10 19:10:28.327832+00
022e2531-3147-464c-8ab0-f1461e0f7f2c,LLX-COL-00244,Charith Alwis,charitha.log@lankalogix.com,+94 76 788 4755,user,active,c537c281-b6ad-4842-94ec-e937be0083e5,c18b03d8-00b7-4cb2-ae42-cd418f4f57a6,,"{""title"": ""Dispatch Coordinator""}",2026-08-10 18:33:34.221198+00,2026-08-10 19:10:28.327832+00
4033330c-bcf8-4dc8-802e-7a4195e4163b,LLX-COL-00245,Karthik Vairamuthu,karthikv.log@lankalogix.com,+94 76 669 5612,user,active,c537c281-b6ad-4842-94ec-e937be0083e5,c18b03d8-00b7-4cb2-ae42-cd418f4f57a6,,"{""title"": ""Dispatch Coordinator""}",2026-08-10 18:33:34.449685+00,2026-08-10 19:10:28.327832+00
6a63c83c-a097-4a5d-92a7-6df081b71923,LLX-COL-00246,Rifky Haniffa,rifky.log@lankalogix.com,+94 74 600 8997,user,active,c537c281-b6ad-4842-94ec-e937be0083e5,c18b03d8-00b7-4cb2-ae42-cd418f4f57a6,,"{""title"": ""Forklift Operator""}",2026-08-10 18:33:34.735244+00,2026-08-10 19:10:28.327832+00
c15c7176-06f7-42c0-bb53-2f6b67843157,LLX-COL-00247,Saliya Wanigasekara,saliyaw.log@lankalogix.com,+94 70 183 9073,user,active,c537c281-b6ad-4842-94ec-e937be0083e5,c18b03d8-00b7-4cb2-ae42-cd418f4f57a6,,"{""title"": ""Senior Driver""}",2026-08-10 18:33:34.97361+00,2026-08-10 19:10:28.327832+00
0bc7a756-d17e-4f35-ab42-767cfeedb897,LLX-COL-00248,Pradeep Madushanka,pradeepm.log@lankalogix.com,+94 76 273 4416,user,active,c537c281-b6ad-4842-94ec-e937be0083e5,c18b03d8-00b7-4cb2-ae42-cd418f4f57a6,,"{""title"": ""Forklift Operator""}",2026-08-10 18:33:35.214979+00,2026-08-10 19:10:28.327832+00
105e6973-574c-4a3e-9208-2e45ce03af67,LLX-COL-00249,Yogeswaran Ponnambalam,yogeswaranp.log@lankalogix.com,+94 76 611 4037,user,inactive,c537c281-b6ad-4842-94ec-e937be0083e5,c18b03d8-00b7-4cb2-ae42-cd418f4f57a6,,"{""title"": ""Forklift Operator""}",2026-08-10 18:33:35.445317+00,2026-08-10 19:10:28.327832+00
ee03c479-a979-4cc3-8f63-f1e2294536bf,LLX-COL-00250,Tharindu Herath,tharinduh.log@lankalogix.com,+94 76 473 4678,user,active,c537c281-b6ad-4842-94ec-e937be0083e5,c18b03d8-00b7-4cb2-ae42-cd418f4f57a6,,"{""title"": ""Senior Driver""}",2026-08-10 18:33:35.674137+00,2026-08-10 19:10:28.327832+00
ee9756f3-bfe0-4977-84dd-d99f4f5eb7b4,LLX-COL-00251,Amila Alwis,amilaa2.log@lankalogix.com,+94 76 288 6031,user,active,c537c281-b6ad-4842-94ec-e937be0083e5,c18b03d8-00b7-4cb2-ae42-cd418f4f57a6,,"{""title"": ""Driver""}",2026-08-10 18:33:35.965213+00,2026-08-10 19:10:28.327832+00
be95ca2d-29f2-4fe2-bd65-ccf5e702b949,LLX-COL-00252,Zahir Jiffry,zahirj.log@lankalogix.com,+94 77 562 2592,user,active,c537c281-b6ad-4842-94ec-e937be0083e5,c18b03d8-00b7-4cb2-ae42-cd418f4f57a6,,"{""title"": ""Driver""}",2026-08-10 18:33:36.287469+00,2026-08-10 19:10:28.327832+00
de9de0cd-200d-406e-b349-513ca4c23c7b,LLX-COL-00253,Tharushi Ekanayake,tharushie.log@lankalogix.com,+94 72 777 4710,user,active,c537c281-b6ad-4842-94ec-e937be0083e5,c18b03d8-00b7-4cb2-ae42-cd418f4f57a6,,"{""title"": ""Shift Lead - Fleet""}",2026-08-10 18:33:36.514508+00,2026-08-10 19:10:28.327832+00
ea324bca-a96a-4b21-bfbe-36e05de472bb,LLX-COL-00254,Sathyabama Arumugam,sathyabama.log@lankalogix.com,+94 77 832 1328,user,active,c537c281-b6ad-4842-94ec-e937be0083e5,c18b03d8-00b7-4cb2-ae42-cd418f4f57a6,,"{""title"": ""Senior Driver""}",2026-08-10 18:33:36.747408+00,2026-08-10 19:10:28.327832+00
7fd8736c-4f22-4d99-be16-3f59826aed5d,LLX-COL-00255,Dinesh Ponnambalam,dinesh.log@lankalogix.com,+94 75 194 9279,user,active,c537c281-b6ad-4842-94ec-e937be0083e5,c18b03d8-00b7-4cb2-ae42-cd418f4f57a6,,"{""title"": ""Forklift Operator""}",2026-08-10 18:33:36.995867+00,2026-08-10 19:10:28.327832+00
ce245dd7-6b03-4b7a-9fc0-58b0c050ce47,LLX-COL-00256,Dinusha Kodikara,dinusha.log@lankalogix.com,+94 72 245 3344,user,active,c537c281-b6ad-4842-94ec-e937be0083e5,c18b03d8-00b7-4cb2-ae42-cd418f4f57a6,,"{""title"": ""Driver""}",2026-08-10 18:33:37.296812+00,2026-08-10 19:10:28.327832+00
4ba7d1f3-0eb6-413f-bac9-4a25081e347e,LLX-COL-00257,Saliya Fernando,saliyaf.log@lankalogix.com,+94 70 877 4426,user,active,c537c281-b6ad-4842-94ec-e937be0083e5,c18b03d8-00b7-4cb2-ae42-cd418f4f57a6,,"{""title"": ""Driver""}",2026-08-10 18:33:37.527035+00,2026-08-10 19:10:28.327832+00
e7d4d462-2c55-4855-9bc9-13406ae06de9,LLX-COL-00258,Ishara Kumarasinghe,isharak.log@lankalogix.com,+94 72 827 1829,user,active,c537c281-b6ad-4842-94ec-e937be0083e5,c18b03d8-00b7-4cb2-ae42-cd418f4f57a6,,"{""title"": ""Forklift Operator""}",2026-08-10 18:33:37.807321+00,2026-08-10 19:10:28.327832+00
27c0f523-7cf4-4fa6-bc00-110aceffb452,LLX-COL-00259,Nuwan Bandara,nuwanb.log@lankalogix.com,+94 76 505 3504,user,active,c537c281-b6ad-4842-94ec-e937be0083e5,c18b03d8-00b7-4cb2-ae42-cd418f4f57a6,,"{""title"": ""Forklift Operator""}",2026-08-10 18:33:38.114446+00,2026-08-10 19:10:28.327832+00
758f8366-928a-48a1-a058-77ad7cfab407,LLX-COL-00260,Chamara Alwis,chamaraa.log@lankalogix.com,+94 77 828 6886,user,active,c537c281-b6ad-4842-94ec-e937be0083e5,c18b03d8-00b7-4cb2-ae42-cd418f4f57a6,,"{""title"": ""Senior Driver""}",2026-08-10 18:33:38.420988+00,2026-08-10 19:10:28.327832+00
5f08f1f3-8428-4abc-abed-a7a219c80cb9,LLX-COL-00261,Manoj Wanigasekara,manoj.log@lankalogix.com,+94 72 527 5640,user,active,c537c281-b6ad-4842-94ec-e937be0083e5,c18b03d8-00b7-4cb2-ae42-cd418f4f57a6,,"{""title"": ""Driver""}",2026-08-10 18:33:38.659125+00,2026-08-10 19:10:28.327832+00
798e531d-f680-49d6-a64b-31842e75e6ae,LLX-COL-00262,Lasantha Galappaththi,lasanthag.log@lankalogix.com,+94 71 199 9422,user,active,c537c281-b6ad-4842-94ec-e937be0083e5,c18b03d8-00b7-4cb2-ae42-cd418f4f57a6,,"{""title"": ""Driver""}",2026-08-10 18:33:38.930632+00,2026-08-10 19:10:28.327832+00
53fa7f0e-3f0d-47ea-bd2d-695e63a234db,LLX-COL-00263,Udeshika Weerasinghe,udeshika.log@lankalogix.com,+94 74 734 7154,user,active,c537c281-b6ad-4842-94ec-e937be0083e5,c18b03d8-00b7-4cb2-ae42-cd418f4f57a6,,"{""title"": ""Senior Driver""}",2026-08-10 18:33:39.160523+00,2026-08-10 19:10:28.327832+00
785218fb-cfc1-466f-8524-05e00d4d22a9,LLX-COL-00264,Balan Balasubramaniam,balan.log@lankalogix.com,+94 76 280 4107,user,active,c537c281-b6ad-4842-94ec-e937be0083e5,c18b03d8-00b7-4cb2-ae42-cd418f4f57a6,,"{""title"": ""Forklift Operator""}",2026-08-10 18:33:39.443296+00,2026-08-10 19:10:28.327832+00
b8bd2693-6e8f-4d53-8f57-8abb50dbc33c,LLX-COL-00265,Pubudu Samaraweera,pubudu.log@lankalogix.com,+94 72 250 7897,user,active,c537c281-b6ad-4842-94ec-e937be0083e5,c18b03d8-00b7-4cb2-ae42-cd418f4f57a6,,"{""title"": ""Forklift Operator""}",2026-08-10 18:33:39.671806+00,2026-08-10 19:10:28.327832+00
20126955-a95e-4d8b-8121-28b48b6f18a9,LLX-COL-00266,Ayesha Nawaz,ayesha.log@lankalogix.com,+94 72 180 2171,user,active,c537c281-b6ad-4842-94ec-e937be0083e5,c18b03d8-00b7-4cb2-ae42-cd418f4f57a6,,"{""title"": ""Forklift Operator""}",2026-08-10 18:33:39.959586+00,2026-08-10 19:10:28.327832+00
f6374e8d-3c60-4ddd-926f-9af1790a33fd,LLX-COL-00267,Elango Muthukumar,elangom.log@lankalogix.com,+94 75 116 6821,user,suspended,c537c281-b6ad-4842-94ec-e937be0083e5,c18b03d8-00b7-4cb2-ae42-cd418f4f57a6,,"{""title"": ""Dispatch Coordinator""}",2026-08-10 18:33:40.264268+00,2026-08-10 19:10:28.327832+00
d3879937-718a-45eb-8fd3-f608ffadaf81,LLX-COL-00268,Vijayalakshmi Rajendran,vijayalakshmir.log@lankalogix.com,+94 72 360 4438,user,active,c537c281-b6ad-4842-94ec-e937be0083e5,c18b03d8-00b7-4cb2-ae42-cd418f4f57a6,,"{""title"": ""Driver""}",2026-08-10 18:33:40.504209+00,2026-08-10 19:10:28.327832+00
6dfe7908-1670-4f24-a01e-791d003947e8,LLX-COL-00269,Oshadha Kodikara,oshadhak.log@lankalogix.com,+94 78 950 7854,user,active,c537c281-b6ad-4842-94ec-e937be0083e5,c18b03d8-00b7-4cb2-ae42-cd418f4f57a6,,"{""title"": ""Forklift Operator""}",2026-08-10 18:33:40.739046+00,2026-08-10 19:10:28.327832+00
d6e759b6-79b1-4cc4-bc4d-412a321a3640,LLX-COL-00270,Ruwani Silva,ruwanis.log@lankalogix.com,+94 78 207 5482,user,active,c537c281-b6ad-4842-94ec-e937be0083e5,c18b03d8-00b7-4cb2-ae42-cd418f4f57a6,,"{""title"": ""Forklift Operator""}",2026-08-10 18:33:40.978402+00,2026-08-10 19:10:28.327832+00
5e08f9f1-1943-48a3-a0a5-ba6fb8609095,LLX-COL-00271,Mohan Nadarajah,mohann.log@lankalogix.com,+94 77 395 2259,user,active,c537c281-b6ad-4842-94ec-e937be0083e5,c18b03d8-00b7-4cb2-ae42-cd418f4f57a6,,"{""title"": ""Dispatch Coordinator""}",2026-08-10 18:33:41.208275+00,2026-08-10 19:10:28.327832+00
38213114-d2ab-425c-85cb-10a7ac28415f,LLX-COL-00272,Piumi Weerasinghe,piumi.log@lankalogix.com,+94 74 262 4648,user,active,c537c281-b6ad-4842-94ec-e937be0083e5,c18b03d8-00b7-4cb2-ae42-cd418f4f57a6,,"{""title"": ""Driver""}",2026-08-10 18:33:41.498288+00,2026-08-10 19:10:28.327832+00
898080df-a0bf-47ff-b65d-d841ccd88b80,LLX-COL-00273,Elango Kandasamy,elangok.log@lankalogix.com,+94 70 667 5717,user,active,c537c281-b6ad-4842-94ec-e937be0083e5,c18b03d8-00b7-4cb2-ae42-cd418f4f57a6,,"{""title"": ""Forklift Operator""}",2026-08-10 18:33:41.726883+00,2026-08-10 19:10:28.327832+00
3addad9a-2052-410a-959b-9c59966e95e5,LLX-COL-00274,Charith Senanayake,chariths.log@lankalogix.com,+94 77 973 9187,user,active,c537c281-b6ad-4842-94ec-e937be0083e5,c18b03d8-00b7-4cb2-ae42-cd418f4f57a6,,"{""title"": ""Forklift Operator""}",2026-08-10 18:33:42.005355+00,2026-08-10 19:10:28.327832+00
d3c85395-bb33-4e57-b3e5-4ea86968673b,LLX-COL-00275,Chamara Rajapaksa,chamarar.log@lankalogix.com,+94 76 330 8510,user,active,c537c281-b6ad-4842-94ec-e937be0083e5,c18b03d8-00b7-4cb2-ae42-cd418f4f57a6,,"{""title"": ""Senior Driver""}",2026-08-10 18:33:42.234941+00,2026-08-10 19:10:28.327832+00
f39f4c55-b6e3-4ade-8791-f08bd4926c10,LLX-COL-00276,Lakmali Kumarasinghe,lakmalik.log@lankalogix.com,+94 74 493 4828,user,active,c537c281-b6ad-4842-94ec-e937be0083e5,c18b03d8-00b7-4cb2-ae42-cd418f4f57a6,,"{""title"": ""Dispatch Coordinator""}",2026-08-10 18:33:42.512802+00,2026-08-10 19:10:28.327832+00
9da02b43-fc39-4382-b689-47d1d616482c,LLX-COL-00277,Iresha Kodikara,ireshak2.log@lankalogix.com,+94 74 568 8658,user,active,c537c281-b6ad-4842-94ec-e937be0083e5,c18b03d8-00b7-4cb2-ae42-cd418f4f57a6,,"{""title"": ""Senior Driver""}",2026-08-10 18:33:42.769958+00,2026-08-10 19:10:28.327832+00
12dc50e0-4d2e-4d36-a680-4c2b19e22479,LLX-COL-00278,Wasantha Kodikara,wasanthak.log@lankalogix.com,+94 70 341 3610,user,active,c537c281-b6ad-4842-94ec-e937be0083e5,c18b03d8-00b7-4cb2-ae42-cd418f4f57a6,,"{""title"": ""Forklift Operator""}",2026-08-10 18:33:42.994877+00,2026-08-10 19:10:28.327832+00
4564c7cd-c427-4d40-8bd2-e97e8f18760b,LLX-COL-00279,Asanka Rathnayaka,asankar.log@lankalogix.com,+94 75 100 1180,user,active,c537c281-b6ad-4842-94ec-e937be0083e5,c18b03d8-00b7-4cb2-ae42-cd418f4f57a6,,"{""title"": ""Driver""}",2026-08-10 18:33:43.227754+00,2026-08-10 19:10:28.327832+00
3ba77be5-ccc5-4543-b759-2bf3d0233b4d,LLX-COL-00280,Milinda Chandrasiri,milinda.log@lankalogix.com,+94 76 263 1325,user,active,c537c281-b6ad-4842-94ec-e937be0083e5,c18b03d8-00b7-4cb2-ae42-cd418f4f57a6,,"{""title"": ""Forklift Operator""}",2026-08-10 18:33:43.457671+00,2026-08-10 19:10:28.327832+00
88603b09-551d-4b59-8981-e27cd95f2b12,LLX-COL-00281,Supun Silva,supuns.log@lankalogix.com,+94 72 324 2565,user,active,c537c281-b6ad-4842-94ec-e937be0083e5,c18b03d8-00b7-4cb2-ae42-cd418f4f57a6,,"{""title"": ""Senior Driver""}",2026-08-10 18:33:43.745754+00,2026-08-10 19:10:28.327832+00
565343e3-d4f2-42de-9129-9d17bc120a46,LLX-COL-00282,Yohan Vithanage,yohan.log@lankalogix.com,+94 78 842 1235,user,active,c537c281-b6ad-4842-94ec-e937be0083e5,c18b03d8-00b7-4cb2-ae42-cd418f4f57a6,,"{""title"": ""Dispatch Coordinator""}",2026-08-10 18:33:43.983965+00,2026-08-10 19:10:28.327832+00
cd3fd2fa-00e7-4567-8457-01ddb880b719,LLX-COL-00283,Murali Arumugam,murali.log@lankalogix.com,+94 75 493 1046,user,active,c537c281-b6ad-4842-94ec-e937be0083e5,c18b03d8-00b7-4cb2-ae42-cd418f4f57a6,,"{""title"": ""Driver""}",2026-08-10 18:33:44.265675+00,2026-08-10 19:10:28.327832+00
b64ffa50-0a8d-4d72-9814-57c08216e6b3,LLX-COL-00284,Lakmali Madushanka,lakmalim.log@lankalogix.com,+94 77 627 3605,user,active,c537c281-b6ad-4842-94ec-e937be0083e5,c18b03d8-00b7-4cb2-ae42-cd418f4f57a6,,"{""title"": ""Senior Driver""}",2026-08-10 18:33:44.571031+00,2026-08-10 19:10:28.327832+00
15cd63cb-e067-4cb2-84d1-2cb813162e1a,LLX-COL-00285,Chathura Alwis,chathuraa.log@lankalogix.com,+94 70 507 8484,user,active,c537c281-b6ad-4842-94ec-e937be0083e5,c18b03d8-00b7-4cb2-ae42-cd418f4f57a6,,"{""title"": ""Shift Lead - Fleet""}",2026-08-10 18:33:44.804324+00,2026-08-10 19:10:28.327832+00
7859600a-320b-4479-a042-37034493ad9d,LLX-COL-00286,Jagath Mendis,jagath.log@lankalogix.com,+94 76 503 2867,user,active,c537c281-b6ad-4842-94ec-e937be0083e5,c18b03d8-00b7-4cb2-ae42-cd418f4f57a6,,"{""title"": ""Forklift Operator""}",2026-08-10 18:33:45.031476+00,2026-08-10 19:10:28.327832+00
af901256-e5d4-4ea1-b95a-c5f2006a7629,LLX-COL-00287,Sujeewa Kodikara,sujeewak.log@lankalogix.com,+94 75 282 3788,user,active,c537c281-b6ad-4842-94ec-e937be0083e5,c18b03d8-00b7-4cb2-ae42-cd418f4f57a6,,"{""title"": ""Forklift Operator""}",2026-08-10 18:33:45.259054+00,2026-08-10 19:10:28.327832+00
0ece4939-de9b-4910-babc-3cb1f0372d4b,LLX-COL-00288,Anuruddha Senanayake,anuruddhas2.log@lankalogix.com,+94 76 762 5282,user,active,c537c281-b6ad-4842-94ec-e937be0083e5,c18b03d8-00b7-4cb2-ae42-cd418f4f57a6,,"{""title"": ""Driver""}",2026-08-10 18:33:45.489281+00,2026-08-10 19:10:28.327832+00
2b388115-612e-444c-ab32-5b14b3f54f80,LLX-COL-00289,Kavinda Amarasinghe,kavindaa.log@lankalogix.com,+94 76 321 1119,user,active,c537c281-b6ad-4842-94ec-e937be0083e5,c18b03d8-00b7-4cb2-ae42-cd418f4f57a6,,"{""title"": ""Forklift Operator""}",2026-08-10 18:33:45.797547+00,2026-08-10 19:10:28.327832+00
18a34e23-3be5-4058-9caa-d2075df591b8,LLX-COL-00290,Supun Nanayakkara,supunn.log@lankalogix.com,+94 70 241 3079,user,active,c537c281-b6ad-4842-94ec-e937be0083e5,c18b03d8-00b7-4cb2-ae42-cd418f4f57a6,,"{""title"": ""Driver""}",2026-08-10 18:33:46.037008+00,2026-08-10 19:10:28.327832+00
55edc01a-8a5f-4b83-b49e-cb746b8e6bcf,LLX-COL-00291,Maheshi Wijeratne,maheshiw.log@lankalogix.com,+94 74 729 3541,user,active,c537c281-b6ad-4842-94ec-e937be0083e5,c18b03d8-00b7-4cb2-ae42-cd418f4f57a6,,"{""title"": ""Driver""}",2026-08-10 18:33:46.312859+00,2026-08-10 19:10:28.327832+00
55f028a0-239f-4082-a2bd-1ea1da7fb8eb,LLX-COL-00292,Anand Kandasamy,anand.log@lankalogix.com,+94 71 872 6308,user,active,c537c281-b6ad-4842-94ec-e937be0083e5,c18b03d8-00b7-4cb2-ae42-cd418f4f57a6,,"{""title"": ""Shift Lead - Fleet""}",2026-08-10 18:33:46.679019+00,2026-08-10 19:10:28.327832+00
d49746fb-1fa9-4dd3-a283-ace04dffae46,LLX-COL-00293,Wasana Galappaththi,wasana.log@lankalogix.com,+94 78 753 6431,user,active,c537c281-b6ad-4842-94ec-e937be0083e5,c18b03d8-00b7-4cb2-ae42-cd418f4f57a6,,"{""title"": ""Driver""}",2026-08-10 18:33:46.923804+00,2026-08-10 19:10:28.327832+00
8841c89f-1b64-4682-b273-0e824e9fd43d,LLX-COL-00294,Randika Samaraweera,randikas.log@lankalogix.com,+94 70 827 9434,user,active,c537c281-b6ad-4842-94ec-e937be0083e5,c18b03d8-00b7-4cb2-ae42-cd418f4f57a6,,"{""title"": ""Driver""}",2026-08-10 18:33:47.153685+00,2026-08-10 19:10:28.327832+00
42665fec-7225-4509-8ad2-324bb15dc7cf,LLX-COL-00295,Dhanushka Tennakoon,dhanushkat.log@lankalogix.com,+94 74 125 1328,user,active,c537c281-b6ad-4842-94ec-e937be0083e5,c18b03d8-00b7-4cb2-ae42-cd418f4f57a6,,"{""title"": ""Driver""}",2026-08-10 18:33:47.387779+00,2026-08-10 19:10:28.327832+00
a0536940-0682-4198-bae6-6db251d72de4,LLX-COL-00296,Nazeer Jiffry,nazeerj.log@lankalogix.com,+94 72 372 1028,user,active,c537c281-b6ad-4842-94ec-e937be0083e5,c18b03d8-00b7-4cb2-ae42-cd418f4f57a6,,"{""title"": ""Forklift Operator""}",2026-08-10 18:33:47.637441+00,2026-08-10 19:10:28.327832+00
b8bbd9f8-2a17-4177-ad6e-84d27e2b8d5f,LLX-COL-00297,Rangana Tennakoon,ranganat.log@lankalogix.com,+94 71 341 9187,user,active,c537c281-b6ad-4842-94ec-e937be0083e5,c18b03d8-00b7-4cb2-ae42-cd418f4f57a6,,"{""title"": ""Driver""}",2026-08-10 18:33:47.9471+00,2026-08-10 19:10:28.327832+00
5431c4c3-6dc0-4daa-9313-86cacb8c8daf,LLX-COL-00298,Hafsa Wahab,hafsa.log@lankalogix.com,+94 72 209 3568,user,active,c537c281-b6ad-4842-94ec-e937be0083e5,c18b03d8-00b7-4cb2-ae42-cd418f4f57a6,,"{""title"": ""Driver""}",2026-08-10 18:33:48.180262+00,2026-08-10 19:10:28.327832+00
4fa2752c-21e0-493e-9323-ee28c5c15ff0,LLX-COL-00299,Geethani Jayawardena,geethanij.log@lankalogix.com,+94 77 696 6622,user,active,c537c281-b6ad-4842-94ec-e937be0083e5,c18b03d8-00b7-4cb2-ae42-cd418f4f57a6,,"{""title"": ""Driver""}",2026-08-10 18:33:48.406997+00,2026-08-10 19:10:28.327832+00
cf846082-5119-4d20-a5e0-a7610ee69583,LLX-COL-00300,Aslam Jiffry,aslamj.log@lankalogix.com,+94 78 828 8769,user,active,c537c281-b6ad-4842-94ec-e937be0083e5,c18b03d8-00b7-4cb2-ae42-cd418f4f57a6,,"{""title"": ""Driver""}",2026-08-10 18:33:48.658774+00,2026-08-10 19:10:28.327832+00
3b846a2c-7ff9-489b-a54d-505dbf50778b,LLX-COL-00301,Anuruddha Vithanage,anuruddhav.log@lankalogix.com,+94 78 836 9804,user,active,c537c281-b6ad-4842-94ec-e937be0083e5,c18b03d8-00b7-4cb2-ae42-cd418f4f57a6,,"{""title"": ""Senior Driver""}",2026-08-10 18:33:48.9732+00,2026-08-10 19:10:28.327832+00
dc7713dd-6bb6-4890-9467-499b23c21017,LLX-COL-00302,Imran Hameed,imranh.log@lankalogix.com,+94 74 251 6473,user,active,c537c281-b6ad-4842-94ec-e937be0083e5,c18b03d8-00b7-4cb2-ae42-cd418f4f57a6,,"{""title"": ""Forklift Operator""}",2026-08-10 18:33:49.282978+00,2026-08-10 19:10:28.327832+00
62264014-d6f9-48d1-8ed3-1e67fce3aa18,LLX-COL-00303,Maheshi Pathirana,maheship2.log@lankalogix.com,+94 71 681 3364,user,active,c537c281-b6ad-4842-94ec-e937be0083e5,c18b03d8-00b7-4cb2-ae42-cd418f4f57a6,,"{""title"": ""Dispatch Coordinator""}",2026-08-10 18:33:49.555138+00,2026-08-10 19:10:28.327832+00
fd9bc92e-1d97-4b10-92ad-9970405e7095,LLX-COL-00304,Elango Muthukumar,elangom2.log@lankalogix.com,+94 76 826 1855,user,active,c537c281-b6ad-4842-94ec-e937be0083e5,c18b03d8-00b7-4cb2-ae42-cd418f4f57a6,,"{""title"": ""Senior Driver""}",2026-08-10 18:33:49.885489+00,2026-08-10 19:10:28.327832+00
7c0a1dd2-ae3a-4b6a-80ed-b2ecb96e08ad,LLX-COL-00305,Kalana Alwis,kalanaa.log@lankalogix.com,+94 75 428 8897,user,active,c537c281-b6ad-4842-94ec-e937be0083e5,c18b03d8-00b7-4cb2-ae42-cd418f4f57a6,,"{""title"": ""Forklift Operator""}",2026-08-10 18:33:50.119702+00,2026-08-10 19:10:28.327832+00
8e11bc0b-dd4a-4b80-a9cc-465b3beca3d4,LLX-COL-00306,Rasika Gunasekara,rasikag.log@lankalogix.com,+94 71 816 9732,user,active,c537c281-b6ad-4842-94ec-e937be0083e5,c18b03d8-00b7-4cb2-ae42-cd418f4f57a6,,"{""title"": ""Driver""}",2026-08-10 18:33:50.351325+00,2026-08-10 19:10:28.327832+00
3a849bbe-d907-4ee0-8770-27c179d6a321,LLX-COL-00307,Nizam Jiffry,nizamj.log@lankalogix.com,+94 70 217 5623,user,active,c537c281-b6ad-4842-94ec-e937be0083e5,c18b03d8-00b7-4cb2-ae42-cd418f4f57a6,,"{""title"": ""Dispatch Coordinator""}",2026-08-10 18:33:50.577366+00,2026-08-10 19:10:28.327832+00
2d598e0b-fb1e-485c-bef5-c988163404a7,LLX-COL-00308,Viraj Seneviratne,viraj.log@lankalogix.com,+94 77 663 1042,user,active,c537c281-b6ad-4842-94ec-e937be0083e5,c18b03d8-00b7-4cb2-ae42-cd418f4f57a6,,"{""title"": ""Driver""}",2026-08-10 18:33:50.803021+00,2026-08-10 19:10:28.327832+00
78afea78-2d3f-495b-82d1-a177c62aaf7c,LLX-COL-00309,Fazal Farook,fazalf.log@lankalogix.com,+94 71 772 3326,user,active,c537c281-b6ad-4842-94ec-e937be0083e5,c18b03d8-00b7-4cb2-ae42-cd418f4f57a6,,"{""title"": ""Shift Lead - Fleet""}",2026-08-10 18:33:51.033905+00,2026-08-10 19:10:28.327832+00
b5e62dd4-b490-4de7-a2c0-acdaa17d0c07,LLX-COL-00310,Hussain Marikkar,hussainm.log@lankalogix.com,+94 75 365 2352,user,active,c537c281-b6ad-4842-94ec-e937be0083e5,c18b03d8-00b7-4cb2-ae42-cd418f4f57a6,,"{""title"": ""Dispatch Coordinator""}",2026-08-10 18:33:51.269736+00,2026-08-10 19:10:28.327832+00
62d962ea-3a37-474e-8610-311f35bfaafd,LLX-COL-00311,Harsha Dissanayake,harshad.log@lankalogix.com,+94 74 534 8449,user,active,c537c281-b6ad-4842-94ec-e937be0083e5,c18b03d8-00b7-4cb2-ae42-cd418f4f57a6,,"{""title"": ""Driver""}",2026-08-10 18:33:51.502089+00,2026-08-10 19:10:28.327832+00
2b6dbbb1-30c3-4e7b-bbc5-349c02499f41,LLX-COL-00312,Sanjaya Munasinghe,sanjayam.log@lankalogix.com,+94 72 818 1508,user,active,c537c281-b6ad-4842-94ec-e937be0083e5,c18b03d8-00b7-4cb2-ae42-cd418f4f57a6,,"{""title"": ""Driver""}",2026-08-10 18:33:51.728096+00,2026-08-10 19:10:28.327832+00
476aa8e4-d8ec-4f2f-906d-56dd570a8caa,LLX-COL-00313,Ravi Selvarajah,ravi.log@lankalogix.com,+94 77 987 7295,user,active,c537c281-b6ad-4842-94ec-e937be0083e5,c18b03d8-00b7-4cb2-ae42-cd418f4f57a6,,"{""title"": ""Forklift Operator""}",2026-08-10 18:33:52.03589+00,2026-08-10 19:10:28.327832+00
f85e5d5e-23ed-4753-ab5b-6e0d16377b17,LLX-COL-00314,Sanjaya Silva,sanjayas.log@lankalogix.com,+94 78 300 2413,user,active,c537c281-b6ad-4842-94ec-e937be0083e5,c18b03d8-00b7-4cb2-ae42-cd418f4f57a6,,"{""title"": ""Driver""}",2026-08-10 18:33:52.352969+00,2026-08-10 19:10:28.327832+00
69f81284-0a75-4c51-8af6-268d1a75963c,LLX-COL-00315,Yasodha Perera,yasodhap.log@lankalogix.com,+94 75 638 6926,user,active,c537c281-b6ad-4842-94ec-e937be0083e5,c18b03d8-00b7-4cb2-ae42-cd418f4f57a6,,"{""title"": ""Forklift Operator""}",2026-08-10 18:33:52.598388+00,2026-08-10 19:10:28.327832+00
0b5febc2-058f-4b41-a29a-8d217193579a,LLX-COL-00316,Lasantha Wanigasekara,lasanthaw.log@lankalogix.com,+94 78 908 6068,user,active,c537c281-b6ad-4842-94ec-e937be0083e5,c18b03d8-00b7-4cb2-ae42-cd418f4f57a6,,"{""title"": ""Senior Driver""}",2026-08-10 18:33:52.826122+00,2026-08-10 19:10:28.327832+00
26dadb1c-8674-44b6-ba67-bac731bb93d1,LLX-COL-00317,Imran Zubair,imranz.log@lankalogix.com,+94 77 135 4566,user,suspended,c537c281-b6ad-4842-94ec-e937be0083e5,c18b03d8-00b7-4cb2-ae42-cd418f4f57a6,,"{""title"": ""Driver""}",2026-08-10 18:33:53.054522+00,2026-08-10 19:10:28.327832+00
9d13970f-2a41-435e-8706-26d1a28fe323,LLX-COL-00318,Fazal Rahman,fazalr.log@lankalogix.com,+94 75 916 6380,user,active,c537c281-b6ad-4842-94ec-e937be0083e5,c18b03d8-00b7-4cb2-ae42-cd418f4f57a6,,"{""title"": ""Driver""}",2026-08-10 18:33:53.289155+00,2026-08-10 19:10:28.327832+00
54e48c09-372a-42e8-9086-e98f7ce791b9,LLX-COL-00319,Wasantha Wijesinghe,wasanthaw.log@lankalogix.com,+94 71 969 8078,user,active,c537c281-b6ad-4842-94ec-e937be0083e5,c18b03d8-00b7-4cb2-ae42-cd418f4f57a6,,"{""title"": ""Dispatch Coordinator""}",2026-08-10 18:33:53.517318+00,2026-08-10 19:10:28.327832+00
3d0cb63d-4785-41f8-b2b9-cf6132befe97,LLX-COL-00320,Ahamed Hameed,ahamed.log@lankalogix.com,+94 76 303 8081,user,active,c537c281-b6ad-4842-94ec-e937be0083e5,c18b03d8-00b7-4cb2-ae42-cd418f4f57a6,,"{""title"": ""Shift Lead - Fleet""}",2026-08-10 18:33:53.750014+00,2026-08-10 19:10:28.327832+00
63acf5e4-2423-4f45-ae56-6a9aa6546c48,LLX-COL-00321,Tharaka Seneviratne,tharakas.log@lankalogix.com,+94 77 493 2383,user,active,c537c281-b6ad-4842-94ec-e937be0083e5,c18b03d8-00b7-4cb2-ae42-cd418f4f57a6,,"{""title"": ""Senior Driver""}",2026-08-10 18:33:53.985233+00,2026-08-10 19:10:28.327832+00
143699d5-a598-400d-9e81-15f50ae0115e,LLX-COL-00322,Nuwan Rathnayaka,nuwanr.log@lankalogix.com,+94 74 864 4955,user,active,c537c281-b6ad-4842-94ec-e937be0083e5,c18b03d8-00b7-4cb2-ae42-cd418f4f57a6,,"{""title"": ""Senior Driver""}",2026-08-10 18:33:54.217776+00,2026-08-10 19:10:28.327832+00
4e687221-2aec-4a3c-b701-5383edc61335,LLX-COL-00323,Irfan Cassim,irfanc.log@lankalogix.com,+94 71 772 8229,user,active,c537c281-b6ad-4842-94ec-e937be0083e5,c18b03d8-00b7-4cb2-ae42-cd418f4f57a6,,"{""title"": ""Driver""}",2026-08-10 18:33:54.451905+00,2026-08-10 19:10:28.327832+00
f7e51660-0ce7-4eeb-a188-39c6a96d2541,LLX-COL-00324,Isuru Jayawardena,isuruj.log@lankalogix.com,+94 70 333 2410,user,active,c537c281-b6ad-4842-94ec-e937be0083e5,c18b03d8-00b7-4cb2-ae42-cd418f4f57a6,,"{""title"": ""Forklift Operator""}",2026-08-10 18:33:54.680527+00,2026-08-10 19:10:28.327832+00
fdbcc56a-e2f3-4c32-a12b-3dc71d3ba68b,LLX-COL-00325,Lahiru Galappaththi,lahirug.log@lankalogix.com,+94 78 700 2993,user,active,c537c281-b6ad-4842-94ec-e937be0083e5,c18b03d8-00b7-4cb2-ae42-cd418f4f57a6,,"{""title"": ""Dispatch Coordinator""}",2026-08-10 18:33:54.910782+00,2026-08-10 19:10:28.327832+00
66f76268-d181-4cea-bbf9-29b5446250fb,LLX-COL-00326,Dulani Fernando,dulani.log@lankalogix.com,+94 75 414 3953,user,active,c537c281-b6ad-4842-94ec-e937be0083e5,c18b03d8-00b7-4cb2-ae42-cd418f4f57a6,,"{""title"": ""Driver""}",2026-08-10 18:33:55.141359+00,2026-08-10 19:10:28.327832+00
7f366fbb-3b2f-4feb-999d-55f41cc6ee70,LLX-COL-00327,Charith Jayasuriya,charithj.log@lankalogix.com,+94 78 170 4907,user,active,c537c281-b6ad-4842-94ec-e937be0083e5,c18b03d8-00b7-4cb2-ae42-cd418f4f57a6,,"{""title"": ""Shift Lead - Fleet""}",2026-08-10 18:33:55.455018+00,2026-08-10 19:10:28.327832+00
cea796b2-64d1-4259-b1e7-4b06b3468fcd,LLX-COL-00328,Kalana Jayawardena,kalanaj.log@lankalogix.com,+94 75 570 4271,user,active,c537c281-b6ad-4842-94ec-e937be0083e5,c18b03d8-00b7-4cb2-ae42-cd418f4f57a6,,"{""title"": ""Driver""}",2026-08-10 18:33:55.737798+00,2026-08-10 19:10:28.327832+00
f041cb71-a9fe-469f-abba-a9747e6df441,LLX-COL-00329,Duminda Madushanka,dumindam.log@lankalogix.com,+94 70 158 9517,user,active,c537c281-b6ad-4842-94ec-e937be0083e5,c18b03d8-00b7-4cb2-ae42-cd418f4f57a6,,"{""title"": ""Shift Lead - Fleet""}",2026-08-10 18:33:55.979602+00,2026-08-10 19:10:28.327832+00
e57393bd-5c70-49b5-a53f-2b0727dc5d4b,LLX-COL-00330,Dinesh Balasubramaniam,dineshb.log@lankalogix.com,+94 75 219 9340,user,active,c537c281-b6ad-4842-94ec-e937be0083e5,c18b03d8-00b7-4cb2-ae42-cd418f4f57a6,,"{""title"": ""Driver""}",2026-08-10 18:33:56.239687+00,2026-08-10 19:10:28.327832+00
f5e91b7d-09e8-45a0-921d-cfc6fd0e2916,LLX-COL-00331,Manoharan Krishnapillai,manoharan.log@lankalogix.com,+94 72 714 8934,user,active,c537c281-b6ad-4842-94ec-e937be0083e5,c18b03d8-00b7-4cb2-ae42-cd418f4f57a6,,"{""title"": ""Senior Driver""}",2026-08-10 18:33:56.470784+00,2026-08-10 19:10:28.327832+00
d8054855-141d-41de-b91c-4fd89942c56e,LLX-COL-00332,Menaka Gunasekara,menakag.log@lankalogix.com,+94 77 780 2251,user,active,c537c281-b6ad-4842-94ec-e937be0083e5,c18b03d8-00b7-4cb2-ae42-cd418f4f57a6,,"{""title"": ""Senior Driver""}",2026-08-10 18:33:56.714473+00,2026-08-10 19:10:28.327832+00
0d00671e-4229-4f30-8023-aabec2a477f9,LLX-COL-00333,Vimukthi Udawatta,vimukthiu.log@lankalogix.com,+94 77 362 4527,user,active,c537c281-b6ad-4842-94ec-e937be0083e5,c18b03d8-00b7-4cb2-ae42-cd418f4f57a6,,"{""title"": ""Forklift Operator""}",2026-08-10 18:33:56.94966+00,2026-08-10 19:10:28.327832+00
780f396c-a628-42fc-b0dc-52010ab95340,LLX-COL-00334,Hafsa Nawaz,hafsan.log@lankalogix.com,+94 77 334 3129,user,active,c537c281-b6ad-4842-94ec-e937be0083e5,c18b03d8-00b7-4cb2-ae42-cd418f4f57a6,,"{""title"": ""Driver""}",2026-08-10 18:33:57.261181+00,2026-08-10 19:10:28.327832+00
3745b919-3c33-4a3f-8eca-902a8a95931f,LLX-COL-00335,Ruwani Karunaratne,ruwanik.log@lankalogix.com,+94 70 776 2107,user,active,c537c281-b6ad-4842-94ec-e937be0083e5,c18b03d8-00b7-4cb2-ae42-cd418f4f57a6,,"{""title"": ""Forklift Operator""}",2026-08-10 18:33:57.535409+00,2026-08-10 19:10:28.327832+00
f09cbdc7-2bc1-4dcf-aad3-2922c9db9a85,LLX-COL-00336,Anand Ratnasingham,anandr.log@lankalogix.com,+94 70 505 2959,user,active,c537c281-b6ad-4842-94ec-e937be0083e5,c18b03d8-00b7-4cb2-ae42-cd418f4f57a6,,"{""title"": ""Driver""}",2026-08-10 18:33:57.767094+00,2026-08-10 19:10:28.327832+00
39d5700c-a1c9-4421-9f83-a2e5f6ca64cc,LLX-COL-00337,Rangana Wanigasekara,ranganaw.log@lankalogix.com,+94 77 263 4111,user,active,c537c281-b6ad-4842-94ec-e937be0083e5,c18b03d8-00b7-4cb2-ae42-cd418f4f57a6,,"{""title"": ""Forklift Operator""}",2026-08-10 18:33:57.992475+00,2026-08-10 19:10:28.327832+00
1d37a2fd-ee84-4289-a0da-0863096a93a8,LLX-COL-00338,Viraj Silva,virajs.log@lankalogix.com,+94 70 358 2147,user,active,c537c281-b6ad-4842-94ec-e937be0083e5,c18b03d8-00b7-4cb2-ae42-cd418f4f57a6,,"{""title"": ""Senior Driver""}",2026-08-10 18:33:58.24295+00,2026-08-10 19:10:28.327832+00
f4abb4c1-a221-41bd-bfa3-0c6883a700a8,LLX-COL-00339,Hiruni Illangakoon,hirunii.log@lankalogix.com,+94 76 547 1249,user,active,c537c281-b6ad-4842-94ec-e937be0083e5,c18b03d8-00b7-4cb2-ae42-cd418f4f57a6,,"{""title"": ""Driver""}",2026-08-10 18:33:58.489015+00,2026-08-10 19:10:28.327832+00
20ab5d3f-f2ca-4af4-b3c1-43fbcfad7b62,LLX-COL-00340,Jeyakumar Krishnapillai,jeyakumark2.log@lankalogix.com,+94 70 705 7344,user,active,c537c281-b6ad-4842-94ec-e937be0083e5,c18b03d8-00b7-4cb2-ae42-cd418f4f57a6,,"{""title"": ""Senior Driver""}",2026-08-10 18:33:58.800678+00,2026-08-10 19:10:28.327832+00
184939aa-cc6e-4911-8fcd-a5c4bedeefa2,LLX-COL-00341,Nilanthi Pathirana,nilanthip.log@lankalogix.com,+94 77 483 8642,user,active,c537c281-b6ad-4842-94ec-e937be0083e5,c18b03d8-00b7-4cb2-ae42-cd418f4f57a6,,"{""title"": ""Forklift Operator""}",2026-08-10 18:33:59.042603+00,2026-08-10 19:10:28.327832+00
dd7c4b95-1941-47b3-8c25-f2385063e887,LLX-COL-00342,Farhan Rahman,farhanr.log@lankalogix.com,+94 77 567 2351,user,active,c537c281-b6ad-4842-94ec-e937be0083e5,c18b03d8-00b7-4cb2-ae42-cd418f4f57a6,,"{""title"": ""Driver""}",2026-08-10 18:33:59.310301+00,2026-08-10 19:10:28.327832+00
69c18b9a-2c07-45e1-953a-e4a54270089c,LLX-COL-00343,Nazeer Jiffry,nazeerj2.log@lankalogix.com,+94 74 906 9803,user,active,c537c281-b6ad-4842-94ec-e937be0083e5,c18b03d8-00b7-4cb2-ae42-cd418f4f57a6,,"{""title"": ""Dispatch Coordinator""}",2026-08-10 18:33:59.636754+00,2026-08-10 19:10:28.327832+00
ded95339-a354-4096-aff7-5819a01aff0a,LLX-COL-00344,Malinda Perera,malindap.log@lankalogix.com,+94 76 462 7378,user,active,c537c281-b6ad-4842-94ec-e937be0083e5,c18b03d8-00b7-4cb2-ae42-cd418f4f57a6,,"{""title"": ""Forklift Operator""}",2026-08-10 18:33:59.931688+00,2026-08-10 19:10:28.327832+00
bd4ba9c7-f49f-4f7c-b0a8-1bfa1e443613,LLX-COL-00345,Madushika Wickramasinghe,madushikaw.log@lankalogix.com,+94 71 499 4747,user,inactive,c537c281-b6ad-4842-94ec-e937be0083e5,c18b03d8-00b7-4cb2-ae42-cd418f4f57a6,,"{""title"": ""Driver""}",2026-08-10 18:34:00.164571+00,2026-08-10 19:10:28.327832+00
06252a18-5cd2-40e4-9b1a-6a7e5d04b393,LLX-COL-00346,Malinda Gunawardena,malindag.log@lankalogix.com,+94 72 431 9632,user,active,c537c281-b6ad-4842-94ec-e937be0083e5,c18b03d8-00b7-4cb2-ae42-cd418f4f57a6,,"{""title"": ""Driver""}",2026-08-10 18:34:00.394936+00,2026-08-10 19:10:28.327832+00
9f5f84e3-bce1-4c93-b37b-5c218d7ca28b,LLX-COL-00347,Nazeer Nawaz,nazeern.log@lankalogix.com,+94 76 676 6295,user,active,c537c281-b6ad-4842-94ec-e937be0083e5,c18b03d8-00b7-4cb2-ae42-cd418f4f57a6,,"{""title"": ""Driver""}",2026-08-10 18:34:00.641855+00,2026-08-10 19:10:28.327832+00
701951e4-b6c8-419b-bf08-9be47ceccf9b,LLX-COL-00348,Malathi Balasubramaniam,malathi.log@lankalogix.com,+94 74 997 6961,user,active,c537c281-b6ad-4842-94ec-e937be0083e5,c18b03d8-00b7-4cb2-ae42-cd418f4f57a6,,"{""title"": ""Dispatch Coordinator""}",2026-08-10 18:34:00.951056+00,2026-08-10 19:10:28.327832+00
30c46f60-6040-45fd-ac19-15ae34083ba9,LLX-COL-00349,Kavitha Vairamuthu,kavitha.log@lankalogix.com,+94 78 662 8469,user,active,c537c281-b6ad-4842-94ec-e937be0083e5,c18b03d8-00b7-4cb2-ae42-cd418f4f57a6,,"{""title"": ""Driver""}",2026-08-10 18:34:01.177084+00,2026-08-10 19:10:28.327832+00
35d2516a-d950-46c7-9fd9-6f76176ed4bb,LLX-COL-00350,Rizwan Saleem,rizwans.log@lankalogix.com,+94 75 715 9665,user,active,c537c281-b6ad-4842-94ec-e937be0083e5,c18b03d8-00b7-4cb2-ae42-cd418f4f57a6,,"{""title"": ""Forklift Operator""}",2026-08-10 18:34:01.406434+00,2026-08-10 19:10:28.327832+00
6afbbe79-b3b4-4bce-969a-13c3c0c87b06,LLX-COL-00351,Randika Munasinghe,randikam.log@lankalogix.com,+94 75 902 3193,user,active,c537c281-b6ad-4842-94ec-e937be0083e5,c18b03d8-00b7-4cb2-ae42-cd418f4f57a6,,"{""title"": ""Forklift Operator""}",2026-08-10 18:34:01.64045+00,2026-08-10 19:10:28.327832+00
5b986620-72d7-42a9-92df-7e33bfdc00b0,LLX-COL-00352,Farhan Ismail,farhani.log@lankalogix.com,+94 71 752 3682,user,active,c537c281-b6ad-4842-94ec-e937be0083e5,c18b03d8-00b7-4cb2-ae42-cd418f4f57a6,,"{""title"": ""Driver""}",2026-08-10 18:34:01.977294+00,2026-08-10 19:10:28.327832+00
9ebf10ee-b68b-44e3-98ae-f3d659e6282f,LLX-COL-00353,Dinithi Munasinghe,dinithi.log@lankalogix.com,+94 76 798 8138,user,active,c537c281-b6ad-4842-94ec-e937be0083e5,c18b03d8-00b7-4cb2-ae42-cd418f4f57a6,,"{""title"": ""Forklift Operator""}",2026-08-10 18:34:02.229712+00,2026-08-10 19:10:28.327832+00
29ade0de-bbfe-499c-8f4a-e8420eab79c6,LLX-COL-00354,Vasanth Selvarajah,vasanths.log@lankalogix.com,+94 77 829 7295,user,active,c537c281-b6ad-4842-94ec-e937be0083e5,c18b03d8-00b7-4cb2-ae42-cd418f4f57a6,,"{""title"": ""Driver""}",2026-08-10 18:34:02.483371+00,2026-08-10 19:10:28.327832+00
96db9ee6-d443-4369-92f7-3bc46082ac53,LLX-COL-00355,Balan Krishnapillai,balank.log@lankalogix.com,+94 74 767 4018,user,active,c537c281-b6ad-4842-94ec-e937be0083e5,c18b03d8-00b7-4cb2-ae42-cd418f4f57a6,,"{""title"": ""Shift Lead - Fleet""}",2026-08-10 18:34:02.793288+00,2026-08-10 19:10:28.327832+00
4f5e2568-47ac-4138-880e-565d631691d0,LLX-COL-00356,Nizam Zubair,nizamz.log@lankalogix.com,+94 70 462 7583,user,active,c537c281-b6ad-4842-94ec-e937be0083e5,c18b03d8-00b7-4cb2-ae42-cd418f4f57a6,,"{""title"": ""Driver""}",2026-08-10 18:34:03.106246+00,2026-08-10 19:10:28.327832+00
64bf6e6f-689c-48c4-adbe-e8f44ba5f1cf,LLX-COL-00357,Kaushalya Nanayakkara,kaushalyan.log@lankalogix.com,+94 71 465 1662,user,active,c537c281-b6ad-4842-94ec-e937be0083e5,c18b03d8-00b7-4cb2-ae42-cd418f4f57a6,,"{""title"": ""Driver""}",2026-08-10 18:34:03.338516+00,2026-08-10 19:10:28.327832+00
7a88ba0d-5d1e-4ede-ac54-483028c32e7b,LLX-COL-00358,Madushika Udawatta,madushikau.log@lankalogix.com,+94 74 142 1958,user,active,c537c281-b6ad-4842-94ec-e937be0083e5,c18b03d8-00b7-4cb2-ae42-cd418f4f57a6,,"{""title"": ""Forklift Operator""}",2026-08-10 18:34:03.616296+00,2026-08-10 19:10:28.327832+00
caed6520-d13f-4cca-b266-28e851bcedb2,LLX-COL-00359,Dilrukshi Peiris,dilrukship.log@lankalogix.com,+94 74 605 7568,user,active,c537c281-b6ad-4842-94ec-e937be0083e5,c18b03d8-00b7-4cb2-ae42-cd418f4f57a6,,"{""title"": ""Forklift Operator""}",2026-08-10 18:34:03.919892+00,2026-08-10 19:10:28.327832+00
b46cf761-3db0-4767-b410-65aa1a2825fb,LLX-COL-00360,Heshan Ekanayake,heshane.log@lankalogix.com,+94 76 958 9946,user,active,c537c281-b6ad-4842-94ec-e937be0083e5,c18b03d8-00b7-4cb2-ae42-cd418f4f57a6,,"{""title"": ""Forklift Operator""}",2026-08-10 18:34:04.242739+00,2026-08-10 19:10:28.327832+00
bde3ca47-83dc-49db-93c8-575131b3a224,LLX-COL-00361,Ajith Tennakoon,ajitht.log@lankalogix.com,+94 78 287 4594,user,active,c537c281-b6ad-4842-94ec-e937be0083e5,c18b03d8-00b7-4cb2-ae42-cd418f4f57a6,,"{""title"": ""Dispatch Coordinator""}",2026-08-10 18:34:04.537492+00,2026-08-10 19:10:28.327832+00
e2199342-06c7-43be-a8c3-07bc1762f57f,LLX-COL-00362,Yohan Ranasinghe,yohanr.log@lankalogix.com,+94 78 405 5431,user,active,c537c281-b6ad-4842-94ec-e937be0083e5,c18b03d8-00b7-4cb2-ae42-cd418f4f57a6,,"{""title"": ""Forklift Operator""}",2026-08-10 18:34:04.839145+00,2026-08-10 19:10:28.327832+00
29149225-4247-42a7-8958-7e2e64b8e427,LLX-COL-00363,Vijay Balasubramaniam,vijay.log@lankalogix.com,+94 72 905 4000,user,active,c537c281-b6ad-4842-94ec-e937be0083e5,c18b03d8-00b7-4cb2-ae42-cd418f4f57a6,,"{""title"": ""Dispatch Coordinator""}",2026-08-10 18:34:05.14943+00,2026-08-10 19:10:28.327832+00
e605199f-2c85-4b2b-9253-c4f54c926958,LLX-COL-00364,Nimal Hettiarachchi,nimalh.log@lankalogix.com,+94 76 163 5653,user,active,c537c281-b6ad-4842-94ec-e937be0083e5,c18b03d8-00b7-4cb2-ae42-cd418f4f57a6,,"{""title"": ""Dispatch Coordinator""}",2026-08-10 18:34:05.37649+00,2026-08-10 19:10:28.327832+00
15895ba8-1ab8-421c-b064-925e83da56aa,LLX-COL-00365,Anand Vairamuthu,anandv.log@lankalogix.com,+94 70 975 2008,user,active,c537c281-b6ad-4842-94ec-e937be0083e5,c18b03d8-00b7-4cb2-ae42-cd418f4f57a6,,"{""title"": ""Senior Driver""}",2026-08-10 18:34:05.645533+00,2026-08-10 19:10:28.327832+00
eeb2c80a-5992-4553-b0f3-bfb3252ee6f4,LLX-COL-00366,Ruwan Munasinghe,ruwanm.log@lankalogix.com,+94 78 706 3651,user,active,c537c281-b6ad-4842-94ec-e937be0083e5,c18b03d8-00b7-4cb2-ae42-cd418f4f57a6,,"{""title"": ""Forklift Operator""}",2026-08-10 18:34:05.873302+00,2026-08-10 19:10:28.327832+00
9a9f1947-811f-4d1f-a9f5-ca5d18d1c869,LLX-COL-00367,Dilhani Galappaththi,dilhani.log@lankalogix.com,+94 71 571 7000,user,active,c537c281-b6ad-4842-94ec-e937be0083e5,c18b03d8-00b7-4cb2-ae42-cd418f4f57a6,,"{""title"": ""Shift Lead - Fleet""}",2026-08-10 18:34:06.169051+00,2026-08-10 19:10:28.327832+00
b390c01c-3083-473a-aeed-8099d7b0434f,LLX-COL-00368,Rasika Udawatta,rasikau.log@lankalogix.com,+94 75 923 9216,user,active,c537c281-b6ad-4842-94ec-e937be0083e5,c18b03d8-00b7-4cb2-ae42-cd418f4f57a6,,"{""title"": ""Senior Driver""}",2026-08-10 18:34:06.399585+00,2026-08-10 19:10:28.327832+00
b545af44-8c85-4f4e-9feb-58fdf3e6653b,LLX-COL-00369,Sewwandi Seneviratne,sewwandi.log@lankalogix.com,+94 72 919 2705,user,inactive,c537c281-b6ad-4842-94ec-e937be0083e5,c18b03d8-00b7-4cb2-ae42-cd418f4f57a6,,"{""title"": ""Shift Lead - Fleet""}",2026-08-10 18:34:06.62564+00,2026-08-10 19:10:28.327832+00
a415ebae-b935-45ca-99dd-aebc4e506281,LLX-COL-00370,Saliya Dissanayake,saliyad.log@lankalogix.com,+94 72 478 8668,user,active,c537c281-b6ad-4842-94ec-e937be0083e5,c18b03d8-00b7-4cb2-ae42-cd418f4f57a6,,"{""title"": ""Dispatch Coordinator""}",2026-08-10 18:34:06.885782+00,2026-08-10 19:10:28.327832+00
12db3dcf-a204-4a5b-a373-e937d8da705f,LLX-COL-00371,Prakash Kandasamy,prakashk.log@lankalogix.com,+94 78 778 5170,user,active,c537c281-b6ad-4842-94ec-e937be0083e5,c18b03d8-00b7-4cb2-ae42-cd418f4f57a6,,"{""title"": ""Dispatch Coordinator""}",2026-08-10 18:34:07.110941+00,2026-08-10 19:10:28.327832+00
c9e26361-f745-464e-a7ab-f05b26f3a921,LLX-COL-00372,Milinda Rajapaksa,milindar.log@lankalogix.com,+94 71 660 3863,user,active,c537c281-b6ad-4842-94ec-e937be0083e5,c18b03d8-00b7-4cb2-ae42-cd418f4f57a6,,"{""title"": ""Forklift Operator""}",2026-08-10 18:34:07.399161+00,2026-08-10 19:10:28.327832+00
566447db-e10d-4f1f-9254-c99a3d813b7a,LLX-COL-00373,Sampath Ranasinghe,sampathr.log@lankalogix.com,+94 71 948 6371,user,active,c537c281-b6ad-4842-94ec-e937be0083e5,c18b03d8-00b7-4cb2-ae42-cd418f4f57a6,,"{""title"": ""Driver""}",2026-08-10 18:34:07.678883+00,2026-08-10 19:10:28.327832+00
de2330df-c8a4-4a6c-909a-22902f65ea33,LLX-COL-00374,Malinda Weerasinghe,malindaw.log@lankalogix.com,+94 74 365 8653,user,active,c537c281-b6ad-4842-94ec-e937be0083e5,c18b03d8-00b7-4cb2-ae42-cd418f4f57a6,,"{""title"": ""Driver""}",2026-08-10 18:34:07.966479+00,2026-08-10 19:10:28.327832+00
7e4fde36-648a-411f-9e69-54dd9be25b54,LLX-COL-00375,Vimukthi Weerasinghe,vimukthiw.log@lankalogix.com,+94 76 193 8317,user,active,c537c281-b6ad-4842-94ec-e937be0083e5,c18b03d8-00b7-4cb2-ae42-cd418f4f57a6,,"{""title"": ""Driver""}",2026-08-10 18:34:08.215645+00,2026-08-10 19:10:28.327832+00
6b568122-8e5f-4230-93a9-c0335707eec2,LLX-COL-00376,Upeksha Pathirana,upeksha.log@lankalogix.com,+94 78 437 1707,user,active,c537c281-b6ad-4842-94ec-e937be0083e5,c18b03d8-00b7-4cb2-ae42-cd418f4f57a6,,"{""title"": ""Shift Lead - Fleet""}",2026-08-10 18:34:08.478154+00,2026-08-10 19:10:28.327832+00
47a3900f-7eb3-4a89-859b-6570776ea3c5,LLX-COL-00377,Kalana Amarasinghe,kalanaa2.log@lankalogix.com,+94 78 442 5044,user,active,c537c281-b6ad-4842-94ec-e937be0083e5,c18b03d8-00b7-4cb2-ae42-cd418f4f57a6,,"{""title"": ""Driver""}",2026-08-10 18:34:08.709077+00,2026-08-10 19:10:28.327832+00
d5dd1ba4-1bf3-40e4-83b9-ce983379a814,LLX-COL-00378,Dinusha Samaraweera,dinushas.log@lankalogix.com,+94 72 491 8874,user,active,c537c281-b6ad-4842-94ec-e937be0083e5,c18b03d8-00b7-4cb2-ae42-cd418f4f57a6,,"{""title"": ""Senior Driver""}",2026-08-10 18:34:08.94039+00,2026-08-10 19:10:28.327832+00
aae4b5c2-8efb-42b7-88a7-a8fe7a86e7c7,LLX-COL-00379,Manoharan Krishnapillai,manoharank.log@lankalogix.com,+94 75 885 1292,user,active,c537c281-b6ad-4842-94ec-e937be0083e5,c18b03d8-00b7-4cb2-ae42-cd418f4f57a6,,"{""title"": ""Shift Lead - Fleet""}",2026-08-10 18:34:09.168643+00,2026-08-10 19:10:28.327832+00
3550af1b-8448-4d40-8c05-ed34a5dcdf31,LLX-COL-00380,Samanthi Ekanayake,samanthi.log@lankalogix.com,+94 71 576 1774,user,active,c537c281-b6ad-4842-94ec-e937be0083e5,c18b03d8-00b7-4cb2-ae42-cd418f4f57a6,,"{""title"": ""Forklift Operator""}",2026-08-10 18:34:09.416977+00,2026-08-10 19:10:28.327832+00
73695667-456a-4647-a906-c5b0637e2854,LLX-COL-00381,Ananthi Thangarajah,ananthit.log@lankalogix.com,+94 77 676 4816,user,active,c537c281-b6ad-4842-94ec-e937be0083e5,c18b03d8-00b7-4cb2-ae42-cd418f4f57a6,,"{""title"": ""Dispatch Coordinator""}",2026-08-10 18:34:09.643752+00,2026-08-10 19:10:28.327832+00
4d5202db-cfac-4bb3-93a3-0fd9740a7bab,LLX-COL-00382,Pavithra Illangakoon,pavithra.log@lankalogix.com,+94 78 456 2762,user,active,c537c281-b6ad-4842-94ec-e937be0083e5,c18b03d8-00b7-4cb2-ae42-cd418f4f57a6,,"{""title"": ""Driver""}",2026-08-10 18:34:09.958317+00,2026-08-10 19:10:28.327832+00
5a0cabae-9493-46b8-89cf-eac79fc792ad,LLX-COL-00383,Nazeer Jiffry,nazeerj3.log@lankalogix.com,+94 71 212 6140,user,active,c537c281-b6ad-4842-94ec-e937be0083e5,c18b03d8-00b7-4cb2-ae42-cd418f4f57a6,,"{""title"": ""Driver""}",2026-08-10 18:34:10.268663+00,2026-08-10 19:10:28.327832+00
da2a67ac-05d9-4061-97d1-f011a05f6fe5,LLX-COL-00384,Amila Jayasuriya,amilaj.log@lankalogix.com,+94 71 199 1513,user,active,c537c281-b6ad-4842-94ec-e937be0083e5,c18b03d8-00b7-4cb2-ae42-cd418f4f57a6,,"{""title"": ""Forklift Operator""}",2026-08-10 18:34:10.587895+00,2026-08-10 19:10:28.327832+00
bb4feca3-0cd1-4a8c-aea3-c09930897f31,LLX-COL-00385,Sasikumar Rajendran,sasikumar.log@lankalogix.com,+94 78 603 5057,user,active,c537c281-b6ad-4842-94ec-e937be0083e5,c18b03d8-00b7-4cb2-ae42-cd418f4f57a6,,"{""title"": ""Forklift Operator""}",2026-08-10 18:34:10.827857+00,2026-08-10 19:10:28.327832+00
f0e51d89-d9ca-4b64-914c-a6d53a625ed0,LLX-COL-00386,Kanchana Pathirana,kanchanap.log@lankalogix.com,+94 72 397 6659,user,active,c537c281-b6ad-4842-94ec-e937be0083e5,c18b03d8-00b7-4cb2-ae42-cd418f4f57a6,,"{""title"": ""Forklift Operator""}",2026-08-10 18:34:11.087316+00,2026-08-10 19:10:28.327832+00
c2ebc293-a6da-4e4f-9dcf-b38eb12e684e,LLX-COL-00387,Hafsa Marikkar,hafsam.log@lankalogix.com,+94 71 693 3152,user,active,c537c281-b6ad-4842-94ec-e937be0083e5,c18b03d8-00b7-4cb2-ae42-cd418f4f57a6,,"{""title"": ""Driver""}",2026-08-10 18:34:11.313402+00,2026-08-10 19:10:28.327832+00
6ab1fa28-105a-4e64-86b5-50fe38b7933d,LLX-COL-00388,Yasodha Senanayake,yasodhas.log@lankalogix.com,+94 75 239 9088,user,active,c537c281-b6ad-4842-94ec-e937be0083e5,c18b03d8-00b7-4cb2-ae42-cd418f4f57a6,,"{""title"": ""Shift Lead - Fleet""}",2026-08-10 18:34:11.59751+00,2026-08-10 19:10:28.327832+00
6532dc92-9619-4507-ad90-cca4fc22e5aa,LLX-COL-00389,Udara Weerasinghe,udaraw2.log@lankalogix.com,+94 78 794 2925,user,active,c537c281-b6ad-4842-94ec-e937be0083e5,c18b03d8-00b7-4cb2-ae42-cd418f4f57a6,,"{""title"": ""Senior Driver""}",2026-08-10 18:34:11.829803+00,2026-08-10 19:10:28.327832+00
a112d877-21c7-4ccc-99ce-7165121d56e9,LLX-COL-00390,Pavithra Peiris,pavithrap.log@lankalogix.com,+94 78 927 2229,user,active,c537c281-b6ad-4842-94ec-e937be0083e5,c18b03d8-00b7-4cb2-ae42-cd418f4f57a6,,"{""title"": ""Forklift Operator""}",2026-08-10 18:34:12.054703+00,2026-08-10 19:10:28.327832+00
67960813-0af7-4256-8033-0f7e11e7241f,LLX-COL-00391,Shantha Fernando,shantha.log@lankalogix.com,+94 78 875 2524,user,active,c537c281-b6ad-4842-94ec-e937be0083e5,c18b03d8-00b7-4cb2-ae42-cd418f4f57a6,,"{""title"": ""Senior Driver""}",2026-08-10 18:34:12.281063+00,2026-08-10 19:10:28.327832+00
c53535f1-d350-4454-8e8c-a58e4b94e5e3,LLX-COL-00392,Chanaka Gunawardena,chanakag.log@lankalogix.com,+94 75 195 9692,user,active,c537c281-b6ad-4842-94ec-e937be0083e5,c18b03d8-00b7-4cb2-ae42-cd418f4f57a6,,"{""title"": ""Forklift Operator""}",2026-08-10 18:34:12.514247+00,2026-08-10 19:10:28.327832+00
eba9aacb-62c6-4777-bee9-ea984880462e,LLX-COL-00393,Murali Arumugam,muralia.log@lankalogix.com,+94 71 653 4605,user,active,c537c281-b6ad-4842-94ec-e937be0083e5,c18b03d8-00b7-4cb2-ae42-cd418f4f57a6,,"{""title"": ""Driver""}",2026-08-10 18:34:12.742949+00,2026-08-10 19:10:28.327832+00
56497cd1-0d97-423e-8009-ec18b6d28ef1,LLX-COL-00394,Udeshika Tennakoon,udeshikat.log@lankalogix.com,+94 71 432 2983,user,active,c537c281-b6ad-4842-94ec-e937be0083e5,c18b03d8-00b7-4cb2-ae42-cd418f4f57a6,,"{""title"": ""Driver""}",2026-08-10 18:34:12.976458+00,2026-08-10 19:10:28.327832+00
cb5f60a2-0e0d-43e4-a97e-79df022e7bf2,LLX-COL-00395,Thilaga Muthukumar,thilaga.log@lankalogix.com,+94 77 289 3866,user,active,c537c281-b6ad-4842-94ec-e937be0083e5,c18b03d8-00b7-4cb2-ae42-cd418f4f57a6,,"{""title"": ""Driver""}",2026-08-10 18:34:13.207819+00,2026-08-10 19:10:28.327832+00
c0f5d5cf-17fa-4b0c-b1b0-dad03fc108e8,LLX-COL-00396,Jeyakumar Sivalingam,jeyakumars.log@lankalogix.com,+94 77 421 6169,user,active,c537c281-b6ad-4842-94ec-e937be0083e5,c18b03d8-00b7-4cb2-ae42-cd418f4f57a6,,"{""title"": ""Forklift Operator""}",2026-08-10 18:34:13.449362+00,2026-08-10 19:10:28.327832+00
e3a39495-3143-4c49-a5f3-c95005158ec4,LLX-COL-00397,Thilina Gunasekara,thilinag.log@lankalogix.com,+94 72 328 9328,user,active,c537c281-b6ad-4842-94ec-e937be0083e5,c18b03d8-00b7-4cb2-ae42-cd418f4f57a6,,"{""title"": ""Forklift Operator""}",2026-08-10 18:34:13.747523+00,2026-08-10 19:10:28.327832+00
8c40a434-887b-4ce7-ac6a-f57eb834ca30,LLX-COL-00398,Hiran Gunasekara,hirang.log@lankalogix.com,+94 72 907 6785,user,active,c537c281-b6ad-4842-94ec-e937be0083e5,c18b03d8-00b7-4cb2-ae42-cd418f4f57a6,,"{""title"": ""Senior Driver""}",2026-08-10 18:34:13.979748+00,2026-08-10 19:10:28.327832+00
36b63157-00e6-49e6-8f44-aff1e9402f5b,LLX-COL-00399,Heshan Amarasinghe,heshana.log@lankalogix.com,+94 70 644 3690,user,active,c537c281-b6ad-4842-94ec-e937be0083e5,c18b03d8-00b7-4cb2-ae42-cd418f4f57a6,,"{""title"": ""Dispatch Coordinator""}",2026-08-10 18:34:14.267473+00,2026-08-10 19:10:28.327832+00
e056e605-c38d-4ee7-a691-1cf7bbd4a237,LLX-COL-00400,Gayathri Rathnayaka,gayathrir.log@lankalogix.com,+94 72 133 4576,user,active,c537c281-b6ad-4842-94ec-e937be0083e5,c18b03d8-00b7-4cb2-ae42-cd418f4f57a6,,"{""title"": ""Driver""}",2026-08-10 18:34:14.575068+00,2026-08-10 19:10:28.327832+00
d3d6a1ff-d3a2-4ce1-a2f8-500458026fa5,LLX-COL-00401,Dilshan Weerasinghe,dilshanw.log@lankalogix.com,+94 74 792 4646,user,active,c537c281-b6ad-4842-94ec-e937be0083e5,c18b03d8-00b7-4cb2-ae42-cd418f4f57a6,,"{""title"": ""Driver""}",2026-08-10 18:34:14.801896+00,2026-08-10 19:10:28.327832+00
d70dbd23-4fd8-4986-b77e-4442b032f91e,LLX-COL-00402,Ruwani Senanayake,ruwanis2.log@lankalogix.com,+94 72 431 9271,user,active,c537c281-b6ad-4842-94ec-e937be0083e5,c18b03d8-00b7-4cb2-ae42-cd418f4f57a6,,"{""title"": ""Forklift Operator""}",2026-08-10 18:34:15.079197+00,2026-08-10 19:10:28.327832+00
3638245b-e3ff-405e-a7d9-fbdb3cffeb58,LLX-COL-00403,Chamara Fernando,chamaraf.log@lankalogix.com,+94 76 617 5179,user,active,c537c281-b6ad-4842-94ec-e937be0083e5,c18b03d8-00b7-4cb2-ae42-cd418f4f57a6,,"{""title"": ""Senior Driver""}",2026-08-10 18:34:15.329567+00,2026-08-10 19:10:28.327832+00
3b1f95f4-2559-4de1-8997-370ca42c1792,LLX-COL-00404,Zahir Saleem,zahirs.log@lankalogix.com,+94 74 381 9287,user,active,c537c281-b6ad-4842-94ec-e937be0083e5,c18b03d8-00b7-4cb2-ae42-cd418f4f57a6,,"{""title"": ""Shift Lead - Fleet""}",2026-08-10 18:34:15.571879+00,2026-08-10 19:10:28.327832+00
d38515f1-d5cf-4346-9352-be8bb20aee1e,LLX-COL-00405,Sameera Hettiarachchi,sameerah.log@lankalogix.com,+94 75 113 4628,user,active,c537c281-b6ad-4842-94ec-e937be0083e5,c18b03d8-00b7-4cb2-ae42-cd418f4f57a6,,"{""title"": ""Forklift Operator""}",2026-08-10 18:34:15.876551+00,2026-08-10 19:10:28.327832+00
80b1ad8c-feff-46bb-a25a-c63711fbe13d,LLX-COL-00406,Jagath Galappaththi,jagathg.log@lankalogix.com,+94 72 998 2112,user,active,c537c281-b6ad-4842-94ec-e937be0083e5,c18b03d8-00b7-4cb2-ae42-cd418f4f57a6,,"{""title"": ""Driver""}",2026-08-10 18:34:16.224993+00,2026-08-10 19:10:28.327832+00
86e77588-110c-4754-810f-2399b3ca3978,LLX-COL-00407,Wasantha Gunawardena,wasanthag.log@lankalogix.com,+94 74 851 6407,user,active,c537c281-b6ad-4842-94ec-e937be0083e5,c18b03d8-00b7-4cb2-ae42-cd418f4f57a6,,"{""title"": ""Dispatch Coordinator""}",2026-08-10 18:34:16.476351+00,2026-08-10 19:10:28.327832+00
86c61fdf-4d13-4cd6-b3fe-a85018a6bd65,LLX-COL-00408,Pasindu Peiris,pasindup.log@lankalogix.com,+94 71 596 1641,user,active,c537c281-b6ad-4842-94ec-e937be0083e5,c18b03d8-00b7-4cb2-ae42-cd418f4f57a6,,"{""title"": ""Senior Driver""}",2026-08-10 18:34:16.728324+00,2026-08-10 19:10:28.327832+00
3a856fa0-a322-42af-b639-f50c6a06d501,LLX-COL-00409,Ruwani Samarasinghe,ruwanis3.log@lankalogix.com,+94 70 662 7680,user,active,c537c281-b6ad-4842-94ec-e937be0083e5,c18b03d8-00b7-4cb2-ae42-cd418f4f57a6,,"{""title"": ""Driver""}",2026-08-10 18:34:16.959907+00,2026-08-10 19:10:28.327832+00
d55cd09e-f78e-4280-b5ed-d3b0f1860a31,LLX-COL-00410,Sanjaya Senanayake,sanjayas2.log@lankalogix.com,+94 77 410 7590,user,active,c537c281-b6ad-4842-94ec-e937be0083e5,c18b03d8-00b7-4cb2-ae42-cd418f4f57a6,,"{""title"": ""Shift Lead - Fleet""}",2026-08-10 18:34:17.229083+00,2026-08-10 19:10:28.327832+00
fc364518-bf85-4703-b2c8-f0961c480826,LLX-COL-00411,Asanka Nanayakkara,asankan.log@lankalogix.com,+94 71 709 1687,user,active,c537c281-b6ad-4842-94ec-e937be0083e5,c18b03d8-00b7-4cb2-ae42-cd418f4f57a6,,"{""title"": ""Forklift Operator""}",2026-08-10 18:34:17.470482+00,2026-08-10 19:10:28.327832+00
e6eb9d66-d679-4e1f-8e6b-fdb21a16881d,LLX-COL-00412,Asanka Opatha,asankao.log@lankalogix.com,+94 75 574 9234,user,active,c537c281-b6ad-4842-94ec-e937be0083e5,c18b03d8-00b7-4cb2-ae42-cd418f4f57a6,,"{""title"": ""Forklift Operator""}",2026-08-10 18:34:17.752482+00,2026-08-10 19:10:28.327832+00
8c660120-06ae-494a-8b89-5ba8438020a9,LLX-COL-00413,Heshan Karunaratne,heshank.log@lankalogix.com,+94 71 158 5599,user,active,c537c281-b6ad-4842-94ec-e937be0083e5,c18b03d8-00b7-4cb2-ae42-cd418f4f57a6,,"{""title"": ""Forklift Operator""}",2026-08-10 18:34:17.987755+00,2026-08-10 19:10:28.327832+00
d3d1c5c1-101c-45b2-9f90-df8ec6f862df,LLX-COL-00414,Dulani Pathirana,dulanip.log@lankalogix.com,+94 76 320 7185,user,active,c537c281-b6ad-4842-94ec-e937be0083e5,c18b03d8-00b7-4cb2-ae42-cd418f4f57a6,,"{""title"": ""Driver""}",2026-08-10 18:34:18.258153+00,2026-08-10 19:10:28.327832+00
80bc9403-5b94-4faf-9612-5bdcefb91978,LLX-COL-00415,Dinithi Perera,dinithip.log@lankalogix.com,+94 77 559 8561,user,active,c537c281-b6ad-4842-94ec-e937be0083e5,c18b03d8-00b7-4cb2-ae42-cd418f4f57a6,,"{""title"": ""Dispatch Coordinator""}",2026-08-10 18:34:18.486103+00,2026-08-10 19:10:28.327832+00
9f06cc9a-b7c3-4251-821a-1cd09e60ef22,LLX-COL-00416,Nethmi Abeywickrama,nethmi.log@lankalogix.com,+94 72 567 8242,user,active,c537c281-b6ad-4842-94ec-e937be0083e5,c18b03d8-00b7-4cb2-ae42-cd418f4f57a6,,"{""title"": ""Forklift Operator""}",2026-08-10 18:34:18.766841+00,2026-08-10 19:10:28.327832+00
9044ee89-f1ee-4912-9f1d-17805389421a,LLX-COL-00417,Chathura Ranasinghe,chathurar.log@lankalogix.com,+94 70 907 7166,user,active,c537c281-b6ad-4842-94ec-e937be0083e5,c18b03d8-00b7-4cb2-ae42-cd418f4f57a6,,"{""title"": ""Dispatch Coordinator""}",2026-08-10 18:34:19.004046+00,2026-08-10 19:10:28.327832+00
5d43b353-f619-4792-b4f1-617a66b1975e,LLX-COL-00418,Malinda Perera,malindap2.log@lankalogix.com,+94 72 860 7158,user,active,c537c281-b6ad-4842-94ec-e937be0083e5,c18b03d8-00b7-4cb2-ae42-cd418f4f57a6,,"{""title"": ""Dispatch Coordinator""}",2026-08-10 18:34:19.286614+00,2026-08-10 19:10:28.327832+00
ae4798cb-296e-4506-afe0-714aee6c5faf,LLX-COL-00419,Roshan Weerasinghe,roshanw.log@lankalogix.com,+94 70 109 6010,user,active,c537c281-b6ad-4842-94ec-e937be0083e5,c18b03d8-00b7-4cb2-ae42-cd418f4f57a6,,"{""title"": ""Driver""}",2026-08-10 18:34:19.514947+00,2026-08-10 19:10:28.327832+00
46ec9b5b-1e5e-4dd3-864d-3d7fcc5c0e57,LLX-COL-00420,Thushara Abeywickrama,thushara.log@lankalogix.com,+94 75 890 7192,user,active,c537c281-b6ad-4842-94ec-e937be0083e5,c18b03d8-00b7-4cb2-ae42-cd418f4f57a6,,"{""title"": ""Shift Lead - Fleet""}",2026-08-10 18:34:19.790122+00,2026-08-10 19:10:28.327832+00
ce3a6f56-693b-4df4-b602-ed2623c68aad,LLX-COL-00421,Manoharan Sivanathan,manoharans.log@lankalogix.com,+94 77 596 4236,user,active,c537c281-b6ad-4842-94ec-e937be0083e5,c18b03d8-00b7-4cb2-ae42-cd418f4f57a6,,"{""title"": ""Driver""}",2026-08-10 18:34:20.018195+00,2026-08-10 19:10:28.327832+00
8b4414e3-c4d5-45c5-9cc4-92fac5e71a84,LLX-COL-00422,Yogeswaran Sivalingam,yogeswarans.log@lankalogix.com,+94 78 711 8021,user,active,c537c281-b6ad-4842-94ec-e937be0083e5,c18b03d8-00b7-4cb2-ae42-cd418f4f57a6,,"{""title"": ""Driver""}",2026-08-10 18:34:20.257272+00,2026-08-10 19:10:28.327832+00
97441bfa-1406-4e41-844f-864afde39913,LLX-COL-00423,Milinda Kodikara,milindak.log@lankalogix.com,+94 76 457 3002,user,active,c537c281-b6ad-4842-94ec-e937be0083e5,c18b03d8-00b7-4cb2-ae42-cd418f4f57a6,,"{""title"": ""Driver""}",2026-08-10 18:34:20.490815+00,2026-08-10 19:10:28.327832+00
1ab447cd-7e32-4de9-a6bd-158117727302,LLX-COL-00424,Shalini Pathirana,shalinip.log@lankalogix.com,+94 71 373 2614,user,active,c537c281-b6ad-4842-94ec-e937be0083e5,c18b03d8-00b7-4cb2-ae42-cd418f4f57a6,,"{""title"": ""Driver""}",2026-08-10 18:34:20.718094+00,2026-08-10 19:10:28.327832+00
43cbfc4a-22f4-4775-9c50-080f570d3101,LLX-COL-00425,Nimal Mendis,nimalm.log@lankalogix.com,+94 75 698 3403,user,active,c537c281-b6ad-4842-94ec-e937be0083e5,c18b03d8-00b7-4cb2-ae42-cd418f4f57a6,,"{""title"": ""Driver""}",2026-08-10 18:34:20.949703+00,2026-08-10 19:10:28.327832+00
e8632eee-4221-4ef4-b29b-c345815392b7,LLX-COL-00426,Sachini Liyanage,sachinil.log@lankalogix.com,+94 76 138 1828,user,active,c537c281-b6ad-4842-94ec-e937be0083e5,c18b03d8-00b7-4cb2-ae42-cd418f4f57a6,,"{""title"": ""Senior Driver""}",2026-08-10 18:34:21.18542+00,2026-08-10 19:10:28.327832+00
e1121c2f-4b9c-484f-ab26-d06bba047a3e,LLX-COL-00427,Mohamed Hameed,mohamedh.log@lankalogix.com,+94 75 353 4616,user,active,c537c281-b6ad-4842-94ec-e937be0083e5,c18b03d8-00b7-4cb2-ae42-cd418f4f57a6,,"{""title"": ""Shift Lead - Fleet""}",2026-08-10 18:34:21.432876+00,2026-08-10 19:10:28.327832+00
31754a3e-c3c3-4447-b218-f5c2abfca660,LLX-COL-00428,Upeksha Abeywickrama,upekshaa.log@lankalogix.com,+94 72 513 6938,user,active,c537c281-b6ad-4842-94ec-e937be0083e5,c18b03d8-00b7-4cb2-ae42-cd418f4f57a6,,"{""title"": ""Driver""}",2026-08-10 18:34:21.67259+00,2026-08-10 19:10:28.327832+00
1e388fd6-b491-4658-925b-03279819fa02,LLX-COL-00429,Asanka Wijesinghe,asankaw.log@lankalogix.com,+94 74 707 2697,user,active,c537c281-b6ad-4842-94ec-e937be0083e5,c18b03d8-00b7-4cb2-ae42-cd418f4f57a6,,"{""title"": ""Driver""}",2026-08-10 18:34:21.938423+00,2026-08-10 19:10:28.327832+00
4dae12d3-0065-4c88-b0e2-1cd4b3b335f7,LLX-COL-00430,Samanthi Gunasekara,samanthig.log@lankalogix.com,+94 74 959 3626,user,active,c537c281-b6ad-4842-94ec-e937be0083e5,c18b03d8-00b7-4cb2-ae42-cd418f4f57a6,,"{""title"": ""Forklift Operator""}",2026-08-10 18:34:22.192381+00,2026-08-10 19:10:28.327832+00
055a4411-2338-49b0-8894-c26398a33d61,LLX-COL-00431,Harshani Illangakoon,harshani.log@lankalogix.com,+94 75 287 6249,user,active,c537c281-b6ad-4842-94ec-e937be0083e5,c18b03d8-00b7-4cb2-ae42-cd418f4f57a6,,"{""title"": ""Senior Driver""}",2026-08-10 18:34:22.423062+00,2026-08-10 19:10:28.327832+00
45185d88-ee1c-43ef-a73d-9a8382087224,LLX-COL-00432,Mohamed Marikkar,mohamedm.log@lankalogix.com,+94 77 105 4516,user,active,c537c281-b6ad-4842-94ec-e937be0083e5,c18b03d8-00b7-4cb2-ae42-cd418f4f57a6,,"{""title"": ""Driver""}",2026-08-10 18:34:22.758085+00,2026-08-10 19:10:28.327832+00
60faca1b-b122-410e-8079-3b4bd129e191,LLX-COL-00433,Malinda Bandara,malindab.log@lankalogix.com,+94 77 498 9287,user,active,c537c281-b6ad-4842-94ec-e937be0083e5,c18b03d8-00b7-4cb2-ae42-cd418f4f57a6,,"{""title"": ""Driver""}",2026-08-10 18:34:22.990074+00,2026-08-10 19:10:28.327832+00
ced0d078-c9e6-426c-aeab-44b152953adb,LLX-COL-00434,Rifky Zubair,rifkyz.log@lankalogix.com,+94 70 436 8601,user,active,c537c281-b6ad-4842-94ec-e937be0083e5,c18b03d8-00b7-4cb2-ae42-cd418f4f57a6,,"{""title"": ""Forklift Operator""}",2026-08-10 18:34:23.243635+00,2026-08-10 19:10:28.327832+00
66057fa0-f77e-48b8-8e99-7c1d5242dbfa,LLX-COL-00435,Kavitha Sivanathan,kavithas.log@lankalogix.com,+94 77 179 2738,user,inactive,c537c281-b6ad-4842-94ec-e937be0083e5,c18b03d8-00b7-4cb2-ae42-cd418f4f57a6,,"{""title"": ""Forklift Operator""}",2026-08-10 18:34:23.479027+00,2026-08-10 19:10:28.327832+00
db9ceda9-fe88-48a4-a8bc-b6d5b8e1c93d,LLX-COL-00436,Gayan Illangakoon,gayan.log@lankalogix.com,+94 78 646 4679,user,active,c537c281-b6ad-4842-94ec-e937be0083e5,c18b03d8-00b7-4cb2-ae42-cd418f4f57a6,,"{""title"": ""Driver""}",2026-08-10 18:34:23.786304+00,2026-08-10 19:10:28.327832+00
f3f8dfa5-1b8c-4bf1-8507-81855c610eb1,LLX-COL-00437,Hasini Rathnayaka,hasinir.log@lankalogix.com,+94 78 959 3620,user,active,c537c281-b6ad-4842-94ec-e937be0083e5,c18b03d8-00b7-4cb2-ae42-cd418f4f57a6,,"{""title"": ""Forklift Operator""}",2026-08-10 18:34:24.09735+00,2026-08-10 19:10:28.327832+00
643e4ab4-4595-4882-8016-d5a11a71b5e6,LLX-COL-00438,Kasun Hettiarachchi,kasunh.log@lankalogix.com,+94 78 416 2325,user,active,c537c281-b6ad-4842-94ec-e937be0083e5,c18b03d8-00b7-4cb2-ae42-cd418f4f57a6,,"{""title"": ""Forklift Operator""}",2026-08-10 18:34:24.34121+00,2026-08-10 19:10:28.327832+00
4587b3e2-693d-4f25-8677-5083c51c7071,LLX-COL-00439,Supun Seneviratne,supuns2.log@lankalogix.com,+94 74 930 4716,user,inactive,c537c281-b6ad-4842-94ec-e937be0083e5,c18b03d8-00b7-4cb2-ae42-cd418f4f57a6,,"{""title"": ""Forklift Operator""}",2026-08-10 18:34:24.580523+00,2026-08-10 19:10:28.327832+00
c0a09492-f052-4439-98b3-703eebb8fc08,LLX-COL-00440,Kasun Dissanayake,kasund.log@lankalogix.com,+94 76 326 7724,user,active,c537c281-b6ad-4842-94ec-e937be0083e5,c18b03d8-00b7-4cb2-ae42-cd418f4f57a6,,"{""title"": ""Shift Lead - Fleet""}",2026-08-10 18:34:24.807517+00,2026-08-10 19:10:28.327832+00
bc8f1a6b-b704-4d13-a31f-41b1ba95056f,LLX-COL-00441,Saliya Liyanage,saliyal.log@lankalogix.com,+94 72 347 9378,user,active,c537c281-b6ad-4842-94ec-e937be0083e5,c18b03d8-00b7-4cb2-ae42-cd418f4f57a6,,"{""title"": ""Senior Driver""}",2026-08-10 18:34:25.033004+00,2026-08-10 19:10:28.327832+00
3b296b4c-a6c2-42a6-89b4-e614400f1631,LLX-COL-00442,Shafi Rahman,shafir.log@lankalogix.com,+94 71 721 9615,user,active,c537c281-b6ad-4842-94ec-e937be0083e5,c18b03d8-00b7-4cb2-ae42-cd418f4f57a6,,"{""title"": ""Driver""}",2026-08-10 18:34:25.263332+00,2026-08-10 19:10:28.327832+00
710e986c-a4dc-4bf7-97a2-7c099f57423d,LLX-COL-00443,Thilina Karunaratne,thilinak.log@lankalogix.com,+94 71 276 7447,user,active,c537c281-b6ad-4842-94ec-e937be0083e5,c18b03d8-00b7-4cb2-ae42-cd418f4f57a6,,"{""title"": ""Forklift Operator""}",2026-08-10 18:34:25.498903+00,2026-08-10 19:10:28.327832+00
2de2692b-41c7-43a7-abec-e37c68f47f77,LLX-COL-00444,Farhan Marikkar,farhanm.log@lankalogix.com,+94 77 573 4964,user,active,c537c281-b6ad-4842-94ec-e937be0083e5,c18b03d8-00b7-4cb2-ae42-cd418f4f57a6,,"{""title"": ""Dispatch Coordinator""}",2026-08-10 18:34:25.838038+00,2026-08-10 19:10:28.327832+00
44137535-6cd5-47f5-8157-cc953a1fb110,LLX-COL-00445,Saliya Gunasekara,saliyag.log@lankalogix.com,+94 74 105 9813,user,active,c537c281-b6ad-4842-94ec-e937be0083e5,c18b03d8-00b7-4cb2-ae42-cd418f4f57a6,,"{""title"": ""Driver""}",2026-08-10 18:34:26.071394+00,2026-08-10 19:10:28.327832+00
a3ad3a8c-24a3-48ab-ba14-234b9a25eed1,LLX-COL-00446,Dilhani Rathnayaka,dilhanir.log@lankalogix.com,+94 78 725 6663,user,active,c537c281-b6ad-4842-94ec-e937be0083e5,c18b03d8-00b7-4cb2-ae42-cd418f4f57a6,,"{""title"": ""Forklift Operator""}",2026-08-10 18:34:26.307287+00,2026-08-10 19:10:28.327832+00
cb09e946-aa0f-4553-883f-a8fbb994dd6e,LLX-COL-00447,Chaminda Peiris,chamindap.log@lankalogix.com,+94 75 534 2813,user,active,c537c281-b6ad-4842-94ec-e937be0083e5,c18b03d8-00b7-4cb2-ae42-cd418f4f57a6,,"{""title"": ""Dispatch Coordinator""}",2026-08-10 18:34:26.536092+00,2026-08-10 19:10:28.327832+00
765075e1-0e2f-47b5-9221-3011f36cb6f8,LLX-COL-00448,Eranga Udawatta,erangau.log@lankalogix.com,+94 76 132 1192,user,active,c537c281-b6ad-4842-94ec-e937be0083e5,c18b03d8-00b7-4cb2-ae42-cd418f4f57a6,,"{""title"": ""Senior Driver""}",2026-08-10 18:34:26.766677+00,2026-08-10 19:10:28.327832+00
8f361a62-8ed3-428d-817b-d37a6cca0f0f,LLX-COL-00449,Sasikumar Rajendran,sasikumarr.log@lankalogix.com,+94 74 796 9086,user,active,c537c281-b6ad-4842-94ec-e937be0083e5,c18b03d8-00b7-4cb2-ae42-cd418f4f57a6,,"{""title"": ""Shift Lead - Fleet""}",2026-08-10 18:34:27.162021+00,2026-08-10 19:10:28.327832+00
f47e14b1-db5d-42ad-b656-6fdf43e7bd97,LLX-COL-00450,Indika Thilakaratne,indika.log@lankalogix.com,+94 77 499 2661,user,active,c537c281-b6ad-4842-94ec-e937be0083e5,c18b03d8-00b7-4cb2-ae42-cd418f4f57a6,,"{""title"": ""Driver""}",2026-08-10 18:34:27.425892+00,2026-08-10 19:10:28.327832+00
d4eba6f3-6edf-4ac8-939f-50ce81f48612,LLX-COL-00451,Hiran Rajapaksa,hiranr.log@lankalogix.com,+94 74 907 4518,user,active,c537c281-b6ad-4842-94ec-e937be0083e5,c18b03d8-00b7-4cb2-ae42-cd418f4f57a6,,"{""title"": ""Forklift Operator""}",2026-08-10 18:34:27.684322+00,2026-08-10 19:10:28.327832+00
5073c808-61d0-43a1-b388-07ee777a5268,LLX-COL-00452,Ganesh Kandasamy,ganeshk.log@lankalogix.com,+94 77 505 7802,user,active,c537c281-b6ad-4842-94ec-e937be0083e5,c18b03d8-00b7-4cb2-ae42-cd418f4f57a6,,"{""title"": ""Forklift Operator""}",2026-08-10 18:34:27.909667+00,2026-08-10 19:10:28.327832+00
8df4b871-8cf4-459c-ae8b-d7ff0c95e330,LLX-COL-00453,Chathura Kodikara,chathurak2.log@lankalogix.com,+94 77 267 1761,user,active,c537c281-b6ad-4842-94ec-e937be0083e5,c18b03d8-00b7-4cb2-ae42-cd418f4f57a6,,"{""title"": ""Forklift Operator""}",2026-08-10 18:34:28.192498+00,2026-08-10 19:10:28.327832+00
9e546cbf-aa22-4446-a510-e3800644772d,LLX-COL-00454,Rizna Marikkar,rizna.log@lankalogix.com,+94 71 195 7420,user,active,c537c281-b6ad-4842-94ec-e937be0083e5,c18b03d8-00b7-4cb2-ae42-cd418f4f57a6,,"{""title"": ""Driver""}",2026-08-10 18:34:28.498708+00,2026-08-10 19:10:28.327832+00
b5a8f513-6c53-4ba9-a049-10478e5a198a,LLX-COL-00455,Sivakumar Thangarajah,sivakumart.log@lankalogix.com,+94 72 435 1164,user,active,c537c281-b6ad-4842-94ec-e937be0083e5,c18b03d8-00b7-4cb2-ae42-cd418f4f57a6,,"{""title"": ""Forklift Operator""}",2026-08-10 18:34:28.736023+00,2026-08-10 19:10:28.327832+00
274977b6-3af4-42c5-bcd4-a8cc62086755,LLX-COL-00456,Iresha Munasinghe,iresham.log@lankalogix.com,+94 78 101 4520,user,active,c537c281-b6ad-4842-94ec-e937be0083e5,c18b03d8-00b7-4cb2-ae42-cd418f4f57a6,,"{""title"": ""Driver""}",2026-08-10 18:34:28.968355+00,2026-08-10 19:10:28.327832+00
770cafcb-eea4-4443-83cb-293884409c90,LLX-COL-00457,Milinda Ratnayake,milindar2.log@lankalogix.com,+94 74 709 8282,user,active,c537c281-b6ad-4842-94ec-e937be0083e5,c18b03d8-00b7-4cb2-ae42-cd418f4f57a6,,"{""title"": ""Senior Driver""}",2026-08-10 18:34:29.218083+00,2026-08-10 19:10:28.327832+00
57a17a7b-fa63-4040-bc20-3b0f6d673e3c,LLX-COL-00458,Wasantha Wijeratne,wasanthaw2.log@lankalogix.com,+94 71 244 9958,user,active,c537c281-b6ad-4842-94ec-e937be0083e5,c18b03d8-00b7-4cb2-ae42-cd418f4f57a6,,"{""title"": ""Driver""}",2026-08-10 18:34:29.523575+00,2026-08-10 19:10:28.327832+00
f085143a-685f-40c1-99da-35b791b4765e,LLX-COL-00459,Rajan Rajendran,rajanr.log@lankalogix.com,+94 71 252 7790,user,active,c537c281-b6ad-4842-94ec-e937be0083e5,c18b03d8-00b7-4cb2-ae42-cd418f4f57a6,,"{""title"": ""Senior Driver""}",2026-08-10 18:34:29.825109+00,2026-08-10 19:10:28.327832+00
eac9c883-8821-4ef4-829f-f76abfc4d4d2,LLX-COL-00460,Zainab Jiffry,zainab.log@lankalogix.com,+94 78 265 7529,user,active,c537c281-b6ad-4842-94ec-e937be0083e5,c18b03d8-00b7-4cb2-ae42-cd418f4f57a6,,"{""title"": ""Senior Driver""}",2026-08-10 18:34:30.132678+00,2026-08-10 19:10:28.327832+00
31ce2993-96a0-48fd-a5c2-2cd19ba1d64f,LLX-COL-00461,Thilina Mendis,thilinam.log@lankalogix.com,+94 76 487 2680,user,active,c537c281-b6ad-4842-94ec-e937be0083e5,c18b03d8-00b7-4cb2-ae42-cd418f4f57a6,,"{""title"": ""Forklift Operator""}",2026-08-10 18:34:30.439937+00,2026-08-10 19:10:28.327832+00
b7cea794-192c-43ec-a17d-85b80606001b,LLX-COL-00462,Chathura Illangakoon,chathurai.log@lankalogix.com,+94 77 252 7359,user,active,c537c281-b6ad-4842-94ec-e937be0083e5,c18b03d8-00b7-4cb2-ae42-cd418f4f57a6,,"{""title"": ""Senior Driver""}",2026-08-10 18:34:30.676407+00,2026-08-10 19:10:28.327832+00
87324214-a27c-41dd-bbbe-086ecd938f93,LLX-COL-00463,Dilhani Tennakoon,dilhanit.log@lankalogix.com,+94 71 315 9032,user,active,c537c281-b6ad-4842-94ec-e937be0083e5,c18b03d8-00b7-4cb2-ae42-cd418f4f57a6,,"{""title"": ""Driver""}",2026-08-10 18:34:30.92492+00,2026-08-10 19:10:28.327832+00
50bf24b6-3d33-459f-9fda-8afb2e3d9611,LLX-COL-00464,Sasikumar Chandrasekaran,sasikumarc.log@lankalogix.com,+94 74 690 9682,user,active,c537c281-b6ad-4842-94ec-e937be0083e5,c18b03d8-00b7-4cb2-ae42-cd418f4f57a6,,"{""title"": ""Driver""}",2026-08-10 18:34:31.261831+00,2026-08-10 19:10:28.327832+00
e5076445-2fa7-4b27-852a-fed4c2be49d6,LLX-COL-00465,Dulani Fernando,dulanif.log@lankalogix.com,+94 77 912 6153,user,active,c537c281-b6ad-4842-94ec-e937be0083e5,c18b03d8-00b7-4cb2-ae42-cd418f4f57a6,,"{""title"": ""Forklift Operator""}",2026-08-10 18:34:31.564912+00,2026-08-10 19:10:28.327832+00
42a4811f-89ae-4439-b6c0-baff419e5c2f,LLX-COL-00466,Hasini Herath,hasinih.log@lankalogix.com,+94 72 956 6772,user,active,c537c281-b6ad-4842-94ec-e937be0083e5,c18b03d8-00b7-4cb2-ae42-cd418f4f57a6,,"{""title"": ""Dispatch Coordinator""}",2026-08-10 18:34:31.790961+00,2026-08-10 19:10:28.327832+00
32180513-d8ea-46ba-b0ed-1b1f9201ef35,LLX-COL-00467,Selvam Selvarajah,selvams2.log@lankalogix.com,+94 71 718 3368,user,active,c537c281-b6ad-4842-94ec-e937be0083e5,c18b03d8-00b7-4cb2-ae42-cd418f4f57a6,,"{""title"": ""Driver""}",2026-08-10 18:34:32.020111+00,2026-08-10 19:10:28.327832+00
4a6d004d-dedd-4af0-a5f2-74c1780e2f7a,LLX-COL-00468,Ruwan Rajapaksa,ruwanr2.log@lankalogix.com,+94 76 872 5231,user,active,c537c281-b6ad-4842-94ec-e937be0083e5,c18b03d8-00b7-4cb2-ae42-cd418f4f57a6,,"{""title"": ""Driver""}",2026-08-10 18:34:32.283295+00,2026-08-10 19:10:28.327832+00
70da0d38-1e21-4bef-94a1-7db6b6989b3a,LLX-COL-00469,Sanjaya Samaraweera,sanjayas3.log@lankalogix.com,+94 76 929 6159,user,active,c537c281-b6ad-4842-94ec-e937be0083e5,c18b03d8-00b7-4cb2-ae42-cd418f4f57a6,,"{""title"": ""Shift Lead - Fleet""}",2026-08-10 18:34:32.598384+00,2026-08-10 19:10:28.327832+00
b10c3b1b-0504-4c02-9577-38f300514499,LLX-COL-00470,Udara Mendis,udaram.log@lankalogix.com,+94 70 114 3512,user,active,c537c281-b6ad-4842-94ec-e937be0083e5,c18b03d8-00b7-4cb2-ae42-cd418f4f57a6,,"{""title"": ""Senior Driver""}",2026-08-10 18:34:32.839316+00,2026-08-10 19:10:28.327832+00
2be2ae9d-8544-4980-8087-35c4cd24eda0,LLX-COL-00471,Sewwandi Mendis,sewwandim.log@lankalogix.com,+94 70 667 2320,user,active,c537c281-b6ad-4842-94ec-e937be0083e5,c18b03d8-00b7-4cb2-ae42-cd418f4f57a6,,"{""title"": ""Dispatch Coordinator""}",2026-08-10 18:34:33.075916+00,2026-08-10 19:10:28.327832+00
36c2e208-8f6c-4b7b-add1-a4210cd2f372,LLX-COL-00472,Saliya Chandrasiri,saliyac.log@lankalogix.com,+94 70 819 2596,user,active,c537c281-b6ad-4842-94ec-e937be0083e5,c18b03d8-00b7-4cb2-ae42-cd418f4f57a6,,"{""title"": ""Senior Driver""}",2026-08-10 18:34:33.430489+00,2026-08-10 19:10:28.327832+00
4d03100d-8f0f-4671-9bd7-2ccd4b5f7e9b,LLX-COL-00473,Sasikumar Thangarajah,sasikumart.log@lankalogix.com,+94 74 129 8036,user,active,c537c281-b6ad-4842-94ec-e937be0083e5,c18b03d8-00b7-4cb2-ae42-cd418f4f57a6,,"{""title"": ""Senior Driver""}",2026-08-10 18:34:33.730056+00,2026-08-10 19:10:28.327832+00
67eeff78-764d-49fd-a532-794fe5de10be,LLX-COL-00474,Amila Abeywickrama,amilaa3.log@lankalogix.com,+94 78 205 9440,user,active,c537c281-b6ad-4842-94ec-e937be0083e5,c18b03d8-00b7-4cb2-ae42-cd418f4f57a6,,"{""title"": ""Senior Driver""}",2026-08-10 18:34:34.004754+00,2026-08-10 19:10:28.327832+00
fb68758a-217d-46e9-8f91-c3ff46e98fad,LLX-COL-00475,Kelum Munasinghe,kelumm.log@lankalogix.com,+94 75 920 8942,user,active,c537c281-b6ad-4842-94ec-e937be0083e5,c18b03d8-00b7-4cb2-ae42-cd418f4f57a6,,"{""title"": ""Driver""}",2026-08-10 18:34:34.294448+00,2026-08-10 19:10:28.327832+00
d8c9b73b-baf2-4cfd-ba84-ecd851223b7d,LLX-COL-00476,Kaushalya Jayawardena,kaushalyaj.log@lankalogix.com,+94 72 403 4716,user,active,c537c281-b6ad-4842-94ec-e937be0083e5,c18b03d8-00b7-4cb2-ae42-cd418f4f57a6,,"{""title"": ""Senior Driver""}",2026-08-10 18:34:34.545269+00,2026-08-10 19:10:28.327832+00
bdcafd2b-af00-4468-9bfa-56fec76a416b,LLX-COL-00477,Ajith Bandara,ajithb.log@lankalogix.com,+94 76 144 4566,user,active,c537c281-b6ad-4842-94ec-e937be0083e5,c18b03d8-00b7-4cb2-ae42-cd418f4f57a6,,"{""title"": ""Forklift Operator""}",2026-08-10 18:34:34.772265+00,2026-08-10 19:10:28.327832+00
9ec76485-093f-4da4-830f-3f7d7597e500,LLX-COL-00478,Sujatha Thangarajah,sujatha.log@lankalogix.com,+94 74 915 8788,user,active,c537c281-b6ad-4842-94ec-e937be0083e5,c18b03d8-00b7-4cb2-ae42-cd418f4f57a6,,"{""title"": ""Shift Lead - Fleet""}",2026-08-10 18:34:35.011382+00,2026-08-10 19:10:28.327832+00
05a77caf-f9f7-4abd-b0de-6bdb711e0ed4,LLX-COL-00479,Pubudu Madushanka,pubudum.log@lankalogix.com,+94 71 478 2161,user,active,c537c281-b6ad-4842-94ec-e937be0083e5,c18b03d8-00b7-4cb2-ae42-cd418f4f57a6,,"{""title"": ""Shift Lead - Fleet""}",2026-08-10 18:34:35.271477+00,2026-08-10 19:10:28.327832+00
8741b992-805d-4859-9e1a-4d49d82c9a99,LLX-COL-00480,Chamara Vithanage,chamarav.log@lankalogix.com,+94 74 157 2751,user,active,c537c281-b6ad-4842-94ec-e937be0083e5,c18b03d8-00b7-4cb2-ae42-cd418f4f57a6,,"{""title"": ""Forklift Operator""}",2026-08-10 18:34:35.569766+00,2026-08-10 19:10:28.327832+00
2de8e8a2-03a6-4d8e-93d9-4b8309004f45,LLX-COL-00481,Thilini Vithanage,thiliniv.log@lankalogix.com,+94 76 124 2169,user,active,c537c281-b6ad-4842-94ec-e937be0083e5,c18b03d8-00b7-4cb2-ae42-cd418f4f57a6,,"{""title"": ""Forklift Operator""}",2026-08-10 18:34:35.811961+00,2026-08-10 19:10:28.327832+00
60a73970-d603-4a04-8b90-3ef179cc9484,LLX-COL-00482,Yohan Chandrasiri,yohanc.log@lankalogix.com,+94 76 762 6564,user,active,c537c281-b6ad-4842-94ec-e937be0083e5,c18b03d8-00b7-4cb2-ae42-cd418f4f57a6,,"{""title"": ""Senior Driver""}",2026-08-10 18:34:36.046609+00,2026-08-10 19:10:28.327832+00
8d29cbfb-7111-4b9f-84eb-755a873d85f4,LLX-COL-00483,Viraj Jayawardena,virajj.log@lankalogix.com,+94 77 271 2564,user,active,c537c281-b6ad-4842-94ec-e937be0083e5,c18b03d8-00b7-4cb2-ae42-cd418f4f57a6,,"{""title"": ""Driver""}",2026-08-10 18:34:36.281534+00,2026-08-10 19:10:28.327832+00
7bfed8d2-1613-471e-bf1c-b491fe148641,LLX-COL-00484,Anusha Madushanka,anusham.log@lankalogix.com,+94 77 344 3774,user,active,c537c281-b6ad-4842-94ec-e937be0083e5,c18b03d8-00b7-4cb2-ae42-cd418f4f57a6,,"{""title"": ""Driver""}",2026-08-10 18:34:36.585546+00,2026-08-10 19:10:28.327832+00
ff8801d3-2c48-430e-b9ad-e22c5c92d10e,LLX-COL-00485,Roshan Silva,roshans.log@lankalogix.com,+94 78 476 2615,user,active,c537c281-b6ad-4842-94ec-e937be0083e5,c18b03d8-00b7-4cb2-ae42-cd418f4f57a6,,"{""title"": ""Shift Lead - Fleet""}",2026-08-10 18:34:36.813597+00,2026-08-10 19:10:28.327832+00
77387a7f-627f-4a75-a8da-5d14e986201e,LLX-COL-00486,Ajith Bandara,ajithb2.log@lankalogix.com,+94 78 696 9490,user,active,c537c281-b6ad-4842-94ec-e937be0083e5,c18b03d8-00b7-4cb2-ae42-cd418f4f57a6,,"{""title"": ""Dispatch Coordinator""}",2026-08-10 18:34:37.047585+00,2026-08-10 19:10:28.327832+00
18f814f2-8caf-454b-a5b5-36ab65b68c57,LLX-COL-00487,Dinesh Rajendran,dineshr.log@lankalogix.com,+94 75 846 4801,user,active,c537c281-b6ad-4842-94ec-e937be0083e5,c18b03d8-00b7-4cb2-ae42-cd418f4f57a6,,"{""title"": ""Dispatch Coordinator""}",2026-08-10 18:34:37.273909+00,2026-08-10 19:10:28.327832+00
5f77fc29-69bb-4b2b-8d0c-636c6f55884d,LLX-COL-00488,Shantha Weerasinghe,shanthaw.log@lankalogix.com,+94 76 360 7640,user,active,c537c281-b6ad-4842-94ec-e937be0083e5,c18b03d8-00b7-4cb2-ae42-cd418f4f57a6,,"{""title"": ""Driver""}",2026-08-10 18:34:37.614113+00,2026-08-10 19:10:28.327832+00
79279b07-707c-4805-8691-f1e9b401bc9f,LLX-COL-00489,Jeyakumar Sivanathan,jeyakumars2.log@lankalogix.com,+94 70 861 1000,user,active,c537c281-b6ad-4842-94ec-e937be0083e5,c18b03d8-00b7-4cb2-ae42-cd418f4f57a6,,"{""title"": ""Forklift Operator""}",2026-08-10 18:34:37.914725+00,2026-08-10 19:10:28.327832+00
08614e88-b343-49ae-8e75-b715bf05a337,LLX-COL-00490,Ahamed Marikkar,ahamedm.log@lankalogix.com,+94 70 336 7229,user,active,c537c281-b6ad-4842-94ec-e937be0083e5,c18b03d8-00b7-4cb2-ae42-cd418f4f57a6,,"{""title"": ""Forklift Operator""}",2026-08-10 18:34:38.147146+00,2026-08-10 19:10:28.327832+00
5b8bec9d-ce7b-4e63-bf0d-22f39a35438c,LLX-COL-00491,Geethani Amarasinghe,geethania2.log@lankalogix.com,+94 78 399 5157,user,active,c537c281-b6ad-4842-94ec-e937be0083e5,c18b03d8-00b7-4cb2-ae42-cd418f4f57a6,,"{""title"": ""Forklift Operator""}",2026-08-10 18:34:38.425024+00,2026-08-10 19:10:28.327832+00
883042af-3535-4f55-aa78-981f83cb576a,LLX-COL-00492,Nilanthi Hettiarachchi,nilanthih.log@lankalogix.com,+94 72 862 5964,user,active,c537c281-b6ad-4842-94ec-e937be0083e5,c18b03d8-00b7-4cb2-ae42-cd418f4f57a6,,"{""title"": ""Driver""}",2026-08-10 18:34:38.734096+00,2026-08-10 19:10:28.327832+00
4f70eb8b-a508-4193-b75f-63ac8e236939,LLX-COL-00493,Hafsa Saleem,hafsas.log@lankalogix.com,+94 77 656 1832,user,active,c537c281-b6ad-4842-94ec-e937be0083e5,c18b03d8-00b7-4cb2-ae42-cd418f4f57a6,,"{""title"": ""Dispatch Coordinator""}",2026-08-10 18:34:38.969181+00,2026-08-10 19:10:28.327832+00
8a906ddd-efc9-4d97-a3e2-4e1e20eba9ae,LLX-COL-00494,Sanduni Madushanka,sandunim.log@lankalogix.com,+94 75 995 6996,user,active,c537c281-b6ad-4842-94ec-e937be0083e5,c18b03d8-00b7-4cb2-ae42-cd418f4f57a6,,"{""title"": ""Forklift Operator""}",2026-08-10 18:34:39.196122+00,2026-08-10 19:10:28.327832+00
b86c3428-f167-40ff-8973-9c69b332b108,LLX-COL-00495,Selvam Rajendran,selvamr.log@lankalogix.com,+94 78 470 3588,user,active,c537c281-b6ad-4842-94ec-e937be0083e5,c18b03d8-00b7-4cb2-ae42-cd418f4f57a6,,"{""title"": ""Senior Driver""}",2026-08-10 18:34:39.425175+00,2026-08-10 19:10:28.327832+00
5664ec34-6719-45a2-9cb0-fb98c3662dfc,LLX-COL-00496,Shalini Gunasekara,shalinig.log@lankalogix.com,+94 78 671 5578,user,active,c537c281-b6ad-4842-94ec-e937be0083e5,c18b03d8-00b7-4cb2-ae42-cd418f4f57a6,,"{""title"": ""Forklift Operator""}",2026-08-10 18:34:39.763743+00,2026-08-10 19:10:28.327832+00
3c5b8d69-75e5-4a06-9f93-b9c0e7929f9f,LLX-COL-00497,Sabreena Cassim,sabreenac.log@lankalogix.com,+94 77 591 1342,user,active,c537c281-b6ad-4842-94ec-e937be0083e5,c18b03d8-00b7-4cb2-ae42-cd418f4f57a6,,"{""title"": ""Driver""}",2026-08-10 18:34:40.008372+00,2026-08-10 19:10:28.327832+00
07e0c835-51f1-4fad-9254-f68f64738d72,LLX-COL-00498,Upul Wijesinghe,upulw.log@lankalogix.com,+94 70 885 9993,user,active,c537c281-b6ad-4842-94ec-e937be0083e5,c18b03d8-00b7-4cb2-ae42-cd418f4f57a6,,"{""title"": ""Dispatch Coordinator""}",2026-08-10 18:34:40.250741+00,2026-08-10 19:10:28.327832+00
a721c41d-d9bd-4a5d-aebb-71f663597b20,LLX-COL-00499,Maheshi Silva,maheshis.log@lankalogix.com,+94 71 401 9205,user,active,c537c281-b6ad-4842-94ec-e937be0083e5,c18b03d8-00b7-4cb2-ae42-cd418f4f57a6,,"{""title"": ""Forklift Operator""}",2026-08-10 18:34:40.498935+00,2026-08-10 19:10:28.327832+00
da57c1aa-76be-46c1-a034-d9db5da6a262,LLX-COL-00500,Rizna Cassim,riznac.log@lankalogix.com,+94 72 482 6791,user,active,c537c281-b6ad-4842-94ec-e937be0083e5,c18b03d8-00b7-4cb2-ae42-cd418f4f57a6,,"{""title"": ""Senior Driver""}",2026-08-10 18:34:40.736122+00,2026-08-10 19:10:28.327832+00
32dad9d0-4ec9-4cae-b538-5f91662e6d44,LLX-COL-00501,Shalini Silva,shalinis.log@lankalogix.com,+94 76 545 3901,user,active,c537c281-b6ad-4842-94ec-e937be0083e5,c18b03d8-00b7-4cb2-ae42-cd418f4f57a6,,"{""title"": ""Dispatch Coordinator""}",2026-08-10 18:34:40.967665+00,2026-08-10 19:10:28.327832+00
669f572e-5391-41b7-83de-4ad61379d1e0,LLX-COL-00502,Isuru Edirisinghe,isurue.log@lankalogix.com,+94 75 939 4911,user,active,c537c281-b6ad-4842-94ec-e937be0083e5,c18b03d8-00b7-4cb2-ae42-cd418f4f57a6,,"{""title"": ""Shift Lead - Fleet""}",2026-08-10 18:34:41.196555+00,2026-08-10 19:10:28.327832+00
2ab7dd10-22eb-4e3b-98d0-cd8a2d4391a8,LLX-COL-00503,Meenakshi Balasubramaniam,meenakshi.log@lankalogix.com,+94 72 808 7625,user,active,c537c281-b6ad-4842-94ec-e937be0083e5,c18b03d8-00b7-4cb2-ae42-cd418f4f57a6,,"{""title"": ""Dispatch Coordinator""}",2026-08-10 18:34:41.433327+00,2026-08-10 19:10:28.327832+00
5b0a7bbc-d700-4f4e-8c59-d5f0c07f3ac0,LLX-COL-00504,Ruwan Amarasinghe,ruwana.log@lankalogix.com,+94 70 691 1889,user,active,c537c281-b6ad-4842-94ec-e937be0083e5,c18b03d8-00b7-4cb2-ae42-cd418f4f57a6,,"{""title"": ""Driver""}",2026-08-10 18:34:41.721752+00,2026-08-10 19:10:28.327832+00
545309cb-bfd9-4596-abb4-4461e08e7f5c,LLX-COL-00505,Shanthi Ponnambalam,shanthip.log@lankalogix.com,+94 70 507 7946,user,active,c537c281-b6ad-4842-94ec-e937be0083e5,c18b03d8-00b7-4cb2-ae42-cd418f4f57a6,,"{""title"": ""Driver""}",2026-08-10 18:34:41.9766+00,2026-08-10 19:10:28.327832+00
f49309af-7263-49f9-9d09-f11dcc78fcaf,LLX-COL-00506,Charith Bandara,charithb.log@lankalogix.com,+94 78 699 2193,user,active,c537c281-b6ad-4842-94ec-e937be0083e5,c18b03d8-00b7-4cb2-ae42-cd418f4f57a6,,"{""title"": ""Forklift Operator""}",2026-08-10 18:34:42.214611+00,2026-08-10 19:10:28.327832+00
b39348d1-7405-4464-8957-067b571cbe59,LLX-COL-00507,Manoharan Ratnasingham,manoharanr.log@lankalogix.com,+94 76 320 6262,user,active,c537c281-b6ad-4842-94ec-e937be0083e5,c18b03d8-00b7-4cb2-ae42-cd418f4f57a6,,"{""title"": ""Dispatch Coordinator""}",2026-08-10 18:34:42.503053+00,2026-08-10 19:10:28.327832+00
5576d8c3-4a33-48c3-b6d8-f684bc07fa9b,LLX-COL-00508,Hasitha Ranasinghe,hasithar.log@lankalogix.com,+94 77 571 2152,user,active,c537c281-b6ad-4842-94ec-e937be0083e5,c18b03d8-00b7-4cb2-ae42-cd418f4f57a6,,"{""title"": ""Forklift Operator""}",2026-08-10 18:34:42.732913+00,2026-08-10 19:10:28.327832+00
a39b379b-a449-4f92-b7e7-68a0e371ece2,LLX-COL-00509,Meenakshi Nadarajah,meenakshin.log@lankalogix.com,+94 78 791 2588,user,active,c537c281-b6ad-4842-94ec-e937be0083e5,c18b03d8-00b7-4cb2-ae42-cd418f4f57a6,,"{""title"": ""Senior Driver""}",2026-08-10 18:34:43.038081+00,2026-08-10 19:10:28.327832+00
cd077c24-ded4-4f10-9145-7381355aa6b2,LLX-COL-00510,Milinda Wanigasekara,milindaw.log@lankalogix.com,+94 70 740 3252,user,active,c537c281-b6ad-4842-94ec-e937be0083e5,c18b03d8-00b7-4cb2-ae42-cd418f4f57a6,,"{""title"": ""Dispatch Coordinator""}",2026-08-10 18:34:43.295784+00,2026-08-10 19:10:28.327832+00
012cb557-9817-4261-9ff7-f653f9baef78,LLX-COL-00511,Sameera Wickramasinghe,sameeraw2.log@lankalogix.com,+94 78 952 8591,user,active,c537c281-b6ad-4842-94ec-e937be0083e5,c18b03d8-00b7-4cb2-ae42-cd418f4f57a6,,"{""title"": ""Shift Lead - Fleet""}",2026-08-10 18:34:43.524182+00,2026-08-10 19:10:28.327832+00
f554bf92-1477-4c61-9a31-f806e890816f,LLX-COL-00512,Damith Gunasekara,damithg.log@lankalogix.com,+94 70 817 5177,user,active,c537c281-b6ad-4842-94ec-e937be0083e5,c18b03d8-00b7-4cb2-ae42-cd418f4f57a6,,"{""title"": ""Forklift Operator""}",2026-08-10 18:34:43.842085+00,2026-08-10 19:10:28.327832+00
bbfad8bc-9c98-4759-962b-c83bde076c4a,LLX-COL-00513,Supun Samaraweera,supuns3.log@lankalogix.com,+94 72 296 7462,user,active,c537c281-b6ad-4842-94ec-e937be0083e5,c18b03d8-00b7-4cb2-ae42-cd418f4f57a6,,"{""title"": ""Driver""}",2026-08-10 18:34:44.069863+00,2026-08-10 19:10:28.327832+00
4deef011-a80e-4ec1-8ab0-1c07e51e4eff,LLX-BDL-00034,Yohan Peiris,yohanp.log@lankalogix.com,+94 75 296 1773,user,active,23a10ad6-f2ff-4aab-9878-de0f37f6bbe0,c24b3130-482c-4313-a6c9-416e6cd7c9a6,,"{""title"": ""Driver""}",2026-08-10 18:35:21.54513+00,2026-08-10 19:10:28.327832+00
e926b5a7-d8cf-4bc6-85c7-108e0935ffa1,LLX-COL-00514,Oshadha Wanigasekara,oshadhaw2.log@lankalogix.com,+94 76 406 6508,user,active,c537c281-b6ad-4842-94ec-e937be0083e5,c18b03d8-00b7-4cb2-ae42-cd418f4f57a6,,"{""title"": ""Senior Driver""}",2026-08-10 18:34:44.297002+00,2026-08-10 19:10:28.327832+00
44f02d91-6ed8-49ff-bb7d-98412c2f27bc,LLX-COL-00515,Yogeswaran Ratnasingham,yogeswaranr.log@lankalogix.com,+94 74 135 2015,user,active,c537c281-b6ad-4842-94ec-e937be0083e5,c18b03d8-00b7-4cb2-ae42-cd418f4f57a6,,"{""title"": ""Driver""}",2026-08-10 18:34:44.523811+00,2026-08-10 19:10:28.327832+00
1f2fe8ba-e887-4f53-b5bf-1f7937e1e4fb,LLX-COL-00516,Yogeswaran Thangarajah,yogeswarant.log@lankalogix.com,+94 70 689 2711,user,active,c537c281-b6ad-4842-94ec-e937be0083e5,c18b03d8-00b7-4cb2-ae42-cd418f4f57a6,,"{""title"": ""Forklift Operator""}",2026-08-10 18:34:44.760204+00,2026-08-10 19:10:28.327832+00
9840ed8d-8d65-4f5a-892c-00b26ae09c10,LLX-COL-00517,Gayan Pathirana,gayanp.log@lankalogix.com,+94 75 380 3870,user,active,c537c281-b6ad-4842-94ec-e937be0083e5,c18b03d8-00b7-4cb2-ae42-cd418f4f57a6,,"{""title"": ""Driver""}",2026-08-10 18:34:44.993159+00,2026-08-10 19:10:28.327832+00
a0b89922-5d78-498c-be45-85341829622d,LLX-COL-00518,Sathyabama Kandasamy,sathyabamak.log@lankalogix.com,+94 70 996 4249,user,active,c537c281-b6ad-4842-94ec-e937be0083e5,c18b03d8-00b7-4cb2-ae42-cd418f4f57a6,,"{""title"": ""Driver""}",2026-08-10 18:34:45.223198+00,2026-08-10 19:10:28.327832+00
42bf7196-20f8-4ee2-b42f-ee966b90d96d,LLX-COL-00519,Duminda Ranasinghe,dumindar.log@lankalogix.com,+94 77 387 4435,user,active,c537c281-b6ad-4842-94ec-e937be0083e5,c18b03d8-00b7-4cb2-ae42-cd418f4f57a6,,"{""title"": ""Forklift Operator""}",2026-08-10 18:34:45.458454+00,2026-08-10 19:10:28.327832+00
dce5acc1-2b48-49b6-9996-408cc390fcf5,LLX-COL-00520,Duminda Alwis,dumindaa.log@lankalogix.com,+94 71 448 9920,user,active,c537c281-b6ad-4842-94ec-e937be0083e5,c18b03d8-00b7-4cb2-ae42-cd418f4f57a6,,"{""title"": ""Senior Driver""}",2026-08-10 18:34:45.695535+00,2026-08-10 19:10:28.327832+00
8a357da6-0d0b-45f4-bcb5-c431623f80aa,LLX-COL-00521,Gihan Illangakoon,gihani.log@lankalogix.com,+94 76 273 9893,user,active,c537c281-b6ad-4842-94ec-e937be0083e5,c18b03d8-00b7-4cb2-ae42-cd418f4f57a6,,"{""title"": ""Driver""}",2026-08-10 18:34:45.926265+00,2026-08-10 19:10:28.327832+00
05b3337f-c7c9-4421-9caf-775f4f608439,LLX-COL-00522,Manoj Peiris,manojp.log@lankalogix.com,+94 71 432 7118,user,active,c537c281-b6ad-4842-94ec-e937be0083e5,c18b03d8-00b7-4cb2-ae42-cd418f4f57a6,,"{""title"": ""Senior Driver""}",2026-08-10 18:34:46.209381+00,2026-08-10 19:10:28.327832+00
937836a7-8559-4e05-b21a-4a1841beb635,LLX-COL-00523,Meenakshi Krishnapillai,meenakshik.log@lankalogix.com,+94 78 946 9646,user,active,c537c281-b6ad-4842-94ec-e937be0083e5,c18b03d8-00b7-4cb2-ae42-cd418f4f57a6,,"{""title"": ""Driver""}",2026-08-10 18:34:46.438153+00,2026-08-10 19:10:28.327832+00
d7419f5f-8d51-43a3-b44e-68440cc641b4,LLX-COL-00524,Hasitha Samaraweera,hasithas.log@lankalogix.com,+94 78 824 8223,user,active,c537c281-b6ad-4842-94ec-e937be0083e5,c18b03d8-00b7-4cb2-ae42-cd418f4f57a6,,"{""title"": ""Dispatch Coordinator""}",2026-08-10 18:34:46.723245+00,2026-08-10 19:10:28.327832+00
2bf7509d-63fd-4ea6-a33b-df8d8e49aa3b,LLX-COL-00525,Vimukthi Kumarasinghe,vimukthik.log@lankalogix.com,+94 71 530 9630,user,inactive,c537c281-b6ad-4842-94ec-e937be0083e5,c18b03d8-00b7-4cb2-ae42-cd418f4f57a6,,"{""title"": ""Driver""}",2026-08-10 18:34:47.039778+00,2026-08-10 19:10:28.327832+00
e7889aec-2db4-4a78-b8a7-873db0af92b6,LLX-COL-00526,Yohan Rajapaksa,yohanr2.log@lankalogix.com,+94 70 424 7499,user,active,c537c281-b6ad-4842-94ec-e937be0083e5,c18b03d8-00b7-4cb2-ae42-cd418f4f57a6,,"{""title"": ""Senior Driver""}",2026-08-10 18:34:47.342798+00,2026-08-10 19:10:28.327832+00
8b55942c-2b97-465f-9fc1-bf658636108a,LLX-COL-00527,Asanka Edirisinghe,asankae.log@lankalogix.com,+94 76 587 3651,user,active,c537c281-b6ad-4842-94ec-e937be0083e5,c18b03d8-00b7-4cb2-ae42-cd418f4f57a6,,"{""title"": ""Shift Lead - Fleet""}",2026-08-10 18:34:47.568441+00,2026-08-10 19:10:28.327832+00
a9a9d2d2-09e7-40de-b060-8dec80491082,LLX-COL-00528,Nizam Jiffry,nizamj2.log@lankalogix.com,+94 75 984 5471,user,active,c537c281-b6ad-4842-94ec-e937be0083e5,c18b03d8-00b7-4cb2-ae42-cd418f4f57a6,,"{""title"": ""Dispatch Coordinator""}",2026-08-10 18:34:47.84825+00,2026-08-10 19:10:28.327832+00
0a5c7be1-9646-4614-bef8-51e664afec90,LLX-COL-00529,Jagath Rathnayaka,jagathr.log@lankalogix.com,+94 70 670 7424,user,active,c537c281-b6ad-4842-94ec-e937be0083e5,c18b03d8-00b7-4cb2-ae42-cd418f4f57a6,,"{""title"": ""Driver""}",2026-08-10 18:34:48.077301+00,2026-08-10 19:10:28.327832+00
f5b37c64-bd71-4c76-80ed-eec260b6b410,LLX-COL-00530,Hiran Rajapaksa,hiranr2.log@lankalogix.com,+94 75 675 4217,user,active,c537c281-b6ad-4842-94ec-e937be0083e5,c18b03d8-00b7-4cb2-ae42-cd418f4f57a6,,"{""title"": ""Shift Lead - Fleet""}",2026-08-10 18:34:48.357877+00,2026-08-10 19:10:28.327832+00
6a71a85b-f8c9-4417-9e78-ed0bda437901,LLX-COL-00531,Sunil Bandara,sunil.log@lankalogix.com,+94 78 618 4495,user,active,c537c281-b6ad-4842-94ec-e937be0083e5,c18b03d8-00b7-4cb2-ae42-cd418f4f57a6,,"{""title"": ""Forklift Operator""}",2026-08-10 18:34:48.58902+00,2026-08-10 19:10:28.327832+00
a147aaff-7666-44df-be95-5ac65ea9bc50,LLX-COL-00532,Dilrukshi Ratnayake,dilrukshir.log@lankalogix.com,+94 75 781 4614,user,active,c537c281-b6ad-4842-94ec-e937be0083e5,c18b03d8-00b7-4cb2-ae42-cd418f4f57a6,,"{""title"": ""Dispatch Coordinator""}",2026-08-10 18:34:48.868407+00,2026-08-10 19:10:28.327832+00
20064787-286e-445a-af95-65111a530936,LLX-COL-00533,Oshadha Tennakoon,oshadha.mech@lankalogix.com,+94 78 192 4443,user,active,c537c281-b6ad-4842-94ec-e937be0083e5,b91e5624-cc6c-4e51-805c-0a1a12d710ea,,"{""title"": ""Vehicle Technician""}",2026-08-10 18:34:49.093219+00,2026-08-10 19:10:28.327832+00
3ed87f3f-9d1e-409e-af21-14fee9e9bc14,LLX-COL-00534,Charith Amarasinghe,charith.mech@lankalogix.com,+94 74 134 9763,user,active,c537c281-b6ad-4842-94ec-e937be0083e5,b91e5624-cc6c-4e51-805c-0a1a12d710ea,,"{""title"": ""Hydraulics Technician""}",2026-08-10 18:34:49.383003+00,2026-08-10 19:10:28.327832+00
ece2a321-bc6d-4cdf-9d3a-f642ed83ae68,LLX-COL-00535,Manoj Kodikara,manoj.mech@lankalogix.com,+94 74 929 1833,user,active,c537c281-b6ad-4842-94ec-e937be0083e5,b91e5624-cc6c-4e51-805c-0a1a12d710ea,,"{""title"": ""Workshop Foreman""}",2026-08-10 18:34:49.616389+00,2026-08-10 19:10:28.327832+00
954f138f-fa1c-4b21-9902-f274a5868271,LLX-COL-00536,Sanduni Ekanayake,sanduni.mech@lankalogix.com,+94 78 816 4636,user,active,c537c281-b6ad-4842-94ec-e937be0083e5,b91e5624-cc6c-4e51-805c-0a1a12d710ea,,"{""title"": ""Senior Technician""}",2026-08-10 18:34:49.909599+00,2026-08-10 19:10:28.327832+00
4ae8296a-3b50-472a-b1f1-39139904f4fb,LLX-COL-00537,Naveen Tennakoon,naveen.mech@lankalogix.com,+94 71 215 8151,user,suspended,c537c281-b6ad-4842-94ec-e937be0083e5,b91e5624-cc6c-4e51-805c-0a1a12d710ea,,"{""title"": ""Brake & Tyre Technician""}",2026-08-10 18:34:50.144589+00,2026-08-10 19:10:28.327832+00
e5c08943-9e02-486b-b8ec-02510a429c07,LLX-COL-00538,Tharindu Chandrasiri,tharindu.mech@lankalogix.com,+94 77 153 2356,user,active,c537c281-b6ad-4842-94ec-e937be0083e5,b91e5624-cc6c-4e51-805c-0a1a12d710ea,,"{""title"": ""Senior Technician""}",2026-08-10 18:34:50.37499+00,2026-08-10 19:10:28.327832+00
f9e17e55-3ce7-47d6-beff-7dc3c8ecad6c,LLX-COL-00539,Charith Munasinghe,charithm.mech@lankalogix.com,+94 71 619 1901,user,active,c537c281-b6ad-4842-94ec-e937be0083e5,b91e5624-cc6c-4e51-805c-0a1a12d710ea,,"{""title"": ""Workshop Foreman""}",2026-08-10 18:34:50.613963+00,2026-08-10 19:10:28.327832+00
578b9882-da22-4a57-8191-8e7a8ca512f5,LLX-COL-00540,Nuwan Edirisinghe,nuwan.mech@lankalogix.com,+94 70 108 9839,user,active,c537c281-b6ad-4842-94ec-e937be0083e5,b91e5624-cc6c-4e51-805c-0a1a12d710ea,,"{""title"": ""Vehicle Technician""}",2026-08-10 18:34:50.920445+00,2026-08-10 19:10:28.327832+00
971707cb-32c1-434f-b61f-f1fd2abeb991,LLX-COL-00541,Saliya Ratnayake,saliya.mech@lankalogix.com,+94 70 909 7184,user,active,c537c281-b6ad-4842-94ec-e937be0083e5,b91e5624-cc6c-4e51-805c-0a1a12d710ea,,"{""title"": ""Hydraulics Technician""}",2026-08-10 18:34:51.156522+00,2026-08-10 19:10:28.327832+00
802b1d2e-50c9-4825-a3ef-2b31b40f3569,LLX-COL-00542,Nethmi Silva,nethmi.mech@lankalogix.com,+94 77 660 8530,user,active,c537c281-b6ad-4842-94ec-e937be0083e5,b91e5624-cc6c-4e51-805c-0a1a12d710ea,,"{""title"": ""Senior Technician""}",2026-08-10 18:34:51.431515+00,2026-08-10 19:10:28.327832+00
96fb9f33-3e52-4958-8405-6ccf26fcacdc,LLX-COL-00543,Rasika Illangakoon,rasika.mech@lankalogix.com,+94 74 171 7544,user,active,c537c281-b6ad-4842-94ec-e937be0083e5,b91e5624-cc6c-4e51-805c-0a1a12d710ea,,"{""title"": ""Brake & Tyre Technician""}",2026-08-10 18:34:51.733804+00,2026-08-10 19:10:28.327832+00
2ea7ff67-fdd7-4d0b-96cd-8dd768decfdd,LLX-COL-00544,Fazal Nawaz,fazal.mech@lankalogix.com,+94 77 584 3812,user,active,c537c281-b6ad-4842-94ec-e937be0083e5,b91e5624-cc6c-4e51-805c-0a1a12d710ea,,"{""title"": ""Vehicle Technician""}",2026-08-10 18:34:52.050702+00,2026-08-10 19:10:28.327832+00
4f99efd4-c45f-49c6-8b6c-f80715333c15,LLX-COL-00545,Hiruni Kumarasinghe,hiruni.mech@lankalogix.com,+94 72 387 6734,user,active,c537c281-b6ad-4842-94ec-e937be0083e5,b91e5624-cc6c-4e51-805c-0a1a12d710ea,,"{""title"": ""Workshop Foreman""}",2026-08-10 18:34:52.351833+00,2026-08-10 19:10:28.327832+00
0b830550-4175-4716-9d78-9b2d69d25855,LLX-COL-00546,Dinusha Samarasinghe,dinusha.mech@lankalogix.com,+94 78 697 4725,user,active,c537c281-b6ad-4842-94ec-e937be0083e5,b91e5624-cc6c-4e51-805c-0a1a12d710ea,,"{""title"": ""Vehicle Technician""}",2026-08-10 18:34:52.578189+00,2026-08-10 19:10:28.327832+00
3a8a06de-92d4-4f46-9eee-923b07539d6c,LLX-COL-00547,Lakmali Pathirana,lakmali.mech@lankalogix.com,+94 78 771 5217,user,active,c537c281-b6ad-4842-94ec-e937be0083e5,b91e5624-cc6c-4e51-805c-0a1a12d710ea,,"{""title"": ""Hydraulics Technician""}",2026-08-10 18:34:52.80699+00,2026-08-10 19:10:28.327832+00
d792505c-1381-4a80-a76a-ba6656107cef,LLX-COL-00548,Randika Hettiarachchi,randika.mech@lankalogix.com,+94 72 738 9723,user,active,c537c281-b6ad-4842-94ec-e937be0083e5,b91e5624-cc6c-4e51-805c-0a1a12d710ea,,"{""title"": ""Hydraulics Technician""}",2026-08-10 18:34:53.036852+00,2026-08-10 19:10:28.327832+00
79bbaaa4-918b-47e0-ba89-d5f2b5a4d4ba,LLX-COL-00549,Udeshika Vithanage,udeshika.mech@lankalogix.com,+94 76 731 2932,user,active,c537c281-b6ad-4842-94ec-e937be0083e5,b91e5624-cc6c-4e51-805c-0a1a12d710ea,,"{""title"": ""Senior Technician""}",2026-08-10 18:34:53.283154+00,2026-08-10 19:10:28.327832+00
2d9c2803-17f5-4970-8da9-23fc6eebe8ef,LLX-COL-00550,Wasantha Kodikara,wasantha.mech@lankalogix.com,+94 74 846 3589,user,active,c537c281-b6ad-4842-94ec-e937be0083e5,b91e5624-cc6c-4e51-805c-0a1a12d710ea,,"{""title"": ""Brake & Tyre Technician""}",2026-08-10 18:34:53.514921+00,2026-08-10 19:10:28.327832+00
3116c9d0-e74c-4cf3-84ee-8fbb2165d83f,LLX-COL-00551,Dinusha Amarasinghe,dinushaa.mech@lankalogix.com,+94 78 696 8989,user,active,c537c281-b6ad-4842-94ec-e937be0083e5,b91e5624-cc6c-4e51-805c-0a1a12d710ea,,"{""title"": ""Hydraulics Technician""}",2026-08-10 18:34:53.77207+00,2026-08-10 19:10:28.327832+00
6d8966a8-2474-4d35-9fd9-7bb3b648f6fd,LLX-COL-00552,Rajan Balasubramaniam,rajan.mech@lankalogix.com,+94 76 315 1773,user,active,c537c281-b6ad-4842-94ec-e937be0083e5,b91e5624-cc6c-4e51-805c-0a1a12d710ea,,"{""title"": ""Vehicle Technician""}",2026-08-10 18:34:54.004645+00,2026-08-10 19:10:28.327832+00
7ab528b9-cbf7-4b46-8d45-847ab79da77d,LLX-COL-00553,Nuwan Gunasekara,nuwang.mech@lankalogix.com,+94 72 739 9878,user,active,c537c281-b6ad-4842-94ec-e937be0083e5,b91e5624-cc6c-4e51-805c-0a1a12d710ea,,"{""title"": ""Vehicle Technician""}",2026-08-10 18:34:54.24333+00,2026-08-10 19:10:28.327832+00
728c431d-a607-4a38-9b1a-2287ce9979ad,LLX-COL-00554,Rifky Farook,rifky.mech@lankalogix.com,+94 70 304 3557,user,active,c537c281-b6ad-4842-94ec-e937be0083e5,b91e5624-cc6c-4e51-805c-0a1a12d710ea,,"{""title"": ""Vehicle Technician""}",2026-08-10 18:34:54.530311+00,2026-08-10 19:10:28.327832+00
799f9455-62db-4da1-8b99-9f32da209d65,LLX-COL-00555,Hussain Rahman,hussain.mech@lankalogix.com,+94 70 918 6854,user,active,c537c281-b6ad-4842-94ec-e937be0083e5,b91e5624-cc6c-4e51-805c-0a1a12d710ea,,"{""title"": ""Vehicle Technician""}",2026-08-10 18:34:54.762157+00,2026-08-10 19:10:28.327832+00
f99df61d-d168-4c17-b0fc-99832b736ca8,LLX-COL-00556,Sujeewa Herath,sujeewa.mech@lankalogix.com,+94 75 507 8614,user,active,c537c281-b6ad-4842-94ec-e937be0083e5,b91e5624-cc6c-4e51-805c-0a1a12d710ea,,"{""title"": ""Brake & Tyre Technician""}",2026-08-10 18:34:54.991532+00,2026-08-10 19:10:28.327832+00
76acb86d-958a-4ccf-934c-46bed43da641,LLX-COL-00557,Bandula Jayasuriya,bandula.mech@lankalogix.com,+94 71 261 1926,user,active,c537c281-b6ad-4842-94ec-e937be0083e5,b91e5624-cc6c-4e51-805c-0a1a12d710ea,,"{""title"": ""Vehicle Technician""}",2026-08-10 18:34:55.221448+00,2026-08-10 19:10:28.327832+00
507c7fa4-15cb-4173-8c93-4d5d44ecf015,LLX-COL-00558,Sampath Peiris,sampath.mech@lankalogix.com,+94 70 105 6426,user,active,c537c281-b6ad-4842-94ec-e937be0083e5,b91e5624-cc6c-4e51-805c-0a1a12d710ea,,"{""title"": ""Hydraulics Technician""}",2026-08-10 18:34:55.488376+00,2026-08-10 19:10:28.327832+00
65403423-49cb-46e5-8f5f-eb8802feb133,LLX-COL-00559,Meenakshi Thangarajah,meenakshi.mech@lankalogix.com,+94 78 587 4285,user,active,c537c281-b6ad-4842-94ec-e937be0083e5,b91e5624-cc6c-4e51-805c-0a1a12d710ea,,"{""title"": ""Hydraulics Technician""}",2026-08-10 18:34:55.742136+00,2026-08-10 19:10:28.327832+00
a5403456-9417-4129-8376-a0508664c003,LLX-COL-00560,Madushika Pathirana,madushika.mech@lankalogix.com,+94 78 922 3346,user,active,c537c281-b6ad-4842-94ec-e937be0083e5,b91e5624-cc6c-4e51-805c-0a1a12d710ea,,"{""title"": ""Workshop Foreman""}",2026-08-10 18:34:56.066147+00,2026-08-10 19:10:28.327832+00
0d92b1df-f95f-448c-8c5e-279045705e0f,LLX-COL-00561,Thevan Vairamuthu,thevan.mech@lankalogix.com,+94 74 667 3732,user,active,c537c281-b6ad-4842-94ec-e937be0083e5,b91e5624-cc6c-4e51-805c-0a1a12d710ea,,"{""title"": ""Hydraulics Technician""}",2026-08-10 18:34:56.352251+00,2026-08-10 19:10:28.327832+00
b958f053-fb9d-4b81-9996-c7ca66269f1c,LLX-COL-00562,Tharaka Chandrasiri,tharaka.mech@lankalogix.com,+94 72 745 4848,user,active,c537c281-b6ad-4842-94ec-e937be0083e5,b91e5624-cc6c-4e51-805c-0a1a12d710ea,,"{""title"": ""Vehicle Technician""}",2026-08-10 18:34:56.669882+00,2026-08-10 19:10:28.327832+00
65a4c575-56f0-49d7-9887-9a08358fb73c,LLX-COL-00563,Tharaka Wijesinghe,tharakaw.mech@lankalogix.com,+94 77 833 4446,user,active,c537c281-b6ad-4842-94ec-e937be0083e5,b91e5624-cc6c-4e51-805c-0a1a12d710ea,,"{""title"": ""Senior Technician""}",2026-08-10 18:34:56.908948+00,2026-08-10 19:10:28.327832+00
7644642e-745c-4474-890f-0f840a0b5df8,LLX-COL-00564,Udara Fernando,udara.mech@lankalogix.com,+94 72 660 3318,user,active,c537c281-b6ad-4842-94ec-e937be0083e5,b91e5624-cc6c-4e51-805c-0a1a12d710ea,,"{""title"": ""Workshop Foreman""}",2026-08-10 18:34:57.142226+00,2026-08-10 19:10:28.327832+00
6b59f9f2-4c2d-40ea-8a3b-76bb6b7f5dd1,LLX-COL-00565,Elango Vairamuthu,elango.mech@lankalogix.com,+94 76 526 8431,user,active,c537c281-b6ad-4842-94ec-e937be0083e5,b91e5624-cc6c-4e51-805c-0a1a12d710ea,,"{""title"": ""Senior Technician""}",2026-08-10 18:34:57.471615+00,2026-08-10 19:10:28.327832+00
ff7c83e7-5c79-453d-ba13-4194d70d1e17,LLX-COL-00566,Naveen Ekanayake,naveene.mech@lankalogix.com,+94 78 931 2996,user,active,c537c281-b6ad-4842-94ec-e937be0083e5,b91e5624-cc6c-4e51-805c-0a1a12d710ea,,"{""title"": ""Senior Technician""}",2026-08-10 18:34:57.784374+00,2026-08-10 19:10:28.327832+00
e0189208-a956-435f-8363-6875453f65a0,,Dinusha Ekanayake,dinushatemp@gmail.com,+94 76 747 1520,super_admin,active,c537c281-b6ad-4842-94ec-e937be0083e5,,,"{""scope"": ""global"", ""title"": ""Super Administrator""}",2026-08-10 18:50:16.747888+00,2026-08-10 19:10:28.327832+00
0b6270c0-b742-49b6-8bde-c2a263ef6fee,,NeuroMinds PredictiX,neuromindspredictix@gmail.com,+94 72 563 8529,super_admin,active,,,,"{""scope"": ""global"", ""title"": ""Super Administrator""}",2026-08-10 18:50:16.747888+00,2026-08-10 19:10:28.327832+00
03d3b791-23f8-4f63-9889-978ba2036c7d,,Aroshan Nimantha,aroshnimantha386@gmail.com,+94 78 666 3046,super_admin,active,,,,"{""scope"": ""global"", ""title"": ""Super Administrator""}",2026-08-10 18:50:16.747888+00,2026-08-10 19:10:28.327832+00
64789929-0dfb-47c1-9510-d49889eb6d6e,,Sharada Abeywickrama,sharadaabeywickrama@gmail.com,+94 77 501 7433,super_admin,active,,,,"{""scope"": ""global"", ""title"": ""Super Administrator""}",2026-08-10 18:50:16.747888+00,2026-08-10 19:10:28.327832+00
d92e924b-8240-4753-be75-c9f655d6d725,,Tajmi Bhagya,tajmibhagya@gmail.com,+94 76 638 1321,super_admin,active,,,,"{""scope"": ""global"", ""title"": ""Super Administrator""}",2026-08-10 18:50:16.747888+00,2026-08-10 19:10:28.327832+00
23b91a79-185d-41b8-aed8-22bf2cb9f4af,LLX-COL-00001,Demo Admin (Colombo),demoadmincolombo.adm@lankalogix.com,+94 75 178 7179,admin,active,c537c281-b6ad-4842-94ec-e937be0083e5,c5625abb-29ec-42b7-8c63-1cc85fd17f62,,"{""title"": ""Demo Administrator"", ""demo_account"": true}",2026-08-10 18:32:31.293768+00,2026-08-10 19:10:28.327832+00
9bcf4f25-08bf-433c-9d75-558035f3cdf8,LLX-COL-00002,Demo User (Colombo),demousercolombo.adm@lankalogix.com,+94 70 740 7439,user,active,c537c281-b6ad-4842-94ec-e937be0083e5,c5625abb-29ec-42b7-8c63-1cc85fd17f62,,"{""title"": ""Demo User"", ""demo_account"": true}",2026-08-10 18:32:31.68017+00,2026-08-10 19:10:28.327832+00
b5cc5903-a692-4230-b666-8fded6cecc3e,LLX-COL-00567,Udeshika Abeywickrama,udeshikaa.mech@lankalogix.com,+94 77 578 4612,user,active,c537c281-b6ad-4842-94ec-e937be0083e5,b91e5624-cc6c-4e51-805c-0a1a12d710ea,,"{""title"": ""Vehicle Technician""}",2026-08-10 18:34:58.084743+00,2026-08-10 19:10:28.327832+00
70506215-8794-4b65-b206-0e75646dfe9a,LLX-COL-00568,Isuru Wijeratne,isuru.mech@lankalogix.com,+94 71 664 6181,user,active,c537c281-b6ad-4842-94ec-e937be0083e5,b91e5624-cc6c-4e51-805c-0a1a12d710ea,,"{""title"": ""Vehicle Technician""}",2026-08-10 18:34:58.310411+00,2026-08-10 19:10:28.327832+00
e1c00b23-afa0-4931-bfa7-d13dc17770cc,LLX-COL-00569,Sujatha Thangarajah,sujatha.mech@lankalogix.com,+94 78 604 3749,user,active,c537c281-b6ad-4842-94ec-e937be0083e5,b91e5624-cc6c-4e51-805c-0a1a12d710ea,,"{""title"": ""Vehicle Technician""}",2026-08-10 18:34:58.536279+00,2026-08-10 19:10:28.327832+00
0bcca5d2-620c-4e90-ae82-fb6ffc7af33d,LLX-COL-00570,Roshan Edirisinghe,roshan.mech@lankalogix.com,+94 75 264 6030,user,active,c537c281-b6ad-4842-94ec-e937be0083e5,b91e5624-cc6c-4e51-805c-0a1a12d710ea,,"{""title"": ""Senior Technician""}",2026-08-10 18:34:58.772803+00,2026-08-10 19:10:28.327832+00
1eec88aa-d888-4b75-ab3e-84365df4210c,LLX-COL-00571,Sanduni Peiris,sandunip.mech@lankalogix.com,+94 78 472 6820,user,active,c537c281-b6ad-4842-94ec-e937be0083e5,b91e5624-cc6c-4e51-805c-0a1a12d710ea,,"{""title"": ""Vehicle Technician""}",2026-08-10 18:34:59.012064+00,2026-08-10 19:10:28.327832+00
829a4aba-bfc5-46a7-beff-bf556004d109,LLX-COL-00572,Yohan Abeywickrama,yohan.mech@lankalogix.com,+94 76 431 6608,user,active,c537c281-b6ad-4842-94ec-e937be0083e5,b91e5624-cc6c-4e51-805c-0a1a12d710ea,,"{""title"": ""Brake & Tyre Technician""}",2026-08-10 18:34:59.319521+00,2026-08-10 19:10:28.327832+00
3c90f1c6-065f-43ab-a8fc-5448c3c970a3,LLX-COL-00573,Ravi Arumugam,ravi.mech@lankalogix.com,+94 74 191 3004,user,active,c537c281-b6ad-4842-94ec-e937be0083e5,b91e5624-cc6c-4e51-805c-0a1a12d710ea,,"{""title"": ""Hydraulics Technician""}",2026-08-10 18:34:59.624401+00,2026-08-10 19:10:28.327832+00
d4ab1734-15c1-4d19-a3f3-9db75f910cd8,LLX-COL-00574,Murali Chandrasekaran,murali.mech@lankalogix.com,+94 77 220 9182,user,active,c537c281-b6ad-4842-94ec-e937be0083e5,b91e5624-cc6c-4e51-805c-0a1a12d710ea,,"{""title"": ""Brake & Tyre Technician""}",2026-08-10 18:34:59.852565+00,2026-08-10 19:10:28.327832+00
1ad7ccbc-6809-4f96-83f4-c7636a2a4728,LLX-COL-00575,Kasun Wickramasinghe,kasun.mech@lankalogix.com,+94 75 632 4722,user,active,c537c281-b6ad-4842-94ec-e937be0083e5,b91e5624-cc6c-4e51-805c-0a1a12d710ea,,"{""title"": ""Brake & Tyre Technician""}",2026-08-10 18:35:00.083796+00,2026-08-10 19:10:28.327832+00
0816a11f-c50f-456a-8311-8bf2e4aeff0e,LLX-COL-00576,Sivakumar Chandrasekaran,sivakumar.mech@lankalogix.com,+94 71 465 4081,user,active,c537c281-b6ad-4842-94ec-e937be0083e5,b91e5624-cc6c-4e51-805c-0a1a12d710ea,,"{""title"": ""Vehicle Technician""}",2026-08-10 18:35:00.344717+00,2026-08-10 19:10:28.327832+00
9ac1f452-afac-4a3b-b3eb-3e9ebe62c5a9,LLX-COL-00577,Oshadha Edirisinghe,oshadhae.mech@lankalogix.com,+94 75 659 4483,user,active,c537c281-b6ad-4842-94ec-e937be0083e5,b91e5624-cc6c-4e51-805c-0a1a12d710ea,,"{""title"": ""Hydraulics Technician""}",2026-08-10 18:35:00.646605+00,2026-08-10 19:10:28.327832+00
94c16a8c-074b-4b37-ab95-493170740735,LLX-COL-00578,Imran Haniffa,imran.mech@lankalogix.com,+94 78 883 8267,user,active,c537c281-b6ad-4842-94ec-e937be0083e5,b91e5624-cc6c-4e51-805c-0a1a12d710ea,,"{""title"": ""Brake & Tyre Technician""}",2026-08-10 18:35:00.961332+00,2026-08-10 19:10:28.327832+00
5184a5dd-4934-4cec-874b-92628013fb71,LLX-COL-00579,Pavithra Weerasinghe,pavithra.mech@lankalogix.com,+94 77 899 2615,user,active,c537c281-b6ad-4842-94ec-e937be0083e5,b91e5624-cc6c-4e51-805c-0a1a12d710ea,,"{""title"": ""Senior Technician""}",2026-08-10 18:35:01.262117+00,2026-08-10 19:10:28.327832+00
adb19ae7-9e2e-4aaa-80b6-076357c54711,LLX-COL-00580,Viraj Rathnayaka,viraj.mech@lankalogix.com,+94 72 863 2075,user,active,c537c281-b6ad-4842-94ec-e937be0083e5,b91e5624-cc6c-4e51-805c-0a1a12d710ea,,"{""title"": ""Workshop Foreman""}",2026-08-10 18:35:01.568727+00,2026-08-10 19:10:28.327832+00
838168e2-a894-48b0-9e58-4f1f4612a1b3,LLX-COL-00581,Kasun Karunaratne,kasunk.mech@lankalogix.com,+94 72 839 6430,user,active,c537c281-b6ad-4842-94ec-e937be0083e5,b91e5624-cc6c-4e51-805c-0a1a12d710ea,,"{""title"": ""Senior Technician""}",2026-08-10 18:35:01.796783+00,2026-08-10 19:10:28.327832+00
ee4d2f5c-11a7-4a36-b4f7-9b4da1d376b2,LLX-COL-00582,Chathurika Senanayake,chathurika.mech@lankalogix.com,+94 71 709 9170,user,active,c537c281-b6ad-4842-94ec-e937be0083e5,b91e5624-cc6c-4e51-805c-0a1a12d710ea,,"{""title"": ""Vehicle Technician""}",2026-08-10 18:35:02.025861+00,2026-08-10 19:10:28.327832+00
6f8945eb-1518-481f-801e-b7d9e14fbc47,LLX-COL-00583,Roshan Jayawardena,roshanj.mech@lankalogix.com,+94 72 455 4808,user,suspended,c537c281-b6ad-4842-94ec-e937be0083e5,b91e5624-cc6c-4e51-805c-0a1a12d710ea,,"{""title"": ""Senior Technician""}",2026-08-10 18:35:02.282418+00,2026-08-10 19:10:28.327832+00
5ca11cec-92af-4cf0-ba2a-b7ccc1954f40,LLX-COL-00584,Karthik Krishnapillai,karthik.mech@lankalogix.com,+94 76 899 3060,user,active,c537c281-b6ad-4842-94ec-e937be0083e5,b91e5624-cc6c-4e51-805c-0a1a12d710ea,,"{""title"": ""Vehicle Technician""}",2026-08-10 18:35:02.515416+00,2026-08-10 19:10:28.327832+00
26786492-bebd-4e3a-8719-4c486f70d604,LLX-COL-00585,Nazeer Farook,nazeer.mech@lankalogix.com,+94 72 360 5274,user,active,c537c281-b6ad-4842-94ec-e937be0083e5,b91e5624-cc6c-4e51-805c-0a1a12d710ea,,"{""title"": ""Vehicle Technician""}",2026-08-10 18:35:02.807611+00,2026-08-10 19:10:28.327832+00
e3558ee6-f358-4467-ac51-00c0aa187644,LLX-COL-00586,Supun Karunaratne,supun.mech@lankalogix.com,+94 74 976 7707,user,active,c537c281-b6ad-4842-94ec-e937be0083e5,b91e5624-cc6c-4e51-805c-0a1a12d710ea,,"{""title"": ""Brake & Tyre Technician""}",2026-08-10 18:35:03.040868+00,2026-08-10 19:10:28.327832+00
92ed4de4-9c5c-4d11-a52f-9653a34addec,LLX-COL-00587,Sathyabama Sivalingam,sathyabama.mech@lankalogix.com,+94 78 856 8529,user,active,c537c281-b6ad-4842-94ec-e937be0083e5,b91e5624-cc6c-4e51-805c-0a1a12d710ea,,"{""title"": ""Vehicle Technician""}",2026-08-10 18:35:03.316154+00,2026-08-10 19:10:28.327832+00
69740143-f533-4866-a394-3d1ba98f20a7,LLX-COL-00588,Nadhira Rahman,nadhira.mech@lankalogix.com,+94 77 259 3496,user,active,c537c281-b6ad-4842-94ec-e937be0083e5,b91e5624-cc6c-4e51-805c-0a1a12d710ea,,"{""title"": ""Vehicle Technician""}",2026-08-10 18:35:03.604319+00,2026-08-10 19:10:28.327832+00
acc29e92-bfe4-4843-8a5e-b9f6e945a18e,LLX-COL-00589,Vimukthi Wijesinghe,vimukthi.mech@lankalogix.com,+94 74 182 9327,user,active,c537c281-b6ad-4842-94ec-e937be0083e5,b91e5624-cc6c-4e51-805c-0a1a12d710ea,,"{""title"": ""Vehicle Technician""}",2026-08-10 18:35:03.923931+00,2026-08-10 19:10:28.327832+00
c9371eef-cb2f-45af-926f-13217cb6a7ad,LLX-COL-00590,Hasitha Gunasekara,hasitha.mech@lankalogix.com,+94 74 927 9779,user,active,c537c281-b6ad-4842-94ec-e937be0083e5,b91e5624-cc6c-4e51-805c-0a1a12d710ea,,"{""title"": ""Workshop Foreman""}",2026-08-10 18:35:04.155205+00,2026-08-10 19:10:28.327832+00
0e660caf-be56-441a-9248-89924b2ed16d,LLX-COL-00591,Tharindu Samaraweera,tharindus.mech@lankalogix.com,+94 78 529 3811,user,active,c537c281-b6ad-4842-94ec-e937be0083e5,b91e5624-cc6c-4e51-805c-0a1a12d710ea,,"{""title"": ""Workshop Foreman""}",2026-08-10 18:35:04.388483+00,2026-08-10 19:10:28.327832+00
44decfc6-95e9-4892-afa1-68bc4c79b9b6,LLX-COL-00592,Tharindu Ratnayake,tharindur.mech@lankalogix.com,+94 71 809 2306,user,active,c537c281-b6ad-4842-94ec-e937be0083e5,b91e5624-cc6c-4e51-805c-0a1a12d710ea,,"{""title"": ""Workshop Foreman""}",2026-08-10 18:35:04.623559+00,2026-08-10 19:10:28.327832+00
cfcb23c6-f209-48fb-b2ab-5f79f711f9cc,LLX-COL-00593,Viraj Ekanayake,viraj.elec@lankalogix.com,+94 77 894 8673,user,active,c537c281-b6ad-4842-94ec-e937be0083e5,2f868ddc-48bb-41c3-a3f6-04e80e172902,,"{""title"": ""Senior Auto Electrician""}",2026-08-10 18:35:04.957415+00,2026-08-10 19:10:28.327832+00
f1ed49ec-e79c-46e4-82c1-3e63309056fd,LLX-COL-00594,Kelum Jayawardena,kelum.elec@lankalogix.com,+94 76 227 1383,user,active,c537c281-b6ad-4842-94ec-e937be0083e5,2f868ddc-48bb-41c3-a3f6-04e80e172902,,"{""title"": ""Auto Electrician""}",2026-08-10 18:35:05.258413+00,2026-08-10 19:10:28.327832+00
0045edfa-b68e-4e8a-8cb4-619cb936cc49,LLX-COL-00595,Shanthi Vairamuthu,shanthi.elec@lankalogix.com,+94 71 569 6337,user,active,c537c281-b6ad-4842-94ec-e937be0083e5,2f868ddc-48bb-41c3-a3f6-04e80e172902,,"{""title"": ""Auto Electrician""}",2026-08-10 18:35:05.490322+00,2026-08-10 19:10:28.327832+00
b7d6f932-49f4-46ba-85fa-9c50ab72be6f,LLX-COL-00596,Rauf Wahab,rauf.elec@lankalogix.com,+94 71 545 6145,user,active,c537c281-b6ad-4842-94ec-e937be0083e5,2f868ddc-48bb-41c3-a3f6-04e80e172902,,"{""title"": ""Auto Electrician""}",2026-08-10 18:35:05.768498+00,2026-08-10 19:10:28.327832+00
9f45c98b-3562-45af-8cb4-fee17952ecd9,LLX-COL-00597,Geethani Pathirana,geethani.elec@lankalogix.com,+94 70 746 5240,user,active,c537c281-b6ad-4842-94ec-e937be0083e5,2f868ddc-48bb-41c3-a3f6-04e80e172902,,"{""title"": ""Charging Infrastructure Technician""}",2026-08-10 18:35:06.082422+00,2026-08-10 19:10:28.327832+00
5284761e-4d1d-4e36-97eb-848604be7358,LLX-COL-00598,Mohamed Farook,mohamed.elec@lankalogix.com,+94 71 326 2996,user,active,c537c281-b6ad-4842-94ec-e937be0083e5,2f868ddc-48bb-41c3-a3f6-04e80e172902,,"{""title"": ""Charging Infrastructure Technician""}",2026-08-10 18:35:06.401544+00,2026-08-10 19:10:28.327832+00
8eff9acb-560a-454d-b4e0-e23389a2264b,LLX-COL-00599,Heshan Dissanayake,heshan.elec@lankalogix.com,+94 70 774 8014,user,active,c537c281-b6ad-4842-94ec-e937be0083e5,2f868ddc-48bb-41c3-a3f6-04e80e172902,,"{""title"": ""Battery Systems Technician""}",2026-08-10 18:35:06.698185+00,2026-08-10 19:10:28.327832+00
233aac45-07b9-46b4-af83-c4c76f181669,LLX-COL-00600,Wasantha Ranasinghe,wasantha.elec@lankalogix.com,+94 71 376 1335,user,active,c537c281-b6ad-4842-94ec-e937be0083e5,2f868ddc-48bb-41c3-a3f6-04e80e172902,,"{""title"": ""Battery Systems Technician""}",2026-08-10 18:35:07.000049+00,2026-08-10 19:10:28.327832+00
46b65206-6f2c-4777-b6a0-ed9d0d81dc19,LLX-COL-00601,Milinda Mendis,milinda.elec@lankalogix.com,+94 71 569 4076,user,active,c537c281-b6ad-4842-94ec-e937be0083e5,2f868ddc-48bb-41c3-a3f6-04e80e172902,,"{""title"": ""Charging Infrastructure Technician""}",2026-08-10 18:35:07.309076+00,2026-08-10 19:10:28.327832+00
a817e3da-c239-49df-b5b4-e605451fa66c,LLX-COL-00602,Tharindu Peiris,tharindu.elec@lankalogix.com,+94 77 832 5209,user,active,c537c281-b6ad-4842-94ec-e937be0083e5,2f868ddc-48bb-41c3-a3f6-04e80e172902,,"{""title"": ""Battery Systems Technician""}",2026-08-10 18:35:07.609961+00,2026-08-10 19:10:28.327832+00
f2e3adca-c995-4570-a695-525ef502c1ef,LLX-COL-00603,Erandi Amarasinghe,erandi.elec@lankalogix.com,+94 70 569 6745,user,active,c537c281-b6ad-4842-94ec-e937be0083e5,2f868ddc-48bb-41c3-a3f6-04e80e172902,,"{""title"": ""Auto Electrician""}",2026-08-10 18:35:07.843712+00,2026-08-10 19:10:28.327832+00
7172df17-f1b4-41d1-a5ee-2bf445703d25,LLX-COL-00604,Tharindu Silva,tharindus.elec@lankalogix.com,+94 78 855 3712,user,active,c537c281-b6ad-4842-94ec-e937be0083e5,2f868ddc-48bb-41c3-a3f6-04e80e172902,,"{""title"": ""Senior Auto Electrician""}",2026-08-10 18:35:08.077447+00,2026-08-10 19:10:28.327832+00
1be99cf1-0064-40de-97d1-e13ad6bf2a1f,LLX-COL-00605,Nishantha Udawatta,nishantha.elec@lankalogix.com,+94 75 319 1801,user,suspended,c537c281-b6ad-4842-94ec-e937be0083e5,2f868ddc-48bb-41c3-a3f6-04e80e172902,,"{""title"": ""Auto Electrician""}",2026-08-10 18:35:08.326873+00,2026-08-10 19:10:28.327832+00
4004e7eb-3344-4419-9e8c-b6a39833a966,LLX-COL-00606,Kelum Ranasinghe,kelumr.elec@lankalogix.com,+94 72 385 3777,user,active,c537c281-b6ad-4842-94ec-e937be0083e5,2f868ddc-48bb-41c3-a3f6-04e80e172902,,"{""title"": ""Battery Systems Technician""}",2026-08-10 18:35:08.644405+00,2026-08-10 19:10:28.327832+00
5e18dd32-52bf-446f-b5b4-306dd776e223,LLX-COL-00607,Gihan Nanayakkara,gihan.elec@lankalogix.com,+94 75 988 9735,user,active,c537c281-b6ad-4842-94ec-e937be0083e5,2f868ddc-48bb-41c3-a3f6-04e80e172902,,"{""title"": ""Auto Electrician""}",2026-08-10 18:35:08.942331+00,2026-08-10 19:10:28.327832+00
45e88c26-b5d7-4353-ad6a-6acd15416a21,LLX-COL-00608,Rifky Wahab,rifky.sft@lankalogix.com,+94 77 735 6464,user,active,c537c281-b6ad-4842-94ec-e937be0083e5,bc1dca59-ea5b-48d4-8749-99e0a1e74b0a,,"{""title"": ""Platform Support Analyst""}",2026-08-10 18:35:09.181512+00,2026-08-10 19:10:28.327832+00
e18b9597-e19d-4125-87b3-e16052485871,LLX-COL-00609,Sathyabama Kandasamy,sathyabama.sft@lankalogix.com,+94 74 387 9550,user,active,c537c281-b6ad-4842-94ec-e937be0083e5,bc1dca59-ea5b-48d4-8749-99e0a1e74b0a,,"{""title"": ""Data Integration Engineer""}",2026-08-10 18:35:09.458436+00,2026-08-10 19:10:28.327832+00
9bc0ebab-c628-4af5-b5cc-f9a69e14ee0c,LLX-COL-00610,Nimasha Gunasekara,nimasha.sft@lankalogix.com,+94 71 860 9249,user,active,c537c281-b6ad-4842-94ec-e937be0083e5,bc1dca59-ea5b-48d4-8749-99e0a1e74b0a,,"{""title"": ""Systems Support Engineer""}",2026-08-10 18:35:09.688764+00,2026-08-10 19:10:28.327832+00
84ed798e-b511-4f4a-aa3a-e26029fdaf93,LLX-COL-00611,Menaka Mendis,menaka.sft@lankalogix.com,+94 74 101 7331,user,active,c537c281-b6ad-4842-94ec-e937be0083e5,bc1dca59-ea5b-48d4-8749-99e0a1e74b0a,,"{""title"": ""Data Integration Engineer""}",2026-08-10 18:35:09.968749+00,2026-08-10 19:10:28.327832+00
5b4b300b-3f2b-4fb0-bc62-3eae56605668,LLX-COL-00612,Kasun Kodikara,kasun.sft@lankalogix.com,+94 76 622 5410,user,active,c537c281-b6ad-4842-94ec-e937be0083e5,bc1dca59-ea5b-48d4-8749-99e0a1e74b0a,,"{""title"": ""Telematics Engineer""}",2026-08-10 18:35:10.27375+00,2026-08-10 19:10:28.327832+00
fb16df24-42b0-44f6-8de3-8f95cdd7dc1f,LLX-COL-00613,Kalaivani Vairamuthu,kalaivani.sft@lankalogix.com,+94 72 746 6808,user,active,c537c281-b6ad-4842-94ec-e937be0083e5,bc1dca59-ea5b-48d4-8749-99e0a1e74b0a,,"{""title"": ""Platform Support Analyst""}",2026-08-10 18:35:10.505852+00,2026-08-10 19:10:28.327832+00
667f1ef6-99d9-4cff-b551-bc452b65fc89,LLX-COL-00614,Gayathri Karunaratne,gayathri.sft@lankalogix.com,+94 78 558 6567,user,active,c537c281-b6ad-4842-94ec-e937be0083e5,bc1dca59-ea5b-48d4-8749-99e0a1e74b0a,,"{""title"": ""Systems Support Engineer""}",2026-08-10 18:35:10.7836+00,2026-08-10 19:10:28.327832+00
00e5d1da-737f-4af2-9618-a843c6ba6bc0,LLX-COL-00615,Ruwani Kumarasinghe,ruwani.sft@lankalogix.com,+94 72 732 3900,user,active,c537c281-b6ad-4842-94ec-e937be0083e5,bc1dca59-ea5b-48d4-8749-99e0a1e74b0a,,"{""title"": ""Systems Support Engineer""}",2026-08-10 18:35:11.014224+00,2026-08-10 19:10:28.327832+00
667d30e7-2ca8-4daf-a15b-726dd313894a,LLX-COL-00616,Isuru Hettiarachchi,isuru.adm@lankalogix.com,+94 70 986 5111,user,active,c537c281-b6ad-4842-94ec-e937be0083e5,c5625abb-29ec-42b7-8c63-1cc85fd17f62,,"{""title"": ""Records Officer""}",2026-08-10 18:35:11.24427+00,2026-08-10 19:10:28.327832+00
096759cb-effc-4800-8b7a-275413bd9728,LLX-COL-00617,Piumi Vithanage,piumi.adm@lankalogix.com,+94 70 949 5163,user,active,c537c281-b6ad-4842-94ec-e937be0083e5,c5625abb-29ec-42b7-8c63-1cc85fd17f62,,"{""title"": ""Scheduling Coordinator""}",2026-08-10 18:35:11.480371+00,2026-08-10 19:10:28.327832+00
640ba70f-28ac-4e28-911a-706f1d595221,LLX-COL-00618,Tharaka Kumarasinghe,tharaka.adm@lankalogix.com,+94 77 894 3703,user,active,c537c281-b6ad-4842-94ec-e937be0083e5,c5625abb-29ec-42b7-8c63-1cc85fd17f62,,"{""title"": ""Records Officer""}",2026-08-10 18:35:11.71027+00,2026-08-10 19:10:28.327832+00
4ce47136-6825-4d61-b282-1e0d1adee509,LLX-COL-00619,Thushara Opatha,thushara.adm@lankalogix.com,+94 70 877 3107,user,active,c537c281-b6ad-4842-94ec-e937be0083e5,c5625abb-29ec-42b7-8c63-1cc85fd17f62,,"{""title"": ""Administrative Officer""}",2026-08-10 18:35:11.941447+00,2026-08-10 19:10:28.327832+00
ba5fc582-11ec-4010-b89b-14c6dd4baff7,LLX-COL-00620,Anusha Weerasinghe,anusha.adm@lankalogix.com,+94 70 925 8803,user,active,c537c281-b6ad-4842-94ec-e937be0083e5,c5625abb-29ec-42b7-8c63-1cc85fd17f62,,"{""title"": ""Administrative Officer""}",2026-08-10 18:35:12.220447+00,2026-08-10 19:10:28.327832+00
d24973fa-606a-4901-80ad-90da2b82381d,LLX-BDL-00001,Demo Admin (Badulla),demoadminbadulla.adm@lankalogix.com,+94 76 239 3490,admin,active,23a10ad6-f2ff-4aab-9878-de0f37f6bbe0,bf580598-b1b8-411e-81fc-df85f00b87ef,,"{""title"": ""Demo Administrator"", ""demo_account"": true}",2026-08-10 18:35:12.534545+00,2026-08-10 19:10:28.327832+00
aada5154-309f-43bd-8d2c-73798563e2ac,LLX-BDL-00002,Demo User (Badulla),demouserbadulla.adm@lankalogix.com,+94 71 214 1475,user,active,23a10ad6-f2ff-4aab-9878-de0f37f6bbe0,bf580598-b1b8-411e-81fc-df85f00b87ef,,"{""title"": ""Demo User"", ""demo_account"": true}",2026-08-10 18:35:12.766968+00,2026-08-10 19:10:28.327832+00
f1476a1a-5d8e-4c9d-8772-bdb92488fb29,LLX-BDL-00003,Kalana Weerasinghe,kalana.adm@lankalogix.com,+94 70 699 7473,admin,active,23a10ad6-f2ff-4aab-9878-de0f37f6bbe0,bf580598-b1b8-411e-81fc-df85f00b87ef,,"{""title"": ""Warehouse Manager""}",2026-08-10 18:35:13.03891+00,2026-08-10 19:10:28.327832+00
7d29aca5-e5e4-466c-bd97-faa538283028,LLX-BDL-00004,Chathura Udawatta,chathura.adm@lankalogix.com,+94 75 562 7976,admin,active,23a10ad6-f2ff-4aab-9878-de0f37f6bbe0,bf580598-b1b8-411e-81fc-df85f00b87ef,,"{""title"": ""Assistant Warehouse Manager""}",2026-08-10 18:35:13.345248+00,2026-08-10 19:10:28.327832+00
0d453850-3c09-409d-853f-a3e43dd5a39e,LLX-BDL-00005,Chandima Samarasinghe,chandima.adm@lankalogix.com,+94 75 981 4502,admin,active,23a10ad6-f2ff-4aab-9878-de0f37f6bbe0,bf580598-b1b8-411e-81fc-df85f00b87ef,,"{""title"": ""Fleet Manager""}",2026-08-10 18:35:13.649837+00,2026-08-10 19:10:28.327832+00
16876354-5851-462c-bcaa-9ff71f731985,LLX-BDL-00006,Udara Wanigasekara,udara.adm@lankalogix.com,+94 78 858 9340,admin,active,23a10ad6-f2ff-4aab-9878-de0f37f6bbe0,bf580598-b1b8-411e-81fc-df85f00b87ef,,"{""title"": ""Maintenance Manager""}",2026-08-10 18:35:13.964287+00,2026-08-10 19:10:28.327832+00
1ca1591a-073e-4f99-adcd-0fb32f509e5a,LLX-BDL-00007,Sathyabama Muthukumar,sathyabama.adm@lankalogix.com,+94 70 609 8095,admin,active,23a10ad6-f2ff-4aab-9878-de0f37f6bbe0,bf580598-b1b8-411e-81fc-df85f00b87ef,,"{""title"": ""Operations Manager""}",2026-08-10 18:35:14.271942+00,2026-08-10 19:10:28.327832+00
c40a9897-7182-4676-8f9b-339ec86e3462,LLX-BDL-00008,Milinda Thilakaratne,milinda.adm@lankalogix.com,+94 70 837 8139,admin,active,23a10ad6-f2ff-4aab-9878-de0f37f6bbe0,bf580598-b1b8-411e-81fc-df85f00b87ef,,"{""title"": ""Safety & Compliance Manager""}",2026-08-10 18:35:14.606146+00,2026-08-10 19:10:28.327832+00
14294bcc-4609-4078-82d0-3af8051a00ce,LLX-BDL-00009,Jagath Weerasinghe,jagath.adm@lankalogix.com,+94 76 784 1347,admin,active,23a10ad6-f2ff-4aab-9878-de0f37f6bbe0,bf580598-b1b8-411e-81fc-df85f00b87ef,,"{""title"": ""Logistics Manager""}",2026-08-10 18:35:14.846783+00,2026-08-10 19:10:28.327832+00
613bf044-7d90-4530-bd18-c89645622a2f,LLX-BDL-00010,Kasun Vithanage,kasun.adm@lankalogix.com,+94 78 749 2537,admin,active,23a10ad6-f2ff-4aab-9878-de0f37f6bbe0,bf580598-b1b8-411e-81fc-df85f00b87ef,,"{""title"": ""Shift Manager""}",2026-08-10 18:35:15.081039+00,2026-08-10 19:10:28.327832+00
b221dd05-f6a4-45b2-b09b-265936bd8462,LLX-BDL-00011,Sewwandi Samarasinghe,sewwandis.log@lankalogix.com,+94 71 649 4287,user,active,23a10ad6-f2ff-4aab-9878-de0f37f6bbe0,c24b3130-482c-4313-a6c9-416e6cd7c9a6,,"{""title"": ""Driver""}",2026-08-10 18:35:15.396176+00,2026-08-10 19:10:28.327832+00
73e9a127-2873-4f2f-95a5-abfdf1dfe5b4,LLX-BDL-00012,Kasun Nanayakkara,kasunn.log@lankalogix.com,+94 76 194 4396,user,active,23a10ad6-f2ff-4aab-9878-de0f37f6bbe0,c24b3130-482c-4313-a6c9-416e6cd7c9a6,,"{""title"": ""Shift Lead - Fleet""}",2026-08-10 18:35:15.625137+00,2026-08-10 19:10:28.327832+00
b85ae036-c779-4f62-a02c-5543cd2a0c12,LLX-BDL-00013,Supun Jayasuriya,supunj.log@lankalogix.com,+94 70 664 5778,user,active,23a10ad6-f2ff-4aab-9878-de0f37f6bbe0,c24b3130-482c-4313-a6c9-416e6cd7c9a6,,"{""title"": ""Forklift Operator""}",2026-08-10 18:35:15.906319+00,2026-08-10 19:10:28.327832+00
69125b04-8e8a-4de5-85a1-c3a6584051be,LLX-BDL-00014,Jagath Fernando,jagathf.log@lankalogix.com,+94 74 408 8783,user,active,23a10ad6-f2ff-4aab-9878-de0f37f6bbe0,c24b3130-482c-4313-a6c9-416e6cd7c9a6,,"{""title"": ""Driver""}",2026-08-10 18:35:16.213286+00,2026-08-10 19:10:28.327832+00
6bbcaed0-8dbb-4010-9f0e-ed858e55af44,LLX-BDL-00015,Nuwan Edirisinghe,nuwane.log@lankalogix.com,+94 72 875 3103,user,active,23a10ad6-f2ff-4aab-9878-de0f37f6bbe0,c24b3130-482c-4313-a6c9-416e6cd7c9a6,,"{""title"": ""Forklift Operator""}",2026-08-10 18:35:16.502877+00,2026-08-10 19:10:28.327832+00
775fd2f5-2c0b-4e7a-b88a-655e5d8af468,LLX-BDL-00016,Sanduni Bandara,sandunib.log@lankalogix.com,+94 77 125 2090,user,suspended,23a10ad6-f2ff-4aab-9878-de0f37f6bbe0,c24b3130-482c-4313-a6c9-416e6cd7c9a6,,"{""title"": ""Driver""}",2026-08-10 18:35:16.749067+00,2026-08-10 19:10:28.327832+00
40599815-5b87-4588-9e74-3c01e0c6ccf3,LLX-BDL-00017,Jeyakumar Sivalingam,jeyakumars3.log@lankalogix.com,+94 71 695 2243,user,active,23a10ad6-f2ff-4aab-9878-de0f37f6bbe0,c24b3130-482c-4313-a6c9-416e6cd7c9a6,,"{""title"": ""Driver""}",2026-08-10 18:35:17.028912+00,2026-08-10 19:10:28.327832+00
00da3663-6edd-4d2c-9160-4dc40ce54b3a,LLX-BDL-00018,Nuwan Hettiarachchi,nuwanh.log@lankalogix.com,+94 70 273 1999,user,active,23a10ad6-f2ff-4aab-9878-de0f37f6bbe0,c24b3130-482c-4313-a6c9-416e6cd7c9a6,,"{""title"": ""Driver""}",2026-08-10 18:35:17.34025+00,2026-08-10 19:10:28.327832+00
daed14d1-fc2b-4d7e-9d2d-2e18ff9be508,LLX-BDL-00019,Buddhika Samaraweera,buddhikas.log@lankalogix.com,+94 78 347 7388,user,active,23a10ad6-f2ff-4aab-9878-de0f37f6bbe0,c24b3130-482c-4313-a6c9-416e6cd7c9a6,,"{""title"": ""Driver""}",2026-08-10 18:35:17.578121+00,2026-08-10 19:10:28.327832+00
97205036-9a59-4b46-aa8e-9307852f2736,LLX-BDL-00020,Mohamed Zubair,mohamedz.log@lankalogix.com,+94 71 982 1970,user,active,23a10ad6-f2ff-4aab-9878-de0f37f6bbe0,c24b3130-482c-4313-a6c9-416e6cd7c9a6,,"{""title"": ""Dispatch Coordinator""}",2026-08-10 18:35:17.840151+00,2026-08-10 19:10:28.327832+00
77c677a3-c716-4429-93c7-debdff3da462,LLX-BDL-00021,Nimal Kodikara,nimalk2.log@lankalogix.com,+94 77 637 2903,user,active,23a10ad6-f2ff-4aab-9878-de0f37f6bbe0,c24b3130-482c-4313-a6c9-416e6cd7c9a6,,"{""title"": ""Driver""}",2026-08-10 18:35:18.189662+00,2026-08-10 19:10:28.327832+00
55c4def3-5934-4fbb-b3a9-0742643e089b,LLX-BDL-00022,Nayomi Senanayake,nayomis.log@lankalogix.com,+94 74 722 9307,user,active,23a10ad6-f2ff-4aab-9878-de0f37f6bbe0,c24b3130-482c-4313-a6c9-416e6cd7c9a6,,"{""title"": ""Driver""}",2026-08-10 18:35:18.433642+00,2026-08-10 19:10:28.327832+00
83d472b5-dd92-42a8-a953-35d233862a56,LLX-BDL-00023,Amila Dissanayake,amilad.log@lankalogix.com,+94 71 695 2650,user,active,23a10ad6-f2ff-4aab-9878-de0f37f6bbe0,c24b3130-482c-4313-a6c9-416e6cd7c9a6,,"{""title"": ""Driver""}",2026-08-10 18:35:18.663129+00,2026-08-10 19:10:28.327832+00
2dabb25f-496d-4f26-9fc4-bb7203fc6b06,LLX-BDL-00024,Yogeswaran Krishnapillai,yogeswarank.log@lankalogix.com,+94 75 297 6314,user,active,23a10ad6-f2ff-4aab-9878-de0f37f6bbe0,c24b3130-482c-4313-a6c9-416e6cd7c9a6,,"{""title"": ""Forklift Operator""}",2026-08-10 18:35:18.892201+00,2026-08-10 19:10:28.327832+00
a1af881f-f56a-4b6c-907e-4f11bc62b30b,LLX-BDL-00025,Rizwan Zubair,rizwanz.log@lankalogix.com,+94 70 541 3585,user,active,23a10ad6-f2ff-4aab-9878-de0f37f6bbe0,c24b3130-482c-4313-a6c9-416e6cd7c9a6,,"{""title"": ""Shift Lead - Fleet""}",2026-08-10 18:35:19.390353+00,2026-08-10 19:10:28.327832+00
5250a6e8-dae1-44d3-a749-0de618f21f17,LLX-BDL-00026,Thiru Sivanathan,thirus.log@lankalogix.com,+94 75 374 7015,user,active,23a10ad6-f2ff-4aab-9878-de0f37f6bbe0,c24b3130-482c-4313-a6c9-416e6cd7c9a6,,"{""title"": ""Driver""}",2026-08-10 18:35:19.625613+00,2026-08-10 19:10:28.327832+00
4240a899-92e1-44cc-a166-b3c8e4b402d3,LLX-BDL-00027,Asanka Tennakoon,asankat.log@lankalogix.com,+94 71 626 5769,user,active,23a10ad6-f2ff-4aab-9878-de0f37f6bbe0,c24b3130-482c-4313-a6c9-416e6cd7c9a6,,"{""title"": ""Forklift Operator""}",2026-08-10 18:35:19.858934+00,2026-08-10 19:10:28.327832+00
d0b486c5-2d98-4a1b-a9bb-bbbbf445d633,LLX-BDL-00028,Vindya Chandrasiri,vindyac.log@lankalogix.com,+94 72 824 4384,user,active,23a10ad6-f2ff-4aab-9878-de0f37f6bbe0,c24b3130-482c-4313-a6c9-416e6cd7c9a6,,"{""title"": ""Driver""}",2026-08-10 18:35:20.092342+00,2026-08-10 19:10:28.327832+00
52c0f469-25d8-48bb-83fc-f60dc8b82e7d,LLX-BDL-00029,Wasantha Wijesinghe,wasanthaw3.log@lankalogix.com,+94 75 155 8702,user,active,23a10ad6-f2ff-4aab-9878-de0f37f6bbe0,c24b3130-482c-4313-a6c9-416e6cd7c9a6,,"{""title"": ""Forklift Operator""}",2026-08-10 18:35:20.326627+00,2026-08-10 19:10:28.327832+00
9bd1b385-5443-456b-8d15-0dfaae56ce62,LLX-BDL-00030,Ajith Opatha,ajitho.log@lankalogix.com,+94 75 363 4744,user,active,23a10ad6-f2ff-4aab-9878-de0f37f6bbe0,c24b3130-482c-4313-a6c9-416e6cd7c9a6,,"{""title"": ""Forklift Operator""}",2026-08-10 18:35:20.567413+00,2026-08-10 19:10:28.327832+00
d75a5c51-3679-45f1-bdb4-c7d37c50a47e,LLX-BDL-00031,Dhanushka Vithanage,dhanushkav.log@lankalogix.com,+94 71 823 1038,user,active,23a10ad6-f2ff-4aab-9878-de0f37f6bbe0,c24b3130-482c-4313-a6c9-416e6cd7c9a6,,"{""title"": ""Driver""}",2026-08-10 18:35:20.802851+00,2026-08-10 19:10:28.327832+00
11d49ef0-98e1-49a9-a095-7ad9ebcc59a1,LLX-BDL-00032,Milinda Jayawardena,milindaj.log@lankalogix.com,+94 71 372 7367,user,active,23a10ad6-f2ff-4aab-9878-de0f37f6bbe0,c24b3130-482c-4313-a6c9-416e6cd7c9a6,,"{""title"": ""Driver""}",2026-08-10 18:35:21.031575+00,2026-08-10 19:10:28.327832+00
7d68edab-c790-4e9a-8a6f-8a41d21777e4,LLX-BDL-00033,Ishara Gunasekara,isharag.log@lankalogix.com,+94 70 408 5321,user,active,23a10ad6-f2ff-4aab-9878-de0f37f6bbe0,c24b3130-482c-4313-a6c9-416e6cd7c9a6,,"{""title"": ""Shift Lead - Fleet""}",2026-08-10 18:35:21.260113+00,2026-08-10 19:10:28.327832+00
b10d084f-e79b-4fcd-90ba-6d6de4f66845,LLX-BDL-00035,Rizwan Cassim,rizwanc.log@lankalogix.com,+94 77 866 5475,user,active,23a10ad6-f2ff-4aab-9878-de0f37f6bbe0,c24b3130-482c-4313-a6c9-416e6cd7c9a6,,"{""title"": ""Driver""}",2026-08-10 18:35:21.792785+00,2026-08-10 19:10:28.327832+00
2b2dd463-c79c-4e5e-9b4c-4bf76d30b8fa,LLX-BDL-00036,Menaka Karunaratne,menakak.log@lankalogix.com,+94 75 395 6355,user,active,23a10ad6-f2ff-4aab-9878-de0f37f6bbe0,c24b3130-482c-4313-a6c9-416e6cd7c9a6,,"{""title"": ""Driver""}",2026-08-10 18:35:22.026888+00,2026-08-10 19:10:28.327832+00
4fc080c8-855a-4a65-a2a5-c48d40f235ab,LLX-BDL-00037,Chaminda Liyanage,chamindal.log@lankalogix.com,+94 71 670 5999,user,inactive,23a10ad6-f2ff-4aab-9878-de0f37f6bbe0,c24b3130-482c-4313-a6c9-416e6cd7c9a6,,"{""title"": ""Shift Lead - Fleet""}",2026-08-10 18:35:22.255468+00,2026-08-10 19:10:28.327832+00
ef6299ea-dce6-47c7-9ad0-1881136969f0,LLX-BDL-00038,Sameera Herath,sameerah2.log@lankalogix.com,+94 77 332 1417,user,active,23a10ad6-f2ff-4aab-9878-de0f37f6bbe0,c24b3130-482c-4313-a6c9-416e6cd7c9a6,,"{""title"": ""Shift Lead - Fleet""}",2026-08-10 18:35:22.561426+00,2026-08-10 19:10:28.327832+00
0a351293-de20-4329-adb6-b75d386c78b6,LLX-BDL-00039,Gayathri Galappaththi,gayathrig.log@lankalogix.com,+94 74 129 1678,user,active,23a10ad6-f2ff-4aab-9878-de0f37f6bbe0,c24b3130-482c-4313-a6c9-416e6cd7c9a6,,"{""title"": ""Dispatch Coordinator""}",2026-08-10 18:35:22.814822+00,2026-08-10 19:10:28.327832+00
fca6c7c6-7891-4e0d-bae3-be75e03db35c,LLX-BDL-00040,Duminda Perera,dumindap.log@lankalogix.com,+94 78 239 1066,user,active,23a10ad6-f2ff-4aab-9878-de0f37f6bbe0,c24b3130-482c-4313-a6c9-416e6cd7c9a6,,"{""title"": ""Driver""}",2026-08-10 18:35:23.04567+00,2026-08-10 19:10:28.327832+00
0c6723a0-a951-45af-b5a1-c402641b3d00,LLX-BDL-00041,Sampath Kodikara,sampathk.log@lankalogix.com,+94 75 539 6810,user,active,23a10ad6-f2ff-4aab-9878-de0f37f6bbe0,c24b3130-482c-4313-a6c9-416e6cd7c9a6,,"{""title"": ""Forklift Operator""}",2026-08-10 18:35:23.386497+00,2026-08-10 19:10:28.327832+00
bde86dca-cbc5-42f7-9f67-3f1be7a6da72,LLX-BDL-00042,Chanaka Ratnayake,chanakar.log@lankalogix.com,+94 75 710 9434,user,active,23a10ad6-f2ff-4aab-9878-de0f37f6bbe0,c24b3130-482c-4313-a6c9-416e6cd7c9a6,,"{""title"": ""Driver""}",2026-08-10 18:35:23.61812+00,2026-08-10 19:10:28.327832+00
395c47cc-fcf0-4dba-a308-985c549bc54c,LLX-BDL-00043,Thevan Nadarajah,thevann.log@lankalogix.com,+94 72 741 3263,user,active,23a10ad6-f2ff-4aab-9878-de0f37f6bbe0,c24b3130-482c-4313-a6c9-416e6cd7c9a6,,"{""title"": ""Shift Lead - Fleet""}",2026-08-10 18:35:23.851195+00,2026-08-10 19:10:28.327832+00
7b065213-adca-4208-8606-e24d876515ac,LLX-BDL-00044,Amila Liyanage,amilal.log@lankalogix.com,+94 77 262 8359,user,active,23a10ad6-f2ff-4aab-9878-de0f37f6bbe0,c24b3130-482c-4313-a6c9-416e6cd7c9a6,,"{""title"": ""Forklift Operator""}",2026-08-10 18:35:24.095719+00,2026-08-10 19:10:28.327832+00
35435063-92fc-49ec-8f3f-19b3b315f062,LLX-BDL-00045,Nethmi Alwis,nethmia.log@lankalogix.com,+94 72 209 6590,user,active,23a10ad6-f2ff-4aab-9878-de0f37f6bbe0,c24b3130-482c-4313-a6c9-416e6cd7c9a6,,"{""title"": ""Driver""}",2026-08-10 18:35:24.325559+00,2026-08-10 19:10:28.327832+00
3b66fe50-d5c5-40b9-89c6-cbd673df729f,LLX-BDL-00046,Jeyakumar Kandasamy,jeyakumark3.log@lankalogix.com,+94 78 674 5683,user,active,23a10ad6-f2ff-4aab-9878-de0f37f6bbe0,c24b3130-482c-4313-a6c9-416e6cd7c9a6,,"{""title"": ""Driver""}",2026-08-10 18:35:24.619783+00,2026-08-10 19:10:28.327832+00
b28dbf3d-bdfd-4aac-b43a-4e5b958f947b,LLX-BDL-00047,Sunil Abeywickrama,sunila.log@lankalogix.com,+94 77 292 7738,user,active,23a10ad6-f2ff-4aab-9878-de0f37f6bbe0,c24b3130-482c-4313-a6c9-416e6cd7c9a6,,"{""title"": ""Forklift Operator""}",2026-08-10 18:35:24.865545+00,2026-08-10 19:10:28.327832+00
210c1a12-cc64-4178-a722-959c4fa9bf8c,LLX-BDL-00048,Thushara Ekanayake,thusharae.log@lankalogix.com,+94 75 869 1535,user,active,23a10ad6-f2ff-4aab-9878-de0f37f6bbe0,c24b3130-482c-4313-a6c9-416e6cd7c9a6,,"{""title"": ""Senior Driver""}",2026-08-10 18:35:25.105318+00,2026-08-10 19:10:28.327832+00
7eff8fb1-e5f6-43d1-9e6b-dd2f71f1fa19,LLX-BDL-00049,Hiruni Ranasinghe,hirunir.log@lankalogix.com,+94 77 809 5391,user,active,23a10ad6-f2ff-4aab-9878-de0f37f6bbe0,c24b3130-482c-4313-a6c9-416e6cd7c9a6,,"{""title"": ""Senior Driver""}",2026-08-10 18:35:25.435987+00,2026-08-10 19:10:28.327832+00
672d2211-01c0-4d57-9cc6-820a42f9f6ba,LLX-BDL-00050,Nalin Nanayakkara,nalinn.log@lankalogix.com,+94 76 750 6440,user,active,23a10ad6-f2ff-4aab-9878-de0f37f6bbe0,c24b3130-482c-4313-a6c9-416e6cd7c9a6,,"{""title"": ""Forklift Operator""}",2026-08-10 18:35:25.748821+00,2026-08-10 19:10:28.327832+00
ab83ce15-7469-4677-a0ab-60c04e80dc38,LLX-BDL-00051,Isuru Mendis,isurum2.log@lankalogix.com,+94 72 867 6670,user,active,23a10ad6-f2ff-4aab-9878-de0f37f6bbe0,c24b3130-482c-4313-a6c9-416e6cd7c9a6,,"{""title"": ""Driver""}",2026-08-10 18:35:25.983912+00,2026-08-10 19:10:28.327832+00
6d59fbf8-43a3-4448-8a6b-b1bfd7c603ee,LLX-BDL-00052,Roshan Illangakoon,roshani.log@lankalogix.com,+94 75 274 7032,user,active,23a10ad6-f2ff-4aab-9878-de0f37f6bbe0,c24b3130-482c-4313-a6c9-416e6cd7c9a6,,"{""title"": ""Driver""}",2026-08-10 18:35:26.259158+00,2026-08-10 19:10:28.327832+00
d5d2bb70-ee7e-45f2-9d21-4ded5e54973b,LLX-BDL-00053,Dilrukshi Amarasinghe,dilrukshia.log@lankalogix.com,+94 71 208 4093,user,active,23a10ad6-f2ff-4aab-9878-de0f37f6bbe0,c24b3130-482c-4313-a6c9-416e6cd7c9a6,,"{""title"": ""Dispatch Coordinator""}",2026-08-10 18:35:26.503038+00,2026-08-10 19:10:28.327832+00
26bed796-3071-41c2-b880-d41d10e5b673,LLX-BDL-00054,Kalana Senanayake,kalanas.log@lankalogix.com,+94 72 279 9818,user,active,23a10ad6-f2ff-4aab-9878-de0f37f6bbe0,c24b3130-482c-4313-a6c9-416e6cd7c9a6,,"{""title"": ""Driver""}",2026-08-10 18:35:26.762795+00,2026-08-10 19:10:28.327832+00
282d91e7-2962-428b-bd84-f2078e00b1da,LLX-BDL-00055,Heshan Herath,heshanh.log@lankalogix.com,+94 71 265 7092,user,active,23a10ad6-f2ff-4aab-9878-de0f37f6bbe0,c24b3130-482c-4313-a6c9-416e6cd7c9a6,,"{""title"": ""Driver""}",2026-08-10 18:35:26.989456+00,2026-08-10 19:10:28.327832+00
14687edb-ce05-413d-aec8-6853acc7a6e2,LLX-BDL-00056,Indika Seneviratne,indikas.log@lankalogix.com,+94 78 779 3441,user,active,23a10ad6-f2ff-4aab-9878-de0f37f6bbe0,c24b3130-482c-4313-a6c9-416e6cd7c9a6,,"{""title"": ""Dispatch Coordinator""}",2026-08-10 18:35:27.269625+00,2026-08-10 19:10:28.327832+00
f4056b69-4ac8-46b8-9b77-643fc6407acc,LLX-BDL-00057,Thilaga Sivalingam,thilagas.log@lankalogix.com,+94 78 136 1432,user,active,23a10ad6-f2ff-4aab-9878-de0f37f6bbe0,c24b3130-482c-4313-a6c9-416e6cd7c9a6,,"{""title"": ""Dispatch Coordinator""}",2026-08-10 18:35:27.57612+00,2026-08-10 19:10:28.327832+00
5334a4c2-3b6f-41b3-be6f-e8996d26752e,LLX-BDL-00058,Kasun Ranasinghe,kasunr.log@lankalogix.com,+94 70 217 3186,user,active,23a10ad6-f2ff-4aab-9878-de0f37f6bbe0,c24b3130-482c-4313-a6c9-416e6cd7c9a6,,"{""title"": ""Driver""}",2026-08-10 18:35:27.805719+00,2026-08-10 19:10:28.327832+00
74caa079-5a80-41bc-8d71-b7163750189a,LLX-BDL-00059,Damith Jayawardena,damithj.log@lankalogix.com,+94 76 939 3453,user,active,23a10ad6-f2ff-4aab-9878-de0f37f6bbe0,c24b3130-482c-4313-a6c9-416e6cd7c9a6,,"{""title"": ""Forklift Operator""}",2026-08-10 18:35:28.035813+00,2026-08-10 19:10:28.327832+00
8a0dc0c8-8bed-4024-a051-dbed41ba8410,LLX-BDL-00060,Heshan Opatha,heshano.log@lankalogix.com,+94 74 547 5275,user,active,23a10ad6-f2ff-4aab-9878-de0f37f6bbe0,c24b3130-482c-4313-a6c9-416e6cd7c9a6,,"{""title"": ""Driver""}",2026-08-10 18:35:28.324412+00,2026-08-10 19:10:28.327832+00
084585d8-c820-44ca-a93e-4cfd796e3053,LLX-BDL-00061,Chathurika Gunawardena,chathurikag.log@lankalogix.com,+94 77 887 9421,user,active,23a10ad6-f2ff-4aab-9878-de0f37f6bbe0,c24b3130-482c-4313-a6c9-416e6cd7c9a6,,"{""title"": ""Shift Lead - Fleet""}",2026-08-10 18:35:28.557568+00,2026-08-10 19:10:28.327832+00
09306b84-79b3-44e2-94d6-8b168ab521db,LLX-BDL-00062,Charith Pathirana,charithp.log@lankalogix.com,+94 70 944 4380,user,active,23a10ad6-f2ff-4aab-9878-de0f37f6bbe0,c24b3130-482c-4313-a6c9-416e6cd7c9a6,,"{""title"": ""Driver""}",2026-08-10 18:35:28.783491+00,2026-08-10 19:10:28.327832+00
c9d03faf-baa1-462f-a642-86a521fd9e74,LLX-BDL-00063,Rasika Illangakoon,rasikai.log@lankalogix.com,+94 75 262 4461,user,active,23a10ad6-f2ff-4aab-9878-de0f37f6bbe0,c24b3130-482c-4313-a6c9-416e6cd7c9a6,,"{""title"": ""Dispatch Coordinator""}",2026-08-10 18:35:29.013358+00,2026-08-10 19:10:28.327832+00
8f92bdec-59f7-49b0-8fa2-c9e05b14747f,LLX-BDL-00064,Murali Kandasamy,muralik.log@lankalogix.com,+94 70 956 3851,user,active,23a10ad6-f2ff-4aab-9878-de0f37f6bbe0,c24b3130-482c-4313-a6c9-416e6cd7c9a6,,"{""title"": ""Driver""}",2026-08-10 18:35:29.262687+00,2026-08-10 19:10:28.327832+00
d10cf005-0a3f-4251-bb32-0973601a7259,LLX-BDL-00065,Udara Edirisinghe,udarae.log@lankalogix.com,+94 72 672 9419,user,active,23a10ad6-f2ff-4aab-9878-de0f37f6bbe0,c24b3130-482c-4313-a6c9-416e6cd7c9a6,,"{""title"": ""Driver""}",2026-08-10 18:35:29.489904+00,2026-08-10 19:10:28.327832+00
a20d3b81-5e20-4394-b347-dc5a94fecbbc,LLX-BDL-00066,Murali Arumugam,muralia2.log@lankalogix.com,+94 75 754 7639,user,active,23a10ad6-f2ff-4aab-9878-de0f37f6bbe0,c24b3130-482c-4313-a6c9-416e6cd7c9a6,,"{""title"": ""Shift Lead - Fleet""}",2026-08-10 18:35:29.74746+00,2026-08-10 19:10:28.327832+00
51d2245a-2b9a-4781-b2ed-ad840a2edae6,LLX-BDL-00067,Sivakumar Selvarajah,sivakumars.log@lankalogix.com,+94 71 816 5698,user,active,23a10ad6-f2ff-4aab-9878-de0f37f6bbe0,c24b3130-482c-4313-a6c9-416e6cd7c9a6,,"{""title"": ""Senior Driver""}",2026-08-10 18:35:30.022895+00,2026-08-10 19:10:28.327832+00
4ed7e62b-24bc-42f9-a2f1-438eefcf7e9f,LLX-BDL-00068,Chamara Kumarasinghe,chamarak.log@lankalogix.com,+94 76 512 3590,user,active,23a10ad6-f2ff-4aab-9878-de0f37f6bbe0,c24b3130-482c-4313-a6c9-416e6cd7c9a6,,"{""title"": ""Forklift Operator""}",2026-08-10 18:35:30.255936+00,2026-08-10 19:10:28.327832+00
5fb3eb3d-494b-490b-b3c3-764572f86e8f,LLX-BDL-00069,Nalin Silva,nalins.log@lankalogix.com,+94 72 503 3613,user,active,23a10ad6-f2ff-4aab-9878-de0f37f6bbe0,c24b3130-482c-4313-a6c9-416e6cd7c9a6,,"{""title"": ""Forklift Operator""}",2026-08-10 18:35:30.489266+00,2026-08-10 19:10:28.327832+00
e393f157-3860-4ebd-b9f4-400e8f8d33fd,LLX-BDL-00070,Murali Balasubramaniam,muralib.log@lankalogix.com,+94 74 504 8732,user,active,23a10ad6-f2ff-4aab-9878-de0f37f6bbe0,c24b3130-482c-4313-a6c9-416e6cd7c9a6,,"{""title"": ""Senior Driver""}",2026-08-10 18:35:30.754344+00,2026-08-10 19:10:28.327832+00
5d6249cd-46c6-48ee-aeb6-2a71b47c0468,LLX-BDL-00071,Chandima Opatha,chandimao.log@lankalogix.com,+94 72 478 7823,user,active,23a10ad6-f2ff-4aab-9878-de0f37f6bbe0,c24b3130-482c-4313-a6c9-416e6cd7c9a6,,"{""title"": ""Senior Driver""}",2026-08-10 18:35:31.06141+00,2026-08-10 19:10:28.327832+00
935ca9db-e950-4453-8228-70c0c54c5924,LLX-BDL-00072,Asanka Munasinghe,asankam.log@lankalogix.com,+94 70 987 6831,user,active,23a10ad6-f2ff-4aab-9878-de0f37f6bbe0,c24b3130-482c-4313-a6c9-416e6cd7c9a6,,"{""title"": ""Driver""}",2026-08-10 18:35:31.296557+00,2026-08-10 19:10:28.327832+00
8c585658-a792-4a49-9621-50ae5c6d08ca,LLX-BDL-00073,Isuru Alwis,isurua.log@lankalogix.com,+94 75 330 9489,user,active,23a10ad6-f2ff-4aab-9878-de0f37f6bbe0,c24b3130-482c-4313-a6c9-416e6cd7c9a6,,"{""title"": ""Dispatch Coordinator""}",2026-08-10 18:35:31.535029+00,2026-08-10 19:10:28.327832+00
76a40884-9d13-4257-a21e-646767bfd8bb,LLX-BDL-00074,Nishantha Ratnayake,nishanthar.log@lankalogix.com,+94 72 588 4715,user,active,23a10ad6-f2ff-4aab-9878-de0f37f6bbe0,c24b3130-482c-4313-a6c9-416e6cd7c9a6,,"{""title"": ""Driver""}",2026-08-10 18:35:31.879053+00,2026-08-10 19:10:28.327832+00
e15a11ed-4e40-4f3c-8011-cbb4911d7069,LLX-BDL-00075,Ajith Hettiarachchi,ajithh.log@lankalogix.com,+94 75 827 1065,user,active,23a10ad6-f2ff-4aab-9878-de0f37f6bbe0,c24b3130-482c-4313-a6c9-416e6cd7c9a6,,"{""title"": ""Forklift Operator""}",2026-08-10 18:35:32.147059+00,2026-08-10 19:10:28.327832+00
8f013397-f73e-4098-bf86-3cf1055a446a,LLX-BDL-00076,Isuru Edirisinghe,isurue2.log@lankalogix.com,+94 77 661 9387,user,active,23a10ad6-f2ff-4aab-9878-de0f37f6bbe0,c24b3130-482c-4313-a6c9-416e6cd7c9a6,,"{""title"": ""Driver""}",2026-08-10 18:35:32.429184+00,2026-08-10 19:10:28.327832+00
b075cf11-faac-4883-acb3-c4402c230c0d,LLX-BDL-00077,Zahir Haniffa,zahirh.log@lankalogix.com,+94 77 646 1909,user,active,23a10ad6-f2ff-4aab-9878-de0f37f6bbe0,c24b3130-482c-4313-a6c9-416e6cd7c9a6,,"{""title"": ""Driver""}",2026-08-10 18:35:32.73376+00,2026-08-10 19:10:28.327832+00
e10a2e33-a841-4a3f-ad4a-3114b4d9f0d2,LLX-BDL-00078,Jeyakumar Arumugam,jeyakumara.log@lankalogix.com,+94 75 958 4805,user,active,23a10ad6-f2ff-4aab-9878-de0f37f6bbe0,c24b3130-482c-4313-a6c9-416e6cd7c9a6,,"{""title"": ""Driver""}",2026-08-10 18:35:33.006535+00,2026-08-10 19:10:28.327832+00
9eb09106-f54e-4d7c-a8ab-2e35db7f6fee,LLX-BDL-00079,Dilrukshi Peiris,dilrukship2.log@lankalogix.com,+94 77 712 9652,user,active,23a10ad6-f2ff-4aab-9878-de0f37f6bbe0,c24b3130-482c-4313-a6c9-416e6cd7c9a6,,"{""title"": ""Dispatch Coordinator""}",2026-08-10 18:35:33.237553+00,2026-08-10 19:10:28.327832+00
d2cb4643-0910-4c84-bce6-b045b2dd12d5,LLX-BDL-00080,Sewwandi Ranasinghe,sewwandir.log@lankalogix.com,+94 76 384 4175,user,active,23a10ad6-f2ff-4aab-9878-de0f37f6bbe0,c24b3130-482c-4313-a6c9-416e6cd7c9a6,,"{""title"": ""Senior Driver""}",2026-08-10 18:35:33.463086+00,2026-08-10 19:10:28.327832+00
4c26799f-773d-4d90-a5fc-fb8f0b22ad4d,LLX-BDL-00081,Rauf Saleem,rauf.log@lankalogix.com,+94 71 317 2852,user,active,23a10ad6-f2ff-4aab-9878-de0f37f6bbe0,c24b3130-482c-4313-a6c9-416e6cd7c9a6,,"{""title"": ""Forklift Operator""}",2026-08-10 18:35:33.729755+00,2026-08-10 19:10:28.327832+00
e2edbfb4-2380-494b-9a6e-6f70b8be6c90,LLX-BDL-00082,Hasitha Pathirana,hasithap.log@lankalogix.com,+94 78 414 5050,user,active,23a10ad6-f2ff-4aab-9878-de0f37f6bbe0,c24b3130-482c-4313-a6c9-416e6cd7c9a6,,"{""title"": ""Driver""}",2026-08-10 18:35:33.95792+00,2026-08-10 19:10:28.327832+00
bfc3fec8-4cfe-4cb9-82aa-42f8d73b730f,LLX-BDL-00083,Upeksha Jayawardena,upekshaj.log@lankalogix.com,+94 70 907 8017,user,active,23a10ad6-f2ff-4aab-9878-de0f37f6bbe0,c24b3130-482c-4313-a6c9-416e6cd7c9a6,,"{""title"": ""Forklift Operator""}",2026-08-10 18:35:34.194714+00,2026-08-10 19:10:28.327832+00
3ee2df0e-c146-434e-85ec-0f750a73c12e,LLX-BDL-00084,Chathura Mendis,chathuram.log@lankalogix.com,+94 74 549 8688,user,active,23a10ad6-f2ff-4aab-9878-de0f37f6bbe0,c24b3130-482c-4313-a6c9-416e6cd7c9a6,,"{""title"": ""Dispatch Coordinator""}",2026-08-10 18:35:34.421624+00,2026-08-10 19:10:28.327832+00
64c71f07-a329-4f95-8846-fc22a5ae7b0d,LLX-BDL-00085,Chamara Ranasinghe,chamarar2.log@lankalogix.com,+94 76 542 7545,user,active,23a10ad6-f2ff-4aab-9878-de0f37f6bbe0,c24b3130-482c-4313-a6c9-416e6cd7c9a6,,"{""title"": ""Driver""}",2026-08-10 18:35:34.75391+00,2026-08-10 19:10:28.327832+00
6c4cf384-9ab6-4f43-8812-d549c1764862,LLX-BDL-00086,Nimal Gunawardena,nimalg.log@lankalogix.com,+94 74 708 2231,user,active,23a10ad6-f2ff-4aab-9878-de0f37f6bbe0,c24b3130-482c-4313-a6c9-416e6cd7c9a6,,"{""title"": ""Driver""}",2026-08-10 18:35:35.135823+00,2026-08-10 19:10:28.327832+00
32617159-49c3-4e5a-9b75-6e0503c390a4,LLX-BDL-00087,Prasad Dissanayake,prasadd.log@lankalogix.com,+94 75 188 4111,user,active,23a10ad6-f2ff-4aab-9878-de0f37f6bbe0,c24b3130-482c-4313-a6c9-416e6cd7c9a6,,"{""title"": ""Dispatch Coordinator""}",2026-08-10 18:35:35.4125+00,2026-08-10 19:10:28.327832+00
cbdc2005-5d91-4e75-b260-6059e1832877,LLX-BDL-00088,Chandima Samaraweera,chandimas.log@lankalogix.com,+94 77 807 8925,user,active,23a10ad6-f2ff-4aab-9878-de0f37f6bbe0,c24b3130-482c-4313-a6c9-416e6cd7c9a6,,"{""title"": ""Senior Driver""}",2026-08-10 18:35:35.689716+00,2026-08-10 19:10:28.327832+00
04d7d6bb-7895-40b3-a329-6fba938b90e4,LLX-BDL-00089,Pavithra Amarasinghe,pavithraa.log@lankalogix.com,+94 72 127 8632,user,active,23a10ad6-f2ff-4aab-9878-de0f37f6bbe0,c24b3130-482c-4313-a6c9-416e6cd7c9a6,,"{""title"": ""Shift Lead - Fleet""}",2026-08-10 18:35:35.973923+00,2026-08-10 19:10:28.327832+00
1ef075d1-9960-4ddc-ac3b-0c9bba6ad5ef,LLX-BDL-00090,Nadeesha Jayawardena,nadeeshaj.log@lankalogix.com,+94 74 772 1755,user,active,23a10ad6-f2ff-4aab-9878-de0f37f6bbe0,c24b3130-482c-4313-a6c9-416e6cd7c9a6,,"{""title"": ""Shift Lead - Fleet""}",2026-08-10 18:35:36.385387+00,2026-08-10 19:10:28.327832+00
dbfa2af2-bbdc-432d-bad3-c4a224ff8c6f,LLX-BDL-00091,Chaminda Herath,chamindah.log@lankalogix.com,+94 70 114 1895,user,active,23a10ad6-f2ff-4aab-9878-de0f37f6bbe0,c24b3130-482c-4313-a6c9-416e6cd7c9a6,,"{""title"": ""Driver""}",2026-08-10 18:35:36.66067+00,2026-08-10 19:10:28.327832+00
b6487f87-3c10-4157-8f83-4000a6e04b1f,LLX-BDL-00092,Duminda Tennakoon,dumindat.log@lankalogix.com,+94 76 899 9439,user,active,23a10ad6-f2ff-4aab-9878-de0f37f6bbe0,c24b3130-482c-4313-a6c9-416e6cd7c9a6,,"{""title"": ""Dispatch Coordinator""}",2026-08-10 18:35:37.012293+00,2026-08-10 19:10:28.327832+00
62163208-4db0-4cca-8bcf-5cceb28fc497,LLX-BDL-00093,Erandi Ratnayake,erandi.log@lankalogix.com,+94 75 370 9733,user,active,23a10ad6-f2ff-4aab-9878-de0f37f6bbe0,c24b3130-482c-4313-a6c9-416e6cd7c9a6,,"{""title"": ""Driver""}",2026-08-10 18:35:37.325268+00,2026-08-10 19:10:28.327832+00
c195e972-c33b-45b7-939a-71c02d221534,LLX-BDL-00094,Pasindu Amarasinghe,pasindua.log@lankalogix.com,+94 71 844 5155,user,active,23a10ad6-f2ff-4aab-9878-de0f37f6bbe0,c24b3130-482c-4313-a6c9-416e6cd7c9a6,,"{""title"": ""Driver""}",2026-08-10 18:35:37.577554+00,2026-08-10 19:10:28.327832+00
5f6ac30b-8a71-4e6d-8078-c6407dd60fbf,LLX-BDL-00095,Madushika Liyanage,madushikal.log@lankalogix.com,+94 78 855 8003,user,active,23a10ad6-f2ff-4aab-9878-de0f37f6bbe0,c24b3130-482c-4313-a6c9-416e6cd7c9a6,,"{""title"": ""Senior Driver""}",2026-08-10 18:35:37.930443+00,2026-08-10 19:10:28.327832+00
5d2e03ab-21e8-41bf-92dc-5546eea96282,LLX-BDL-00096,Kumaran Selvarajah,kumarans.log@lankalogix.com,+94 72 647 7167,user,active,23a10ad6-f2ff-4aab-9878-de0f37f6bbe0,c24b3130-482c-4313-a6c9-416e6cd7c9a6,,"{""title"": ""Driver""}",2026-08-10 18:35:38.1738+00,2026-08-10 19:10:28.327832+00
1e81fa96-bf3e-40f9-ac44-b8168f54e8e2,LLX-BDL-00097,Ruwani Edirisinghe,ruwanie.log@lankalogix.com,+94 70 329 4223,user,active,23a10ad6-f2ff-4aab-9878-de0f37f6bbe0,c24b3130-482c-4313-a6c9-416e6cd7c9a6,,"{""title"": ""Driver""}",2026-08-10 18:35:38.432096+00,2026-08-10 19:10:28.327832+00
884c20de-65ee-4888-ab01-36f24237d0cf,LLX-BDL-00098,Nuwan Illangakoon,nuwani.log@lankalogix.com,+94 76 398 4918,user,inactive,23a10ad6-f2ff-4aab-9878-de0f37f6bbe0,c24b3130-482c-4313-a6c9-416e6cd7c9a6,,"{""title"": ""Forklift Operator""}",2026-08-10 18:35:38.660947+00,2026-08-10 19:10:28.327832+00
081a9d77-5a33-48dd-af46-504fc0bbd34a,LLX-BDL-00099,Nimal Weerasinghe,nimalw.log@lankalogix.com,+94 75 368 1304,user,active,23a10ad6-f2ff-4aab-9878-de0f37f6bbe0,c24b3130-482c-4313-a6c9-416e6cd7c9a6,,"{""title"": ""Senior Driver""}",2026-08-10 18:35:38.959686+00,2026-08-10 19:10:28.327832+00
e1002c7c-1061-4fb3-8aca-bf8d561f4404,LLX-BDL-00100,Dilshan Wickramasinghe,dilshanw2.log@lankalogix.com,+94 77 586 3173,user,active,23a10ad6-f2ff-4aab-9878-de0f37f6bbe0,c24b3130-482c-4313-a6c9-416e6cd7c9a6,,"{""title"": ""Shift Lead - Fleet""}",2026-08-10 18:35:39.201502+00,2026-08-10 19:10:28.327832+00
a20360e5-83e3-4141-a0ee-ede1a1fbef33,LLX-BDL-00101,Nishantha Vithanage,nishanthav.log@lankalogix.com,+94 75 903 2124,user,inactive,23a10ad6-f2ff-4aab-9878-de0f37f6bbe0,c24b3130-482c-4313-a6c9-416e6cd7c9a6,,"{""title"": ""Forklift Operator""}",2026-08-10 18:35:39.469689+00,2026-08-10 19:10:28.327832+00
5fe1beeb-66c7-478f-99ab-265a7b8c5103,LLX-BDL-00102,Kavitha Arumugam,kavithaa.log@lankalogix.com,+94 77 659 1359,user,active,23a10ad6-f2ff-4aab-9878-de0f37f6bbe0,c24b3130-482c-4313-a6c9-416e6cd7c9a6,,"{""title"": ""Driver""}",2026-08-10 18:35:40.12046+00,2026-08-10 19:10:28.327832+00
5b1edc19-179d-4db0-adde-f133a012f955,LLX-BDL-00103,Roshan Seneviratne,roshans2.log@lankalogix.com,+94 76 568 5101,user,active,23a10ad6-f2ff-4aab-9878-de0f37f6bbe0,c24b3130-482c-4313-a6c9-416e6cd7c9a6,,"{""title"": ""Senior Driver""}",2026-08-10 18:35:40.378556+00,2026-08-10 19:10:28.327832+00
1f1d9a08-d820-4431-b053-b8e57445fcc8,LLX-BDL-00104,Kanchana Liyanage,kanchanal.log@lankalogix.com,+94 71 723 5474,user,active,23a10ad6-f2ff-4aab-9878-de0f37f6bbe0,c24b3130-482c-4313-a6c9-416e6cd7c9a6,,"{""title"": ""Dispatch Coordinator""}",2026-08-10 18:35:40.611471+00,2026-08-10 19:10:28.327832+00
4eb2e39e-93de-44b2-8392-1c93a1f678be,LLX-BDL-00105,Pubudu Karunaratne,pubuduk.log@lankalogix.com,+94 75 274 7035,user,active,23a10ad6-f2ff-4aab-9878-de0f37f6bbe0,c24b3130-482c-4313-a6c9-416e6cd7c9a6,,"{""title"": ""Driver""}",2026-08-10 18:35:40.891325+00,2026-08-10 19:10:28.327832+00
f1016190-58f5-4cc1-aabb-4e6b6d497be4,LLX-BDL-00106,Chathura Munasinghe,chathuram2.log@lankalogix.com,+94 74 502 8862,user,active,23a10ad6-f2ff-4aab-9878-de0f37f6bbe0,c24b3130-482c-4313-a6c9-416e6cd7c9a6,,"{""title"": ""Driver""}",2026-08-10 18:35:41.123355+00,2026-08-10 19:10:28.327832+00
525885b4-8242-4b0e-9389-e73ab4da0883,LLX-BDL-00107,Niroshi Udawatta,niroshiu.log@lankalogix.com,+94 77 714 6766,user,active,23a10ad6-f2ff-4aab-9878-de0f37f6bbe0,c24b3130-482c-4313-a6c9-416e6cd7c9a6,,"{""title"": ""Shift Lead - Fleet""}",2026-08-10 18:35:41.353783+00,2026-08-10 19:10:28.327832+00
7c77d83d-f5f7-475a-b677-e449366d04f9,LLX-BDL-00108,Sujeewa Edirisinghe,sujeewae.log@lankalogix.com,+94 72 398 4643,user,active,23a10ad6-f2ff-4aab-9878-de0f37f6bbe0,c24b3130-482c-4313-a6c9-416e6cd7c9a6,,"{""title"": ""Forklift Operator""}",2026-08-10 18:35:41.613211+00,2026-08-10 19:10:28.327832+00
b9744ffe-17c8-4628-9742-ff7af635f88d,LLX-BDL-00109,Ajith Wijeratne,ajithw.log@lankalogix.com,+94 70 194 3106,user,active,23a10ad6-f2ff-4aab-9878-de0f37f6bbe0,c24b3130-482c-4313-a6c9-416e6cd7c9a6,,"{""title"": ""Driver""}",2026-08-10 18:35:41.915802+00,2026-08-10 19:10:28.327832+00
a56738d2-26b2-4ced-b4db-c83a2956bf91,LLX-BDL-00110,Karthik Muthukumar,karthikm.log@lankalogix.com,+94 72 271 8043,user,active,23a10ad6-f2ff-4aab-9878-de0f37f6bbe0,c24b3130-482c-4313-a6c9-416e6cd7c9a6,,"{""title"": ""Shift Lead - Fleet""}",2026-08-10 18:35:42.219882+00,2026-08-10 19:10:28.327832+00
1b455b96-a991-4bd5-a556-e37006677447,LLX-BDL-00111,Vijay Krishnapillai,vijayk.log@lankalogix.com,+94 76 213 5825,user,active,23a10ad6-f2ff-4aab-9878-de0f37f6bbe0,c24b3130-482c-4313-a6c9-416e6cd7c9a6,,"{""title"": ""Driver""}",2026-08-10 18:35:42.460431+00,2026-08-10 19:10:28.327832+00
41756767-ddb5-4d7d-b2e5-bc467eca5985,LLX-BDL-00112,Manoj Ranasinghe,manojr.log@lankalogix.com,+94 78 724 9511,user,active,23a10ad6-f2ff-4aab-9878-de0f37f6bbe0,c24b3130-482c-4313-a6c9-416e6cd7c9a6,,"{""title"": ""Driver""}",2026-08-10 18:35:43.103408+00,2026-08-10 19:10:28.327832+00
021bc14f-38a3-4558-9229-2dbb6af279d2,LLX-BDL-00113,Supun Karunaratne,supunk2.log@lankalogix.com,+94 76 611 6028,user,active,23a10ad6-f2ff-4aab-9878-de0f37f6bbe0,c24b3130-482c-4313-a6c9-416e6cd7c9a6,,"{""title"": ""Forklift Operator""}",2026-08-10 18:35:43.785907+00,2026-08-10 19:10:28.327832+00
14479c56-9ab9-4eab-bec5-c8323d7dde9b,LLX-BDL-00114,Buddhika Herath,buddhikah.log@lankalogix.com,+94 71 353 9120,user,active,23a10ad6-f2ff-4aab-9878-de0f37f6bbe0,c24b3130-482c-4313-a6c9-416e6cd7c9a6,,"{""title"": ""Shift Lead - Fleet""}",2026-08-10 18:35:44.116516+00,2026-08-10 19:10:28.327832+00
08145333-aa5a-4ff6-ae10-7a43aa8d5326,LLX-BDL-00115,Rauf Saleem,raufs.log@lankalogix.com,+94 76 664 3310,user,active,23a10ad6-f2ff-4aab-9878-de0f37f6bbe0,c24b3130-482c-4313-a6c9-416e6cd7c9a6,,"{""title"": ""Driver""}",2026-08-10 18:35:44.405142+00,2026-08-10 19:10:28.327832+00
7d5abb4b-df5b-4b75-bbe9-78fb814d0dc1,LLX-BDL-00116,Janani Thilakaratne,jananit.log@lankalogix.com,+94 72 405 4315,user,active,23a10ad6-f2ff-4aab-9878-de0f37f6bbe0,c24b3130-482c-4313-a6c9-416e6cd7c9a6,,"{""title"": ""Senior Driver""}",2026-08-10 18:35:44.660375+00,2026-08-10 19:10:28.327832+00
5f7a300c-540e-4500-a889-d95a77d799dc,LLX-BDL-00117,Menaka Seneviratne,menakas.log@lankalogix.com,+94 70 288 3803,user,active,23a10ad6-f2ff-4aab-9878-de0f37f6bbe0,c24b3130-482c-4313-a6c9-416e6cd7c9a6,,"{""title"": ""Driver""}",2026-08-10 18:35:45.226238+00,2026-08-10 19:10:28.327832+00
d8294427-340a-4c8e-ae90-c5de2eded6d4,LLX-BDL-00118,Upul Pathirana,upulp.log@lankalogix.com,+94 72 151 1261,user,active,23a10ad6-f2ff-4aab-9878-de0f37f6bbe0,c24b3130-482c-4313-a6c9-416e6cd7c9a6,,"{""title"": ""Driver""}",2026-08-10 18:35:45.894318+00,2026-08-10 19:10:28.327832+00
2603261c-f67c-4ac4-82dc-a2f5fcafb624,LLX-BDL-00119,Dinesh Thangarajah,dinesht.log@lankalogix.com,+94 70 415 5337,user,active,23a10ad6-f2ff-4aab-9878-de0f37f6bbe0,c24b3130-482c-4313-a6c9-416e6cd7c9a6,,"{""title"": ""Dispatch Coordinator""}",2026-08-10 18:35:46.253491+00,2026-08-10 19:10:28.327832+00
930dfee4-c7f8-450e-835c-d73f0743f879,LLX-BDL-00120,Wasantha Dissanayake,wasanthad.log@lankalogix.com,+94 75 533 9883,user,active,23a10ad6-f2ff-4aab-9878-de0f37f6bbe0,c24b3130-482c-4313-a6c9-416e6cd7c9a6,,"{""title"": ""Dispatch Coordinator""}",2026-08-10 18:35:46.547768+00,2026-08-10 19:10:28.327832+00
c9cb2f09-f2c0-4958-9695-c824a2a58791,LLX-BDL-00121,Vimukthi Illangakoon,vimukthii.log@lankalogix.com,+94 72 983 4899,user,active,23a10ad6-f2ff-4aab-9878-de0f37f6bbe0,c24b3130-482c-4313-a6c9-416e6cd7c9a6,,"{""title"": ""Shift Lead - Fleet""}",2026-08-10 18:35:46.782895+00,2026-08-10 19:10:28.327832+00
67fca0b3-d698-47ca-8405-b4fb1aeee8b8,LLX-BDL-00122,Janaka Kodikara,janakak.log@lankalogix.com,+94 77 398 4297,user,active,23a10ad6-f2ff-4aab-9878-de0f37f6bbe0,c24b3130-482c-4313-a6c9-416e6cd7c9a6,,"{""title"": ""Dispatch Coordinator""}",2026-08-10 18:35:47.023444+00,2026-08-10 19:10:28.327832+00
4d9a2421-7844-44bd-b117-718dcc1c86f3,LLX-BDL-00123,Amila Edirisinghe,amilae.log@lankalogix.com,+94 72 863 4480,user,active,23a10ad6-f2ff-4aab-9878-de0f37f6bbe0,c24b3130-482c-4313-a6c9-416e6cd7c9a6,,"{""title"": ""Senior Driver""}",2026-08-10 18:35:47.369222+00,2026-08-10 19:10:28.327832+00
9be9d8a3-a08a-4adb-a9ee-166b4b0a8521,LLX-BDL-00124,Ananthi Sivalingam,ananthis.log@lankalogix.com,+94 75 292 5312,user,active,23a10ad6-f2ff-4aab-9878-de0f37f6bbe0,c24b3130-482c-4313-a6c9-416e6cd7c9a6,,"{""title"": ""Driver""}",2026-08-10 18:35:47.742819+00,2026-08-10 19:10:28.327832+00
ca5cb051-12a8-4707-841e-dea22eb6e929,LLX-BDL-00125,Sameera Karunaratne,sameerak.log@lankalogix.com,+94 74 774 4283,user,active,23a10ad6-f2ff-4aab-9878-de0f37f6bbe0,c24b3130-482c-4313-a6c9-416e6cd7c9a6,,"{""title"": ""Driver""}",2026-08-10 18:35:48.148629+00,2026-08-10 19:10:28.327832+00
f121048d-936a-437c-a161-9f7e901f17d8,LLX-BDL-00126,Roshan Rathnayaka,roshanr.log@lankalogix.com,+94 77 552 3430,user,active,23a10ad6-f2ff-4aab-9878-de0f37f6bbe0,c24b3130-482c-4313-a6c9-416e6cd7c9a6,,"{""title"": ""Forklift Operator""}",2026-08-10 18:35:48.875126+00,2026-08-10 19:10:28.327832+00
313f8708-206b-488d-ac8c-7238f8edb675,LLX-BDL-00127,Duminda Kumarasinghe,dumindak2.log@lankalogix.com,+94 75 170 2208,user,active,23a10ad6-f2ff-4aab-9878-de0f37f6bbe0,c24b3130-482c-4313-a6c9-416e6cd7c9a6,,"{""title"": ""Dispatch Coordinator""}",2026-08-10 18:35:49.461439+00,2026-08-10 19:10:28.327832+00
c5ac0691-9daf-41ec-9af8-8a163bd32f72,LLX-BDL-00128,Hiran Mendis,hiranm.log@lankalogix.com,+94 71 477 2191,user,active,23a10ad6-f2ff-4aab-9878-de0f37f6bbe0,c24b3130-482c-4313-a6c9-416e6cd7c9a6,,"{""title"": ""Driver""}",2026-08-10 18:35:49.768132+00,2026-08-10 19:10:28.327832+00
c8df6c51-0e5d-4fe1-8f22-d07d9e5d7bb0,LLX-BDL-00129,Prasad Weerasinghe,prasadw.log@lankalogix.com,+94 77 504 4926,user,active,23a10ad6-f2ff-4aab-9878-de0f37f6bbe0,c24b3130-482c-4313-a6c9-416e6cd7c9a6,,"{""title"": ""Dispatch Coordinator""}",2026-08-10 18:35:50.424303+00,2026-08-10 19:10:28.327832+00
d8235aa9-7057-4417-806b-a5d11f823a37,LLX-BDL-00130,Gayan Madushanka,gayanm.log@lankalogix.com,+94 71 453 4354,user,active,23a10ad6-f2ff-4aab-9878-de0f37f6bbe0,c24b3130-482c-4313-a6c9-416e6cd7c9a6,,"{""title"": ""Shift Lead - Fleet""}",2026-08-10 18:35:51.110564+00,2026-08-10 19:10:28.327832+00
ba7951af-1b58-44f9-b4c1-ddf3453c6d77,LLX-BDL-00131,Tharushi Rathnayaka,tharushir.log@lankalogix.com,+94 70 685 3541,user,active,23a10ad6-f2ff-4aab-9878-de0f37f6bbe0,c24b3130-482c-4313-a6c9-416e6cd7c9a6,,"{""title"": ""Shift Lead - Fleet""}",2026-08-10 18:35:51.448718+00,2026-08-10 19:10:28.327832+00
6ae8d7b8-8631-4dc1-aaed-6838a1b9ba2b,LLX-BDL-00132,Naveen Gunawardena,naveen.log@lankalogix.com,+94 76 189 4953,user,active,23a10ad6-f2ff-4aab-9878-de0f37f6bbe0,c24b3130-482c-4313-a6c9-416e6cd7c9a6,,"{""title"": ""Shift Lead - Fleet""}",2026-08-10 18:35:51.724933+00,2026-08-10 19:10:28.327832+00
e47734b8-dd9f-4e7a-b593-5e4da61900f4,LLX-BDL-00133,Menaka Fernando,menakaf.log@lankalogix.com,+94 74 759 4421,user,active,23a10ad6-f2ff-4aab-9878-de0f37f6bbe0,c24b3130-482c-4313-a6c9-416e6cd7c9a6,,"{""title"": ""Forklift Operator""}",2026-08-10 18:35:52.053766+00,2026-08-10 19:10:28.327832+00
7bdf5a22-3460-4bcf-98e8-979193672863,LLX-BDL-00134,Dilrukshi Gunawardena,dilrukshig.log@lankalogix.com,+94 76 664 1296,user,active,23a10ad6-f2ff-4aab-9878-de0f37f6bbe0,c24b3130-482c-4313-a6c9-416e6cd7c9a6,,"{""title"": ""Driver""}",2026-08-10 18:35:52.34367+00,2026-08-10 19:10:28.327832+00
55fb265a-e703-4db4-8f65-b216babb8f35,LLX-BDL-00135,Farhan Nawaz,farhann.log@lankalogix.com,+94 74 741 7026,user,active,23a10ad6-f2ff-4aab-9878-de0f37f6bbe0,c24b3130-482c-4313-a6c9-416e6cd7c9a6,,"{""title"": ""Forklift Operator""}",2026-08-10 18:35:52.582481+00,2026-08-10 19:10:28.327832+00
872336fb-fba4-48c0-9c1e-33dd102a11cb,LLX-BDL-00136,Anuruddha Kodikara,anuruddhak.log@lankalogix.com,+94 70 799 7852,user,active,23a10ad6-f2ff-4aab-9878-de0f37f6bbe0,c24b3130-482c-4313-a6c9-416e6cd7c9a6,,"{""title"": ""Senior Driver""}",2026-08-10 18:35:53.049677+00,2026-08-10 19:10:28.327832+00
54a8003d-fad1-4f14-bdd4-8c4913b2d0f2,LLX-BDL-00137,Dinusha Bandara,dinushab.log@lankalogix.com,+94 74 108 6421,user,active,23a10ad6-f2ff-4aab-9878-de0f37f6bbe0,c24b3130-482c-4313-a6c9-416e6cd7c9a6,,"{""title"": ""Senior Driver""}",2026-08-10 18:35:53.325466+00,2026-08-10 19:10:28.327832+00
8c2a3dc0-1d48-4695-beb9-d5b878274370,LLX-BDL-00138,Tharushi Ratnayake,tharushir2.log@lankalogix.com,+94 70 559 4178,user,active,23a10ad6-f2ff-4aab-9878-de0f37f6bbe0,c24b3130-482c-4313-a6c9-416e6cd7c9a6,,"{""title"": ""Forklift Operator""}",2026-08-10 18:35:53.650111+00,2026-08-10 19:10:28.327832+00
599aecc1-1e2a-493a-ad32-93f00dd96fc6,LLX-BDL-00139,Anusha Weerasinghe,anushaw.log@lankalogix.com,+94 75 924 3714,user,active,23a10ad6-f2ff-4aab-9878-de0f37f6bbe0,c24b3130-482c-4313-a6c9-416e6cd7c9a6,,"{""title"": ""Forklift Operator""}",2026-08-10 18:35:54.059911+00,2026-08-10 19:10:28.327832+00
bf036d3c-6698-49da-9031-deb5025def97,LLX-BDL-00140,Roshan Senanayake,roshans3.log@lankalogix.com,+94 71 906 6544,user,active,23a10ad6-f2ff-4aab-9878-de0f37f6bbe0,c24b3130-482c-4313-a6c9-416e6cd7c9a6,,"{""title"": ""Driver""}",2026-08-10 18:35:54.313928+00,2026-08-10 19:10:28.327832+00
e9f418de-bd0f-4830-b4c0-9a74896ec78e,LLX-BDL-00141,Dinusha Dissanayake,dinushad.log@lankalogix.com,+94 77 341 3765,user,active,23a10ad6-f2ff-4aab-9878-de0f37f6bbe0,c24b3130-482c-4313-a6c9-416e6cd7c9a6,,"{""title"": ""Senior Driver""}",2026-08-10 18:35:54.541258+00,2026-08-10 19:10:28.327832+00
199a4d21-7c83-46ba-83c5-4ad661906d13,LLX-BDL-00142,Saliya Illangakoon,saliyai.log@lankalogix.com,+94 74 200 2871,user,active,23a10ad6-f2ff-4aab-9878-de0f37f6bbe0,c24b3130-482c-4313-a6c9-416e6cd7c9a6,,"{""title"": ""Driver""}",2026-08-10 18:35:54.771849+00,2026-08-10 19:10:28.327832+00
f2d7f129-b785-45be-b72e-524a473f14ff,LLX-BDL-00143,Shanthi Selvarajah,shanthis.log@lankalogix.com,+94 72 343 6987,user,active,23a10ad6-f2ff-4aab-9878-de0f37f6bbe0,c24b3130-482c-4313-a6c9-416e6cd7c9a6,,"{""title"": ""Senior Driver""}",2026-08-10 18:35:55.018271+00,2026-08-10 19:10:28.327832+00
0218e2f7-4d2d-4229-b899-199f6afe4c10,LLX-BDL-00144,Tharindu Opatha,tharinduo.log@lankalogix.com,+94 78 799 6142,user,active,23a10ad6-f2ff-4aab-9878-de0f37f6bbe0,c24b3130-482c-4313-a6c9-416e6cd7c9a6,,"{""title"": ""Driver""}",2026-08-10 18:35:55.354394+00,2026-08-10 19:10:28.327832+00
ffa53a31-7f44-4f17-815d-e1d63473afd9,LLX-BDL-00145,Duminda Gunawardena,dumindag.log@lankalogix.com,+94 72 275 7062,user,active,23a10ad6-f2ff-4aab-9878-de0f37f6bbe0,c24b3130-482c-4313-a6c9-416e6cd7c9a6,,"{""title"": ""Shift Lead - Fleet""}",2026-08-10 18:35:55.597969+00,2026-08-10 19:10:28.327832+00
e0479e19-216c-419a-9125-3caa01d1cfe4,LLX-BDL-00146,Kelum Amarasinghe,keluma.log@lankalogix.com,+94 74 122 4007,user,active,23a10ad6-f2ff-4aab-9878-de0f37f6bbe0,c24b3130-482c-4313-a6c9-416e6cd7c9a6,,"{""title"": ""Driver""}",2026-08-10 18:35:56.050298+00,2026-08-10 19:10:28.327832+00
2d980844-162a-4581-bbc6-75b9c502e459,LLX-BDL-00147,Rifky Saleem,rifkys.log@lankalogix.com,+94 75 972 1181,user,active,23a10ad6-f2ff-4aab-9878-de0f37f6bbe0,c24b3130-482c-4313-a6c9-416e6cd7c9a6,,"{""title"": ""Dispatch Coordinator""}",2026-08-10 18:35:56.292923+00,2026-08-10 19:10:28.327832+00
5eaa01fc-d211-42fc-b8a3-b4264659d850,LLX-BDL-00148,Supun Amarasinghe,supuna.log@lankalogix.com,+94 77 934 5644,user,active,23a10ad6-f2ff-4aab-9878-de0f37f6bbe0,c24b3130-482c-4313-a6c9-416e6cd7c9a6,,"{""title"": ""Driver""}",2026-08-10 18:35:56.536532+00,2026-08-10 19:10:28.327832+00
7d4e3301-e869-4ed7-9374-1dfae1c92334,LLX-BDL-00149,Asanka Tennakoon,asankat2.log@lankalogix.com,+94 75 439 4909,user,active,23a10ad6-f2ff-4aab-9878-de0f37f6bbe0,c24b3130-482c-4313-a6c9-416e6cd7c9a6,,"{""title"": ""Dispatch Coordinator""}",2026-08-10 18:35:56.914458+00,2026-08-10 19:10:28.327832+00
672b6d46-8a8a-4e85-8a22-6e111caa71c3,LLX-BDL-00150,Tharindu Jayasuriya,tharinduj.log@lankalogix.com,+94 77 485 9366,user,active,23a10ad6-f2ff-4aab-9878-de0f37f6bbe0,c24b3130-482c-4313-a6c9-416e6cd7c9a6,,"{""title"": ""Dispatch Coordinator""}",2026-08-10 18:35:57.159104+00,2026-08-10 19:10:28.327832+00
e4cbf8b0-359c-4f08-904c-1a8a1fa0c608,LLX-BDL-00151,Wasana Thilakaratne,wasanat.log@lankalogix.com,+94 70 990 1205,user,active,23a10ad6-f2ff-4aab-9878-de0f37f6bbe0,c24b3130-482c-4313-a6c9-416e6cd7c9a6,,"{""title"": ""Senior Driver""}",2026-08-10 18:35:57.531679+00,2026-08-10 19:10:28.327832+00
6fff23c6-0da3-467c-89b5-5ed645f6c8cb,LLX-BDL-00152,Roshan Peiris,roshanp2.log@lankalogix.com,+94 78 738 5940,user,active,23a10ad6-f2ff-4aab-9878-de0f37f6bbe0,c24b3130-482c-4313-a6c9-416e6cd7c9a6,,"{""title"": ""Driver""}",2026-08-10 18:35:57.814969+00,2026-08-10 19:10:28.327832+00
0661c773-90d6-4247-9f59-6009767ab963,LLX-BDL-00153,Lasantha Edirisinghe,lasanthae2.log@lankalogix.com,+94 70 103 6010,user,active,23a10ad6-f2ff-4aab-9878-de0f37f6bbe0,c24b3130-482c-4313-a6c9-416e6cd7c9a6,,"{""title"": ""Shift Lead - Fleet""}",2026-08-10 18:35:58.161681+00,2026-08-10 19:10:28.327832+00
aa024d23-e3fc-4754-9301-69c14fa2a435,LLX-BDL-00154,Karthik Nadarajah,karthikn.log@lankalogix.com,+94 74 903 7834,user,active,23a10ad6-f2ff-4aab-9878-de0f37f6bbe0,c24b3130-482c-4313-a6c9-416e6cd7c9a6,,"{""title"": ""Dispatch Coordinator""}",2026-08-10 18:35:58.402774+00,2026-08-10 19:10:28.327832+00
a0e81b57-5c88-4266-a344-624e94b89549,LLX-BDL-00155,Ruwani Samaraweera,ruwanis4.log@lankalogix.com,+94 70 825 8246,user,active,23a10ad6-f2ff-4aab-9878-de0f37f6bbe0,c24b3130-482c-4313-a6c9-416e6cd7c9a6,,"{""title"": ""Forklift Operator""}",2026-08-10 18:35:58.680627+00,2026-08-10 19:10:28.327832+00
fb800901-111d-45a2-8426-f5a8cea2dbbe,LLX-BDL-00156,Lakmali Illangakoon,lakmalii.log@lankalogix.com,+94 70 829 8353,user,active,23a10ad6-f2ff-4aab-9878-de0f37f6bbe0,c24b3130-482c-4313-a6c9-416e6cd7c9a6,,"{""title"": ""Senior Driver""}",2026-08-10 18:35:59.024671+00,2026-08-10 19:10:28.327832+00
50783aa8-fa22-4e86-8f1d-ed03e72e0edd,LLX-BDL-00157,Malinda Karunaratne,malindak.log@lankalogix.com,+94 76 497 9394,user,active,23a10ad6-f2ff-4aab-9878-de0f37f6bbe0,c24b3130-482c-4313-a6c9-416e6cd7c9a6,,"{""title"": ""Shift Lead - Fleet""}",2026-08-10 18:35:59.255146+00,2026-08-10 19:10:28.327832+00
6f1ba6cc-ae1e-4f59-b4ea-1bc63c81ce06,LLX-BDL-00158,Eranga Wickramasinghe,erangaw.log@lankalogix.com,+94 77 813 2148,user,active,23a10ad6-f2ff-4aab-9878-de0f37f6bbe0,c24b3130-482c-4313-a6c9-416e6cd7c9a6,,"{""title"": ""Dispatch Coordinator""}",2026-08-10 18:35:59.52336+00,2026-08-10 19:10:28.327832+00
7c1e1717-1b2c-4ef3-abbf-d8fe7aecfdfa,LLX-BDL-00159,Tharushi Rajapaksa,tharushir3.log@lankalogix.com,+94 71 237 6108,user,active,23a10ad6-f2ff-4aab-9878-de0f37f6bbe0,c24b3130-482c-4313-a6c9-416e6cd7c9a6,,"{""title"": ""Driver""}",2026-08-10 18:35:59.782989+00,2026-08-10 19:10:28.327832+00
a70d04e5-e0a8-4f08-9a11-d8aad40c4def,LLX-BDL-00160,Amila Silva,amilas.log@lankalogix.com,+94 71 666 3139,user,active,23a10ad6-f2ff-4aab-9878-de0f37f6bbe0,c24b3130-482c-4313-a6c9-416e6cd7c9a6,,"{""title"": ""Forklift Operator""}",2026-08-10 18:36:00.051388+00,2026-08-10 19:10:28.327832+00
9cb44f3e-4dc3-4ac9-bf65-bb8f29efc8e6,LLX-BDL-00161,Hussain Haniffa,hussainh.log@lankalogix.com,+94 70 369 5159,user,active,23a10ad6-f2ff-4aab-9878-de0f37f6bbe0,c24b3130-482c-4313-a6c9-416e6cd7c9a6,,"{""title"": ""Driver""}",2026-08-10 18:36:00.288914+00,2026-08-10 19:10:28.327832+00
f84c945b-9cf0-4da2-b016-540bd11e036f,LLX-BDL-00162,Manoj Jayasuriya,manojj.log@lankalogix.com,+94 74 715 1280,user,active,23a10ad6-f2ff-4aab-9878-de0f37f6bbe0,c24b3130-482c-4313-a6c9-416e6cd7c9a6,,"{""title"": ""Driver""}",2026-08-10 18:36:00.566288+00,2026-08-10 19:10:28.327832+00
23a34c53-6ade-4185-9155-2c9369f33fcd,LLX-BDL-00163,Dhanushka Thilakaratne,dhanushkat2.log@lankalogix.com,+94 74 234 5540,user,active,23a10ad6-f2ff-4aab-9878-de0f37f6bbe0,c24b3130-482c-4313-a6c9-416e6cd7c9a6,,"{""title"": ""Forklift Operator""}",2026-08-10 18:36:00.86276+00,2026-08-10 19:10:28.327832+00
f8b8379a-a75d-427c-b004-2d79c88bf675,LLX-BDL-00164,Amaya Munasinghe,amayam.log@lankalogix.com,+94 77 308 7502,user,active,23a10ad6-f2ff-4aab-9878-de0f37f6bbe0,c24b3130-482c-4313-a6c9-416e6cd7c9a6,,"{""title"": ""Dispatch Coordinator""}",2026-08-10 18:36:01.090191+00,2026-08-10 19:10:28.327832+00
3be2c4f8-a30e-4b7b-8104-fe633928c764,LLX-BDL-00165,Dhanushka Samaraweera,dhanushkas.log@lankalogix.com,+94 70 592 9408,user,active,23a10ad6-f2ff-4aab-9878-de0f37f6bbe0,c24b3130-482c-4313-a6c9-416e6cd7c9a6,,"{""title"": ""Shift Lead - Fleet""}",2026-08-10 18:36:01.371978+00,2026-08-10 19:10:28.327832+00
37abbbee-d396-42dc-b275-aab89c44041b,LLX-BDL-00166,Dilshan Bandara,dilshanb.log@lankalogix.com,+94 72 463 5203,user,active,23a10ad6-f2ff-4aab-9878-de0f37f6bbe0,c24b3130-482c-4313-a6c9-416e6cd7c9a6,,"{""title"": ""Shift Lead - Fleet""}",2026-08-10 18:36:01.678557+00,2026-08-10 19:10:28.327832+00
7ab9627f-9aad-43ec-bf29-5590321ee2b1,LLX-BDL-00167,Erandi Senanayake,erandis.log@lankalogix.com,+94 75 269 8295,user,active,23a10ad6-f2ff-4aab-9878-de0f37f6bbe0,c24b3130-482c-4313-a6c9-416e6cd7c9a6,,"{""title"": ""Forklift Operator""}",2026-08-10 18:36:01.920004+00,2026-08-10 19:10:28.327832+00
ced346b3-b93a-4602-9e91-4116689d05ca,LLX-BDL-00168,Rashmi Rajapaksa,rashmir.log@lankalogix.com,+94 70 108 3643,user,active,23a10ad6-f2ff-4aab-9878-de0f37f6bbe0,c24b3130-482c-4313-a6c9-416e6cd7c9a6,,"{""title"": ""Senior Driver""}",2026-08-10 18:36:02.15607+00,2026-08-10 19:10:28.327832+00
c90df745-1d60-4fee-882f-634728b39f2d,LLX-BDL-00169,Rizwan Saleem,rizwans2.log@lankalogix.com,+94 76 313 1092,user,active,23a10ad6-f2ff-4aab-9878-de0f37f6bbe0,c24b3130-482c-4313-a6c9-416e6cd7c9a6,,"{""title"": ""Senior Driver""}",2026-08-10 18:36:02.394767+00,2026-08-10 19:10:28.327832+00
597aa962-1131-4ee4-a5fa-e4917a158570,LLX-BDL-00170,Ruwani Jayasuriya,ruwanij.log@lankalogix.com,+94 76 599 9129,user,active,23a10ad6-f2ff-4aab-9878-de0f37f6bbe0,c24b3130-482c-4313-a6c9-416e6cd7c9a6,,"{""title"": ""Driver""}",2026-08-10 18:36:02.701983+00,2026-08-10 19:10:28.327832+00
9b3bff38-da7d-4ad0-8bf0-efdd03c2c0f8,LLX-BDL-00171,Ayesha Cassim,ayeshac.log@lankalogix.com,+94 77 898 5273,user,active,23a10ad6-f2ff-4aab-9878-de0f37f6bbe0,c24b3130-482c-4313-a6c9-416e6cd7c9a6,,"{""title"": ""Forklift Operator""}",2026-08-10 18:36:02.940945+00,2026-08-10 19:10:28.327832+00
766fd048-5479-4dc8-8e71-cdd73be7d84b,LLX-BDL-00172,Supun Ranasinghe,supunr.log@lankalogix.com,+94 76 599 1013,user,suspended,23a10ad6-f2ff-4aab-9878-de0f37f6bbe0,c24b3130-482c-4313-a6c9-416e6cd7c9a6,,"{""title"": ""Forklift Operator""}",2026-08-10 18:36:03.21987+00,2026-08-10 19:10:28.327832+00
e2f4db5d-5268-451f-8f58-023f568f8422,LLX-BDL-00173,Harshani Gunasekara,harshanig.log@lankalogix.com,+94 72 304 7387,user,active,23a10ad6-f2ff-4aab-9878-de0f37f6bbe0,c24b3130-482c-4313-a6c9-416e6cd7c9a6,,"{""title"": ""Shift Lead - Fleet""}",2026-08-10 18:36:03.451751+00,2026-08-10 19:10:28.327832+00
66d08192-d53e-4c15-aad3-4d55493d0072,LLX-BDL-00174,Shafi Ismail,shafii.log@lankalogix.com,+94 76 834 1475,user,active,23a10ad6-f2ff-4aab-9878-de0f37f6bbe0,c24b3130-482c-4313-a6c9-416e6cd7c9a6,,"{""title"": ""Dispatch Coordinator""}",2026-08-10 18:36:03.727025+00,2026-08-10 19:10:28.327832+00
2ce0bc6a-959a-4ad4-ba44-b4a27685f43a,LLX-BDL-00175,Chaminda Udawatta,chamindau.log@lankalogix.com,+94 72 288 8451,user,active,23a10ad6-f2ff-4aab-9878-de0f37f6bbe0,c24b3130-482c-4313-a6c9-416e6cd7c9a6,,"{""title"": ""Senior Driver""}",2026-08-10 18:36:04.020394+00,2026-08-10 19:10:28.327832+00
65d43a9f-e305-49af-994b-5a76143bbac5,LLX-BDL-00176,Amila Vithanage,amilav.log@lankalogix.com,+94 76 843 4042,user,active,23a10ad6-f2ff-4aab-9878-de0f37f6bbe0,c24b3130-482c-4313-a6c9-416e6cd7c9a6,,"{""title"": ""Dispatch Coordinator""}",2026-08-10 18:36:04.25615+00,2026-08-10 19:10:28.327832+00
f1c6af40-53f1-4765-b50d-29b05dc581d1,LLX-BDL-00177,Sunil Gunasekara,sunilg.log@lankalogix.com,+94 78 883 9208,user,active,23a10ad6-f2ff-4aab-9878-de0f37f6bbe0,c24b3130-482c-4313-a6c9-416e6cd7c9a6,,"{""title"": ""Driver""}",2026-08-10 18:36:04.493424+00,2026-08-10 19:10:28.327832+00
7c2d98b0-0276-4ef9-8a45-ecbc21c761a4,LLX-BDL-00178,Ananthi Balasubramaniam,ananthib.log@lankalogix.com,+94 75 161 1827,user,active,23a10ad6-f2ff-4aab-9878-de0f37f6bbe0,c24b3130-482c-4313-a6c9-416e6cd7c9a6,,"{""title"": ""Senior Driver""}",2026-08-10 18:36:04.757973+00,2026-08-10 19:10:28.327832+00
9d4c08ed-6a5c-4b63-99bf-aabc10dcb755,LLX-BDL-00179,Udara Bandara,udarab.log@lankalogix.com,+94 74 817 3934,user,active,23a10ad6-f2ff-4aab-9878-de0f37f6bbe0,c24b3130-482c-4313-a6c9-416e6cd7c9a6,,"{""title"": ""Driver""}",2026-08-10 18:36:04.986484+00,2026-08-10 19:10:28.327832+00
fe119e0c-c737-41f0-bbbd-5073cd6926ce,LLX-BDL-00180,Sunil Ratnayake,sunilr.log@lankalogix.com,+94 72 369 8625,user,active,23a10ad6-f2ff-4aab-9878-de0f37f6bbe0,c24b3130-482c-4313-a6c9-416e6cd7c9a6,,"{""title"": ""Dispatch Coordinator""}",2026-08-10 18:36:05.213387+00,2026-08-10 19:10:28.327832+00
c7d43f46-0cb9-40d1-ba17-47dd628fe68b,LLX-BDL-00181,Wasana Jayawardena,wasanaj.log@lankalogix.com,+94 71 272 8465,user,active,23a10ad6-f2ff-4aab-9878-de0f37f6bbe0,c24b3130-482c-4313-a6c9-416e6cd7c9a6,,"{""title"": ""Driver""}",2026-08-10 18:36:05.461912+00,2026-08-10 19:10:28.327832+00
363395ad-bc4d-48d7-9bb3-13e893e92e82,LLX-BDL-00182,Tharindu Ratnayake,tharindur.log@lankalogix.com,+94 77 477 1001,user,active,23a10ad6-f2ff-4aab-9878-de0f37f6bbe0,c24b3130-482c-4313-a6c9-416e6cd7c9a6,,"{""title"": ""Driver""}",2026-08-10 18:36:05.77725+00,2026-08-10 19:10:28.327832+00
c52505a4-1d2f-448d-bf92-977af7403607,LLX-BDL-00183,Ananthi Sivalingam,ananthis2.log@lankalogix.com,+94 78 170 3342,user,active,23a10ad6-f2ff-4aab-9878-de0f37f6bbe0,c24b3130-482c-4313-a6c9-416e6cd7c9a6,,"{""title"": ""Shift Lead - Fleet""}",2026-08-10 18:36:06.086539+00,2026-08-10 19:10:28.327832+00
f3c86ff8-fb6a-4c66-abba-e7d600708c4e,LLX-BDL-00184,Anuruddha Hettiarachchi,anuruddhah.log@lankalogix.com,+94 78 240 3710,user,active,23a10ad6-f2ff-4aab-9878-de0f37f6bbe0,c24b3130-482c-4313-a6c9-416e6cd7c9a6,,"{""title"": ""Shift Lead - Fleet""}",2026-08-10 18:36:06.387142+00,2026-08-10 19:10:28.327832+00
1ad7ac67-7360-49fc-8826-4c87c34eb6bc,LLX-BDL-00185,Selvam Kandasamy,selvamk.log@lankalogix.com,+94 76 536 3245,user,active,23a10ad6-f2ff-4aab-9878-de0f37f6bbe0,c24b3130-482c-4313-a6c9-416e6cd7c9a6,,"{""title"": ""Dispatch Coordinator""}",2026-08-10 18:36:06.627587+00,2026-08-10 19:10:28.327832+00
bfbab097-299c-4d06-84f0-2bc51cef5a84,LLX-BDL-00186,Kumaran Thangarajah,kumarant.log@lankalogix.com,+94 74 302 4393,user,active,23a10ad6-f2ff-4aab-9878-de0f37f6bbe0,c24b3130-482c-4313-a6c9-416e6cd7c9a6,,"{""title"": ""Senior Driver""}",2026-08-10 18:36:06.906475+00,2026-08-10 19:10:28.327832+00
660c165d-6101-4478-8f1e-e68d29e42c0c,LLX-BDL-00187,Janaka Galappaththi,janakag.log@lankalogix.com,+94 74 525 5961,user,active,23a10ad6-f2ff-4aab-9878-de0f37f6bbe0,c24b3130-482c-4313-a6c9-416e6cd7c9a6,,"{""title"": ""Dispatch Coordinator""}",2026-08-10 18:36:07.185433+00,2026-08-10 19:10:28.327832+00
a1106058-8633-4392-8841-1b4ae69c79fc,LLX-BDL-00188,Dilhani Udawatta,dilhaniu.log@lankalogix.com,+94 76 240 8329,user,active,23a10ad6-f2ff-4aab-9878-de0f37f6bbe0,c24b3130-482c-4313-a6c9-416e6cd7c9a6,,"{""title"": ""Driver""}",2026-08-10 18:36:07.48238+00,2026-08-10 19:10:28.327832+00
2880fc15-f0ee-4986-8ce3-c88c53681281,LLX-BDL-00189,Mohan Ponnambalam,mohanp.log@lankalogix.com,+94 70 187 3342,user,active,23a10ad6-f2ff-4aab-9878-de0f37f6bbe0,c24b3130-482c-4313-a6c9-416e6cd7c9a6,,"{""title"": ""Senior Driver""}",2026-08-10 18:36:07.923986+00,2026-08-10 19:10:28.327832+00
85bfb451-ee2f-42c5-8600-eb489846f554,LLX-BDL-00190,Sewwandi Amarasinghe,sewwandia.log@lankalogix.com,+94 75 931 3655,user,active,23a10ad6-f2ff-4aab-9878-de0f37f6bbe0,c24b3130-482c-4313-a6c9-416e6cd7c9a6,,"{""title"": ""Forklift Operator""}",2026-08-10 18:36:08.231569+00,2026-08-10 19:10:28.327832+00
f1e523dc-5f0b-4ff3-861b-012c7b890328,LLX-BDL-00191,Buddhika Bandara,buddhikab.log@lankalogix.com,+94 72 229 6169,user,active,23a10ad6-f2ff-4aab-9878-de0f37f6bbe0,c24b3130-482c-4313-a6c9-416e6cd7c9a6,,"{""title"": ""Shift Lead - Fleet""}",2026-08-10 18:36:08.506253+00,2026-08-10 19:10:28.327832+00
36f9a4a5-291f-4548-b867-96c44f690282,LLX-BDL-00192,Yohan Peiris,yohanp2.log@lankalogix.com,+94 74 641 5971,user,active,23a10ad6-f2ff-4aab-9878-de0f37f6bbe0,c24b3130-482c-4313-a6c9-416e6cd7c9a6,,"{""title"": ""Senior Driver""}",2026-08-10 18:36:08.756285+00,2026-08-10 19:10:28.327832+00
7c954517-6c2b-445a-8f89-712ebe223860,LLX-BDL-00193,Damith Seneviratne,damiths.log@lankalogix.com,+94 71 559 2514,user,active,23a10ad6-f2ff-4aab-9878-de0f37f6bbe0,c24b3130-482c-4313-a6c9-416e6cd7c9a6,,"{""title"": ""Shift Lead - Fleet""}",2026-08-10 18:36:09.008868+00,2026-08-10 19:10:28.327832+00
26533c7a-2605-4da0-abad-5bdd41c619ac,LLX-BDL-00194,Saliya Madushanka,saliyam.log@lankalogix.com,+94 75 860 2762,user,active,23a10ad6-f2ff-4aab-9878-de0f37f6bbe0,c24b3130-482c-4313-a6c9-416e6cd7c9a6,,"{""title"": ""Shift Lead - Fleet""}",2026-08-10 18:36:09.243653+00,2026-08-10 19:10:28.327832+00
0136af05-299f-4764-9b5a-7a80d454e1fc,LLX-BDL-00195,Upeksha Edirisinghe,upekshae.log@lankalogix.com,+94 77 814 2982,user,active,23a10ad6-f2ff-4aab-9878-de0f37f6bbe0,c24b3130-482c-4313-a6c9-416e6cd7c9a6,,"{""title"": ""Driver""}",2026-08-10 18:36:09.51808+00,2026-08-10 19:10:28.327832+00
8ff39e30-4eba-4e55-92f0-2638684a361d,LLX-BDL-00196,Ravi Ratnasingham,ravir.log@lankalogix.com,+94 70 588 5763,user,active,23a10ad6-f2ff-4aab-9878-de0f37f6bbe0,c24b3130-482c-4313-a6c9-416e6cd7c9a6,,"{""title"": ""Shift Lead - Fleet""}",2026-08-10 18:36:09.769328+00,2026-08-10 19:10:28.327832+00
b90af50e-7685-4a4a-b293-504b182c08f7,LLX-BDL-00197,Nazeer Haniffa,nazeerh.log@lankalogix.com,+94 72 358 3812,user,active,23a10ad6-f2ff-4aab-9878-de0f37f6bbe0,c24b3130-482c-4313-a6c9-416e6cd7c9a6,,"{""title"": ""Driver""}",2026-08-10 18:36:10.072801+00,2026-08-10 19:10:28.327832+00
c6c5bb52-5726-498c-8641-8a82e02faff5,LLX-BDL-00198,Iresha Samarasinghe,ireshas.log@lankalogix.com,+94 70 930 4923,user,active,23a10ad6-f2ff-4aab-9878-de0f37f6bbe0,c24b3130-482c-4313-a6c9-416e6cd7c9a6,,"{""title"": ""Forklift Operator""}",2026-08-10 18:36:10.301656+00,2026-08-10 19:10:28.327832+00
81465f78-fd22-40f9-bb43-c73ede62087e,LLX-BDL-00199,Murali Arumugam,muralia3.log@lankalogix.com,+94 76 625 9822,user,active,23a10ad6-f2ff-4aab-9878-de0f37f6bbe0,c24b3130-482c-4313-a6c9-416e6cd7c9a6,,"{""title"": ""Forklift Operator""}",2026-08-10 18:36:10.540408+00,2026-08-10 19:10:28.327832+00
983f9089-e5b9-47df-95ca-ffb5d0ca1c39,LLX-BDL-00200,Gihan Munasinghe,gihanm.log@lankalogix.com,+94 75 713 6280,user,active,23a10ad6-f2ff-4aab-9878-de0f37f6bbe0,c24b3130-482c-4313-a6c9-416e6cd7c9a6,,"{""title"": ""Senior Driver""}",2026-08-10 18:36:10.801641+00,2026-08-10 19:10:28.327832+00
059e5a21-9aa0-47b0-95c8-497b4f42c904,LLX-BDL-00201,Rizwan Saleem,rizwans3.log@lankalogix.com,+94 72 132 6892,user,active,23a10ad6-f2ff-4aab-9878-de0f37f6bbe0,c24b3130-482c-4313-a6c9-416e6cd7c9a6,,"{""title"": ""Senior Driver""}",2026-08-10 18:36:11.123714+00,2026-08-10 19:10:28.327832+00
a1b85244-a022-490b-8170-5794c882d878,LLX-BDL-00202,Dulani Perera,dulanip2.log@lankalogix.com,+94 70 232 5055,user,active,23a10ad6-f2ff-4aab-9878-de0f37f6bbe0,c24b3130-482c-4313-a6c9-416e6cd7c9a6,,"{""title"": ""Driver""}",2026-08-10 18:36:11.40936+00,2026-08-10 19:10:28.327832+00
b9e1c866-3846-4a2a-b3d8-374c6b1b1ae0,LLX-BDL-00203,Charith Jayasuriya,charithj2.log@lankalogix.com,+94 75 345 2522,user,active,23a10ad6-f2ff-4aab-9878-de0f37f6bbe0,c24b3130-482c-4313-a6c9-416e6cd7c9a6,,"{""title"": ""Forklift Operator""}",2026-08-10 18:36:11.646589+00,2026-08-10 19:10:28.327832+00
cb819ef5-51d7-4a1d-b1b4-e10674bdcd4d,LLX-BDL-00204,Asanka Rajapaksa,asankar2.log@lankalogix.com,+94 71 679 5065,user,active,23a10ad6-f2ff-4aab-9878-de0f37f6bbe0,c24b3130-482c-4313-a6c9-416e6cd7c9a6,,"{""title"": ""Driver""}",2026-08-10 18:36:11.932161+00,2026-08-10 19:10:28.327832+00
53950c8c-c163-431d-b49c-bfd8733ae431,LLX-BDL-00205,Pasindu Peiris,pasindup2.log@lankalogix.com,+94 76 694 9549,user,active,23a10ad6-f2ff-4aab-9878-de0f37f6bbe0,c24b3130-482c-4313-a6c9-416e6cd7c9a6,,"{""title"": ""Senior Driver""}",2026-08-10 18:36:12.174954+00,2026-08-10 19:10:28.327832+00
2662a23a-f8e3-486e-805a-21f08bc68c50,LLX-BDL-00206,Rukshana Marikkar,rukshanam.log@lankalogix.com,+94 70 909 8655,user,active,23a10ad6-f2ff-4aab-9878-de0f37f6bbe0,c24b3130-482c-4313-a6c9-416e6cd7c9a6,,"{""title"": ""Forklift Operator""}",2026-08-10 18:36:12.443517+00,2026-08-10 19:10:28.327832+00
59d6aa79-2377-4337-9638-88a668cb9c4b,LLX-BDL-00207,Manoharan Muthukumar,manoharanm.log@lankalogix.com,+94 71 580 3047,user,active,23a10ad6-f2ff-4aab-9878-de0f37f6bbe0,c24b3130-482c-4313-a6c9-416e6cd7c9a6,,"{""title"": ""Driver""}",2026-08-10 18:36:12.677061+00,2026-08-10 19:10:28.327832+00
1ff0badc-a296-4e59-88b7-0899c91f4382,LLX-BDL-00208,Mohamed Cassim,mohamedc.log@lankalogix.com,+94 71 718 7896,user,active,23a10ad6-f2ff-4aab-9878-de0f37f6bbe0,c24b3130-482c-4313-a6c9-416e6cd7c9a6,,"{""title"": ""Shift Lead - Fleet""}",2026-08-10 18:36:12.96027+00,2026-08-10 19:10:28.327832+00
77d52514-52e6-4156-b26b-a45c4caf47d7,LLX-BDL-00209,Sachini Nanayakkara,sachinin.log@lankalogix.com,+94 70 119 6142,user,active,23a10ad6-f2ff-4aab-9878-de0f37f6bbe0,c24b3130-482c-4313-a6c9-416e6cd7c9a6,,"{""title"": ""Dispatch Coordinator""}",2026-08-10 18:36:13.18663+00,2026-08-10 19:10:28.327832+00
d450eb41-e7ad-4985-a5b1-311021ac2e9d,LLX-BDL-00210,Gayan Hettiarachchi,gayanh.log@lankalogix.com,+94 77 447 4577,user,active,23a10ad6-f2ff-4aab-9878-de0f37f6bbe0,c24b3130-482c-4313-a6c9-416e6cd7c9a6,,"{""title"": ""Dispatch Coordinator""}",2026-08-10 18:36:13.419738+00,2026-08-10 19:10:28.327832+00
d1180d8d-7124-476b-b7a8-8633b48b0fb9,LLX-BDL-00211,Ruwan Perera,ruwanp.log@lankalogix.com,+94 75 652 8410,user,active,23a10ad6-f2ff-4aab-9878-de0f37f6bbe0,c24b3130-482c-4313-a6c9-416e6cd7c9a6,,"{""title"": ""Shift Lead - Fleet""}",2026-08-10 18:36:13.65951+00,2026-08-10 19:10:28.327832+00
9ef1e83f-d503-498c-88e6-f45431b9299a,LLX-BDL-00212,Udara Wanigasekara,udaraw3.log@lankalogix.com,+94 78 355 4943,user,active,23a10ad6-f2ff-4aab-9878-de0f37f6bbe0,c24b3130-482c-4313-a6c9-416e6cd7c9a6,,"{""title"": ""Shift Lead - Fleet""}",2026-08-10 18:36:13.907959+00,2026-08-10 19:10:28.327832+00
782ac408-28cd-4fd3-b56b-21cca25714bb,LLX-BDL-00213,Sunil Weerasinghe,sunilw.log@lankalogix.com,+94 77 467 9073,user,active,23a10ad6-f2ff-4aab-9878-de0f37f6bbe0,c24b3130-482c-4313-a6c9-416e6cd7c9a6,,"{""title"": ""Driver""}",2026-08-10 18:36:14.146493+00,2026-08-10 19:10:28.327832+00
8868cff2-c4fe-47a5-bd8d-3e7175d11472,LLX-BDL-00214,Nayomi Bandara,nayomib.log@lankalogix.com,+94 70 612 2655,user,active,23a10ad6-f2ff-4aab-9878-de0f37f6bbe0,c24b3130-482c-4313-a6c9-416e6cd7c9a6,,"{""title"": ""Forklift Operator""}",2026-08-10 18:36:14.486379+00,2026-08-10 19:10:28.327832+00
0f44c2c3-30f2-4b3e-89ac-61f9625f0899,LLX-BDL-00215,Bandula Opatha,bandulao.log@lankalogix.com,+94 74 418 6638,user,active,23a10ad6-f2ff-4aab-9878-de0f37f6bbe0,c24b3130-482c-4313-a6c9-416e6cd7c9a6,,"{""title"": ""Driver""}",2026-08-10 18:36:14.717598+00,2026-08-10 19:10:28.327832+00
201810ef-10d6-4664-9bf3-c78ad722a6de,LLX-BDL-00216,Sasikumar Ponnambalam,sasikumarp.log@lankalogix.com,+94 74 665 4624,user,active,23a10ad6-f2ff-4aab-9878-de0f37f6bbe0,c24b3130-482c-4313-a6c9-416e6cd7c9a6,,"{""title"": ""Shift Lead - Fleet""}",2026-08-10 18:36:14.995479+00,2026-08-10 19:10:28.327832+00
c396bf07-f1d5-4e50-85a6-052a95f8a744,LLX-BDL-00217,Nizam Marikkar,nizamm.log@lankalogix.com,+94 72 190 5695,user,active,23a10ad6-f2ff-4aab-9878-de0f37f6bbe0,c24b3130-482c-4313-a6c9-416e6cd7c9a6,,"{""title"": ""Forklift Operator""}",2026-08-10 18:36:15.30307+00,2026-08-10 19:10:28.327832+00
00936255-6f6e-43c6-aaf4-24f69d6a10c4,LLX-BDL-00218,Lahiru Jayasuriya,lahiruj.log@lankalogix.com,+94 77 495 4118,user,active,23a10ad6-f2ff-4aab-9878-de0f37f6bbe0,c24b3130-482c-4313-a6c9-416e6cd7c9a6,,"{""title"": ""Dispatch Coordinator""}",2026-08-10 18:36:15.539297+00,2026-08-10 19:10:28.327832+00
6947c9f5-0bf6-4d86-a562-5339ac82f575,LLX-BDL-00219,Chanaka Vithanage,chanakav.log@lankalogix.com,+94 76 377 5138,user,active,23a10ad6-f2ff-4aab-9878-de0f37f6bbe0,c24b3130-482c-4313-a6c9-416e6cd7c9a6,,"{""title"": ""Senior Driver""}",2026-08-10 18:36:15.780261+00,2026-08-10 19:10:28.327832+00
6e2f5d4a-4842-4cac-8156-c863d330342d,LLX-BDL-00220,Sanduni Ranasinghe,sandunir.log@lankalogix.com,+94 74 325 4739,user,active,23a10ad6-f2ff-4aab-9878-de0f37f6bbe0,c24b3130-482c-4313-a6c9-416e6cd7c9a6,,"{""title"": ""Driver""}",2026-08-10 18:36:16.016182+00,2026-08-10 19:10:28.327832+00
b36f60de-7468-494a-8e5f-a8f1ffc38839,LLX-BDL-00221,Rasika Mendis,rasikam.log@lankalogix.com,+94 77 518 4357,user,active,23a10ad6-f2ff-4aab-9878-de0f37f6bbe0,c24b3130-482c-4313-a6c9-416e6cd7c9a6,,"{""title"": ""Forklift Operator""}",2026-08-10 18:36:16.297942+00,2026-08-10 19:10:28.327832+00
47aa7347-bff7-4069-bc8d-99693751ee09,LLX-BDL-00222,Ruwan Gunawardena,ruwang.log@lankalogix.com,+94 78 848 8022,user,active,23a10ad6-f2ff-4aab-9878-de0f37f6bbe0,c24b3130-482c-4313-a6c9-416e6cd7c9a6,,"{""title"": ""Driver""}",2026-08-10 18:36:16.6415+00,2026-08-10 19:10:28.327832+00
14cc079d-7a72-4d9c-9e99-7c14a3c85b0f,LLX-BDL-00223,Hussain Hameed,hussainh2.log@lankalogix.com,+94 74 861 1197,user,active,23a10ad6-f2ff-4aab-9878-de0f37f6bbe0,c24b3130-482c-4313-a6c9-416e6cd7c9a6,,"{""title"": ""Senior Driver""}",2026-08-10 18:36:16.881271+00,2026-08-10 19:10:28.327832+00
d8f399ad-71ac-433b-9603-54c2ebce9462,LLX-BDL-00224,Samanthi Wijeratne,samanthiw.log@lankalogix.com,+94 77 391 9046,user,active,23a10ad6-f2ff-4aab-9878-de0f37f6bbe0,c24b3130-482c-4313-a6c9-416e6cd7c9a6,,"{""title"": ""Dispatch Coordinator""}",2026-08-10 18:36:17.145316+00,2026-08-10 19:10:28.327832+00
eaffb453-f1e1-442e-b1c7-d0767b538fe3,LLX-BDL-00225,Ananthi Rajendran,ananthir.log@lankalogix.com,+94 72 261 1380,user,active,23a10ad6-f2ff-4aab-9878-de0f37f6bbe0,c24b3130-482c-4313-a6c9-416e6cd7c9a6,,"{""title"": ""Dispatch Coordinator""}",2026-08-10 18:36:17.46539+00,2026-08-10 19:10:28.327832+00
26871afa-61f7-4e03-a141-1696a9dc0564,LLX-BDL-00226,Thiru Nadarajah,thirun.log@lankalogix.com,+94 77 545 4608,user,active,23a10ad6-f2ff-4aab-9878-de0f37f6bbe0,c24b3130-482c-4313-a6c9-416e6cd7c9a6,,"{""title"": ""Forklift Operator""}",2026-08-10 18:36:17.760052+00,2026-08-10 19:10:28.327832+00
4c9e64c0-451b-49ae-afda-b598a9a82a7a,LLX-BDL-00227,Sachini Weerasinghe,sachiniw.log@lankalogix.com,+94 74 202 2861,user,active,23a10ad6-f2ff-4aab-9878-de0f37f6bbe0,c24b3130-482c-4313-a6c9-416e6cd7c9a6,,"{""title"": ""Senior Driver""}",2026-08-10 18:36:18.071161+00,2026-08-10 19:10:28.327832+00
8362dfbf-bbe8-4d72-b96f-aa8f0d0afa12,LLX-BDL-00228,Rajan Sivanathan,rajans.log@lankalogix.com,+94 75 438 4403,user,active,23a10ad6-f2ff-4aab-9878-de0f37f6bbe0,c24b3130-482c-4313-a6c9-416e6cd7c9a6,,"{""title"": ""Senior Driver""}",2026-08-10 18:36:18.425464+00,2026-08-10 19:10:28.327832+00
12f09dc9-bc8a-4749-96a7-54c0a1488f53,LLX-BDL-00229,Shantha Rajapaksa,shanthar.log@lankalogix.com,+94 74 843 5617,user,active,23a10ad6-f2ff-4aab-9878-de0f37f6bbe0,c24b3130-482c-4313-a6c9-416e6cd7c9a6,,"{""title"": ""Shift Lead - Fleet""}",2026-08-10 18:36:18.709388+00,2026-08-10 19:10:28.327832+00
dedd34c4-030e-4a29-b3b3-20abc8e2ed74,LLX-BDL-00230,Indika Fernando,indikaf.log@lankalogix.com,+94 76 691 6460,user,active,23a10ad6-f2ff-4aab-9878-de0f37f6bbe0,c24b3130-482c-4313-a6c9-416e6cd7c9a6,,"{""title"": ""Senior Driver""}",2026-08-10 18:36:18.952453+00,2026-08-10 19:10:28.327832+00
960e7df1-3079-4aab-812d-cf90bb2b019e,LLX-BDL-00231,Udeshika Silva,udeshikas.log@lankalogix.com,+94 71 206 1669,user,active,23a10ad6-f2ff-4aab-9878-de0f37f6bbe0,c24b3130-482c-4313-a6c9-416e6cd7c9a6,,"{""title"": ""Driver""}",2026-08-10 18:36:19.196362+00,2026-08-10 19:10:28.327832+00
84ba50f5-a2ed-4682-8ba5-e5556fff4b51,LLX-BDL-00232,Thushara Mendis,thusharam.log@lankalogix.com,+94 72 765 4778,user,active,23a10ad6-f2ff-4aab-9878-de0f37f6bbe0,c24b3130-482c-4313-a6c9-416e6cd7c9a6,,"{""title"": ""Driver""}",2026-08-10 18:36:19.501781+00,2026-08-10 19:10:28.327832+00
11aa8dc4-d36c-4098-88b1-163bac724648,LLX-BDL-00233,Duminda Tennakoon,dumindat2.log@lankalogix.com,+94 70 629 9812,user,active,23a10ad6-f2ff-4aab-9878-de0f37f6bbe0,c24b3130-482c-4313-a6c9-416e6cd7c9a6,,"{""title"": ""Forklift Operator""}",2026-08-10 18:36:19.857593+00,2026-08-10 19:10:28.327832+00
d4f423d0-e74e-4798-9af2-e03f0d95868b,LLX-BDL-00234,Lasantha Senanayake,lasanthas.log@lankalogix.com,+94 77 222 8189,user,active,23a10ad6-f2ff-4aab-9878-de0f37f6bbe0,c24b3130-482c-4313-a6c9-416e6cd7c9a6,,"{""title"": ""Forklift Operator""}",2026-08-10 18:36:20.08833+00,2026-08-10 19:10:28.327832+00
3e623db5-6194-489b-a436-6c14b8d1a321,LLX-BDL-00235,Nuwan Liyanage,nuwanl.log@lankalogix.com,+94 71 790 4519,user,active,23a10ad6-f2ff-4aab-9878-de0f37f6bbe0,c24b3130-482c-4313-a6c9-416e6cd7c9a6,,"{""title"": ""Senior Driver""}",2026-08-10 18:36:20.319173+00,2026-08-10 19:10:28.327832+00
d1e3297e-159c-47bf-9c07-676bf0b6930c,LLX-BDL-00236,Ravi Ratnasingham,ravir2.log@lankalogix.com,+94 78 137 6513,user,active,23a10ad6-f2ff-4aab-9878-de0f37f6bbe0,c24b3130-482c-4313-a6c9-416e6cd7c9a6,,"{""title"": ""Driver""}",2026-08-10 18:36:20.552188+00,2026-08-10 19:10:28.327832+00
026e934f-6cbc-47d3-bebc-2e13bef9f375,LLX-BDL-00237,Shalini Jayasuriya,shalinij.log@lankalogix.com,+94 74 404 7693,user,active,23a10ad6-f2ff-4aab-9878-de0f37f6bbe0,c24b3130-482c-4313-a6c9-416e6cd7c9a6,,"{""title"": ""Forklift Operator""}",2026-08-10 18:36:20.78501+00,2026-08-10 19:10:28.327832+00
51ed755f-22ae-4531-a9f7-a80a516f97b6,LLX-BDL-00238,Chamara Vithanage,chamarav2.log@lankalogix.com,+94 78 608 9239,user,active,23a10ad6-f2ff-4aab-9878-de0f37f6bbe0,c24b3130-482c-4313-a6c9-416e6cd7c9a6,,"{""title"": ""Dispatch Coordinator""}",2026-08-10 18:36:21.012002+00,2026-08-10 19:10:28.327832+00
15b87d03-89b9-407f-abbf-8dc82d73f93f,LLX-BDL-00239,Harshani Ratnayake,harshanir.log@lankalogix.com,+94 77 771 8224,user,active,23a10ad6-f2ff-4aab-9878-de0f37f6bbe0,c24b3130-482c-4313-a6c9-416e6cd7c9a6,,"{""title"": ""Forklift Operator""}",2026-08-10 18:36:21.25053+00,2026-08-10 19:10:28.327832+00
64eea3cd-759d-411b-b233-253c5b99f030,LLX-BDL-00240,Malinda Rajapaksa,malindar.log@lankalogix.com,+94 71 820 3768,user,active,23a10ad6-f2ff-4aab-9878-de0f37f6bbe0,c24b3130-482c-4313-a6c9-416e6cd7c9a6,,"{""title"": ""Forklift Operator""}",2026-08-10 18:36:21.492385+00,2026-08-10 19:10:28.327832+00
c8473b51-1136-4dbb-8891-5786a41fb190,LLX-BDL-00241,Murali Arumugam,muralia4.log@lankalogix.com,+94 76 143 6004,user,active,23a10ad6-f2ff-4aab-9878-de0f37f6bbe0,c24b3130-482c-4313-a6c9-416e6cd7c9a6,,"{""title"": ""Dispatch Coordinator""}",2026-08-10 18:36:21.754578+00,2026-08-10 19:10:28.327832+00
e2efa991-7647-42b1-8b11-96899c4a2d89,LLX-BDL-00242,Ruwan Madushanka,ruwanm2.log@lankalogix.com,+94 77 904 2387,user,active,23a10ad6-f2ff-4aab-9878-de0f37f6bbe0,c24b3130-482c-4313-a6c9-416e6cd7c9a6,,"{""title"": ""Driver""}",2026-08-10 18:36:22.02174+00,2026-08-10 19:10:28.327832+00
774eb1d9-2520-45f1-b8a0-2a3cd378dbc3,LLX-BDL-00243,Ruwan Bandara,ruwanb.log@lankalogix.com,+94 76 382 2911,user,active,23a10ad6-f2ff-4aab-9878-de0f37f6bbe0,c24b3130-482c-4313-a6c9-416e6cd7c9a6,,"{""title"": ""Forklift Operator""}",2026-08-10 18:36:22.261621+00,2026-08-10 19:10:28.327832+00
e96c31fc-e9b5-46e4-9cf1-9d17792ad6df,LLX-BDL-00244,Rasika Udawatta,rasikau2.log@lankalogix.com,+94 75 750 1048,user,inactive,23a10ad6-f2ff-4aab-9878-de0f37f6bbe0,c24b3130-482c-4313-a6c9-416e6cd7c9a6,,"{""title"": ""Forklift Operator""}",2026-08-10 18:36:22.4955+00,2026-08-10 19:10:28.327832+00
32dc59cb-ffdf-4808-a64d-050c19511645,LLX-BDL-00245,Harsha Gunawardena,harshag.log@lankalogix.com,+94 74 134 1013,user,active,23a10ad6-f2ff-4aab-9878-de0f37f6bbe0,c24b3130-482c-4313-a6c9-416e6cd7c9a6,,"{""title"": ""Forklift Operator""}",2026-08-10 18:36:22.730723+00,2026-08-10 19:10:28.327832+00
3173243b-26b1-4301-952c-69615a95e806,LLX-BDL-00246,Prasad Wickramasinghe,prasadw2.log@lankalogix.com,+94 70 134 7833,user,active,23a10ad6-f2ff-4aab-9878-de0f37f6bbe0,c24b3130-482c-4313-a6c9-416e6cd7c9a6,,"{""title"": ""Driver""}",2026-08-10 18:36:22.971602+00,2026-08-10 19:10:28.327832+00
73c05dbe-9e82-4f00-b52a-dab6d654c550,LLX-BDL-00247,Gihan Mendis,gihanm2.log@lankalogix.com,+94 70 310 7587,user,active,23a10ad6-f2ff-4aab-9878-de0f37f6bbe0,c24b3130-482c-4313-a6c9-416e6cd7c9a6,,"{""title"": ""Driver""}",2026-08-10 18:36:23.207455+00,2026-08-10 19:10:28.327832+00
5d47a181-9a09-4bbf-9c80-c3da3e81e428,LLX-BDL-00248,Chamara Udawatta,chamarau.log@lankalogix.com,+94 71 560 4740,user,active,23a10ad6-f2ff-4aab-9878-de0f37f6bbe0,c24b3130-482c-4313-a6c9-416e6cd7c9a6,,"{""title"": ""Dispatch Coordinator""}",2026-08-10 18:36:23.440414+00,2026-08-10 19:10:28.327832+00
602ed1c1-c6c6-4315-93e7-9f831694a764,LLX-BDL-00249,Prasad Ekanayake,prasade.log@lankalogix.com,+94 77 372 3389,user,inactive,23a10ad6-f2ff-4aab-9878-de0f37f6bbe0,c24b3130-482c-4313-a6c9-416e6cd7c9a6,,"{""title"": ""Driver""}",2026-08-10 18:36:23.673889+00,2026-08-10 19:10:28.327832+00
279ecb13-f02b-44e7-b488-057559433848,LLX-BDL-00250,Suresh Selvarajah,sureshs.log@lankalogix.com,+94 76 944 4146,user,active,23a10ad6-f2ff-4aab-9878-de0f37f6bbe0,c24b3130-482c-4313-a6c9-416e6cd7c9a6,,"{""title"": ""Driver""}",2026-08-10 18:36:23.910553+00,2026-08-10 19:10:28.327832+00
05d1ba48-e184-4f32-b427-e979dfe2afc7,LLX-BDL-00251,Jagath Silva,jagaths.log@lankalogix.com,+94 72 579 2591,user,active,23a10ad6-f2ff-4aab-9878-de0f37f6bbe0,c24b3130-482c-4313-a6c9-416e6cd7c9a6,,"{""title"": ""Shift Lead - Fleet""}",2026-08-10 18:36:24.146264+00,2026-08-10 19:10:28.327832+00
a7bae9de-4cdb-4821-aaf6-bf3df3ae7208,LLX-BDL-00252,Erandi Mendis,erandim.log@lankalogix.com,+94 72 506 9229,user,active,23a10ad6-f2ff-4aab-9878-de0f37f6bbe0,c24b3130-482c-4313-a6c9-416e6cd7c9a6,,"{""title"": ""Driver""}",2026-08-10 18:36:24.379114+00,2026-08-10 19:10:28.327832+00
7944e32a-ecbc-48e2-aaa1-d1b1c273e297,LLX-BDL-00253,Chamara Wijeratne,chamaraw.log@lankalogix.com,+94 76 883 7797,user,active,23a10ad6-f2ff-4aab-9878-de0f37f6bbe0,c24b3130-482c-4313-a6c9-416e6cd7c9a6,,"{""title"": ""Dispatch Coordinator""}",2026-08-10 18:36:24.616964+00,2026-08-10 19:10:28.327832+00
77ba0344-1a97-46df-8b96-16b02fbf7aae,LLX-BDL-00254,Nilanthi Peiris,nilanthip2.log@lankalogix.com,+94 70 347 1020,user,active,23a10ad6-f2ff-4aab-9878-de0f37f6bbe0,c24b3130-482c-4313-a6c9-416e6cd7c9a6,,"{""title"": ""Forklift Operator""}",2026-08-10 18:36:24.852805+00,2026-08-10 19:10:28.327832+00
fe412c5f-6a1a-4857-9cc4-af60285043cc,LLX-BDL-00255,Ruwan Mendis,ruwanm3.log@lankalogix.com,+94 72 165 1004,user,active,23a10ad6-f2ff-4aab-9878-de0f37f6bbe0,c24b3130-482c-4313-a6c9-416e6cd7c9a6,,"{""title"": ""Dispatch Coordinator""}",2026-08-10 18:36:25.084705+00,2026-08-10 19:10:28.327832+00
a65b104c-d3be-4d8a-be5f-daa9ee0af4cc,LLX-BDL-00256,Kasun Pathirana,kasunp.log@lankalogix.com,+94 75 753 5810,user,active,23a10ad6-f2ff-4aab-9878-de0f37f6bbe0,c24b3130-482c-4313-a6c9-416e6cd7c9a6,,"{""title"": ""Driver""}",2026-08-10 18:36:25.314092+00,2026-08-10 19:10:28.327832+00
b993bb23-a481-4196-902b-78ab172f7c14,LLX-BDL-00257,Sanjaya Pathirana,sanjayap.log@lankalogix.com,+94 77 128 1533,user,active,23a10ad6-f2ff-4aab-9878-de0f37f6bbe0,c24b3130-482c-4313-a6c9-416e6cd7c9a6,,"{""title"": ""Dispatch Coordinator""}",2026-08-10 18:36:25.550412+00,2026-08-10 19:10:28.327832+00
d92dd0ef-e329-487f-832b-ce9ec260243b,LLX-BDL-00258,Karthik Chandrasekaran,karthikc.log@lankalogix.com,+94 70 903 7816,user,active,23a10ad6-f2ff-4aab-9878-de0f37f6bbe0,c24b3130-482c-4313-a6c9-416e6cd7c9a6,,"{""title"": ""Senior Driver""}",2026-08-10 18:36:25.782195+00,2026-08-10 19:10:28.327832+00
60248d42-3f08-4468-9952-20d3fadcd859,LLX-BDL-00259,Kumaran Thangarajah,kumarant2.log@lankalogix.com,+94 76 156 9326,user,active,23a10ad6-f2ff-4aab-9878-de0f37f6bbe0,c24b3130-482c-4313-a6c9-416e6cd7c9a6,,"{""title"": ""Driver""}",2026-08-10 18:36:26.020673+00,2026-08-10 19:10:28.327832+00
43037462-f8fe-47e3-b0f1-51b3d5c2f94a,LLX-BDL-00260,Irfan Wahab,irfanw.log@lankalogix.com,+94 77 200 6555,user,active,23a10ad6-f2ff-4aab-9878-de0f37f6bbe0,c24b3130-482c-4313-a6c9-416e6cd7c9a6,,"{""title"": ""Forklift Operator""}",2026-08-10 18:36:26.262097+00,2026-08-10 19:10:28.327832+00
5b494b44-81a5-487a-a490-ee40696250d6,LLX-BDL-00261,Zainab Cassim,zainabc.log@lankalogix.com,+94 76 560 5423,user,active,23a10ad6-f2ff-4aab-9878-de0f37f6bbe0,c24b3130-482c-4313-a6c9-416e6cd7c9a6,,"{""title"": ""Senior Driver""}",2026-08-10 18:36:26.582644+00,2026-08-10 19:10:28.327832+00
6460d438-9ae3-4a00-97a6-bde550b8ea43,LLX-BDL-00262,Niroshi Perera,niroship.log@lankalogix.com,+94 71 972 3898,user,active,23a10ad6-f2ff-4aab-9878-de0f37f6bbe0,c24b3130-482c-4313-a6c9-416e6cd7c9a6,,"{""title"": ""Senior Driver""}",2026-08-10 18:36:26.898205+00,2026-08-10 19:10:28.327832+00
6f38ede2-5d78-4b49-bce8-4e6a3d0f3027,LLX-BDL-00263,Mohamed Marikkar,mohamedm2.log@lankalogix.com,+94 78 714 7375,user,active,23a10ad6-f2ff-4aab-9878-de0f37f6bbe0,c24b3130-482c-4313-a6c9-416e6cd7c9a6,,"{""title"": ""Dispatch Coordinator""}",2026-08-10 18:36:27.184487+00,2026-08-10 19:10:28.327832+00
5ad1e726-cd90-4d90-9217-c5fd5278615c,LLX-BDL-00264,Madushika Weerasinghe,madushikaw2.log@lankalogix.com,+94 76 321 5545,user,active,23a10ad6-f2ff-4aab-9878-de0f37f6bbe0,c24b3130-482c-4313-a6c9-416e6cd7c9a6,,"{""title"": ""Forklift Operator""}",2026-08-10 18:36:27.416447+00,2026-08-10 19:10:28.327832+00
fa058ce5-c86c-458f-b3cc-f98bf178085f,LLX-BDL-00265,Dilshan Weerasinghe,dilshanw3.log@lankalogix.com,+94 71 369 3259,user,active,23a10ad6-f2ff-4aab-9878-de0f37f6bbe0,c24b3130-482c-4313-a6c9-416e6cd7c9a6,,"{""title"": ""Driver""}",2026-08-10 18:36:27.691331+00,2026-08-10 19:10:28.327832+00
1f244e06-5a87-45ce-934d-263326f32549,LLX-BDL-00266,Yasodha Opatha,yasodhao.log@lankalogix.com,+94 76 859 4787,user,active,23a10ad6-f2ff-4aab-9878-de0f37f6bbe0,c24b3130-482c-4313-a6c9-416e6cd7c9a6,,"{""title"": ""Forklift Operator""}",2026-08-10 18:36:28.000049+00,2026-08-10 19:10:28.327832+00
2915ad05-7ac6-45ab-b21f-9bd0b6a18328,LLX-BDL-00267,Prasad Opatha,prasado2.log@lankalogix.com,+94 71 443 8103,user,active,23a10ad6-f2ff-4aab-9878-de0f37f6bbe0,c24b3130-482c-4313-a6c9-416e6cd7c9a6,,"{""title"": ""Dispatch Coordinator""}",2026-08-10 18:36:28.23602+00,2026-08-10 19:10:28.327832+00
a5bf2d9c-a443-4fbe-a581-b4249f757edb,LLX-BDL-00268,Sameera Amarasinghe,sameeraa.log@lankalogix.com,+94 78 372 8571,user,suspended,23a10ad6-f2ff-4aab-9878-de0f37f6bbe0,c24b3130-482c-4313-a6c9-416e6cd7c9a6,,"{""title"": ""Senior Driver""}",2026-08-10 18:36:28.477437+00,2026-08-10 19:10:28.327832+00
bd95dfd1-5af7-41d2-85ef-bbb2b0f57a12,LLX-BDL-00269,Amila Seneviratne,amilas2.log@lankalogix.com,+94 70 936 8554,user,active,23a10ad6-f2ff-4aab-9878-de0f37f6bbe0,c24b3130-482c-4313-a6c9-416e6cd7c9a6,,"{""title"": ""Senior Driver""}",2026-08-10 18:36:28.713539+00,2026-08-10 19:10:28.327832+00
717df25a-4132-486d-93da-45e9d5b2c308,LLX-BDL-00270,Nethmi Udawatta,nethmiu.log@lankalogix.com,+94 70 877 3090,user,active,23a10ad6-f2ff-4aab-9878-de0f37f6bbe0,c24b3130-482c-4313-a6c9-416e6cd7c9a6,,"{""title"": ""Driver""}",2026-08-10 18:36:28.949896+00,2026-08-10 19:10:28.327832+00
e4333d48-503a-4694-b7d9-97ac9dee27e0,LLX-BDL-00271,Jagath Abeywickrama,jagath.mech@lankalogix.com,+94 76 401 6183,user,active,23a10ad6-f2ff-4aab-9878-de0f37f6bbe0,aa57a78f-0658-4247-8eeb-9f87b682923f,,"{""title"": ""Workshop Foreman""}",2026-08-10 18:36:29.18792+00,2026-08-10 19:10:28.327832+00
db01d178-e057-46ed-ba34-a2870594c197,LLX-BDL-00272,Ishara Samarasinghe,ishara.mech@lankalogix.com,+94 77 272 4373,user,active,23a10ad6-f2ff-4aab-9878-de0f37f6bbe0,aa57a78f-0658-4247-8eeb-9f87b682923f,,"{""title"": ""Brake & Tyre Technician""}",2026-08-10 18:36:29.419579+00,2026-08-10 19:10:28.327832+00
accf0286-4b23-46a3-851f-00be6bdd8e5f,LLX-BDL-00273,Lasantha Rathnayaka,lasantha.mech@lankalogix.com,+94 75 999 4491,user,active,23a10ad6-f2ff-4aab-9878-de0f37f6bbe0,aa57a78f-0658-4247-8eeb-9f87b682923f,,"{""title"": ""Vehicle Technician""}",2026-08-10 18:36:29.664423+00,2026-08-10 19:10:28.327832+00
cf6c56e7-5755-4ee5-801e-f33afde6b249,LLX-BDL-00274,Vijay Sivanathan,vijay.mech@lankalogix.com,+94 72 534 3465,user,active,23a10ad6-f2ff-4aab-9878-de0f37f6bbe0,aa57a78f-0658-4247-8eeb-9f87b682923f,,"{""title"": ""Vehicle Technician""}",2026-08-10 18:36:29.896519+00,2026-08-10 19:10:28.327832+00
246980b5-110b-4571-9060-906f0c1ed19f,LLX-BDL-00275,Eranga Kumarasinghe,eranga.mech@lankalogix.com,+94 71 933 2523,user,active,23a10ad6-f2ff-4aab-9878-de0f37f6bbe0,aa57a78f-0658-4247-8eeb-9f87b682923f,,"{""title"": ""Senior Technician""}",2026-08-10 18:36:30.126841+00,2026-08-10 19:10:28.327832+00
2fb7dab3-e151-490f-9c20-9b329d4fba20,LLX-BDL-00276,Hiruni Kodikara,hirunik.mech@lankalogix.com,+94 70 143 4173,user,active,23a10ad6-f2ff-4aab-9878-de0f37f6bbe0,aa57a78f-0658-4247-8eeb-9f87b682923f,,"{""title"": ""Senior Technician""}",2026-08-10 18:36:30.362612+00,2026-08-10 19:10:28.327832+00
f101a341-b305-43d6-b170-7cbd8501fef2,LLX-BDL-00277,Ruwani Kumarasinghe,ruwani.mech@lankalogix.com,+94 77 107 4732,user,active,23a10ad6-f2ff-4aab-9878-de0f37f6bbe0,aa57a78f-0658-4247-8eeb-9f87b682923f,,"{""title"": ""Hydraulics Technician""}",2026-08-10 18:36:30.591383+00,2026-08-10 19:10:28.327832+00
7b2e85f9-7895-4aca-bf50-e37e9a354eb0,LLX-BDL-00278,Wasantha Weerasinghe,wasanthaw.mech@lankalogix.com,+94 75 240 8805,user,active,23a10ad6-f2ff-4aab-9878-de0f37f6bbe0,aa57a78f-0658-4247-8eeb-9f87b682923f,,"{""title"": ""Vehicle Technician""}",2026-08-10 18:36:30.830307+00,2026-08-10 19:10:28.327832+00
6307ed65-c77c-40e7-9e0f-0b67135eb7b1,LLX-BDL-00279,Buddhika Senanayake,buddhika.mech@lankalogix.com,+94 74 992 9000,user,active,23a10ad6-f2ff-4aab-9878-de0f37f6bbe0,aa57a78f-0658-4247-8eeb-9f87b682923f,,"{""title"": ""Hydraulics Technician""}",2026-08-10 18:36:31.090787+00,2026-08-10 19:10:28.327832+00
d777fd45-9849-49e2-b338-e97c3d11e8cc,LLX-BDL-00280,Sunil Thilakaratne,sunil.mech@lankalogix.com,+94 72 629 4886,user,active,23a10ad6-f2ff-4aab-9878-de0f37f6bbe0,aa57a78f-0658-4247-8eeb-9f87b682923f,,"{""title"": ""Senior Technician""}",2026-08-10 18:36:31.323523+00,2026-08-10 19:10:28.327832+00
b2d282c8-1986-4cc4-8f44-bb9704892cdb,LLX-BDL-00281,Kanchana Silva,kanchana.mech@lankalogix.com,+94 77 829 8599,user,active,23a10ad6-f2ff-4aab-9878-de0f37f6bbe0,aa57a78f-0658-4247-8eeb-9f87b682923f,,"{""title"": ""Workshop Foreman""}",2026-08-10 18:36:31.560486+00,2026-08-10 19:10:28.327832+00
97cc4d1b-3c67-439f-8fdf-b355eb120cfa,LLX-BDL-00282,Shafi Cassim,shafi.mech@lankalogix.com,+94 71 279 3489,user,active,23a10ad6-f2ff-4aab-9878-de0f37f6bbe0,aa57a78f-0658-4247-8eeb-9f87b682923f,,"{""title"": ""Senior Technician""}",2026-08-10 18:36:31.797669+00,2026-08-10 19:10:28.327832+00
772aca7d-b461-4fef-a7c6-4f8345059174,LLX-BDL-00283,Lahiru Gunawardena,lahiru.mech@lankalogix.com,+94 75 106 4018,user,active,23a10ad6-f2ff-4aab-9878-de0f37f6bbe0,aa57a78f-0658-4247-8eeb-9f87b682923f,,"{""title"": ""Workshop Foreman""}",2026-08-10 18:36:32.090179+00,2026-08-10 19:10:28.327832+00
35b9a8e8-5284-40f5-9348-5f1e994c12f1,LLX-BDL-00284,Imran Rahman,imranr.mech@lankalogix.com,+94 77 513 1184,user,active,23a10ad6-f2ff-4aab-9878-de0f37f6bbe0,aa57a78f-0658-4247-8eeb-9f87b682923f,,"{""title"": ""Brake & Tyre Technician""}",2026-08-10 18:36:32.321502+00,2026-08-10 19:10:28.327832+00
190182a8-16ad-4409-a912-e59276021f4c,LLX-BDL-00285,Milinda Galappaththi,milinda.mech@lankalogix.com,+94 77 606 3254,user,active,23a10ad6-f2ff-4aab-9878-de0f37f6bbe0,aa57a78f-0658-4247-8eeb-9f87b682923f,,"{""title"": ""Workshop Foreman""}",2026-08-10 18:36:32.56655+00,2026-08-10 19:10:28.327832+00
3c24c592-daf5-4ac0-b10b-6b0035f0c7d3,LLX-BDL-00286,Janaka Wijeratne,janaka.mech@lankalogix.com,+94 70 991 4589,user,active,23a10ad6-f2ff-4aab-9878-de0f37f6bbe0,aa57a78f-0658-4247-8eeb-9f87b682923f,,"{""title"": ""Workshop Foreman""}",2026-08-10 18:36:32.798291+00,2026-08-10 19:10:28.327832+00
33de58c2-5dc4-4385-bc4c-9ad66a6fe320,LLX-BDL-00287,Yogeswaran Sivanathan,yogeswaran.mech@lankalogix.com,+94 78 632 4108,user,active,23a10ad6-f2ff-4aab-9878-de0f37f6bbe0,aa57a78f-0658-4247-8eeb-9f87b682923f,,"{""title"": ""Workshop Foreman""}",2026-08-10 18:36:33.026392+00,2026-08-10 19:10:28.327832+00
ed0a9911-ef85-4fb5-8dd6-179ec38816fc,LLX-BDL-00288,Heshan Bandara,heshan.mech@lankalogix.com,+94 70 576 2827,user,suspended,23a10ad6-f2ff-4aab-9878-de0f37f6bbe0,aa57a78f-0658-4247-8eeb-9f87b682923f,,"{""title"": ""Vehicle Technician""}",2026-08-10 18:36:33.256293+00,2026-08-10 19:10:28.327832+00
2e1b0afe-0496-4426-b986-9eee617c68c8,LLX-BDL-00289,Indika Samarasinghe,indika.mech@lankalogix.com,+94 72 538 2364,user,active,23a10ad6-f2ff-4aab-9878-de0f37f6bbe0,aa57a78f-0658-4247-8eeb-9f87b682923f,,"{""title"": ""Vehicle Technician""}",2026-08-10 18:36:33.534257+00,2026-08-10 19:10:28.327832+00
8c96a864-951e-4d0a-9715-532a84a4bc30,LLX-BDL-00290,Kalana Senanayake,kalana.mech@lankalogix.com,+94 74 786 3765,user,active,23a10ad6-f2ff-4aab-9878-de0f37f6bbe0,aa57a78f-0658-4247-8eeb-9f87b682923f,,"{""title"": ""Workshop Foreman""}",2026-08-10 18:36:33.776052+00,2026-08-10 19:10:28.327832+00
c72f23f6-0751-4dfb-aa15-6737a84c61f4,LLX-BDL-00291,Imran Cassim,imranc.mech@lankalogix.com,+94 78 365 5162,user,active,23a10ad6-f2ff-4aab-9878-de0f37f6bbe0,aa57a78f-0658-4247-8eeb-9f87b682923f,,"{""title"": ""Vehicle Technician""}",2026-08-10 18:36:34.171968+00,2026-08-10 19:10:28.327832+00
d555997d-4f34-4447-8538-e3ac8bc0b2cb,LLX-BDL-00292,Buddhika Mendis,buddhikam.mech@lankalogix.com,+94 78 344 7618,user,active,23a10ad6-f2ff-4aab-9878-de0f37f6bbe0,aa57a78f-0658-4247-8eeb-9f87b682923f,,"{""title"": ""Vehicle Technician""}",2026-08-10 18:36:34.450167+00,2026-08-10 19:10:28.327832+00
95bebbd4-1cfc-4de5-93a8-7a5467a0616c,LLX-BDL-00293,Ayesha Cassim,ayesha.mech@lankalogix.com,+94 71 246 7056,user,active,23a10ad6-f2ff-4aab-9878-de0f37f6bbe0,aa57a78f-0658-4247-8eeb-9f87b682923f,,"{""title"": ""Workshop Foreman""}",2026-08-10 18:36:34.721472+00,2026-08-10 19:10:28.327832+00
832b089f-ff95-441d-a9ca-716951d24f37,LLX-BDL-00294,Lasantha Rathnayaka,lasanthar.mech@lankalogix.com,+94 72 856 1577,user,active,23a10ad6-f2ff-4aab-9878-de0f37f6bbe0,aa57a78f-0658-4247-8eeb-9f87b682923f,,"{""title"": ""Vehicle Technician""}",2026-08-10 18:36:34.956133+00,2026-08-10 19:10:28.327832+00
15dc60e6-ac87-4e43-940e-f17025d0156f,LLX-BDL-00295,Vijayalakshmi Selvarajah,vijayalakshmi.mech@lankalogix.com,+94 74 106 2145,user,active,23a10ad6-f2ff-4aab-9878-de0f37f6bbe0,aa57a78f-0658-4247-8eeb-9f87b682923f,,"{""title"": ""Hydraulics Technician""}",2026-08-10 18:36:35.20352+00,2026-08-10 19:10:28.327832+00
59064e3f-1d1e-4817-8491-724ae8d85add,LLX-BDL-00296,Chaminda Wanigasekara,chaminda.mech@lankalogix.com,+94 76 366 7217,user,active,23a10ad6-f2ff-4aab-9878-de0f37f6bbe0,aa57a78f-0658-4247-8eeb-9f87b682923f,,"{""title"": ""Vehicle Technician""}",2026-08-10 18:36:35.478608+00,2026-08-10 19:10:28.327832+00
9b2ae800-e7f5-4450-a102-90626d114204,LLX-BDL-00297,Pasindu Illangakoon,pasindu.mech@lankalogix.com,+94 77 550 8593,user,active,23a10ad6-f2ff-4aab-9878-de0f37f6bbe0,aa57a78f-0658-4247-8eeb-9f87b682923f,,"{""title"": ""Vehicle Technician""}",2026-08-10 18:36:36.041399+00,2026-08-10 19:10:28.327832+00
149c1f7c-7257-4a93-8b26-45cae3ef4432,LLX-BDL-00298,Shafi Farook,shafif.mech@lankalogix.com,+94 77 697 9297,user,active,23a10ad6-f2ff-4aab-9878-de0f37f6bbe0,aa57a78f-0658-4247-8eeb-9f87b682923f,,"{""title"": ""Vehicle Technician""}",2026-08-10 18:36:36.292309+00,2026-08-10 19:10:28.327832+00
ee5357e0-7ef0-49d6-aba4-c3a983e97bbd,LLX-BDL-00299,Lahiru Vithanage,lahiruv.mech@lankalogix.com,+94 70 368 5048,user,active,23a10ad6-f2ff-4aab-9878-de0f37f6bbe0,aa57a78f-0658-4247-8eeb-9f87b682923f,,"{""title"": ""Hydraulics Technician""}",2026-08-10 18:36:36.527643+00,2026-08-10 19:10:28.327832+00
c4046467-2ed2-4768-9d99-e876c09fe713,LLX-BDL-00300,Supun Mendis,supunm.mech@lankalogix.com,+94 71 414 3797,user,active,23a10ad6-f2ff-4aab-9878-de0f37f6bbe0,aa57a78f-0658-4247-8eeb-9f87b682923f,,"{""title"": ""Brake & Tyre Technician""}",2026-08-10 18:36:36.811155+00,2026-08-10 19:10:28.327832+00
66fa4ed5-e7e7-4664-8c2a-908778ecba02,LLX-BDL-00301,Dhanushka Gunawardena,dhanushka.elec@lankalogix.com,+94 70 793 7237,user,active,23a10ad6-f2ff-4aab-9878-de0f37f6bbe0,2c9e9199-bbf1-4f57-a970-4b2b991d8eb9,,"{""title"": ""Auto Electrician""}",2026-08-10 18:36:37.043468+00,2026-08-10 19:10:28.327832+00
65a5b696-653b-4c78-8e17-17f954b7992b,LLX-BDL-00302,Isuru Rathnayaka,isuru.elec@lankalogix.com,+94 70 629 8215,user,active,23a10ad6-f2ff-4aab-9878-de0f37f6bbe0,2c9e9199-bbf1-4f57-a970-4b2b991d8eb9,,"{""title"": ""Auto Electrician""}",2026-08-10 18:36:37.271791+00,2026-08-10 19:10:28.327832+00
b33c4ff9-69b5-4437-9699-63c066d6c353,LLX-BDL-00303,Eranga Pathirana,eranga.elec@lankalogix.com,+94 71 395 2473,user,active,23a10ad6-f2ff-4aab-9878-de0f37f6bbe0,2c9e9199-bbf1-4f57-a970-4b2b991d8eb9,,"{""title"": ""Auto Electrician""}",2026-08-10 18:36:37.662641+00,2026-08-10 19:10:28.327832+00
b5be5681-f4d2-49ed-bcbc-b5a7d226bfca,LLX-BDL-00304,Harshani Gunawardena,harshani.elec@lankalogix.com,+94 78 705 9998,user,active,23a10ad6-f2ff-4aab-9878-de0f37f6bbe0,2c9e9199-bbf1-4f57-a970-4b2b991d8eb9,,"{""title"": ""Auto Electrician""}",2026-08-10 18:36:37.921498+00,2026-08-10 19:10:28.327832+00
43adafee-47fa-4fdd-a233-526bc7ecffb2,LLX-BDL-00305,Sampath Gunasekara,sampath.elec@lankalogix.com,+94 72 761 1639,user,active,23a10ad6-f2ff-4aab-9878-de0f37f6bbe0,2c9e9199-bbf1-4f57-a970-4b2b991d8eb9,,"{""title"": ""Auto Electrician""}",2026-08-10 18:36:38.167798+00,2026-08-10 19:10:28.327832+00
022e5872-55c1-40d7-b067-cc60fae673de,LLX-BDL-00306,Harsha Senanayake,harsha.elec@lankalogix.com,+94 76 612 7146,user,active,23a10ad6-f2ff-4aab-9878-de0f37f6bbe0,2c9e9199-bbf1-4f57-a970-4b2b991d8eb9,,"{""title"": ""Auto Electrician""}",2026-08-10 18:36:38.536456+00,2026-08-10 19:10:28.327832+00
5797f891-99a9-4a6a-b447-0d48d749c9b0,LLX-BDL-00307,Anuruddha Vithanage,anuruddha.elec@lankalogix.com,+94 74 262 8662,user,active,23a10ad6-f2ff-4aab-9878-de0f37f6bbe0,2c9e9199-bbf1-4f57-a970-4b2b991d8eb9,,"{""title"": ""Auto Electrician""}",2026-08-10 18:36:38.903417+00,2026-08-10 19:10:28.327832+00
784a05b0-a5da-4849-9577-b03fd2c58149,LLX-BDL-00308,Ravi Krishnapillai,ravi.elec@lankalogix.com,+94 72 943 3280,user,active,23a10ad6-f2ff-4aab-9878-de0f37f6bbe0,2c9e9199-bbf1-4f57-a970-4b2b991d8eb9,,"{""title"": ""Auto Electrician""}",2026-08-10 18:36:39.174846+00,2026-08-10 19:10:28.327832+00
ea52bfbe-19f5-4dff-86bf-a319e0bec453,LLX-BDL-00309,Rizwan Rahman,rizwan.sft@lankalogix.com,+94 75 486 9281,user,active,23a10ad6-f2ff-4aab-9878-de0f37f6bbe0,5b4411b7-ba3e-48d7-b6a3-bef40f405430,,"{""title"": ""Systems Support Engineer""}",2026-08-10 18:36:39.662324+00,2026-08-10 19:10:28.327832+00
ada9bd16-4c53-416f-9094-adaac3690544,LLX-BDL-00310,Prasad Wijeratne,prasad.sft@lankalogix.com,+94 72 379 2475,user,active,23a10ad6-f2ff-4aab-9878-de0f37f6bbe0,5b4411b7-ba3e-48d7-b6a3-bef40f405430,,"{""title"": ""Systems Support Engineer""}",2026-08-10 18:36:39.913763+00,2026-08-10 19:10:28.327832+00
32f7d1c4-7b8c-461e-bc5f-f5d2eae53e3a,LLX-BDL-00311,Tharangi Wanigasekara,tharangi.sft@lankalogix.com,+94 78 752 3881,user,active,23a10ad6-f2ff-4aab-9878-de0f37f6bbe0,5b4411b7-ba3e-48d7-b6a3-bef40f405430,,"{""title"": ""Platform Support Analyst""}",2026-08-10 18:36:40.189604+00,2026-08-10 19:10:28.327832+00
389d9ee3-9a0e-4d55-9770-b461e7a536f0,LLX-BDL-00312,Meenakshi Ratnasingham,meenakshi.sft@lankalogix.com,+94 77 446 5655,user,active,23a10ad6-f2ff-4aab-9878-de0f37f6bbe0,5b4411b7-ba3e-48d7-b6a3-bef40f405430,,"{""title"": ""Systems Support Engineer""}",2026-08-10 18:36:40.453906+00,2026-08-10 19:10:28.327832+00
e68dbaff-5f0d-4f6b-9d58-0c398ef4ff0a,LLX-BDL-00313,Fazal Jiffry,fazal.adm@lankalogix.com,+94 71 831 9141,user,active,23a10ad6-f2ff-4aab-9878-de0f37f6bbe0,bf580598-b1b8-411e-81fc-df85f00b87ef,,"{""title"": ""Administrative Officer""}",2026-08-10 18:36:40.728837+00,2026-08-10 19:10:28.327832+00
0b1b5e1f-7652-4c05-bc04-84a3c2e27a72,LLX-BDL-00314,Buddhika Hettiarachchi,buddhika.adm@lankalogix.com,+94 71 747 1042,user,active,23a10ad6-f2ff-4aab-9878-de0f37f6bbe0,bf580598-b1b8-411e-81fc-df85f00b87ef,,"{""title"": ""Compliance Officer""}",2026-08-10 18:36:40.961357+00,2026-08-10 19:10:28.327832+00
69aa3a25-0ab6-4fd1-921e-5ebdacfd6c8f,LLX-BDL-00315,Niroshi Wickramasinghe,niroshi.adm@lankalogix.com,+94 70 700 3681,user,active,23a10ad6-f2ff-4aab-9878-de0f37f6bbe0,bf580598-b1b8-411e-81fc-df85f00b87ef,,"{""title"": ""Records Officer""}",2026-08-10 18:36:41.304324+00,2026-08-10 19:10:28.327832+00
12caa1c3-dae5-425f-880d-a8133729fdd9,LLX-BDL-00316,Amaya Thilakaratne,amaya.adm@lankalogix.com,+94 76 155 7628,user,active,23a10ad6-f2ff-4aab-9878-de0f37f6bbe0,bf580598-b1b8-411e-81fc-df85f00b87ef,,"{""title"": ""Compliance Officer""}",2026-08-10 18:36:41.593914+00,2026-08-10 19:10:28.327832+00
d62b160b-d740-4ec7-aae4-0fdf27e1c5b7,LLX-BDL-00317,Roshan Hettiarachchi,roshan.adm@lankalogix.com,+94 70 243 4483,user,active,23a10ad6-f2ff-4aab-9878-de0f37f6bbe0,bf580598-b1b8-411e-81fc-df85f00b87ef,,"{""title"": ""Scheduling Coordinator""}",2026-08-10 18:36:41.829979+00,2026-08-10 19:10:28.327832+00
734bbe6b-9744-44d0-a11b-7a0e0df4922e,LLX-GLE-00001,Demo Admin (Galle),demoadmingalle.adm@lankalogix.com,+94 72 658 1391,admin,active,8f2b1c74-59d3-4a6e-9b21-7c4e0a5d3f88,ba2903c0-62fd-4a78-baf5-6bd5ddc4c949,,"{""title"": ""Demo Administrator"", ""demo_account"": true}",2026-08-10 18:36:42.071293+00,2026-08-10 19:10:28.327832+00
dfff9a31-a88c-4291-b260-686f4c9dc640,LLX-GLE-00002,Demo User (Galle),demousergalle.adm@lankalogix.com,+94 71 423 9308,user,active,8f2b1c74-59d3-4a6e-9b21-7c4e0a5d3f88,ba2903c0-62fd-4a78-baf5-6bd5ddc4c949,,"{""title"": ""Demo User"", ""demo_account"": true}",2026-08-10 18:36:42.346823+00,2026-08-10 19:10:28.327832+00
829c13bd-2a5c-42b7-8b1c-8a8a8b415ceb,LLX-GLE-00003,Rifky Farook,rifky.adm@lankalogix.com,+94 71 138 3996,admin,active,8f2b1c74-59d3-4a6e-9b21-7c4e0a5d3f88,ba2903c0-62fd-4a78-baf5-6bd5ddc4c949,,"{""title"": ""Warehouse Manager""}",2026-08-10 18:36:42.582825+00,2026-08-10 19:10:28.327832+00
0f2dd1d9-6b12-4073-ab85-bea406d1d514,LLX-GLE-00004,Ruwani Samarasinghe,ruwani.adm@lankalogix.com,+94 76 668 5597,admin,active,8f2b1c74-59d3-4a6e-9b21-7c4e0a5d3f88,ba2903c0-62fd-4a78-baf5-6bd5ddc4c949,,"{""title"": ""Assistant Warehouse Manager""}",2026-08-10 18:36:42.83082+00,2026-08-10 19:10:28.327832+00
ae54eb0a-cd4b-4c62-86b2-8ed1974fbcec,LLX-GLE-00005,Nimal Gunawardena,nimal.adm@lankalogix.com,+94 70 772 8748,admin,active,8f2b1c74-59d3-4a6e-9b21-7c4e0a5d3f88,ba2903c0-62fd-4a78-baf5-6bd5ddc4c949,,"{""title"": ""Fleet Manager""}",2026-08-10 18:36:43.191869+00,2026-08-10 19:10:28.327832+00
608d7306-f79c-4916-9b39-69a1abea72d9,LLX-GLE-00006,Gihan Samarasinghe,gihan.adm@lankalogix.com,+94 72 241 8232,admin,active,8f2b1c74-59d3-4a6e-9b21-7c4e0a5d3f88,ba2903c0-62fd-4a78-baf5-6bd5ddc4c949,,"{""title"": ""Maintenance Manager""}",2026-08-10 18:36:43.427289+00,2026-08-10 19:10:28.327832+00
11ccb7fb-51b9-40e8-bdd2-b07207b8e0a7,LLX-GLE-00007,Manoharan Thangarajah,manoharan.adm@lankalogix.com,+94 72 162 9964,admin,active,8f2b1c74-59d3-4a6e-9b21-7c4e0a5d3f88,ba2903c0-62fd-4a78-baf5-6bd5ddc4c949,,"{""title"": ""Operations Manager""}",2026-08-10 18:36:43.659507+00,2026-08-10 19:10:28.327832+00
1b1a566a-ece0-4130-b5f5-76634ad534c0,LLX-GLE-00008,Sathyabama Selvarajah,sathyabamas.adm@lankalogix.com,+94 74 434 5536,admin,active,8f2b1c74-59d3-4a6e-9b21-7c4e0a5d3f88,ba2903c0-62fd-4a78-baf5-6bd5ddc4c949,,"{""title"": ""Safety & Compliance Manager""}",2026-08-10 18:36:43.907911+00,2026-08-10 19:10:28.327832+00
bb91bbb5-1ab1-442b-b910-28093fe53eb9,LLX-GLE-00009,Thushara Wijeratne,thusharaw.adm@lankalogix.com,+94 71 838 1281,admin,active,8f2b1c74-59d3-4a6e-9b21-7c4e0a5d3f88,ba2903c0-62fd-4a78-baf5-6bd5ddc4c949,,"{""title"": ""Logistics Manager""}",2026-08-10 18:36:44.146989+00,2026-08-10 19:10:28.327832+00
56bc5b4f-b018-4995-89a3-6825709e4754,LLX-GLE-00010,Amila Silva,amila.adm@lankalogix.com,+94 70 901 8757,admin,active,8f2b1c74-59d3-4a6e-9b21-7c4e0a5d3f88,ba2903c0-62fd-4a78-baf5-6bd5ddc4c949,,"{""title"": ""Shift Manager""}",2026-08-10 18:36:44.395773+00,2026-08-10 19:10:28.327832+00
bcdfa155-6afd-44b6-9cfe-85d596dfb687,LLX-GLE-00011,Nirmala Chandrasekaran,nirmala.adm@lankalogix.com,+94 76 349 3203,admin,active,8f2b1c74-59d3-4a6e-9b21-7c4e0a5d3f88,ba2903c0-62fd-4a78-baf5-6bd5ddc4c949,,"{""title"": ""Inventory Manager""}",2026-08-10 18:36:44.658178+00,2026-08-10 19:10:28.327832+00
98c6155b-9b02-4dee-b622-1a0657165fd2,LLX-GLE-00012,Manoharan Arumugam,manoharana.log@lankalogix.com,+94 74 939 2360,user,active,8f2b1c74-59d3-4a6e-9b21-7c4e0a5d3f88,3df19dcf-3ea6-4851-8552-d094f0ee47ee,,"{""title"": ""Driver""}",2026-08-10 18:36:45.033711+00,2026-08-10 19:10:28.327832+00
3d6f2ad9-da21-46a7-9219-f8cf57f7ff25,LLX-GLE-00013,Janaka Samaraweera,janakas.log@lankalogix.com,+94 71 567 5824,user,active,8f2b1c74-59d3-4a6e-9b21-7c4e0a5d3f88,3df19dcf-3ea6-4851-8552-d094f0ee47ee,,"{""title"": ""Forklift Operator""}",2026-08-10 18:36:45.313063+00,2026-08-10 19:10:28.327832+00
0dbf774a-2a69-4d55-9066-204a56ccf15d,LLX-GLE-00014,Sujeewa Fernando,sujeewaf.log@lankalogix.com,+94 72 215 6318,user,active,8f2b1c74-59d3-4a6e-9b21-7c4e0a5d3f88,3df19dcf-3ea6-4851-8552-d094f0ee47ee,,"{""title"": ""Senior Driver""}",2026-08-10 18:36:45.5506+00,2026-08-10 19:10:28.327832+00
8f700fd2-3def-4b84-8c3c-b7d73e077fba,LLX-GLE-00015,Vasanthi Krishnapillai,vasanthik.log@lankalogix.com,+94 78 313 5805,user,active,8f2b1c74-59d3-4a6e-9b21-7c4e0a5d3f88,3df19dcf-3ea6-4851-8552-d094f0ee47ee,,"{""title"": ""Dispatch Coordinator""}",2026-08-10 18:36:45.77915+00,2026-08-10 19:10:28.327832+00
3300b88d-ad2c-4c0c-bac7-48e98b283f68,LLX-GLE-00016,Amila Gunawardena,amilag.log@lankalogix.com,+94 72 886 4173,user,active,8f2b1c74-59d3-4a6e-9b21-7c4e0a5d3f88,3df19dcf-3ea6-4851-8552-d094f0ee47ee,,"{""title"": ""Forklift Operator""}",2026-08-10 18:36:46.018748+00,2026-08-10 19:10:28.327832+00
d44ee649-44fc-463b-ba55-ee360a3c5b48,LLX-GLE-00017,Chanaka Abeywickrama,chanakaa.log@lankalogix.com,+94 75 517 4309,user,active,8f2b1c74-59d3-4a6e-9b21-7c4e0a5d3f88,3df19dcf-3ea6-4851-8552-d094f0ee47ee,,"{""title"": ""Driver""}",2026-08-10 18:36:46.37257+00,2026-08-10 19:10:28.327832+00
9307f79e-1989-450c-8410-9c18f986c0cf,LLX-GLE-00018,Anuruddha Bandara,anuruddhab.log@lankalogix.com,+94 75 820 3189,user,active,8f2b1c74-59d3-4a6e-9b21-7c4e0a5d3f88,3df19dcf-3ea6-4851-8552-d094f0ee47ee,,"{""title"": ""Forklift Operator""}",2026-08-10 18:36:46.616139+00,2026-08-10 19:10:28.327832+00
4430fbeb-2c79-4588-b6ed-66a6bc48fb34,LLX-GLE-00019,Asanka Ratnayake,asankar3.log@lankalogix.com,+94 74 298 3021,user,active,8f2b1c74-59d3-4a6e-9b21-7c4e0a5d3f88,3df19dcf-3ea6-4851-8552-d094f0ee47ee,,"{""title"": ""Driver""}",2026-08-10 18:36:46.861961+00,2026-08-10 19:10:28.327832+00
1cd6c5e7-867a-4a05-95f2-2f5698b04a04,LLX-GLE-00020,Yohan Hettiarachchi,yohanh.log@lankalogix.com,+94 75 444 9310,user,active,8f2b1c74-59d3-4a6e-9b21-7c4e0a5d3f88,3df19dcf-3ea6-4851-8552-d094f0ee47ee,,"{""title"": ""Driver""}",2026-08-10 18:36:47.148049+00,2026-08-10 19:10:28.327832+00
95216ddb-1bf9-4e90-9467-1ce014997f32,LLX-GLE-00021,Nishantha Samarasinghe,nishanthas.log@lankalogix.com,+94 75 363 8910,user,active,8f2b1c74-59d3-4a6e-9b21-7c4e0a5d3f88,3df19dcf-3ea6-4851-8552-d094f0ee47ee,,"{""title"": ""Senior Driver""}",2026-08-10 18:36:47.380087+00,2026-08-10 19:10:28.327832+00
260ab607-633a-476d-b6dd-ca7397d5f2b5,LLX-GLE-00022,Sujeewa Edirisinghe,sujeewae2.log@lankalogix.com,+94 74 895 7607,user,active,8f2b1c74-59d3-4a6e-9b21-7c4e0a5d3f88,3df19dcf-3ea6-4851-8552-d094f0ee47ee,,"{""title"": ""Dispatch Coordinator""}",2026-08-10 18:36:47.609843+00,2026-08-10 19:10:28.327832+00
bc215710-21f6-4d29-8232-a879103befae,LLX-GLE-00023,Lasantha Jayasuriya,lasanthaj.log@lankalogix.com,+94 71 186 8676,user,active,8f2b1c74-59d3-4a6e-9b21-7c4e0a5d3f88,3df19dcf-3ea6-4851-8552-d094f0ee47ee,,"{""title"": ""Forklift Operator""}",2026-08-10 18:36:47.856985+00,2026-08-10 19:10:28.327832+00
7191fc57-7a6f-4655-87cf-3b13834e027a,LLX-GLE-00024,Sampath Perera,sampathp.log@lankalogix.com,+94 78 456 9568,user,active,8f2b1c74-59d3-4a6e-9b21-7c4e0a5d3f88,3df19dcf-3ea6-4851-8552-d094f0ee47ee,,"{""title"": ""Driver""}",2026-08-10 18:36:48.182791+00,2026-08-10 19:10:28.327832+00
06ef2625-6e29-43d7-8067-81768302e68e,LLX-GLE-00025,Sunil Abeywickrama,sunila2.log@lankalogix.com,+94 70 773 2564,user,active,8f2b1c74-59d3-4a6e-9b21-7c4e0a5d3f88,3df19dcf-3ea6-4851-8552-d094f0ee47ee,,"{""title"": ""Driver""}",2026-08-10 18:36:48.492823+00,2026-08-10 19:10:28.327832+00
1823ac1f-270d-49f9-abec-45242da05699,LLX-GLE-00026,Nethmi Jayawardena,nethmij.log@lankalogix.com,+94 72 425 4818,user,active,8f2b1c74-59d3-4a6e-9b21-7c4e0a5d3f88,3df19dcf-3ea6-4851-8552-d094f0ee47ee,,"{""title"": ""Driver""}",2026-08-10 18:36:48.72509+00,2026-08-10 19:10:28.327832+00
ab61d1b5-975a-4c4a-828e-528724de3859,LLX-GLE-00027,Ravi Krishnapillai,ravik.log@lankalogix.com,+94 77 175 2583,user,active,8f2b1c74-59d3-4a6e-9b21-7c4e0a5d3f88,3df19dcf-3ea6-4851-8552-d094f0ee47ee,,"{""title"": ""Forklift Operator""}",2026-08-10 18:36:48.956025+00,2026-08-10 19:10:28.327832+00
827ddce0-e57e-49e0-b564-c5b4daf83ac3,LLX-GLE-00028,Ajith Weerasinghe,ajithw2.log@lankalogix.com,+94 71 851 1243,user,active,8f2b1c74-59d3-4a6e-9b21-7c4e0a5d3f88,3df19dcf-3ea6-4851-8552-d094f0ee47ee,,"{""title"": ""Senior Driver""}",2026-08-10 18:36:49.306496+00,2026-08-10 19:10:28.327832+00
91ca9810-6c44-4fdb-ab53-a90ab3cdbdbc,LLX-GLE-00029,Chandran Sivanathan,chandrans2.log@lankalogix.com,+94 75 831 4076,user,active,8f2b1c74-59d3-4a6e-9b21-7c4e0a5d3f88,3df19dcf-3ea6-4851-8552-d094f0ee47ee,,"{""title"": ""Shift Lead - Fleet""}",2026-08-10 18:36:49.588533+00,2026-08-10 19:10:28.327832+00
4cd34b1d-ed59-4dfe-8edd-707c4d2afb95,LLX-GLE-00030,Nishantha Rajapaksa,nishanthar2.log@lankalogix.com,+94 75 572 3400,user,active,8f2b1c74-59d3-4a6e-9b21-7c4e0a5d3f88,3df19dcf-3ea6-4851-8552-d094f0ee47ee,,"{""title"": ""Forklift Operator""}",2026-08-10 18:36:49.850453+00,2026-08-10 19:10:28.327832+00
15e1f6ce-5500-45cf-a429-e8aafcdb999c,LLX-GLE-00031,Gihan Samaraweera,gihans.log@lankalogix.com,+94 76 608 3208,user,active,8f2b1c74-59d3-4a6e-9b21-7c4e0a5d3f88,3df19dcf-3ea6-4851-8552-d094f0ee47ee,,"{""title"": ""Driver""}",2026-08-10 18:36:50.08352+00,2026-08-10 19:10:28.327832+00
443f709f-7abb-4242-ab41-49f6e31509c5,LLX-GLE-00032,Ganesh Selvarajah,ganeshs3.log@lankalogix.com,+94 70 580 4826,user,active,8f2b1c74-59d3-4a6e-9b21-7c4e0a5d3f88,3df19dcf-3ea6-4851-8552-d094f0ee47ee,,"{""title"": ""Driver""}",2026-08-10 18:36:50.325514+00,2026-08-10 19:10:28.327832+00
eeb4530b-f017-42ea-a0e8-41ea6f22d5b4,LLX-GLE-00033,Nuwan Alwis,nuwana.log@lankalogix.com,+94 72 817 8163,user,active,8f2b1c74-59d3-4a6e-9b21-7c4e0a5d3f88,3df19dcf-3ea6-4851-8552-d094f0ee47ee,,"{""title"": ""Dispatch Coordinator""}",2026-08-10 18:36:50.572799+00,2026-08-10 19:10:28.327832+00
250027e3-dc1e-4890-a8ae-568338678d1d,LLX-GLE-00034,Naveen Gunawardena,naveeng.log@lankalogix.com,+94 75 864 1820,user,active,8f2b1c74-59d3-4a6e-9b21-7c4e0a5d3f88,3df19dcf-3ea6-4851-8552-d094f0ee47ee,,"{""title"": ""Forklift Operator""}",2026-08-10 18:36:50.805152+00,2026-08-10 19:10:28.327832+00
6080595d-87bb-4827-b939-5ca0cf5d91db,LLX-GLE-00035,Udeshika Rajapaksa,udeshikar.log@lankalogix.com,+94 71 322 6937,user,active,8f2b1c74-59d3-4a6e-9b21-7c4e0a5d3f88,3df19dcf-3ea6-4851-8552-d094f0ee47ee,,"{""title"": ""Forklift Operator""}",2026-08-10 18:36:51.033262+00,2026-08-10 19:10:28.327832+00
747c9620-eaaf-4212-95aa-56503b440329,LLX-GLE-00036,Gihan Wanigasekara,gihanw.log@lankalogix.com,+94 71 193 4582,user,active,8f2b1c74-59d3-4a6e-9b21-7c4e0a5d3f88,3df19dcf-3ea6-4851-8552-d094f0ee47ee,,"{""title"": ""Dispatch Coordinator""}",2026-08-10 18:36:51.262386+00,2026-08-10 19:10:28.327832+00
eed58a38-b1ab-4cbf-88ca-068e6a523a9a,LLX-GLE-00037,Shantha Wijesinghe,shanthaw2.log@lankalogix.com,+94 78 797 7648,user,active,8f2b1c74-59d3-4a6e-9b21-7c4e0a5d3f88,3df19dcf-3ea6-4851-8552-d094f0ee47ee,,"{""title"": ""Driver""}",2026-08-10 18:36:51.560546+00,2026-08-10 19:10:28.327832+00
ec42ef12-9929-4b5d-b07f-dac5819cba78,LLX-GLE-00038,Hiran Karunaratne,hirank.log@lankalogix.com,+94 71 247 5836,user,active,8f2b1c74-59d3-4a6e-9b21-7c4e0a5d3f88,3df19dcf-3ea6-4851-8552-d094f0ee47ee,,"{""title"": ""Senior Driver""}",2026-08-10 18:36:51.857483+00,2026-08-10 19:10:28.327832+00
1ea70755-1c4a-4c56-8d10-f83fdbee5d4c,LLX-GLE-00039,Pasindu Alwis,pasindua2.log@lankalogix.com,+94 71 495 6471,user,active,8f2b1c74-59d3-4a6e-9b21-7c4e0a5d3f88,3df19dcf-3ea6-4851-8552-d094f0ee47ee,,"{""title"": ""Driver""}",2026-08-10 18:36:52.111063+00,2026-08-10 19:10:28.327832+00
0f6631cf-d8f0-4684-a004-82722c441405,LLX-GLE-00040,Kumaran Chandrasekaran,kumaranc.log@lankalogix.com,+94 76 292 8598,user,active,8f2b1c74-59d3-4a6e-9b21-7c4e0a5d3f88,3df19dcf-3ea6-4851-8552-d094f0ee47ee,,"{""title"": ""Driver""}",2026-08-10 18:36:52.347272+00,2026-08-10 19:10:28.327832+00
cc93a302-564c-479a-9ffc-b68e605e958a,LLX-GLE-00041,Eranga Nanayakkara,erangan.log@lankalogix.com,+94 75 281 3226,user,active,8f2b1c74-59d3-4a6e-9b21-7c4e0a5d3f88,3df19dcf-3ea6-4851-8552-d094f0ee47ee,,"{""title"": ""Driver""}",2026-08-10 18:36:52.581609+00,2026-08-10 19:10:28.327832+00
83a771ac-2edf-482f-abd2-c9e41ea5e6b9,LLX-GLE-00042,Samanthi Rathnayaka,samanthir.log@lankalogix.com,+94 72 168 9478,user,inactive,8f2b1c74-59d3-4a6e-9b21-7c4e0a5d3f88,3df19dcf-3ea6-4851-8552-d094f0ee47ee,,"{""title"": ""Shift Lead - Fleet""}",2026-08-10 18:36:52.81315+00,2026-08-10 19:10:28.327832+00
ce97eae8-36da-4b55-9866-1818be74fe8c,LLX-GLE-00043,Milinda Karunaratne,milindak2.log@lankalogix.com,+94 71 942 5108,user,active,8f2b1c74-59d3-4a6e-9b21-7c4e0a5d3f88,3df19dcf-3ea6-4851-8552-d094f0ee47ee,,"{""title"": ""Forklift Operator""}",2026-08-10 18:36:53.045356+00,2026-08-10 19:10:28.327832+00
c12a28ec-f8a3-4067-a28b-e74e671af3b1,LLX-GLE-00044,Sivakumar Kandasamy,sivakumark.log@lankalogix.com,+94 71 619 7182,user,active,8f2b1c74-59d3-4a6e-9b21-7c4e0a5d3f88,3df19dcf-3ea6-4851-8552-d094f0ee47ee,,"{""title"": ""Shift Lead - Fleet""}",2026-08-10 18:36:53.272434+00,2026-08-10 19:10:28.327832+00
1e6b1233-94a4-4f67-9f4e-be45652c148d,LLX-GLE-00045,Nilanthi Liyanage,nilanthil.log@lankalogix.com,+94 70 520 6268,user,active,8f2b1c74-59d3-4a6e-9b21-7c4e0a5d3f88,3df19dcf-3ea6-4851-8552-d094f0ee47ee,,"{""title"": ""Senior Driver""}",2026-08-10 18:36:53.595494+00,2026-08-10 19:10:28.327832+00
40456dc0-a334-43ba-81eb-c43a7464787d,LLX-GLE-00046,Gayan Edirisinghe,gayane.log@lankalogix.com,+94 72 212 7630,user,active,8f2b1c74-59d3-4a6e-9b21-7c4e0a5d3f88,3df19dcf-3ea6-4851-8552-d094f0ee47ee,,"{""title"": ""Dispatch Coordinator""}",2026-08-10 18:36:53.914796+00,2026-08-10 19:10:28.327832+00
fb4b388a-1521-4b22-9726-1bb9e5b08c5b,LLX-GLE-00047,Nazeer Nawaz,nazeern2.log@lankalogix.com,+94 74 174 5999,user,active,8f2b1c74-59d3-4a6e-9b21-7c4e0a5d3f88,3df19dcf-3ea6-4851-8552-d094f0ee47ee,,"{""title"": ""Forklift Operator""}",2026-08-10 18:36:54.212706+00,2026-08-10 19:10:28.327832+00
6a299c1f-ae68-468f-ba60-338ead0f891e,LLX-GLE-00048,Suresh Ratnasingham,sureshr.log@lankalogix.com,+94 76 572 8625,user,active,8f2b1c74-59d3-4a6e-9b21-7c4e0a5d3f88,3df19dcf-3ea6-4851-8552-d094f0ee47ee,,"{""title"": ""Driver""}",2026-08-10 18:36:54.517273+00,2026-08-10 19:10:28.327832+00
e655669a-affa-4cee-ab60-e8072807b6cd,LLX-GLE-00049,Duminda Opatha,dumindao.log@lankalogix.com,+94 77 555 5303,user,active,8f2b1c74-59d3-4a6e-9b21-7c4e0a5d3f88,3df19dcf-3ea6-4851-8552-d094f0ee47ee,,"{""title"": ""Forklift Operator""}",2026-08-10 18:36:54.746393+00,2026-08-10 19:10:28.327832+00
df4c0193-faeb-4abd-925d-19853046c7b2,LLX-GLE-00050,Viraj Jayasuriya,virajj2.log@lankalogix.com,+94 77 603 4360,user,active,8f2b1c74-59d3-4a6e-9b21-7c4e0a5d3f88,3df19dcf-3ea6-4851-8552-d094f0ee47ee,,"{""title"": ""Dispatch Coordinator""}",2026-08-10 18:36:55.043485+00,2026-08-10 19:10:28.327832+00
18feffdc-7343-4221-847d-861b02fe2a56,LLX-GLE-00051,Hussain Zubair,hussainz.log@lankalogix.com,+94 75 645 7696,user,active,8f2b1c74-59d3-4a6e-9b21-7c4e0a5d3f88,3df19dcf-3ea6-4851-8552-d094f0ee47ee,,"{""title"": ""Driver""}",2026-08-10 18:36:55.277402+00,2026-08-10 19:10:28.327832+00
6692c7dd-4b6b-4908-86a3-91731b323aff,LLX-GLE-00052,Samanthi Wickramasinghe,samanthiw2.log@lankalogix.com,+94 72 739 7947,user,active,8f2b1c74-59d3-4a6e-9b21-7c4e0a5d3f88,3df19dcf-3ea6-4851-8552-d094f0ee47ee,,"{""title"": ""Senior Driver""}",2026-08-10 18:36:55.516877+00,2026-08-10 19:10:28.327832+00
0ce9016f-37ef-4c5d-8153-47a5c11f99ec,LLX-GLE-00053,Hiran Munasinghe,hiranm2.log@lankalogix.com,+94 71 834 2868,user,active,8f2b1c74-59d3-4a6e-9b21-7c4e0a5d3f88,3df19dcf-3ea6-4851-8552-d094f0ee47ee,,"{""title"": ""Shift Lead - Fleet""}",2026-08-10 18:36:55.753987+00,2026-08-10 19:10:28.327832+00
1ca63256-23b6-4145-88a0-6d8a834afa10,LLX-GLE-00054,Nizam Nawaz,nizamn.log@lankalogix.com,+94 76 871 5815,user,active,8f2b1c74-59d3-4a6e-9b21-7c4e0a5d3f88,3df19dcf-3ea6-4851-8552-d094f0ee47ee,,"{""title"": ""Senior Driver""}",2026-08-10 18:36:56.053851+00,2026-08-10 19:10:28.327832+00
8a8bc6e9-e0e4-49bd-8fd6-d7d2917772b0,LLX-GLE-00055,Chandran Muthukumar,chandranm.log@lankalogix.com,+94 70 466 2925,user,active,8f2b1c74-59d3-4a6e-9b21-7c4e0a5d3f88,3df19dcf-3ea6-4851-8552-d094f0ee47ee,,"{""title"": ""Driver""}",2026-08-10 18:36:56.289223+00,2026-08-10 19:10:28.327832+00
d9fb7d54-ed53-436a-8034-65f6bac6edac,LLX-GLE-00056,Shameena Rahman,shameena.log@lankalogix.com,+94 74 354 9693,user,active,8f2b1c74-59d3-4a6e-9b21-7c4e0a5d3f88,3df19dcf-3ea6-4851-8552-d094f0ee47ee,,"{""title"": ""Shift Lead - Fleet""}",2026-08-10 18:36:56.522335+00,2026-08-10 19:10:28.327832+00
6f24359e-a712-4cba-be67-59f41b86ca41,LLX-GLE-00057,Kelum Wijesinghe,kelumw.log@lankalogix.com,+94 75 963 5378,user,active,8f2b1c74-59d3-4a6e-9b21-7c4e0a5d3f88,3df19dcf-3ea6-4851-8552-d094f0ee47ee,,"{""title"": ""Senior Driver""}",2026-08-10 18:36:56.757307+00,2026-08-10 19:10:28.327832+00
0559c035-6377-41b3-9881-90f239377825,LLX-GLE-00058,Anand Rajendran,anandr2.log@lankalogix.com,+94 74 971 5211,user,active,8f2b1c74-59d3-4a6e-9b21-7c4e0a5d3f88,3df19dcf-3ea6-4851-8552-d094f0ee47ee,,"{""title"": ""Driver""}",2026-08-10 18:36:57.078338+00,2026-08-10 19:10:28.327832+00
041de753-e154-467e-a200-8c55c43576a2,LLX-GLE-00059,Supun Edirisinghe,supune.log@lankalogix.com,+94 76 739 3187,user,active,8f2b1c74-59d3-4a6e-9b21-7c4e0a5d3f88,3df19dcf-3ea6-4851-8552-d094f0ee47ee,,"{""title"": ""Forklift Operator""}",2026-08-10 18:36:57.383471+00,2026-08-10 19:10:28.327832+00
43940caa-d1ba-4e44-be36-1c5ea33072d5,LLX-GLE-00060,Sabreena Haniffa,sabreenah.log@lankalogix.com,+94 74 927 2408,user,active,8f2b1c74-59d3-4a6e-9b21-7c4e0a5d3f88,3df19dcf-3ea6-4851-8552-d094f0ee47ee,,"{""title"": ""Forklift Operator""}",2026-08-10 18:36:57.696757+00,2026-08-10 19:10:28.327832+00
8679d499-93b5-4c67-96a9-235351c57233,LLX-GLE-00061,Ahamed Rahman,ahamedr.log@lankalogix.com,+94 77 654 3579,user,active,8f2b1c74-59d3-4a6e-9b21-7c4e0a5d3f88,3df19dcf-3ea6-4851-8552-d094f0ee47ee,,"{""title"": ""Driver""}",2026-08-10 18:36:57.931392+00,2026-08-10 19:10:28.327832+00
2e58a23e-e318-4717-8eea-3dcf73ac8b92,LLX-GLE-00062,Roshan Seneviratne,roshans4.log@lankalogix.com,+94 76 732 5709,user,inactive,8f2b1c74-59d3-4a6e-9b21-7c4e0a5d3f88,3df19dcf-3ea6-4851-8552-d094f0ee47ee,,"{""title"": ""Forklift Operator""}",2026-08-10 18:36:58.205257+00,2026-08-10 19:10:28.327832+00
1ee01826-f527-47b8-9e03-d1f37836438b,LLX-GLE-00063,Charith Vithanage,charithv.log@lankalogix.com,+94 74 635 1766,user,active,8f2b1c74-59d3-4a6e-9b21-7c4e0a5d3f88,3df19dcf-3ea6-4851-8552-d094f0ee47ee,,"{""title"": ""Dispatch Coordinator""}",2026-08-10 18:36:58.438682+00,2026-08-10 19:10:28.327832+00
2f32866b-2708-469a-a85f-e12f010d4607,LLX-GLE-00064,Farhan Hameed,farhanh.log@lankalogix.com,+94 70 371 5386,user,active,8f2b1c74-59d3-4a6e-9b21-7c4e0a5d3f88,3df19dcf-3ea6-4851-8552-d094f0ee47ee,,"{""title"": ""Dispatch Coordinator""}",2026-08-10 18:36:58.715206+00,2026-08-10 19:10:28.327832+00
70a93dbc-6bb7-4b15-a65b-decaf5fe21c7,LLX-GLE-00065,Rasika Samaraweera,rasikas.log@lankalogix.com,+94 78 510 5221,user,active,8f2b1c74-59d3-4a6e-9b21-7c4e0a5d3f88,3df19dcf-3ea6-4851-8552-d094f0ee47ee,,"{""title"": ""Dispatch Coordinator""}",2026-08-10 18:36:59.022813+00,2026-08-10 19:10:28.327832+00
e08ea782-4dad-41e9-a86e-53e901e0b0fc,LLX-GLE-00066,Rasika Samarasinghe,rasikas2.log@lankalogix.com,+94 78 476 1187,user,active,8f2b1c74-59d3-4a6e-9b21-7c4e0a5d3f88,3df19dcf-3ea6-4851-8552-d094f0ee47ee,,"{""title"": ""Dispatch Coordinator""}",2026-08-10 18:36:59.249051+00,2026-08-10 19:10:28.327832+00
f1d207e5-f29b-41c1-aaaf-ec1b01b8c264,LLX-GLE-00067,Maheshi Ekanayake,maheshie.log@lankalogix.com,+94 72 876 5800,user,active,8f2b1c74-59d3-4a6e-9b21-7c4e0a5d3f88,3df19dcf-3ea6-4851-8552-d094f0ee47ee,,"{""title"": ""Driver""}",2026-08-10 18:36:59.53878+00,2026-08-10 19:10:28.327832+00
d0ea5927-2dc8-4928-bde4-56f56868028e,LLX-GLE-00068,Hussain Jiffry,hussainj.log@lankalogix.com,+94 78 621 7800,user,active,8f2b1c74-59d3-4a6e-9b21-7c4e0a5d3f88,3df19dcf-3ea6-4851-8552-d094f0ee47ee,,"{""title"": ""Driver""}",2026-08-10 18:36:59.778883+00,2026-08-10 19:10:28.327832+00
96d7b341-3b80-4e82-b373-71627dbbd59c,LLX-GLE-00069,Yogeswaran Arumugam,yogeswarana.log@lankalogix.com,+94 78 491 4046,user,active,8f2b1c74-59d3-4a6e-9b21-7c4e0a5d3f88,3df19dcf-3ea6-4851-8552-d094f0ee47ee,,"{""title"": ""Senior Driver""}",2026-08-10 18:37:00.046036+00,2026-08-10 19:10:28.327832+00
84c3ff19-7e76-46f2-b1e1-12e66cf54e98,LLX-GLE-00070,Nadeesha Wijeratne,nadeeshaw.log@lankalogix.com,+94 75 838 1149,user,active,8f2b1c74-59d3-4a6e-9b21-7c4e0a5d3f88,3df19dcf-3ea6-4851-8552-d094f0ee47ee,,"{""title"": ""Driver""}",2026-08-10 18:37:00.355156+00,2026-08-10 19:10:28.327832+00
6adfba98-b976-4e4b-883a-4039d19d73fe,LLX-GLE-00071,Dinusha Vithanage,dinushav.log@lankalogix.com,+94 71 215 3842,user,active,8f2b1c74-59d3-4a6e-9b21-7c4e0a5d3f88,3df19dcf-3ea6-4851-8552-d094f0ee47ee,,"{""title"": ""Forklift Operator""}",2026-08-10 18:37:00.669614+00,2026-08-10 19:10:28.327832+00
7acf0615-3bc3-4f0f-8b12-11c03498a888,LLX-GLE-00072,Manoj Alwis,manoja.log@lankalogix.com,+94 78 592 7110,user,active,8f2b1c74-59d3-4a6e-9b21-7c4e0a5d3f88,3df19dcf-3ea6-4851-8552-d094f0ee47ee,,"{""title"": ""Dispatch Coordinator""}",2026-08-10 18:37:00.909272+00,2026-08-10 19:10:28.327832+00
53729164-22f4-4aa2-a9ce-1b992ed4e050,LLX-GLE-00073,Vimukthi Liyanage,vimukthil.log@lankalogix.com,+94 74 717 3389,user,active,8f2b1c74-59d3-4a6e-9b21-7c4e0a5d3f88,3df19dcf-3ea6-4851-8552-d094f0ee47ee,,"{""title"": ""Senior Driver""}",2026-08-10 18:37:01.139011+00,2026-08-10 19:10:28.327832+00
3e03c572-3a55-413f-932a-ef7dfcd24038,LLX-GLE-00074,Hasitha Rathnayaka,hasithar2.log@lankalogix.com,+94 78 806 1193,user,active,8f2b1c74-59d3-4a6e-9b21-7c4e0a5d3f88,3df19dcf-3ea6-4851-8552-d094f0ee47ee,,"{""title"": ""Driver""}",2026-08-10 18:37:01.378526+00,2026-08-10 19:10:28.327832+00
583e6f26-b967-450c-b674-367a7d2a630d,LLX-GLE-00075,Rauf Wahab,raufw.log@lankalogix.com,+94 70 713 5188,user,active,8f2b1c74-59d3-4a6e-9b21-7c4e0a5d3f88,3df19dcf-3ea6-4851-8552-d094f0ee47ee,,"{""title"": ""Driver""}",2026-08-10 18:37:01.687803+00,2026-08-10 19:10:28.327832+00
7613243f-58b4-4f5d-9cc4-d6dde9e3d25a,LLX-GLE-00076,Hiran Rathnayaka,hiranr3.log@lankalogix.com,+94 75 209 4990,user,active,8f2b1c74-59d3-4a6e-9b21-7c4e0a5d3f88,3df19dcf-3ea6-4851-8552-d094f0ee47ee,,"{""title"": ""Shift Lead - Fleet""}",2026-08-10 18:37:01.999214+00,2026-08-10 19:10:28.327832+00
6a33434f-df46-4184-b47f-1062936198f5,LLX-GLE-00077,Heshan Rathnayaka,heshanr.log@lankalogix.com,+94 70 174 2583,user,inactive,8f2b1c74-59d3-4a6e-9b21-7c4e0a5d3f88,3df19dcf-3ea6-4851-8552-d094f0ee47ee,,"{""title"": ""Forklift Operator""}",2026-08-10 18:37:02.230676+00,2026-08-10 19:10:28.327832+00
9019810d-4632-4478-ba34-52bcd94d1793,LLX-GLE-00078,Pubudu Gunawardena,pubudug.log@lankalogix.com,+94 78 375 6760,user,active,8f2b1c74-59d3-4a6e-9b21-7c4e0a5d3f88,3df19dcf-3ea6-4851-8552-d094f0ee47ee,,"{""title"": ""Forklift Operator""}",2026-08-10 18:37:02.469877+00,2026-08-10 19:10:28.327832+00
3b0fed53-e31e-4250-b04e-ef1b99888104,LLX-GLE-00079,Chathurika Illangakoon,chathurikai.log@lankalogix.com,+94 77 193 6811,user,active,8f2b1c74-59d3-4a6e-9b21-7c4e0a5d3f88,3df19dcf-3ea6-4851-8552-d094f0ee47ee,,"{""title"": ""Driver""}",2026-08-10 18:37:02.70866+00,2026-08-10 19:10:28.327832+00
c43b4443-f438-4b6f-93b9-7565a30bd3a2,LLX-GLE-00080,Kavinda Edirisinghe,kavindae.log@lankalogix.com,+94 78 425 5624,user,active,8f2b1c74-59d3-4a6e-9b21-7c4e0a5d3f88,3df19dcf-3ea6-4851-8552-d094f0ee47ee,,"{""title"": ""Driver""}",2026-08-10 18:37:03.054506+00,2026-08-10 19:10:28.327832+00
67b92ee6-274a-44ce-a867-cecde91391b5,LLX-GLE-00081,Isuru Perera,isurup.log@lankalogix.com,+94 70 955 5005,user,active,8f2b1c74-59d3-4a6e-9b21-7c4e0a5d3f88,3df19dcf-3ea6-4851-8552-d094f0ee47ee,,"{""title"": ""Forklift Operator""}",2026-08-10 18:37:03.330112+00,2026-08-10 19:10:28.327832+00
f593888b-248c-42cf-a6f4-13d81a416271,LLX-GLE-00082,Harsha Wanigasekara,harshaw.log@lankalogix.com,+94 78 887 1880,user,active,8f2b1c74-59d3-4a6e-9b21-7c4e0a5d3f88,3df19dcf-3ea6-4851-8552-d094f0ee47ee,,"{""title"": ""Driver""}",2026-08-10 18:37:03.560513+00,2026-08-10 19:10:28.327832+00
29e815ea-c25f-4709-b6a4-87f37389a89b,LLX-GLE-00083,Sanduni Silva,sandunis.log@lankalogix.com,+94 78 571 6732,user,active,8f2b1c74-59d3-4a6e-9b21-7c4e0a5d3f88,3df19dcf-3ea6-4851-8552-d094f0ee47ee,,"{""title"": ""Shift Lead - Fleet""}",2026-08-10 18:37:03.790566+00,2026-08-10 19:10:28.327832+00
eaf27d88-2c7f-46ad-9184-8ac42c34bbbe,LLX-GLE-00084,Pubudu Fernando,pubuduf.log@lankalogix.com,+94 75 589 4625,user,active,8f2b1c74-59d3-4a6e-9b21-7c4e0a5d3f88,3df19dcf-3ea6-4851-8552-d094f0ee47ee,,"{""title"": ""Driver""}",2026-08-10 18:37:04.040854+00,2026-08-10 19:10:28.327832+00
53704aab-e2b0-4674-b25e-0a3013553902,LLX-GLE-00085,Rangana Jayawardena,ranganaj.log@lankalogix.com,+94 70 118 4476,user,active,8f2b1c74-59d3-4a6e-9b21-7c4e0a5d3f88,3df19dcf-3ea6-4851-8552-d094f0ee47ee,,"{""title"": ""Forklift Operator""}",2026-08-10 18:37:04.284942+00,2026-08-10 19:10:28.327832+00
ce36f25c-50db-49db-ad76-3b799e4fcd15,LLX-GLE-00086,Maheshi Weerasinghe,maheshiw2.log@lankalogix.com,+94 77 583 5616,user,active,8f2b1c74-59d3-4a6e-9b21-7c4e0a5d3f88,3df19dcf-3ea6-4851-8552-d094f0ee47ee,,"{""title"": ""Driver""}",2026-08-10 18:37:04.55854+00,2026-08-10 19:10:28.327832+00
dd0e822b-0cd9-4eb7-8082-f84bc406a588,LLX-GLE-00087,Ayesha Hameed,ayeshah.log@lankalogix.com,+94 77 941 6361,user,active,8f2b1c74-59d3-4a6e-9b21-7c4e0a5d3f88,3df19dcf-3ea6-4851-8552-d094f0ee47ee,,"{""title"": ""Dispatch Coordinator""}",2026-08-10 18:37:04.833392+00,2026-08-10 19:10:28.327832+00
3484de6b-fe95-4a85-8fab-b327faa1af1a,LLX-GLE-00088,Charith Nanayakkara,charithn.log@lankalogix.com,+94 78 602 6973,user,active,8f2b1c74-59d3-4a6e-9b21-7c4e0a5d3f88,3df19dcf-3ea6-4851-8552-d094f0ee47ee,,"{""title"": ""Driver""}",2026-08-10 18:37:05.176339+00,2026-08-10 19:10:28.327832+00
9714fd5e-058d-4a7e-8ec2-f262c89ca050,LLX-GLE-00089,Rauf Ismail,raufi.log@lankalogix.com,+94 76 543 4711,user,active,8f2b1c74-59d3-4a6e-9b21-7c4e0a5d3f88,3df19dcf-3ea6-4851-8552-d094f0ee47ee,,"{""title"": ""Dispatch Coordinator""}",2026-08-10 18:37:05.474481+00,2026-08-10 19:10:28.327832+00
ccba67cb-d7ef-4dfe-a87f-39cbd640dfab,LLX-GLE-00090,Aslam Zubair,aslamz.log@lankalogix.com,+94 78 609 8383,user,active,8f2b1c74-59d3-4a6e-9b21-7c4e0a5d3f88,3df19dcf-3ea6-4851-8552-d094f0ee47ee,,"{""title"": ""Driver""}",2026-08-10 18:37:05.785283+00,2026-08-10 19:10:28.327832+00
123fa3a1-b273-4e9e-a37c-38921b7796b3,LLX-GLE-00091,Kelum Vithanage,kelumv.log@lankalogix.com,+94 71 587 7597,user,active,8f2b1c74-59d3-4a6e-9b21-7c4e0a5d3f88,3df19dcf-3ea6-4851-8552-d094f0ee47ee,,"{""title"": ""Shift Lead - Fleet""}",2026-08-10 18:37:06.09333+00,2026-08-10 19:10:28.327832+00
0405c062-3887-46d9-855d-e641a5044cb2,LLX-GLE-00092,Nadeesha Thilakaratne,nadeeshat.log@lankalogix.com,+94 78 546 5860,user,active,8f2b1c74-59d3-4a6e-9b21-7c4e0a5d3f88,3df19dcf-3ea6-4851-8552-d094f0ee47ee,,"{""title"": ""Driver""}",2026-08-10 18:37:06.404496+00,2026-08-10 19:10:28.327832+00
595b009a-0977-4842-8426-55f3c530dc8a,LLX-GLE-00093,Rizwan Ismail,rizwani.log@lankalogix.com,+94 71 182 9307,user,active,8f2b1c74-59d3-4a6e-9b21-7c4e0a5d3f88,3df19dcf-3ea6-4851-8552-d094f0ee47ee,,"{""title"": ""Driver""}",2026-08-10 18:37:06.711638+00,2026-08-10 19:10:28.327832+00
ec97dcbd-1a4d-4d41-b726-1ffc5499b6b9,LLX-GLE-00094,Fathima Nawaz,fathima.log@lankalogix.com,+94 75 499 4335,user,active,8f2b1c74-59d3-4a6e-9b21-7c4e0a5d3f88,3df19dcf-3ea6-4851-8552-d094f0ee47ee,,"{""title"": ""Shift Lead - Fleet""}",2026-08-10 18:37:06.941574+00,2026-08-10 19:10:28.327832+00
16142ab9-cfa9-4012-ad42-2cc805fc882b,LLX-GLE-00095,Selvam Arumugam,selvama.log@lankalogix.com,+94 70 449 3176,user,active,8f2b1c74-59d3-4a6e-9b21-7c4e0a5d3f88,3df19dcf-3ea6-4851-8552-d094f0ee47ee,,"{""title"": ""Driver""}",2026-08-10 18:37:07.174303+00,2026-08-10 19:10:28.327832+00
59873a14-b5e0-4bf4-a48d-6464cb0b6dd6,LLX-GLE-00096,Ishara Silva,isharas.log@lankalogix.com,+94 76 338 6113,user,active,8f2b1c74-59d3-4a6e-9b21-7c4e0a5d3f88,3df19dcf-3ea6-4851-8552-d094f0ee47ee,,"{""title"": ""Driver""}",2026-08-10 18:37:07.401722+00,2026-08-10 19:10:28.327832+00
800c9de1-d78b-4ef5-8b91-34c4bcbac5b0,LLX-GLE-00097,Sunil Perera,sunilp.log@lankalogix.com,+94 75 934 7021,user,active,8f2b1c74-59d3-4a6e-9b21-7c4e0a5d3f88,3df19dcf-3ea6-4851-8552-d094f0ee47ee,,"{""title"": ""Dispatch Coordinator""}",2026-08-10 18:37:07.736263+00,2026-08-10 19:10:28.327832+00
096dc1af-c1ef-4984-a2a2-63d0838a2216,LLX-GLE-00098,Nishantha Galappaththi,nishanthag.log@lankalogix.com,+94 70 914 5613,user,active,8f2b1c74-59d3-4a6e-9b21-7c4e0a5d3f88,3df19dcf-3ea6-4851-8552-d094f0ee47ee,,"{""title"": ""Driver""}",2026-08-10 18:37:07.970373+00,2026-08-10 19:10:28.327832+00
b1007b82-cbbf-4ef5-a4aa-6348e59b5c3a,LLX-GLE-00099,Rangana Weerasinghe,ranganaw2.log@lankalogix.com,+94 77 215 1139,user,active,8f2b1c74-59d3-4a6e-9b21-7c4e0a5d3f88,3df19dcf-3ea6-4851-8552-d094f0ee47ee,,"{""title"": ""Senior Driver""}",2026-08-10 18:37:08.239133+00,2026-08-10 19:10:28.327832+00
32ab1216-8737-4602-a4a6-3805a29fe3b2,LLX-GLE-00100,Vimukthi Gunasekara,vimukthig.log@lankalogix.com,+94 74 864 7220,user,active,8f2b1c74-59d3-4a6e-9b21-7c4e0a5d3f88,3df19dcf-3ea6-4851-8552-d094f0ee47ee,,"{""title"": ""Dispatch Coordinator""}",2026-08-10 18:37:08.55218+00,2026-08-10 19:10:28.327832+00
c3da4327-dee0-411b-8d86-959fb5d40a20,LLX-GLE-00101,Udara Nanayakkara,udaran.log@lankalogix.com,+94 77 753 9740,user,active,8f2b1c74-59d3-4a6e-9b21-7c4e0a5d3f88,3df19dcf-3ea6-4851-8552-d094f0ee47ee,,"{""title"": ""Forklift Operator""}",2026-08-10 18:37:08.782716+00,2026-08-10 19:10:28.327832+00
7b8038d9-086d-487f-be9b-20668168d812,LLX-GLE-00102,Sunil Samaraweera,sunils.log@lankalogix.com,+94 70 404 5438,user,active,8f2b1c74-59d3-4a6e-9b21-7c4e0a5d3f88,3df19dcf-3ea6-4851-8552-d094f0ee47ee,,"{""title"": ""Forklift Operator""}",2026-08-10 18:37:09.058855+00,2026-08-10 19:10:28.327832+00
f9c983b3-bbfd-4db6-ad0b-0d0a6ee45516,LLX-GLE-00103,Dulani Ratnayake,dulanir.log@lankalogix.com,+94 72 981 7201,user,active,8f2b1c74-59d3-4a6e-9b21-7c4e0a5d3f88,3df19dcf-3ea6-4851-8552-d094f0ee47ee,,"{""title"": ""Driver""}",2026-08-10 18:37:09.367583+00,2026-08-10 19:10:28.327832+00
a6772b9a-3c61-40c6-acba-8e813d9b897c,LLX-GLE-00104,Pavithra Nanayakkara,pavithran.log@lankalogix.com,+94 78 874 3217,user,active,8f2b1c74-59d3-4a6e-9b21-7c4e0a5d3f88,3df19dcf-3ea6-4851-8552-d094f0ee47ee,,"{""title"": ""Driver""}",2026-08-10 18:37:09.642724+00,2026-08-10 19:10:28.327832+00
ab779edb-5eb0-450f-af5c-345043abdd5f,LLX-GLE-00105,Hiruni Peiris,hirunip.log@lankalogix.com,+94 76 791 5643,user,active,8f2b1c74-59d3-4a6e-9b21-7c4e0a5d3f88,3df19dcf-3ea6-4851-8552-d094f0ee47ee,,"{""title"": ""Senior Driver""}",2026-08-10 18:37:09.876223+00,2026-08-10 19:10:28.327832+00
72a373a0-ad86-4502-8878-53a235f8aace,LLX-GLE-00106,Kaushalya Amarasinghe,kaushalyaa.log@lankalogix.com,+94 70 316 7860,user,active,8f2b1c74-59d3-4a6e-9b21-7c4e0a5d3f88,3df19dcf-3ea6-4851-8552-d094f0ee47ee,,"{""title"": ""Shift Lead - Fleet""}",2026-08-10 18:37:10.10836+00,2026-08-10 19:10:28.327832+00
3ba6cca9-17eb-4e69-a06b-b543ba220a87,LLX-GLE-00107,Nazeer Nawaz,nazeern3.log@lankalogix.com,+94 75 157 2242,user,active,8f2b1c74-59d3-4a6e-9b21-7c4e0a5d3f88,3df19dcf-3ea6-4851-8552-d094f0ee47ee,,"{""title"": ""Dispatch Coordinator""}",2026-08-10 18:37:10.345+00,2026-08-10 19:10:28.327832+00
a213ac02-a975-484b-88d8-985f8590c25d,LLX-GLE-00108,Viraj Wijeratne,virajw.log@lankalogix.com,+94 70 922 7938,user,active,8f2b1c74-59d3-4a6e-9b21-7c4e0a5d3f88,3df19dcf-3ea6-4851-8552-d094f0ee47ee,,"{""title"": ""Driver""}",2026-08-10 18:37:10.59715+00,2026-08-10 19:10:28.327832+00
d5ee3115-5673-48d7-bcc5-f439a8f16023,LLX-GLE-00109,Pradeep Thilakaratne,pradeept.log@lankalogix.com,+94 72 532 4203,user,active,8f2b1c74-59d3-4a6e-9b21-7c4e0a5d3f88,3df19dcf-3ea6-4851-8552-d094f0ee47ee,,"{""title"": ""Driver""}",2026-08-10 18:37:10.902415+00,2026-08-10 19:10:28.327832+00
b4c2f1d2-3630-4a29-8bee-c0e1c9fe6653,LLX-GLE-00110,Kanchana Rajapaksa,kanchanar.log@lankalogix.com,+94 77 834 6208,user,active,8f2b1c74-59d3-4a6e-9b21-7c4e0a5d3f88,3df19dcf-3ea6-4851-8552-d094f0ee47ee,,"{""title"": ""Forklift Operator""}",2026-08-10 18:37:11.133208+00,2026-08-10 19:10:28.327832+00
73aab192-0923-4096-8861-ba4b8afd6730,LLX-GLE-00111,Shameena Jiffry,shameenaj.log@lankalogix.com,+94 75 817 9986,user,active,8f2b1c74-59d3-4a6e-9b21-7c4e0a5d3f88,3df19dcf-3ea6-4851-8552-d094f0ee47ee,,"{""title"": ""Dispatch Coordinator""}",2026-08-10 18:37:11.412635+00,2026-08-10 19:10:28.327832+00
cb1a064b-727f-468c-8054-1c1c7b75715a,LLX-GLE-00112,Yohan Amarasinghe,yohana.log@lankalogix.com,+94 75 393 7969,user,active,8f2b1c74-59d3-4a6e-9b21-7c4e0a5d3f88,3df19dcf-3ea6-4851-8552-d094f0ee47ee,,"{""title"": ""Forklift Operator""}",2026-08-10 18:37:11.728214+00,2026-08-10 19:10:28.327832+00
bfe22d3e-aa0d-42ca-9de4-b68f3f37afeb,LLX-GLE-00113,Dinithi Vithanage,dinithiv.log@lankalogix.com,+94 76 412 3976,user,active,8f2b1c74-59d3-4a6e-9b21-7c4e0a5d3f88,3df19dcf-3ea6-4851-8552-d094f0ee47ee,,"{""title"": ""Dispatch Coordinator""}",2026-08-10 18:37:11.96355+00,2026-08-10 19:10:28.327832+00
374f53b7-0887-4a96-8b7e-6555d250872a,LLX-GLE-00114,Malinda Tennakoon,malindat.log@lankalogix.com,+94 77 439 3487,user,active,8f2b1c74-59d3-4a6e-9b21-7c4e0a5d3f88,3df19dcf-3ea6-4851-8552-d094f0ee47ee,,"{""title"": ""Driver""}",2026-08-10 18:37:12.233161+00,2026-08-10 19:10:28.327832+00
42afaa0f-d084-4462-ace5-550182b66af8,LLX-GLE-00115,Elango Chandrasekaran,elangoc.log@lankalogix.com,+94 72 457 2617,user,active,8f2b1c74-59d3-4a6e-9b21-7c4e0a5d3f88,3df19dcf-3ea6-4851-8552-d094f0ee47ee,,"{""title"": ""Driver""}",2026-08-10 18:37:12.460364+00,2026-08-10 19:10:28.327832+00
37ca13f3-3ccd-4bd9-b6e2-1e3c3f50d68f,LLX-GLE-00116,Erandi Tennakoon,erandit.log@lankalogix.com,+94 77 645 4443,user,active,8f2b1c74-59d3-4a6e-9b21-7c4e0a5d3f88,3df19dcf-3ea6-4851-8552-d094f0ee47ee,,"{""title"": ""Shift Lead - Fleet""}",2026-08-10 18:37:12.742529+00,2026-08-10 19:10:28.327832+00
55095c82-2c02-4291-8de2-7d5afe48cf31,LLX-GLE-00117,Rajeswari Vairamuthu,rajeswari.log@lankalogix.com,+94 74 910 1106,user,active,8f2b1c74-59d3-4a6e-9b21-7c4e0a5d3f88,3df19dcf-3ea6-4851-8552-d094f0ee47ee,,"{""title"": ""Dispatch Coordinator""}",2026-08-10 18:37:12.978069+00,2026-08-10 19:10:28.327832+00
1ab4d886-1d49-4471-a2c4-035fdc716b80,LLX-GLE-00118,Malathi Sivanathan,malathis.log@lankalogix.com,+94 71 872 8877,user,active,8f2b1c74-59d3-4a6e-9b21-7c4e0a5d3f88,3df19dcf-3ea6-4851-8552-d094f0ee47ee,,"{""title"": ""Driver""}",2026-08-10 18:37:13.254644+00,2026-08-10 19:10:28.327832+00
8ffe767c-9920-458c-9728-818cbc8975bc,LLX-GLE-00119,Rasika Illangakoon,rasikai2.log@lankalogix.com,+94 77 810 4252,user,active,8f2b1c74-59d3-4a6e-9b21-7c4e0a5d3f88,3df19dcf-3ea6-4851-8552-d094f0ee47ee,,"{""title"": ""Forklift Operator""}",2026-08-10 18:37:13.562396+00,2026-08-10 19:10:28.327832+00
d818a87b-429b-4756-9495-55e1f1648939,LLX-GLE-00120,Pavithra Herath,pavithrah.log@lankalogix.com,+94 72 584 6391,user,active,8f2b1c74-59d3-4a6e-9b21-7c4e0a5d3f88,3df19dcf-3ea6-4851-8552-d094f0ee47ee,,"{""title"": ""Driver""}",2026-08-10 18:37:13.791293+00,2026-08-10 19:10:28.327832+00
0ec99173-42e2-41ac-a036-815854061722,LLX-GLE-00121,Fazal Rahman,fazalr2.log@lankalogix.com,+94 71 496 5448,user,active,8f2b1c74-59d3-4a6e-9b21-7c4e0a5d3f88,3df19dcf-3ea6-4851-8552-d094f0ee47ee,,"{""title"": ""Senior Driver""}",2026-08-10 18:37:14.021299+00,2026-08-10 19:10:28.327832+00
a74fb406-f541-4dae-8a4f-e20773230f01,LLX-GLE-00122,Shalini Weerasinghe,shaliniw.log@lankalogix.com,+94 72 884 7785,user,active,8f2b1c74-59d3-4a6e-9b21-7c4e0a5d3f88,3df19dcf-3ea6-4851-8552-d094f0ee47ee,,"{""title"": ""Shift Lead - Fleet""}",2026-08-10 18:37:14.281052+00,2026-08-10 19:10:28.327832+00
1bdc45e0-cabf-41e7-90b6-28f9ed157a06,LLX-GLE-00123,Anusha Herath,anushah.log@lankalogix.com,+94 77 403 4015,user,inactive,8f2b1c74-59d3-4a6e-9b21-7c4e0a5d3f88,3df19dcf-3ea6-4851-8552-d094f0ee47ee,,"{""title"": ""Driver""}",2026-08-10 18:37:14.591931+00,2026-08-10 19:10:28.327832+00
ce014d05-4ed8-4e93-9768-9f6416062126,LLX-GLE-00124,Gayan Perera,gayanp2.log@lankalogix.com,+94 76 774 1823,user,active,8f2b1c74-59d3-4a6e-9b21-7c4e0a5d3f88,3df19dcf-3ea6-4851-8552-d094f0ee47ee,,"{""title"": ""Senior Driver""}",2026-08-10 18:37:14.912746+00,2026-08-10 19:10:28.327832+00
2ff785ce-b723-4033-bed4-5953533e3039,LLX-GLE-00125,Sachini Herath,sachinih.log@lankalogix.com,+94 70 946 9025,user,active,8f2b1c74-59d3-4a6e-9b21-7c4e0a5d3f88,3df19dcf-3ea6-4851-8552-d094f0ee47ee,,"{""title"": ""Driver""}",2026-08-10 18:37:15.142942+00,2026-08-10 19:10:28.327832+00
8f36fe73-d255-4230-aa2a-00fa311454ec,LLX-GLE-00126,Rasika Samaraweera,rasikas3.log@lankalogix.com,+94 75 934 9205,user,active,8f2b1c74-59d3-4a6e-9b21-7c4e0a5d3f88,3df19dcf-3ea6-4851-8552-d094f0ee47ee,,"{""title"": ""Forklift Operator""}",2026-08-10 18:37:15.412856+00,2026-08-10 19:10:28.327832+00
d562ee29-0d51-4100-862a-a7ef40ed4542,LLX-GLE-00127,Shafi Cassim,shafic.log@lankalogix.com,+94 76 169 7812,user,suspended,8f2b1c74-59d3-4a6e-9b21-7c4e0a5d3f88,3df19dcf-3ea6-4851-8552-d094f0ee47ee,,"{""title"": ""Shift Lead - Fleet""}",2026-08-10 18:37:15.71829+00,2026-08-10 19:10:28.327832+00
3bd6b04c-56ed-4411-bf23-24fdcdae20f9,LLX-GLE-00128,Yogeswaran Thangarajah,yogeswarant2.log@lankalogix.com,+94 71 514 6954,user,active,8f2b1c74-59d3-4a6e-9b21-7c4e0a5d3f88,3df19dcf-3ea6-4851-8552-d094f0ee47ee,,"{""title"": ""Forklift Operator""}",2026-08-10 18:37:16.012549+00,2026-08-10 19:10:28.327832+00
72f92835-710e-4690-9f9f-124e255a665a,LLX-GLE-00129,Naveen Seneviratne,naveens.log@lankalogix.com,+94 74 834 2497,user,active,8f2b1c74-59d3-4a6e-9b21-7c4e0a5d3f88,3df19dcf-3ea6-4851-8552-d094f0ee47ee,,"{""title"": ""Senior Driver""}",2026-08-10 18:37:16.32979+00,2026-08-10 19:10:28.327832+00
e8c335e0-2088-4924-a6e4-c94e52dc1dd6,LLX-GLE-00130,Bandula Tennakoon,bandulat.log@lankalogix.com,+94 76 594 4399,user,active,8f2b1c74-59d3-4a6e-9b21-7c4e0a5d3f88,3df19dcf-3ea6-4851-8552-d094f0ee47ee,,"{""title"": ""Shift Lead - Fleet""}",2026-08-10 18:37:16.639404+00,2026-08-10 19:10:28.327832+00
fe8b8a5c-fa8d-4338-bff2-c33473622fe7,LLX-GLE-00131,Anusha Ranasinghe,anushar.log@lankalogix.com,+94 71 131 5757,user,active,8f2b1c74-59d3-4a6e-9b21-7c4e0a5d3f88,3df19dcf-3ea6-4851-8552-d094f0ee47ee,,"{""title"": ""Driver""}",2026-08-10 18:37:16.943555+00,2026-08-10 19:10:28.327832+00
2983987c-6527-45dd-a85a-df5117b76d59,LLX-GLE-00132,Hasitha Pathirana,hasithap2.log@lankalogix.com,+94 72 721 5894,user,active,8f2b1c74-59d3-4a6e-9b21-7c4e0a5d3f88,3df19dcf-3ea6-4851-8552-d094f0ee47ee,,"{""title"": ""Driver""}",2026-08-10 18:37:17.180554+00,2026-08-10 19:10:28.327832+00
bcc2e695-1e30-4f07-866a-c884d470333c,LLX-GLE-00133,Erandi Hettiarachchi,erandih.log@lankalogix.com,+94 75 270 2000,user,active,8f2b1c74-59d3-4a6e-9b21-7c4e0a5d3f88,3df19dcf-3ea6-4851-8552-d094f0ee47ee,,"{""title"": ""Forklift Operator""}",2026-08-10 18:37:17.413096+00,2026-08-10 19:10:28.327832+00
17fb895f-4c2d-4cb8-a53f-a2ce9aa97992,LLX-GLE-00134,Saliya Senanayake,saliyas.log@lankalogix.com,+94 70 408 2462,user,active,8f2b1c74-59d3-4a6e-9b21-7c4e0a5d3f88,3df19dcf-3ea6-4851-8552-d094f0ee47ee,,"{""title"": ""Shift Lead - Fleet""}",2026-08-10 18:37:17.668163+00,2026-08-10 19:10:28.327832+00
8514607d-7931-48d2-81f0-f7a024a8210a,LLX-GLE-00135,Chathura Wijesinghe,chathuraw.log@lankalogix.com,+94 75 155 4951,user,active,8f2b1c74-59d3-4a6e-9b21-7c4e0a5d3f88,3df19dcf-3ea6-4851-8552-d094f0ee47ee,,"{""title"": ""Forklift Operator""}",2026-08-10 18:37:17.965797+00,2026-08-10 19:10:28.327832+00
a53e8145-78e8-49bf-8bf6-d2a4f5d6e5d4,LLX-GLE-00136,Nimasha Kumarasinghe,nimashak.log@lankalogix.com,+94 72 384 8061,user,active,8f2b1c74-59d3-4a6e-9b21-7c4e0a5d3f88,3df19dcf-3ea6-4851-8552-d094f0ee47ee,,"{""title"": ""Dispatch Coordinator""}",2026-08-10 18:37:18.276564+00,2026-08-10 19:10:28.327832+00
42754b10-735f-41e7-bdf0-c4ec00356988,LLX-GLE-00137,Nishantha Amarasinghe,nishanthaa.log@lankalogix.com,+94 70 775 3390,user,active,8f2b1c74-59d3-4a6e-9b21-7c4e0a5d3f88,3df19dcf-3ea6-4851-8552-d094f0ee47ee,,"{""title"": ""Forklift Operator""}",2026-08-10 18:37:18.580989+00,2026-08-10 19:10:28.327832+00
e69037f7-b5fb-4127-9fa9-7dcd4652ca97,LLX-GLE-00138,Upul Samarasinghe,upuls.log@lankalogix.com,+94 74 351 8851,user,active,8f2b1c74-59d3-4a6e-9b21-7c4e0a5d3f88,3df19dcf-3ea6-4851-8552-d094f0ee47ee,,"{""title"": ""Forklift Operator""}",2026-08-10 18:37:18.894147+00,2026-08-10 19:10:28.327832+00
92ad97af-4760-40eb-bf36-af637b010b61,LLX-GLE-00139,Vasanthi Selvarajah,vasanthis.log@lankalogix.com,+94 77 972 9063,user,active,8f2b1c74-59d3-4a6e-9b21-7c4e0a5d3f88,3df19dcf-3ea6-4851-8552-d094f0ee47ee,,"{""title"": ""Senior Driver""}",2026-08-10 18:37:19.122133+00,2026-08-10 19:10:28.327832+00
ee7fdb45-1bf6-4c17-8c06-31f278a64b01,LLX-GLE-00140,Sameera Illangakoon,sameerai.log@lankalogix.com,+94 71 326 7650,user,active,8f2b1c74-59d3-4a6e-9b21-7c4e0a5d3f88,3df19dcf-3ea6-4851-8552-d094f0ee47ee,,"{""title"": ""Forklift Operator""}",2026-08-10 18:37:19.34933+00,2026-08-10 19:10:28.327832+00
277ea511-bca7-4671-9a9d-6b63580c1229,LLX-GLE-00141,Duminda Mendis,dumindam2.log@lankalogix.com,+94 72 511 6769,user,active,8f2b1c74-59d3-4a6e-9b21-7c4e0a5d3f88,3df19dcf-3ea6-4851-8552-d094f0ee47ee,,"{""title"": ""Driver""}",2026-08-10 18:37:19.606494+00,2026-08-10 19:10:28.327832+00
890b088b-ef43-4e69-ad02-026b369a28b5,LLX-GLE-00142,Hiruni Wanigasekara,hiruniw.log@lankalogix.com,+94 75 540 7834,user,active,8f2b1c74-59d3-4a6e-9b21-7c4e0a5d3f88,3df19dcf-3ea6-4851-8552-d094f0ee47ee,,"{""title"": ""Driver""}",2026-08-10 18:37:19.915666+00,2026-08-10 19:10:28.327832+00
7f3888dc-4465-43c2-97cc-52f72db6f43c,LLX-GLE-00143,Anusha Ratnayake,anushar2.log@lankalogix.com,+94 71 584 5795,user,active,8f2b1c74-59d3-4a6e-9b21-7c4e0a5d3f88,3df19dcf-3ea6-4851-8552-d094f0ee47ee,,"{""title"": ""Dispatch Coordinator""}",2026-08-10 18:37:20.145718+00,2026-08-10 19:10:28.327832+00
2361785d-0cac-46e8-ad2b-09aa1a283d42,LLX-GLE-00144,Yasodha Gunawardena,yasodhag.log@lankalogix.com,+94 71 661 8763,user,active,8f2b1c74-59d3-4a6e-9b21-7c4e0a5d3f88,3df19dcf-3ea6-4851-8552-d094f0ee47ee,,"{""title"": ""Driver""}",2026-08-10 18:37:20.425958+00,2026-08-10 19:10:28.327832+00
9508387c-5f76-407f-804e-42923072511b,LLX-GLE-00145,Viraj Liyanage,virajl.log@lankalogix.com,+94 78 982 9668,user,active,8f2b1c74-59d3-4a6e-9b21-7c4e0a5d3f88,3df19dcf-3ea6-4851-8552-d094f0ee47ee,,"{""title"": ""Forklift Operator""}",2026-08-10 18:37:20.734752+00,2026-08-10 19:10:28.327832+00
f81965e2-2ed7-4738-80b1-8b08fe3d0c7d,LLX-GLE-00146,Pasindu Madushanka,pasindum.log@lankalogix.com,+94 70 761 7724,user,active,8f2b1c74-59d3-4a6e-9b21-7c4e0a5d3f88,3df19dcf-3ea6-4851-8552-d094f0ee47ee,,"{""title"": ""Forklift Operator""}",2026-08-10 18:37:21.044582+00,2026-08-10 19:10:28.327832+00
4ebcf1a4-3d8a-443a-97b6-14396043fa2b,LLX-GLE-00147,Kelum Hettiarachchi,kelumh.log@lankalogix.com,+94 78 383 8356,user,active,8f2b1c74-59d3-4a6e-9b21-7c4e0a5d3f88,3df19dcf-3ea6-4851-8552-d094f0ee47ee,,"{""title"": ""Driver""}",2026-08-10 18:37:21.345848+00,2026-08-10 19:10:28.327832+00
aa9fdc26-c27d-4899-a00c-295b6ab99173,LLX-GLE-00148,Eranga Gunasekara,erangag.log@lankalogix.com,+94 71 344 8488,user,active,8f2b1c74-59d3-4a6e-9b21-7c4e0a5d3f88,3df19dcf-3ea6-4851-8552-d094f0ee47ee,,"{""title"": ""Driver""}",2026-08-10 18:37:21.65795+00,2026-08-10 19:10:28.327832+00
d884117d-3827-4278-8128-77523994bdb1,LLX-GLE-00149,Udeshika Weerasinghe,udeshikaw.log@lankalogix.com,+94 78 341 5636,user,active,8f2b1c74-59d3-4a6e-9b21-7c4e0a5d3f88,3df19dcf-3ea6-4851-8552-d094f0ee47ee,,"{""title"": ""Shift Lead - Fleet""}",2026-08-10 18:37:21.963042+00,2026-08-10 19:10:28.327832+00
5c0ab2e3-1f45-42b6-ac71-b26eb362149e,LLX-GLE-00150,Udara Weerasinghe,udaraw4.log@lankalogix.com,+94 70 430 4194,user,active,8f2b1c74-59d3-4a6e-9b21-7c4e0a5d3f88,3df19dcf-3ea6-4851-8552-d094f0ee47ee,,"{""title"": ""Driver""}",2026-08-10 18:37:22.272659+00,2026-08-10 19:10:28.327832+00
628343b9-9481-40a7-9560-46bb1b5e7452,LLX-GLE-00151,Thushara Gunasekara,thusharag.log@lankalogix.com,+94 70 623 4661,user,active,8f2b1c74-59d3-4a6e-9b21-7c4e0a5d3f88,3df19dcf-3ea6-4851-8552-d094f0ee47ee,,"{""title"": ""Driver""}",2026-08-10 18:37:22.506627+00,2026-08-10 19:10:28.327832+00
0371ebbf-c735-4fb9-8c36-5e7a93479d86,LLX-GLE-00152,Iresha Thilakaratne,ireshat.log@lankalogix.com,+94 70 412 4525,user,active,8f2b1c74-59d3-4a6e-9b21-7c4e0a5d3f88,3df19dcf-3ea6-4851-8552-d094f0ee47ee,,"{""title"": ""Driver""}",2026-08-10 18:37:22.736104+00,2026-08-10 19:10:28.327832+00
19b98f02-bc8b-432e-8789-d875da0f5cbb,LLX-GLE-00153,Ayesha Rahman,ayeshar.log@lankalogix.com,+94 71 409 2445,user,active,8f2b1c74-59d3-4a6e-9b21-7c4e0a5d3f88,3df19dcf-3ea6-4851-8552-d094f0ee47ee,,"{""title"": ""Forklift Operator""}",2026-08-10 18:37:22.983072+00,2026-08-10 19:10:28.327832+00
05bf38fa-0836-44ba-bc82-5d5628a40e15,LLX-GLE-00154,Bandula Perera,bandulap.log@lankalogix.com,+94 72 181 7781,user,active,8f2b1c74-59d3-4a6e-9b21-7c4e0a5d3f88,3df19dcf-3ea6-4851-8552-d094f0ee47ee,,"{""title"": ""Driver""}",2026-08-10 18:37:23.291761+00,2026-08-10 19:10:28.327832+00
6da56b94-12b8-4a84-a4fa-ca145145de53,LLX-GLE-00155,Vimukthi Galappaththi,vimukthig2.log@lankalogix.com,+94 76 926 4945,user,active,8f2b1c74-59d3-4a6e-9b21-7c4e0a5d3f88,3df19dcf-3ea6-4851-8552-d094f0ee47ee,,"{""title"": ""Forklift Operator""}",2026-08-10 18:37:23.519611+00,2026-08-10 19:10:28.327832+00
c872f546-82b6-435e-836c-ad595576595b,LLX-GLE-00156,Wasantha Mendis,wasantham.log@lankalogix.com,+94 75 938 2241,user,active,8f2b1c74-59d3-4a6e-9b21-7c4e0a5d3f88,3df19dcf-3ea6-4851-8552-d094f0ee47ee,,"{""title"": ""Forklift Operator""}",2026-08-10 18:37:23.808718+00,2026-08-10 19:10:28.327832+00
2e9c306a-200a-4470-9319-01f6f9fbcee0,LLX-GLE-00157,Erandi Mendis,erandim2.log@lankalogix.com,+94 74 433 6813,user,active,8f2b1c74-59d3-4a6e-9b21-7c4e0a5d3f88,3df19dcf-3ea6-4851-8552-d094f0ee47ee,,"{""title"": ""Driver""}",2026-08-10 18:37:24.105412+00,2026-08-10 19:10:28.327832+00
5674ecb9-417f-4108-b1e4-f80265c62f18,LLX-GLE-00158,Kasun Chandrasiri,kasunc.log@lankalogix.com,+94 71 650 7980,user,active,8f2b1c74-59d3-4a6e-9b21-7c4e0a5d3f88,3df19dcf-3ea6-4851-8552-d094f0ee47ee,,"{""title"": ""Forklift Operator""}",2026-08-10 18:37:24.421311+00,2026-08-10 19:10:28.327832+00
6d97f26d-d4af-4ee3-ab61-5adbbb620217,LLX-GLE-00159,Upul Silva,upuls2.log@lankalogix.com,+94 74 617 6236,user,active,8f2b1c74-59d3-4a6e-9b21-7c4e0a5d3f88,3df19dcf-3ea6-4851-8552-d094f0ee47ee,,"{""title"": ""Shift Lead - Fleet""}",2026-08-10 18:37:24.729152+00,2026-08-10 19:10:28.327832+00
19dd5955-0311-4055-b016-f5d360e791c8,LLX-GLE-00160,Hussain Zubair,hussainz2.log@lankalogix.com,+94 78 640 4091,user,active,8f2b1c74-59d3-4a6e-9b21-7c4e0a5d3f88,3df19dcf-3ea6-4851-8552-d094f0ee47ee,,"{""title"": ""Driver""}",2026-08-10 18:37:25.034381+00,2026-08-10 19:10:28.327832+00
21948162-13ab-4ef2-a2a7-843d05893a1d,LLX-GLE-00161,Karthik Sivanathan,karthiks.log@lankalogix.com,+94 72 632 8400,user,active,8f2b1c74-59d3-4a6e-9b21-7c4e0a5d3f88,3df19dcf-3ea6-4851-8552-d094f0ee47ee,,"{""title"": ""Shift Lead - Fleet""}",2026-08-10 18:37:25.266271+00,2026-08-10 19:10:28.327832+00
a0e7192f-6236-409e-a49c-2faf15b3d995,LLX-GLE-00162,Rajan Chandrasekaran,rajanc.log@lankalogix.com,+94 78 652 9570,user,active,8f2b1c74-59d3-4a6e-9b21-7c4e0a5d3f88,3df19dcf-3ea6-4851-8552-d094f0ee47ee,,"{""title"": ""Shift Lead - Fleet""}",2026-08-10 18:37:25.54511+00,2026-08-10 19:10:28.327832+00
1bc813cc-df54-4e73-9b11-397f54e4846c,LLX-GLE-00163,Ahamed Ismail,ahamedi.log@lankalogix.com,+94 71 565 1247,user,inactive,8f2b1c74-59d3-4a6e-9b21-7c4e0a5d3f88,3df19dcf-3ea6-4851-8552-d094f0ee47ee,,"{""title"": ""Dispatch Coordinator""}",2026-08-10 18:37:25.855962+00,2026-08-10 19:10:28.327832+00
b3bab0d5-dbca-4c9f-af8d-4038ba243058,LLX-GLE-00164,Rasika Alwis,rasikaa.log@lankalogix.com,+94 72 971 4215,user,active,8f2b1c74-59d3-4a6e-9b21-7c4e0a5d3f88,3df19dcf-3ea6-4851-8552-d094f0ee47ee,,"{""title"": ""Senior Driver""}",2026-08-10 18:37:26.086564+00,2026-08-10 19:10:28.327832+00
6b2d3cbd-fae4-42a9-b155-00287bef6384,LLX-GLE-00165,Isuru Abeywickrama,isurua2.log@lankalogix.com,+94 70 583 9422,user,active,8f2b1c74-59d3-4a6e-9b21-7c4e0a5d3f88,3df19dcf-3ea6-4851-8552-d094f0ee47ee,,"{""title"": ""Dispatch Coordinator""}",2026-08-10 18:37:26.365394+00,2026-08-10 19:10:28.327832+00
08909f81-89eb-49b8-ada7-36ab7c0f67f5,LLX-GLE-00166,Manoharan Thangarajah,manoharant.log@lankalogix.com,+94 76 867 6878,user,active,8f2b1c74-59d3-4a6e-9b21-7c4e0a5d3f88,3df19dcf-3ea6-4851-8552-d094f0ee47ee,,"{""title"": ""Forklift Operator""}",2026-08-10 18:37:26.674086+00,2026-08-10 19:10:28.327832+00
5112d5f5-2093-4684-9d83-f6270b86b2ea,LLX-GLE-00167,Dinusha Fernando,dinushaf.log@lankalogix.com,+94 70 118 4091,user,active,8f2b1c74-59d3-4a6e-9b21-7c4e0a5d3f88,3df19dcf-3ea6-4851-8552-d094f0ee47ee,,"{""title"": ""Driver""}",2026-08-10 18:37:26.910097+00,2026-08-10 19:10:28.327832+00
5ec54120-51da-4099-ba14-4ca0eb715ea5,LLX-GLE-00168,Dinesh Sivanathan,dineshs.log@lankalogix.com,+94 71 994 9741,user,active,8f2b1c74-59d3-4a6e-9b21-7c4e0a5d3f88,3df19dcf-3ea6-4851-8552-d094f0ee47ee,,"{""title"": ""Driver""}",2026-08-10 18:37:27.145769+00,2026-08-10 19:10:28.327832+00
8c8957ef-69f3-4a5a-a5a2-1e70ecd4e4ff,LLX-GLE-00169,Balan Selvarajah,balans.log@lankalogix.com,+94 78 927 8371,user,active,8f2b1c74-59d3-4a6e-9b21-7c4e0a5d3f88,3df19dcf-3ea6-4851-8552-d094f0ee47ee,,"{""title"": ""Shift Lead - Fleet""}",2026-08-10 18:37:27.397033+00,2026-08-10 19:10:28.327832+00
d8dc076b-84bd-426d-be29-40c0d9224de6,LLX-GLE-00170,Ravi Rajendran,ravir3.log@lankalogix.com,+94 74 182 9523,user,active,8f2b1c74-59d3-4a6e-9b21-7c4e0a5d3f88,3df19dcf-3ea6-4851-8552-d094f0ee47ee,,"{""title"": ""Driver""}",2026-08-10 18:37:27.627516+00,2026-08-10 19:10:28.327832+00
4803cc9c-eb64-4578-91f0-8316f3dc1ff7,LLX-GLE-00171,Hasitha Weerasinghe,hasithaw.log@lankalogix.com,+94 74 457 2315,user,active,8f2b1c74-59d3-4a6e-9b21-7c4e0a5d3f88,3df19dcf-3ea6-4851-8552-d094f0ee47ee,,"{""title"": ""Driver""}",2026-08-10 18:37:27.904989+00,2026-08-10 19:10:28.327832+00
f95e5189-9acb-40e5-8f4e-860989edcd2c,LLX-GLE-00172,Dinithi Nanayakkara,dinithin.log@lankalogix.com,+94 75 989 7918,user,active,8f2b1c74-59d3-4a6e-9b21-7c4e0a5d3f88,3df19dcf-3ea6-4851-8552-d094f0ee47ee,,"{""title"": ""Senior Driver""}",2026-08-10 18:37:28.162768+00,2026-08-10 19:10:28.327832+00
50c8f603-eb5f-4a7a-9605-6fc7fc41194a,LLX-GLE-00173,Nirmala Thangarajah,nirmala.log@lankalogix.com,+94 72 733 7245,user,active,8f2b1c74-59d3-4a6e-9b21-7c4e0a5d3f88,3df19dcf-3ea6-4851-8552-d094f0ee47ee,,"{""title"": ""Driver""}",2026-08-10 18:37:28.412421+00,2026-08-10 19:10:28.327832+00
ad2e1449-cbe7-43b8-aea2-7be82609150a,LLX-GLE-00174,Jagath Rathnayaka,jagathr2.log@lankalogix.com,+94 75 635 1168,user,active,8f2b1c74-59d3-4a6e-9b21-7c4e0a5d3f88,3df19dcf-3ea6-4851-8552-d094f0ee47ee,,"{""title"": ""Driver""}",2026-08-10 18:37:28.716586+00,2026-08-10 19:10:28.327832+00
f7a9ba76-38fb-428b-af9e-81b24755c2be,LLX-GLE-00175,Lasantha Herath,lasanthah.log@lankalogix.com,+94 74 863 7189,user,active,8f2b1c74-59d3-4a6e-9b21-7c4e0a5d3f88,3df19dcf-3ea6-4851-8552-d094f0ee47ee,,"{""title"": ""Senior Driver""}",2026-08-10 18:37:29.025864+00,2026-08-10 19:10:28.327832+00
5077f2db-a9a6-47be-bf07-078507aa5b1b,LLX-GLE-00176,Sivakumar Sivalingam,sivakumars2.log@lankalogix.com,+94 72 173 2049,user,active,8f2b1c74-59d3-4a6e-9b21-7c4e0a5d3f88,3df19dcf-3ea6-4851-8552-d094f0ee47ee,,"{""title"": ""Senior Driver""}",2026-08-10 18:37:29.255643+00,2026-08-10 19:10:28.327832+00
98849133-a5b7-4448-ab4c-e02cdbb7b9c8,LLX-GLE-00177,Dhanushka Kumarasinghe,dhanushkak.log@lankalogix.com,+94 78 170 9203,user,active,8f2b1c74-59d3-4a6e-9b21-7c4e0a5d3f88,3df19dcf-3ea6-4851-8552-d094f0ee47ee,,"{""title"": ""Forklift Operator""}",2026-08-10 18:37:29.536973+00,2026-08-10 19:10:28.327832+00
a96efe54-54b7-4947-afe8-b8ef6609486e,LLX-GLE-00178,Anand Sivalingam,anands.log@lankalogix.com,+94 72 520 4861,user,active,8f2b1c74-59d3-4a6e-9b21-7c4e0a5d3f88,3df19dcf-3ea6-4851-8552-d094f0ee47ee,,"{""title"": ""Senior Driver""}",2026-08-10 18:37:29.847954+00,2026-08-10 19:10:28.327832+00
0c2bfdf7-28ee-488d-9280-951d9f16b3d2,LLX-GLE-00179,Wasana Herath,wasanah.log@lankalogix.com,+94 77 714 7393,user,active,8f2b1c74-59d3-4a6e-9b21-7c4e0a5d3f88,3df19dcf-3ea6-4851-8552-d094f0ee47ee,,"{""title"": ""Senior Driver""}",2026-08-10 18:37:30.159096+00,2026-08-10 19:10:28.327832+00
d08d41d7-ef00-4762-a7a8-efcf7f139985,LLX-GLE-00180,Pasindu Seneviratne,pasindus.log@lankalogix.com,+94 76 413 5227,user,active,8f2b1c74-59d3-4a6e-9b21-7c4e0a5d3f88,3df19dcf-3ea6-4851-8552-d094f0ee47ee,,"{""title"": ""Driver""}",2026-08-10 18:37:30.388494+00,2026-08-10 19:10:28.327832+00
3bb5d4f9-b891-4072-8884-5b42ee5b612e,LLX-GLE-00181,Damith Jayawardena,damithj2.log@lankalogix.com,+94 72 174 1477,user,active,8f2b1c74-59d3-4a6e-9b21-7c4e0a5d3f88,3df19dcf-3ea6-4851-8552-d094f0ee47ee,,"{""title"": ""Driver""}",2026-08-10 18:37:30.666085+00,2026-08-10 19:10:28.327832+00
85677b33-5692-4c2d-8b6d-f63fdc4cccab,LLX-GLE-00182,Chathura Karunaratne,chathurak3.log@lankalogix.com,+94 70 431 4682,user,active,8f2b1c74-59d3-4a6e-9b21-7c4e0a5d3f88,3df19dcf-3ea6-4851-8552-d094f0ee47ee,,"{""title"": ""Forklift Operator""}",2026-08-10 18:37:30.892339+00,2026-08-10 19:10:28.327832+00
d6c63075-f2b1-42b2-88ea-62b7db930b1d,LLX-GLE-00183,Kalana Wickramasinghe,kalanaw.log@lankalogix.com,+94 76 486 3613,user,active,8f2b1c74-59d3-4a6e-9b21-7c4e0a5d3f88,3df19dcf-3ea6-4851-8552-d094f0ee47ee,,"{""title"": ""Dispatch Coordinator""}",2026-08-10 18:37:31.177046+00,2026-08-10 19:10:28.327832+00
3cb27cd4-6335-4750-a35b-65ad3b13716b,LLX-GLE-00184,Hasini Vithanage,hasiniv.log@lankalogix.com,+94 72 229 9711,user,active,8f2b1c74-59d3-4a6e-9b21-7c4e0a5d3f88,3df19dcf-3ea6-4851-8552-d094f0ee47ee,,"{""title"": ""Shift Lead - Fleet""}",2026-08-10 18:37:31.489863+00,2026-08-10 19:10:28.327832+00
9f068485-ade8-4dd4-a9d8-f09c2dad45fc,LLX-GLE-00185,Zahir Nawaz,zahirn.log@lankalogix.com,+94 70 198 4622,user,active,8f2b1c74-59d3-4a6e-9b21-7c4e0a5d3f88,3df19dcf-3ea6-4851-8552-d094f0ee47ee,,"{""title"": ""Forklift Operator""}",2026-08-10 18:37:31.791816+00,2026-08-10 19:10:28.327832+00
b305a28f-a411-438d-afc9-d11992e49c01,LLX-GLE-00186,Kelum Udawatta,kelumu2.log@lankalogix.com,+94 78 734 8308,user,active,8f2b1c74-59d3-4a6e-9b21-7c4e0a5d3f88,3df19dcf-3ea6-4851-8552-d094f0ee47ee,,"{""title"": ""Driver""}",2026-08-10 18:37:32.017913+00,2026-08-10 19:10:28.327832+00
20a723e5-d162-4d0a-b7e0-ea64172e26fe,LLX-GLE-00187,Dinusha Illangakoon,dinushai.log@lankalogix.com,+94 75 390 7332,user,active,8f2b1c74-59d3-4a6e-9b21-7c4e0a5d3f88,3df19dcf-3ea6-4851-8552-d094f0ee47ee,,"{""title"": ""Driver""}",2026-08-10 18:37:32.249771+00,2026-08-10 19:10:28.327832+00
5b475c9f-3846-4fef-86b7-b4cc8293bc54,LLX-GLE-00188,Ruwan Weerasinghe,ruwanw2.log@lankalogix.com,+94 75 262 5226,user,active,8f2b1c74-59d3-4a6e-9b21-7c4e0a5d3f88,3df19dcf-3ea6-4851-8552-d094f0ee47ee,,"{""title"": ""Driver""}",2026-08-10 18:37:32.487461+00,2026-08-10 19:10:28.327832+00
31655efd-e972-4390-93a8-0c1f3f608f82,LLX-GLE-00189,Dinithi Samaraweera,dinithis.log@lankalogix.com,+94 71 892 9862,user,active,8f2b1c74-59d3-4a6e-9b21-7c4e0a5d3f88,3df19dcf-3ea6-4851-8552-d094f0ee47ee,,"{""title"": ""Senior Driver""}",2026-08-10 18:37:32.81722+00,2026-08-10 19:10:28.327832+00
6f901ed3-b5e4-4bdc-b869-b9cffb269639,LLX-GLE-00190,Damith Ekanayake,damithe.log@lankalogix.com,+94 72 260 6094,user,active,8f2b1c74-59d3-4a6e-9b21-7c4e0a5d3f88,3df19dcf-3ea6-4851-8552-d094f0ee47ee,,"{""title"": ""Dispatch Coordinator""}",2026-08-10 18:37:33.123962+00,2026-08-10 19:10:28.327832+00
c691dcc5-f3db-4375-96dc-1d55b8a8bee1,LLX-GLE-00191,Dilshan Weerasinghe,dilshanw4.log@lankalogix.com,+94 75 948 2874,user,active,8f2b1c74-59d3-4a6e-9b21-7c4e0a5d3f88,3df19dcf-3ea6-4851-8552-d094f0ee47ee,,"{""title"": ""Senior Driver""}",2026-08-10 18:37:33.427027+00,2026-08-10 19:10:28.327832+00
9c8e93f8-915c-4053-95fe-886010f1b5fa,LLX-GLE-00192,Kalana Samarasinghe,kalanas2.log@lankalogix.com,+94 74 361 5315,user,active,8f2b1c74-59d3-4a6e-9b21-7c4e0a5d3f88,3df19dcf-3ea6-4851-8552-d094f0ee47ee,,"{""title"": ""Forklift Operator""}",2026-08-10 18:37:33.739468+00,2026-08-10 19:10:28.327832+00
a34212a2-a1ac-47a0-bb0f-ac44d9407fb9,LLX-GLE-00193,Lahiru Illangakoon,lahirui.log@lankalogix.com,+94 70 499 8422,user,active,8f2b1c74-59d3-4a6e-9b21-7c4e0a5d3f88,3df19dcf-3ea6-4851-8552-d094f0ee47ee,,"{""title"": ""Forklift Operator""}",2026-08-10 18:37:34.043173+00,2026-08-10 19:10:28.327832+00
21a1ab9a-bf9d-4e74-ba6b-1527b1ab1e77,LLX-GLE-00194,Harsha Perera,harshap.log@lankalogix.com,+94 76 669 4501,user,active,8f2b1c74-59d3-4a6e-9b21-7c4e0a5d3f88,3df19dcf-3ea6-4851-8552-d094f0ee47ee,,"{""title"": ""Shift Lead - Fleet""}",2026-08-10 18:37:34.274631+00,2026-08-10 19:10:28.327832+00
20bdf2d1-aa86-4ad8-a6e6-8e215a86dcc1,LLX-GLE-00195,Sanjaya Peiris,sanjayap2.log@lankalogix.com,+94 77 780 8968,user,active,8f2b1c74-59d3-4a6e-9b21-7c4e0a5d3f88,3df19dcf-3ea6-4851-8552-d094f0ee47ee,,"{""title"": ""Forklift Operator""}",2026-08-10 18:37:34.631541+00,2026-08-10 19:10:28.327832+00
5a06d8c6-5129-408a-bdb4-cf0707eb9516,LLX-GLE-00196,Rashmi Silva,rashmis.log@lankalogix.com,+94 75 765 1055,user,active,8f2b1c74-59d3-4a6e-9b21-7c4e0a5d3f88,3df19dcf-3ea6-4851-8552-d094f0ee47ee,,"{""title"": ""Driver""}",2026-08-10 18:37:35.03824+00,2026-08-10 19:10:28.327832+00
10b43af5-67a9-4456-8f6e-1fd01514bfc0,LLX-GLE-00197,Balan Sivanathan,balans2.log@lankalogix.com,+94 77 908 8029,user,active,8f2b1c74-59d3-4a6e-9b21-7c4e0a5d3f88,3df19dcf-3ea6-4851-8552-d094f0ee47ee,,"{""title"": ""Shift Lead - Fleet""}",2026-08-10 18:37:35.321892+00,2026-08-10 19:10:28.327832+00
3d75bf14-fb89-4f28-9d26-3e49985646e7,LLX-GLE-00198,Samanthi Silva,samanthis.log@lankalogix.com,+94 76 593 7909,user,active,8f2b1c74-59d3-4a6e-9b21-7c4e0a5d3f88,3df19dcf-3ea6-4851-8552-d094f0ee47ee,,"{""title"": ""Dispatch Coordinator""}",2026-08-10 18:37:35.612045+00,2026-08-10 19:10:28.327832+00
bda677d3-7700-431f-a3d6-861b92a3bace,LLX-GLE-00199,Malinda Nanayakkara,malindan.log@lankalogix.com,+94 75 823 9513,user,active,8f2b1c74-59d3-4a6e-9b21-7c4e0a5d3f88,3df19dcf-3ea6-4851-8552-d094f0ee47ee,,"{""title"": ""Driver""}",2026-08-10 18:37:35.930254+00,2026-08-10 19:10:28.327832+00
1d778731-9103-4a7c-8b4f-fb234d39f1b2,LLX-GLE-00200,Damith Wickramasinghe,damithw.log@lankalogix.com,+94 70 183 1859,user,active,8f2b1c74-59d3-4a6e-9b21-7c4e0a5d3f88,3df19dcf-3ea6-4851-8552-d094f0ee47ee,,"{""title"": ""Shift Lead - Fleet""}",2026-08-10 18:37:36.215569+00,2026-08-10 19:10:28.327832+00
8efea6dd-47d5-4ebb-99d3-b55bf9ff38f7,LLX-GLE-00201,Indika Wanigasekara,indikaw.log@lankalogix.com,+94 78 123 1174,user,active,8f2b1c74-59d3-4a6e-9b21-7c4e0a5d3f88,3df19dcf-3ea6-4851-8552-d094f0ee47ee,,"{""title"": ""Senior Driver""}",2026-08-10 18:37:36.579839+00,2026-08-10 19:10:28.327832+00
705606bb-60ee-4791-b050-0781537700b1,LLX-GLE-00202,Janani Gunawardena,jananig.log@lankalogix.com,+94 70 224 5641,user,active,8f2b1c74-59d3-4a6e-9b21-7c4e0a5d3f88,3df19dcf-3ea6-4851-8552-d094f0ee47ee,,"{""title"": ""Dispatch Coordinator""}",2026-08-10 18:37:36.82739+00,2026-08-10 19:10:28.327832+00
0ddd1aea-061c-4588-a9a1-b8f9f5383103,LLX-GLE-00203,Lasantha Ratnayake,lasanthar.log@lankalogix.com,+94 72 146 2705,user,active,8f2b1c74-59d3-4a6e-9b21-7c4e0a5d3f88,3df19dcf-3ea6-4851-8552-d094f0ee47ee,,"{""title"": ""Senior Driver""}",2026-08-10 18:37:37.162572+00,2026-08-10 19:10:28.327832+00
42acea66-cc32-472a-9657-2455c458bd82,LLX-GLE-00204,Rasika Peiris,rasikap.log@lankalogix.com,+94 75 345 6423,user,active,8f2b1c74-59d3-4a6e-9b21-7c4e0a5d3f88,3df19dcf-3ea6-4851-8552-d094f0ee47ee,,"{""title"": ""Senior Driver""}",2026-08-10 18:37:37.591675+00,2026-08-10 19:10:28.327832+00
448e1a28-72d7-4506-a78d-354efa83a84f,LLX-GLE-00205,Rasika Amarasinghe,rasikaa2.log@lankalogix.com,+94 76 233 7959,user,active,8f2b1c74-59d3-4a6e-9b21-7c4e0a5d3f88,3df19dcf-3ea6-4851-8552-d094f0ee47ee,,"{""title"": ""Driver""}",2026-08-10 18:37:38.215556+00,2026-08-10 19:10:28.327832+00
f2eb5815-ea3c-4f7c-a490-7c314c843182,LLX-GLE-00206,Harsha Mendis,harsham.log@lankalogix.com,+94 75 540 7182,user,active,8f2b1c74-59d3-4a6e-9b21-7c4e0a5d3f88,3df19dcf-3ea6-4851-8552-d094f0ee47ee,,"{""title"": ""Driver""}",2026-08-10 18:37:38.470163+00,2026-08-10 19:10:28.327832+00
57d47a34-f50b-40d5-b785-69c3c4440666,LLX-GLE-00207,Yohan Peiris,yohanp3.log@lankalogix.com,+94 77 668 5180,user,inactive,8f2b1c74-59d3-4a6e-9b21-7c4e0a5d3f88,3df19dcf-3ea6-4851-8552-d094f0ee47ee,,"{""title"": ""Driver""}",2026-08-10 18:37:38.713229+00,2026-08-10 19:10:28.327832+00
cbab6c6b-bc58-41b5-af21-814b967a7684,LLX-GLE-00208,Sanjaya Udawatta,sanjayau.log@lankalogix.com,+94 72 156 4039,user,active,8f2b1c74-59d3-4a6e-9b21-7c4e0a5d3f88,3df19dcf-3ea6-4851-8552-d094f0ee47ee,,"{""title"": ""Driver""}",2026-08-10 18:37:38.965367+00,2026-08-10 19:10:28.327832+00
fb6c20e7-6d91-4717-a3b1-7355fdcee435,LLX-GLE-00209,Sewwandi Ranasinghe,sewwandir2.log@lankalogix.com,+94 77 376 3789,user,active,8f2b1c74-59d3-4a6e-9b21-7c4e0a5d3f88,3df19dcf-3ea6-4851-8552-d094f0ee47ee,,"{""title"": ""Forklift Operator""}",2026-08-10 18:37:39.253428+00,2026-08-10 19:10:28.327832+00
22011f35-bb60-4d62-8952-2783ccc50725,LLX-GLE-00210,Kasun Wijeratne,kasunw.log@lankalogix.com,+94 76 378 9951,user,active,8f2b1c74-59d3-4a6e-9b21-7c4e0a5d3f88,3df19dcf-3ea6-4851-8552-d094f0ee47ee,,"{""title"": ""Senior Driver""}",2026-08-10 18:37:39.500397+00,2026-08-10 19:10:28.327832+00
af1627b5-1586-434a-956f-dbf6814e988b,LLX-GLE-00211,Anuruddha Vithanage,anuruddhav2.log@lankalogix.com,+94 77 495 8304,user,active,8f2b1c74-59d3-4a6e-9b21-7c4e0a5d3f88,3df19dcf-3ea6-4851-8552-d094f0ee47ee,,"{""title"": ""Driver""}",2026-08-10 18:37:39.734862+00,2026-08-10 19:10:28.327832+00
ef604ac6-00ff-4230-a189-03428d01342b,LLX-GLE-00212,Chathura Galappaththi,chathurag.log@lankalogix.com,+94 77 144 6682,user,active,8f2b1c74-59d3-4a6e-9b21-7c4e0a5d3f88,3df19dcf-3ea6-4851-8552-d094f0ee47ee,,"{""title"": ""Forklift Operator""}",2026-08-10 18:37:40.018884+00,2026-08-10 19:10:28.327832+00
e9baee08-416a-4875-a426-d88003f53bb3,LLX-GLE-00213,Lahiru Fernando,lahiruf.log@lankalogix.com,+94 71 115 5570,user,active,8f2b1c74-59d3-4a6e-9b21-7c4e0a5d3f88,3df19dcf-3ea6-4851-8552-d094f0ee47ee,,"{""title"": ""Driver""}",2026-08-10 18:37:40.332707+00,2026-08-10 19:10:28.327832+00
58be5697-a96e-40dc-bd98-537efbd92ec5,LLX-GLE-00214,Fazal Nawaz,fazaln.log@lankalogix.com,+94 78 216 1969,user,inactive,8f2b1c74-59d3-4a6e-9b21-7c4e0a5d3f88,3df19dcf-3ea6-4851-8552-d094f0ee47ee,,"{""title"": ""Dispatch Coordinator""}",2026-08-10 18:37:40.624287+00,2026-08-10 19:10:28.327832+00
44e882d8-3179-4e5c-bddd-59ffcfc41307,LLX-GLE-00215,Dilrukshi Ratnayake,dilrukshir2.log@lankalogix.com,+94 70 370 6818,user,active,8f2b1c74-59d3-4a6e-9b21-7c4e0a5d3f88,3df19dcf-3ea6-4851-8552-d094f0ee47ee,,"{""title"": ""Shift Lead - Fleet""}",2026-08-10 18:37:40.913744+00,2026-08-10 19:10:28.327832+00
83ec1f03-5a3e-4e22-bc6f-57947070ce66,LLX-GLE-00216,Jeyakumar Ratnasingham,jeyakumarr.log@lankalogix.com,+94 76 629 8103,user,active,8f2b1c74-59d3-4a6e-9b21-7c4e0a5d3f88,3df19dcf-3ea6-4851-8552-d094f0ee47ee,,"{""title"": ""Forklift Operator""}",2026-08-10 18:37:41.226008+00,2026-08-10 19:10:28.327832+00
c48b4b1f-8ea4-4b84-8b1e-83fb62103154,LLX-GLE-00217,Viraj Kumarasinghe,virajk.log@lankalogix.com,+94 76 818 9558,user,active,8f2b1c74-59d3-4a6e-9b21-7c4e0a5d3f88,3df19dcf-3ea6-4851-8552-d094f0ee47ee,,"{""title"": ""Dispatch Coordinator""}",2026-08-10 18:37:41.464212+00,2026-08-10 19:10:28.327832+00
f5c5fcf9-db41-4ec7-ba55-901110e56949,LLX-GLE-00218,Rashmi Wanigasekara,rashmiw.log@lankalogix.com,+94 72 993 9570,user,active,8f2b1c74-59d3-4a6e-9b21-7c4e0a5d3f88,3df19dcf-3ea6-4851-8552-d094f0ee47ee,,"{""title"": ""Driver""}",2026-08-10 18:37:41.708605+00,2026-08-10 19:10:28.327832+00
b962b5fc-da66-4f7f-92cc-dd185de9622d,LLX-GLE-00219,Ruwan Wickramasinghe,ruwanw3.log@lankalogix.com,+94 74 240 6118,user,active,8f2b1c74-59d3-4a6e-9b21-7c4e0a5d3f88,3df19dcf-3ea6-4851-8552-d094f0ee47ee,,"{""title"": ""Senior Driver""}",2026-08-10 18:37:42.057477+00,2026-08-10 19:10:28.327832+00
ec21d000-672f-4819-aa17-c754be8b1f76,LLX-GLE-00220,Chandran Nadarajah,chandrann.log@lankalogix.com,+94 75 940 7895,user,active,8f2b1c74-59d3-4a6e-9b21-7c4e0a5d3f88,3df19dcf-3ea6-4851-8552-d094f0ee47ee,,"{""title"": ""Driver""}",2026-08-10 18:37:42.368931+00,2026-08-10 19:10:28.327832+00
3c0ae890-b46b-41b6-b4ce-b22b2f699b28,LLX-GLE-00221,Jagath Tennakoon,jagatht.log@lankalogix.com,+94 75 421 6274,user,active,8f2b1c74-59d3-4a6e-9b21-7c4e0a5d3f88,3df19dcf-3ea6-4851-8552-d094f0ee47ee,,"{""title"": ""Driver""}",2026-08-10 18:37:42.602468+00,2026-08-10 19:10:28.327832+00
22fdbcaf-2963-4f77-b400-12fc467a6393,LLX-GLE-00222,Vindya Jayasuriya,vindyaj.log@lankalogix.com,+94 75 177 5963,user,active,8f2b1c74-59d3-4a6e-9b21-7c4e0a5d3f88,3df19dcf-3ea6-4851-8552-d094f0ee47ee,,"{""title"": ""Forklift Operator""}",2026-08-10 18:37:42.918477+00,2026-08-10 19:10:28.327832+00
e09e5707-ec2f-438b-a96f-52532eab5716,LLX-GLE-00223,Chandran Rajendran,chandranr.log@lankalogix.com,+94 71 749 6790,user,active,8f2b1c74-59d3-4a6e-9b21-7c4e0a5d3f88,3df19dcf-3ea6-4851-8552-d094f0ee47ee,,"{""title"": ""Driver""}",2026-08-10 18:37:43.515715+00,2026-08-10 19:10:28.327832+00
95fba0a1-64d2-47a8-894f-665a13869e9a,LLX-GLE-00224,Kaushalya Senanayake,kaushalyas.log@lankalogix.com,+94 77 630 9026,user,active,8f2b1c74-59d3-4a6e-9b21-7c4e0a5d3f88,3df19dcf-3ea6-4851-8552-d094f0ee47ee,,"{""title"": ""Driver""}",2026-08-10 18:37:43.81147+00,2026-08-10 19:10:28.327832+00
6b542d62-88e1-44e6-8acf-9d19f3fd2a60,LLX-GLE-00225,Sampath Chandrasiri,sampathc.log@lankalogix.com,+94 74 858 4484,user,active,8f2b1c74-59d3-4a6e-9b21-7c4e0a5d3f88,3df19dcf-3ea6-4851-8552-d094f0ee47ee,,"{""title"": ""Driver""}",2026-08-10 18:37:44.068624+00,2026-08-10 19:10:28.327832+00
31aef21e-4d21-4de6-a74c-4cf1fefb9e57,LLX-GLE-00226,Amila Madushanka,amilam.log@lankalogix.com,+94 70 921 8364,user,active,8f2b1c74-59d3-4a6e-9b21-7c4e0a5d3f88,3df19dcf-3ea6-4851-8552-d094f0ee47ee,,"{""title"": ""Driver""}",2026-08-10 18:37:44.36862+00,2026-08-10 19:10:28.327832+00
3966530c-94a6-4265-a40e-c0d923c0f0ae,LLX-GLE-00227,Chandima Chandrasiri,chandimac.log@lankalogix.com,+94 71 200 5290,user,active,8f2b1c74-59d3-4a6e-9b21-7c4e0a5d3f88,3df19dcf-3ea6-4851-8552-d094f0ee47ee,,"{""title"": ""Forklift Operator""}",2026-08-10 18:37:44.851695+00,2026-08-10 19:10:28.327832+00
9636cc3f-623a-404c-a277-58a6abe94ed3,LLX-GLE-00228,Dilrukshi Peiris,dilrukship3.log@lankalogix.com,+94 76 990 3897,user,active,8f2b1c74-59d3-4a6e-9b21-7c4e0a5d3f88,3df19dcf-3ea6-4851-8552-d094f0ee47ee,,"{""title"": ""Forklift Operator""}",2026-08-10 18:37:45.172748+00,2026-08-10 19:10:28.327832+00
87bcebd6-7365-4bb3-b149-f403b741aaae,LLX-GLE-00229,Thevan Vairamuthu,thevanv.log@lankalogix.com,+94 75 964 9454,user,active,8f2b1c74-59d3-4a6e-9b21-7c4e0a5d3f88,3df19dcf-3ea6-4851-8552-d094f0ee47ee,,"{""title"": ""Shift Lead - Fleet""}",2026-08-10 18:37:45.552405+00,2026-08-10 19:10:28.327832+00
482232b1-c7a8-4f76-ba04-2d8bffe2f0c5,LLX-GLE-00230,Priya Rajendran,priya.log@lankalogix.com,+94 76 489 2875,user,active,8f2b1c74-59d3-4a6e-9b21-7c4e0a5d3f88,3df19dcf-3ea6-4851-8552-d094f0ee47ee,,"{""title"": ""Senior Driver""}",2026-08-10 18:37:45.792693+00,2026-08-10 19:10:28.327832+00
9aee6ad3-243e-4da8-aa52-4050a6fa56f0,LLX-GLE-00231,Vijayalakshmi Vairamuthu,vijayalakshmiv.log@lankalogix.com,+94 76 530 9804,user,active,8f2b1c74-59d3-4a6e-9b21-7c4e0a5d3f88,3df19dcf-3ea6-4851-8552-d094f0ee47ee,,"{""title"": ""Driver""}",2026-08-10 18:37:46.069709+00,2026-08-10 19:10:28.327832+00
31961b8c-6806-452e-8960-6f52177e1384,LLX-GLE-00232,Kelum Gunawardena,kelumg.log@lankalogix.com,+94 75 177 8482,user,active,8f2b1c74-59d3-4a6e-9b21-7c4e0a5d3f88,3df19dcf-3ea6-4851-8552-d094f0ee47ee,,"{""title"": ""Driver""}",2026-08-10 18:37:46.43514+00,2026-08-10 19:10:28.327832+00
968b85e0-c43e-4be1-b3db-4259f58ad94b,LLX-GLE-00233,Bandula Silva,bandulas.log@lankalogix.com,+94 78 870 4182,user,active,8f2b1c74-59d3-4a6e-9b21-7c4e0a5d3f88,3df19dcf-3ea6-4851-8552-d094f0ee47ee,,"{""title"": ""Shift Lead - Fleet""}",2026-08-10 18:37:46.772512+00,2026-08-10 19:10:28.327832+00
dead6da3-5b5b-40a8-b8d1-afdd225b2c31,LLX-GLE-00234,Yasodha Munasinghe,yasodham.log@lankalogix.com,+94 71 938 5640,user,active,8f2b1c74-59d3-4a6e-9b21-7c4e0a5d3f88,3df19dcf-3ea6-4851-8552-d094f0ee47ee,,"{""title"": ""Driver""}",2026-08-10 18:37:47.121508+00,2026-08-10 19:10:28.327832+00
7e4c901d-77fc-4c10-a16e-4444d40fb582,LLX-GLE-00235,Prasad Rathnayaka,prasadr.log@lankalogix.com,+94 76 564 6450,user,active,8f2b1c74-59d3-4a6e-9b21-7c4e0a5d3f88,3df19dcf-3ea6-4851-8552-d094f0ee47ee,,"{""title"": ""Driver""}",2026-08-10 18:37:47.530175+00,2026-08-10 19:10:28.327832+00
8dcb5a65-7c64-4266-ba48-95af8cce89d8,LLX-GLE-00236,Zahir Rahman,zahirr.log@lankalogix.com,+94 71 862 8561,user,active,8f2b1c74-59d3-4a6e-9b21-7c4e0a5d3f88,3df19dcf-3ea6-4851-8552-d094f0ee47ee,,"{""title"": ""Driver""}",2026-08-10 18:37:48.060358+00,2026-08-10 19:10:28.327832+00
2777d0b3-ba90-47b8-81e0-f9ace8e0bc36,LLX-GLE-00237,Chathurika Jayasuriya,chathurikaj.log@lankalogix.com,+94 75 287 1415,user,active,8f2b1c74-59d3-4a6e-9b21-7c4e0a5d3f88,3df19dcf-3ea6-4851-8552-d094f0ee47ee,,"{""title"": ""Driver""}",2026-08-10 18:37:48.31929+00,2026-08-10 19:10:28.327832+00
620ee403-2775-4780-9c7d-1ea3a6ad5f75,LLX-GLE-00238,Dilrukshi Thilakaratne,dilrukshit.log@lankalogix.com,+94 78 596 8031,user,active,8f2b1c74-59d3-4a6e-9b21-7c4e0a5d3f88,3df19dcf-3ea6-4851-8552-d094f0ee47ee,,"{""title"": ""Driver""}",2026-08-10 18:37:48.596943+00,2026-08-10 19:10:28.327832+00
1ab055b5-44ce-48bf-96e6-8a15d29a041b,LLX-GLE-00239,Tharangi Wijeratne,tharangiw.log@lankalogix.com,+94 72 299 1921,user,active,8f2b1c74-59d3-4a6e-9b21-7c4e0a5d3f88,3df19dcf-3ea6-4851-8552-d094f0ee47ee,,"{""title"": ""Senior Driver""}",2026-08-10 18:37:48.890102+00,2026-08-10 19:10:28.327832+00
bdb1901c-364e-4a90-928a-7b8df1650e5b,LLX-GLE-00240,Mohamed Haniffa,mohamedh2.log@lankalogix.com,+94 75 147 6326,user,active,8f2b1c74-59d3-4a6e-9b21-7c4e0a5d3f88,3df19dcf-3ea6-4851-8552-d094f0ee47ee,,"{""title"": ""Forklift Operator""}",2026-08-10 18:37:49.36595+00,2026-08-10 19:10:28.327832+00
211a5f5c-7b86-4792-98c5-f5146c0f3631,LLX-GLE-00241,Sanjaya Silva,sanjayas4.log@lankalogix.com,+94 77 143 2279,user,active,8f2b1c74-59d3-4a6e-9b21-7c4e0a5d3f88,3df19dcf-3ea6-4851-8552-d094f0ee47ee,,"{""title"": ""Senior Driver""}",2026-08-10 18:37:49.775902+00,2026-08-10 19:10:28.327832+00
c6b50eb7-f825-456c-91cd-88ac3e4acfde,LLX-GLE-00242,Thushara Opatha,thusharao.log@lankalogix.com,+94 77 433 2084,user,active,8f2b1c74-59d3-4a6e-9b21-7c4e0a5d3f88,3df19dcf-3ea6-4851-8552-d094f0ee47ee,,"{""title"": ""Driver""}",2026-08-10 18:37:50.066806+00,2026-08-10 19:10:28.327832+00
2be7f457-1aa1-4708-8bbe-1e3203ba1f7f,LLX-GLE-00243,Gayan Kumarasinghe,gayank.log@lankalogix.com,+94 71 143 1824,user,active,8f2b1c74-59d3-4a6e-9b21-7c4e0a5d3f88,3df19dcf-3ea6-4851-8552-d094f0ee47ee,,"{""title"": ""Dispatch Coordinator""}",2026-08-10 18:37:50.387717+00,2026-08-10 19:10:28.327832+00
760baadb-40cb-47ce-93be-227e298b810c,LLX-GLE-00244,Pasindu Senanayake,pasindus2.log@lankalogix.com,+94 70 935 3090,user,active,8f2b1c74-59d3-4a6e-9b21-7c4e0a5d3f88,3df19dcf-3ea6-4851-8552-d094f0ee47ee,,"{""title"": ""Shift Lead - Fleet""}",2026-08-10 18:37:50.704239+00,2026-08-10 19:10:28.327832+00
268c4d67-fcbd-468a-a60c-c7ef96b88337,LLX-GLE-00245,Viraj Opatha,virajo.log@lankalogix.com,+94 78 180 5020,user,active,8f2b1c74-59d3-4a6e-9b21-7c4e0a5d3f88,3df19dcf-3ea6-4851-8552-d094f0ee47ee,,"{""title"": ""Dispatch Coordinator""}",2026-08-10 18:37:50.947739+00,2026-08-10 19:10:28.327832+00
744136d0-3ff7-43bf-a097-4b16e051873f,LLX-GLE-00246,Ruwan Abeywickrama,ruwana2.log@lankalogix.com,+94 75 996 4224,user,active,8f2b1c74-59d3-4a6e-9b21-7c4e0a5d3f88,3df19dcf-3ea6-4851-8552-d094f0ee47ee,,"{""title"": ""Driver""}",2026-08-10 18:37:51.415254+00,2026-08-10 19:10:28.327832+00
e5b53510-e020-442d-a0a7-2bb8ba8134ed,LLX-GLE-00247,Oshadha Bandara,oshadhab.log@lankalogix.com,+94 75 408 3260,user,inactive,8f2b1c74-59d3-4a6e-9b21-7c4e0a5d3f88,3df19dcf-3ea6-4851-8552-d094f0ee47ee,,"{""title"": ""Driver""}",2026-08-10 18:37:51.667221+00,2026-08-10 19:10:28.327832+00
cab74599-3095-4857-9062-1ed17548d72b,LLX-GLE-00248,Sujeewa Amarasinghe,sujeewaa.log@lankalogix.com,+94 71 898 3150,user,active,8f2b1c74-59d3-4a6e-9b21-7c4e0a5d3f88,3df19dcf-3ea6-4851-8552-d094f0ee47ee,,"{""title"": ""Senior Driver""}",2026-08-10 18:37:51.909038+00,2026-08-10 19:10:28.327832+00
9eb62981-218e-4eee-89c7-1e44e087fd9a,LLX-GLE-00249,Charith Ranasinghe,charithr.log@lankalogix.com,+94 70 467 8272,user,active,8f2b1c74-59d3-4a6e-9b21-7c4e0a5d3f88,3df19dcf-3ea6-4851-8552-d094f0ee47ee,,"{""title"": ""Driver""}",2026-08-10 18:37:52.185747+00,2026-08-10 19:10:28.327832+00
fd72748c-1d3a-4c07-a0e0-6ec00dd72cb3,LLX-GLE-00250,Rifky Wahab,rifkyw.log@lankalogix.com,+94 77 944 7165,user,active,8f2b1c74-59d3-4a6e-9b21-7c4e0a5d3f88,3df19dcf-3ea6-4851-8552-d094f0ee47ee,,"{""title"": ""Senior Driver""}",2026-08-10 18:37:52.463677+00,2026-08-10 19:10:28.327832+00
dba27b6e-3ab8-46c8-a9e9-591dc2166f08,LLX-GLE-00251,Hafsa Ismail,hafsai.log@lankalogix.com,+94 70 836 2041,user,active,8f2b1c74-59d3-4a6e-9b21-7c4e0a5d3f88,3df19dcf-3ea6-4851-8552-d094f0ee47ee,,"{""title"": ""Forklift Operator""}",2026-08-10 18:37:52.712559+00,2026-08-10 19:10:28.327832+00
7da9bd19-50e9-4311-9de5-a85a106ef20f,LLX-GLE-00252,Anusha Munasinghe,anusham2.log@lankalogix.com,+94 71 526 8628,user,active,8f2b1c74-59d3-4a6e-9b21-7c4e0a5d3f88,3df19dcf-3ea6-4851-8552-d094f0ee47ee,,"{""title"": ""Driver""}",2026-08-10 18:37:53.06089+00,2026-08-10 19:10:28.327832+00
ff962ec5-661c-4004-8c3a-c65fcefaf218,LLX-GLE-00253,Dilrukshi Udawatta,dilrukshiu.log@lankalogix.com,+94 74 827 1188,user,active,8f2b1c74-59d3-4a6e-9b21-7c4e0a5d3f88,3df19dcf-3ea6-4851-8552-d094f0ee47ee,,"{""title"": ""Driver""}",2026-08-10 18:37:53.556507+00,2026-08-10 19:10:28.327832+00
448f3ddf-c848-4c37-8aff-485580847d47,LLX-GLE-00254,Dhanushka Wickramasinghe,dhanushkaw.log@lankalogix.com,+94 70 752 2702,user,active,8f2b1c74-59d3-4a6e-9b21-7c4e0a5d3f88,3df19dcf-3ea6-4851-8552-d094f0ee47ee,,"{""title"": ""Driver""}",2026-08-10 18:37:53.788677+00,2026-08-10 19:10:28.327832+00
c875bb37-b147-43c4-9190-bba3cca1d313,LLX-GLE-00255,Rangana Bandara,ranganab.log@lankalogix.com,+94 76 979 9357,user,active,8f2b1c74-59d3-4a6e-9b21-7c4e0a5d3f88,3df19dcf-3ea6-4851-8552-d094f0ee47ee,,"{""title"": ""Senior Driver""}",2026-08-10 18:37:54.147671+00,2026-08-10 19:10:28.327832+00
66bd3d10-87f2-4918-8763-36e022cb6719,LLX-GLE-00256,Rashmi Nanayakkara,rashmin.log@lankalogix.com,+94 72 670 8398,user,active,8f2b1c74-59d3-4a6e-9b21-7c4e0a5d3f88,3df19dcf-3ea6-4851-8552-d094f0ee47ee,,"{""title"": ""Senior Driver""}",2026-08-10 18:37:54.491757+00,2026-08-10 19:10:28.327832+00
4b2c9a06-d234-4c13-b11c-f880af976191,LLX-GLE-00257,Lahiru Abeywickrama,lahirua.log@lankalogix.com,+94 71 208 9173,user,active,8f2b1c74-59d3-4a6e-9b21-7c4e0a5d3f88,3df19dcf-3ea6-4851-8552-d094f0ee47ee,,"{""title"": ""Senior Driver""}",2026-08-10 18:37:54.757342+00,2026-08-10 19:10:28.327832+00
6bbc560c-4bb0-4947-90b5-0a8b327e7af1,LLX-GLE-00258,Kelum Bandara,kelumb.log@lankalogix.com,+94 71 709 9138,user,active,8f2b1c74-59d3-4a6e-9b21-7c4e0a5d3f88,3df19dcf-3ea6-4851-8552-d094f0ee47ee,,"{""title"": ""Driver""}",2026-08-10 18:37:55.174422+00,2026-08-10 19:10:28.327832+00
028fc067-0273-4225-ac7c-936820e2c296,LLX-GLE-00259,Ganesh Ponnambalam,ganeshp.log@lankalogix.com,+94 72 217 9285,user,active,8f2b1c74-59d3-4a6e-9b21-7c4e0a5d3f88,3df19dcf-3ea6-4851-8552-d094f0ee47ee,,"{""title"": ""Shift Lead - Fleet""}",2026-08-10 18:37:55.420532+00,2026-08-10 19:10:28.327832+00
3df5d037-e853-43ba-8818-4d3a6644377a,LLX-GLE-00260,Milinda Alwis,milindaa.log@lankalogix.com,+94 72 626 5618,user,active,8f2b1c74-59d3-4a6e-9b21-7c4e0a5d3f88,3df19dcf-3ea6-4851-8552-d094f0ee47ee,,"{""title"": ""Driver""}",2026-08-10 18:37:55.68098+00,2026-08-10 19:10:28.327832+00
2458cf7c-fcbf-4def-834a-e1429dfebcae,LLX-GLE-00261,Asanka Pathirana,asankap.log@lankalogix.com,+94 76 825 6250,user,active,8f2b1c74-59d3-4a6e-9b21-7c4e0a5d3f88,3df19dcf-3ea6-4851-8552-d094f0ee47ee,,"{""title"": ""Driver""}",2026-08-10 18:37:55.949038+00,2026-08-10 19:10:28.327832+00
268c1408-1f5a-4d5e-9b2c-0b5df558eda6,LLX-GLE-00262,Jeyakumar Sivalingam,jeyakumars4.log@lankalogix.com,+94 78 390 7905,user,active,8f2b1c74-59d3-4a6e-9b21-7c4e0a5d3f88,3df19dcf-3ea6-4851-8552-d094f0ee47ee,,"{""title"": ""Driver""}",2026-08-10 18:37:56.249982+00,2026-08-10 19:10:28.327832+00
2b62c6da-6e5b-43a7-a301-ddb17784d56b,LLX-GLE-00263,Lasantha Vithanage,lasanthav.log@lankalogix.com,+94 78 125 6770,user,active,8f2b1c74-59d3-4a6e-9b21-7c4e0a5d3f88,3df19dcf-3ea6-4851-8552-d094f0ee47ee,,"{""title"": ""Forklift Operator""}",2026-08-10 18:37:56.57128+00,2026-08-10 19:10:28.327832+00
d310eb40-f450-4462-95ca-3394c61cd538,LLX-GLE-00264,Dinusha Perera,dinushap.log@lankalogix.com,+94 71 360 3810,user,active,8f2b1c74-59d3-4a6e-9b21-7c4e0a5d3f88,3df19dcf-3ea6-4851-8552-d094f0ee47ee,,"{""title"": ""Dispatch Coordinator""}",2026-08-10 18:37:56.955197+00,2026-08-10 19:10:28.327832+00
e05d2aca-b66c-4872-85aa-cd75a7878df7,LLX-GLE-00265,Chanaka Seneviratne,chanakas.log@lankalogix.com,+94 70 804 3226,user,active,8f2b1c74-59d3-4a6e-9b21-7c4e0a5d3f88,3df19dcf-3ea6-4851-8552-d094f0ee47ee,,"{""title"": ""Driver""}",2026-08-10 18:37:57.215481+00,2026-08-10 19:10:28.327832+00
67e49f67-bfcb-4de7-8834-87f7f4ef4448,LLX-GLE-00266,Sasikumar Muthukumar,sasikumarm.log@lankalogix.com,+94 71 318 4495,user,active,8f2b1c74-59d3-4a6e-9b21-7c4e0a5d3f88,3df19dcf-3ea6-4851-8552-d094f0ee47ee,,"{""title"": ""Driver""}",2026-08-10 18:37:57.518346+00,2026-08-10 19:10:28.327832+00
4ba949a1-b3e1-4156-af2f-12b0d4e6c77b,LLX-GLE-00267,Rizwan Cassim,rizwanc2.log@lankalogix.com,+94 76 977 5211,user,active,8f2b1c74-59d3-4a6e-9b21-7c4e0a5d3f88,3df19dcf-3ea6-4851-8552-d094f0ee47ee,,"{""title"": ""Dispatch Coordinator""}",2026-08-10 18:37:57.817614+00,2026-08-10 19:10:28.327832+00
2e86516c-c292-41da-b03d-25fe05969cf1,LLX-GLE-00268,Thiru Ratnasingham,thirur.log@lankalogix.com,+94 77 604 5023,user,active,8f2b1c74-59d3-4a6e-9b21-7c4e0a5d3f88,3df19dcf-3ea6-4851-8552-d094f0ee47ee,,"{""title"": ""Forklift Operator""}",2026-08-10 18:37:58.074356+00,2026-08-10 19:10:28.327832+00
6c1845aa-5405-4474-95e4-ec96188393bb,LLX-GLE-00269,Rifky Saleem,rifkys2.log@lankalogix.com,+94 78 663 2206,user,active,8f2b1c74-59d3-4a6e-9b21-7c4e0a5d3f88,3df19dcf-3ea6-4851-8552-d094f0ee47ee,,"{""title"": ""Dispatch Coordinator""}",2026-08-10 18:37:58.351984+00,2026-08-10 19:10:28.327832+00
87713bdb-3a75-494d-9e8e-93ac114276ec,LLX-GLE-00270,Dhanushka Kumarasinghe,dhanushkak2.log@lankalogix.com,+94 70 482 4097,user,active,8f2b1c74-59d3-4a6e-9b21-7c4e0a5d3f88,3df19dcf-3ea6-4851-8552-d094f0ee47ee,,"{""title"": ""Driver""}",2026-08-10 18:37:58.894921+00,2026-08-10 19:10:28.327832+00
815f0606-8045-47b4-8e39-03c0b021c8e6,LLX-GLE-00271,Rashmi Samaraweera,rashmis2.log@lankalogix.com,+94 70 152 9376,user,active,8f2b1c74-59d3-4a6e-9b21-7c4e0a5d3f88,3df19dcf-3ea6-4851-8552-d094f0ee47ee,,"{""title"": ""Driver""}",2026-08-10 18:37:59.164136+00,2026-08-10 19:10:28.327832+00
98e1a882-1ddc-4ab9-bea3-44f382f9b9f3,LLX-GLE-00272,Sabreena Cassim,sabreenac2.log@lankalogix.com,+94 71 337 4433,user,active,8f2b1c74-59d3-4a6e-9b21-7c4e0a5d3f88,3df19dcf-3ea6-4851-8552-d094f0ee47ee,,"{""title"": ""Driver""}",2026-08-10 18:37:59.749728+00,2026-08-10 19:10:28.327832+00
36c08673-b38e-475d-bf2f-0079be837d54,LLX-GLE-00273,Kelum Hettiarachchi,kelumh2.log@lankalogix.com,+94 77 295 3641,user,active,8f2b1c74-59d3-4a6e-9b21-7c4e0a5d3f88,3df19dcf-3ea6-4851-8552-d094f0ee47ee,,"{""title"": ""Driver""}",2026-08-10 18:38:00.061908+00,2026-08-10 19:10:28.327832+00
22389be1-8cf4-468e-a72b-11faaa6d0aff,LLX-GLE-00274,Imran Marikkar,imranm.log@lankalogix.com,+94 78 133 4871,user,active,8f2b1c74-59d3-4a6e-9b21-7c4e0a5d3f88,3df19dcf-3ea6-4851-8552-d094f0ee47ee,,"{""title"": ""Dispatch Coordinator""}",2026-08-10 18:38:00.324215+00,2026-08-10 19:10:28.327832+00
a4c0dc14-5cda-4235-a0e8-2888bb4d9e0a,LLX-GLE-00275,Geethani Amarasinghe,geethania3.log@lankalogix.com,+94 75 534 5578,user,active,8f2b1c74-59d3-4a6e-9b21-7c4e0a5d3f88,3df19dcf-3ea6-4851-8552-d094f0ee47ee,,"{""title"": ""Forklift Operator""}",2026-08-10 18:38:00.591057+00,2026-08-10 19:10:28.327832+00
0ae5daa8-7bcd-4f43-b36a-99441eb41697,LLX-GLE-00276,Rasika Vithanage,rasikav.log@lankalogix.com,+94 71 670 1463,user,active,8f2b1c74-59d3-4a6e-9b21-7c4e0a5d3f88,3df19dcf-3ea6-4851-8552-d094f0ee47ee,,"{""title"": ""Driver""}",2026-08-10 18:38:01.293819+00,2026-08-10 19:10:28.327832+00
54a7789c-b84b-40b2-adcd-2e293e032e99,LLX-GLE-00277,Anuruddha Chandrasiri,anuruddhac.log@lankalogix.com,+94 71 276 5204,user,active,8f2b1c74-59d3-4a6e-9b21-7c4e0a5d3f88,3df19dcf-3ea6-4851-8552-d094f0ee47ee,,"{""title"": ""Driver""}",2026-08-10 18:38:01.548327+00,2026-08-10 19:10:28.327832+00
cdb3ca48-5359-477c-8e4d-5ee25284ca63,LLX-GLE-00278,Nuwan Wijesinghe,nuwanw.log@lankalogix.com,+94 78 109 3122,user,active,8f2b1c74-59d3-4a6e-9b21-7c4e0a5d3f88,3df19dcf-3ea6-4851-8552-d094f0ee47ee,,"{""title"": ""Forklift Operator""}",2026-08-10 18:38:02.025852+00,2026-08-10 19:10:28.327832+00
80cda4e5-d297-4af5-9eba-2053c5ba854b,LLX-GLE-00279,Madushika Abeywickrama,madushikaa.log@lankalogix.com,+94 72 939 6891,user,active,8f2b1c74-59d3-4a6e-9b21-7c4e0a5d3f88,3df19dcf-3ea6-4851-8552-d094f0ee47ee,,"{""title"": ""Driver""}",2026-08-10 18:38:02.257069+00,2026-08-10 19:10:28.327832+00
a127f1aa-9000-45ad-b741-5fdfcfaa5f34,LLX-GLE-00280,Nuwan Udawatta,nuwanu.log@lankalogix.com,+94 71 989 7744,user,active,8f2b1c74-59d3-4a6e-9b21-7c4e0a5d3f88,3df19dcf-3ea6-4851-8552-d094f0ee47ee,,"{""title"": ""Senior Driver""}",2026-08-10 18:38:02.715172+00,2026-08-10 19:10:28.327832+00
6a8d56ce-2168-4b33-819a-93aeaa9b99dc,LLX-GLE-00281,Maheshi Ranasinghe,maheshir.log@lankalogix.com,+94 71 255 8712,user,active,8f2b1c74-59d3-4a6e-9b21-7c4e0a5d3f88,3df19dcf-3ea6-4851-8552-d094f0ee47ee,,"{""title"": ""Dispatch Coordinator""}",2026-08-10 18:38:02.992147+00,2026-08-10 19:10:28.327832+00
07a68fb1-5fe3-4894-a718-d07adde2c078,LLX-GLE-00282,Kanchana Pathirana,kanchanap2.log@lankalogix.com,+94 75 173 6975,user,active,8f2b1c74-59d3-4a6e-9b21-7c4e0a5d3f88,3df19dcf-3ea6-4851-8552-d094f0ee47ee,,"{""title"": ""Driver""}",2026-08-10 18:38:03.232213+00,2026-08-10 19:10:28.327832+00
6e53e09d-3f58-4024-8435-320c776feeb6,LLX-GLE-00283,Tharushi Alwis,tharushia.log@lankalogix.com,+94 71 528 7181,user,active,8f2b1c74-59d3-4a6e-9b21-7c4e0a5d3f88,3df19dcf-3ea6-4851-8552-d094f0ee47ee,,"{""title"": ""Driver""}",2026-08-10 18:38:03.461459+00,2026-08-10 19:10:28.327832+00
9227e7bd-457d-482d-b1f4-cbec55d20b07,LLX-GLE-00284,Rasika Kumarasinghe,rasikak.log@lankalogix.com,+94 74 220 4553,user,active,8f2b1c74-59d3-4a6e-9b21-7c4e0a5d3f88,3df19dcf-3ea6-4851-8552-d094f0ee47ee,,"{""title"": ""Dispatch Coordinator""}",2026-08-10 18:38:03.749234+00,2026-08-10 19:10:28.327832+00
7b6636fd-3214-44f2-ad49-452c0eb74f18,LLX-GLE-00285,Tharindu Thilakaratne,tharindut.log@lankalogix.com,+94 77 915 2037,user,active,8f2b1c74-59d3-4a6e-9b21-7c4e0a5d3f88,3df19dcf-3ea6-4851-8552-d094f0ee47ee,,"{""title"": ""Forklift Operator""}",2026-08-10 18:38:04.052743+00,2026-08-10 19:10:28.327832+00
50126895-b7fe-41b2-a790-918f80d4241d,LLX-GLE-00286,Rangana Amarasinghe,ranganaa.log@lankalogix.com,+94 72 999 8417,user,active,8f2b1c74-59d3-4a6e-9b21-7c4e0a5d3f88,3df19dcf-3ea6-4851-8552-d094f0ee47ee,,"{""title"": ""Driver""}",2026-08-10 18:38:04.368604+00,2026-08-10 19:10:28.327832+00
e98a7d51-d860-4c09-a624-751120112f62,LLX-GLE-00287,Nazeer Zubair,nazeerz.log@lankalogix.com,+94 74 425 8655,user,active,8f2b1c74-59d3-4a6e-9b21-7c4e0a5d3f88,3df19dcf-3ea6-4851-8552-d094f0ee47ee,,"{""title"": ""Senior Driver""}",2026-08-10 18:38:04.594881+00,2026-08-10 19:10:28.327832+00
5759f3d2-34f3-483d-818a-1b5627a40557,LLX-GLE-00288,Supun Gunasekara,supung2.log@lankalogix.com,+94 76 344 4568,user,active,8f2b1c74-59d3-4a6e-9b21-7c4e0a5d3f88,3df19dcf-3ea6-4851-8552-d094f0ee47ee,,"{""title"": ""Forklift Operator""}",2026-08-10 18:38:04.970601+00,2026-08-10 19:10:28.327832+00
c752deae-2089-4698-95c9-22b8797ac2c9,LLX-GLE-00289,Tharaka Thilakaratne,tharakat.log@lankalogix.com,+94 78 935 6927,user,active,8f2b1c74-59d3-4a6e-9b21-7c4e0a5d3f88,3df19dcf-3ea6-4851-8552-d094f0ee47ee,,"{""title"": ""Senior Driver""}",2026-08-10 18:38:05.277439+00,2026-08-10 19:10:28.327832+00
0661a2e7-11df-4c5f-9bf0-1750efed60a9,LLX-GLE-00290,Niroshi Tennakoon,niroshit.log@lankalogix.com,+94 71 216 3467,user,active,8f2b1c74-59d3-4a6e-9b21-7c4e0a5d3f88,3df19dcf-3ea6-4851-8552-d094f0ee47ee,,"{""title"": ""Shift Lead - Fleet""}",2026-08-10 18:38:05.508386+00,2026-08-10 19:10:28.327832+00
a53c8c14-2044-43fa-a25e-3b4751f18fcb,LLX-GLE-00291,Gayan Udawatta,gayanu.log@lankalogix.com,+94 72 569 6965,user,active,8f2b1c74-59d3-4a6e-9b21-7c4e0a5d3f88,3df19dcf-3ea6-4851-8552-d094f0ee47ee,,"{""title"": ""Driver""}",2026-08-10 18:38:05.794419+00,2026-08-10 19:10:28.327832+00
8ebec0f7-fdcb-4c03-b9b2-04eea85a85bf,LLX-GLE-00292,Imran Rahman,imranr.log@lankalogix.com,+94 75 239 7894,user,active,8f2b1c74-59d3-4a6e-9b21-7c4e0a5d3f88,3df19dcf-3ea6-4851-8552-d094f0ee47ee,,"{""title"": ""Forklift Operator""}",2026-08-10 18:38:06.09959+00,2026-08-10 19:10:28.327832+00
75ecdc2a-757a-4c32-a103-8bfece98280b,LLX-GLE-00293,Chathura Rathnayaka,chathurar2.log@lankalogix.com,+94 70 168 5744,user,active,8f2b1c74-59d3-4a6e-9b21-7c4e0a5d3f88,3df19dcf-3ea6-4851-8552-d094f0ee47ee,,"{""title"": ""Forklift Operator""}",2026-08-10 18:38:06.409995+00,2026-08-10 19:10:28.327832+00
43420c9a-b3f9-494e-ab87-55ba4cca6846,LLX-GLE-00294,Manoharan Muthukumar,manoharanm2.log@lankalogix.com,+94 77 361 8680,user,active,8f2b1c74-59d3-4a6e-9b21-7c4e0a5d3f88,3df19dcf-3ea6-4851-8552-d094f0ee47ee,,"{""title"": ""Driver""}",2026-08-10 18:38:06.708775+00,2026-08-10 19:10:28.327832+00
6f4afb75-0912-47b3-93dc-8b6e02406c30,LLX-GLE-00295,Dinithi Edirisinghe,dinithie.log@lankalogix.com,+94 72 921 6999,user,active,8f2b1c74-59d3-4a6e-9b21-7c4e0a5d3f88,3df19dcf-3ea6-4851-8552-d094f0ee47ee,,"{""title"": ""Forklift Operator""}",2026-08-10 18:38:07.013971+00,2026-08-10 19:10:28.327832+00
2751f9ca-5a8f-480f-b7f6-8d7c60846a2a,LLX-GLE-00296,Kalana Bandara,kalanab.log@lankalogix.com,+94 77 606 7151,user,active,8f2b1c74-59d3-4a6e-9b21-7c4e0a5d3f88,3df19dcf-3ea6-4851-8552-d094f0ee47ee,,"{""title"": ""Senior Driver""}",2026-08-10 18:38:07.320853+00,2026-08-10 19:10:28.327832+00
2e144e84-10eb-4a46-b182-02f3b353c681,LLX-GLE-00297,Yohan Vithanage,yohanv.log@lankalogix.com,+94 75 217 3102,user,inactive,8f2b1c74-59d3-4a6e-9b21-7c4e0a5d3f88,3df19dcf-3ea6-4851-8552-d094f0ee47ee,,"{""title"": ""Driver""}",2026-08-10 18:38:07.547663+00,2026-08-10 19:10:28.327832+00
ae6a1be7-b6e0-4bd4-81cc-b51def41c284,LLX-GLE-00298,Anand Rajendran,anandr3.log@lankalogix.com,+94 77 108 5029,user,suspended,8f2b1c74-59d3-4a6e-9b21-7c4e0a5d3f88,3df19dcf-3ea6-4851-8552-d094f0ee47ee,,"{""title"": ""Senior Driver""}",2026-08-10 18:38:07.835638+00,2026-08-10 19:10:28.327832+00
f5eff06f-b9fc-4abc-8456-308da70d2462,LLX-GLE-00299,Sivakumar Kandasamy,sivakumark2.log@lankalogix.com,+94 72 585 5513,user,active,8f2b1c74-59d3-4a6e-9b21-7c4e0a5d3f88,3df19dcf-3ea6-4851-8552-d094f0ee47ee,,"{""title"": ""Dispatch Coordinator""}",2026-08-10 18:38:08.140887+00,2026-08-10 19:10:28.327832+00
34931f13-2403-4242-8b97-cda22b57bcf1,LLX-GLE-00300,Ahamed Farook,ahamedf.log@lankalogix.com,+94 70 918 7417,user,active,8f2b1c74-59d3-4a6e-9b21-7c4e0a5d3f88,3df19dcf-3ea6-4851-8552-d094f0ee47ee,,"{""title"": ""Senior Driver""}",2026-08-10 18:38:08.450346+00,2026-08-10 19:10:28.327832+00
01551974-ffd1-4791-ae00-0b8e5efab738,LLX-GLE-00301,Selvam Balasubramaniam,selvamb.log@lankalogix.com,+94 71 284 8683,user,active,8f2b1c74-59d3-4a6e-9b21-7c4e0a5d3f88,3df19dcf-3ea6-4851-8552-d094f0ee47ee,,"{""title"": ""Driver""}",2026-08-10 18:38:08.677284+00,2026-08-10 19:10:28.327832+00
78c2d5ff-36e8-43bc-8d89-1930171dd72d,LLX-GLE-00302,Gihan Peiris,gihanp.log@lankalogix.com,+94 74 194 5226,user,active,8f2b1c74-59d3-4a6e-9b21-7c4e0a5d3f88,3df19dcf-3ea6-4851-8552-d094f0ee47ee,,"{""title"": ""Driver""}",2026-08-10 18:38:08.961112+00,2026-08-10 19:10:28.327832+00
d36ba4d2-b2ee-497b-9873-24ac213be755,LLX-GLE-00303,Yogeswaran Ratnasingham,yogeswaranr2.log@lankalogix.com,+94 77 191 1939,user,active,8f2b1c74-59d3-4a6e-9b21-7c4e0a5d3f88,3df19dcf-3ea6-4851-8552-d094f0ee47ee,,"{""title"": ""Forklift Operator""}",2026-08-10 18:38:09.276843+00,2026-08-10 19:10:28.327832+00
f316cb80-b405-4faa-ac0a-6307bb3b888d,LLX-GLE-00304,Rasika Udawatta,rasikau3.log@lankalogix.com,+94 76 231 3091,user,active,8f2b1c74-59d3-4a6e-9b21-7c4e0a5d3f88,3df19dcf-3ea6-4851-8552-d094f0ee47ee,,"{""title"": ""Driver""}",2026-08-10 18:38:09.516093+00,2026-08-10 19:10:28.327832+00
ff858c38-4db7-4dcd-a154-6531520ed5b9,LLX-GLE-00305,Vimukthi Ekanayake,vimukthie.log@lankalogix.com,+94 75 599 7098,user,active,8f2b1c74-59d3-4a6e-9b21-7c4e0a5d3f88,3df19dcf-3ea6-4851-8552-d094f0ee47ee,,"{""title"": ""Driver""}",2026-08-10 18:38:09.80473+00,2026-08-10 19:10:28.327832+00
48126f8b-238c-4b5d-a60a-95552aeb26f5,LLX-GLE-00306,Gayathri Munasinghe,gayathrim.log@lankalogix.com,+94 71 152 2519,user,active,8f2b1c74-59d3-4a6e-9b21-7c4e0a5d3f88,3df19dcf-3ea6-4851-8552-d094f0ee47ee,,"{""title"": ""Forklift Operator""}",2026-08-10 18:38:10.097158+00,2026-08-10 19:10:28.327832+00
00d11482-63a2-48da-b05c-c7e9bacd67e0,LLX-GLE-00307,Iresha Perera,ireshap.log@lankalogix.com,+94 74 219 7371,user,active,8f2b1c74-59d3-4a6e-9b21-7c4e0a5d3f88,3df19dcf-3ea6-4851-8552-d094f0ee47ee,,"{""title"": ""Shift Lead - Fleet""}",2026-08-10 18:38:10.326451+00,2026-08-10 19:10:28.327832+00
cc8b2b85-0438-4fcb-a7da-7fd0ad418427,LLX-GLE-00308,Sameera Nanayakkara,sameeran.log@lankalogix.com,+94 74 656 2855,user,active,8f2b1c74-59d3-4a6e-9b21-7c4e0a5d3f88,3df19dcf-3ea6-4851-8552-d094f0ee47ee,,"{""title"": ""Driver""}",2026-08-10 18:38:10.552845+00,2026-08-10 19:10:28.327832+00
24b5932e-88db-41e4-91d9-969e04d67984,LLX-GLE-00309,Nimal Chandrasiri,nimalc.log@lankalogix.com,+94 71 909 8546,user,active,8f2b1c74-59d3-4a6e-9b21-7c4e0a5d3f88,3df19dcf-3ea6-4851-8552-d094f0ee47ee,,"{""title"": ""Driver""}",2026-08-10 18:38:10.807635+00,2026-08-10 19:10:28.327832+00
aa6bd398-1c0b-46fc-95da-2ff75ff4c584,LLX-GLE-00310,Indika Jayasuriya,indikaj.log@lankalogix.com,+94 71 414 9764,user,active,8f2b1c74-59d3-4a6e-9b21-7c4e0a5d3f88,3df19dcf-3ea6-4851-8552-d094f0ee47ee,,"{""title"": ""Driver""}",2026-08-10 18:38:11.039638+00,2026-08-10 19:10:28.327832+00
ecff27bf-cbce-4f6d-9628-c7d503e11677,LLX-GLE-00311,Chandran Krishnapillai,chandrank.log@lankalogix.com,+94 77 898 1505,user,inactive,8f2b1c74-59d3-4a6e-9b21-7c4e0a5d3f88,3df19dcf-3ea6-4851-8552-d094f0ee47ee,,"{""title"": ""Dispatch Coordinator""}",2026-08-10 18:38:11.321533+00,2026-08-10 19:10:28.327832+00
c9d9cd57-6074-4c5b-87b0-f093e04db48b,LLX-GLE-00312,Thilaga Nadarajah,thilagan.log@lankalogix.com,+94 75 283 2771,user,active,8f2b1c74-59d3-4a6e-9b21-7c4e0a5d3f88,3df19dcf-3ea6-4851-8552-d094f0ee47ee,,"{""title"": ""Forklift Operator""}",2026-08-10 18:38:11.554605+00,2026-08-10 19:10:28.327832+00
e54af5d3-572c-4427-9478-fdcf07c3aa68,LLX-GLE-00313,Balan Chandrasekaran,balanc.log@lankalogix.com,+94 74 517 3256,user,active,8f2b1c74-59d3-4a6e-9b21-7c4e0a5d3f88,3df19dcf-3ea6-4851-8552-d094f0ee47ee,,"{""title"": ""Driver""}",2026-08-10 18:38:11.783567+00,2026-08-10 19:10:28.327832+00
1e29b6e8-6626-4a4f-b11b-f1b90a96a930,LLX-GLE-00314,Lasantha Nanayakkara,lasanthan.log@lankalogix.com,+94 74 664 1054,user,active,8f2b1c74-59d3-4a6e-9b21-7c4e0a5d3f88,3df19dcf-3ea6-4851-8552-d094f0ee47ee,,"{""title"": ""Forklift Operator""}",2026-08-10 18:38:12.038727+00,2026-08-10 19:10:28.327832+00
6058e1f6-6cdf-4f86-83da-8e52d0a1d5d0,LLX-GLE-00315,Dinusha Wijeratne,dinushaw.log@lankalogix.com,+94 76 915 2186,user,active,8f2b1c74-59d3-4a6e-9b21-7c4e0a5d3f88,3df19dcf-3ea6-4851-8552-d094f0ee47ee,,"{""title"": ""Shift Lead - Fleet""}",2026-08-10 18:38:12.447972+00,2026-08-10 19:10:28.327832+00
ff0168ca-0d18-4fb7-af5a-b431fbcab727,LLX-GLE-00316,Nazeer Saleem,nazeers.log@lankalogix.com,+94 71 724 3727,user,active,8f2b1c74-59d3-4a6e-9b21-7c4e0a5d3f88,3df19dcf-3ea6-4851-8552-d094f0ee47ee,,"{""title"": ""Driver""}",2026-08-10 18:38:12.683067+00,2026-08-10 19:10:28.327832+00
6f7dcb20-a947-4503-9318-e3cded4cafea,LLX-GLE-00317,Sujeewa Ekanayake,sujeewae3.log@lankalogix.com,+94 70 537 5091,user,active,8f2b1c74-59d3-4a6e-9b21-7c4e0a5d3f88,3df19dcf-3ea6-4851-8552-d094f0ee47ee,,"{""title"": ""Dispatch Coordinator""}",2026-08-10 18:38:12.96264+00,2026-08-10 19:10:28.327832+00
80e237e5-ad5b-44f4-9ef1-4434b06cb4a1,LLX-GLE-00318,Indika Kumarasinghe,indikak.log@lankalogix.com,+94 71 272 7704,user,active,8f2b1c74-59d3-4a6e-9b21-7c4e0a5d3f88,3df19dcf-3ea6-4851-8552-d094f0ee47ee,,"{""title"": ""Driver""}",2026-08-10 18:38:13.196609+00,2026-08-10 19:10:28.327832+00
39c7fa37-597a-4976-aab3-dcf6dfcc5035,LLX-GLE-00319,Jagath Edirisinghe,jagathe.log@lankalogix.com,+94 70 301 3371,user,active,8f2b1c74-59d3-4a6e-9b21-7c4e0a5d3f88,3df19dcf-3ea6-4851-8552-d094f0ee47ee,,"{""title"": ""Forklift Operator""}",2026-08-10 18:38:13.483358+00,2026-08-10 19:10:28.327832+00
79996482-579d-4dee-9a2b-8837c548ef59,LLX-GLE-00320,Sunil Munasinghe,sunilm.log@lankalogix.com,+94 74 251 6655,user,active,8f2b1c74-59d3-4a6e-9b21-7c4e0a5d3f88,3df19dcf-3ea6-4851-8552-d094f0ee47ee,,"{""title"": ""Shift Lead - Fleet""}",2026-08-10 18:38:13.774502+00,2026-08-10 19:10:28.327832+00
2abd42b1-c0a4-4467-8f7d-15d222f3e561,LLX-GLE-00321,Iresha Peiris,ireshap2.log@lankalogix.com,+94 75 186 7924,user,active,8f2b1c74-59d3-4a6e-9b21-7c4e0a5d3f88,3df19dcf-3ea6-4851-8552-d094f0ee47ee,,"{""title"": ""Forklift Operator""}",2026-08-10 18:38:14.006346+00,2026-08-10 19:10:28.327832+00
2a60d4f6-6137-4b68-9b84-6d71514ec695,LLX-GLE-00322,Niroshi Herath,niroshih.log@lankalogix.com,+94 72 833 7294,user,active,8f2b1c74-59d3-4a6e-9b21-7c4e0a5d3f88,3df19dcf-3ea6-4851-8552-d094f0ee47ee,,"{""title"": ""Forklift Operator""}",2026-08-10 18:38:14.246353+00,2026-08-10 19:10:28.327832+00
4c823f41-1c70-4687-81af-94c5feb0d762,LLX-GLE-00323,Gihan Chandrasiri,gihanc.log@lankalogix.com,+94 72 995 1315,user,active,8f2b1c74-59d3-4a6e-9b21-7c4e0a5d3f88,3df19dcf-3ea6-4851-8552-d094f0ee47ee,,"{""title"": ""Senior Driver""}",2026-08-10 18:38:14.490436+00,2026-08-10 19:10:28.327832+00
de5ac9e2-3f8b-4675-ae66-62a79bb5340c,LLX-GLE-00324,Hiruni Jayawardena,hirunij.log@lankalogix.com,+94 74 540 9863,user,active,8f2b1c74-59d3-4a6e-9b21-7c4e0a5d3f88,3df19dcf-3ea6-4851-8552-d094f0ee47ee,,"{""title"": ""Driver""}",2026-08-10 18:38:14.719494+00,2026-08-10 19:10:28.327832+00
d7c4e17b-fc8a-4978-aeb3-385f00c635d1,LLX-GLE-00325,Zainab Saleem,zainabs.log@lankalogix.com,+94 74 879 1263,user,active,8f2b1c74-59d3-4a6e-9b21-7c4e0a5d3f88,3df19dcf-3ea6-4851-8552-d094f0ee47ee,,"{""title"": ""Driver""}",2026-08-10 18:38:15.008258+00,2026-08-10 19:10:28.327832+00
c458d5ba-5730-4c05-94e6-f9801b71d659,LLX-GLE-00326,Kaushalya Seneviratne,kaushalyas2.log@lankalogix.com,+94 70 473 6266,user,active,8f2b1c74-59d3-4a6e-9b21-7c4e0a5d3f88,3df19dcf-3ea6-4851-8552-d094f0ee47ee,,"{""title"": ""Senior Driver""}",2026-08-10 18:38:15.321154+00,2026-08-10 19:10:28.327832+00
fdbc71f8-edf3-4091-a0dc-b0bf3c339f92,LLX-GLE-00327,Chamara Samaraweera,chamaras.log@lankalogix.com,+94 72 468 3713,user,active,8f2b1c74-59d3-4a6e-9b21-7c4e0a5d3f88,3df19dcf-3ea6-4851-8552-d094f0ee47ee,,"{""title"": ""Driver""}",2026-08-10 18:38:15.578268+00,2026-08-10 19:10:28.327832+00
3e96b4b5-b16a-43cd-a0e6-f634d1a11d95,LLX-GLE-00328,Arun Arumugam,arun.log@lankalogix.com,+94 72 322 2403,user,active,8f2b1c74-59d3-4a6e-9b21-7c4e0a5d3f88,3df19dcf-3ea6-4851-8552-d094f0ee47ee,,"{""title"": ""Senior Driver""}",2026-08-10 18:38:15.823358+00,2026-08-10 19:10:28.327832+00
786ea10f-0251-419f-a7fb-700b47d3108c,LLX-GLE-00329,Bandula Vithanage,bandulav.log@lankalogix.com,+94 78 279 5006,user,active,8f2b1c74-59d3-4a6e-9b21-7c4e0a5d3f88,3df19dcf-3ea6-4851-8552-d094f0ee47ee,,"{""title"": ""Driver""}",2026-08-10 18:38:16.129832+00,2026-08-10 19:10:28.327832+00
f29a276c-72e6-4d21-9c32-64ba51d564b6,LLX-GLE-00330,Shafi Ismail,shafii2.log@lankalogix.com,+94 71 952 9340,user,active,8f2b1c74-59d3-4a6e-9b21-7c4e0a5d3f88,3df19dcf-3ea6-4851-8552-d094f0ee47ee,,"{""title"": ""Senior Driver""}",2026-08-10 18:38:16.43659+00,2026-08-10 19:10:28.327832+00
edad143c-eef5-422d-857c-22e835301e59,LLX-GLE-00331,Chamara Seneviratne,chamaras2.log@lankalogix.com,+94 77 342 8446,user,active,8f2b1c74-59d3-4a6e-9b21-7c4e0a5d3f88,3df19dcf-3ea6-4851-8552-d094f0ee47ee,,"{""title"": ""Driver""}",2026-08-10 18:38:16.67671+00,2026-08-10 19:10:28.327832+00
cf7005a7-a97c-42ef-9b78-c00a59781445,LLX-GLE-00332,Anand Muthukumar,anandm.log@lankalogix.com,+94 71 273 8997,user,active,8f2b1c74-59d3-4a6e-9b21-7c4e0a5d3f88,3df19dcf-3ea6-4851-8552-d094f0ee47ee,,"{""title"": ""Driver""}",2026-08-10 18:38:16.970054+00,2026-08-10 19:10:28.327832+00
97b90211-1b71-4112-a5c5-454a8b55cf5f,LLX-GLE-00333,Naveen Silva,naveens2.log@lankalogix.com,+94 70 466 3490,user,active,8f2b1c74-59d3-4a6e-9b21-7c4e0a5d3f88,3df19dcf-3ea6-4851-8552-d094f0ee47ee,,"{""title"": ""Driver""}",2026-08-10 18:38:17.203962+00,2026-08-10 19:10:28.327832+00
397e1e00-170b-4c0a-a77a-5f5cc3c7646c,LLX-GLE-00334,Rashmi Jayasuriya,rashmij.log@lankalogix.com,+94 70 587 5400,user,active,8f2b1c74-59d3-4a6e-9b21-7c4e0a5d3f88,3df19dcf-3ea6-4851-8552-d094f0ee47ee,,"{""title"": ""Senior Driver""}",2026-08-10 18:38:17.462593+00,2026-08-10 19:10:28.327832+00
3351801a-f8d9-48ae-a19c-421b6d81bcf8,LLX-GLE-00335,Anand Nadarajah,anandn.log@lankalogix.com,+94 72 986 9660,user,active,8f2b1c74-59d3-4a6e-9b21-7c4e0a5d3f88,3df19dcf-3ea6-4851-8552-d094f0ee47ee,,"{""title"": ""Shift Lead - Fleet""}",2026-08-10 18:38:17.693956+00,2026-08-10 19:10:28.327832+00
36971014-0d48-449f-81a0-89aa3a24c59a,LLX-GLE-00336,Maheshi Samarasinghe,maheshis2.log@lankalogix.com,+94 70 423 1250,user,active,8f2b1c74-59d3-4a6e-9b21-7c4e0a5d3f88,3df19dcf-3ea6-4851-8552-d094f0ee47ee,,"{""title"": ""Driver""}",2026-08-10 18:38:17.918939+00,2026-08-10 19:10:28.327832+00
2cd60729-dc8f-4065-95f7-a53f836a2138,LLX-GLE-00337,Tharaka Gunasekara,tharakag.mech@lankalogix.com,+94 70 623 8916,user,active,8f2b1c74-59d3-4a6e-9b21-7c4e0a5d3f88,db9608cb-8fa1-42bf-b0e6-916f97ed558c,,"{""title"": ""Brake & Tyre Technician""}",2026-08-10 18:38:18.180062+00,2026-08-10 19:10:28.327832+00
af5f0096-7cc6-4d72-ab69-0a461681aeb5,LLX-GLE-00338,Wasantha Abeywickrama,wasanthaa.mech@lankalogix.com,+94 75 913 2493,user,active,8f2b1c74-59d3-4a6e-9b21-7c4e0a5d3f88,db9608cb-8fa1-42bf-b0e6-916f97ed558c,,"{""title"": ""Senior Technician""}",2026-08-10 18:38:18.472753+00,2026-08-10 19:10:28.327832+00
989c4623-2ef3-4227-8eb3-779db0586ef1,LLX-GLE-00339,Shafi Haniffa,shafih.mech@lankalogix.com,+94 70 625 6028,user,active,8f2b1c74-59d3-4a6e-9b21-7c4e0a5d3f88,db9608cb-8fa1-42bf-b0e6-916f97ed558c,,"{""title"": ""Vehicle Technician""}",2026-08-10 18:38:18.701468+00,2026-08-10 19:10:28.327832+00
9a38f54e-0c39-48c6-9c31-f8bc268a9f2a,LLX-GLE-00340,Upeksha Abeywickrama,upeksha.mech@lankalogix.com,+94 78 735 6838,user,active,8f2b1c74-59d3-4a6e-9b21-7c4e0a5d3f88,db9608cb-8fa1-42bf-b0e6-916f97ed558c,,"{""title"": ""Brake & Tyre Technician""}",2026-08-10 18:38:19.002919+00,2026-08-10 19:10:28.327832+00
f2993108-7085-4a34-95a5-74c5c3a8410d,LLX-GLE-00341,Hasitha Wickramasinghe,hasithaw.mech@lankalogix.com,+94 72 513 9414,user,active,8f2b1c74-59d3-4a6e-9b21-7c4e0a5d3f88,db9608cb-8fa1-42bf-b0e6-916f97ed558c,,"{""title"": ""Hydraulics Technician""}",2026-08-10 18:38:19.306694+00,2026-08-10 19:10:28.327832+00
472d1148-29aa-49e3-9b18-f6759b63e0a7,LLX-GLE-00342,Anuruddha Seneviratne,anuruddha.mech@lankalogix.com,+94 72 624 3245,user,active,8f2b1c74-59d3-4a6e-9b21-7c4e0a5d3f88,db9608cb-8fa1-42bf-b0e6-916f97ed558c,,"{""title"": ""Hydraulics Technician""}",2026-08-10 18:38:19.613188+00,2026-08-10 19:10:28.327832+00
668def89-b35a-453f-8186-ef5ef76662c8,LLX-GLE-00343,Ganesh Arumugam,ganesh.mech@lankalogix.com,+94 70 278 7110,user,active,8f2b1c74-59d3-4a6e-9b21-7c4e0a5d3f88,db9608cb-8fa1-42bf-b0e6-916f97ed558c,,"{""title"": ""Senior Technician""}",2026-08-10 18:38:19.922568+00,2026-08-10 19:10:28.327832+00
78be5d8f-6cca-4d7e-bfe7-2b68fc8c6341,LLX-GLE-00344,Randika Silva,randikas.mech@lankalogix.com,+94 74 128 6065,user,active,8f2b1c74-59d3-4a6e-9b21-7c4e0a5d3f88,db9608cb-8fa1-42bf-b0e6-916f97ed558c,,"{""title"": ""Senior Technician""}",2026-08-10 18:38:20.159275+00,2026-08-10 19:10:28.327832+00
2fc76645-2797-42a6-b6b9-d134b926381b,LLX-GLE-00345,Thilaga Sivalingam,thilaga.mech@lankalogix.com,+94 74 470 4230,user,active,8f2b1c74-59d3-4a6e-9b21-7c4e0a5d3f88,db9608cb-8fa1-42bf-b0e6-916f97ed558c,,"{""title"": ""Vehicle Technician""}",2026-08-10 18:38:20.391976+00,2026-08-10 19:10:28.327832+00
53237578-eb53-4fa0-b5df-9eb5c4ba96f4,LLX-GLE-00346,Prakash Arumugam,prakash.mech@lankalogix.com,+94 76 316 4246,user,active,8f2b1c74-59d3-4a6e-9b21-7c4e0a5d3f88,db9608cb-8fa1-42bf-b0e6-916f97ed558c,,"{""title"": ""Hydraulics Technician""}",2026-08-10 18:38:20.640303+00,2026-08-10 19:10:28.327832+00
1246b49b-4c2a-428c-9e26-abdd7df1b7e0,LLX-GLE-00347,Shantha Munasinghe,shantha.mech@lankalogix.com,+94 77 385 5440,user,active,8f2b1c74-59d3-4a6e-9b21-7c4e0a5d3f88,db9608cb-8fa1-42bf-b0e6-916f97ed558c,,"{""title"": ""Brake & Tyre Technician""}",2026-08-10 18:38:20.946052+00,2026-08-10 19:10:28.327832+00
258cec76-5677-463e-88d0-84f8488b8d19,LLX-GLE-00348,Murali Sivanathan,muralis.mech@lankalogix.com,+94 70 275 8956,user,active,8f2b1c74-59d3-4a6e-9b21-7c4e0a5d3f88,db9608cb-8fa1-42bf-b0e6-916f97ed558c,,"{""title"": ""Vehicle Technician""}",2026-08-10 18:38:21.177763+00,2026-08-10 19:10:28.327832+00
5302dab8-326e-4660-b10d-447ccbcaff6f,LLX-GLE-00349,Wasantha Tennakoon,wasanthat.mech@lankalogix.com,+94 78 447 9565,user,active,8f2b1c74-59d3-4a6e-9b21-7c4e0a5d3f88,db9608cb-8fa1-42bf-b0e6-916f97ed558c,,"{""title"": ""Senior Technician""}",2026-08-10 18:38:21.411061+00,2026-08-10 19:10:28.327832+00
ac56c0dc-f5dc-458e-ad2c-545b392395a3,LLX-GLE-00350,Dinusha Perera,dinushap.mech@lankalogix.com,+94 77 161 2222,user,active,8f2b1c74-59d3-4a6e-9b21-7c4e0a5d3f88,db9608cb-8fa1-42bf-b0e6-916f97ed558c,,"{""title"": ""Vehicle Technician""}",2026-08-10 18:38:21.722535+00,2026-08-10 19:10:28.327832+00
f02fa13f-bb55-414d-bf8b-7341877ef160,LLX-GLE-00351,Thiru Muthukumar,thiru.mech@lankalogix.com,+94 74 511 4445,user,active,8f2b1c74-59d3-4a6e-9b21-7c4e0a5d3f88,db9608cb-8fa1-42bf-b0e6-916f97ed558c,,"{""title"": ""Hydraulics Technician""}",2026-08-10 18:38:22.010563+00,2026-08-10 19:10:28.327832+00
198393db-38d9-4a32-b015-0658a170bec1,LLX-GLE-00352,Imran Haniffa,imranh.mech@lankalogix.com,+94 74 907 6407,user,active,8f2b1c74-59d3-4a6e-9b21-7c4e0a5d3f88,db9608cb-8fa1-42bf-b0e6-916f97ed558c,,"{""title"": ""Vehicle Technician""}",2026-08-10 18:38:22.237097+00,2026-08-10 19:10:28.327832+00
4212a9e1-e03c-4ea2-9d8c-c180b703b99a,LLX-GLE-00353,Maheshi Fernando,maheshi.mech@lankalogix.com,+94 71 431 1060,user,active,8f2b1c74-59d3-4a6e-9b21-7c4e0a5d3f88,db9608cb-8fa1-42bf-b0e6-916f97ed558c,,"{""title"": ""Hydraulics Technician""}",2026-08-10 18:38:22.480296+00,2026-08-10 19:10:28.327832+00
66cb2aca-9bcf-48c3-b8bf-8e61319ccfcf,LLX-GLE-00354,Chamara Madushanka,chamara.mech@lankalogix.com,+94 70 536 6094,user,active,8f2b1c74-59d3-4a6e-9b21-7c4e0a5d3f88,db9608cb-8fa1-42bf-b0e6-916f97ed558c,,"{""title"": ""Senior Technician""}",2026-08-10 18:38:22.737033+00,2026-08-10 19:10:28.327832+00
51de8298-573f-473b-b907-584ec33f7841,LLX-GLE-00355,Heshan Tennakoon,heshant.mech@lankalogix.com,+94 75 179 4904,user,active,8f2b1c74-59d3-4a6e-9b21-7c4e0a5d3f88,db9608cb-8fa1-42bf-b0e6-916f97ed558c,,"{""title"": ""Hydraulics Technician""}",2026-08-10 18:38:22.997065+00,2026-08-10 19:10:28.327832+00
242e349c-5343-4ab9-b488-62509742f4c7,LLX-GLE-00356,Nirmal Selvarajah,nirmal.mech@lankalogix.com,+94 72 573 5580,user,active,8f2b1c74-59d3-4a6e-9b21-7c4e0a5d3f88,db9608cb-8fa1-42bf-b0e6-916f97ed558c,,"{""title"": ""Workshop Foreman""}",2026-08-10 18:38:23.266973+00,2026-08-10 19:10:28.327832+00
e20935a5-5128-4f38-92b2-23e2cc66c4ed,LLX-GLE-00357,Sujeewa Wijesinghe,sujeewaw.mech@lankalogix.com,+94 75 878 2367,user,active,8f2b1c74-59d3-4a6e-9b21-7c4e0a5d3f88,db9608cb-8fa1-42bf-b0e6-916f97ed558c,,"{""title"": ""Vehicle Technician""}",2026-08-10 18:38:23.50264+00,2026-08-10 19:10:28.327832+00
3898aa8b-e3d3-459d-9a76-60401f8181f0,LLX-GLE-00358,Iresha Nanayakkara,iresha.mech@lankalogix.com,+94 70 161 3990,user,active,8f2b1c74-59d3-4a6e-9b21-7c4e0a5d3f88,db9608cb-8fa1-42bf-b0e6-916f97ed558c,,"{""title"": ""Senior Technician""}",2026-08-10 18:38:23.757004+00,2026-08-10 19:10:28.327832+00
a363109b-c8ce-4177-9d91-030ac0b8df3a,LLX-GLE-00359,Bandula Amarasinghe,bandulaa.mech@lankalogix.com,+94 70 803 6993,user,active,8f2b1c74-59d3-4a6e-9b21-7c4e0a5d3f88,db9608cb-8fa1-42bf-b0e6-916f97ed558c,,"{""title"": ""Senior Technician""}",2026-08-10 18:38:24.014838+00,2026-08-10 19:10:28.327832+00
e3d88daf-a639-4654-8343-b7925af44312,LLX-GLE-00360,Chanaka Karunaratne,chanaka.mech@lankalogix.com,+94 71 966 9643,user,active,8f2b1c74-59d3-4a6e-9b21-7c4e0a5d3f88,db9608cb-8fa1-42bf-b0e6-916f97ed558c,,"{""title"": ""Vehicle Technician""}",2026-08-10 18:38:24.329215+00,2026-08-10 19:10:28.327832+00
90850f19-81e7-4b88-ba8f-72ef0e0578fa,LLX-GLE-00361,Kavinda Ratnayake,kavinda.mech@lankalogix.com,+94 78 464 2721,user,active,8f2b1c74-59d3-4a6e-9b21-7c4e0a5d3f88,db9608cb-8fa1-42bf-b0e6-916f97ed558c,,"{""title"": ""Senior Technician""}",2026-08-10 18:38:24.65558+00,2026-08-10 19:10:28.327832+00
fc40d020-6df0-48d5-964e-6051e0f01179,LLX-GLE-00362,Indika Karunaratne,indikak.mech@lankalogix.com,+94 71 678 6117,user,active,8f2b1c74-59d3-4a6e-9b21-7c4e0a5d3f88,db9608cb-8fa1-42bf-b0e6-916f97ed558c,,"{""title"": ""Senior Technician""}",2026-08-10 18:38:24.936666+00,2026-08-10 19:10:28.327832+00
40f69c6c-3cd3-4344-b1f4-7617f7b12fa5,LLX-GLE-00363,Thilina Herath,thilina.mech@lankalogix.com,+94 78 470 9751,user,active,8f2b1c74-59d3-4a6e-9b21-7c4e0a5d3f88,db9608cb-8fa1-42bf-b0e6-916f97ed558c,,"{""title"": ""Workshop Foreman""}",2026-08-10 18:38:25.165424+00,2026-08-10 19:10:28.327832+00
597c6eba-286e-440e-922e-420efd907fcc,LLX-GLE-00364,Lahiru Liyanage,lahirul.mech@lankalogix.com,+94 72 194 1312,user,active,8f2b1c74-59d3-4a6e-9b21-7c4e0a5d3f88,db9608cb-8fa1-42bf-b0e6-916f97ed558c,,"{""title"": ""Workshop Foreman""}",2026-08-10 18:38:25.453119+00,2026-08-10 19:10:28.327832+00
e1c1397c-6345-47ab-948e-0f3e68d615b7,LLX-GLE-00365,Nethmi Bandara,nethmib.mech@lankalogix.com,+94 72 701 1828,user,active,8f2b1c74-59d3-4a6e-9b21-7c4e0a5d3f88,db9608cb-8fa1-42bf-b0e6-916f97ed558c,,"{""title"": ""Vehicle Technician""}",2026-08-10 18:38:25.764729+00,2026-08-10 19:10:28.327832+00
016d73cf-e272-4f8f-a5e9-41a860fec088,LLX-GLE-00366,Pradeep Samaraweera,pradeep.mech@lankalogix.com,+94 75 114 3308,user,active,8f2b1c74-59d3-4a6e-9b21-7c4e0a5d3f88,db9608cb-8fa1-42bf-b0e6-916f97ed558c,,"{""title"": ""Senior Technician""}",2026-08-10 18:38:25.994248+00,2026-08-10 19:10:28.327832+00
6503e3a8-1b00-43f2-8b55-c07a05ed252a,LLX-GLE-00367,Milinda Silva,milindas.mech@lankalogix.com,+94 75 962 7013,user,active,8f2b1c74-59d3-4a6e-9b21-7c4e0a5d3f88,db9608cb-8fa1-42bf-b0e6-916f97ed558c,,"{""title"": ""Brake & Tyre Technician""}",2026-08-10 18:38:26.267332+00,2026-08-10 19:10:28.327832+00
57ace99d-32e1-4aae-af41-0861213bfb33,LLX-GLE-00368,Randika Samarasinghe,randikas2.mech@lankalogix.com,+94 78 424 8783,user,active,8f2b1c74-59d3-4a6e-9b21-7c4e0a5d3f88,db9608cb-8fa1-42bf-b0e6-916f97ed558c,,"{""title"": ""Vehicle Technician""}",2026-08-10 18:38:26.575065+00,2026-08-10 19:10:28.327832+00
ed4c1923-4a35-41e6-af73-87d272e16bb9,LLX-GLE-00369,Charith Dissanayake,charithd.mech@lankalogix.com,+94 78 377 4046,user,active,8f2b1c74-59d3-4a6e-9b21-7c4e0a5d3f88,db9608cb-8fa1-42bf-b0e6-916f97ed558c,,"{""title"": ""Senior Technician""}",2026-08-10 18:38:26.805174+00,2026-08-10 19:10:28.327832+00
e99de6d2-f02b-433d-81b3-796785680957,LLX-GLE-00370,Nazeer Farook,nazeerf.mech@lankalogix.com,+94 75 544 3130,user,active,8f2b1c74-59d3-4a6e-9b21-7c4e0a5d3f88,db9608cb-8fa1-42bf-b0e6-916f97ed558c,,"{""title"": ""Workshop Foreman""}",2026-08-10 18:38:27.096787+00,2026-08-10 19:10:28.327832+00
ba03ac29-f294-4a7d-b142-44c46cfe2354,LLX-GLE-00371,Harshani Herath,harshani.mech@lankalogix.com,+94 70 226 7725,user,active,8f2b1c74-59d3-4a6e-9b21-7c4e0a5d3f88,db9608cb-8fa1-42bf-b0e6-916f97ed558c,,"{""title"": ""Vehicle Technician""}",2026-08-10 18:38:27.409247+00,2026-08-10 19:10:28.327832+00
9580e2d6-e004-4873-9ea1-5e63bb707d70,LLX-GLE-00372,Nuwan Wijesinghe,nuwanw.mech@lankalogix.com,+94 74 590 9670,user,active,8f2b1c74-59d3-4a6e-9b21-7c4e0a5d3f88,db9608cb-8fa1-42bf-b0e6-916f97ed558c,,"{""title"": ""Vehicle Technician""}",2026-08-10 18:38:27.636893+00,2026-08-10 19:10:28.327832+00
76f52321-d84d-4f11-979f-a6df1dccfcbd,LLX-GLE-00373,Samanthi Wanigasekara,samanthi.mech@lankalogix.com,+94 72 928 6744,user,active,8f2b1c74-59d3-4a6e-9b21-7c4e0a5d3f88,db9608cb-8fa1-42bf-b0e6-916f97ed558c,,"{""title"": ""Brake & Tyre Technician""}",2026-08-10 18:38:27.862082+00,2026-08-10 19:10:28.327832+00
f7c70716-6d01-4c40-8743-ff7f08973f3a,LLX-GLE-00374,Shantha Pathirana,shanthap.mech@lankalogix.com,+94 75 304 4762,user,active,8f2b1c74-59d3-4a6e-9b21-7c4e0a5d3f88,db9608cb-8fa1-42bf-b0e6-916f97ed558c,,"{""title"": ""Hydraulics Technician""}",2026-08-10 18:38:28.109528+00,2026-08-10 19:10:28.327832+00
bdd93a99-626e-4675-b9a7-acfd49c28c66,LLX-GLE-00375,Rukshana Rahman,rukshana.elec@lankalogix.com,+94 74 837 3492,user,active,8f2b1c74-59d3-4a6e-9b21-7c4e0a5d3f88,d1f29320-d89b-4dfd-bcee-b5ac24c32bb4,,"{""title"": ""Battery Systems Technician""}",2026-08-10 18:38:28.423017+00,2026-08-10 19:10:28.327832+00
1104d968-5037-4023-88d2-b1bb835afe68,LLX-GLE-00376,Malinda Edirisinghe,malinda.elec@lankalogix.com,+94 76 743 6291,user,active,8f2b1c74-59d3-4a6e-9b21-7c4e0a5d3f88,d1f29320-d89b-4dfd-bcee-b5ac24c32bb4,,"{""title"": ""Charging Infrastructure Technician""}",2026-08-10 18:38:28.732509+00,2026-08-10 19:10:28.327832+00
8de2d321-f715-4ebc-b37a-b90f4bef957a,LLX-GLE-00377,Nimal Perera,nimal.elec@lankalogix.com,+94 75 420 8857,user,active,8f2b1c74-59d3-4a6e-9b21-7c4e0a5d3f88,d1f29320-d89b-4dfd-bcee-b5ac24c32bb4,,"{""title"": ""Charging Infrastructure Technician""}",2026-08-10 18:38:29.044671+00,2026-08-10 19:10:28.327832+00
3ad6d85f-8eb2-429d-b6b0-9df328ae585b,LLX-GLE-00378,Lahiru Liyanage,lahiru.elec@lankalogix.com,+94 76 955 9498,user,active,8f2b1c74-59d3-4a6e-9b21-7c4e0a5d3f88,d1f29320-d89b-4dfd-bcee-b5ac24c32bb4,,"{""title"": ""Charging Infrastructure Technician""}",2026-08-10 18:38:29.35184+00,2026-08-10 19:10:28.327832+00
10189291-be15-401e-96a4-9be58799479f,LLX-GLE-00379,Randika Wijesinghe,randika.elec@lankalogix.com,+94 70 499 3252,user,active,8f2b1c74-59d3-4a6e-9b21-7c4e0a5d3f88,d1f29320-d89b-4dfd-bcee-b5ac24c32bb4,,"{""title"": ""Senior Auto Electrician""}",2026-08-10 18:38:29.653102+00,2026-08-10 19:10:28.327832+00
ea3a55a2-e8eb-400a-a3e6-3895bf70675d,LLX-GLE-00380,Harsha Ratnayake,harshar.elec@lankalogix.com,+94 78 862 1413,user,active,8f2b1c74-59d3-4a6e-9b21-7c4e0a5d3f88,d1f29320-d89b-4dfd-bcee-b5ac24c32bb4,,"{""title"": ""Charging Infrastructure Technician""}",2026-08-10 18:38:29.884928+00,2026-08-10 19:10:28.327832+00
d6aec698-ade7-42e5-8a36-3df03605cce0,LLX-GLE-00381,Gayan Silva,gayan.elec@lankalogix.com,+94 71 259 1674,user,active,8f2b1c74-59d3-4a6e-9b21-7c4e0a5d3f88,d1f29320-d89b-4dfd-bcee-b5ac24c32bb4,,"{""title"": ""Senior Auto Electrician""}",2026-08-10 18:38:30.118185+00,2026-08-10 19:10:28.327832+00
785a349f-b3ca-4199-beb9-4e50013f54c8,LLX-GLE-00382,Meenakshi Nadarajah,meenakshi.elec@lankalogix.com,+94 75 890 9370,user,active,8f2b1c74-59d3-4a6e-9b21-7c4e0a5d3f88,d1f29320-d89b-4dfd-bcee-b5ac24c32bb4,,"{""title"": ""Charging Infrastructure Technician""}",2026-08-10 18:38:30.34822+00,2026-08-10 19:10:28.327832+00
bf2345c5-305b-49ba-b06b-ecb5fede548e,LLX-GLE-00383,Janani Illangakoon,janani.elec@lankalogix.com,+94 77 643 7399,user,active,8f2b1c74-59d3-4a6e-9b21-7c4e0a5d3f88,d1f29320-d89b-4dfd-bcee-b5ac24c32bb4,,"{""title"": ""Charging Infrastructure Technician""}",2026-08-10 18:38:30.673968+00,2026-08-10 19:10:28.327832+00
c3bd164c-dac0-42f6-a8bd-f5f7ab7dd58c,LLX-GLE-00384,Selvam Thangarajah,selvam.elec@lankalogix.com,+94 70 777 9329,user,active,8f2b1c74-59d3-4a6e-9b21-7c4e0a5d3f88,d1f29320-d89b-4dfd-bcee-b5ac24c32bb4,,"{""title"": ""Auto Electrician""}",2026-08-10 18:38:30.90659+00,2026-08-10 19:10:28.327832+00
4fb48d89-3d11-4b1c-b34a-fc8824c4d74a,LLX-GLE-00385,Roshan Udawatta,roshan.sft@lankalogix.com,+94 76 139 9922,user,active,8f2b1c74-59d3-4a6e-9b21-7c4e0a5d3f88,079d83ae-2763-4184-bad0-f8b159fb82d5,,"{""title"": ""Systems Support Engineer""}",2026-08-10 18:38:31.150034+00,2026-08-10 19:10:28.327832+00
4608f3d6-5f3d-4b49-8c19-e917a798062c,LLX-GLE-00386,Chandima Vithanage,chandima.sft@lankalogix.com,+94 70 520 7934,user,active,8f2b1c74-59d3-4a6e-9b21-7c4e0a5d3f88,079d83ae-2763-4184-bad0-f8b159fb82d5,,"{""title"": ""Systems Support Engineer""}",2026-08-10 18:38:31.387697+00,2026-08-10 19:10:28.327832+00
17a78c48-dd35-41f3-9ae8-30460de6feb8,LLX-GLE-00387,Farhan Nawaz,farhan.sft@lankalogix.com,+94 74 609 9514,user,active,8f2b1c74-59d3-4a6e-9b21-7c4e0a5d3f88,079d83ae-2763-4184-bad0-f8b159fb82d5,,"{""title"": ""Telematics Engineer""}",2026-08-10 18:38:31.701141+00,2026-08-10 19:10:28.327832+00
f9a5607b-7040-4ba8-95c0-6de3c5367dea,LLX-GLE-00388,Samanthi Wickramasinghe,samanthi.sft@lankalogix.com,+94 71 727 1199,user,active,8f2b1c74-59d3-4a6e-9b21-7c4e0a5d3f88,079d83ae-2763-4184-bad0-f8b159fb82d5,,"{""title"": ""Systems Support Engineer""}",2026-08-10 18:38:31.946867+00,2026-08-10 19:10:28.327832+00
cdd74f33-dff3-4b0f-8378-d2989570b4c6,LLX-GLE-00389,Rangana Weerasinghe,rangana.sft@lankalogix.com,+94 72 872 1963,user,active,8f2b1c74-59d3-4a6e-9b21-7c4e0a5d3f88,079d83ae-2763-4184-bad0-f8b159fb82d5,,"{""title"": ""Data Integration Engineer""}",2026-08-10 18:38:32.406595+00,2026-08-10 19:10:28.327832+00
b2815722-0915-4240-b584-737286e26d69,LLX-GLE-00390,Sathyabama Chandrasekaran,sathyabamac.adm@lankalogix.com,+94 77 585 1884,user,active,8f2b1c74-59d3-4a6e-9b21-7c4e0a5d3f88,ba2903c0-62fd-4a78-baf5-6bd5ddc4c949,,"{""title"": ""Compliance Officer""}",2026-08-10 18:38:32.648255+00,2026-08-10 19:10:28.327832+00
d3858f07-5c96-44f3-94a0-4d9b6150d367,LLX-GLE-00391,Ayesha Ismail,ayesha.adm@lankalogix.com,+94 70 326 2696,user,active,8f2b1c74-59d3-4a6e-9b21-7c4e0a5d3f88,ba2903c0-62fd-4a78-baf5-6bd5ddc4c949,,"{""title"": ""Administrative Officer""}",2026-08-10 18:38:32.874288+00,2026-08-10 19:10:28.327832+00
a400531b-0cfc-43ea-bd4c-4465973f5556,LLX-GLE-00392,Rauf Hameed,rauf.adm@lankalogix.com,+94 76 114 9795,user,active,8f2b1c74-59d3-4a6e-9b21-7c4e0a5d3f88,ba2903c0-62fd-4a78-baf5-6bd5ddc4c949,,"{""title"": ""Scheduling Coordinator""}",2026-08-10 18:38:33.127595+00,2026-08-10 19:10:28.327832+00
079d6634-8d2e-4e16-a132-2a6307cff622,LLX-GLE-00393,Hussain Haniffa,hussain.adm@lankalogix.com,+94 72 327 8541,user,active,8f2b1c74-59d3-4a6e-9b21-7c4e0a5d3f88,ba2903c0-62fd-4a78-baf5-6bd5ddc4c949,,"{""title"": ""Administrative Officer""}",2026-08-10 18:38:33.363706+00,2026-08-10 19:10:28.327832+00
ff66a68b-9b07-4116-b1e4-c327cc4ded9a,LLX-GLE-00394,Harshani Peiris,harshani.adm@lankalogix.com,+94 76 262 8644,user,active,8f2b1c74-59d3-4a6e-9b21-7c4e0a5d3f88,ba2903c0-62fd-4a78-baf5-6bd5ddc4c949,,"{""title"": ""Records Officer""}",2026-08-10 18:38:33.653789+00,2026-08-10 19:10:28.327832+00
