id,ticket_id,old_status,new_status,changed_by,note,created_at
b1ce9de9-077f-473e-8809-0636ed354531,744261ea-85af-47ac-a159-4fcdc179c0b1,,open,dce5acc1-2b48-49b6-9996-408cc390fcf5,Ticket raised from the fleet condition report.,2025-01-12 17:11:00+00
f2bced58-fd0b-42ae-8fdd-7f8ab8cf1f03,744261ea-85af-47ac-a159-4fcdc179c0b1,open,in_progress,1eec88aa-d888-4b75-ab3e-84365df4210c,Assigned and work started.,2025-01-13 06:12:00+00
da9310f6-f101-4aed-8a39-ceb6cb545873,744261ea-85af-47ac-a159-4fcdc179c0b1,in_progress,resolved,1eec88aa-d888-4b75-ab3e-84365df4210c,Work completed and verified.,2025-01-21 05:50:00+00
ca2478e8-fe1e-4428-aa72-c61f9717e7e3,744261ea-85af-47ac-a159-4fcdc179c0b1,resolved,closed,1eec88aa-d888-4b75-ab3e-84365df4210c,Ticket closed.,2025-01-31 12:10:00+00
336b0c34-8d71-490d-b508-51cdd37caf03,78199dec-3129-42ee-90e6-f8f9ce9409d9,,open,0218e2f7-4d2d-4229-b899-199f6afe4c10,Ticket raised from the fleet condition report.,2025-05-25 09:00:00+00
a3de2ac9-ba69-4751-a5e0-382f8d12de78,78199dec-3129-42ee-90e6-f8f9ce9409d9,open,in_progress,43adafee-47fa-4fdd-a233-526bc7ecffb2,Assigned and work started.,2025-05-26 12:50:00+00
ef4fa793-f9a7-40e2-a0a1-df4d091b6850,78199dec-3129-42ee-90e6-f8f9ce9409d9,in_progress,resolved,43adafee-47fa-4fdd-a233-526bc7ecffb2,Work completed and verified.,2025-05-26 11:13:00+00
e50761ca-6132-4c94-be7a-83590552d793,78199dec-3129-42ee-90e6-f8f9ce9409d9,resolved,closed,43adafee-47fa-4fdd-a233-526bc7ecffb2,Ticket closed.,2025-05-31 13:57:00+00
a6d22bad-d697-4bc7-97de-bf55ad7d2901,03d21a9e-b771-4191-a905-3eb73189ba3e,,open,ef6299ea-dce6-47c7-9ad0-1881136969f0,Ticket raised from the fleet condition report.,2025-10-30 10:31:00+00
dbefbf4f-344d-4446-8335-d8767b3e3647,03d21a9e-b771-4191-a905-3eb73189ba3e,open,in_progress,7b2e85f9-7895-4aca-bf50-e37e9a354eb0,Assigned and work started.,2025-10-31 17:30:00+00
899a9452-5524-49fb-9856-ecc510c8493f,03d21a9e-b771-4191-a905-3eb73189ba3e,in_progress,resolved,7b2e85f9-7895-4aca-bf50-e37e9a354eb0,Work completed and verified.,2025-11-21 14:27:00+00
6e1b9de6-0c90-400a-bf37-33fea74a65e7,03d21a9e-b771-4191-a905-3eb73189ba3e,resolved,closed,7b2e85f9-7895-4aca-bf50-e37e9a354eb0,Ticket closed.,2025-11-22 12:11:00+00
64a70e28-5ee6-481b-a35c-a890cda200df,0810d12d-415c-496c-9fee-f381d1968a11,,open,42afaa0f-d084-4462-ace5-550182b66af8,Ticket raised from the fleet condition report.,2025-11-24 08:06:00+00
f8c36014-cc28-489d-b824-13c2f2c94e3b,0810d12d-415c-496c-9fee-f381d1968a11,open,in_progress,51de8298-573f-473b-b907-584ec33f7841,Assigned and work started.,2025-11-25 17:17:00+00
33462367-10b0-4ec1-b920-56639e7fef96,0810d12d-415c-496c-9fee-f381d1968a11,in_progress,resolved,51de8298-573f-473b-b907-584ec33f7841,Work completed and verified.,2025-11-27 15:19:00+00
cca40500-6142-4006-9b3a-c049cec1d323,0810d12d-415c-496c-9fee-f381d1968a11,resolved,closed,51de8298-573f-473b-b907-584ec33f7841,Ticket closed.,2025-12-01 13:48:00+00
4b58c67c-e4f9-4354-a84e-d050a806b3e7,da1cd9c8-291d-4aba-bc69-54387f0808ca,,open,79279b07-707c-4805-8691-f1e9b401bc9f,Ticket raised from the fleet condition report.,2026-04-26 09:14:00+00
d5dd04e2-8b41-4d3c-92d4-3c0c56f9542c,da1cd9c8-291d-4aba-bc69-54387f0808ca,open,in_progress,667f1ef6-99d9-4cff-b551-bc452b65fc89,Assigned and work started.,2026-04-27 07:20:00+00
21a3d944-dd1a-41b4-b6c3-48f091799ea5,da1cd9c8-291d-4aba-bc69-54387f0808ca,in_progress,resolved,667f1ef6-99d9-4cff-b551-bc452b65fc89,Work completed and verified.,2026-04-27 05:33:00+00
94f02820-ab9e-42e0-982e-733bad9a5063,da1cd9c8-291d-4aba-bc69-54387f0808ca,resolved,closed,667f1ef6-99d9-4cff-b551-bc452b65fc89,Ticket closed.,2026-04-30 16:37:00+00
be01eac4-99c3-43c3-b409-fa913a5da6cd,c2590b49-dcf5-412a-9f69-ba2d64dbaa74,,open,bf036d3c-6698-49da-9031-deb5025def97,Ticket raised from the fleet condition report.,2025-08-21 14:47:00+00
aa7ee570-f240-41ff-b3b1-ef92eb125558,c2590b49-dcf5-412a-9f69-ba2d64dbaa74,open,in_progress,d555997d-4f34-4447-8538-e3ac8bc0b2cb,Assigned and work started.,2025-08-22 09:32:00+00
8748b44c-be4a-46ae-b97d-bb33d9051f5e,c2590b49-dcf5-412a-9f69-ba2d64dbaa74,in_progress,resolved,d555997d-4f34-4447-8538-e3ac8bc0b2cb,Work completed and verified.,2025-09-08 06:06:00+00
576d2808-c331-4617-963b-f5ad8dbd7571,c2590b49-dcf5-412a-9f69-ba2d64dbaa74,resolved,closed,d555997d-4f34-4447-8538-e3ac8bc0b2cb,Ticket closed.,2025-09-13 16:11:00+00
01122b14-3223-4dd1-b1d9-ca0d9772d0aa,15b7474a-a892-4aed-83f4-57ec4547f417,,open,5d43b353-f619-4792-b4f1-617a66b1975e,Ticket raised from the fleet condition report.,2025-10-29 15:30:00+00
dc273b33-10b3-48d1-8502-17cc153caf82,15b7474a-a892-4aed-83f4-57ec4547f417,open,in_progress,76acb86d-958a-4ccf-934c-46bed43da641,Assigned and work started.,2025-10-30 11:31:00+00
22e2cc50-ce51-48dd-8d95-f6c4a0fbb2e2,15b7474a-a892-4aed-83f4-57ec4547f417,in_progress,resolved,76acb86d-958a-4ccf-934c-46bed43da641,Work completed and verified.,2025-10-30 13:37:00+00
cb771bda-be0f-43e2-88a5-560c68a25877,bc08add2-6297-44fe-a295-0b5c58d4e76c,,open,e5076445-2fa7-4b27-852a-fed4c2be49d6,Ticket raised from the fleet condition report.,2024-08-14 10:40:00+00
2809fbf3-a244-474d-a821-f28dd5439028,bc08add2-6297-44fe-a295-0b5c58d4e76c,open,in_progress,2ea7ff67-fdd7-4d0b-96cd-8dd768decfdd,Assigned and work started.,2024-08-15 09:16:00+00
e1d20231-5459-4dc5-a24c-7b136e8a777e,bc08add2-6297-44fe-a295-0b5c58d4e76c,in_progress,resolved,2ea7ff67-fdd7-4d0b-96cd-8dd768decfdd,Work completed and verified.,2024-08-24 09:19:00+00
65626869-cc39-4c40-9802-78e3857db1ea,bc08add2-6297-44fe-a295-0b5c58d4e76c,resolved,closed,2ea7ff67-fdd7-4d0b-96cd-8dd768decfdd,Ticket closed.,2024-08-27 16:10:00+00
6be281d0-575f-40d8-b3fe-c8153c3a5ba4,c759863e-3daa-47e0-bcd5-40e6528cfbd2,,open,42754b10-735f-41e7-bdf0-c4ec00356988,Ticket raised from the fleet condition report.,2025-02-25 17:41:00+00
b7a4b65e-9542-4f46-b498-f65ac69c3b81,c759863e-3daa-47e0-bcd5-40e6528cfbd2,open,in_progress,af5f0096-7cc6-4d72-ab69-0a461681aeb5,Assigned and work started.,2025-02-26 15:19:00+00
819f477d-82e4-448f-a180-164a8d287175,c759863e-3daa-47e0-bcd5-40e6528cfbd2,in_progress,resolved,af5f0096-7cc6-4d72-ab69-0a461681aeb5,Work completed and verified.,2025-03-06 07:53:00+00
f20b7fd6-9814-48cd-b963-c1abe53cf86d,c759863e-3daa-47e0-bcd5-40e6528cfbd2,resolved,closed,af5f0096-7cc6-4d72-ab69-0a461681aeb5,Ticket closed.,2025-03-07 12:15:00+00
e274b3f8-240d-4342-ac89-ad26d1bcc172,33332d93-9f50-445c-8467-ed9263de0b55,,open,0218e2f7-4d2d-4229-b899-199f6afe4c10,Ticket raised from the fleet condition report.,2026-08-07 13:28:00+00
b581f715-c899-4388-b8f3-e7b05678d625,3764fae0-fa30-4104-ab08-5f60285d38be,,open,1ef075d1-9960-4ddc-ac3b-0c9bba6ad5ef,Ticket raised from the fleet condition report.,2025-03-14 15:36:00+00
9bc0f763-e810-406b-aae6-4277719bb828,3764fae0-fa30-4104-ab08-5f60285d38be,open,in_progress,15dc60e6-ac87-4e43-940e-f17025d0156f,Assigned and work started.,2025-03-15 10:55:00+00
84bed6c9-5d9e-4252-81cc-1b47857237a0,3764fae0-fa30-4104-ab08-5f60285d38be,in_progress,resolved,15dc60e6-ac87-4e43-940e-f17025d0156f,Work completed and verified.,2025-03-29 10:11:00+00
1351f795-645b-4b68-883d-18c0045bd035,3764fae0-fa30-4104-ab08-5f60285d38be,resolved,closed,15dc60e6-ac87-4e43-940e-f17025d0156f,Ticket closed.,2025-04-02 08:12:00+00
c2acb20c-ced5-48fb-8ff2-95a08daa158a,c7e75304-8840-49c9-a85a-f0435810abfe,,open,fe7a7442-473b-43a5-bcaf-d3b1086bbcf2,Ticket raised from the fleet condition report.,2024-12-20 17:52:00+00
b0190773-d645-487d-926b-15adf2911bd9,c7e75304-8840-49c9-a85a-f0435810abfe,open,in_progress,1ad7ccbc-6809-4f96-83f4-c7636a2a4728,Assigned and work started.,2024-12-21 14:12:00+00
c34de4b3-69e3-4e27-b200-c588bd1245e1,c7e75304-8840-49c9-a85a-f0435810abfe,in_progress,resolved,1ad7ccbc-6809-4f96-83f4-c7636a2a4728,Work completed and verified.,2024-12-22 12:37:00+00
a8b53914-82b9-429b-9c15-fe162ddd4d6c,c7e75304-8840-49c9-a85a-f0435810abfe,resolved,closed,1ad7ccbc-6809-4f96-83f4-c7636a2a4728,Ticket closed.,2024-12-29 09:01:00+00
94ab790f-6850-4991-ba9f-d0a6eb6bdd5e,7fc3e9ee-d80d-448c-bf97-bf203c68eacc,,open,e2199342-06c7-43be-a8c3-07bc1762f57f,Ticket raised from the fleet condition report.,2026-04-17 15:26:00+00
3def3c72-d447-4e35-8320-b1ab730206c1,7fc3e9ee-d80d-448c-bf97-bf203c68eacc,open,in_progress,728c431d-a607-4a38-9b1a-2287ce9979ad,Assigned and work started.,2026-04-18 13:47:00+00
4339eb7f-9229-48e7-91de-16b76ff22973,7fc3e9ee-d80d-448c-bf97-bf203c68eacc,in_progress,resolved,728c431d-a607-4a38-9b1a-2287ce9979ad,Work completed and verified.,2026-04-27 07:23:00+00
ab945450-1054-46e3-98d1-eac010d37afc,0e3f3a2c-7991-4922-b7e8-026a4b5743db,,open,b85ae036-c779-4f62-a02c-5543cd2a0c12,Ticket raised from the fleet condition report.,2024-11-17 10:32:00+00
90e432d0-a901-4909-83a8-1eb7153ae740,0e3f3a2c-7991-4922-b7e8-026a4b5743db,open,in_progress,66fa4ed5-e7e7-4664-8c2a-908778ecba02,Assigned and work started.,2024-11-18 09:56:00+00
b3605c6a-84e7-4744-aee9-f88596ec1f27,0e3f3a2c-7991-4922-b7e8-026a4b5743db,in_progress,resolved,66fa4ed5-e7e7-4664-8c2a-908778ecba02,Work completed and verified.,2024-11-29 14:30:00+00
b4ac6bf6-0f45-44d1-b5de-7fb6d5d62d54,3d1307e6-57ff-4016-9521-9746ccaf886f,,open,80e237e5-ad5b-44f4-9ef1-4434b06cb4a1,Ticket raised from the fleet condition report.,2024-11-13 14:30:00+00
c316a6b9-b460-483e-943c-d40dd4adc43c,3d1307e6-57ff-4016-9521-9746ccaf886f,open,in_progress,c3bd164c-dac0-42f6-a8bd-f5f7ab7dd58c,Assigned and work started.,2024-11-14 13:35:00+00
fe4e0e66-bca6-45e5-b273-240484b5930a,3d1307e6-57ff-4016-9521-9746ccaf886f,in_progress,resolved,c3bd164c-dac0-42f6-a8bd-f5f7ab7dd58c,Work completed and verified.,2024-11-27 14:55:00+00
88634c2e-c36f-47dc-8fca-a988c5a6d26b,64637da1-706a-45fa-9851-b54c634bc944,,open,51d2245a-2b9a-4781-b2ed-ad840a2edae6,Ticket raised from the fleet condition report.,2026-06-11 06:53:00+00
7efb03ea-a1a7-4279-9df1-27d0b815e5b8,64637da1-706a-45fa-9851-b54c634bc944,open,in_progress,389d9ee3-9a0e-4d55-9770-b461e7a536f0,Assigned and work started.,2026-06-12 10:19:00+00
fc7d4903-93a3-4b40-a806-987df28d7dd9,fbf57249-3125-4cdb-a30f-58669d86e68e,,open,2be2ae9d-8544-4980-8087-35c4cd24eda0,Ticket raised from the fleet condition report.,2025-07-16 13:51:00+00
d5aeb0e8-63cf-4176-820b-305c17979093,fbf57249-3125-4cdb-a30f-58669d86e68e,open,in_progress,799f9455-62db-4da1-8b99-9f32da209d65,Assigned and work started.,2025-07-17 06:59:00+00
07445768-071f-4165-82cd-0a42c098e1cd,fbf57249-3125-4cdb-a30f-58669d86e68e,in_progress,resolved,799f9455-62db-4da1-8b99-9f32da209d65,Work completed and verified.,2025-07-24 16:39:00+00
28145a2e-840c-4bbf-a3e8-e4af1eba0855,fbf57249-3125-4cdb-a30f-58669d86e68e,resolved,closed,799f9455-62db-4da1-8b99-9f32da209d65,Ticket closed.,2025-07-29 14:41:00+00
8b76cf63-928c-453a-b325-8d20247388bb,61339787-ca88-44cf-9cbb-1034958d0505,,open,43037462-f8fe-47e3-b0f1-51b3d5c2f94a,Ticket raised from the fleet condition report.,2025-01-27 08:25:00+00
b5724a70-2ceb-4c8c-8a29-55aa1e077f8d,61339787-ca88-44cf-9cbb-1034958d0505,open,in_progress,35b9a8e8-5284-40f5-9348-5f1e994c12f1,Assigned and work started.,2025-01-28 14:16:00+00
08c25f90-6598-4178-acf2-8201af965c4b,61339787-ca88-44cf-9cbb-1034958d0505,in_progress,resolved,35b9a8e8-5284-40f5-9348-5f1e994c12f1,Work completed and verified.,2025-02-02 17:10:00+00
b5fff111-9e14-4b4e-8709-511258b7754a,cab8ac22-2789-4d49-abc9-9132861e2f67,,open,771ce83b-d59b-4a82-854e-55bb2fbf2ff6,Ticket raised from the fleet condition report.,2026-04-16 16:26:00+00
82c51228-496f-490f-85ba-2d20285eb123,cab8ac22-2789-4d49-abc9-9132861e2f67,open,in_progress,6d8966a8-2474-4d35-9fd9-7bb3b648f6fd,Assigned and work started.,2026-04-17 14:36:00+00
5cbd1d1b-8986-4759-93c0-96f4fd42d319,cab8ac22-2789-4d49-abc9-9132861e2f67,in_progress,resolved,6d8966a8-2474-4d35-9fd9-7bb3b648f6fd,Work completed and verified.,2026-04-26 15:50:00+00
3cb27baa-600e-4a2f-861e-a4bb4ca0a1f8,cab8ac22-2789-4d49-abc9-9132861e2f67,resolved,closed,6d8966a8-2474-4d35-9fd9-7bb3b648f6fd,Ticket closed.,2026-04-28 05:56:00+00
1f441ce4-eb7d-474b-9e2d-79e5454cc316,55a73f9b-5018-4ed7-a6cb-8126e3f12834,,open,aa6bd398-1c0b-46fc-95da-2ff75ff4c584,Ticket raised from the fleet condition report.,2025-12-25 09:53:00+00
4cc3d560-fdc2-4f2b-9950-26df2050b799,55a73f9b-5018-4ed7-a6cb-8126e3f12834,open,in_progress,6503e3a8-1b00-43f2-8b55-c07a05ed252a,Assigned and work started.,2025-12-26 17:04:00+00
640e3a39-3514-442a-8829-b454e4ffce2a,55a73f9b-5018-4ed7-a6cb-8126e3f12834,in_progress,resolved,6503e3a8-1b00-43f2-8b55-c07a05ed252a,Work completed and verified.,2026-01-15 13:47:00+00
0cc0f294-91fd-4791-bab4-d670a423d6da,1ff6b36a-e5e2-42fe-bbaf-e89b1066f423,,open,15cd63cb-e067-4cb2-84d1-2cb813162e1a,Ticket raised from the fleet condition report.,2026-05-19 17:05:00+00
ede53c25-3725-45b3-b597-406f14d3b8a9,1ff6b36a-e5e2-42fe-bbaf-e89b1066f423,open,in_progress,507c7fa4-15cb-4173-8c93-4d5d44ecf015,Assigned and work started.,2026-05-20 17:41:00+00
f1cb94af-2165-4361-ad78-22c538a0db91,1ff6b36a-e5e2-42fe-bbaf-e89b1066f423,in_progress,resolved,507c7fa4-15cb-4173-8c93-4d5d44ecf015,Work completed and verified.,2026-05-25 13:34:00+00
d7246b9f-1721-49ee-92f8-ce56a0acdd39,1ff6b36a-e5e2-42fe-bbaf-e89b1066f423,resolved,closed,507c7fa4-15cb-4173-8c93-4d5d44ecf015,Ticket closed.,2026-05-26 09:38:00+00
3639982d-d8f3-408e-a370-f9aff3e87d57,1c7a85c3-753b-4258-9ce9-9a43f319d654,,open,c9d9cd57-6074-4c5b-87b0-f093e04db48b,Ticket raised from the fleet condition report.,2024-10-12 05:01:00+00
00228768-0a79-49d5-8f9b-a895e66d4e6d,1c7a85c3-753b-4258-9ce9-9a43f319d654,open,in_progress,76f52321-d84d-4f11-979f-a6df1dccfcbd,Assigned and work started.,2024-10-13 11:20:00+00
a814ef5d-cb55-49fa-b1cf-3d44c7d922de,1c7a85c3-753b-4258-9ce9-9a43f319d654,in_progress,resolved,76f52321-d84d-4f11-979f-a6df1dccfcbd,Work completed and verified.,2024-10-20 15:17:00+00
f57b33eb-b694-4bf1-bbed-8dd2a783a4d5,1c7a85c3-753b-4258-9ce9-9a43f319d654,resolved,closed,76f52321-d84d-4f11-979f-a6df1dccfcbd,Ticket closed.,2024-10-22 14:55:00+00
8b842d48-2cc1-4aa5-bdde-971838b7e6ce,78e69df8-9c7e-4a0a-8b23-210ba04fbda0,,open,bfc3fec8-4cfe-4cb9-82aa-42f8d73b730f,Ticket raised from the fleet condition report.,2026-07-28 07:31:00+00
06b3727c-1b16-43e7-9262-26d9209b9195,78e69df8-9c7e-4a0a-8b23-210ba04fbda0,open,in_progress,43adafee-47fa-4fdd-a233-526bc7ecffb2,Assigned and work started.,2026-07-29 14:11:00+00
7d4b2659-d85b-441d-ae7c-c5fee56295c6,78e69df8-9c7e-4a0a-8b23-210ba04fbda0,in_progress,resolved,43adafee-47fa-4fdd-a233-526bc7ecffb2,Work completed and verified.,2026-07-29 09:22:00+00
5b1e558a-4d10-4419-ad23-7e655043f1c5,756067e1-b389-490d-8cee-2739806e2fad,,open,b305a28f-a411-438d-afc9-d11992e49c01,Ticket raised from the fleet condition report.,2025-05-27 15:55:00+00
86351739-e316-4bf0-b34a-b458c5c5032b,756067e1-b389-490d-8cee-2739806e2fad,open,in_progress,c3bd164c-dac0-42f6-a8bd-f5f7ab7dd58c,Assigned and work started.,2025-05-28 10:17:00+00
38b6b0f9-e63a-415d-a4dd-6ee664384d6d,756067e1-b389-490d-8cee-2739806e2fad,in_progress,resolved,c3bd164c-dac0-42f6-a8bd-f5f7ab7dd58c,Work completed and verified.,2025-06-13 16:08:00+00
818addb7-69ad-4895-9d3b-ebc9eb320892,756067e1-b389-490d-8cee-2739806e2fad,resolved,closed,c3bd164c-dac0-42f6-a8bd-f5f7ab7dd58c,Ticket closed.,2025-06-20 15:30:00+00
6f24e501-8f0d-436d-81ee-3cfe2a8fa6db,9655161d-5fb2-49bf-9821-cfc9f0689bc6,,open,94c64335-4962-40b1-96fd-53632f8d49a3,Ticket raised from the fleet condition report.,2026-06-23 12:20:00+00
7928585a-9410-4f53-8533-c4f1d25bfa23,9655161d-5fb2-49bf-9821-cfc9f0689bc6,open,in_progress,667f1ef6-99d9-4cff-b551-bc452b65fc89,Assigned and work started.,2026-06-24 05:04:00+00
ad7a0241-ca08-4e11-a28c-b574d7789457,9655161d-5fb2-49bf-9821-cfc9f0689bc6,in_progress,resolved,667f1ef6-99d9-4cff-b551-bc452b65fc89,Work completed and verified.,2026-07-09 16:16:00+00
594c7210-40fb-4810-89f6-0f1a0b2f8a6c,9655161d-5fb2-49bf-9821-cfc9f0689bc6,resolved,closed,667f1ef6-99d9-4cff-b551-bc452b65fc89,Ticket closed.,2026-07-17 17:15:00+00
9ce78458-a262-4fa2-9c39-09bef7ab8d12,7d3ae6e2-715e-4030-9449-3f5fa004623d,,open,9227e7bd-457d-482d-b1f4-cbec55d20b07,Ticket raised from the fleet condition report.,2025-05-10 06:56:00+00
2c27793a-634e-45c8-92ef-918dc09d351b,7d3ae6e2-715e-4030-9449-3f5fa004623d,open,in_progress,ac56c0dc-f5dc-458e-ad2c-545b392395a3,Assigned and work started.,2025-05-11 05:49:00+00
770aab57-2779-4b3d-9250-51f745018d5c,7d3ae6e2-715e-4030-9449-3f5fa004623d,in_progress,resolved,ac56c0dc-f5dc-458e-ad2c-545b392395a3,Work completed and verified.,2025-05-14 16:16:00+00
0da6f11e-7347-4f2d-888a-8e17e0de2793,7d3ae6e2-715e-4030-9449-3f5fa004623d,resolved,closed,ac56c0dc-f5dc-458e-ad2c-545b392395a3,Ticket closed.,2025-05-21 06:45:00+00
90a0cff6-2a51-4f7e-aab0-383621f3b317,8017e136-c589-4443-b466-777387fa804f,,open,a1b85244-a022-490b-8170-5794c882d878,Ticket raised from the fleet condition report.,2026-03-13 09:51:00+00
59f4bb0a-de2b-492a-acc4-68228e1211e0,8017e136-c589-4443-b466-777387fa804f,open,in_progress,95bebbd4-1cfc-4de5-93a8-7a5467a0616c,Assigned and work started.,2026-03-14 15:46:00+00
ed9da413-a896-4e90-89f7-e95db8f98017,8017e136-c589-4443-b466-777387fa804f,in_progress,resolved,95bebbd4-1cfc-4de5-93a8-7a5467a0616c,Work completed and verified.,2026-03-27 17:34:00+00
8aa84dd4-0518-462b-ae31-8aa264bb155d,8017e136-c589-4443-b466-777387fa804f,resolved,closed,95bebbd4-1cfc-4de5-93a8-7a5467a0616c,Ticket closed.,2026-04-01 08:16:00+00
ec54cbae-7b37-4eda-b90c-62aae792783d,00cd5a84-8c05-476b-b344-90685e7060bc,,open,63acf5e4-2423-4f45-ae56-6a9aa6546c48,Ticket raised from the fleet condition report.,2026-03-30 09:51:00+00
98f8d28e-7be8-4fec-919a-1b1a32924748,00cd5a84-8c05-476b-b344-90685e7060bc,open,in_progress,a817e3da-c239-49df-b5b4-e605451fa66c,Assigned and work started.,2026-03-31 06:22:00+00
30847a83-c1d2-4a99-97c0-e6ff36539624,00cd5a84-8c05-476b-b344-90685e7060bc,in_progress,resolved,a817e3da-c239-49df-b5b4-e605451fa66c,Work completed and verified.,2026-04-12 10:44:00+00
6584d40e-5d7d-4ca7-b605-93892a53c1e2,00cd5a84-8c05-476b-b344-90685e7060bc,resolved,closed,a817e3da-c239-49df-b5b4-e605451fa66c,Ticket closed.,2026-04-14 05:51:00+00
7d4f36cc-27d1-4a8d-8b96-79318fb82f6b,5dbf90b5-2e81-4b9d-8816-6c9f48a40053,,open,4a6d004d-dedd-4af0-a5f2-74c1780e2f7a,Ticket raised from the fleet condition report.,2024-11-14 13:31:00+00
c5b98d69-4551-4202-a450-93dd10f9783a,5dbf90b5-2e81-4b9d-8816-6c9f48a40053,open,in_progress,2ea7ff67-fdd7-4d0b-96cd-8dd768decfdd,Assigned and work started.,2024-11-15 12:54:00+00
53aea823-346c-4a11-8b10-e073a9dc1ac1,5dbf90b5-2e81-4b9d-8816-6c9f48a40053,in_progress,resolved,2ea7ff67-fdd7-4d0b-96cd-8dd768decfdd,Work completed and verified.,2024-12-05 14:10:00+00
b2e05b7b-7775-47fe-b5d7-59de4c83d632,5dbf90b5-2e81-4b9d-8816-6c9f48a40053,resolved,closed,2ea7ff67-fdd7-4d0b-96cd-8dd768decfdd,Ticket closed.,2024-12-08 07:00:00+00
380c73f4-adb0-427e-8baa-62a4d1663fec,702ae7a2-bef8-4bba-b9e8-747756b31f35,,open,6f638e31-3dce-444b-bbc1-3694a9871bde,Ticket raised from the fleet condition report.,2025-02-27 07:47:00+00
ae4f2c47-47b9-4bae-a085-49fafe44630f,702ae7a2-bef8-4bba-b9e8-747756b31f35,open,in_progress,0b830550-4175-4716-9d78-9b2d69d25855,Assigned and work started.,2025-02-28 14:16:00+00
34288c9e-6aaf-4781-ae6e-efec8e6fc282,702ae7a2-bef8-4bba-b9e8-747756b31f35,in_progress,resolved,0b830550-4175-4716-9d78-9b2d69d25855,Work completed and verified.,2025-03-08 14:29:00+00
7ce662ff-455e-4b25-910a-c0a9d083343a,702ae7a2-bef8-4bba-b9e8-747756b31f35,resolved,closed,0b830550-4175-4716-9d78-9b2d69d25855,Ticket closed.,2025-03-17 09:37:00+00
c93bc46c-0280-4564-92d2-31d71793fc89,5b6f91f0-356d-47a5-bff8-2aff5816e09e,,open,8f92bdec-59f7-49b0-8fa2-c9e05b14747f,Ticket raised from the fleet condition report.,2026-07-22 17:19:00+00
92f3ea11-bbdf-45ca-8c02-db76a8a672c1,5b6f91f0-356d-47a5-bff8-2aff5816e09e,open,in_progress,022e5872-55c1-40d7-b067-cc60fae673de,Assigned and work started.,2026-07-23 14:31:00+00
7f3366f0-bec8-4f1b-9baf-ae3216fc6c03,b01df64e-351e-4f60-a286-7c719afe46bf,,open,7da9bd19-50e9-4311-9de5-a85a106ef20f,Ticket raised from the fleet condition report.,2025-02-11 06:06:00+00
69f5c1aa-54b3-452f-8034-3a68ac3bc3c6,b01df64e-351e-4f60-a286-7c719afe46bf,open,in_progress,d6aec698-ade7-42e5-8a36-3df03605cce0,Assigned and work started.,2025-02-12 13:54:00+00
4440203a-3e8a-4b19-8c38-95e1311cc1a6,b01df64e-351e-4f60-a286-7c719afe46bf,in_progress,resolved,d6aec698-ade7-42e5-8a36-3df03605cce0,Work completed and verified.,2025-03-05 07:30:00+00
36442fc4-3ba6-4c6a-b5be-b7a67f9a4ca8,b01df64e-351e-4f60-a286-7c719afe46bf,resolved,closed,d6aec698-ade7-42e5-8a36-3df03605cce0,Ticket closed.,2025-03-07 07:34:00+00
6702ff58-ce53-4064-94ca-bfe4a0aefaf8,87022491-a68c-4e36-ae5f-f9a273a9790d,,open,20ab5d3f-f2ca-4af4-b3c1-43fbcfad7b62,Ticket raised from the fleet condition report.,2026-01-14 17:22:00+00
ca1cc470-db41-436b-bdd1-8b2920182443,89cbf5e5-e739-4e35-9c33-3fcd5a6c2608,,open,bfc3fec8-4cfe-4cb9-82aa-42f8d73b730f,Ticket raised from the fleet condition report.,2025-02-10 09:10:00+00
454ae8b1-1682-487d-8bc9-aaee4efdc422,89cbf5e5-e739-4e35-9c33-3fcd5a6c2608,open,in_progress,ada9bd16-4c53-416f-9094-adaac3690544,Assigned and work started.,2025-02-11 06:50:00+00
29d412da-40f6-4222-9d4a-6966fcb6b23c,89cbf5e5-e739-4e35-9c33-3fcd5a6c2608,in_progress,resolved,ada9bd16-4c53-416f-9094-adaac3690544,Work completed and verified.,2025-03-01 05:12:00+00
df47a4ba-9aa2-433e-9069-973bbfbd7501,89cbf5e5-e739-4e35-9c33-3fcd5a6c2608,resolved,closed,ada9bd16-4c53-416f-9094-adaac3690544,Ticket closed.,2025-03-02 10:51:00+00
6258728f-c17c-449d-97cd-ba6be0575551,038fdc3d-1b47-47c5-b51d-a55d4839ea5c,,open,2b2dd463-c79c-4e5e-9b4c-4bf76d30b8fa,Ticket raised from the fleet condition report.,2026-06-27 11:34:00+00
12dae4b8-5550-4e15-9e55-4075c42bb86f,038fdc3d-1b47-47c5-b51d-a55d4839ea5c,open,in_progress,65a5b696-653b-4c78-8e17-17f954b7992b,Assigned and work started.,2026-06-28 06:24:00+00
4dd94f5f-eae1-49e3-9ec6-38da7338a758,c45cf891-2a79-4356-b7ba-9facc5dbe682,,open,53729164-22f4-4aa2-a9ce-1b992ed4e050,Ticket raised from the fleet condition report.,2025-05-21 13:43:00+00
65f60356-7a9e-4db0-9bbf-3f2f53ca7aab,c45cf891-2a79-4356-b7ba-9facc5dbe682,open,in_progress,9a38f54e-0c39-48c6-9c31-f8bc268a9f2a,Assigned and work started.,2025-05-22 08:01:00+00
52297d51-8bb3-40fd-84ff-09b73f52a8bf,c45cf891-2a79-4356-b7ba-9facc5dbe682,in_progress,resolved,9a38f54e-0c39-48c6-9c31-f8bc268a9f2a,Work completed and verified.,2025-05-30 07:19:00+00
834af4ee-1534-4301-9e97-6c20a3356196,c45cf891-2a79-4356-b7ba-9facc5dbe682,resolved,closed,9a38f54e-0c39-48c6-9c31-f8bc268a9f2a,Ticket closed.,2025-06-06 10:20:00+00
07b480eb-3275-4e37-a568-4b60758e8dfc,07595bc5-c17d-4dfc-8db7-6ed985899156,,open,5d6249cd-46c6-48ee-aeb6-2a71b47c0468,Ticket raised from the fleet condition report.,2024-11-20 11:19:00+00
53ca53e7-feb5-416c-b1a0-e9d36798a419,07595bc5-c17d-4dfc-8db7-6ed985899156,open,in_progress,7b2e85f9-7895-4aca-bf50-e37e9a354eb0,Assigned and work started.,2024-11-21 14:34:00+00
d487f191-d494-433d-943b-9d0c25cd4965,07595bc5-c17d-4dfc-8db7-6ed985899156,in_progress,resolved,7b2e85f9-7895-4aca-bf50-e37e9a354eb0,Work completed and verified.,2024-12-14 14:58:00+00
0f50d870-e9ac-42d5-8fd2-f0d35355e08c,07595bc5-c17d-4dfc-8db7-6ed985899156,resolved,closed,7b2e85f9-7895-4aca-bf50-e37e9a354eb0,Ticket closed.,2024-12-16 06:44:00+00
254f93b1-6ebd-4d88-8885-2c368c5f85af,630ebf64-b7ec-4100-8b1f-97213cefe2c4,,open,395c47cc-fcf0-4dba-a308-985c549bc54c,Ticket raised from the fleet condition report.,2025-10-24 06:38:00+00
59861d4a-f335-4282-8795-82aa8a431cee,630ebf64-b7ec-4100-8b1f-97213cefe2c4,open,in_progress,3c24c592-daf5-4ac0-b10b-6b0035f0c7d3,Assigned and work started.,2025-10-25 09:56:00+00
fc3bc685-e288-4481-9c67-3916c0176393,630ebf64-b7ec-4100-8b1f-97213cefe2c4,in_progress,resolved,3c24c592-daf5-4ac0-b10b-6b0035f0c7d3,Work completed and verified.,2025-10-30 08:24:00+00
6456ec78-86fb-4ab1-afac-37b9c2ecbe56,3f0db272-c61f-406e-a7bd-f6c7dbe9debf,,open,397e1e00-170b-4c0a-a77a-5f5cc3c7646c,Ticket raised from the fleet condition report.,2026-06-26 17:37:00+00
6d66d782-629f-40e9-bce0-844b148cdae8,3f0db272-c61f-406e-a7bd-f6c7dbe9debf,open,in_progress,40f69c6c-3cd3-4344-b1f4-7617f7b12fa5,Assigned and work started.,2026-06-27 14:48:00+00
0332126c-575f-47f7-826c-60d9d41abbec,3f0db272-c61f-406e-a7bd-f6c7dbe9debf,in_progress,resolved,40f69c6c-3cd3-4344-b1f4-7617f7b12fa5,Work completed and verified.,2026-07-18 06:42:00+00
5a85a849-1bdf-4133-8944-457724ea26d8,80be2df2-b8c2-4e10-980a-b7fd21ff1ab5,,open,741f34c2-9570-4d2f-9d70-f485e5c1f96f,Ticket raised from the fleet condition report.,2024-11-21 10:12:00+00
3d5da5fc-6120-4e98-81c8-336b0239e4f8,80be2df2-b8c2-4e10-980a-b7fd21ff1ab5,open,in_progress,65a4c575-56f0-49d7-9887-9a08358fb73c,Assigned and work started.,2024-11-22 17:57:00+00
48e36dc6-ca6a-4010-8fec-9817b422ef99,80be2df2-b8c2-4e10-980a-b7fd21ff1ab5,in_progress,resolved,65a4c575-56f0-49d7-9887-9a08358fb73c,Work completed and verified.,2024-12-11 11:43:00+00
88f15598-270d-46dd-bd1e-1389f3c113ee,80be2df2-b8c2-4e10-980a-b7fd21ff1ab5,resolved,closed,65a4c575-56f0-49d7-9887-9a08358fb73c,Ticket closed.,2024-12-15 13:22:00+00
fc1675d9-3f96-4899-a1c8-7d82026188b6,bc9c8dc5-2621-47ec-9646-c8e7355ec325,,open,05b3337f-c7c9-4421-9caf-775f4f608439,Ticket raised from the fleet condition report.,2024-09-14 14:29:00+00
15b36a48-4ec6-43c5-982f-011a2ee8b52c,bc9c8dc5-2621-47ec-9646-c8e7355ec325,open,in_progress,65a4c575-56f0-49d7-9887-9a08358fb73c,Assigned and work started.,2024-09-15 13:11:00+00
f6bfd0e7-1b43-48b2-afc6-9c6bdf1a37ad,bc9c8dc5-2621-47ec-9646-c8e7355ec325,in_progress,resolved,65a4c575-56f0-49d7-9887-9a08358fb73c,Work completed and verified.,2024-10-09 12:32:00+00
4f63b60d-a3cd-4649-9bf2-079e0f82d281,9c714322-deff-478d-98cb-666d4f4e9994,,open,a367378f-0627-4a69-9fcd-33330bb4fe2c,Ticket raised from the fleet condition report.,2025-03-18 07:47:00+00
1bf1fd47-b9d0-4492-9219-7b3d752fd760,ca429c4a-9830-4533-9c0c-de5b693ac74f,,open,d0b486c5-2d98-4a1b-a9bb-bbbbf445d633,Ticket raised from the fleet condition report.,2025-03-17 11:30:00+00
58e2268a-5ea1-437c-9e9a-0c9bdc980c9f,ca429c4a-9830-4533-9c0c-de5b693ac74f,open,in_progress,2fb7dab3-e151-490f-9c20-9b329d4fba20,Assigned and work started.,2025-03-18 14:54:00+00
4668f0a2-ae58-43c0-8b32-8fd8bbb49f76,ca429c4a-9830-4533-9c0c-de5b693ac74f,in_progress,resolved,2fb7dab3-e151-490f-9c20-9b329d4fba20,Work completed and verified.,2025-03-19 08:21:00+00
a496214e-e02b-4b0b-bb2a-17cf1dda7f50,aebd5d6f-bc66-4f6f-a7ba-f2104e3b757e,,open,ff962ec5-661c-4004-8c3a-c65fcefaf218,Ticket raised from the fleet condition report.,2026-04-15 12:04:00+00
8fbd6e65-1fd6-46d1-9443-858b1aa84485,aebd5d6f-bc66-4f6f-a7ba-f2104e3b757e,open,in_progress,f9a5607b-7040-4ba8-95c0-6de3c5367dea,Assigned and work started.,2026-04-16 07:26:00+00
aa222ce5-80ab-4aea-b6f5-3563bcbcd39d,aebd5d6f-bc66-4f6f-a7ba-f2104e3b757e,in_progress,resolved,f9a5607b-7040-4ba8-95c0-6de3c5367dea,Work completed and verified.,2026-04-25 08:14:00+00
cd9df679-cee9-4157-b47b-44df03b76e60,aebd5d6f-bc66-4f6f-a7ba-f2104e3b757e,resolved,closed,f9a5607b-7040-4ba8-95c0-6de3c5367dea,Ticket closed.,2026-05-05 11:50:00+00
13ff809e-86b0-49f7-b487-77f35ca973eb,fa47bd65-4f82-4507-bad4-55b80da31df3,,open,d8f399ad-71ac-433b-9603-54c2ebce9462,Ticket raised from the fleet condition report.,2025-02-24 14:22:00+00
d27762d7-a9ee-4b33-80de-3893e0057fce,fa47bd65-4f82-4507-bad4-55b80da31df3,open,in_progress,8c96a864-951e-4d0a-9715-532a84a4bc30,Assigned and work started.,2025-02-25 10:36:00+00
a52855bf-2af9-4c0c-ab8b-c2c437a3b181,fa47bd65-4f82-4507-bad4-55b80da31df3,in_progress,resolved,8c96a864-951e-4d0a-9715-532a84a4bc30,Work completed and verified.,2025-02-25 09:13:00+00
34d414c3-d68a-433c-b2d1-cecc9b0e1d2d,fa47bd65-4f82-4507-bad4-55b80da31df3,resolved,closed,8c96a864-951e-4d0a-9715-532a84a4bc30,Ticket closed.,2025-03-04 10:25:00+00
80271196-a6cd-4b47-8b90-bad3f69fe89a,57444c73-272b-4ae9-9337-30bba44fcf22,,open,545309cb-bfd9-4596-abb4-4461e08e7f5c,Ticket raised from the fleet condition report.,2026-02-23 12:53:00+00
a07be9b6-4ccd-405a-8db5-d74780ae71fd,57444c73-272b-4ae9-9337-30bba44fcf22,open,in_progress,c9371eef-cb2f-45af-926f-13217cb6a7ad,Assigned and work started.,2026-02-24 10:09:00+00
6d231eec-6fb6-4fb1-ab6f-e916cc50e9ac,57444c73-272b-4ae9-9337-30bba44fcf22,in_progress,resolved,c9371eef-cb2f-45af-926f-13217cb6a7ad,Work completed and verified.,2026-03-19 06:44:00+00
45c5ac87-16d8-4fa7-899a-79614296afee,57444c73-272b-4ae9-9337-30bba44fcf22,resolved,closed,c9371eef-cb2f-45af-926f-13217cb6a7ad,Ticket closed.,2026-03-20 08:21:00+00
2a5c10d9-8ae3-4cab-a108-2dc97e0b6158,3e69e614-680b-424a-9072-ab644fdcbb0f,,open,f5eff06f-b9fc-4abc-8456-308da70d2462,Ticket raised from the fleet condition report.,2025-04-12 08:59:00+00
42b8d0bb-2e78-46b0-837a-ac5a44304a57,3e69e614-680b-424a-9072-ab644fdcbb0f,open,in_progress,f02fa13f-bb55-414d-bf8b-7341877ef160,Assigned and work started.,2025-04-13 07:10:00+00
f85d7a64-f9a4-409a-b4dc-21fd67bc4cee,3e69e614-680b-424a-9072-ab644fdcbb0f,in_progress,resolved,f02fa13f-bb55-414d-bf8b-7341877ef160,Work completed and verified.,2025-05-03 07:58:00+00
3c3c30b6-1f23-4fbd-bee8-e0ddebb1619f,3e69e614-680b-424a-9072-ab644fdcbb0f,resolved,closed,f02fa13f-bb55-414d-bf8b-7341877ef160,Ticket closed.,2025-05-08 13:58:00+00
9e86e4a5-7576-4498-9ba3-14d1d89ce37d,8fa00818-7c0d-4aeb-bec0-a742572f036c,,open,fb6db374-5499-4fab-a5e5-5f201832e9d3,Ticket raised from the fleet condition report.,2024-11-11 10:18:00+00
cf2cbe90-4540-4f54-8229-5066f9095f7e,8fa00818-7c0d-4aeb-bec0-a742572f036c,open,in_progress,9f45c98b-3562-45af-8cb4-fee17952ecd9,Assigned and work started.,2024-11-12 08:03:00+00
fa33d0de-7310-4497-82af-a128006b76ae,8fa00818-7c0d-4aeb-bec0-a742572f036c,in_progress,resolved,9f45c98b-3562-45af-8cb4-fee17952ecd9,Work completed and verified.,2024-11-17 13:16:00+00
26fff6cd-9d07-4d18-bec9-c28ba3456a43,8fa00818-7c0d-4aeb-bec0-a742572f036c,resolved,closed,9f45c98b-3562-45af-8cb4-fee17952ecd9,Ticket closed.,2024-11-21 17:02:00+00
52b5ff14-164e-4a80-af42-6ab7707a8ae0,d742c815-bbab-4ef5-9f98-a1cc88daf413,,open,01061d47-010c-4da5-8f19-76029bb2fb00,Ticket raised from the fleet condition report.,2025-10-28 11:23:00+00
b64a6010-45c3-4e66-bdcf-c3b99736a1c1,d742c815-bbab-4ef5-9f98-a1cc88daf413,open,in_progress,3ed87f3f-9d1e-409e-af21-14fee9e9bc14,Assigned and work started.,2025-10-29 09:09:00+00
890a1cf2-f95e-4757-b250-39491aa384be,d742c815-bbab-4ef5-9f98-a1cc88daf413,in_progress,resolved,3ed87f3f-9d1e-409e-af21-14fee9e9bc14,Work completed and verified.,2025-11-21 11:54:00+00
e2ad6396-a8ed-45a6-a78f-fdd9038d5a3a,d742c815-bbab-4ef5-9f98-a1cc88daf413,resolved,closed,3ed87f3f-9d1e-409e-af21-14fee9e9bc14,Ticket closed.,2025-11-28 07:50:00+00
9148844c-0835-47f6-9ba1-d04bd3875f82,5249f114-bf16-4032-a1c2-8d6c40ec1978,,open,73695667-456a-4647-a906-c5b0637e2854,Ticket raised from the fleet condition report.,2025-07-17 17:15:00+00
de372d4b-4cf6-40c3-af4a-0332bdafcdc8,5249f114-bf16-4032-a1c2-8d6c40ec1978,open,in_progress,e3558ee6-f358-4467-ac51-00c0aa187644,Assigned and work started.,2025-07-18 15:31:00+00
7a3f2d68-bf20-423e-a38a-4bf9fa6f5763,5249f114-bf16-4032-a1c2-8d6c40ec1978,in_progress,resolved,e3558ee6-f358-4467-ac51-00c0aa187644,Work completed and verified.,2025-08-08 09:03:00+00
51f0f97a-c95e-4939-be00-a01e2deaa82c,5249f114-bf16-4032-a1c2-8d6c40ec1978,resolved,closed,e3558ee6-f358-4467-ac51-00c0aa187644,Ticket closed.,2025-08-17 13:29:00+00
16a0f6b0-01b2-4a06-a533-b26c39a55fdd,db52019f-6f09-4bfc-80f8-c87207709102,,open,93809008-69ce-4c7c-b7b7-24e7be0bf39d,Ticket raised from the fleet condition report.,2025-12-29 14:42:00+00
bc6e9978-c47c-4fd5-ae47-c0168c83b3a2,db52019f-6f09-4bfc-80f8-c87207709102,open,in_progress,6d8966a8-2474-4d35-9fd9-7bb3b648f6fd,Assigned and work started.,2025-12-30 10:31:00+00
62733918-c2c7-402e-ab8f-cd7f9e60bbd1,db52019f-6f09-4bfc-80f8-c87207709102,in_progress,resolved,6d8966a8-2474-4d35-9fd9-7bb3b648f6fd,Work completed and verified.,2026-01-19 16:34:00+00
2328e05a-b9a2-42d0-a701-51bfb652eb51,db52019f-6f09-4bfc-80f8-c87207709102,resolved,closed,6d8966a8-2474-4d35-9fd9-7bb3b648f6fd,Ticket closed.,2026-01-27 13:21:00+00
a3c99ca3-66ff-4c72-a3e5-5bae3dd3854c,f48c662a-ce1c-491a-997d-73bea2a89c92,,open,42afaa0f-d084-4462-ace5-550182b66af8,Ticket raised from the fleet condition report.,2026-01-14 14:59:00+00
097919c7-864e-4a22-9ca8-0756a84bb42d,f48c662a-ce1c-491a-997d-73bea2a89c92,open,in_progress,78be5d8f-6cca-4d7e-bfe7-2b68fc8c6341,Assigned and work started.,2026-01-15 13:13:00+00
e27b3a94-a1f6-4bec-addf-4a3fd82a63ac,f48c662a-ce1c-491a-997d-73bea2a89c92,in_progress,resolved,78be5d8f-6cca-4d7e-bfe7-2b68fc8c6341,Work completed and verified.,2026-01-31 05:21:00+00
d77365f1-5510-43a5-8b2e-5c6ff71b8174,f48c662a-ce1c-491a-997d-73bea2a89c92,resolved,closed,78be5d8f-6cca-4d7e-bfe7-2b68fc8c6341,Ticket closed.,2026-02-10 13:26:00+00
f1dd7d2a-625d-4e01-9bfe-26276e4f71cb,fdc56b2e-5c97-42e0-bd87-2566ade71483,,open,2e86516c-c292-41da-b03d-25fe05969cf1,Ticket raised from the fleet condition report.,2026-06-30 12:32:00+00
d6ac5d42-dff2-4c3c-8d08-3e12f06d8abf,fdc56b2e-5c97-42e0-bd87-2566ade71483,open,in_progress,ba03ac29-f294-4a7d-b142-44c46cfe2354,Assigned and work started.,2026-07-01 14:31:00+00
4957f439-96d3-4fa2-8313-eca74c0f8dc4,899818cf-c521-4610-960a-d26b9e8dfca7,,open,1f244e06-5a87-45ce-934d-263326f32549,Ticket raised from the fleet condition report.,2026-06-13 15:54:00+00
8af43475-6fd9-499c-b703-48b5f62cc7a0,899818cf-c521-4610-960a-d26b9e8dfca7,open,in_progress,7b2e85f9-7895-4aca-bf50-e37e9a354eb0,Assigned and work started.,2026-06-14 08:30:00+00
c56b9f16-652f-451c-ba66-2d055a7f8aa8,899818cf-c521-4610-960a-d26b9e8dfca7,in_progress,resolved,7b2e85f9-7895-4aca-bf50-e37e9a354eb0,Work completed and verified.,2026-06-26 05:35:00+00
85d7e063-b155-4d98-aa6c-1be5376612e1,9193ad3b-c64a-440f-b866-0caafac60b46,,open,ce97eae8-36da-4b55-9866-1818be74fe8c,Ticket raised from the fleet condition report.,2025-09-26 05:43:00+00
af50c4cb-48b1-42c1-b0f1-f729ac3105b3,9193ad3b-c64a-440f-b866-0caafac60b46,open,in_progress,ba03ac29-f294-4a7d-b142-44c46cfe2354,Assigned and work started.,2025-09-27 06:59:00+00
c6c24e9e-5b48-4c7b-ac9b-72091e54c7f2,9193ad3b-c64a-440f-b866-0caafac60b46,in_progress,resolved,ba03ac29-f294-4a7d-b142-44c46cfe2354,Work completed and verified.,2025-10-04 05:03:00+00
8e8afcf5-f5ff-4fc0-bb70-1818b06ada20,9193ad3b-c64a-440f-b866-0caafac60b46,resolved,closed,ba03ac29-f294-4a7d-b142-44c46cfe2354,Ticket closed.,2025-10-10 12:50:00+00
49dbb453-fa36-49b3-9c83-160f37432ec0,927cca1e-a1cc-42a3-a31e-f0e0eac27862,,open,c752deae-2089-4698-95c9-22b8797ac2c9,Ticket raised from the fleet condition report.,2025-12-21 06:42:00+00
ed3e3ce1-4074-483c-aa65-b8332e0ceb4d,927cca1e-a1cc-42a3-a31e-f0e0eac27862,open,in_progress,597c6eba-286e-440e-922e-420efd907fcc,Assigned and work started.,2025-12-22 09:13:00+00
c1d8ccfa-fc2a-4877-8f8e-7ae8c066edcf,927cca1e-a1cc-42a3-a31e-f0e0eac27862,in_progress,resolved,597c6eba-286e-440e-922e-420efd907fcc,Work completed and verified.,2026-01-11 17:52:00+00
0ff9bd44-3de5-4383-ad87-e0a7c2ffd61f,927cca1e-a1cc-42a3-a31e-f0e0eac27862,resolved,closed,597c6eba-286e-440e-922e-420efd907fcc,Ticket closed.,2026-01-17 17:29:00+00
0d5aeff1-4790-49f9-bdb9-c2c5c2673007,3a6e0ae4-f809-4920-af9a-e66a332f6bda,,open,14479c56-9ab9-4eab-bec5-c8323d7dde9b,Ticket raised from the fleet condition report.,2025-01-30 06:21:00+00
b9384a24-d61f-4d69-a3b4-9e44679632a3,3a6e0ae4-f809-4920-af9a-e66a332f6bda,open,in_progress,d777fd45-9849-49e2-b338-e97c3d11e8cc,Assigned and work started.,2025-01-31 05:25:00+00
83dccbb4-8a76-4441-ad9c-ae8d93e52516,3a6e0ae4-f809-4920-af9a-e66a332f6bda,in_progress,resolved,d777fd45-9849-49e2-b338-e97c3d11e8cc,Work completed and verified.,2025-02-14 07:38:00+00
32f7d9a8-0d29-4123-bb91-8c3ccbe07c18,e62e3e68-82d2-4344-98ff-0ec22ba05b64,,open,b10c3b1b-0504-4c02-9577-38f300514499,Ticket raised from the fleet condition report.,2025-10-19 08:34:00+00
c708d67c-76db-4fa1-bc41-d021dc1a4918,e62e3e68-82d2-4344-98ff-0ec22ba05b64,open,in_progress,96fb9f33-3e52-4958-8405-6ccf26fcacdc,Assigned and work started.,2025-10-20 17:50:00+00
b8a28bd9-1799-483c-9368-596b88634ed7,e62e3e68-82d2-4344-98ff-0ec22ba05b64,in_progress,resolved,96fb9f33-3e52-4958-8405-6ccf26fcacdc,Work completed and verified.,2025-10-21 16:15:00+00
e6073609-f2d2-4003-891c-cead1c2002b0,e62e3e68-82d2-4344-98ff-0ec22ba05b64,resolved,closed,96fb9f33-3e52-4958-8405-6ccf26fcacdc,Ticket closed.,2025-10-26 09:34:00+00
f1257e98-41c0-45ae-b1c6-67d164a0c9e3,1d4f71e0-1b9e-4d8a-80b3-817f14f39e9b,,open,31ce2993-96a0-48fd-a5c2-2cd19ba1d64f,Ticket raised from the fleet condition report.,2025-05-16 13:21:00+00
a76be00d-9907-4ba0-b69e-55a1a7e91de9,1d4f71e0-1b9e-4d8a-80b3-817f14f39e9b,open,in_progress,7ab528b9-cbf7-4b46-8d45-847ab79da77d,Assigned and work started.,2025-05-17 14:49:00+00
23e96812-9bfe-40b7-97bc-23e616a10d4b,1d4f71e0-1b9e-4d8a-80b3-817f14f39e9b,in_progress,resolved,7ab528b9-cbf7-4b46-8d45-847ab79da77d,Work completed and verified.,2025-05-29 13:44:00+00
effa754f-df5b-4203-b069-72811d0eeeec,1d4f71e0-1b9e-4d8a-80b3-817f14f39e9b,resolved,closed,7ab528b9-cbf7-4b46-8d45-847ab79da77d,Ticket closed.,2025-06-06 06:09:00+00
266783c6-8172-4502-897f-77e1df5bbe7b,91753dd2-caa5-4006-a30e-c19479e96d74,,open,3300b88d-ad2c-4c0c-bac7-48e98b283f68,Ticket raised from the fleet condition report.,2024-09-18 05:48:00+00
1e1453d9-39f6-4b99-aebe-b815fc331239,91753dd2-caa5-4006-a30e-c19479e96d74,open,in_progress,242e349c-5343-4ab9-b488-62509742f4c7,Assigned and work started.,2024-09-19 15:03:00+00
db40d167-9111-4673-b1c7-e520c48a09c4,91753dd2-caa5-4006-a30e-c19479e96d74,in_progress,resolved,242e349c-5343-4ab9-b488-62509742f4c7,Work completed and verified.,2024-10-08 07:01:00+00
c7d8f531-a92a-4bb1-93d7-21f1effefa82,91753dd2-caa5-4006-a30e-c19479e96d74,resolved,closed,242e349c-5343-4ab9-b488-62509742f4c7,Ticket closed.,2024-10-13 07:55:00+00
f861bdbb-7574-468a-9db0-8a3648795583,6476ce92-565b-4de4-8bda-c333782556ea,,open,7b6636fd-3214-44f2-ad49-452c0eb74f18,Ticket raised from the fleet condition report.,2025-04-23 15:06:00+00
6a2cd80c-b05b-430e-a135-fe78ed08800b,6476ce92-565b-4de4-8bda-c333782556ea,open,in_progress,af5f0096-7cc6-4d72-ab69-0a461681aeb5,Assigned and work started.,2025-04-24 14:20:00+00
731afbe1-bd44-4403-8a57-54639253b1eb,6476ce92-565b-4de4-8bda-c333782556ea,in_progress,resolved,af5f0096-7cc6-4d72-ab69-0a461681aeb5,Work completed and verified.,2025-04-28 13:25:00+00
77b2dc7d-1290-416b-8bf0-afb91103ac78,6476ce92-565b-4de4-8bda-c333782556ea,resolved,closed,af5f0096-7cc6-4d72-ab69-0a461681aeb5,Ticket closed.,2025-05-04 09:16:00+00
874d40b3-9c0e-4c43-bc4b-e0b254e08289,399e4cb2-081e-4043-a2df-f4841d5b14db,,open,fada15fe-d4d9-4730-9445-2a973cfc2d76,Ticket raised from the fleet condition report.,2025-02-14 14:44:00+00
fe1b2234-fbe7-4be7-84fc-e2758822344b,399e4cb2-081e-4043-a2df-f4841d5b14db,open,in_progress,a5403456-9417-4129-8376-a0508664c003,Assigned and work started.,2025-02-15 10:02:00+00
c90a4d67-3af8-4c53-8988-74e69849a685,399e4cb2-081e-4043-a2df-f4841d5b14db,in_progress,resolved,a5403456-9417-4129-8376-a0508664c003,Work completed and verified.,2025-03-07 15:47:00+00
1f17e877-e80c-42d4-89d2-ec6c3777c900,399e4cb2-081e-4043-a2df-f4841d5b14db,resolved,closed,a5403456-9417-4129-8376-a0508664c003,Ticket closed.,2025-03-17 17:43:00+00
57aa4639-f364-4f72-a2d1-95baa1d43d61,624074df-d266-41d4-9911-682a0fa64197,,open,4596af2e-27bb-46cb-adf3-0f5b781fbcfc,Ticket raised from the fleet condition report.,2026-02-19 16:10:00+00
0bc002b4-a905-45e7-a05d-08e9d3168b8b,624074df-d266-41d4-9911-682a0fa64197,open,in_progress,829a4aba-bfc5-46a7-beff-bf556004d109,Assigned and work started.,2026-02-20 11:55:00+00
b6dba367-cb13-4c6e-aea6-36e500142c26,624074df-d266-41d4-9911-682a0fa64197,in_progress,resolved,829a4aba-bfc5-46a7-beff-bf556004d109,Work completed and verified.,2026-03-07 14:26:00+00
8407844e-7b4c-4f85-9002-96ca7d7832f9,624074df-d266-41d4-9911-682a0fa64197,resolved,closed,829a4aba-bfc5-46a7-beff-bf556004d109,Ticket closed.,2026-03-10 07:15:00+00
7544533b-075f-45ed-9bcc-2160598f0319,7480aeab-3e43-47bb-9132-1d5dde74567e,,open,92cb3cf4-a84e-41e9-acb9-1b4f29188207,Ticket raised from the fleet condition report.,2025-09-28 10:10:00+00
a3f89944-49f2-4edb-9d45-5772b753749a,7480aeab-3e43-47bb-9132-1d5dde74567e,open,in_progress,233aac45-07b9-46b4-af83-c4c76f181669,Assigned and work started.,2025-09-29 15:25:00+00
84077911-7e29-4599-8b9a-911ae6521101,7480aeab-3e43-47bb-9132-1d5dde74567e,in_progress,resolved,233aac45-07b9-46b4-af83-c4c76f181669,Work completed and verified.,2025-10-01 06:48:00+00
ca9ebe1a-c05c-4d1c-980d-f473aabbf4f4,7480aeab-3e43-47bb-9132-1d5dde74567e,resolved,closed,233aac45-07b9-46b4-af83-c4c76f181669,Ticket closed.,2025-10-10 09:50:00+00
af941d19-8a34-49c9-982b-b7645cb965f5,755fc021-8df4-474b-b024-93ad0d460320,,open,b7cea794-192c-43ec-a17d-85b80606001b,Ticket raised from the fleet condition report.,2026-05-13 16:02:00+00
9c7b5bbb-40e1-4f1f-9d93-d57f61dbb446,755fc021-8df4-474b-b024-93ad0d460320,open,in_progress,0b830550-4175-4716-9d78-9b2d69d25855,Assigned and work started.,2026-05-14 15:52:00+00
b3398a6e-31b1-462b-b630-c7f432f27cbf,9a858768-bdd6-4a97-a0c6-2cbdf4f8acce,,open,ff8801d3-2c48-430e-b9ad-e22c5c92d10e,Ticket raised from the fleet condition report.,2024-08-24 12:17:00+00
c213e0a3-cedb-4b7b-aa85-8661d982d35b,b4eee274-abeb-4e72-899f-60b2f62c8fac,,open,1ba83fa8-a271-48c2-ae7a-e2d59c08c959,Ticket raised from the fleet condition report.,2026-07-18 06:53:00+00
50f5c89c-7903-482c-9824-5799ab85bbee,b4eee274-abeb-4e72-899f-60b2f62c8fac,open,in_progress,ece2a321-bc6d-4cdf-9d3a-f642ed83ae68,Assigned and work started.,2026-07-19 17:39:00+00
5459ec61-bba4-4ed9-a89f-6c79946e23b3,be1ca2ac-08b9-4491-ae37-20fa2ca65b18,,open,c396bf07-f1d5-4e50-85a6-052a95f8a744,Ticket raised from the fleet condition report.,2025-03-13 14:02:00+00
bcbb29de-07a4-4ec0-b2cc-33883386fc56,be1ca2ac-08b9-4491-ae37-20fa2ca65b18,open,in_progress,accf0286-4b23-46a3-851f-00be6bdd8e5f,Assigned and work started.,2025-03-14 16:18:00+00
b352d0db-914f-4c4b-87d7-afc878f122ca,be1ca2ac-08b9-4491-ae37-20fa2ca65b18,in_progress,resolved,accf0286-4b23-46a3-851f-00be6bdd8e5f,Work completed and verified.,2025-03-30 05:39:00+00
726a0b23-9c85-410a-bf73-2660c6c352e6,be1ca2ac-08b9-4491-ae37-20fa2ca65b18,resolved,closed,accf0286-4b23-46a3-851f-00be6bdd8e5f,Ticket closed.,2025-03-31 14:08:00+00
2de88f76-56c1-484e-9b02-2f36b55a0e51,c5bf9231-fff3-48b8-b7bc-d91d770fefc2,,open,e02ba813-5fb6-4f10-a448-b12a48f2969e,Ticket raised from the fleet condition report.,2026-05-11 07:56:00+00
2b8b7a35-e0bc-4c1a-86df-1944756558fc,c5bf9231-fff3-48b8-b7bc-d91d770fefc2,open,in_progress,5284761e-4d1d-4e36-97eb-848604be7358,Assigned and work started.,2026-05-12 17:54:00+00
13d81978-0b44-420d-a247-361bdc09bc91,c5bf9231-fff3-48b8-b7bc-d91d770fefc2,in_progress,resolved,5284761e-4d1d-4e36-97eb-848604be7358,Work completed and verified.,2026-05-13 05:24:00+00
8fae6f3c-1029-4b35-bfd3-38610b0f7925,886c45f8-5468-437e-aaed-91b50c0f238f,,open,ee9756f3-bfe0-4977-84dd-d99f4f5eb7b4,Ticket raised from the fleet condition report.,2025-05-26 11:21:00+00
59665303-33d2-46f1-b891-9b0f329e3ef4,886c45f8-5468-437e-aaed-91b50c0f238f,open,in_progress,3ed87f3f-9d1e-409e-af21-14fee9e9bc14,Assigned and work started.,2025-05-27 12:58:00+00
e9d3b746-1d6c-4e60-ac73-e7d9ca2e6181,886c45f8-5468-437e-aaed-91b50c0f238f,in_progress,resolved,3ed87f3f-9d1e-409e-af21-14fee9e9bc14,Work completed and verified.,2025-05-29 05:00:00+00
3854cfb8-5bd5-4c3c-adbb-79526ec0bbc9,886c45f8-5468-437e-aaed-91b50c0f238f,resolved,closed,3ed87f3f-9d1e-409e-af21-14fee9e9bc14,Ticket closed.,2025-06-04 07:19:00+00
728e19e1-9788-41a9-8dd1-69cc69feb1ec,9fbdb75c-9459-4a6a-a61c-d6f5b08e1cbe,,open,f5c5fcf9-db41-4ec7-ba55-901110e56949,Ticket raised from the fleet condition report.,2024-08-13 12:10:00+00
151b743c-3c0c-46bd-aaae-8bb0b5044e6a,9fbdb75c-9459-4a6a-a61c-d6f5b08e1cbe,open,in_progress,a363109b-c8ce-4177-9d91-030ac0b8df3a,Assigned and work started.,2024-08-14 17:31:00+00
788a7c67-9a16-4956-b029-2b09722a90fd,9fbdb75c-9459-4a6a-a61c-d6f5b08e1cbe,in_progress,resolved,a363109b-c8ce-4177-9d91-030ac0b8df3a,Work completed and verified.,2024-08-29 12:04:00+00
96fbac64-1bc9-41a9-b9f2-9b23257e4453,9fbdb75c-9459-4a6a-a61c-d6f5b08e1cbe,resolved,closed,a363109b-c8ce-4177-9d91-030ac0b8df3a,Ticket closed.,2024-09-07 17:32:00+00
87fc5df2-d6c3-4518-906a-1528b08e4a2a,3f949915-70cf-451c-a0e1-e84f1ba0e29d,,open,84ba50f5-a2ed-4682-8ba5-e5556fff4b51,Ticket raised from the fleet condition report.,2025-12-23 08:37:00+00
11f0f1c3-082d-417a-ab14-bc048086c2ad,3f949915-70cf-451c-a0e1-e84f1ba0e29d,open,in_progress,6307ed65-c77c-40e7-9e0f-0b67135eb7b1,Assigned and work started.,2025-12-24 05:34:00+00
7e2551b4-8455-4ada-885b-dab53138e10c,3f949915-70cf-451c-a0e1-e84f1ba0e29d,in_progress,resolved,6307ed65-c77c-40e7-9e0f-0b67135eb7b1,Work completed and verified.,2026-01-17 08:49:00+00
e146e559-3e53-46d0-9d17-5acd5282a3de,3f949915-70cf-451c-a0e1-e84f1ba0e29d,resolved,closed,6307ed65-c77c-40e7-9e0f-0b67135eb7b1,Ticket closed.,2026-01-21 17:38:00+00
8dc87d1d-19f2-4b34-b31c-e8627f8c877c,6a9da926-2762-4914-aa41-ddf8cd612daf,,open,b9744ffe-17c8-4628-9742-ff7af635f88d,Ticket raised from the fleet condition report.,2026-04-26 08:53:00+00
8b47dae7-1feb-4d79-90d4-189f69c99839,8948318c-6b07-43a3-b06a-5b10eea76bed,,open,741f34c2-9570-4d2f-9d70-f485e5c1f96f,Ticket raised from the fleet condition report.,2024-08-21 17:45:00+00
2234560e-237d-4c8c-848d-186039f5f981,8948318c-6b07-43a3-b06a-5b10eea76bed,open,in_progress,a817e3da-c239-49df-b5b4-e605451fa66c,Assigned and work started.,2024-08-22 12:00:00+00
cd462cae-09e9-448d-8bda-36fdef70a61c,8948318c-6b07-43a3-b06a-5b10eea76bed,in_progress,resolved,a817e3da-c239-49df-b5b4-e605451fa66c,Work completed and verified.,2024-09-07 13:31:00+00
c6491fa8-f37a-43f0-96de-96ed84f19952,8948318c-6b07-43a3-b06a-5b10eea76bed,resolved,closed,a817e3da-c239-49df-b5b4-e605451fa66c,Ticket closed.,2024-09-09 12:47:00+00
52d2f9c4-92bb-4618-a2a4-fadb85db3149,bde7934b-82db-4c14-8d29-c80eb584b8cf,,open,069f1f28-cb8b-428e-8adb-2793823295cd,Ticket raised from the fleet condition report.,2025-04-15 17:37:00+00
c0c44aab-d1d2-4b8f-b4fc-d7331e91bfd7,bde7934b-82db-4c14-8d29-c80eb584b8cf,open,in_progress,f9e17e55-3ce7-47d6-beff-7dc3c8ecad6c,Assigned and work started.,2025-04-16 12:36:00+00
421906a6-4ad7-4469-8fd4-fa2f9e346a15,bde7934b-82db-4c14-8d29-c80eb584b8cf,in_progress,resolved,f9e17e55-3ce7-47d6-beff-7dc3c8ecad6c,Work completed and verified.,2025-05-04 05:28:00+00
3bcbf281-8044-4e7e-8dd1-5150432b18d7,0e40649c-61a3-4873-ac0a-2a49968f9cf0,,open,12db3dcf-a204-4a5b-a373-e937d8da705f,Ticket raised from the fleet condition report.,2026-04-20 14:28:00+00
314ec5e2-246d-440f-b543-0c23a144a174,0e40649c-61a3-4873-ac0a-2a49968f9cf0,open,in_progress,0bcca5d2-620c-4e90-ae82-fb6ffc7af33d,Assigned and work started.,2026-04-21 13:38:00+00
2fbb3da5-7eea-4e2e-8ac7-4877148f3834,0e40649c-61a3-4873-ac0a-2a49968f9cf0,in_progress,resolved,0bcca5d2-620c-4e90-ae82-fb6ffc7af33d,Work completed and verified.,2026-05-08 15:59:00+00
dd54edec-118b-4a1c-aaf1-9df716fe7219,da2bfbad-7c4d-4fff-b40f-b73468dc6817,,open,51ed755f-22ae-4531-a9f7-a80a516f97b6,Ticket raised from the fleet condition report.,2025-08-14 13:15:00+00
8e31885e-032a-4e7b-bb76-b80c6f2b86da,da2bfbad-7c4d-4fff-b40f-b73468dc6817,open,in_progress,e4333d48-503a-4694-b7d9-97ac9dee27e0,Assigned and work started.,2025-08-15 14:52:00+00
f5adeaef-4b44-4499-837e-d1f74303cad7,da2bfbad-7c4d-4fff-b40f-b73468dc6817,in_progress,resolved,e4333d48-503a-4694-b7d9-97ac9dee27e0,Work completed and verified.,2025-09-06 12:13:00+00
dee3ca9d-2841-4f1d-a214-d4581d31d0e8,f61d2591-c689-47eb-a4ba-2998ac3f964e,,open,b075cf11-faac-4883-acb3-c4402c230c0d,Ticket raised from the fleet condition report.,2025-03-20 16:28:00+00
ec8ecaa5-efd9-4cd4-96b8-184e6adf101a,f61d2591-c689-47eb-a4ba-2998ac3f964e,open,in_progress,832b089f-ff95-441d-a9ca-716951d24f37,Assigned and work started.,2025-03-21 10:10:00+00
450d40df-51da-44ce-a3e5-8477d3db47e1,f61d2591-c689-47eb-a4ba-2998ac3f964e,in_progress,resolved,832b089f-ff95-441d-a9ca-716951d24f37,Work completed and verified.,2025-04-08 08:33:00+00
8312c26b-0b20-4a4d-a804-65c9083253ed,f61d2591-c689-47eb-a4ba-2998ac3f964e,resolved,closed,832b089f-ff95-441d-a9ca-716951d24f37,Ticket closed.,2025-04-12 14:19:00+00
cef9b7f1-754e-4dc8-aa5c-b5142e88da64,953f75da-1407-48dd-bd0c-11400d4f717b,,open,80e1566c-3ebe-4998-9ad4-6507a45544b7,Ticket raised from the fleet condition report.,2025-12-27 05:41:00+00
48415457-aa7a-44e9-bb2a-0b5cc96cf2a5,953f75da-1407-48dd-bd0c-11400d4f717b,open,in_progress,b958f053-fb9d-4b81-9996-c7ca66269f1c,Assigned and work started.,2025-12-28 09:51:00+00
a25460fb-fcc5-4f01-bad3-531254525913,953f75da-1407-48dd-bd0c-11400d4f717b,in_progress,resolved,b958f053-fb9d-4b81-9996-c7ca66269f1c,Work completed and verified.,2026-01-07 16:44:00+00
69e131aa-9c77-4b51-8929-3674ef952388,953f75da-1407-48dd-bd0c-11400d4f717b,resolved,closed,b958f053-fb9d-4b81-9996-c7ca66269f1c,Ticket closed.,2026-01-16 14:12:00+00
1aae8862-2fa1-4314-bdd3-918846cae904,f8e7403c-d840-4098-8a93-252db99b5988,,open,fbfd12a4-aea1-4200-8104-70011607cf54,Ticket raised from the fleet condition report.,2025-02-22 16:42:00+00
197cb5ea-55cc-47f7-9672-61146caf2f52,f8e7403c-d840-4098-8a93-252db99b5988,open,in_progress,728c431d-a607-4a38-9b1a-2287ce9979ad,Assigned and work started.,2025-02-23 15:19:00+00
9847cbe8-1a2d-4c1f-9ace-682360d071b2,f8e7403c-d840-4098-8a93-252db99b5988,in_progress,resolved,728c431d-a607-4a38-9b1a-2287ce9979ad,Work completed and verified.,2025-02-23 17:20:00+00
2198beb8-690a-43fd-90ac-b995f51d1c3f,8e090634-50e4-4bf5-98e4-0aefb645c8d5,,open,a147aaff-7666-44df-be95-5ac65ea9bc50,Ticket raised from the fleet condition report.,2025-04-24 06:05:00+00
958a6a46-fe61-4560-bb5a-c9d9f4e94e2d,8e090634-50e4-4bf5-98e4-0aefb645c8d5,open,in_progress,728c431d-a607-4a38-9b1a-2287ce9979ad,Assigned and work started.,2025-04-25 10:33:00+00
b55a9cb4-8c6b-4b83-9961-61ec2fb489d4,8e090634-50e4-4bf5-98e4-0aefb645c8d5,in_progress,resolved,728c431d-a607-4a38-9b1a-2287ce9979ad,Work completed and verified.,2025-04-26 15:26:00+00
512ac257-439b-4203-9097-27aadc5c2e8c,c02090af-2e14-4bbe-b83c-b586fa7595b4,,open,50bf24b6-3d33-459f-9fda-8afb2e3d9611,Ticket raised from the fleet condition report.,2026-07-29 06:59:00+00
5029e070-d4c7-4b82-bab4-8ab68f0ae360,593b0b1c-a328-4515-876c-c645cd0c6f12,,open,dce5acc1-2b48-49b6-9996-408cc390fcf5,Ticket raised from the fleet condition report.,2026-04-21 16:09:00+00
52475e8b-c6a4-49e9-9318-e318ca3acd7b,593b0b1c-a328-4515-876c-c645cd0c6f12,open,in_progress,45e88c26-b5d7-4353-ad6a-6acd15416a21,Assigned and work started.,2026-04-22 06:21:00+00
1f029aa5-9d99-48b2-a66c-f271cced502d,593b0b1c-a328-4515-876c-c645cd0c6f12,in_progress,resolved,45e88c26-b5d7-4353-ad6a-6acd15416a21,Work completed and verified.,2026-05-02 09:31:00+00
783b0720-84b7-4d38-80d4-8acfe8f77789,a971f096-6445-4052-b06e-32e63e66b577,,open,bda677d3-7700-431f-a3d6-861b92a3bace,Ticket raised from the fleet condition report.,2024-09-14 07:26:00+00
cdc4352f-f1a7-4ae2-a3f9-d52711712b9b,a971f096-6445-4052-b06e-32e63e66b577,open,in_progress,f7c70716-6d01-4c40-8743-ff7f08973f3a,Assigned and work started.,2024-09-15 13:09:00+00
e02ed874-64bd-4264-93a1-5a4aef2ca7b1,a971f096-6445-4052-b06e-32e63e66b577,in_progress,resolved,f7c70716-6d01-4c40-8743-ff7f08973f3a,Work completed and verified.,2024-10-02 15:48:00+00
cabcb541-25af-4fab-a423-c1a40315a831,a971f096-6445-4052-b06e-32e63e66b577,resolved,closed,f7c70716-6d01-4c40-8743-ff7f08973f3a,Ticket closed.,2024-10-05 16:46:00+00
443115da-56f3-4e08-a994-4c396b5a992c,b7e443a0-7bfb-4c27-82e6-2dec3ba74250,,open,51ed7e64-6868-4e03-9b23-cb9d7039bb47,Ticket raised from the fleet condition report.,2026-03-20 17:49:00+00
5957651e-040e-4ff2-a67e-bb1c71898291,b7e443a0-7bfb-4c27-82e6-2dec3ba74250,open,in_progress,838168e2-a894-48b0-9e58-4f1f4612a1b3,Assigned and work started.,2026-03-21 09:33:00+00
616b222a-ad5e-4be5-a9c6-341f257e48b8,b7e443a0-7bfb-4c27-82e6-2dec3ba74250,in_progress,resolved,838168e2-a894-48b0-9e58-4f1f4612a1b3,Work completed and verified.,2026-04-13 12:39:00+00
ea278c37-2383-4ba0-8e45-f5c93b939289,b7e443a0-7bfb-4c27-82e6-2dec3ba74250,resolved,closed,838168e2-a894-48b0-9e58-4f1f4612a1b3,Ticket closed.,2026-04-17 10:45:00+00
e6d61dd3-2bdd-4a8b-b583-ebf8d8308e5c,722a9e34-8674-4acc-a46a-16190b0acb78,,open,620ee403-2775-4780-9c7d-1ea3a6ad5f75,Ticket raised from the fleet condition report.,2025-08-15 08:42:00+00
6dca27d8-d621-4151-ad6e-39e42b430a81,722a9e34-8674-4acc-a46a-16190b0acb78,open,in_progress,258cec76-5677-463e-88d0-84f8488b8d19,Assigned and work started.,2025-08-16 08:14:00+00
501a0794-5f2a-4293-ad3e-fd13a6a95394,722a9e34-8674-4acc-a46a-16190b0acb78,in_progress,resolved,258cec76-5677-463e-88d0-84f8488b8d19,Work completed and verified.,2025-09-04 11:13:00+00
156ff5d7-e62e-4a71-93b7-fdcfdb773895,722a9e34-8674-4acc-a46a-16190b0acb78,resolved,closed,258cec76-5677-463e-88d0-84f8488b8d19,Ticket closed.,2025-09-06 14:59:00+00
c0fad738-ec49-4301-b9f1-01fd97e751b2,65465e9d-3a76-446f-a17b-47e3a44b2114,,open,e056e605-c38d-4ee7-a691-1cf7bbd4a237,Ticket raised from the fleet condition report.,2024-10-12 14:39:00+00
5a0f0f1e-328a-493b-8acc-8a537f7c2a6e,65465e9d-3a76-446f-a17b-47e3a44b2114,open,in_progress,d4ab1734-15c1-4d19-a3f3-9db75f910cd8,Assigned and work started.,2024-10-13 06:44:00+00
86162f99-7670-4d8d-9d97-c9239373d364,65465e9d-3a76-446f-a17b-47e3a44b2114,in_progress,resolved,d4ab1734-15c1-4d19-a3f3-9db75f910cd8,Work completed and verified.,2024-10-28 06:45:00+00
59a05c94-c2bd-4071-affc-eb5e6ae3c7a7,65465e9d-3a76-446f-a17b-47e3a44b2114,resolved,closed,d4ab1734-15c1-4d19-a3f3-9db75f910cd8,Ticket closed.,2024-10-30 12:44:00+00
31d7d115-16d5-47f7-9a12-80f6a322cf73,584497cf-efd6-4f3a-922f-d24cd8e8966c,,open,9d13970f-2a41-435e-8706-26d1a28fe323,Ticket raised from the fleet condition report.,2025-10-14 05:43:00+00
5ac278e3-423e-4ee4-92d8-1844b7fa9cc4,584497cf-efd6-4f3a-922f-d24cd8e8966c,open,in_progress,1ad7ccbc-6809-4f96-83f4-c7636a2a4728,Assigned and work started.,2025-10-15 14:22:00+00
bf7fd806-ddf6-4947-ae2b-6fcd93d295c4,584497cf-efd6-4f3a-922f-d24cd8e8966c,in_progress,resolved,1ad7ccbc-6809-4f96-83f4-c7636a2a4728,Work completed and verified.,2025-11-08 17:00:00+00
6eadd200-67a8-4cad-9d72-af20ff55f9a4,451b49fd-1312-4be0-9c47-c09622d3c7fa,,open,aba21d1b-36a1-4357-9262-19a52974219f,Ticket raised from the fleet condition report.,2026-06-10 05:31:00+00
b90c9d1d-640e-4a6b-9955-3c2d5a52b27b,451b49fd-1312-4be0-9c47-c09622d3c7fa,open,in_progress,79bbaaa4-918b-47e0-ba89-d5f2b5a4d4ba,Assigned and work started.,2026-06-11 05:33:00+00
e8ffbf0a-1444-4a9e-88a5-fd97344164a7,451b49fd-1312-4be0-9c47-c09622d3c7fa,in_progress,resolved,79bbaaa4-918b-47e0-ba89-d5f2b5a4d4ba,Work completed and verified.,2026-06-19 10:10:00+00
f641adc3-8a82-4fb6-b3de-c396b526262b,57738ad4-cce5-41c7-b1b1-18e4e29ae6ac,,open,bc215710-21f6-4d29-8232-a879103befae,Ticket raised from the fleet condition report.,2025-06-25 14:45:00+00
72ea4e3d-2561-4671-ae1c-fbe911178d81,57738ad4-cce5-41c7-b1b1-18e4e29ae6ac,open,in_progress,bf2345c5-305b-49ba-b06b-ecb5fede548e,Assigned and work started.,2025-06-26 16:21:00+00
207aed6c-4c5f-4133-8364-6c08ed10399c,57738ad4-cce5-41c7-b1b1-18e4e29ae6ac,in_progress,resolved,bf2345c5-305b-49ba-b06b-ecb5fede548e,Work completed and verified.,2025-06-30 05:03:00+00
2406a0d2-6c37-45fa-a3c1-bdc9ad5ec71c,57738ad4-cce5-41c7-b1b1-18e4e29ae6ac,resolved,closed,bf2345c5-305b-49ba-b06b-ecb5fede548e,Ticket closed.,2025-07-03 15:52:00+00
9a6674ba-f293-420c-945e-c1c8ba16352b,ab64188c-7fbb-4ba0-87ea-b3d6400874a7,,open,9f06cc9a-b7c3-4251-821a-1cd09e60ef22,Ticket raised from the fleet condition report.,2025-05-24 07:45:00+00
262112eb-058d-42ae-95d8-6a2e93222fb1,ab64188c-7fbb-4ba0-87ea-b3d6400874a7,open,in_progress,e18b9597-e19d-4125-87b3-e16052485871,Assigned and work started.,2025-05-25 09:11:00+00
45eb9b6c-fc5f-4bd9-b6b9-8e5ac693aa39,ab64188c-7fbb-4ba0-87ea-b3d6400874a7,in_progress,resolved,e18b9597-e19d-4125-87b3-e16052485871,Work completed and verified.,2025-05-26 09:32:00+00
06d14520-a708-4cdf-9e34-f455830b0c77,ab64188c-7fbb-4ba0-87ea-b3d6400874a7,resolved,closed,e18b9597-e19d-4125-87b3-e16052485871,Ticket closed.,2025-06-03 10:15:00+00
c13b1d3f-8c8f-41a2-a25c-42a188d7c6f1,61e551de-b50b-47fa-bc5c-d18e77b11837,,open,85677b33-5692-4c2d-8b6d-f63fdc4cccab,Ticket raised from the fleet condition report.,2026-03-24 11:12:00+00
188c38f0-1621-4449-b3c3-e3ab67c98d5f,61e551de-b50b-47fa-bc5c-d18e77b11837,open,in_progress,cdd74f33-dff3-4b0f-8378-d2989570b4c6,Assigned and work started.,2026-03-25 16:28:00+00
66e5842a-de72-43ce-8da9-1a04da5d7676,61e551de-b50b-47fa-bc5c-d18e77b11837,in_progress,resolved,cdd74f33-dff3-4b0f-8378-d2989570b4c6,Work completed and verified.,2026-03-25 08:33:00+00
4f0cb1fd-c6cb-47b7-8b64-03525a2a8c13,6ccd2eb6-2972-4ef7-96ad-a7b3da14cdb1,,open,c9d9cd57-6074-4c5b-87b0-f093e04db48b,Ticket raised from the fleet condition report.,2025-07-10 15:50:00+00
02d9e017-36fe-4650-80b0-b0461f682106,6ccd2eb6-2972-4ef7-96ad-a7b3da14cdb1,open,in_progress,198393db-38d9-4a32-b015-0658a170bec1,Assigned and work started.,2025-07-11 10:10:00+00
8f1e0a98-8e1b-4b43-a8d5-418d3589de94,6ccd2eb6-2972-4ef7-96ad-a7b3da14cdb1,in_progress,resolved,198393db-38d9-4a32-b015-0658a170bec1,Work completed and verified.,2025-07-24 16:57:00+00
5fe44118-8bb0-42b0-bd3f-344a8e09c2a2,1a4d2dc6-8eeb-46c5-9269-d3e6a1380566,,open,e2f4db5d-5268-451f-8f58-023f568f8422,Ticket raised from the fleet condition report.,2025-05-20 14:55:00+00
fa8c2369-914c-4af2-a734-6a047925d632,1a4d2dc6-8eeb-46c5-9269-d3e6a1380566,open,in_progress,97cc4d1b-3c67-439f-8fdf-b355eb120cfa,Assigned and work started.,2025-05-21 07:18:00+00
94a9d50b-b2a0-4038-9e4a-16c946c07549,1a4d2dc6-8eeb-46c5-9269-d3e6a1380566,in_progress,resolved,97cc4d1b-3c67-439f-8fdf-b355eb120cfa,Work completed and verified.,2025-05-31 11:29:00+00
e170214e-04e4-4e61-aaf5-682ea83cebd0,1a4d2dc6-8eeb-46c5-9269-d3e6a1380566,resolved,closed,97cc4d1b-3c67-439f-8fdf-b355eb120cfa,Ticket closed.,2025-06-06 08:21:00+00
d2be12aa-be3c-4151-a945-cdc6526942eb,7df21cf1-1ab8-4958-b690-011dee9fe807,,open,6692c7dd-4b6b-4908-86a3-91731b323aff,Ticket raised from the fleet condition report.,2026-06-17 08:22:00+00
cfccf200-a878-4ef7-b285-ed2c67290626,7df21cf1-1ab8-4958-b690-011dee9fe807,open,in_progress,e1c1397c-6345-47ab-948e-0f3e68d615b7,Assigned and work started.,2026-06-18 11:59:00+00
6127bbc5-2f62-4423-a44d-52f804477dfe,7df21cf1-1ab8-4958-b690-011dee9fe807,in_progress,resolved,e1c1397c-6345-47ab-948e-0f3e68d615b7,Work completed and verified.,2026-06-27 09:32:00+00
8f5bc322-c218-4b1f-90ff-01c2ab5d4fa1,d9aafe76-7340-4a2b-aaf2-ca0ca37dde6e,,open,1ee01826-f527-47b8-9e03-d1f37836438b,Ticket raised from the fleet condition report.,2024-08-12 10:04:00+00
22821db6-22d8-4695-a16a-6b85af87fe9e,d9aafe76-7340-4a2b-aaf2-ca0ca37dde6e,open,in_progress,ea3a55a2-e8eb-400a-a3e6-3895bf70675d,Assigned and work started.,2024-08-13 06:44:00+00
2437b1f8-5d72-4fae-8997-34c36d7f68d3,d9aafe76-7340-4a2b-aaf2-ca0ca37dde6e,in_progress,resolved,ea3a55a2-e8eb-400a-a3e6-3895bf70675d,Work completed and verified.,2024-09-05 13:16:00+00
193b9749-4bf4-4531-b174-bb84f1ff6423,d9aafe76-7340-4a2b-aaf2-ca0ca37dde6e,resolved,closed,ea3a55a2-e8eb-400a-a3e6-3895bf70675d,Ticket closed.,2024-09-11 13:41:00+00
e3929961-fd64-443e-af80-8700b563c0db,88e0ca3c-abac-487b-b18a-5a0a1e1f31ef,,open,08145333-aa5a-4ff6-ae10-7a43aa8d5326,Ticket raised from the fleet condition report.,2025-04-29 12:35:00+00
049aa6ae-2c37-4278-8973-010e05739596,88e0ca3c-abac-487b-b18a-5a0a1e1f31ef,open,in_progress,6307ed65-c77c-40e7-9e0f-0b67135eb7b1,Assigned and work started.,2025-04-30 14:47:00+00
5049b8b8-43c8-4c1a-a11c-50a4c9501c33,88e0ca3c-abac-487b-b18a-5a0a1e1f31ef,in_progress,resolved,6307ed65-c77c-40e7-9e0f-0b67135eb7b1,Work completed and verified.,2025-05-14 12:29:00+00
c812aac3-550e-421e-8a65-40be93a3c32d,88e0ca3c-abac-487b-b18a-5a0a1e1f31ef,resolved,closed,6307ed65-c77c-40e7-9e0f-0b67135eb7b1,Ticket closed.,2025-05-16 06:15:00+00
ee3c67fd-82c3-4c15-b5c0-1fe1d1f96c9c,18c15243-d26e-4da1-ae50-a9632802a760,,open,b86c3428-f167-40ff-8973-9c69b332b108,Ticket raised from the fleet condition report.,2025-11-20 14:00:00+00
be975cbc-523c-44a8-8e1f-bf54137dad11,18c15243-d26e-4da1-ae50-a9632802a760,open,in_progress,9f45c98b-3562-45af-8cb4-fee17952ecd9,Assigned and work started.,2025-11-21 06:36:00+00
6ef15030-1833-4903-8c76-9c62205bf0a7,18c15243-d26e-4da1-ae50-a9632802a760,in_progress,resolved,9f45c98b-3562-45af-8cb4-fee17952ecd9,Work completed and verified.,2025-11-25 16:21:00+00
8a50de38-94a5-4693-883b-4dbeab078f9f,18c15243-d26e-4da1-ae50-a9632802a760,resolved,closed,9f45c98b-3562-45af-8cb4-fee17952ecd9,Ticket closed.,2025-12-02 05:08:00+00
be5efe42-40ba-4976-9302-0f0918d27d61,96b6bf3a-4786-4bc1-aa47-d5bf97f4ced9,,open,071c8cbe-8125-4dde-ae07-2ac65beea113,Ticket raised from the fleet condition report.,2025-09-21 08:21:00+00
2c0450ab-64c4-4520-b25f-147d1c448509,96b6bf3a-4786-4bc1-aa47-d5bf97f4ced9,open,in_progress,3ed87f3f-9d1e-409e-af21-14fee9e9bc14,Assigned and work started.,2025-09-22 14:40:00+00
e6ecde1f-f6b9-43bd-941d-6ced2088cb2c,96b6bf3a-4786-4bc1-aa47-d5bf97f4ced9,in_progress,resolved,3ed87f3f-9d1e-409e-af21-14fee9e9bc14,Work completed and verified.,2025-09-29 07:11:00+00
734016da-9907-4361-9d1b-865529efa687,9bdda28d-85be-4c4c-b133-4649da5ae9ea,,open,1e388fd6-b491-4658-925b-03279819fa02,Ticket raised from the fleet condition report.,2026-02-15 10:15:00+00
2f524e15-76e8-484a-9090-b3b26c16946a,9bdda28d-85be-4c4c-b133-4649da5ae9ea,open,in_progress,00e5d1da-737f-4af2-9618-a843c6ba6bc0,Assigned and work started.,2026-02-16 14:04:00+00
d01d3925-c3ed-413b-81b3-9fc29fa3b593,9bdda28d-85be-4c4c-b133-4649da5ae9ea,in_progress,resolved,00e5d1da-737f-4af2-9618-a843c6ba6bc0,Work completed and verified.,2026-03-03 16:14:00+00
38f7d80a-d819-41ca-a32f-ebf4ea74ad38,9bdda28d-85be-4c4c-b133-4649da5ae9ea,resolved,closed,00e5d1da-737f-4af2-9618-a843c6ba6bc0,Ticket closed.,2026-03-06 08:34:00+00
3c0d98f2-57aa-4d00-8d7d-d9b005564e85,bea03e93-bacd-43da-ae9b-84ef32a3fc48,,open,9bd7dc69-8146-4996-8a28-bda2751c2c1e,Ticket raised from the fleet condition report.,2024-10-21 16:37:00+00
bd196c5d-2d8d-4e40-a9d4-ce00eee5589f,bea03e93-bacd-43da-ae9b-84ef32a3fc48,open,in_progress,8eff9acb-560a-454d-b4e0-e23389a2264b,Assigned and work started.,2024-10-22 10:21:00+00
877b4e96-b492-49bf-a039-0515f11273bd,bea03e93-bacd-43da-ae9b-84ef32a3fc48,in_progress,resolved,8eff9acb-560a-454d-b4e0-e23389a2264b,Work completed and verified.,2024-11-04 06:33:00+00
3a4e2655-129b-4141-8d86-730c52b266e4,121fd023-9ec7-4a2a-b660-d040ef92efff,,open,071c8cbe-8125-4dde-ae07-2ac65beea113,Ticket raised from the fleet condition report.,2025-09-19 16:05:00+00
1135f9e4-4e9f-4513-91d7-6ef3f42e41ed,121fd023-9ec7-4a2a-b660-d040ef92efff,open,in_progress,9bc0ebab-c628-4af5-b5cc-f9a69e14ee0c,Assigned and work started.,2025-09-20 05:44:00+00
5c9c24a5-4eaf-46a5-9e5e-250e3f8059f0,121fd023-9ec7-4a2a-b660-d040ef92efff,in_progress,resolved,9bc0ebab-c628-4af5-b5cc-f9a69e14ee0c,Work completed and verified.,2025-10-02 17:53:00+00
1d8d5400-aed5-4ab4-ab95-7c842c4e46ae,121fd023-9ec7-4a2a-b660-d040ef92efff,resolved,closed,9bc0ebab-c628-4af5-b5cc-f9a69e14ee0c,Ticket closed.,2025-10-11 08:15:00+00
aade78bc-e944-41b1-b793-283e7fc0668e,98024d40-8166-4b97-a912-fc3946ba62c3,,open,12db3dcf-a204-4a5b-a373-e937d8da705f,Ticket raised from the fleet condition report.,2026-03-10 10:27:00+00
5743e9f6-e949-4cb6-86d7-3d669ac17c9e,98024d40-8166-4b97-a912-fc3946ba62c3,open,in_progress,7644642e-745c-4474-890f-0f840a0b5df8,Assigned and work started.,2026-03-11 06:54:00+00
d87b0a1d-06b5-4b5a-9fe6-56b07a36328b,98024d40-8166-4b97-a912-fc3946ba62c3,in_progress,resolved,7644642e-745c-4474-890f-0f840a0b5df8,Work completed and verified.,2026-03-20 09:43:00+00
d9377427-20aa-4ea1-b5ab-0f69f9e49765,98024d40-8166-4b97-a912-fc3946ba62c3,resolved,closed,7644642e-745c-4474-890f-0f840a0b5df8,Ticket closed.,2026-03-28 09:53:00+00
72c9c425-f120-40df-b3a7-7d96fb86b0bf,164b1578-2df6-46d9-9524-35038ea22a7d,,open,e9baee08-416a-4875-a426-d88003f53bb3,Ticket raised from the fleet condition report.,2026-06-17 06:25:00+00
b53625ba-8639-42f8-95d8-498d91ef017e,864272d0-a0f0-4b9e-9c6d-0e02ad51d5ec,,open,14479c56-9ab9-4eab-bec5-c8323d7dde9b,Ticket raised from the fleet condition report.,2025-08-13 11:50:00+00
a085b62e-af1d-479b-bb5b-e618a21981aa,864272d0-a0f0-4b9e-9c6d-0e02ad51d5ec,open,in_progress,65a5b696-653b-4c78-8e17-17f954b7992b,Assigned and work started.,2025-08-14 12:10:00+00
953d82b9-8304-4f9a-93fa-d1b069faa149,864272d0-a0f0-4b9e-9c6d-0e02ad51d5ec,in_progress,resolved,65a5b696-653b-4c78-8e17-17f954b7992b,Work completed and verified.,2025-08-16 09:35:00+00
a723713d-7fb2-4387-bf90-120fd623482f,864272d0-a0f0-4b9e-9c6d-0e02ad51d5ec,resolved,closed,65a5b696-653b-4c78-8e17-17f954b7992b,Ticket closed.,2025-08-26 06:26:00+00
6f3ccb72-335a-4b7b-84a1-37d6ec034585,505bd5b4-f9eb-4418-a2bc-04e9567d06c9,,open,78c2d5ff-36e8-43bc-8d89-1930171dd72d,Ticket raised from the fleet condition report.,2025-10-20 17:28:00+00
379f7775-9637-4063-9e2e-fca4bef2fb85,505bd5b4-f9eb-4418-a2bc-04e9567d06c9,open,in_progress,f9a5607b-7040-4ba8-95c0-6de3c5367dea,Assigned and work started.,2025-10-21 08:55:00+00
9da6a2e7-e8da-4ccf-b436-cccd14e8ccf2,505bd5b4-f9eb-4418-a2bc-04e9567d06c9,in_progress,resolved,f9a5607b-7040-4ba8-95c0-6de3c5367dea,Work completed and verified.,2025-11-04 12:04:00+00
77c6f9af-ad56-42f1-8f2d-02c5a4b56c9a,505bd5b4-f9eb-4418-a2bc-04e9567d06c9,resolved,closed,f9a5607b-7040-4ba8-95c0-6de3c5367dea,Ticket closed.,2025-11-05 11:15:00+00
4bf5f27e-4097-4907-8616-cba87c6636cb,e4797bc0-03e9-4cf2-80e7-5c169b083897,,open,4deef011-a80e-4ec1-8ab0-1c07e51e4eff,Ticket raised from the fleet condition report.,2024-09-16 17:11:00+00
399e027f-e71b-4a68-bbda-2b74c79a3cb1,e4797bc0-03e9-4cf2-80e7-5c169b083897,open,in_progress,59064e3f-1d1e-4817-8491-724ae8d85add,Assigned and work started.,2024-09-17 11:24:00+00
94f13ce6-7ec1-4a42-8ce6-0b73794c2e9b,e4797bc0-03e9-4cf2-80e7-5c169b083897,in_progress,resolved,59064e3f-1d1e-4817-8491-724ae8d85add,Work completed and verified.,2024-10-08 06:16:00+00
b9e9c750-a64b-48bb-a73b-645fa6f93054,e4797bc0-03e9-4cf2-80e7-5c169b083897,resolved,closed,59064e3f-1d1e-4817-8491-724ae8d85add,Ticket closed.,2024-10-15 08:53:00+00
017099e6-91b4-4dc8-820c-6c10640edf12,9a584b57-8460-4514-9c32-fe94abf5dacb,,open,80b1ad8c-feff-46bb-a25a-c63711fbe13d,Ticket raised from the fleet condition report.,2026-05-23 06:08:00+00
1a3e791b-74c9-417e-bee2-7f7d15473a22,9a584b57-8460-4514-9c32-fe94abf5dacb,open,in_progress,578b9882-da22-4a57-8191-8e7a8ca512f5,Assigned and work started.,2026-05-24 10:25:00+00
1e3758d1-f077-4fb3-9e4f-ec7c5da61df6,9a584b57-8460-4514-9c32-fe94abf5dacb,in_progress,resolved,578b9882-da22-4a57-8191-8e7a8ca512f5,Work completed and verified.,2026-06-13 16:31:00+00
f862ed74-9ef6-414b-9cc7-dfb979badfcf,f7229ec4-28dd-4eed-aff8-36e14d8fca7a,,open,68859bd6-b2bb-408c-a81a-afb598bf0b74,Ticket raised from the fleet condition report.,2025-08-28 06:35:00+00
576a49ee-c450-4f11-8f35-12a59c9bc848,f7229ec4-28dd-4eed-aff8-36e14d8fca7a,open,in_progress,7ab528b9-cbf7-4b46-8d45-847ab79da77d,Assigned and work started.,2025-08-29 08:40:00+00
5ae185c6-188b-4e26-8927-2e7a947e56df,f7229ec4-28dd-4eed-aff8-36e14d8fca7a,in_progress,resolved,7ab528b9-cbf7-4b46-8d45-847ab79da77d,Work completed and verified.,2025-09-16 12:28:00+00
0fb6a21d-7cef-465f-94b5-ad03986fb373,f7229ec4-28dd-4eed-aff8-36e14d8fca7a,resolved,closed,7ab528b9-cbf7-4b46-8d45-847ab79da77d,Ticket closed.,2025-09-20 15:23:00+00
4f6575bb-26d8-45fa-a703-9f5a1e0b2653,b8712bab-df46-47c8-932e-ca8efe5851bd,,open,b39348d1-7405-4464-8957-067b571cbe59,Ticket raised from the fleet condition report.,2025-01-14 05:30:00+00
b97bbef7-c89a-414e-a766-1c062926d062,b8712bab-df46-47c8-932e-ca8efe5851bd,open,in_progress,1eec88aa-d888-4b75-ab3e-84365df4210c,Assigned and work started.,2025-01-15 12:47:00+00
e7bde3f5-97e9-45fe-9035-acdba019ef03,b8712bab-df46-47c8-932e-ca8efe5851bd,in_progress,resolved,1eec88aa-d888-4b75-ab3e-84365df4210c,Work completed and verified.,2025-01-20 16:41:00+00
b7229e97-225c-47af-b7b1-cc0425b517a0,b8712bab-df46-47c8-932e-ca8efe5851bd,resolved,closed,1eec88aa-d888-4b75-ab3e-84365df4210c,Ticket closed.,2025-01-27 16:28:00+00
f328c9d8-74bc-44ff-a769-92adb57f327e,534ae558-ab8c-47f6-89f8-61bdbe681a92,,open,53729164-22f4-4aa2-a9ce-1b992ed4e050,Ticket raised from the fleet condition report.,2025-03-18 15:24:00+00
3f5a2df7-33e4-48d1-90ae-8672aaeca383,534ae558-ab8c-47f6-89f8-61bdbe681a92,open,in_progress,472d1148-29aa-49e3-9b18-f6759b63e0a7,Assigned and work started.,2025-03-19 09:14:00+00
d9d73ff0-28ad-4b35-b0a4-bbbe60f75568,534ae558-ab8c-47f6-89f8-61bdbe681a92,in_progress,resolved,472d1148-29aa-49e3-9b18-f6759b63e0a7,Work completed and verified.,2025-03-31 06:04:00+00
d3d7d4ca-3cfb-4c7a-9141-09fe9f9aa532,80a864f2-62f8-468e-b9a9-829ce283a010,,open,53fa7f0e-3f0d-47ea-bd2d-695e63a234db,Ticket raised from the fleet condition report.,2025-09-11 15:47:00+00
c84ef3af-7675-4580-8f5f-b4f1eea4e4f4,80a864f2-62f8-468e-b9a9-829ce283a010,open,in_progress,26786492-bebd-4e3a-8719-4c486f70d604,Assigned and work started.,2025-09-12 16:51:00+00
80f380ac-2b87-48b1-bd3a-73ff66b822bd,80a864f2-62f8-468e-b9a9-829ce283a010,in_progress,resolved,26786492-bebd-4e3a-8719-4c486f70d604,Work completed and verified.,2025-09-26 07:21:00+00
8661d0a3-c5f0-4b76-a32d-4d69f8bbea29,80a864f2-62f8-468e-b9a9-829ce283a010,resolved,closed,26786492-bebd-4e3a-8719-4c486f70d604,Ticket closed.,2025-10-03 16:08:00+00
4d3a1abc-49bc-49dc-8e50-e7fe96de570d,26fcbf8b-7b47-40c6-865f-3faa0084e3bf,open,in_progress,33de58c2-5dc4-4385-bc4c-9ad66a6fe320,Assigned and work started.,2026-02-26 05:20:00+00
ab76b2f3-9f9d-4c5c-8a9a-3fbf0f836683,2728f120-db16-4b5a-bddd-88ea29b66c1c,,open,aa74ca35-434e-47be-8bd6-af6914b9a935,Ticket raised from the fleet condition report.,2026-07-30 17:28:00+00
5b0c3154-0dcf-4e40-b03a-06faf0c45ea7,0535ace1-6173-469c-a7ec-7a6ed0bfd218,,open,d8054855-141d-41de-b91c-4fd89942c56e,Ticket raised from the fleet condition report.,2024-10-26 07:54:00+00
fde4e5d4-a57c-49ca-a2b2-3f3c8cef31ce,0535ace1-6173-469c-a7ec-7a6ed0bfd218,open,in_progress,0bcca5d2-620c-4e90-ae82-fb6ffc7af33d,Assigned and work started.,2024-10-27 13:31:00+00
fba97d4c-2d41-466d-90ac-72a46ffbc635,0535ace1-6173-469c-a7ec-7a6ed0bfd218,in_progress,resolved,0bcca5d2-620c-4e90-ae82-fb6ffc7af33d,Work completed and verified.,2024-11-02 07:08:00+00
185a2666-8e9e-41ba-a60f-5a0594960f59,c7c059c9-6002-4bf7-a5e5-a7dcd22bb59f,,open,59d6aa79-2377-4337-9638-88a668cb9c4b,Ticket raised from the fleet condition report.,2025-04-27 09:09:00+00
80de0e8e-5c60-4384-9783-053c70a67b7b,c7c059c9-6002-4bf7-a5e5-a7dcd22bb59f,open,in_progress,832b089f-ff95-441d-a9ca-716951d24f37,Assigned and work started.,2025-04-28 11:55:00+00
81617c9c-dc58-43c6-aaec-0231d70437c6,c7c059c9-6002-4bf7-a5e5-a7dcd22bb59f,in_progress,resolved,832b089f-ff95-441d-a9ca-716951d24f37,Work completed and verified.,2025-05-04 13:11:00+00
91ab62db-b531-4ca8-aa2f-2f6ee327c29d,db349625-5989-40b4-89b7-fa4fca78ee30,,open,374f53b7-0887-4a96-8b7e-6555d250872a,Ticket raised from the fleet condition report.,2025-07-27 12:27:00+00
94a6863c-e667-43d4-96b4-42474f112867,db349625-5989-40b4-89b7-fa4fca78ee30,open,in_progress,cdd74f33-dff3-4b0f-8378-d2989570b4c6,Assigned and work started.,2025-07-28 07:29:00+00
b1ecd703-337f-4b6b-ba40-802fafab2f28,db349625-5989-40b4-89b7-fa4fca78ee30,in_progress,resolved,cdd74f33-dff3-4b0f-8378-d2989570b4c6,Work completed and verified.,2025-08-20 06:33:00+00
66bcdcc5-ec9c-405a-8838-fb4c03860b93,570b8f8b-5f04-4d95-90d4-5c31578f8ac0,,open,3c5b8d69-75e5-4a06-9f93-b9c0e7929f9f,Ticket raised from the fleet condition report.,2026-03-17 13:55:00+00
ce7f032f-7d54-4cff-800e-d48eb511eeff,570b8f8b-5f04-4d95-90d4-5c31578f8ac0,open,in_progress,fb16df24-42b0-44f6-8de3-8f95cdd7dc1f,Assigned and work started.,2026-03-18 12:04:00+00
2e332d94-4070-492d-9340-be383d9fb3a0,570b8f8b-5f04-4d95-90d4-5c31578f8ac0,in_progress,resolved,fb16df24-42b0-44f6-8de3-8f95cdd7dc1f,Work completed and verified.,2026-04-08 16:14:00+00
22035170-124c-4745-aa0f-10e226df6008,570b8f8b-5f04-4d95-90d4-5c31578f8ac0,resolved,closed,fb16df24-42b0-44f6-8de3-8f95cdd7dc1f,Ticket closed.,2026-04-17 07:33:00+00
af76ef34-3591-46f8-b74d-ed2ecbd794a1,239f7852-c5ba-4336-b86b-621005f009b4,,open,bc386f1f-6069-48e1-bf31-dca443044b19,Ticket raised from the fleet condition report.,2024-08-24 11:37:00+00
1895447f-e08f-427a-b0fe-0e9e7e466117,239f7852-c5ba-4336-b86b-621005f009b4,open,in_progress,6b59f9f2-4c2d-40ea-8a3b-76bb6b7f5dd1,Assigned and work started.,2024-08-25 13:20:00+00
234d833f-1610-4649-97a2-df0609a8f8d3,239f7852-c5ba-4336-b86b-621005f009b4,in_progress,resolved,6b59f9f2-4c2d-40ea-8a3b-76bb6b7f5dd1,Work completed and verified.,2024-09-05 11:52:00+00
a159ccff-e352-4fb8-8a0a-7fb6c3a2ef9a,239f7852-c5ba-4336-b86b-621005f009b4,resolved,closed,6b59f9f2-4c2d-40ea-8a3b-76bb6b7f5dd1,Ticket closed.,2024-09-09 07:56:00+00
4dc22514-82ab-4f81-8e1f-9bc782d7a0e0,f21bf571-d6c1-445c-803c-c573a76acff5,,open,8679d499-93b5-4c67-96a9-235351c57233,Ticket raised from the fleet condition report.,2024-09-26 09:29:00+00
5dcfd4e5-e3ea-459b-9c83-581119e10917,f21bf571-d6c1-445c-803c-c573a76acff5,open,in_progress,4608f3d6-5f3d-4b49-8c19-e917a798062c,Assigned and work started.,2024-09-27 17:26:00+00
f02375ee-efab-4a0e-b041-26a9243a1d6e,f21bf571-d6c1-445c-803c-c573a76acff5,in_progress,resolved,4608f3d6-5f3d-4b49-8c19-e917a798062c,Work completed and verified.,2024-10-02 17:42:00+00
ac7ae2b3-5c8e-42e1-a55e-840db0b67c9a,f21bf571-d6c1-445c-803c-c573a76acff5,resolved,closed,4608f3d6-5f3d-4b49-8c19-e917a798062c,Ticket closed.,2024-10-08 12:11:00+00
30cd39a2-5bfe-43b5-ac8c-f911c708abc8,cda5c391-f94b-43c1-8988-78961cc60734,,open,bd95dfd1-5af7-41d2-85ef-bbb2b0f57a12,Ticket raised from the fleet condition report.,2026-08-05 07:12:00+00
eaac1861-c7a0-4640-816f-cd891d730ce2,cda5c391-f94b-43c1-8988-78961cc60734,open,in_progress,5797f891-99a9-4a6a-b447-0d48d749c9b0,Assigned and work started.,2026-08-06 15:49:00+00
a30ddc3e-ca82-4f73-bb0d-0822cdb99367,cda5c391-f94b-43c1-8988-78961cc60734,in_progress,resolved,5797f891-99a9-4a6a-b447-0d48d749c9b0,Work completed and verified.,2026-08-09 16:24:00+00
c1fda557-5eb5-42e8-87a1-efd646d7ebbb,2365ed53-ef44-431e-ac7f-95465b1b4721,,open,960e7df1-3079-4aab-812d-cf90bb2b019e,Ticket raised from the fleet condition report.,2025-04-29 06:08:00+00
a683d460-48cd-4c82-9c75-57e0f4bd8435,5ef18f9a-656c-49af-b8fc-696f43fd9cec,,open,8dcb5a65-7c64-4266-ba48-95af8cce89d8,Ticket raised from the fleet condition report.,2025-12-13 05:37:00+00
437fea74-6ee3-4d5d-aef9-38a812fa3e13,5ef18f9a-656c-49af-b8fc-696f43fd9cec,open,in_progress,3ad6d85f-8eb2-429d-b6b0-9df328ae585b,Assigned and work started.,2025-12-14 05:25:00+00
61e1c4b3-86a7-47f9-a1e6-ff61231aac17,5ef18f9a-656c-49af-b8fc-696f43fd9cec,in_progress,resolved,3ad6d85f-8eb2-429d-b6b0-9df328ae585b,Work completed and verified.,2025-12-15 14:52:00+00
410d354e-0489-4aca-b6e7-3a49d1f54974,5ef18f9a-656c-49af-b8fc-696f43fd9cec,resolved,closed,3ad6d85f-8eb2-429d-b6b0-9df328ae585b,Ticket closed.,2025-12-21 17:11:00+00
a55341ca-9a5d-4f74-8112-17a9da7b5ee4,cfd74268-5a54-4475-b3fd-5cc9f7c97eab,,open,d310eb40-f450-4462-95ca-3394c61cd538,Ticket raised from the fleet condition report.,2025-02-23 10:01:00+00
381b1691-3086-4a8d-bb8a-86d3e5139604,cfd74268-5a54-4475-b3fd-5cc9f7c97eab,open,in_progress,66cb2aca-9bcf-48c3-b8bf-8e61319ccfcf,Assigned and work started.,2025-02-24 06:27:00+00
d7fffef6-9d7d-4806-bd31-794ab6524dfd,cfd74268-5a54-4475-b3fd-5cc9f7c97eab,in_progress,resolved,66cb2aca-9bcf-48c3-b8bf-8e61319ccfcf,Work completed and verified.,2025-03-14 08:38:00+00
6c9da33a-c608-43f8-8d8f-db9f47a88005,cfd74268-5a54-4475-b3fd-5cc9f7c97eab,resolved,closed,66cb2aca-9bcf-48c3-b8bf-8e61319ccfcf,Ticket closed.,2025-03-19 05:34:00+00
bb5021f4-37f6-46ea-a937-57c46e993eb1,dedd5da7-6fbd-4167-b941-536c55a45100,,open,e6eb9d66-d679-4e1f-8e6b-fdb21a16881d,Ticket raised from the fleet condition report.,2025-04-16 13:37:00+00
792613a9-61b1-461b-b795-8f8cff0b0789,dedd5da7-6fbd-4167-b941-536c55a45100,open,in_progress,acc29e92-bfe4-4843-8a5e-b9f6e945a18e,Assigned and work started.,2025-04-17 17:50:00+00
3b499f0a-0911-4bd2-afee-be7241dff0a8,dedd5da7-6fbd-4167-b941-536c55a45100,in_progress,resolved,acc29e92-bfe4-4843-8a5e-b9f6e945a18e,Work completed and verified.,2025-05-02 16:51:00+00
1d484c55-d499-431a-a532-7210e6f48e77,dedd5da7-6fbd-4167-b941-536c55a45100,resolved,closed,acc29e92-bfe4-4843-8a5e-b9f6e945a18e,Ticket closed.,2025-05-10 10:46:00+00
074386e0-c18f-4bd1-b75a-c3441dad682d,9072c8ae-8691-4c10-a60e-eafdc3684624,,open,e15a11ed-4e40-4f3c-8011-cbb4911d7069,Ticket raised from the fleet condition report.,2024-09-21 16:47:00+00
1e5be184-ebc1-4eb4-af04-cd5c181441aa,9072c8ae-8691-4c10-a60e-eafdc3684624,open,in_progress,ee5357e0-7ef0-49d6-aba4-c3a983e97bbd,Assigned and work started.,2024-09-22 11:30:00+00
59ea90a3-742f-4d28-9c50-b1486f62e740,9072c8ae-8691-4c10-a60e-eafdc3684624,in_progress,resolved,ee5357e0-7ef0-49d6-aba4-c3a983e97bbd,Work completed and verified.,2024-10-08 10:53:00+00
807556af-7c93-4f57-a569-b6771210b84b,9072c8ae-8691-4c10-a60e-eafdc3684624,resolved,closed,ee5357e0-7ef0-49d6-aba4-c3a983e97bbd,Ticket closed.,2024-10-18 11:47:00+00
09f2d918-8bd7-41db-b2bd-1ff6fd6a3d07,f7539110-0c00-4956-a30a-9864d68faa16,,open,827ddce0-e57e-49e0-b564-c5b4daf83ac3,Ticket raised from the fleet condition report.,2025-09-18 05:47:00+00
010705bc-f97c-46d8-8cfa-cc58f2f32402,f7539110-0c00-4956-a30a-9864d68faa16,open,in_progress,3ad6d85f-8eb2-429d-b6b0-9df328ae585b,Assigned and work started.,2025-09-19 06:41:00+00
ba18dbc3-2055-45c8-9620-879940e23997,f7539110-0c00-4956-a30a-9864d68faa16,in_progress,resolved,3ad6d85f-8eb2-429d-b6b0-9df328ae585b,Work completed and verified.,2025-09-24 07:34:00+00
2d013dca-bfe8-4a6f-89ef-bc055db33b80,f7539110-0c00-4956-a30a-9864d68faa16,resolved,closed,3ad6d85f-8eb2-429d-b6b0-9df328ae585b,Ticket closed.,2025-10-03 11:50:00+00
264d6420-86ee-493a-b5a4-c444592d1838,02d2175b-8800-4dd9-866a-b0fbdf87edcd,,open,07a68fb1-5fe3-4894-a718-d07adde2c078,Ticket raised from the fleet condition report.,2024-12-30 08:21:00+00
89c0c68e-84bc-428e-8281-34e2fa88eb36,02d2175b-8800-4dd9-866a-b0fbdf87edcd,open,in_progress,af5f0096-7cc6-4d72-ab69-0a461681aeb5,Assigned and work started.,2024-12-31 05:51:00+00
87619c34-b048-42a6-8562-70cd84629dc3,02d2175b-8800-4dd9-866a-b0fbdf87edcd,in_progress,resolved,af5f0096-7cc6-4d72-ab69-0a461681aeb5,Work completed and verified.,2025-01-06 12:14:00+00
d2eda5c7-8522-466d-89a7-943ace3664f4,02d2175b-8800-4dd9-866a-b0fbdf87edcd,resolved,closed,af5f0096-7cc6-4d72-ab69-0a461681aeb5,Ticket closed.,2025-01-16 06:31:00+00
58b098c5-0ee5-42eb-b2d6-6e995a14d1ef,612b0394-c7d2-4e12-a3f5-5339ff5b023b,,open,b737044f-e300-48b8-8023-aa3efab6953e,Ticket raised from the fleet condition report.,2026-05-22 17:24:00+00
e31be02f-75f5-43aa-a974-3479913ffc02,612b0394-c7d2-4e12-a3f5-5339ff5b023b,open,in_progress,f99df61d-d168-4c17-b0fc-99832b736ca8,Assigned and work started.,2026-05-23 06:41:00+00
a3fd9da8-3042-46b3-9f89-e0cb6a5bf612,612b0394-c7d2-4e12-a3f5-5339ff5b023b,in_progress,resolved,f99df61d-d168-4c17-b0fc-99832b736ca8,Work completed and verified.,2026-06-06 16:19:00+00
79cd3e6d-a1b5-4d78-9537-eb5742d2d1eb,9b81c1d0-0941-4fdc-98cb-a8629841e0c4,,open,5250a6e8-dae1-44d3-a749-0de618f21f17,Ticket raised from the fleet condition report.,2025-12-16 13:45:00+00
431b619b-4110-4f9d-b65a-ffd7e6da1568,9b81c1d0-0941-4fdc-98cb-a8629841e0c4,open,in_progress,accf0286-4b23-46a3-851f-00be6bdd8e5f,Assigned and work started.,2025-12-17 15:49:00+00
52e1f982-4710-45e3-bca6-678564b4164a,9b81c1d0-0941-4fdc-98cb-a8629841e0c4,in_progress,resolved,accf0286-4b23-46a3-851f-00be6bdd8e5f,Work completed and verified.,2025-12-23 17:00:00+00
bd64f49f-dc71-437f-983d-3a7b8f37531b,8f670792-9dfe-4452-a0a0-5940d6152ddd,,open,dc7713dd-6bb6-4890-9467-499b23c21017,Ticket raised from the fleet condition report.,2025-01-13 10:54:00+00
249f76ca-2c3b-46d2-8006-a4a8736f77e8,8f670792-9dfe-4452-a0a0-5940d6152ddd,open,in_progress,3116c9d0-e74c-4cf3-84ee-8fbb2165d83f,Assigned and work started.,2025-01-14 07:02:00+00
e9f424cb-5331-4ecb-a254-5619f5f9f520,8f670792-9dfe-4452-a0a0-5940d6152ddd,in_progress,resolved,3116c9d0-e74c-4cf3-84ee-8fbb2165d83f,Work completed and verified.,2025-01-16 17:34:00+00
7e462dbd-5c9e-4bc0-a1f5-9c00627e8428,8f670792-9dfe-4452-a0a0-5940d6152ddd,resolved,closed,3116c9d0-e74c-4cf3-84ee-8fbb2165d83f,Ticket closed.,2025-01-26 07:04:00+00
797b4174-6c0f-4f81-9236-c7e0ab5fb7fd,4e5bd82f-26d2-46e4-9d89-f630a924343c,,open,da57c1aa-76be-46c1-a034-d9db5da6a262,Ticket raised from the fleet condition report.,2025-02-10 09:12:00+00
e4384b63-1afa-4753-8442-158ebf22705d,4e5bd82f-26d2-46e4-9d89-f630a924343c,open,in_progress,46b65206-6f2c-4777-b6a0-ed9d0d81dc19,Assigned and work started.,2025-02-11 06:55:00+00
61f035d6-d542-4e73-971a-721aae9b67a8,4e5bd82f-26d2-46e4-9d89-f630a924343c,in_progress,resolved,46b65206-6f2c-4777-b6a0-ed9d0d81dc19,Work completed and verified.,2025-02-21 09:48:00+00
146a4789-6d3a-4be6-8097-3aa61eea412d,4e5bd82f-26d2-46e4-9d89-f630a924343c,resolved,closed,46b65206-6f2c-4777-b6a0-ed9d0d81dc19,Ticket closed.,2025-02-22 11:33:00+00
5562d67a-4360-4927-8efd-6a08f510952c,fda9b5bd-576b-4fdd-b200-28e70df03e1c,,open,c5ac0691-9daf-41ec-9af8-8a163bd32f72,Ticket raised from the fleet condition report.,2024-11-11 07:22:00+00
39a8f668-2ba7-449c-8707-9190a08de89f,fda9b5bd-576b-4fdd-b200-28e70df03e1c,open,in_progress,43adafee-47fa-4fdd-a233-526bc7ecffb2,Assigned and work started.,2024-11-12 05:14:00+00
aabb6591-d5b8-48fc-b4ed-f340eed41270,fda9b5bd-576b-4fdd-b200-28e70df03e1c,in_progress,resolved,43adafee-47fa-4fdd-a233-526bc7ecffb2,Work completed and verified.,2024-11-20 09:55:00+00
191ff622-b9d8-4143-9776-bf2d947e76fe,fda9b5bd-576b-4fdd-b200-28e70df03e1c,resolved,closed,43adafee-47fa-4fdd-a233-526bc7ecffb2,Ticket closed.,2024-11-23 16:07:00+00
b5d2f12c-81f2-4bb8-8628-a460aca98d39,688d0e62-a02c-47dc-8166-6a02e3f56ff1,,open,e9baee08-416a-4875-a426-d88003f53bb3,Ticket raised from the fleet condition report.,2025-03-24 10:48:00+00
73b1f1f1-83ad-4dec-b93f-dc4326255fb2,688d0e62-a02c-47dc-8166-6a02e3f56ff1,open,in_progress,2fc76645-2797-42a6-b6b9-d134b926381b,Assigned and work started.,2025-03-25 05:02:00+00
855c9731-fd53-4965-844d-71e8a8edb183,688d0e62-a02c-47dc-8166-6a02e3f56ff1,in_progress,resolved,2fc76645-2797-42a6-b6b9-d134b926381b,Work completed and verified.,2025-04-12 10:37:00+00
ad0782f9-7c14-4c65-8a38-12b550d4c7b8,688d0e62-a02c-47dc-8166-6a02e3f56ff1,resolved,closed,2fc76645-2797-42a6-b6b9-d134b926381b,Ticket closed.,2025-04-17 12:07:00+00
9726a828-baca-4222-a274-be6121da4926,1f01eed0-318f-47f1-9b9b-c8ac95ae22c2,,open,58d58f6f-c7d9-4037-9d48-18e1877be077,Ticket raised from the fleet condition report.,2024-09-10 12:54:00+00
f1c7e35d-e1c4-43aa-9b8b-6c9092034094,1f01eed0-318f-47f1-9b9b-c8ac95ae22c2,open,in_progress,1ad7ccbc-6809-4f96-83f4-c7636a2a4728,Assigned and work started.,2024-09-11 10:59:00+00
d2375ed4-5a2d-486a-a03c-3dbae2be5295,1f01eed0-318f-47f1-9b9b-c8ac95ae22c2,in_progress,resolved,1ad7ccbc-6809-4f96-83f4-c7636a2a4728,Work completed and verified.,2024-09-21 17:20:00+00
136f2579-72f3-4621-b808-23933f253943,1f01eed0-318f-47f1-9b9b-c8ac95ae22c2,resolved,closed,1ad7ccbc-6809-4f96-83f4-c7636a2a4728,Ticket closed.,2024-09-30 08:00:00+00
18028cfb-af0a-45b9-8fcf-e02db5092dc6,a35c7ef5-ee10-4b6a-a4ca-8e7553632f98,,open,e655669a-affa-4cee-ab60-e8072807b6cd,Ticket raised from the fleet condition report.,2026-06-24 13:08:00+00
75f2975a-0092-4277-a04e-f9dbff18bbfe,a35c7ef5-ee10-4b6a-a4ca-8e7553632f98,open,in_progress,a363109b-c8ce-4177-9d91-030ac0b8df3a,Assigned and work started.,2026-06-25 06:44:00+00
6fc1b789-307a-4592-b053-4c8c16da44f5,a35c7ef5-ee10-4b6a-a4ca-8e7553632f98,in_progress,resolved,a363109b-c8ce-4177-9d91-030ac0b8df3a,Work completed and verified.,2026-06-25 14:09:00+00
96170745-d13c-4c07-8595-60ffef235382,a35c7ef5-ee10-4b6a-a4ca-8e7553632f98,resolved,closed,a363109b-c8ce-4177-9d91-030ac0b8df3a,Ticket closed.,2026-06-30 12:19:00+00
781ea0e3-9e40-4d44-b41d-7e11ed3f7749,b0b929b7-837d-4448-a808-9bee02d7cfdc,,open,69c18b9a-2c07-45e1-953a-e4a54270089c,Ticket raised from the fleet condition report.,2026-02-11 05:58:00+00
e68127ed-e0dd-4c1a-8f05-be1abe8fe6fd,b0b929b7-837d-4448-a808-9bee02d7cfdc,open,in_progress,c9371eef-cb2f-45af-926f-13217cb6a7ad,Assigned and work started.,2026-02-12 13:29:00+00
bf0f2989-5b50-4583-b78c-6ad63e57057c,b0b929b7-837d-4448-a808-9bee02d7cfdc,in_progress,resolved,c9371eef-cb2f-45af-926f-13217cb6a7ad,Work completed and verified.,2026-02-17 13:31:00+00
b7dadab2-76df-4b48-9f5d-53786d584aba,b0b929b7-837d-4448-a808-9bee02d7cfdc,resolved,closed,c9371eef-cb2f-45af-926f-13217cb6a7ad,Ticket closed.,2026-02-27 06:03:00+00
e49c3218-c8d7-441f-a720-3b98221e95a4,809caad5-6c8e-4d8e-8c98-65e6981687b9,,open,e4cbf8b0-359c-4f08-904c-1a8a1fa0c608,Ticket raised from the fleet condition report.,2025-11-25 10:25:00+00
3bd195b0-1b5d-4738-b75f-6163fa45dde4,809caad5-6c8e-4d8e-8c98-65e6981687b9,open,in_progress,db01d178-e057-46ed-ba34-a2870594c197,Assigned and work started.,2025-11-26 11:15:00+00
05bbd5eb-a284-41fa-8209-e585dfa44289,809caad5-6c8e-4d8e-8c98-65e6981687b9,in_progress,resolved,db01d178-e057-46ed-ba34-a2870594c197,Work completed and verified.,2025-12-14 08:47:00+00
a2cf2539-14da-40ca-9274-b3360d2a4988,809caad5-6c8e-4d8e-8c98-65e6981687b9,resolved,closed,db01d178-e057-46ed-ba34-a2870594c197,Ticket closed.,2025-12-22 13:28:00+00
add5e5da-d5e5-432b-b8ce-ae1928c90342,6477c310-66c9-4383-9586-9e885032c0eb,,open,e0479e19-216c-419a-9125-3caa01d1cfe4,Ticket raised from the fleet condition report.,2026-07-24 10:03:00+00
87db5f27-659f-413d-b658-3a674c28aaf3,6477c310-66c9-4383-9586-9e885032c0eb,open,in_progress,190182a8-16ad-4409-a912-e59276021f4c,Assigned and work started.,2026-07-25 14:32:00+00
9c808830-76d6-4fb5-9e1d-37d5f2a36f12,5bf2e888-9b20-4cb7-8ed9-23d196db3920,,open,97441bfa-1406-4e41-844f-864afde39913,Ticket raised from the fleet condition report.,2025-04-23 07:02:00+00
937f63e1-b7a0-42c3-bea9-f7c51936ff7a,5bf2e888-9b20-4cb7-8ed9-23d196db3920,open,in_progress,e1c00b23-afa0-4931-bfa7-d13dc17770cc,Assigned and work started.,2025-04-24 06:11:00+00
da96d5ee-ad04-4df2-91fd-137d02330322,5bf2e888-9b20-4cb7-8ed9-23d196db3920,in_progress,resolved,e1c00b23-afa0-4931-bfa7-d13dc17770cc,Work completed and verified.,2025-05-13 15:14:00+00
c3a45c7a-8f8b-49d8-88db-f02c83f98f6c,5bf2e888-9b20-4cb7-8ed9-23d196db3920,resolved,closed,e1c00b23-afa0-4931-bfa7-d13dc17770cc,Ticket closed.,2025-05-17 10:54:00+00
5a00b115-9009-4ad6-b078-b4c1f0e9a20c,79cc3c88-c0c2-4583-a158-eaeee17f3bc7,,open,07e0c835-51f1-4fad-9254-f68f64738d72,Ticket raised from the fleet condition report.,2025-10-30 08:55:00+00
c135de07-ca13-4e80-a5fd-4a36a5280ea1,79cc3c88-c0c2-4583-a158-eaeee17f3bc7,open,in_progress,5b4b300b-3f2b-4fb0-bc62-3eae56605668,Assigned and work started.,2025-10-31 09:41:00+00
4ba727ed-94db-4141-a625-eeeacfaa1e05,79cc3c88-c0c2-4583-a158-eaeee17f3bc7,in_progress,resolved,5b4b300b-3f2b-4fb0-bc62-3eae56605668,Work completed and verified.,2025-10-31 06:32:00+00
66498e4b-5e53-4e77-b65b-65e10ca535d4,751a5e44-e945-4bd4-be03-dde65eff6170,,open,53729164-22f4-4aa2-a9ce-1b992ed4e050,Ticket raised from the fleet condition report.,2025-03-29 15:26:00+00
1f2d268e-191d-4b4f-8450-1f4297c8962b,751a5e44-e945-4bd4-be03-dde65eff6170,open,in_progress,ea3a55a2-e8eb-400a-a3e6-3895bf70675d,Assigned and work started.,2025-03-30 05:54:00+00
ac2aa6ea-f395-4240-ac3e-f52bac8a08f8,751a5e44-e945-4bd4-be03-dde65eff6170,in_progress,resolved,ea3a55a2-e8eb-400a-a3e6-3895bf70675d,Work completed and verified.,2025-04-07 16:58:00+00
47e8e250-030d-4357-9c91-d3903c6bf875,751a5e44-e945-4bd4-be03-dde65eff6170,resolved,closed,ea3a55a2-e8eb-400a-a3e6-3895bf70675d,Ticket closed.,2025-04-10 10:12:00+00
55ea2ec1-ee1f-42ff-be4e-38bfce6d8826,9a044fb8-0b8f-42cf-87d1-dbd865f610c6,,open,5759f3d2-34f3-483d-818a-1b5627a40557,Ticket raised from the fleet condition report.,2026-06-29 15:45:00+00
25602a6a-97bd-4338-95a6-03234383479b,9a044fb8-0b8f-42cf-87d1-dbd865f610c6,open,in_progress,f9a5607b-7040-4ba8-95c0-6de3c5367dea,Assigned and work started.,2026-06-30 06:55:00+00
44715f31-3756-490e-b4db-7bf9bd08b418,9a044fb8-0b8f-42cf-87d1-dbd865f610c6,in_progress,resolved,f9a5607b-7040-4ba8-95c0-6de3c5367dea,Work completed and verified.,2026-07-14 15:27:00+00
17c1d5b7-fe13-4cbb-9944-b0e67c7524df,449bc832-d6d0-4fad-b798-38ec827cd0f5,,open,2b2dd463-c79c-4e5e-9b4c-4bf76d30b8fa,Ticket raised from the fleet condition report.,2024-10-13 07:17:00+00
eac42587-9d14-4bae-9224-c906dc8b8598,449bc832-d6d0-4fad-b798-38ec827cd0f5,open,in_progress,c4046467-2ed2-4768-9d99-e876c09fe713,Assigned and work started.,2024-10-14 06:46:00+00
fde7ca75-4139-4094-b23a-2ef345218bac,449bc832-d6d0-4fad-b798-38ec827cd0f5,in_progress,resolved,c4046467-2ed2-4768-9d99-e876c09fe713,Work completed and verified.,2024-10-17 10:21:00+00
2aca2f35-c6ee-4e8e-8613-da5fdbcee267,449bc832-d6d0-4fad-b798-38ec827cd0f5,resolved,closed,c4046467-2ed2-4768-9d99-e876c09fe713,Ticket closed.,2024-10-22 07:42:00+00
39b567b8-f1fe-4176-a3a5-0f86f89c5fd5,f843548b-e1b6-41fa-b28f-06d9b7fe1373,,open,3550af1b-8448-4d40-8c05-ed34a5dcdf31,Ticket raised from the fleet condition report.,2025-04-14 08:57:00+00
110fa1f9-b3f3-4548-b8fa-c5f6517e42b7,f843548b-e1b6-41fa-b28f-06d9b7fe1373,open,in_progress,838168e2-a894-48b0-9e58-4f1f4612a1b3,Assigned and work started.,2025-04-15 16:53:00+00
b4cb66ac-f97a-40a1-9e7e-26c3b559df97,f843548b-e1b6-41fa-b28f-06d9b7fe1373,in_progress,resolved,838168e2-a894-48b0-9e58-4f1f4612a1b3,Work completed and verified.,2025-05-08 13:38:00+00
28eada8b-7ee9-40cb-ac12-7c5e2fa7d21b,f843548b-e1b6-41fa-b28f-06d9b7fe1373,resolved,closed,838168e2-a894-48b0-9e58-4f1f4612a1b3,Ticket closed.,2025-05-11 10:34:00+00
18f5cf83-3fe8-4105-9456-20c9787fb751,5e1a95d9-b90a-46fa-ac7a-5a7d29bb765a,,open,0218e2f7-4d2d-4229-b899-199f6afe4c10,Ticket raised from the fleet condition report.,2024-08-14 12:09:00+00
949fad0b-cd7a-4133-bc4f-c04d57610cc6,5e1a95d9-b90a-46fa-ac7a-5a7d29bb765a,open,in_progress,2e1b0afe-0496-4426-b986-9eee617c68c8,Assigned and work started.,2024-08-15 15:44:00+00
ae5e0aa8-ff8d-4ded-9a3c-9d484b6f1ae0,5e1a95d9-b90a-46fa-ac7a-5a7d29bb765a,in_progress,resolved,2e1b0afe-0496-4426-b986-9eee617c68c8,Work completed and verified.,2024-09-02 06:51:00+00
a63c9e20-a86e-4adf-9b95-17c86cb814f6,afc25909-380a-47a2-ac70-b5d59f23db67,,open,86c61fdf-4d13-4cd6-b3fe-a85018a6bd65,Ticket raised from the fleet condition report.,2025-10-14 11:30:00+00
85fb7898-65dc-411d-993e-b7c4b627754f,17e3a6e9-4dd4-43f8-bb01-3b9af902bb40,,open,7d5abb4b-df5b-4b75-bbe9-78fb814d0dc1,Ticket raised from the fleet condition report.,2026-01-10 06:19:00+00
defe8bf5-e8be-4c46-9f2b-2911080b40ca,17e3a6e9-4dd4-43f8-bb01-3b9af902bb40,open,in_progress,2fb7dab3-e151-490f-9c20-9b329d4fba20,Assigned and work started.,2026-01-11 17:30:00+00
08b791df-9df5-4ee8-bfc2-fb405ceb8df1,17e3a6e9-4dd4-43f8-bb01-3b9af902bb40,in_progress,resolved,2fb7dab3-e151-490f-9c20-9b329d4fba20,Work completed and verified.,2026-01-31 09:48:00+00
7c72fa14-9081-4595-b362-a096d7759d13,17e3a6e9-4dd4-43f8-bb01-3b9af902bb40,resolved,closed,2fb7dab3-e151-490f-9c20-9b329d4fba20,Ticket closed.,2026-02-10 10:16:00+00
685cbaf8-81e0-4d1d-877f-6be37b6c9b06,7615fc53-3c66-4ce5-9f68-2687c4f5a61a,,open,27617322-2ba2-4998-a78c-dde6a27ed2a2,Ticket raised from the fleet condition report.,2025-09-15 11:00:00+00
9b8f8812-e17c-4d97-b4ca-79b5f1d8185b,7615fc53-3c66-4ce5-9f68-2687c4f5a61a,open,in_progress,ece2a321-bc6d-4cdf-9d3a-f642ed83ae68,Assigned and work started.,2025-09-16 13:49:00+00
d03bf48c-9774-4511-a1df-c8cc8a2a7464,7615fc53-3c66-4ce5-9f68-2687c4f5a61a,in_progress,resolved,ece2a321-bc6d-4cdf-9d3a-f642ed83ae68,Work completed and verified.,2025-09-20 06:54:00+00
21772b54-a4c2-4ed3-8d61-506f0bc666c6,7615fc53-3c66-4ce5-9f68-2687c4f5a61a,resolved,closed,ece2a321-bc6d-4cdf-9d3a-f642ed83ae68,Ticket closed.,2025-09-27 06:01:00+00
a5a36971-22a4-4ba4-ae3c-5b89d9a87c2b,fbd8386a-146b-429f-ae9d-52cf70be2ba5,,open,4e687221-2aec-4a3c-b701-5383edc61335,Ticket raised from the fleet condition report.,2026-02-26 06:18:00+00
95a4baf1-c993-4138-a174-2c0c09f92623,fbd8386a-146b-429f-ae9d-52cf70be2ba5,open,in_progress,838168e2-a894-48b0-9e58-4f1f4612a1b3,Assigned and work started.,2026-02-27 06:06:00+00
a41ed687-045a-49b7-b1b1-476602967e5b,fbd8386a-146b-429f-ae9d-52cf70be2ba5,in_progress,resolved,838168e2-a894-48b0-9e58-4f1f4612a1b3,Work completed and verified.,2026-03-03 15:35:00+00
a8a2a3d0-4ec9-4e48-a077-bc1f4e829d71,fbd8386a-146b-429f-ae9d-52cf70be2ba5,resolved,closed,838168e2-a894-48b0-9e58-4f1f4612a1b3,Ticket closed.,2026-03-10 08:32:00+00
eb4e8ba5-2df9-40f7-bb02-dc13a56c4f06,26fcbf8b-7b47-40c6-865f-3faa0084e3bf,,open,daed14d1-fc2b-4d7e-9d2d-2e18ff9be508,Ticket raised from the fleet condition report.,2026-02-25 14:47:00+00
81495f66-c401-4f9b-b524-0d72bf0dcb54,26fcbf8b-7b47-40c6-865f-3faa0084e3bf,in_progress,resolved,33de58c2-5dc4-4385-bc4c-9ad66a6fe320,Work completed and verified.,2026-03-16 10:31:00+00
947be3a1-545a-454e-87c4-72a430779977,26fcbf8b-7b47-40c6-865f-3faa0084e3bf,resolved,closed,33de58c2-5dc4-4385-bc4c-9ad66a6fe320,Ticket closed.,2026-03-22 09:39:00+00
f87797da-8e78-4829-a367-d2a70f4ddbb4,e6eb42b0-c754-4bc3-94a4-df5144847910,,open,0f44c2c3-30f2-4b3e-89ac-61f9625f0899,Ticket raised from the fleet condition report.,2026-03-19 16:55:00+00
bfeeed0e-ce0c-496a-ae1d-e12b0bcdb2dd,e6eb42b0-c754-4bc3-94a4-df5144847910,open,in_progress,b33c4ff9-69b5-4437-9699-63c066d6c353,Assigned and work started.,2026-03-20 07:38:00+00
9dded4e5-2c7d-45d9-ba67-cd90cce72d0d,e6eb42b0-c754-4bc3-94a4-df5144847910,in_progress,resolved,b33c4ff9-69b5-4437-9699-63c066d6c353,Work completed and verified.,2026-04-06 15:30:00+00
6a97ba04-7160-4c95-a494-71df0620ef4c,e6eb42b0-c754-4bc3-94a4-df5144847910,resolved,closed,b33c4ff9-69b5-4437-9699-63c066d6c353,Ticket closed.,2026-04-12 11:26:00+00
06c44010-a22c-4f56-8f52-6fd5a6d25ced,00ec7785-ba00-4cc0-9f5c-01056c7768c8,,open,ead9fd88-9042-4b6c-a7a4-a16b836bc12e,Ticket raised from the fleet condition report.,2025-07-15 11:37:00+00
1c9bddd4-43c1-4674-b556-1dd3d92c2111,00ec7785-ba00-4cc0-9f5c-01056c7768c8,open,in_progress,26786492-bebd-4e3a-8719-4c486f70d604,Assigned and work started.,2025-07-16 13:16:00+00
884911f7-7b3d-41ce-8c88-d88aace42a0e,00ec7785-ba00-4cc0-9f5c-01056c7768c8,in_progress,resolved,26786492-bebd-4e3a-8719-4c486f70d604,Work completed and verified.,2025-08-08 05:07:00+00
5c9fbe45-8dce-4cb6-9706-04c872e0ad29,a483aaa4-0656-4874-a387-2482ee92f62a,,open,a147aaff-7666-44df-be95-5ac65ea9bc50,Ticket raised from the fleet condition report.,2025-08-27 13:25:00+00
14ece3f1-22d4-4b20-92cd-ce617d6ac3b1,a483aaa4-0656-4874-a387-2482ee92f62a,open,in_progress,799f9455-62db-4da1-8b99-9f32da209d65,Assigned and work started.,2025-08-28 06:14:00+00
2303992f-2ad4-4a82-9fa0-8bd75d7fe484,a483aaa4-0656-4874-a387-2482ee92f62a,in_progress,resolved,799f9455-62db-4da1-8b99-9f32da209d65,Work completed and verified.,2025-09-07 17:11:00+00
5fc85bfb-06bb-4f02-9099-ce28ccd94a4f,a483aaa4-0656-4874-a387-2482ee92f62a,resolved,closed,799f9455-62db-4da1-8b99-9f32da209d65,Ticket closed.,2025-09-13 11:51:00+00
a1d1da27-bb45-4171-a591-31c877b4b2ed,00bdafcb-5971-4969-bc49-911b26294ecd,,open,2e86516c-c292-41da-b03d-25fe05969cf1,Ticket raised from the fleet condition report.,2026-07-15 13:01:00+00
d0191663-822a-4be8-935a-df85248e65f2,00bdafcb-5971-4969-bc49-911b26294ecd,open,in_progress,3ad6d85f-8eb2-429d-b6b0-9df328ae585b,Assigned and work started.,2026-07-16 10:54:00+00
d74a40dd-edb6-42e6-8a25-376142140bd2,00bdafcb-5971-4969-bc49-911b26294ecd,in_progress,resolved,3ad6d85f-8eb2-429d-b6b0-9df328ae585b,Work completed and verified.,2026-07-19 08:35:00+00
00d8e3a9-2408-4b1b-8ac6-596a11c33c6e,1e7a8a21-63c9-4ee9-ab44-a74920502ae0,,open,4c823f41-1c70-4687-81af-94c5feb0d762,Ticket raised from the fleet condition report.,2025-01-26 05:17:00+00
f12e5dd4-067b-4943-85d2-959c5f9abe53,1e7a8a21-63c9-4ee9-ab44-a74920502ae0,open,in_progress,9580e2d6-e004-4873-9ea1-5e63bb707d70,Assigned and work started.,2025-01-27 15:32:00+00
250a02a8-b45f-47b0-8c5d-016a5d299f08,1e7a8a21-63c9-4ee9-ab44-a74920502ae0,in_progress,resolved,9580e2d6-e004-4873-9ea1-5e63bb707d70,Work completed and verified.,2025-02-06 12:11:00+00
c57d35bc-d30a-4912-8d67-aa63d338b63c,1e7a8a21-63c9-4ee9-ab44-a74920502ae0,resolved,closed,9580e2d6-e004-4873-9ea1-5e63bb707d70,Ticket closed.,2025-02-14 06:42:00+00
539be3f5-5fc2-47b4-abd6-e29c38adec09,02effdf6-f9e2-48a0-9153-53f935aed81e,,open,11d49ef0-98e1-49a9-a095-7ad9ebcc59a1,Ticket raised from the fleet condition report.,2025-03-13 09:11:00+00
796a1e0f-83c4-43d4-af09-0ff04c291455,de66977e-1daa-4f18-a77b-ff1ade1a8a9d,,open,d75a5c51-3679-45f1-bdb4-c7d37c50a47e,Ticket raised from the fleet condition report.,2025-10-27 08:39:00+00
62033e2b-3d4e-4e98-92a8-035adaf0dd10,de66977e-1daa-4f18-a77b-ff1ade1a8a9d,open,in_progress,cf6c56e7-5755-4ee5-801e-f33afde6b249,Assigned and work started.,2025-10-28 11:33:00+00
7fbbfdbb-ad71-4af3-9dc3-bc7351bcc28b,de66977e-1daa-4f18-a77b-ff1ade1a8a9d,in_progress,resolved,cf6c56e7-5755-4ee5-801e-f33afde6b249,Work completed and verified.,2025-11-14 08:44:00+00
3e155304-5026-40f6-9572-5a3c1611ba7c,8ce65bbf-4efb-4a6c-8fe6-47cc7b132ce0,,open,ce36f25c-50db-49db-ad76-3b799e4fcd15,Ticket raised from the fleet condition report.,2025-04-16 10:09:00+00
7fddc042-3608-4bed-b5e8-81c9c1ca8f3b,8ce65bbf-4efb-4a6c-8fe6-47cc7b132ce0,open,in_progress,40f69c6c-3cd3-4344-b1f4-7617f7b12fa5,Assigned and work started.,2025-04-17 08:14:00+00
28564d59-6515-4f54-9957-1ed6726421fe,8ce65bbf-4efb-4a6c-8fe6-47cc7b132ce0,in_progress,resolved,40f69c6c-3cd3-4344-b1f4-7617f7b12fa5,Work completed and verified.,2025-04-20 15:28:00+00
2f82bce3-4d70-4971-b0db-28087483c594,8ce65bbf-4efb-4a6c-8fe6-47cc7b132ce0,resolved,closed,40f69c6c-3cd3-4344-b1f4-7617f7b12fa5,Ticket closed.,2025-04-21 12:01:00+00
c45c4979-92de-4a91-957b-73d071fc6fe7,db9355aa-e779-4c4c-ac39-6b26e5a8645e,,open,2e9c306a-200a-4470-9319-01f6f9fbcee0,Ticket raised from the fleet condition report.,2024-08-24 09:50:00+00
a5dea3cd-42cf-4871-9833-737c47b5fc54,db9355aa-e779-4c4c-ac39-6b26e5a8645e,open,in_progress,ea3a55a2-e8eb-400a-a3e6-3895bf70675d,Assigned and work started.,2024-08-25 13:37:00+00
7f2b6c20-815d-48f2-b5f5-ab5bd81cef38,db9355aa-e779-4c4c-ac39-6b26e5a8645e,in_progress,resolved,ea3a55a2-e8eb-400a-a3e6-3895bf70675d,Work completed and verified.,2024-09-18 11:55:00+00
ba5042a1-ab40-4588-bec9-6b8ebb023bee,db9355aa-e779-4c4c-ac39-6b26e5a8645e,resolved,closed,ea3a55a2-e8eb-400a-a3e6-3895bf70675d,Ticket closed.,2024-09-25 10:42:00+00
14db6d2a-2805-4bdf-a308-62e555667d21,a4920f0f-b6fa-4657-9862-2399c57f4b39,,open,2c2d43d4-1eac-4011-8261-c8af7f6aa2a6,Ticket raised from the fleet condition report.,2026-03-27 15:02:00+00
fef8d108-d08b-464a-84ca-f24d44166713,a4920f0f-b6fa-4657-9862-2399c57f4b39,open,in_progress,3116c9d0-e74c-4cf3-84ee-8fbb2165d83f,Assigned and work started.,2026-03-28 08:43:00+00
b019ec4e-15fd-4a28-baee-80c73ded9794,a4920f0f-b6fa-4657-9862-2399c57f4b39,in_progress,resolved,3116c9d0-e74c-4cf3-84ee-8fbb2165d83f,Work completed and verified.,2026-04-01 10:29:00+00
3ce44d01-e91d-4264-a1cc-68b7fdb7dc0d,a4920f0f-b6fa-4657-9862-2399c57f4b39,resolved,closed,3116c9d0-e74c-4cf3-84ee-8fbb2165d83f,Ticket closed.,2026-04-08 15:14:00+00
3bf81be5-14fb-493f-b11f-13dbc24acc99,895bb67f-b625-4a28-9fae-8ede3be39d7c,,open,bfe22d3e-aa0d-42ca-9de4-b68f3f37afeb,Ticket raised from the fleet condition report.,2025-03-12 11:53:00+00
795dac19-d60c-4110-a45b-b8a4d55e3691,895bb67f-b625-4a28-9fae-8ede3be39d7c,open,in_progress,785a349f-b3ca-4199-beb9-4e50013f54c8,Assigned and work started.,2025-03-13 12:18:00+00
256f94aa-5f43-492c-9b2a-134540dd680d,895bb67f-b625-4a28-9fae-8ede3be39d7c,in_progress,resolved,785a349f-b3ca-4199-beb9-4e50013f54c8,Work completed and verified.,2025-03-16 10:29:00+00
4feae8fc-29fb-4b36-829c-6675bbb9acba,895bb67f-b625-4a28-9fae-8ede3be39d7c,resolved,closed,785a349f-b3ca-4199-beb9-4e50013f54c8,Ticket closed.,2025-03-23 13:52:00+00
b6cc42f9-6dc6-4f60-82c6-a7a4cebf1f95,538fa5bb-df19-4831-8b70-e85a06c2954a,,open,1ee01826-f527-47b8-9e03-d1f37836438b,Ticket raised from the fleet condition report.,2025-05-17 14:55:00+00
3565fae0-29ff-4118-a940-8cc139a0834c,538fa5bb-df19-4831-8b70-e85a06c2954a,open,in_progress,e1c1397c-6345-47ab-948e-0f3e68d615b7,Assigned and work started.,2025-05-18 14:36:00+00
ac1e8a7f-4d67-4a16-9a18-ffe9f673e38a,538fa5bb-df19-4831-8b70-e85a06c2954a,in_progress,resolved,e1c1397c-6345-47ab-948e-0f3e68d615b7,Work completed and verified.,2025-06-07 05:52:00+00
2c0d224a-1b3a-487d-9a53-ccde51c60c70,4990fb4e-42b8-4b3c-b22d-3f22bfd1ac2b,,open,0d00671e-4229-4f30-8023-aabec2a477f9,Ticket raised from the fleet condition report.,2025-11-26 09:30:00+00
bc8b5991-3dda-498b-b38c-635e07ad2556,4990fb4e-42b8-4b3c-b22d-3f22bfd1ac2b,open,in_progress,ece2a321-bc6d-4cdf-9d3a-f642ed83ae68,Assigned and work started.,2025-11-27 11:35:00+00
45b4bb9f-77c6-4f3e-a0f7-74da6b42cc9a,4990fb4e-42b8-4b3c-b22d-3f22bfd1ac2b,in_progress,resolved,ece2a321-bc6d-4cdf-9d3a-f642ed83ae68,Work completed and verified.,2025-12-19 17:21:00+00
c9bbb7f9-e3e4-4495-88bb-99e6fe5b6fe0,4990fb4e-42b8-4b3c-b22d-3f22bfd1ac2b,resolved,closed,ece2a321-bc6d-4cdf-9d3a-f642ed83ae68,Ticket closed.,2025-12-20 13:28:00+00
537088ea-0528-40cb-83e7-a962d51d4d3a,22df496f-7787-464e-91d6-3f1811ac0c53,,open,6d97f26d-d4af-4ee3-ab61-5adbbb620217,Ticket raised from the fleet condition report.,2024-08-22 15:45:00+00
8e0eb7df-f80b-4f7a-bedd-2a0dbc676d54,22df496f-7787-464e-91d6-3f1811ac0c53,open,in_progress,40f69c6c-3cd3-4344-b1f4-7617f7b12fa5,Assigned and work started.,2024-08-23 12:59:00+00
9c902815-2e23-4456-9dbc-5d8b996e9f15,22df496f-7787-464e-91d6-3f1811ac0c53,in_progress,resolved,40f69c6c-3cd3-4344-b1f4-7617f7b12fa5,Work completed and verified.,2024-09-02 16:16:00+00
826a8373-cc1a-4703-a37f-f2ebeb584f08,22df496f-7787-464e-91d6-3f1811ac0c53,resolved,closed,40f69c6c-3cd3-4344-b1f4-7617f7b12fa5,Ticket closed.,2024-09-06 05:50:00+00
db9727cf-00ee-4041-8c2f-e05d71c21241,2fa09f51-153e-4315-8f74-dd1ebc237389,,open,2603261c-f67c-4ac4-82dc-a2f5fcafb624,Ticket raised from the fleet condition report.,2025-09-26 12:18:00+00
2eede15e-0d99-42a6-ae43-18248061ab3c,2fa09f51-153e-4315-8f74-dd1ebc237389,open,in_progress,ea52bfbe-19f5-4dff-86bf-a319e0bec453,Assigned and work started.,2025-09-27 12:36:00+00
92062da0-5e66-4343-b6d3-0b86bf3bd5e0,2fa09f51-153e-4315-8f74-dd1ebc237389,in_progress,resolved,ea52bfbe-19f5-4dff-86bf-a319e0bec453,Work completed and verified.,2025-10-02 07:37:00+00
7d134c7b-f4a5-4569-bc0d-dbbef3340d74,2fa09f51-153e-4315-8f74-dd1ebc237389,resolved,closed,ea52bfbe-19f5-4dff-86bf-a319e0bec453,Ticket closed.,2025-10-08 05:19:00+00
c209ec56-f606-4edd-834f-8ea549df3ed9,f5510d4d-695d-4891-a8a8-593e0a665cce,,open,a3267fe3-9c0f-4b60-95c4-971b2cac8906,Ticket raised from the fleet condition report.,2025-09-13 07:29:00+00
95801539-b86b-472a-82a3-70a3c033021e,f5510d4d-695d-4891-a8a8-593e0a665cce,open,in_progress,79bbaaa4-918b-47e0-ba89-d5f2b5a4d4ba,Assigned and work started.,2025-09-14 13:11:00+00
65df7ae3-36b0-4f95-b00f-dc6e11017169,f5510d4d-695d-4891-a8a8-593e0a665cce,in_progress,resolved,79bbaaa4-918b-47e0-ba89-d5f2b5a4d4ba,Work completed and verified.,2025-10-08 12:04:00+00
18c54fec-2382-4a69-b5ed-45e1c4ecbf18,f5510d4d-695d-4891-a8a8-593e0a665cce,resolved,closed,79bbaaa4-918b-47e0-ba89-d5f2b5a4d4ba,Ticket closed.,2025-10-13 11:55:00+00
2c789de1-f2fb-43c3-b95a-96b61d9dfd22,695ce0c2-930d-47de-8676-7b89e86ef784,,open,81465f78-fd22-40f9-bb43-c73ede62087e,Ticket raised from the fleet condition report.,2026-05-15 06:49:00+00
e1290b8a-e855-4dca-888a-ad4d34e8cc46,695ce0c2-930d-47de-8676-7b89e86ef784,open,in_progress,389d9ee3-9a0e-4d55-9770-b461e7a536f0,Assigned and work started.,2026-05-16 15:30:00+00
64e4f202-2f52-4e26-9dc4-2a6d3034b61a,695ce0c2-930d-47de-8676-7b89e86ef784,in_progress,resolved,389d9ee3-9a0e-4d55-9770-b461e7a536f0,Work completed and verified.,2026-05-23 10:42:00+00
517ddf8a-41a9-4753-b1b1-adac81d56cc5,695ce0c2-930d-47de-8676-7b89e86ef784,resolved,closed,389d9ee3-9a0e-4d55-9770-b461e7a536f0,Ticket closed.,2026-05-30 06:47:00+00
ffd0aaa9-7965-4ed2-8963-b0c996fcdbba,57fa5318-a521-48aa-a4af-2b606442253c,,open,32dc59cb-ffdf-4808-a64d-050c19511645,Ticket raised from the fleet condition report.,2026-05-16 17:56:00+00
7c35435a-7ba9-4e45-9a48-8f36eaf1ca35,57fa5318-a521-48aa-a4af-2b606442253c,open,in_progress,784a05b0-a5da-4849-9577-b03fd2c58149,Assigned and work started.,2026-05-17 14:32:00+00
c6e6a8c9-3122-41f9-a8b5-1f4acca0d4eb,57fa5318-a521-48aa-a4af-2b606442253c,in_progress,resolved,784a05b0-a5da-4849-9577-b03fd2c58149,Work completed and verified.,2026-06-03 14:44:00+00
a1ff8199-6809-4871-b8ae-7a536832057c,9002993c-7de3-400e-a623-d1b61b8c642e,,open,fb6c20e7-6d91-4717-a3b1-7355fdcee435,Ticket raised from the fleet condition report.,2024-12-12 12:05:00+00
2ec6975f-0eab-4e69-9129-21e0bcbe7c82,9002993c-7de3-400e-a623-d1b61b8c642e,open,in_progress,78be5d8f-6cca-4d7e-bfe7-2b68fc8c6341,Assigned and work started.,2024-12-13 07:46:00+00
6db1ca43-1a13-4a72-9215-00b7b1b277f3,9002993c-7de3-400e-a623-d1b61b8c642e,in_progress,resolved,78be5d8f-6cca-4d7e-bfe7-2b68fc8c6341,Work completed and verified.,2025-01-03 15:38:00+00
9c200ebd-3b75-4d00-89bb-0d7042d92a5f,9002993c-7de3-400e-a623-d1b61b8c642e,resolved,closed,78be5d8f-6cca-4d7e-bfe7-2b68fc8c6341,Ticket closed.,2025-01-10 16:48:00+00
efc63ebb-9f8c-4e1b-84af-3eb2f253850e,1e666505-0fd8-4011-a4f3-414d30fb8e76,,open,fd1680a5-59fe-4626-bf84-be00d1cef0cd,Ticket raised from the fleet condition report.,2026-03-26 07:35:00+00
e02567a2-54cd-4087-9a3d-dfcf9b5bcf05,1e666505-0fd8-4011-a4f3-414d30fb8e76,open,in_progress,6b59f9f2-4c2d-40ea-8a3b-76bb6b7f5dd1,Assigned and work started.,2026-03-27 10:36:00+00
81ddb70e-e500-4f61-933e-f919fb2087e7,1e666505-0fd8-4011-a4f3-414d30fb8e76,in_progress,resolved,6b59f9f2-4c2d-40ea-8a3b-76bb6b7f5dd1,Work completed and verified.,2026-04-10 08:31:00+00
e6416525-cbba-4511-b990-0d09a79dad9e,72e19d97-7b46-457f-88d7-d5e33c353a92,,open,3b296b4c-a6c2-42a6-89b4-e614400f1631,Ticket raised from the fleet condition report.,2024-12-27 05:52:00+00
10123e95-21e1-43c2-8f26-7f78abaa88fe,72e19d97-7b46-457f-88d7-d5e33c353a92,open,in_progress,f1ed49ec-e79c-46e4-82c1-3e63309056fd,Assigned and work started.,2024-12-28 12:38:00+00
7a03db04-cf93-4c36-8faa-26b8b4f85ecb,72e19d97-7b46-457f-88d7-d5e33c353a92,in_progress,resolved,f1ed49ec-e79c-46e4-82c1-3e63309056fd,Work completed and verified.,2025-01-14 06:54:00+00
af768d45-b3c4-415e-8da1-8011a93cc373,72e19d97-7b46-457f-88d7-d5e33c353a92,resolved,closed,f1ed49ec-e79c-46e4-82c1-3e63309056fd,Ticket closed.,2025-01-16 07:03:00+00
05328014-9506-4a07-9021-d4f97121e954,6bc75d74-8734-45f9-9cb5-aedd6e2913b2,,open,7c1e1717-1b2c-4ef3-abbf-d8fe7aecfdfa,Ticket raised from the fleet condition report.,2025-12-25 07:37:00+00
9d272c81-baf0-44a9-ac1a-f0658a5f02ad,6bc75d74-8734-45f9-9cb5-aedd6e2913b2,open,in_progress,6307ed65-c77c-40e7-9e0f-0b67135eb7b1,Assigned and work started.,2025-12-26 05:08:00+00
7368a178-6614-4b67-aed8-9e2913720e8c,6bc75d74-8734-45f9-9cb5-aedd6e2913b2,in_progress,resolved,6307ed65-c77c-40e7-9e0f-0b67135eb7b1,Work completed and verified.,2026-01-19 16:10:00+00
999a88f3-e042-4a2b-8911-ef45394c308e,6bc75d74-8734-45f9-9cb5-aedd6e2913b2,resolved,closed,6307ed65-c77c-40e7-9e0f-0b67135eb7b1,Ticket closed.,2026-01-21 16:03:00+00
57d695da-98cc-4ee0-b7a8-cdac893c64c1,96a42e3b-b497-4130-a19c-644b789994f0,,open,e393f157-3860-4ebd-b9f4-400e8f8d33fd,Ticket raised from the fleet condition report.,2025-10-25 11:49:00+00
b4b0f2f2-bc3f-47bf-913e-03a9799f3b56,96a42e3b-b497-4130-a19c-644b789994f0,open,in_progress,59064e3f-1d1e-4817-8491-724ae8d85add,Assigned and work started.,2025-10-26 17:13:00+00
e316fe93-edd5-4a64-8fc8-1f0b995cd80f,96a42e3b-b497-4130-a19c-644b789994f0,in_progress,resolved,59064e3f-1d1e-4817-8491-724ae8d85add,Work completed and verified.,2025-11-03 14:43:00+00
3b38215f-34cc-4c2a-a3bb-4a985eebdf34,96a42e3b-b497-4130-a19c-644b789994f0,resolved,closed,59064e3f-1d1e-4817-8491-724ae8d85add,Ticket closed.,2025-11-07 17:11:00+00
efc6be6d-a570-4147-9a5e-74ae88e297fc,112ee034-11c5-4760-936f-d6fca4825590,,open,c0bdfba4-2737-4375-a054-7e05fcb90314,Ticket raised from the fleet condition report.,2025-01-25 08:12:00+00
f7f515fd-8825-4027-906b-55ec23a8fc95,112ee034-11c5-4760-936f-d6fca4825590,open,in_progress,96fb9f33-3e52-4958-8405-6ccf26fcacdc,Assigned and work started.,2025-01-26 06:43:00+00
3382ee5e-e0f6-4d89-b6e2-bca270df8ebc,112ee034-11c5-4760-936f-d6fca4825590,in_progress,resolved,96fb9f33-3e52-4958-8405-6ccf26fcacdc,Work completed and verified.,2025-02-09 15:10:00+00
528f4d87-5c30-4bda-9fb9-3d5b1940cb61,112ee034-11c5-4760-936f-d6fca4825590,resolved,closed,96fb9f33-3e52-4958-8405-6ccf26fcacdc,Ticket closed.,2025-02-12 15:08:00+00
01c55ed7-2851-4ed5-99a8-37053c87d90a,d23c8a24-1224-4278-85e4-4ac697e97f99,,open,4d3f028c-7b12-466f-9987-425444282f7d,Ticket raised from the fleet condition report.,2024-10-19 05:52:00+00
1c7e2e9c-2394-4cde-8062-b1f83cf8737f,d23c8a24-1224-4278-85e4-4ac697e97f99,open,in_progress,6d8966a8-2474-4d35-9fd9-7bb3b648f6fd,Assigned and work started.,2024-10-20 05:35:00+00
1f15b84e-47d5-4791-866b-2cb9d50875c4,d23c8a24-1224-4278-85e4-4ac697e97f99,in_progress,resolved,6d8966a8-2474-4d35-9fd9-7bb3b648f6fd,Work completed and verified.,2024-10-27 16:18:00+00
50981d74-38a1-4291-bbba-bf57f3111fed,d23c8a24-1224-4278-85e4-4ac697e97f99,resolved,closed,6d8966a8-2474-4d35-9fd9-7bb3b648f6fd,Ticket closed.,2024-10-28 17:47:00+00
a6f952c4-6874-41cc-81be-af52e29078d3,3d71e5fb-de7b-4d2a-802d-7c441c232691,,open,c06bb987-5cbb-4b31-ad34-e260d4529ba7,Ticket raised from the fleet condition report.,2026-06-27 06:42:00+00
aa2c006e-cfc3-4ba8-bb23-2c855b6f2af5,3d71e5fb-de7b-4d2a-802d-7c441c232691,open,in_progress,0b830550-4175-4716-9d78-9b2d69d25855,Assigned and work started.,2026-06-28 10:17:00+00
741664da-b1de-4cd1-8425-098ea24f71e4,3d71e5fb-de7b-4d2a-802d-7c441c232691,in_progress,resolved,0b830550-4175-4716-9d78-9b2d69d25855,Work completed and verified.,2026-07-21 12:00:00+00
d5c81d1f-74d8-42a8-a435-2e62b6d3fd8a,0cc80e95-76f3-4042-9aef-724c92c77444,,open,1e29b6e8-6626-4a4f-b11b-f1b90a96a930,Ticket raised from the fleet condition report.,2026-06-18 08:20:00+00
84644c7b-1197-4f72-b77d-9dc26deb27d9,1982b601-8056-48bd-9c7f-29fafe52a7db,,open,3d6f2ad9-da21-46a7-9219-f8cf57f7ff25,Ticket raised from the fleet condition report.,2025-01-13 15:46:00+00
a7af8170-36f3-400f-8129-8bd316010670,f9b447a8-771d-4051-8826-549e7f9818e4,,open,78afea78-2d3f-495b-82d1-a177c62aaf7c,Ticket raised from the fleet condition report.,2026-05-13 11:43:00+00
76649548-7401-4a0a-a9c1-230c165d73f9,9d7288d9-a1f7-4697-ac34-40c9251985c8,,open,f3f8dfa5-1b8c-4bf1-8507-81855c610eb1,Ticket raised from the fleet condition report.,2026-02-12 09:01:00+00
3bf43ef8-c813-4bb3-8126-d4a8208cbf62,9d7288d9-a1f7-4697-ac34-40c9251985c8,open,in_progress,cfcb23c6-f209-48fb-b2ab-5f79f711f9cc,Assigned and work started.,2026-02-13 08:33:00+00
3b780c8e-a39f-44af-b0c6-f0f5bd7b81d5,9d7288d9-a1f7-4697-ac34-40c9251985c8,in_progress,resolved,cfcb23c6-f209-48fb-b2ab-5f79f711f9cc,Work completed and verified.,2026-02-15 07:02:00+00
402761da-bb8b-4e26-b18d-f1cf469b2c2c,684f1d09-e245-4b38-bae8-b9fa7c18037f,,open,cdb3ca48-5359-477c-8e4d-5ee25284ca63,Ticket raised from the fleet condition report.,2026-03-18 07:20:00+00
eaa14d98-0460-4257-9912-4532cba2a0ef,2561b9e8-3381-4c79-8e94-ad05786202b2,,open,fca6c7c6-7891-4e0d-bae3-be75e03db35c,Ticket raised from the fleet condition report.,2026-04-13 17:53:00+00
b3859410-6f6d-43ef-a851-ed14a22e84b6,2561b9e8-3381-4c79-8e94-ad05786202b2,open,in_progress,9b2ae800-e7f5-4450-a102-90626d114204,Assigned and work started.,2026-04-14 05:01:00+00
5ab75767-5155-4d8f-a6f3-039594394dc6,2561b9e8-3381-4c79-8e94-ad05786202b2,in_progress,resolved,9b2ae800-e7f5-4450-a102-90626d114204,Work completed and verified.,2026-04-29 16:27:00+00
48b0391f-1771-4b83-beea-5e7824f75413,2561b9e8-3381-4c79-8e94-ad05786202b2,resolved,closed,9b2ae800-e7f5-4450-a102-90626d114204,Ticket closed.,2026-05-05 11:17:00+00
1b580013-5ad4-4693-9df3-13ccaed5938d,247dbfd1-139b-4d46-af70-dc50ca0db489,,open,5334a4c2-3b6f-41b3-be6f-e8996d26752e,Ticket raised from the fleet condition report.,2026-06-14 08:11:00+00
df50cec2-80c2-4f3d-a3f1-e672814ca453,247dbfd1-139b-4d46-af70-dc50ca0db489,open,in_progress,832b089f-ff95-441d-a9ca-716951d24f37,Assigned and work started.,2026-06-15 06:23:00+00
002429f3-4d3a-4faf-967a-53f8d868e02b,247dbfd1-139b-4d46-af70-dc50ca0db489,in_progress,resolved,832b089f-ff95-441d-a9ca-716951d24f37,Work completed and verified.,2026-07-05 15:45:00+00
aa93a77c-e635-4f5f-892c-ad164c4f458c,1b37fb61-62a6-4dda-b82d-5247bb11af47,,open,eed58a38-b1ab-4cbf-88ca-068e6a523a9a,Ticket raised from the fleet condition report.,2025-10-20 07:51:00+00
e40191fe-746d-44fe-afd8-79f3c332da33,1b37fb61-62a6-4dda-b82d-5247bb11af47,open,in_progress,597c6eba-286e-440e-922e-420efd907fcc,Assigned and work started.,2025-10-21 05:20:00+00
884964e7-f1d9-43ee-bd90-298aa41a3e71,1b37fb61-62a6-4dda-b82d-5247bb11af47,in_progress,resolved,597c6eba-286e-440e-922e-420efd907fcc,Work completed and verified.,2025-11-03 14:36:00+00
e4774f78-1390-4be0-a52f-4c018972261b,1b37fb61-62a6-4dda-b82d-5247bb11af47,resolved,closed,597c6eba-286e-440e-922e-420efd907fcc,Ticket closed.,2025-11-08 14:12:00+00
db032156-4f67-4be3-84b5-f569fb9a566c,570bb912-a4ae-4b7b-8159-9c21a11aa389,,open,4d9a2421-7844-44bd-b117-718dcc1c86f3,Ticket raised from the fleet condition report.,2025-10-10 09:45:00+00
878f0c6e-64db-4d69-b0ec-ce2882d572e5,570bb912-a4ae-4b7b-8159-9c21a11aa389,open,in_progress,246980b5-110b-4571-9060-906f0c1ed19f,Assigned and work started.,2025-10-11 17:42:00+00
b74951ad-625b-4f08-83e0-2d89f6c5660a,570bb912-a4ae-4b7b-8159-9c21a11aa389,in_progress,resolved,246980b5-110b-4571-9060-906f0c1ed19f,Work completed and verified.,2025-11-01 09:39:00+00
6f827b0d-e883-49b7-ba4b-276c40fcac49,570bb912-a4ae-4b7b-8159-9c21a11aa389,resolved,closed,246980b5-110b-4571-9060-906f0c1ed19f,Ticket closed.,2025-11-10 14:53:00+00
bdcd98c6-f8d8-41b2-a6a7-b6f71c32784f,5e6ed655-a2f2-48c0-9805-858c12c47204,,open,6e2f5d4a-4842-4cac-8156-c863d330342d,Ticket raised from the fleet condition report.,2026-05-11 13:44:00+00
d8faca0a-c8a2-495e-aabd-c929a7faa0d0,549b17f8-2119-4f40-87eb-c8371de65ca4,,open,a65b104c-d3be-4d8a-be5f-daa9ee0af4cc,Ticket raised from the fleet condition report.,2026-01-19 16:12:00+00
9d6121dc-3405-4e7b-be60-7cc3c9eb54da,549b17f8-2119-4f40-87eb-c8371de65ca4,open,in_progress,784a05b0-a5da-4849-9577-b03fd2c58149,Assigned and work started.,2026-01-20 06:28:00+00
e1518f30-df8b-4f2d-b758-0177f1ee637f,549b17f8-2119-4f40-87eb-c8371de65ca4,in_progress,resolved,784a05b0-a5da-4849-9577-b03fd2c58149,Work completed and verified.,2026-01-31 16:37:00+00
a52c3c74-ffd7-4ab0-9c18-5b21d5179b31,549b17f8-2119-4f40-87eb-c8371de65ca4,resolved,closed,784a05b0-a5da-4849-9577-b03fd2c58149,Ticket closed.,2026-02-09 09:04:00+00
93563b62-e656-4610-98b8-7f89fba1950e,ca0c06e1-7af8-4082-9b17-221e369352dc,,open,1d778731-9103-4a7c-8b4f-fb234d39f1b2,Ticket raised from the fleet condition report.,2025-01-19 11:50:00+00
152db536-5038-4181-b76d-e0ae2ea777b3,ca0c06e1-7af8-4082-9b17-221e369352dc,open,in_progress,76f52321-d84d-4f11-979f-a6df1dccfcbd,Assigned and work started.,2025-01-20 12:22:00+00
2e62e90b-cc98-4efa-bcdf-1a47f1c65ab4,ca0c06e1-7af8-4082-9b17-221e369352dc,in_progress,resolved,76f52321-d84d-4f11-979f-a6df1dccfcbd,Work completed and verified.,2025-02-13 10:47:00+00
3fd70e89-a759-4df2-9a16-69f996f576fd,ca0c06e1-7af8-4082-9b17-221e369352dc,resolved,closed,76f52321-d84d-4f11-979f-a6df1dccfcbd,Ticket closed.,2025-02-15 06:18:00+00
22d6d47b-9cc8-4c8b-8cdb-fb481d125508,67ef76f1-5805-4879-a427-9c279c112d0e,,open,15cd63cb-e067-4cb2-84d1-2cb813162e1a,Ticket raised from the fleet condition report.,2026-03-24 15:03:00+00
872c70c0-0b9b-4604-8793-2b68c80dbf58,67ef76f1-5805-4879-a427-9c279c112d0e,open,in_progress,b7d6f932-49f4-46ba-85fa-9c50ab72be6f,Assigned and work started.,2026-03-25 07:57:00+00
cff5674a-c8c5-449f-afd5-e661a1064107,67ef76f1-5805-4879-a427-9c279c112d0e,in_progress,resolved,b7d6f932-49f4-46ba-85fa-9c50ab72be6f,Work completed and verified.,2026-04-11 05:25:00+00
971a7beb-3d17-43dd-9829-d770bef01351,67ef76f1-5805-4879-a427-9c279c112d0e,resolved,closed,b7d6f932-49f4-46ba-85fa-9c50ab72be6f,Ticket closed.,2026-04-14 06:06:00+00
85adb16e-9706-4832-9c2c-b9b2de47f9bf,0cdbe7ad-5210-44e5-8628-98b03723de89,,open,d5d2bb70-ee7e-45f2-9d21-4ded5e54973b,Ticket raised from the fleet condition report.,2024-12-21 11:46:00+00
f44a44cd-b2ea-4a8b-bcb4-4e8a5e24b216,0cdbe7ad-5210-44e5-8628-98b03723de89,open,in_progress,c4046467-2ed2-4768-9d99-e876c09fe713,Assigned and work started.,2024-12-22 11:46:00+00
d9a534cc-ca51-450c-8f88-c2dccd95c03c,0cdbe7ad-5210-44e5-8628-98b03723de89,in_progress,resolved,c4046467-2ed2-4768-9d99-e876c09fe713,Work completed and verified.,2025-01-01 06:15:00+00
c599cccb-eb9a-4528-9aa4-a2556c86c95e,0cdbe7ad-5210-44e5-8628-98b03723de89,resolved,closed,c4046467-2ed2-4768-9d99-e876c09fe713,Ticket closed.,2025-01-09 06:08:00+00
f89f4818-42e3-4eea-b7cb-99e760fa0bd5,76a850e8-cc2d-4d46-afd9-64de5f63f4e5,,open,4f3a3dc2-e549-4297-9901-d7612b6c6e8b,Ticket raised from the fleet condition report.,2025-03-16 10:12:00+00
4dc13da6-28ee-41ba-8292-ab673a186148,76a850e8-cc2d-4d46-afd9-64de5f63f4e5,open,in_progress,a5403456-9417-4129-8376-a0508664c003,Assigned and work started.,2025-03-17 05:46:00+00
89f24568-f62a-4f65-b6ec-1e03f75135be,76a850e8-cc2d-4d46-afd9-64de5f63f4e5,in_progress,resolved,a5403456-9417-4129-8376-a0508664c003,Work completed and verified.,2025-03-22 14:04:00+00
88ab3566-bc02-496e-9bb1-6a593be47fb9,76a850e8-cc2d-4d46-afd9-64de5f63f4e5,resolved,closed,a5403456-9417-4129-8376-a0508664c003,Ticket closed.,2025-03-23 05:25:00+00
2903d414-2914-4905-a2ab-2f37b9364aa3,590353e4-d32e-4484-b554-6e9335eefaef,,open,4c823f41-1c70-4687-81af-94c5feb0d762,Ticket raised from the fleet condition report.,2024-11-27 09:45:00+00
fa062434-3e42-4163-8750-f0a03946a8cf,590353e4-d32e-4484-b554-6e9335eefaef,open,in_progress,9580e2d6-e004-4873-9ea1-5e63bb707d70,Assigned and work started.,2024-11-28 17:34:00+00
d76aa9c6-8903-4d40-862a-0b0fd549099e,590353e4-d32e-4484-b554-6e9335eefaef,in_progress,resolved,9580e2d6-e004-4873-9ea1-5e63bb707d70,Work completed and verified.,2024-12-04 14:01:00+00
f4775b8d-b85e-4e57-bce9-4e06ece0eef3,590353e4-d32e-4484-b554-6e9335eefaef,resolved,closed,9580e2d6-e004-4873-9ea1-5e63bb707d70,Ticket closed.,2024-12-12 12:19:00+00
47df301e-a46c-4f08-a6d0-cc695cd55cd4,2b2c3eb8-4aa7-4315-866c-abcbf36e0f78,,open,f47e14b1-db5d-42ad-b656-6fdf43e7bd97,Ticket raised from the fleet condition report.,2025-04-25 09:48:00+00
47df2e1e-e86d-45eb-962b-5a3cff61fa6e,2b2c3eb8-4aa7-4315-866c-abcbf36e0f78,open,in_progress,f2e3adca-c995-4570-a695-525ef502c1ef,Assigned and work started.,2025-04-26 15:31:00+00
b6972cc0-38f9-4b61-a354-e2caee38ffd1,2b2c3eb8-4aa7-4315-866c-abcbf36e0f78,in_progress,resolved,f2e3adca-c995-4570-a695-525ef502c1ef,Work completed and verified.,2025-04-28 17:04:00+00
9088e9d6-ed24-40eb-8500-81b3ef58a94b,2b2c3eb8-4aa7-4315-866c-abcbf36e0f78,resolved,closed,f2e3adca-c995-4570-a695-525ef502c1ef,Ticket closed.,2025-05-07 05:49:00+00
2de4532c-cd47-45b2-8bf6-545167117b45,6ee505d6-260d-4fe0-83ae-df6fb640841e,,open,17fb895f-4c2d-4cb8-a53f-a2ce9aa97992,Ticket raised from the fleet condition report.,2026-04-17 17:53:00+00
dfa7d903-bd06-4bff-ae72-4608cfcc4227,6ee505d6-260d-4fe0-83ae-df6fb640841e,open,in_progress,785a349f-b3ca-4199-beb9-4e50013f54c8,Assigned and work started.,2026-04-18 09:29:00+00
6210e733-e49f-4639-83ff-bb48c24e770a,98d50dc2-a43a-4bef-baad-2332cef85679,,open,4c823f41-1c70-4687-81af-94c5feb0d762,Ticket raised from the fleet condition report.,2025-07-10 16:12:00+00
39501db4-dcf6-4dcb-923d-233022bfef86,98d50dc2-a43a-4bef-baad-2332cef85679,open,in_progress,e1c1397c-6345-47ab-948e-0f3e68d615b7,Assigned and work started.,2025-07-11 14:29:00+00
f63d1c6d-cc32-48bc-af8d-169a90e5c15c,98d50dc2-a43a-4bef-baad-2332cef85679,in_progress,resolved,e1c1397c-6345-47ab-948e-0f3e68d615b7,Work completed and verified.,2025-08-02 11:51:00+00
7ec88836-c49a-4bdb-8f3e-cc9cdd70c72d,98d50dc2-a43a-4bef-baad-2332cef85679,resolved,closed,e1c1397c-6345-47ab-948e-0f3e68d615b7,Ticket closed.,2025-08-09 07:17:00+00
6dc48951-bae3-49ec-b550-cb748011cafe,81a003a7-202d-4a07-9e04-2fd939aade6d,,open,eaf27d88-2c7f-46ad-9184-8ac42c34bbbe,Ticket raised from the fleet condition report.,2026-08-06 07:11:00+00
5437468a-0920-46d6-ac46-5f72615d5359,81a003a7-202d-4a07-9e04-2fd939aade6d,open,in_progress,2fc76645-2797-42a6-b6b9-d134b926381b,Assigned and work started.,2026-08-07 09:13:00+00
126ff542-5068-4f32-b418-9d8072379d9e,aa673bc8-e816-4821-8c8a-b25b8677d361,,open,4c823f41-1c70-4687-81af-94c5feb0d762,Ticket raised from the fleet condition report.,2024-08-23 06:29:00+00
ff203863-d290-4977-996f-6158b5d216ac,aa673bc8-e816-4821-8c8a-b25b8677d361,open,in_progress,2fc76645-2797-42a6-b6b9-d134b926381b,Assigned and work started.,2024-08-24 13:40:00+00
5657ca8b-4670-43f0-b9e8-8cf23d72c561,aa673bc8-e816-4821-8c8a-b25b8677d361,in_progress,resolved,2fc76645-2797-42a6-b6b9-d134b926381b,Work completed and verified.,2024-08-29 13:47:00+00
b71949da-bef9-4a1f-9394-695821f99ba4,aa673bc8-e816-4821-8c8a-b25b8677d361,resolved,closed,2fc76645-2797-42a6-b6b9-d134b926381b,Ticket closed.,2024-09-05 15:41:00+00
efe8ba82-58d2-4c21-b079-12e0f806455a,d0161c3a-8f94-4418-9b9f-59f2f99b0e08,,open,36f9a4a5-291f-4548-b867-96c44f690282,Ticket raised from the fleet condition report.,2026-05-26 06:51:00+00
b42c2b59-2a34-48ec-94f4-53fde8c9c581,d0161c3a-8f94-4418-9b9f-59f2f99b0e08,open,in_progress,33de58c2-5dc4-4385-bc4c-9ad66a6fe320,Assigned and work started.,2026-05-27 15:58:00+00
b1d4ab9c-c72f-42d5-992c-ced2c4e69ab7,2f0e8101-4d47-4574-83cb-24b3dc839af2,,open,e7889aec-2db4-4a78-b8a7-873db0af92b6,Ticket raised from the fleet condition report.,2024-08-20 07:16:00+00
5d5cb7c0-3608-4e02-b3c2-9a5a3ee4e96c,2f0e8101-4d47-4574-83cb-24b3dc839af2,open,in_progress,1ad7ccbc-6809-4f96-83f4-c7636a2a4728,Assigned and work started.,2024-08-21 17:47:00+00
cdbed6f8-2f8b-41fd-aa66-e2145e46fea6,2f0e8101-4d47-4574-83cb-24b3dc839af2,in_progress,resolved,1ad7ccbc-6809-4f96-83f4-c7636a2a4728,Work completed and verified.,2024-08-24 12:44:00+00
d9a3a4eb-b2aa-4020-a0bc-95e5bca3a579,2f0e8101-4d47-4574-83cb-24b3dc839af2,resolved,closed,1ad7ccbc-6809-4f96-83f4-c7636a2a4728,Ticket closed.,2024-09-01 13:43:00+00
b7a8aa53-ebf1-45c7-9017-494789e09acc,ae2280a5-e260-4688-b70c-bebabb6e5f2c,,open,98c6155b-9b02-4dee-b622-1a0657165fd2,Ticket raised from the fleet condition report.,2025-08-27 05:11:00+00
7838a13a-b516-4c86-b007-bf4214195498,ae2280a5-e260-4688-b70c-bebabb6e5f2c,open,in_progress,016d73cf-e272-4f8f-a5e9-41a860fec088,Assigned and work started.,2025-08-28 13:41:00+00
02f613fc-4fb1-4b3c-98d9-a99e383487ed,ae2280a5-e260-4688-b70c-bebabb6e5f2c,in_progress,resolved,016d73cf-e272-4f8f-a5e9-41a860fec088,Work completed and verified.,2025-09-10 13:25:00+00
23e04b62-7054-4a0e-a153-437164ea53aa,ae2280a5-e260-4688-b70c-bebabb6e5f2c,resolved,closed,016d73cf-e272-4f8f-a5e9-41a860fec088,Ticket closed.,2025-09-16 14:34:00+00
66a7cc22-5438-454a-9430-9dfc44827e18,8e4244aa-749f-4a5e-a624-7448bcbf17f1,,open,f85e5d5e-23ed-4753-ab5b-6e0d16377b17,Ticket raised from the fleet condition report.,2024-08-19 11:16:00+00
b89783be-c615-4ff4-9b12-dd58d96a45e5,8e4244aa-749f-4a5e-a624-7448bcbf17f1,open,in_progress,0e660caf-be56-441a-9248-89924b2ed16d,Assigned and work started.,2024-08-20 13:40:00+00
4c0c9227-b076-4a91-8ed1-a22f81144de3,8e4244aa-749f-4a5e-a624-7448bcbf17f1,in_progress,resolved,0e660caf-be56-441a-9248-89924b2ed16d,Work completed and verified.,2024-09-03 11:00:00+00
e7e70e6c-6d50-4249-a23d-8d17d4596722,8e4244aa-749f-4a5e-a624-7448bcbf17f1,resolved,closed,0e660caf-be56-441a-9248-89924b2ed16d,Ticket closed.,2024-09-07 07:22:00+00
787b426d-5176-40e0-9105-a76b5b3cb368,7273b2cf-5f59-425e-b61a-64f2ed9caffc,,open,df25e81a-cadf-4a18-aca5-a4f15e31d4ca,Ticket raised from the fleet condition report.,2026-04-10 12:08:00+00
ef9c1276-4c2b-4961-9bd6-60ca71959b2e,7273b2cf-5f59-425e-b61a-64f2ed9caffc,open,in_progress,0bcca5d2-620c-4e90-ae82-fb6ffc7af33d,Assigned and work started.,2026-04-11 12:05:00+00
737474f5-9f2f-4bb2-b6a4-aef12b9c4cfe,7273b2cf-5f59-425e-b61a-64f2ed9caffc,in_progress,resolved,0bcca5d2-620c-4e90-ae82-fb6ffc7af33d,Work completed and verified.,2026-05-05 08:25:00+00
dfa1c80b-6f79-4282-b842-d6b20a763332,7273b2cf-5f59-425e-b61a-64f2ed9caffc,resolved,closed,0bcca5d2-620c-4e90-ae82-fb6ffc7af33d,Ticket closed.,2026-05-13 13:36:00+00
30bc60d3-c527-4809-9a21-153aa11d77cd,4c976bf2-4d9d-4d8b-8885-dd109cd87739,,open,8a0dc0c8-8bed-4024-a051-dbed41ba8410,Ticket raised from the fleet condition report.,2025-04-20 15:07:00+00
a6762c21-7373-4445-94bf-800c91269fdd,4c976bf2-4d9d-4d8b-8885-dd109cd87739,open,in_progress,e4333d48-503a-4694-b7d9-97ac9dee27e0,Assigned and work started.,2025-04-21 08:07:00+00
313c2475-bccc-40ff-998b-930c0468fcbc,4c976bf2-4d9d-4d8b-8885-dd109cd87739,in_progress,resolved,e4333d48-503a-4694-b7d9-97ac9dee27e0,Work completed and verified.,2025-04-30 16:38:00+00
4c6fe7de-40e0-45f8-b716-d0a25f872f74,2bc2a6a1-21fc-401e-9aaf-4f3138c84b98,,open,8741b992-805d-4859-9e1a-4d49d82c9a99,Ticket raised from the fleet condition report.,2024-08-12 13:18:00+00
9de160f2-5974-4d8f-ae53-eca8a40c620f,2bc2a6a1-21fc-401e-9aaf-4f3138c84b98,open,in_progress,76acb86d-958a-4ccf-934c-46bed43da641,Assigned and work started.,2024-08-13 11:21:00+00
020449bd-4c01-4bd4-88f3-2ea046a9c5ab,2bc2a6a1-21fc-401e-9aaf-4f3138c84b98,in_progress,resolved,76acb86d-958a-4ccf-934c-46bed43da641,Work completed and verified.,2024-08-21 11:46:00+00
2fc99c92-dd1d-401e-9ed3-5853b5b277e3,2bc2a6a1-21fc-401e-9aaf-4f3138c84b98,resolved,closed,76acb86d-958a-4ccf-934c-46bed43da641,Ticket closed.,2024-08-25 12:47:00+00
34403371-ddd6-4383-bedf-c165a894e54b,e749a44b-adf2-485e-b2f5-ad936418cdc7,,open,d92dd0ef-e329-487f-832b-ce9ec260243b,Ticket raised from the fleet condition report.,2026-08-09 12:06:00+00
261eca5e-5885-4f91-8f8f-ad778910a4ce,07f38986-acec-4c0e-ac20-4c123c5fd1ac,,open,5d47a181-9a09-4bbf-9c80-c3da3e81e428,Ticket raised from the fleet condition report.,2025-07-27 12:29:00+00
b8bfafb9-47e8-4087-9385-4ae2efd1420a,07f38986-acec-4c0e-ac20-4c123c5fd1ac,open,in_progress,c4046467-2ed2-4768-9d99-e876c09fe713,Assigned and work started.,2025-07-28 06:34:00+00
077afa9c-2fdb-470a-b053-8959c18d7691,07f38986-acec-4c0e-ac20-4c123c5fd1ac,in_progress,resolved,c4046467-2ed2-4768-9d99-e876c09fe713,Work completed and verified.,2025-08-07 13:12:00+00
bd90ea81-e2d6-4e3e-8c86-aa6f45ab2fe8,07f38986-acec-4c0e-ac20-4c123c5fd1ac,resolved,closed,c4046467-2ed2-4768-9d99-e876c09fe713,Ticket closed.,2025-08-09 14:08:00+00
e23896f7-fb30-47e0-9931-487896cfa98b,39d1197e-6f8b-4843-adb5-c5a0857684bb,,open,782ac408-28cd-4fd3-b56b-21cca25714bb,Ticket raised from the fleet condition report.,2025-04-19 13:15:00+00
f26f63cd-353b-4b66-b73e-07f50864fa19,39d1197e-6f8b-4843-adb5-c5a0857684bb,open,in_progress,cf6c56e7-5755-4ee5-801e-f33afde6b249,Assigned and work started.,2025-04-20 17:33:00+00
be77b8f5-fbba-480d-8a2f-201df5fec513,39d1197e-6f8b-4843-adb5-c5a0857684bb,in_progress,resolved,cf6c56e7-5755-4ee5-801e-f33afde6b249,Work completed and verified.,2025-05-03 11:44:00+00
c61ddbcb-9ef2-439b-934c-dcaeebbb1c3f,39d1197e-6f8b-4843-adb5-c5a0857684bb,resolved,closed,cf6c56e7-5755-4ee5-801e-f33afde6b249,Ticket closed.,2025-05-10 14:44:00+00
8850532c-081f-42a7-a391-187616fdf6b5,8aa06baa-d8b5-4f55-bab2-ade2ca6dcce7,,open,d228e58a-85a6-4059-b62f-262964a70737,Ticket raised from the fleet condition report.,2026-03-11 12:15:00+00
92512805-f23b-42b2-8616-55e3eda121b0,8aa06baa-d8b5-4f55-bab2-ade2ca6dcce7,open,in_progress,79bbaaa4-918b-47e0-ba89-d5f2b5a4d4ba,Assigned and work started.,2026-03-12 14:43:00+00
ab0aa15d-f047-4b1b-a102-0a4f8f6a50c0,8aa06baa-d8b5-4f55-bab2-ade2ca6dcce7,in_progress,resolved,79bbaaa4-918b-47e0-ba89-d5f2b5a4d4ba,Work completed and verified.,2026-03-23 12:47:00+00
4093bdf1-e698-48ae-a9cb-6e69530e25aa,8aa06baa-d8b5-4f55-bab2-ade2ca6dcce7,resolved,closed,79bbaaa4-918b-47e0-ba89-d5f2b5a4d4ba,Ticket closed.,2026-03-27 10:15:00+00
e3c0e05f-5211-44ad-b2e2-4c9c791b9eb5,2ca3ee20-8bf6-4cbb-96d6-e55a96e18759,,open,e7963375-5e86-48ea-9553-3f5dbb55d897,Ticket raised from the fleet condition report.,2025-04-19 12:29:00+00
435af903-e2eb-4d03-9273-f98659334c1e,2ca3ee20-8bf6-4cbb-96d6-e55a96e18759,open,in_progress,26786492-bebd-4e3a-8719-4c486f70d604,Assigned and work started.,2025-04-20 10:59:00+00
75bb96db-125d-4d0e-9b79-35e86c3fe140,2ca3ee20-8bf6-4cbb-96d6-e55a96e18759,in_progress,resolved,26786492-bebd-4e3a-8719-4c486f70d604,Work completed and verified.,2025-04-26 13:55:00+00
ecdd5a21-f848-4a36-9f01-dadfe262bb93,6ea52b32-318f-4276-87cf-27fcb8425fbc,,open,9508387c-5f76-407f-804e-42923072511b,Ticket raised from the fleet condition report.,2025-12-21 12:36:00+00
a8a929c6-0e3c-40cc-b1de-1b2a20d33a7a,6ea52b32-318f-4276-87cf-27fcb8425fbc,open,in_progress,4608f3d6-5f3d-4b49-8c19-e917a798062c,Assigned and work started.,2025-12-22 07:54:00+00
5bfe2ef6-7dfd-47c1-8dc4-85e318a4f215,6ea52b32-318f-4276-87cf-27fcb8425fbc,in_progress,resolved,4608f3d6-5f3d-4b49-8c19-e917a798062c,Work completed and verified.,2026-01-05 14:02:00+00
3bb4629a-8f64-45c4-bee0-ba9b42c828d1,6ea52b32-318f-4276-87cf-27fcb8425fbc,resolved,closed,4608f3d6-5f3d-4b49-8c19-e917a798062c,Ticket closed.,2026-01-13 12:51:00+00
4d5750fc-140b-4950-bcec-bef6f020f966,a3dd6b89-4f02-40c3-ba64-da97536671ac,,open,2983987c-6527-45dd-a85a-df5117b76d59,Ticket raised from the fleet condition report.,2025-07-20 15:38:00+00
50445e3e-6901-4da5-81c9-592d8b47ec52,a3dd6b89-4f02-40c3-ba64-da97536671ac,open,in_progress,258cec76-5677-463e-88d0-84f8488b8d19,Assigned and work started.,2025-07-21 08:23:00+00
89b4158c-e22b-4727-bfe2-b607e205998e,a3dd6b89-4f02-40c3-ba64-da97536671ac,in_progress,resolved,258cec76-5677-463e-88d0-84f8488b8d19,Work completed and verified.,2025-07-23 11:58:00+00
8ddd6c4e-8e69-4abc-b687-09d25fd8447e,a3dd6b89-4f02-40c3-ba64-da97536671ac,resolved,closed,258cec76-5677-463e-88d0-84f8488b8d19,Ticket closed.,2025-07-31 15:39:00+00
48da17cb-0bc7-4e03-885f-c243802991b5,00ebf21e-c519-455f-8760-1b09867940e7,,open,8c660120-06ae-494a-8b89-5ba8438020a9,Ticket raised from the fleet condition report.,2025-06-20 17:07:00+00
2ccb0873-b536-43e3-bfd1-74fd4c656032,00ebf21e-c519-455f-8760-1b09867940e7,open,in_progress,3a8a06de-92d4-4f46-9eee-923b07539d6c,Assigned and work started.,2025-06-21 10:02:00+00
47d570fb-99d4-4a6c-b005-c262b3f32f12,00ebf21e-c519-455f-8760-1b09867940e7,in_progress,resolved,3a8a06de-92d4-4f46-9eee-923b07539d6c,Work completed and verified.,2025-06-21 10:09:00+00
43cf2f2e-6db5-4a28-919a-a1ad2eb5969f,adc24bd2-6d71-4acd-b5c9-d0fffd2c58af,,open,b46cf761-3db0-4767-b410-65aa1a2825fb,Ticket raised from the fleet condition report.,2026-05-21 17:39:00+00
26911c9f-f4d9-4e64-a8ca-367531453b9f,adc24bd2-6d71-4acd-b5c9-d0fffd2c58af,open,in_progress,507c7fa4-15cb-4173-8c93-4d5d44ecf015,Assigned and work started.,2026-05-22 09:15:00+00
c4bc2233-f491-4499-9e1d-209713502e0c,adc24bd2-6d71-4acd-b5c9-d0fffd2c58af,in_progress,resolved,507c7fa4-15cb-4173-8c93-4d5d44ecf015,Work completed and verified.,2026-06-13 13:50:00+00
6661a79d-48aa-4b87-bc39-92d1e308a63b,9fb8f9b8-17c3-4247-9731-2dba1824aa97,,open,cd077c24-ded4-4f10-9145-7381355aa6b2,Ticket raised from the fleet condition report.,2025-09-26 12:23:00+00
3ae6bb47-3d8a-4a47-844f-2163e6818b14,9fb8f9b8-17c3-4247-9731-2dba1824aa97,open,in_progress,ee4d2f5c-11a7-4a36-b4f7-9b4da1d376b2,Assigned and work started.,2025-09-27 17:38:00+00
68308101-da00-4ece-8d8e-136c3ca85493,9fb8f9b8-17c3-4247-9731-2dba1824aa97,in_progress,resolved,ee4d2f5c-11a7-4a36-b4f7-9b4da1d376b2,Work completed and verified.,2025-10-20 16:56:00+00
f79c09f4-c920-4bee-bae3-bd70414850b9,9fb8f9b8-17c3-4247-9731-2dba1824aa97,resolved,closed,ee4d2f5c-11a7-4a36-b4f7-9b4da1d376b2,Ticket closed.,2025-10-27 08:11:00+00
38199a02-6d9e-4060-bf72-0540bb772ac2,ff6cbe79-9648-4b2f-8e54-8656e66f33c6,,open,51ed7e64-6868-4e03-9b23-cb9d7039bb47,Ticket raised from the fleet condition report.,2025-05-14 05:05:00+00
0f9b47ac-1d2c-4a9f-b2c3-60ad4796b9a1,ff6cbe79-9648-4b2f-8e54-8656e66f33c6,open,in_progress,d4ab1734-15c1-4d19-a3f3-9db75f910cd8,Assigned and work started.,2025-05-15 10:26:00+00
b000badd-ee5d-4b6b-808b-c6aadcd2ca85,ff6cbe79-9648-4b2f-8e54-8656e66f33c6,in_progress,resolved,d4ab1734-15c1-4d19-a3f3-9db75f910cd8,Work completed and verified.,2025-06-05 07:12:00+00
a1867296-e366-41e2-a0b6-ff2d729a6a30,310db8a4-d189-45e4-9784-5712da138e54,,open,bcc2e695-1e30-4f07-866a-c884d470333c,Ticket raised from the fleet condition report.,2026-04-17 08:23:00+00
ad9b561d-466e-4df3-a649-78ea371aeddd,310db8a4-d189-45e4-9784-5712da138e54,open,in_progress,e1c1397c-6345-47ab-948e-0f3e68d615b7,Assigned and work started.,2026-04-18 17:46:00+00
16e0d1c3-267f-4877-9f8a-fda6943aaa31,310db8a4-d189-45e4-9784-5712da138e54,in_progress,resolved,e1c1397c-6345-47ab-948e-0f3e68d615b7,Work completed and verified.,2026-04-23 05:14:00+00
b8fce4db-413c-4e7f-bf8e-fe8a67ca9cbe,6a3f0c4e-0a7d-44e9-b918-b6aa161855f6,,open,e056e605-c38d-4ee7-a691-1cf7bbd4a237,Ticket raised from the fleet condition report.,2025-05-21 10:24:00+00
be6404c6-9662-4645-b48d-c4c8107409b0,6a3f0c4e-0a7d-44e9-b918-b6aa161855f6,open,in_progress,6d8966a8-2474-4d35-9fd9-7bb3b648f6fd,Assigned and work started.,2025-05-22 14:49:00+00
9ea8fd21-a0ba-46c6-a025-5b804f4b9ba3,6a3f0c4e-0a7d-44e9-b918-b6aa161855f6,in_progress,resolved,6d8966a8-2474-4d35-9fd9-7bb3b648f6fd,Work completed and verified.,2025-05-28 12:19:00+00
23f1911c-fc90-4b86-bec1-26b50d594c32,30aa6d3a-2527-45ce-b582-cba8f1702e34,,open,a127f1aa-9000-45ad-b741-5fdfcfaa5f34,Ticket raised from the fleet condition report.,2026-08-08 05:00:00+00
da37195f-4588-4628-a06b-a42aa9236930,30aa6d3a-2527-45ce-b582-cba8f1702e34,open,in_progress,1104d968-5037-4023-88d2-b1bb835afe68,Assigned and work started.,2026-08-09 08:24:00+00
bf086895-5155-4155-8c93-00bcb1b18689,3dfa3c86-9764-4499-965d-02b777b16185,,open,96d7b341-3b80-4e82-b373-71627dbbd59c,Ticket raised from the fleet condition report.,2024-12-18 11:22:00+00
70ad3931-a903-47fa-9b32-0a204d47634e,3dfa3c86-9764-4499-965d-02b777b16185,open,in_progress,3ad6d85f-8eb2-429d-b6b0-9df328ae585b,Assigned and work started.,2024-12-19 17:40:00+00
a75d4b11-bf87-4fde-acef-55a520c3119a,3dfa3c86-9764-4499-965d-02b777b16185,in_progress,resolved,3ad6d85f-8eb2-429d-b6b0-9df328ae585b,Work completed and verified.,2024-12-31 12:34:00+00
62608f2c-4a96-4079-872c-fd6d827696d8,3dfa3c86-9764-4499-965d-02b777b16185,resolved,closed,3ad6d85f-8eb2-429d-b6b0-9df328ae585b,Ticket closed.,2025-01-06 09:15:00+00
22c0b861-a235-47a5-88f5-95524488319d,806893da-750a-4a9d-a462-2cfcb1c155ff,,open,ef604ac6-00ff-4230-a189-03428d01342b,Ticket raised from the fleet condition report.,2024-10-19 13:27:00+00
cb19ef27-fb41-4132-95fd-94f174b2425d,806893da-750a-4a9d-a462-2cfcb1c155ff,open,in_progress,bf2345c5-305b-49ba-b06b-ecb5fede548e,Assigned and work started.,2024-10-20 09:55:00+00
2822c2d1-18d4-448c-b7b9-41ad09b3a76d,806893da-750a-4a9d-a462-2cfcb1c155ff,in_progress,resolved,bf2345c5-305b-49ba-b06b-ecb5fede548e,Work completed and verified.,2024-10-30 16:33:00+00
5f0ca744-f427-4bc1-acf0-17bed9b7fe6b,068f5b8d-2eb8-4f3a-a56a-b1911de5bd0b,,open,9227e7bd-457d-482d-b1f4-cbec55d20b07,Ticket raised from the fleet condition report.,2025-02-20 08:14:00+00
79b1a1c0-4e69-4853-8c49-085ddc26425b,068f5b8d-2eb8-4f3a-a56a-b1911de5bd0b,open,in_progress,66cb2aca-9bcf-48c3-b8bf-8e61319ccfcf,Assigned and work started.,2025-02-21 12:08:00+00
5486d2c2-8c30-40b2-abbd-b16229dbbd5d,068f5b8d-2eb8-4f3a-a56a-b1911de5bd0b,in_progress,resolved,66cb2aca-9bcf-48c3-b8bf-8e61319ccfcf,Work completed and verified.,2025-03-01 08:08:00+00
ba051dbe-8a15-40fd-be30-d6bd013e2e28,068f5b8d-2eb8-4f3a-a56a-b1911de5bd0b,resolved,closed,66cb2aca-9bcf-48c3-b8bf-8e61319ccfcf,Ticket closed.,2025-03-06 14:14:00+00
0edaa1ac-c8a3-4b56-bd4e-cc98bc717411,0dfb1775-e13f-4d3b-b3de-021b8cb2d0d3,,open,960e7df1-3079-4aab-812d-cf90bb2b019e,Ticket raised from the fleet condition report.,2026-04-28 15:32:00+00
f9f3ccf2-e605-4359-96a6-8ada210f7fad,0dfb1775-e13f-4d3b-b3de-021b8cb2d0d3,open,in_progress,59064e3f-1d1e-4817-8491-724ae8d85add,Assigned and work started.,2026-04-29 08:20:00+00
e63d2ac6-0220-49f3-9015-c1dbac2b3c2b,0dfb1775-e13f-4d3b-b3de-021b8cb2d0d3,in_progress,resolved,59064e3f-1d1e-4817-8491-724ae8d85add,Work completed and verified.,2026-05-21 06:05:00+00
596cf989-3736-457f-9d7e-5132d83a168c,a26495a8-da22-4eeb-83d3-a48587b2dc3a,,open,8679d499-93b5-4c67-96a9-235351c57233,Ticket raised from the fleet condition report.,2024-10-27 17:18:00+00
b1e8b254-82b5-4318-87ef-927acf9eeb44,dc7c22a9-6e98-4d42-a823-acf878022952,,open,a39b379b-a449-4f92-b7e7-68a0e371ece2,Ticket raised from the fleet condition report.,2025-03-27 15:26:00+00
db260c43-acb2-4108-82bc-fcf5647b978a,dc7c22a9-6e98-4d42-a823-acf878022952,open,in_progress,0b830550-4175-4716-9d78-9b2d69d25855,Assigned and work started.,2025-03-28 10:35:00+00
154d9e4f-a70e-4eaf-a33f-f338ea69002a,dc7c22a9-6e98-4d42-a823-acf878022952,in_progress,resolved,0b830550-4175-4716-9d78-9b2d69d25855,Work completed and verified.,2025-04-06 11:57:00+00
86f819fc-14bd-4ee0-b87b-c63e1ce63649,dc7c22a9-6e98-4d42-a823-acf878022952,resolved,closed,0b830550-4175-4716-9d78-9b2d69d25855,Ticket closed.,2025-04-16 14:23:00+00
a6b3a04f-0e4c-4d6f-a745-3ffd8b55bea4,f66e33b6-be65-4794-a02e-b47a5a216812,,open,2d598e0b-fb1e-485c-bef5-c988163404a7,Ticket raised from the fleet condition report.,2024-09-28 09:14:00+00
4ec1811a-8602-4505-825f-da2994dc3137,f66e33b6-be65-4794-a02e-b47a5a216812,open,in_progress,fb16df24-42b0-44f6-8de3-8f95cdd7dc1f,Assigned and work started.,2024-09-29 10:21:00+00
1c3375d2-daaf-4feb-80a2-f8f8679c060b,f66e33b6-be65-4794-a02e-b47a5a216812,in_progress,resolved,fb16df24-42b0-44f6-8de3-8f95cdd7dc1f,Work completed and verified.,2024-10-14 16:47:00+00
d2ebf122-afaf-4388-893c-cc0a5c57cbbd,f66e33b6-be65-4794-a02e-b47a5a216812,resolved,closed,fb16df24-42b0-44f6-8de3-8f95cdd7dc1f,Ticket closed.,2024-10-15 06:55:00+00
50dde9ca-69e9-4601-a3c2-d72fd928759b,c056efe5-3918-496f-b0dc-0ecb307ae0cb,,open,caed6520-d13f-4cca-b266-28e851bcedb2,Ticket raised from the fleet condition report.,2025-02-11 10:49:00+00
d3fcc4b6-d37f-4d27-b8f2-838921143c1c,c056efe5-3918-496f-b0dc-0ecb307ae0cb,open,in_progress,6b59f9f2-4c2d-40ea-8a3b-76bb6b7f5dd1,Assigned and work started.,2025-02-12 09:47:00+00
d02c9b78-9d2e-4957-8eb6-30e032409795,c056efe5-3918-496f-b0dc-0ecb307ae0cb,in_progress,resolved,6b59f9f2-4c2d-40ea-8a3b-76bb6b7f5dd1,Work completed and verified.,2025-02-23 10:44:00+00
d04bb1a9-ee52-40e7-9766-1ca31886d4a1,c056efe5-3918-496f-b0dc-0ecb307ae0cb,resolved,closed,6b59f9f2-4c2d-40ea-8a3b-76bb6b7f5dd1,Ticket closed.,2025-03-02 07:51:00+00
0a4ce9de-dfc6-4123-84b1-d8d65cc2e497,9712300a-1c21-4ec3-8f6b-24176e690487,,open,9da02b43-fc39-4382-b689-47d1d616482c,Ticket raised from the fleet condition report.,2024-10-29 09:22:00+00
24b15b9c-8fec-477a-a1ef-eb61bbe17010,9712300a-1c21-4ec3-8f6b-24176e690487,open,in_progress,4f99efd4-c45f-49c6-8b6c-f80715333c15,Assigned and work started.,2024-10-30 13:44:00+00
0f0a8497-4de2-45b7-aa37-0a1c36f79dd0,9712300a-1c21-4ec3-8f6b-24176e690487,in_progress,resolved,4f99efd4-c45f-49c6-8b6c-f80715333c15,Work completed and verified.,2024-11-18 13:07:00+00
6d14e13b-b535-4617-bb47-f6fb6127678a,9712300a-1c21-4ec3-8f6b-24176e690487,resolved,closed,4f99efd4-c45f-49c6-8b6c-f80715333c15,Ticket closed.,2024-11-20 15:30:00+00
64a6a970-e960-4557-8bf8-da634ba95aca,47a3f0b0-bd32-4e8a-b82d-328152ea5406,,open,66bd3d10-87f2-4918-8763-36e022cb6719,Ticket raised from the fleet condition report.,2025-02-16 13:39:00+00
2df8131e-2f97-4f35-bf81-b00c70455e7a,47a3f0b0-bd32-4e8a-b82d-328152ea5406,open,in_progress,2cd60729-dc8f-4065-95f7-a53f836a2138,Assigned and work started.,2025-02-17 07:54:00+00
4af4642d-22ed-4c0b-8291-c24c2d95175b,47a3f0b0-bd32-4e8a-b82d-328152ea5406,in_progress,resolved,2cd60729-dc8f-4065-95f7-a53f836a2138,Work completed and verified.,2025-02-22 16:37:00+00
6e129ff2-26e4-49d6-a411-8d5d5c1c2339,045d59a2-b59e-417e-8b26-69fed176d850,,open,5d2e03ab-21e8-41bf-92dc-5546eea96282,Ticket raised from the fleet condition report.,2025-12-21 09:33:00+00
ebeda621-989f-4d17-9efd-4d0405cc08be,045d59a2-b59e-417e-8b26-69fed176d850,open,in_progress,8c96a864-951e-4d0a-9715-532a84a4bc30,Assigned and work started.,2025-12-22 13:59:00+00
63a9cd79-ec29-4d0b-be77-61accb7d4988,045d59a2-b59e-417e-8b26-69fed176d850,in_progress,resolved,8c96a864-951e-4d0a-9715-532a84a4bc30,Work completed and verified.,2025-12-22 14:30:00+00
8fe69a0e-efc6-4719-8a1c-ea72d35f815c,045d59a2-b59e-417e-8b26-69fed176d850,resolved,closed,8c96a864-951e-4d0a-9715-532a84a4bc30,Ticket closed.,2026-01-01 10:28:00+00
940ba4b0-8f52-495a-bbb4-7dbb15c15a5f,48be443a-8211-4dc8-b6ce-cb276ab2e577,,open,d310eb40-f450-4462-95ca-3394c61cd538,Ticket raised from the fleet condition report.,2026-01-14 15:21:00+00
c36d339e-1a8b-4b3b-a094-42630321d9a8,48be443a-8211-4dc8-b6ce-cb276ab2e577,open,in_progress,6503e3a8-1b00-43f2-8b55-c07a05ed252a,Assigned and work started.,2026-01-15 14:56:00+00
61b08f87-fe32-46e3-9c81-72f3031e1f63,48be443a-8211-4dc8-b6ce-cb276ab2e577,in_progress,resolved,6503e3a8-1b00-43f2-8b55-c07a05ed252a,Work completed and verified.,2026-01-18 05:16:00+00
377b3507-d12d-4b16-8f8b-83529a3dd1d7,48be443a-8211-4dc8-b6ce-cb276ab2e577,resolved,closed,6503e3a8-1b00-43f2-8b55-c07a05ed252a,Ticket closed.,2026-01-26 15:16:00+00
6b24c364-d6da-4086-bb7e-65a1c8097718,4b024da7-ee53-4e4f-82a9-76175f4dc10a,,open,78c2d5ff-36e8-43bc-8d89-1930171dd72d,Ticket raised from the fleet condition report.,2026-02-14 17:52:00+00
bbba768f-7868-43d5-b4b0-7d7689937741,4b024da7-ee53-4e4f-82a9-76175f4dc10a,open,in_progress,3ad6d85f-8eb2-429d-b6b0-9df328ae585b,Assigned and work started.,2026-02-15 15:28:00+00
fb37bfcd-0882-407f-a042-a2f6271b8b66,4b024da7-ee53-4e4f-82a9-76175f4dc10a,in_progress,resolved,3ad6d85f-8eb2-429d-b6b0-9df328ae585b,Work completed and verified.,2026-03-09 07:29:00+00
dd9c97af-d54d-442f-8bf8-1efcd3fd4901,4b024da7-ee53-4e4f-82a9-76175f4dc10a,resolved,closed,3ad6d85f-8eb2-429d-b6b0-9df328ae585b,Ticket closed.,2026-03-18 11:16:00+00
244c82a8-c7a3-43fe-8177-2fecb71827f2,8c8494b7-86dc-4a30-9a07-7173d7d3858b,,open,0405c062-3887-46d9-855d-e641a5044cb2,Ticket raised from the fleet condition report.,2025-09-29 17:13:00+00
180fbcef-1565-4157-b18d-7f1e2b09b2af,8c8494b7-86dc-4a30-9a07-7173d7d3858b,open,in_progress,f7c70716-6d01-4c40-8743-ff7f08973f3a,Assigned and work started.,2025-09-30 09:41:00+00
3f390f55-e3ad-4859-a4ec-d9ff1e08edcc,8c8494b7-86dc-4a30-9a07-7173d7d3858b,in_progress,resolved,f7c70716-6d01-4c40-8743-ff7f08973f3a,Work completed and verified.,2025-10-03 08:41:00+00
7b23c347-5129-4a49-9085-76005af799cd,8c8494b7-86dc-4a30-9a07-7173d7d3858b,resolved,closed,f7c70716-6d01-4c40-8743-ff7f08973f3a,Ticket closed.,2025-10-13 07:20:00+00
5adedd0a-30e9-4628-b709-e9ce361b7646,50a99e69-2469-4990-97bf-1f176ef4be22,,open,5664ec34-6719-45a2-9cb0-fb98c3662dfc,Ticket raised from the fleet condition report.,2024-11-21 12:21:00+00
9bf9423f-19c2-44f0-b5f9-5d4f5fc89ed6,50a99e69-2469-4990-97bf-1f176ef4be22,open,in_progress,0b830550-4175-4716-9d78-9b2d69d25855,Assigned and work started.,2024-11-22 16:06:00+00
64a2a6d3-fcfb-4275-b840-85e9aeda8d5a,50a99e69-2469-4990-97bf-1f176ef4be22,in_progress,resolved,0b830550-4175-4716-9d78-9b2d69d25855,Work completed and verified.,2024-11-27 16:41:00+00
5f39ce06-de8d-4f45-987b-daaa31425857,2bd71d38-771b-4f88-933f-b79c5d870e12,,open,26bed796-3071-41c2-b880-d41d10e5b673,Ticket raised from the fleet condition report.,2026-01-30 06:57:00+00
74e6be91-c467-4c3a-8802-a26163ae0ea4,2bd71d38-771b-4f88-933f-b79c5d870e12,open,in_progress,b33c4ff9-69b5-4437-9699-63c066d6c353,Assigned and work started.,2026-01-31 13:24:00+00
e7a2ef64-d322-4de7-84b2-25c6fb5020e9,2bd71d38-771b-4f88-933f-b79c5d870e12,in_progress,resolved,b33c4ff9-69b5-4437-9699-63c066d6c353,Work completed and verified.,2026-02-24 16:28:00+00
860e28f8-ec0d-4492-8cd1-0df91c953a09,2bd71d38-771b-4f88-933f-b79c5d870e12,resolved,closed,b33c4ff9-69b5-4437-9699-63c066d6c353,Ticket closed.,2026-02-26 12:38:00+00
6a9e3e01-b42d-47b0-9ac9-02b13c998e1c,cbd61d0a-c15c-4509-bb75-82d30ee8366c,,open,b4c2f1d2-3630-4a29-8bee-c0e1c9fe6653,Ticket raised from the fleet condition report.,2024-10-18 12:30:00+00
20f47bfe-f989-4283-beec-196aeae08703,cbd61d0a-c15c-4509-bb75-82d30ee8366c,open,in_progress,668def89-b35a-453f-8186-ef5ef76662c8,Assigned and work started.,2024-10-19 05:09:00+00
73c71dbe-a08f-4eed-8ede-ff33a5faa442,cbd61d0a-c15c-4509-bb75-82d30ee8366c,in_progress,resolved,668def89-b35a-453f-8186-ef5ef76662c8,Work completed and verified.,2024-11-02 12:41:00+00
a976c862-fe7a-400b-8058-70f5781a6541,cbd61d0a-c15c-4509-bb75-82d30ee8366c,resolved,closed,668def89-b35a-453f-8186-ef5ef76662c8,Ticket closed.,2024-11-12 13:43:00+00
8ebad8d2-992b-467c-ac81-ac1cbb304167,8c16ce20-ec5a-40be-86c4-c956d3ea8a90,,open,f39f4c55-b6e3-4ade-8791-f08bd4926c10,Ticket raised from the fleet condition report.,2026-06-18 16:52:00+00
e2f5b336-a054-41ca-b101-e913a072e1ef,8c16ce20-ec5a-40be-86c4-c956d3ea8a90,open,in_progress,5e18dd32-52bf-446f-b5b4-306dd776e223,Assigned and work started.,2026-06-19 14:40:00+00
98a8733e-0fdf-4c08-8cbc-167c1accab4c,8c16ce20-ec5a-40be-86c4-c956d3ea8a90,in_progress,resolved,5e18dd32-52bf-446f-b5b4-306dd776e223,Work completed and verified.,2026-07-06 11:02:00+00
b962cba8-d230-492c-8146-13f0b240c9df,901b88ed-4c57-44ea-8b19-4fa6ac4bf373,,open,9f5f84e3-bce1-4c93-b37b-5c218d7ca28b,Ticket raised from the fleet condition report.,2026-07-26 17:46:00+00
579eb79e-ea0f-4df4-a13b-fd9f9b828c41,901b88ed-4c57-44ea-8b19-4fa6ac4bf373,open,in_progress,8eff9acb-560a-454d-b4e0-e23389a2264b,Assigned and work started.,2026-07-27 17:42:00+00
0b16c202-ebe0-4ec1-a67a-8626a3942bf5,901b88ed-4c57-44ea-8b19-4fa6ac4bf373,in_progress,resolved,8eff9acb-560a-454d-b4e0-e23389a2264b,Work completed and verified.,2026-08-08 05:26:00+00
c6a476c8-4464-4c0c-a1a5-9ee46486fca1,be8f9303-2299-4428-aaf0-97bb808be51a,,open,f19d2bfe-7bb4-41c7-a1b7-e9e784553c70,Ticket raised from the fleet condition report.,2025-06-28 12:37:00+00
203d7cf2-2a19-4a4a-99c8-6348882b456b,be8f9303-2299-4428-aaf0-97bb808be51a,open,in_progress,e5c08943-9e02-486b-b8ec-02510a429c07,Assigned and work started.,2025-06-29 07:43:00+00
47e96c69-5d77-4b8c-846f-d9cc1d871122,be8f9303-2299-4428-aaf0-97bb808be51a,in_progress,resolved,e5c08943-9e02-486b-b8ec-02510a429c07,Work completed and verified.,2025-07-13 13:24:00+00
e2f0f794-6b99-4ead-b305-1d21ac071d79,be8f9303-2299-4428-aaf0-97bb808be51a,resolved,closed,e5c08943-9e02-486b-b8ec-02510a429c07,Ticket closed.,2025-07-21 06:11:00+00
cd200f18-ba9c-4773-943e-fd93a9df4b3b,03421ed6-1e19-4ef7-a16d-7b2d57aa670f,,open,260ab607-633a-476d-b6dd-ca7397d5f2b5,Ticket raised from the fleet condition report.,2025-02-27 07:15:00+00
37e548da-5857-49d6-8e07-7ab77aa80932,dd296599-495d-41c1-972c-c12849991d44,,open,782ac408-28cd-4fd3-b56b-21cca25714bb,Ticket raised from the fleet condition report.,2025-05-25 06:09:00+00
79307599-0882-47dd-b1bd-cfcb9276c4b2,dd296599-495d-41c1-972c-c12849991d44,open,in_progress,97cc4d1b-3c67-439f-8fdf-b355eb120cfa,Assigned and work started.,2025-05-26 07:40:00+00
93cb5ecd-3a57-4684-b6f7-78747399a792,dd296599-495d-41c1-972c-c12849991d44,in_progress,resolved,97cc4d1b-3c67-439f-8fdf-b355eb120cfa,Work completed and verified.,2025-05-30 05:49:00+00
525a791b-1453-45b2-9c41-0ea34c202b72,dd296599-495d-41c1-972c-c12849991d44,resolved,closed,97cc4d1b-3c67-439f-8fdf-b355eb120cfa,Ticket closed.,2025-06-07 12:33:00+00
84fa887e-5718-40f5-8f09-147b85e8aa4c,742bed23-1836-4de8-98f5-d96e0ec636e3,,open,fe7a7442-473b-43a5-bcaf-d3b1086bbcf2,Ticket raised from the fleet condition report.,2025-10-10 11:02:00+00
c9d342a9-9f29-4372-a2c2-44537bff8fdc,742bed23-1836-4de8-98f5-d96e0ec636e3,open,in_progress,4004e7eb-3344-4419-9e8c-b6a39833a966,Assigned and work started.,2025-10-11 16:37:00+00
7dd5861f-dc22-43dd-9ff2-46a83fc63c67,742bed23-1836-4de8-98f5-d96e0ec636e3,in_progress,resolved,4004e7eb-3344-4419-9e8c-b6a39833a966,Work completed and verified.,2025-10-30 16:58:00+00
da9a871f-c0d6-440c-a2bf-a7fe88c4540e,742bed23-1836-4de8-98f5-d96e0ec636e3,resolved,closed,4004e7eb-3344-4419-9e8c-b6a39833a966,Ticket closed.,2025-11-09 05:45:00+00
211d5c69-11c2-4945-be81-964211a8f7eb,95ddf835-cf45-4301-899b-261f4e551d03,,open,0559c035-6377-41b3-9881-90f239377825,Ticket raised from the fleet condition report.,2025-05-28 12:50:00+00
75f17aa7-f846-4fae-86bd-8f4dd718bcc8,95ddf835-cf45-4301-899b-261f4e551d03,open,in_progress,e20935a5-5128-4f38-92b2-23e2cc66c4ed,Assigned and work started.,2025-05-29 05:35:00+00
7a96f686-bc18-4de2-ac5a-24978dc63c47,95ddf835-cf45-4301-899b-261f4e551d03,in_progress,resolved,e20935a5-5128-4f38-92b2-23e2cc66c4ed,Work completed and verified.,2025-06-12 16:49:00+00
30ffde69-f512-43b8-9813-f00fecb23ff7,95ddf835-cf45-4301-899b-261f4e551d03,resolved,closed,e20935a5-5128-4f38-92b2-23e2cc66c4ed,Ticket closed.,2025-06-21 12:25:00+00
eb2787f5-c9f9-4430-96f3-e0c1c9b41729,77672c6a-c997-45ed-82a1-49d37ce4d796,,open,80e237e5-ad5b-44f4-9ef1-4434b06cb4a1,Ticket raised from the fleet condition report.,2025-09-25 11:33:00+00
6633d0c3-a820-4af0-a140-25e543b2da15,77672c6a-c997-45ed-82a1-49d37ce4d796,open,in_progress,90850f19-81e7-4b88-ba8f-72ef0e0578fa,Assigned and work started.,2025-09-26 06:17:00+00
3d66bd0a-310d-404e-a633-f4ede14cfa32,77672c6a-c997-45ed-82a1-49d37ce4d796,in_progress,resolved,90850f19-81e7-4b88-ba8f-72ef0e0578fa,Work completed and verified.,2025-10-05 12:43:00+00
515347cf-c60a-4d16-9f6a-f11b0e08810c,77672c6a-c997-45ed-82a1-49d37ce4d796,resolved,closed,90850f19-81e7-4b88-ba8f-72ef0e0578fa,Ticket closed.,2025-10-10 11:47:00+00
d63d35c9-20e3-4e67-bdf7-eb5e47cf9874,8341b2bf-750a-43fe-aaf4-febc6c2f935c,,open,374f53b7-0887-4a96-8b7e-6555d250872a,Ticket raised from the fleet condition report.,2024-09-28 06:12:00+00
45dae73f-0c75-4091-ab13-ca39baadc60f,8341b2bf-750a-43fe-aaf4-febc6c2f935c,open,in_progress,40f69c6c-3cd3-4344-b1f4-7617f7b12fa5,Assigned and work started.,2024-09-29 11:31:00+00
ea73c74c-d7f8-4ae2-b8a8-bcb1a3abf665,8341b2bf-750a-43fe-aaf4-febc6c2f935c,in_progress,resolved,40f69c6c-3cd3-4344-b1f4-7617f7b12fa5,Work completed and verified.,2024-10-22 11:42:00+00
c605b443-98ba-46d2-9217-f61066624f78,ecff0a2b-8255-42d5-9449-82968b836e3b,,open,64c71f07-a329-4f95-8846-fc22a5ae7b0d,Ticket raised from the fleet condition report.,2024-08-27 10:29:00+00
578e1bea-e4ff-4a43-bb0b-cec609826331,ecff0a2b-8255-42d5-9449-82968b836e3b,open,in_progress,c72f23f6-0751-4dfb-aa15-6737a84c61f4,Assigned and work started.,2024-08-28 16:00:00+00
35eb0cfd-15a8-464b-8264-e418e1b5f62f,ecff0a2b-8255-42d5-9449-82968b836e3b,in_progress,resolved,c72f23f6-0751-4dfb-aa15-6737a84c61f4,Work completed and verified.,2024-09-15 09:09:00+00
8aabefb7-d401-40fb-8a42-e37dd13af26e,ecff0a2b-8255-42d5-9449-82968b836e3b,resolved,closed,c72f23f6-0751-4dfb-aa15-6737a84c61f4,Ticket closed.,2024-09-19 08:06:00+00
b489daba-2206-47ff-b2c6-ab302457035d,9f439a3a-61b0-4df3-8135-c7aa7426f718,,open,f81965e2-2ed7-4738-80b1-8b08fe3d0c7d,Ticket raised from the fleet condition report.,2026-01-25 16:12:00+00
38878ddc-b1cf-4241-9ecb-fd0b7b30d2e8,9f439a3a-61b0-4df3-8135-c7aa7426f718,open,in_progress,a363109b-c8ce-4177-9d91-030ac0b8df3a,Assigned and work started.,2026-01-26 06:44:00+00
97219fa5-5a40-4539-8a71-cc70388598bb,9f439a3a-61b0-4df3-8135-c7aa7426f718,in_progress,resolved,a363109b-c8ce-4177-9d91-030ac0b8df3a,Work completed and verified.,2026-02-03 06:02:00+00
b96c01a1-6121-4e05-83c9-623f658d123b,9f439a3a-61b0-4df3-8135-c7aa7426f718,resolved,closed,a363109b-c8ce-4177-9d91-030ac0b8df3a,Ticket closed.,2026-02-04 08:49:00+00
e737bca4-e590-42f0-99a9-6abfca3e4a6b,1efed5ec-02fc-46b8-b20b-78c4d405c30c,,open,1f244e06-5a87-45ce-934d-263326f32549,Ticket raised from the fleet condition report.,2025-05-24 11:55:00+00
3a292086-4312-49e0-aa40-a57ee376e10f,1efed5ec-02fc-46b8-b20b-78c4d405c30c,open,in_progress,c72f23f6-0751-4dfb-aa15-6737a84c61f4,Assigned and work started.,2025-05-25 13:30:00+00
ba1b3b5f-e6d1-4e72-ac8a-4a640353c609,1efed5ec-02fc-46b8-b20b-78c4d405c30c,in_progress,resolved,c72f23f6-0751-4dfb-aa15-6737a84c61f4,Work completed and verified.,2025-06-02 15:41:00+00
5901e762-df36-48cc-bf0b-1b31d73ef820,1efed5ec-02fc-46b8-b20b-78c4d405c30c,resolved,closed,c72f23f6-0751-4dfb-aa15-6737a84c61f4,Ticket closed.,2025-06-05 11:13:00+00
09925720-7ba6-4fe2-9b41-2cbaacd359da,4c498624-d9c5-41c9-805e-c7abb1bd1464,,open,6058e1f6-6cdf-4f86-83da-8e52d0a1d5d0,Ticket raised from the fleet condition report.,2026-08-07 05:28:00+00
3ac7f30c-3569-4337-ba9f-db86726fad37,806325b0-7e44-4ab9-bd6b-2766c36c3e1a,,open,0dbf774a-2a69-4d55-9066-204a56ccf15d,Ticket raised from the fleet condition report.,2026-03-13 13:29:00+00
3faa91a3-ca93-4b28-8a6e-2aec5ed9a945,806325b0-7e44-4ab9-bd6b-2766c36c3e1a,open,in_progress,9a38f54e-0c39-48c6-9c31-f8bc268a9f2a,Assigned and work started.,2026-03-14 05:54:00+00
bf0bf8fb-191f-41ae-b79d-66848f3cdcbf,806325b0-7e44-4ab9-bd6b-2766c36c3e1a,in_progress,resolved,9a38f54e-0c39-48c6-9c31-f8bc268a9f2a,Work completed and verified.,2026-03-22 07:54:00+00
6bb431be-a61f-4792-a6a2-e44b4c6156d6,806325b0-7e44-4ab9-bd6b-2766c36c3e1a,resolved,closed,9a38f54e-0c39-48c6-9c31-f8bc268a9f2a,Ticket closed.,2026-03-25 14:57:00+00
9cbd63aa-01e3-4d91-8820-c42341e17daf,6c9d3731-7c63-4705-863f-f6d8aca71633,,open,a0536940-0682-4198-bae6-6db251d72de4,Ticket raised from the fleet condition report.,2026-06-26 08:26:00+00
3c35baa7-e2b9-4763-a4bd-c5ba0780b2c1,6c9d3731-7c63-4705-863f-f6d8aca71633,open,in_progress,7644642e-745c-4474-890f-0f840a0b5df8,Assigned and work started.,2026-06-27 12:26:00+00
bdb4ffd1-5099-4966-af97-1dd681e29e7c,6c9d3731-7c63-4705-863f-f6d8aca71633,in_progress,resolved,7644642e-745c-4474-890f-0f840a0b5df8,Work completed and verified.,2026-06-30 06:03:00+00
ba49067d-be2d-4453-99da-0b595a81926c,6c9d3731-7c63-4705-863f-f6d8aca71633,resolved,closed,7644642e-745c-4474-890f-0f840a0b5df8,Ticket closed.,2026-07-09 16:27:00+00
c558807b-52c4-46dd-8264-b4f8e41889e1,bc95a306-976c-4cba-a892-f6567aea9adf,,open,db9ceda9-fe88-48a4-a8bc-b6d5b8e1c93d,Ticket raised from the fleet condition report.,2024-12-19 09:21:00+00
46b5ea4f-12e4-459a-ae45-46a0a52b946b,bc95a306-976c-4cba-a892-f6567aea9adf,open,in_progress,84ed798e-b511-4f4a-aa3a-e26029fdaf93,Assigned and work started.,2024-12-20 16:11:00+00
b86cf557-1730-4d81-827f-edfd0d480472,bc95a306-976c-4cba-a892-f6567aea9adf,in_progress,resolved,84ed798e-b511-4f4a-aa3a-e26029fdaf93,Work completed and verified.,2024-12-25 14:41:00+00
b6aaa080-89a9-4a28-8537-a742f3b641f8,bc95a306-976c-4cba-a892-f6567aea9adf,resolved,closed,84ed798e-b511-4f4a-aa3a-e26029fdaf93,Ticket closed.,2024-12-31 05:26:00+00
bcd80f85-f2a0-43d0-b2f3-4e163ca1c247,7ec08ade-b1ca-4531-a1b3-5d6799284234,,open,97205036-9a59-4b46-aa8e-9307852f2736,Ticket raised from the fleet condition report.,2024-08-18 08:08:00+00
a22d0330-a867-4c72-bc00-d5467addb3a1,7ec08ade-b1ca-4531-a1b3-5d6799284234,open,in_progress,97cc4d1b-3c67-439f-8fdf-b355eb120cfa,Assigned and work started.,2024-08-19 09:28:00+00
dff5c068-3d1f-4d2f-aae4-414c8d9cb47f,7ec08ade-b1ca-4531-a1b3-5d6799284234,in_progress,resolved,97cc4d1b-3c67-439f-8fdf-b355eb120cfa,Work completed and verified.,2024-08-25 17:30:00+00
36b7f1e1-b19c-4e73-a522-f6c9062bba21,1b597754-f3a8-427a-8e5e-6c4d012258a6,,open,6f9e2a08-35fd-4ef3-87eb-78a6530a8b83,Ticket raised from the fleet condition report.,2025-04-26 08:16:00+00
91e8dc81-fe68-41db-967a-3ef2e5c3b48b,1b597754-f3a8-427a-8e5e-6c4d012258a6,open,in_progress,0bcca5d2-620c-4e90-ae82-fb6ffc7af33d,Assigned and work started.,2025-04-27 11:27:00+00
1c02a392-bbff-4910-a154-1dc0bbd1ec68,1b597754-f3a8-427a-8e5e-6c4d012258a6,in_progress,resolved,0bcca5d2-620c-4e90-ae82-fb6ffc7af33d,Work completed and verified.,2025-05-03 09:09:00+00
75c5b7b3-39e2-4378-ae5d-530e395e537e,c2b337f6-08cd-4f61-9656-3705d56db376,,open,448f3ddf-c848-4c37-8aff-485580847d47,Ticket raised from the fleet condition report.,2024-09-18 16:25:00+00
9db4f2e2-0740-4932-83ca-f8dd18a18137,c2b337f6-08cd-4f61-9656-3705d56db376,open,in_progress,10189291-be15-401e-96a4-9be58799479f,Assigned and work started.,2024-09-19 08:39:00+00
ab09c204-6469-44fa-b2a1-05270377e7db,c2b337f6-08cd-4f61-9656-3705d56db376,in_progress,resolved,10189291-be15-401e-96a4-9be58799479f,Work completed and verified.,2024-10-01 14:27:00+00
0132c710-b645-49d6-85e5-23d3ffa17789,c2b337f6-08cd-4f61-9656-3705d56db376,resolved,closed,10189291-be15-401e-96a4-9be58799479f,Ticket closed.,2024-10-05 05:52:00+00
fe69f1f4-080b-4417-88c8-b1d0377d48c6,951257b0-19a3-4b30-8357-5473111d19cb,,open,507be855-1ac1-43a9-b1f4-fe62d2b838d9,Ticket raised from the fleet condition report.,2025-02-21 07:04:00+00
44840d51-f6dd-4d4a-9086-b0a589db38c0,951257b0-19a3-4b30-8357-5473111d19cb,open,in_progress,b958f053-fb9d-4b81-9996-c7ca66269f1c,Assigned and work started.,2025-02-22 13:48:00+00
dfea2ea0-ae17-43ee-9eb2-c5c6a76f3018,951257b0-19a3-4b30-8357-5473111d19cb,in_progress,resolved,b958f053-fb9d-4b81-9996-c7ca66269f1c,Work completed and verified.,2025-03-16 17:46:00+00
e968afb0-48d8-408b-a24b-1a84b55cd877,951257b0-19a3-4b30-8357-5473111d19cb,resolved,closed,b958f053-fb9d-4b81-9996-c7ca66269f1c,Ticket closed.,2025-03-24 05:31:00+00
5a2eebe8-1327-4b66-8fa9-cb52c9a808fb,9b5f3e92-ca8f-4a65-8388-187d31593b01,,open,7d4e3301-e869-4ed7-9374-1dfae1c92334,Ticket raised from the fleet condition report.,2026-03-25 17:35:00+00
13ebcdbe-5f31-4fba-965e-d22aea1f1a52,9b5f3e92-ca8f-4a65-8388-187d31593b01,open,in_progress,8c96a864-951e-4d0a-9715-532a84a4bc30,Assigned and work started.,2026-03-26 11:20:00+00
9284e159-d21c-4802-97dd-a708a09eb42d,9b5f3e92-ca8f-4a65-8388-187d31593b01,in_progress,resolved,8c96a864-951e-4d0a-9715-532a84a4bc30,Work completed and verified.,2026-04-05 13:03:00+00
ce063cb1-6500-4c6d-a6c7-c624ad74e30c,c6a098ea-3bfb-48a6-8ba6-d54b8d199206,,open,32dad9d0-4ec9-4cae-b538-5f91662e6d44,Ticket raised from the fleet condition report.,2024-11-30 16:52:00+00
eeaf31b5-82f2-43e2-b9ad-568b90f3390a,c6a098ea-3bfb-48a6-8ba6-d54b8d199206,open,in_progress,f1ed49ec-e79c-46e4-82c1-3e63309056fd,Assigned and work started.,2024-12-01 08:21:00+00
c293117e-e4d3-44af-bdc4-dc3c33c9ad4d,c6a098ea-3bfb-48a6-8ba6-d54b8d199206,in_progress,resolved,f1ed49ec-e79c-46e4-82c1-3e63309056fd,Work completed and verified.,2024-12-03 17:53:00+00
6f0c4aa4-ff69-468a-b57f-ea49151e5b31,c6a098ea-3bfb-48a6-8ba6-d54b8d199206,resolved,closed,f1ed49ec-e79c-46e4-82c1-3e63309056fd,Ticket closed.,2024-12-09 12:40:00+00
8231c7ed-219c-4313-afdb-cb9b389eb4b7,b2f408a2-eb93-459d-9d1a-be0d5f5a5119,,open,91ca9810-6c44-4fdb-ab53-a90ab3cdbdbc,Ticket raised from the fleet condition report.,2026-05-27 08:54:00+00
d3623ab0-6b7b-42ea-b3ac-0225c1495015,cd93b207-d494-4ba0-9eaa-d64f4f021ef8,,open,d0ea5927-2dc8-4928-bde4-56f56868028e,Ticket raised from the fleet condition report.,2024-11-29 08:18:00+00
522d4c69-784e-4384-86a1-4b3e0d645f47,cd93b207-d494-4ba0-9eaa-d64f4f021ef8,open,in_progress,ba03ac29-f294-4a7d-b142-44c46cfe2354,Assigned and work started.,2024-11-30 14:46:00+00
71dcbf83-e40f-4ae4-b258-4f590a3b841f,cd93b207-d494-4ba0-9eaa-d64f4f021ef8,in_progress,resolved,ba03ac29-f294-4a7d-b142-44c46cfe2354,Work completed and verified.,2024-12-17 07:38:00+00
b31bf350-02b8-4032-91a0-43b62ee8a937,cd93b207-d494-4ba0-9eaa-d64f4f021ef8,resolved,closed,ba03ac29-f294-4a7d-b142-44c46cfe2354,Ticket closed.,2024-12-26 08:33:00+00
96b0b304-3032-4eac-9e99-f9606449ba3d,85d4ac16-67c1-4143-b1ec-feb9aa1d226a,,open,e7e29924-482e-4793-8e68-13f315252329,Ticket raised from the fleet condition report.,2024-08-16 13:26:00+00
3583e3bf-b340-4115-b679-bafe4f743d63,679fc897-9522-4164-91cd-c5f499a6e262,,open,05d1ba48-e184-4f32-b427-e979dfe2afc7,Ticket raised from the fleet condition report.,2025-10-13 09:07:00+00
9365ffc2-0ebe-4774-bbaf-a9bf4a1565cc,679fc897-9522-4164-91cd-c5f499a6e262,open,in_progress,e4333d48-503a-4694-b7d9-97ac9dee27e0,Assigned and work started.,2025-10-14 13:49:00+00
4084c2bf-e91b-4572-95ad-bfc4b107d4f1,679fc897-9522-4164-91cd-c5f499a6e262,in_progress,resolved,e4333d48-503a-4694-b7d9-97ac9dee27e0,Work completed and verified.,2025-10-23 07:00:00+00
ec376661-b971-4151-8462-418f9c9553e7,679fc897-9522-4164-91cd-c5f499a6e262,resolved,closed,e4333d48-503a-4694-b7d9-97ac9dee27e0,Ticket closed.,2025-10-31 05:22:00+00
332859bc-c0ca-4d74-a47c-68cc15620c29,c508d00c-10fc-4c29-8d6c-233fc8e6f121,,open,4e8044de-b468-445f-aeb7-861ed06941eb,Ticket raised from the fleet condition report.,2025-06-30 15:19:00+00
22ef5c86-c99a-4a82-aa60-d6bd03858586,c508d00c-10fc-4c29-8d6c-233fc8e6f121,open,in_progress,5ca11cec-92af-4cf0-ba2a-b7ccc1954f40,Assigned and work started.,2025-07-01 16:58:00+00
45bce16c-5f61-4079-877a-bb11f50f6be4,c508d00c-10fc-4c29-8d6c-233fc8e6f121,in_progress,resolved,5ca11cec-92af-4cf0-ba2a-b7ccc1954f40,Work completed and verified.,2025-07-13 15:58:00+00
32b37f06-23fa-4bf5-ba56-af75a4a5e5c2,3c6a3eac-75d2-4095-9f60-66893e7a1aba,,open,e57b003a-8ffe-4beb-83b1-6dd60cebc1fa,Ticket raised from the fleet condition report.,2026-05-17 15:26:00+00
2dfe83fc-d3e1-4d48-8fec-8374b04968e6,3c6a3eac-75d2-4095-9f60-66893e7a1aba,open,in_progress,5ca11cec-92af-4cf0-ba2a-b7ccc1954f40,Assigned and work started.,2026-05-18 15:10:00+00
11ac12f7-df03-486c-a9bf-ee0f44844dfd,3c6a3eac-75d2-4095-9f60-66893e7a1aba,in_progress,resolved,5ca11cec-92af-4cf0-ba2a-b7ccc1954f40,Work completed and verified.,2026-06-01 16:55:00+00
82835be0-130d-4d9d-a56b-198abea4862a,569b0613-cbc8-4303-9ed9-2abee769a88e,,open,3b1f95f4-2559-4de1-8997-370ca42c1792,Ticket raised from the fleet condition report.,2025-07-26 17:20:00+00
f42d3611-d328-4718-93e9-52dc01e53353,569b0613-cbc8-4303-9ed9-2abee769a88e,open,in_progress,3116c9d0-e74c-4cf3-84ee-8fbb2165d83f,Assigned and work started.,2025-07-27 10:04:00+00
9adad426-8070-453f-b4e3-81d2dd292205,569b0613-cbc8-4303-9ed9-2abee769a88e,in_progress,resolved,3116c9d0-e74c-4cf3-84ee-8fbb2165d83f,Work completed and verified.,2025-08-05 06:02:00+00
b6a3e139-c487-4623-b758-57eeac4f8ff8,f696c1f0-236c-49ae-8583-6e35561f432a,,open,d4f423d0-e74e-4798-9af2-e03f0d95868b,Ticket raised from the fleet condition report.,2026-03-11 16:05:00+00
5096fc83-a529-4946-9cca-fd251bff5a90,f696c1f0-236c-49ae-8583-6e35561f432a,open,in_progress,cf6c56e7-5755-4ee5-801e-f33afde6b249,Assigned and work started.,2026-03-12 13:49:00+00
8ecd345c-6f4b-468e-8654-be29feed5cdf,f696c1f0-236c-49ae-8583-6e35561f432a,in_progress,resolved,cf6c56e7-5755-4ee5-801e-f33afde6b249,Work completed and verified.,2026-03-19 06:41:00+00
a2c1820c-0118-4276-a0b7-75a2c015bdf9,a59fc55c-2ed6-40e2-98bf-9e5351fedbd3,,open,d9fb7d54-ed53-436a-8034-65f6bac6edac,Ticket raised from the fleet condition report.,2026-05-17 13:35:00+00
d9cff783-e4ec-4dbf-8f7d-6d4d59a61e90,a59fc55c-2ed6-40e2-98bf-9e5351fedbd3,open,in_progress,2fc76645-2797-42a6-b6b9-d134b926381b,Assigned and work started.,2026-05-18 08:44:00+00
165ad6e3-df77-472a-8860-449f58ffa164,a59fc55c-2ed6-40e2-98bf-9e5351fedbd3,in_progress,resolved,2fc76645-2797-42a6-b6b9-d134b926381b,Work completed and verified.,2026-05-26 09:42:00+00
4b8feedd-7470-4870-bb37-51bb95386708,1e8c9880-c408-4ccd-991b-438777185123,,open,6080595d-87bb-4827-b939-5ca0cf5d91db,Ticket raised from the fleet condition report.,2025-08-19 11:48:00+00
68074313-621d-4b81-9074-26b6231fd434,1e8c9880-c408-4ccd-991b-438777185123,open,in_progress,ba03ac29-f294-4a7d-b142-44c46cfe2354,Assigned and work started.,2025-08-20 05:26:00+00
477fbdce-d912-4a1d-9ade-71502e1fcd48,1e8c9880-c408-4ccd-991b-438777185123,in_progress,resolved,ba03ac29-f294-4a7d-b142-44c46cfe2354,Work completed and verified.,2025-09-07 09:15:00+00
f6a850da-4459-452a-b024-ef8493d648f5,1e8c9880-c408-4ccd-991b-438777185123,resolved,closed,ba03ac29-f294-4a7d-b142-44c46cfe2354,Ticket closed.,2025-09-09 10:40:00+00
4e263106-43cd-420d-8aac-2dc5a5862033,0334a6c0-1ada-4a9b-b23b-681d87c0471f,,open,4803cc9c-eb64-4578-91f0-8316f3dc1ff7,Ticket raised from the fleet condition report.,2025-01-10 07:18:00+00
7651ac9d-092e-4ba5-9d89-2d695158c58a,0334a6c0-1ada-4a9b-b23b-681d87c0471f,open,in_progress,d6aec698-ade7-42e5-8a36-3df03605cce0,Assigned and work started.,2025-01-11 16:30:00+00
dc9d2082-d481-41ef-aa1a-34b3b153ed28,0334a6c0-1ada-4a9b-b23b-681d87c0471f,in_progress,resolved,d6aec698-ade7-42e5-8a36-3df03605cce0,Work completed and verified.,2025-01-21 06:00:00+00
9e910928-f10b-4336-a128-cee17dd204f9,0334a6c0-1ada-4a9b-b23b-681d87c0471f,resolved,closed,d6aec698-ade7-42e5-8a36-3df03605cce0,Ticket closed.,2025-01-27 13:07:00+00
f032cf5b-0616-47cf-a4ee-71c6de7a1fba,c243c82a-b3ab-4eac-9f7a-959bdb0a7e54,,open,08909f81-89eb-49b8-ada7-36ab7c0f67f5,Ticket raised from the fleet condition report.,2025-03-10 15:56:00+00
f96aecba-7c0a-47da-9809-15dbf6b9c793,c243c82a-b3ab-4eac-9f7a-959bdb0a7e54,open,in_progress,3898aa8b-e3d3-459d-9a76-60401f8181f0,Assigned and work started.,2025-03-11 08:11:00+00
601ada7c-07bf-498d-814c-42f64b56caf1,c243c82a-b3ab-4eac-9f7a-959bdb0a7e54,in_progress,resolved,3898aa8b-e3d3-459d-9a76-60401f8181f0,Work completed and verified.,2025-04-01 05:24:00+00
11cf4a93-bbcc-4474-bc73-5c90c8dcbef5,c243c82a-b3ab-4eac-9f7a-959bdb0a7e54,resolved,closed,3898aa8b-e3d3-459d-9a76-60401f8181f0,Ticket closed.,2025-04-09 17:49:00+00
b3a9f255-9dc5-464b-b134-7ec65862ec05,3ff05287-e247-4701-8c21-c31ef7ac64df,,open,9f068485-ade8-4dd4-a9d8-f09c2dad45fc,Ticket raised from the fleet condition report.,2025-09-23 05:44:00+00
6271cbcd-3131-43f4-90f5-ac645355177d,aa2fcc75-59b5-4273-b23a-699c6fa0e328,,open,2ff785ce-b723-4033-bed4-5953533e3039,Ticket raised from the fleet condition report.,2025-02-12 17:24:00+00
f467578e-7bb3-400e-a523-39b7c2077d0f,aa2fcc75-59b5-4273-b23a-699c6fa0e328,open,in_progress,e1c1397c-6345-47ab-948e-0f3e68d615b7,Assigned and work started.,2025-02-13 17:52:00+00
9ec791bd-4618-4cc7-8501-e47930bc7866,aa2fcc75-59b5-4273-b23a-699c6fa0e328,in_progress,resolved,e1c1397c-6345-47ab-948e-0f3e68d615b7,Work completed and verified.,2025-02-14 14:22:00+00
4ed9306f-f90f-4dbb-bbb8-bf931fec50de,d471823e-f4fc-4811-b13a-95321fe6d5ef,,open,b015ed00-cd8b-4041-89b9-9e79ccc5d00b,Ticket raised from the fleet condition report.,2025-08-15 13:46:00+00
90d52e14-d986-42d7-bffe-c44347368d7d,d471823e-f4fc-4811-b13a-95321fe6d5ef,open,in_progress,233aac45-07b9-46b4-af83-c4c76f181669,Assigned and work started.,2025-08-16 14:54:00+00
f90c4cd6-a994-4b5f-a6a1-14999ed04a58,d471823e-f4fc-4811-b13a-95321fe6d5ef,in_progress,resolved,233aac45-07b9-46b4-af83-c4c76f181669,Work completed and verified.,2025-08-22 08:26:00+00
fc834b34-d079-463e-9d9d-31fa3c89003d,0f0c72f3-1efa-425c-810a-d519ec8a0887,,open,94c64335-4962-40b1-96fd-53632f8d49a3,Ticket raised from the fleet condition report.,2024-08-29 15:42:00+00
78d11aa5-8fee-43d4-a6af-81ef4dbae498,0f0c72f3-1efa-425c-810a-d519ec8a0887,open,in_progress,5e18dd32-52bf-446f-b5b4-306dd776e223,Assigned and work started.,2024-08-30 10:39:00+00
163af8c1-dd1b-45ef-8714-170457c063f1,0f0c72f3-1efa-425c-810a-d519ec8a0887,in_progress,resolved,5e18dd32-52bf-446f-b5b4-306dd776e223,Work completed and verified.,2024-09-16 07:34:00+00
ce23666a-8e4f-40ff-8d01-c3eb0795d74f,b8c61fdd-f18c-4798-a44c-9a4a0b322629,,open,cbaa9f3a-1731-4f39-a19c-2252b655f163,Ticket raised from the fleet condition report.,2025-10-30 06:17:00+00
1e282ca8-d72c-4dd3-a190-119849d7003e,b8c61fdd-f18c-4798-a44c-9a4a0b322629,open,in_progress,3116c9d0-e74c-4cf3-84ee-8fbb2165d83f,Assigned and work started.,2025-10-31 10:41:00+00
dd2fb8e9-052c-4db6-bd7a-d094494c23b4,b8c61fdd-f18c-4798-a44c-9a4a0b322629,in_progress,resolved,3116c9d0-e74c-4cf3-84ee-8fbb2165d83f,Work completed and verified.,2025-11-07 17:36:00+00
118eadcd-6181-47ee-87df-d9256e288109,a30f653d-8473-423a-937b-22efd6520063,,open,4fa2752c-21e0-493e-9323-ee28c5c15ff0,Ticket raised from the fleet condition report.,2025-02-18 14:03:00+00
78d48e48-2428-4121-b796-aeeba9015bdd,51507e79-b9a6-46e1-b3ba-6c816f90ccfb,,open,b39348d1-7405-4464-8957-067b571cbe59,Ticket raised from the fleet condition report.,2026-05-27 05:49:00+00
e4c4856a-cf15-4f04-9edb-253ac2f37136,51507e79-b9a6-46e1-b3ba-6c816f90ccfb,open,in_progress,65403423-49cb-46e5-8f5f-eb8802feb133,Assigned and work started.,2026-05-28 11:14:00+00
436993bc-0ffe-4852-aed0-9f5669722fbe,cb47c76a-8804-4223-a715-e1bc9343ab9e,,open,bc386f1f-6069-48e1-bf31-dca443044b19,Ticket raised from the fleet condition report.,2025-12-18 14:54:00+00
4333b214-25f8-44a0-9afe-bdcdbb332008,cb47c76a-8804-4223-a715-e1bc9343ab9e,open,in_progress,f99df61d-d168-4c17-b0fc-99832b736ca8,Assigned and work started.,2025-12-19 07:19:00+00
d6b51c4c-de27-4718-a592-777aa0c9a759,cb47c76a-8804-4223-a715-e1bc9343ab9e,in_progress,resolved,f99df61d-d168-4c17-b0fc-99832b736ca8,Work completed and verified.,2026-01-06 16:44:00+00
11030330-f6b5-4347-9194-cb7de33d028a,e372e94b-4b28-4211-a3ef-19d0d87bd6fa,,open,395c47cc-fcf0-4dba-a308-985c549bc54c,Ticket raised from the fleet condition report.,2024-11-18 15:16:00+00
9739e328-41e3-4542-a30b-0e7510d1f318,e372e94b-4b28-4211-a3ef-19d0d87bd6fa,open,in_progress,ee5357e0-7ef0-49d6-aba4-c3a983e97bbd,Assigned and work started.,2024-11-19 08:04:00+00
61cae26b-dcc6-461c-8e3b-2c841c5d202c,e372e94b-4b28-4211-a3ef-19d0d87bd6fa,in_progress,resolved,ee5357e0-7ef0-49d6-aba4-c3a983e97bbd,Work completed and verified.,2024-11-22 14:07:00+00
80bc97bb-6653-49fd-815f-c2354901d966,e372e94b-4b28-4211-a3ef-19d0d87bd6fa,resolved,closed,ee5357e0-7ef0-49d6-aba4-c3a983e97bbd,Ticket closed.,2024-11-29 09:57:00+00
bb503274-f6f6-47fd-9301-e4453d9c367f,3ea6243f-00f6-42ca-9961-eb6b7cb4c2ad,,open,022e2531-3147-464c-8ab0-f1461e0f7f2c,Ticket raised from the fleet condition report.,2025-11-16 14:44:00+00
9c769bb0-4908-45a7-b02c-25dd9a0c61ad,3ea6243f-00f6-42ca-9961-eb6b7cb4c2ad,open,in_progress,6d8966a8-2474-4d35-9fd9-7bb3b648f6fd,Assigned and work started.,2025-11-17 08:48:00+00
72c31d4b-9633-4f5b-9f88-b54d90cc1022,3ea6243f-00f6-42ca-9961-eb6b7cb4c2ad,in_progress,resolved,6d8966a8-2474-4d35-9fd9-7bb3b648f6fd,Work completed and verified.,2025-11-18 15:41:00+00
a57f8dc1-4486-40cd-86ab-fc2d3009d698,3ea6243f-00f6-42ca-9961-eb6b7cb4c2ad,resolved,closed,6d8966a8-2474-4d35-9fd9-7bb3b648f6fd,Ticket closed.,2025-11-24 17:38:00+00
26118177-9ffe-42b9-9261-6f3ffd80b067,5d9a69fd-776c-4a0a-a9e9-30aafd94c9ac,,open,fb6db374-5499-4fab-a5e5-5f201832e9d3,Ticket raised from the fleet condition report.,2026-01-30 10:07:00+00
e7da0fb5-b733-4f52-86f1-f9658167bfbc,5d9a69fd-776c-4a0a-a9e9-30aafd94c9ac,open,in_progress,7ab528b9-cbf7-4b46-8d45-847ab79da77d,Assigned and work started.,2026-01-31 14:06:00+00
8cfebfda-f0aa-41b9-aa6b-bded38749615,5d9a69fd-776c-4a0a-a9e9-30aafd94c9ac,in_progress,resolved,7ab528b9-cbf7-4b46-8d45-847ab79da77d,Work completed and verified.,2026-02-07 12:32:00+00
a1bb5a4a-dc48-4365-9655-72f88e85ecde,08f10ae6-f8d0-4e9a-8b02-3019df178477,,open,bfe22d3e-aa0d-42ca-9de4-b68f3f37afeb,Ticket raised from the fleet condition report.,2025-01-26 08:10:00+00
3e4fef97-1b88-4792-a275-05d56e8a3f9f,08f10ae6-f8d0-4e9a-8b02-3019df178477,open,in_progress,e20935a5-5128-4f38-92b2-23e2cc66c4ed,Assigned and work started.,2025-01-27 09:24:00+00
be5c72a6-53d7-4a2e-bafa-67b0ca2496e7,08f10ae6-f8d0-4e9a-8b02-3019df178477,in_progress,resolved,e20935a5-5128-4f38-92b2-23e2cc66c4ed,Work completed and verified.,2025-02-02 17:01:00+00
ccb254dd-b193-4791-b4f4-52c9f7fd702f,08f10ae6-f8d0-4e9a-8b02-3019df178477,resolved,closed,e20935a5-5128-4f38-92b2-23e2cc66c4ed,Ticket closed.,2025-02-09 14:42:00+00
d6ff6031-6f9c-4eb2-b387-baaccb7fd7dc,19cc36cb-45e6-485a-8243-cc4fcb4ecaba,,open,2880fc15-f0ee-4986-8ce3-c88c53681281,Ticket raised from the fleet condition report.,2025-07-13 10:30:00+00
3f5b6b16-5813-465c-98a0-a71513c30e74,19cc36cb-45e6-485a-8243-cc4fcb4ecaba,open,in_progress,66fa4ed5-e7e7-4664-8c2a-908778ecba02,Assigned and work started.,2025-07-14 05:58:00+00
5e1764d7-72b9-4f94-93a2-f7dc6e1a0a5c,19cc36cb-45e6-485a-8243-cc4fcb4ecaba,in_progress,resolved,66fa4ed5-e7e7-4664-8c2a-908778ecba02,Work completed and verified.,2025-08-04 14:57:00+00
50d45683-ce3b-412f-a271-ec5dc6c52991,5fffe508-217f-4417-92c3-51e0274135be,,open,55edc01a-8a5f-4b83-b49e-cb746b8e6bcf,Ticket raised from the fleet condition report.,2024-09-28 07:11:00+00
ea84d999-b8ff-4f05-ac69-8a92872ef8a3,5fffe508-217f-4417-92c3-51e0274135be,open,in_progress,fb16df24-42b0-44f6-8de3-8f95cdd7dc1f,Assigned and work started.,2024-09-29 14:33:00+00
e2578a3f-17eb-4b65-9ac4-323c8db7ea3b,5fffe508-217f-4417-92c3-51e0274135be,in_progress,resolved,fb16df24-42b0-44f6-8de3-8f95cdd7dc1f,Work completed and verified.,2024-09-30 17:05:00+00
b74cf4eb-da57-42c3-90ba-b3d89864c928,5fffe508-217f-4417-92c3-51e0274135be,resolved,closed,fb16df24-42b0-44f6-8de3-8f95cdd7dc1f,Ticket closed.,2024-10-03 08:01:00+00
bb6bd6d0-0988-4bf8-8677-02b24d7888ea,4aef4611-adb6-4e8f-b1d5-51c14b371731,,open,d1180d8d-7124-476b-b7a8-8633b48b0fb9,Ticket raised from the fleet condition report.,2025-08-17 11:44:00+00
320acc30-14cf-412b-ad00-45a4b70e618e,4aef4611-adb6-4e8f-b1d5-51c14b371731,open,in_progress,66fa4ed5-e7e7-4664-8c2a-908778ecba02,Assigned and work started.,2025-08-18 13:14:00+00
f89cd14c-d3ac-4896-ad71-3cc82a6b104d,4aef4611-adb6-4e8f-b1d5-51c14b371731,in_progress,resolved,66fa4ed5-e7e7-4664-8c2a-908778ecba02,Work completed and verified.,2025-08-25 17:16:00+00
2c81256e-c18f-40d8-95a5-6486d62f6795,17790a36-0b22-4e78-96b3-e16b84181733,,open,9eb09106-f54e-4d7c-a8ab-2e35db7f6fee,Ticket raised from the fleet condition report.,2025-01-10 10:10:00+00
c4d18d7b-91e5-4d3d-8d58-fa5ac49daba9,17790a36-0b22-4e78-96b3-e16b84181733,open,in_progress,246980b5-110b-4571-9060-906f0c1ed19f,Assigned and work started.,2025-01-11 09:20:00+00
4f0a8749-fb26-4778-a146-268d7ca14a06,17790a36-0b22-4e78-96b3-e16b84181733,in_progress,resolved,246980b5-110b-4571-9060-906f0c1ed19f,Work completed and verified.,2025-01-21 13:02:00+00
7133cab6-70c8-4457-bddb-0bbd977c7726,17790a36-0b22-4e78-96b3-e16b84181733,resolved,closed,246980b5-110b-4571-9060-906f0c1ed19f,Ticket closed.,2025-01-28 05:04:00+00
371391d3-e40f-4d30-84dc-20f18bacb4d1,36d38911-d20b-4d22-adcc-4bd45a92ae33,,open,b232ddd5-5830-4628-84d8-26c9e470d691,Ticket raised from the fleet condition report.,2025-04-21 11:35:00+00
e5f3bfbe-7f7f-463c-813a-f3890fee3caa,36d38911-d20b-4d22-adcc-4bd45a92ae33,open,in_progress,69740143-f533-4866-a394-3d1ba98f20a7,Assigned and work started.,2025-04-22 10:07:00+00
c8248b4a-e7f2-4240-bcef-c852b5d33e6b,36d38911-d20b-4d22-adcc-4bd45a92ae33,in_progress,resolved,69740143-f533-4866-a394-3d1ba98f20a7,Work completed and verified.,2025-04-26 06:04:00+00
56507705-df9d-49e8-b5b1-43260b1ca982,36d38911-d20b-4d22-adcc-4bd45a92ae33,resolved,closed,69740143-f533-4866-a394-3d1ba98f20a7,Ticket closed.,2025-05-06 17:29:00+00
4da2c856-a1d8-41c9-9c28-c9817ed552d2,fc3452be-78af-4a47-b4fb-fa5b3d0fc9e8,,open,786ea10f-0251-419f-a7fb-700b47d3108c,Ticket raised from the fleet condition report.,2024-08-29 09:12:00+00
718cd99f-88bb-4070-9f48-c12056ed4395,fc3452be-78af-4a47-b4fb-fa5b3d0fc9e8,open,in_progress,1246b49b-4c2a-428c-9e26-abdd7df1b7e0,Assigned and work started.,2024-08-30 16:32:00+00
b67c1356-bf1c-48d2-ad85-aaf841797ae6,fc3452be-78af-4a47-b4fb-fa5b3d0fc9e8,in_progress,resolved,1246b49b-4c2a-428c-9e26-abdd7df1b7e0,Work completed and verified.,2024-09-10 12:24:00+00
a7bd1141-83a1-4554-8114-695fea1e9aa8,1cc324f7-2636-474b-a346-169e6d482cdc,,open,14479c56-9ab9-4eab-bec5-c8323d7dde9b,Ticket raised from the fleet condition report.,2026-04-19 11:38:00+00
f4213077-0b49-41c0-af67-44e0f8373fb6,1cc324f7-2636-474b-a346-169e6d482cdc,open,in_progress,6307ed65-c77c-40e7-9e0f-0b67135eb7b1,Assigned and work started.,2026-04-20 08:23:00+00
1e3a2e6d-e6f4-4077-b2c0-a1acf773e0b0,1cc324f7-2636-474b-a346-169e6d482cdc,in_progress,resolved,6307ed65-c77c-40e7-9e0f-0b67135eb7b1,Work completed and verified.,2026-04-27 14:26:00+00
71a293e7-f51a-471e-abab-e48dc83f3712,1cc324f7-2636-474b-a346-169e6d482cdc,resolved,closed,6307ed65-c77c-40e7-9e0f-0b67135eb7b1,Ticket closed.,2026-04-28 14:56:00+00
0d492e0f-e437-403b-ac04-9a457d44b219,629e0f04-5919-4369-b5cb-26271d384589,,open,c0f5d5cf-17fa-4b0c-b1b0-dad03fc108e8,Ticket raised from the fleet condition report.,2025-01-11 12:42:00+00
288aa60a-b4af-45c8-80de-64b5265b023c,629e0f04-5919-4369-b5cb-26271d384589,open,in_progress,9ac1f452-afac-4a3b-b3eb-3e9ebe62c5a9,Assigned and work started.,2025-01-12 16:40:00+00
dccf6c14-bb7a-453b-bce4-9d4ea4df00e9,629e0f04-5919-4369-b5cb-26271d384589,in_progress,resolved,9ac1f452-afac-4a3b-b3eb-3e9ebe62c5a9,Work completed and verified.,2025-01-31 14:39:00+00
265ff768-cea8-44c1-890a-4c2cedac91b4,629e0f04-5919-4369-b5cb-26271d384589,resolved,closed,9ac1f452-afac-4a3b-b3eb-3e9ebe62c5a9,Ticket closed.,2025-02-10 07:48:00+00
d5da2b9e-a1e6-46cc-b74a-898a2a28f495,d3fe5acf-7f3b-4d8e-a037-462347d7b8fb,,open,d884117d-3827-4278-8128-77523994bdb1,Ticket raised from the fleet condition report.,2025-03-22 10:36:00+00
ec1193a4-bed7-4b2b-865f-0db2752f999f,d3fe5acf-7f3b-4d8e-a037-462347d7b8fb,open,in_progress,f9a5607b-7040-4ba8-95c0-6de3c5367dea,Assigned and work started.,2025-03-23 09:41:00+00
14325fa6-67d8-41c6-a99c-494734a4c660,d3fe5acf-7f3b-4d8e-a037-462347d7b8fb,in_progress,resolved,f9a5607b-7040-4ba8-95c0-6de3c5367dea,Work completed and verified.,2025-03-29 12:56:00+00
cf19d74e-021c-4268-8ef0-30dfe4847f2d,d3fe5acf-7f3b-4d8e-a037-462347d7b8fb,resolved,closed,f9a5607b-7040-4ba8-95c0-6de3c5367dea,Ticket closed.,2025-04-05 17:06:00+00
323f9026-74b1-4dd0-92d0-5d126d590d87,62c817e2-6db7-42a6-a144-93b91cb39e94,,open,dc58cb16-b3c7-4feb-8208-b4d88e565b6c,Ticket raised from the fleet condition report.,2025-12-21 13:51:00+00
ac16f0b6-1284-4d78-9047-86aeaaba2367,62c817e2-6db7-42a6-a144-93b91cb39e94,open,in_progress,9ac1f452-afac-4a3b-b3eb-3e9ebe62c5a9,Assigned and work started.,2025-12-22 05:56:00+00
af27fae7-21c7-4c93-99ee-7ddcf9d529be,62c817e2-6db7-42a6-a144-93b91cb39e94,in_progress,resolved,9ac1f452-afac-4a3b-b3eb-3e9ebe62c5a9,Work completed and verified.,2026-01-03 05:30:00+00
16e27a62-db70-4958-ae5a-82c48e3ac114,62c817e2-6db7-42a6-a144-93b91cb39e94,resolved,closed,9ac1f452-afac-4a3b-b3eb-3e9ebe62c5a9,Ticket closed.,2026-01-06 11:19:00+00
446393df-1369-407e-8e6d-811053d9c38c,c633a8a7-5a9e-4c4c-81ea-cdb14c9cf5f4,,open,525885b4-8242-4b0e-9389-e73ab4da0883,Ticket raised from the fleet condition report.,2024-11-28 06:05:00+00
d3e357b0-d706-4426-898e-ecc25c9476f7,c633a8a7-5a9e-4c4c-81ea-cdb14c9cf5f4,open,in_progress,022e5872-55c1-40d7-b067-cc60fae673de,Assigned and work started.,2024-11-29 17:53:00+00
0cffd15e-f2bf-49ae-bae7-a4fd5f55ff44,c633a8a7-5a9e-4c4c-81ea-cdb14c9cf5f4,in_progress,resolved,022e5872-55c1-40d7-b067-cc60fae673de,Work completed and verified.,2024-12-15 07:56:00+00
64e3b56c-6726-4cc5-87f0-f1408bcd429f,c633a8a7-5a9e-4c4c-81ea-cdb14c9cf5f4,resolved,closed,022e5872-55c1-40d7-b067-cc60fae673de,Ticket closed.,2024-12-21 07:09:00+00
950f1f9d-5c61-48cb-b9b8-40b64fbb30c5,e60a23ca-8338-4c57-9ba6-22fbee42483b,,open,11d49ef0-98e1-49a9-a095-7ad9ebcc59a1,Ticket raised from the fleet condition report.,2024-12-19 14:10:00+00
b8855ffe-7cfe-43d5-b685-71b5c5638d34,e60a23ca-8338-4c57-9ba6-22fbee42483b,open,in_progress,43adafee-47fa-4fdd-a233-526bc7ecffb2,Assigned and work started.,2024-12-20 17:32:00+00
d896a5e8-ac03-4c9a-b4d0-24a417335061,e60a23ca-8338-4c57-9ba6-22fbee42483b,in_progress,resolved,43adafee-47fa-4fdd-a233-526bc7ecffb2,Work completed and verified.,2024-12-28 10:11:00+00
23fc0d31-8686-4f0a-ae05-20b3420563df,e60a23ca-8338-4c57-9ba6-22fbee42483b,resolved,closed,43adafee-47fa-4fdd-a233-526bc7ecffb2,Ticket closed.,2025-01-05 10:37:00+00
043ca757-2b71-46a8-82e0-3684d3c4fb74,e23dfde5-4098-42fa-9553-dfa1508cec84,,open,7bfed8d2-1613-471e-bf1c-b491fe148641,Ticket raised from the fleet condition report.,2025-08-15 09:25:00+00
8ed0b32f-2da3-4c1a-bee3-51df59d044d9,e23dfde5-4098-42fa-9553-dfa1508cec84,open,in_progress,96fb9f33-3e52-4958-8405-6ccf26fcacdc,Assigned and work started.,2025-08-16 06:48:00+00
8cbe3271-bd6a-44a0-b699-7b2c998f4602,e23dfde5-4098-42fa-9553-dfa1508cec84,in_progress,resolved,96fb9f33-3e52-4958-8405-6ccf26fcacdc,Work completed and verified.,2025-08-17 14:09:00+00
bba9bccc-eae3-4738-a85e-9b38b18baa34,e23dfde5-4098-42fa-9553-dfa1508cec84,resolved,closed,96fb9f33-3e52-4958-8405-6ccf26fcacdc,Ticket closed.,2025-08-19 16:59:00+00
dfeefaba-5e3d-4da3-ac3f-178b20b8be3c,200439f4-131c-4629-a3f2-3825a7b26f85,,open,5d2e03ab-21e8-41bf-92dc-5546eea96282,Ticket raised from the fleet condition report.,2025-02-11 07:01:00+00
df8d22e7-ca87-4a7b-b05c-79c1a71dbea8,200439f4-131c-4629-a3f2-3825a7b26f85,open,in_progress,d555997d-4f34-4447-8538-e3ac8bc0b2cb,Assigned and work started.,2025-02-12 15:43:00+00
76db57db-6bc7-4dde-98f2-d669090c3c35,200439f4-131c-4629-a3f2-3825a7b26f85,in_progress,resolved,d555997d-4f34-4447-8538-e3ac8bc0b2cb,Work completed and verified.,2025-02-16 05:37:00+00
fe47b6c8-1f98-4ab5-a440-7172d52a3f24,f72e1fe0-8163-4dfe-a7ee-d24147139ec7,,open,11aa8dc4-d36c-4098-88b1-163bac724648,Ticket raised from the fleet condition report.,2026-06-23 13:53:00+00
ef52b30b-da55-4516-98d8-c7d950ee80df,f72e1fe0-8163-4dfe-a7ee-d24147139ec7,open,in_progress,e4333d48-503a-4694-b7d9-97ac9dee27e0,Assigned and work started.,2026-06-24 09:07:00+00
2c24e61b-459c-47f8-aa18-29ff53e24422,f72e1fe0-8163-4dfe-a7ee-d24147139ec7,in_progress,resolved,e4333d48-503a-4694-b7d9-97ac9dee27e0,Work completed and verified.,2026-06-29 16:13:00+00
d4e66cd2-2813-4a25-984e-29ef5029146a,e490962d-402e-4436-8a09-572187e6fe36,,open,6304e580-0502-491d-80c1-fcd084bbbd24,Ticket raised from the fleet condition report.,2024-09-11 10:17:00+00
5a832087-c4a9-4f62-8d37-bbdc6612f9f1,e490962d-402e-4436-8a09-572187e6fe36,open,in_progress,4004e7eb-3344-4419-9e8c-b6a39833a966,Assigned and work started.,2024-09-12 17:08:00+00
b7875ce2-ec4f-4098-b714-4d365e63f423,e490962d-402e-4436-8a09-572187e6fe36,in_progress,resolved,4004e7eb-3344-4419-9e8c-b6a39833a966,Work completed and verified.,2024-09-25 17:35:00+00
7fe75383-745f-44b8-8e85-da14381fb0ff,e490962d-402e-4436-8a09-572187e6fe36,resolved,closed,4004e7eb-3344-4419-9e8c-b6a39833a966,Ticket closed.,2024-10-05 05:48:00+00
932f0bdb-c356-4e3b-b808-ea79fb71924b,9dcd0e04-851c-4008-8945-245378b0dc26,,open,70bf07bf-38ab-467c-8e62-966770517b9c,Ticket raised from the fleet condition report.,2025-11-18 08:04:00+00
d63f6bc9-4042-4125-a989-c17add7f0553,9dcd0e04-851c-4008-8945-245378b0dc26,open,in_progress,3a8a06de-92d4-4f46-9eee-923b07539d6c,Assigned and work started.,2025-11-19 08:42:00+00
d7ea569d-1151-40c1-a0a8-ca4a3eae7773,9dcd0e04-851c-4008-8945-245378b0dc26,in_progress,resolved,3a8a06de-92d4-4f46-9eee-923b07539d6c,Work completed and verified.,2025-11-22 07:10:00+00
da04a97b-bb1d-4815-a4dd-d34102495de9,bb13687a-dfbb-4476-abec-dc34ac9c0a10,,open,34931f13-2403-4242-8b97-cda22b57bcf1,Ticket raised from the fleet condition report.,2026-05-12 09:09:00+00
fc9a65c4-17ad-46bb-819e-4844f36f795c,bb13687a-dfbb-4476-abec-dc34ac9c0a10,open,in_progress,51de8298-573f-473b-b907-584ec33f7841,Assigned and work started.,2026-05-13 06:30:00+00
1e401367-532c-4b6e-8e52-b8d4a27dc49c,bb13687a-dfbb-4476-abec-dc34ac9c0a10,in_progress,resolved,51de8298-573f-473b-b907-584ec33f7841,Work completed and verified.,2026-05-28 08:01:00+00
60029185-3eab-4d55-a14b-8ff2863a9e8a,541561fa-4223-46d3-ac83-8fd8dad32d32,,open,b98804b5-aaf4-4355-961f-ff75a2e4dcaf,Ticket raised from the fleet condition report.,2025-12-20 08:15:00+00
43d5bc88-c164-4917-9ed2-86a9db0003d6,541561fa-4223-46d3-ac83-8fd8dad32d32,open,in_progress,f2e3adca-c995-4570-a695-525ef502c1ef,Assigned and work started.,2025-12-21 17:36:00+00
b8078e6c-7d8a-4680-969f-3f09eafa9e7f,541561fa-4223-46d3-ac83-8fd8dad32d32,in_progress,resolved,f2e3adca-c995-4570-a695-525ef502c1ef,Work completed and verified.,2026-01-05 17:10:00+00
189e6f28-bdbb-47be-b85d-69318593468f,541561fa-4223-46d3-ac83-8fd8dad32d32,resolved,closed,f2e3adca-c995-4570-a695-525ef502c1ef,Ticket closed.,2026-01-08 09:17:00+00
7b772d75-6b8b-4b59-9335-cecd95533288,e51360fd-ae89-4034-aa5f-8fb513141390,,open,47a3900f-7eb3-4a89-859b-6570776ea3c5,Ticket raised from the fleet condition report.,2025-10-23 07:34:00+00
39d6d264-5c74-4ac6-bea3-5d3d201596ac,e51360fd-ae89-4034-aa5f-8fb513141390,open,in_progress,70506215-8794-4b65-b206-0e75646dfe9a,Assigned and work started.,2025-10-24 09:22:00+00
9ba7e6be-28d9-4e24-a963-86db6a132208,e51360fd-ae89-4034-aa5f-8fb513141390,in_progress,resolved,70506215-8794-4b65-b206-0e75646dfe9a,Work completed and verified.,2025-10-30 15:53:00+00
041e00da-f29f-4db2-af8c-6e7d89ecc2ba,e51360fd-ae89-4034-aa5f-8fb513141390,resolved,closed,70506215-8794-4b65-b206-0e75646dfe9a,Ticket closed.,2025-11-02 15:11:00+00
9c04ced2-251e-4bd9-b107-c30f41fd66f8,299aaf9f-88f2-4199-a04b-c082a6ce54c3,,open,9f068485-ade8-4dd4-a9d8-f09c2dad45fc,Ticket raised from the fleet condition report.,2026-02-14 07:03:00+00
d326d3a4-8094-471e-9eaa-10df6000eeb1,299aaf9f-88f2-4199-a04b-c082a6ce54c3,open,in_progress,e20935a5-5128-4f38-92b2-23e2cc66c4ed,Assigned and work started.,2026-02-15 08:10:00+00
afab370f-92eb-4792-96c1-cb7c48737f8b,299aaf9f-88f2-4199-a04b-c082a6ce54c3,in_progress,resolved,e20935a5-5128-4f38-92b2-23e2cc66c4ed,Work completed and verified.,2026-02-28 11:06:00+00
b02f1131-7e98-4638-b7b7-8c040ba91842,299aaf9f-88f2-4199-a04b-c082a6ce54c3,resolved,closed,e20935a5-5128-4f38-92b2-23e2cc66c4ed,Ticket closed.,2026-03-10 05:12:00+00
0d909e1a-dc8a-49d9-beb9-6db6548cd9de,2541d88e-c99a-4a8e-af35-c80402d57046,,open,ce97eae8-36da-4b55-9866-1818be74fe8c,Ticket raised from the fleet condition report.,2026-03-25 09:10:00+00
9e586264-37b2-4e5c-b606-42a1db6d2433,2541d88e-c99a-4a8e-af35-c80402d57046,open,in_progress,f9a5607b-7040-4ba8-95c0-6de3c5367dea,Assigned and work started.,2026-03-26 07:04:00+00
aedca026-08c6-4a6d-9f19-5b3f5489242b,2541d88e-c99a-4a8e-af35-c80402d57046,in_progress,resolved,f9a5607b-7040-4ba8-95c0-6de3c5367dea,Work completed and verified.,2026-04-06 15:51:00+00
8155901c-0ce2-49ba-a54b-d882f04d4a46,27607ca9-d3f8-438a-9ed8-d7f2b4d80d86,,open,6dfe7908-1670-4f24-a01e-791d003947e8,Ticket raised from the fleet condition report.,2026-08-07 17:25:00+00
f9188fc4-77ba-45c9-a5fe-dd3b23ee19e4,27607ca9-d3f8-438a-9ed8-d7f2b4d80d86,open,in_progress,728c431d-a607-4a38-9b1a-2287ce9979ad,Assigned and work started.,2026-08-08 15:21:00+00
1714e401-11e1-41e4-a254-abf753b5591a,092b321d-0218-45a4-b4f1-f52efff9e774,,open,1bf61d3f-94c5-4a00-a27d-f70c6a229bf8,Ticket raised from the fleet condition report.,2025-09-18 07:14:00+00
d552b65d-4772-4b27-8d75-1f0a30bffb8a,092b321d-0218-45a4-b4f1-f52efff9e774,open,in_progress,1ad7ccbc-6809-4f96-83f4-c7636a2a4728,Assigned and work started.,2025-09-19 15:13:00+00
43dccccd-c9d8-4663-ac73-b7a963f5b7d5,092b321d-0218-45a4-b4f1-f52efff9e774,in_progress,resolved,1ad7ccbc-6809-4f96-83f4-c7636a2a4728,Work completed and verified.,2025-10-08 14:34:00+00
f9ff8020-a237-477c-a9b0-5aefe59dd585,310561dc-99e1-4bc7-8699-6e259a411372,,open,4033330c-bcf8-4dc8-802e-7a4195e4163b,Ticket raised from the fleet condition report.,2026-03-30 15:32:00+00
2c22892d-53ee-40f7-95d5-45f1720a0b24,310561dc-99e1-4bc7-8699-6e259a411372,open,in_progress,84ed798e-b511-4f4a-aa3a-e26029fdaf93,Assigned and work started.,2026-03-31 06:49:00+00
0f0b0dd1-c7d9-4934-a57a-9177a30c986a,310561dc-99e1-4bc7-8699-6e259a411372,in_progress,resolved,84ed798e-b511-4f4a-aa3a-e26029fdaf93,Work completed and verified.,2026-04-08 06:56:00+00
bebb25f0-f795-4126-b16b-1932e32a2143,310561dc-99e1-4bc7-8699-6e259a411372,resolved,closed,84ed798e-b511-4f4a-aa3a-e26029fdaf93,Ticket closed.,2026-04-09 15:41:00+00
2052f702-4cc0-419f-9de4-844046ae1581,4c913e09-fa99-4578-99a5-98b500ffc57c,,open,eeb2c80a-5992-4553-b0f3-bfb3252ee6f4,Ticket raised from the fleet condition report.,2026-04-13 09:33:00+00
0a5628ad-4264-4eb5-9ba5-ad69dfe8eb58,4c913e09-fa99-4578-99a5-98b500ffc57c,open,in_progress,94c16a8c-074b-4b37-ab95-493170740735,Assigned and work started.,2026-04-14 11:55:00+00
0b57e5ec-dd39-444c-ab34-0553ab3149d1,41b5a284-dfa5-47e5-a272-25925d8fca85,,open,dba27b6e-3ab8-46c8-a9e9-591dc2166f08,Ticket raised from the fleet condition report.,2025-08-26 07:10:00+00
0fbcd0de-9277-4aaf-856b-411e7870e71a,41b5a284-dfa5-47e5-a272-25925d8fca85,open,in_progress,ed4c1923-4a35-41e6-af73-87d272e16bb9,Assigned and work started.,2025-08-27 06:13:00+00
0a7ac419-3aa0-4eaa-888c-b27adeeddfa3,41b5a284-dfa5-47e5-a272-25925d8fca85,in_progress,resolved,ed4c1923-4a35-41e6-af73-87d272e16bb9,Work completed and verified.,2025-08-30 13:38:00+00
f2015a5f-a063-49dc-b584-ccb6b08c0309,3c0d275d-4681-4320-81ee-295287a69e4b,,open,7bdf5a22-3460-4bcf-98e8-979193672863,Ticket raised from the fleet condition report.,2026-06-24 10:24:00+00
808564c2-bad3-4c12-92c1-a5eb50698c17,3c0d275d-4681-4320-81ee-295287a69e4b,open,in_progress,65a5b696-653b-4c78-8e17-17f954b7992b,Assigned and work started.,2026-06-25 08:31:00+00
31839b02-c6e0-454f-9ce8-426cd49dda93,3c0d275d-4681-4320-81ee-295287a69e4b,in_progress,resolved,65a5b696-653b-4c78-8e17-17f954b7992b,Work completed and verified.,2026-06-26 12:01:00+00
429654d2-eddd-4c5e-9257-479501d33ba4,cc79d9ce-b447-44c0-af51-80e3f8e31dad,,open,4d9a2421-7844-44bd-b117-718dcc1c86f3,Ticket raised from the fleet condition report.,2024-11-21 12:24:00+00
1d3f9aed-b052-4843-b38b-57cf99c89664,cc79d9ce-b447-44c0-af51-80e3f8e31dad,open,in_progress,43adafee-47fa-4fdd-a233-526bc7ecffb2,Assigned and work started.,2024-11-22 08:15:00+00
a2d4e5f5-fd8d-43a1-957d-8b6e0716994b,cc79d9ce-b447-44c0-af51-80e3f8e31dad,in_progress,resolved,43adafee-47fa-4fdd-a233-526bc7ecffb2,Work completed and verified.,2024-12-01 17:52:00+00
bbb06779-d51e-4a0a-82fe-104486706ca6,cc79d9ce-b447-44c0-af51-80e3f8e31dad,resolved,closed,43adafee-47fa-4fdd-a233-526bc7ecffb2,Ticket closed.,2024-12-10 13:47:00+00
281e6bba-5aed-4b4f-b46c-76ade27bbf03,fb0949be-ab4a-482c-b5c5-5a9125f482f0,,open,4deef011-a80e-4ec1-8ab0-1c07e51e4eff,Ticket raised from the fleet condition report.,2025-10-29 11:12:00+00
cc423864-24ef-4678-899c-df31d1750d6f,fb0949be-ab4a-482c-b5c5-5a9125f482f0,open,in_progress,c4046467-2ed2-4768-9d99-e876c09fe713,Assigned and work started.,2025-10-30 09:00:00+00
9d5c65f4-4ef0-4f4e-98ac-29c8bbfee712,fb0949be-ab4a-482c-b5c5-5a9125f482f0,in_progress,resolved,c4046467-2ed2-4768-9d99-e876c09fe713,Work completed and verified.,2025-11-21 07:57:00+00
29062d53-6e57-4af0-8759-481939da19f3,fb0949be-ab4a-482c-b5c5-5a9125f482f0,resolved,closed,c4046467-2ed2-4768-9d99-e876c09fe713,Ticket closed.,2025-11-27 09:33:00+00
7f2d46f4-bf52-4c8f-a54d-cd1ac34d5500,c2a5bc7d-3986-4d68-ac43-c5a869a1abf0,,open,a0b89922-5d78-498c-be45-85341829622d,Ticket raised from the fleet condition report.,2025-11-23 15:55:00+00
2f2e0db7-c168-4daa-9517-cc5a48775e57,c2a5bc7d-3986-4d68-ac43-c5a869a1abf0,open,in_progress,0bcca5d2-620c-4e90-ae82-fb6ffc7af33d,Assigned and work started.,2025-11-24 14:04:00+00
254ef696-a02b-4224-af58-8186564e613b,c2a5bc7d-3986-4d68-ac43-c5a869a1abf0,in_progress,resolved,0bcca5d2-620c-4e90-ae82-fb6ffc7af33d,Work completed and verified.,2025-12-08 11:45:00+00
59880dbd-5aa9-41d1-9bd1-5503697894ba,a6c6e7f0-5605-4d1c-b5d2-88625864be2f,,open,9bd7dc69-8146-4996-8a28-bda2751c2c1e,Ticket raised from the fleet condition report.,2025-05-14 11:00:00+00
5cf208bd-1091-49f6-8d6c-27f7161f70d5,a6c6e7f0-5605-4d1c-b5d2-88625864be2f,open,in_progress,3116c9d0-e74c-4cf3-84ee-8fbb2165d83f,Assigned and work started.,2025-05-15 09:16:00+00
55f3a646-5c5a-4b7a-b05a-eaab1576312a,a6c6e7f0-5605-4d1c-b5d2-88625864be2f,in_progress,resolved,3116c9d0-e74c-4cf3-84ee-8fbb2165d83f,Work completed and verified.,2025-06-01 14:42:00+00
28732d13-d91b-495e-90a6-72e1e82e6782,a6c6e7f0-5605-4d1c-b5d2-88625864be2f,resolved,closed,3116c9d0-e74c-4cf3-84ee-8fbb2165d83f,Ticket closed.,2025-06-05 08:20:00+00
c4382485-e67a-4182-aa4c-1320dc829c63,f63b37b4-36ed-4b73-a265-49962d0d7392,,open,e655669a-affa-4cee-ab60-e8072807b6cd,Ticket raised from the fleet condition report.,2026-03-01 06:02:00+00
119016aa-0a95-495e-87ef-559db86aed4d,f63b37b4-36ed-4b73-a265-49962d0d7392,open,in_progress,f9a5607b-7040-4ba8-95c0-6de3c5367dea,Assigned and work started.,2026-03-02 12:28:00+00
8c5a8ff1-eb5d-4c13-aa3e-45d5a54cdf3a,f63b37b4-36ed-4b73-a265-49962d0d7392,in_progress,resolved,f9a5607b-7040-4ba8-95c0-6de3c5367dea,Work completed and verified.,2026-03-04 15:57:00+00
5e9e6135-80e1-47e5-9db2-625f9a9a7c58,ba149182-122f-4923-bb4e-0a80ddc5818f,,open,fbfd12a4-aea1-4200-8104-70011607cf54,Ticket raised from the fleet condition report.,2025-02-16 05:03:00+00
8ed161d3-2c78-43d3-9515-97a83ca9709d,ba149182-122f-4923-bb4e-0a80ddc5818f,open,in_progress,0bcca5d2-620c-4e90-ae82-fb6ffc7af33d,Assigned and work started.,2025-02-17 12:15:00+00
d44da84a-7ee0-4aaf-aaaf-161b5d610052,ba149182-122f-4923-bb4e-0a80ddc5818f,in_progress,resolved,0bcca5d2-620c-4e90-ae82-fb6ffc7af33d,Work completed and verified.,2025-03-08 09:40:00+00
36a175e6-315b-47c6-b480-38524ed59aae,ba149182-122f-4923-bb4e-0a80ddc5818f,resolved,closed,0bcca5d2-620c-4e90-ae82-fb6ffc7af33d,Ticket closed.,2025-03-16 06:22:00+00
60451721-d0f5-4561-a7ee-1e44035742c9,0f902a24-2e60-4f08-ba5b-fd73b9028750,,open,c9f86c57-934e-40e8-b6df-2eb5d71405e6,Ticket raised from the fleet condition report.,2025-04-19 12:56:00+00
d5249b93-ccbd-4780-9625-8be3ee91fc6a,0f902a24-2e60-4f08-ba5b-fd73b9028750,open,in_progress,7ab528b9-cbf7-4b46-8d45-847ab79da77d,Assigned and work started.,2025-04-20 07:25:00+00
b8cb988e-edf1-4236-a689-8fea4c5d3ab4,0f902a24-2e60-4f08-ba5b-fd73b9028750,in_progress,resolved,7ab528b9-cbf7-4b46-8d45-847ab79da77d,Work completed and verified.,2025-05-06 09:16:00+00
fc278a6e-9c89-43c7-8933-ab8d4c2715b2,0f902a24-2e60-4f08-ba5b-fd73b9028750,resolved,closed,7ab528b9-cbf7-4b46-8d45-847ab79da77d,Ticket closed.,2025-05-16 07:55:00+00
871222c5-282f-4828-b6f1-e0bc66399603,2dd8a127-6430-44cb-936e-96c13dba8a1f,,open,d10cf005-0a3f-4251-bb32-0973601a7259,Ticket raised from the fleet condition report.,2026-03-10 16:41:00+00
8ae68a29-4ec0-4dce-b706-2cf292b4f216,03173826-e7e4-4ffa-96c4-ee8172624af3,,open,7c0a1dd2-ae3a-4b6a-80ed-b2ecb96e08ad,Ticket raised from the fleet condition report.,2025-10-10 10:23:00+00
faf50262-bf43-4963-8fdd-5a6d5625fbfa,03173826-e7e4-4ffa-96c4-ee8172624af3,open,in_progress,e3558ee6-f358-4467-ac51-00c0aa187644,Assigned and work started.,2025-10-11 10:19:00+00
db80753b-0faf-4f6d-a145-0019aaa22b3c,03173826-e7e4-4ffa-96c4-ee8172624af3,in_progress,resolved,e3558ee6-f358-4467-ac51-00c0aa187644,Work completed and verified.,2025-10-30 15:58:00+00
83d17fa5-46ad-49b9-8617-7de486164ee8,03173826-e7e4-4ffa-96c4-ee8172624af3,resolved,closed,e3558ee6-f358-4467-ac51-00c0aa187644,Ticket closed.,2025-11-01 13:24:00+00
e6ed3525-a7bb-4027-8aac-7eeabb035a9e,390d7054-ae41-4709-ac22-86f798822d30,,open,1e6b1233-94a4-4f67-9f4e-be45652c148d,Ticket raised from the fleet condition report.,2026-01-20 08:53:00+00
02890e5d-1761-4bbe-af2f-90fcc43b0d6e,390d7054-ae41-4709-ac22-86f798822d30,open,in_progress,9580e2d6-e004-4873-9ea1-5e63bb707d70,Assigned and work started.,2026-01-21 09:40:00+00
24f788bf-d734-49a2-ad50-1d23b2c1d0af,390d7054-ae41-4709-ac22-86f798822d30,in_progress,resolved,9580e2d6-e004-4873-9ea1-5e63bb707d70,Work completed and verified.,2026-02-13 14:10:00+00
c4149fa7-150c-46aa-b827-eb069a46b69e,390d7054-ae41-4709-ac22-86f798822d30,resolved,closed,9580e2d6-e004-4873-9ea1-5e63bb707d70,Ticket closed.,2026-02-21 06:45:00+00
35b620cc-cd53-4039-a1d9-658af97c0e93,5712ef8b-351d-4c2e-9b2d-25dbfa58befe,,open,e1121c2f-4b9c-484f-ab26-d06bba047a3e,Ticket raised from the fleet condition report.,2025-06-18 05:03:00+00
5d43fd82-737b-4e61-a7b9-ec8981186f01,5712ef8b-351d-4c2e-9b2d-25dbfa58befe,open,in_progress,0816a11f-c50f-456a-8311-8bf2e4aeff0e,Assigned and work started.,2025-06-19 11:52:00+00
dd05ef9c-c772-4ae5-b418-fefcbd90186f,5712ef8b-351d-4c2e-9b2d-25dbfa58befe,in_progress,resolved,0816a11f-c50f-456a-8311-8bf2e4aeff0e,Work completed and verified.,2025-06-19 16:46:00+00
ab99b9ac-1642-416b-808a-8cc7b35e7d44,5712ef8b-351d-4c2e-9b2d-25dbfa58befe,resolved,closed,0816a11f-c50f-456a-8311-8bf2e4aeff0e,Ticket closed.,2025-06-29 16:33:00+00
9abee3d9-a147-49fe-80df-8689a726c4fb,e283af6d-a085-492e-a4f6-ff0485bfb96b,,open,63ce4b8a-ca12-4cbc-ac77-7d5688bd67b8,Ticket raised from the fleet condition report.,2025-10-22 07:39:00+00
463f60bd-f4cf-4196-bce4-6071a32fb53e,e283af6d-a085-492e-a4f6-ff0485bfb96b,open,in_progress,f2e3adca-c995-4570-a695-525ef502c1ef,Assigned and work started.,2025-10-23 17:32:00+00
3cafcb7c-d9b7-41c5-b3e9-4c18c45b965f,e283af6d-a085-492e-a4f6-ff0485bfb96b,in_progress,resolved,f2e3adca-c995-4570-a695-525ef502c1ef,Work completed and verified.,2025-11-15 16:49:00+00
1a0bb2b1-8ab9-49bd-9395-ed25392ba0ee,e283af6d-a085-492e-a4f6-ff0485bfb96b,resolved,closed,f2e3adca-c995-4570-a695-525ef502c1ef,Ticket closed.,2025-11-18 15:43:00+00
7ad3dd7c-4c47-4162-b4c5-61b7a2a5ba7f,f23f5ff0-703e-42a4-810f-8e981e407d84,,open,ead9fd88-9042-4b6c-a7a4-a16b836bc12e,Ticket raised from the fleet condition report.,2026-02-19 11:59:00+00
dbaffa82-3cc4-4931-9427-7983de2812fd,f23f5ff0-703e-42a4-810f-8e981e407d84,open,in_progress,26786492-bebd-4e3a-8719-4c486f70d604,Assigned and work started.,2026-02-20 17:39:00+00
bd623673-4b79-41ac-a53e-d5c94133fa04,f23f5ff0-703e-42a4-810f-8e981e407d84,in_progress,resolved,26786492-bebd-4e3a-8719-4c486f70d604,Work completed and verified.,2026-02-25 17:01:00+00
5eae82e9-1302-46f3-869d-e6907a425f31,f23f5ff0-703e-42a4-810f-8e981e407d84,resolved,closed,26786492-bebd-4e3a-8719-4c486f70d604,Ticket closed.,2026-02-26 11:54:00+00
d79e3a96-ea9c-4195-a7ce-4e81c38b6a52,a716aebf-7e02-48a9-bf75-be00688f2abe,,open,cde090c3-e7e9-459d-b4f7-64df6f80e8a6,Ticket raised from the fleet condition report.,2025-10-21 05:18:00+00
599cea16-89a0-4321-8dfb-c3564c25ea28,a716aebf-7e02-48a9-bf75-be00688f2abe,open,in_progress,1ad7ccbc-6809-4f96-83f4-c7636a2a4728,Assigned and work started.,2025-10-22 11:10:00+00
28cb7ffb-133e-4861-9c49-b831b2893b19,a716aebf-7e02-48a9-bf75-be00688f2abe,in_progress,resolved,1ad7ccbc-6809-4f96-83f4-c7636a2a4728,Work completed and verified.,2025-11-07 06:43:00+00
7807927b-82b1-4a82-bdd5-ddf5d911c5c7,e780bc08-1bab-469b-affa-00a8fcf8ff54,,open,a0b89922-5d78-498c-be45-85341829622d,Ticket raised from the fleet condition report.,2025-12-16 10:28:00+00
919638d4-995b-4e09-8db3-12b2b80fec45,e780bc08-1bab-469b-affa-00a8fcf8ff54,open,in_progress,e3558ee6-f358-4467-ac51-00c0aa187644,Assigned and work started.,2025-12-17 11:55:00+00
5ec8c87c-9fcc-4a17-aae0-8774d2d0dc8b,e780bc08-1bab-469b-affa-00a8fcf8ff54,in_progress,resolved,e3558ee6-f358-4467-ac51-00c0aa187644,Work completed and verified.,2025-12-23 15:54:00+00
730c6bdc-b7a7-41e4-b991-b40800b2a5d9,e780bc08-1bab-469b-affa-00a8fcf8ff54,resolved,closed,e3558ee6-f358-4467-ac51-00c0aa187644,Ticket closed.,2025-12-27 05:39:00+00
ed33b050-0fa1-451e-9d12-d4c17b173eaa,6acbaef2-1343-484f-b501-8afa3a841820,,open,5073c808-61d0-43a1-b388-07ee777a5268,Ticket raised from the fleet condition report.,2025-07-22 15:09:00+00
eafa9534-f148-4550-a6b1-2d2bb07ad962,6acbaef2-1343-484f-b501-8afa3a841820,open,in_progress,46b65206-6f2c-4777-b6a0-ed9d0d81dc19,Assigned and work started.,2025-07-23 08:25:00+00
dd414a47-1dc6-4779-9741-fe1475c2239a,6acbaef2-1343-484f-b501-8afa3a841820,in_progress,resolved,46b65206-6f2c-4777-b6a0-ed9d0d81dc19,Work completed and verified.,2025-07-31 16:46:00+00
f6415aef-5469-4376-8902-67d97f669ad6,6acbaef2-1343-484f-b501-8afa3a841820,resolved,closed,46b65206-6f2c-4777-b6a0-ed9d0d81dc19,Ticket closed.,2025-08-06 07:40:00+00
6570af15-fb91-4562-8caa-9715b270c843,24c9d7e0-21b3-4735-bd4d-2553c631c930,,open,4e8044de-b468-445f-aeb7-861ed06941eb,Ticket raised from the fleet condition report.,2025-10-12 08:00:00+00
67f60ba4-b167-4b54-82f5-0bdf956c091c,24c9d7e0-21b3-4735-bd4d-2553c631c930,open,in_progress,802b1d2e-50c9-4825-a3ef-2b31b40f3569,Assigned and work started.,2025-10-13 11:39:00+00
8b6fab3b-b416-4484-9012-bbcb28722385,24c9d7e0-21b3-4735-bd4d-2553c631c930,in_progress,resolved,802b1d2e-50c9-4825-a3ef-2b31b40f3569,Work completed and verified.,2025-10-26 12:20:00+00
f76cd588-1403-4a1e-b7b4-33901545c11b,24c9d7e0-21b3-4735-bd4d-2553c631c930,resolved,closed,802b1d2e-50c9-4825-a3ef-2b31b40f3569,Ticket closed.,2025-10-28 09:34:00+00
ce047e93-c1a3-45d6-95ff-53fd584bbd23,99f629e0-c725-49a7-a228-9566027ef484,,open,f49309af-7263-49f9-9d09-f11dcc78fcaf,Ticket raised from the fleet condition report.,2025-12-16 15:46:00+00
4a02bc5b-08ff-4fab-a26c-1d9e468f97e2,99f629e0-c725-49a7-a228-9566027ef484,open,in_progress,e18b9597-e19d-4125-87b3-e16052485871,Assigned and work started.,2025-12-17 09:19:00+00
5bd1c1c3-294d-449a-8ca2-f33a17619397,99f629e0-c725-49a7-a228-9566027ef484,in_progress,resolved,e18b9597-e19d-4125-87b3-e16052485871,Work completed and verified.,2026-01-04 15:10:00+00
c920361c-d664-4592-adcf-3ca55d510a2a,99f629e0-c725-49a7-a228-9566027ef484,resolved,closed,e18b9597-e19d-4125-87b3-e16052485871,Ticket closed.,2026-01-08 16:07:00+00
9016d88a-5940-4a2f-ac0a-886cd9d71232,3efa8b87-02ee-463f-99a3-6a55e8a4c516,,open,6f38ede2-5d78-4b49-bce8-4e6a3d0f3027,Ticket raised from the fleet condition report.,2024-09-15 16:58:00+00
ebc02695-ecce-45f0-8574-c7b6b5439f94,3efa8b87-02ee-463f-99a3-6a55e8a4c516,open,in_progress,33de58c2-5dc4-4385-bc4c-9ad66a6fe320,Assigned and work started.,2024-09-16 09:51:00+00
92ec3227-97ae-4edd-8b3a-01b5a26504cb,3efa8b87-02ee-463f-99a3-6a55e8a4c516,in_progress,resolved,33de58c2-5dc4-4385-bc4c-9ad66a6fe320,Work completed and verified.,2024-09-26 12:13:00+00
cb52bc6f-71b0-4f2a-b677-2c1647992311,3efa8b87-02ee-463f-99a3-6a55e8a4c516,resolved,closed,33de58c2-5dc4-4385-bc4c-9ad66a6fe320,Ticket closed.,2024-09-29 08:38:00+00
16e536e0-7c03-4885-b2ce-3440f2e5c77d,04c50f85-81a7-49ef-bc5a-789897b6f19d,,open,8741b992-805d-4859-9e1a-4d49d82c9a99,Ticket raised from the fleet condition report.,2026-08-05 06:53:00+00
d2109491-21fd-459a-8a31-2648144f9f7b,04c50f85-81a7-49ef-bc5a-789897b6f19d,open,in_progress,9ac1f452-afac-4a3b-b3eb-3e9ebe62c5a9,Assigned and work started.,2026-08-06 05:11:00+00
d93c9d40-af1a-485c-bcb7-fcdac459d724,04c50f85-81a7-49ef-bc5a-789897b6f19d,in_progress,resolved,9ac1f452-afac-4a3b-b3eb-3e9ebe62c5a9,Work completed and verified.,2026-08-07 11:17:00+00
f881fd69-1189-47b4-ae86-c44bd62bc10e,25d96ef7-a9f3-48b6-8c8e-a3228d0e054a,,open,055a4411-2338-49b0-8894-c26398a33d61,Ticket raised from the fleet condition report.,2025-05-19 05:55:00+00
5ac17d55-11b8-4011-9fe9-482917d8a1ef,25d96ef7-a9f3-48b6-8c8e-a3228d0e054a,open,in_progress,8eff9acb-560a-454d-b4e0-e23389a2264b,Assigned and work started.,2025-05-20 07:45:00+00
ce616933-5bdb-4250-84c7-285b2b01ba83,25d96ef7-a9f3-48b6-8c8e-a3228d0e054a,in_progress,resolved,8eff9acb-560a-454d-b4e0-e23389a2264b,Work completed and verified.,2025-06-12 16:11:00+00
7c850f5c-57dc-415e-b99e-d4138b169740,25d96ef7-a9f3-48b6-8c8e-a3228d0e054a,resolved,closed,8eff9acb-560a-454d-b4e0-e23389a2264b,Ticket closed.,2025-06-20 05:18:00+00
5326af3d-04fc-472a-9cab-4c5d315b500d,59e583da-1660-4fb9-81fb-e0ab56e7d40c,,open,8f16f0cc-0478-4195-8ddb-43b8f8e96be6,Ticket raised from the fleet condition report.,2025-04-22 14:45:00+00
098fddd7-89fa-407b-9d53-a54955eafe74,ff3b0942-0f85-47a2-8bd0-d90f49010c89,,open,ced346b3-b93a-4602-9e91-4116689d05ca,Ticket raised from the fleet condition report.,2025-08-21 08:54:00+00
ff0e6eef-5118-4e8c-8e15-4088f02baa70,ff3b0942-0f85-47a2-8bd0-d90f49010c89,open,in_progress,d555997d-4f34-4447-8538-e3ac8bc0b2cb,Assigned and work started.,2025-08-22 11:37:00+00
38de00d4-d111-4d92-b911-6f6488394352,ff3b0942-0f85-47a2-8bd0-d90f49010c89,in_progress,resolved,d555997d-4f34-4447-8538-e3ac8bc0b2cb,Work completed and verified.,2025-09-15 12:01:00+00
f10e7610-0639-4652-9f72-dec859b6a9d7,51ccfc0d-163f-4488-8f6c-8e9297b0839d,,open,fdbcc56a-e2f3-4c32-a12b-3dc71d3ba68b,Ticket raised from the fleet condition report.,2026-03-22 14:17:00+00
2fb5cdf2-7886-405d-904c-0dff060b8239,51ccfc0d-163f-4488-8f6c-8e9297b0839d,open,in_progress,0045edfa-b68e-4e8a-8cb4-619cb936cc49,Assigned and work started.,2026-03-23 11:33:00+00
6c94803b-3c5b-4de8-8b7b-7d139d7beeba,51ccfc0d-163f-4488-8f6c-8e9297b0839d,in_progress,resolved,0045edfa-b68e-4e8a-8cb4-619cb936cc49,Work completed and verified.,2026-03-26 11:46:00+00
d776875a-700a-4808-907c-7fed77565865,51ccfc0d-163f-4488-8f6c-8e9297b0839d,resolved,closed,0045edfa-b68e-4e8a-8cb4-619cb936cc49,Ticket closed.,2026-04-04 17:19:00+00
947baabf-051f-4507-b495-154e598d7101,ed404c68-f271-47ab-b585-79c9929ca498,,open,123fa3a1-b273-4e9e-a37c-38921b7796b3,Ticket raised from the fleet condition report.,2026-03-22 07:57:00+00
988c4b0e-616f-4e72-b11c-5ae9c64b8b08,b1f6b363-fecf-4047-aa93-758a9c4adb31,,open,a72e6fba-d71b-4316-adc9-7c89dac3d35e,Ticket raised from the fleet condition report.,2024-11-22 13:52:00+00
59ccc03c-dc9b-4ebf-ae63-f40d8b106f1f,b1f6b363-fecf-4047-aa93-758a9c4adb31,open,in_progress,9f45c98b-3562-45af-8cb4-fee17952ecd9,Assigned and work started.,2024-11-23 10:37:00+00
85fb7610-8ded-4d11-8f72-4953efaa3708,b1f6b363-fecf-4047-aa93-758a9c4adb31,in_progress,resolved,9f45c98b-3562-45af-8cb4-fee17952ecd9,Work completed and verified.,2024-12-11 05:31:00+00
21f9a971-1527-40f7-a8e5-08f844ba37df,b1f6b363-fecf-4047-aa93-758a9c4adb31,resolved,closed,9f45c98b-3562-45af-8cb4-fee17952ecd9,Ticket closed.,2024-12-14 12:32:00+00
fe6bfce2-2281-48a6-9256-0e69d5c34c68,6b9ffbe4-621c-4d28-a662-7412c2048ab7,,open,6da56b94-12b8-4a84-a4fa-ca145145de53,Ticket raised from the fleet condition report.,2026-08-09 16:31:00+00
140f66ee-00e1-4f80-befe-def59b1ba94c,6b9ffbe4-621c-4d28-a662-7412c2048ab7,open,in_progress,9580e2d6-e004-4873-9ea1-5e63bb707d70,Assigned and work started.,2026-08-10 07:22:00+00
5ef64bd3-b5c7-4cf4-86a8-3dabff7f52ad,30b95c79-6837-486f-97c1-7390140a11f3,,open,0f6631cf-d8f0-4684-a004-82722c441405,Ticket raised from the fleet condition report.,2025-01-18 13:47:00+00
b4c9db1a-bab0-4809-b11e-f5a71d0a49ab,30b95c79-6837-486f-97c1-7390140a11f3,open,in_progress,53237578-eb53-4fa0-b5df-9eb5c4ba96f4,Assigned and work started.,2025-01-19 17:24:00+00
6141d6f0-e307-49b0-8c1d-4675e2b8b0a5,30b95c79-6837-486f-97c1-7390140a11f3,in_progress,resolved,53237578-eb53-4fa0-b5df-9eb5c4ba96f4,Work completed and verified.,2025-01-30 16:52:00+00
74697322-8806-4b55-86be-53a0fbf144bc,bfe683d7-bfdf-423a-8673-d3894eb34dee,,open,98c6155b-9b02-4dee-b622-1a0657165fd2,Ticket raised from the fleet condition report.,2025-12-13 14:13:00+00
37394db6-8fd6-4dd2-88ab-af2c46b37625,bfe683d7-bfdf-423a-8673-d3894eb34dee,open,in_progress,242e349c-5343-4ab9-b488-62509742f4c7,Assigned and work started.,2025-12-14 07:14:00+00
6da17322-afdf-4acb-b29b-adf429f11405,bfe683d7-bfdf-423a-8673-d3894eb34dee,in_progress,resolved,242e349c-5343-4ab9-b488-62509742f4c7,Work completed and verified.,2025-12-22 07:07:00+00
4ab2b2a6-7b95-4171-be07-b0a5fe7856a2,bfe683d7-bfdf-423a-8673-d3894eb34dee,resolved,closed,242e349c-5343-4ab9-b488-62509742f4c7,Ticket closed.,2026-01-01 16:10:00+00
2c73d843-fdd2-47e4-83cf-48f56f2b45d8,050f362c-77ce-4016-b5d4-bbaac6b4a1d2,,open,64bf6e6f-689c-48c4-adbe-e8f44ba5f1cf,Ticket raised from the fleet condition report.,2025-04-23 10:08:00+00
ef1a791f-de2d-4d91-9b5b-9987aafb0907,050f362c-77ce-4016-b5d4-bbaac6b4a1d2,open,in_progress,578b9882-da22-4a57-8191-8e7a8ca512f5,Assigned and work started.,2025-04-24 07:25:00+00
8ea14d75-dcfa-4c03-bd18-2418e24f8539,050f362c-77ce-4016-b5d4-bbaac6b4a1d2,in_progress,resolved,578b9882-da22-4a57-8191-8e7a8ca512f5,Work completed and verified.,2025-05-08 08:48:00+00
5def1c53-f770-491a-86de-7afd1a4fe7bb,219d3bb2-36c6-4d95-9dd8-d94e694b42e9,,open,701951e4-b6c8-419b-bf08-9be47ceccf9b,Ticket raised from the fleet condition report.,2026-03-02 08:06:00+00
42e2652e-9168-4b0f-8247-90b52ff4ea3d,219d3bb2-36c6-4d95-9dd8-d94e694b42e9,open,in_progress,5184a5dd-4934-4cec-874b-92628013fb71,Assigned and work started.,2026-03-03 15:21:00+00
3854a222-992a-462e-b5d9-2bc137ac6772,219d3bb2-36c6-4d95-9dd8-d94e694b42e9,in_progress,resolved,5184a5dd-4934-4cec-874b-92628013fb71,Work completed and verified.,2026-03-23 05:45:00+00
fbdd5d9b-2e8c-4ffe-9731-bf6ab8594de1,4459e03f-f4fb-4fa0-88e6-5f17a6070ea2,,open,448f3ddf-c848-4c37-8aff-485580847d47,Ticket raised from the fleet condition report.,2024-09-14 13:19:00+00
b1c9d859-61ca-4f72-95c9-9e23fa4f3163,4459e03f-f4fb-4fa0-88e6-5f17a6070ea2,open,in_progress,d6aec698-ade7-42e5-8a36-3df03605cce0,Assigned and work started.,2024-09-15 11:55:00+00
120de3d7-9694-40fa-a2e0-dcb09ec8096e,4459e03f-f4fb-4fa0-88e6-5f17a6070ea2,in_progress,resolved,d6aec698-ade7-42e5-8a36-3df03605cce0,Work completed and verified.,2024-09-26 14:22:00+00
6df06e6b-b41f-4647-94f1-605426407b40,4459e03f-f4fb-4fa0-88e6-5f17a6070ea2,resolved,closed,d6aec698-ade7-42e5-8a36-3df03605cce0,Ticket closed.,2024-10-03 05:10:00+00
27d18299-ef27-47a3-b333-3df05794707b,86ed10d1-d4ad-4172-9d16-5c9b3ab905fd,,open,968b85e0-c43e-4be1-b3db-4259f58ad94b,Ticket raised from the fleet condition report.,2025-05-14 09:53:00+00
eba2e055-4f26-4387-92c8-6913ed08070e,86ed10d1-d4ad-4172-9d16-5c9b3ab905fd,open,in_progress,f2993108-7085-4a34-95a5-74c5c3a8410d,Assigned and work started.,2025-05-15 17:34:00+00
5d7b340b-ea02-4620-9df5-ec9a374f5fc0,86ed10d1-d4ad-4172-9d16-5c9b3ab905fd,in_progress,resolved,f2993108-7085-4a34-95a5-74c5c3a8410d,Work completed and verified.,2025-05-18 17:09:00+00
41cf8835-7855-49d1-a8b5-be0cda5837cf,58362fac-e88e-4cc4-88b8-0d93923b422f,,open,39c7fa37-597a-4976-aab3-dcf6dfcc5035,Ticket raised from the fleet condition report.,2026-02-26 14:32:00+00
75a3553b-b1b2-48ba-953c-735e6e2415e7,58362fac-e88e-4cc4-88b8-0d93923b422f,open,in_progress,2cd60729-dc8f-4065-95f7-a53f836a2138,Assigned and work started.,2026-02-27 13:22:00+00
e8536cd4-12db-433e-9dd1-635e1a1fadc6,58362fac-e88e-4cc4-88b8-0d93923b422f,in_progress,resolved,2cd60729-dc8f-4065-95f7-a53f836a2138,Work completed and verified.,2026-03-10 11:09:00+00
4e16ebee-6788-458a-a246-52faa5f519b1,58362fac-e88e-4cc4-88b8-0d93923b422f,resolved,closed,2cd60729-dc8f-4065-95f7-a53f836a2138,Ticket closed.,2026-03-13 14:39:00+00
b7a06778-5119-4dcb-a08a-11ea6cd462f8,25977f8d-e795-4f3e-b8d6-3d2435b1fd43,,open,9044ee89-f1ee-4912-9f1d-17805389421a,Ticket raised from the fleet condition report.,2026-02-19 06:39:00+00
fba0430e-32ac-4201-9ba2-9e9fc6244ded,25977f8d-e795-4f3e-b8d6-3d2435b1fd43,open,in_progress,4004e7eb-3344-4419-9e8c-b6a39833a966,Assigned and work started.,2026-02-20 08:58:00+00
2934af20-df9e-4128-85ef-095d27635a51,25977f8d-e795-4f3e-b8d6-3d2435b1fd43,in_progress,resolved,4004e7eb-3344-4419-9e8c-b6a39833a966,Work completed and verified.,2026-03-15 12:56:00+00
943c61ab-3904-43ea-8c4a-bdbd8efd1962,7fa67004-5f76-402f-a002-d8efc5d1369f,,open,d228e58a-85a6-4059-b62f-262964a70737,Ticket raised from the fleet condition report.,2026-02-25 11:33:00+00
67c9df48-51b7-4d18-9e77-1ff03d7efc4e,7fa67004-5f76-402f-a002-d8efc5d1369f,open,in_progress,578b9882-da22-4a57-8191-8e7a8ca512f5,Assigned and work started.,2026-02-26 15:51:00+00
8bbe7044-9d06-48b7-94a8-f7e4a1f6b4b6,7fa67004-5f76-402f-a002-d8efc5d1369f,in_progress,resolved,578b9882-da22-4a57-8191-8e7a8ca512f5,Work completed and verified.,2026-03-19 08:57:00+00
b52736db-16f7-4325-a265-4683866f5823,7fa67004-5f76-402f-a002-d8efc5d1369f,resolved,closed,578b9882-da22-4a57-8191-8e7a8ca512f5,Ticket closed.,2026-03-27 13:24:00+00
2ff3adfe-d3e0-43bc-9171-a8886d772805,15fa8d5a-d36b-4472-98ea-609281c3a49f,,open,cbe38004-41ff-40f3-8cc5-a26f4612f3ba,Ticket raised from the fleet condition report.,2025-08-30 17:53:00+00
a639e31d-132a-42e4-aac0-68e056300de1,531eacb3-a143-4a7a-895d-6c9234ceeafb,,open,fd72748c-1d3a-4c07-a0e0-6ec00dd72cb3,Ticket raised from the fleet condition report.,2026-01-10 13:57:00+00
c4ff45ec-94f5-495f-a2ee-41970044dab0,531eacb3-a143-4a7a-895d-6c9234ceeafb,open,in_progress,90850f19-81e7-4b88-ba8f-72ef0e0578fa,Assigned and work started.,2026-01-11 08:24:00+00
03f01974-95a8-4d6b-95f6-fbb5d28bc0b0,531eacb3-a143-4a7a-895d-6c9234ceeafb,in_progress,resolved,90850f19-81e7-4b88-ba8f-72ef0e0578fa,Work completed and verified.,2026-01-15 14:15:00+00
87b92b10-f51f-4af9-9364-a213db799d2b,531eacb3-a143-4a7a-895d-6c9234ceeafb,resolved,closed,90850f19-81e7-4b88-ba8f-72ef0e0578fa,Ticket closed.,2026-01-16 08:42:00+00
583d075e-88a5-47d6-a23b-49e4ee45ccdc,bc81e2c8-07a5-49a6-adbe-2a288d04f379,,open,86c61fdf-4d13-4cd6-b3fe-a85018a6bd65,Ticket raised from the fleet condition report.,2025-06-29 16:53:00+00
31dc81db-9413-4481-9d70-a865950c0025,bc81e2c8-07a5-49a6-adbe-2a288d04f379,open,in_progress,cfcb23c6-f209-48fb-b2ab-5f79f711f9cc,Assigned and work started.,2025-06-30 08:40:00+00
f9aa04e5-8fdc-4eed-9085-1047a8d309e4,bc81e2c8-07a5-49a6-adbe-2a288d04f379,in_progress,resolved,cfcb23c6-f209-48fb-b2ab-5f79f711f9cc,Work completed and verified.,2025-07-06 17:58:00+00
0a9182f5-2e18-4ecf-843f-32d1f1226167,bc81e2c8-07a5-49a6-adbe-2a288d04f379,resolved,closed,cfcb23c6-f209-48fb-b2ab-5f79f711f9cc,Ticket closed.,2025-07-14 16:11:00+00
731e3174-ffa8-4abf-8a75-194e58440be7,433238dd-a226-4c68-b581-4b82d929e2ef,,open,038749c2-de84-4c52-8f72-8637d74e9c08,Ticket raised from the fleet condition report.,2025-01-11 06:47:00+00
026b18a5-c1dd-406b-b60b-77427c46eceb,433238dd-a226-4c68-b581-4b82d929e2ef,open,in_progress,70506215-8794-4b65-b206-0e75646dfe9a,Assigned and work started.,2025-01-12 13:39:00+00
50646aa9-6e16-465e-92fa-7306009f59d1,433238dd-a226-4c68-b581-4b82d929e2ef,in_progress,resolved,70506215-8794-4b65-b206-0e75646dfe9a,Work completed and verified.,2025-01-23 12:38:00+00
17910f61-1bc5-4fd7-94ac-b2a2bfdd385e,433238dd-a226-4c68-b581-4b82d929e2ef,resolved,closed,70506215-8794-4b65-b206-0e75646dfe9a,Ticket closed.,2025-01-31 11:13:00+00
3a937fff-d8cf-4524-b065-e9657a66d7ea,d1cdfa5e-cf5d-4aba-beed-4ddfac3c1e35,,open,8514607d-7931-48d2-81f0-f7a024a8210a,Ticket raised from the fleet condition report.,2025-10-13 14:18:00+00
715403ba-3793-4469-866c-95dfd5611d52,d1cdfa5e-cf5d-4aba-beed-4ddfac3c1e35,open,in_progress,5302dab8-326e-4660-b10d-447ccbcaff6f,Assigned and work started.,2025-10-14 13:23:00+00
f3ddb52b-d97f-40d7-a2c3-221239b98327,d1cdfa5e-cf5d-4aba-beed-4ddfac3c1e35,in_progress,resolved,5302dab8-326e-4660-b10d-447ccbcaff6f,Work completed and verified.,2025-11-01 15:11:00+00
11f76b79-e76b-4f03-a76f-11357e17894d,d1cdfa5e-cf5d-4aba-beed-4ddfac3c1e35,resolved,closed,5302dab8-326e-4660-b10d-447ccbcaff6f,Ticket closed.,2025-11-08 05:21:00+00
487dbddc-2ae3-418e-a6c8-ab61d265de3f,ee7b01d4-708c-4008-8cad-caf2c56dc8f5,,open,9e546cbf-aa22-4446-a510-e3800644772d,Ticket raised from the fleet condition report.,2025-03-19 08:04:00+00
078b1699-216a-4827-8e35-ee2d286dfaf5,ee7b01d4-708c-4008-8cad-caf2c56dc8f5,open,in_progress,667f1ef6-99d9-4cff-b551-bc452b65fc89,Assigned and work started.,2025-03-20 08:01:00+00
d533a950-a6a3-4b7e-a29f-ec5608da43c5,ee7b01d4-708c-4008-8cad-caf2c56dc8f5,in_progress,resolved,667f1ef6-99d9-4cff-b551-bc452b65fc89,Work completed and verified.,2025-04-02 13:38:00+00
df45b776-b210-4542-8ef9-e19d6824c664,ee7b01d4-708c-4008-8cad-caf2c56dc8f5,resolved,closed,667f1ef6-99d9-4cff-b551-bc452b65fc89,Ticket closed.,2025-04-08 14:07:00+00
993e32aa-fd37-43d5-a1c2-3d3558eb5d20,14aa2945-b10e-49ed-a3a0-4b216ace5170,,open,e2f4db5d-5268-451f-8f58-023f568f8422,Ticket raised from the fleet condition report.,2025-09-18 12:47:00+00
af05e937-c8e3-42b1-97ab-c66e7f91444c,14aa2945-b10e-49ed-a3a0-4b216ace5170,open,in_progress,190182a8-16ad-4409-a912-e59276021f4c,Assigned and work started.,2025-09-19 11:09:00+00
cc112250-3418-465c-b29e-92564203a269,14aa2945-b10e-49ed-a3a0-4b216ace5170,in_progress,resolved,190182a8-16ad-4409-a912-e59276021f4c,Work completed and verified.,2025-09-20 14:00:00+00
a125be03-570d-40be-8e9f-c51fab128279,14aa2945-b10e-49ed-a3a0-4b216ace5170,resolved,closed,190182a8-16ad-4409-a912-e59276021f4c,Ticket closed.,2025-09-30 07:22:00+00
e61f2978-6d82-434e-afe8-b3ffa1d66892,96240576-36dc-4de2-aed0-cf1dc442fffa,,open,2ba52f1c-9da0-432b-a4c3-623540af6ae9,Ticket raised from the fleet condition report.,2025-05-27 17:29:00+00
b109d82f-83e0-4073-a3d4-0d20aabc8202,96240576-36dc-4de2-aed0-cf1dc442fffa,open,in_progress,5284761e-4d1d-4e36-97eb-848604be7358,Assigned and work started.,2025-05-28 10:05:00+00
90b242f0-73ed-4947-9d01-7a2dc00396b9,96240576-36dc-4de2-aed0-cf1dc442fffa,in_progress,resolved,5284761e-4d1d-4e36-97eb-848604be7358,Work completed and verified.,2025-06-14 15:23:00+00
e6e0b5c6-c18d-497f-9dc7-ebe32bf59e68,96240576-36dc-4de2-aed0-cf1dc442fffa,resolved,closed,5284761e-4d1d-4e36-97eb-848604be7358,Ticket closed.,2025-06-15 06:59:00+00
9a5e3088-e918-4ea2-aec2-1261b8854c89,88857ee7-2724-4d2e-977f-efccf24efff6,,open,42b280ac-836f-403d-b991-b016eac74429,Ticket raised from the fleet condition report.,2025-04-24 13:34:00+00
6eb0d6bc-28a2-459f-bff0-70c6dc312115,88857ee7-2724-4d2e-977f-efccf24efff6,open,in_progress,e18b9597-e19d-4125-87b3-e16052485871,Assigned and work started.,2025-04-25 15:15:00+00
3ba4645e-9843-4593-a54e-969a7e93328f,88857ee7-2724-4d2e-977f-efccf24efff6,in_progress,resolved,e18b9597-e19d-4125-87b3-e16052485871,Work completed and verified.,2025-05-13 06:35:00+00
707e92bd-5138-44fb-b198-ebbe7ae4a331,320edd4a-15b0-4c87-b69c-b3ae07b027e1,,open,39b554e5-791e-4c3a-93cf-64b197bc83d1,Ticket raised from the fleet condition report.,2024-10-23 10:13:00+00
a2081b3b-2bfc-4b5b-a536-96a894e3ca69,320edd4a-15b0-4c87-b69c-b3ae07b027e1,open,in_progress,c9371eef-cb2f-45af-926f-13217cb6a7ad,Assigned and work started.,2024-10-24 14:26:00+00
70be20df-5ccf-41f8-bf50-b22d9b1d1217,320edd4a-15b0-4c87-b69c-b3ae07b027e1,in_progress,resolved,c9371eef-cb2f-45af-926f-13217cb6a7ad,Work completed and verified.,2024-10-31 10:00:00+00
de137963-47a9-44cd-a6d8-0e895f1a6fc8,320edd4a-15b0-4c87-b69c-b3ae07b027e1,resolved,closed,c9371eef-cb2f-45af-926f-13217cb6a7ad,Ticket closed.,2024-11-06 15:58:00+00
8719a95f-937b-4ba5-ac53-d4f8d73a5b16,ff8bf2a1-3a30-431e-b04a-b15bad13b183,,open,ce36f25c-50db-49db-ad76-3b799e4fcd15,Ticket raised from the fleet condition report.,2024-08-23 10:02:00+00
eedd9a28-c5b5-47ea-ab17-09b337c07d26,ff8bf2a1-3a30-431e-b04a-b15bad13b183,open,in_progress,f02fa13f-bb55-414d-bf8b-7341877ef160,Assigned and work started.,2024-08-24 10:03:00+00
41bf2e9c-40b1-4690-8961-8b188b16d77f,ff8bf2a1-3a30-431e-b04a-b15bad13b183,in_progress,resolved,f02fa13f-bb55-414d-bf8b-7341877ef160,Work completed and verified.,2024-09-04 07:03:00+00
1555fbdd-8e0a-4c44-b6fd-944d5052101f,ff8bf2a1-3a30-431e-b04a-b15bad13b183,resolved,closed,f02fa13f-bb55-414d-bf8b-7341877ef160,Ticket closed.,2024-09-08 08:06:00+00
11124c6f-af4b-4781-9f3f-27e74fdcaaf6,2ea26eed-361e-423d-88d2-914351ea6bc2,,open,8efea6dd-47d5-4ebb-99d3-b55bf9ff38f7,Ticket raised from the fleet condition report.,2026-03-28 09:33:00+00
ed002c51-f0b8-4512-a71f-b5d5557962e2,2ea26eed-361e-423d-88d2-914351ea6bc2,open,in_progress,785a349f-b3ca-4199-beb9-4e50013f54c8,Assigned and work started.,2026-03-29 08:36:00+00
aa196662-9a85-46ee-a18a-dcec074d4de0,2ea26eed-361e-423d-88d2-914351ea6bc2,in_progress,resolved,785a349f-b3ca-4199-beb9-4e50013f54c8,Work completed and verified.,2026-04-06 08:20:00+00
39229d99-1be4-46a5-97a7-a91981167836,2ea26eed-361e-423d-88d2-914351ea6bc2,resolved,closed,785a349f-b3ca-4199-beb9-4e50013f54c8,Ticket closed.,2026-04-10 10:39:00+00
d3346cf6-68fb-43e5-b949-70b9b1a859a4,9ddd0143-b1ba-4af2-933a-1450b0d18106,,open,33d8f56e-cfd5-4901-b8ba-15ca2ca33f1d,Ticket raised from the fleet condition report.,2025-10-28 16:54:00+00
4d89e7b8-1bb8-4dd2-bfc5-b48fc7ac48e9,9ddd0143-b1ba-4af2-933a-1450b0d18106,open,in_progress,acc29e92-bfe4-4843-8a5e-b9f6e945a18e,Assigned and work started.,2025-10-29 09:57:00+00
d2fa5faa-e308-40f1-a625-70d025a21ae0,9ddd0143-b1ba-4af2-933a-1450b0d18106,in_progress,resolved,acc29e92-bfe4-4843-8a5e-b9f6e945a18e,Work completed and verified.,2025-11-09 12:16:00+00
f1201df6-656c-4daf-8bf9-0de01501d6fc,542874dc-df85-496b-bf73-3204356ebb77,,open,3484de6b-fe95-4a85-8fab-b327faa1af1a,Ticket raised from the fleet condition report.,2024-08-17 16:17:00+00
f9de8f7e-e0e7-4a5d-a9eb-1231b1cd31e1,542874dc-df85-496b-bf73-3204356ebb77,open,in_progress,2fc76645-2797-42a6-b6b9-d134b926381b,Assigned and work started.,2024-08-18 16:28:00+00
1148f208-8d09-45e5-93e9-a04755690638,542874dc-df85-496b-bf73-3204356ebb77,in_progress,resolved,2fc76645-2797-42a6-b6b9-d134b926381b,Work completed and verified.,2024-08-20 12:27:00+00
59ebcd52-bec7-4889-b599-0069b0ae9673,542874dc-df85-496b-bf73-3204356ebb77,resolved,closed,2fc76645-2797-42a6-b6b9-d134b926381b,Ticket closed.,2024-08-21 11:35:00+00
17434033-40f4-4200-ab48-e38e25653683,50bf9ed0-0ca4-4f36-9a8c-32c69f25732e,,open,0661a2e7-11df-4c5f-9bf0-1750efed60a9,Ticket raised from the fleet condition report.,2025-03-12 09:33:00+00
17b6c4f0-4888-44b9-8fe0-d28d662df3e4,50bf9ed0-0ca4-4f36-9a8c-32c69f25732e,open,in_progress,4212a9e1-e03c-4ea2-9d8c-c180b703b99a,Assigned and work started.,2025-03-13 05:54:00+00
8deb78f3-69fe-4503-b568-2cfc6c1f2dcb,50bf9ed0-0ca4-4f36-9a8c-32c69f25732e,in_progress,resolved,4212a9e1-e03c-4ea2-9d8c-c180b703b99a,Work completed and verified.,2025-03-20 07:06:00+00
fac539ee-ac86-4cee-97bc-cd680d55695c,50bf9ed0-0ca4-4f36-9a8c-32c69f25732e,resolved,closed,4212a9e1-e03c-4ea2-9d8c-c180b703b99a,Ticket closed.,2025-03-22 17:24:00+00
a3232fee-7ecf-44f0-b47c-9afa7aa40fed,792f8347-167e-4015-844b-12676cf4d92b,,open,67fca0b3-d698-47ca-8405-b4fb1aeee8b8,Ticket raised from the fleet condition report.,2026-03-18 12:44:00+00
ecd064e0-e4a6-4ce3-9f48-b6d5ae2260c0,792f8347-167e-4015-844b-12676cf4d92b,open,in_progress,b33c4ff9-69b5-4437-9699-63c066d6c353,Assigned and work started.,2026-03-19 13:44:00+00
458766d4-41be-4eae-ae6b-f0c98d11db54,792f8347-167e-4015-844b-12676cf4d92b,in_progress,resolved,b33c4ff9-69b5-4437-9699-63c066d6c353,Work completed and verified.,2026-04-06 11:01:00+00
c2c0148e-4b31-483b-bb6f-ca63b5b8883e,792f8347-167e-4015-844b-12676cf4d92b,resolved,closed,b33c4ff9-69b5-4437-9699-63c066d6c353,Ticket closed.,2026-04-09 05:14:00+00
50889593-7a63-4927-a953-a6009b8d77a4,d08841d3-5293-4860-be65-db970695a165,,open,5b986620-72d7-42a9-92df-7e33bfdc00b0,Ticket raised from the fleet condition report.,2026-01-14 16:08:00+00
bdc8ac72-34f9-406b-bd91-c9beee97f05f,d08841d3-5293-4860-be65-db970695a165,open,in_progress,233aac45-07b9-46b4-af83-c4c76f181669,Assigned and work started.,2026-01-15 08:51:00+00
73fa7092-1093-43c9-b048-d9043773dedf,d08841d3-5293-4860-be65-db970695a165,in_progress,resolved,233aac45-07b9-46b4-af83-c4c76f181669,Work completed and verified.,2026-01-31 08:27:00+00
9e7cedc1-3419-4130-8064-2e052d926ef0,fe0028ed-3ee3-4484-b865-6f222134d4d1,,open,27d2f183-2bfd-4f51-92c3-8c50dfca5690,Ticket raised from the fleet condition report.,2025-07-29 16:38:00+00
4c9c8d3f-51ed-44d4-88f5-d84e4929fa2f,fe0028ed-3ee3-4484-b865-6f222134d4d1,open,in_progress,0b830550-4175-4716-9d78-9b2d69d25855,Assigned and work started.,2025-07-30 06:55:00+00
488dbbcd-5914-4e4f-8b66-ac4240652875,fe0028ed-3ee3-4484-b865-6f222134d4d1,in_progress,resolved,0b830550-4175-4716-9d78-9b2d69d25855,Work completed and verified.,2025-08-20 15:36:00+00
7ececaf7-1065-48e7-a93d-64368713e7df,fe0028ed-3ee3-4484-b865-6f222134d4d1,resolved,closed,0b830550-4175-4716-9d78-9b2d69d25855,Ticket closed.,2025-08-21 14:35:00+00
ec0086b9-c969-4135-939a-159d252ae905,c831a4d6-a166-4ded-9ed4-d4688dff0d34,,open,2be2ae9d-8544-4980-8087-35c4cd24eda0,Ticket raised from the fleet condition report.,2025-06-12 07:26:00+00
b7db4d58-2a3c-4f6b-98b8-4a0241c1020f,c831a4d6-a166-4ded-9ed4-d4688dff0d34,open,in_progress,829a4aba-bfc5-46a7-beff-bf556004d109,Assigned and work started.,2025-06-13 16:45:00+00
0d832c32-5948-4f4f-be37-7b28f462b09c,c831a4d6-a166-4ded-9ed4-d4688dff0d34,in_progress,resolved,829a4aba-bfc5-46a7-beff-bf556004d109,Work completed and verified.,2025-07-01 10:45:00+00
1360f643-db96-4e0b-9616-5cd8ab527f53,c831a4d6-a166-4ded-9ed4-d4688dff0d34,resolved,closed,829a4aba-bfc5-46a7-beff-bf556004d109,Ticket closed.,2025-07-03 14:27:00+00
394107bf-a141-4df4-baeb-833140e54b42,ee8a7b41-cd50-44cb-a08a-f42cef692427,,open,27c0f523-7cf4-4fa6-bc00-110aceffb452,Ticket raised from the fleet condition report.,2025-11-19 15:18:00+00
3a61df28-4cca-4454-a1e8-1e0594a4d4d1,ee8a7b41-cd50-44cb-a08a-f42cef692427,open,in_progress,667f1ef6-99d9-4cff-b551-bc452b65fc89,Assigned and work started.,2025-11-20 14:27:00+00
203809de-06aa-4348-b071-a451087d5f5d,ee8a7b41-cd50-44cb-a08a-f42cef692427,in_progress,resolved,667f1ef6-99d9-4cff-b551-bc452b65fc89,Work completed and verified.,2025-12-04 09:58:00+00
41b96f78-0a15-47d6-a139-07ce5904081d,ee8a7b41-cd50-44cb-a08a-f42cef692427,resolved,closed,667f1ef6-99d9-4cff-b551-bc452b65fc89,Ticket closed.,2025-12-07 16:37:00+00
59daecfd-29f9-4741-a41b-a2bb27030ee9,652e73b9-edc3-4a69-9f89-e9165ffddcce,,open,c0bdfba4-2737-4375-a054-7e05fcb90314,Ticket raised from the fleet condition report.,2025-03-27 08:41:00+00
b3b8262d-1801-4e11-9040-885a20a24922,652e73b9-edc3-4a69-9f89-e9165ffddcce,open,in_progress,fb16df24-42b0-44f6-8de3-8f95cdd7dc1f,Assigned and work started.,2025-03-28 10:19:00+00
48a5c29d-a6ff-47b7-8b5b-8933aecac666,652e73b9-edc3-4a69-9f89-e9165ffddcce,in_progress,resolved,fb16df24-42b0-44f6-8de3-8f95cdd7dc1f,Work completed and verified.,2025-03-30 15:07:00+00
1e9b150e-4e7b-4a1d-80b6-4e557ce96beb,652e73b9-edc3-4a69-9f89-e9165ffddcce,resolved,closed,fb16df24-42b0-44f6-8de3-8f95cdd7dc1f,Ticket closed.,2025-04-04 15:31:00+00
d6418025-39ff-47ca-bd01-fe1e95af7aa4,e54d01bb-4741-45db-a0b2-a3bf344f3829,,open,22fdbcaf-2963-4f77-b400-12fc467a6393,Ticket raised from the fleet condition report.,2026-03-13 05:42:00+00
41da0396-df92-41dd-a76f-e7e946fe7e4e,e54d01bb-4741-45db-a0b2-a3bf344f3829,open,in_progress,6503e3a8-1b00-43f2-8b55-c07a05ed252a,Assigned and work started.,2026-03-14 14:22:00+00
1604ca19-0696-4521-bf3a-a6fdb5fa044e,e54d01bb-4741-45db-a0b2-a3bf344f3829,in_progress,resolved,6503e3a8-1b00-43f2-8b55-c07a05ed252a,Work completed and verified.,2026-04-07 10:13:00+00
c4a3792b-09cc-4834-9111-dd8e63ce3376,e54d01bb-4741-45db-a0b2-a3bf344f3829,resolved,closed,6503e3a8-1b00-43f2-8b55-c07a05ed252a,Ticket closed.,2026-04-13 16:29:00+00
6ded3685-eea7-48fc-9402-73ec9aa39d88,4bd0ee8d-b851-47d7-9067-5f850b9bbc89,,open,a7bae9de-4cdb-4821-aaf6-bf3df3ae7208,Ticket raised from the fleet condition report.,2025-02-13 05:44:00+00
4b5b93cd-4dde-4494-be5d-ffd6ce064997,4bd0ee8d-b851-47d7-9067-5f850b9bbc89,open,in_progress,7b2e85f9-7895-4aca-bf50-e37e9a354eb0,Assigned and work started.,2025-02-14 06:03:00+00
8a9472ae-2d24-4080-b433-e0cd88d376c6,4bd0ee8d-b851-47d7-9067-5f850b9bbc89,in_progress,resolved,7b2e85f9-7895-4aca-bf50-e37e9a354eb0,Work completed and verified.,2025-03-04 16:13:00+00
406650ce-fa8f-4b99-b058-a215496f39fc,4bd0ee8d-b851-47d7-9067-5f850b9bbc89,resolved,closed,7b2e85f9-7895-4aca-bf50-e37e9a354eb0,Ticket closed.,2025-03-13 17:27:00+00
39f4734f-21fd-4df7-b6a8-cf3a996086fa,21eb111c-1c7f-4ec0-989b-c54d54f38f66,,open,250027e3-dc1e-4890-a8ae-568338678d1d,Ticket raised from the fleet condition report.,2026-04-19 05:44:00+00
da4231f6-e45d-417f-9f85-708840221136,21eb111c-1c7f-4ec0-989b-c54d54f38f66,open,in_progress,90850f19-81e7-4b88-ba8f-72ef0e0578fa,Assigned and work started.,2026-04-20 17:20:00+00
b623fa78-0123-4b8a-8d04-962ccf4bd82f,054dfb06-55e2-4bd2-97c4-e0928340c823,,open,c6c5bb52-5726-498c-8641-8a82e02faff5,Ticket raised from the fleet condition report.,2025-09-27 05:30:00+00
f96d7064-73fd-4ba2-9fc2-234e9b955c9d,054dfb06-55e2-4bd2-97c4-e0928340c823,open,in_progress,b33c4ff9-69b5-4437-9699-63c066d6c353,Assigned and work started.,2025-09-28 17:15:00+00
a5b1a5fa-29d5-419b-96d5-a351ea258a5a,054dfb06-55e2-4bd2-97c4-e0928340c823,in_progress,resolved,b33c4ff9-69b5-4437-9699-63c066d6c353,Work completed and verified.,2025-10-02 08:06:00+00
86758c51-4ebb-48a2-a1d7-7471bc778302,407d4e38-8459-493d-8562-7a35eec9eb4d,,open,bec780bb-a3c0-4ba2-b593-563d95c479d3,Ticket raised from the fleet condition report.,2025-08-20 17:15:00+00
d1a910d8-3364-4e46-901b-e416deea01f0,407d4e38-8459-493d-8562-7a35eec9eb4d,open,in_progress,b7d6f932-49f4-46ba-85fa-9c50ab72be6f,Assigned and work started.,2025-08-21 07:42:00+00
b61a28dd-7159-41b4-bb23-bb9e52e0064d,407d4e38-8459-493d-8562-7a35eec9eb4d,in_progress,resolved,b7d6f932-49f4-46ba-85fa-9c50ab72be6f,Work completed and verified.,2025-09-06 13:12:00+00
34498945-3907-4dfe-b6fa-1d75b8b6eb5a,56b28d3e-5098-4e22-afb8-11ce1ab7e22f,,open,e0479e19-216c-419a-9125-3caa01d1cfe4,Ticket raised from the fleet condition report.,2025-04-21 05:19:00+00
3230d56f-3969-4339-83be-4689ef25e637,56b28d3e-5098-4e22-afb8-11ce1ab7e22f,open,in_progress,6307ed65-c77c-40e7-9e0f-0b67135eb7b1,Assigned and work started.,2025-04-22 05:30:00+00
024e02af-3b60-473a-b200-84595295219b,56b28d3e-5098-4e22-afb8-11ce1ab7e22f,in_progress,resolved,6307ed65-c77c-40e7-9e0f-0b67135eb7b1,Work completed and verified.,2025-05-11 12:29:00+00
ffe3f644-8057-4057-bcee-ca8d08a8c645,8d3de7c1-4d5d-4318-961d-5bedbdb39d78,,open,67eeff78-764d-49fd-a532-794fe5de10be,Ticket raised from the fleet condition report.,2026-04-20 06:51:00+00
0eb7ecd2-bc05-4775-b761-c23ac30b7aa0,8d3de7c1-4d5d-4318-961d-5bedbdb39d78,open,in_progress,f2e3adca-c995-4570-a695-525ef502c1ef,Assigned and work started.,2026-04-21 07:28:00+00
1b2bb190-b973-4518-b132-1663f3e98e7c,8d3de7c1-4d5d-4318-961d-5bedbdb39d78,in_progress,resolved,f2e3adca-c995-4570-a695-525ef502c1ef,Work completed and verified.,2026-05-14 06:58:00+00
0656391b-1a84-4f68-a954-ac4694291fb7,1322542f-51e5-4a3c-999d-f3cea11c0a58,,open,4240a899-92e1-44cc-a166-b3c8e4b402d3,Ticket raised from the fleet condition report.,2025-03-26 17:26:00+00
a3780b2c-cc75-4771-9309-e2b93eef419b,1322542f-51e5-4a3c-999d-f3cea11c0a58,open,in_progress,35b9a8e8-5284-40f5-9348-5f1e994c12f1,Assigned and work started.,2025-03-27 10:03:00+00
69f821f6-ec00-4cfd-903a-a4feb147e596,1322542f-51e5-4a3c-999d-f3cea11c0a58,in_progress,resolved,35b9a8e8-5284-40f5-9348-5f1e994c12f1,Work completed and verified.,2025-04-10 17:03:00+00
0e14e31f-1a43-4604-bf4b-f4a5dc40980e,1322542f-51e5-4a3c-999d-f3cea11c0a58,resolved,closed,35b9a8e8-5284-40f5-9348-5f1e994c12f1,Ticket closed.,2025-04-17 12:15:00+00
3963d1c8-a2fe-410d-81b5-df964547e16a,2bbd1440-4bc0-498a-ba24-70d4954282ee,,open,44f02d91-6ed8-49ff-bb7d-98412c2f27bc,Ticket raised from the fleet condition report.,2025-11-26 06:48:00+00
ea8ed667-c4cd-47cf-8b80-3e2f309db6d1,2bbd1440-4bc0-498a-ba24-70d4954282ee,open,in_progress,578b9882-da22-4a57-8191-8e7a8ca512f5,Assigned and work started.,2025-11-27 14:26:00+00
e350a4d2-c8c7-4da0-a69e-66921b23b4b8,2bbd1440-4bc0-498a-ba24-70d4954282ee,in_progress,resolved,578b9882-da22-4a57-8191-8e7a8ca512f5,Work completed and verified.,2025-11-30 14:56:00+00
fe19b06e-0b15-47bf-a1e6-64ae6e424e35,2bbd1440-4bc0-498a-ba24-70d4954282ee,resolved,closed,578b9882-da22-4a57-8191-8e7a8ca512f5,Ticket closed.,2025-12-10 17:48:00+00
e2a7aa34-2704-4646-a774-243ba1059947,ad47d9b3-6c2e-49ae-9a92-3a083b3f04fe,,open,8dcb5a65-7c64-4266-ba48-95af8cce89d8,Ticket raised from the fleet condition report.,2025-04-23 09:25:00+00
876d93e5-15e7-4b87-8aba-8bec14e9b6f0,ad47d9b3-6c2e-49ae-9a92-3a083b3f04fe,open,in_progress,af5f0096-7cc6-4d72-ab69-0a461681aeb5,Assigned and work started.,2025-04-24 14:38:00+00
f5dae615-b797-4867-8c36-b17501a0a1ea,ad47d9b3-6c2e-49ae-9a92-3a083b3f04fe,in_progress,resolved,af5f0096-7cc6-4d72-ab69-0a461681aeb5,Work completed and verified.,2025-05-18 10:31:00+00
55770662-a862-4689-a44f-ffd42c3f723f,ad47d9b3-6c2e-49ae-9a92-3a083b3f04fe,resolved,closed,af5f0096-7cc6-4d72-ab69-0a461681aeb5,Ticket closed.,2025-05-28 06:21:00+00
224ffaa8-509e-4d9e-9148-3f4c340ef9e6,e1ffd726-718d-43ba-a516-5524df851e68,,open,d0ea5927-2dc8-4928-bde4-56f56868028e,Ticket raised from the fleet condition report.,2024-11-25 11:32:00+00
1c309406-1ec8-4673-be31-81f4e80961cf,e1ffd726-718d-43ba-a516-5524df851e68,open,in_progress,e20935a5-5128-4f38-92b2-23e2cc66c4ed,Assigned and work started.,2024-11-26 07:55:00+00
47c46948-6e1b-4536-b463-6eb49d617784,e1ffd726-718d-43ba-a516-5524df851e68,in_progress,resolved,e20935a5-5128-4f38-92b2-23e2cc66c4ed,Work completed and verified.,2024-12-04 13:22:00+00
e36d959e-1c65-43e4-a8a2-7ff3759857bc,e1ffd726-718d-43ba-a516-5524df851e68,resolved,closed,e20935a5-5128-4f38-92b2-23e2cc66c4ed,Ticket closed.,2024-12-06 17:55:00+00
c3f8ae17-65b9-4af4-87d0-fc7e0bab65f8,f250e552-ed7b-443c-859d-291954a67623,,open,6b2d3cbd-fae4-42a9-b155-00287bef6384,Ticket raised from the fleet condition report.,2024-11-20 16:10:00+00
78552071-0628-41d3-9521-e42d5a7fc083,f250e552-ed7b-443c-859d-291954a67623,open,in_progress,e99de6d2-f02b-433d-81b3-796785680957,Assigned and work started.,2024-11-21 05:39:00+00
c6eb32ec-1891-4278-9a6a-158654629151,f250e552-ed7b-443c-859d-291954a67623,in_progress,resolved,e99de6d2-f02b-433d-81b3-796785680957,Work completed and verified.,2024-11-28 06:41:00+00
6b94479c-3d89-4e97-896e-f54ea9fb1e20,8182037e-4e34-4607-9c70-191a2175769b,,open,fe8b8a5c-fa8d-4338-bff2-c33473622fe7,Ticket raised from the fleet condition report.,2026-04-22 14:24:00+00
ee6bb752-becd-4a6c-b7ed-8dbd71e27829,8182037e-4e34-4607-9c70-191a2175769b,open,in_progress,f9a5607b-7040-4ba8-95c0-6de3c5367dea,Assigned and work started.,2026-04-23 15:33:00+00
1e937e4c-58a4-4c13-889c-7849183dd122,78ee4216-cce4-4120-8ffd-2e0de0479a1a,,open,b64ffa50-0a8d-4d72-9814-57c08216e6b3,Ticket raised from the fleet condition report.,2024-10-11 12:08:00+00
82b8dd0f-f31f-426e-b013-abcecf456a56,78ee4216-cce4-4120-8ffd-2e0de0479a1a,open,in_progress,7644642e-745c-4474-890f-0f840a0b5df8,Assigned and work started.,2024-10-12 11:15:00+00
83dd2bfc-8089-4f8a-932a-c680a01284c4,78ee4216-cce4-4120-8ffd-2e0de0479a1a,in_progress,resolved,7644642e-745c-4474-890f-0f840a0b5df8,Work completed and verified.,2024-10-26 15:09:00+00
d6b7b9f3-fdfe-4ad9-bcca-fdccdb8437a9,78ee4216-cce4-4120-8ffd-2e0de0479a1a,resolved,closed,7644642e-745c-4474-890f-0f840a0b5df8,Ticket closed.,2024-10-31 08:58:00+00
7d6dd399-4036-4e78-be19-e6d3197c7e37,1ac8860b-e98a-4e24-bbbf-dddc999667ff,,open,45185d88-ee1c-43ef-a73d-9a8382087224,Ticket raised from the fleet condition report.,2026-05-13 12:18:00+00
fb5e179b-c211-4df3-b141-8f492d8acbba,1ac8860b-e98a-4e24-bbbf-dddc999667ff,open,in_progress,578b9882-da22-4a57-8191-8e7a8ca512f5,Assigned and work started.,2026-05-14 11:02:00+00
1bbbfd80-15d6-4071-a7c8-ab1d8f233eac,1ac8860b-e98a-4e24-bbbf-dddc999667ff,in_progress,resolved,578b9882-da22-4a57-8191-8e7a8ca512f5,Work completed and verified.,2026-06-07 08:39:00+00
f504e4b7-fe3e-4bfa-8e8e-5aa7161a636d,1ac8860b-e98a-4e24-bbbf-dddc999667ff,resolved,closed,578b9882-da22-4a57-8191-8e7a8ca512f5,Ticket closed.,2026-06-17 14:32:00+00
0ad113e2-45e2-47a1-97fd-f906b873d91e,e5e79e8a-40b3-4ec2-9d18-7d5a56edd4b0,,open,9aee6ad3-243e-4da8-aa52-4050a6fa56f0,Ticket raised from the fleet condition report.,2025-12-12 07:25:00+00
0fcb0d01-1d0f-4b50-a90b-ef865c1aea24,e5e79e8a-40b3-4ec2-9d18-7d5a56edd4b0,open,in_progress,78be5d8f-6cca-4d7e-bfe7-2b68fc8c6341,Assigned and work started.,2025-12-13 11:24:00+00
bfb4e8ab-a875-4ae8-b0e2-d15bd7afd99f,e5e79e8a-40b3-4ec2-9d18-7d5a56edd4b0,in_progress,resolved,78be5d8f-6cca-4d7e-bfe7-2b68fc8c6341,Work completed and verified.,2025-12-31 14:55:00+00
7365066a-9c10-4720-a378-7caf2c47c151,e5e79e8a-40b3-4ec2-9d18-7d5a56edd4b0,resolved,closed,78be5d8f-6cca-4d7e-bfe7-2b68fc8c6341,Ticket closed.,2026-01-05 09:23:00+00
06d278bf-bdea-402c-a054-207a23d85e33,2de8f1f5-ac62-44ea-afd4-d0ba338596dd,,open,ef604ac6-00ff-4230-a189-03428d01342b,Ticket raised from the fleet condition report.,2025-03-23 08:48:00+00
a7c0dd0c-9588-4812-950a-8afee8b7781e,2de8f1f5-ac62-44ea-afd4-d0ba338596dd,open,in_progress,e1c1397c-6345-47ab-948e-0f3e68d615b7,Assigned and work started.,2025-03-24 13:02:00+00
78f4bc3f-a112-41c5-8e51-c2a6b47357ba,2de8f1f5-ac62-44ea-afd4-d0ba338596dd,in_progress,resolved,e1c1397c-6345-47ab-948e-0f3e68d615b7,Work completed and verified.,2025-04-02 17:54:00+00
30c6fa13-51a3-4dbe-be86-e49bc43737db,2de8f1f5-ac62-44ea-afd4-d0ba338596dd,resolved,closed,e1c1397c-6345-47ab-948e-0f3e68d615b7,Ticket closed.,2025-04-06 15:18:00+00
578e27f4-da05-4b6e-8f05-6283c53b49c4,ca4ecf6d-defc-40fa-835c-033a2677144f,,open,ab779edb-5eb0-450f-af5c-345043abdd5f,Ticket raised from the fleet condition report.,2025-02-11 09:45:00+00
f212e86c-5026-4376-a57d-40154ed7a20f,ca4ecf6d-defc-40fa-835c-033a2677144f,open,in_progress,51de8298-573f-473b-b907-584ec33f7841,Assigned and work started.,2025-02-12 16:42:00+00
17159455-a384-4fca-ab6f-4cb58b908f34,ca4ecf6d-defc-40fa-835c-033a2677144f,in_progress,resolved,51de8298-573f-473b-b907-584ec33f7841,Work completed and verified.,2025-02-28 16:21:00+00
becb4bce-e061-48bc-adbc-6f7e59176b22,ca4ecf6d-defc-40fa-835c-033a2677144f,resolved,closed,51de8298-573f-473b-b907-584ec33f7841,Ticket closed.,2025-03-02 13:58:00+00
fc94f0d6-7491-42af-b310-1129442d61f4,c10793a6-2da2-4c28-9581-a7e5f902e142,,open,0ae5daa8-7bcd-4f43-b36a-99441eb41697,Ticket raised from the fleet condition report.,2024-08-12 11:29:00+00
17f78722-6eba-4933-8edf-2a41798d8127,c10793a6-2da2-4c28-9581-a7e5f902e142,open,in_progress,3ad6d85f-8eb2-429d-b6b0-9df328ae585b,Assigned and work started.,2024-08-13 13:08:00+00
55bb2e1e-6a06-48df-962e-b1acfc4b609f,c10793a6-2da2-4c28-9581-a7e5f902e142,in_progress,resolved,3ad6d85f-8eb2-429d-b6b0-9df328ae585b,Work completed and verified.,2024-08-29 10:53:00+00
fa4981cc-3d7c-4d91-a3f0-e65e5d7db4a9,c10793a6-2da2-4c28-9581-a7e5f902e142,resolved,closed,3ad6d85f-8eb2-429d-b6b0-9df328ae585b,Ticket closed.,2024-09-01 16:16:00+00
e30afe28-698b-43d8-87e5-ebb65ee5c322,6ca11b26-5389-433f-9fa4-1408a87c60a1,,open,70da0d38-1e21-4bef-94a1-7db6b6989b3a,Ticket raised from the fleet condition report.,2025-01-23 06:31:00+00
5591f78e-9bfe-486a-beec-e270c670daf0,6ca11b26-5389-433f-9fa4-1408a87c60a1,open,in_progress,b958f053-fb9d-4b81-9996-c7ca66269f1c,Assigned and work started.,2025-01-24 17:40:00+00
b82cd545-a2f5-4044-88ac-6b5b144fca6a,6ca11b26-5389-433f-9fa4-1408a87c60a1,in_progress,resolved,b958f053-fb9d-4b81-9996-c7ca66269f1c,Work completed and verified.,2025-02-13 06:17:00+00
90918e71-4c11-42db-a647-91817e24d329,ab1a5422-ec94-4aaa-8951-e3c875d66050,,open,6b568122-8e5f-4230-93a9-c0335707eec2,Ticket raised from the fleet condition report.,2026-03-27 16:08:00+00
21497954-f82f-4517-a048-bd9b7e3ebc39,ab1a5422-ec94-4aaa-8951-e3c875d66050,open,in_progress,94c16a8c-074b-4b37-ab95-493170740735,Assigned and work started.,2026-03-28 09:30:00+00
09a59aa9-7c70-4f70-883e-731ed9dd428b,ab1a5422-ec94-4aaa-8951-e3c875d66050,in_progress,resolved,94c16a8c-074b-4b37-ab95-493170740735,Work completed and verified.,2026-04-06 16:43:00+00
c4619748-922d-463e-87cf-a8c30d8177b9,ab1a5422-ec94-4aaa-8951-e3c875d66050,resolved,closed,94c16a8c-074b-4b37-ab95-493170740735,Ticket closed.,2026-04-16 13:41:00+00
c6c1bf15-7898-4874-afc5-e7b0a9569eea,07a45c25-fde7-4c1c-ab3c-6d2e02cf59ed,,open,268c1408-1f5a-4d5e-9b2c-0b5df558eda6,Ticket raised from the fleet condition report.,2026-03-22 10:27:00+00
76e7346e-0e0c-4ce9-aac4-ff324975bd81,07a45c25-fde7-4c1c-ab3c-6d2e02cf59ed,open,in_progress,af5f0096-7cc6-4d72-ab69-0a461681aeb5,Assigned and work started.,2026-03-23 05:12:00+00
a0455597-bbec-418d-abdb-2fb9abb442cd,07a45c25-fde7-4c1c-ab3c-6d2e02cf59ed,in_progress,resolved,af5f0096-7cc6-4d72-ab69-0a461681aeb5,Work completed and verified.,2026-04-14 08:04:00+00
7cac06cf-38ec-4b4b-8596-ba2e96247820,07a45c25-fde7-4c1c-ab3c-6d2e02cf59ed,resolved,closed,af5f0096-7cc6-4d72-ab69-0a461681aeb5,Ticket closed.,2026-04-15 10:12:00+00
233495b6-1a8b-468c-a7ab-bce7ee014a68,9a454c0d-d2c7-4264-af40-b923ed113654,,open,18feffdc-7343-4221-847d-861b02fe2a56,Ticket raised from the fleet condition report.,2026-02-23 05:41:00+00
fdb305b0-c627-4154-9ce5-78b70e5b52be,9a454c0d-d2c7-4264-af40-b923ed113654,open,in_progress,bdd93a99-626e-4675-b9a7-acfd49c28c66,Assigned and work started.,2026-02-24 05:13:00+00
a39f4175-6c2d-4afb-8b1b-58588719d0f0,9a454c0d-d2c7-4264-af40-b923ed113654,in_progress,resolved,bdd93a99-626e-4675-b9a7-acfd49c28c66,Work completed and verified.,2026-02-25 09:57:00+00
2a17220d-4e65-48e2-9924-054f1d78bb5c,9a454c0d-d2c7-4264-af40-b923ed113654,resolved,closed,bdd93a99-626e-4675-b9a7-acfd49c28c66,Ticket closed.,2026-03-07 09:31:00+00
2af84117-8db1-459b-bd95-347ef4ae9e55,b455969b-8190-4f04-96cd-3b5619dce961,,open,8741b992-805d-4859-9e1a-4d49d82c9a99,Ticket raised from the fleet condition report.,2025-07-19 11:00:00+00
b62e0035-b988-44cb-b19b-2d4afce30d68,b455969b-8190-4f04-96cd-3b5619dce961,open,in_progress,8eff9acb-560a-454d-b4e0-e23389a2264b,Assigned and work started.,2025-07-20 07:57:00+00
f781358c-4589-40c1-a2de-ac8cb660ede4,b455969b-8190-4f04-96cd-3b5619dce961,in_progress,resolved,8eff9acb-560a-454d-b4e0-e23389a2264b,Work completed and verified.,2025-08-08 15:24:00+00
762c728d-7c1e-45e7-939c-02b6b31c49a0,b455969b-8190-4f04-96cd-3b5619dce961,resolved,closed,8eff9acb-560a-454d-b4e0-e23389a2264b,Ticket closed.,2025-08-09 13:41:00+00
7c6013cd-a7ed-4549-a831-7deaad1f80b2,06e6d274-b82a-43bc-bdbe-5258ac978fc3,,open,bcc2e695-1e30-4f07-866a-c884d470333c,Ticket raised from the fleet condition report.,2025-08-30 09:14:00+00
8f01591b-d3a9-4c31-bbbb-5c1537446c90,06e6d274-b82a-43bc-bdbe-5258ac978fc3,open,in_progress,9580e2d6-e004-4873-9ea1-5e63bb707d70,Assigned and work started.,2025-08-31 09:09:00+00
fafbcdad-da15-463b-8ce1-c53bde230417,06e6d274-b82a-43bc-bdbe-5258ac978fc3,in_progress,resolved,9580e2d6-e004-4873-9ea1-5e63bb707d70,Work completed and verified.,2025-09-15 09:10:00+00
3e198399-e214-40ca-a0f6-ecd35092954c,06e6d274-b82a-43bc-bdbe-5258ac978fc3,resolved,closed,9580e2d6-e004-4873-9ea1-5e63bb707d70,Ticket closed.,2025-09-22 13:26:00+00
4818d17f-d9b9-446c-8995-553033a943f4,4e16fcf0-87b4-4fc2-9cab-434af70367f4,,open,9bd7dc69-8146-4996-8a28-bda2751c2c1e,Ticket raised from the fleet condition report.,2025-06-16 14:49:00+00
7f9c4ae6-a5f8-4baa-9dfc-90b8b59657eb,4e16fcf0-87b4-4fc2-9cab-434af70367f4,open,in_progress,ff7c83e7-5c79-453d-ba13-4194d70d1e17,Assigned and work started.,2025-06-17 06:30:00+00
7b09aaa1-61d0-4cc5-85e3-9c6c1d74ffdc,4e16fcf0-87b4-4fc2-9cab-434af70367f4,in_progress,resolved,ff7c83e7-5c79-453d-ba13-4194d70d1e17,Work completed and verified.,2025-07-02 11:45:00+00
002c2687-b4c7-4c13-add2-7225e9b38a52,4e16fcf0-87b4-4fc2-9cab-434af70367f4,resolved,closed,ff7c83e7-5c79-453d-ba13-4194d70d1e17,Ticket closed.,2025-07-05 13:44:00+00
4a8cf590-74e0-4a5a-9a86-9ca0da067ea8,691415f1-2f2d-4b8e-b140-9cfc4edb16c0,,open,d60818dc-0615-46d9-beb4-905088e84e1f,Ticket raised from the fleet condition report.,2025-07-25 07:48:00+00
0cf4e36d-8922-4fbe-bc48-fd3e2c9342fe,691415f1-2f2d-4b8e-b140-9cfc4edb16c0,open,in_progress,84ed798e-b511-4f4a-aa3a-e26029fdaf93,Assigned and work started.,2025-07-26 08:16:00+00
bc83a6a0-58d8-4860-8366-75482cf54d18,691415f1-2f2d-4b8e-b140-9cfc4edb16c0,in_progress,resolved,84ed798e-b511-4f4a-aa3a-e26029fdaf93,Work completed and verified.,2025-08-09 05:23:00+00
4d1b9bcd-ed66-4c6d-ba9c-4b170c9ad3e8,44234ab9-5046-46a8-b6aa-0211bb63ee8a,,open,d3c85395-bb33-4e57-b3e5-4ea86968673b,Ticket raised from the fleet condition report.,2025-04-21 15:42:00+00
91b8677f-b865-4ebc-bf0a-34a09fb2c6fc,44234ab9-5046-46a8-b6aa-0211bb63ee8a,open,in_progress,5ca11cec-92af-4cf0-ba2a-b7ccc1954f40,Assigned and work started.,2025-04-22 11:02:00+00
ba58f16e-ae3a-43eb-8597-86d877c82e3b,44234ab9-5046-46a8-b6aa-0211bb63ee8a,in_progress,resolved,5ca11cec-92af-4cf0-ba2a-b7ccc1954f40,Work completed and verified.,2025-04-24 13:02:00+00
2b61e5b6-6738-44a6-8ded-2cfe2ca573fd,44234ab9-5046-46a8-b6aa-0211bb63ee8a,resolved,closed,5ca11cec-92af-4cf0-ba2a-b7ccc1954f40,Ticket closed.,2025-04-26 17:17:00+00
e8f30ce3-ad1d-4cdb-b96a-ad9ec7447c1e,b3ad37e3-8cb6-406e-9cbd-073d17373814,,open,a213ac02-a975-484b-88d8-985f8590c25d,Ticket raised from the fleet condition report.,2025-12-30 14:22:00+00
14ff8610-3110-42db-8b31-ebc8910b3eca,b3ad37e3-8cb6-406e-9cbd-073d17373814,open,in_progress,3898aa8b-e3d3-459d-9a76-60401f8181f0,Assigned and work started.,2025-12-31 07:46:00+00
30f5889d-7dcd-442b-83f1-526bc24ed09d,b3ad37e3-8cb6-406e-9cbd-073d17373814,in_progress,resolved,3898aa8b-e3d3-459d-9a76-60401f8181f0,Work completed and verified.,2026-01-14 14:58:00+00
24d5f497-1187-4548-ae65-00a5353babf9,b3ad37e3-8cb6-406e-9cbd-073d17373814,resolved,closed,3898aa8b-e3d3-459d-9a76-60401f8181f0,Ticket closed.,2026-01-16 13:23:00+00
532d5fe5-9e05-445e-9685-dfb85ab33090,db744f43-4e3b-40c3-9e47-e1ddb47be2a6,,open,3b0fed53-e31e-4250-b04e-ef1b99888104,Ticket raised from the fleet condition report.,2026-01-11 08:15:00+00
74238526-0dcc-4306-aea5-2d4560902cd4,db744f43-4e3b-40c3-9e47-e1ddb47be2a6,open,in_progress,f9a5607b-7040-4ba8-95c0-6de3c5367dea,Assigned and work started.,2026-01-12 09:48:00+00
6ee959bd-0c1f-4cdd-bd7b-4e15582bbdf3,db744f43-4e3b-40c3-9e47-e1ddb47be2a6,in_progress,resolved,f9a5607b-7040-4ba8-95c0-6de3c5367dea,Work completed and verified.,2026-01-21 06:15:00+00
da3aaab0-6159-4323-80f3-e50b6afdfa58,db744f43-4e3b-40c3-9e47-e1ddb47be2a6,resolved,closed,f9a5607b-7040-4ba8-95c0-6de3c5367dea,Ticket closed.,2026-01-27 06:56:00+00
be331dd1-fef2-424f-bc58-061651987d0b,25ca91ac-d149-461c-be02-433b29ba3d04,,open,ddde20e9-91ec-4e59-ae51-4ecd751529ab,Ticket raised from the fleet condition report.,2024-08-20 09:02:00+00
8e87c50f-089d-43d2-b6e4-742c6057eda2,25ca91ac-d149-461c-be02-433b29ba3d04,open,in_progress,2d9c2803-17f5-4970-8da9-23fc6eebe8ef,Assigned and work started.,2024-08-21 11:54:00+00
a28ec937-9175-48fb-becb-d8ae4dc006e3,25ca91ac-d149-461c-be02-433b29ba3d04,in_progress,resolved,2d9c2803-17f5-4970-8da9-23fc6eebe8ef,Work completed and verified.,2024-08-21 14:02:00+00
dbdd4df2-4af2-4219-bdd1-e7a787eca782,25ca91ac-d149-461c-be02-433b29ba3d04,resolved,closed,2d9c2803-17f5-4970-8da9-23fc6eebe8ef,Ticket closed.,2024-08-26 15:13:00+00
af366774-e25a-4e7e-9d45-4b555b4967af,275bac43-f415-4b5a-b870-60ca1cd33d1f,,open,6c5f95fe-93a9-459f-988b-b5f6952e7382,Ticket raised from the fleet condition report.,2025-09-14 14:40:00+00
e48620f6-fcac-458e-adf5-051073a6893c,275bac43-f415-4b5a-b870-60ca1cd33d1f,open,in_progress,ee4d2f5c-11a7-4a36-b4f7-9b4da1d376b2,Assigned and work started.,2025-09-15 07:40:00+00
87d3e3af-20a0-4f3f-ac47-d1581deb6ad2,275bac43-f415-4b5a-b870-60ca1cd33d1f,in_progress,resolved,ee4d2f5c-11a7-4a36-b4f7-9b4da1d376b2,Work completed and verified.,2025-09-22 11:01:00+00
60448d0a-04a6-464f-bb37-45b906250419,275bac43-f415-4b5a-b870-60ca1cd33d1f,resolved,closed,ee4d2f5c-11a7-4a36-b4f7-9b4da1d376b2,Ticket closed.,2025-09-25 11:24:00+00
17de70e1-4b83-4d2c-9a21-2e90ae744045,6e083b96-7e43-4fa9-a40d-1e004407a20d,,open,caed6520-d13f-4cca-b266-28e851bcedb2,Ticket raised from the fleet condition report.,2025-07-11 14:22:00+00
7695f2ed-ddc2-4d6b-a884-af2af5947437,6e083b96-7e43-4fa9-a40d-1e004407a20d,open,in_progress,0bcca5d2-620c-4e90-ae82-fb6ffc7af33d,Assigned and work started.,2025-07-12 09:53:00+00
b6ba241b-18b0-488e-bd64-2e5d36b38912,6e083b96-7e43-4fa9-a40d-1e004407a20d,in_progress,resolved,0bcca5d2-620c-4e90-ae82-fb6ffc7af33d,Work completed and verified.,2025-07-27 08:50:00+00
d2a25641-9284-4b00-9746-02bdcdc5799f,6e083b96-7e43-4fa9-a40d-1e004407a20d,resolved,closed,0bcca5d2-620c-4e90-ae82-fb6ffc7af33d,Ticket closed.,2025-07-28 16:57:00+00
36c88c8e-96af-4d25-9f1e-71997f3a6d97,906887c0-d3fb-4799-9bc9-5732659d5a23,,open,ff858c38-4db7-4dcd-a154-6531520ed5b9,Ticket raised from the fleet condition report.,2024-12-13 09:33:00+00
040f5a34-bd14-4aa8-9134-4f433c056d32,906887c0-d3fb-4799-9bc9-5732659d5a23,open,in_progress,3898aa8b-e3d3-459d-9a76-60401f8181f0,Assigned and work started.,2024-12-14 05:45:00+00
ba5c3355-f15a-4ae6-93fc-b4d0fb8d1039,906887c0-d3fb-4799-9bc9-5732659d5a23,in_progress,resolved,3898aa8b-e3d3-459d-9a76-60401f8181f0,Work completed and verified.,2024-12-15 14:22:00+00
1dcc8643-33f2-407e-9818-56f9cba857d5,906887c0-d3fb-4799-9bc9-5732659d5a23,resolved,closed,3898aa8b-e3d3-459d-9a76-60401f8181f0,Ticket closed.,2024-12-18 10:50:00+00
4226878a-20d1-4ca5-8335-57cc879077c0,d441044d-7545-42fd-9c22-9a1c1db2ce6d,,open,c458d5ba-5730-4c05-94e6-f9801b71d659,Ticket raised from the fleet condition report.,2026-03-02 08:49:00+00
c31a0a5b-95b2-47c3-af1f-99d7e9adbd14,d441044d-7545-42fd-9c22-9a1c1db2ce6d,open,in_progress,bf2345c5-305b-49ba-b06b-ecb5fede548e,Assigned and work started.,2026-03-03 14:35:00+00
98895293-da49-4475-89fc-95e5d80fabf8,d441044d-7545-42fd-9c22-9a1c1db2ce6d,in_progress,resolved,bf2345c5-305b-49ba-b06b-ecb5fede548e,Work completed and verified.,2026-03-18 16:35:00+00
1a82cba5-d42a-43d1-a0b9-6a8a554a7b68,d441044d-7545-42fd-9c22-9a1c1db2ce6d,resolved,closed,bf2345c5-305b-49ba-b06b-ecb5fede548e,Ticket closed.,2026-03-21 13:49:00+00
43d59fa3-00a5-4994-927f-787c1aa7c94e,34c61daf-de9b-4bd0-ac7f-6402e46062bc,,open,e63fb45e-1362-4e02-b414-1e0a67301dbf,Ticket raised from the fleet condition report.,2026-07-22 08:00:00+00
d852cb5d-aac0-4767-b46f-306ae921cae7,ee4461a8-739b-47b7-8d56-5d22105666ef,,open,07e0c835-51f1-4fad-9254-f68f64738d72,Ticket raised from the fleet condition report.,2026-03-24 05:45:00+00
fcc2ee04-deeb-43ee-8d65-41dadd83d3dc,ee4461a8-739b-47b7-8d56-5d22105666ef,open,in_progress,9f45c98b-3562-45af-8cb4-fee17952ecd9,Assigned and work started.,2026-03-25 07:39:00+00
0cc3b9d2-a691-45c4-a9da-839cd74514a0,ee4461a8-739b-47b7-8d56-5d22105666ef,in_progress,resolved,9f45c98b-3562-45af-8cb4-fee17952ecd9,Work completed and verified.,2026-03-28 09:22:00+00
4d29c29c-ac51-4890-aaa9-f66548a77585,ee4461a8-739b-47b7-8d56-5d22105666ef,resolved,closed,9f45c98b-3562-45af-8cb4-fee17952ecd9,Ticket closed.,2026-04-05 15:13:00+00
cf861a97-dbbf-47b6-80f9-8e8558efdc97,84e1d9cd-833b-4cc6-a97e-6404e8e9c849,,open,3ba77be5-ccc5-4543-b759-2bf3d0233b4d,Ticket raised from the fleet condition report.,2025-05-13 11:14:00+00
26d3e151-0d86-4966-a9d9-18a96a77c768,84e1d9cd-833b-4cc6-a97e-6404e8e9c849,open,in_progress,f2e3adca-c995-4570-a695-525ef502c1ef,Assigned and work started.,2025-05-14 05:05:00+00
b902778d-078e-4bcb-806b-aa9f19a794d6,84e1d9cd-833b-4cc6-a97e-6404e8e9c849,in_progress,resolved,f2e3adca-c995-4570-a695-525ef502c1ef,Work completed and verified.,2025-05-31 10:02:00+00
1ff6c572-6790-4b00-89ed-815b84251510,84e1d9cd-833b-4cc6-a97e-6404e8e9c849,resolved,closed,f2e3adca-c995-4570-a695-525ef502c1ef,Ticket closed.,2025-06-07 06:55:00+00
741c3658-c30b-4686-846b-92dd4cda22d2,af7a600f-f7e5-4010-a737-3007d357956b,,open,6dfe7908-1670-4f24-a01e-791d003947e8,Ticket raised from the fleet condition report.,2024-12-27 12:10:00+00
77b39625-aa42-4a6f-8053-feac8652104d,af7a600f-f7e5-4010-a737-3007d357956b,open,in_progress,94c16a8c-074b-4b37-ab95-493170740735,Assigned and work started.,2024-12-28 08:47:00+00
6d7b519b-dbe3-4740-8646-f4a682df309d,af7a600f-f7e5-4010-a737-3007d357956b,in_progress,resolved,94c16a8c-074b-4b37-ab95-493170740735,Work completed and verified.,2024-12-30 10:53:00+00
acceaad8-f767-4d63-8c1c-c11754bf724a,fd0a15d7-a87f-452b-b1bb-0c48971fc0ac,,open,8f92bdec-59f7-49b0-8fa2-c9e05b14747f,Ticket raised from the fleet condition report.,2026-08-09 16:33:00+00
071054a1-158a-437e-9efc-bce71d03100f,195f971d-95f9-4a49-adaa-0b8f7ffd6282,,open,6afbbe79-b3b4-4bce-969a-13c3c0c87b06,Ticket raised from the fleet condition report.,2024-12-13 12:55:00+00
4cf0a7fc-8ad0-4ead-bfdd-5e8976ce42fd,195f971d-95f9-4a49-adaa-0b8f7ffd6282,open,in_progress,971707cb-32c1-434f-b61f-f1fd2abeb991,Assigned and work started.,2024-12-14 12:17:00+00
37068364-bed2-40d9-bc5c-204e4a839bc5,195f971d-95f9-4a49-adaa-0b8f7ffd6282,in_progress,resolved,971707cb-32c1-434f-b61f-f1fd2abeb991,Work completed and verified.,2025-01-06 05:36:00+00
112b10c8-9122-4284-b9c3-97309fd09427,be03924a-5055-49b2-884d-2cd417ba4171,,open,b232ddd5-5830-4628-84d8-26c9e470d691,Ticket raised from the fleet condition report.,2025-07-22 07:39:00+00
194ac8d5-0975-407a-a92d-f58640c70c59,be03924a-5055-49b2-884d-2cd417ba4171,open,in_progress,84ed798e-b511-4f4a-aa3a-e26029fdaf93,Assigned and work started.,2025-07-23 11:58:00+00
4a4ba5c2-fbbf-4460-8079-b7dd306b9202,be03924a-5055-49b2-884d-2cd417ba4171,in_progress,resolved,84ed798e-b511-4f4a-aa3a-e26029fdaf93,Work completed and verified.,2025-07-29 16:41:00+00
68ff586a-3f62-4ab4-8eea-3d8581185d44,be03924a-5055-49b2-884d-2cd417ba4171,resolved,closed,84ed798e-b511-4f4a-aa3a-e26029fdaf93,Ticket closed.,2025-07-31 07:46:00+00
a5cae1f8-4adb-4d6f-bce5-e24f9237188d,12e0d54a-18de-4318-b10c-b6c6e4903d06,,open,672d2211-01c0-4d57-9cc6-820a42f9f6ba,Ticket raised from the fleet condition report.,2025-08-18 12:00:00+00
98ab70bd-fa76-4efd-b296-2479bf69e671,12e0d54a-18de-4318-b10c-b6c6e4903d06,open,in_progress,db01d178-e057-46ed-ba34-a2870594c197,Assigned and work started.,2025-08-19 15:07:00+00
81c2dfc7-b5fc-4f56-b910-69e7aaece2f8,12e0d54a-18de-4318-b10c-b6c6e4903d06,in_progress,resolved,db01d178-e057-46ed-ba34-a2870594c197,Work completed and verified.,2025-08-20 13:55:00+00
858ba2c1-3c4f-43be-a096-b3ab9b89341d,12e0d54a-18de-4318-b10c-b6c6e4903d06,resolved,closed,db01d178-e057-46ed-ba34-a2870594c197,Ticket closed.,2025-08-26 13:06:00+00
8418087c-fc8a-41ad-80ab-8cccb0c1147e,e60c41b6-c7c5-4ad0-8f83-596e40344438,,open,df25e81a-cadf-4a18-aca5-a4f15e31d4ca,Ticket raised from the fleet condition report.,2024-12-10 16:51:00+00
f905f078-a5cc-4690-86e9-240569ea0c91,e60c41b6-c7c5-4ad0-8f83-596e40344438,open,in_progress,0045edfa-b68e-4e8a-8cb4-619cb936cc49,Assigned and work started.,2024-12-11 08:23:00+00
e4f0b9f8-4c38-4d64-bfee-23d5f97eed6c,e60c41b6-c7c5-4ad0-8f83-596e40344438,in_progress,resolved,0045edfa-b68e-4e8a-8cb4-619cb936cc49,Work completed and verified.,2024-12-23 05:19:00+00
e7fa80f4-7837-4a54-97c3-fc769a55fe28,a7a3fb9b-b211-4efe-9655-712082752af0,,open,201810ef-10d6-4664-9bf3-c78ad722a6de,Ticket raised from the fleet condition report.,2025-04-22 07:22:00+00
7a42783f-8d73-4a15-8dd4-9d49b2711b9c,a7a3fb9b-b211-4efe-9655-712082752af0,open,in_progress,389d9ee3-9a0e-4d55-9770-b461e7a536f0,Assigned and work started.,2025-04-23 06:58:00+00
5709bd9f-d30b-4efe-8e35-70e1aff1c5db,a7a3fb9b-b211-4efe-9655-712082752af0,in_progress,resolved,389d9ee3-9a0e-4d55-9770-b461e7a536f0,Work completed and verified.,2025-05-05 05:39:00+00
568bf73b-2441-448b-a710-e991dbf69a24,a7a3fb9b-b211-4efe-9655-712082752af0,resolved,closed,389d9ee3-9a0e-4d55-9770-b461e7a536f0,Ticket closed.,2025-05-12 16:53:00+00
95611665-a607-4e24-aa30-ab6f36f2724d,3f5f5475-046b-4b9d-8275-3fa121a7c2b5,,open,e2efa991-7647-42b1-8b11-96899c4a2d89,Ticket raised from the fleet condition report.,2026-04-21 11:42:00+00
374ca930-4cfb-4abd-9be1-00ac2de3b5a0,a47414b1-980e-45e9-aac6-b0f90dc5c4a5,,open,c752deae-2089-4698-95c9-22b8797ac2c9,Ticket raised from the fleet condition report.,2026-08-09 14:53:00+00
70c0543d-5c6a-4d01-892e-8ed7378b2702,974ca876-c892-47ff-917f-a6ca278b2cfc,,open,5ad1e726-cd90-4d90-9217-c5fd5278615c,Ticket raised from the fleet condition report.,2025-08-17 10:40:00+00
10595fd5-24a4-48eb-b7c0-2012851c98b3,974ca876-c892-47ff-917f-a6ca278b2cfc,open,in_progress,65a5b696-653b-4c78-8e17-17f954b7992b,Assigned and work started.,2025-08-18 07:09:00+00
5508031c-22d2-4201-af6a-bb6bccd59eee,974ca876-c892-47ff-917f-a6ca278b2cfc,in_progress,resolved,65a5b696-653b-4c78-8e17-17f954b7992b,Work completed and verified.,2025-08-26 05:08:00+00
df76a1d8-4b38-4e8a-960f-410ef4f6331f,974ca876-c892-47ff-917f-a6ca278b2cfc,resolved,closed,65a5b696-653b-4c78-8e17-17f954b7992b,Ticket closed.,2025-09-01 16:33:00+00
a8d7ac57-dea9-475a-b102-3e18dd384bad,53fba5a9-5ab1-4212-ae96-e703beb15f6e,,open,c90df745-1d60-4fee-882f-634728b39f2d,Ticket raised from the fleet condition report.,2025-11-21 17:43:00+00
5873e7b3-4d4a-48d5-bd50-dcd5ba083266,53fba5a9-5ab1-4212-ae96-e703beb15f6e,open,in_progress,35b9a8e8-5284-40f5-9348-5f1e994c12f1,Assigned and work started.,2025-11-22 06:15:00+00
d052e939-9198-44aa-be1b-5621fe088bea,53fba5a9-5ab1-4212-ae96-e703beb15f6e,in_progress,resolved,35b9a8e8-5284-40f5-9348-5f1e994c12f1,Work completed and verified.,2025-12-12 07:33:00+00
9d1cb6f4-895e-42ba-ab11-92e62b637853,53fba5a9-5ab1-4212-ae96-e703beb15f6e,resolved,closed,35b9a8e8-5284-40f5-9348-5f1e994c12f1,Ticket closed.,2025-12-18 12:39:00+00
d28c73f2-3a7c-40b1-a282-19899e117ee5,370042a6-0a85-4b3c-9f25-b0a150f8ba61,,open,43420c9a-b3f9-494e-ab87-55ba4cca6846,Ticket raised from the fleet condition report.,2024-09-15 14:14:00+00
a52121d7-e490-4d3e-a1b2-8a710b7281c1,370042a6-0a85-4b3c-9f25-b0a150f8ba61,open,in_progress,016d73cf-e272-4f8f-a5e9-41a860fec088,Assigned and work started.,2024-09-16 07:50:00+00
43172772-78eb-4f5b-a3b9-500a4a04996a,370042a6-0a85-4b3c-9f25-b0a150f8ba61,in_progress,resolved,016d73cf-e272-4f8f-a5e9-41a860fec088,Work completed and verified.,2024-09-24 09:15:00+00
8070c48f-77b7-4209-92a3-e4bce763e03f,d8772f10-da69-4d09-9919-c301a589dd4d,,open,eba9aacb-62c6-4777-bee9-ea984880462e,Ticket raised from the fleet condition report.,2026-03-19 17:56:00+00
6c6ed6e7-91ce-485d-aa42-e4f3c4477adb,d8772f10-da69-4d09-9919-c301a589dd4d,open,in_progress,70506215-8794-4b65-b206-0e75646dfe9a,Assigned and work started.,2026-03-20 14:47:00+00
18239b24-9335-493e-8912-961b5036a17a,d8772f10-da69-4d09-9919-c301a589dd4d,in_progress,resolved,70506215-8794-4b65-b206-0e75646dfe9a,Work completed and verified.,2026-03-30 12:58:00+00
60260f61-a3e3-4927-b8e7-d13f4a39bcc3,d8772f10-da69-4d09-9919-c301a589dd4d,resolved,closed,70506215-8794-4b65-b206-0e75646dfe9a,Ticket closed.,2026-04-03 17:21:00+00
ee4ede7e-9faf-4603-8449-c4464604bc1a,10ab5a35-54c4-485c-98ae-1236c6ccb407,,open,ef6299ea-dce6-47c7-9ad0-1881136969f0,Ticket raised from the fleet condition report.,2026-03-23 10:50:00+00
8cf91e13-c470-4ab9-a02a-300d70b3233e,10ab5a35-54c4-485c-98ae-1236c6ccb407,open,in_progress,33de58c2-5dc4-4385-bc4c-9ad66a6fe320,Assigned and work started.,2026-03-24 06:30:00+00
a2197f60-dd2c-41c7-89fd-6fad373eb10b,10ab5a35-54c4-485c-98ae-1236c6ccb407,in_progress,resolved,33de58c2-5dc4-4385-bc4c-9ad66a6fe320,Work completed and verified.,2026-03-30 07:36:00+00
f6f3e677-a630-4be9-940e-6aefeffc8f9c,10ab5a35-54c4-485c-98ae-1236c6ccb407,resolved,closed,33de58c2-5dc4-4385-bc4c-9ad66a6fe320,Ticket closed.,2026-04-08 16:51:00+00
5ac7dd26-ee52-44b7-b027-779f881ef353,6853309c-7b11-4a39-b56d-df70327a4c4d,,open,b390c01c-3083-473a-aeed-8099d7b0434f,Ticket raised from the fleet condition report.,2026-08-06 08:40:00+00
7b68acc0-924c-493a-8e5b-9ae912b8ef28,6853309c-7b11-4a39-b56d-df70327a4c4d,open,in_progress,e3558ee6-f358-4467-ac51-00c0aa187644,Assigned and work started.,2026-08-07 06:37:00+00
a7505efe-eaea-48ef-aa7b-4c67c6ad79be,a1b26bea-9026-4be3-b4a7-952cb0488c57,,open,599aecc1-1e2a-493a-ad32-93f00dd96fc6,Ticket raised from the fleet condition report.,2025-03-22 13:40:00+00
6ac68e39-d03c-4107-9969-f0492eae7793,a1b26bea-9026-4be3-b4a7-952cb0488c57,open,in_progress,ee5357e0-7ef0-49d6-aba4-c3a983e97bbd,Assigned and work started.,2025-03-23 16:03:00+00
c65094b3-41ea-47a4-841a-42e8714a5a7a,a1b26bea-9026-4be3-b4a7-952cb0488c57,in_progress,resolved,ee5357e0-7ef0-49d6-aba4-c3a983e97bbd,Work completed and verified.,2025-04-02 17:19:00+00
8e5a874e-970d-4761-a69f-124e6df5a64b,a1b26bea-9026-4be3-b4a7-952cb0488c57,resolved,closed,ee5357e0-7ef0-49d6-aba4-c3a983e97bbd,Ticket closed.,2025-04-03 17:25:00+00
0d87678c-0fe6-413c-90be-dc5fdb9df7a3,e9721210-8f7b-46eb-8299-d8a44b98948a,,open,6b568122-8e5f-4230-93a9-c0335707eec2,Ticket raised from the fleet condition report.,2024-10-20 07:57:00+00
93ed1db9-d126-4587-85cb-7afa9bf33a83,e9721210-8f7b-46eb-8299-d8a44b98948a,open,in_progress,3116c9d0-e74c-4cf3-84ee-8fbb2165d83f,Assigned and work started.,2024-10-21 10:49:00+00
68612011-fe2b-4634-88b2-fd2daf52eeb8,e9721210-8f7b-46eb-8299-d8a44b98948a,in_progress,resolved,3116c9d0-e74c-4cf3-84ee-8fbb2165d83f,Work completed and verified.,2024-10-24 13:04:00+00
54c10386-d2ad-4c5f-b4bb-39f5a300fa1a,e9721210-8f7b-46eb-8299-d8a44b98948a,resolved,closed,3116c9d0-e74c-4cf3-84ee-8fbb2165d83f,Ticket closed.,2024-10-27 16:45:00+00
4230fc1c-c0cd-4526-9e3c-59d153f775a6,c511d90d-6a0c-4a13-be3e-17db1caa13bc,,open,ff858c38-4db7-4dcd-a154-6531520ed5b9,Ticket raised from the fleet condition report.,2026-07-21 10:54:00+00
cd4b0dd3-cdc7-4dae-aee7-55838f867868,ab769938-afa3-4819-8dda-72e254b74e44,,open,a3267fe3-9c0f-4b60-95c4-971b2cac8906,Ticket raised from the fleet condition report.,2026-08-05 17:38:00+00
1b8ab5fb-59d2-48c6-8470-d6b44133a960,ab769938-afa3-4819-8dda-72e254b74e44,open,in_progress,5e18dd32-52bf-446f-b5b4-306dd776e223,Assigned and work started.,2026-08-06 15:54:00+00
05061db3-b911-4ef9-b83e-b250eadea2c1,ab769938-afa3-4819-8dda-72e254b74e44,in_progress,resolved,5e18dd32-52bf-446f-b5b4-306dd776e223,Work completed and verified.,2026-08-10 13:45:00+00
89a1c5f8-9f4e-436e-baed-a5e90680b0b8,f8e2d76a-2992-4b8a-9434-1896d738bbf7,,open,77ba0344-1a97-46df-8b96-16b02fbf7aae,Ticket raised from the fleet condition report.,2025-02-11 14:31:00+00
11d34a8c-f494-4ab2-9a65-ea736325948c,d9672c8e-69d5-4cc8-aeb3-124a933541ed,,open,58cdf850-1ff6-4163-8877-bc794da22294,Ticket raised from the fleet condition report.,2024-09-22 16:28:00+00
598fa3e3-0cb9-44aa-a6eb-49b195ac43dc,d9672c8e-69d5-4cc8-aeb3-124a933541ed,open,in_progress,5184a5dd-4934-4cec-874b-92628013fb71,Assigned and work started.,2024-09-23 17:46:00+00
11daa988-ed67-4cd6-9e89-f03bf2d9152b,d9672c8e-69d5-4cc8-aeb3-124a933541ed,in_progress,resolved,5184a5dd-4934-4cec-874b-92628013fb71,Work completed and verified.,2024-09-28 08:47:00+00
e30a193c-55e8-406f-8e82-a69fea56b5ce,3834da28-3ebc-4099-8190-3e9a75ff3641,,open,318da964-ffdd-4a77-aa9a-ede745666cdc,Ticket raised from the fleet condition report.,2024-10-29 15:05:00+00
040c81c0-5660-42ee-b88b-d309ae169d8f,3834da28-3ebc-4099-8190-3e9a75ff3641,open,in_progress,b5cc5903-a692-4230-b666-8fded6cecc3e,Assigned and work started.,2024-10-30 14:21:00+00
4a22e9ac-e9cd-4173-908d-003206cfe90d,3834da28-3ebc-4099-8190-3e9a75ff3641,in_progress,resolved,b5cc5903-a692-4230-b666-8fded6cecc3e,Work completed and verified.,2024-11-07 16:02:00+00
1476503c-69c6-4cba-9028-6d8ae301a69f,d6519bc3-978d-44be-8176-539c769a95ea,,open,5576d8c3-4a33-48c3-b6d8-f684bc07fa9b,Ticket raised from the fleet condition report.,2024-10-23 13:09:00+00
d649c709-865e-49ca-9a2c-49ab4fdf5e34,d6519bc3-978d-44be-8176-539c769a95ea,open,in_progress,667f1ef6-99d9-4cff-b551-bc452b65fc89,Assigned and work started.,2024-10-24 07:16:00+00
df5f02f3-3422-468a-8aaf-feb13cf0e32e,d6519bc3-978d-44be-8176-539c769a95ea,in_progress,resolved,667f1ef6-99d9-4cff-b551-bc452b65fc89,Work completed and verified.,2024-11-09 16:03:00+00
7d6cca27-a549-4291-becf-b0adc50127f5,0c967de5-9acc-48bd-b08c-6e917d3ff041,,open,e0089955-7fd3-47d8-a384-4d9a69ca3920,Ticket raised from the fleet condition report.,2024-09-23 15:42:00+00
2a0e0468-0ae8-4ac5-aa23-55e63f0435a6,0c967de5-9acc-48bd-b08c-6e917d3ff041,open,in_progress,fb16df24-42b0-44f6-8de3-8f95cdd7dc1f,Assigned and work started.,2024-09-24 15:52:00+00
69d4aecb-c195-4fe1-a084-1ee2350074c4,0c967de5-9acc-48bd-b08c-6e917d3ff041,in_progress,resolved,fb16df24-42b0-44f6-8de3-8f95cdd7dc1f,Work completed and verified.,2024-10-14 07:17:00+00
e1c0b3c4-7f94-4ede-ab46-4271ef6ecf02,1f13e4ac-9c38-423f-b2ba-65129413b189,,open,12f09dc9-bc8a-4749-96a7-54c0a1488f53,Ticket raised from the fleet condition report.,2025-10-27 13:15:00+00
032a2fe8-7a5f-42c9-ad4c-2dd2ed2651b6,1f13e4ac-9c38-423f-b2ba-65129413b189,open,in_progress,b33c4ff9-69b5-4437-9699-63c066d6c353,Assigned and work started.,2025-10-28 10:58:00+00
71e5087f-467a-4cfd-9c2e-4a290d509a33,1f13e4ac-9c38-423f-b2ba-65129413b189,in_progress,resolved,b33c4ff9-69b5-4437-9699-63c066d6c353,Work completed and verified.,2025-11-09 09:19:00+00
d7d7ae17-661b-4daf-b994-b4f99243ee57,0836bfb4-dffe-4112-a5e1-ae78a5696f19,,open,cea796b2-64d1-4259-b1e7-4b06b3468fcd,Ticket raised from the fleet condition report.,2025-12-18 17:15:00+00
09c03105-b89a-45ab-995d-f366c8fdf1af,0836bfb4-dffe-4112-a5e1-ae78a5696f19,open,in_progress,7172df17-f1b4-41d1-a5ee-2bf445703d25,Assigned and work started.,2025-12-19 06:10:00+00
886bcdba-e9e9-4b4d-9e2d-b8739eecf993,0836bfb4-dffe-4112-a5e1-ae78a5696f19,in_progress,resolved,7172df17-f1b4-41d1-a5ee-2bf445703d25,Work completed and verified.,2025-12-22 07:54:00+00
6faf56c5-28ab-4248-81c2-5f516ddaf6cc,0836bfb4-dffe-4112-a5e1-ae78a5696f19,resolved,closed,7172df17-f1b4-41d1-a5ee-2bf445703d25,Ticket closed.,2025-12-24 06:48:00+00
497d3aea-7501-4d75-87e1-8351acc56bc8,619b9e13-8f60-4f5d-bafe-e1eaa3cdd951,,open,34d98104-2994-461c-a189-b9a2067b9e96,Ticket raised from the fleet condition report.,2026-05-28 15:45:00+00
72a398ac-4d13-443e-a297-acdd21302530,619b9e13-8f60-4f5d-bafe-e1eaa3cdd951,open,in_progress,0bcca5d2-620c-4e90-ae82-fb6ffc7af33d,Assigned and work started.,2026-05-29 10:54:00+00
d71e29c9-f066-4841-b335-b6afadca3c1c,619b9e13-8f60-4f5d-bafe-e1eaa3cdd951,in_progress,resolved,0bcca5d2-620c-4e90-ae82-fb6ffc7af33d,Work completed and verified.,2026-05-29 07:02:00+00
d552a5d0-570e-4808-9838-a55b1d0fbac1,7a9c055f-e376-4a45-8aed-773a65020b26,,open,6b542d62-88e1-44e6-8acf-9d19f3fd2a60,Ticket raised from the fleet condition report.,2025-12-14 11:47:00+00
448fc06f-ac1d-41a5-87b0-744c4314d4b2,7a9c055f-e376-4a45-8aed-773a65020b26,open,in_progress,785a349f-b3ca-4199-beb9-4e50013f54c8,Assigned and work started.,2025-12-15 11:37:00+00
706fbf80-e2c2-4675-a099-9118ee6300b6,7a9c055f-e376-4a45-8aed-773a65020b26,in_progress,resolved,785a349f-b3ca-4199-beb9-4e50013f54c8,Work completed and verified.,2025-12-18 16:32:00+00
a1e97d1f-9bac-4e97-b42a-4b6d3b3466fb,7a9c055f-e376-4a45-8aed-773a65020b26,resolved,closed,785a349f-b3ca-4199-beb9-4e50013f54c8,Ticket closed.,2025-12-26 12:40:00+00
ba36e881-aef4-4b80-9fd9-b237f5d85d12,2e43415e-d1fc-49bd-bc45-a7df2b15eedf,,open,cc8b2b85-0438-4fcb-a7da-7fd0ad418427,Ticket raised from the fleet condition report.,2025-04-30 11:00:00+00
4d09b9ac-0fcc-48d3-9537-61a77eb174cd,2e43415e-d1fc-49bd-bc45-a7df2b15eedf,open,in_progress,a363109b-c8ce-4177-9d91-030ac0b8df3a,Assigned and work started.,2025-05-01 16:19:00+00
ecf82069-3088-4900-98c6-4abceb0d53d0,2e43415e-d1fc-49bd-bc45-a7df2b15eedf,in_progress,resolved,a363109b-c8ce-4177-9d91-030ac0b8df3a,Work completed and verified.,2025-05-17 08:56:00+00
b7415f42-0df0-42d4-9c61-73bd6941214a,799f66cf-dc29-4ffa-a63f-a1102f3dbc60,,open,8f16f0cc-0478-4195-8ddb-43b8f8e96be6,Ticket raised from the fleet condition report.,2025-04-11 11:08:00+00
f5652071-2b33-46ca-8fdc-37a2afe5cdc7,799f66cf-dc29-4ffa-a63f-a1102f3dbc60,open,in_progress,96fb9f33-3e52-4958-8405-6ccf26fcacdc,Assigned and work started.,2025-04-12 13:46:00+00
0393d407-e2bd-4acf-a81e-ba883a5ac6ed,799f66cf-dc29-4ffa-a63f-a1102f3dbc60,in_progress,resolved,96fb9f33-3e52-4958-8405-6ccf26fcacdc,Work completed and verified.,2025-04-14 14:35:00+00
a257413c-dcfa-4ece-9fe0-575fa302c255,d4192da2-c090-40aa-8126-7164caf05628,,open,c752deae-2089-4698-95c9-22b8797ac2c9,Ticket raised from the fleet condition report.,2025-11-18 09:58:00+00
1385edad-668c-425e-abdf-34c814f4d2d0,d4192da2-c090-40aa-8126-7164caf05628,open,in_progress,4212a9e1-e03c-4ea2-9d8c-c180b703b99a,Assigned and work started.,2025-11-19 16:54:00+00
6ac8f29f-ddf0-4ea8-b2eb-77599b412884,d4192da2-c090-40aa-8126-7164caf05628,in_progress,resolved,4212a9e1-e03c-4ea2-9d8c-c180b703b99a,Work completed and verified.,2025-11-30 10:05:00+00
3481b527-6e21-431b-93c9-bbb9b762b439,d4192da2-c090-40aa-8126-7164caf05628,resolved,closed,4212a9e1-e03c-4ea2-9d8c-c180b703b99a,Ticket closed.,2025-12-07 12:32:00+00
c2b5cf8b-b8d5-4b5f-bfd0-ca4e3fdb5809,c4cc34c8-3b28-49d4-bc80-efac9fc59c51,,open,0ec99173-42e2-41ac-a036-815854061722,Ticket raised from the fleet condition report.,2024-11-14 11:04:00+00
8da92bc5-0c9a-4442-a18f-5627535f8ea5,c4cc34c8-3b28-49d4-bc80-efac9fc59c51,open,in_progress,f9a5607b-7040-4ba8-95c0-6de3c5367dea,Assigned and work started.,2024-11-15 13:14:00+00
f7fd8e6c-3d5a-497f-9bbe-2fbcd937daa5,c4cc34c8-3b28-49d4-bc80-efac9fc59c51,in_progress,resolved,f9a5607b-7040-4ba8-95c0-6de3c5367dea,Work completed and verified.,2024-12-04 11:17:00+00
71951af9-0208-4394-bd95-6576063048eb,c4cc34c8-3b28-49d4-bc80-efac9fc59c51,resolved,closed,f9a5607b-7040-4ba8-95c0-6de3c5367dea,Ticket closed.,2024-12-06 07:02:00+00
9aabec0b-0251-4ef1-851d-8a091363eafd,e48e4c4b-47bf-49bb-b981-368d6b52d561,,open,071c8cbe-8125-4dde-ae07-2ac65beea113,Ticket raised from the fleet condition report.,2025-10-12 16:59:00+00
f2ece260-bd57-4409-a40f-9eb57f4bce8d,e48e4c4b-47bf-49bb-b981-368d6b52d561,open,in_progress,971707cb-32c1-434f-b61f-f1fd2abeb991,Assigned and work started.,2025-10-13 10:23:00+00
12bfdb2a-5620-4960-8d21-837d6bf9362a,e48e4c4b-47bf-49bb-b981-368d6b52d561,in_progress,resolved,971707cb-32c1-434f-b61f-f1fd2abeb991,Work completed and verified.,2025-10-23 10:04:00+00
5b15b38b-f506-4575-a553-82497b141a3e,e48e4c4b-47bf-49bb-b981-368d6b52d561,resolved,closed,971707cb-32c1-434f-b61f-f1fd2abeb991,Ticket closed.,2025-10-24 05:26:00+00
2d755ccc-986a-4796-972a-8846dbc8e6f7,dbd82bd7-13d4-4a84-9714-fde2e3ef88d4,,open,6afbbe79-b3b4-4bce-969a-13c3c0c87b06,Ticket raised from the fleet condition report.,2025-12-20 13:02:00+00
476340aa-7c1a-4a5c-83d3-fc952f32cafc,dbd82bd7-13d4-4a84-9714-fde2e3ef88d4,open,in_progress,0816a11f-c50f-456a-8311-8bf2e4aeff0e,Assigned and work started.,2025-12-21 13:32:00+00
1d691a5c-99ee-40f6-a438-ccda00412323,dbd82bd7-13d4-4a84-9714-fde2e3ef88d4,in_progress,resolved,0816a11f-c50f-456a-8311-8bf2e4aeff0e,Work completed and verified.,2025-12-21 14:43:00+00
365cc1e4-17c0-48d7-a467-f482e986c1cb,dbd82bd7-13d4-4a84-9714-fde2e3ef88d4,resolved,closed,0816a11f-c50f-456a-8311-8bf2e4aeff0e,Ticket closed.,2025-12-30 12:13:00+00
f03c4aee-3914-4109-941b-f868b3c074de,d913a5aa-9aab-4218-abc8-433952dda850,,open,5fe1beeb-66c7-478f-99ab-265a7b8c5103,Ticket raised from the fleet condition report.,2024-09-12 08:42:00+00
31edd464-df26-4b1d-84de-fbd80c7452af,5af7327e-85f3-4716-8b80-0b56341cb261,,open,37312388-fdb3-4d96-a270-ec86cf28080e,Ticket raised from the fleet condition report.,2024-10-28 07:43:00+00
d44fc7f1-94a9-4494-9b09-aa6b099f8ca2,5af7327e-85f3-4716-8b80-0b56341cb261,open,in_progress,65403423-49cb-46e5-8f5f-eb8802feb133,Assigned and work started.,2024-10-29 15:47:00+00
a4e49231-6734-485a-bd1b-aea45cdb9920,5af7327e-85f3-4716-8b80-0b56341cb261,in_progress,resolved,65403423-49cb-46e5-8f5f-eb8802feb133,Work completed and verified.,2024-11-12 11:39:00+00
fc5c2501-7c01-427c-aeae-0bc9e05782fb,5af7327e-85f3-4716-8b80-0b56341cb261,resolved,closed,65403423-49cb-46e5-8f5f-eb8802feb133,Ticket closed.,2024-11-17 17:37:00+00
c6806b82-3216-40d9-bb5b-1fa541b9df96,1dcc0820-41ba-42fa-87c2-3fefa603135a,,open,8a0dc0c8-8bed-4024-a051-dbed41ba8410,Ticket raised from the fleet condition report.,2025-01-26 17:18:00+00
2145be1c-be8d-4379-a88b-59a6feaeea61,1dcc0820-41ba-42fa-87c2-3fefa603135a,open,in_progress,6307ed65-c77c-40e7-9e0f-0b67135eb7b1,Assigned and work started.,2025-01-27 05:36:00+00
18bffafd-595f-493a-bb63-c0020991b740,1dcc0820-41ba-42fa-87c2-3fefa603135a,in_progress,resolved,6307ed65-c77c-40e7-9e0f-0b67135eb7b1,Work completed and verified.,2025-02-13 16:47:00+00
43bdd05a-4e4f-4aa5-b919-9519f749a10a,1dcc0820-41ba-42fa-87c2-3fefa603135a,resolved,closed,6307ed65-c77c-40e7-9e0f-0b67135eb7b1,Ticket closed.,2025-02-21 11:32:00+00
5ee303bc-29bf-44b8-93f5-2a1360692953,4cef3c20-62f9-497a-942a-7450c3d21d3b,,open,2751f9ca-5a8f-480f-b7f6-8d7c60846a2a,Ticket raised from the fleet condition report.,2024-11-19 17:03:00+00
40a7deb5-6ce2-4dd0-b5d0-38931b93ec9a,4cef3c20-62f9-497a-942a-7450c3d21d3b,open,in_progress,f9a5607b-7040-4ba8-95c0-6de3c5367dea,Assigned and work started.,2024-11-20 12:30:00+00
4c254d06-b158-4300-8dbb-219d71199694,4cef3c20-62f9-497a-942a-7450c3d21d3b,in_progress,resolved,f9a5607b-7040-4ba8-95c0-6de3c5367dea,Work completed and verified.,2024-11-30 17:44:00+00
87e621ce-3414-4d8e-8742-c27075b68819,dea66b66-1082-454d-893e-76cdc90a1175,,open,c195e972-c33b-45b7-939a-71c02d221534,Ticket raised from the fleet condition report.,2026-06-24 07:07:00+00
cd375a69-cc53-426e-820d-01d2a19286d5,dea66b66-1082-454d-893e-76cdc90a1175,open,in_progress,e4333d48-503a-4694-b7d9-97ac9dee27e0,Assigned and work started.,2026-06-25 09:45:00+00
660f0624-10d7-4fcd-be50-ea0d1cc747a8,dea66b66-1082-454d-893e-76cdc90a1175,in_progress,resolved,e4333d48-503a-4694-b7d9-97ac9dee27e0,Work completed and verified.,2026-07-15 05:49:00+00
180829be-4503-4710-9815-6aa142f9930f,dea66b66-1082-454d-893e-76cdc90a1175,resolved,closed,e4333d48-503a-4694-b7d9-97ac9dee27e0,Ticket closed.,2026-07-17 08:49:00+00
f21c774f-fee8-437d-b3ec-84f081eaee1d,58e18247-27a7-44de-9d0d-99b5824c5f11,,open,c0bdfba4-2737-4375-a054-7e05fcb90314,Ticket raised from the fleet condition report.,2025-12-14 10:32:00+00
fd907943-a298-4c70-b520-d8445358f83a,58e18247-27a7-44de-9d0d-99b5824c5f11,open,in_progress,5e18dd32-52bf-446f-b5b4-306dd776e223,Assigned and work started.,2025-12-15 15:34:00+00
cb76e2b0-fabb-4ca1-bb64-6acab11e7d4d,58e18247-27a7-44de-9d0d-99b5824c5f11,in_progress,resolved,5e18dd32-52bf-446f-b5b4-306dd776e223,Work completed and verified.,2025-12-17 09:44:00+00
6eb10c88-2af1-49db-be1e-3fd18429c582,58e18247-27a7-44de-9d0d-99b5824c5f11,resolved,closed,5e18dd32-52bf-446f-b5b4-306dd776e223,Ticket closed.,2025-12-23 05:30:00+00
4e7fada1-0b35-4190-b3dc-54c9f170a578,ebd3855c-8bfd-4bb9-b0b5-515a43081af7,,open,9b3bff38-da7d-4ad0-8bf0-efdd03c2c0f8,Ticket raised from the fleet condition report.,2025-04-25 12:14:00+00
7e67a9f8-af18-4dd1-84b0-fb73b5d7ac3b,ebd3855c-8bfd-4bb9-b0b5-515a43081af7,open,in_progress,35b9a8e8-5284-40f5-9348-5f1e994c12f1,Assigned and work started.,2025-04-26 06:52:00+00
40afde8f-02dc-4465-9d83-cc419dab607e,ebd3855c-8bfd-4bb9-b0b5-515a43081af7,in_progress,resolved,35b9a8e8-5284-40f5-9348-5f1e994c12f1,Work completed and verified.,2025-05-09 10:24:00+00
5a2adc1e-49bb-4bc5-bee1-d685f97d7171,85bcdcd8-2122-4569-9197-169a83af0703,,open,ded95339-a354-4096-aff7-5819a01aff0a,Ticket raised from the fleet condition report.,2025-04-23 16:31:00+00
0fe7c8fc-266b-4a2c-952c-2eca923771e6,85bcdcd8-2122-4569-9197-169a83af0703,open,in_progress,b7d6f932-49f4-46ba-85fa-9c50ab72be6f,Assigned and work started.,2025-04-24 13:24:00+00
6595f3a4-c1bf-42ce-a40b-5c39341a5fa9,85bcdcd8-2122-4569-9197-169a83af0703,in_progress,resolved,b7d6f932-49f4-46ba-85fa-9c50ab72be6f,Work completed and verified.,2025-05-13 05:14:00+00
86507348-00f3-4807-a517-bceffd337c36,85bcdcd8-2122-4569-9197-169a83af0703,resolved,closed,b7d6f932-49f4-46ba-85fa-9c50ab72be6f,Ticket closed.,2025-05-16 09:50:00+00
eea5f066-e5d1-43b0-84e5-13fc9e384422,c4b157a4-b35a-48a3-95d0-7845ef35e6ee,,open,dd8df242-b4d3-44f9-bebc-1f1f719d4adf,Ticket raised from the fleet condition report.,2025-12-11 05:18:00+00
e7f20049-b8ef-4069-b859-b0ecba82ed96,c4b157a4-b35a-48a3-95d0-7845ef35e6ee,open,in_progress,799f9455-62db-4da1-8b99-9f32da209d65,Assigned and work started.,2025-12-12 14:04:00+00
b3f3a9be-ec03-4428-bfa4-4349bb365f20,c4b157a4-b35a-48a3-95d0-7845ef35e6ee,in_progress,resolved,799f9455-62db-4da1-8b99-9f32da209d65,Work completed and verified.,2025-12-18 11:14:00+00
598fa015-6eb7-4bbb-b195-777ecca00b4f,c4b157a4-b35a-48a3-95d0-7845ef35e6ee,resolved,closed,799f9455-62db-4da1-8b99-9f32da209d65,Ticket closed.,2025-12-21 05:28:00+00
10b46814-631d-4c08-9de2-00e3ee26c589,48970984-2a20-41ca-820c-4a44e6ee673c,,open,39b554e5-791e-4c3a-93cf-64b197bc83d1,Ticket raised from the fleet condition report.,2026-03-23 13:44:00+00
664a923b-9859-423e-a06b-4a37f9cec37e,48970984-2a20-41ca-820c-4a44e6ee673c,open,in_progress,46b65206-6f2c-4777-b6a0-ed9d0d81dc19,Assigned and work started.,2026-03-24 17:54:00+00
08fca7cc-8d73-455c-b587-bfa52653d052,48970984-2a20-41ca-820c-4a44e6ee673c,in_progress,resolved,46b65206-6f2c-4777-b6a0-ed9d0d81dc19,Work completed and verified.,2026-04-06 11:20:00+00
2b1474b6-0501-4131-853a-0c768a5a6a04,48970984-2a20-41ca-820c-4a44e6ee673c,resolved,closed,46b65206-6f2c-4777-b6a0-ed9d0d81dc19,Ticket closed.,2026-04-15 13:40:00+00
d0546972-23db-4466-8e9c-877073b0e512,afa3eae8-bec5-42dd-8275-9094c1af0001,,open,ac12a941-4c38-43f8-ac1f-6c1672cf260e,Ticket raised from the fleet condition report.,2025-09-26 06:13:00+00
713ba9f5-2639-4fd8-86af-40b24b964c5a,afa3eae8-bec5-42dd-8275-9094c1af0001,open,in_progress,ece2a321-bc6d-4cdf-9d3a-f642ed83ae68,Assigned and work started.,2025-09-27 08:53:00+00
34ce2972-70bd-4522-81cf-427fab79afa7,afa3eae8-bec5-42dd-8275-9094c1af0001,in_progress,resolved,ece2a321-bc6d-4cdf-9d3a-f642ed83ae68,Work completed and verified.,2025-10-07 10:45:00+00
300c18db-4baf-4224-869b-57e2da7c91a0,afa3eae8-bec5-42dd-8275-9094c1af0001,resolved,closed,ece2a321-bc6d-4cdf-9d3a-f642ed83ae68,Ticket closed.,2025-10-12 09:10:00+00
6fd6cbe0-3fd1-495d-bf67-5a6a3d627d5f,38a11b9e-b370-4d87-9c47-a98c37082d79,,open,42754b10-735f-41e7-bdf0-c4ec00356988,Ticket raised from the fleet condition report.,2024-12-12 14:00:00+00
e9438e80-85e6-434c-8930-6fde2b54b658,38a11b9e-b370-4d87-9c47-a98c37082d79,open,in_progress,1246b49b-4c2a-428c-9e26-abdd7df1b7e0,Assigned and work started.,2024-12-13 17:12:00+00
6e4eb3c7-def5-4efd-84ae-d16ae4a98b01,38a11b9e-b370-4d87-9c47-a98c37082d79,in_progress,resolved,1246b49b-4c2a-428c-9e26-abdd7df1b7e0,Work completed and verified.,2024-12-24 09:11:00+00
40fd9a80-464a-4cb0-b0ca-f3c35b592bb3,38a11b9e-b370-4d87-9c47-a98c37082d79,resolved,closed,1246b49b-4c2a-428c-9e26-abdd7df1b7e0,Ticket closed.,2025-01-01 17:35:00+00
98dab532-7cd2-4eab-a0f3-ebb080da206e,80ee08cd-4b3c-40e3-ab82-8ba9d1b6bda3,,open,6460d438-9ae3-4a00-97a6-bde550b8ea43,Ticket raised from the fleet condition report.,2026-04-24 17:30:00+00
e8c0ee61-5cef-4949-8c41-75677b7e44c3,0357576d-741d-4b40-8237-7cf2ddc1c33c,,open,5ad1e726-cd90-4d90-9217-c5fd5278615c,Ticket raised from the fleet condition report.,2025-03-19 09:57:00+00
167c4f98-337a-415e-a6a0-cee2a7d585a7,0357576d-741d-4b40-8237-7cf2ddc1c33c,open,in_progress,ea52bfbe-19f5-4dff-86bf-a319e0bec453,Assigned and work started.,2025-03-20 14:28:00+00
ea94dbb3-2533-4683-95f5-121b9ec66d83,0357576d-741d-4b40-8237-7cf2ddc1c33c,in_progress,resolved,ea52bfbe-19f5-4dff-86bf-a319e0bec453,Work completed and verified.,2025-03-25 06:32:00+00
e51d03c2-ca3f-4a8b-9c37-b994d00de239,590d2c34-a7da-4c38-a4a8-2486edc1aefe,,open,f5e91b7d-09e8-45a0-921d-cfc6fd0e2916,Ticket raised from the fleet condition report.,2024-11-12 12:18:00+00
9b5605b6-1d63-40d9-9853-fe05060ff20d,590d2c34-a7da-4c38-a4a8-2486edc1aefe,open,in_progress,79bbaaa4-918b-47e0-ba89-d5f2b5a4d4ba,Assigned and work started.,2024-11-13 08:40:00+00
cc3748af-ca61-4a8e-b945-e4e76b853eb8,590d2c34-a7da-4c38-a4a8-2486edc1aefe,in_progress,resolved,79bbaaa4-918b-47e0-ba89-d5f2b5a4d4ba,Work completed and verified.,2024-12-02 05:47:00+00
76aaa95d-852f-4088-a9aa-1e6f4c0acbaa,590d2c34-a7da-4c38-a4a8-2486edc1aefe,resolved,closed,79bbaaa4-918b-47e0-ba89-d5f2b5a4d4ba,Ticket closed.,2024-12-10 10:46:00+00
4f172e39-e478-4b9a-9e3c-e3a20b02826d,d3551e49-5f42-451e-ade5-f2e6ab789532,,open,a1fd5c15-f4c2-416a-b42d-dc0980be48b4,Ticket raised from the fleet condition report.,2025-06-11 16:14:00+00
533aecd6-8840-4ae0-bd49-7d0d85e800bb,d3551e49-5f42-451e-ade5-f2e6ab789532,open,in_progress,46b65206-6f2c-4777-b6a0-ed9d0d81dc19,Assigned and work started.,2025-06-12 11:17:00+00
e3c4acb0-61e8-4c5e-b715-ceabe112ee46,d3551e49-5f42-451e-ade5-f2e6ab789532,in_progress,resolved,46b65206-6f2c-4777-b6a0-ed9d0d81dc19,Work completed and verified.,2025-06-23 10:26:00+00
7f31a3b5-c265-461f-bcc2-001791a5ef1b,d3551e49-5f42-451e-ade5-f2e6ab789532,resolved,closed,46b65206-6f2c-4777-b6a0-ed9d0d81dc19,Ticket closed.,2025-06-29 12:19:00+00
ac80363f-1c10-4f48-8760-f0a1ac028a1f,6ea1925e-f496-463d-8d9f-52c781e76d93,,open,9eb29422-f448-4bb6-ab3d-c580defcd756,Ticket raised from the fleet condition report.,2025-01-15 11:26:00+00
f71d44f6-1021-456b-a3a6-433a84fe1d85,6ea1925e-f496-463d-8d9f-52c781e76d93,open,in_progress,ff7c83e7-5c79-453d-ba13-4194d70d1e17,Assigned and work started.,2025-01-16 14:03:00+00
c743d220-0eb1-4552-9830-bdad7e1fae8a,6ea1925e-f496-463d-8d9f-52c781e76d93,in_progress,resolved,ff7c83e7-5c79-453d-ba13-4194d70d1e17,Work completed and verified.,2025-01-19 05:05:00+00
d825c387-9986-4d40-b883-2bad6d31fa37,6ea1925e-f496-463d-8d9f-52c781e76d93,resolved,closed,ff7c83e7-5c79-453d-ba13-4194d70d1e17,Ticket closed.,2025-01-25 16:54:00+00
80e853d9-b146-4263-a434-6e348de2ad52,3135296c-41b7-4545-b55b-a71508cd1077,,open,b5e62dd4-b490-4de7-a2c0-acdaa17d0c07,Ticket raised from the fleet condition report.,2025-05-25 12:54:00+00
3850b47d-41b2-4eec-b622-d61fd880e8f9,3135296c-41b7-4545-b55b-a71508cd1077,open,in_progress,94c16a8c-074b-4b37-ab95-493170740735,Assigned and work started.,2025-05-26 05:44:00+00
bd425d49-449f-4fc1-a3ea-61ad573d6d01,3135296c-41b7-4545-b55b-a71508cd1077,in_progress,resolved,94c16a8c-074b-4b37-ab95-493170740735,Work completed and verified.,2025-06-02 14:47:00+00
c895ed37-faa4-4884-8813-fafde77eda33,3135296c-41b7-4545-b55b-a71508cd1077,resolved,closed,94c16a8c-074b-4b37-ab95-493170740735,Ticket closed.,2025-06-05 09:54:00+00
903e18b6-8eda-4dd6-9d3f-569f46ec9035,af8f1c08-0bb0-44ce-ae7c-0c6d76442e35,,open,83ec1f03-5a3e-4e22-bc6f-57947070ce66,Ticket raised from the fleet condition report.,2024-12-26 11:05:00+00
756250c2-756a-4f0a-9372-1e1d46f28363,af8f1c08-0bb0-44ce-ae7c-0c6d76442e35,open,in_progress,4212a9e1-e03c-4ea2-9d8c-c180b703b99a,Assigned and work started.,2024-12-27 09:53:00+00
2f956dc7-3f77-4523-87fa-5447ec684465,af8f1c08-0bb0-44ce-ae7c-0c6d76442e35,in_progress,resolved,4212a9e1-e03c-4ea2-9d8c-c180b703b99a,Work completed and verified.,2025-01-04 08:55:00+00
ce584863-7e6d-4652-a116-916332910447,af8f1c08-0bb0-44ce-ae7c-0c6d76442e35,resolved,closed,4212a9e1-e03c-4ea2-9d8c-c180b703b99a,Ticket closed.,2025-01-12 17:29:00+00
ca44b2ab-a327-4214-9aba-bfeab8988a84,e12e62d2-81bc-4895-852c-53dec1037aa4,,open,4249c88c-d0ac-433f-b414-903379d7b070,Ticket raised from the fleet condition report.,2025-11-13 15:53:00+00
7dcc938a-fb7f-4e8f-b4b0-89e8f12e3cba,e12e62d2-81bc-4895-852c-53dec1037aa4,open,in_progress,6b59f9f2-4c2d-40ea-8a3b-76bb6b7f5dd1,Assigned and work started.,2025-11-14 06:33:00+00
6e29a009-94e2-4748-a303-789c80b89b56,e12e62d2-81bc-4895-852c-53dec1037aa4,in_progress,resolved,6b59f9f2-4c2d-40ea-8a3b-76bb6b7f5dd1,Work completed and verified.,2025-11-18 11:30:00+00
9ce356b2-c81e-499a-808b-ab3d851862fc,e12e62d2-81bc-4895-852c-53dec1037aa4,resolved,closed,6b59f9f2-4c2d-40ea-8a3b-76bb6b7f5dd1,Ticket closed.,2025-11-24 13:29:00+00
b3b25690-151a-4da9-9c23-865995ddf985,3fa27e5e-3952-4840-bc08-a07fafe60567,,open,dedd34c4-030e-4a29-b3b3-20abc8e2ed74,Ticket raised from the fleet condition report.,2024-11-12 14:01:00+00
bb13a507-d456-4341-9330-57c3b9996ed3,3fa27e5e-3952-4840-bc08-a07fafe60567,open,in_progress,accf0286-4b23-46a3-851f-00be6bdd8e5f,Assigned and work started.,2024-11-13 15:13:00+00
509dc373-3811-49ad-b054-f46c601f6a66,3fa27e5e-3952-4840-bc08-a07fafe60567,in_progress,resolved,accf0286-4b23-46a3-851f-00be6bdd8e5f,Work completed and verified.,2024-11-24 12:44:00+00
6563b765-5982-4134-a1ef-e02befe8a2ce,3fa27e5e-3952-4840-bc08-a07fafe60567,resolved,closed,accf0286-4b23-46a3-851f-00be6bdd8e5f,Ticket closed.,2024-12-01 11:35:00+00
98b06373-2536-4125-b10e-765883b8edf4,c1dff9f7-aef9-48b6-960a-f8343d19a7d6,,open,47aa7347-bff7-4069-bc8d-99693751ee09,Ticket raised from the fleet condition report.,2025-07-29 12:13:00+00
8bebf14a-507a-4f90-a345-6ab85881bb92,c1dff9f7-aef9-48b6-960a-f8343d19a7d6,open,in_progress,c72f23f6-0751-4dfb-aa15-6737a84c61f4,Assigned and work started.,2025-07-30 10:09:00+00
1cc4aa3c-f76a-48cc-ba52-df9273291c39,c1dff9f7-aef9-48b6-960a-f8343d19a7d6,in_progress,resolved,c72f23f6-0751-4dfb-aa15-6737a84c61f4,Work completed and verified.,2025-08-01 13:17:00+00
b19f139c-bc93-42cd-9c7f-f50ea04c2307,c1dff9f7-aef9-48b6-960a-f8343d19a7d6,resolved,closed,c72f23f6-0751-4dfb-aa15-6737a84c61f4,Ticket closed.,2025-08-04 17:28:00+00
47494696-4eca-4b69-9225-b0d4ede6a497,7a214b21-ce81-4374-b556-9c965c898e66,,open,98849133-a5b7-4448-ab4c-e02cdbb7b9c8,Ticket raised from the fleet condition report.,2026-04-19 05:24:00+00
be89a2c9-9166-4a35-95a3-d0d356a0b2fb,7a214b21-ce81-4374-b556-9c965c898e66,open,in_progress,9a38f54e-0c39-48c6-9c31-f8bc268a9f2a,Assigned and work started.,2026-04-20 06:53:00+00
80399dc9-466b-4c11-be3c-e66bd25a80f1,e2c3d865-ce65-489d-8f34-930c181c911d,,open,aae4b5c2-8efb-42b7-88a7-a8fe7a86e7c7,Ticket raised from the fleet condition report.,2025-09-24 15:02:00+00
69baca2c-7d7c-4b21-b0e9-07c0a7d279b8,e2c3d865-ce65-489d-8f34-930c181c911d,open,in_progress,e3558ee6-f358-4467-ac51-00c0aa187644,Assigned and work started.,2025-09-25 13:00:00+00
864fe12e-12cc-4f03-bdc3-057eb5d93824,e2c3d865-ce65-489d-8f34-930c181c911d,in_progress,resolved,e3558ee6-f358-4467-ac51-00c0aa187644,Work completed and verified.,2025-10-11 13:01:00+00
b23e0353-4f39-43b8-b88c-53fff9fb59a2,e2c3d865-ce65-489d-8f34-930c181c911d,resolved,closed,e3558ee6-f358-4467-ac51-00c0aa187644,Ticket closed.,2025-10-18 14:50:00+00
f9426326-a406-47b8-871f-cdec188c1fc5,541d1401-9fa5-48fa-b510-e147b9b514ba,,open,4fa2752c-21e0-493e-9323-ee28c5c15ff0,Ticket raised from the fleet condition report.,2025-06-14 10:26:00+00
dc2f7b62-c811-4183-98cb-128e3d4d30ad,541d1401-9fa5-48fa-b510-e147b9b514ba,open,in_progress,a817e3da-c239-49df-b5b4-e605451fa66c,Assigned and work started.,2025-06-15 16:52:00+00
14c09773-a521-462e-b44a-635951d7daf4,541d1401-9fa5-48fa-b510-e147b9b514ba,in_progress,resolved,a817e3da-c239-49df-b5b4-e605451fa66c,Work completed and verified.,2025-06-16 07:50:00+00
d56ca2c5-51b2-459b-9433-f59496353c78,541d1401-9fa5-48fa-b510-e147b9b514ba,resolved,closed,a817e3da-c239-49df-b5b4-e605451fa66c,Ticket closed.,2025-06-18 12:24:00+00
99326650-9ff6-4785-9c15-aa7cfe518a2e,73e360d2-3e13-47ab-8c1f-4ef20c4a9e20,,open,bd95dfd1-5af7-41d2-85ef-bbb2b0f57a12,Ticket raised from the fleet condition report.,2024-12-13 08:52:00+00
8d24b7e2-affa-41c0-aef6-26d12b0cf42c,73e360d2-3e13-47ab-8c1f-4ef20c4a9e20,open,in_progress,2fb7dab3-e151-490f-9c20-9b329d4fba20,Assigned and work started.,2024-12-14 07:16:00+00
98d0fb2e-931b-4487-a09c-550f5873ef77,73e360d2-3e13-47ab-8c1f-4ef20c4a9e20,in_progress,resolved,2fb7dab3-e151-490f-9c20-9b329d4fba20,Work completed and verified.,2025-01-02 13:23:00+00
fdd19d4c-5cc6-4fd2-b024-d5fcb6106263,73e360d2-3e13-47ab-8c1f-4ef20c4a9e20,resolved,closed,2fb7dab3-e151-490f-9c20-9b329d4fba20,Ticket closed.,2025-01-10 07:44:00+00
0f33c12b-125b-4c42-9812-6771fba97697,7ff05a47-e660-4dd6-ba4e-0349f2ffc4e0,,open,42754b10-735f-41e7-bdf0-c4ec00356988,Ticket raised from the fleet condition report.,2026-05-29 15:17:00+00
4499caea-1a8c-462a-971e-ee8aeb457cee,7ff05a47-e660-4dd6-ba4e-0349f2ffc4e0,open,in_progress,2fc76645-2797-42a6-b6b9-d134b926381b,Assigned and work started.,2026-05-30 15:28:00+00
a72968e4-c660-45da-b5e1-1ee0b55ed284,7ff05a47-e660-4dd6-ba4e-0349f2ffc4e0,in_progress,resolved,2fc76645-2797-42a6-b6b9-d134b926381b,Work completed and verified.,2026-06-04 10:37:00+00
e73f072c-d1bc-430d-951c-682327b88e2b,8be62c6b-e483-408c-842c-6201779a5c6b,,open,8a305a4e-04c7-4ae3-b63f-7e3a868e8690,Ticket raised from the fleet condition report.,2025-02-11 16:05:00+00
a38c74dd-0671-4ac2-97c0-0e3f694d2cdf,8be62c6b-e483-408c-842c-6201779a5c6b,open,in_progress,2ea7ff67-fdd7-4d0b-96cd-8dd768decfdd,Assigned and work started.,2025-02-12 12:25:00+00
3b90a439-fbca-478d-a9f6-4e6f1d5b41ca,8be62c6b-e483-408c-842c-6201779a5c6b,in_progress,resolved,2ea7ff67-fdd7-4d0b-96cd-8dd768decfdd,Work completed and verified.,2025-02-18 07:54:00+00
f254e8a2-94e9-429b-9715-960e404064e1,8be62c6b-e483-408c-842c-6201779a5c6b,resolved,closed,2ea7ff67-fdd7-4d0b-96cd-8dd768decfdd,Ticket closed.,2025-02-21 11:57:00+00
fc8fdde8-e9e4-4a65-b6a9-64bd00afc3af,54120b3c-8c47-4ab1-a7a5-2b720b97d294,,open,aa74ca35-434e-47be-8bd6-af6914b9a935,Ticket raised from the fleet condition report.,2025-03-13 16:48:00+00
2a2512b2-142d-45ae-b3ea-11fbec6052b8,54120b3c-8c47-4ab1-a7a5-2b720b97d294,open,in_progress,b958f053-fb9d-4b81-9996-c7ca66269f1c,Assigned and work started.,2025-03-14 06:01:00+00
1e873d81-d6ba-4b8b-bf89-01f2c28a7938,54120b3c-8c47-4ab1-a7a5-2b720b97d294,in_progress,resolved,b958f053-fb9d-4b81-9996-c7ca66269f1c,Work completed and verified.,2025-03-19 06:56:00+00
d1c6973c-441f-4777-9c23-ea6ca4cd2361,54120b3c-8c47-4ab1-a7a5-2b720b97d294,resolved,closed,b958f053-fb9d-4b81-9996-c7ca66269f1c,Ticket closed.,2025-03-23 06:41:00+00
8f414845-63b7-4df6-8588-30249d438de7,bc168046-adab-4cd8-987f-f4d47f9c5331,,open,5112d5f5-2093-4684-9d83-f6270b86b2ea,Ticket raised from the fleet condition report.,2025-10-10 13:59:00+00
69496d7f-80ed-43d5-a3f1-a59e65ebc0bd,bc168046-adab-4cd8-987f-f4d47f9c5331,open,in_progress,53237578-eb53-4fa0-b5df-9eb5c4ba96f4,Assigned and work started.,2025-10-11 08:59:00+00
f3fe2e1d-ceef-4638-91a4-7b334a2288ba,bc168046-adab-4cd8-987f-f4d47f9c5331,in_progress,resolved,53237578-eb53-4fa0-b5df-9eb5c4ba96f4,Work completed and verified.,2025-11-04 11:11:00+00
54c17b1d-581e-4ad9-b1a6-6d465ec7ec81,bc168046-adab-4cd8-987f-f4d47f9c5331,resolved,closed,53237578-eb53-4fa0-b5df-9eb5c4ba96f4,Ticket closed.,2025-11-06 12:19:00+00
fc18d964-708a-47df-827d-b50d0e2b0995,bef1349d-37fd-4634-bf18-1d3b7212c2b8,,open,ec21d000-672f-4819-aa17-c754be8b1f76,Ticket raised from the fleet condition report.,2026-02-27 08:16:00+00
5d3514eb-1bd0-4ff2-a681-c12d2668ae73,bef1349d-37fd-4634-bf18-1d3b7212c2b8,open,in_progress,4fb48d89-3d11-4b1c-b34a-fc8824c4d74a,Assigned and work started.,2026-02-28 14:31:00+00
20259b1f-ed07-45c1-b014-39a3d44498f5,bef1349d-37fd-4634-bf18-1d3b7212c2b8,in_progress,resolved,4fb48d89-3d11-4b1c-b34a-fc8824c4d74a,Work completed and verified.,2026-03-15 07:28:00+00
ce0c25bf-f3f6-4bf4-babb-4c6d92167b5c,bef1349d-37fd-4634-bf18-1d3b7212c2b8,resolved,closed,4fb48d89-3d11-4b1c-b34a-fc8824c4d74a,Ticket closed.,2026-03-16 13:43:00+00
7b604e89-cb18-4039-990e-326f8b473f7f,da45e1ed-808c-4bc3-a2f9-9e4bbcc0a026,,open,cc93a302-564c-479a-9ffc-b68e605e958a,Ticket raised from the fleet condition report.,2024-11-23 14:27:00+00
90c7b151-67b2-46e1-8eaf-8f936e674f33,da45e1ed-808c-4bc3-a2f9-9e4bbcc0a026,open,in_progress,e3d88daf-a639-4654-8343-b7925af44312,Assigned and work started.,2024-11-24 07:23:00+00
a50f20da-3d22-4b3f-ace9-92fccca14701,da45e1ed-808c-4bc3-a2f9-9e4bbcc0a026,in_progress,resolved,e3d88daf-a639-4654-8343-b7925af44312,Work completed and verified.,2024-12-18 12:18:00+00
f77bf64a-a993-4ced-8e53-e907629d85f4,35cc695f-db5a-4a97-84cf-11897ef96f0c,,open,0cabbac7-e33f-41e2-9595-f9285b16fce1,Ticket raised from the fleet condition report.,2026-05-15 12:01:00+00
a628b7b4-6d11-4a4b-8c5d-a7dae0bba038,35cc695f-db5a-4a97-84cf-11897ef96f0c,open,in_progress,94c16a8c-074b-4b37-ab95-493170740735,Assigned and work started.,2026-05-16 10:41:00+00
a8e36e6e-a8b2-4984-adbf-89441b078177,35cc695f-db5a-4a97-84cf-11897ef96f0c,in_progress,resolved,94c16a8c-074b-4b37-ab95-493170740735,Work completed and verified.,2026-05-31 11:07:00+00
473c76c0-13dc-4f57-ab3d-4d134fde4997,35cc695f-db5a-4a97-84cf-11897ef96f0c,resolved,closed,94c16a8c-074b-4b37-ab95-493170740735,Ticket closed.,2026-06-08 12:13:00+00
db6cc8ee-e840-4a6f-a0c1-cda008982a7e,ff0c38a8-50f4-4501-bdb3-99237bac82aa,,open,277ea511-bca7-4671-9a9d-6b63580c1229,Ticket raised from the fleet condition report.,2024-11-20 09:55:00+00
423b80bb-1a73-4ee3-9e8e-3485bef9a241,ff0c38a8-50f4-4501-bdb3-99237bac82aa,open,in_progress,f7c70716-6d01-4c40-8743-ff7f08973f3a,Assigned and work started.,2024-11-21 17:45:00+00
d8285042-44d9-4092-9892-3a5ed3cb5822,ff0c38a8-50f4-4501-bdb3-99237bac82aa,in_progress,resolved,f7c70716-6d01-4c40-8743-ff7f08973f3a,Work completed and verified.,2024-11-27 06:07:00+00
1a9a36a9-c481-4abe-b618-81ec6b4c1bd6,ff0c38a8-50f4-4501-bdb3-99237bac82aa,resolved,closed,f7c70716-6d01-4c40-8743-ff7f08973f3a,Ticket closed.,2024-12-05 17:18:00+00
e8162c8f-2da7-42f2-8247-156673b41180,049a802d-3711-418b-9fc1-19ace30cb9ee,,open,3300b88d-ad2c-4c0c-bac7-48e98b283f68,Ticket raised from the fleet condition report.,2024-10-24 15:28:00+00
b273e49e-2dc1-4c7e-bebe-679af1e75ea5,049a802d-3711-418b-9fc1-19ace30cb9ee,open,in_progress,ed4c1923-4a35-41e6-af73-87d272e16bb9,Assigned and work started.,2024-10-25 11:20:00+00
fc593c30-4277-42b1-9828-758ffc8df56e,049a802d-3711-418b-9fc1-19ace30cb9ee,in_progress,resolved,ed4c1923-4a35-41e6-af73-87d272e16bb9,Work completed and verified.,2024-10-31 06:51:00+00
a086a98c-e22a-4ff2-9171-f8c8bb7c0fef,a671aeb6-1fa6-416e-9809-7e4271dc6478,,open,d228e58a-85a6-4059-b62f-262964a70737,Ticket raised from the fleet condition report.,2025-12-20 09:51:00+00
864bbdc9-4e79-44bc-900c-7992532fe9f8,a671aeb6-1fa6-416e-9809-7e4271dc6478,open,in_progress,f2e3adca-c995-4570-a695-525ef502c1ef,Assigned and work started.,2025-12-21 12:36:00+00
2e3d5904-fd0e-4976-b427-f77c6615173b,a671aeb6-1fa6-416e-9809-7e4271dc6478,in_progress,resolved,f2e3adca-c995-4570-a695-525ef502c1ef,Work completed and verified.,2025-12-28 15:56:00+00
c6937a31-342d-4116-9676-ce7717eadb28,a671aeb6-1fa6-416e-9809-7e4271dc6478,resolved,closed,f2e3adca-c995-4570-a695-525ef502c1ef,Ticket closed.,2026-01-04 13:56:00+00
87cc1c80-83c5-4c69-8582-e8d7098990d0,64889baf-6aa8-44f7-b42d-57d6b734f8e9,,open,5f77fc29-69bb-4b2b-8d0c-636c6f55884d,Ticket raised from the fleet condition report.,2026-08-05 12:20:00+00
12507fec-6948-49a6-a1f5-c81639d8d664,64889baf-6aa8-44f7-b42d-57d6b734f8e9,open,in_progress,0d92b1df-f95f-448c-8c5e-279045705e0f,Assigned and work started.,2026-08-06 09:47:00+00
33f9d8bc-b885-49f8-8d5c-a65749e531b7,30405026-21eb-4725-8665-b3ae896beb8c,,open,e2f4db5d-5268-451f-8f58-023f568f8422,Ticket raised from the fleet condition report.,2026-03-02 15:48:00+00
7e29ea96-db74-4b68-a071-6c1b36ed976e,30405026-21eb-4725-8665-b3ae896beb8c,open,in_progress,9b2ae800-e7f5-4450-a102-90626d114204,Assigned and work started.,2026-03-03 08:40:00+00
374d26dc-6ab0-44cd-9e33-b6751dca0d81,30405026-21eb-4725-8665-b3ae896beb8c,in_progress,resolved,9b2ae800-e7f5-4450-a102-90626d114204,Work completed and verified.,2026-03-24 10:18:00+00
b45bc91f-7c6c-4159-ae85-0467bc575bf4,ab58cf8d-0558-4fe5-ad0e-766cc01f9c3f,,open,85ec9a19-bc02-4676-a16b-0a33f9ecc547,Ticket raised from the fleet condition report.,2025-06-10 07:06:00+00
a9cdb8c9-b20a-44b6-ae65-51fb03d47677,ab58cf8d-0558-4fe5-ad0e-766cc01f9c3f,open,in_progress,0816a11f-c50f-456a-8311-8bf2e4aeff0e,Assigned and work started.,2025-06-11 10:56:00+00
e0da2579-1868-4036-a32b-3c4d02b25dfb,ab58cf8d-0558-4fe5-ad0e-766cc01f9c3f,in_progress,resolved,0816a11f-c50f-456a-8311-8bf2e4aeff0e,Work completed and verified.,2025-06-12 11:18:00+00
2252bba0-8be4-46c0-9eb9-c6b7cb86c47c,c0d3357f-d2d6-401f-8a40-fd2f65dffe4c,,open,fb6db374-5499-4fab-a5e5-5f201832e9d3,Ticket raised from the fleet condition report.,2026-04-14 12:53:00+00
e6c5f9f0-1a3d-43ee-b928-e2ff414f24e7,3ef1c371-c070-46b5-b158-adcff54f9a4f,,open,7fe560dc-b308-4e9b-a76e-65c7c7f162dd,Ticket raised from the fleet condition report.,2026-08-08 08:31:00+00
68d44e1f-efa6-450f-9998-263ee32af326,b4a81bfe-10f8-4a92-9ad4-0a19b561ca74,,open,8f013397-f73e-4098-bf86-3cf1055a446a,Ticket raised from the fleet condition report.,2025-01-22 11:52:00+00
f33cd607-742e-4c3c-8215-55f4f5488caf,b4a81bfe-10f8-4a92-9ad4-0a19b561ca74,open,in_progress,33de58c2-5dc4-4385-bc4c-9ad66a6fe320,Assigned and work started.,2025-01-23 07:12:00+00
d0362b70-50a9-4c78-92e3-18d73b93610e,b4a81bfe-10f8-4a92-9ad4-0a19b561ca74,in_progress,resolved,33de58c2-5dc4-4385-bc4c-9ad66a6fe320,Work completed and verified.,2025-02-06 14:09:00+00
7feecc1f-e0cf-4067-b56c-deac730b8362,b4a81bfe-10f8-4a92-9ad4-0a19b561ca74,resolved,closed,33de58c2-5dc4-4385-bc4c-9ad66a6fe320,Ticket closed.,2025-02-13 09:36:00+00
82eca99f-1e12-44d9-b9cb-d4c7f91a3ab6,18798307-6cd0-4f57-8b64-51ca8957418f,,open,43940caa-d1ba-4e44-be36-1c5ea33072d5,Ticket raised from the fleet condition report.,2024-08-16 17:13:00+00
821b1f24-0236-48b8-98b3-bedc7bd26e6a,18798307-6cd0-4f57-8b64-51ca8957418f,open,in_progress,258cec76-5677-463e-88d0-84f8488b8d19,Assigned and work started.,2024-08-17 11:10:00+00
bad87f99-7fde-4fdf-ad22-d115f3348056,18798307-6cd0-4f57-8b64-51ca8957418f,in_progress,resolved,258cec76-5677-463e-88d0-84f8488b8d19,Work completed and verified.,2024-09-09 12:11:00+00
9f56f848-0ade-40ef-b616-d691702e7c49,18798307-6cd0-4f57-8b64-51ca8957418f,resolved,closed,258cec76-5677-463e-88d0-84f8488b8d19,Ticket closed.,2024-09-13 15:08:00+00
d7ab30e6-04e5-4499-87d5-b76b8af65be5,a81de22a-bbe3-4036-9ab9-255889ffb65d,,open,d8294427-340a-4c8e-ae90-c5de2eded6d4,Ticket raised from the fleet condition report.,2026-06-25 11:53:00+00
331b2ec7-a7dd-4c46-8667-14a98d865629,a81de22a-bbe3-4036-9ab9-255889ffb65d,open,in_progress,6307ed65-c77c-40e7-9e0f-0b67135eb7b1,Assigned and work started.,2026-06-26 05:59:00+00
cf67aabd-e652-480c-a935-7f7ea67fecd4,a81de22a-bbe3-4036-9ab9-255889ffb65d,in_progress,resolved,6307ed65-c77c-40e7-9e0f-0b67135eb7b1,Work completed and verified.,2026-07-08 16:52:00+00
4f5e12fe-51f0-4ae7-b1e2-588083a9c5cd,4038ab24-bf70-4398-b1b9-58ee950b7379,,open,94c64335-4962-40b1-96fd-53632f8d49a3,Ticket raised from the fleet condition report.,2026-04-30 09:44:00+00
0d1ca896-38a2-4836-90ed-aa2a6c59b1e1,4038ab24-bf70-4398-b1b9-58ee950b7379,open,in_progress,8eff9acb-560a-454d-b4e0-e23389a2264b,Assigned and work started.,2026-05-01 10:02:00+00
23142a2e-f45a-4965-8fbf-5fcd1ee17f62,4038ab24-bf70-4398-b1b9-58ee950b7379,in_progress,resolved,8eff9acb-560a-454d-b4e0-e23389a2264b,Work completed and verified.,2026-05-23 09:19:00+00
8819b98d-4755-439f-aedc-214cecbecb9a,98d6c46d-68c7-45a9-820b-4a8d10c4f445,,open,ff0168ca-0d18-4fb7-af5a-b431fbcab727,Ticket raised from the fleet condition report.,2026-06-17 17:27:00+00
c1b3afcd-7f7e-41ad-83a6-621d0dff4b09,98d6c46d-68c7-45a9-820b-4a8d10c4f445,open,in_progress,c3bd164c-dac0-42f6-a8bd-f5f7ab7dd58c,Assigned and work started.,2026-06-18 11:40:00+00
402acd16-af11-456a-bfe8-8acd4c22b458,98d6c46d-68c7-45a9-820b-4a8d10c4f445,in_progress,resolved,c3bd164c-dac0-42f6-a8bd-f5f7ab7dd58c,Work completed and verified.,2026-06-30 14:20:00+00
a0753ed5-4e7e-410c-9df1-0a3fcfcd1208,27cf359d-7260-4423-9889-592ebd8a32ba,,open,9f06cc9a-b7c3-4251-821a-1cd09e60ef22,Ticket raised from the fleet condition report.,2024-10-16 08:47:00+00
e4b08898-181e-479e-a297-a47b0b2ddc1b,27cf359d-7260-4423-9889-592ebd8a32ba,open,in_progress,69740143-f533-4866-a394-3d1ba98f20a7,Assigned and work started.,2024-10-17 15:36:00+00
7cff8ce6-1e05-45d9-8cd1-efe707a4341a,27cf359d-7260-4423-9889-592ebd8a32ba,in_progress,resolved,69740143-f533-4866-a394-3d1ba98f20a7,Work completed and verified.,2024-10-28 16:06:00+00
4fe1b60d-02a9-4e3a-a540-8d970cfd0810,7735f4c0-2120-49b7-889b-3d9fda6eaf59,,open,758f8366-928a-48a1-a058-77ad7cfab407,Ticket raised from the fleet condition report.,2025-09-22 17:01:00+00
3829add9-0f60-47ab-be93-e939d14704e2,7735f4c0-2120-49b7-889b-3d9fda6eaf59,open,in_progress,3ed87f3f-9d1e-409e-af21-14fee9e9bc14,Assigned and work started.,2025-09-23 16:42:00+00
7e12cf6f-08e0-48ed-8eec-f7eee8f1edcd,7735f4c0-2120-49b7-889b-3d9fda6eaf59,in_progress,resolved,3ed87f3f-9d1e-409e-af21-14fee9e9bc14,Work completed and verified.,2025-10-05 15:27:00+00
14b12db6-e998-4c7b-88db-e43f2507d167,0cf7c867-0850-4c52-9042-0380662e03d2,,open,8514607d-7931-48d2-81f0-f7a024a8210a,Ticket raised from the fleet condition report.,2026-05-19 09:16:00+00
aed7b97f-2c08-4597-aeb1-d32934ddff44,0cf7c867-0850-4c52-9042-0380662e03d2,open,in_progress,1246b49b-4c2a-428c-9e26-abdd7df1b7e0,Assigned and work started.,2026-05-20 07:19:00+00
f1fcc648-4249-42fa-8cc1-e3cc6bb0b1c3,0cf7c867-0850-4c52-9042-0380662e03d2,in_progress,resolved,1246b49b-4c2a-428c-9e26-abdd7df1b7e0,Work completed and verified.,2026-06-02 14:36:00+00
98e4fe7d-73ce-4b57-9a61-393f61ea6773,eb80f8f2-6889-41b5-a838-8386f133063f,,open,38213114-d2ab-425c-85cb-10a7ac28415f,Ticket raised from the fleet condition report.,2024-11-14 05:34:00+00
0af61f89-5d30-42cf-a2a0-91a5b19b491a,eb80f8f2-6889-41b5-a838-8386f133063f,open,in_progress,2ea7ff67-fdd7-4d0b-96cd-8dd768decfdd,Assigned and work started.,2024-11-15 05:44:00+00
c53f79de-c475-4ce0-91a7-3a4b0ac668c2,eb80f8f2-6889-41b5-a838-8386f133063f,in_progress,resolved,2ea7ff67-fdd7-4d0b-96cd-8dd768decfdd,Work completed and verified.,2024-11-18 09:26:00+00
256cabb4-5a55-42de-bcb5-45da3f0f228f,a048cb67-3c4d-4a7b-a9e7-78a79a61d94b,,open,53704aab-e2b0-4674-b25e-0a3013553902,Ticket raised from the fleet condition report.,2025-12-19 07:18:00+00
2bbb1f3b-bf6f-4613-8e88-86b9ae0a0455,a048cb67-3c4d-4a7b-a9e7-78a79a61d94b,open,in_progress,af5f0096-7cc6-4d72-ab69-0a461681aeb5,Assigned and work started.,2025-12-20 09:59:00+00
8f5ed59d-05b4-44bb-a870-2e7f2ddc4121,a048cb67-3c4d-4a7b-a9e7-78a79a61d94b,in_progress,resolved,af5f0096-7cc6-4d72-ab69-0a461681aeb5,Work completed and verified.,2025-12-27 17:14:00+00
0e85c8b0-5715-42d3-8797-6644a39829e1,405c2c40-cb82-43ed-9f03-d0cb2a7f7633,,open,9b3bff38-da7d-4ad0-8bf0-efdd03c2c0f8,Ticket raised from the fleet condition report.,2024-10-16 07:31:00+00
c864d0f8-8ef5-4093-b103-1940db1a09eb,405c2c40-cb82-43ed-9f03-d0cb2a7f7633,open,in_progress,b33c4ff9-69b5-4437-9699-63c066d6c353,Assigned and work started.,2024-10-17 11:17:00+00
eea6b729-1a41-4201-ab52-83e2080c58f5,405c2c40-cb82-43ed-9f03-d0cb2a7f7633,in_progress,resolved,b33c4ff9-69b5-4437-9699-63c066d6c353,Work completed and verified.,2024-11-06 09:01:00+00
e0047ab9-48d5-4d1c-82ae-346c5b34ff15,405c2c40-cb82-43ed-9f03-d0cb2a7f7633,resolved,closed,b33c4ff9-69b5-4437-9699-63c066d6c353,Ticket closed.,2024-11-07 10:59:00+00
4114172d-4bee-40d1-8793-f769412400bf,a0c38ba0-b605-42f4-96a3-0608a18c1ef7,,open,58e0105a-a433-440e-b5ce-fa630092e541,Ticket raised from the fleet condition report.,2024-09-21 09:21:00+00
df4c3c4d-2f9b-4fb6-ab21-db42a53134f0,a0c38ba0-b605-42f4-96a3-0608a18c1ef7,open,in_progress,cfcb23c6-f209-48fb-b2ab-5f79f711f9cc,Assigned and work started.,2024-09-22 17:44:00+00
4a184e5c-ef64-4051-b1a3-583bae2bdf4e,a0c38ba0-b605-42f4-96a3-0608a18c1ef7,in_progress,resolved,cfcb23c6-f209-48fb-b2ab-5f79f711f9cc,Work completed and verified.,2024-10-16 05:08:00+00
6bf6ebc3-2916-4649-a6c4-fca5197b0652,a0c38ba0-b605-42f4-96a3-0608a18c1ef7,resolved,closed,cfcb23c6-f209-48fb-b2ab-5f79f711f9cc,Ticket closed.,2024-10-21 11:57:00+00
6f49e013-c039-47e1-8ed8-336d20299f8f,555a1eba-5fd2-41f1-ad6a-5a701966d7b3,,open,210c1a12-cc64-4178-a722-959c4fa9bf8c,Ticket raised from the fleet condition report.,2025-06-15 16:01:00+00
7637c7e8-068c-4064-9d16-dbfa79b175c1,555a1eba-5fd2-41f1-ad6a-5a701966d7b3,open,in_progress,d777fd45-9849-49e2-b338-e97c3d11e8cc,Assigned and work started.,2025-06-16 13:41:00+00
662b2b9b-fe34-4ea6-8cae-9a5fbcec4db2,555a1eba-5fd2-41f1-ad6a-5a701966d7b3,in_progress,resolved,d777fd45-9849-49e2-b338-e97c3d11e8cc,Work completed and verified.,2025-06-18 13:29:00+00
737188d4-b69c-498a-8c0a-1d119754d206,f996c270-d92b-42f3-a70a-513cb0797311,,open,15e1f6ce-5500-45cf-a429-e8aafcdb999c,Ticket raised from the fleet condition report.,2026-06-30 05:46:00+00
b3f3709c-26c8-481f-a1e8-c44e10edc305,f996c270-d92b-42f3-a70a-513cb0797311,open,in_progress,90850f19-81e7-4b88-ba8f-72ef0e0578fa,Assigned and work started.,2026-07-01 17:49:00+00
b0e4b4c7-fecf-44bb-ae19-438d454ee62b,f996c270-d92b-42f3-a70a-513cb0797311,in_progress,resolved,90850f19-81e7-4b88-ba8f-72ef0e0578fa,Work completed and verified.,2026-07-16 09:36:00+00
7d20a079-a34d-4251-bac8-0c683a87cb19,f996c270-d92b-42f3-a70a-513cb0797311,resolved,closed,90850f19-81e7-4b88-ba8f-72ef0e0578fa,Ticket closed.,2026-07-17 11:54:00+00
a74e1e92-8f1f-42f2-87bd-85e986814235,6865e5d5-84ba-43ac-b047-9c0ec0a9993d,,open,f4abb4c1-a221-41bd-bfa3-0c6883a700a8,Ticket raised from the fleet condition report.,2025-07-28 16:41:00+00
17935962-23ff-464d-91c1-3592d8f824aa,6865e5d5-84ba-43ac-b047-9c0ec0a9993d,open,in_progress,7644642e-745c-4474-890f-0f840a0b5df8,Assigned and work started.,2025-07-29 06:14:00+00
b5b14342-7d84-4c4c-a833-f49d3c9dd0ca,6865e5d5-84ba-43ac-b047-9c0ec0a9993d,in_progress,resolved,7644642e-745c-4474-890f-0f840a0b5df8,Work completed and verified.,2025-08-22 06:21:00+00
751b5cb0-2c6d-40ed-b1b3-cb6a9783ae4a,6865e5d5-84ba-43ac-b047-9c0ec0a9993d,resolved,closed,7644642e-745c-4474-890f-0f840a0b5df8,Ticket closed.,2025-08-27 06:26:00+00
1f75b46b-600b-46b4-b7fa-7db0452591f5,0d3f607b-5349-44b1-9787-9469c1aacc2f,,open,313f8708-206b-488d-ac8c-7238f8edb675,Ticket raised from the fleet condition report.,2024-12-23 09:29:00+00
02b4423d-5c56-49ae-90dc-3c82e6e76669,0d3f607b-5349-44b1-9787-9469c1aacc2f,open,in_progress,35b9a8e8-5284-40f5-9348-5f1e994c12f1,Assigned and work started.,2024-12-24 06:06:00+00
abbcaf8a-da50-4ab1-9366-7fe190e7e888,0d3f607b-5349-44b1-9787-9469c1aacc2f,in_progress,resolved,35b9a8e8-5284-40f5-9348-5f1e994c12f1,Work completed and verified.,2025-01-01 12:18:00+00
43db117e-9930-4724-a379-0d8fe3e49958,0d3f607b-5349-44b1-9787-9469c1aacc2f,resolved,closed,35b9a8e8-5284-40f5-9348-5f1e994c12f1,Ticket closed.,2025-01-02 11:40:00+00
452a1578-93e6-40c2-857b-2b94076a5ed4,e080a0d0-fe7e-4bbe-b405-793f5d2630e8,,open,2abd42b1-c0a4-4467-8f7d-15d222f3e561,Ticket raised from the fleet condition report.,2024-10-15 08:37:00+00
a3e8b19a-70d4-43f4-9784-897fdba8640f,e080a0d0-fe7e-4bbe-b405-793f5d2630e8,open,in_progress,4fb48d89-3d11-4b1c-b34a-fc8824c4d74a,Assigned and work started.,2024-10-16 08:11:00+00
94722b25-c16b-4c5a-a1e8-a1b57bee787a,e080a0d0-fe7e-4bbe-b405-793f5d2630e8,in_progress,resolved,4fb48d89-3d11-4b1c-b34a-fc8824c4d74a,Work completed and verified.,2024-10-16 07:53:00+00
e1cb98a6-ced1-45a3-a2e3-784bd9851d85,0382b57b-b799-4fb3-b3fb-54e07f92f10b,,open,6f1ba6cc-ae1e-4f59-b4ea-1bc63c81ce06,Ticket raised from the fleet condition report.,2024-08-23 07:14:00+00
5e8a7e30-6e06-432b-b710-aeab09be384a,0382b57b-b799-4fb3-b3fb-54e07f92f10b,open,in_progress,149c1f7c-7257-4a93-8b26-45cae3ef4432,Assigned and work started.,2024-08-24 12:04:00+00
209d0fbc-9b61-4d86-922c-480539e19c51,0382b57b-b799-4fb3-b3fb-54e07f92f10b,in_progress,resolved,149c1f7c-7257-4a93-8b26-45cae3ef4432,Work completed and verified.,2024-09-04 09:42:00+00
497cde27-0ea1-49b3-b5bb-1eb32fb3f87e,0382b57b-b799-4fb3-b3fb-54e07f92f10b,resolved,closed,149c1f7c-7257-4a93-8b26-45cae3ef4432,Ticket closed.,2024-09-12 14:26:00+00
5dafe28a-f504-4cd0-b8fa-3cec83a13447,80a9ce60-c86f-46ac-9e81-06ada28df7fa,,open,7d5abb4b-df5b-4b75-bbe9-78fb814d0dc1,Ticket raised from the fleet condition report.,2026-07-13 05:53:00+00
8bbcb297-21f2-4b33-8216-0abca7d0ea76,80a9ce60-c86f-46ac-9e81-06ada28df7fa,open,in_progress,43adafee-47fa-4fdd-a233-526bc7ecffb2,Assigned and work started.,2026-07-14 09:40:00+00
b755dbe1-2232-4740-8286-0a637a8fe139,398cfefa-fd04-4681-a50a-d609fac5234f,,open,d65014ad-c56f-49bf-9314-01a6c88cbb67,Ticket raised from the fleet condition report.,2025-09-28 06:28:00+00
ba737f0c-5c20-4c5a-8f87-3e52ed619f57,398cfefa-fd04-4681-a50a-d609fac5234f,open,in_progress,5ca11cec-92af-4cf0-ba2a-b7ccc1954f40,Assigned and work started.,2025-09-29 15:45:00+00
bc41424b-0b64-4498-a045-e50cf59e2212,398cfefa-fd04-4681-a50a-d609fac5234f,in_progress,resolved,5ca11cec-92af-4cf0-ba2a-b7ccc1954f40,Work completed and verified.,2025-10-07 06:47:00+00
7dbdb65a-48b1-43ac-a2d1-c14b7d3b7c3a,398cfefa-fd04-4681-a50a-d609fac5234f,resolved,closed,5ca11cec-92af-4cf0-ba2a-b7ccc1954f40,Ticket closed.,2025-10-17 09:26:00+00
c17f261a-89a4-4401-9314-f83a0dd917ab,91200383-788b-4938-915c-8b4497db374c,,open,a5873caa-58e3-478e-9e5c-c4f5be6aeec5,Ticket raised from the fleet condition report.,2024-12-26 14:07:00+00
e94a10a3-e617-45b8-9dd2-2368f98366f0,91200383-788b-4938-915c-8b4497db374c,open,in_progress,6d8966a8-2474-4d35-9fd9-7bb3b648f6fd,Assigned and work started.,2024-12-27 14:52:00+00
9980875d-e9c6-44c7-835a-27df2bb0cfbc,91200383-788b-4938-915c-8b4497db374c,in_progress,resolved,6d8966a8-2474-4d35-9fd9-7bb3b648f6fd,Work completed and verified.,2025-01-13 07:41:00+00
0da6b7bc-6f15-4fa9-888f-9475cbd16f2a,91200383-788b-4938-915c-8b4497db374c,resolved,closed,6d8966a8-2474-4d35-9fd9-7bb3b648f6fd,Ticket closed.,2025-01-19 16:45:00+00
d432a0b9-5643-4ee4-a332-0c326825ada9,82fc85fc-825d-4044-b6c7-c5f9edce1035,,open,8ffe767c-9920-458c-9728-818cbc8975bc,Ticket raised from the fleet condition report.,2024-09-18 05:01:00+00
881817cd-f290-4d48-b0bf-07c19554f576,82fc85fc-825d-4044-b6c7-c5f9edce1035,open,in_progress,258cec76-5677-463e-88d0-84f8488b8d19,Assigned and work started.,2024-09-19 14:38:00+00
aae02988-d17d-4192-b6c5-e4db342d3601,82fc85fc-825d-4044-b6c7-c5f9edce1035,in_progress,resolved,258cec76-5677-463e-88d0-84f8488b8d19,Work completed and verified.,2024-10-04 06:51:00+00
dd63b1c6-889a-4774-b6d8-f3aeac1a7376,82fc85fc-825d-4044-b6c7-c5f9edce1035,resolved,closed,258cec76-5677-463e-88d0-84f8488b8d19,Ticket closed.,2024-10-09 16:09:00+00
d93dd455-bd30-4ef3-8c86-fda0fccf4ea8,5978beea-4cfb-4b7d-9e0b-3a907bb90b57,,open,4249c88c-d0ac-433f-b414-903379d7b070,Ticket raised from the fleet condition report.,2025-01-29 07:06:00+00
142ae55f-93a9-4bc2-9a65-daed89eed570,5978beea-4cfb-4b7d-9e0b-3a907bb90b57,open,in_progress,a5403456-9417-4129-8376-a0508664c003,Assigned and work started.,2025-01-30 08:30:00+00
1a7434c7-313c-4ace-a349-52f26defa210,5978beea-4cfb-4b7d-9e0b-3a907bb90b57,in_progress,resolved,a5403456-9417-4129-8376-a0508664c003,Work completed and verified.,2025-02-02 14:31:00+00
79d72760-738d-4919-98e5-e1173cdbb8d9,5978beea-4cfb-4b7d-9e0b-3a907bb90b57,resolved,closed,a5403456-9417-4129-8376-a0508664c003,Ticket closed.,2025-02-03 14:38:00+00
0aec9117-7d70-4e32-9572-c57c9a5e2a95,fd8ef411-0dfd-4f84-ab12-2270320151c8,,open,349e690e-52a1-4c2a-b549-9453d0c5b790,Ticket raised from the fleet condition report.,2024-08-14 09:30:00+00
ddeeb72b-92c6-436c-b407-81fcc74e3876,fd8ef411-0dfd-4f84-ab12-2270320151c8,open,in_progress,0bcca5d2-620c-4e90-ae82-fb6ffc7af33d,Assigned and work started.,2024-08-15 12:23:00+00
b88092e3-cf06-4693-8c25-fceafc72214e,fd8ef411-0dfd-4f84-ab12-2270320151c8,in_progress,resolved,0bcca5d2-620c-4e90-ae82-fb6ffc7af33d,Work completed and verified.,2024-08-26 16:03:00+00
e99ac8d8-fc73-4db6-8fa1-f1853297faa4,fd8ef411-0dfd-4f84-ab12-2270320151c8,resolved,closed,0bcca5d2-620c-4e90-ae82-fb6ffc7af33d,Ticket closed.,2024-08-31 05:32:00+00
74029b5e-116b-41f7-a025-2329b44a4b61,8f1cb620-e44a-432b-8c18-6e7613c34624,,open,73c05dbe-9e82-4f00-b52a-dab6d654c550,Ticket raised from the fleet condition report.,2025-10-15 08:43:00+00
9a2e95a1-614e-47f4-a9ea-c21859cc0900,8f1cb620-e44a-432b-8c18-6e7613c34624,open,in_progress,15dc60e6-ac87-4e43-940e-f17025d0156f,Assigned and work started.,2025-10-16 08:38:00+00
20297571-1ce9-40b9-bf7c-8b3aceee7447,8f1cb620-e44a-432b-8c18-6e7613c34624,in_progress,resolved,15dc60e6-ac87-4e43-940e-f17025d0156f,Work completed and verified.,2025-10-26 11:59:00+00
996aaddb-a4a0-447b-a335-ac5d8c23c6fc,8f1cb620-e44a-432b-8c18-6e7613c34624,resolved,closed,15dc60e6-ac87-4e43-940e-f17025d0156f,Ticket closed.,2025-11-01 17:15:00+00
0f75e18b-97e3-4320-9016-3840498ea470,dc9e9cdb-5bf2-41c2-aec2-264c02d0e034,,open,4c823f41-1c70-4687-81af-94c5feb0d762,Ticket raised from the fleet condition report.,2025-07-23 09:35:00+00
60934d7c-ee90-40c2-8892-ef7392a2d4bf,dc9e9cdb-5bf2-41c2-aec2-264c02d0e034,open,in_progress,cdd74f33-dff3-4b0f-8378-d2989570b4c6,Assigned and work started.,2025-07-24 09:08:00+00
8dc84ec5-6f63-45bf-8b5d-df2f2beef0e6,dc9e9cdb-5bf2-41c2-aec2-264c02d0e034,in_progress,resolved,cdd74f33-dff3-4b0f-8378-d2989570b4c6,Work completed and verified.,2025-08-15 15:02:00+00
48885210-efb1-40e0-bd1e-4dbaa4a349f2,dc9e9cdb-5bf2-41c2-aec2-264c02d0e034,resolved,closed,cdd74f33-dff3-4b0f-8378-d2989570b4c6,Ticket closed.,2025-08-18 07:47:00+00
2a520527-c10d-411b-8eaa-dff288768dee,25cab6a7-a53e-43d2-9398-9636290e0e14,,open,5759f3d2-34f3-483d-818a-1b5627a40557,Ticket raised from the fleet condition report.,2026-04-26 09:28:00+00
f9829604-80c5-409d-93d6-1272974d1f81,25cab6a7-a53e-43d2-9398-9636290e0e14,open,in_progress,5302dab8-326e-4660-b10d-447ccbcaff6f,Assigned and work started.,2026-04-27 11:56:00+00
e5d758a2-f532-4f62-adf5-bca567b5f2eb,25cab6a7-a53e-43d2-9398-9636290e0e14,in_progress,resolved,5302dab8-326e-4660-b10d-447ccbcaff6f,Work completed and verified.,2026-05-09 17:35:00+00
fe6b5fd3-2de4-468d-9e6a-37d8984704d4,8554ea96-6d9e-42fc-9bb1-10619e6724cd,,open,5112d5f5-2093-4684-9d83-f6270b86b2ea,Ticket raised from the fleet condition report.,2026-01-23 06:58:00+00
33edfa8a-ddb2-40c3-94ca-5194162e9a92,8554ea96-6d9e-42fc-9bb1-10619e6724cd,open,in_progress,e3d88daf-a639-4654-8343-b7925af44312,Assigned and work started.,2026-01-24 05:55:00+00
464d2225-b690-472b-9ef2-84bccabb70a8,8554ea96-6d9e-42fc-9bb1-10619e6724cd,in_progress,resolved,e3d88daf-a639-4654-8343-b7925af44312,Work completed and verified.,2026-01-27 05:50:00+00
fc167539-5bf5-4b04-bb00-618adb3d6652,6c3e739d-0a6f-4a35-aafc-c57b4b15fd1b,,open,9ef1e83f-d503-498c-88e6-f45431b9299a,Ticket raised from the fleet condition report.,2025-10-19 06:16:00+00
a37ab2ab-cbd5-4c81-bd2c-8e01e232fa08,6c3e739d-0a6f-4a35-aafc-c57b4b15fd1b,open,in_progress,59064e3f-1d1e-4817-8491-724ae8d85add,Assigned and work started.,2025-10-20 13:05:00+00
df1b1d13-b5c8-4673-a4dc-9b00d52e09bc,6c3e739d-0a6f-4a35-aafc-c57b4b15fd1b,in_progress,resolved,59064e3f-1d1e-4817-8491-724ae8d85add,Work completed and verified.,2025-11-12 11:54:00+00
6fcc16d0-0373-4345-b6c2-f23a545ae6f6,6c3e739d-0a6f-4a35-aafc-c57b4b15fd1b,resolved,closed,59064e3f-1d1e-4817-8491-724ae8d85add,Ticket closed.,2025-11-17 15:15:00+00
76964c8c-4748-46e1-bda9-a1260919f697,4c733d36-8aed-411a-a36c-4c676ea99aa2,,open,e03cf70b-8427-4f1c-b5ab-29a941a4386f,Ticket raised from the fleet condition report.,2026-01-23 07:39:00+00
7379283e-59c5-4212-996d-0ac959191eb0,4c733d36-8aed-411a-a36c-4c676ea99aa2,open,in_progress,799f9455-62db-4da1-8b99-9f32da209d65,Assigned and work started.,2026-01-24 06:25:00+00
1bfc10e4-7b4a-4e47-96f7-f5386d6c9e6d,4c733d36-8aed-411a-a36c-4c676ea99aa2,in_progress,resolved,799f9455-62db-4da1-8b99-9f32da209d65,Work completed and verified.,2026-02-01 05:02:00+00
d319a8a5-bb2e-4fb6-9eb4-feefc5233e75,4c733d36-8aed-411a-a36c-4c676ea99aa2,resolved,closed,799f9455-62db-4da1-8b99-9f32da209d65,Ticket closed.,2026-02-03 16:25:00+00
91f2937b-6e06-47c9-9c08-f7c02b84669e,4838c0fe-6221-4a5b-913d-413d0dc2c38b,,open,2be2ae9d-8544-4980-8087-35c4cd24eda0,Ticket raised from the fleet condition report.,2026-04-29 13:59:00+00
46cef87b-5973-4bf7-927f-7aa16c92e78e,4838c0fe-6221-4a5b-913d-413d0dc2c38b,open,in_progress,20064787-286e-445a-af95-65111a530936,Assigned and work started.,2026-04-30 05:49:00+00
8a1c6e3b-0cb0-4338-a2c1-e8cef9d05ff9,6e4954d2-2d25-4eff-8878-791155029569,,open,95216ddb-1bf9-4e90-9467-1ce014997f32,Ticket raised from the fleet condition report.,2025-01-29 07:41:00+00
583fb26e-1d2c-4bb4-81b2-032d53faffa1,6e4954d2-2d25-4eff-8878-791155029569,open,in_progress,53237578-eb53-4fa0-b5df-9eb5c4ba96f4,Assigned and work started.,2025-01-30 14:01:00+00
52275a73-e1eb-4316-9fd4-cc5fd80129cf,6e4954d2-2d25-4eff-8878-791155029569,in_progress,resolved,53237578-eb53-4fa0-b5df-9eb5c4ba96f4,Work completed and verified.,2025-02-21 15:14:00+00
a6acc4da-7229-4450-9af2-6575dbdf6bbb,6e4954d2-2d25-4eff-8878-791155029569,resolved,closed,53237578-eb53-4fa0-b5df-9eb5c4ba96f4,Ticket closed.,2025-02-24 15:25:00+00
69b19bdc-c87f-423a-ba63-f856fb60debe,c77678d8-1791-4313-b310-c41d66d54370,,open,5b986620-72d7-42a9-92df-7e33bfdc00b0,Ticket raised from the fleet condition report.,2025-07-25 15:29:00+00
44660b49-ae9a-4490-be2a-010fda86d2c4,c77678d8-1791-4313-b310-c41d66d54370,open,in_progress,e3558ee6-f358-4467-ac51-00c0aa187644,Assigned and work started.,2025-07-26 08:58:00+00
a684b73b-b557-4fc8-b197-f0a56c2dd8da,c77678d8-1791-4313-b310-c41d66d54370,in_progress,resolved,e3558ee6-f358-4467-ac51-00c0aa187644,Work completed and verified.,2025-08-18 06:08:00+00
ab4543de-85c6-4554-a55a-e885052a5ce4,c77678d8-1791-4313-b310-c41d66d54370,resolved,closed,e3558ee6-f358-4467-ac51-00c0aa187644,Ticket closed.,2025-08-20 07:54:00+00
b9a750c3-ff37-4dba-87ac-c229b0c4ae65,83f64cb6-868f-4eaa-9ec5-510aa388c3c8,,open,e03cf70b-8427-4f1c-b5ab-29a941a4386f,Ticket raised from the fleet condition report.,2024-09-18 16:23:00+00
a3ca5563-60b3-48d3-8c04-c978323f48f4,83f64cb6-868f-4eaa-9ec5-510aa388c3c8,open,in_progress,45e88c26-b5d7-4353-ad6a-6acd15416a21,Assigned and work started.,2024-09-19 17:26:00+00
0f4417f1-c15a-4ce0-948c-743f5de7e3cc,83f64cb6-868f-4eaa-9ec5-510aa388c3c8,in_progress,resolved,45e88c26-b5d7-4353-ad6a-6acd15416a21,Work completed and verified.,2024-10-11 07:09:00+00
d3bed7da-7e24-46f6-a1c3-5cb2c3c5d2e4,83f64cb6-868f-4eaa-9ec5-510aa388c3c8,resolved,closed,45e88c26-b5d7-4353-ad6a-6acd15416a21,Ticket closed.,2024-10-18 14:27:00+00
6c8edf21-52a1-4f2c-9068-d1d8da66a4af,b1df8a13-f7c4-4f0f-9dc7-6239e61a6d1c,,open,b10d084f-e79b-4fcd-90ba-6d6de4f66845,Ticket raised from the fleet condition report.,2024-11-12 09:09:00+00
3af36ec6-b30e-4dab-add3-4e49ef84c3bd,b1df8a13-f7c4-4f0f-9dc7-6239e61a6d1c,open,in_progress,246980b5-110b-4571-9060-906f0c1ed19f,Assigned and work started.,2024-11-13 16:27:00+00
c2a196ce-7db5-49e5-8559-f043f96aa7fd,b1df8a13-f7c4-4f0f-9dc7-6239e61a6d1c,in_progress,resolved,246980b5-110b-4571-9060-906f0c1ed19f,Work completed and verified.,2024-11-29 06:25:00+00
7e23693d-fa22-4920-9b90-b749f4ea86d3,c164a2ea-730f-4baa-ba58-c6e970c20852,,open,710e986c-a4dc-4bf7-97a2-7c099f57423d,Ticket raised from the fleet condition report.,2025-12-23 08:50:00+00
9caf78d2-e757-4332-8811-b255966dc127,c164a2ea-730f-4baa-ba58-c6e970c20852,open,in_progress,507c7fa4-15cb-4173-8c93-4d5d44ecf015,Assigned and work started.,2025-12-24 17:51:00+00
0c33f2cd-78bb-4fab-ab73-e9039bbbbde4,c164a2ea-730f-4baa-ba58-c6e970c20852,in_progress,resolved,507c7fa4-15cb-4173-8c93-4d5d44ecf015,Work completed and verified.,2026-01-11 05:57:00+00
ccd244b1-c6b5-4a56-8eac-f992e676740f,c164a2ea-730f-4baa-ba58-c6e970c20852,resolved,closed,507c7fa4-15cb-4173-8c93-4d5d44ecf015,Ticket closed.,2026-01-18 13:12:00+00
4b277de4-b63a-4bb9-b6e5-3a306223476a,ec17643f-7d57-4b93-8099-c7be9320ebdb,,open,710e986c-a4dc-4bf7-97a2-7c099f57423d,Ticket raised from the fleet condition report.,2026-07-16 15:59:00+00
c6d38b78-79d3-413f-973c-b292b1d0ba42,51b89f69-22ad-40f8-a53e-30f768d1b5cc,,open,43037462-f8fe-47e3-b0f1-51b3d5c2f94a,Ticket raised from the fleet condition report.,2026-07-30 14:45:00+00
1ed3ddc6-ce47-4a9f-9856-85429c9fff72,51b89f69-22ad-40f8-a53e-30f768d1b5cc,open,in_progress,d777fd45-9849-49e2-b338-e97c3d11e8cc,Assigned and work started.,2026-07-31 06:41:00+00
e8537029-71bb-4c22-ac65-53df90d2b4f7,51b89f69-22ad-40f8-a53e-30f768d1b5cc,in_progress,resolved,d777fd45-9849-49e2-b338-e97c3d11e8cc,Work completed and verified.,2026-08-03 06:48:00+00
dcd1497c-df53-44b5-80e0-60c9a2809a74,65c623d3-7bdb-42e4-b799-b4c9c09aa217,,open,a70d04e5-e0a8-4f08-9a11-d8aad40c4def,Ticket raised from the fleet condition report.,2024-11-10 08:08:00+00
03735ee0-4cba-4523-b9f6-f0d0381c0326,0de27740-f6d2-4d93-9b99-d95eba807c21,,open,785218fb-cfc1-466f-8524-05e00d4d22a9,Ticket raised from the fleet condition report.,2025-07-26 09:47:00+00
57451595-dd5c-41fa-a1c6-83453e7e914c,0de27740-f6d2-4d93-9b99-d95eba807c21,open,in_progress,ece2a321-bc6d-4cdf-9d3a-f642ed83ae68,Assigned and work started.,2025-07-27 12:36:00+00
cc82c474-0eaa-47e7-917e-6a2ecf61a264,0de27740-f6d2-4d93-9b99-d95eba807c21,in_progress,resolved,ece2a321-bc6d-4cdf-9d3a-f642ed83ae68,Work completed and verified.,2025-07-29 12:07:00+00
4be8ec14-2b38-4f50-b30a-46fc425c3b7f,1b6ab0b6-2dbe-4493-a585-e211c6bba7de,,open,2915ad05-7ac6-45ab-b21f-9bd0b6a18328,Ticket raised from the fleet condition report.,2025-12-10 14:12:00+00
3b4e1bdd-c979-40b9-80e0-adad9ab6d27f,1b6ab0b6-2dbe-4493-a585-e211c6bba7de,open,in_progress,6307ed65-c77c-40e7-9e0f-0b67135eb7b1,Assigned and work started.,2025-12-11 16:52:00+00
cf90b528-ee22-4be8-acb3-eb9b7671ef90,1b6ab0b6-2dbe-4493-a585-e211c6bba7de,in_progress,resolved,6307ed65-c77c-40e7-9e0f-0b67135eb7b1,Work completed and verified.,2025-12-19 08:41:00+00
6f0f66e8-d792-462f-b858-7b938d11413c,1b6ab0b6-2dbe-4493-a585-e211c6bba7de,resolved,closed,6307ed65-c77c-40e7-9e0f-0b67135eb7b1,Ticket closed.,2025-12-20 09:58:00+00
52c438d8-c057-47a5-af76-e72c297bb5f6,cf3d7add-fbde-4740-9974-1fbc19e215f3,,open,65e1c26e-af5d-4b8c-94f7-12f2c561b570,Ticket raised from the fleet condition report.,2025-10-16 17:07:00+00
758bded8-ae53-4dc6-b630-bb492ef04966,cf3d7add-fbde-4740-9974-1fbc19e215f3,open,in_progress,84ed798e-b511-4f4a-aa3a-e26029fdaf93,Assigned and work started.,2025-10-17 14:06:00+00
66ffb637-d561-4de5-b08e-16de7e85fc14,cf3d7add-fbde-4740-9974-1fbc19e215f3,in_progress,resolved,84ed798e-b511-4f4a-aa3a-e26029fdaf93,Work completed and verified.,2025-11-09 10:27:00+00
382fb488-4d6a-4bc9-8a24-1addb119880e,18dbf873-87c5-4a1f-9551-dc46d86aa476,,open,545309cb-bfd9-4596-abb4-4461e08e7f5c,Ticket raised from the fleet condition report.,2025-06-19 12:24:00+00
d995b6fd-4d1e-4310-bb56-3e79891939d4,18dbf873-87c5-4a1f-9551-dc46d86aa476,open,in_progress,8eff9acb-560a-454d-b4e0-e23389a2264b,Assigned and work started.,2025-06-20 07:27:00+00
444fb0e5-c603-4447-af6a-134cb963964e,18dbf873-87c5-4a1f-9551-dc46d86aa476,in_progress,resolved,8eff9acb-560a-454d-b4e0-e23389a2264b,Work completed and verified.,2025-06-22 05:17:00+00
5df54704-acdc-4477-8b1f-2e051759a979,18dbf873-87c5-4a1f-9551-dc46d86aa476,resolved,closed,8eff9acb-560a-454d-b4e0-e23389a2264b,Ticket closed.,2025-07-02 06:01:00+00
4b01ee73-9fc9-4d15-b186-2b63d9207542,5a20a8a4-758e-4526-ae8c-bf13f3005135,,open,f84c945b-9cf0-4da2-b016-540bd11e036f,Ticket raised from the fleet condition report.,2026-05-15 15:15:00+00
a4e758e5-c627-4af5-836e-9b8008489a10,5a20a8a4-758e-4526-ae8c-bf13f3005135,open,in_progress,6307ed65-c77c-40e7-9e0f-0b67135eb7b1,Assigned and work started.,2026-05-16 10:10:00+00
6302e87a-337b-4e01-b745-0e24dee558d4,5a20a8a4-758e-4526-ae8c-bf13f3005135,in_progress,resolved,6307ed65-c77c-40e7-9e0f-0b67135eb7b1,Work completed and verified.,2026-06-09 17:14:00+00
0789383d-7abc-4969-8f0e-336b6272c65d,1c828d8a-627d-49c4-a2d0-800c97149545,,open,73c05dbe-9e82-4f00-b52a-dab6d654c550,Ticket raised from the fleet condition report.,2026-04-23 17:16:00+00
8ddc6889-76a3-4b0f-a075-e46b03f96662,1c828d8a-627d-49c4-a2d0-800c97149545,open,in_progress,2e1b0afe-0496-4426-b986-9eee617c68c8,Assigned and work started.,2026-04-24 15:37:00+00
b13357fb-4654-44e0-a4b0-cccb1c6d54c0,1c828d8a-627d-49c4-a2d0-800c97149545,in_progress,resolved,2e1b0afe-0496-4426-b986-9eee617c68c8,Work completed and verified.,2026-04-29 09:34:00+00
9dbb5759-3ee0-45ea-a7c9-0e67114728db,a1b311af-8cbe-4ef6-94a4-ce7fd59aecae,,open,b5e9f1ed-2062-4d19-b2b1-2c2f5f9d9d1d,Ticket raised from the fleet condition report.,2025-03-29 09:33:00+00
98b0f6e3-38d0-4165-bc4e-c1ce18c65caf,a1b311af-8cbe-4ef6-94a4-ce7fd59aecae,open,in_progress,20064787-286e-445a-af95-65111a530936,Assigned and work started.,2025-03-30 13:46:00+00
51488b68-ded9-4f9e-a6d2-2588ef5e7f21,a1b311af-8cbe-4ef6-94a4-ce7fd59aecae,in_progress,resolved,20064787-286e-445a-af95-65111a530936,Work completed and verified.,2025-04-14 09:45:00+00
d7da87ef-b462-4dd7-9710-704ddee1d7b9,a1b311af-8cbe-4ef6-94a4-ce7fd59aecae,resolved,closed,20064787-286e-445a-af95-65111a530936,Ticket closed.,2025-04-16 09:00:00+00
f48e3101-d694-4638-a77c-f11051e242c9,f2e00ce5-d0a0-42b6-99b4-a6ee0b3f868d,,open,af901256-e5d4-4ea1-b95a-c5f2006a7629,Ticket raised from the fleet condition report.,2025-12-20 05:15:00+00
0e3a74ea-b7c7-498a-ba7e-675cb30b4563,f2e00ce5-d0a0-42b6-99b4-a6ee0b3f868d,open,in_progress,802b1d2e-50c9-4825-a3ef-2b31b40f3569,Assigned and work started.,2025-12-21 13:20:00+00
1d4e1219-17d4-4807-86c9-9e3026461918,f2e00ce5-d0a0-42b6-99b4-a6ee0b3f868d,in_progress,resolved,802b1d2e-50c9-4825-a3ef-2b31b40f3569,Work completed and verified.,2026-01-06 14:04:00+00
3799fda0-60f6-4d59-9081-c5965c7722fb,f89ac03a-8141-47f6-a45c-e3404d177f1f,,open,12db3dcf-a204-4a5b-a373-e937d8da705f,Ticket raised from the fleet condition report.,2025-05-13 17:07:00+00
c2db543f-b990-43e1-9a96-f601c707d2ec,f89ac03a-8141-47f6-a45c-e3404d177f1f,open,in_progress,94c16a8c-074b-4b37-ab95-493170740735,Assigned and work started.,2025-05-14 15:44:00+00
53ae8fda-9ab7-4a48-bd55-930805103969,f89ac03a-8141-47f6-a45c-e3404d177f1f,in_progress,resolved,94c16a8c-074b-4b37-ab95-493170740735,Work completed and verified.,2025-05-19 05:33:00+00
7ac180d7-9242-4e4d-8c53-bd466ee7eeca,fa1bf299-7f3d-4ac9-9e2d-a74ecfb8fcec,,open,83ec1f03-5a3e-4e22-bc6f-57947070ce66,Ticket raised from the fleet condition report.,2024-08-21 12:20:00+00
c8edb057-12f0-4a5f-a4c8-13b5ce7872ff,fa1bf299-7f3d-4ac9-9e2d-a74ecfb8fcec,open,in_progress,989c4623-2ef3-4227-8eb3-779db0586ef1,Assigned and work started.,2024-08-22 07:54:00+00
33002144-9270-4007-9246-a56009285725,fa1bf299-7f3d-4ac9-9e2d-a74ecfb8fcec,in_progress,resolved,989c4623-2ef3-4227-8eb3-779db0586ef1,Work completed and verified.,2024-09-01 05:07:00+00
189b18ab-eb16-4b93-96e5-e8ccbdf3fa6b,fa1bf299-7f3d-4ac9-9e2d-a74ecfb8fcec,resolved,closed,989c4623-2ef3-4227-8eb3-779db0586ef1,Ticket closed.,2024-09-09 17:37:00+00
1a1f9b73-da0b-4436-be36-aaaf9466a199,a0625a83-7ad9-40ca-8a79-f9e76ff838f2,,open,37312388-fdb3-4d96-a270-ec86cf28080e,Ticket raised from the fleet condition report.,2025-05-16 14:30:00+00
de1e7f8d-f8bd-4ddd-bd74-076ed96cd0ef,a0625a83-7ad9-40ca-8a79-f9e76ff838f2,open,in_progress,ff7c83e7-5c79-453d-ba13-4194d70d1e17,Assigned and work started.,2025-05-17 12:40:00+00
d111e38e-0106-4182-9903-a840897089a1,a0625a83-7ad9-40ca-8a79-f9e76ff838f2,in_progress,resolved,ff7c83e7-5c79-453d-ba13-4194d70d1e17,Work completed and verified.,2025-05-21 09:44:00+00
8f63192a-3cb4-4981-99b1-93b3f87a0165,a0625a83-7ad9-40ca-8a79-f9e76ff838f2,resolved,closed,ff7c83e7-5c79-453d-ba13-4194d70d1e17,Ticket closed.,2025-05-31 07:49:00+00
199e86a6-4ade-461f-a1b9-abe1dee2fc69,5ddd9f44-cc7e-4576-bfb0-5b73102e3d31,,open,263a5437-f0ae-4504-bd2f-56be5d901456,Ticket raised from the fleet condition report.,2025-06-13 11:36:00+00
cec1329c-aea0-4419-aa38-0febdc2836bf,5ddd9f44-cc7e-4576-bfb0-5b73102e3d31,open,in_progress,4004e7eb-3344-4419-9e8c-b6a39833a966,Assigned and work started.,2025-06-14 05:45:00+00
c3c039e5-1fe0-4130-9b2a-f50830d721a6,5ddd9f44-cc7e-4576-bfb0-5b73102e3d31,in_progress,resolved,4004e7eb-3344-4419-9e8c-b6a39833a966,Work completed and verified.,2025-06-28 08:30:00+00
d292fd52-a56a-4282-8432-0a7dc78fe90f,5ddd9f44-cc7e-4576-bfb0-5b73102e3d31,resolved,closed,4004e7eb-3344-4419-9e8c-b6a39833a966,Ticket closed.,2025-07-06 15:02:00+00
fc81f73e-b974-4bb6-a538-de8fce55b9eb,8f7987cb-b701-45d8-849f-52eef75f007f,,open,c90df745-1d60-4fee-882f-634728b39f2d,Ticket raised from the fleet condition report.,2025-06-23 17:33:00+00
aacfb839-a5af-4611-97cd-145b186a5a0d,8f7987cb-b701-45d8-849f-52eef75f007f,open,in_progress,022e5872-55c1-40d7-b067-cc60fae673de,Assigned and work started.,2025-06-24 13:26:00+00
2ae04b9b-b247-4707-9fd8-74ae6414b35d,8f7987cb-b701-45d8-849f-52eef75f007f,in_progress,resolved,022e5872-55c1-40d7-b067-cc60fae673de,Work completed and verified.,2025-06-30 12:50:00+00
9e9ebfa3-7cb3-4244-ae62-689becb6b413,8f7987cb-b701-45d8-849f-52eef75f007f,resolved,closed,022e5872-55c1-40d7-b067-cc60fae673de,Ticket closed.,2025-07-05 15:41:00+00
93971846-8513-4e13-9d19-072b5c8f93dd,00905248-0fff-46db-a844-4ed2fe01a164,,open,8f36fe73-d255-4230-aa2a-00fa311454ec,Ticket raised from the fleet condition report.,2025-03-20 13:13:00+00
1a404606-2301-4012-831c-28c127a429a7,00905248-0fff-46db-a844-4ed2fe01a164,open,in_progress,bdd93a99-626e-4675-b9a7-acfd49c28c66,Assigned and work started.,2025-03-21 12:09:00+00
68027e21-764e-444a-a738-55280efc443c,00905248-0fff-46db-a844-4ed2fe01a164,in_progress,resolved,bdd93a99-626e-4675-b9a7-acfd49c28c66,Work completed and verified.,2025-04-05 09:59:00+00
cabad9b6-1757-42c9-9ad1-49f94ca04359,00905248-0fff-46db-a844-4ed2fe01a164,resolved,closed,bdd93a99-626e-4675-b9a7-acfd49c28c66,Ticket closed.,2025-04-09 16:55:00+00
2b04d740-556c-462b-9ac1-c36ba6abfd40,afc881a3-8f5e-4fe8-ba43-3632c14fb184,,open,d7c4e17b-fc8a-4978-aeb3-385f00c635d1,Ticket raised from the fleet condition report.,2025-10-18 11:16:00+00
d91f3458-deed-47ad-9ba1-d8df2ff6b1e3,afc881a3-8f5e-4fe8-ba43-3632c14fb184,open,in_progress,ac56c0dc-f5dc-458e-ad2c-545b392395a3,Assigned and work started.,2025-10-19 13:15:00+00
348e60a6-6ed0-485e-bfaa-adbc14596054,afc881a3-8f5e-4fe8-ba43-3632c14fb184,in_progress,resolved,ac56c0dc-f5dc-458e-ad2c-545b392395a3,Work completed and verified.,2025-11-08 08:38:00+00
f97ad62e-c04a-45d9-a609-8f2245384bea,afc881a3-8f5e-4fe8-ba43-3632c14fb184,resolved,closed,ac56c0dc-f5dc-458e-ad2c-545b392395a3,Ticket closed.,2025-11-11 05:03:00+00
2dfbd3f1-3437-49fe-aa6c-11a7697aba21,506258ea-e43c-47ee-b259-3ad81a795141,,open,8679d499-93b5-4c67-96a9-235351c57233,Ticket raised from the fleet condition report.,2026-04-25 06:38:00+00
09d8de84-e18f-4a44-a4cc-a32e622f5e75,c9d76b31-87ac-4160-8aa9-f6963b2a1346,,open,4564c7cd-c427-4d40-8bd2-e97e8f18760b,Ticket raised from the fleet condition report.,2024-10-14 06:07:00+00
47bbc384-7a15-4730-a5d2-5ec8aa43f3c3,c9d76b31-87ac-4160-8aa9-f6963b2a1346,open,in_progress,94c16a8c-074b-4b37-ab95-493170740735,Assigned and work started.,2024-10-15 06:05:00+00
3bc49efb-ef86-458e-9563-02dfe95c6b98,c9d76b31-87ac-4160-8aa9-f6963b2a1346,in_progress,resolved,94c16a8c-074b-4b37-ab95-493170740735,Work completed and verified.,2024-10-21 17:48:00+00
3f7e7120-c936-41ba-b330-227d41ee5b0d,c9d76b31-87ac-4160-8aa9-f6963b2a1346,resolved,closed,94c16a8c-074b-4b37-ab95-493170740735,Ticket closed.,2024-10-27 05:16:00+00
8099800d-5160-4499-a8d5-eabc2e815f8f,dd877e8c-e8ad-4af5-9180-a10877d39002,,open,5759f3d2-34f3-483d-818a-1b5627a40557,Ticket raised from the fleet condition report.,2026-04-30 16:37:00+00
047387f3-be72-4b89-9569-36cb220b27c8,dd877e8c-e8ad-4af5-9180-a10877d39002,open,in_progress,597c6eba-286e-440e-922e-420efd907fcc,Assigned and work started.,2026-05-01 13:14:00+00
d4b8baf8-b3de-47e7-a958-011a8edfdf58,dd877e8c-e8ad-4af5-9180-a10877d39002,in_progress,resolved,597c6eba-286e-440e-922e-420efd907fcc,Work completed and verified.,2026-05-03 09:03:00+00
89b6d142-7956-4c30-9ac6-e71281919762,609d827a-2252-4501-83c7-3b0ccd6d8afc,,open,e2199342-06c7-43be-a8c3-07bc1762f57f,Ticket raised from the fleet condition report.,2025-06-25 12:07:00+00
9090d0be-1c4f-41a6-a219-2a2a54be7405,609d827a-2252-4501-83c7-3b0ccd6d8afc,open,in_progress,84ed798e-b511-4f4a-aa3a-e26029fdaf93,Assigned and work started.,2025-06-26 14:05:00+00
5c2aba6d-03ae-4ce6-b3cc-d93b99efa722,609d827a-2252-4501-83c7-3b0ccd6d8afc,in_progress,resolved,84ed798e-b511-4f4a-aa3a-e26029fdaf93,Work completed and verified.,2025-07-01 05:09:00+00
f1a667c7-5040-409a-9037-a34d1ef299f4,5e385a9d-774f-4735-a586-a4c28340d95c,,open,e2edbfb4-2380-494b-9a6e-6f70b8be6c90,Ticket raised from the fleet condition report.,2025-02-21 13:41:00+00
878c73b5-a881-4e38-8c31-587dbf6286f9,5e385a9d-774f-4735-a586-a4c28340d95c,open,in_progress,7b2e85f9-7895-4aca-bf50-e37e9a354eb0,Assigned and work started.,2025-02-22 17:45:00+00
20ca81ec-9912-4b73-b3e7-fcc1ed7b1ea7,5e385a9d-774f-4735-a586-a4c28340d95c,in_progress,resolved,7b2e85f9-7895-4aca-bf50-e37e9a354eb0,Work completed and verified.,2025-03-02 08:30:00+00
6089da7b-1dda-4bb2-aee8-0bbabde61bfc,5e385a9d-774f-4735-a586-a4c28340d95c,resolved,closed,7b2e85f9-7895-4aca-bf50-e37e9a354eb0,Ticket closed.,2025-03-06 08:53:00+00
cf90134c-d9d3-40f0-b9d9-06c3d7578e2e,c2e740a6-46af-4ac7-b2e3-da9b5c5ed00b,,open,af901256-e5d4-4ea1-b95a-c5f2006a7629,Ticket raised from the fleet condition report.,2025-07-15 08:10:00+00
746afc67-4d14-4eaf-8446-1d45cf55efbd,c2e740a6-46af-4ac7-b2e3-da9b5c5ed00b,open,in_progress,79bbaaa4-918b-47e0-ba89-d5f2b5a4d4ba,Assigned and work started.,2025-07-16 15:33:00+00
349bbb48-a91e-4d57-b151-342b6951b3c2,c2e740a6-46af-4ac7-b2e3-da9b5c5ed00b,in_progress,resolved,79bbaaa4-918b-47e0-ba89-d5f2b5a4d4ba,Work completed and verified.,2025-07-21 17:58:00+00
1b12cf7f-3849-47a1-87bf-afb3ce07985a,c2e740a6-46af-4ac7-b2e3-da9b5c5ed00b,resolved,closed,79bbaaa4-918b-47e0-ba89-d5f2b5a4d4ba,Ticket closed.,2025-07-25 16:44:00+00
cd7f3ce9-2ce5-4f94-9001-2d6c827b0580,4254ab09-5e18-40aa-a8e9-cfdfb4b09871,,open,55095c82-2c02-4291-8de2-7d5afe48cf31,Ticket raised from the fleet condition report.,2025-02-21 10:49:00+00
1d424fd0-6dfa-46b3-a438-cce2d9436c92,25c9a38d-e7dd-497e-9b25-1ae6bab035a5,,open,9307f79e-1989-450c-8410-9c18f986c0cf,Ticket raised from the fleet condition report.,2025-12-27 06:20:00+00
54d5c69b-61ed-4f26-a93b-adc2ab07f731,25c9a38d-e7dd-497e-9b25-1ae6bab035a5,open,in_progress,40f69c6c-3cd3-4344-b1f4-7617f7b12fa5,Assigned and work started.,2025-12-28 09:53:00+00
f959c6b1-af24-4cc1-b4ec-b46982e8416c,25c9a38d-e7dd-497e-9b25-1ae6bab035a5,in_progress,resolved,40f69c6c-3cd3-4344-b1f4-7617f7b12fa5,Work completed and verified.,2026-01-20 10:50:00+00
e5d1abb3-381a-4c92-ba2a-deb96307402e,25c9a38d-e7dd-497e-9b25-1ae6bab035a5,resolved,closed,40f69c6c-3cd3-4344-b1f4-7617f7b12fa5,Ticket closed.,2026-01-21 06:36:00+00
7c935291-07fc-4ffb-b778-6b21919a4a46,811d18c5-c158-4224-ac76-dd10496856f6,,open,b532922b-d266-423a-8b64-6756f96af531,Ticket raised from the fleet condition report.,2026-06-16 14:17:00+00
d2456ee1-1f92-4a01-bb28-c82d09e8427e,580d959d-cc26-43d0-82d3-f2c7fe95f3e1,,open,d8f399ad-71ac-433b-9603-54c2ebce9462,Ticket raised from the fleet condition report.,2026-03-21 14:59:00+00
08f66a47-f564-4274-8754-fd532caad75c,580d959d-cc26-43d0-82d3-f2c7fe95f3e1,open,in_progress,c4046467-2ed2-4768-9d99-e876c09fe713,Assigned and work started.,2026-03-22 07:57:00+00
26345906-ff0e-4ba1-8c7c-d44adde0dd8a,580d959d-cc26-43d0-82d3-f2c7fe95f3e1,in_progress,resolved,c4046467-2ed2-4768-9d99-e876c09fe713,Work completed and verified.,2026-04-02 05:27:00+00
7cb32382-b406-4bec-9db9-ab1b6939729a,580d959d-cc26-43d0-82d3-f2c7fe95f3e1,resolved,closed,c4046467-2ed2-4768-9d99-e876c09fe713,Ticket closed.,2026-04-05 05:35:00+00
b03eeee6-3bae-4734-b340-1834a7380b3d,9f59143f-649e-4cb8-9e42-ffdc7f35e942,,open,fca6c7c6-7891-4e0d-bae3-be75e03db35c,Ticket raised from the fleet condition report.,2025-07-25 06:40:00+00
02991af8-2e30-44ef-b954-beac64cc8f1b,9f59143f-649e-4cb8-9e42-ffdc7f35e942,open,in_progress,95bebbd4-1cfc-4de5-93a8-7a5467a0616c,Assigned and work started.,2025-07-26 14:51:00+00
e06530f8-18bb-4a7e-9d76-6aaf7131514c,9f59143f-649e-4cb8-9e42-ffdc7f35e942,in_progress,resolved,95bebbd4-1cfc-4de5-93a8-7a5467a0616c,Work completed and verified.,2025-08-14 10:31:00+00
fdbd65e3-e484-48bf-ab3c-c885180f06d8,9f59143f-649e-4cb8-9e42-ffdc7f35e942,resolved,closed,95bebbd4-1cfc-4de5-93a8-7a5467a0616c,Ticket closed.,2025-08-17 15:28:00+00
827834e7-0712-4345-a182-50eb9b107b84,11788b9e-b1b5-46a2-9cac-e50865e298d3,,open,1823ac1f-270d-49f9-abec-45242da05699,Ticket raised from the fleet condition report.,2025-07-23 11:00:00+00
c71aeae7-74d4-4826-b103-493cec6df15d,11788b9e-b1b5-46a2-9cac-e50865e298d3,open,in_progress,17a78c48-dd35-41f3-9ae8-30460de6feb8,Assigned and work started.,2025-07-24 10:16:00+00
d3ef72b7-66cd-4882-8284-cc2c634401f1,11788b9e-b1b5-46a2-9cac-e50865e298d3,in_progress,resolved,17a78c48-dd35-41f3-9ae8-30460de6feb8,Work completed and verified.,2025-08-11 12:38:00+00
99c22685-b1de-4361-83de-eca5a6a2b41c,11788b9e-b1b5-46a2-9cac-e50865e298d3,resolved,closed,17a78c48-dd35-41f3-9ae8-30460de6feb8,Ticket closed.,2025-08-14 14:00:00+00
51d2c9af-b921-4e4d-a542-7fd643be3474,c2589cd5-0fa2-42ff-8398-512a66f2f366,,open,b221dd05-f6a4-45b2-b09b-265936bd8462,Ticket raised from the fleet condition report.,2025-06-27 15:40:00+00
fb034a36-8489-40b5-bbb2-95d79a411857,c2589cd5-0fa2-42ff-8398-512a66f2f366,open,in_progress,97cc4d1b-3c67-439f-8fdf-b355eb120cfa,Assigned and work started.,2025-06-28 09:54:00+00
95086657-99fe-4f59-8eb7-3f34b803ff2a,c2589cd5-0fa2-42ff-8398-512a66f2f366,in_progress,resolved,97cc4d1b-3c67-439f-8fdf-b355eb120cfa,Work completed and verified.,2025-07-05 07:14:00+00
5560b95c-417b-48c1-9ab9-04635287f8a4,c2589cd5-0fa2-42ff-8398-512a66f2f366,resolved,closed,97cc4d1b-3c67-439f-8fdf-b355eb120cfa,Ticket closed.,2025-07-08 10:36:00+00
404b6881-2c16-4c03-8747-f38f34666256,f48e56ab-9d3a-4df2-a1c7-76f8c5750043,,open,30c46f60-6040-45fd-ac19-15ae34083ba9,Ticket raised from the fleet condition report.,2025-01-11 08:44:00+00
bfb93227-0179-426a-a71d-a40cec02012b,f48e56ab-9d3a-4df2-a1c7-76f8c5750043,open,in_progress,7644642e-745c-4474-890f-0f840a0b5df8,Assigned and work started.,2025-01-12 06:15:00+00
a41813a7-7d8b-44b6-89cc-16ca349c0f7d,f48e56ab-9d3a-4df2-a1c7-76f8c5750043,in_progress,resolved,7644642e-745c-4474-890f-0f840a0b5df8,Work completed and verified.,2025-01-29 16:06:00+00
7a297aa6-ef15-455f-a74d-d98cf8cc49f9,f48e56ab-9d3a-4df2-a1c7-76f8c5750043,resolved,closed,7644642e-745c-4474-890f-0f840a0b5df8,Ticket closed.,2025-02-03 15:52:00+00
354b7854-9e2b-4bff-aafa-6606b762975b,6c88e462-6ec0-4d87-87d6-7f84c8b3e61b,,open,785218fb-cfc1-466f-8524-05e00d4d22a9,Ticket raised from the fleet condition report.,2025-10-23 17:31:00+00
e28078d2-f60f-4c4e-9da9-4abd2c4f3740,6c88e462-6ec0-4d87-87d6-7f84c8b3e61b,open,in_progress,3c90f1c6-065f-43ab-a8fc-5448c3c970a3,Assigned and work started.,2025-10-24 11:51:00+00
a086742c-ce72-451a-8145-4a0d9f7855ac,6c88e462-6ec0-4d87-87d6-7f84c8b3e61b,in_progress,resolved,3c90f1c6-065f-43ab-a8fc-5448c3c970a3,Work completed and verified.,2025-10-31 17:32:00+00
9e47bdb2-fb1a-45ca-81bc-c5a9304c49d2,49f3f4cb-ae05-48e3-8af6-eb07cead8db2,,open,35435063-92fc-49ec-8f3f-19b3b315f062,Ticket raised from the fleet condition report.,2025-01-26 13:31:00+00
8753fd44-85df-4201-80e7-b4fda60f5ffe,ece535b2-524c-4bc0-b223-77d33202a663,resolved,closed,7644642e-745c-4474-890f-0f840a0b5df8,Ticket closed.,2025-05-28 14:51:00+00
d3fdf50f-9354-4a77-ae79-9c74913bf53d,579b8e56-2edc-4fcd-8afb-d27f2e29a8c4,,open,c43b4443-f438-4b6f-93b9-7565a30bd3a2,Ticket raised from the fleet condition report.,2026-08-09 08:22:00+00
4245ba06-59eb-4da1-826c-b67135face0d,a782f7de-104c-49dd-8b3e-a4fb83361cc5,,open,4fa2752c-21e0-493e-9323-ee28c5c15ff0,Ticket raised from the fleet condition report.,2026-01-23 16:45:00+00
576f89d3-fea2-4899-b1f6-5f4f35e6b664,a782f7de-104c-49dd-8b3e-a4fb83361cc5,open,in_progress,7ab528b9-cbf7-4b46-8d45-847ab79da77d,Assigned and work started.,2026-01-24 12:52:00+00
a031e4f9-cfc7-4b63-ab8f-0a66287d9d4d,a782f7de-104c-49dd-8b3e-a4fb83361cc5,in_progress,resolved,7ab528b9-cbf7-4b46-8d45-847ab79da77d,Work completed and verified.,2026-02-17 13:45:00+00
1e7eafe0-101c-468a-bcca-9da89eea385e,a782f7de-104c-49dd-8b3e-a4fb83361cc5,resolved,closed,7ab528b9-cbf7-4b46-8d45-847ab79da77d,Ticket closed.,2026-02-24 11:16:00+00
8c694b0d-ed27-4393-b1db-fe779f10a82e,6f89dded-bb5d-4b7d-be3c-b052ad109eae,,open,8679d499-93b5-4c67-96a9-235351c57233,Ticket raised from the fleet condition report.,2025-06-26 05:20:00+00
f51b3e45-faee-4e3d-a8a6-165720c3f04b,6f89dded-bb5d-4b7d-be3c-b052ad109eae,open,in_progress,ac56c0dc-f5dc-458e-ad2c-545b392395a3,Assigned and work started.,2025-06-27 15:26:00+00
fa898046-3432-476f-ad14-3c8b088b0ad5,6f89dded-bb5d-4b7d-be3c-b052ad109eae,in_progress,resolved,ac56c0dc-f5dc-458e-ad2c-545b392395a3,Work completed and verified.,2025-07-10 15:29:00+00
66bc7c25-12cb-4f65-ab54-b79c85d60b37,6f89dded-bb5d-4b7d-be3c-b052ad109eae,resolved,closed,ac56c0dc-f5dc-458e-ad2c-545b392395a3,Ticket closed.,2025-07-16 15:35:00+00
43521d2c-489b-4728-aef0-c6e1dc6ad117,9c0c9481-3eab-42c7-aa87-3d68ad60fde8,,open,202f85e0-a81b-4067-b831-8e0688702cd1,Ticket raised from the fleet condition report.,2024-12-23 13:19:00+00
e8c99503-65bf-4d1c-a983-b6f50be609ba,246f2b95-cc47-4da9-99bc-f8c4d91d4358,,open,b86c3428-f167-40ff-8973-9c69b332b108,Ticket raised from the fleet condition report.,2026-06-18 14:19:00+00
1c21f1c2-764b-47e4-9c18-8787c2956e42,246f2b95-cc47-4da9-99bc-f8c4d91d4358,open,in_progress,3ed87f3f-9d1e-409e-af21-14fee9e9bc14,Assigned and work started.,2026-06-19 08:34:00+00
eb324158-1026-468a-8b3e-c47f634aa841,246f2b95-cc47-4da9-99bc-f8c4d91d4358,in_progress,resolved,3ed87f3f-9d1e-409e-af21-14fee9e9bc14,Work completed and verified.,2026-06-26 11:08:00+00
2eac07a5-dd68-4e49-bcca-1a2d5e0cdebb,e818fe0e-b834-4350-ad3a-99e645c1b306,,open,2708d4f5-3ad6-4440-8965-792bc8ba02ec,Ticket raised from the fleet condition report.,2025-01-30 06:17:00+00
7d2ab84a-89cd-43a3-95e3-5c480e473a21,e818fe0e-b834-4350-ad3a-99e645c1b306,open,in_progress,0e660caf-be56-441a-9248-89924b2ed16d,Assigned and work started.,2025-01-31 08:27:00+00
a2aec23c-ec06-4b34-95df-c52df77a8529,e818fe0e-b834-4350-ad3a-99e645c1b306,in_progress,resolved,0e660caf-be56-441a-9248-89924b2ed16d,Work completed and verified.,2025-02-13 13:24:00+00
704f5cdc-3d84-4e8e-8424-95e7cb587996,09c34bb2-3503-41a6-9aaa-95a4cf217205,,open,e2ef226b-dfda-42f9-b877-004eb21dd484,Ticket raised from the fleet condition report.,2025-02-23 09:05:00+00
1a1173aa-0aed-42b8-aff9-8cac6d433a91,09c34bb2-3503-41a6-9aaa-95a4cf217205,open,in_progress,b7d6f932-49f4-46ba-85fa-9c50ab72be6f,Assigned and work started.,2025-02-24 08:35:00+00
276faa6e-319c-4a6f-9027-2c5990406e6f,09c34bb2-3503-41a6-9aaa-95a4cf217205,in_progress,resolved,b7d6f932-49f4-46ba-85fa-9c50ab72be6f,Work completed and verified.,2025-03-11 08:38:00+00
c913410f-0b5e-4949-9b8f-7769a4e26b74,09c34bb2-3503-41a6-9aaa-95a4cf217205,resolved,closed,b7d6f932-49f4-46ba-85fa-9c50ab72be6f,Ticket closed.,2025-03-15 13:38:00+00
aa654d86-f639-463c-bed0-858f2326cebb,5b59824e-f57e-4f32-9c19-ee299cdec261,,open,9307f79e-1989-450c-8410-9c18f986c0cf,Ticket raised from the fleet condition report.,2025-10-24 07:34:00+00
f9263357-ed41-4bad-a360-72c3b32774dd,5b59824e-f57e-4f32-9c19-ee299cdec261,open,in_progress,e1c1397c-6345-47ab-948e-0f3e68d615b7,Assigned and work started.,2025-10-25 14:49:00+00
92dae4e0-ba51-4b9c-b1e7-2c498ffd09e7,5b59824e-f57e-4f32-9c19-ee299cdec261,in_progress,resolved,e1c1397c-6345-47ab-948e-0f3e68d615b7,Work completed and verified.,2025-11-17 13:52:00+00
b2db1a15-a5de-412c-8b85-bb886db3b55d,5b59824e-f57e-4f32-9c19-ee299cdec261,resolved,closed,e1c1397c-6345-47ab-948e-0f3e68d615b7,Ticket closed.,2025-11-26 13:47:00+00
aaf0be9d-1d16-4613-af13-7c8cc7e9cac1,3c2d5cc4-df34-41df-98d3-7fddb9588c8e,,open,d6a58d19-0433-442d-8e4b-6dd407e4e844,Ticket raised from the fleet condition report.,2024-08-19 14:04:00+00
3406639c-674c-40e5-bb47-494a7e429b74,3c2d5cc4-df34-41df-98d3-7fddb9588c8e,open,in_progress,799f9455-62db-4da1-8b99-9f32da209d65,Assigned and work started.,2024-08-20 15:33:00+00
993d6165-9fd6-46a9-91a7-3f6587e111ef,3c2d5cc4-df34-41df-98d3-7fddb9588c8e,in_progress,resolved,799f9455-62db-4da1-8b99-9f32da209d65,Work completed and verified.,2024-08-31 08:38:00+00
e094e81b-89cb-43ff-b778-c2bfc6e6a458,3c2d5cc4-df34-41df-98d3-7fddb9588c8e,resolved,closed,799f9455-62db-4da1-8b99-9f32da209d65,Ticket closed.,2024-09-01 08:35:00+00
c940e038-0918-4256-a9f9-63d6d93b56c7,19c4927d-7dfb-44f5-9385-60d84f75842c,,open,d75a5c51-3679-45f1-bdb4-c7d37c50a47e,Ticket raised from the fleet condition report.,2025-09-29 08:10:00+00
dda0d0ea-109b-4c96-b44f-fbcfe08653b2,19c4927d-7dfb-44f5-9385-60d84f75842c,open,in_progress,3c24c592-daf5-4ac0-b10b-6b0035f0c7d3,Assigned and work started.,2025-09-30 09:37:00+00
0a12827f-7fe4-4d55-8a4c-75bcc7195e6c,19c4927d-7dfb-44f5-9385-60d84f75842c,in_progress,resolved,3c24c592-daf5-4ac0-b10b-6b0035f0c7d3,Work completed and verified.,2025-09-30 16:03:00+00
567692a5-a0ef-4eeb-ad01-ad765a04b978,80b4c98c-ab61-4eae-b16c-f00de913755e,,open,5d43b353-f619-4792-b4f1-617a66b1975e,Ticket raised from the fleet condition report.,2024-12-27 12:43:00+00
aa39a834-dc7f-4063-a31d-1ba2ed7d8fc3,80b4c98c-ab61-4eae-b16c-f00de913755e,open,in_progress,799f9455-62db-4da1-8b99-9f32da209d65,Assigned and work started.,2024-12-28 06:16:00+00
6ad57ea1-c1a9-4530-bb54-33d9e507af69,80b4c98c-ab61-4eae-b16c-f00de913755e,in_progress,resolved,799f9455-62db-4da1-8b99-9f32da209d65,Work completed and verified.,2024-12-29 12:57:00+00
60cdcc2f-778a-4ad0-8552-34ddccdfe55c,5eddbbfa-5046-49d4-b41d-caffa3b99cd4,,open,1e6b1233-94a4-4f67-9f4e-be45652c148d,Ticket raised from the fleet condition report.,2026-02-10 08:27:00+00
42f8e7e5-c648-4f43-a187-022ef8b756bc,56075721-4cf4-4ae7-b93c-96eef401d069,,open,83ec1f03-5a3e-4e22-bc6f-57947070ce66,Ticket raised from the fleet condition report.,2024-08-21 10:28:00+00
b9a1626b-2c3c-47a4-97cc-2cb0fcdde074,56075721-4cf4-4ae7-b93c-96eef401d069,open,in_progress,fc40d020-6df0-48d5-964e-6051e0f01179,Assigned and work started.,2024-08-22 10:56:00+00
8bd88a25-b385-4924-a47e-b4aaa3d6efc4,56075721-4cf4-4ae7-b93c-96eef401d069,in_progress,resolved,fc40d020-6df0-48d5-964e-6051e0f01179,Work completed and verified.,2024-09-05 07:56:00+00
0842ffbb-ee3d-4d0f-9604-b1f891ea7a1f,56075721-4cf4-4ae7-b93c-96eef401d069,resolved,closed,fc40d020-6df0-48d5-964e-6051e0f01179,Ticket closed.,2024-09-09 06:53:00+00
30d1bc8c-1daa-4f4a-bf48-f1905603d0ec,a3521abb-da6e-41b0-a04f-c5e721445964,,open,8a906ddd-efc9-4d97-a3e2-4e1e20eba9ae,Ticket raised from the fleet condition report.,2025-05-13 15:22:00+00
172a238c-7839-4d18-82a2-40f5b42ccd7a,a3521abb-da6e-41b0-a04f-c5e721445964,open,in_progress,00e5d1da-737f-4af2-9618-a843c6ba6bc0,Assigned and work started.,2025-05-14 16:22:00+00
5778255c-9773-439f-b687-45bd338c040e,a3521abb-da6e-41b0-a04f-c5e721445964,in_progress,resolved,00e5d1da-737f-4af2-9618-a843c6ba6bc0,Work completed and verified.,2025-05-23 11:07:00+00
bd1a05ce-7dd3-418c-ae1e-89e02acbe78b,a3521abb-da6e-41b0-a04f-c5e721445964,resolved,closed,00e5d1da-737f-4af2-9618-a843c6ba6bc0,Ticket closed.,2025-05-27 14:13:00+00
197f8f7d-0dc8-4ec0-b1c4-0960166ff16d,0c817bdc-c0d9-4254-9f3e-0050b4ee2afe,,open,46b73944-8ece-4c39-886b-b9a4aeefe08a,Ticket raised from the fleet condition report.,2024-11-29 06:22:00+00
dda12343-6d35-4720-a531-1c2d78a84c7c,0c817bdc-c0d9-4254-9f3e-0050b4ee2afe,open,in_progress,94c16a8c-074b-4b37-ab95-493170740735,Assigned and work started.,2024-11-30 06:28:00+00
9cbe0e10-7625-4451-8307-73c18914c24e,0c817bdc-c0d9-4254-9f3e-0050b4ee2afe,in_progress,resolved,94c16a8c-074b-4b37-ab95-493170740735,Work completed and verified.,2024-12-19 11:43:00+00
d1665b8d-76ea-4816-947e-1f87f23b8a18,aa6f7cbb-0846-43ae-97ad-4bf0a042d2b5,,open,7c77d83d-f5f7-475a-b677-e449366d04f9,Ticket raised from the fleet condition report.,2024-10-15 06:49:00+00
69020b47-a007-4625-b06c-8d8ee9c5deca,aa6f7cbb-0846-43ae-97ad-4bf0a042d2b5,open,in_progress,accf0286-4b23-46a3-851f-00be6bdd8e5f,Assigned and work started.,2024-10-16 07:27:00+00
e9106f2e-9f38-42bb-98bb-7ed027f6c8b1,aa6f7cbb-0846-43ae-97ad-4bf0a042d2b5,in_progress,resolved,accf0286-4b23-46a3-851f-00be6bdd8e5f,Work completed and verified.,2024-10-24 11:49:00+00
d6beae99-8047-4b0a-b45e-db012dc17130,aa6f7cbb-0846-43ae-97ad-4bf0a042d2b5,resolved,closed,accf0286-4b23-46a3-851f-00be6bdd8e5f,Ticket closed.,2024-10-27 14:46:00+00
a70f06ad-3d80-4ffe-9987-a39737f1f3f2,a0db5340-6a50-438c-8cac-a578c6abe33a,,open,42665fec-7225-4509-8ad2-324bb15dc7cf,Ticket raised from the fleet condition report.,2025-11-19 12:23:00+00
517e89ce-7485-4960-8325-396e12f7ab4c,a0db5340-6a50-438c-8cac-a578c6abe33a,open,in_progress,2ea7ff67-fdd7-4d0b-96cd-8dd768decfdd,Assigned and work started.,2025-11-20 07:07:00+00
e15a58db-b181-4018-9d53-0d4a1e4eb4fe,a0db5340-6a50-438c-8cac-a578c6abe33a,in_progress,resolved,2ea7ff67-fdd7-4d0b-96cd-8dd768decfdd,Work completed and verified.,2025-11-28 17:32:00+00
17ec457f-c820-4240-945f-87e78e0db6e3,a0db5340-6a50-438c-8cac-a578c6abe33a,resolved,closed,2ea7ff67-fdd7-4d0b-96cd-8dd768decfdd,Ticket closed.,2025-12-02 11:51:00+00
e3d0702f-9d1e-4d5c-b087-b54f1e4226cf,01d9bbe9-1706-4aea-a7a7-9269ec07f93b,,open,a65b104c-d3be-4d8a-be5f-daa9ee0af4cc,Ticket raised from the fleet condition report.,2025-08-29 09:30:00+00
a74ea282-f22b-4eca-8e1c-2ca8f1a9cdec,01d9bbe9-1706-4aea-a7a7-9269ec07f93b,open,in_progress,f101a341-b305-43d6-b170-7cbd8501fef2,Assigned and work started.,2025-08-30 12:18:00+00
aa8c0669-6608-4bbf-9756-a2282349887a,01d9bbe9-1706-4aea-a7a7-9269ec07f93b,in_progress,resolved,f101a341-b305-43d6-b170-7cbd8501fef2,Work completed and verified.,2025-09-02 07:03:00+00
815f7baf-5077-4ac8-9ccd-7d022453b37c,01d9bbe9-1706-4aea-a7a7-9269ec07f93b,resolved,closed,f101a341-b305-43d6-b170-7cbd8501fef2,Ticket closed.,2025-09-09 15:28:00+00
76efa166-d45e-4b2d-94f2-e1ba14acc22e,98b4da64-5006-418f-ba69-80a239dafbec,,open,fe8b8a5c-fa8d-4338-bff2-c33473622fe7,Ticket raised from the fleet condition report.,2025-03-13 13:02:00+00
9d82365b-57ab-443d-90f4-5b1df0df5c46,98b4da64-5006-418f-ba69-80a239dafbec,open,in_progress,d6aec698-ade7-42e5-8a36-3df03605cce0,Assigned and work started.,2025-03-14 07:38:00+00
188240b7-fc03-4425-9ba7-a32eb79cc5c9,98b4da64-5006-418f-ba69-80a239dafbec,in_progress,resolved,d6aec698-ade7-42e5-8a36-3df03605cce0,Work completed and verified.,2025-03-31 08:43:00+00
2cae99bd-0bd1-40b6-af27-0973fb9f002e,ece535b2-524c-4bc0-b223-77d33202a663,,open,b8bd2693-6e8f-4d53-8f57-8abb50dbc33c,Ticket raised from the fleet condition report.,2025-05-16 11:14:00+00
84391523-babb-4bdd-b822-9f30274e7c48,ece535b2-524c-4bc0-b223-77d33202a663,open,in_progress,7644642e-745c-4474-890f-0f840a0b5df8,Assigned and work started.,2025-05-17 12:09:00+00
f4f762b0-6665-429c-a7c7-e0ff24d9e766,ece535b2-524c-4bc0-b223-77d33202a663,in_progress,resolved,7644642e-745c-4474-890f-0f840a0b5df8,Work completed and verified.,2025-05-19 16:35:00+00
3a9f7a3d-09fd-4a33-9eb5-510a682b6c9e,fb68fe00-2069-405c-b672-1ff35e1bc1fe,,open,5ec54120-51da-4099-ba14-4ca0eb715ea5,Ticket raised from the fleet condition report.,2024-08-23 13:14:00+00
62148d64-1b6a-4ba1-953a-125a347eb3be,fb68fe00-2069-405c-b672-1ff35e1bc1fe,open,in_progress,989c4623-2ef3-4227-8eb3-779db0586ef1,Assigned and work started.,2024-08-24 12:01:00+00
b1b9fdcc-a6c8-4e77-bd3d-400e0fae0eeb,fb68fe00-2069-405c-b672-1ff35e1bc1fe,in_progress,resolved,989c4623-2ef3-4227-8eb3-779db0586ef1,Work completed and verified.,2024-09-02 08:33:00+00
eaeec4a5-e78c-45e9-b5b2-94e5cdf5f6b1,fb68fe00-2069-405c-b672-1ff35e1bc1fe,resolved,closed,989c4623-2ef3-4227-8eb3-779db0586ef1,Ticket closed.,2024-09-11 06:44:00+00
1657cb79-5250-4416-b086-1d4250474336,be599043-a0ea-43b1-979f-1f1fca820b1c,,open,29149225-4247-42a7-8958-7e2e64b8e427,Ticket raised from the fleet condition report.,2026-04-14 11:51:00+00
c6863603-e491-4cf0-83bb-e1b0af0e59a8,be599043-a0ea-43b1-979f-1f1fca820b1c,open,in_progress,ff7c83e7-5c79-453d-ba13-4194d70d1e17,Assigned and work started.,2026-04-15 09:35:00+00
cb23d020-b1b3-45de-8b82-d4db151dc1fd,be599043-a0ea-43b1-979f-1f1fca820b1c,in_progress,resolved,ff7c83e7-5c79-453d-ba13-4194d70d1e17,Work completed and verified.,2026-04-16 13:19:00+00
2d0e8f62-e879-45da-b0fa-b06507d53338,be599043-a0ea-43b1-979f-1f1fca820b1c,resolved,closed,ff7c83e7-5c79-453d-ba13-4194d70d1e17,Ticket closed.,2026-04-21 11:59:00+00
c41b8b48-ca31-4553-bbce-7a0c86a757e7,a1f5413a-fb61-409e-aea1-234211567770,,open,6c4cf384-9ab6-4f43-8812-d549c1764862,Ticket raised from the fleet condition report.,2025-06-20 06:56:00+00
717728c3-c1ce-479e-913f-d87337d4a05e,a1f5413a-fb61-409e-aea1-234211567770,open,in_progress,7b2e85f9-7895-4aca-bf50-e37e9a354eb0,Assigned and work started.,2025-06-21 13:42:00+00
e60dee5d-d69a-4c52-a99e-80d5e4284cb5,a1f5413a-fb61-409e-aea1-234211567770,in_progress,resolved,7b2e85f9-7895-4aca-bf50-e37e9a354eb0,Work completed and verified.,2025-06-22 14:11:00+00
affc3ecf-a1b6-4a3e-8c0b-d58037f33876,a1f5413a-fb61-409e-aea1-234211567770,resolved,closed,7b2e85f9-7895-4aca-bf50-e37e9a354eb0,Ticket closed.,2025-07-01 10:59:00+00
5b8f8338-5a05-4f94-858c-cd524dc643cd,fa1f6a3e-81d3-405f-8c66-81a7fe5c699d,,open,59d6aa79-2377-4337-9638-88a668cb9c4b,Ticket raised from the fleet condition report.,2025-08-26 10:28:00+00
e46171ef-7573-47d0-b7e8-7f80a777e830,fa1f6a3e-81d3-405f-8c66-81a7fe5c699d,open,in_progress,e4333d48-503a-4694-b7d9-97ac9dee27e0,Assigned and work started.,2025-08-27 15:38:00+00
06fa9d1e-d0ed-4d7d-bfa0-205702fd3ba2,fa1f6a3e-81d3-405f-8c66-81a7fe5c699d,in_progress,resolved,e4333d48-503a-4694-b7d9-97ac9dee27e0,Work completed and verified.,2025-08-27 06:55:00+00
a73a973e-a86f-4415-bc5b-1ddb47a6f9ef,e3f30b0d-8c6c-4191-9e3c-296959783f80,,open,c7c01cc4-ac80-41d8-957a-a2195736cacf,Ticket raised from the fleet condition report.,2025-03-21 06:45:00+00
ae6a4b07-8fb6-49ed-aa4a-91c43ad87e01,e3f30b0d-8c6c-4191-9e3c-296959783f80,open,in_progress,ee4d2f5c-11a7-4a36-b4f7-9b4da1d376b2,Assigned and work started.,2025-03-22 07:32:00+00
8e96b48a-c9de-404a-90b6-fb1980f308ab,e3f30b0d-8c6c-4191-9e3c-296959783f80,in_progress,resolved,ee4d2f5c-11a7-4a36-b4f7-9b4da1d376b2,Work completed and verified.,2025-04-04 08:17:00+00
0f8b380e-2a42-4a57-927c-0fed30953af5,ab8b04d1-168f-40f3-a762-9c4dc04f8861,,open,66bd3d10-87f2-4918-8763-36e022cb6719,Ticket raised from the fleet condition report.,2026-07-24 13:05:00+00
48f86b7b-5fe0-4c59-a309-0dddbd95be6b,1cf4d20d-d3ac-4c74-b6e6-a15ae97c5222,,open,d8c9b73b-baf2-4cfd-ba84-ecd851223b7d,Ticket raised from the fleet condition report.,2026-02-13 05:19:00+00
2918437d-54dd-46d5-a17d-ec5389b730e4,1cf4d20d-d3ac-4c74-b6e6-a15ae97c5222,open,in_progress,d792505c-1381-4a80-a76a-ba6656107cef,Assigned and work started.,2026-02-14 16:22:00+00
428d0a6d-bebb-4c2d-bfef-2a454a8d9f5b,1cf4d20d-d3ac-4c74-b6e6-a15ae97c5222,in_progress,resolved,d792505c-1381-4a80-a76a-ba6656107cef,Work completed and verified.,2026-03-09 16:14:00+00
4cb4a327-15fd-4621-8b9e-ccadec7bc15e,1cf4d20d-d3ac-4c74-b6e6-a15ae97c5222,resolved,closed,d792505c-1381-4a80-a76a-ba6656107cef,Ticket closed.,2026-03-13 07:46:00+00
83c960ec-4093-44a7-ac0d-8f51f46b73c3,654f1b48-a756-46a0-9860-564f37524d9c,,open,ba7951af-1b58-44f9-b4c1-ddf3453c6d77,Ticket raised from the fleet condition report.,2025-08-30 10:51:00+00
2df1cba2-9d3f-4b51-a2f2-c15bea503818,654f1b48-a756-46a0-9860-564f37524d9c,open,in_progress,f101a341-b305-43d6-b170-7cbd8501fef2,Assigned and work started.,2025-08-31 13:57:00+00
7250b088-fbd6-4646-9736-1fdb742e3d03,654f1b48-a756-46a0-9860-564f37524d9c,in_progress,resolved,f101a341-b305-43d6-b170-7cbd8501fef2,Work completed and verified.,2025-09-21 06:17:00+00
1862c590-8fd9-4ab5-8dae-abdeafe54c4b,654f1b48-a756-46a0-9860-564f37524d9c,resolved,closed,f101a341-b305-43d6-b170-7cbd8501fef2,Ticket closed.,2025-09-25 13:06:00+00
981539ac-96c0-454e-bb08-726195283070,2f949f41-e7f8-4b37-80a2-1818ec8ba978,,open,22389be1-8cf4-468e-a72b-11faaa6d0aff,Ticket raised from the fleet condition report.,2025-07-17 09:34:00+00
e8004a34-0152-4eac-9727-2ce86ecd41e5,2f949f41-e7f8-4b37-80a2-1818ec8ba978,open,in_progress,3898aa8b-e3d3-459d-9a76-60401f8181f0,Assigned and work started.,2025-07-18 15:07:00+00
8db45d72-398f-4865-a931-1d3546511a3b,2f949f41-e7f8-4b37-80a2-1818ec8ba978,in_progress,resolved,3898aa8b-e3d3-459d-9a76-60401f8181f0,Work completed and verified.,2025-07-29 11:25:00+00
63d0471c-2dca-43d6-9390-9a415dd373bb,6525f8f1-a857-4f06-8bef-dc48501d97b2,,open,a53e8145-78e8-49bf-8bf6-d2a4f5d6e5d4,Ticket raised from the fleet condition report.,2026-06-11 05:38:00+00
8af09730-f75f-4064-98f7-376dca803059,6525f8f1-a857-4f06-8bef-dc48501d97b2,open,in_progress,5302dab8-326e-4660-b10d-447ccbcaff6f,Assigned and work started.,2026-06-12 08:59:00+00
47f31026-2c32-4f2c-ba53-34cce7188be1,6525f8f1-a857-4f06-8bef-dc48501d97b2,in_progress,resolved,5302dab8-326e-4660-b10d-447ccbcaff6f,Work completed and verified.,2026-06-16 17:04:00+00
7f519626-2896-40f2-be6f-a58e05c02e59,4e61d410-d7ac-41a7-a3e3-7c86c3889cce,,open,66f76268-d181-4cea-bbf9-29b5446250fb,Ticket raised from the fleet condition report.,2024-08-30 14:08:00+00
10696c96-236c-406f-b8c4-2ad4b144117c,4e61d410-d7ac-41a7-a3e3-7c86c3889cce,open,in_progress,0b830550-4175-4716-9d78-9b2d69d25855,Assigned and work started.,2024-08-31 14:44:00+00
023d7762-7f1f-49e5-9d03-bc23dfae1352,4e61d410-d7ac-41a7-a3e3-7c86c3889cce,in_progress,resolved,0b830550-4175-4716-9d78-9b2d69d25855,Work completed and verified.,2024-09-06 14:08:00+00
28ec3a9b-f003-497f-91a9-b69faedd9f08,4e61d410-d7ac-41a7-a3e3-7c86c3889cce,resolved,closed,0b830550-4175-4716-9d78-9b2d69d25855,Ticket closed.,2024-09-07 15:51:00+00
d68b03b6-b0cd-4983-a70b-29393db9aa78,1904b520-e942-4d80-b90d-c70e5cc20d10,,open,6692c7dd-4b6b-4908-86a3-91731b323aff,Ticket raised from the fleet condition report.,2026-03-14 08:09:00+00
6db07824-ffe2-4df9-8910-0c13726bfcaa,1904b520-e942-4d80-b90d-c70e5cc20d10,open,in_progress,e99de6d2-f02b-433d-81b3-796785680957,Assigned and work started.,2026-03-15 11:55:00+00
746de5d6-16cb-4835-b93c-a2aed7cd7a18,1904b520-e942-4d80-b90d-c70e5cc20d10,in_progress,resolved,e99de6d2-f02b-433d-81b3-796785680957,Work completed and verified.,2026-03-18 12:55:00+00
b2373373-f26e-4bb2-ae14-0a1d1a8b63bb,1904b520-e942-4d80-b90d-c70e5cc20d10,resolved,closed,e99de6d2-f02b-433d-81b3-796785680957,Ticket closed.,2026-03-21 11:25:00+00
67726b58-6dd6-4d1c-81da-eb2607a97f8a,d12c1fe2-6798-42b8-be1c-0b3d132f478f,,open,6460d438-9ae3-4a00-97a6-bde550b8ea43,Ticket raised from the fleet condition report.,2025-07-29 09:30:00+00
fd09a5cf-3694-4e09-9910-3a3bdd9b4111,d12c1fe2-6798-42b8-be1c-0b3d132f478f,open,in_progress,9b2ae800-e7f5-4450-a102-90626d114204,Assigned and work started.,2025-07-30 09:07:00+00
2370d965-c3c3-493c-8b9e-55e27b5321d5,d12c1fe2-6798-42b8-be1c-0b3d132f478f,in_progress,resolved,9b2ae800-e7f5-4450-a102-90626d114204,Work completed and verified.,2025-08-12 14:27:00+00
5e5e09a8-6599-4d1b-a8e6-aaa88d7334ee,d12c1fe2-6798-42b8-be1c-0b3d132f478f,resolved,closed,9b2ae800-e7f5-4450-a102-90626d114204,Ticket closed.,2025-08-20 05:24:00+00
0e30b4fb-3f71-4ee2-8911-7246960c3d86,a8e54f3d-490a-446e-a280-e5f7d1212056,,open,dedd34c4-030e-4a29-b3b3-20abc8e2ed74,Ticket raised from the fleet condition report.,2025-03-15 15:28:00+00
6c10f253-d6a3-4d15-ad10-52c872a45b73,a8e54f3d-490a-446e-a280-e5f7d1212056,open,in_progress,149c1f7c-7257-4a93-8b26-45cae3ef4432,Assigned and work started.,2025-03-16 11:46:00+00
ace304a5-8dcc-43e5-b7eb-2d7f5e93b082,a8e54f3d-490a-446e-a280-e5f7d1212056,in_progress,resolved,149c1f7c-7257-4a93-8b26-45cae3ef4432,Work completed and verified.,2025-03-28 08:30:00+00
3592770a-ffdb-4fa8-a884-6458dbcdec67,a8e54f3d-490a-446e-a280-e5f7d1212056,resolved,closed,149c1f7c-7257-4a93-8b26-45cae3ef4432,Ticket closed.,2025-03-29 07:00:00+00
ec6b4ff0-facd-432e-8d37-92158e7e0081,5316581c-3b74-490a-b2e8-41c05312e62c,,open,b98804b5-aaf4-4355-961f-ff75a2e4dcaf,Ticket raised from the fleet condition report.,2024-10-18 17:27:00+00
343495de-b3af-418b-a7fb-0210922b000a,5316581c-3b74-490a-b2e8-41c05312e62c,open,in_progress,829a4aba-bfc5-46a7-beff-bf556004d109,Assigned and work started.,2024-10-19 11:26:00+00
e5cc2968-3c96-45f6-968d-39111b39232e,5316581c-3b74-490a-b2e8-41c05312e62c,in_progress,resolved,829a4aba-bfc5-46a7-beff-bf556004d109,Work completed and verified.,2024-11-10 15:29:00+00
41371345-6797-46cb-88a7-5b563fbe7398,5316581c-3b74-490a-b2e8-41c05312e62c,resolved,closed,829a4aba-bfc5-46a7-beff-bf556004d109,Ticket closed.,2024-11-16 14:24:00+00
044f4197-ba7d-413d-97c6-93d484e191d0,efbf6f95-05fe-4307-977e-7d320f730c0f,,open,b8bbd9f8-2a17-4177-ad6e-84d27e2b8d5f,Ticket raised from the fleet condition report.,2026-07-19 17:00:00+00
d08f0871-3b40-46de-aca5-35ecc8ef9dda,efbf6f95-05fe-4307-977e-7d320f730c0f,open,in_progress,5184a5dd-4934-4cec-874b-92628013fb71,Assigned and work started.,2026-07-20 11:32:00+00
0640f416-8c4e-4c28-a14c-c4ef402aa281,c8ab2344-a38b-4bf4-bd1f-d17da0f0f48f,,open,e47734b8-dd9f-4e7a-b593-5e4da61900f4,Ticket raised from the fleet condition report.,2025-05-20 05:13:00+00
01e3708c-2c02-4765-80da-4b035fd055ac,c8ab2344-a38b-4bf4-bd1f-d17da0f0f48f,open,in_progress,c4046467-2ed2-4768-9d99-e876c09fe713,Assigned and work started.,2025-05-21 10:27:00+00
dd25b3a9-3f82-4588-ad44-73f86ad134f8,c8ab2344-a38b-4bf4-bd1f-d17da0f0f48f,in_progress,resolved,c4046467-2ed2-4768-9d99-e876c09fe713,Work completed and verified.,2025-06-02 10:32:00+00
aee2c702-18ab-4586-935e-2f7970a3d023,c8ab2344-a38b-4bf4-bd1f-d17da0f0f48f,resolved,closed,c4046467-2ed2-4768-9d99-e876c09fe713,Ticket closed.,2025-06-12 07:38:00+00
5fd3230f-8df7-4a70-aa40-ea5fdcc2ab61,2609d36b-688e-4b41-998b-bfcd7acad482,,open,1ea70755-1c4a-4c56-8d10-f83fdbee5d4c,Ticket raised from the fleet condition report.,2025-05-29 08:59:00+00
271729ff-3851-4c29-a32f-5e92f356b0c9,2609d36b-688e-4b41-998b-bfcd7acad482,open,in_progress,10189291-be15-401e-96a4-9be58799479f,Assigned and work started.,2025-05-30 14:51:00+00
48a7d467-6c89-481b-9211-c398b9d40db7,2609d36b-688e-4b41-998b-bfcd7acad482,in_progress,resolved,10189291-be15-401e-96a4-9be58799479f,Work completed and verified.,2025-06-19 15:37:00+00
a28e8f4b-0eee-4ccf-9ad6-dcf85c1de02a,2609d36b-688e-4b41-998b-bfcd7acad482,resolved,closed,10189291-be15-401e-96a4-9be58799479f,Ticket closed.,2025-06-21 14:12:00+00
f98aad36-0a44-4427-80fd-f8c1833541a8,0c1f00d0-1aa4-436c-82c6-efd87bf577dc,,open,c6c5bb52-5726-498c-8641-8a82e02faff5,Ticket raised from the fleet condition report.,2025-11-12 06:29:00+00
7221243d-06a0-48f1-9cdc-0cd6bbad525f,0c1f00d0-1aa4-436c-82c6-efd87bf577dc,open,in_progress,accf0286-4b23-46a3-851f-00be6bdd8e5f,Assigned and work started.,2025-11-13 16:02:00+00
15870645-1217-4a64-b4cc-12799c1792ac,0c1f00d0-1aa4-436c-82c6-efd87bf577dc,in_progress,resolved,accf0286-4b23-46a3-851f-00be6bdd8e5f,Work completed and verified.,2025-12-04 14:47:00+00
149e200c-f87a-4190-9702-5f96e9fc220d,dfc45c12-ea46-4de5-96b5-6daa1cdf9e42,,open,b993bb23-a481-4196-902b-78ab172f7c14,Ticket raised from the fleet condition report.,2025-01-19 12:33:00+00
012557ec-0793-4b4a-9030-f4b15333f28b,12dbb7c6-a9a2-464c-a281-87ef477a6633,,open,b8bbd9f8-2a17-4177-ad6e-84d27e2b8d5f,Ticket raised from the fleet condition report.,2025-08-19 10:38:00+00
8ca46051-73ba-41fe-ac3a-ddfe5a90f3df,915d70a3-31a8-4d0c-b8df-7201c85e669a,,open,2ba52f1c-9da0-432b-a4c3-623540af6ae9,Ticket raised from the fleet condition report.,2025-07-30 09:59:00+00
f1cf07b3-8cc5-484e-b9bc-6bd48d49a349,915d70a3-31a8-4d0c-b8df-7201c85e669a,open,in_progress,2ea7ff67-fdd7-4d0b-96cd-8dd768decfdd,Assigned and work started.,2025-07-31 12:43:00+00
85fdc3f8-fadd-4ea6-adf5-73f2e98e6572,915d70a3-31a8-4d0c-b8df-7201c85e669a,in_progress,resolved,2ea7ff67-fdd7-4d0b-96cd-8dd768decfdd,Work completed and verified.,2025-08-07 12:13:00+00
82f01f8c-6e2d-4b42-a6ff-de957e39c298,9e700018-88ae-4411-ac2e-3024cbdea5b4,,open,a9a9d2d2-09e7-40de-b060-8dec80491082,Ticket raised from the fleet condition report.,2025-07-16 14:04:00+00
83376ab3-f915-4d52-bb51-b3d890446ad6,9e700018-88ae-4411-ac2e-3024cbdea5b4,open,in_progress,e3558ee6-f358-4467-ac51-00c0aa187644,Assigned and work started.,2025-07-17 13:05:00+00
8e1d9baa-fc59-4d47-b13e-1128e9f764e9,9e700018-88ae-4411-ac2e-3024cbdea5b4,in_progress,resolved,e3558ee6-f358-4467-ac51-00c0aa187644,Work completed and verified.,2025-07-28 13:12:00+00
ba92a75e-a8d0-4afc-a364-3498ee9c3acd,9e700018-88ae-4411-ac2e-3024cbdea5b4,resolved,closed,e3558ee6-f358-4467-ac51-00c0aa187644,Ticket closed.,2025-07-29 10:41:00+00
d41bc71b-fb83-4c46-8496-e79c73725759,d26d94c1-8ecd-433f-9f95-86983b6e5be5,,open,e54af5d3-572c-4427-9478-fdcf07c3aa68,Ticket raised from the fleet condition report.,2026-02-28 16:19:00+00
20b33650-9211-44e6-b9b1-43fbbeed627c,d26d94c1-8ecd-433f-9f95-86983b6e5be5,open,in_progress,57ace99d-32e1-4aae-af41-0861213bfb33,Assigned and work started.,2026-03-01 14:14:00+00
d99879e8-28b5-4415-8efc-4068d0e2c821,d26d94c1-8ecd-433f-9f95-86983b6e5be5,in_progress,resolved,57ace99d-32e1-4aae-af41-0861213bfb33,Work completed and verified.,2026-03-12 06:05:00+00
6db4f3d5-2f1c-4747-a4df-411a79bb45a0,56f6c3b8-9e6d-407b-9f1d-ffc620d516dc,,open,bdcafd2b-af00-4468-9bfa-56fec76a416b,Ticket raised from the fleet condition report.,2025-04-10 08:21:00+00
d7c58cad-ea1a-4316-b163-0d02f99118a6,56f6c3b8-9e6d-407b-9f1d-ffc620d516dc,open,in_progress,e3558ee6-f358-4467-ac51-00c0aa187644,Assigned and work started.,2025-04-11 05:47:00+00
16824eab-e551-4e34-9f2d-93f1df90a2ed,56f6c3b8-9e6d-407b-9f1d-ffc620d516dc,in_progress,resolved,e3558ee6-f358-4467-ac51-00c0aa187644,Work completed and verified.,2025-04-13 12:42:00+00
708f9725-4a28-4bd4-8133-e1b8a0d93f3e,56f6c3b8-9e6d-407b-9f1d-ffc620d516dc,resolved,closed,e3558ee6-f358-4467-ac51-00c0aa187644,Ticket closed.,2025-04-15 07:09:00+00
fb2945ac-91a4-4633-8d1c-3de36a72123d,2dda1b3d-4530-4c53-a06c-d390de26b0ec,,open,af901256-e5d4-4ea1-b95a-c5f2006a7629,Ticket raised from the fleet condition report.,2026-08-08 13:10:00+00
3e3d7adf-4b57-468d-a48b-3f9f31629e84,abf8510a-564d-4e84-a16d-84a332229362,,open,5d47a181-9a09-4bbf-9c80-c3da3e81e428,Ticket raised from the fleet condition report.,2026-07-18 15:56:00+00
bc092482-cd9d-4dd7-8259-307dc63f332e,9801a8fb-89b4-4c59-9281-786a6cfa385e,,open,d228e58a-85a6-4059-b62f-262964a70737,Ticket raised from the fleet condition report.,2024-08-11 06:30:00+00
286f8a84-9281-41e7-8509-81fe81eeb9af,9801a8fb-89b4-4c59-9281-786a6cfa385e,open,in_progress,d4ab1734-15c1-4d19-a3f3-9db75f910cd8,Assigned and work started.,2024-08-12 14:17:00+00
13b75294-61a2-4f14-b917-513bf6602ee0,9801a8fb-89b4-4c59-9281-786a6cfa385e,in_progress,resolved,d4ab1734-15c1-4d19-a3f3-9db75f910cd8,Work completed and verified.,2024-08-16 17:04:00+00
82215a42-ebf8-4872-9669-dd2fb70049b1,9801a8fb-89b4-4c59-9281-786a6cfa385e,resolved,closed,d4ab1734-15c1-4d19-a3f3-9db75f910cd8,Ticket closed.,2024-08-22 15:13:00+00
07330695-ce0d-45d3-b585-c8e88bf9dabb,ebfbf501-5004-4242-a27a-ff4d0196a0b9,,open,ea324bca-a96a-4b21-bfbe-36e05de472bb,Ticket raised from the fleet condition report.,2025-02-24 05:40:00+00
0d93593b-740f-4b14-90c0-6b81b0851c00,ebfbf501-5004-4242-a27a-ff4d0196a0b9,open,in_progress,0bcca5d2-620c-4e90-ae82-fb6ffc7af33d,Assigned and work started.,2025-02-25 09:38:00+00
738f7aee-5639-46c4-938c-91ba7642f6e7,ebfbf501-5004-4242-a27a-ff4d0196a0b9,in_progress,resolved,0bcca5d2-620c-4e90-ae82-fb6ffc7af33d,Work completed and verified.,2025-03-01 10:32:00+00
eb8aaf9a-0b86-4cad-a6fb-fe13e0a1ee88,9cbb322a-23dc-4c75-8672-4bba9feff451,,open,30c46f60-6040-45fd-ac19-15ae34083ba9,Ticket raised from the fleet condition report.,2025-04-26 13:35:00+00
5ca18f8c-0800-4274-8f70-80fb70de23a7,9cbb322a-23dc-4c75-8672-4bba9feff451,open,in_progress,7ab528b9-cbf7-4b46-8d45-847ab79da77d,Assigned and work started.,2025-04-27 08:25:00+00
7ef39f24-b518-4755-86cf-933dd6929d66,9cbb322a-23dc-4c75-8672-4bba9feff451,in_progress,resolved,7ab528b9-cbf7-4b46-8d45-847ab79da77d,Work completed and verified.,2025-05-06 05:04:00+00
30bffa61-0cb0-4ea1-816b-60b94451a7cb,9cbb322a-23dc-4c75-8672-4bba9feff451,resolved,closed,7ab528b9-cbf7-4b46-8d45-847ab79da77d,Ticket closed.,2025-05-07 05:15:00+00
523bd630-38b7-4bf4-8630-7fc17205d46a,bb7749e4-8a40-4c9e-85a5-9a5f926798b5,,open,c7d43f46-0cb9-40d1-ba17-47dd628fe68b,Ticket raised from the fleet condition report.,2025-03-12 09:04:00+00
b7fc2ff0-e746-469a-a366-6e6e3ecd7ceb,bb7749e4-8a40-4c9e-85a5-9a5f926798b5,open,in_progress,7b2e85f9-7895-4aca-bf50-e37e9a354eb0,Assigned and work started.,2025-03-13 11:04:00+00
96768a45-f927-405e-9aeb-e37c07e66a9f,bb7749e4-8a40-4c9e-85a5-9a5f926798b5,in_progress,resolved,7b2e85f9-7895-4aca-bf50-e37e9a354eb0,Work completed and verified.,2025-03-22 17:19:00+00
fbba4377-cd2c-4ce9-bfd6-07f20582bb30,375f25bc-e11b-47b0-b806-93a89b5bb09b,,open,ccba67cb-d7ef-4dfe-a87f-39cbd640dfab,Ticket raised from the fleet condition report.,2024-09-24 15:37:00+00
b47bb6d0-3223-4b25-90d0-5b464e9ff0ca,375f25bc-e11b-47b0-b806-93a89b5bb09b,open,in_progress,3ad6d85f-8eb2-429d-b6b0-9df328ae585b,Assigned and work started.,2024-09-25 12:03:00+00
d3ae2588-65d6-471f-9854-8db3c1138d3c,375f25bc-e11b-47b0-b806-93a89b5bb09b,in_progress,resolved,3ad6d85f-8eb2-429d-b6b0-9df328ae585b,Work completed and verified.,2024-09-27 07:29:00+00
bfa959ba-a649-4be9-b6d0-288c95ab4e33,6165cb2d-7e2f-4714-a7fc-07c4d9580132,,open,ac12a941-4c38-43f8-ac1f-6c1672cf260e,Ticket raised from the fleet condition report.,2025-08-11 09:57:00+00
ca6024b4-c559-4d6c-b311-909ccebc3876,6165cb2d-7e2f-4714-a7fc-07c4d9580132,open,in_progress,4004e7eb-3344-4419-9e8c-b6a39833a966,Assigned and work started.,2025-08-12 16:45:00+00
91ad4994-090d-4001-aa70-0d56c1a87d38,6165cb2d-7e2f-4714-a7fc-07c4d9580132,in_progress,resolved,4004e7eb-3344-4419-9e8c-b6a39833a966,Work completed and verified.,2025-08-31 08:02:00+00
b85e3bcb-ba3e-43ee-a23a-1ef1bc998870,6165cb2d-7e2f-4714-a7fc-07c4d9580132,resolved,closed,4004e7eb-3344-4419-9e8c-b6a39833a966,Ticket closed.,2025-09-09 12:07:00+00
598c05bf-6145-485f-840c-fcaac70420d1,99b49c77-28fe-4f75-8b82-edd4cc2dd075,,open,ebb9527c-518e-4fe9-a686-6a365ae6f8c8,Ticket raised from the fleet condition report.,2026-01-28 11:08:00+00
f53d3dc3-9957-42eb-bf93-97d7b65e1969,99b49c77-28fe-4f75-8b82-edd4cc2dd075,open,in_progress,6d8966a8-2474-4d35-9fd9-7bb3b648f6fd,Assigned and work started.,2026-01-29 12:01:00+00
00ec2a43-8e16-4e01-972f-3329751f5acd,99b49c77-28fe-4f75-8b82-edd4cc2dd075,in_progress,resolved,6d8966a8-2474-4d35-9fd9-7bb3b648f6fd,Work completed and verified.,2026-02-13 11:17:00+00
e02476b8-27b8-4dfb-a0cb-37f3b9b2fe77,99b49c77-28fe-4f75-8b82-edd4cc2dd075,resolved,closed,6d8966a8-2474-4d35-9fd9-7bb3b648f6fd,Ticket closed.,2026-02-23 12:40:00+00
903712c6-29a7-472d-aec1-f0d4c54de5c3,a2d8dc3c-e7ff-4218-b7d7-1053ab7e824e,,open,62d962ea-3a37-474e-8610-311f35bfaafd,Ticket raised from the fleet condition report.,2025-12-24 09:23:00+00
2f856253-e4c8-4e5d-83a5-28c8187dba1d,a2d8dc3c-e7ff-4218-b7d7-1053ab7e824e,open,in_progress,fb16df24-42b0-44f6-8de3-8f95cdd7dc1f,Assigned and work started.,2025-12-25 08:56:00+00
8e67640a-200d-488b-999b-d2ec71a45e8d,a2d8dc3c-e7ff-4218-b7d7-1053ab7e824e,in_progress,resolved,fb16df24-42b0-44f6-8de3-8f95cdd7dc1f,Work completed and verified.,2026-01-18 13:13:00+00
2b27212a-24d3-43d0-82d8-ff718556c7e9,a2d8dc3c-e7ff-4218-b7d7-1053ab7e824e,resolved,closed,fb16df24-42b0-44f6-8de3-8f95cdd7dc1f,Ticket closed.,2026-01-25 16:21:00+00
0f675961-74e0-48b3-84ed-6e80f695f118,c76eafa8-1825-45a3-8444-f496f6346557,,open,ba7951af-1b58-44f9-b4c1-ddf3453c6d77,Ticket raised from the fleet condition report.,2025-04-13 12:11:00+00
98bfd36a-4ed1-4fdb-8055-6795ea0f9de1,c76eafa8-1825-45a3-8444-f496f6346557,open,in_progress,5797f891-99a9-4a6a-b447-0d48d749c9b0,Assigned and work started.,2025-04-14 07:14:00+00
1dd4b14e-e99f-4921-911f-843d8cb04ac3,c76eafa8-1825-45a3-8444-f496f6346557,in_progress,resolved,5797f891-99a9-4a6a-b447-0d48d749c9b0,Work completed and verified.,2025-04-16 09:28:00+00
771e7ec0-c920-4b5f-9b6e-0aaebe15b7ae,c76eafa8-1825-45a3-8444-f496f6346557,resolved,closed,5797f891-99a9-4a6a-b447-0d48d749c9b0,Ticket closed.,2025-04-25 16:12:00+00
3011e8b1-c730-4d10-91f5-0bbb6834d131,52b43672-0f9d-4004-95de-2882a4bb03c8,,open,9a9f1947-811f-4d1f-a9f5-ca5d18d1c869,Ticket raised from the fleet condition report.,2026-07-16 17:34:00+00
de44cded-574d-4648-be22-e86fddfa7ba1,52b43672-0f9d-4004-95de-2882a4bb03c8,open,in_progress,5284761e-4d1d-4e36-97eb-848604be7358,Assigned and work started.,2026-07-17 10:40:00+00
fb83e7de-390f-44f8-afc8-81654f355667,52b43672-0f9d-4004-95de-2882a4bb03c8,in_progress,resolved,5284761e-4d1d-4e36-97eb-848604be7358,Work completed and verified.,2026-07-25 05:33:00+00
3ed6f6d9-0366-464d-a1d4-9620d2b16ce7,e1ba2414-8cb9-4cc5-8b34-9238dc467918,,open,31ce2993-96a0-48fd-a5c2-2cd19ba1d64f,Ticket raised from the fleet condition report.,2025-06-12 05:09:00+00
189fdcd7-5547-4253-b894-e9fd2d6596c4,e1ba2414-8cb9-4cc5-8b34-9238dc467918,open,in_progress,1ad7ccbc-6809-4f96-83f4-c7636a2a4728,Assigned and work started.,2025-06-13 07:08:00+00
e32b4de6-4e5a-49a5-8a4f-aaff086935f4,e1ba2414-8cb9-4cc5-8b34-9238dc467918,in_progress,resolved,1ad7ccbc-6809-4f96-83f4-c7636a2a4728,Work completed and verified.,2025-06-24 07:54:00+00
7de3e19e-4546-4a7f-a74d-6e8f859dcb24,8715c5c5-beef-4fbb-b802-ef2a437e72f6,,open,70a93dbc-6bb7-4b15-a65b-decaf5fe21c7,Ticket raised from the fleet condition report.,2026-02-14 09:28:00+00
6ed563b8-618d-42f1-aea2-d6d5e463fe11,8715c5c5-beef-4fbb-b802-ef2a437e72f6,open,in_progress,2cd60729-dc8f-4065-95f7-a53f836a2138,Assigned and work started.,2026-02-15 08:53:00+00
6e2bfb97-0c9b-4b67-bd51-69bb6b58d58a,8715c5c5-beef-4fbb-b802-ef2a437e72f6,in_progress,resolved,2cd60729-dc8f-4065-95f7-a53f836a2138,Work completed and verified.,2026-03-05 08:30:00+00
53c97043-1d69-45b3-a9cf-55e01266b9b5,2ffa0a3d-6e1b-4d9c-9956-169ce886e845,,open,983f9089-e5b9-47df-95ca-ffb5d0ca1c39,Ticket raised from the fleet condition report.,2025-03-23 13:00:00+00
98256096-c695-42aa-bb9c-4bc8104a284b,2ffa0a3d-6e1b-4d9c-9956-169ce886e845,open,in_progress,2fb7dab3-e151-490f-9c20-9b329d4fba20,Assigned and work started.,2025-03-24 16:11:00+00
b3df4839-70df-4a59-b907-5b0187ea81db,2ffa0a3d-6e1b-4d9c-9956-169ce886e845,in_progress,resolved,2fb7dab3-e151-490f-9c20-9b329d4fba20,Work completed and verified.,2025-04-06 16:36:00+00
0d682303-2811-4e79-9bc7-12334c46648f,2ffa0a3d-6e1b-4d9c-9956-169ce886e845,resolved,closed,2fb7dab3-e151-490f-9c20-9b329d4fba20,Ticket closed.,2025-04-07 17:09:00+00
5477cf02-b080-4432-96a6-1c6dc28d03fa,71448909-6d3a-4c2b-a347-705054f913da,,open,8c660120-06ae-494a-8b89-5ba8438020a9,Ticket raised from the fleet condition report.,2025-06-12 06:05:00+00
cf346f9e-1160-4e41-88f8-d53b0dbc026e,71448909-6d3a-4c2b-a347-705054f913da,open,in_progress,9ac1f452-afac-4a3b-b3eb-3e9ebe62c5a9,Assigned and work started.,2025-06-13 16:11:00+00
2c9609d1-338a-4398-9685-d90f53886059,71448909-6d3a-4c2b-a347-705054f913da,in_progress,resolved,9ac1f452-afac-4a3b-b3eb-3e9ebe62c5a9,Work completed and verified.,2025-07-07 15:54:00+00
bd9c444b-5433-438a-b1b4-2600ba0843c9,71448909-6d3a-4c2b-a347-705054f913da,resolved,closed,9ac1f452-afac-4a3b-b3eb-3e9ebe62c5a9,Ticket closed.,2025-07-08 08:57:00+00
7b54dcf3-0806-4625-85e0-1a1371d15a7e,f99cd5fb-e78c-4152-9e5e-932b69efda83,,open,5eaa01fc-d211-42fc-b8a3-b4264659d850,Ticket raised from the fleet condition report.,2026-04-20 12:20:00+00
6832f0b6-1fe7-4142-b03e-d02d84c609c4,f99cd5fb-e78c-4152-9e5e-932b69efda83,open,in_progress,772aca7d-b461-4fef-a7c6-4f8345059174,Assigned and work started.,2026-04-21 05:00:00+00
2001e5e5-e1ad-4246-9189-c0bc95cde6a4,f99cd5fb-e78c-4152-9e5e-932b69efda83,in_progress,resolved,772aca7d-b461-4fef-a7c6-4f8345059174,Work completed and verified.,2026-05-09 15:15:00+00
bfb4811a-b342-46df-887e-62d2acf0cf7d,ecd059a2-7d3d-47b7-a8eb-f08652317db4,,open,ebb9527c-518e-4fe9-a686-6a365ae6f8c8,Ticket raised from the fleet condition report.,2026-03-12 10:49:00+00
3228bb06-7a0b-4ced-acdd-e4324e28595e,ecd059a2-7d3d-47b7-a8eb-f08652317db4,open,in_progress,667f1ef6-99d9-4cff-b551-bc452b65fc89,Assigned and work started.,2026-03-13 09:44:00+00
4847078d-a53c-4d77-8a4f-8fa674c5a7e5,ecd059a2-7d3d-47b7-a8eb-f08652317db4,in_progress,resolved,667f1ef6-99d9-4cff-b551-bc452b65fc89,Work completed and verified.,2026-04-03 06:48:00+00
222e8eff-581d-42fc-9bdf-41daaa6336ca,ecd059a2-7d3d-47b7-a8eb-f08652317db4,resolved,closed,667f1ef6-99d9-4cff-b551-bc452b65fc89,Ticket closed.,2026-04-09 11:57:00+00
124c08cc-31ed-48dc-a620-8d33f77d2cf7,ded145b5-d3d2-4236-913a-b3894ccf93c1,,open,800c9de1-d78b-4ef5-8b91-34c4bcbac5b0,Ticket raised from the fleet condition report.,2025-08-20 08:27:00+00
8b43eacb-34a8-4cf5-9d13-f9f0df9ec260,ded145b5-d3d2-4236-913a-b3894ccf93c1,open,in_progress,17a78c48-dd35-41f3-9ae8-30460de6feb8,Assigned and work started.,2025-08-21 09:34:00+00
7cc959c5-2837-4395-8ded-f40a278af38d,ded145b5-d3d2-4236-913a-b3894ccf93c1,in_progress,resolved,17a78c48-dd35-41f3-9ae8-30460de6feb8,Work completed and verified.,2025-09-06 08:52:00+00
8bd2eae5-7c55-483d-8662-b85240cafa70,75c5d8da-139d-46c2-8a8c-6836afbbf0dc,,open,f84c945b-9cf0-4da2-b016-540bd11e036f,Ticket raised from the fleet condition report.,2024-12-23 13:48:00+00
4aa7a04e-8cb6-4f39-88ea-bc0425556d41,75c5d8da-139d-46c2-8a8c-6836afbbf0dc,open,in_progress,6307ed65-c77c-40e7-9e0f-0b67135eb7b1,Assigned and work started.,2024-12-24 08:11:00+00
5be08725-be4f-447d-8cd5-1f965f4d2d0e,75c5d8da-139d-46c2-8a8c-6836afbbf0dc,in_progress,resolved,6307ed65-c77c-40e7-9e0f-0b67135eb7b1,Work completed and verified.,2025-01-11 07:02:00+00
4f519058-1a1f-4cee-9ffb-ce8f1440c34d,e96a17d4-da86-47ec-a0bf-9e790312c349,,open,3e96b4b5-b16a-43cd-a0e6-f634d1a11d95,Ticket raised from the fleet condition report.,2026-05-13 07:36:00+00
a5937a3e-9a16-490a-b975-a2663ea6a6e7,e96a17d4-da86-47ec-a0bf-9e790312c349,open,in_progress,3ad6d85f-8eb2-429d-b6b0-9df328ae585b,Assigned and work started.,2026-05-14 09:22:00+00
a3f7ce4b-8042-4574-9f76-1ccc54591aaa,91915227-a31f-4ad7-af3e-da4269f040d3,,open,448f3ddf-c848-4c37-8aff-485580847d47,Ticket raised from the fleet condition report.,2024-12-17 05:11:00+00
ae14dadb-2d64-440f-ad50-4c97baca9526,91915227-a31f-4ad7-af3e-da4269f040d3,open,in_progress,2cd60729-dc8f-4065-95f7-a53f836a2138,Assigned and work started.,2024-12-18 08:06:00+00
aa1c6cf7-5dcd-4097-bcc1-813b11a220b7,91915227-a31f-4ad7-af3e-da4269f040d3,in_progress,resolved,2cd60729-dc8f-4065-95f7-a53f836a2138,Work completed and verified.,2024-12-20 09:07:00+00
6412b706-5d36-4e78-a6d3-28bff77395c2,91915227-a31f-4ad7-af3e-da4269f040d3,resolved,closed,2cd60729-dc8f-4065-95f7-a53f836a2138,Ticket closed.,2024-12-22 16:41:00+00
441bcff0-86c8-4f8c-8bf6-f4b50f5ade0a,a60505a3-93b7-4331-b282-6e1e7f524dee,,open,028fc067-0273-4225-ac7c-936820e2c296,Ticket raised from the fleet condition report.,2025-04-13 16:59:00+00
d7b91850-10a4-4c34-b76e-f5e18e153642,a60505a3-93b7-4331-b282-6e1e7f524dee,open,in_progress,c3bd164c-dac0-42f6-a8bd-f5f7ab7dd58c,Assigned and work started.,2025-04-14 06:30:00+00
c4c1981b-71a5-4565-99d4-9930b1bea130,a60505a3-93b7-4331-b282-6e1e7f524dee,in_progress,resolved,c3bd164c-dac0-42f6-a8bd-f5f7ab7dd58c,Work completed and verified.,2025-04-25 12:34:00+00
ae626c68-fcbd-4eb7-9d84-a4d5bd96c933,7b092f41-659d-4fd3-b021-f5bd351033f0,,open,93f0c347-46c9-419a-af5e-ce9e2648b755,Ticket raised from the fleet condition report.,2026-05-27 10:06:00+00
073eaf4f-d337-4e0c-91bc-a2fdeea912fe,7b092f41-659d-4fd3-b021-f5bd351033f0,open,in_progress,667f1ef6-99d9-4cff-b551-bc452b65fc89,Assigned and work started.,2026-05-28 13:22:00+00
79aee201-a7b3-454b-96e1-7e929d7847be,7b092f41-659d-4fd3-b021-f5bd351033f0,in_progress,resolved,667f1ef6-99d9-4cff-b551-bc452b65fc89,Work completed and verified.,2026-05-28 07:19:00+00
9f1dc011-71d2-47c2-9ce3-24ca9c9e0810,d2196888-c0c3-44ff-b5fc-78f2fd870878,,open,9cb44f3e-4dc3-4ac9-bf65-bb8f29efc8e6,Ticket raised from the fleet condition report.,2026-07-25 16:43:00+00
2476cdff-4ad0-4a2f-8361-194854541e86,d2196888-c0c3-44ff-b5fc-78f2fd870878,open,in_progress,149c1f7c-7257-4a93-8b26-45cae3ef4432,Assigned and work started.,2026-07-26 06:06:00+00
a0e81b53-d437-4919-a9d4-fe6fe22fd99b,12048117-5926-468e-bfa1-e7faf57c8f40,,open,c5ac0691-9daf-41ec-9af8-8a163bd32f72,Ticket raised from the fleet condition report.,2026-08-05 12:18:00+00
00150ef3-2c0c-4465-a0f2-1d13ed00fefd,12048117-5926-468e-bfa1-e7faf57c8f40,open,in_progress,022e5872-55c1-40d7-b067-cc60fae673de,Assigned and work started.,2026-08-06 17:51:00+00
0785a5f5-da69-4744-bf0e-84b140f185bc,300161c6-fa04-4685-adf0-5eaf7914f9fd,,open,2b2dd463-c79c-4e5e-9b4c-4bf76d30b8fa,Ticket raised from the fleet condition report.,2026-04-18 10:29:00+00
620cec95-447d-4ba1-af95-43b9d824cd88,0d7eed56-7055-4f8d-b592-65535454bbe4,,open,b737044f-e300-48b8-8023-aa3efab6953e,Ticket raised from the fleet condition report.,2026-04-30 06:56:00+00
3527ec62-ca67-4a35-99d2-b2ee36849630,0d7eed56-7055-4f8d-b592-65535454bbe4,open,in_progress,fb16df24-42b0-44f6-8de3-8f95cdd7dc1f,Assigned and work started.,2026-05-01 12:33:00+00
d147e91c-d6a9-407a-8e55-5c7254940241,3c55a2f0-260f-4a2a-9532-307bfad17edf,,open,071c8cbe-8125-4dde-ae07-2ac65beea113,Ticket raised from the fleet condition report.,2026-06-29 08:59:00+00
5f3ccc3f-55d3-4391-b1a8-46c2fc79ae11,3c55a2f0-260f-4a2a-9532-307bfad17edf,open,in_progress,69740143-f533-4866-a394-3d1ba98f20a7,Assigned and work started.,2026-06-30 06:11:00+00
39b730a0-e855-49b0-9149-9ef483afd1aa,3c55a2f0-260f-4a2a-9532-307bfad17edf,in_progress,resolved,69740143-f533-4866-a394-3d1ba98f20a7,Work completed and verified.,2026-07-06 15:17:00+00
4237d2d1-c782-4b57-a55e-82f509aa5f9d,c68981fd-7def-429c-9ce3-84cc773f9eb2,,open,63acf5e4-2423-4f45-ae56-6a9aa6546c48,Ticket raised from the fleet condition report.,2024-12-30 06:58:00+00
a71c182c-38b1-4090-bc5f-799aa4f5639a,c68981fd-7def-429c-9ce3-84cc773f9eb2,open,in_progress,a5403456-9417-4129-8376-a0508664c003,Assigned and work started.,2024-12-31 14:14:00+00
da448a6c-701d-42f3-b5fd-81d6be4d8828,c68981fd-7def-429c-9ce3-84cc773f9eb2,in_progress,resolved,a5403456-9417-4129-8376-a0508664c003,Work completed and verified.,2025-01-06 13:13:00+00
59393791-0908-406b-9fe5-0790449903af,c68981fd-7def-429c-9ce3-84cc773f9eb2,resolved,closed,a5403456-9417-4129-8376-a0508664c003,Ticket closed.,2025-01-08 06:07:00+00
a2225a03-6c2a-403e-9344-fe5263228df7,728e689e-300c-4132-9a87-159e26834381,,open,c9a54ed1-18d6-44d1-a207-37620fd4bfd7,Ticket raised from the fleet condition report.,2026-04-17 15:08:00+00
a58a5570-b18c-4e2e-83fd-dd870d1ebef2,cfc3f7a3-41e7-44d2-a142-3cea68755b98,,open,dc7713dd-6bb6-4890-9467-499b23c21017,Ticket raised from the fleet condition report.,2026-01-24 12:35:00+00
94618057-eb78-4580-9049-cf7f1fb6bb7d,cfc3f7a3-41e7-44d2-a142-3cea68755b98,open,in_progress,5ca11cec-92af-4cf0-ba2a-b7ccc1954f40,Assigned and work started.,2026-01-25 10:24:00+00
ed3de977-cfa1-4365-9dbe-d53ce986ae45,cfc3f7a3-41e7-44d2-a142-3cea68755b98,in_progress,resolved,5ca11cec-92af-4cf0-ba2a-b7ccc1954f40,Work completed and verified.,2026-02-10 10:29:00+00
5ca9b308-55cb-44b8-abff-6bbb69e1dcb2,cfc3f7a3-41e7-44d2-a142-3cea68755b98,resolved,closed,5ca11cec-92af-4cf0-ba2a-b7ccc1954f40,Ticket closed.,2026-02-15 16:44:00+00
f1b58a95-7311-4088-93ac-ac6650247765,606b4b4f-e186-487f-9ba0-20e897028273,,open,2dabb25f-496d-4f26-9fc4-bb7203fc6b06,Ticket raised from the fleet condition report.,2026-05-19 15:53:00+00
58a5330a-3a2b-451f-a7f8-2ea7895b4a60,606b4b4f-e186-487f-9ba0-20e897028273,open,in_progress,cf6c56e7-5755-4ee5-801e-f33afde6b249,Assigned and work started.,2026-05-20 10:36:00+00
ac4236e2-aaf7-4f39-8a2a-92b5aaf36ce2,606b4b4f-e186-487f-9ba0-20e897028273,in_progress,resolved,cf6c56e7-5755-4ee5-801e-f33afde6b249,Work completed and verified.,2026-06-08 13:34:00+00
ca3fd0ac-bd75-43bc-8150-7a2cab2bb85c,38020f16-2957-49f7-b30c-a05ad2e3c340,,open,6fff23c6-0da3-467c-89b5-5ed645f6c8cb,Ticket raised from the fleet condition report.,2025-12-16 07:46:00+00
2cf79206-b28b-49b4-b452-3958e2637deb,a26d00da-df99-4bcd-b728-8dcbecbae810,,open,8f700fd2-3def-4b84-8c3c-b7d73e077fba,Ticket raised from the fleet condition report.,2024-10-17 11:34:00+00
ac139265-fd56-4e4f-8007-1dc7d07b5cc9,a26d00da-df99-4bcd-b728-8dcbecbae810,open,in_progress,e1c1397c-6345-47ab-948e-0f3e68d615b7,Assigned and work started.,2024-10-18 06:57:00+00
2e43db32-93ea-4355-92e9-5e1a27904f83,a26d00da-df99-4bcd-b728-8dcbecbae810,in_progress,resolved,e1c1397c-6345-47ab-948e-0f3e68d615b7,Work completed and verified.,2024-10-23 15:07:00+00
5e4f5e84-ba14-48b7-8249-cbd05edaaadf,a26d00da-df99-4bcd-b728-8dcbecbae810,resolved,closed,e1c1397c-6345-47ab-948e-0f3e68d615b7,Ticket closed.,2024-11-01 05:38:00+00
ec5ce61f-2ded-4421-85ae-dd06b892b0e6,62ac4146-b834-4335-a53d-97951a2e6e62,,open,747c9620-eaaf-4212-95aa-56503b440329,Ticket raised from the fleet condition report.,2025-09-24 12:33:00+00
5768cd65-5798-4fa8-80f4-e6382616994f,62ac4146-b834-4335-a53d-97951a2e6e62,open,in_progress,f7c70716-6d01-4c40-8743-ff7f08973f3a,Assigned and work started.,2025-09-25 08:01:00+00
3aaecc77-5967-45f6-a84f-cf826ee8cf1f,62ac4146-b834-4335-a53d-97951a2e6e62,in_progress,resolved,f7c70716-6d01-4c40-8743-ff7f08973f3a,Work completed and verified.,2025-09-25 10:51:00+00
2bca47ec-e51d-4e2c-8c91-d2c697a454e4,62ac4146-b834-4335-a53d-97951a2e6e62,resolved,closed,f7c70716-6d01-4c40-8743-ff7f08973f3a,Ticket closed.,2025-10-04 10:54:00+00
136033bf-8633-47a4-8d5d-a7e5e9d9c42a,cee49784-e6ad-4324-abf2-b06db2fef378,,open,da2a67ac-05d9-4061-97d1-f011a05f6fe5,Ticket raised from the fleet condition report.,2026-05-21 15:50:00+00
25ba6e9d-0007-499a-a6a5-2ded5f42fb79,cee49784-e6ad-4324-abf2-b06db2fef378,open,in_progress,7172df17-f1b4-41d1-a5ee-2bf445703d25,Assigned and work started.,2026-05-22 07:59:00+00
37fc2ae8-96ac-4e49-aa1e-222ff280be31,cee49784-e6ad-4324-abf2-b06db2fef378,in_progress,resolved,7172df17-f1b4-41d1-a5ee-2bf445703d25,Work completed and verified.,2026-05-30 15:45:00+00
00dace4a-be6a-4dc7-92c7-6a80937a858d,cee49784-e6ad-4324-abf2-b06db2fef378,resolved,closed,7172df17-f1b4-41d1-a5ee-2bf445703d25,Ticket closed.,2026-06-05 11:51:00+00
3060a529-ffde-4e96-b602-0a20ed00129e,1ae8695e-ec8f-40b2-8115-9d79bb22d9fa,,open,e9f418de-bd0f-4830-b4c0-9a74896ec78e,Ticket raised from the fleet condition report.,2025-08-24 13:02:00+00
616b492a-548e-4843-8698-4918ec7c4d45,1ae8695e-ec8f-40b2-8115-9d79bb22d9fa,open,in_progress,149c1f7c-7257-4a93-8b26-45cae3ef4432,Assigned and work started.,2025-08-25 11:46:00+00
c7331cc2-a349-4bf4-a904-b79cd4517fc7,1ae8695e-ec8f-40b2-8115-9d79bb22d9fa,in_progress,resolved,149c1f7c-7257-4a93-8b26-45cae3ef4432,Work completed and verified.,2025-08-28 17:39:00+00
649370bc-dba6-48d0-8821-44ab519da2a0,1ae8695e-ec8f-40b2-8115-9d79bb22d9fa,resolved,closed,149c1f7c-7257-4a93-8b26-45cae3ef4432,Ticket closed.,2025-09-04 07:25:00+00
b025d720-23eb-4ffd-8eec-28529e858bb7,1dbba0be-4e7b-4a84-bab4-e1a8c97bfd0c,,open,0a5c7be1-9646-4614-bef8-51e664afec90,Ticket raised from the fleet condition report.,2025-12-26 16:02:00+00
0856c740-5db2-4f5c-a0a8-0ce3a61b531a,1dbba0be-4e7b-4a84-bab4-e1a8c97bfd0c,open,in_progress,0d92b1df-f95f-448c-8c5e-279045705e0f,Assigned and work started.,2025-12-27 17:16:00+00
5c5ba389-a704-4790-a46b-258e370993b6,1dbba0be-4e7b-4a84-bab4-e1a8c97bfd0c,in_progress,resolved,0d92b1df-f95f-448c-8c5e-279045705e0f,Work completed and verified.,2026-01-01 11:50:00+00
b169d237-52bd-4f99-b33a-acb6874a6baa,86e39637-7018-465b-bacd-27d97e8cbc6c,,open,6304e580-0502-491d-80c1-fcd084bbbd24,Ticket raised from the fleet condition report.,2025-10-30 11:54:00+00
2f16fc8f-65ce-49d6-85d7-033c5bb3f4f4,86e39637-7018-465b-bacd-27d97e8cbc6c,open,in_progress,f99df61d-d168-4c17-b0fc-99832b736ca8,Assigned and work started.,2025-10-31 11:11:00+00
cf6a42d2-d714-4d81-b838-4e674e8d9363,86e39637-7018-465b-bacd-27d97e8cbc6c,in_progress,resolved,f99df61d-d168-4c17-b0fc-99832b736ca8,Work completed and verified.,2025-11-20 12:08:00+00
ead83a07-871c-40ab-ad96-ba432fc296dd,86e39637-7018-465b-bacd-27d97e8cbc6c,resolved,closed,f99df61d-d168-4c17-b0fc-99832b736ca8,Ticket closed.,2025-11-23 06:37:00+00
93a60b97-a04a-448c-b976-b95f244f33eb,68b32952-5d0e-46cf-85d6-53fb51dccc08,,open,b39348d1-7405-4464-8957-067b571cbe59,Ticket raised from the fleet condition report.,2025-09-20 16:01:00+00
be4a11fa-7886-4f4a-a135-2746a8fbe34a,68b32952-5d0e-46cf-85d6-53fb51dccc08,open,in_progress,4004e7eb-3344-4419-9e8c-b6a39833a966,Assigned and work started.,2025-09-21 09:30:00+00
cbea5db2-33a8-4212-9688-dbc9580bc5e9,68b32952-5d0e-46cf-85d6-53fb51dccc08,in_progress,resolved,4004e7eb-3344-4419-9e8c-b6a39833a966,Work completed and verified.,2025-10-08 09:03:00+00
b7a32e53-59ef-4c9f-bb78-65d16478c40f,4e303a7d-e54c-4da9-8e68-fe5d46904811,,open,f1c6af40-53f1-4765-b50d-29b05dc581d1,Ticket raised from the fleet condition report.,2026-06-21 11:01:00+00
4962b744-750e-40f6-aa00-b3f42ec07748,4e303a7d-e54c-4da9-8e68-fe5d46904811,open,in_progress,2fb7dab3-e151-490f-9c20-9b329d4fba20,Assigned and work started.,2026-06-22 16:56:00+00
3acbeea5-5024-4a24-9300-71bdb9421eca,4e303a7d-e54c-4da9-8e68-fe5d46904811,in_progress,resolved,2fb7dab3-e151-490f-9c20-9b329d4fba20,Work completed and verified.,2026-07-08 16:13:00+00
665f95cf-dd21-42ef-b119-20f9ea7f3dec,4e303a7d-e54c-4da9-8e68-fe5d46904811,resolved,closed,2fb7dab3-e151-490f-9c20-9b329d4fba20,Ticket closed.,2026-07-18 10:06:00+00
f7884b2f-ed88-4793-8ea4-aa19c9a4b9fe,7974ae2d-9f7b-4d05-af6c-6c2898738db6,,open,fe119e0c-c737-41f0-bbbd-5073cd6926ce,Ticket raised from the fleet condition report.,2025-08-13 10:50:00+00
be4fb4d6-79ce-42ac-9ee7-86bb1fe68e45,7974ae2d-9f7b-4d05-af6c-6c2898738db6,open,in_progress,b33c4ff9-69b5-4437-9699-63c066d6c353,Assigned and work started.,2025-08-14 05:20:00+00
0f75309f-ffa5-4d53-889a-942648a75285,7974ae2d-9f7b-4d05-af6c-6c2898738db6,in_progress,resolved,b33c4ff9-69b5-4437-9699-63c066d6c353,Work completed and verified.,2025-09-05 10:17:00+00
21590643-e635-4b2e-b7d7-0d7b15a54895,7974ae2d-9f7b-4d05-af6c-6c2898738db6,resolved,closed,b33c4ff9-69b5-4437-9699-63c066d6c353,Ticket closed.,2025-09-11 05:40:00+00
80d9a451-e7a6-4da3-9fae-ff8481df6227,0e5d97eb-3c57-4bc3-88c7-3003afa4d047,,open,6da56b94-12b8-4a84-a4fa-ca145145de53,Ticket raised from the fleet condition report.,2025-07-30 09:38:00+00
c7cccf55-f93e-47d5-bb49-3ac0a6ac8209,0e5d97eb-3c57-4bc3-88c7-3003afa4d047,open,in_progress,af5f0096-7cc6-4d72-ab69-0a461681aeb5,Assigned and work started.,2025-07-31 07:24:00+00
9de4228d-c2cc-4d8f-90fe-9ab9823fb998,0e5d97eb-3c57-4bc3-88c7-3003afa4d047,in_progress,resolved,af5f0096-7cc6-4d72-ab69-0a461681aeb5,Work completed and verified.,2025-08-21 09:52:00+00
e255c13e-236d-4b5d-b357-40a75b09f028,0e5d97eb-3c57-4bc3-88c7-3003afa4d047,resolved,closed,af5f0096-7cc6-4d72-ab69-0a461681aeb5,Ticket closed.,2025-08-28 17:53:00+00
20e32921-66d9-4076-9f8a-f01706fd7e8f,41a391f3-b12d-4ee0-8f9e-619541d1ee15,,open,a4ba5676-3ce2-4627-9373-22068a884f6d,Ticket raised from the fleet condition report.,2025-07-22 17:34:00+00
12d79e6d-e049-4777-a725-b590a18eb087,41a391f3-b12d-4ee0-8f9e-619541d1ee15,open,in_progress,e3558ee6-f358-4467-ac51-00c0aa187644,Assigned and work started.,2025-07-23 05:46:00+00
ffab6b19-5189-4c8e-8089-fde2f5af220e,41a391f3-b12d-4ee0-8f9e-619541d1ee15,in_progress,resolved,e3558ee6-f358-4467-ac51-00c0aa187644,Work completed and verified.,2025-07-27 14:24:00+00
0c81490c-61ba-49d6-964d-533d4c3821d7,41a391f3-b12d-4ee0-8f9e-619541d1ee15,resolved,closed,e3558ee6-f358-4467-ac51-00c0aa187644,Ticket closed.,2025-07-30 06:58:00+00
a15b74b7-2d9b-499f-86ab-3f433f9f1c2d,7ee98bd7-bbe0-456e-a651-223a3b0958d7,,open,349e690e-52a1-4c2a-b549-9453d0c5b790,Ticket raised from the fleet condition report.,2026-07-20 14:15:00+00
aa389129-d6b8-4fa5-b33e-87838c48dbec,7ee98bd7-bbe0-456e-a651-223a3b0958d7,open,in_progress,b958f053-fb9d-4b81-9996-c7ca66269f1c,Assigned and work started.,2026-07-21 06:30:00+00
e93fa0e9-0334-43ac-a6a9-393efdf9023e,7ee98bd7-bbe0-456e-a651-223a3b0958d7,in_progress,resolved,b958f053-fb9d-4b81-9996-c7ca66269f1c,Work completed and verified.,2026-08-08 08:38:00+00
44af80df-6c05-483b-9ea0-fd48bb8b4384,7e5e880b-c494-41f7-820a-20a01287122a,,open,2d980844-162a-4581-bbc6-75b9c502e459,Ticket raised from the fleet condition report.,2024-10-14 15:56:00+00
506cc4fc-cf5c-4239-a70d-54bde3b1cb25,7e5e880b-c494-41f7-820a-20a01287122a,open,in_progress,cf6c56e7-5755-4ee5-801e-f33afde6b249,Assigned and work started.,2024-10-15 08:15:00+00
2af5e73f-677b-478f-b2de-e07ea9cdd8c9,7e5e880b-c494-41f7-820a-20a01287122a,in_progress,resolved,cf6c56e7-5755-4ee5-801e-f33afde6b249,Work completed and verified.,2024-11-05 09:44:00+00
6138838b-c75f-4b39-8412-04d27ccbef12,7e5e880b-c494-41f7-820a-20a01287122a,resolved,closed,cf6c56e7-5755-4ee5-801e-f33afde6b249,Ticket closed.,2024-11-10 10:43:00+00
2a3881f4-06c0-4910-b2d8-fa5b09288f83,7e27e6cd-b7b8-426b-93fb-f12563c1416e,,open,58d58f6f-c7d9-4037-9d48-18e1877be077,Ticket raised from the fleet condition report.,2026-06-21 07:09:00+00
665c8f9b-f809-4710-9bc4-4dfaea6ce835,7e27e6cd-b7b8-426b-93fb-f12563c1416e,open,in_progress,233aac45-07b9-46b4-af83-c4c76f181669,Assigned and work started.,2026-06-22 13:32:00+00
8556030b-7881-47a8-8de7-84fd96cde2c6,7e27e6cd-b7b8-426b-93fb-f12563c1416e,in_progress,resolved,233aac45-07b9-46b4-af83-c4c76f181669,Work completed and verified.,2026-06-23 15:27:00+00
6de924f5-b994-4699-880e-bb7d49c3dd60,6701d82d-1c6d-458b-997b-6ee7740e9644,,open,898080df-a0bf-47ff-b65d-d841ccd88b80,Ticket raised from the fleet condition report.,2025-04-10 07:44:00+00
17639b2e-17b5-461b-a3bd-a21855f3c78f,6701d82d-1c6d-458b-997b-6ee7740e9644,open,in_progress,4f99efd4-c45f-49c6-8b6c-f80715333c15,Assigned and work started.,2025-04-11 10:04:00+00
fc27f117-5fda-42ce-a7d3-176acc103ae9,6701d82d-1c6d-458b-997b-6ee7740e9644,in_progress,resolved,4f99efd4-c45f-49c6-8b6c-f80715333c15,Work completed and verified.,2025-04-20 06:54:00+00
f25aca8e-3fd2-4a89-b118-0918cec67f7d,6701d82d-1c6d-458b-997b-6ee7740e9644,resolved,closed,4f99efd4-c45f-49c6-8b6c-f80715333c15,Ticket closed.,2025-04-25 07:59:00+00
17ebb23e-f679-4980-8489-d8695448da54,99e0cf40-b566-4314-999e-0d0d23aac96d,,open,279ecb13-f02b-44e7-b488-057559433848,Ticket raised from the fleet condition report.,2024-11-29 09:15:00+00
ed48ccb0-161d-4336-beb0-eab79183ef47,99e0cf40-b566-4314-999e-0d0d23aac96d,open,in_progress,f101a341-b305-43d6-b170-7cbd8501fef2,Assigned and work started.,2024-11-30 06:42:00+00
5e8b2ddc-bf8f-4f3f-bdf7-eab74da46b31,99e0cf40-b566-4314-999e-0d0d23aac96d,in_progress,resolved,f101a341-b305-43d6-b170-7cbd8501fef2,Work completed and verified.,2024-12-24 15:42:00+00
736c71ce-6371-4200-aa6d-f3d1e20ab062,99e0cf40-b566-4314-999e-0d0d23aac96d,resolved,closed,f101a341-b305-43d6-b170-7cbd8501fef2,Ticket closed.,2024-12-29 06:28:00+00
6a54cd72-15d4-4617-bcea-6d55ef8d850e,a8c75e52-8d23-4c01-944a-574347eb2d28,,open,5576d8c3-4a33-48c3-b6d8-f684bc07fa9b,Ticket raised from the fleet condition report.,2026-05-13 05:50:00+00
28bc725d-1499-42c8-89c6-eebc822cf676,a8c75e52-8d23-4c01-944a-574347eb2d28,open,in_progress,20064787-286e-445a-af95-65111a530936,Assigned and work started.,2026-05-14 14:24:00+00
fa53c51a-2133-4efd-9b3b-c1ce787b4f90,a8c75e52-8d23-4c01-944a-574347eb2d28,in_progress,resolved,20064787-286e-445a-af95-65111a530936,Work completed and verified.,2026-05-23 13:46:00+00
c27c13e4-a1e1-43a1-ab97-f4cc32c9c483,7b734ab8-394a-4d5e-8b17-c7358b8694b4,,open,104a972e-bd66-474a-8e17-fe30a79630c7,Ticket raised from the fleet condition report.,2025-04-10 15:38:00+00
5dabde55-20af-4547-abe2-e610dd9eb756,7b734ab8-394a-4d5e-8b17-c7358b8694b4,open,in_progress,9ac1f452-afac-4a3b-b3eb-3e9ebe62c5a9,Assigned and work started.,2025-04-11 11:11:00+00
1fb5f143-3439-415a-bef9-eda7a7458755,7b734ab8-394a-4d5e-8b17-c7358b8694b4,in_progress,resolved,9ac1f452-afac-4a3b-b3eb-3e9ebe62c5a9,Work completed and verified.,2025-04-16 17:31:00+00
c4e1c143-0545-477e-ac8b-7144e05b49f8,fcf0aa73-769c-4ef8-b287-8732b884f2c5,,open,f3c4e156-3bb0-4f09-af72-9bad7ceee5a0,Ticket raised from the fleet condition report.,2025-12-19 06:05:00+00
a4b7b269-6bce-4af8-8366-40966988837e,fcf0aa73-769c-4ef8-b287-8732b884f2c5,open,in_progress,578b9882-da22-4a57-8191-8e7a8ca512f5,Assigned and work started.,2025-12-20 12:30:00+00
4b8a6671-4d41-4f4f-b962-07a1e2349372,fcf0aa73-769c-4ef8-b287-8732b884f2c5,in_progress,resolved,578b9882-da22-4a57-8191-8e7a8ca512f5,Work completed and verified.,2026-01-04 16:40:00+00
dba408f4-1f5a-4d74-a085-99ea82895056,fcf0aa73-769c-4ef8-b287-8732b884f2c5,resolved,closed,578b9882-da22-4a57-8191-8e7a8ca512f5,Ticket closed.,2026-01-14 07:25:00+00
f5f3f17d-31ba-44e9-bf98-ae6950e075d9,97d0def3-e286-4801-bf84-284e8fd8e269,,open,4a6d004d-dedd-4af0-a5f2-74c1780e2f7a,Ticket raised from the fleet condition report.,2024-10-10 06:02:00+00
5fa4b999-9a19-498f-833f-691d27a6ea4e,97d0def3-e286-4801-bf84-284e8fd8e269,open,in_progress,3ed87f3f-9d1e-409e-af21-14fee9e9bc14,Assigned and work started.,2024-10-11 17:41:00+00
bb5dfd66-ff99-4910-bca6-a27d1b92ee00,97d0def3-e286-4801-bf84-284e8fd8e269,in_progress,resolved,3ed87f3f-9d1e-409e-af21-14fee9e9bc14,Work completed and verified.,2024-10-15 06:27:00+00
ecfe9c57-61ff-4984-ae6e-3a2fd31ee66f,97d0def3-e286-4801-bf84-284e8fd8e269,resolved,closed,3ed87f3f-9d1e-409e-af21-14fee9e9bc14,Ticket closed.,2024-10-23 09:34:00+00
65e32746-1ae8-4866-8e08-5f67f89947d5,d3d382dd-b1c8-4689-aad0-2860a43eb031,,open,0ec99173-42e2-41ac-a036-815854061722,Ticket raised from the fleet condition report.,2026-05-20 05:16:00+00
857db862-9b4a-4d2a-9a6d-d504c9491232,d3d382dd-b1c8-4689-aad0-2860a43eb031,open,in_progress,9580e2d6-e004-4873-9ea1-5e63bb707d70,Assigned and work started.,2026-05-21 16:03:00+00
4d0bd718-de6f-4ea8-9efd-964f50df9673,35b9f8ee-cf08-41cf-9c1f-7c68c99000a4,,open,e28c3da1-f55d-449e-b0f3-b68586bc22e8,Ticket raised from the fleet condition report.,2025-07-22 06:30:00+00
158e84d1-d38e-426d-bad2-235390e18d1f,35b9f8ee-cf08-41cf-9c1f-7c68c99000a4,open,in_progress,5ca11cec-92af-4cf0-ba2a-b7ccc1954f40,Assigned and work started.,2025-07-23 17:00:00+00
7a8cab29-d056-4a16-878e-710a13fa6cdb,35b9f8ee-cf08-41cf-9c1f-7c68c99000a4,in_progress,resolved,5ca11cec-92af-4cf0-ba2a-b7ccc1954f40,Work completed and verified.,2025-07-26 13:21:00+00
f99a8fde-bfba-4197-a8b7-b10ba0169ef6,111b6551-292e-462c-a452-970f20f8b636,,open,2dabb25f-496d-4f26-9fc4-bb7203fc6b06,Ticket raised from the fleet condition report.,2026-01-25 17:41:00+00
4c0e3d65-7293-463a-8ecf-206481d255f4,111b6551-292e-462c-a452-970f20f8b636,open,in_progress,15dc60e6-ac87-4e43-940e-f17025d0156f,Assigned and work started.,2026-01-26 15:38:00+00
d663a2c1-1ab1-434b-a9aa-92d19d1bc6a3,111b6551-292e-462c-a452-970f20f8b636,in_progress,resolved,15dc60e6-ac87-4e43-940e-f17025d0156f,Work completed and verified.,2026-02-09 09:48:00+00
b52e1e10-d4de-4b64-8302-f75e5723887b,111b6551-292e-462c-a452-970f20f8b636,resolved,closed,15dc60e6-ac87-4e43-940e-f17025d0156f,Ticket closed.,2026-02-14 08:13:00+00
581dcd2d-4feb-4106-b68f-b366ceaedff2,0d4d552e-ed7d-49c7-b88d-9704575aa283,,open,cbaa9f3a-1731-4f39-a19c-2252b655f163,Ticket raised from the fleet condition report.,2024-09-24 10:32:00+00
bd599628-c735-4322-883c-bda85b27657a,0d4d552e-ed7d-49c7-b88d-9704575aa283,open,in_progress,f2e3adca-c995-4570-a695-525ef502c1ef,Assigned and work started.,2024-09-25 12:06:00+00
f4c08135-3529-4797-829a-1bcaafe7fd9f,0d4d552e-ed7d-49c7-b88d-9704575aa283,in_progress,resolved,f2e3adca-c995-4570-a695-525ef502c1ef,Work completed and verified.,2024-10-17 09:27:00+00
b7f778f9-7e34-430f-b45e-be142d8ed5a1,0d4d552e-ed7d-49c7-b88d-9704575aa283,resolved,closed,f2e3adca-c995-4570-a695-525ef502c1ef,Ticket closed.,2024-10-23 08:04:00+00
fb17f517-5a96-4ea1-907f-a1a0c13e5406,af462d08-ecc6-48f1-b2db-1c41412d7c69,,open,8ab9ee5c-ccf3-4154-975e-49649c7e64b1,Ticket raised from the fleet condition report.,2024-11-26 05:59:00+00
d55ffbd8-faf1-4984-a92a-78ea17c0f8bb,af462d08-ecc6-48f1-b2db-1c41412d7c69,open,in_progress,2ea7ff67-fdd7-4d0b-96cd-8dd768decfdd,Assigned and work started.,2024-11-27 10:08:00+00
664fc1f6-fd11-4e53-8ee4-5380403f27a5,af462d08-ecc6-48f1-b2db-1c41412d7c69,in_progress,resolved,2ea7ff67-fdd7-4d0b-96cd-8dd768decfdd,Work completed and verified.,2024-12-16 09:16:00+00
cf51033e-00ea-4d6d-8663-1bbb72852b79,af462d08-ecc6-48f1-b2db-1c41412d7c69,resolved,closed,2ea7ff67-fdd7-4d0b-96cd-8dd768decfdd,Ticket closed.,2024-12-22 14:24:00+00
0058da9b-8f43-466a-a936-c7af05d53b27,6245dd58-b6b3-478a-a4ca-cd6aabb0af67,,open,3b1f95f4-2559-4de1-8997-370ca42c1792,Ticket raised from the fleet condition report.,2025-12-27 09:16:00+00
eadac548-c2cb-4f03-af42-5efa1ae98ed5,6245dd58-b6b3-478a-a4ca-cd6aabb0af67,open,in_progress,9f45c98b-3562-45af-8cb4-fee17952ecd9,Assigned and work started.,2025-12-28 15:30:00+00
a8f14654-fe54-45b3-9818-036363d158e2,6245dd58-b6b3-478a-a4ca-cd6aabb0af67,in_progress,resolved,9f45c98b-3562-45af-8cb4-fee17952ecd9,Work completed and verified.,2025-12-28 10:27:00+00
96979a92-c7d8-404a-8431-264ac381d619,6245dd58-b6b3-478a-a4ca-cd6aabb0af67,resolved,closed,9f45c98b-3562-45af-8cb4-fee17952ecd9,Ticket closed.,2026-01-02 10:06:00+00
4290da28-fb34-4bb6-96a4-fb03c3fd7ef0,6066c32f-873d-4d01-9482-e1d5aa71e636,,open,55095c82-2c02-4291-8de2-7d5afe48cf31,Ticket raised from the fleet condition report.,2024-10-13 15:37:00+00
a0be12b9-dcc6-4eac-904f-28d0367fadc5,6066c32f-873d-4d01-9482-e1d5aa71e636,open,in_progress,bdd93a99-626e-4675-b9a7-acfd49c28c66,Assigned and work started.,2024-10-14 09:58:00+00
8a4030e3-cce6-4da0-a22c-b68758aef62c,6066c32f-873d-4d01-9482-e1d5aa71e636,in_progress,resolved,bdd93a99-626e-4675-b9a7-acfd49c28c66,Work completed and verified.,2024-10-20 09:39:00+00
5b8a4ebe-fee6-4470-95d7-9cda7667a7ce,6066c32f-873d-4d01-9482-e1d5aa71e636,resolved,closed,bdd93a99-626e-4675-b9a7-acfd49c28c66,Ticket closed.,2024-10-22 13:37:00+00
22c839bc-6550-42f5-9283-b95b86b77b89,1483a311-9d1f-4985-abda-4758d5e92470,,open,79996482-579d-4dee-9a2b-8837c548ef59,Ticket raised from the fleet condition report.,2026-08-08 12:56:00+00
fb4a222e-edf1-4f3d-bc0b-29153674e6b4,1483a311-9d1f-4985-abda-4758d5e92470,open,in_progress,4212a9e1-e03c-4ea2-9d8c-c180b703b99a,Assigned and work started.,2026-08-09 08:38:00+00
6bdde3c1-d0fc-4be9-8b7d-fbfc2b96ddf9,03bad911-0cc6-4e93-8775-fea349d8639d,,open,70bf07bf-38ab-467c-8e62-966770517b9c,Ticket raised from the fleet condition report.,2026-07-12 05:42:00+00
84353aa0-f7a2-408c-b84f-483c796e2819,03bad911-0cc6-4e93-8775-fea349d8639d,open,in_progress,9ac1f452-afac-4a3b-b3eb-3e9ebe62c5a9,Assigned and work started.,2026-07-13 17:02:00+00
3f2a0754-551c-4314-b5bc-a178a3ea6f1f,03bad911-0cc6-4e93-8775-fea349d8639d,in_progress,resolved,9ac1f452-afac-4a3b-b3eb-3e9ebe62c5a9,Work completed and verified.,2026-08-03 10:03:00+00
0e0dec11-266d-48d6-aab9-4e7823f70db6,700e6c4a-82f3-47c9-85f2-f772f9746f61,,open,201810ef-10d6-4664-9bf3-c78ad722a6de,Ticket raised from the fleet condition report.,2024-08-30 09:25:00+00
c1a58ad5-0a19-4856-a9e4-525945330f4f,700e6c4a-82f3-47c9-85f2-f772f9746f61,open,in_progress,66fa4ed5-e7e7-4664-8c2a-908778ecba02,Assigned and work started.,2024-08-31 13:03:00+00
7b56b509-755a-47f1-bfd3-73b90c4e142c,700e6c4a-82f3-47c9-85f2-f772f9746f61,in_progress,resolved,66fa4ed5-e7e7-4664-8c2a-908778ecba02,Work completed and verified.,2024-09-19 14:30:00+00
382ffe95-f1ab-4cdc-ae9f-664b2fca2ba7,700e6c4a-82f3-47c9-85f2-f772f9746f61,resolved,closed,66fa4ed5-e7e7-4664-8c2a-908778ecba02,Ticket closed.,2024-09-23 17:34:00+00
4b6ecd1d-e253-470c-9bd1-0b5e0c39bfab,8e751cf4-1116-45ae-b83f-fc191e570b26,,open,aa9fdc26-c27d-4899-a00c-295b6ab99173,Ticket raised from the fleet condition report.,2026-06-22 09:21:00+00
9644ec2c-4a0a-452c-ab8d-1111c2183677,8e751cf4-1116-45ae-b83f-fc191e570b26,open,in_progress,57ace99d-32e1-4aae-af41-0861213bfb33,Assigned and work started.,2026-06-23 15:19:00+00
47095e04-f374-448e-9d0b-d0ca56cc63c7,8e751cf4-1116-45ae-b83f-fc191e570b26,in_progress,resolved,57ace99d-32e1-4aae-af41-0861213bfb33,Work completed and verified.,2026-07-16 15:00:00+00
952d96e5-95c2-4e31-b755-816f77a6f28d,cb1ace9d-0264-4dfb-b714-86c0a8895dfc,,open,0ec99173-42e2-41ac-a036-815854061722,Ticket raised from the fleet condition report.,2025-07-21 09:12:00+00
155085dd-9c07-4136-aa58-a0314365e179,cb1ace9d-0264-4dfb-b714-86c0a8895dfc,open,in_progress,597c6eba-286e-440e-922e-420efd907fcc,Assigned and work started.,2025-07-22 05:47:00+00
4629c330-b157-47b8-9f6a-c8382c8e7002,cb1ace9d-0264-4dfb-b714-86c0a8895dfc,in_progress,resolved,597c6eba-286e-440e-922e-420efd907fcc,Work completed and verified.,2025-08-04 15:49:00+00
376b0597-55d4-4be8-bad9-0668502456d6,cb1ace9d-0264-4dfb-b714-86c0a8895dfc,resolved,closed,597c6eba-286e-440e-922e-420efd907fcc,Ticket closed.,2025-08-10 07:06:00+00
772721c3-75ab-4a15-a6c9-d9b25d7c9171,a3cea5f0-bcd7-4279-82fb-ccab07591116,,open,8679d499-93b5-4c67-96a9-235351c57233,Ticket raised from the fleet condition report.,2024-09-17 05:41:00+00
66ae518b-50a4-4ee1-82cb-9a66c995a141,a3cea5f0-bcd7-4279-82fb-ccab07591116,open,in_progress,5302dab8-326e-4660-b10d-447ccbcaff6f,Assigned and work started.,2024-09-18 17:26:00+00
9634f49c-55f3-4911-86be-90fd69159e9b,a3cea5f0-bcd7-4279-82fb-ccab07591116,in_progress,resolved,5302dab8-326e-4660-b10d-447ccbcaff6f,Work completed and verified.,2024-10-11 08:52:00+00
cbc6cb3c-1e74-4149-93c1-afef71ce6619,a3cea5f0-bcd7-4279-82fb-ccab07591116,resolved,closed,5302dab8-326e-4660-b10d-447ccbcaff6f,Ticket closed.,2024-10-12 15:18:00+00
2b854819-95ce-40f6-92f1-ada5951c0115,5205efee-ca4c-497c-bcd6-f72eeda90849,,open,88603b09-551d-4b59-8981-e27cd95f2b12,Ticket raised from the fleet condition report.,2025-10-27 16:04:00+00
246c8c98-0fcd-4b3e-8ef2-60d4ed8833e2,5205efee-ca4c-497c-bcd6-f72eeda90849,open,in_progress,8eff9acb-560a-454d-b4e0-e23389a2264b,Assigned and work started.,2025-10-28 11:49:00+00
93950154-a0e5-43da-98f7-2204fd7313c3,5205efee-ca4c-497c-bcd6-f72eeda90849,in_progress,resolved,8eff9acb-560a-454d-b4e0-e23389a2264b,Work completed and verified.,2025-11-07 14:58:00+00
2be3ebeb-15c3-4733-ab01-66225c922146,5205efee-ca4c-497c-bcd6-f72eeda90849,resolved,closed,8eff9acb-560a-454d-b4e0-e23389a2264b,Ticket closed.,2025-11-11 05:50:00+00
3f6b2c49-4c7d-4c21-a916-a4d03af87de4,2b630530-c737-468f-8c56-083338d34c3d,,open,40456dc0-a334-43ba-81eb-c43a7464787d,Ticket raised from the fleet condition report.,2026-03-15 13:05:00+00
0122d60f-803d-4288-b1cd-d543080d0482,2b630530-c737-468f-8c56-083338d34c3d,open,in_progress,af5f0096-7cc6-4d72-ab69-0a461681aeb5,Assigned and work started.,2026-03-16 15:45:00+00
f8139013-b075-48d9-866e-32a0b2d78d71,2b630530-c737-468f-8c56-083338d34c3d,in_progress,resolved,af5f0096-7cc6-4d72-ab69-0a461681aeb5,Work completed and verified.,2026-03-29 09:06:00+00
76c9289d-1ac9-4b4b-a4e8-5e9dfc0d4325,2b630530-c737-468f-8c56-083338d34c3d,resolved,closed,af5f0096-7cc6-4d72-ab69-0a461681aeb5,Ticket closed.,2026-03-30 14:09:00+00
58cde791-04f6-476b-bb7a-792c773fd916,abac736f-52ce-479d-9a8c-a763da5f95ce,,open,aae4b5c2-8efb-42b7-88a7-a8fe7a86e7c7,Ticket raised from the fleet condition report.,2026-02-14 07:07:00+00
fc97022d-016d-497b-a31f-a31dc21c685b,abac736f-52ce-479d-9a8c-a763da5f95ce,open,in_progress,954f138f-fa1c-4b21-9902-f274a5868271,Assigned and work started.,2026-02-15 12:24:00+00
8061644d-dbb4-4142-a9cb-33ffce17bb8c,abac736f-52ce-479d-9a8c-a763da5f95ce,in_progress,resolved,954f138f-fa1c-4b21-9902-f274a5868271,Work completed and verified.,2026-02-16 06:36:00+00
c82333b5-e14d-4e05-8469-6cf0d9c786a3,abac736f-52ce-479d-9a8c-a763da5f95ce,resolved,closed,954f138f-fa1c-4b21-9902-f274a5868271,Ticket closed.,2026-02-18 05:17:00+00
2ccef7f2-97f6-489b-8258-a957a52fbbfc,3185d53c-9805-4ace-afc3-10c20599e55b,,open,318da964-ffdd-4a77-aa9a-ede745666cdc,Ticket raised from the fleet condition report.,2025-06-18 06:03:00+00
319a0fd0-1726-4939-8a58-0c192114a694,3185d53c-9805-4ace-afc3-10c20599e55b,open,in_progress,26786492-bebd-4e3a-8719-4c486f70d604,Assigned and work started.,2025-06-19 10:26:00+00
08559b4b-6157-4987-b9d2-7f2ca0a2424e,3185d53c-9805-4ace-afc3-10c20599e55b,in_progress,resolved,26786492-bebd-4e3a-8719-4c486f70d604,Work completed and verified.,2025-07-01 16:42:00+00
c1ecb770-1015-4e13-80b8-a04be3c85bc9,06d6e0a8-47b6-4188-9276-d91396ca44bc,,open,94c64335-4962-40b1-96fd-53632f8d49a3,Ticket raised from the fleet condition report.,2026-06-17 05:04:00+00
99f050c5-4232-477d-82ea-c52f68b67f7a,06d6e0a8-47b6-4188-9276-d91396ca44bc,open,in_progress,838168e2-a894-48b0-9e58-4f1f4612a1b3,Assigned and work started.,2026-06-18 16:53:00+00
6ae84b19-b7f1-47e7-a5be-656e1eff312d,06d6e0a8-47b6-4188-9276-d91396ca44bc,in_progress,resolved,838168e2-a894-48b0-9e58-4f1f4612a1b3,Work completed and verified.,2026-07-10 12:31:00+00
a164812c-48ad-4c49-831e-af4dea21a162,9e06a1c8-fe9d-4df9-aded-b3724fc16282,,open,bf036d3c-6698-49da-9031-deb5025def97,Ticket raised from the fleet condition report.,2026-05-11 10:10:00+00
57045a57-b3ea-4c42-90db-ac329ff434b4,9e06a1c8-fe9d-4df9-aded-b3724fc16282,open,in_progress,246980b5-110b-4571-9060-906f0c1ed19f,Assigned and work started.,2026-05-12 15:04:00+00
f6876ad8-e34a-4843-b516-428b41215f95,9d778a50-5f22-4bd6-a98e-d28eae3c1170,,open,d3d6a1ff-d3a2-4ce1-a2f8-500458026fa5,Ticket raised from the fleet condition report.,2026-08-08 08:17:00+00
6848fd6f-28f3-4f3c-8418-79353a2acd22,9d778a50-5f22-4bd6-a98e-d28eae3c1170,open,in_progress,70506215-8794-4b65-b206-0e75646dfe9a,Assigned and work started.,2026-08-09 05:33:00+00
2fa01b8a-c4cd-4137-a0bd-15aa2739423d,2fc64f51-070d-4df0-99f3-e2f8be492f0b,,open,2a60d4f6-6137-4b68-9b84-6d71514ec695,Ticket raised from the fleet condition report.,2025-09-16 13:19:00+00
eca69b1f-4151-40c9-804a-98ffe7740282,2fc64f51-070d-4df0-99f3-e2f8be492f0b,open,in_progress,ba03ac29-f294-4a7d-b142-44c46cfe2354,Assigned and work started.,2025-09-17 10:02:00+00
3f2e41fb-8cd3-4e56-aabb-9bf9c285370d,2fc64f51-070d-4df0-99f3-e2f8be492f0b,in_progress,resolved,ba03ac29-f294-4a7d-b142-44c46cfe2354,Work completed and verified.,2025-10-10 13:36:00+00
816c8cbc-594b-49f3-bff2-a27e066259de,b2291d35-b3e9-4184-8191-774e50bbc2de,,open,c875bb37-b147-43c4-9190-bba3cca1d313,Ticket raised from the fleet condition report.,2024-11-13 05:43:00+00
9d3ac352-867d-46e0-947c-24a7885e7e6b,b2291d35-b3e9-4184-8191-774e50bbc2de,open,in_progress,9a38f54e-0c39-48c6-9c31-f8bc268a9f2a,Assigned and work started.,2024-11-14 14:39:00+00
364b4bcd-a573-4558-8d1d-64241d1851be,b2291d35-b3e9-4184-8191-774e50bbc2de,in_progress,resolved,9a38f54e-0c39-48c6-9c31-f8bc268a9f2a,Work completed and verified.,2024-11-26 17:24:00+00
e4abd9f9-a7ba-4bb7-a858-40892d5d0aa7,96af7581-882a-4894-8b49-1ab3461374f2,,open,a3267fe3-9c0f-4b60-95c4-971b2cac8906,Ticket raised from the fleet condition report.,2025-12-30 13:51:00+00
19f06ecf-85e0-4649-8637-93a534e38ff0,96af7581-882a-4894-8b49-1ab3461374f2,open,in_progress,728c431d-a607-4a38-9b1a-2287ce9979ad,Assigned and work started.,2025-12-31 11:28:00+00
97858e01-e7b1-4b81-8825-5a93b63e16eb,96af7581-882a-4894-8b49-1ab3461374f2,in_progress,resolved,728c431d-a607-4a38-9b1a-2287ce9979ad,Work completed and verified.,2026-01-13 14:32:00+00
306bc656-7a17-45e3-a3fd-ead037bb8c78,96af7581-882a-4894-8b49-1ab3461374f2,resolved,closed,728c431d-a607-4a38-9b1a-2287ce9979ad,Ticket closed.,2026-01-18 12:13:00+00
eca3e0ea-0e76-4763-8310-d5cb532180d2,81479f5a-69f1-4887-ab10-9a943bd822cf,,open,86c61fdf-4d13-4cd6-b3fe-a85018a6bd65,Ticket raised from the fleet condition report.,2025-12-28 11:07:00+00
0887618a-6583-4ca1-b249-5be7ee3a956a,81479f5a-69f1-4887-ab10-9a943bd822cf,open,in_progress,799f9455-62db-4da1-8b99-9f32da209d65,Assigned and work started.,2025-12-29 15:41:00+00
8c53ba6d-710e-40ff-bdca-43e0dcc54b7e,81479f5a-69f1-4887-ab10-9a943bd822cf,in_progress,resolved,799f9455-62db-4da1-8b99-9f32da209d65,Work completed and verified.,2026-01-10 06:41:00+00
384f9a51-335b-4788-944a-0e4e6666df04,81479f5a-69f1-4887-ab10-9a943bd822cf,resolved,closed,799f9455-62db-4da1-8b99-9f32da209d65,Ticket closed.,2026-01-15 08:59:00+00
8f81b8a6-c34d-4f82-bc4f-eb655157905f,671f7305-eb61-4cd7-a97b-aabfa087b7ea,,open,58cdf850-1ff6-4163-8877-bc794da22294,Ticket raised from the fleet condition report.,2026-03-28 14:17:00+00
a2ab7ff8-c228-41f2-becb-a429de5545d1,671f7305-eb61-4cd7-a97b-aabfa087b7ea,open,in_progress,84ed798e-b511-4f4a-aa3a-e26029fdaf93,Assigned and work started.,2026-03-29 17:18:00+00
a1f97947-c6b9-4752-8393-b27258b71e32,671f7305-eb61-4cd7-a97b-aabfa087b7ea,in_progress,resolved,84ed798e-b511-4f4a-aa3a-e26029fdaf93,Work completed and verified.,2026-03-31 13:51:00+00
23472b03-fa00-4f3b-82e9-195122f7caac,671f7305-eb61-4cd7-a97b-aabfa087b7ea,resolved,closed,84ed798e-b511-4f4a-aa3a-e26029fdaf93,Ticket closed.,2026-04-09 05:51:00+00
f1e3262e-aa19-43e8-be0b-3be751b6776c,2c14e8bd-7402-4e09-9401-e163d8dcca11,,open,710e986c-a4dc-4bf7-97a2-7c099f57423d,Ticket raised from the fleet condition report.,2024-08-29 14:42:00+00
bf0d9ec8-f247-489d-9e7a-4afd1ddf0188,2c14e8bd-7402-4e09-9401-e163d8dcca11,open,in_progress,26786492-bebd-4e3a-8719-4c486f70d604,Assigned and work started.,2024-08-30 13:39:00+00
4ec072e9-dde9-483c-bc5d-375cd8e03120,2c14e8bd-7402-4e09-9401-e163d8dcca11,in_progress,resolved,26786492-bebd-4e3a-8719-4c486f70d604,Work completed and verified.,2024-09-23 16:33:00+00
0da8fb54-6241-4dcd-9996-268a855c8653,2c14e8bd-7402-4e09-9401-e163d8dcca11,resolved,closed,26786492-bebd-4e3a-8719-4c486f70d604,Ticket closed.,2024-09-26 07:41:00+00
fd044a1b-4f34-4273-92ca-7df883f69e5f,01579f24-a8af-43f5-bfe2-273eb82a8bae,,open,cd3fd2fa-00e7-4567-8457-01ddb880b719,Ticket raised from the fleet condition report.,2024-08-30 09:05:00+00
cbc6b729-6aa0-47c6-b3de-91a04b75b332,01579f24-a8af-43f5-bfe2-273eb82a8bae,open,in_progress,3ed87f3f-9d1e-409e-af21-14fee9e9bc14,Assigned and work started.,2024-08-31 11:30:00+00
0063dfce-fd31-4274-9354-a1599c28a9fa,01579f24-a8af-43f5-bfe2-273eb82a8bae,in_progress,resolved,3ed87f3f-9d1e-409e-af21-14fee9e9bc14,Work completed and verified.,2024-09-17 12:39:00+00
cde03794-b6d7-48f5-a6a5-d561a6d671ef,01579f24-a8af-43f5-bfe2-273eb82a8bae,resolved,closed,3ed87f3f-9d1e-409e-af21-14fee9e9bc14,Ticket closed.,2024-09-20 12:34:00+00
318c0e60-9e42-4039-aaf0-32fd24147f84,6adc901f-26b4-4071-9fa3-52a22fee01cd,,open,d8235aa9-7057-4417-806b-a5d11f823a37,Ticket raised from the fleet condition report.,2024-09-20 06:42:00+00
1edbfa7d-e9b6-4b56-80be-e0094996b01a,6adc901f-26b4-4071-9fa3-52a22fee01cd,open,in_progress,66fa4ed5-e7e7-4664-8c2a-908778ecba02,Assigned and work started.,2024-09-21 09:18:00+00
3882be9e-8070-47ce-9983-04fc0e9e4919,6adc901f-26b4-4071-9fa3-52a22fee01cd,in_progress,resolved,66fa4ed5-e7e7-4664-8c2a-908778ecba02,Work completed and verified.,2024-10-11 08:51:00+00
1cde5aff-44f8-4f7a-8be0-89e7c92a5258,6adc901f-26b4-4071-9fa3-52a22fee01cd,resolved,closed,66fa4ed5-e7e7-4664-8c2a-908778ecba02,Ticket closed.,2024-10-17 10:01:00+00
defc0e38-0b52-4098-b23e-103c208472a6,e2cc376f-74f5-43af-90aa-1a91c6c0becc,,open,041de753-e154-467e-a200-8c55c43576a2,Ticket raised from the fleet condition report.,2024-09-29 14:14:00+00
2a82fd2d-6b43-4748-9230-500c4d94289a,e2cc376f-74f5-43af-90aa-1a91c6c0becc,open,in_progress,668def89-b35a-453f-8186-ef5ef76662c8,Assigned and work started.,2024-09-30 17:37:00+00
8d5df79a-78db-4f8f-a23b-daab8878ddd5,e2cc376f-74f5-43af-90aa-1a91c6c0becc,in_progress,resolved,668def89-b35a-453f-8186-ef5ef76662c8,Work completed and verified.,2024-09-30 17:23:00+00
b19d8c67-1ab5-4ced-9bb4-97f3f4b16993,e2cc376f-74f5-43af-90aa-1a91c6c0becc,resolved,closed,668def89-b35a-453f-8186-ef5ef76662c8,Ticket closed.,2024-10-05 11:33:00+00
249b6c29-2513-445f-8b56-cb586c72f752,5f8f736f-ba40-419c-b897-27803460e2c5,,open,8f013397-f73e-4098-bf86-3cf1055a446a,Ticket raised from the fleet condition report.,2025-10-29 15:10:00+00
cc66228a-8a51-4109-aca2-96e0eed8fa71,5f8f736f-ba40-419c-b897-27803460e2c5,open,in_progress,cf6c56e7-5755-4ee5-801e-f33afde6b249,Assigned and work started.,2025-10-30 07:12:00+00
c6bd171c-f487-42b8-b476-ab3686277d8b,5f8f736f-ba40-419c-b897-27803460e2c5,in_progress,resolved,cf6c56e7-5755-4ee5-801e-f33afde6b249,Work completed and verified.,2025-11-03 16:11:00+00
8ad4f2a5-b8c0-4601-98e8-defaa1628ec7,d2c5a55a-d5ef-4c17-99b9-0fa52d9f9d40,,open,6c5f95fe-93a9-459f-988b-b5f6952e7382,Ticket raised from the fleet condition report.,2025-10-10 14:37:00+00
b5f0a7aa-179f-49af-b25d-f7409b0e051c,d2c5a55a-d5ef-4c17-99b9-0fa52d9f9d40,open,in_progress,0b830550-4175-4716-9d78-9b2d69d25855,Assigned and work started.,2025-10-11 10:12:00+00
d8b0b269-154e-42c6-b6e9-4b62cf1a3da8,d2c5a55a-d5ef-4c17-99b9-0fa52d9f9d40,in_progress,resolved,0b830550-4175-4716-9d78-9b2d69d25855,Work completed and verified.,2025-10-15 08:48:00+00
881836d3-f7b2-4c36-a68b-16fa6aff666d,d2c5a55a-d5ef-4c17-99b9-0fa52d9f9d40,resolved,closed,0b830550-4175-4716-9d78-9b2d69d25855,Ticket closed.,2025-10-24 05:22:00+00
d48ed6ec-ec7f-4456-b895-0c4b9e04a0c4,c978a967-9f85-45ef-87b3-2d75c61dc8e3,,open,c5ac0691-9daf-41ec-9af8-8a163bd32f72,Ticket raised from the fleet condition report.,2026-05-19 16:19:00+00
a5adfcb4-2d85-48c1-a829-b7868d11c824,c978a967-9f85-45ef-87b3-2d75c61dc8e3,open,in_progress,b33c4ff9-69b5-4437-9699-63c066d6c353,Assigned and work started.,2026-05-20 09:50:00+00
6e80ecba-48e3-43f9-951f-46b84def8a91,c978a967-9f85-45ef-87b3-2d75c61dc8e3,in_progress,resolved,b33c4ff9-69b5-4437-9699-63c066d6c353,Work completed and verified.,2026-05-30 13:19:00+00
b9fe1aac-985d-4b61-b1b4-6af9573d22a3,c978a967-9f85-45ef-87b3-2d75c61dc8e3,resolved,closed,b33c4ff9-69b5-4437-9699-63c066d6c353,Ticket closed.,2026-06-05 10:50:00+00
af84175a-3db5-439a-b9ec-f843ffc9050f,5f087853-063c-4911-916f-578d7f600b92,,open,fdbcc56a-e2f3-4c32-a12b-3dc71d3ba68b,Ticket raised from the fleet condition report.,2026-02-17 09:22:00+00
ef90b46a-82c5-4128-91e3-260dea95c1e5,5f087853-063c-4911-916f-578d7f600b92,open,in_progress,f1ed49ec-e79c-46e4-82c1-3e63309056fd,Assigned and work started.,2026-02-18 09:56:00+00
8126220a-4f36-4e77-bbd0-17cfccc86266,5f087853-063c-4911-916f-578d7f600b92,in_progress,resolved,f1ed49ec-e79c-46e4-82c1-3e63309056fd,Work completed and verified.,2026-02-28 09:49:00+00
aec7078c-758a-42a6-b452-018cf18357c9,5f087853-063c-4911-916f-578d7f600b92,resolved,closed,f1ed49ec-e79c-46e4-82c1-3e63309056fd,Ticket closed.,2026-03-06 06:41:00+00
f2b5606e-754c-43a9-b6a0-38126af4e83d,aac44c5a-0d33-44cb-bae2-77ab1fd2ae66,,open,4f70eb8b-a508-4193-b75f-63ac8e236939,Ticket raised from the fleet condition report.,2025-10-14 16:20:00+00
ca1689e1-5df5-4296-a601-3625d76a5bcf,aac44c5a-0d33-44cb-bae2-77ab1fd2ae66,open,in_progress,65a4c575-56f0-49d7-9887-9a08358fb73c,Assigned and work started.,2025-10-15 14:57:00+00
8a49c34a-69d4-4587-ae0e-b48ca5cd8366,aac44c5a-0d33-44cb-bae2-77ab1fd2ae66,in_progress,resolved,65a4c575-56f0-49d7-9887-9a08358fb73c,Work completed and verified.,2025-11-07 16:57:00+00
1509ac52-bb20-40f1-af1a-62cf41eeddcb,aac44c5a-0d33-44cb-bae2-77ab1fd2ae66,resolved,closed,65a4c575-56f0-49d7-9887-9a08358fb73c,Ticket closed.,2025-11-10 17:18:00+00
e159f71a-6b22-44f2-a7e5-e92a36cdac54,40e7df47-bb22-43e3-b5e7-70bbed3806fa,,open,4e687221-2aec-4a3c-b701-5383edc61335,Ticket raised from the fleet condition report.,2024-09-26 16:41:00+00
9b467f96-d9d9-4974-a7a9-3fd1b22cbe15,40e7df47-bb22-43e3-b5e7-70bbed3806fa,open,in_progress,e5c08943-9e02-486b-b8ec-02510a429c07,Assigned and work started.,2024-09-27 16:01:00+00
3b80efe0-461d-418f-8cd1-051307e3d0f9,40e7df47-bb22-43e3-b5e7-70bbed3806fa,in_progress,resolved,e5c08943-9e02-486b-b8ec-02510a429c07,Work completed and verified.,2024-10-19 06:22:00+00
52268a84-73dc-416b-9438-94bba2a6f8c8,40e7df47-bb22-43e3-b5e7-70bbed3806fa,resolved,closed,e5c08943-9e02-486b-b8ec-02510a429c07,Ticket closed.,2024-10-27 16:39:00+00
cb491f1d-2756-4861-b6cc-9aa6e78f4a19,7dcf3953-b43e-4833-94b9-1fdbfcdecfaa,,open,e056e605-c38d-4ee7-a691-1cf7bbd4a237,Ticket raised from the fleet condition report.,2026-01-20 11:25:00+00
13934bcf-d069-442d-9afc-1033a29d7b5c,0c12aa12-3e2a-4aa9-a1a4-a709681ae92a,,open,2b90787d-d78e-4453-ad90-ec1567d28856,Ticket raised from the fleet condition report.,2026-07-24 10:03:00+00
7071088b-913a-4f96-92fc-81bf4afab841,64e265d9-150d-4533-be98-0ed759fd228a,,open,80cda4e5-d297-4af5-9eba-2053c5ba854b,Ticket raised from the fleet condition report.,2024-08-10 07:57:00+00
241cce7b-70ab-46ad-9e71-6ef08325b62d,64e265d9-150d-4533-be98-0ed759fd228a,open,in_progress,242e349c-5343-4ab9-b488-62509742f4c7,Assigned and work started.,2024-08-11 14:10:00+00
f8f72604-7d23-4c06-975b-8ed538b193b8,64e265d9-150d-4533-be98-0ed759fd228a,in_progress,resolved,242e349c-5343-4ab9-b488-62509742f4c7,Work completed and verified.,2024-08-18 08:10:00+00
16cf562f-1b9b-4b81-9de4-dc88ef431384,64e265d9-150d-4533-be98-0ed759fd228a,resolved,closed,242e349c-5343-4ab9-b488-62509742f4c7,Ticket closed.,2024-08-24 13:19:00+00
666b5f3d-5365-463c-8baa-2b8eea984170,240f2d0c-72a3-4f76-8251-075f8ef5f2ec,,open,94c64335-4962-40b1-96fd-53632f8d49a3,Ticket raised from the fleet condition report.,2025-11-27 10:12:00+00
ace08789-1280-447b-9bce-94ee6fc100f3,240f2d0c-72a3-4f76-8251-075f8ef5f2ec,open,in_progress,00e5d1da-737f-4af2-9618-a843c6ba6bc0,Assigned and work started.,2025-11-28 05:14:00+00
c39dd7f9-6b08-4371-b54d-e9de230150f7,240f2d0c-72a3-4f76-8251-075f8ef5f2ec,in_progress,resolved,00e5d1da-737f-4af2-9618-a843c6ba6bc0,Work completed and verified.,2025-12-12 11:41:00+00
250fcdc2-8045-4969-8162-665dc0a221a0,f1575f9f-9837-475e-bd36-6376b574986e,,open,d9fb7d54-ed53-436a-8034-65f6bac6edac,Ticket raised from the fleet condition report.,2025-05-30 11:41:00+00
e45d1785-4102-4e02-96ee-016bb60a6fef,f1575f9f-9837-475e-bd36-6376b574986e,open,in_progress,597c6eba-286e-440e-922e-420efd907fcc,Assigned and work started.,2025-05-31 05:09:00+00
f5990ce3-8504-4eba-b444-e93ae06bc46a,f1575f9f-9837-475e-bd36-6376b574986e,in_progress,resolved,597c6eba-286e-440e-922e-420efd907fcc,Work completed and verified.,2025-05-31 06:38:00+00
faafeb93-e018-4f03-a1b5-410f6d76fc5d,f1575f9f-9837-475e-bd36-6376b574986e,resolved,closed,597c6eba-286e-440e-922e-420efd907fcc,Ticket closed.,2025-06-10 12:35:00+00
6b541f9f-dc35-42e2-b883-2ee1d40eec83,252d1777-71e0-4491-a9cf-19a905d10abd,,open,e2199342-06c7-43be-a8c3-07bc1762f57f,Ticket raised from the fleet condition report.,2026-04-17 14:54:00+00
7a92bf74-b210-4e32-9228-c4584b7f21e7,252d1777-71e0-4491-a9cf-19a905d10abd,open,in_progress,46b65206-6f2c-4777-b6a0-ed9d0d81dc19,Assigned and work started.,2026-04-18 07:27:00+00
032e49bd-a89d-48ad-a33c-2a0b0b488af3,252d1777-71e0-4491-a9cf-19a905d10abd,in_progress,resolved,46b65206-6f2c-4777-b6a0-ed9d0d81dc19,Work completed and verified.,2026-05-08 09:27:00+00
d9d7c846-54f3-4fc2-94bf-5d1d47becec2,dc2cd2d8-7bfb-40bd-8bb7-9c29ae9b6bc6,,open,021bc14f-38a3-4558-9229-2dbb6af279d2,Ticket raised from the fleet condition report.,2025-04-12 15:36:00+00
c80ed083-98e7-47be-bddc-641a8a1c3917,dc2cd2d8-7bfb-40bd-8bb7-9c29ae9b6bc6,open,in_progress,c72f23f6-0751-4dfb-aa15-6737a84c61f4,Assigned and work started.,2025-04-13 16:04:00+00
d649c800-db08-4e77-b318-c36a993b3f0a,dc2cd2d8-7bfb-40bd-8bb7-9c29ae9b6bc6,in_progress,resolved,c72f23f6-0751-4dfb-aa15-6737a84c61f4,Work completed and verified.,2025-04-26 17:02:00+00
cb001b3b-9c31-49bd-864b-dc7618249a6a,dc2cd2d8-7bfb-40bd-8bb7-9c29ae9b6bc6,resolved,closed,c72f23f6-0751-4dfb-aa15-6737a84c61f4,Ticket closed.,2025-05-03 07:32:00+00
266f5fd9-fbf7-4c3b-86d5-5ec719198ccc,09c4e794-cb09-47b6-8390-8f45d3a357d5,,open,87324214-a27c-41dd-bbbe-086ecd938f93,Ticket raised from the fleet condition report.,2024-09-19 08:42:00+00
1291bb77-c094-425a-bea6-f0835314e77b,09c4e794-cb09-47b6-8390-8f45d3a357d5,open,in_progress,3116c9d0-e74c-4cf3-84ee-8fbb2165d83f,Assigned and work started.,2024-09-20 17:59:00+00
2960b84a-129f-4a19-9bea-294fcc975d13,09c4e794-cb09-47b6-8390-8f45d3a357d5,in_progress,resolved,3116c9d0-e74c-4cf3-84ee-8fbb2165d83f,Work completed and verified.,2024-09-27 06:30:00+00
7fc27d3b-29d9-4eb1-bd75-7dc812ab83c3,09c4e794-cb09-47b6-8390-8f45d3a357d5,resolved,closed,3116c9d0-e74c-4cf3-84ee-8fbb2165d83f,Ticket closed.,2024-09-28 13:02:00+00
04a2c77d-4399-4b79-8d0e-bfbc4aeecfe6,1c9c92d6-670c-4415-8da8-78e261a913d0,,open,c691dcc5-f3db-4375-96dc-1d55b8a8bee1,Ticket raised from the fleet condition report.,2026-05-14 10:36:00+00
3347b511-73d5-4b9d-ae5a-0d8884e6c018,1c9c92d6-670c-4415-8da8-78e261a913d0,open,in_progress,242e349c-5343-4ab9-b488-62509742f4c7,Assigned and work started.,2026-05-15 10:40:00+00
223585b5-a69e-43a7-9f37-34030bda69e3,6fcf755c-fed5-485e-ba01-101ebd24e2a2,,open,2f32866b-2708-469a-a85f-e12f010d4607,Ticket raised from the fleet condition report.,2026-04-23 15:03:00+00
ef5dc11c-4f2f-4178-befa-3264e0c97808,6fcf755c-fed5-485e-ba01-101ebd24e2a2,open,in_progress,66cb2aca-9bcf-48c3-b8bf-8e61319ccfcf,Assigned and work started.,2026-04-24 15:43:00+00
16eb33dc-00e5-441d-87ad-6d786a0f76f6,6fcf755c-fed5-485e-ba01-101ebd24e2a2,in_progress,resolved,66cb2aca-9bcf-48c3-b8bf-8e61319ccfcf,Work completed and verified.,2026-05-04 16:25:00+00
e812ee4f-ddcd-4ea9-976d-d326270961a7,6fcf755c-fed5-485e-ba01-101ebd24e2a2,resolved,closed,66cb2aca-9bcf-48c3-b8bf-8e61319ccfcf,Ticket closed.,2026-05-13 06:23:00+00
6fb1cbd4-bd5a-4ec6-be6f-487f3034cabd,8706f25c-60b6-43a3-841f-ba3530b845a7,,open,268c1408-1f5a-4d5e-9b2c-0b5df558eda6,Ticket raised from the fleet condition report.,2026-01-26 12:21:00+00
ef66c1b0-f403-4d55-8e73-f761f19763e1,8706f25c-60b6-43a3-841f-ba3530b845a7,open,in_progress,ac56c0dc-f5dc-458e-ad2c-545b392395a3,Assigned and work started.,2026-01-27 05:23:00+00
87e6e33b-af40-4a87-8a9f-19cf8b26087e,8706f25c-60b6-43a3-841f-ba3530b845a7,in_progress,resolved,ac56c0dc-f5dc-458e-ad2c-545b392395a3,Work completed and verified.,2026-02-07 05:02:00+00
f44d5510-5421-4c3c-a499-e09674cc4c19,8706f25c-60b6-43a3-841f-ba3530b845a7,resolved,closed,ac56c0dc-f5dc-458e-ad2c-545b392395a3,Ticket closed.,2026-02-17 15:06:00+00
50492eda-7584-4b4a-b11b-6ba1cfdee798,2de0d200-20ee-49f0-aa88-273f8103dce9,,open,cd3fd2fa-00e7-4567-8457-01ddb880b719,Ticket raised from the fleet condition report.,2026-07-13 14:25:00+00
2370be46-1a2f-4758-8960-bf5ca5c05689,b8c85397-8445-4141-a84f-1f124769f9cb,,open,960e7df1-3079-4aab-812d-cf90bb2b019e,Ticket raised from the fleet condition report.,2025-09-18 09:57:00+00
ada61416-f1d1-417e-8579-8cb6f39830fa,b8c85397-8445-4141-a84f-1f124769f9cb,open,in_progress,95bebbd4-1cfc-4de5-93a8-7a5467a0616c,Assigned and work started.,2025-09-19 10:12:00+00
98382e1d-83eb-4407-94fe-1a0d480d87a0,b8c85397-8445-4141-a84f-1f124769f9cb,in_progress,resolved,95bebbd4-1cfc-4de5-93a8-7a5467a0616c,Work completed and verified.,2025-10-01 15:53:00+00
d9c06f0e-0bd1-4955-bf06-55de619d770a,b8c85397-8445-4141-a84f-1f124769f9cb,resolved,closed,95bebbd4-1cfc-4de5-93a8-7a5467a0616c,Ticket closed.,2025-10-11 12:09:00+00
692ed659-500f-4475-9a4f-9a9371f1712f,db119ef9-1ffd-4d00-9ab0-d71ee23fd401,,open,2b62c6da-6e5b-43a7-a301-ddb17784d56b,Ticket raised from the fleet condition report.,2025-08-19 13:07:00+00
059fbe22-b905-486d-a093-daf0ebff5a15,db119ef9-1ffd-4d00-9ab0-d71ee23fd401,open,in_progress,9580e2d6-e004-4873-9ea1-5e63bb707d70,Assigned and work started.,2025-08-20 15:24:00+00
a54055bf-ddfe-409a-90ac-7d8bbd9a2047,db119ef9-1ffd-4d00-9ab0-d71ee23fd401,in_progress,resolved,9580e2d6-e004-4873-9ea1-5e63bb707d70,Work completed and verified.,2025-08-26 11:53:00+00
163200f6-c792-4b19-879e-992886f9e215,349f7912-5a09-462c-90f7-b742c5551219,,open,201810ef-10d6-4664-9bf3-c78ad722a6de,Ticket raised from the fleet condition report.,2025-12-24 08:31:00+00
ff59fd1c-9d4d-49d0-8a92-ab708875d7eb,349f7912-5a09-462c-90f7-b742c5551219,open,in_progress,149c1f7c-7257-4a93-8b26-45cae3ef4432,Assigned and work started.,2025-12-25 13:55:00+00
35d0deba-b49c-447d-8489-5a29868a6380,349f7912-5a09-462c-90f7-b742c5551219,in_progress,resolved,149c1f7c-7257-4a93-8b26-45cae3ef4432,Work completed and verified.,2026-01-06 17:01:00+00
234187de-b24a-4bcd-a18f-448a13cbaaf2,349f7912-5a09-462c-90f7-b742c5551219,resolved,closed,149c1f7c-7257-4a93-8b26-45cae3ef4432,Ticket closed.,2026-01-15 11:36:00+00
fd65b906-f295-4158-8944-fee3c4511b14,64b7bb69-0f4f-4cdd-bb31-0a0a1e4960a2,,open,397e1e00-170b-4c0a-a77a-5f5cc3c7646c,Ticket raised from the fleet condition report.,2025-11-23 12:26:00+00
c5a94eef-4563-4e11-965e-d4425bf6e889,3b1b5ae0-d8f4-4061-85ca-5f7e97889101,,open,6532dc92-9619-4507-ad90-cca4fc22e5aa,Ticket raised from the fleet condition report.,2025-03-30 06:30:00+00
bc551691-c09d-4cec-950d-87cdaa9d67d5,9b4c0265-c33d-4d49-b98d-7e152aa88bfe,,open,038749c2-de84-4c52-8f72-8637d74e9c08,Ticket raised from the fleet condition report.,2025-12-25 14:23:00+00
b035ead3-37c6-44cd-b5a1-44cd206b6cb8,9b4c0265-c33d-4d49-b98d-7e152aa88bfe,open,in_progress,233aac45-07b9-46b4-af83-c4c76f181669,Assigned and work started.,2025-12-26 16:19:00+00
5f0bac8e-1852-44bb-8294-d08f6a3657ee,9b4c0265-c33d-4d49-b98d-7e152aa88bfe,in_progress,resolved,233aac45-07b9-46b4-af83-c4c76f181669,Work completed and verified.,2026-01-07 14:41:00+00
ebfacac3-ac41-403b-b7ec-29915a24001e,9b4c0265-c33d-4d49-b98d-7e152aa88bfe,resolved,closed,233aac45-07b9-46b4-af83-c4c76f181669,Ticket closed.,2026-01-11 05:43:00+00
38476547-c06f-48ff-9b13-274436ffaabc,663246ac-ce95-4cac-8073-07b144f3f036,,open,bc386f1f-6069-48e1-bf31-dca443044b19,Ticket raised from the fleet condition report.,2024-11-26 05:24:00+00
27da4c1a-ca89-4273-95c8-6f9426baa292,663246ac-ce95-4cac-8073-07b144f3f036,open,in_progress,1ad7ccbc-6809-4f96-83f4-c7636a2a4728,Assigned and work started.,2024-11-27 17:13:00+00
2489c799-7de5-4fb1-bd48-03697a8aa57c,663246ac-ce95-4cac-8073-07b144f3f036,in_progress,resolved,1ad7ccbc-6809-4f96-83f4-c7636a2a4728,Work completed and verified.,2024-12-03 13:31:00+00
5ad3c171-7372-404d-98dc-cd85dac43858,663246ac-ce95-4cac-8073-07b144f3f036,resolved,closed,1ad7ccbc-6809-4f96-83f4-c7636a2a4728,Ticket closed.,2024-12-04 12:03:00+00
1ae67c92-4dae-4307-a6b5-bc9b0409504d,921ae5e2-0b48-4508-9e0b-2b4a380a487d,,open,2ab7dd10-22eb-4e3b-98d0-cd8a2d4391a8,Ticket raised from the fleet condition report.,2025-03-30 15:37:00+00
4421b6ac-037d-49b7-9618-2cfdc1938aad,921ae5e2-0b48-4508-9e0b-2b4a380a487d,open,in_progress,65403423-49cb-46e5-8f5f-eb8802feb133,Assigned and work started.,2025-03-31 05:08:00+00
db974d67-4d78-4f1b-970c-7aa77b234c20,921ae5e2-0b48-4508-9e0b-2b4a380a487d,in_progress,resolved,65403423-49cb-46e5-8f5f-eb8802feb133,Work completed and verified.,2025-04-23 14:50:00+00
50e651a3-0fa5-46d2-9cdd-3e8b24525bd9,178e3b54-5fba-4fe2-afc4-beb6bcad3f93,,open,15b87d03-89b9-407f-abbf-8dc82d73f93f,Ticket raised from the fleet condition report.,2025-02-12 05:11:00+00
6c1dcff2-d2ec-4f5b-b5a4-50b9b9ad79fa,178e3b54-5fba-4fe2-afc4-beb6bcad3f93,open,in_progress,59064e3f-1d1e-4817-8491-724ae8d85add,Assigned and work started.,2025-02-13 08:44:00+00
522864f0-e5db-42cb-99ae-091731e34ecd,178e3b54-5fba-4fe2-afc4-beb6bcad3f93,in_progress,resolved,59064e3f-1d1e-4817-8491-724ae8d85add,Work completed and verified.,2025-03-05 07:16:00+00
a49a2a08-bb25-4355-aa9b-053e473380fb,cb17cfbb-5e3f-4bc2-8179-f32edd1fc257,,open,2de8e8a2-03a6-4d8e-93d9-4b8309004f45,Ticket raised from the fleet condition report.,2026-02-17 15:22:00+00
69067bf3-5dab-4ebb-a0a9-5583e44083ff,cb17cfbb-5e3f-4bc2-8179-f32edd1fc257,open,in_progress,6d8966a8-2474-4d35-9fd9-7bb3b648f6fd,Assigned and work started.,2026-02-18 17:17:00+00
71552913-586f-432e-b7f5-c03dca2c7fbd,cb17cfbb-5e3f-4bc2-8179-f32edd1fc257,in_progress,resolved,6d8966a8-2474-4d35-9fd9-7bb3b648f6fd,Work completed and verified.,2026-03-07 06:28:00+00
8f178b55-5eb9-4b16-a4d6-4b9a6badc9eb,cb17cfbb-5e3f-4bc2-8179-f32edd1fc257,resolved,closed,6d8966a8-2474-4d35-9fd9-7bb3b648f6fd,Ticket closed.,2026-03-08 06:57:00+00
351abe71-2894-4642-b3e6-6cb9520d00b8,d63cf6f7-ba89-4023-a85e-c370e651c2f1,,open,9aee6ad3-243e-4da8-aa52-4050a6fa56f0,Ticket raised from the fleet condition report.,2026-02-14 14:09:00+00
78c89fa9-384f-407b-82ac-5870c115d4fe,d63cf6f7-ba89-4023-a85e-c370e651c2f1,open,in_progress,ac56c0dc-f5dc-458e-ad2c-545b392395a3,Assigned and work started.,2026-02-15 08:57:00+00
f7055561-f306-4a96-8864-249562385bc5,d63cf6f7-ba89-4023-a85e-c370e651c2f1,in_progress,resolved,ac56c0dc-f5dc-458e-ad2c-545b392395a3,Work completed and verified.,2026-03-10 10:03:00+00
bf4e5fed-d67e-48d7-a86c-55fb43a466a9,d63cf6f7-ba89-4023-a85e-c370e651c2f1,resolved,closed,ac56c0dc-f5dc-458e-ad2c-545b392395a3,Ticket closed.,2026-03-12 11:46:00+00
d20936de-662a-4274-8f40-872c73adf3ff,d072ab62-3d2b-4935-8d9b-6b7220e63342,,open,5b0a7bbc-d700-4f4e-8c59-d5f0c07f3ac0,Ticket raised from the fleet condition report.,2026-07-14 17:05:00+00
35442569-34ae-4290-a4fa-a13e3cb01eb2,d072ab62-3d2b-4935-8d9b-6b7220e63342,open,in_progress,5b4b300b-3f2b-4fb0-bc62-3eae56605668,Assigned and work started.,2026-07-15 08:22:00+00
3d6bcd7a-c1bb-49ad-9f0c-e2a84b7fc63b,8a6870bd-ba7b-413e-9fa8-c7f7ce2a7e07,,open,c7c01cc4-ac80-41d8-957a-a2195736cacf,Ticket raised from the fleet condition report.,2025-04-12 14:37:00+00
3fe76cc5-d623-4095-a6ab-6d0899fb3417,8a6870bd-ba7b-413e-9fa8-c7f7ce2a7e07,open,in_progress,92ed4de4-9c5c-4d11-a52f-9653a34addec,Assigned and work started.,2025-04-13 09:47:00+00
4ba7aadc-0175-4584-b67a-440acced2c80,8a6870bd-ba7b-413e-9fa8-c7f7ce2a7e07,in_progress,resolved,92ed4de4-9c5c-4d11-a52f-9653a34addec,Work completed and verified.,2025-05-05 15:47:00+00
d74d59f9-4f28-46be-b03d-9cdf8fa22d3e,8a6870bd-ba7b-413e-9fa8-c7f7ce2a7e07,resolved,closed,92ed4de4-9c5c-4d11-a52f-9653a34addec,Ticket closed.,2025-05-15 10:19:00+00
8e726750-8afc-4815-92c6-7bbc3ac87894,1523ee14-c043-49c3-a536-4532bb6f177b,,open,9b3bff38-da7d-4ad0-8bf0-efdd03c2c0f8,Ticket raised from the fleet condition report.,2026-07-19 12:01:00+00
52c889f9-f0c0-4718-afd5-da9da49b6429,c1a01168-7d38-4c92-8681-aad63dab96f5,,open,2c594e9c-83b2-4d2e-91b9-33fa6a6bc81e,Ticket raised from the fleet condition report.,2025-06-12 13:01:00+00
efbd265c-1e2d-414e-b471-a11e1719ab36,c1a01168-7d38-4c92-8681-aad63dab96f5,open,in_progress,1eec88aa-d888-4b75-ab3e-84365df4210c,Assigned and work started.,2025-06-13 13:03:00+00
3034807b-0263-42de-b1a6-01c2d43dad20,c1a01168-7d38-4c92-8681-aad63dab96f5,in_progress,resolved,1eec88aa-d888-4b75-ab3e-84365df4210c,Work completed and verified.,2025-07-07 10:43:00+00
12d35bff-fdfa-4eaa-8994-60a595e09e86,c1a01168-7d38-4c92-8681-aad63dab96f5,resolved,closed,1eec88aa-d888-4b75-ab3e-84365df4210c,Ticket closed.,2025-07-16 06:13:00+00
5cc7959e-9e48-4f1f-8887-70968d021e6f,a805ab0f-b3f8-45ca-968e-52fc99b3c117,,open,6304e580-0502-491d-80c1-fcd084bbbd24,Ticket raised from the fleet condition report.,2026-07-16 16:05:00+00
5606b9bb-35ed-4c66-a09a-25c80eae8e34,3c0c4ba7-840b-4e0d-ac2f-ba78111929e5,,open,4f5e2568-47ac-4138-880e-565d631691d0,Ticket raised from the fleet condition report.,2025-02-26 13:29:00+00
f51e588c-231c-49ca-a486-21723e6d0f2c,b4cee3aa-0102-4a78-9d37-7a3bb7a45ec1,,open,d9fb7d54-ed53-436a-8034-65f6bac6edac,Ticket raised from the fleet condition report.,2025-03-13 10:22:00+00
aa81d1b7-a01a-4ec0-a36b-379eec782da0,b4cee3aa-0102-4a78-9d37-7a3bb7a45ec1,open,in_progress,90850f19-81e7-4b88-ba8f-72ef0e0578fa,Assigned and work started.,2025-03-14 17:56:00+00
95fc16f3-dc3e-4dcc-91fa-1580b402f8ec,b4cee3aa-0102-4a78-9d37-7a3bb7a45ec1,in_progress,resolved,90850f19-81e7-4b88-ba8f-72ef0e0578fa,Work completed and verified.,2025-03-25 13:55:00+00
f4cfe867-cd70-4a31-af98-3cc754400117,b4cee3aa-0102-4a78-9d37-7a3bb7a45ec1,resolved,closed,90850f19-81e7-4b88-ba8f-72ef0e0578fa,Ticket closed.,2025-03-31 17:06:00+00
18015537-8e57-473a-a005-3834ba6a5743,4d73cbe3-6705-43e0-83ef-5a33af8b983b,,open,7c77d83d-f5f7-475a-b677-e449366d04f9,Ticket raised from the fleet condition report.,2025-06-16 07:17:00+00
bd86a2db-ae06-4333-b17b-501eb62eed7e,372e1c39-0914-4b50-9066-905bb0f0e018,,open,eaf27d88-2c7f-46ad-9184-8ac42c34bbbe,Ticket raised from the fleet condition report.,2026-06-10 14:26:00+00
74d5ff55-319f-45b0-b6f2-9e25b251dfae,372e1c39-0914-4b50-9066-905bb0f0e018,open,in_progress,4fb48d89-3d11-4b1c-b34a-fc8824c4d74a,Assigned and work started.,2026-06-11 16:35:00+00
586e1060-7d3f-4311-8b2a-e6ac61888528,bcbd92c6-0497-4827-b3b8-fd8953850aa7,,open,ec42ef12-9929-4b5d-b07f-dac5819cba78,Ticket raised from the fleet condition report.,2025-04-23 07:34:00+00
3ecfd3b2-c13b-4e45-a78f-deae502f30be,bcbd92c6-0497-4827-b3b8-fd8953850aa7,open,in_progress,53237578-eb53-4fa0-b5df-9eb5c4ba96f4,Assigned and work started.,2025-04-24 15:06:00+00
1bd90558-597f-484a-bee8-1694ea94c1ac,bcbd92c6-0497-4827-b3b8-fd8953850aa7,in_progress,resolved,53237578-eb53-4fa0-b5df-9eb5c4ba96f4,Work completed and verified.,2025-05-02 10:51:00+00
01048527-cff7-4141-b49e-2809878e55cb,bcbd92c6-0497-4827-b3b8-fd8953850aa7,resolved,closed,53237578-eb53-4fa0-b5df-9eb5c4ba96f4,Ticket closed.,2025-05-11 07:13:00+00
33c59336-ac41-4aac-9305-f33a6c2f51e4,60205b19-01f5-4c59-a88a-14c46f8852e9,,open,d6c63075-f2b1-42b2-88ea-62b7db930b1d,Ticket raised from the fleet condition report.,2024-11-22 06:56:00+00
52f1add1-6a9f-41b5-85a4-4c8137707333,60205b19-01f5-4c59-a88a-14c46f8852e9,open,in_progress,4212a9e1-e03c-4ea2-9d8c-c180b703b99a,Assigned and work started.,2024-11-23 05:22:00+00
77650a88-a070-4bb7-b1ba-f8b723c14205,60205b19-01f5-4c59-a88a-14c46f8852e9,in_progress,resolved,4212a9e1-e03c-4ea2-9d8c-c180b703b99a,Work completed and verified.,2024-12-06 08:31:00+00
2f4384f6-a4c4-47b5-ac43-b0f56d3b8d75,60205b19-01f5-4c59-a88a-14c46f8852e9,resolved,closed,4212a9e1-e03c-4ea2-9d8c-c180b703b99a,Ticket closed.,2024-12-07 08:50:00+00
b2191854-2365-4ccb-81ab-d907ff80782e,42a89438-46ea-4d55-a34e-3d342dc6cd72,,open,cab74599-3095-4857-9062-1ed17548d72b,Ticket raised from the fleet condition report.,2025-10-12 17:51:00+00
b0f78d2a-42d9-499b-9494-cf11a0d8151a,42a89438-46ea-4d55-a34e-3d342dc6cd72,open,in_progress,e20935a5-5128-4f38-92b2-23e2cc66c4ed,Assigned and work started.,2025-10-13 14:43:00+00
1485f734-6327-4bcd-a38f-53df47324d62,42a89438-46ea-4d55-a34e-3d342dc6cd72,in_progress,resolved,e20935a5-5128-4f38-92b2-23e2cc66c4ed,Work completed and verified.,2025-10-26 06:28:00+00
f5a52610-7466-42e0-a148-377404587313,42a89438-46ea-4d55-a34e-3d342dc6cd72,resolved,closed,e20935a5-5128-4f38-92b2-23e2cc66c4ed,Ticket closed.,2025-10-31 15:43:00+00
3e4a314d-77b3-40ff-ae99-76b306aaf465,38e81d1b-64d0-45db-8012-4cb1e2335e17,,open,cde090c3-e7e9-459d-b4f7-64df6f80e8a6,Ticket raised from the fleet condition report.,2026-08-07 09:26:00+00
1634038f-98ae-4d9a-9856-6e07e47d6912,38e81d1b-64d0-45db-8012-4cb1e2335e17,open,in_progress,3ed87f3f-9d1e-409e-af21-14fee9e9bc14,Assigned and work started.,2026-08-08 09:31:00+00
6da6df9a-01d2-468d-b22d-0aa4dce52f92,38e81d1b-64d0-45db-8012-4cb1e2335e17,in_progress,resolved,3ed87f3f-9d1e-409e-af21-14fee9e9bc14,Work completed and verified.,2026-08-10 12:52:00+00
be98972e-d6b2-46e9-858e-3a620594eb2f,4c1effc2-9df1-45c9-b26d-40b33e7dfe93,,open,4d5202db-cfac-4bb3-93a3-0fd9740a7bab,Ticket raised from the fleet condition report.,2024-12-14 08:25:00+00
af638899-236e-4c50-8da3-449ee0b189e2,217780d0-aca2-45c1-99ed-aa468e7b3ee0,,open,6ab1fa28-105a-4e64-86b5-50fe38b7933d,Ticket raised from the fleet condition report.,2025-11-12 08:43:00+00
9e3dee4f-8844-4daf-931e-bd53a95e6884,217780d0-aca2-45c1-99ed-aa468e7b3ee0,open,in_progress,3ed87f3f-9d1e-409e-af21-14fee9e9bc14,Assigned and work started.,2025-11-13 10:12:00+00
c1836c75-3012-489a-8e3f-2d2e5031daf3,217780d0-aca2-45c1-99ed-aa468e7b3ee0,in_progress,resolved,3ed87f3f-9d1e-409e-af21-14fee9e9bc14,Work completed and verified.,2025-11-19 09:09:00+00
3fa7cfd2-9746-4774-a8ac-b3d0aba73859,466db54b-c989-483f-b94e-93986f1dacdf,,open,7c2c14c1-404b-480e-b7d2-fe6a9487024e,Ticket raised from the fleet condition report.,2025-11-11 13:34:00+00
3e8749c4-acb6-401c-892e-25c02abb2419,466db54b-c989-483f-b94e-93986f1dacdf,open,in_progress,45e88c26-b5d7-4353-ad6a-6acd15416a21,Assigned and work started.,2025-11-12 17:03:00+00
62071e2b-ed85-42a5-a4c3-b3b5f013ef7a,466db54b-c989-483f-b94e-93986f1dacdf,in_progress,resolved,45e88c26-b5d7-4353-ad6a-6acd15416a21,Work completed and verified.,2025-11-29 13:42:00+00
90c09404-2ba4-4012-8e8a-0b819feb408a,838d56b6-1bc6-45c8-92a7-fc626303c4c3,,open,e15a11ed-4e40-4f3c-8011-cbb4911d7069,Ticket raised from the fleet condition report.,2025-03-01 06:23:00+00
fe1117b0-831e-467d-8896-6f1c7bd3c0a1,838d56b6-1bc6-45c8-92a7-fc626303c4c3,open,in_progress,2e1b0afe-0496-4426-b986-9eee617c68c8,Assigned and work started.,2025-03-02 14:23:00+00
fd827785-51bb-4063-8ff4-ed2abe825455,838d56b6-1bc6-45c8-92a7-fc626303c4c3,in_progress,resolved,2e1b0afe-0496-4426-b986-9eee617c68c8,Work completed and verified.,2025-03-09 09:12:00+00
891cf2aa-4dfb-4e51-aa22-9a5c8f0f7dfe,838d56b6-1bc6-45c8-92a7-fc626303c4c3,resolved,closed,2e1b0afe-0496-4426-b986-9eee617c68c8,Ticket closed.,2025-03-19 06:32:00+00
397f1b57-045a-4699-8635-489eaeef13d8,f0e6e04a-bd76-42ec-b079-e5f4f50720ab,,open,059e5a21-9aa0-47b0-95c8-497b4f42c904,Ticket raised from the fleet condition report.,2025-11-13 07:18:00+00
f39f39cd-bc88-4e28-8f27-a31636dcc2ff,f0e6e04a-bd76-42ec-b079-e5f4f50720ab,open,in_progress,32f7d1c4-7b8c-461e-bc5f-f5d2eae53e3a,Assigned and work started.,2025-11-14 12:24:00+00
e426ec63-9395-43ce-903a-95f4c9e6d102,f0e6e04a-bd76-42ec-b079-e5f4f50720ab,in_progress,resolved,32f7d1c4-7b8c-461e-bc5f-f5d2eae53e3a,Work completed and verified.,2025-11-24 11:07:00+00
61a117ec-fe6e-4fc3-91bb-d6b7ee6eee9a,80ffc79d-0312-42ac-8c45-ab567506228d,,open,d8294427-340a-4c8e-ae90-c5de2eded6d4,Ticket raised from the fleet condition report.,2026-02-16 15:53:00+00
f587ef1e-dbbe-445c-8a54-1cfbecb7dd29,80ffc79d-0312-42ac-8c45-ab567506228d,open,in_progress,9b2ae800-e7f5-4450-a102-90626d114204,Assigned and work started.,2026-02-17 13:19:00+00
77ce1cbc-b721-4709-8f8e-3c86e0395905,80ffc79d-0312-42ac-8c45-ab567506228d,in_progress,resolved,9b2ae800-e7f5-4450-a102-90626d114204,Work completed and verified.,2026-03-11 12:33:00+00
d79d0c45-a8df-4ca3-82e6-cb98aae1c5f8,80ffc79d-0312-42ac-8c45-ab567506228d,resolved,closed,9b2ae800-e7f5-4450-a102-90626d114204,Ticket closed.,2026-03-16 10:22:00+00
2785d07f-680d-405c-b78b-4443cb6bda22,eb7ada98-317e-45eb-b8bb-653fd8ca6b7d,,open,d2cb4643-0910-4c84-bce6-b045b2dd12d5,Ticket raised from the fleet condition report.,2026-08-08 05:06:00+00
a44e21f9-61e3-4f15-8003-99672ecca094,32fbfbd1-891b-4c6b-9308-36bd30d88881,,open,77d52514-52e6-4156-b26b-a45c4caf47d7,Ticket raised from the fleet condition report.,2025-03-28 07:10:00+00
a0ed2556-46af-4152-8c7a-6fb351f571a3,32fbfbd1-891b-4c6b-9308-36bd30d88881,open,in_progress,772aca7d-b461-4fef-a7c6-4f8345059174,Assigned and work started.,2025-03-29 11:21:00+00
8dd6f349-6469-4c7c-9ab9-dcac58f16699,32fbfbd1-891b-4c6b-9308-36bd30d88881,in_progress,resolved,772aca7d-b461-4fef-a7c6-4f8345059174,Work completed and verified.,2025-04-15 13:56:00+00
fbc25684-036c-4b31-bb9f-20a31babadad,5bde19d7-e726-4b60-b2e6-08580bd903d6,,open,f85e5d5e-23ed-4753-ab5b-6e0d16377b17,Ticket raised from the fleet condition report.,2025-04-18 12:53:00+00
51654610-40e8-410a-a483-c6dab30edccc,5bde19d7-e726-4b60-b2e6-08580bd903d6,open,in_progress,838168e2-a894-48b0-9e58-4f1f4612a1b3,Assigned and work started.,2025-04-19 05:00:00+00
ffcd92e7-5e7d-4d1c-9c58-af2be7e9b2e6,5bde19d7-e726-4b60-b2e6-08580bd903d6,in_progress,resolved,838168e2-a894-48b0-9e58-4f1f4612a1b3,Work completed and verified.,2025-04-25 11:40:00+00
243f3347-aacf-489f-a839-5d9092e2ef3b,5bde19d7-e726-4b60-b2e6-08580bd903d6,resolved,closed,838168e2-a894-48b0-9e58-4f1f4612a1b3,Ticket closed.,2025-05-02 05:25:00+00
8fe3321e-0fdc-4199-b0e7-c20a91ce2bfc,2fe94103-86ca-4575-a9f6-32476664f653,,open,9840ed8d-8d65-4f5a-892c-00b26ae09c10,Ticket raised from the fleet condition report.,2025-11-16 16:13:00+00
a7aa4eb9-30e4-4185-b089-3683807fba83,2fe94103-86ca-4575-a9f6-32476664f653,open,in_progress,92ed4de4-9c5c-4d11-a52f-9653a34addec,Assigned and work started.,2025-11-17 09:15:00+00
dc296931-6e95-49bd-b192-3fdcb56bc65c,2fe94103-86ca-4575-a9f6-32476664f653,in_progress,resolved,92ed4de4-9c5c-4d11-a52f-9653a34addec,Work completed and verified.,2025-11-30 05:57:00+00
67bb0fc9-3d7e-496e-b8ee-dbe5c6fa8d95,2fe94103-86ca-4575-a9f6-32476664f653,resolved,closed,92ed4de4-9c5c-4d11-a52f-9653a34addec,Ticket closed.,2025-12-02 15:00:00+00
ef32f0e0-61f8-463c-be70-edb315b3467c,811afed9-cc18-4c2e-a117-c794a32d3d0a,,open,07e0c835-51f1-4fad-9254-f68f64738d72,Ticket raised from the fleet condition report.,2025-05-20 17:11:00+00
0baa2b7c-019d-49a8-b945-6610ff86591a,811afed9-cc18-4c2e-a117-c794a32d3d0a,open,in_progress,b958f053-fb9d-4b81-9996-c7ca66269f1c,Assigned and work started.,2025-05-21 05:50:00+00
682e8f7b-32dd-498d-bdec-c7ff5acc340c,811afed9-cc18-4c2e-a117-c794a32d3d0a,in_progress,resolved,b958f053-fb9d-4b81-9996-c7ca66269f1c,Work completed and verified.,2025-06-11 14:23:00+00
bb8c06ef-3af7-4a41-bcb6-2b1fe91ae858,811afed9-cc18-4c2e-a117-c794a32d3d0a,resolved,closed,b958f053-fb9d-4b81-9996-c7ca66269f1c,Ticket closed.,2025-06-18 05:17:00+00
5080f0b1-09fe-463c-906f-04d3eb910683,5fd6e8e5-f7a8-4672-9681-1fe23dc22f7d,,open,e10a2e33-a841-4a3f-ad4a-3114b4d9f0d2,Ticket raised from the fleet condition report.,2024-11-30 05:27:00+00
b2841609-b190-4658-94c4-89894be5eb80,5fd6e8e5-f7a8-4672-9681-1fe23dc22f7d,open,in_progress,15dc60e6-ac87-4e43-940e-f17025d0156f,Assigned and work started.,2024-12-01 11:12:00+00
701acd18-3313-4f3f-9002-b09795de72c7,5fd6e8e5-f7a8-4672-9681-1fe23dc22f7d,in_progress,resolved,15dc60e6-ac87-4e43-940e-f17025d0156f,Work completed and verified.,2024-12-13 09:22:00+00
950af27f-82b4-4fb6-a2bb-0ca746bd3fa1,5fd6e8e5-f7a8-4672-9681-1fe23dc22f7d,resolved,closed,15dc60e6-ac87-4e43-940e-f17025d0156f,Ticket closed.,2024-12-19 05:55:00+00
c6aae99a-d993-41b5-9bb7-32eff9abc05f,2ec26bf9-6501-4891-ba12-039e3b6e5266,,open,3c2c8754-c1a0-4b4a-8e07-f76d62727b49,Ticket raised from the fleet condition report.,2025-09-20 08:07:00+00
bc8c7587-e214-4ce1-bf3b-f7772ebee29e,2ec26bf9-6501-4891-ba12-039e3b6e5266,open,in_progress,c9371eef-cb2f-45af-926f-13217cb6a7ad,Assigned and work started.,2025-09-21 10:01:00+00
1fd1791e-a7ee-4331-958b-aa8801a326d0,2ec26bf9-6501-4891-ba12-039e3b6e5266,in_progress,resolved,c9371eef-cb2f-45af-926f-13217cb6a7ad,Work completed and verified.,2025-10-13 09:02:00+00
29fc428d-445f-4a43-969c-4ca89fe32bda,2ec26bf9-6501-4891-ba12-039e3b6e5266,resolved,closed,c9371eef-cb2f-45af-926f-13217cb6a7ad,Ticket closed.,2025-10-14 10:51:00+00
d6610cb3-8645-4ee7-bc6d-0f3926d07427,9d5e8824-b891-4276-b4a8-2e4b8cfbc69b,,open,fe7a7442-473b-43a5-bcaf-d3b1086bbcf2,Ticket raised from the fleet condition report.,2025-04-19 16:55:00+00
12b04d85-6ceb-44e7-9d20-f1bdfd30e5cb,9d5e8824-b891-4276-b4a8-2e4b8cfbc69b,open,in_progress,20064787-286e-445a-af95-65111a530936,Assigned and work started.,2025-04-20 17:26:00+00
0ce5978a-32fe-4686-85c9-1980ae582e29,9d5e8824-b891-4276-b4a8-2e4b8cfbc69b,in_progress,resolved,20064787-286e-445a-af95-65111a530936,Work completed and verified.,2025-05-11 12:21:00+00
dac1be90-364c-448c-99ce-836819e6086f,9d5e8824-b891-4276-b4a8-2e4b8cfbc69b,resolved,closed,20064787-286e-445a-af95-65111a530936,Ticket closed.,2025-05-18 12:38:00+00
2a95f6a1-4917-40fb-93c3-5597324f084d,1a4e556c-a980-4e5a-8771-921d5c1bb62a,,open,8a305a4e-04c7-4ae3-b63f-7e3a868e8690,Ticket raised from the fleet condition report.,2026-05-24 12:35:00+00
5de7d9a7-96e9-4887-b877-3dfa3db5e9e0,5335f6e5-141b-4da0-ba59-88f1f1ce6d74,,open,eed58a38-b1ab-4cbf-88ca-068e6a523a9a,Ticket raised from the fleet condition report.,2025-09-19 07:24:00+00
6cde301c-fe06-4e6c-a171-df53c9370162,5335f6e5-141b-4da0-ba59-88f1f1ce6d74,open,in_progress,1246b49b-4c2a-428c-9e26-abdd7df1b7e0,Assigned and work started.,2025-09-20 08:31:00+00
90eaae16-b8c2-47dc-8891-d3853e75d8e6,5335f6e5-141b-4da0-ba59-88f1f1ce6d74,in_progress,resolved,1246b49b-4c2a-428c-9e26-abdd7df1b7e0,Work completed and verified.,2025-10-01 06:26:00+00
34dd5aee-ec2b-4793-90fa-1b328e8cb1d0,1c65450b-f36b-49df-a36c-e89647082593,,open,e2ef226b-dfda-42f9-b877-004eb21dd484,Ticket raised from the fleet condition report.,2025-11-14 09:06:00+00
852e90ad-bf7c-41b2-b880-e3dd6d6a87bb,2e1291e6-e0b4-4ff8-b29e-60cf51d3a8e2,,open,b5e9f1ed-2062-4d19-b2b1-2c2f5f9d9d1d,Ticket raised from the fleet condition report.,2025-10-14 07:25:00+00
4dc44a7b-53e5-4224-8b0c-6d9a9480f7e2,2e1291e6-e0b4-4ff8-b29e-60cf51d3a8e2,open,in_progress,5e18dd32-52bf-446f-b5b4-306dd776e223,Assigned and work started.,2025-10-15 17:56:00+00
face3611-0279-48cc-a713-d98a7a2832f1,2e1291e6-e0b4-4ff8-b29e-60cf51d3a8e2,in_progress,resolved,5e18dd32-52bf-446f-b5b4-306dd776e223,Work completed and verified.,2025-11-05 15:01:00+00
00962ec0-d71e-4710-831d-647dfc3ca967,2e1291e6-e0b4-4ff8-b29e-60cf51d3a8e2,resolved,closed,5e18dd32-52bf-446f-b5b4-306dd776e223,Ticket closed.,2025-11-15 05:22:00+00
f4c7f931-3eb9-4643-a84e-ccda884048cb,73e7f91c-7894-4756-a162-83e9170073b1,,open,0ce9016f-37ef-4c5d-8153-47a5c11f99ec,Ticket raised from the fleet condition report.,2025-07-26 07:34:00+00
45cb083d-ea30-4cbb-b507-0c4d641d6653,73e7f91c-7894-4756-a162-83e9170073b1,open,in_progress,78be5d8f-6cca-4d7e-bfe7-2b68fc8c6341,Assigned and work started.,2025-07-27 08:22:00+00
8a6aed88-8eec-483d-86f7-f2f78ff31217,73e7f91c-7894-4756-a162-83e9170073b1,in_progress,resolved,78be5d8f-6cca-4d7e-bfe7-2b68fc8c6341,Work completed and verified.,2025-08-16 16:58:00+00
21733886-f18b-4d64-8296-cc11617f9eef,edf269cc-f052-46ea-b870-57e5c602917c,,open,86e77588-110c-4754-810f-2399b3ca3978,Ticket raised from the fleet condition report.,2026-02-20 10:19:00+00
9e48d82e-9238-410a-963f-3b9b9334c350,edf269cc-f052-46ea-b870-57e5c602917c,open,in_progress,799f9455-62db-4da1-8b99-9f32da209d65,Assigned and work started.,2026-02-21 16:22:00+00
5f9a9c75-f960-45b0-b7f2-e61fb176f440,edf269cc-f052-46ea-b870-57e5c602917c,in_progress,resolved,799f9455-62db-4da1-8b99-9f32da209d65,Work completed and verified.,2026-03-01 12:51:00+00
7a6db20a-8e67-42c1-8419-076a44d8f8e6,edf269cc-f052-46ea-b870-57e5c602917c,resolved,closed,799f9455-62db-4da1-8b99-9f32da209d65,Ticket closed.,2026-03-03 07:44:00+00
868e15c0-732d-4c86-84d4-db990c2f57bf,2a6391cc-f7ac-424e-87bf-fdf004c4ccd4,,open,84ba50f5-a2ed-4682-8ba5-e5556fff4b51,Ticket raised from the fleet condition report.,2026-02-14 14:42:00+00
00ee445f-3dde-4075-be65-a9896f000608,2a6391cc-f7ac-424e-87bf-fdf004c4ccd4,open,in_progress,7b2e85f9-7895-4aca-bf50-e37e9a354eb0,Assigned and work started.,2026-02-15 11:49:00+00
689efeba-cdf3-4992-bced-916f95c0f7c9,2a6391cc-f7ac-424e-87bf-fdf004c4ccd4,in_progress,resolved,7b2e85f9-7895-4aca-bf50-e37e9a354eb0,Work completed and verified.,2026-03-09 15:45:00+00
0f2e6b59-38f7-44b1-ab65-13ea03382ffd,475d9366-b4c2-4211-8de8-41605a0e86f5,,open,c06bb987-5cbb-4b31-ad34-e260d4529ba7,Ticket raised from the fleet condition report.,2025-08-22 12:53:00+00
f9d838d0-ad11-4f03-9f26-fdb236f4e758,475d9366-b4c2-4211-8de8-41605a0e86f5,open,in_progress,2ea7ff67-fdd7-4d0b-96cd-8dd768decfdd,Assigned and work started.,2025-08-23 11:54:00+00
867252f0-b9c1-4bbb-85bc-ca6c33260bbf,475d9366-b4c2-4211-8de8-41605a0e86f5,in_progress,resolved,2ea7ff67-fdd7-4d0b-96cd-8dd768decfdd,Work completed and verified.,2025-09-05 09:22:00+00
f6123617-4c6d-4ff9-80dc-2e128a64f649,475d9366-b4c2-4211-8de8-41605a0e86f5,resolved,closed,2ea7ff67-fdd7-4d0b-96cd-8dd768decfdd,Ticket closed.,2025-09-15 15:45:00+00
6214a72f-13b7-4cf0-8f49-0b3dd7ceffed,318b966b-db19-47d3-980c-a740130ddb96,,open,b1ce3088-1a7b-4c89-9724-db7bdc21f88d,Ticket raised from the fleet condition report.,2025-01-10 08:14:00+00
f8863f68-e904-4eb2-b59a-4c46e0a95282,318b966b-db19-47d3-980c-a740130ddb96,open,in_progress,84ed798e-b511-4f4a-aa3a-e26029fdaf93,Assigned and work started.,2025-01-11 17:25:00+00
f130e64b-20d7-4e28-8896-90f01ee69dda,318b966b-db19-47d3-980c-a740130ddb96,in_progress,resolved,84ed798e-b511-4f4a-aa3a-e26029fdaf93,Work completed and verified.,2025-01-14 11:26:00+00
4f903e1b-f085-44e0-9220-a034e20d8314,b63bd8b1-408a-44dc-80fd-3a5e3ea7675e,,open,b4c2f1d2-3630-4a29-8bee-c0e1c9fe6653,Ticket raised from the fleet condition report.,2025-06-28 17:02:00+00
8c3b2e70-6f9a-4e13-b6f3-5738bce02dda,b63bd8b1-408a-44dc-80fd-3a5e3ea7675e,open,in_progress,bdd93a99-626e-4675-b9a7-acfd49c28c66,Assigned and work started.,2025-06-29 07:18:00+00
e5675d5d-5f41-4afc-b929-39dddb24f95d,b63bd8b1-408a-44dc-80fd-3a5e3ea7675e,in_progress,resolved,bdd93a99-626e-4675-b9a7-acfd49c28c66,Work completed and verified.,2025-07-07 10:49:00+00
3430ca81-92dc-487c-89a2-a7cac3983294,c3606600-1330-4f5d-a821-494a30edcb67,,open,f3f8dfa5-1b8c-4bf1-8507-81855c610eb1,Ticket raised from the fleet condition report.,2025-09-20 17:49:00+00
014f27f1-831c-4b9e-81d3-968df8c0fab3,c3606600-1330-4f5d-a821-494a30edcb67,open,in_progress,954f138f-fa1c-4b21-9902-f274a5868271,Assigned and work started.,2025-09-21 06:53:00+00
99add28d-7672-4af8-b1dd-632671f73641,c3606600-1330-4f5d-a821-494a30edcb67,in_progress,resolved,954f138f-fa1c-4b21-9902-f274a5868271,Work completed and verified.,2025-10-10 14:21:00+00
b0beeff9-119f-438d-8280-3d72461d54c7,c3606600-1330-4f5d-a821-494a30edcb67,resolved,closed,954f138f-fa1c-4b21-9902-f274a5868271,Ticket closed.,2025-10-15 13:43:00+00
9618548b-32c4-42c5-8fcb-f7b10704ba4a,734dc57a-c25f-489b-8aa1-439bd604f579,,open,8ebec0f7-fdcb-4c03-b9b2-04eea85a85bf,Ticket raised from the fleet condition report.,2024-08-20 17:16:00+00
3dc09672-58ed-4baa-9a51-471dca34a259,734dc57a-c25f-489b-8aa1-439bd604f579,open,in_progress,4fb48d89-3d11-4b1c-b34a-fc8824c4d74a,Assigned and work started.,2024-08-21 14:12:00+00
febc9372-ea6e-4c49-9357-0ccf1a5eff6c,734dc57a-c25f-489b-8aa1-439bd604f579,in_progress,resolved,4fb48d89-3d11-4b1c-b34a-fc8824c4d74a,Work completed and verified.,2024-09-03 12:10:00+00
915b7d5e-b9be-4b5c-91db-d8d9ccc6e103,cdf51de8-0160-4ecd-9fcf-7b109dc9eb03,,open,2708d4f5-3ad6-4440-8965-792bc8ba02ec,Ticket raised from the fleet condition report.,2026-06-19 11:15:00+00
bff8e2d8-62b5-4f68-a410-e706a4ba96fc,cdf51de8-0160-4ecd-9fcf-7b109dc9eb03,open,in_progress,f99df61d-d168-4c17-b0fc-99832b736ca8,Assigned and work started.,2026-06-20 06:37:00+00
d7eaeea1-f29d-4b1d-a61c-9015aa5c9a59,cdf51de8-0160-4ecd-9fcf-7b109dc9eb03,in_progress,resolved,f99df61d-d168-4c17-b0fc-99832b736ca8,Work completed and verified.,2026-07-08 09:03:00+00
55b678a9-37d5-4577-965a-fcae6b219e63,067764ec-06ad-4aa6-bb40-d6ccb57a975d,,open,a20d3b81-5e20-4394-b347-dc5a94fecbbc,Ticket raised from the fleet condition report.,2025-02-19 16:07:00+00
8da64626-00a7-4229-ae04-673697621ee8,067764ec-06ad-4aa6-bb40-d6ccb57a975d,open,in_progress,3c24c592-daf5-4ac0-b10b-6b0035f0c7d3,Assigned and work started.,2025-02-20 08:56:00+00
785d0e8f-9c4e-4f9b-9b5c-baafc059d82e,067764ec-06ad-4aa6-bb40-d6ccb57a975d,in_progress,resolved,3c24c592-daf5-4ac0-b10b-6b0035f0c7d3,Work completed and verified.,2025-02-26 10:29:00+00
72decb2d-3229-4dd4-9a45-e13576227c9a,067764ec-06ad-4aa6-bb40-d6ccb57a975d,resolved,closed,3c24c592-daf5-4ac0-b10b-6b0035f0c7d3,Ticket closed.,2025-03-05 11:59:00+00
d06ba8b5-55f6-4ed1-8258-7c529e82bc7a,bc83a8fa-454a-4974-9832-c4b572e0dce0,,open,e05d2aca-b66c-4872-85aa-cd75a7878df7,Ticket raised from the fleet condition report.,2025-12-26 17:49:00+00
9d2d77fc-bbfd-47f1-bb01-cd2379cf02a5,bc83a8fa-454a-4974-9832-c4b572e0dce0,open,in_progress,17a78c48-dd35-41f3-9ae8-30460de6feb8,Assigned and work started.,2025-12-27 13:54:00+00
5bd14c4a-40fd-421f-ac5d-6eb83dca08f9,bc83a8fa-454a-4974-9832-c4b572e0dce0,in_progress,resolved,17a78c48-dd35-41f3-9ae8-30460de6feb8,Work completed and verified.,2026-01-06 16:46:00+00
c59b0605-4040-4764-b0d9-6050c58347d6,bc83a8fa-454a-4974-9832-c4b572e0dce0,resolved,closed,17a78c48-dd35-41f3-9ae8-30460de6feb8,Ticket closed.,2026-01-14 12:08:00+00
d9c4608f-57a0-4f64-aeb8-8b259c1e099e,d7ee202b-816b-4d0d-aa03-12b075f6dbfa,,open,c48b4b1f-8ea4-4b84-8b1e-83fb62103154,Ticket raised from the fleet condition report.,2025-06-15 12:21:00+00
848b731c-b1ac-4b15-bbea-54bff065cf60,d7ee202b-816b-4d0d-aa03-12b075f6dbfa,open,in_progress,af5f0096-7cc6-4d72-ab69-0a461681aeb5,Assigned and work started.,2025-06-16 08:56:00+00
8ba70746-8138-415a-9b91-ccf4b907eaa3,d7ee202b-816b-4d0d-aa03-12b075f6dbfa,in_progress,resolved,af5f0096-7cc6-4d72-ab69-0a461681aeb5,Work completed and verified.,2025-06-29 05:26:00+00
971f69bf-f9df-408d-8331-e48d94d20080,d7ee202b-816b-4d0d-aa03-12b075f6dbfa,resolved,closed,af5f0096-7cc6-4d72-ab69-0a461681aeb5,Ticket closed.,2025-07-02 10:00:00+00
2ad89edc-f655-43ac-952c-3518c1e72377,ce1bf7f4-dc1d-4d0c-8a98-9c31a72b6553,,open,5b1edc19-179d-4db0-adde-f133a012f955,Ticket raised from the fleet condition report.,2025-04-21 13:39:00+00
87dfd5e7-6a53-4eee-a6b6-6b491e84a61e,ce1bf7f4-dc1d-4d0c-8a98-9c31a72b6553,open,in_progress,db01d178-e057-46ed-ba34-a2870594c197,Assigned and work started.,2025-04-22 09:54:00+00
4fdebf9d-5f94-4059-84b7-86e934ab7ade,ce1bf7f4-dc1d-4d0c-8a98-9c31a72b6553,in_progress,resolved,db01d178-e057-46ed-ba34-a2870594c197,Work completed and verified.,2025-05-15 17:44:00+00
31d5bab9-a4da-4dfa-be77-f7e71b3178af,ce1bf7f4-dc1d-4d0c-8a98-9c31a72b6553,resolved,closed,db01d178-e057-46ed-ba34-a2870594c197,Ticket closed.,2025-05-21 06:39:00+00
d2efc704-57ab-4514-a83b-4fb0381a45fc,26878821-d719-4cf8-9d7d-9f0e1b3c901d,,open,65e1c26e-af5d-4b8c-94f7-12f2c561b570,Ticket raised from the fleet condition report.,2026-04-12 05:10:00+00
4965c122-50d9-4ba5-bc9d-aac901b0e189,26878821-d719-4cf8-9d7d-9f0e1b3c901d,open,in_progress,92ed4de4-9c5c-4d11-a52f-9653a34addec,Assigned and work started.,2026-04-13 06:58:00+00
2a1451c4-fcb6-44ea-8fc8-fafe9a2f478c,26878821-d719-4cf8-9d7d-9f0e1b3c901d,in_progress,resolved,92ed4de4-9c5c-4d11-a52f-9653a34addec,Work completed and verified.,2026-04-20 11:11:00+00
be67c6e0-40dc-4da8-9c31-a77eff09fec3,26878821-d719-4cf8-9d7d-9f0e1b3c901d,resolved,closed,92ed4de4-9c5c-4d11-a52f-9653a34addec,Ticket closed.,2026-04-30 09:03:00+00
fcc16aa6-3b0c-4d7c-ba6b-d6d396e59ca9,71d5604e-e554-4c04-b00e-577f805f6359,,open,e2edbfb4-2380-494b-9a6e-6f70b8be6c90,Ticket raised from the fleet condition report.,2026-07-10 12:54:00+00
0cb8db56-f9ff-4a54-98bb-aa5ec3f7225e,71d5604e-e554-4c04-b00e-577f805f6359,open,in_progress,389d9ee3-9a0e-4d55-9770-b461e7a536f0,Assigned and work started.,2026-07-11 05:26:00+00
e808d021-8dba-4c9f-91db-28766e92aa39,71d5604e-e554-4c04-b00e-577f805f6359,in_progress,resolved,389d9ee3-9a0e-4d55-9770-b461e7a536f0,Work completed and verified.,2026-08-01 10:26:00+00
90611262-8f8e-4dc5-a886-a63c473e50a2,39036b9f-c905-484c-ac57-7d3f564e1f98,,open,507be855-1ac1-43a9-b1f4-fe62d2b838d9,Ticket raised from the fleet condition report.,2025-12-30 09:46:00+00
d0207eaf-825e-48b9-bbae-f83b154b7ffb,39036b9f-c905-484c-ac57-7d3f564e1f98,open,in_progress,b5cc5903-a692-4230-b666-8fded6cecc3e,Assigned and work started.,2025-12-31 14:46:00+00
45d44578-3471-4cc8-ad2c-23c5b6857141,39036b9f-c905-484c-ac57-7d3f564e1f98,in_progress,resolved,b5cc5903-a692-4230-b666-8fded6cecc3e,Work completed and verified.,2026-01-18 15:08:00+00
f5f88c22-a17c-4be9-93f6-d63c35eef074,39036b9f-c905-484c-ac57-7d3f564e1f98,resolved,closed,b5cc5903-a692-4230-b666-8fded6cecc3e,Ticket closed.,2026-01-20 09:38:00+00
0ccf897c-efcb-447a-972b-7980ccb8d43a,6aad789b-de68-4ff7-8801-15631b978119,,open,d1e3297e-159c-47bf-9c07-676bf0b6930c,Ticket raised from the fleet condition report.,2026-07-13 09:19:00+00
04be94df-1839-45c4-818e-93ef273fb6c1,6aad789b-de68-4ff7-8801-15631b978119,open,in_progress,db01d178-e057-46ed-ba34-a2870594c197,Assigned and work started.,2026-07-14 08:44:00+00
ab333eec-9c9d-4d31-9587-62cd196f02df,e418370a-52e6-493c-90f0-e4487dd314d1,,open,620ee403-2775-4780-9c7d-1ea3a6ad5f75,Ticket raised from the fleet condition report.,2026-04-10 07:35:00+00
d694c742-afd4-4e37-9325-5e10f4ddb1f2,e418370a-52e6-493c-90f0-e4487dd314d1,open,in_progress,785a349f-b3ca-4199-beb9-4e50013f54c8,Assigned and work started.,2026-04-11 09:49:00+00
a60427f9-cd50-46fc-b12e-9e0bb48f4dff,e418370a-52e6-493c-90f0-e4487dd314d1,in_progress,resolved,785a349f-b3ca-4199-beb9-4e50013f54c8,Work completed and verified.,2026-04-28 17:49:00+00
25cb4a8b-076f-4f7a-81f9-42fb99ca5897,f19b2948-6eeb-4f99-b4f8-0b91aafc69bd,,open,36c2e208-8f6c-4b7b-add1-a4210cd2f372,Ticket raised from the fleet condition report.,2025-12-28 11:57:00+00
fdae6685-1812-457c-8704-4581e58fce64,f19b2948-6eeb-4f99-b4f8-0b91aafc69bd,open,in_progress,0045edfa-b68e-4e8a-8cb4-619cb936cc49,Assigned and work started.,2025-12-29 15:49:00+00
84279e77-5388-4462-b0fc-56b00dc43111,f19b2948-6eeb-4f99-b4f8-0b91aafc69bd,in_progress,resolved,0045edfa-b68e-4e8a-8cb4-619cb936cc49,Work completed and verified.,2026-01-08 13:38:00+00
07e09a95-80a8-4eaf-b89e-f2a386706e43,f19b2948-6eeb-4f99-b4f8-0b91aafc69bd,resolved,closed,0045edfa-b68e-4e8a-8cb4-619cb936cc49,Ticket closed.,2026-01-09 07:43:00+00
670280d3-cc25-4528-b931-397d5fabfed0,eaafab6d-85e6-4d3e-80de-c79c3d5f806a,,open,cfc6d555-e896-4686-be90-1da957d6707d,Ticket raised from the fleet condition report.,2025-06-16 08:57:00+00
04fb4d7f-5885-4f5f-b567-907a9b1326bd,eaafab6d-85e6-4d3e-80de-c79c3d5f806a,open,in_progress,94c16a8c-074b-4b37-ab95-493170740735,Assigned and work started.,2025-06-17 08:55:00+00
3fdcc8f4-0e11-4cdf-a05e-a49a87c13f0f,eaafab6d-85e6-4d3e-80de-c79c3d5f806a,in_progress,resolved,94c16a8c-074b-4b37-ab95-493170740735,Work completed and verified.,2025-06-28 05:05:00+00
4bebeccb-fdc3-44c7-bfb4-9ddbd61b4eb3,eaafab6d-85e6-4d3e-80de-c79c3d5f806a,resolved,closed,94c16a8c-074b-4b37-ab95-493170740735,Ticket closed.,2025-06-30 13:01:00+00
711a27f2-86e4-42bd-ac95-7bcb1cd1cb3f,0398db0d-0952-4e49-8dcf-5fcfd2ee8fa8,,open,872336fb-fba4-48c0-9c1e-33dd102a11cb,Ticket raised from the fleet condition report.,2026-04-17 09:01:00+00
ce214d8a-0607-4dc2-804a-d7c5d639103e,0398db0d-0952-4e49-8dcf-5fcfd2ee8fa8,open,in_progress,2fb7dab3-e151-490f-9c20-9b329d4fba20,Assigned and work started.,2026-04-18 08:59:00+00
72b9eb7e-f137-4849-9555-44ef727e2c4a,0398db0d-0952-4e49-8dcf-5fcfd2ee8fa8,in_progress,resolved,2fb7dab3-e151-490f-9c20-9b329d4fba20,Work completed and verified.,2026-05-10 16:07:00+00
7aa2b3ca-ee79-47db-b046-75d30b6ec191,0398db0d-0952-4e49-8dcf-5fcfd2ee8fa8,resolved,closed,2fb7dab3-e151-490f-9c20-9b329d4fba20,Ticket closed.,2026-05-11 10:47:00+00
31aef751-515b-44a1-9668-b11694dc08b1,c3197f99-cea4-44de-80d8-9401b727d70c,,open,b5e62dd4-b490-4de7-a2c0-acdaa17d0c07,Ticket raised from the fleet condition report.,2025-06-27 09:53:00+00
88dcda1f-f57e-4480-b003-5cde925461cb,c3197f99-cea4-44de-80d8-9401b727d70c,open,in_progress,954f138f-fa1c-4b21-9902-f274a5868271,Assigned and work started.,2025-06-28 13:15:00+00
b8af4497-de6c-4a0d-a36a-fb1ca27f9875,c3197f99-cea4-44de-80d8-9401b727d70c,in_progress,resolved,954f138f-fa1c-4b21-9902-f274a5868271,Work completed and verified.,2025-07-09 14:37:00+00
ddda30c9-3811-44d1-9a9f-531dbae5046c,a3f4c3cb-7406-4cbd-9b34-72064612b447,,open,78c2d5ff-36e8-43bc-8d89-1930171dd72d,Ticket raised from the fleet condition report.,2025-03-10 16:35:00+00
00edbafb-7abf-4fb9-a98a-1985f7685060,a3f4c3cb-7406-4cbd-9b34-72064612b447,open,in_progress,76f52321-d84d-4f11-979f-a6df1dccfcbd,Assigned and work started.,2025-03-11 06:39:00+00
fcc04cd8-af89-401a-8742-718690cbb02d,a3f4c3cb-7406-4cbd-9b34-72064612b447,in_progress,resolved,76f52321-d84d-4f11-979f-a6df1dccfcbd,Work completed and verified.,2025-03-20 12:26:00+00
1c4c575c-b8aa-4d01-b9c1-4143ad075640,a3f4c3cb-7406-4cbd-9b34-72064612b447,resolved,closed,76f52321-d84d-4f11-979f-a6df1dccfcbd,Ticket closed.,2025-03-24 07:49:00+00
9d913fdc-c554-48dc-904a-076cad8d23f4,243f23dd-711b-47a4-a864-6ca6d1f7ec4c,,open,0055d1b9-390b-4ea8-8cb6-127ee3051d0e,Ticket raised from the fleet condition report.,2025-12-12 08:04:00+00
c5f2e1f9-406e-4be5-b05b-08d8e5d0ed07,243f23dd-711b-47a4-a864-6ca6d1f7ec4c,open,in_progress,7172df17-f1b4-41d1-a5ee-2bf445703d25,Assigned and work started.,2025-12-13 10:23:00+00
bd0a3ccb-0a42-4eec-bfe3-5a83692f6a36,243f23dd-711b-47a4-a864-6ca6d1f7ec4c,in_progress,resolved,7172df17-f1b4-41d1-a5ee-2bf445703d25,Work completed and verified.,2025-12-16 14:46:00+00
924e8b27-041f-41d8-9f0e-6800fed23c0f,243f23dd-711b-47a4-a864-6ca6d1f7ec4c,resolved,closed,7172df17-f1b4-41d1-a5ee-2bf445703d25,Ticket closed.,2025-12-25 13:59:00+00
abe8d975-033e-4264-9c7e-7b4743e62685,bd18132f-922f-4d9c-90d4-2f1615cb11d7,,open,8f16f0cc-0478-4195-8ddb-43b8f8e96be6,Ticket raised from the fleet condition report.,2026-07-24 15:56:00+00
3e89bcc3-6ee5-47a0-a729-b73429c6793c,198fb27c-413a-493f-b06f-aa86ba32c7f9,,open,24b5932e-88db-41e4-91d9-969e04d67984,Ticket raised from the fleet condition report.,2025-03-23 06:47:00+00
f7c44c8a-d31a-456e-9f5f-33b687ce2d6c,198fb27c-413a-493f-b06f-aa86ba32c7f9,open,in_progress,3ad6d85f-8eb2-429d-b6b0-9df328ae585b,Assigned and work started.,2025-03-24 17:12:00+00
f00a064f-6c6d-49d9-8cf5-c3d064bdfe21,198fb27c-413a-493f-b06f-aa86ba32c7f9,in_progress,resolved,3ad6d85f-8eb2-429d-b6b0-9df328ae585b,Work completed and verified.,2025-03-29 10:03:00+00
7b7ec688-9b1b-4cc1-a755-463e3bdad752,198fb27c-413a-493f-b06f-aa86ba32c7f9,resolved,closed,3ad6d85f-8eb2-429d-b6b0-9df328ae585b,Ticket closed.,2025-03-31 10:39:00+00
18056b35-cc7b-4f9c-8495-924e0ca893e6,cf22b978-b327-46aa-aff4-b289d7a3c96a,,open,91e3f538-69d6-4b30-b836-53971b1e57c1,Ticket raised from the fleet condition report.,2025-01-27 11:02:00+00
468c4bef-fdc4-4872-86c7-850e56fa001c,cf22b978-b327-46aa-aff4-b289d7a3c96a,open,in_progress,f9e17e55-3ce7-47d6-beff-7dc3c8ecad6c,Assigned and work started.,2025-01-28 10:49:00+00
241d9d6a-e19a-4228-916b-f472f8c52893,cf22b978-b327-46aa-aff4-b289d7a3c96a,in_progress,resolved,f9e17e55-3ce7-47d6-beff-7dc3c8ecad6c,Work completed and verified.,2025-02-11 07:43:00+00
5d197ff3-1c21-40a8-b755-8bebe7f05300,3c8e3779-52d8-4588-a2e4-0f7cf042f962,,open,2880fc15-f0ee-4986-8ce3-c88c53681281,Ticket raised from the fleet condition report.,2025-01-30 15:46:00+00
c272ea34-51b5-44cc-8c50-01999f331e03,3c8e3779-52d8-4588-a2e4-0f7cf042f962,open,in_progress,784a05b0-a5da-4849-9577-b03fd2c58149,Assigned and work started.,2025-01-31 11:00:00+00
861a5ac4-0e53-4632-a72a-6ef864198de0,3c8e3779-52d8-4588-a2e4-0f7cf042f962,in_progress,resolved,784a05b0-a5da-4849-9577-b03fd2c58149,Work completed and verified.,2025-02-17 17:10:00+00
96be3b9d-77a3-44c1-ac70-0ab0615e3977,3c8e3779-52d8-4588-a2e4-0f7cf042f962,resolved,closed,784a05b0-a5da-4849-9577-b03fd2c58149,Ticket closed.,2025-02-22 10:01:00+00
d62b3407-942c-4287-8923-d1ab1fd41502,b7f4f7a3-c5fc-454d-805c-96079de19c76,,open,1d778731-9103-4a7c-8b4f-fb234d39f1b2,Ticket raised from the fleet condition report.,2024-09-17 12:54:00+00
87ee6c9c-b8dd-43cc-ba8c-66afb7933f35,b7f4f7a3-c5fc-454d-805c-96079de19c76,open,in_progress,e99de6d2-f02b-433d-81b3-796785680957,Assigned and work started.,2024-09-18 07:35:00+00
16537796-be98-4e28-9007-f6be4216831c,b7f4f7a3-c5fc-454d-805c-96079de19c76,in_progress,resolved,e99de6d2-f02b-433d-81b3-796785680957,Work completed and verified.,2024-09-20 15:44:00+00
5ae46aa8-7188-4a94-b7e5-0acefb03f6ff,b7f4f7a3-c5fc-454d-805c-96079de19c76,resolved,closed,e99de6d2-f02b-433d-81b3-796785680957,Ticket closed.,2024-09-29 16:21:00+00
147ced79-c46d-4ced-a182-c54057e23056,94142817-ba36-44b3-b194-6c54b7b3e9af,,open,2e86516c-c292-41da-b03d-25fe05969cf1,Ticket raised from the fleet condition report.,2024-08-10 12:57:00+00
e0581f98-2bae-4d1d-938f-b5b67340715e,94142817-ba36-44b3-b194-6c54b7b3e9af,open,in_progress,90850f19-81e7-4b88-ba8f-72ef0e0578fa,Assigned and work started.,2024-08-11 11:43:00+00
efad0b7b-eefb-4d49-a766-cbfb9c9a0e22,94142817-ba36-44b3-b194-6c54b7b3e9af,in_progress,resolved,90850f19-81e7-4b88-ba8f-72ef0e0578fa,Work completed and verified.,2024-08-24 05:44:00+00
a79c537d-1f9c-4d81-8fe2-edf90d10f891,94142817-ba36-44b3-b194-6c54b7b3e9af,resolved,closed,90850f19-81e7-4b88-ba8f-72ef0e0578fa,Ticket closed.,2024-08-28 13:01:00+00
28815372-e003-43da-87c2-6527a0c5856f,98d38e83-9895-4ce4-b04c-525524a3ca1a,,open,7613243f-58b4-4f5d-9cc4-d6dde9e3d25a,Ticket raised from the fleet condition report.,2025-03-28 05:11:00+00
6de5990b-506f-4c57-955d-fe1e9bc6a3f1,98d38e83-9895-4ce4-b04c-525524a3ca1a,open,in_progress,d6aec698-ade7-42e5-8a36-3df03605cce0,Assigned and work started.,2025-03-29 16:53:00+00
ecdce81d-a880-432e-b7e6-4ff600da1b65,98d38e83-9895-4ce4-b04c-525524a3ca1a,in_progress,resolved,d6aec698-ade7-42e5-8a36-3df03605cce0,Work completed and verified.,2025-04-09 11:20:00+00
99db039f-294f-4c41-8b44-da624fac08e1,98d38e83-9895-4ce4-b04c-525524a3ca1a,resolved,closed,d6aec698-ade7-42e5-8a36-3df03605cce0,Ticket closed.,2025-04-17 17:36:00+00
a9b0c461-dfa4-443e-b101-899a300ea24f,b8559c79-5ff7-4426-9f03-fdff538ffb93,,open,4ebcf1a4-3d8a-443a-97b6-14396043fa2b,Ticket raised from the fleet condition report.,2024-09-27 13:20:00+00
9da78798-027b-43e3-86a7-36deccb40f6b,b8559c79-5ff7-4426-9f03-fdff538ffb93,open,in_progress,1246b49b-4c2a-428c-9e26-abdd7df1b7e0,Assigned and work started.,2024-09-28 10:52:00+00
a2a423d1-8ea8-49ef-8512-37ebd7d85276,b8559c79-5ff7-4426-9f03-fdff538ffb93,in_progress,resolved,1246b49b-4c2a-428c-9e26-abdd7df1b7e0,Work completed and verified.,2024-10-21 09:29:00+00
250c6345-2a67-457e-b4f3-08f860f0c034,2d947f5c-c879-4ae1-a6c8-fe35c9e5706e,,open,2603261c-f67c-4ac4-82dc-a2f5fcafb624,Ticket raised from the fleet condition report.,2025-10-28 16:34:00+00
ea0c5ec8-310e-43ee-b6b8-694bd08c5960,2d947f5c-c879-4ae1-a6c8-fe35c9e5706e,open,in_progress,9b2ae800-e7f5-4450-a102-90626d114204,Assigned and work started.,2025-10-29 09:30:00+00
bb5c4909-21a1-4faf-94b8-18c3fe3be589,2d947f5c-c879-4ae1-a6c8-fe35c9e5706e,in_progress,resolved,9b2ae800-e7f5-4450-a102-90626d114204,Work completed and verified.,2025-11-04 08:27:00+00
a365a79f-aa69-42a8-9636-92eca77e44bf,2d947f5c-c879-4ae1-a6c8-fe35c9e5706e,resolved,closed,9b2ae800-e7f5-4450-a102-90626d114204,Ticket closed.,2025-11-07 08:41:00+00
2bb61a1d-6ffe-4433-ab74-dcacaf5c7229,b9181086-9381-476f-a230-e13fcc954284,,open,20ab5d3f-f2ca-4af4-b3c1-43fbcfad7b62,Ticket raised from the fleet condition report.,2025-09-20 06:01:00+00
a01c9157-69bb-4f70-b8ef-c8e35e21642a,b9181086-9381-476f-a230-e13fcc954284,open,in_progress,802b1d2e-50c9-4825-a3ef-2b31b40f3569,Assigned and work started.,2025-09-21 17:56:00+00
96601994-0461-44f1-a066-db21c31b0fa8,b9181086-9381-476f-a230-e13fcc954284,in_progress,resolved,802b1d2e-50c9-4825-a3ef-2b31b40f3569,Work completed and verified.,2025-10-08 13:58:00+00
22f682cd-8e35-44a7-94ee-fab63d51fa1b,ba978e06-423a-4f4a-9bd1-f5b7b63ba357,,open,7ab9627f-9aad-43ec-bf29-5590321ee2b1,Ticket raised from the fleet condition report.,2026-03-28 17:54:00+00
37f682b8-1a10-4bad-822c-7b766e7fa6fd,ba978e06-423a-4f4a-9bd1-f5b7b63ba357,open,in_progress,e4333d48-503a-4694-b7d9-97ac9dee27e0,Assigned and work started.,2026-03-29 09:23:00+00
e3036bc2-2449-4166-8304-b79796db38d2,ba978e06-423a-4f4a-9bd1-f5b7b63ba357,in_progress,resolved,e4333d48-503a-4694-b7d9-97ac9dee27e0,Work completed and verified.,2026-03-30 05:16:00+00
10c2a192-2a1d-4f22-8827-5bfbd57e0aa9,ba978e06-423a-4f4a-9bd1-f5b7b63ba357,resolved,closed,e4333d48-503a-4694-b7d9-97ac9dee27e0,Ticket closed.,2026-04-02 07:56:00+00
62a14811-fe2d-401c-a467-e20091f6f7c8,b716d35c-f94a-458e-bdc3-6bca7c074109,,open,8514607d-7931-48d2-81f0-f7a024a8210a,Ticket raised from the fleet condition report.,2025-08-30 12:53:00+00
35bdbc93-15b1-465d-ad56-ba8dfb7ba6b2,b716d35c-f94a-458e-bdc3-6bca7c074109,open,in_progress,17a78c48-dd35-41f3-9ae8-30460de6feb8,Assigned and work started.,2025-08-31 05:24:00+00
92b0d866-ac42-4524-8392-bb435c7ab715,b716d35c-f94a-458e-bdc3-6bca7c074109,in_progress,resolved,17a78c48-dd35-41f3-9ae8-30460de6feb8,Work completed and verified.,2025-09-03 16:32:00+00
0f14d5f3-62f6-4825-b1b7-699218e49894,b716d35c-f94a-458e-bdc3-6bca7c074109,resolved,closed,17a78c48-dd35-41f3-9ae8-30460de6feb8,Ticket closed.,2025-09-08 14:20:00+00
d1022379-072a-4a8c-b08b-407beb2f184c,2d636ab3-53f9-4952-9755-57fce37cc0a2,,open,e7889aec-2db4-4a78-b8a7-873db0af92b6,Ticket raised from the fleet condition report.,2024-09-28 10:09:00+00
9dff0abe-3d60-4fa7-85f3-1ffc5075f07f,2d636ab3-53f9-4952-9755-57fce37cc0a2,open,in_progress,c9371eef-cb2f-45af-926f-13217cb6a7ad,Assigned and work started.,2024-09-29 15:57:00+00
4eb2aaab-7d6a-4abd-9b2c-0400191696f9,2d636ab3-53f9-4952-9755-57fce37cc0a2,in_progress,resolved,c9371eef-cb2f-45af-926f-13217cb6a7ad,Work completed and verified.,2024-09-29 10:18:00+00
9198c210-6911-4f08-a546-978eeb91238c,6bf437ef-389a-476d-a11c-db09c0a35eb6,,open,c52505a4-1d2f-448d-bf92-977af7403607,Ticket raised from the fleet condition report.,2025-01-13 17:37:00+00
347dfb6f-d7f3-48b2-9579-bfdc93dfa496,6bf437ef-389a-476d-a11c-db09c0a35eb6,open,in_progress,832b089f-ff95-441d-a9ca-716951d24f37,Assigned and work started.,2025-01-14 16:38:00+00
2852a2ad-994d-4063-aaa1-48e0a56768b5,6bf437ef-389a-476d-a11c-db09c0a35eb6,in_progress,resolved,832b089f-ff95-441d-a9ca-716951d24f37,Work completed and verified.,2025-02-06 16:03:00+00
97681fb8-25fd-4d04-9073-81e14bdcac30,6bf437ef-389a-476d-a11c-db09c0a35eb6,resolved,closed,832b089f-ff95-441d-a9ca-716951d24f37,Ticket closed.,2025-02-09 08:34:00+00
04654bb9-aa0a-4d69-9955-871bd73d1763,e715975d-0fb0-4396-9d74-c2c07bcef982,,open,e7889aec-2db4-4a78-b8a7-873db0af92b6,Ticket raised from the fleet condition report.,2026-02-23 07:24:00+00
3a2c430b-c716-48f7-8058-1873335a8aa7,e715975d-0fb0-4396-9d74-c2c07bcef982,open,in_progress,9bc0ebab-c628-4af5-b5cc-f9a69e14ee0c,Assigned and work started.,2026-02-24 15:39:00+00
ccc91658-8e4e-49ff-bbb4-22113469942d,e715975d-0fb0-4396-9d74-c2c07bcef982,in_progress,resolved,9bc0ebab-c628-4af5-b5cc-f9a69e14ee0c,Work completed and verified.,2026-03-18 10:39:00+00
42f4bb10-fccd-4969-8ccd-66e25bc69bd9,e715975d-0fb0-4396-9d74-c2c07bcef982,resolved,closed,9bc0ebab-c628-4af5-b5cc-f9a69e14ee0c,Ticket closed.,2026-03-19 13:07:00+00
f961ee98-5c29-4c49-90fc-0c429d274c5a,bd5c382a-c016-4007-a3ec-baed3ba6ea62,,open,e7963375-5e86-48ea-9553-3f5dbb55d897,Ticket raised from the fleet condition report.,2026-04-30 09:02:00+00
ec6e99a9-ab13-46be-b28f-8e3dd3244433,bd5c382a-c016-4007-a3ec-baed3ba6ea62,open,in_progress,94c16a8c-074b-4b37-ab95-493170740735,Assigned and work started.,2026-05-01 08:48:00+00
4ec56443-0d3e-46bb-9dd7-67d779c564ed,bd5c382a-c016-4007-a3ec-baed3ba6ea62,in_progress,resolved,94c16a8c-074b-4b37-ab95-493170740735,Work completed and verified.,2026-05-11 08:44:00+00
624e5202-9830-43b8-b265-aea42096a41b,301843c7-66d0-49ca-bd5a-2102f83da77b,,open,397e1e00-170b-4c0a-a77a-5f5cc3c7646c,Ticket raised from the fleet condition report.,2026-03-13 14:39:00+00
d33bdab9-f764-4c8e-b86d-70fac1454955,33acacbf-0f7b-497a-bf00-b7650f5c33dd,,open,05a77caf-f9f7-4abd-b0de-6bdb711e0ed4,Ticket raised from the fleet condition report.,2026-07-30 06:08:00+00
9d73e634-5be2-4cd3-9ca3-8e4c7e2d857f,33acacbf-0f7b-497a-bf00-b7650f5c33dd,open,in_progress,ff7c83e7-5c79-453d-ba13-4194d70d1e17,Assigned and work started.,2026-07-31 14:28:00+00
8329704e-85e6-4cd9-8ead-21080e2b5267,2627264a-17a8-43fd-8ba1-78da3e7875ef,,open,3c6ba945-55ef-47fe-9802-5f789e60e620,Ticket raised from the fleet condition report.,2025-08-16 14:57:00+00
80498ac5-7e6e-4193-a97a-206eae2f6818,2627264a-17a8-43fd-8ba1-78da3e7875ef,open,in_progress,26786492-bebd-4e3a-8719-4c486f70d604,Assigned and work started.,2025-08-17 05:14:00+00
920f1ef2-a31a-439b-813c-d7ddc8bd6fab,2627264a-17a8-43fd-8ba1-78da3e7875ef,in_progress,resolved,26786492-bebd-4e3a-8719-4c486f70d604,Work completed and verified.,2025-08-29 14:44:00+00
7a4daaa3-508e-4082-8ad2-f2b727b32f9f,2627264a-17a8-43fd-8ba1-78da3e7875ef,resolved,closed,26786492-bebd-4e3a-8719-4c486f70d604,Ticket closed.,2025-09-08 14:24:00+00
234fc427-1d81-4da9-a5a7-f0b9525d0aa2,98f8d85d-73dc-4d11-a39b-66a2539837c9,,open,ad2e1449-cbe7-43b8-aea2-7be82609150a,Ticket raised from the fleet condition report.,2025-11-17 07:03:00+00
ad7c84c3-1392-43c8-bd22-a1528850649a,98f8d85d-73dc-4d11-a39b-66a2539837c9,open,in_progress,e20935a5-5128-4f38-92b2-23e2cc66c4ed,Assigned and work started.,2025-11-18 10:48:00+00
ef3dc194-ef91-41e4-a728-85ea54c46368,98f8d85d-73dc-4d11-a39b-66a2539837c9,in_progress,resolved,e20935a5-5128-4f38-92b2-23e2cc66c4ed,Work completed and verified.,2025-11-27 13:27:00+00
16b2558b-67b8-4d78-b3de-6c903c6504cb,98f8d85d-73dc-4d11-a39b-66a2539837c9,resolved,closed,e20935a5-5128-4f38-92b2-23e2cc66c4ed,Ticket closed.,2025-12-05 12:11:00+00
badc5ac5-bf18-4dab-b9f8-4febc5b84eea,4a32f64f-839e-492e-b1f0-b6fa0053e7eb,,open,3b846a2c-7ff9-489b-a54d-505dbf50778b,Ticket raised from the fleet condition report.,2024-11-10 13:13:00+00
26131baf-034e-4a32-aa11-b11a763dda24,4a32f64f-839e-492e-b1f0-b6fa0053e7eb,open,in_progress,3a8a06de-92d4-4f46-9eee-923b07539d6c,Assigned and work started.,2024-11-11 15:27:00+00
3fe4ba12-ea01-404c-849c-f36338f5dd6b,4a32f64f-839e-492e-b1f0-b6fa0053e7eb,in_progress,resolved,3a8a06de-92d4-4f46-9eee-923b07539d6c,Work completed and verified.,2024-11-11 05:14:00+00
37ac554e-3163-413f-863a-67e1ad0563ba,4a32f64f-839e-492e-b1f0-b6fa0053e7eb,resolved,closed,3a8a06de-92d4-4f46-9eee-923b07539d6c,Ticket closed.,2024-11-16 09:20:00+00
af6cdbd7-c872-412c-9f17-d8df147f5614,1b542d9d-2c88-4137-bff5-bd129e582156,,open,bde86dca-cbc5-42f7-9f67-3f1be7a6da72,Ticket raised from the fleet condition report.,2025-11-13 15:18:00+00
ca363737-1038-46f1-9fa7-03e8e7dc01af,1b542d9d-2c88-4137-bff5-bd129e582156,open,in_progress,b5be5681-f4d2-49ed-bcbc-b5a7d226bfca,Assigned and work started.,2025-11-14 10:53:00+00
073cb868-ae31-48ff-be57-a66355a677d9,1b542d9d-2c88-4137-bff5-bd129e582156,in_progress,resolved,b5be5681-f4d2-49ed-bcbc-b5a7d226bfca,Work completed and verified.,2025-12-04 15:47:00+00
f3679efa-6c53-4246-878a-bcb887f2ff90,1b542d9d-2c88-4137-bff5-bd129e582156,resolved,closed,b5be5681-f4d2-49ed-bcbc-b5a7d226bfca,Ticket closed.,2025-12-09 15:11:00+00
0af1b821-5d4f-42e6-b643-408dfd5d49fa,0a6debb1-53bb-43ba-b949-47ce3ac22877,,open,eeb4530b-f017-42ea-a0e8-41ea6f22d5b4,Ticket raised from the fleet condition report.,2026-01-22 06:33:00+00
a0b6db13-db86-4a75-9c88-e4a1bd254dfc,0a6debb1-53bb-43ba-b949-47ce3ac22877,open,in_progress,4fb48d89-3d11-4b1c-b34a-fc8824c4d74a,Assigned and work started.,2026-01-23 10:04:00+00
24fadebe-7cf6-4dde-ba90-c8d563280458,0a6debb1-53bb-43ba-b949-47ce3ac22877,in_progress,resolved,4fb48d89-3d11-4b1c-b34a-fc8824c4d74a,Work completed and verified.,2026-02-02 11:41:00+00
3be6cdf6-bdb4-4d40-ac81-d451a4a435a9,0a6debb1-53bb-43ba-b949-47ce3ac22877,resolved,closed,4fb48d89-3d11-4b1c-b34a-fc8824c4d74a,Ticket closed.,2026-02-03 07:31:00+00
9778ef3b-7b9c-4be7-8162-b6a231d7b560,edbcfe9a-e19d-45f8-be17-20021b9b45fe,,open,081a9d77-5a33-48dd-af46-504fc0bbd34a,Ticket raised from the fleet condition report.,2025-10-20 07:45:00+00
e71f2cfe-25e6-4953-81a1-e14d0c3f6aff,edbcfe9a-e19d-45f8-be17-20021b9b45fe,open,in_progress,33de58c2-5dc4-4385-bc4c-9ad66a6fe320,Assigned and work started.,2025-10-21 11:17:00+00
83164035-7e07-43b5-8b5d-0e65f645d582,edbcfe9a-e19d-45f8-be17-20021b9b45fe,in_progress,resolved,33de58c2-5dc4-4385-bc4c-9ad66a6fe320,Work completed and verified.,2025-10-27 08:18:00+00
9fb7c607-e1ee-49a2-b07b-9e3aef382c02,059b6776-861e-4a15-96cc-bb8fbf56ff57,,open,bde86dca-cbc5-42f7-9f67-3f1be7a6da72,Ticket raised from the fleet condition report.,2026-05-20 16:20:00+00
9d161dee-00fd-48fe-8ef1-373cf375a3f2,059b6776-861e-4a15-96cc-bb8fbf56ff57,open,in_progress,ee5357e0-7ef0-49d6-aba4-c3a983e97bbd,Assigned and work started.,2026-05-21 11:55:00+00
fdc6225e-b804-4cc5-b9c8-0200138dcad0,059b6776-861e-4a15-96cc-bb8fbf56ff57,in_progress,resolved,ee5357e0-7ef0-49d6-aba4-c3a983e97bbd,Work completed and verified.,2026-05-21 11:55:00+00
4b40663e-b831-45ec-b8f2-af49279ff743,f1115d81-59f5-4e30-adac-8aee1ccf62f0,,open,d5dd1ba4-1bf3-40e4-83b9-ce983379a814,Ticket raised from the fleet condition report.,2026-02-10 14:22:00+00
9aba113f-f801-4664-a4d8-a6e0e79377f4,f1115d81-59f5-4e30-adac-8aee1ccf62f0,open,in_progress,f99df61d-d168-4c17-b0fc-99832b736ca8,Assigned and work started.,2026-02-11 16:31:00+00
114b446d-d473-4d58-a703-496cf42cb517,f1115d81-59f5-4e30-adac-8aee1ccf62f0,in_progress,resolved,f99df61d-d168-4c17-b0fc-99832b736ca8,Work completed and verified.,2026-02-25 15:37:00+00
9d4a8c46-ccc6-4129-97c8-53c279330d2f,f1115d81-59f5-4e30-adac-8aee1ccf62f0,resolved,closed,f99df61d-d168-4c17-b0fc-99832b736ca8,Ticket closed.,2026-03-02 17:04:00+00
971c3a59-4785-4c69-8f9f-f87e3ec82d19,b602b53a-c70a-48bb-9d7d-5b5377bb3945,,open,6e2f5d4a-4842-4cac-8156-c863d330342d,Ticket raised from the fleet condition report.,2026-02-10 07:50:00+00
433edb11-c526-4937-82da-368b5aa2b575,b602b53a-c70a-48bb-9d7d-5b5377bb3945,open,in_progress,ea52bfbe-19f5-4dff-86bf-a319e0bec453,Assigned and work started.,2026-02-11 17:24:00+00
7a27dd03-f4f7-40d3-a943-fd8b46f47fe9,b602b53a-c70a-48bb-9d7d-5b5377bb3945,in_progress,resolved,ea52bfbe-19f5-4dff-86bf-a319e0bec453,Work completed and verified.,2026-02-27 10:45:00+00
e7b27051-32d6-479f-8809-7ee8c76209a0,b602b53a-c70a-48bb-9d7d-5b5377bb3945,resolved,closed,ea52bfbe-19f5-4dff-86bf-a319e0bec453,Ticket closed.,2026-03-02 05:35:00+00
34784885-7b6c-442f-b4a4-4eb1a11f6ac3,e39b3bba-d353-47b1-96b8-f05e39fd71bf,,open,3c5b8d69-75e5-4a06-9f93-b9c0e7929f9f,Ticket raised from the fleet condition report.,2024-12-30 17:27:00+00
6e08aced-4fd2-4b7f-a148-6efe7461c83c,e39b3bba-d353-47b1-96b8-f05e39fd71bf,open,in_progress,ee4d2f5c-11a7-4a36-b4f7-9b4da1d376b2,Assigned and work started.,2024-12-31 05:58:00+00
986c2b50-99d6-41c1-a00e-91990402dfdc,e39b3bba-d353-47b1-96b8-f05e39fd71bf,in_progress,resolved,ee4d2f5c-11a7-4a36-b4f7-9b4da1d376b2,Work completed and verified.,2025-01-16 16:18:00+00
0359c32f-2b56-453d-8888-3a015cdff4c6,e39b3bba-d353-47b1-96b8-f05e39fd71bf,resolved,closed,ee4d2f5c-11a7-4a36-b4f7-9b4da1d376b2,Ticket closed.,2025-01-21 16:07:00+00
adde4ebc-3301-4e5e-b2f8-54addfc2c438,a35f4c29-2d82-45fb-8172-8f60e2b32f2b,,open,f85e5d5e-23ed-4753-ab5b-6e0d16377b17,Ticket raised from the fleet condition report.,2025-05-27 05:17:00+00
dd33c700-63d3-40fa-9cb8-9c4b4c9bad52,a35f4c29-2d82-45fb-8172-8f60e2b32f2b,open,in_progress,507c7fa4-15cb-4173-8c93-4d5d44ecf015,Assigned and work started.,2025-05-28 05:55:00+00
d27cfa75-36e9-4fff-a4aa-4a49c828127a,a35f4c29-2d82-45fb-8172-8f60e2b32f2b,in_progress,resolved,507c7fa4-15cb-4173-8c93-4d5d44ecf015,Work completed and verified.,2025-06-13 16:50:00+00
60a70073-f334-42a7-80ab-32f0ff2f4814,a35f4c29-2d82-45fb-8172-8f60e2b32f2b,resolved,closed,507c7fa4-15cb-4173-8c93-4d5d44ecf015,Ticket closed.,2025-06-21 14:30:00+00
cf567242-6bd6-4fb4-9ecf-f40d9a84019c,a8f971d9-7c0b-4f85-8f80-f216d0e65a64,,open,c12a28ec-f8a3-4067-a28b-e74e671af3b1,Ticket raised from the fleet condition report.,2026-06-25 15:29:00+00
cae32243-c28d-49bc-8963-25724668f474,a8f971d9-7c0b-4f85-8f80-f216d0e65a64,open,in_progress,a363109b-c8ce-4177-9d91-030ac0b8df3a,Assigned and work started.,2026-06-26 05:18:00+00
f6835b59-16b1-476c-80d5-fbb6ad860224,6649e46b-aff2-4ad7-9fe6-dd2a25bf19d1,,open,37ca13f3-3ccd-4bd9-b6e2-1e3c3f50d68f,Ticket raised from the fleet condition report.,2025-06-30 06:07:00+00
217be2ac-2667-46cb-94fe-f69b32c67891,6649e46b-aff2-4ad7-9fe6-dd2a25bf19d1,open,in_progress,f2993108-7085-4a34-95a5-74c5c3a8410d,Assigned and work started.,2025-07-01 13:18:00+00
1786e13c-f738-4526-b776-f38c4931d233,6649e46b-aff2-4ad7-9fe6-dd2a25bf19d1,in_progress,resolved,f2993108-7085-4a34-95a5-74c5c3a8410d,Work completed and verified.,2025-07-12 10:04:00+00
d57a8390-f50d-4e89-b802-6fe6366fe8a5,fa36d271-41b6-40ed-9c70-fe84548a0ed7,,open,65d43a9f-e305-49af-994b-5a76143bbac5,Ticket raised from the fleet condition report.,2024-08-16 06:22:00+00
02c1d050-2321-4c31-81e5-c19bbc8935a8,fa36d271-41b6-40ed-9c70-fe84548a0ed7,open,in_progress,5797f891-99a9-4a6a-b447-0d48d749c9b0,Assigned and work started.,2024-08-17 07:23:00+00
e87d14fe-0e68-4c35-a8bf-3012af7f3038,fa36d271-41b6-40ed-9c70-fe84548a0ed7,in_progress,resolved,5797f891-99a9-4a6a-b447-0d48d749c9b0,Work completed and verified.,2024-08-22 07:21:00+00
6ef524c5-2096-4dc6-a708-def818ef9249,fa36d271-41b6-40ed-9c70-fe84548a0ed7,resolved,closed,5797f891-99a9-4a6a-b447-0d48d749c9b0,Ticket closed.,2024-08-31 05:00:00+00
d1b35644-1962-4b93-b664-6b9727f35c37,d856ef31-f51e-4b1f-849b-5a87ae69eec9,,open,349e690e-52a1-4c2a-b549-9453d0c5b790,Ticket raised from the fleet condition report.,2025-10-23 06:41:00+00
b35141ff-2253-496f-a54c-dfa695eaf81d,d856ef31-f51e-4b1f-849b-5a87ae69eec9,open,in_progress,2ea7ff67-fdd7-4d0b-96cd-8dd768decfdd,Assigned and work started.,2025-10-24 13:18:00+00
c4a7fbc6-fe2f-4e6d-953f-f1dd0be31cc5,d856ef31-f51e-4b1f-849b-5a87ae69eec9,in_progress,resolved,2ea7ff67-fdd7-4d0b-96cd-8dd768decfdd,Work completed and verified.,2025-11-04 09:43:00+00
872d3637-fdd7-45f6-a235-a17f35211928,78403ad3-88a1-47b2-b513-c259c207c9d7,,open,2ab72bf9-6e1e-4de2-9de6-563d411c74df,Ticket raised from the fleet condition report.,2025-02-10 15:59:00+00
79bf2417-ff07-4821-8e3c-3ea2f021de79,78403ad3-88a1-47b2-b513-c259c207c9d7,open,in_progress,5b4b300b-3f2b-4fb0-bc62-3eae56605668,Assigned and work started.,2025-02-11 11:38:00+00
4afa3a9a-0765-4aa3-b37c-2bc76c1496c9,78403ad3-88a1-47b2-b513-c259c207c9d7,in_progress,resolved,5b4b300b-3f2b-4fb0-bc62-3eae56605668,Work completed and verified.,2025-02-20 15:30:00+00
a955933d-1f12-49db-b0f7-67e8d82c5bfa,78403ad3-88a1-47b2-b513-c259c207c9d7,resolved,closed,5b4b300b-3f2b-4fb0-bc62-3eae56605668,Ticket closed.,2025-02-24 08:40:00+00
0ef6f6c9-5760-48f6-9144-080d99d6c82d,acd7cd7b-91f7-4ce8-abfd-dd7c05458c7c,,open,7e4c901d-77fc-4c10-a16e-4444d40fb582,Ticket raised from the fleet condition report.,2025-07-12 07:13:00+00
4cc3e0a2-bf3e-4db2-beb8-f25a33a4f4f2,bc649a3b-1dc7-4901-9ceb-e0346fb4a5a5,,open,87713bdb-3a75-494d-9e8e-93ac114276ec,Ticket raised from the fleet condition report.,2024-08-11 17:21:00+00
d647b17e-e754-401f-8b1b-7202417de29e,bc649a3b-1dc7-4901-9ceb-e0346fb4a5a5,open,in_progress,1104d968-5037-4023-88d2-b1bb835afe68,Assigned and work started.,2024-08-12 05:02:00+00
abd9f2e4-6f3c-4d0d-a917-ac3c36a40884,bc649a3b-1dc7-4901-9ceb-e0346fb4a5a5,in_progress,resolved,1104d968-5037-4023-88d2-b1bb835afe68,Work completed and verified.,2024-08-17 06:26:00+00
5a1f2554-ad1c-47ea-85cd-000f4ff3d52e,bc649a3b-1dc7-4901-9ceb-e0346fb4a5a5,resolved,closed,1104d968-5037-4023-88d2-b1bb835afe68,Ticket closed.,2024-08-20 07:39:00+00
29f79842-a0e6-44f6-a1ca-edd0df1bcee1,97387a18-2c8c-457d-863e-d3241601c3f8,,open,96d7b341-3b80-4e82-b373-71627dbbd59c,Ticket raised from the fleet condition report.,2025-03-30 14:32:00+00
fa0260c4-9053-4d93-8413-e032859708da,97387a18-2c8c-457d-863e-d3241601c3f8,open,in_progress,57ace99d-32e1-4aae-af41-0861213bfb33,Assigned and work started.,2025-03-31 09:46:00+00
20a8875b-67c0-476d-8111-d70626266a8a,97387a18-2c8c-457d-863e-d3241601c3f8,in_progress,resolved,57ace99d-32e1-4aae-af41-0861213bfb33,Work completed and verified.,2025-04-04 15:45:00+00
c98bd4ca-8415-48ad-9101-a37094c53e3d,97387a18-2c8c-457d-863e-d3241601c3f8,resolved,closed,57ace99d-32e1-4aae-af41-0861213bfb33,Ticket closed.,2025-04-11 10:47:00+00
1446c591-1294-4f70-9e80-d580ba703a35,a060c65b-6e23-41ac-89e2-d9c8dec1bae0,,open,8a0dc0c8-8bed-4024-a051-dbed41ba8410,Ticket raised from the fleet condition report.,2026-01-26 10:05:00+00
9bde1355-194e-4eb6-a47c-a787432daad6,a060c65b-6e23-41ac-89e2-d9c8dec1bae0,open,in_progress,32f7d1c4-7b8c-461e-bc5f-f5d2eae53e3a,Assigned and work started.,2026-01-27 06:20:00+00
91fb6ab5-e9e1-48ef-8edc-ba21837db394,a060c65b-6e23-41ac-89e2-d9c8dec1bae0,in_progress,resolved,32f7d1c4-7b8c-461e-bc5f-f5d2eae53e3a,Work completed and verified.,2026-02-18 10:46:00+00
b6277398-e84d-43f1-9a36-76c300a3bd58,a060c65b-6e23-41ac-89e2-d9c8dec1bae0,resolved,closed,32f7d1c4-7b8c-461e-bc5f-f5d2eae53e3a,Ticket closed.,2026-02-24 14:34:00+00
0fe23d5d-6272-4e0d-831a-19b56a2bb099,a813d8c5-1151-4dcc-812d-ad96ff3034b3,,open,6d59fbf8-43a3-4448-8a6b-b1bfd7c603ee,Ticket raised from the fleet condition report.,2025-12-16 06:18:00+00
559a5a5b-ed34-483d-9bf3-060fa01bd50c,a813d8c5-1151-4dcc-812d-ad96ff3034b3,open,in_progress,190182a8-16ad-4409-a912-e59276021f4c,Assigned and work started.,2025-12-17 12:59:00+00
f40b0c01-9fc5-4283-b083-9176437c8674,a813d8c5-1151-4dcc-812d-ad96ff3034b3,in_progress,resolved,190182a8-16ad-4409-a912-e59276021f4c,Work completed and verified.,2026-01-08 11:31:00+00
bc0a2f96-7889-4be9-85ec-49eaf26999db,a813d8c5-1151-4dcc-812d-ad96ff3034b3,resolved,closed,190182a8-16ad-4409-a912-e59276021f4c,Ticket closed.,2026-01-16 10:35:00+00
6d2b8153-9f4b-4681-8ce3-82a9a74b39e0,3b7aeaf0-11ea-4548-90e8-2caec3433c6e,,open,d0ea5927-2dc8-4928-bde4-56f56868028e,Ticket raised from the fleet condition report.,2025-08-28 06:26:00+00
08cf8cad-c1fd-4925-bfb1-702c8d8b78b5,3b7aeaf0-11ea-4548-90e8-2caec3433c6e,open,in_progress,668def89-b35a-453f-8186-ef5ef76662c8,Assigned and work started.,2025-08-29 10:31:00+00
b7f83fe9-ffc8-456f-aeaa-d5f25472487d,3b7aeaf0-11ea-4548-90e8-2caec3433c6e,in_progress,resolved,668def89-b35a-453f-8186-ef5ef76662c8,Work completed and verified.,2025-08-30 10:03:00+00
cb14e9f2-0ccd-4c32-aed6-9ef92faebd29,3b7aeaf0-11ea-4548-90e8-2caec3433c6e,resolved,closed,668def89-b35a-453f-8186-ef5ef76662c8,Ticket closed.,2025-09-02 07:27:00+00
83f554d3-2eff-41ac-9342-7babe4a17d09,007be137-4e1a-4f7a-86ab-460e002fbc0a,,open,3351801a-f8d9-48ae-a19c-421b6d81bcf8,Ticket raised from the fleet condition report.,2024-08-13 10:32:00+00
2a3b2678-ec32-498d-a5c8-d2b8a4961e29,007be137-4e1a-4f7a-86ab-460e002fbc0a,open,in_progress,51de8298-573f-473b-b907-584ec33f7841,Assigned and work started.,2024-08-14 10:56:00+00
81ebbf95-ba1a-4052-845f-aeb764c83622,007be137-4e1a-4f7a-86ab-460e002fbc0a,in_progress,resolved,51de8298-573f-473b-b907-584ec33f7841,Work completed and verified.,2024-09-01 06:42:00+00
3fc4ad8e-9a86-4dc8-a167-5587f7dad3c5,007be137-4e1a-4f7a-86ab-460e002fbc0a,resolved,closed,51de8298-573f-473b-b907-584ec33f7841,Ticket closed.,2024-09-09 06:11:00+00
5ebe19bf-9c77-4d0e-90d1-819a69addb7a,5bbf0dd7-2f97-4789-90e8-b42cef7ae0aa,,open,4fa2752c-21e0-493e-9323-ee28c5c15ff0,Ticket raised from the fleet condition report.,2025-06-27 15:49:00+00
ef32f166-8e4f-40bd-a58f-17fa4de22ed0,5bbf0dd7-2f97-4789-90e8-b42cef7ae0aa,open,in_progress,7ab528b9-cbf7-4b46-8d45-847ab79da77d,Assigned and work started.,2025-06-28 10:06:00+00
0a4e3425-8810-4efa-8ea3-41ed23d9c7b5,5bbf0dd7-2f97-4789-90e8-b42cef7ae0aa,in_progress,resolved,7ab528b9-cbf7-4b46-8d45-847ab79da77d,Work completed and verified.,2025-07-05 11:07:00+00
6f982037-ab46-4eb0-831d-6ae87dc4574b,5bbf0dd7-2f97-4789-90e8-b42cef7ae0aa,resolved,closed,7ab528b9-cbf7-4b46-8d45-847ab79da77d,Ticket closed.,2025-07-08 13:14:00+00
387a6254-9325-4d67-8b68-6c9587a281c0,f9c2c732-f19e-42df-8f4a-38a4022f5611,,open,d8f399ad-71ac-433b-9603-54c2ebce9462,Ticket raised from the fleet condition report.,2025-03-15 14:04:00+00
e348ae8f-e489-4748-a853-80682d801c6a,f9c2c732-f19e-42df-8f4a-38a4022f5611,open,in_progress,246980b5-110b-4571-9060-906f0c1ed19f,Assigned and work started.,2025-03-16 11:50:00+00
8307ad88-2cff-48f4-b4d8-40e109c1bd48,f9c2c732-f19e-42df-8f4a-38a4022f5611,in_progress,resolved,246980b5-110b-4571-9060-906f0c1ed19f,Work completed and verified.,2025-03-27 13:38:00+00
6c38e7fa-49bf-49c0-82d8-e031b50f14ce,f9c2c732-f19e-42df-8f4a-38a4022f5611,resolved,closed,246980b5-110b-4571-9060-906f0c1ed19f,Ticket closed.,2025-03-28 10:25:00+00
f84ffcac-800b-43c5-9f8d-3c9b18cb51cf,e78e060a-ee71-42ae-8ac7-9221ce33b2cd,,open,cac7fce9-a8ce-4c4b-b9af-450821cb4b6c,Ticket raised from the fleet condition report.,2024-08-22 17:06:00+00
6f9b67af-5c32-4ea4-bf78-50d4c4aed908,e78e060a-ee71-42ae-8ac7-9221ce33b2cd,open,in_progress,4f99efd4-c45f-49c6-8b6c-f80715333c15,Assigned and work started.,2024-08-23 17:07:00+00
513f6052-e148-4dee-a1a3-24186739710a,e78e060a-ee71-42ae-8ac7-9221ce33b2cd,in_progress,resolved,4f99efd4-c45f-49c6-8b6c-f80715333c15,Work completed and verified.,2024-09-07 08:01:00+00
7a3fe5cc-8583-4742-acaf-cffa5994e94d,e78e060a-ee71-42ae-8ac7-9221ce33b2cd,resolved,closed,4f99efd4-c45f-49c6-8b6c-f80715333c15,Ticket closed.,2024-09-11 09:03:00+00
a177fada-3a69-4908-bd2c-42c824728066,f2fd3833-9f76-4751-9aaf-ecdb87a124fc,,open,8741b992-805d-4859-9e1a-4d49d82c9a99,Ticket raised from the fleet condition report.,2026-06-21 06:38:00+00
a615a87a-ceed-42c8-96cc-c3f1134fdb48,f2fd3833-9f76-4751-9aaf-ecdb87a124fc,open,in_progress,26786492-bebd-4e3a-8719-4c486f70d604,Assigned and work started.,2026-06-22 17:56:00+00
e258b602-ced3-45f7-8a48-d162eee8a27d,f2fd3833-9f76-4751-9aaf-ecdb87a124fc,in_progress,resolved,26786492-bebd-4e3a-8719-4c486f70d604,Work completed and verified.,2026-07-07 16:48:00+00
c5fa160b-d924-4d19-8cdb-650424f4720b,f084e39a-78e9-4df5-a6bf-4119101ba389,,open,397e1e00-170b-4c0a-a77a-5f5cc3c7646c,Ticket raised from the fleet condition report.,2025-08-22 17:59:00+00
b66a1253-17bb-4309-92fc-4c485c023953,f084e39a-78e9-4df5-a6bf-4119101ba389,open,in_progress,9a38f54e-0c39-48c6-9c31-f8bc268a9f2a,Assigned and work started.,2025-08-23 11:43:00+00
ec3b1f73-ef6c-4632-9764-69b3d4daee78,f084e39a-78e9-4df5-a6bf-4119101ba389,in_progress,resolved,9a38f54e-0c39-48c6-9c31-f8bc268a9f2a,Work completed and verified.,2025-09-15 05:31:00+00
561548a3-c256-4073-ae3c-6bb8640e8ca5,f084e39a-78e9-4df5-a6bf-4119101ba389,resolved,closed,9a38f54e-0c39-48c6-9c31-f8bc268a9f2a,Ticket closed.,2025-09-18 05:15:00+00
300e1e84-bd6e-4c55-85dc-b43a265cfb34,10702ee1-7f48-46ee-be41-f5dd24a187e4,,open,0661a2e7-11df-4c5f-9bf0-1750efed60a9,Ticket raised from the fleet condition report.,2026-07-24 16:40:00+00
04feed23-e15a-408b-8bdf-9daf1ab19254,f1554736-9a47-4c38-a21a-4f028897054a,,open,3be2c4f8-a30e-4b7b-8104-fe633928c764,Ticket raised from the fleet condition report.,2026-07-14 10:48:00+00
d489b80f-00c9-442d-8c01-7e79d538dcd9,d8f4cf8d-8ea2-43bc-b2de-ca1446503eda,,open,4f3a3dc2-e549-4297-9901-d7612b6c6e8b,Ticket raised from the fleet condition report.,2024-12-18 05:59:00+00
b4a979f8-b949-4a85-a3bc-9b2c710988a0,d8f4cf8d-8ea2-43bc-b2de-ca1446503eda,open,in_progress,e18b9597-e19d-4125-87b3-e16052485871,Assigned and work started.,2024-12-19 12:45:00+00
e4217ec7-4ede-4f13-bdc6-b0a4e05d2fda,d8f4cf8d-8ea2-43bc-b2de-ca1446503eda,in_progress,resolved,e18b9597-e19d-4125-87b3-e16052485871,Work completed and verified.,2024-12-22 06:22:00+00
9f78f327-3b85-4ff8-b22e-04e0d4083530,d8f4cf8d-8ea2-43bc-b2de-ca1446503eda,resolved,closed,e18b9597-e19d-4125-87b3-e16052485871,Ticket closed.,2024-12-25 08:15:00+00
b2d7af73-c86a-4bc8-94c4-9d74d549a140,98805540-60d5-4f22-8f7a-ee6927347558,,open,5077f2db-a9a6-47be-bf07-078507aa5b1b,Ticket raised from the fleet condition report.,2024-12-25 12:50:00+00
779dea7e-2cda-456b-bd05-a549ee38825a,98805540-60d5-4f22-8f7a-ee6927347558,open,in_progress,90850f19-81e7-4b88-ba8f-72ef0e0578fa,Assigned and work started.,2024-12-26 09:56:00+00
ebc71964-7878-414b-9eb6-9cc8b9c739f6,98805540-60d5-4f22-8f7a-ee6927347558,in_progress,resolved,90850f19-81e7-4b88-ba8f-72ef0e0578fa,Work completed and verified.,2025-01-12 07:34:00+00
3602ec69-bbbb-420e-9aeb-944ebbdac2d1,98805540-60d5-4f22-8f7a-ee6927347558,resolved,closed,90850f19-81e7-4b88-ba8f-72ef0e0578fa,Ticket closed.,2025-01-14 05:23:00+00
e63e4555-eee1-4962-862f-53976a590b28,8c756f70-37ea-4cb8-a6d3-a2cb905b36d3,,open,95216ddb-1bf9-4e90-9467-1ce014997f32,Ticket raised from the fleet condition report.,2026-08-07 14:17:00+00
7b2e1194-8656-4f05-9a75-95abb5cc3b4d,380f53b5-b982-4df5-a9a3-3abf8e3cd73b,,open,df4c0193-faeb-4abd-925d-19853046c7b2,Ticket raised from the fleet condition report.,2024-12-30 07:29:00+00
41ae51c0-6798-4538-8709-2850112bc65d,380f53b5-b982-4df5-a9a3-3abf8e3cd73b,open,in_progress,a363109b-c8ce-4177-9d91-030ac0b8df3a,Assigned and work started.,2024-12-31 14:50:00+00
e6c8b028-d3a0-450e-ae25-a7cc9e068861,380f53b5-b982-4df5-a9a3-3abf8e3cd73b,in_progress,resolved,a363109b-c8ce-4177-9d91-030ac0b8df3a,Work completed and verified.,2025-01-23 05:46:00+00
e5cfd5f7-d3b7-45b5-81f0-2e6f0913422d,380f53b5-b982-4df5-a9a3-3abf8e3cd73b,resolved,closed,a363109b-c8ce-4177-9d91-030ac0b8df3a,Ticket closed.,2025-01-30 17:24:00+00
3d70dc43-f605-4aa4-a257-ae5105612d78,89e9ae72-1440-4fe2-9e6b-ed34e4c9bf26,,open,1ad7ac67-7360-49fc-8826-4c87c34eb6bc,Ticket raised from the fleet condition report.,2026-05-16 05:08:00+00
472480dc-a74f-44ea-9023-f8b34fab3f1d,89e9ae72-1440-4fe2-9e6b-ed34e4c9bf26,open,in_progress,35b9a8e8-5284-40f5-9348-5f1e994c12f1,Assigned and work started.,2026-05-17 13:58:00+00
19bbeed4-1a0a-44a7-9874-fc0124bf627e,89e9ae72-1440-4fe2-9e6b-ed34e4c9bf26,in_progress,resolved,35b9a8e8-5284-40f5-9348-5f1e994c12f1,Work completed and verified.,2026-05-31 07:23:00+00
88527642-bb34-42bf-9694-0bb6937acfdb,0329176b-b063-41e6-b800-13b987f34ce0,,open,e926b5a7-d8cf-4bc6-85c7-108e0935ffa1,Ticket raised from the fleet condition report.,2025-02-13 13:18:00+00
22631a3b-8dec-41fe-be7f-7c7a0741bac9,0329176b-b063-41e6-b800-13b987f34ce0,open,in_progress,0b830550-4175-4716-9d78-9b2d69d25855,Assigned and work started.,2025-02-14 07:44:00+00
01045cb1-5b63-49c9-95fc-d1778861aa70,0329176b-b063-41e6-b800-13b987f34ce0,in_progress,resolved,0b830550-4175-4716-9d78-9b2d69d25855,Work completed and verified.,2025-03-02 13:42:00+00
e81e3806-86e6-41f3-bee9-9ce3fbbb2dea,0329176b-b063-41e6-b800-13b987f34ce0,resolved,closed,0b830550-4175-4716-9d78-9b2d69d25855,Ticket closed.,2025-03-10 15:16:00+00
29496486-6d1b-4d9a-8a90-597022886bb0,78200346-3cf4-4069-a4ac-1f7bb60f715b,,open,d9fb7d54-ed53-436a-8034-65f6bac6edac,Ticket raised from the fleet condition report.,2025-05-15 05:25:00+00
2a3e5da8-5d81-42c8-a917-6749df71a201,78200346-3cf4-4069-a4ac-1f7bb60f715b,open,in_progress,8de2d321-f715-4ebc-b37a-b90f4bef957a,Assigned and work started.,2025-05-16 16:20:00+00
6a40694d-b09d-4676-a561-d6adcef22716,78200346-3cf4-4069-a4ac-1f7bb60f715b,in_progress,resolved,8de2d321-f715-4ebc-b37a-b90f4bef957a,Work completed and verified.,2025-05-23 12:19:00+00
58045c54-25ef-47c9-9466-f522af4007ae,e881b429-cf41-41ac-91a9-59d1917ce210,,open,e8c335e0-2088-4924-a6e4-c94e52dc1dd6,Ticket raised from the fleet condition report.,2024-08-18 07:01:00+00
88b4c68c-65f4-40d6-a452-787ae7996b1d,e881b429-cf41-41ac-91a9-59d1917ce210,open,in_progress,1104d968-5037-4023-88d2-b1bb835afe68,Assigned and work started.,2024-08-19 05:43:00+00
24a8fc58-ac2c-4fe4-9fb6-713dde153a7d,e881b429-cf41-41ac-91a9-59d1917ce210,in_progress,resolved,1104d968-5037-4023-88d2-b1bb835afe68,Work completed and verified.,2024-08-22 11:52:00+00
43327b97-ff43-4fb7-a325-286c4a66af82,e881b429-cf41-41ac-91a9-59d1917ce210,resolved,closed,1104d968-5037-4023-88d2-b1bb835afe68,Ticket closed.,2024-08-29 14:40:00+00
0dc8db25-d585-49c2-acb3-6864c8f8c9e5,08fecaef-ed6f-4b16-9551-afaee56bebc3,,open,59873a14-b5e0-4bf4-a48d-6464cb0b6dd6,Ticket raised from the fleet condition report.,2025-01-22 16:54:00+00
175f9c7a-b8f2-4459-b87f-903b7d350b12,58740fe2-4584-47c6-ac79-c8fe82dc190e,,open,d8c9b73b-baf2-4cfd-ba84-ecd851223b7d,Ticket raised from the fleet condition report.,2025-09-13 12:36:00+00
0c0f6336-6ffe-46f6-b0d4-c9c2e7fd20b9,58740fe2-4584-47c6-ac79-c8fe82dc190e,open,in_progress,7644642e-745c-4474-890f-0f840a0b5df8,Assigned and work started.,2025-09-14 15:37:00+00
a9c811f2-0279-42d3-b796-1e06ade6e1ed,58740fe2-4584-47c6-ac79-c8fe82dc190e,in_progress,resolved,7644642e-745c-4474-890f-0f840a0b5df8,Work completed and verified.,2025-09-29 05:32:00+00
10cc3cdd-f4db-4d24-8f21-9976d2c8e74a,58740fe2-4584-47c6-ac79-c8fe82dc190e,resolved,closed,7644642e-745c-4474-890f-0f840a0b5df8,Ticket closed.,2025-10-06 10:59:00+00
85c9127d-1b99-45cb-bb13-54d157ba4de8,897fe714-92be-4db8-9846-d583329c87a6,,open,bda677d3-7700-431f-a3d6-861b92a3bace,Ticket raised from the fleet condition report.,2025-08-16 15:20:00+00
3fab8036-5d4b-4398-bc74-402c76367f32,a5cd8e01-fe38-43f3-b3e3-b8cd04baaefe,,open,e794ba95-b522-45c5-aa4d-2a17ab76071c,Ticket raised from the fleet condition report.,2024-11-24 09:32:00+00
f3299dea-63fd-48bc-b111-9034be19a199,a5cd8e01-fe38-43f3-b3e3-b8cd04baaefe,open,in_progress,d4ab1734-15c1-4d19-a3f3-9db75f910cd8,Assigned and work started.,2024-11-25 06:36:00+00
8ced42e0-d6e3-4555-ac0b-b1d6b40f2a3d,a5cd8e01-fe38-43f3-b3e3-b8cd04baaefe,in_progress,resolved,d4ab1734-15c1-4d19-a3f3-9db75f910cd8,Work completed and verified.,2024-12-05 12:36:00+00
abd0482a-980f-4690-83f0-8feb4e8fec15,a5cd8e01-fe38-43f3-b3e3-b8cd04baaefe,resolved,closed,d4ab1734-15c1-4d19-a3f3-9db75f910cd8,Ticket closed.,2024-12-09 10:06:00+00
3acef55c-0e67-45b3-849d-4ef3cc236a5b,0cb83704-3ec6-48e4-8535-f5b6e599a21a,,open,3a849bbe-d907-4ee0-8770-27c179d6a321,Ticket raised from the fleet condition report.,2026-04-17 06:11:00+00
d239262b-3f46-4a9e-813e-12fb2991af55,0cb83704-3ec6-48e4-8535-f5b6e599a21a,open,in_progress,f9e17e55-3ce7-47d6-beff-7dc3c8ecad6c,Assigned and work started.,2026-04-18 05:28:00+00
e531acb9-9a83-4d32-858a-6140b7f11b4a,97471863-1379-44de-95fb-bf969e6d70ae,,open,c9d9cd57-6074-4c5b-87b0-f093e04db48b,Ticket raised from the fleet condition report.,2026-04-18 12:18:00+00
0a99c4a4-fdec-4c9c-8e25-1b9caf99757a,97471863-1379-44de-95fb-bf969e6d70ae,open,in_progress,198393db-38d9-4a32-b015-0658a170bec1,Assigned and work started.,2026-04-19 05:16:00+00
a5dbb018-8286-4ce6-b8cb-43d0ed3901bb,98888595-d825-4a54-8df5-16486b7cf515,,open,22fdbcaf-2963-4f77-b400-12fc467a6393,Ticket raised from the fleet condition report.,2025-11-14 08:10:00+00
8af8228b-4965-450a-8a4e-df1d6e75fe09,98888595-d825-4a54-8df5-16486b7cf515,open,in_progress,f2993108-7085-4a34-95a5-74c5c3a8410d,Assigned and work started.,2025-11-15 16:31:00+00
82cce3d6-90ce-4b26-b8cf-5d5ed3b2a5cf,98888595-d825-4a54-8df5-16486b7cf515,in_progress,resolved,f2993108-7085-4a34-95a5-74c5c3a8410d,Work completed and verified.,2025-11-22 13:53:00+00
3a4df4d2-c412-4479-9419-1de3582f0cdb,98888595-d825-4a54-8df5-16486b7cf515,resolved,closed,f2993108-7085-4a34-95a5-74c5c3a8410d,Ticket closed.,2025-11-24 05:54:00+00
1deb83e7-efe4-4942-88d1-3aa7bc0d8913,acc15d69-7676-42e5-a1f9-6e86e1bf5e0a,,open,b10c3b1b-0504-4c02-9577-38f300514499,Ticket raised from the fleet condition report.,2025-02-12 14:49:00+00
5ea02108-463a-4e60-a3cf-c4508f1552b8,acc15d69-7676-42e5-a1f9-6e86e1bf5e0a,open,in_progress,728c431d-a607-4a38-9b1a-2287ce9979ad,Assigned and work started.,2025-02-13 08:33:00+00
04308989-a298-4144-a287-e74749ba9a07,acc15d69-7676-42e5-a1f9-6e86e1bf5e0a,in_progress,resolved,728c431d-a607-4a38-9b1a-2287ce9979ad,Work completed and verified.,2025-02-27 11:35:00+00
f53d5891-aa26-42af-897b-b866fe5501ce,f28f5537-65a1-4b88-94c3-3d9cd14d5e3e,,open,9307f79e-1989-450c-8410-9c18f986c0cf,Ticket raised from the fleet condition report.,2026-06-17 13:59:00+00
b6de41a9-dc8c-4ba0-b631-69cc2cb04e3f,f28f5537-65a1-4b88-94c3-3d9cd14d5e3e,open,in_progress,51de8298-573f-473b-b907-584ec33f7841,Assigned and work started.,2026-06-18 12:59:00+00
62727da6-bd58-42b7-8018-af1f3bdb499a,f28f5537-65a1-4b88-94c3-3d9cd14d5e3e,in_progress,resolved,51de8298-573f-473b-b907-584ec33f7841,Work completed and verified.,2026-07-11 11:47:00+00
da19f21e-5d3e-47d2-9f32-cb68f7a72c36,a39ca329-be3f-4d56-ab22-f9020fc377e8,,open,b46cf761-3db0-4767-b410-65aa1a2825fb,Ticket raised from the fleet condition report.,2025-05-25 10:26:00+00
80c22a3f-3042-4c9e-90be-4046e474246d,a39ca329-be3f-4d56-ab22-f9020fc377e8,open,in_progress,1eec88aa-d888-4b75-ab3e-84365df4210c,Assigned and work started.,2025-05-26 10:48:00+00
c3d2b06a-0300-4c2e-a0ad-13cfc9838777,a39ca329-be3f-4d56-ab22-f9020fc377e8,in_progress,resolved,1eec88aa-d888-4b75-ab3e-84365df4210c,Work completed and verified.,2025-05-28 11:57:00+00
6a668f27-e4cb-4464-9853-3ec6182559ca,a39ca329-be3f-4d56-ab22-f9020fc377e8,resolved,closed,1eec88aa-d888-4b75-ab3e-84365df4210c,Ticket closed.,2025-06-07 06:29:00+00
f83b2a36-05d9-41d8-a7b6-bf6687a54358,0be4d35b-73a1-4294-8070-44f4d5a3d75f,,open,6080595d-87bb-4827-b939-5ca0cf5d91db,Ticket raised from the fleet condition report.,2025-06-22 06:34:00+00
53047302-8efe-44d6-8483-0dfc66784c45,0be4d35b-73a1-4294-8070-44f4d5a3d75f,open,in_progress,5302dab8-326e-4660-b10d-447ccbcaff6f,Assigned and work started.,2025-06-23 16:47:00+00
6078e9f3-a7f8-4f8d-8571-8c72e75e1038,0be4d35b-73a1-4294-8070-44f4d5a3d75f,in_progress,resolved,5302dab8-326e-4660-b10d-447ccbcaff6f,Work completed and verified.,2025-06-23 13:01:00+00
5bdb6f20-972e-4876-9a5b-bd80fe671615,0be4d35b-73a1-4294-8070-44f4d5a3d75f,resolved,closed,5302dab8-326e-4660-b10d-447ccbcaff6f,Ticket closed.,2025-07-02 07:44:00+00
ff8529e2-2c87-4ac8-aab8-1ba41261d036,d371968c-5866-4118-8410-935072605fd4,,open,d49746fb-1fa9-4dd3-a283-ace04dffae46,Ticket raised from the fleet condition report.,2024-10-17 16:58:00+00
bcaed901-e811-4db6-bd66-34e6badca6ea,d371968c-5866-4118-8410-935072605fd4,open,in_progress,76acb86d-958a-4ccf-934c-46bed43da641,Assigned and work started.,2024-10-18 16:40:00+00
57ca0794-fc10-49e7-8401-f7a430f237da,d371968c-5866-4118-8410-935072605fd4,in_progress,resolved,76acb86d-958a-4ccf-934c-46bed43da641,Work completed and verified.,2024-11-11 13:38:00+00
cdb43fa8-6138-47dc-8246-159590bee1e2,3749c21a-9fc3-4b28-8387-1fb6b0a66dbf,,open,2d598e0b-fb1e-485c-bef5-c988163404a7,Ticket raised from the fleet condition report.,2024-12-15 09:18:00+00
7529251c-fc87-4250-9f6e-95d88334732f,3749c21a-9fc3-4b28-8387-1fb6b0a66dbf,open,in_progress,5b4b300b-3f2b-4fb0-bc62-3eae56605668,Assigned and work started.,2024-12-16 09:23:00+00
e1497356-dcad-4ffd-82a4-34f3c8594565,3749c21a-9fc3-4b28-8387-1fb6b0a66dbf,in_progress,resolved,5b4b300b-3f2b-4fb0-bc62-3eae56605668,Work completed and verified.,2024-12-16 14:21:00+00
bb8f45fa-33b0-4139-9a17-3720eb746d1e,773e9ac3-d3fc-43a8-ac0e-a73acc79e1d5,,open,8cd77a0c-12e6-4ac6-b2a7-860b1650a81e,Ticket raised from the fleet condition report.,2024-12-30 13:21:00+00
0c1a393c-6a3a-49bc-acef-aa6de14e37d9,773e9ac3-d3fc-43a8-ac0e-a73acc79e1d5,open,in_progress,c9371eef-cb2f-45af-926f-13217cb6a7ad,Assigned and work started.,2024-12-31 05:18:00+00
8089840c-fb7e-422e-b790-523bc90b2766,773e9ac3-d3fc-43a8-ac0e-a73acc79e1d5,in_progress,resolved,c9371eef-cb2f-45af-926f-13217cb6a7ad,Work completed and verified.,2025-01-14 10:57:00+00
99980ae9-147e-4748-8f1d-6f5ece9402cd,773e9ac3-d3fc-43a8-ac0e-a73acc79e1d5,resolved,closed,c9371eef-cb2f-45af-926f-13217cb6a7ad,Ticket closed.,2025-01-19 16:38:00+00
3cb8e7e5-cdee-4ab6-a3b0-e49b0418eaad,8dcf0190-e883-4276-bdb1-88361954be6a,,open,2751f9ca-5a8f-480f-b7f6-8d7c60846a2a,Ticket raised from the fleet condition report.,2025-07-11 13:28:00+00
394ca389-78e6-43d1-b682-f1794d97e835,8dcf0190-e883-4276-bdb1-88361954be6a,open,in_progress,51de8298-573f-473b-b907-584ec33f7841,Assigned and work started.,2025-07-12 09:24:00+00
f541bdd5-967a-4595-a217-e81640dae7f8,8dcf0190-e883-4276-bdb1-88361954be6a,in_progress,resolved,51de8298-573f-473b-b907-584ec33f7841,Work completed and verified.,2025-07-26 05:32:00+00
7f96c14c-d464-4995-9058-5fb2e1ba8587,8dcf0190-e883-4276-bdb1-88361954be6a,resolved,closed,51de8298-573f-473b-b907-584ec33f7841,Ticket closed.,2025-07-28 09:03:00+00
30808a62-9ec4-41bd-910b-1fb9c8f7f872,03756a03-4484-4666-9ce5-dd9c3d3bcb12,,open,c2ebc293-a6da-4e4f-9dcf-b38eb12e684e,Ticket raised from the fleet condition report.,2025-03-14 07:46:00+00
edc52f8f-5f0e-4252-ae99-82063d8a4426,03756a03-4484-4666-9ce5-dd9c3d3bcb12,open,in_progress,44decfc6-95e9-4892-afa1-68bc4c79b9b6,Assigned and work started.,2025-03-15 06:30:00+00
15703c2f-69e3-45ec-a5d7-96a4b34e2d35,03756a03-4484-4666-9ce5-dd9c3d3bcb12,in_progress,resolved,44decfc6-95e9-4892-afa1-68bc4c79b9b6,Work completed and verified.,2025-03-16 05:29:00+00
2b172488-514a-427c-a638-7c94cf771c2f,03756a03-4484-4666-9ce5-dd9c3d3bcb12,resolved,closed,44decfc6-95e9-4892-afa1-68bc4c79b9b6,Ticket closed.,2025-03-22 11:09:00+00
ba8c67c5-5917-4773-8a4d-ca1e9ac2669f,2df3f73b-b40e-40b2-9a1c-9f35040dd77d,,open,b64ffa50-0a8d-4d72-9814-57c08216e6b3,Ticket raised from the fleet condition report.,2024-09-13 09:55:00+00
d38767eb-8a9b-4641-8d9a-d5715d78bfad,2df3f73b-b40e-40b2-9a1c-9f35040dd77d,open,in_progress,76acb86d-958a-4ccf-934c-46bed43da641,Assigned and work started.,2024-09-14 15:18:00+00
27cb3d4c-d39f-4457-bc6c-90c21f24450a,2df3f73b-b40e-40b2-9a1c-9f35040dd77d,in_progress,resolved,76acb86d-958a-4ccf-934c-46bed43da641,Work completed and verified.,2024-10-04 09:40:00+00
2e22a3b8-1ed6-4508-8f03-693b123b78ea,2df3f73b-b40e-40b2-9a1c-9f35040dd77d,resolved,closed,76acb86d-958a-4ccf-934c-46bed43da641,Ticket closed.,2024-10-05 05:00:00+00
a9b9f653-4d24-4b87-928d-db93b031d864,67754b87-8d86-46ab-91ad-d630acbb3486,,open,705606bb-60ee-4791-b050-0781537700b1,Ticket raised from the fleet condition report.,2024-12-29 08:43:00+00
5376a11e-9152-4262-90d8-8397a165e51f,67754b87-8d86-46ab-91ad-d630acbb3486,open,in_progress,4212a9e1-e03c-4ea2-9d8c-c180b703b99a,Assigned and work started.,2024-12-30 17:08:00+00
b9509c90-0fed-4918-bb08-5e2e56ab3952,67754b87-8d86-46ab-91ad-d630acbb3486,in_progress,resolved,4212a9e1-e03c-4ea2-9d8c-c180b703b99a,Work completed and verified.,2025-01-03 08:15:00+00
666c8a92-0833-41fc-b0a0-9dd5dfe0e5b9,67754b87-8d86-46ab-91ad-d630acbb3486,resolved,closed,4212a9e1-e03c-4ea2-9d8c-c180b703b99a,Ticket closed.,2025-01-08 06:12:00+00
6b6e6527-c827-46e0-9013-cf7fedc892a0,49b6df5d-4f10-49a6-bd3b-8151d1e4be79,,open,1ca63256-23b6-4145-88a0-6d8a834afa10,Ticket raised from the fleet condition report.,2024-09-29 06:22:00+00
3b2b76f0-fdc4-4dce-9e1a-eecff4d21c04,49b6df5d-4f10-49a6-bd3b-8151d1e4be79,open,in_progress,3ad6d85f-8eb2-429d-b6b0-9df328ae585b,Assigned and work started.,2024-09-30 11:55:00+00
042681db-b7bf-4a23-b386-a194b970e33f,49b6df5d-4f10-49a6-bd3b-8151d1e4be79,in_progress,resolved,3ad6d85f-8eb2-429d-b6b0-9df328ae585b,Work completed and verified.,2024-10-10 11:27:00+00
b9008409-47d1-4601-9e4c-744ab6c8490b,49b6df5d-4f10-49a6-bd3b-8151d1e4be79,resolved,closed,3ad6d85f-8eb2-429d-b6b0-9df328ae585b,Ticket closed.,2024-10-11 10:21:00+00
1cf8f129-79fd-467f-9b52-75d03e315709,303102bb-652b-4353-ac8b-81f825410c67,,open,1f244e06-5a87-45ce-934d-263326f32549,Ticket raised from the fleet condition report.,2026-05-13 12:52:00+00
60f7ecf9-7539-4fa4-b74e-c7fd2f825030,303102bb-652b-4353-ac8b-81f825410c67,open,in_progress,ada9bd16-4c53-416f-9094-adaac3690544,Assigned and work started.,2026-05-14 16:13:00+00
1d63bf11-ec2f-4971-b1bb-09467361a6bc,303102bb-652b-4353-ac8b-81f825410c67,in_progress,resolved,ada9bd16-4c53-416f-9094-adaac3690544,Work completed and verified.,2026-05-23 17:01:00+00
9d61d462-a851-4dd1-8ed9-e2424e993421,303102bb-652b-4353-ac8b-81f825410c67,resolved,closed,ada9bd16-4c53-416f-9094-adaac3690544,Ticket closed.,2026-06-01 13:54:00+00
73a337a9-83d8-4118-9e61-8820980a232d,a11949ec-c7b0-4871-aa28-7d2f345745f6,,open,eeb4530b-f017-42ea-a0e8-41ea6f22d5b4,Ticket raised from the fleet condition report.,2025-03-18 16:16:00+00
c29becaf-af13-4dd0-8a09-468f0453e105,a11949ec-c7b0-4871-aa28-7d2f345745f6,open,in_progress,1246b49b-4c2a-428c-9e26-abdd7df1b7e0,Assigned and work started.,2025-03-19 08:14:00+00
60e3cc4a-f0c0-4aca-8dcd-9cd8a9bb6093,a11949ec-c7b0-4871-aa28-7d2f345745f6,in_progress,resolved,1246b49b-4c2a-428c-9e26-abdd7df1b7e0,Work completed and verified.,2025-04-12 14:46:00+00
293a22bc-92de-4b35-91ca-bc9c0f93be36,a11949ec-c7b0-4871-aa28-7d2f345745f6,resolved,closed,1246b49b-4c2a-428c-9e26-abdd7df1b7e0,Ticket closed.,2025-04-17 06:51:00+00
10a56879-f9fd-4a03-bb43-5a965ce48495,4bcbdf58-2625-4bcc-a034-29169dc49b49,,open,1ef075d1-9960-4ddc-ac3b-0c9bba6ad5ef,Ticket raised from the fleet condition report.,2025-01-27 09:41:00+00
7b091c45-6350-4030-9afb-f596bc348fa4,4bcbdf58-2625-4bcc-a034-29169dc49b49,open,in_progress,c72f23f6-0751-4dfb-aa15-6737a84c61f4,Assigned and work started.,2025-01-28 05:29:00+00
85bcb612-b3b9-43be-9948-68b700c9b4fd,4bcbdf58-2625-4bcc-a034-29169dc49b49,in_progress,resolved,c72f23f6-0751-4dfb-aa15-6737a84c61f4,Work completed and verified.,2025-02-18 10:12:00+00
2bc3dae2-33c1-430b-b11f-24cf714e3541,4bcbdf58-2625-4bcc-a034-29169dc49b49,resolved,closed,c72f23f6-0751-4dfb-aa15-6737a84c61f4,Ticket closed.,2025-02-24 14:57:00+00
91732741-b9bb-47e3-ad69-25bc9b2e8991,91eee335-6733-44b7-8fd5-3f13a1e468b8,,open,3638245b-e3ff-405e-a7d9-fbdb3cffeb58,Ticket raised from the fleet condition report.,2026-01-12 05:06:00+00
7511537f-0320-4ef3-a35a-5ba31904b42b,91eee335-6733-44b7-8fd5-3f13a1e468b8,open,in_progress,7172df17-f1b4-41d1-a5ee-2bf445703d25,Assigned and work started.,2026-01-13 17:09:00+00
7a90126e-483e-4c94-b2ad-1e098eb3c4fe,91eee335-6733-44b7-8fd5-3f13a1e468b8,in_progress,resolved,7172df17-f1b4-41d1-a5ee-2bf445703d25,Work completed and verified.,2026-01-23 12:37:00+00
3b7a979f-bb52-40c5-9441-cbfd209874cd,91eee335-6733-44b7-8fd5-3f13a1e468b8,resolved,closed,7172df17-f1b4-41d1-a5ee-2bf445703d25,Ticket closed.,2026-01-26 09:36:00+00
f0e2c926-7322-4f63-89d1-cc6524642b0f,386a8fb6-e035-498b-b3c8-b33daff6b97b,,open,cb5f60a2-0e0d-43e4-a97e-79df022e7bf2,Ticket raised from the fleet condition report.,2025-05-19 16:07:00+00
a2f0e14d-5c66-4a6a-8374-22e800d7fc20,386a8fb6-e035-498b-b3c8-b33daff6b97b,open,in_progress,acc29e92-bfe4-4843-8a5e-b9f6e945a18e,Assigned and work started.,2025-05-20 05:24:00+00
a215f767-3d45-447b-9822-eb56095f547d,386a8fb6-e035-498b-b3c8-b33daff6b97b,in_progress,resolved,acc29e92-bfe4-4843-8a5e-b9f6e945a18e,Work completed and verified.,2025-05-29 17:30:00+00
60e73dfe-9258-4fb0-92db-4ceebfd2d03c,386a8fb6-e035-498b-b3c8-b33daff6b97b,resolved,closed,acc29e92-bfe4-4843-8a5e-b9f6e945a18e,Ticket closed.,2025-06-02 09:04:00+00
f9187a49-82b2-4fe9-9ff2-cc1880b2e87e,25ceeda3-be42-4439-a761-a65e7f9e7b83,,open,06664a12-e906-4dce-8442-a47e9ced1cce,Ticket raised from the fleet condition report.,2025-01-24 14:21:00+00
dd52cbc2-5b24-4613-9730-d034a201efce,25ceeda3-be42-4439-a761-a65e7f9e7b83,open,in_progress,ee4d2f5c-11a7-4a36-b4f7-9b4da1d376b2,Assigned and work started.,2025-01-25 08:52:00+00
897b633d-0081-4730-829a-1d410aac4e6e,25ceeda3-be42-4439-a761-a65e7f9e7b83,in_progress,resolved,ee4d2f5c-11a7-4a36-b4f7-9b4da1d376b2,Work completed and verified.,2025-02-14 05:28:00+00
5023fb1f-cef8-4f50-8b8f-825e9da37a9f,25ceeda3-be42-4439-a761-a65e7f9e7b83,resolved,closed,ee4d2f5c-11a7-4a36-b4f7-9b4da1d376b2,Ticket closed.,2025-02-21 09:53:00+00
96b86be4-8c3f-459c-9119-f58cb26fda31,54ce0610-d69f-492c-b09e-7d6202678923,,open,7e4fde36-648a-411f-9e69-54dd9be25b54,Ticket raised from the fleet condition report.,2025-07-26 08:42:00+00
073c8985-900d-4334-85c2-f1139d9ba734,54ce0610-d69f-492c-b09e-7d6202678923,open,in_progress,26786492-bebd-4e3a-8719-4c486f70d604,Assigned and work started.,2025-07-27 10:28:00+00
78022af6-bfc7-46e3-b93a-19010d9e3ac4,54ce0610-d69f-492c-b09e-7d6202678923,in_progress,resolved,26786492-bebd-4e3a-8719-4c486f70d604,Work completed and verified.,2025-07-28 16:39:00+00
430fa852-2945-4898-ba6b-8f49aedaa0a5,54ce0610-d69f-492c-b09e-7d6202678923,resolved,closed,26786492-bebd-4e3a-8719-4c486f70d604,Ticket closed.,2025-08-05 07:30:00+00
e8eb155d-e703-444c-8714-e89be468f037,22d095f0-3264-46c9-bee9-d2ef879c7293,,open,85ec9a19-bc02-4676-a16b-0a33f9ecc547,Ticket raised from the fleet condition report.,2024-11-22 07:29:00+00
4c8c12e7-dba6-47b9-b6c1-63a17b273ac2,22d095f0-3264-46c9-bee9-d2ef879c7293,open,in_progress,7644642e-745c-4474-890f-0f840a0b5df8,Assigned and work started.,2024-11-23 14:55:00+00
96745969-ea98-461a-bebb-1258b143911f,22d095f0-3264-46c9-bee9-d2ef879c7293,in_progress,resolved,7644642e-745c-4474-890f-0f840a0b5df8,Work completed and verified.,2024-11-28 07:38:00+00
8ccbfd19-a2c4-4d91-bf6b-22ffaddc2ce3,22d095f0-3264-46c9-bee9-d2ef879c7293,resolved,closed,7644642e-745c-4474-890f-0f840a0b5df8,Ticket closed.,2024-12-04 17:22:00+00
9246d05c-e9fb-4bbb-bb98-261975c6ec9c,edcdd5e6-296d-47bf-924b-556e662fd45c,,open,19b98f02-bc8b-432e-8789-d875da0f5cbb,Ticket raised from the fleet condition report.,2025-12-10 09:37:00+00
54412325-56a9-4bb8-9149-c5e0329ffa8a,edcdd5e6-296d-47bf-924b-556e662fd45c,open,in_progress,bf2345c5-305b-49ba-b06b-ecb5fede548e,Assigned and work started.,2025-12-11 13:19:00+00
e15bee70-45c8-4f94-84fb-f3cc0dd43ef0,edcdd5e6-296d-47bf-924b-556e662fd45c,in_progress,resolved,bf2345c5-305b-49ba-b06b-ecb5fede548e,Work completed and verified.,2025-12-15 15:31:00+00
f096a1f7-5c7e-4a74-bcd7-9be9c850798c,edcdd5e6-296d-47bf-924b-556e662fd45c,resolved,closed,bf2345c5-305b-49ba-b06b-ecb5fede548e,Ticket closed.,2025-12-19 05:22:00+00
72d4e9e3-0a97-4ef1-968e-2f61796c00c5,a5dee9f1-1a9f-4550-9442-a54842b8ff98,,open,18a34e23-3be5-4058-9caa-d2075df591b8,Ticket raised from the fleet condition report.,2026-05-30 06:10:00+00
c1b0956d-56ea-482a-9908-62f1c1a3d18e,a5dee9f1-1a9f-4550-9442-a54842b8ff98,open,in_progress,0bcca5d2-620c-4e90-ae82-fb6ffc7af33d,Assigned and work started.,2026-05-31 15:42:00+00
483ac219-c358-4dbb-8a8d-8536c17994ff,a5dee9f1-1a9f-4550-9442-a54842b8ff98,in_progress,resolved,0bcca5d2-620c-4e90-ae82-fb6ffc7af33d,Work completed and verified.,2026-06-13 12:40:00+00
4d61661e-beec-442c-b04a-63c4e9ea97cb,0bee17eb-c65a-4622-b26a-93b6ab7e269f,,open,b8bd2693-6e8f-4d53-8f57-8abb50dbc33c,Ticket raised from the fleet condition report.,2025-07-21 06:04:00+00
cc6b6b7f-74a4-4c27-b5fc-c4bbb058dfe1,0bee17eb-c65a-4622-b26a-93b6ab7e269f,open,in_progress,a5403456-9417-4129-8376-a0508664c003,Assigned and work started.,2025-07-22 08:18:00+00
1fce4069-bbc2-425f-ae4e-377a17cc6719,0bee17eb-c65a-4622-b26a-93b6ab7e269f,in_progress,resolved,a5403456-9417-4129-8376-a0508664c003,Work completed and verified.,2025-07-31 09:26:00+00
daafe3b5-cf9a-43da-82b2-abe7eb06eaa6,0bee17eb-c65a-4622-b26a-93b6ab7e269f,resolved,closed,a5403456-9417-4129-8376-a0508664c003,Ticket closed.,2025-08-06 13:53:00+00
0aad318a-5401-42a9-b0c6-d0677c8e0f88,998487df-5785-48f9-b88a-5f6003b6f195,,open,071c8cbe-8125-4dde-ae07-2ac65beea113,Ticket raised from the fleet condition report.,2025-05-17 08:06:00+00
ad8e08f0-0217-41a0-8622-57da7faf0326,998487df-5785-48f9-b88a-5f6003b6f195,open,in_progress,2ea7ff67-fdd7-4d0b-96cd-8dd768decfdd,Assigned and work started.,2025-05-18 17:18:00+00
3c52956a-25e1-4c50-8dc3-f85d7758d726,998487df-5785-48f9-b88a-5f6003b6f195,in_progress,resolved,2ea7ff67-fdd7-4d0b-96cd-8dd768decfdd,Work completed and verified.,2025-05-28 06:18:00+00
4752de0d-bb50-4742-acc2-a943c2d99c2b,a9d82b56-2a5c-44c1-be3e-12f5d1500562,,open,b737044f-e300-48b8-8023-aa3efab6953e,Ticket raised from the fleet condition report.,2026-05-13 15:47:00+00
eaa57c9d-a7cb-47fe-a9f3-de286a051d53,a9d82b56-2a5c-44c1-be3e-12f5d1500562,open,in_progress,d4ab1734-15c1-4d19-a3f3-9db75f910cd8,Assigned and work started.,2026-05-14 09:23:00+00
175c2634-9bc9-44d6-9977-cd8a0f7a849d,a9d82b56-2a5c-44c1-be3e-12f5d1500562,in_progress,resolved,d4ab1734-15c1-4d19-a3f3-9db75f910cd8,Work completed and verified.,2026-06-04 15:55:00+00
1d26bf6f-875f-4395-8fdf-c2bc3867e203,a821fd3b-599a-42c5-83af-620c459e4595,,open,2de2692b-41c7-43a7-abec-e37c68f47f77,Ticket raised from the fleet condition report.,2024-09-27 15:07:00+00
a20cf719-4d3b-4e63-9210-fc9e02de85e6,a821fd3b-599a-42c5-83af-620c459e4595,open,in_progress,ee4d2f5c-11a7-4a36-b4f7-9b4da1d376b2,Assigned and work started.,2024-09-28 15:47:00+00
7684dff2-6627-46ef-97c3-932ef6c3ec42,a821fd3b-599a-42c5-83af-620c459e4595,in_progress,resolved,ee4d2f5c-11a7-4a36-b4f7-9b4da1d376b2,Work completed and verified.,2024-10-12 17:18:00+00
4560cc62-bb60-4737-ae35-8387417439f6,a821fd3b-599a-42c5-83af-620c459e4595,resolved,closed,ee4d2f5c-11a7-4a36-b4f7-9b4da1d376b2,Ticket closed.,2024-10-21 05:53:00+00
3a1d21a6-5299-4fec-a1a9-224731fcafa7,2ee183b6-9436-4e62-8d90-ecc6a06512b9,,open,0ece4939-de9b-4910-babc-3cb1f0372d4b,Ticket raised from the fleet condition report.,2025-10-26 16:27:00+00
5550e49f-1323-4373-ab32-76b7913d23ec,2ee183b6-9436-4e62-8d90-ecc6a06512b9,open,in_progress,3ed87f3f-9d1e-409e-af21-14fee9e9bc14,Assigned and work started.,2025-10-27 06:30:00+00
126c0b5c-6895-45f7-ab8a-49705ad1239b,2ee183b6-9436-4e62-8d90-ecc6a06512b9,in_progress,resolved,3ed87f3f-9d1e-409e-af21-14fee9e9bc14,Work completed and verified.,2025-11-20 08:20:00+00
f2401e44-fa34-4c20-9887-f4ec049d59cf,2ee183b6-9436-4e62-8d90-ecc6a06512b9,resolved,closed,3ed87f3f-9d1e-409e-af21-14fee9e9bc14,Ticket closed.,2025-11-29 17:14:00+00
7cef7ddb-0837-46fe-960a-b1f5bd4571f5,545b7b36-f3f3-492d-88ab-77cc7a8fe657,,open,6a299c1f-ae68-468f-ba60-338ead0f891e,Ticket raised from the fleet condition report.,2026-08-06 17:57:00+00
71d213c8-157b-488c-b468-a716ab9e5a62,545b7b36-f3f3-492d-88ab-77cc7a8fe657,open,in_progress,3898aa8b-e3d3-459d-9a76-60401f8181f0,Assigned and work started.,2026-08-07 09:47:00+00
446292ad-61bf-46c8-b04e-9b5383441714,600ca388-5c8f-4b93-800f-a5c03bd66ab9,,open,2ce0bc6a-959a-4ad4-ba44-b4a27685f43a,Ticket raised from the fleet condition report.,2025-01-12 12:28:00+00
bfbf58dd-2cd0-4b6f-8d3a-260769a8b2f6,600ca388-5c8f-4b93-800f-a5c03bd66ab9,open,in_progress,95bebbd4-1cfc-4de5-93a8-7a5467a0616c,Assigned and work started.,2025-01-13 14:18:00+00
0b1729b5-5648-46c3-a648-82ccd441c9f9,600ca388-5c8f-4b93-800f-a5c03bd66ab9,in_progress,resolved,95bebbd4-1cfc-4de5-93a8-7a5467a0616c,Work completed and verified.,2025-01-25 10:10:00+00
d93b2920-7d1e-426d-8d43-4c14c1a90bdb,600ca388-5c8f-4b93-800f-a5c03bd66ab9,resolved,closed,95bebbd4-1cfc-4de5-93a8-7a5467a0616c,Ticket closed.,2025-02-01 15:09:00+00
001bfbc6-efef-4862-a118-f70caa178f19,1a8c905a-b17c-447c-a363-160532c25648,,open,b90af50e-7685-4a4a-b293-504b182c08f7,Ticket raised from the fleet condition report.,2026-01-24 16:38:00+00
3014556c-8514-4ae4-ab6f-b1c5d4539fca,1a8c905a-b17c-447c-a363-160532c25648,open,in_progress,d555997d-4f34-4447-8538-e3ac8bc0b2cb,Assigned and work started.,2026-01-25 16:45:00+00
6876c143-95c9-40bc-bc94-5f2a433d058b,1a8c905a-b17c-447c-a363-160532c25648,in_progress,resolved,d555997d-4f34-4447-8538-e3ac8bc0b2cb,Work completed and verified.,2026-01-29 16:30:00+00
5c846872-f576-4f1a-87ee-e79db7efcd32,52da8a42-54a7-4578-a138-6d1d0be3e7db,,open,eba9aacb-62c6-4777-bee9-ea984880462e,Ticket raised from the fleet condition report.,2024-08-14 11:43:00+00
857e04b7-86ec-4513-84e2-c9e7b34d250b,52da8a42-54a7-4578-a138-6d1d0be3e7db,open,in_progress,46b65206-6f2c-4777-b6a0-ed9d0d81dc19,Assigned and work started.,2024-08-15 13:40:00+00
3435d735-fa69-4e9d-b879-6bc29df55e69,52da8a42-54a7-4578-a138-6d1d0be3e7db,in_progress,resolved,46b65206-6f2c-4777-b6a0-ed9d0d81dc19,Work completed and verified.,2024-08-21 17:19:00+00
c00d8f5a-0726-4387-b515-dfd098f52584,52da8a42-54a7-4578-a138-6d1d0be3e7db,resolved,closed,46b65206-6f2c-4777-b6a0-ed9d0d81dc19,Ticket closed.,2024-08-27 10:18:00+00
750c31d4-8427-4b44-8ec4-162e5e3c0862,74019317-2d30-4fd4-9682-5805b11fd4ec,,open,37312388-fdb3-4d96-a270-ec86cf28080e,Ticket raised from the fleet condition report.,2025-03-25 05:45:00+00
10fcf32b-0ad2-423b-9b4d-a0b649320f67,74019317-2d30-4fd4-9682-5805b11fd4ec,open,in_progress,0d92b1df-f95f-448c-8c5e-279045705e0f,Assigned and work started.,2025-03-26 06:25:00+00
679f139a-1bca-4404-8b1e-78d23916e80d,74019317-2d30-4fd4-9682-5805b11fd4ec,in_progress,resolved,0d92b1df-f95f-448c-8c5e-279045705e0f,Work completed and verified.,2025-03-30 13:43:00+00
fe6b69ba-3a57-4f27-b39d-c44a84a7a986,675fd103-a454-4da1-a870-5b5f56ae0a96,,open,d44ee649-44fc-463b-ba55-ee360a3c5b48,Ticket raised from the fleet condition report.,2025-09-27 08:21:00+00
3df807f9-9258-4783-9ac2-4325448e7696,675fd103-a454-4da1-a870-5b5f56ae0a96,open,in_progress,a363109b-c8ce-4177-9d91-030ac0b8df3a,Assigned and work started.,2025-09-28 11:49:00+00
6f376cef-7396-4b54-b604-b87606c27c82,675fd103-a454-4da1-a870-5b5f56ae0a96,in_progress,resolved,a363109b-c8ce-4177-9d91-030ac0b8df3a,Work completed and verified.,2025-10-11 11:57:00+00
f72d8b0c-e6f8-40c5-ae59-194bdde9e4e7,78e089a2-29c9-4ac5-9d4f-f868cd5dc3b6,,open,3a856fa0-a322-42af-b639-f50c6a06d501,Ticket raised from the fleet condition report.,2025-06-20 12:28:00+00
f762ed65-4de3-46dc-a4d7-60970fd08976,78e089a2-29c9-4ac5-9d4f-f868cd5dc3b6,open,in_progress,5e18dd32-52bf-446f-b5b4-306dd776e223,Assigned and work started.,2025-06-21 13:44:00+00
09ad943e-efad-4b8c-9a10-91af4aaf1b41,78e089a2-29c9-4ac5-9d4f-f868cd5dc3b6,in_progress,resolved,5e18dd32-52bf-446f-b5b4-306dd776e223,Work completed and verified.,2025-06-25 07:34:00+00
8088c930-26df-4801-abef-fb4b53735cad,8dd884a5-6d89-40af-b086-4ab760f05e15,,open,3966530c-94a6-4265-a40e-c0d923c0f0ae,Ticket raised from the fleet condition report.,2025-06-20 17:16:00+00
58504487-d724-495a-9b7c-e0457f91b20d,8dd884a5-6d89-40af-b086-4ab760f05e15,open,in_progress,57ace99d-32e1-4aae-af41-0861213bfb33,Assigned and work started.,2025-06-21 09:23:00+00
d141f7d8-fb91-4009-be6f-26169e7edc85,8dd884a5-6d89-40af-b086-4ab760f05e15,in_progress,resolved,57ace99d-32e1-4aae-af41-0861213bfb33,Work completed and verified.,2025-06-29 15:52:00+00
47fdf692-9a83-455c-9a65-85db0e57be62,8dd884a5-6d89-40af-b086-4ab760f05e15,resolved,closed,57ace99d-32e1-4aae-af41-0861213bfb33,Ticket closed.,2025-07-01 13:18:00+00
c62ee75a-f18c-4d33-9d53-e757f5d67ce9,749ea14f-4960-4da9-9352-90c66a186d3b,,open,9cb44f3e-4dc3-4ac9-bf65-bb8f29efc8e6,Ticket raised from the fleet condition report.,2026-06-24 07:37:00+00
d1915f83-3cac-49d9-a60b-8af52ecec5c8,749ea14f-4960-4da9-9352-90c66a186d3b,open,in_progress,246980b5-110b-4571-9060-906f0c1ed19f,Assigned and work started.,2026-06-25 17:44:00+00
a4010dec-022c-45ef-a031-b2d36bd7c08c,749ea14f-4960-4da9-9352-90c66a186d3b,in_progress,resolved,246980b5-110b-4571-9060-906f0c1ed19f,Work completed and verified.,2026-07-13 07:01:00+00
ca961207-85ce-4b65-9e7e-d721fb3a38f2,824b3fae-8ef4-4b63-a46c-02bd86b1c63d,,open,fb6db374-5499-4fab-a5e5-5f201832e9d3,Ticket raised from the fleet condition report.,2024-11-14 13:44:00+00
65b5ed26-ca80-4903-ad3b-8798e1aa21ad,824b3fae-8ef4-4b63-a46c-02bd86b1c63d,open,in_progress,45e88c26-b5d7-4353-ad6a-6acd15416a21,Assigned and work started.,2024-11-15 11:54:00+00
19a51ea1-a417-4d54-abd6-ef683313ca3a,824b3fae-8ef4-4b63-a46c-02bd86b1c63d,in_progress,resolved,45e88c26-b5d7-4353-ad6a-6acd15416a21,Work completed and verified.,2024-11-24 13:35:00+00
130d19bf-9454-4bbd-a71a-4765f1f34b5c,05ed5363-61dd-405a-8abb-f091e6edb784,,open,e0089955-7fd3-47d8-a384-4d9a69ca3920,Ticket raised from the fleet condition report.,2025-02-20 13:55:00+00
68856a2b-a990-45fa-af05-03b7a1447839,05ed5363-61dd-405a-8abb-f091e6edb784,open,in_progress,6b59f9f2-4c2d-40ea-8a3b-76bb6b7f5dd1,Assigned and work started.,2025-02-21 05:38:00+00
3278f0e5-02cc-4922-a1e9-7464178e652d,05ed5363-61dd-405a-8abb-f091e6edb784,in_progress,resolved,6b59f9f2-4c2d-40ea-8a3b-76bb6b7f5dd1,Work completed and verified.,2025-03-12 05:18:00+00
de70947e-615e-4474-b6fd-d367d7c18922,05ed5363-61dd-405a-8abb-f091e6edb784,resolved,closed,6b59f9f2-4c2d-40ea-8a3b-76bb6b7f5dd1,Ticket closed.,2025-03-16 14:00:00+00
122d847b-242f-491b-8aaa-8dfe5ba91143,3b6ef84d-8173-42c7-b274-da09d9354a9c,,open,a213ac02-a975-484b-88d8-985f8590c25d,Ticket raised from the fleet condition report.,2024-10-14 17:12:00+00
55d00924-53a4-48fb-8284-aa4f1f5e0d68,3b6ef84d-8173-42c7-b274-da09d9354a9c,open,in_progress,af5f0096-7cc6-4d72-ab69-0a461681aeb5,Assigned and work started.,2024-10-15 15:03:00+00
48188ad4-0c7b-4068-b66c-566abc57b734,3b6ef84d-8173-42c7-b274-da09d9354a9c,in_progress,resolved,af5f0096-7cc6-4d72-ab69-0a461681aeb5,Work completed and verified.,2024-10-16 13:14:00+00
5d045a4e-d73f-4ba4-96bc-ec7883451ce2,3b6ef84d-8173-42c7-b274-da09d9354a9c,resolved,closed,af5f0096-7cc6-4d72-ab69-0a461681aeb5,Ticket closed.,2024-10-22 17:38:00+00
394663a6-87c2-4259-bab5-3bd7d114c4b9,02dea574-c3e9-4846-a9c5-a5e6e92b0b77,,open,8f700fd2-3def-4b84-8c3c-b7d73e077fba,Ticket raised from the fleet condition report.,2026-08-07 14:38:00+00
2fe3ec98-466f-42a4-9297-4070eb0ff4a7,193f2ce7-e36b-4e43-9f80-590aa3e411c8,,open,dba27b6e-3ab8-46c8-a9e9-591dc2166f08,Ticket raised from the fleet condition report.,2024-08-25 08:23:00+00
8c131e13-ffaa-4d05-a662-375d0b792d0a,193f2ce7-e36b-4e43-9f80-590aa3e411c8,open,in_progress,53237578-eb53-4fa0-b5df-9eb5c4ba96f4,Assigned and work started.,2024-08-26 05:35:00+00
ed4a90a0-860f-4d2e-9c43-3764a73f9a09,193f2ce7-e36b-4e43-9f80-590aa3e411c8,in_progress,resolved,53237578-eb53-4fa0-b5df-9eb5c4ba96f4,Work completed and verified.,2024-09-04 05:08:00+00
f65f05a4-72b6-4c2d-8df8-a2c329e7fb4d,193f2ce7-e36b-4e43-9f80-590aa3e411c8,resolved,closed,53237578-eb53-4fa0-b5df-9eb5c4ba96f4,Ticket closed.,2024-09-12 17:25:00+00
feb681c4-a2e5-46c8-8332-af83095a09b4,6da5be3a-90eb-4666-a07f-e9dddc4e34d3,,open,75ecdc2a-757a-4c32-a103-8bfece98280b,Ticket raised from the fleet condition report.,2024-10-23 15:25:00+00
e435d2cb-f49a-4aff-8ac9-149932239bd1,6da5be3a-90eb-4666-a07f-e9dddc4e34d3,open,in_progress,cdd74f33-dff3-4b0f-8378-d2989570b4c6,Assigned and work started.,2024-10-24 15:45:00+00
77acd54d-d95c-4e96-a5b0-fbad7d22ef82,6da5be3a-90eb-4666-a07f-e9dddc4e34d3,in_progress,resolved,cdd74f33-dff3-4b0f-8378-d2989570b4c6,Work completed and verified.,2024-11-14 16:38:00+00
21dcd94e-45b1-4e55-a900-afe68d9392ab,6da5be3a-90eb-4666-a07f-e9dddc4e34d3,resolved,closed,cdd74f33-dff3-4b0f-8378-d2989570b4c6,Ticket closed.,2024-11-23 05:05:00+00
cd7c03fc-1439-400b-af6a-418e7f19a0c8,14bc11a7-974b-41d9-a9a1-7c87dbc9732c,,open,0dbf774a-2a69-4d55-9066-204a56ccf15d,Ticket raised from the fleet condition report.,2025-10-28 14:39:00+00
cb899b82-4d5e-4332-aca6-269a89d69994,5bd3b0f1-61ee-46b8-a975-e46a7f0be627,,open,ce3a6f56-693b-4df4-b602-ed2623c68aad,Ticket raised from the fleet condition report.,2025-03-13 13:28:00+00
0bd81c44-9532-489b-b213-5c0e23dd97ed,5bd3b0f1-61ee-46b8-a975-e46a7f0be627,open,in_progress,ee4d2f5c-11a7-4a36-b4f7-9b4da1d376b2,Assigned and work started.,2025-03-14 10:04:00+00
28172886-9db6-4063-84e2-509b26a5fb8f,5bd3b0f1-61ee-46b8-a975-e46a7f0be627,in_progress,resolved,ee4d2f5c-11a7-4a36-b4f7-9b4da1d376b2,Work completed and verified.,2025-03-18 08:47:00+00
618b11b0-aecf-4616-9771-4b04effe2db6,5bd3b0f1-61ee-46b8-a975-e46a7f0be627,resolved,closed,ee4d2f5c-11a7-4a36-b4f7-9b4da1d376b2,Ticket closed.,2025-03-25 05:59:00+00
c246df04-4f2b-40a2-aed3-393905a8d470,3de16886-93ab-486f-9534-c1cd31f3f4c5,,open,2ff785ce-b723-4033-bed4-5953533e3039,Ticket raised from the fleet condition report.,2024-08-28 11:39:00+00
0e418b21-5df3-443b-a8c7-149201f3df60,3de16886-93ab-486f-9534-c1cd31f3f4c5,open,in_progress,e20935a5-5128-4f38-92b2-23e2cc66c4ed,Assigned and work started.,2024-08-29 10:09:00+00
f0eab97c-c30b-48c4-8bfb-37afb440deb4,3de16886-93ab-486f-9534-c1cd31f3f4c5,in_progress,resolved,e20935a5-5128-4f38-92b2-23e2cc66c4ed,Work completed and verified.,2024-09-18 14:32:00+00
08d9b4d9-86a9-4990-b1f4-83cd6131915c,3de16886-93ab-486f-9534-c1cd31f3f4c5,resolved,closed,e20935a5-5128-4f38-92b2-23e2cc66c4ed,Ticket closed.,2024-09-28 06:29:00+00
0f9a6dbd-f1a7-4559-82f4-b08372a19d48,efa4be86-3c74-49ce-ac4b-0dd568b77e69,,open,bcc2e695-1e30-4f07-866a-c884d470333c,Ticket raised from the fleet condition report.,2024-12-17 10:22:00+00
45410bf3-cba6-4214-8de3-edcea32702bb,efa4be86-3c74-49ce-ac4b-0dd568b77e69,open,in_progress,1246b49b-4c2a-428c-9e26-abdd7df1b7e0,Assigned and work started.,2024-12-18 13:23:00+00
6311d1db-74fa-4a32-b144-ebcc5059d8ad,efa4be86-3c74-49ce-ac4b-0dd568b77e69,in_progress,resolved,1246b49b-4c2a-428c-9e26-abdd7df1b7e0,Work completed and verified.,2024-12-30 05:01:00+00
3364f82a-6bb8-46af-9cc5-191e5f01126d,efa4be86-3c74-49ce-ac4b-0dd568b77e69,resolved,closed,1246b49b-4c2a-428c-9e26-abdd7df1b7e0,Ticket closed.,2025-01-01 16:41:00+00
ecca3bd0-a077-4ae4-8f0e-acf7041fa2ef,271f3bc3-a3fc-437d-85e2-1b431fef1fc9,,open,87713bdb-3a75-494d-9e8e-93ac114276ec,Ticket raised from the fleet condition report.,2025-01-22 14:27:00+00
96209d26-e7c9-413c-bc1e-d173b429084a,271f3bc3-a3fc-437d-85e2-1b431fef1fc9,open,in_progress,597c6eba-286e-440e-922e-420efd907fcc,Assigned and work started.,2025-01-23 06:32:00+00
2e416615-5218-42a3-acb9-cb1fad977f3a,271f3bc3-a3fc-437d-85e2-1b431fef1fc9,in_progress,resolved,597c6eba-286e-440e-922e-420efd907fcc,Work completed and verified.,2025-02-08 05:58:00+00
8c652df3-9bd1-4e17-9c36-83feb7c73d78,271f3bc3-a3fc-437d-85e2-1b431fef1fc9,resolved,closed,597c6eba-286e-440e-922e-420efd907fcc,Ticket closed.,2025-02-12 11:10:00+00
0edb8f49-8ab6-4b43-9396-4cdf68741ae3,f781418b-ee1f-417d-a217-4ffdae3e878d,,open,c2ebc293-a6da-4e4f-9dcf-b38eb12e684e,Ticket raised from the fleet condition report.,2025-09-16 12:34:00+00
409fa76d-d9b5-4839-8e18-8aa6408aca50,f781418b-ee1f-417d-a217-4ffdae3e878d,open,in_progress,5284761e-4d1d-4e36-97eb-848604be7358,Assigned and work started.,2025-09-17 13:58:00+00
f8a5dc2b-6160-4b68-8048-a7ab2a26827c,f781418b-ee1f-417d-a217-4ffdae3e878d,in_progress,resolved,5284761e-4d1d-4e36-97eb-848604be7358,Work completed and verified.,2025-09-19 14:43:00+00
95e65323-405c-470b-9625-d9192cbea491,6b8688c5-2bb5-417a-9e09-ba42dddfd55f,,open,d6e759b6-79b1-4cc4-bc4d-412a321a3640,Ticket raised from the fleet condition report.,2026-07-12 13:44:00+00
708063df-ab44-4198-b941-43abc3e98567,3b7695ab-a8c0-4b6c-9768-c91684d26fa6,,open,184939aa-cc6e-4911-8fcd-a5c4bedeefa2,Ticket raised from the fleet condition report.,2026-08-05 14:27:00+00
1e94e01b-74d9-4f03-bc7a-fdab9b60b6e1,c67e1b5e-14d1-4354-8ebf-15c195f54635,,open,2458cf7c-fcbf-4def-834a-e1429dfebcae,Ticket raised from the fleet condition report.,2025-02-19 16:13:00+00
6d3fca95-577f-4ad4-8738-3b5a37660599,c67e1b5e-14d1-4354-8ebf-15c195f54635,open,in_progress,9580e2d6-e004-4873-9ea1-5e63bb707d70,Assigned and work started.,2025-02-20 12:52:00+00
e1703459-44e7-4cf9-9657-1997b2e3e18c,c67e1b5e-14d1-4354-8ebf-15c195f54635,in_progress,resolved,9580e2d6-e004-4873-9ea1-5e63bb707d70,Work completed and verified.,2025-03-04 09:18:00+00
38935792-bd03-4b93-80bf-1b55adce8333,c67e1b5e-14d1-4354-8ebf-15c195f54635,resolved,closed,9580e2d6-e004-4873-9ea1-5e63bb707d70,Ticket closed.,2025-03-09 12:41:00+00
204ec951-d99d-4eb9-9320-b8b6f384c2a4,182daf7a-9ae8-482e-a5c3-36d3c2d79c8c,,open,cbe38004-41ff-40f3-8cc5-a26f4612f3ba,Ticket raised from the fleet condition report.,2024-12-11 14:34:00+00
414d5ae2-7ef2-4c4c-a45a-456150363cbf,182daf7a-9ae8-482e-a5c3-36d3c2d79c8c,open,in_progress,cfcb23c6-f209-48fb-b2ab-5f79f711f9cc,Assigned and work started.,2024-12-12 05:28:00+00
5e666e90-7232-418a-b76c-3bd6bc8e84db,182daf7a-9ae8-482e-a5c3-36d3c2d79c8c,in_progress,resolved,cfcb23c6-f209-48fb-b2ab-5f79f711f9cc,Work completed and verified.,2024-12-24 17:25:00+00
0ac57df1-9a64-44af-9725-754de3b0f21b,182daf7a-9ae8-482e-a5c3-36d3c2d79c8c,resolved,closed,cfcb23c6-f209-48fb-b2ab-5f79f711f9cc,Ticket closed.,2024-12-25 09:41:00+00
c973153f-de17-48ab-b2d5-ed4221b30c7b,af1d473f-9a71-4acf-b9d6-1fd0e8254be5,,open,e1121c2f-4b9c-484f-ab26-d06bba047a3e,Ticket raised from the fleet condition report.,2026-08-08 07:59:00+00
e787e57f-5085-4625-b0c3-f3721cc9395e,195f49fe-402a-4a5c-92d7-6a932b2c61e4,,open,54a8003d-fad1-4f14-bdd4-8c4913b2d0f2,Ticket raised from the fleet condition report.,2026-07-27 05:03:00+00
00a71f97-bf3f-4594-b4ad-20d21ec2ad31,73337ff6-78a7-4a3d-9a82-55be9c064a13,,open,3484de6b-fe95-4a85-8fab-b327faa1af1a,Ticket raised from the fleet condition report.,2024-12-27 08:29:00+00
0e972182-e345-4241-9d40-7715cff7c54b,73337ff6-78a7-4a3d-9a82-55be9c064a13,open,in_progress,d6aec698-ade7-42e5-8a36-3df03605cce0,Assigned and work started.,2024-12-28 08:18:00+00
dc9a4583-5658-4774-b547-1627f7788140,73337ff6-78a7-4a3d-9a82-55be9c064a13,in_progress,resolved,d6aec698-ade7-42e5-8a36-3df03605cce0,Work completed and verified.,2025-01-03 09:01:00+00
93dde252-3220-4979-baf0-71e5a7336636,7d00a935-351d-4c15-a499-7d8239ed2365,,open,2e9c306a-200a-4470-9319-01f6f9fbcee0,Ticket raised from the fleet condition report.,2026-04-14 08:45:00+00
57838e8a-9c25-42e9-9b3e-6bfd24988113,7d00a935-351d-4c15-a499-7d8239ed2365,open,in_progress,76f52321-d84d-4f11-979f-a6df1dccfcbd,Assigned and work started.,2026-04-15 09:50:00+00
92b31c63-2ab1-46ad-b8c0-b65f08d3e7b3,7d00a935-351d-4c15-a499-7d8239ed2365,in_progress,resolved,76f52321-d84d-4f11-979f-a6df1dccfcbd,Work completed and verified.,2026-05-09 13:35:00+00
e22ed38a-29b4-45c3-b4ba-a843896e5ca2,ce7863f8-fae9-4286-b80e-51958e3aaa55,,open,022e2531-3147-464c-8ab0-f1461e0f7f2c,Ticket raised from the fleet condition report.,2026-03-12 05:09:00+00
cdf7637b-58f1-4aca-b8be-5c0f35cd1df2,ce7863f8-fae9-4286-b80e-51958e3aaa55,open,in_progress,69740143-f533-4866-a394-3d1ba98f20a7,Assigned and work started.,2026-03-13 09:33:00+00
8dc4c6a1-ee63-45cd-acd6-3529b5b97bbe,ce7863f8-fae9-4286-b80e-51958e3aaa55,in_progress,resolved,69740143-f533-4866-a394-3d1ba98f20a7,Work completed and verified.,2026-03-20 06:19:00+00
8b55afc8-1d1d-49ed-8e86-11e730274049,ce7863f8-fae9-4286-b80e-51958e3aaa55,resolved,closed,69740143-f533-4866-a394-3d1ba98f20a7,Ticket closed.,2026-03-30 09:35:00+00
11322269-4b6b-406c-a023-18a1ed22c057,d9c1e4bd-6bf3-4251-9bd7-4e7ede35f959,,open,eeb2c80a-5992-4553-b0f3-bfb3252ee6f4,Ticket raised from the fleet condition report.,2025-10-22 14:59:00+00
bef6e5e9-9069-404d-a15c-c76305e82ed3,d9c1e4bd-6bf3-4251-9bd7-4e7ede35f959,open,in_progress,7172df17-f1b4-41d1-a5ee-2bf445703d25,Assigned and work started.,2025-10-23 15:55:00+00
64da3a93-07a3-439e-9735-c10cf9deff34,d9c1e4bd-6bf3-4251-9bd7-4e7ede35f959,in_progress,resolved,7172df17-f1b4-41d1-a5ee-2bf445703d25,Work completed and verified.,2025-10-24 05:27:00+00
cc33f73e-1afe-494e-aa55-09fc963e8a0a,d9c1e4bd-6bf3-4251-9bd7-4e7ede35f959,resolved,closed,7172df17-f1b4-41d1-a5ee-2bf445703d25,Ticket closed.,2025-10-25 13:12:00+00
cf19a07b-a036-4a62-b0d1-b37ed8f0b632,793cd902-d8c6-4f2b-a3f9-3e57bf83126b,,open,9019810d-4632-4478-ba34-52bcd94d1793,Ticket raised from the fleet condition report.,2025-10-17 05:07:00+00
97e8b11c-94ea-4eb6-b961-21af282ad805,793cd902-d8c6-4f2b-a3f9-3e57bf83126b,open,in_progress,c3bd164c-dac0-42f6-a8bd-f5f7ab7dd58c,Assigned and work started.,2025-10-18 05:23:00+00
72ac86b2-b423-4ce7-8c9b-300819c821b7,793cd902-d8c6-4f2b-a3f9-3e57bf83126b,in_progress,resolved,c3bd164c-dac0-42f6-a8bd-f5f7ab7dd58c,Work completed and verified.,2025-11-07 14:51:00+00
753073eb-ef65-45e2-a37d-9ca958397361,793cd902-d8c6-4f2b-a3f9-3e57bf83126b,resolved,closed,c3bd164c-dac0-42f6-a8bd-f5f7ab7dd58c,Ticket closed.,2025-11-12 09:53:00+00
8226133d-f8f6-48b9-b0ed-956ffeff8adc,180b4758-3fe2-40f7-93d5-ba9566e3cec4,,open,765075e1-0e2f-47b5-9221-3011f36cb6f8,Ticket raised from the fleet condition report.,2026-05-25 16:55:00+00
f01dbfbf-d608-4a58-aecd-3d00d0b2f9a6,180b4758-3fe2-40f7-93d5-ba9566e3cec4,open,in_progress,a817e3da-c239-49df-b5b4-e605451fa66c,Assigned and work started.,2026-05-26 15:45:00+00
36cf7794-578c-4420-a975-fa1c59f1a590,180b4758-3fe2-40f7-93d5-ba9566e3cec4,in_progress,resolved,a817e3da-c239-49df-b5b4-e605451fa66c,Work completed and verified.,2026-05-29 11:40:00+00
624dc557-4961-4e0e-84ce-7e8f39a8bb6a,575a4a18-b12e-4496-a84e-4b9eed19e7d0,,open,960e7df1-3079-4aab-812d-cf90bb2b019e,Ticket raised from the fleet condition report.,2024-11-13 14:58:00+00
13fd133d-814a-46e3-b3a7-1a54d8f227d5,575a4a18-b12e-4496-a84e-4b9eed19e7d0,open,in_progress,190182a8-16ad-4409-a912-e59276021f4c,Assigned and work started.,2024-11-14 15:22:00+00
a91157fd-1613-4901-b51d-6420556fd279,575a4a18-b12e-4496-a84e-4b9eed19e7d0,in_progress,resolved,190182a8-16ad-4409-a912-e59276021f4c,Work completed and verified.,2024-11-19 15:11:00+00
034a9762-d304-4972-9ab3-a2594dca2a83,1b14b8a9-7940-4006-a86b-326038ac824e,,open,2880fc15-f0ee-4986-8ce3-c88c53681281,Ticket raised from the fleet condition report.,2025-06-25 15:32:00+00
14322397-c072-40f6-ac6d-9988c4b598d0,1b14b8a9-7940-4006-a86b-326038ac824e,open,in_progress,97cc4d1b-3c67-439f-8fdf-b355eb120cfa,Assigned and work started.,2025-06-26 08:08:00+00
f62c5ae7-ad42-44d2-a05b-0f8d81feab3e,1b14b8a9-7940-4006-a86b-326038ac824e,in_progress,resolved,97cc4d1b-3c67-439f-8fdf-b355eb120cfa,Work completed and verified.,2025-07-06 06:23:00+00
f46d771d-8f37-4bb7-a4b0-3932786d0032,1b14b8a9-7940-4006-a86b-326038ac824e,resolved,closed,97cc4d1b-3c67-439f-8fdf-b355eb120cfa,Ticket closed.,2025-07-12 15:11:00+00
81d965de-8959-45ea-9927-625dae07444a,75b3847e-925e-4bf5-a98e-927b7081700a,,open,a1b85244-a022-490b-8170-5794c882d878,Ticket raised from the fleet condition report.,2025-02-13 12:58:00+00
368f1587-868f-4c9a-a055-acdf7deae7ef,75b3847e-925e-4bf5-a98e-927b7081700a,open,in_progress,c72f23f6-0751-4dfb-aa15-6737a84c61f4,Assigned and work started.,2025-02-14 17:34:00+00
82b0e395-a861-4da9-bb62-8e3b7c25d364,75b3847e-925e-4bf5-a98e-927b7081700a,in_progress,resolved,c72f23f6-0751-4dfb-aa15-6737a84c61f4,Work completed and verified.,2025-03-07 16:28:00+00
575b8621-b9ca-442b-a82c-d9fe6ff01802,75b3847e-925e-4bf5-a98e-927b7081700a,resolved,closed,c72f23f6-0751-4dfb-aa15-6737a84c61f4,Ticket closed.,2025-03-17 09:06:00+00
0d6c9adc-e8fb-4326-81a1-97e44604439f,a6eca4e4-a47e-45d7-85cf-ab56741c28bd,,open,1b455b96-a991-4bd5-a556-e37006677447,Ticket raised from the fleet condition report.,2025-11-17 07:37:00+00
6e662177-68ae-4a9c-828e-f7dfcfee5e7b,a6eca4e4-a47e-45d7-85cf-ab56741c28bd,open,in_progress,f101a341-b305-43d6-b170-7cbd8501fef2,Assigned and work started.,2025-11-18 12:03:00+00
8c6dcfad-0567-40c5-b4bf-9e7de2e7ef60,a6eca4e4-a47e-45d7-85cf-ab56741c28bd,in_progress,resolved,f101a341-b305-43d6-b170-7cbd8501fef2,Work completed and verified.,2025-11-19 06:51:00+00
142209ff-e8a8-4982-bedc-25b64ca69e3b,a6eca4e4-a47e-45d7-85cf-ab56741c28bd,resolved,closed,f101a341-b305-43d6-b170-7cbd8501fef2,Ticket closed.,2025-11-20 08:40:00+00
f584d3ed-daa3-4596-ac9e-0c92282b45f4,41ad448f-0e58-43e0-a11c-c5ae7845249f,,open,69fde47c-f9ea-402d-abc7-25eb19a70e8a,Ticket raised from the fleet condition report.,2025-10-22 05:11:00+00
e0148524-6597-4f5d-9c09-59c5b2c9860c,41ad448f-0e58-43e0-a11c-c5ae7845249f,open,in_progress,b958f053-fb9d-4b81-9996-c7ca66269f1c,Assigned and work started.,2025-10-23 05:18:00+00
407671ad-ce1e-48fa-bec0-9ecff0364cbe,41ad448f-0e58-43e0-a11c-c5ae7845249f,in_progress,resolved,b958f053-fb9d-4b81-9996-c7ca66269f1c,Work completed and verified.,2025-11-07 14:45:00+00
04b192b0-7f01-4a2c-b572-989664a9411d,41ad448f-0e58-43e0-a11c-c5ae7845249f,resolved,closed,b958f053-fb9d-4b81-9996-c7ca66269f1c,Ticket closed.,2025-11-17 08:33:00+00
852afb7d-0335-400a-a077-f7b498d6dab4,754ef7e6-2a3f-47ba-a052-6ecd737728b2,,open,36f9a4a5-291f-4548-b867-96c44f690282,Ticket raised from the fleet condition report.,2026-06-22 08:07:00+00
81dbc10f-7640-4cab-92df-a515226db21f,754ef7e6-2a3f-47ba-a052-6ecd737728b2,open,in_progress,6307ed65-c77c-40e7-9e0f-0b67135eb7b1,Assigned and work started.,2026-06-23 13:27:00+00
76e39463-e00f-4527-bf82-cafcac62e812,754ef7e6-2a3f-47ba-a052-6ecd737728b2,in_progress,resolved,6307ed65-c77c-40e7-9e0f-0b67135eb7b1,Work completed and verified.,2026-07-01 07:22:00+00
f09b7401-0725-46cf-a817-e79887172957,754ef7e6-2a3f-47ba-a052-6ecd737728b2,resolved,closed,6307ed65-c77c-40e7-9e0f-0b67135eb7b1,Ticket closed.,2026-07-03 08:14:00+00
bf84567e-89ef-4849-89b9-b4212e789e85,e8d771bd-705e-4d7e-b1eb-ee15decd6bc9,,open,ef6299ea-dce6-47c7-9ad0-1881136969f0,Ticket raised from the fleet condition report.,2025-01-10 16:18:00+00
75c03c98-9ecb-44e4-b832-974058ea13dd,e8d771bd-705e-4d7e-b1eb-ee15decd6bc9,open,in_progress,9b2ae800-e7f5-4450-a102-90626d114204,Assigned and work started.,2025-01-11 06:19:00+00
50fc95c3-ddde-4014-b0d8-505bcbb4989f,e8d771bd-705e-4d7e-b1eb-ee15decd6bc9,in_progress,resolved,9b2ae800-e7f5-4450-a102-90626d114204,Work completed and verified.,2025-02-01 05:43:00+00
b28d9b19-8c67-4926-b451-6525abd59b4c,0ac19f96-4130-44f8-9348-b110eb856ae2,,open,b6fe1c4e-8bcc-41cb-851c-08a32b18140c,Ticket raised from the fleet condition report.,2026-06-11 12:24:00+00
7b79eda2-9224-40fd-8768-6c43267666c9,0ac19f96-4130-44f8-9348-b110eb856ae2,open,in_progress,ff7c83e7-5c79-453d-ba13-4194d70d1e17,Assigned and work started.,2026-06-12 11:54:00+00
f603f1f2-0eae-4a19-a879-676d892b5cc3,0ac19f96-4130-44f8-9348-b110eb856ae2,in_progress,resolved,ff7c83e7-5c79-453d-ba13-4194d70d1e17,Work completed and verified.,2026-07-05 11:58:00+00
9b34359d-0daf-46c0-8d05-eb468c7d8dba,809c2ae8-a710-4747-a41e-2f0887391f76,,open,b36f60de-7468-494a-8e5f-a8f1ffc38839,Ticket raised from the fleet condition report.,2025-04-19 10:32:00+00
6223d477-47b1-4148-9ae4-d6b4cdc405ef,809c2ae8-a710-4747-a41e-2f0887391f76,open,in_progress,6307ed65-c77c-40e7-9e0f-0b67135eb7b1,Assigned and work started.,2025-04-20 11:56:00+00
06f48a7e-96bc-4d04-9f22-0b2e6bf7f8e5,809c2ae8-a710-4747-a41e-2f0887391f76,in_progress,resolved,6307ed65-c77c-40e7-9e0f-0b67135eb7b1,Work completed and verified.,2025-05-08 08:14:00+00
a7fa7684-153b-4606-8d8d-b1fe1fdb7c78,809c2ae8-a710-4747-a41e-2f0887391f76,resolved,closed,6307ed65-c77c-40e7-9e0f-0b67135eb7b1,Ticket closed.,2025-05-09 12:33:00+00
7aba6ebb-5650-4795-bbf0-f0e09b7174c2,05fc88e5-31a4-48c7-a470-bf8f267d5a91,,open,80bc9403-5b94-4faf-9612-5bdcefb91978,Ticket raised from the fleet condition report.,2025-03-30 08:08:00+00
b984a2e9-97b5-417d-922d-7fae2643374b,05fc88e5-31a4-48c7-a470-bf8f267d5a91,open,in_progress,acc29e92-bfe4-4843-8a5e-b9f6e945a18e,Assigned and work started.,2025-03-31 07:18:00+00
959a6fd0-d55a-498e-afc6-3dd150d4d668,05fc88e5-31a4-48c7-a470-bf8f267d5a91,in_progress,resolved,acc29e92-bfe4-4843-8a5e-b9f6e945a18e,Work completed and verified.,2025-04-05 16:13:00+00
2d75914d-4e8b-4654-8ad7-1e5569c3c2f9,05fc88e5-31a4-48c7-a470-bf8f267d5a91,resolved,closed,acc29e92-bfe4-4843-8a5e-b9f6e945a18e,Ticket closed.,2025-04-07 13:27:00+00
e92a9d5e-8e63-4e86-9470-12af1b75d52b,559afeb7-f065-462d-9773-a5ab9d22d608,,open,51ed7e64-6868-4e03-9b23-cb9d7039bb47,Ticket raised from the fleet condition report.,2024-08-30 14:26:00+00
38bae965-4476-4555-8499-c0b24e0a6b36,559afeb7-f065-462d-9773-a5ab9d22d608,open,in_progress,802b1d2e-50c9-4825-a3ef-2b31b40f3569,Assigned and work started.,2024-08-31 06:44:00+00
be77ab57-d9e0-445c-85fd-fad72eefbc57,559afeb7-f065-462d-9773-a5ab9d22d608,in_progress,resolved,802b1d2e-50c9-4825-a3ef-2b31b40f3569,Work completed and verified.,2024-09-11 06:18:00+00
809efb3e-c205-49a7-96b0-7921e8005d18,559afeb7-f065-462d-9773-a5ab9d22d608,resolved,closed,802b1d2e-50c9-4825-a3ef-2b31b40f3569,Ticket closed.,2024-09-17 06:24:00+00
306b49da-6485-4595-9b12-cf4d9ece3707,80c42dba-9a26-4fe3-9bcc-09a5feef1beb,,open,3a856fa0-a322-42af-b639-f50c6a06d501,Ticket raised from the fleet condition report.,2025-12-14 13:59:00+00
7d442e91-b233-4b37-bb6a-0073c5ecd00c,80c42dba-9a26-4fe3-9bcc-09a5feef1beb,open,in_progress,578b9882-da22-4a57-8191-8e7a8ca512f5,Assigned and work started.,2025-12-15 12:32:00+00
13dcf8b9-8da3-4e21-a67d-a45cef4f9f40,80c42dba-9a26-4fe3-9bcc-09a5feef1beb,in_progress,resolved,578b9882-da22-4a57-8191-8e7a8ca512f5,Work completed and verified.,2026-01-02 13:48:00+00
eee1e361-58c7-4411-8223-5291d8c3f795,80c42dba-9a26-4fe3-9bcc-09a5feef1beb,resolved,closed,578b9882-da22-4a57-8191-8e7a8ca512f5,Ticket closed.,2026-01-09 08:20:00+00
697e6265-a1ae-48af-b1db-81b4fd76a6a4,87973eba-90e3-460b-9ce3-dc5505bcc640,,open,c691dcc5-f3db-4375-96dc-1d55b8a8bee1,Ticket raised from the fleet condition report.,2025-06-19 13:14:00+00
af5b95cb-9ad3-434a-95d4-9756263d04b5,87973eba-90e3-460b-9ce3-dc5505bcc640,open,in_progress,016d73cf-e272-4f8f-a5e9-41a860fec088,Assigned and work started.,2025-06-20 06:21:00+00
25ccba7a-e56e-4704-b74e-f46e6848ad85,87973eba-90e3-460b-9ce3-dc5505bcc640,in_progress,resolved,016d73cf-e272-4f8f-a5e9-41a860fec088,Work completed and verified.,2025-06-22 16:33:00+00
0094c50d-6e60-44fb-8ec3-a8ab9ed64739,87973eba-90e3-460b-9ce3-dc5505bcc640,resolved,closed,016d73cf-e272-4f8f-a5e9-41a860fec088,Ticket closed.,2025-06-23 08:54:00+00
93de8b18-e167-4580-b4d7-88654452f035,b83ca4e2-f4f1-4573-8a3b-dbf6b11ded48,,open,7b8038d9-086d-487f-be9b-20668168d812,Ticket raised from the fleet condition report.,2025-09-24 16:36:00+00
69ca3cde-43cd-46c2-adbe-578eec5f3691,b83ca4e2-f4f1-4573-8a3b-dbf6b11ded48,open,in_progress,57ace99d-32e1-4aae-af41-0861213bfb33,Assigned and work started.,2025-09-25 13:47:00+00
c96d780d-b88a-43f1-92a2-d06d7d2d880d,b83ca4e2-f4f1-4573-8a3b-dbf6b11ded48,in_progress,resolved,57ace99d-32e1-4aae-af41-0861213bfb33,Work completed and verified.,2025-10-16 17:09:00+00
d93ee8ee-748d-4b0a-856c-1c690fe95c52,b83ca4e2-f4f1-4573-8a3b-dbf6b11ded48,resolved,closed,57ace99d-32e1-4aae-af41-0861213bfb33,Ticket closed.,2025-10-25 10:50:00+00
28a2afeb-cae8-4013-9501-c7bcdc233f6b,09debd2a-c75f-4f93-a4ea-4ea50ad8293e,,open,c752deae-2089-4698-95c9-22b8797ac2c9,Ticket raised from the fleet condition report.,2025-08-18 16:50:00+00
e87fce5d-f3ef-474a-a74d-ebf4af3b942e,09debd2a-c75f-4f93-a4ea-4ea50ad8293e,open,in_progress,c3bd164c-dac0-42f6-a8bd-f5f7ab7dd58c,Assigned and work started.,2025-08-19 12:09:00+00
f9bbe52c-1373-4075-b81f-c8dfcfa53655,09debd2a-c75f-4f93-a4ea-4ea50ad8293e,in_progress,resolved,c3bd164c-dac0-42f6-a8bd-f5f7ab7dd58c,Work completed and verified.,2025-08-26 15:23:00+00
2a5f017b-ac4e-4bf9-9e6c-901e45818e82,09debd2a-c75f-4f93-a4ea-4ea50ad8293e,resolved,closed,c3bd164c-dac0-42f6-a8bd-f5f7ab7dd58c,Ticket closed.,2025-09-04 11:12:00+00
e3c7c235-727b-451c-9960-7e31ccb6e049,681c0952-b383-40be-8745-221942dbac7c,,open,08909f81-89eb-49b8-ada7-36ab7c0f67f5,Ticket raised from the fleet condition report.,2025-04-20 10:04:00+00
0ba9d117-9f5a-47c7-aea8-6f6a6df67d5a,681c0952-b383-40be-8745-221942dbac7c,open,in_progress,4608f3d6-5f3d-4b49-8c19-e917a798062c,Assigned and work started.,2025-04-21 15:01:00+00
3caffe3f-8588-4959-b4b0-fece00d84a8c,681c0952-b383-40be-8745-221942dbac7c,in_progress,resolved,4608f3d6-5f3d-4b49-8c19-e917a798062c,Work completed and verified.,2025-04-26 12:08:00+00
2762ab01-bfbf-45e3-8834-7c63c57e5594,681c0952-b383-40be-8745-221942dbac7c,resolved,closed,4608f3d6-5f3d-4b49-8c19-e917a798062c,Ticket closed.,2025-05-04 06:05:00+00
3e987e75-ba40-45c5-8ee2-b641d1460378,87c03113-6d8d-404c-8285-166d3f6de6f7,,open,c2ebc293-a6da-4e4f-9dcf-b38eb12e684e,Ticket raised from the fleet condition report.,2025-03-15 08:32:00+00
05b4f7a8-2050-411a-b6df-b592213c8563,87c03113-6d8d-404c-8285-166d3f6de6f7,open,in_progress,0b830550-4175-4716-9d78-9b2d69d25855,Assigned and work started.,2025-03-16 14:10:00+00
a3e8b752-8f4b-40e5-9b41-b55541b16da3,87c03113-6d8d-404c-8285-166d3f6de6f7,in_progress,resolved,0b830550-4175-4716-9d78-9b2d69d25855,Work completed and verified.,2025-04-01 14:58:00+00
10854f28-3bf6-4de3-bcc9-14e70256fbd5,87c03113-6d8d-404c-8285-166d3f6de6f7,resolved,closed,0b830550-4175-4716-9d78-9b2d69d25855,Ticket closed.,2025-04-09 08:13:00+00
e6db1543-e684-4d72-9a3c-51c8cbbec312,89601440-664d-4bd0-a62b-4854a3f957ab,,open,91e3f538-69d6-4b30-b836-53971b1e57c1,Ticket raised from the fleet condition report.,2025-04-11 16:55:00+00
52a35590-5504-4479-b5ff-cf0ea9a8136c,9d9d8593-8c27-49aa-a58c-428f1d5da48f,,open,d818a87b-429b-4756-9495-55e1f1648939,Ticket raised from the fleet condition report.,2025-03-15 09:37:00+00
bf0aa81a-c2cb-4b57-b943-505943235ada,9d9d8593-8c27-49aa-a58c-428f1d5da48f,open,in_progress,e99de6d2-f02b-433d-81b3-796785680957,Assigned and work started.,2025-03-16 15:26:00+00
da62b846-199a-4be0-808d-64cda8c4d119,9d9d8593-8c27-49aa-a58c-428f1d5da48f,in_progress,resolved,e99de6d2-f02b-433d-81b3-796785680957,Work completed and verified.,2025-03-27 14:11:00+00
3a1347a1-3201-4ceb-8193-dbcc6415a6f5,b922006d-14e9-4908-9856-f79aaa1abe46,,open,18f814f2-8caf-454b-a5b5-36ab65b68c57,Ticket raised from the fleet condition report.,2024-10-11 17:12:00+00
acc90781-de73-4375-befb-d82bdbb6dea0,b922006d-14e9-4908-9856-f79aaa1abe46,open,in_progress,5ca11cec-92af-4cf0-ba2a-b7ccc1954f40,Assigned and work started.,2024-10-12 10:30:00+00
18a6838e-a43d-4d86-a4ec-ff3ac10071c5,b922006d-14e9-4908-9856-f79aaa1abe46,in_progress,resolved,5ca11cec-92af-4cf0-ba2a-b7ccc1954f40,Work completed and verified.,2024-10-26 09:40:00+00
284c8a7c-2489-4113-8177-69aa885ad0d0,b922006d-14e9-4908-9856-f79aaa1abe46,resolved,closed,5ca11cec-92af-4cf0-ba2a-b7ccc1954f40,Ticket closed.,2024-11-05 15:40:00+00
a74b70f0-35ae-44e8-85d8-360d5a615a1d,a82e5ec8-a67c-4cda-afb1-a5fee2402aa1,,open,6c1845aa-5405-4474-95e4-ec96188393bb,Ticket raised from the fleet condition report.,2025-07-24 06:57:00+00
f16f9dc4-bd6e-4e74-af8c-53b6965b427c,a82e5ec8-a67c-4cda-afb1-a5fee2402aa1,open,in_progress,cdd74f33-dff3-4b0f-8378-d2989570b4c6,Assigned and work started.,2025-07-25 17:46:00+00
489afdfa-d0ed-40dd-827e-663bd1f9a295,a82e5ec8-a67c-4cda-afb1-a5fee2402aa1,in_progress,resolved,cdd74f33-dff3-4b0f-8378-d2989570b4c6,Work completed and verified.,2025-07-27 14:14:00+00
1fa14d84-1404-4fb4-9a1f-67df28ac4ec8,a82e5ec8-a67c-4cda-afb1-a5fee2402aa1,resolved,closed,cdd74f33-dff3-4b0f-8378-d2989570b4c6,Ticket closed.,2025-08-05 17:48:00+00
74d8aacd-95b9-4bd9-bcd8-65e717271e0d,82e7e2ab-9217-46b0-afba-cca112c73389,,open,ee7fdb45-1bf6-4c17-8c06-31f278a64b01,Ticket raised from the fleet condition report.,2026-03-29 10:16:00+00
704d7b82-e3e2-4b57-baa5-b665e032d992,82e7e2ab-9217-46b0-afba-cca112c73389,open,in_progress,f02fa13f-bb55-414d-bf8b-7341877ef160,Assigned and work started.,2026-03-30 10:26:00+00
dee78a82-8a2a-47e4-9b20-eb11289e2b89,82e7e2ab-9217-46b0-afba-cca112c73389,in_progress,resolved,f02fa13f-bb55-414d-bf8b-7341877ef160,Work completed and verified.,2026-03-30 15:21:00+00
a90efeec-b796-4697-8ea0-188bff335088,bdbfad08-3ef7-42b3-86e2-c24813b90d8a,,open,c43b4443-f438-4b6f-93b9-7565a30bd3a2,Ticket raised from the fleet condition report.,2025-07-11 14:34:00+00
e54da73a-d87c-49b4-ad87-bae5d064ee35,bdbfad08-3ef7-42b3-86e2-c24813b90d8a,open,in_progress,f02fa13f-bb55-414d-bf8b-7341877ef160,Assigned and work started.,2025-07-12 09:31:00+00
b7873ca6-36c1-4948-a4ab-692e6842c4b4,bdbfad08-3ef7-42b3-86e2-c24813b90d8a,in_progress,resolved,f02fa13f-bb55-414d-bf8b-7341877ef160,Work completed and verified.,2025-07-22 16:27:00+00
44fa8da3-7369-4cfd-ad78-023954ad8034,38e682b9-31fc-4bca-b47b-104b153371d0,,open,ce97eae8-36da-4b55-9866-1818be74fe8c,Ticket raised from the fleet condition report.,2025-08-22 14:16:00+00
9742521a-8d2b-49a6-ab75-7366b366954b,38e682b9-31fc-4bca-b47b-104b153371d0,open,in_progress,ed4c1923-4a35-41e6-af73-87d272e16bb9,Assigned and work started.,2025-08-23 15:53:00+00
3b31ea16-896e-4618-aef0-46f214249657,38e682b9-31fc-4bca-b47b-104b153371d0,in_progress,resolved,ed4c1923-4a35-41e6-af73-87d272e16bb9,Work completed and verified.,2025-08-26 06:11:00+00
f3d8c7c2-6029-4225-8996-d55abb6d8d51,871dd255-4c7f-4f46-b480-38861ce4b9d6,,open,aa74ca35-434e-47be-8bd6-af6914b9a935,Ticket raised from the fleet condition report.,2026-07-13 14:28:00+00
1b7bef76-1534-48a9-bd17-19a188c90810,871dd255-4c7f-4f46-b480-38861ce4b9d6,open,in_progress,0b830550-4175-4716-9d78-9b2d69d25855,Assigned and work started.,2026-07-14 14:47:00+00
46188a8f-fb75-4429-91c9-07efa4389f2a,5ac2d58b-5cc7-4ece-83ca-fae1da1e7a6d,,open,6a8d56ce-2168-4b33-819a-93aeaa9b99dc,Ticket raised from the fleet condition report.,2025-02-27 11:02:00+00
8667dc42-a2e0-484b-92c3-1bb7c6480b3a,5ac2d58b-5cc7-4ece-83ca-fae1da1e7a6d,open,in_progress,258cec76-5677-463e-88d0-84f8488b8d19,Assigned and work started.,2025-02-28 15:15:00+00
836744d6-06ea-4289-818e-949c44d9b64e,5ac2d58b-5cc7-4ece-83ca-fae1da1e7a6d,in_progress,resolved,258cec76-5677-463e-88d0-84f8488b8d19,Work completed and verified.,2025-03-02 10:05:00+00
3e54878f-593d-44b5-b071-74ff8c2478b9,5ac2d58b-5cc7-4ece-83ca-fae1da1e7a6d,resolved,closed,258cec76-5677-463e-88d0-84f8488b8d19,Ticket closed.,2025-03-12 09:54:00+00
b72b0652-217c-4898-89dc-369289263d91,9a97975d-766c-4bfc-b31c-fd6ed77ca561,,open,890b088b-ef43-4e69-ad02-026b369a28b5,Ticket raised from the fleet condition report.,2025-01-12 10:11:00+00
cb272636-e92d-45e7-81d3-79783b111f51,9a97975d-766c-4bfc-b31c-fd6ed77ca561,open,in_progress,597c6eba-286e-440e-922e-420efd907fcc,Assigned and work started.,2025-01-13 09:14:00+00
a3be7880-d3e3-4ec9-b45c-16265e009d40,9a97975d-766c-4bfc-b31c-fd6ed77ca561,in_progress,resolved,597c6eba-286e-440e-922e-420efd907fcc,Work completed and verified.,2025-01-25 11:16:00+00
9d332a6b-24e6-45c3-96e2-8115afecbfcf,9a97975d-766c-4bfc-b31c-fd6ed77ca561,resolved,closed,597c6eba-286e-440e-922e-420efd907fcc,Ticket closed.,2025-01-28 16:32:00+00
4dc1478f-c095-4fc1-9f48-2b3f99f9b619,d31ef7ed-fb6f-47e2-9705-a16d3c25b725,,open,05bf91cd-84da-4338-96f4-3c4f216facbc,Ticket raised from the fleet condition report.,2025-05-16 16:24:00+00
1b0205ab-f55a-4536-89e4-2062486d1b4f,d31ef7ed-fb6f-47e2-9705-a16d3c25b725,open,in_progress,5184a5dd-4934-4cec-874b-92628013fb71,Assigned and work started.,2025-05-17 12:54:00+00
13b0f7b3-cb34-455c-b906-6b18bc6f0bd0,d31ef7ed-fb6f-47e2-9705-a16d3c25b725,in_progress,resolved,5184a5dd-4934-4cec-874b-92628013fb71,Work completed and verified.,2025-05-23 06:22:00+00
efb41d29-9b10-4018-b2e9-a5e8a6dac80a,ee9e9f44-04a2-4512-9865-9c539515ab93,,open,aa9fdc26-c27d-4899-a00c-295b6ab99173,Ticket raised from the fleet condition report.,2025-03-20 06:30:00+00
500956cf-2102-4aa7-9906-158479251e52,ee9e9f44-04a2-4512-9865-9c539515ab93,open,in_progress,198393db-38d9-4a32-b015-0658a170bec1,Assigned and work started.,2025-03-21 08:54:00+00
3bb551c4-8940-4e99-a50e-99d3e6158562,ee9e9f44-04a2-4512-9865-9c539515ab93,in_progress,resolved,198393db-38d9-4a32-b015-0658a170bec1,Work completed and verified.,2025-03-26 15:28:00+00
eee8e870-35cb-430d-9640-48d504f8002f,ee9e9f44-04a2-4512-9865-9c539515ab93,resolved,closed,198393db-38d9-4a32-b015-0658a170bec1,Ticket closed.,2025-04-01 07:41:00+00
5ae443e8-92ad-476b-9bfa-63c052103863,5074021f-697c-46f5-96af-b1b2be9b45bc,,open,6bbcaed0-8dbb-4010-9f0e-ed858e55af44,Ticket raised from the fleet condition report.,2025-04-18 15:01:00+00
aebfbd1c-7163-40ff-88fd-74c92bfdaaf5,5074021f-697c-46f5-96af-b1b2be9b45bc,open,in_progress,2fb7dab3-e151-490f-9c20-9b329d4fba20,Assigned and work started.,2025-04-19 06:04:00+00
96c9feb0-4f0f-440f-91e7-f81d69468a12,5074021f-697c-46f5-96af-b1b2be9b45bc,in_progress,resolved,2fb7dab3-e151-490f-9c20-9b329d4fba20,Work completed and verified.,2025-04-29 10:55:00+00
b3d35e55-34ba-4119-a636-ccee693d422d,d37079fe-e726-4c74-8b02-bac52105dab3,,open,4f3a3dc2-e549-4297-9901-d7612b6c6e8b,Ticket raised from the fleet condition report.,2026-02-12 09:43:00+00
8cbb53e5-d797-4419-b15c-eb35b38e9dc2,d37079fe-e726-4c74-8b02-bac52105dab3,open,in_progress,5284761e-4d1d-4e36-97eb-848604be7358,Assigned and work started.,2026-02-13 07:52:00+00
af65f19d-15ea-439d-ae20-b68ab95460eb,d37079fe-e726-4c74-8b02-bac52105dab3,in_progress,resolved,5284761e-4d1d-4e36-97eb-848604be7358,Work completed and verified.,2026-03-09 12:46:00+00
95778373-0c52-4bc6-a695-d2bb218fead8,a8034157-99fa-465d-a1fe-a4dee8c70e9b,,open,23897ad1-5d76-41b7-a0a8-5434aba10d7c,Ticket raised from the fleet condition report.,2025-02-25 10:02:00+00
29cf24c3-636d-4177-8578-b0ba167d99f7,a8034157-99fa-465d-a1fe-a4dee8c70e9b,open,in_progress,6d8966a8-2474-4d35-9fd9-7bb3b648f6fd,Assigned and work started.,2025-02-26 12:19:00+00
7ee0ec0d-c50d-4681-afd1-5fe526d5e068,a8034157-99fa-465d-a1fe-a4dee8c70e9b,in_progress,resolved,6d8966a8-2474-4d35-9fd9-7bb3b648f6fd,Work completed and verified.,2025-02-26 15:04:00+00
6d9ff7cc-2e49-4ea4-876c-c6ad9b17d65b,a8034157-99fa-465d-a1fe-a4dee8c70e9b,resolved,closed,6d8966a8-2474-4d35-9fd9-7bb3b648f6fd,Ticket closed.,2025-03-02 07:48:00+00
cc450694-3328-457c-8479-a4f853c06ce5,be85e150-2fad-4359-bb2e-c16835cd889a,,open,9eb09106-f54e-4d7c-a8ab-2e35db7f6fee,Ticket raised from the fleet condition report.,2025-12-12 09:30:00+00
a8b5733b-6c51-4186-871b-1a8e4a6c3729,be85e150-2fad-4359-bb2e-c16835cd889a,open,in_progress,9b2ae800-e7f5-4450-a102-90626d114204,Assigned and work started.,2025-12-13 06:53:00+00
8265d290-5e8d-455f-bd3d-76f523a850a1,be85e150-2fad-4359-bb2e-c16835cd889a,in_progress,resolved,9b2ae800-e7f5-4450-a102-90626d114204,Work completed and verified.,2025-12-30 10:52:00+00
5b857b95-390e-4528-bf2d-0e12b26922b8,be85e150-2fad-4359-bb2e-c16835cd889a,resolved,closed,9b2ae800-e7f5-4450-a102-90626d114204,Ticket closed.,2026-01-08 13:28:00+00
611e95d4-3e2b-4d49-888f-c86e0b493979,9d70bb4c-ab9c-4b79-8ed6-986848e11b8b,,open,e4cbf8b0-359c-4f08-904c-1a8a1fa0c608,Ticket raised from the fleet condition report.,2025-06-13 11:47:00+00
05cb2210-477d-48f3-b825-3067125dea48,9d70bb4c-ab9c-4b79-8ed6-986848e11b8b,open,in_progress,149c1f7c-7257-4a93-8b26-45cae3ef4432,Assigned and work started.,2025-06-14 05:00:00+00
f38cc487-b5c4-48fa-a04f-0053aec96edd,9d70bb4c-ab9c-4b79-8ed6-986848e11b8b,in_progress,resolved,149c1f7c-7257-4a93-8b26-45cae3ef4432,Work completed and verified.,2025-07-01 05:34:00+00
26e60b0f-5987-414b-9ac4-0601b6217279,9d70bb4c-ab9c-4b79-8ed6-986848e11b8b,resolved,closed,149c1f7c-7257-4a93-8b26-45cae3ef4432,Ticket closed.,2025-07-07 10:07:00+00
941b02c4-23ae-46b0-9d15-b28ad326f3b5,a135fafd-b680-49ef-938f-c1578c3a786e,,open,7e4c901d-77fc-4c10-a16e-4444d40fb582,Ticket raised from the fleet condition report.,2025-02-27 06:45:00+00
2e9df37e-b9a3-430a-b5a1-bbc5f1e49101,a135fafd-b680-49ef-938f-c1578c3a786e,open,in_progress,989c4623-2ef3-4227-8eb3-779db0586ef1,Assigned and work started.,2025-02-28 15:49:00+00
830adbb5-13be-40bc-abfa-ab1bbccde2c1,a135fafd-b680-49ef-938f-c1578c3a786e,in_progress,resolved,989c4623-2ef3-4227-8eb3-779db0586ef1,Work completed and verified.,2025-03-20 13:19:00+00
fda16a20-6c22-4cb0-8c5f-c1318c9a41bb,760db9e8-cc60-46c9-98a4-5a636e6607fb,,open,64eea3cd-759d-411b-b233-253c5b99f030,Ticket raised from the fleet condition report.,2026-06-26 08:46:00+00
01dae7aa-a1fe-4a41-9fc6-bc1799ef9a55,760db9e8-cc60-46c9-98a4-5a636e6607fb,open,in_progress,c72f23f6-0751-4dfb-aa15-6737a84c61f4,Assigned and work started.,2026-06-27 12:38:00+00
6ea4d5d3-3eb5-4ff0-8762-226761f9480b,760db9e8-cc60-46c9-98a4-5a636e6607fb,in_progress,resolved,c72f23f6-0751-4dfb-aa15-6737a84c61f4,Work completed and verified.,2026-07-02 14:34:00+00
82629b0f-2396-478c-8555-8c65573d0c32,760db9e8-cc60-46c9-98a4-5a636e6607fb,resolved,closed,c72f23f6-0751-4dfb-aa15-6737a84c61f4,Ticket closed.,2026-07-11 07:16:00+00
f2aa028b-79ce-43f1-8c92-7a3d95cf5b93,e52aee6d-6382-44d1-b159-54905bb6aca2,,open,65d43a9f-e305-49af-994b-5a76143bbac5,Ticket raised from the fleet condition report.,2026-08-05 09:49:00+00
71d3c848-fd05-4102-a470-6e6ee5a6fbfd,e52aee6d-6382-44d1-b159-54905bb6aca2,open,in_progress,022e5872-55c1-40d7-b067-cc60fae673de,Assigned and work started.,2026-08-06 17:22:00+00
d8dc96bc-03c1-4289-a8be-636f26dcd6c3,40988439-30f3-483e-92bd-b02608519101,,open,f95e5189-9acb-40e5-8f4e-860989edcd2c,Ticket raised from the fleet condition report.,2024-10-27 08:15:00+00
377c985f-b08f-4ea0-8898-8ecb556a87c9,40988439-30f3-483e-92bd-b02608519101,open,in_progress,e3d88daf-a639-4654-8343-b7925af44312,Assigned and work started.,2024-10-28 16:33:00+00
db0b9bf6-995b-40ea-a172-8860dd2d2c08,40988439-30f3-483e-92bd-b02608519101,in_progress,resolved,e3d88daf-a639-4654-8343-b7925af44312,Work completed and verified.,2024-11-06 17:14:00+00
8be22918-b1ff-49b7-85ee-b970fbfc17c3,40988439-30f3-483e-92bd-b02608519101,resolved,closed,e3d88daf-a639-4654-8343-b7925af44312,Ticket closed.,2024-11-10 11:26:00+00
be5825ab-ebb2-440c-855e-ea20969f1047,e2919b88-578d-49c5-b92a-12c182008b68,,open,9f06cc9a-b7c3-4251-821a-1cd09e60ef22,Ticket raised from the fleet condition report.,2025-03-27 10:15:00+00
81a8bd63-c8ff-4a89-a6fe-0f8a846e61e6,e2919b88-578d-49c5-b92a-12c182008b68,open,in_progress,5e18dd32-52bf-446f-b5b4-306dd776e223,Assigned and work started.,2025-03-28 17:20:00+00
1fab6df6-0109-4e4b-94fb-c5d0493682dd,e2919b88-578d-49c5-b92a-12c182008b68,in_progress,resolved,5e18dd32-52bf-446f-b5b4-306dd776e223,Work completed and verified.,2025-04-03 06:24:00+00
1bf5910a-00f5-4575-b504-c21881019f26,e2919b88-578d-49c5-b92a-12c182008b68,resolved,closed,5e18dd32-52bf-446f-b5b4-306dd776e223,Ticket closed.,2025-04-09 17:04:00+00
bae4ee9e-be6f-445d-b828-60f028cf2fcf,d6392e6a-c409-40c1-a6f2-ea65810a12ae,,open,4ba7d1f3-0eb6-413f-bac9-4a25081e347e,Ticket raised from the fleet condition report.,2026-04-17 07:51:00+00
de16a8e2-99e2-42c4-9367-7a6665285796,d6392e6a-c409-40c1-a6f2-ea65810a12ae,open,in_progress,799f9455-62db-4da1-8b99-9f32da209d65,Assigned and work started.,2026-04-18 13:03:00+00
433f139e-5ea9-4e40-b761-c36c7d3b4f9f,d6392e6a-c409-40c1-a6f2-ea65810a12ae,in_progress,resolved,799f9455-62db-4da1-8b99-9f32da209d65,Work completed and verified.,2026-04-29 06:21:00+00
28dd9f67-c27e-4071-bb30-142c92ccb37e,b7bc6ec2-0b78-4b04-8aed-1198da2d57fb,,open,81465f78-fd22-40f9-bb43-c73ede62087e,Ticket raised from the fleet condition report.,2026-04-21 05:15:00+00
50925095-97c6-4d96-a352-0ab67b652924,b7bc6ec2-0b78-4b04-8aed-1198da2d57fb,open,in_progress,832b089f-ff95-441d-a9ca-716951d24f37,Assigned and work started.,2026-04-22 06:24:00+00
f43387ac-81c5-41ec-a282-8f5ca4beede9,b7bc6ec2-0b78-4b04-8aed-1198da2d57fb,in_progress,resolved,832b089f-ff95-441d-a9ca-716951d24f37,Work completed and verified.,2026-05-08 14:05:00+00
751d8cd6-9bcc-4c15-b476-dee15677a9e9,99c0affe-ab85-4b06-9528-8806b3bb03bc,,open,7191fc57-7a6f-4655-87cf-3b13834e027a,Ticket raised from the fleet condition report.,2026-04-11 07:28:00+00
9f5ff7e8-c9f4-44aa-9067-90535901b189,99c0affe-ab85-4b06-9528-8806b3bb03bc,open,in_progress,016d73cf-e272-4f8f-a5e9-41a860fec088,Assigned and work started.,2026-04-12 13:28:00+00
fe365daf-3795-4ff3-acac-37a806232ff2,99c0affe-ab85-4b06-9528-8806b3bb03bc,in_progress,resolved,016d73cf-e272-4f8f-a5e9-41a860fec088,Work completed and verified.,2026-04-17 08:08:00+00
47215f1b-6e63-471d-abba-b24a2d899cba,99c0affe-ab85-4b06-9528-8806b3bb03bc,resolved,closed,016d73cf-e272-4f8f-a5e9-41a860fec088,Ticket closed.,2026-04-19 09:33:00+00
cce9888a-3a83-4e26-b717-ef949e5bdeae,6bc6420e-b9f9-4688-b431-84238a6a3138,,open,01551974-ffd1-4791-ae00-0b8e5efab738,Ticket raised from the fleet condition report.,2025-03-30 09:27:00+00
82ab9e78-38a1-43e2-902b-b568a7c7c750,6bc6420e-b9f9-4688-b431-84238a6a3138,open,in_progress,e99de6d2-f02b-433d-81b3-796785680957,Assigned and work started.,2025-03-31 12:11:00+00
a0ebc3b3-50eb-4cb0-850e-c485cb981bc7,6bc6420e-b9f9-4688-b431-84238a6a3138,in_progress,resolved,e99de6d2-f02b-433d-81b3-796785680957,Work completed and verified.,2025-04-18 11:18:00+00
dfaf24cd-aa9d-46e8-a613-8a39abbad424,6bc6420e-b9f9-4688-b431-84238a6a3138,resolved,closed,e99de6d2-f02b-433d-81b3-796785680957,Ticket closed.,2025-04-19 05:27:00+00
9c203a0b-4230-489b-97ba-1831cdccc140,b4c6f4ad-ad55-4314-98b2-80dbdcb416bb,,open,44f02d91-6ed8-49ff-bb7d-98412c2f27bc,Ticket raised from the fleet condition report.,2026-04-25 15:36:00+00
d16a6c2b-2d97-41e9-b55c-d743aa1c7b55,b4c6f4ad-ad55-4314-98b2-80dbdcb416bb,open,in_progress,0816a11f-c50f-456a-8311-8bf2e4aeff0e,Assigned and work started.,2026-04-26 11:49:00+00
bd648df7-3017-4568-858f-98b32b07f651,bb552aed-075b-45e2-a136-6010cfc3c889,,open,2708d4f5-3ad6-4440-8965-792bc8ba02ec,Ticket raised from the fleet condition report.,2025-06-14 13:13:00+00
57c4a5e2-56c3-4e5c-8b0a-d3e0f2cee884,bb552aed-075b-45e2-a136-6010cfc3c889,open,in_progress,69740143-f533-4866-a394-3d1ba98f20a7,Assigned and work started.,2025-06-15 11:49:00+00
e51dad4f-4d76-4d5a-87e6-e45e8b88841a,bb552aed-075b-45e2-a136-6010cfc3c889,in_progress,resolved,69740143-f533-4866-a394-3d1ba98f20a7,Work completed and verified.,2025-06-20 08:47:00+00
59f264bb-174b-4e6a-baf3-2911e50e3954,bb552aed-075b-45e2-a136-6010cfc3c889,resolved,closed,69740143-f533-4866-a394-3d1ba98f20a7,Ticket closed.,2025-06-24 13:12:00+00
24ba0486-e6f1-4522-9fbe-c5189e689fe5,7888f84d-322e-4027-b331-6d6240e34b6c,,open,e9f418de-bd0f-4830-b4c0-9a74896ec78e,Ticket raised from the fleet condition report.,2025-02-27 09:55:00+00
195cf7eb-d836-414e-bcea-119fd6ecd26a,7888f84d-322e-4027-b331-6d6240e34b6c,open,in_progress,9b2ae800-e7f5-4450-a102-90626d114204,Assigned and work started.,2025-02-28 08:17:00+00
df26e214-6ccc-436e-b420-ed30914b8e8f,7888f84d-322e-4027-b331-6d6240e34b6c,in_progress,resolved,9b2ae800-e7f5-4450-a102-90626d114204,Work completed and verified.,2025-03-18 17:17:00+00
64b12f3e-73d1-4890-aff8-9f8afdc7b393,7f847cbe-e2e2-4a15-8a9c-0b2a7342a06f,,open,db9ceda9-fe88-48a4-a8bc-b6d5b8e1c93d,Ticket raised from the fleet condition report.,2024-08-23 14:17:00+00
80508b01-b082-4afb-8391-1d90493d74f3,7f847cbe-e2e2-4a15-8a9c-0b2a7342a06f,open,in_progress,0bcca5d2-620c-4e90-ae82-fb6ffc7af33d,Assigned and work started.,2024-08-24 06:31:00+00
24020a02-27ef-41fb-9e1b-6e40ab17acd5,7f847cbe-e2e2-4a15-8a9c-0b2a7342a06f,in_progress,resolved,0bcca5d2-620c-4e90-ae82-fb6ffc7af33d,Work completed and verified.,2024-09-06 06:19:00+00
f2d4ca14-5f2d-4c05-a341-122820395cec,7f847cbe-e2e2-4a15-8a9c-0b2a7342a06f,resolved,closed,0bcca5d2-620c-4e90-ae82-fb6ffc7af33d,Ticket closed.,2024-09-15 14:48:00+00
13895d85-e1d8-4120-8b85-bfadeb512564,1a3683aa-bc07-48c7-abf5-59d796829799,,open,53729164-22f4-4aa2-a9ce-1b992ed4e050,Ticket raised from the fleet condition report.,2025-09-22 06:02:00+00
a7b81fbb-de04-4c6f-844a-26066f66e98b,1a3683aa-bc07-48c7-abf5-59d796829799,open,in_progress,9a38f54e-0c39-48c6-9c31-f8bc268a9f2a,Assigned and work started.,2025-09-23 12:20:00+00
35063153-86ce-47be-a851-43f796075804,1a3683aa-bc07-48c7-abf5-59d796829799,in_progress,resolved,9a38f54e-0c39-48c6-9c31-f8bc268a9f2a,Work completed and verified.,2025-10-01 07:48:00+00
95d5673c-a62e-44da-922d-c08582aaa9dc,1a3683aa-bc07-48c7-abf5-59d796829799,resolved,closed,9a38f54e-0c39-48c6-9c31-f8bc268a9f2a,Ticket closed.,2025-10-09 14:23:00+00
929c8831-d9db-4519-8eb8-861dca2b743b,3ac9aeff-a572-4d19-be20-583a63126bdc,,open,b6487f87-3c10-4157-8f83-4000a6e04b1f,Ticket raised from the fleet condition report.,2025-09-26 17:44:00+00
fed5fb39-d2d4-4cd4-80a1-f849c52ce606,3ac9aeff-a572-4d19-be20-583a63126bdc,open,in_progress,389d9ee3-9a0e-4d55-9770-b461e7a536f0,Assigned and work started.,2025-09-27 05:56:00+00
9422fbee-dc90-4ace-be7c-b731b49ca28b,3ac9aeff-a572-4d19-be20-583a63126bdc,in_progress,resolved,389d9ee3-9a0e-4d55-9770-b461e7a536f0,Work completed and verified.,2025-10-15 13:54:00+00
0a7ba250-bc77-48d7-8fbe-0475f021b0e1,20d1e8c0-0e18-4d01-9d42-7d3854b56d90,,open,54e48c09-372a-42e8-9086-e98f7ce791b9,Ticket raised from the fleet condition report.,2025-01-19 16:41:00+00
d2e58b3a-6df7-4d5e-83a4-c8cb6650d171,20d1e8c0-0e18-4d01-9d42-7d3854b56d90,open,in_progress,5284761e-4d1d-4e36-97eb-848604be7358,Assigned and work started.,2025-01-20 14:10:00+00
7773d9a2-2444-49d5-8105-42161a27b81e,20d1e8c0-0e18-4d01-9d42-7d3854b56d90,in_progress,resolved,5284761e-4d1d-4e36-97eb-848604be7358,Work completed and verified.,2025-01-28 17:51:00+00
dbc944cc-5286-451d-a31e-0ad0b7abdb10,20d1e8c0-0e18-4d01-9d42-7d3854b56d90,resolved,closed,5284761e-4d1d-4e36-97eb-848604be7358,Ticket closed.,2025-02-04 05:40:00+00
8630c9cc-08df-4442-a0f3-cdaeb2309fd2,1743a305-a88e-4955-a994-29adbce52932,,open,d10cf005-0a3f-4251-bb32-0973601a7259,Ticket raised from the fleet condition report.,2026-01-20 11:58:00+00
714e15e6-be25-4fa2-a344-7cd85d30f9bd,1743a305-a88e-4955-a994-29adbce52932,open,in_progress,784a05b0-a5da-4849-9577-b03fd2c58149,Assigned and work started.,2026-01-21 06:57:00+00
ab4ccdde-0bf8-4741-a83a-dbc31a4ff12a,1743a305-a88e-4955-a994-29adbce52932,in_progress,resolved,784a05b0-a5da-4849-9577-b03fd2c58149,Work completed and verified.,2026-01-23 07:50:00+00
