id,ticket_number,asset_id,warehouse_id,title,description,status,priority,predicted_priority,final_priority,predicted_category,final_category,ticket_summary,asset_summary,created_by,assigned_to,reviewed_by,opened_at,reviewed_at,resolved_at,closed_at,metadata,created_at,updated_at
744261ea-85af-47ac-a159-4fcdc179c0b1,TCK-000001,2087abd2-eb2c-4f17-9ec2-04ba9e0722fc,c537c281-b6ad-4842-94ec-e937be0083e5,Hydraulic lift slow to respond,"Forklift mast raises slowly under load and drifts down when held. Requesting hydraulic fluid, seal and pump inspection.

Vehicle: Mahindra Bolero Pickup (WP LA-9001), bay E-049.",closed,medium,medium,medium,mechanical,mechanical,Hydraulic issue reported on Mahindra Bolero Pickup (WP LA-9001); mechanical team engaged.,,dce5acc1-2b48-49b6-9996-408cc390fcf5,1eec88aa-d888-4b75-ab3e-84365df4210c,1eec88aa-d888-4b75-ab3e-84365df4210c,2025-01-12 13:21:00+00,2025-01-21 05:50:00+00,2025-01-21 05:50:00+00,2025-01-31 12:10:00+00,"{""component"": ""hydraulic"", ""asset_code"": ""LLX-COL-0289"", ""trigger_snapshot"": ""2025-01-10""}",2025-01-12 13:21:00+00,2026-08-10 19:03:05.467947+00
78199dec-3129-42ee-90e6-f8f9ce9409d9,TCK-000002,3a27ed31-dcb8-4a57-9546-8f4c15c92ad7,23a10ad6-f2ff-4aab-9878-de0f37f6bbe0,Repeated hard starting in early shift,"Vehicle requires multiple crank attempts at shift start. Battery state of health is degraded on monitoring. Requesting battery and charging system diagnosis.

Vehicle: Isuzu ELF NKR (UP LC-1648), bay C-012.",closed,low,low,low,electrical,electrical,Battery issue reported on Isuzu ELF NKR (UP LC-1648); electrical team engaged.,,0218e2f7-4d2d-4229-b899-199f6afe4c10,43adafee-47fa-4fdd-a233-526bc7ecffb2,43adafee-47fa-4fdd-a233-526bc7ecffb2,2025-05-25 15:20:00+00,2025-05-26 11:13:00+00,2025-05-26 11:13:00+00,2025-05-31 13:57:00+00,"{""component"": ""battery"", ""asset_code"": ""LLX-BDL-0132"", ""trigger_snapshot"": ""2025-05-10""}",2025-05-25 15:20:00+00,2026-08-10 19:03:05.467947+00
03d21a9e-b771-4191-a905-3eb73189ba3e,TCK-000003,397f509d-bab0-4be3-80ea-0d71f10314f5,23a10ad6-f2ff-4aab-9878-de0f37f6bbe0,Brake performance degraded - inspection required,"Driver reports longer stopping distance and reduced pedal firmness. Brake wear indicator is low on condition monitoring. Mechanical team to inspect pads, discs and brake fluid.

Vehicle: Mitsubishi Fuso Fighter (UP LF-2471), bay D-012.",closed,low,low,low,mechanical,mechanical,Brake issue reported on Mitsubishi Fuso Fighter (UP LF-2471); mechanical team engaged.,,ef6299ea-dce6-47c7-9ad0-1881136969f0,7b2e85f9-7895-4aca-bf50-e37e9a354eb0,7b2e85f9-7895-4aca-bf50-e37e9a354eb0,2025-10-30 07:26:00+00,2025-11-21 14:27:00+00,2025-11-21 14:27:00+00,2025-11-22 12:11:00+00,"{""component"": ""brake"", ""asset_code"": ""LLX-BDL-0192"", ""trigger_snapshot"": ""2025-10-10""}",2025-10-30 07:26:00+00,2026-08-10 19:03:05.467947+00
0810d12d-415c-496c-9fee-f381d1968a11,TCK-000004,82173c84-078c-4e62-873a-d1cfc9d2328f,8f2b1c74-59d3-4a6e-9b21-7c4e0a5d3f88,Hydraulic fluid weeping at cylinder,"Visible weeping at the lift cylinder and reduced hydraulic performance on monitoring. Requesting seal replacement.

Vehicle: Toyota 8FD25 (GLE-FL-024), bay A-024.",closed,high,medium,high,mechanical,mechanical,Hydraulic issue reported on Toyota 8FD25 (GLE-FL-024); mechanical team engaged.,,42afaa0f-d084-4462-ace5-550182b66af8,51de8298-573f-473b-b907-584ec33f7841,51de8298-573f-473b-b907-584ec33f7841,2025-11-24 08:52:00+00,2025-11-27 15:19:00+00,2025-11-27 15:19:00+00,2025-12-01 13:48:00+00,"{""component"": ""hydraulic"", ""asset_code"": ""LLX-GLE-0024"", ""trigger_snapshot"": ""2025-11-10""}",2025-11-24 08:52:00+00,2026-08-10 19:03:05.467947+00
da1cd9c8-291d-4aba-bc69-54387f0808ca,TCK-000005,28e79822-f80d-408a-84dc-9ae48c47a36c,c537c281-b6ad-4842-94ec-e937be0083e5,Fault codes not clearing after service,"Active fault codes remain present on the dashboard after the workshop reset. Requesting diagnostic tool session and ECU log review.

Vehicle: Mahindra Bolero Pickup (WP LA-8681), bay E-016.",closed,medium,medium,medium,software,software,Telematics issue reported on Mahindra Bolero Pickup (WP LA-8681); software team engaged.,,79279b07-707c-4805-8691-f1e9b401bc9f,667f1ef6-99d9-4cff-b551-bc452b65fc89,667f1ef6-99d9-4cff-b551-bc452b65fc89,2026-04-26 10:20:00+00,2026-04-27 05:33:00+00,2026-04-27 05:33:00+00,2026-04-30 16:37:00+00,"{""component"": ""telematics"", ""asset_code"": ""LLX-COL-0256"", ""trigger_snapshot"": ""2026-04-10""}",2026-04-26 10:20:00+00,2026-08-10 19:03:05.467947+00
c2590b49-dcf5-412a-9f69-ba2d64dbaa74,TCK-000006,c17c120b-59d4-4df4-9a7e-baa2cddb777c,23a10ad6-f2ff-4aab-9878-de0f37f6bbe0,Uneven tyre wear and vibration at speed,"Driver reports steering vibration at highway speed. Suspect uneven tyre wear; requesting inspection, rotation and alignment.

Vehicle: Piaggio Porter (UP LB-8780), bay B-056.",closed,high,high,high,mechanical,mechanical,Tire issue reported on Piaggio Porter (UP LB-8780); mechanical team engaged.,,bf036d3c-6698-49da-9031-deb5025def97,d555997d-4f34-4447-8538-e3ac8bc0b2cb,d555997d-4f34-4447-8538-e3ac8bc0b2cb,2025-08-21 12:05:00+00,2025-09-08 06:06:00+00,2025-09-08 06:06:00+00,2025-09-13 16:11:00+00,"{""component"": ""tire"", ""asset_code"": ""LLX-BDL-0116"", ""trigger_snapshot"": ""2025-08-10""}",2025-08-21 12:05:00+00,2026-08-10 19:03:05.467947+00
15b7474a-a892-4aed-83f4-57ec4547f417,TCK-000007,01012599-6ec7-4baa-9328-b376893a566b,c537c281-b6ad-4842-94ec-e937be0083e5,Tyre wear beyond service limit,"Tread depth is below the service threshold on condition monitoring. Requesting tyre replacement and wheel alignment check.

Vehicle: Mitsubishi Canter (WP LC-6664), bay F-004.",resolved,high,high,high,mechanical,mechanical,Tire issue reported on Mitsubishi Canter (WP LC-6664); mechanical team engaged.,,5d43b353-f619-4792-b4f1-617a66b1975e,76acb86d-958a-4ccf-934c-46bed43da641,76acb86d-958a-4ccf-934c-46bed43da641,2025-10-29 06:23:00+00,2025-10-30 13:37:00+00,2025-10-30 13:37:00+00,,"{""component"": ""tire"", ""asset_code"": ""LLX-COL-0304"", ""trigger_snapshot"": ""2025-10-10""}",2025-10-29 06:23:00+00,2026-08-10 19:03:05.467947+00
bc08add2-6297-44fe-a295-0b5c58d4e76c,TCK-000008,5b295364-2630-4694-bcd6-47bfc97883a4,c537c281-b6ad-4842-94ec-e937be0083e5,Engine oil life exhausted - service overdue,"Oil life monitor has reached the end of its interval. Requesting engine oil and filter service before further dispatch.

Vehicle: Tata Ultra T.7 (WP LD-6043), bay F-005.",closed,high,high,high,mechanical,mechanical,Oil issue reported on Tata Ultra T.7 (WP LD-6043); mechanical team engaged.,,e5076445-2fa7-4b27-852a-fed4c2be49d6,2ea7ff67-fdd7-4d0b-96cd-8dd768decfdd,2ea7ff67-fdd7-4d0b-96cd-8dd768decfdd,2024-08-14 13:01:00+00,2024-08-24 09:19:00+00,2024-08-24 09:19:00+00,2024-08-27 16:10:00+00,"{""component"": ""oil"", ""asset_code"": ""LLX-COL-0305"", ""trigger_snapshot"": ""2024-08-10""}",2024-08-14 13:01:00+00,2026-08-10 19:03:05.467947+00
c759863e-3daa-47e0-bcd5-40e6528cfbd2,TCK-000009,f3dead69-ffde-4a9e-9002-fe4e48a9d009,8f2b1c74-59d3-4a6e-9b21-7c4e0a5d3f88,Hydraulic lift slow to respond,"Forklift mast raises slowly under load and drifts down when held. Requesting hydraulic fluid, seal and pump inspection.

Vehicle: Toyota HiAce (SP PD-2633), bay C-012.",closed,medium,medium,medium,mechanical,mechanical,Hydraulic issue reported on Toyota HiAce (SP PD-2633); mechanical team engaged.,,42754b10-735f-41e7-bdf0-c4ec00356988,af5f0096-7cc6-4d72-ab69-0a461681aeb5,af5f0096-7cc6-4d72-ab69-0a461681aeb5,2025-02-25 12:09:00+00,2025-03-06 07:53:00+00,2025-03-06 07:53:00+00,2025-03-07 12:15:00+00,"{""component"": ""hydraulic"", ""asset_code"": ""LLX-GLE-0132"", ""trigger_snapshot"": ""2025-02-10""}",2025-02-25 12:09:00+00,2026-08-10 19:03:05.467947+00
33332d93-9f50-445c-8467-ed9263de0b55,TCK-000010,494ddccb-59ef-4729-bb66-368d4a589906,23a10ad6-f2ff-4aab-9878-de0f37f6bbe0,Oil pressure warning intermittent,"Intermittent oil pressure warning reported on the instrument cluster. Requesting oil level, filter and sender inspection.

Vehicle: Tata Ultra T.7 (UP LD-8219), bay C-021.",open,medium,medium,medium,mechanical,mechanical,Oil issue reported on Tata Ultra T.7 (UP LD-8219); mechanical team engaged.,,0218e2f7-4d2d-4229-b899-199f6afe4c10,c72f23f6-0751-4dfb-aa15-6737a84c61f4,,2026-08-07 11:08:00+00,,,,"{""component"": ""oil"", ""asset_code"": ""LLX-BDL-0141"", ""trigger_snapshot"": ""2026-08-10""}",2026-08-07 11:08:00+00,2026-08-10 19:03:05.467947+00
3764fae0-fa30-4104-ab08-5f60285d38be,TCK-000011,4ea43bce-580b-4ac1-b814-7fd96b23e1c7,23a10ad6-f2ff-4aab-9878-de0f37f6bbe0,Engine oil life exhausted - service overdue,"Oil life monitor has reached the end of its interval. Requesting engine oil and filter service before further dispatch.

Vehicle: Tata T.12 (UP LE-7734), bay D-004.",closed,high,high,high,mechanical,mechanical,Oil issue reported on Tata T.12 (UP LE-7734); mechanical team engaged.,,1ef075d1-9960-4ddc-ac3b-0c9bba6ad5ef,15dc60e6-ac87-4e43-940e-f17025d0156f,15dc60e6-ac87-4e43-940e-f17025d0156f,2025-03-14 09:19:00+00,2025-03-29 10:11:00+00,2025-03-29 10:11:00+00,2025-04-02 08:12:00+00,"{""component"": ""oil"", ""asset_code"": ""LLX-BDL-0184"", ""trigger_snapshot"": ""2025-03-10""}",2025-03-14 09:19:00+00,2026-08-10 19:03:05.467947+00
c7e75304-8840-49c9-a85a-f0435810abfe,TCK-000012,47bbf5a9-0293-4e0d-91de-31ebb04956fa,c537c281-b6ad-4842-94ec-e937be0083e5,Oil pressure warning intermittent,"Intermittent oil pressure warning reported on the instrument cluster. Requesting oil level, filter and sender inspection.

Vehicle: Toyota 8FD30 (COL-FL-118), bay B-058.",closed,low,low,low,mechanical,mechanical,Oil issue reported on Toyota 8FD30 (COL-FL-118); mechanical team engaged.,,fe7a7442-473b-43a5-bcaf-d3b1086bbcf2,1ad7ccbc-6809-4f96-83f4-c7636a2a4728,1ad7ccbc-6809-4f96-83f4-c7636a2a4728,2024-12-20 09:58:00+00,2024-12-22 12:37:00+00,2024-12-22 12:37:00+00,2024-12-29 09:01:00+00,"{""component"": ""oil"", ""asset_code"": ""LLX-COL-0118"", ""trigger_snapshot"": ""2024-12-10""}",2024-12-20 09:58:00+00,2026-08-10 19:03:05.467947+00
7fc3e9ee-d80d-448c-bf97-bf203c68eacc,TCK-000013,01613d85-32c6-4732-a4c3-0003c18fc363,c537c281-b6ad-4842-94ec-e937be0083e5,Hydraulic fluid weeping at cylinder,"Visible weeping at the lift cylinder and reduced hydraulic performance on monitoring. Requesting seal replacement.

Vehicle: Nissan Caravan (WP PD-4406), bay C-041.",resolved,high,high,high,mechanical,mechanical,Hydraulic issue reported on Nissan Caravan (WP PD-4406); mechanical team engaged.,,e2199342-06c7-43be-a8c3-07bc1762f57f,728c431d-a607-4a38-9b1a-2287ce9979ad,728c431d-a607-4a38-9b1a-2287ce9979ad,2026-04-17 16:30:00+00,2026-04-27 07:23:00+00,2026-04-27 07:23:00+00,,"{""component"": ""hydraulic"", ""asset_code"": ""LLX-COL-0161"", ""trigger_snapshot"": ""2026-04-10""}",2026-04-17 16:30:00+00,2026-08-10 19:03:05.467947+00
0e3f3a2c-7991-4922-b7e8-026a4b5743db,TCK-000014,2bc11a64-68e2-4b54-9d53-128f0f06e369,23a10ad6-f2ff-4aab-9878-de0f37f6bbe0,Repeated hard starting in early shift,"Vehicle requires multiple crank attempts at shift start. Battery state of health is degraded on monitoring. Requesting battery and charging system diagnosis.

Vehicle: Mahindra Bolero Pickup (UP LA-3508), bay B-048.",resolved,low,low,low,electrical,electrical,Battery issue reported on Mahindra Bolero Pickup (UP LA-3508); electrical team engaged.,,b85ae036-c779-4f62-a02c-5543cd2a0c12,66fa4ed5-e7e7-4664-8c2a-908778ecba02,66fa4ed5-e7e7-4664-8c2a-908778ecba02,2024-11-17 13:37:00+00,2024-11-29 14:30:00+00,2024-11-29 14:30:00+00,,"{""component"": ""battery"", ""asset_code"": ""LLX-BDL-0108"", ""trigger_snapshot"": ""2024-11-10""}",2024-11-17 13:37:00+00,2026-08-10 19:03:05.467947+00
3d1307e6-57ff-4016-9521-9746ccaf886f,TCK-000015,f3bcf64a-400e-4664-bad3-462424153d34,8f2b1c74-59d3-4a6e-9b21-7c4e0a5d3f88,Battery voltage low - charging system check required,"Battery voltage trend is below target and the vehicle is slow to crank in the morning. Electrical team to test battery health, alternator output and earth connections.

Vehicle: Mitsubishi Canter (SP LC-7814), bay D-001.",resolved,high,high,high,electrical,electrical,Battery issue reported on Mitsubishi Canter (SP LC-7814); electrical team engaged.,,80e237e5-ad5b-44f4-9ef1-4434b06cb4a1,c3bd164c-dac0-42f6-a8bd-f5f7ab7dd58c,c3bd164c-dac0-42f6-a8bd-f5f7ab7dd58c,2024-11-13 14:03:00+00,2024-11-27 14:55:00+00,2024-11-27 14:55:00+00,,"{""component"": ""battery"", ""asset_code"": ""LLX-GLE-0181"", ""trigger_snapshot"": ""2024-11-10""}",2024-11-13 14:03:00+00,2026-08-10 19:03:05.467947+00
64637da1-706a-45fa-9851-b54c634bc944,TCK-000016,a2edfb9f-9192-4469-a64a-9cda91320327,23a10ad6-f2ff-4aab-9878-de0f37f6bbe0,Odometer readings inconsistent in platform,"Reported odometer on the platform disagrees with the vehicle cluster. Software team to verify sensor mapping and ingestion for this asset.

Vehicle: Nissan Caravan (UP PD-3305), bay A-058.",in_progress,medium,high,medium,software,software,Telematics issue reported on Nissan Caravan (UP PD-3305); software team engaged.,,51d2245a-2b9a-4781-b2ed-ad840a2edae6,389d9ee3-9a0e-4d55-9770-b461e7a536f0,,2026-06-11 14:13:00+00,,,,"{""component"": ""telematics"", ""asset_code"": ""LLX-BDL-0058"", ""trigger_snapshot"": ""2026-06-10""}",2026-06-11 14:13:00+00,2026-08-10 19:03:05.467947+00
fbf57249-3125-4cdb-a30f-58669d86e68e,TCK-000017,45bf770e-17bc-45a8-ba0d-dc3162128843,c537c281-b6ad-4842-94ec-e937be0083e5,Uneven tyre wear and vibration at speed,"Driver reports steering vibration at highway speed. Suspect uneven tyre wear; requesting inspection, rotation and alignment.

Vehicle: Toyota 8FD30 (COL-FL-134), bay C-014.",closed,high,high,high,mechanical,mechanical,Tire issue reported on Toyota 8FD30 (COL-FL-134); mechanical team engaged.,,2be2ae9d-8544-4980-8087-35c4cd24eda0,799f9455-62db-4da1-8b99-9f32da209d65,799f9455-62db-4da1-8b99-9f32da209d65,2025-07-16 10:41:00+00,2025-07-24 16:39:00+00,2025-07-24 16:39:00+00,2025-07-29 14:41:00+00,"{""component"": ""tire"", ""asset_code"": ""LLX-COL-0134"", ""trigger_snapshot"": ""2025-07-10""}",2025-07-16 10:41:00+00,2026-08-10 19:03:05.467947+00
61339787-ca88-44cf-9cbb-1034958d0505,TCK-000018,db341d47-1203-4851-8093-7ebdda0f90a4,23a10ad6-f2ff-4aab-9878-de0f37f6bbe0,Hydraulic lift slow to respond,"Forklift mast raises slowly under load and drifts down when held. Requesting hydraulic fluid, seal and pump inspection.

Vehicle: Toyota 8FD30 (BDL-FL-034), bay A-034.",resolved,high,high,high,mechanical,mechanical,Hydraulic issue reported on Toyota 8FD30 (BDL-FL-034); mechanical team engaged.,,43037462-f8fe-47e3-b0f1-51b3d5c2f94a,35b9a8e8-5284-40f5-9348-5f1e994c12f1,35b9a8e8-5284-40f5-9348-5f1e994c12f1,2025-01-27 06:00:00+00,2025-02-02 17:10:00+00,2025-02-02 17:10:00+00,,"{""component"": ""hydraulic"", ""asset_code"": ""LLX-BDL-0034"", ""trigger_snapshot"": ""2025-01-10""}",2025-01-27 06:00:00+00,2026-08-10 19:03:05.467947+00
cab8ac22-2789-4d49-abc9-9132861e2f67,TCK-000019,a98a29d4-a102-41ac-9f92-818e13280eee,c537c281-b6ad-4842-94ec-e937be0083e5,Engine oil life exhausted - service overdue,"Oil life monitor has reached the end of its interval. Requesting engine oil and filter service before further dispatch.

Vehicle: Toyota 8FD25 (COL-FL-047), bay A-047.",closed,medium,medium,medium,mechanical,mechanical,Oil issue reported on Toyota 8FD25 (COL-FL-047); mechanical team engaged.,,771ce83b-d59b-4a82-854e-55bb2fbf2ff6,6d8966a8-2474-4d35-9fd9-7bb3b648f6fd,6d8966a8-2474-4d35-9fd9-7bb3b648f6fd,2026-04-16 17:15:00+00,2026-04-26 15:50:00+00,2026-04-26 15:50:00+00,2026-04-28 05:56:00+00,"{""component"": ""oil"", ""asset_code"": ""LLX-COL-0047"", ""trigger_snapshot"": ""2026-04-10""}",2026-04-16 17:15:00+00,2026-08-10 19:03:05.467947+00
55a73f9b-5018-4ed7-a6cb-8126e3f12834,TCK-000020,daa1bd48-569f-4271-9544-46ad8459bfe8,8f2b1c74-59d3-4a6e-9b21-7c4e0a5d3f88,Brake noise reported during descent,"Squealing and vibration reported under braking on gradient. Requesting brake pad and disc inspection before the vehicle returns to route.

Vehicle: Tata Ace (SP LB-4658), bay C-043.",resolved,high,high,high,mechanical,mechanical,Brake issue reported on Tata Ace (SP LB-4658); mechanical team engaged.,,aa6bd398-1c0b-46fc-95da-2ff75ff4c584,6503e3a8-1b00-43f2-8b55-c07a05ed252a,6503e3a8-1b00-43f2-8b55-c07a05ed252a,2025-12-25 14:30:00+00,2026-01-15 13:47:00+00,2026-01-15 13:47:00+00,,"{""component"": ""brake"", ""asset_code"": ""LLX-GLE-0163"", ""trigger_snapshot"": ""2025-12-10""}",2025-12-25 14:30:00+00,2026-08-10 19:03:05.467947+00
1ff6b36a-e5e2-42fe-bbaf-e89b1066f423,TCK-000021,992972d5-8450-484b-9c66-abfa9122eb1a,c537c281-b6ad-4842-94ec-e937be0083e5,Hydraulic fluid weeping at cylinder,"Visible weeping at the lift cylinder and reduced hydraulic performance on monitoring. Requesting seal replacement.

Vehicle: Komatsu FD30 (COL-FL-130), bay C-010.",closed,high,high,high,mechanical,mechanical,Hydraulic issue reported on Komatsu FD30 (COL-FL-130); mechanical team engaged.,,15cd63cb-e067-4cb2-84d1-2cb813162e1a,507c7fa4-15cb-4173-8c93-4d5d44ecf015,507c7fa4-15cb-4173-8c93-4d5d44ecf015,2026-05-19 10:20:00+00,2026-05-25 13:34:00+00,2026-05-25 13:34:00+00,2026-05-26 09:38:00+00,"{""component"": ""hydraulic"", ""asset_code"": ""LLX-COL-0130"", ""trigger_snapshot"": ""2026-05-10""}",2026-05-19 10:20:00+00,2026-08-10 19:03:05.467947+00
1c7a85c3-753b-4258-9ce9-9a43f319d654,TCK-000022,f2ac46ad-d9c1-4de6-b888-ed5da0721d12,8f2b1c74-59d3-4a6e-9b21-7c4e0a5d3f88,Uneven tyre wear and vibration at speed,"Driver reports steering vibration at highway speed. Suspect uneven tyre wear; requesting inspection, rotation and alignment.

Vehicle: Komatsu FD25 (GLE-FL-003), bay A-003.",closed,medium,medium,medium,mechanical,mechanical,Tire issue reported on Komatsu FD25 (GLE-FL-003); mechanical team engaged.,,c9d9cd57-6074-4c5b-87b0-f093e04db48b,76f52321-d84d-4f11-979f-a6df1dccfcbd,76f52321-d84d-4f11-979f-a6df1dccfcbd,2024-10-12 09:32:00+00,2024-10-20 15:17:00+00,2024-10-20 15:17:00+00,2024-10-22 14:55:00+00,"{""component"": ""tire"", ""asset_code"": ""LLX-GLE-0003"", ""trigger_snapshot"": ""2024-10-10""}",2024-10-12 09:32:00+00,2026-08-10 19:03:05.467947+00
78e69df8-9c7e-4a0a-8b23-210ba04fbda0,TCK-000023,fa4185a7-13ac-41c1-bccd-1a79b532dfd8,23a10ad6-f2ff-4aab-9878-de0f37f6bbe0,Repeated hard starting in early shift,"Vehicle requires multiple crank attempts at shift start. Battery state of health is degraded on monitoring. Requesting battery and charging system diagnosis.

Vehicle: Mahindra Bolero Pickup (UP LA-2524), bay B-045.",resolved,medium,medium,medium,electrical,electrical,Battery issue reported on Mahindra Bolero Pickup (UP LA-2524); electrical team engaged.,,bfc3fec8-4cfe-4cb9-82aa-42f8d73b730f,43adafee-47fa-4fdd-a233-526bc7ecffb2,43adafee-47fa-4fdd-a233-526bc7ecffb2,2026-07-28 17:56:00+00,2026-07-29 09:22:00+00,2026-07-29 09:22:00+00,,"{""component"": ""battery"", ""asset_code"": ""LLX-BDL-0105"", ""trigger_snapshot"": ""2026-07-10""}",2026-07-28 17:56:00+00,2026-08-10 19:03:05.467947+00
756067e1-b389-490d-8cee-2739806e2fad,TCK-000024,f3b78b67-13ee-4e81-8024-66c47801d7e4,8f2b1c74-59d3-4a6e-9b21-7c4e0a5d3f88,Battery voltage low - charging system check required,"Battery voltage trend is below target and the vehicle is slow to crank in the morning. Electrical team to test battery health, alternator output and earth connections.

Vehicle: Heli CPCD30 (GLE-FL-063), bay B-003.",closed,high,medium,high,electrical,electrical,Battery issue reported on Heli CPCD30 (GLE-FL-063); electrical team engaged.,,b305a28f-a411-438d-afc9-d11992e49c01,c3bd164c-dac0-42f6-a8bd-f5f7ab7dd58c,c3bd164c-dac0-42f6-a8bd-f5f7ab7dd58c,2025-05-27 06:17:00+00,2025-06-13 16:08:00+00,2025-06-13 16:08:00+00,2025-06-20 15:30:00+00,"{""component"": ""battery"", ""asset_code"": ""LLX-GLE-0063"", ""trigger_snapshot"": ""2025-05-10""}",2025-05-27 06:17:00+00,2026-08-10 19:03:05.467947+00
9655161d-5fb2-49bf-9821-cfc9f0689bc6,TCK-000025,f11ca249-e220-4dd6-85cb-a4bbabcd04fe,c537c281-b6ad-4842-94ec-e937be0083e5,Odometer readings inconsistent in platform,"Reported odometer on the platform disagrees with the vehicle cluster. Software team to verify sensor mapping and ingestion for this asset.

Vehicle: Nissan Caravan (WP PD-4549), bay D-029.",closed,medium,medium,medium,software,software,Telematics issue reported on Nissan Caravan (WP PD-4549); software team engaged.,,94c64335-4962-40b1-96fd-53632f8d49a3,667f1ef6-99d9-4cff-b551-bc452b65fc89,667f1ef6-99d9-4cff-b551-bc452b65fc89,2026-06-23 12:54:00+00,2026-07-09 16:16:00+00,2026-07-09 16:16:00+00,2026-07-17 17:15:00+00,"{""component"": ""telematics"", ""asset_code"": ""LLX-COL-0209"", ""trigger_snapshot"": ""2026-06-10""}",2026-06-23 12:54:00+00,2026-08-10 19:03:05.467947+00
7d3ae6e2-715e-4030-9449-3f5fa004623d,TCK-000026,92c0b41e-51fd-4f18-be86-0367ac6d1573,8f2b1c74-59d3-4a6e-9b21-7c4e0a5d3f88,Hydraulic fluid weeping at cylinder,"Visible weeping at the lift cylinder and reduced hydraulic performance on monitoring. Requesting seal replacement.

Vehicle: Piaggio Porter (SP LB-6206), bay C-022.",closed,high,high,high,mechanical,mechanical,Hydraulic issue reported on Piaggio Porter (SP LB-6206); mechanical team engaged.,,9227e7bd-457d-482d-b1f4-cbec55d20b07,ac56c0dc-f5dc-458e-ad2c-545b392395a3,ac56c0dc-f5dc-458e-ad2c-545b392395a3,2025-05-10 05:21:00+00,2025-05-14 16:16:00+00,2025-05-14 16:16:00+00,2025-05-21 06:45:00+00,"{""component"": ""hydraulic"", ""asset_code"": ""LLX-GLE-0142"", ""trigger_snapshot"": ""2025-05-10""}",2025-05-10 05:21:00+00,2026-08-10 19:03:05.467947+00
8017e136-c589-4443-b466-777387fa804f,TCK-000027,63815f91-b07f-4471-8706-f95503cffdcc,23a10ad6-f2ff-4aab-9878-de0f37f6bbe0,Brake noise reported during descent,"Squealing and vibration reported under braking on gradient. Requesting brake pad and disc inspection before the vehicle returns to route.

Vehicle: Isuzu ELF NKR (UP LC-2543), bay C-014.",closed,medium,medium,medium,mechanical,mechanical,Brake issue reported on Isuzu ELF NKR (UP LC-2543); mechanical team engaged.,,a1b85244-a022-490b-8170-5794c882d878,95bebbd4-1cfc-4de5-93a8-7a5467a0616c,95bebbd4-1cfc-4de5-93a8-7a5467a0616c,2026-03-13 06:35:00+00,2026-03-27 17:34:00+00,2026-03-27 17:34:00+00,2026-04-01 08:16:00+00,"{""component"": ""brake"", ""asset_code"": ""LLX-BDL-0134"", ""trigger_snapshot"": ""2026-03-10""}",2026-03-13 06:35:00+00,2026-08-10 19:03:05.467947+00
00cd5a84-8c05-476b-b344-90685e7060bc,TCK-000028,ab8f832b-86a1-47be-bba7-8e25a952c1bc,c537c281-b6ad-4842-94ec-e937be0083e5,Battery voltage low - charging system check required,"Battery voltage trend is below target and the vehicle is slow to crank in the morning. Electrical team to test battery health, alternator output and earth connections.

Vehicle: Tata Ultra T.7 (WP LC-6735), bay F-025.",closed,high,high,high,electrical,electrical,Battery issue reported on Tata Ultra T.7 (WP LC-6735); electrical team engaged.,,63acf5e4-2423-4f45-ae56-6a9aa6546c48,a817e3da-c239-49df-b5b4-e605451fa66c,a817e3da-c239-49df-b5b4-e605451fa66c,2026-03-30 05:51:00+00,2026-04-12 10:44:00+00,2026-04-12 10:44:00+00,2026-04-14 05:51:00+00,"{""component"": ""battery"", ""asset_code"": ""LLX-COL-0325"", ""trigger_snapshot"": ""2026-03-10""}",2026-03-30 05:51:00+00,2026-08-10 19:03:05.467947+00
5dbf90b5-2e81-4b9d-8816-6c9f48a40053,TCK-000029,dadfeae3-accb-4736-b054-a6e525236d7f,c537c281-b6ad-4842-94ec-e937be0083e5,Engine oil life exhausted - service overdue,"Oil life monitor has reached the end of its interval. Requesting engine oil and filter service before further dispatch.

Vehicle: Heli CPCD25 (COL-FL-025), bay A-025.",closed,high,high,high,mechanical,mechanical,Oil issue reported on Heli CPCD25 (COL-FL-025); mechanical team engaged.,,4a6d004d-dedd-4af0-a5f2-74c1780e2f7a,2ea7ff67-fdd7-4d0b-96cd-8dd768decfdd,2ea7ff67-fdd7-4d0b-96cd-8dd768decfdd,2024-11-14 09:54:00+00,2024-12-05 14:10:00+00,2024-12-05 14:10:00+00,2024-12-08 07:00:00+00,"{""component"": ""oil"", ""asset_code"": ""LLX-COL-0025"", ""trigger_snapshot"": ""2024-11-10""}",2024-11-14 09:54:00+00,2026-08-10 19:03:05.467947+00
702ae7a2-bef8-4bba-b9e8-747756b31f35,TCK-000030,f678f355-e296-443e-90a6-276ea0fd0b92,c537c281-b6ad-4842-94ec-e937be0083e5,Oil pressure warning intermittent,"Intermittent oil pressure warning reported on the instrument cluster. Requesting oil level, filter and sender inspection.

Vehicle: Tata Ace (WP LB-8232), bay E-022.",closed,high,high,high,mechanical,mechanical,Oil issue reported on Tata Ace (WP LB-8232); mechanical team engaged.,,6f638e31-3dce-444b-bbc1-3694a9871bde,0b830550-4175-4716-9d78-9b2d69d25855,0b830550-4175-4716-9d78-9b2d69d25855,2025-02-27 13:57:00+00,2025-03-08 14:29:00+00,2025-03-08 14:29:00+00,2025-03-17 09:37:00+00,"{""component"": ""oil"", ""asset_code"": ""LLX-COL-0262"", ""trigger_snapshot"": ""2025-02-10""}",2025-02-27 13:57:00+00,2026-08-10 19:03:05.467947+00
5b6f91f0-356d-47a5-bff8-2aff5816e09e,TCK-000031,297b4bb5-6429-4c03-8d38-57e6d19c9c21,23a10ad6-f2ff-4aab-9878-de0f37f6bbe0,Battery voltage low - charging system check required,"Battery voltage trend is below target and the vehicle is slow to crank in the morning. Electrical team to test battery health, alternator output and earth connections.

Vehicle: Tata Signa 1918 (UP LH-9845), bay D-016.",in_progress,medium,medium,medium,electrical,electrical,Battery issue reported on Tata Signa 1918 (UP LH-9845); electrical team engaged.,,8f92bdec-59f7-49b0-8fa2-c9e05b14747f,022e5872-55c1-40d7-b067-cc60fae673de,,2026-07-22 09:26:00+00,,,,"{""component"": ""battery"", ""asset_code"": ""LLX-BDL-0196"", ""trigger_snapshot"": ""2026-07-10""}",2026-07-22 09:26:00+00,2026-08-10 19:03:05.467947+00
b01df64e-351e-4f60-a286-7c719afe46bf,TCK-000032,5bbb2312-0c1e-40c1-9c7f-6360924f9e01,8f2b1c74-59d3-4a6e-9b21-7c4e0a5d3f88,Battery voltage low - charging system check required,"Battery voltage trend is below target and the vehicle is slow to crank in the morning. Electrical team to test battery health, alternator output and earth connections.

Vehicle: Mitsubishi Fuso Fighter (SP LF-4114), bay D-056.",closed,medium,medium,medium,electrical,electrical,Battery issue reported on Mitsubishi Fuso Fighter (SP LF-4114); electrical team engaged.,,7da9bd19-50e9-4311-9de5-a85a106ef20f,d6aec698-ade7-42e5-8a36-3df03605cce0,d6aec698-ade7-42e5-8a36-3df03605cce0,2025-02-11 16:29:00+00,2025-03-05 07:30:00+00,2025-03-05 07:30:00+00,2025-03-07 07:34:00+00,"{""component"": ""battery"", ""asset_code"": ""LLX-GLE-0236"", ""trigger_snapshot"": ""2025-02-10""}",2025-02-11 16:29:00+00,2026-08-10 19:03:05.467947+00
87022491-a68c-4e36-ae5f-f9a273a9790d,TCK-000033,a9e53f75-3f82-4b55-89f1-d0133b6b6a86,c537c281-b6ad-4842-94ec-e937be0083e5,Hydraulic fluid weeping at cylinder,"Visible weeping at the lift cylinder and reduced hydraulic performance on monitoring. Requesting seal replacement.

Vehicle: Piaggio Porter (WP LB-5402), bay E-009.",open,medium,medium,medium,mechanical,mechanical,Hydraulic issue reported on Piaggio Porter (WP LB-5402); mechanical team engaged.,,20ab5d3f-f2ca-4af4-b3c1-43fbcfad7b62,5ca11cec-92af-4cf0-ba2a-b7ccc1954f40,,2026-01-14 06:41:00+00,,,,"{""component"": ""hydraulic"", ""asset_code"": ""LLX-COL-0249"", ""trigger_snapshot"": ""2026-01-10""}",2026-01-14 06:41:00+00,2026-08-10 19:03:05.467947+00
89cbf5e5-e739-4e35-9c33-3fcd5a6c2608,TCK-000034,77d7fcdb-ec94-4eaa-9867-cbd0568cfbdd,23a10ad6-f2ff-4aab-9878-de0f37f6bbe0,Fault codes not clearing after service,"Active fault codes remain present on the dashboard after the workshop reset. Requesting diagnostic tool session and ECU log review.

Vehicle: Toyota HiAce (UP PB-7519), bay A-057.",closed,high,high,high,software,software,Telematics issue reported on Toyota HiAce (UP PB-7519); software team engaged.,,bfc3fec8-4cfe-4cb9-82aa-42f8d73b730f,ada9bd16-4c53-416f-9094-adaac3690544,ada9bd16-4c53-416f-9094-adaac3690544,2025-02-10 07:31:00+00,2025-03-01 05:12:00+00,2025-03-01 05:12:00+00,2025-03-02 10:51:00+00,"{""component"": ""telematics"", ""asset_code"": ""LLX-BDL-0057"", ""trigger_snapshot"": ""2025-02-10""}",2025-02-10 07:31:00+00,2026-08-10 19:03:05.467947+00
038fdc3d-1b47-47c5-b51d-a55d4839ea5c,TCK-000035,1e1c014a-889e-4258-ad68-3977cacba92f,23a10ad6-f2ff-4aab-9878-de0f37f6bbe0,Repeated hard starting in early shift,"Vehicle requires multiple crank attempts at shift start. Battery state of health is degraded on monitoring. Requesting battery and charging system diagnosis.

Vehicle: Mitsubishi Canter (UP LC-7777), bay C-022.",in_progress,high,high,high,software,electrical,Battery issue reported on Mitsubishi Canter (UP LC-7777); electrical team engaged.,,2b2dd463-c79c-4e5e-9b4c-4bf76d30b8fa,65a5b696-653b-4c78-8e17-17f954b7992b,,2026-06-27 11:28:00+00,,,,"{""component"": ""battery"", ""asset_code"": ""LLX-BDL-0142"", ""trigger_snapshot"": ""2026-06-10""}",2026-06-27 11:28:00+00,2026-08-10 19:03:05.467947+00
c45cf891-2a79-4356-b7ba-9facc5dbe682,TCK-000036,e2028202-e117-4fbe-8db0-e5a1db0104ba,8f2b1c74-59d3-4a6e-9b21-7c4e0a5d3f88,Hydraulic lift slow to respond,"Forklift mast raises slowly under load and drifts down when held. Requesting hydraulic fluid, seal and pump inspection.

Vehicle: Toyota 8FD25 (GLE-FL-051), bay A-051.",closed,medium,medium,medium,mechanical,mechanical,Hydraulic issue reported on Toyota 8FD25 (GLE-FL-051); mechanical team engaged.,,53729164-22f4-4aa2-a9ce-1b992ed4e050,9a38f54e-0c39-48c6-9c31-f8bc268a9f2a,9a38f54e-0c39-48c6-9c31-f8bc268a9f2a,2025-05-21 13:22:00+00,2025-05-30 07:19:00+00,2025-05-30 07:19:00+00,2025-06-06 10:20:00+00,"{""component"": ""hydraulic"", ""asset_code"": ""LLX-GLE-0051"", ""trigger_snapshot"": ""2025-05-10""}",2025-05-21 13:22:00+00,2026-08-10 19:03:05.467947+00
07595bc5-c17d-4dfc-8db7-6ed985899156,TCK-000037,397f509d-bab0-4be3-80ea-0d71f10314f5,23a10ad6-f2ff-4aab-9878-de0f37f6bbe0,Brake noise reported during descent,"Squealing and vibration reported under braking on gradient. Requesting brake pad and disc inspection before the vehicle returns to route.

Vehicle: Mitsubishi Fuso Fighter (UP LF-2471), bay D-012.",closed,high,high,high,mechanical,mechanical,Brake issue reported on Mitsubishi Fuso Fighter (UP LF-2471); mechanical team engaged.,,5d6249cd-46c6-48ee-aeb6-2a71b47c0468,7b2e85f9-7895-4aca-bf50-e37e9a354eb0,7b2e85f9-7895-4aca-bf50-e37e9a354eb0,2024-11-20 05:34:00+00,2024-12-14 14:58:00+00,2024-12-14 14:58:00+00,2024-12-16 06:44:00+00,"{""component"": ""brake"", ""asset_code"": ""LLX-BDL-0192"", ""trigger_snapshot"": ""2024-11-10""}",2024-11-20 05:34:00+00,2026-08-10 19:03:05.467947+00
630ebf64-b7ec-4100-8b1f-97213cefe2c4,TCK-000038,181f4775-466b-400d-995c-f7f69543ad80,23a10ad6-f2ff-4aab-9878-de0f37f6bbe0,Brake noise reported during descent,"Squealing and vibration reported under braking on gradient. Requesting brake pad and disc inspection before the vehicle returns to route.

Vehicle: Isuzu ELF NKR (UP LD-8271), bay C-053.",resolved,medium,medium,medium,mechanical,mechanical,Brake issue reported on Isuzu ELF NKR (UP LD-8271); mechanical team engaged.,,395c47cc-fcf0-4dba-a308-985c549bc54c,3c24c592-daf5-4ac0-b10b-6b0035f0c7d3,3c24c592-daf5-4ac0-b10b-6b0035f0c7d3,2025-10-24 17:44:00+00,2025-10-30 08:24:00+00,2025-10-30 08:24:00+00,,"{""component"": ""brake"", ""asset_code"": ""LLX-BDL-0173"", ""trigger_snapshot"": ""2025-10-10""}",2025-10-24 17:44:00+00,2026-08-10 19:03:05.467947+00
3f0db272-c61f-406e-a7bd-f6c7dbe9debf,TCK-000039,e2f57336-713f-4720-b427-2ff57845f80c,8f2b1c74-59d3-4a6e-9b21-7c4e0a5d3f88,Uneven tyre wear and vibration at speed,"Driver reports steering vibration at highway speed. Suspect uneven tyre wear; requesting inspection, rotation and alignment.

Vehicle: Komatsu FD25 (GLE-FL-035), bay A-035.",resolved,high,high,high,mechanical,mechanical,Tire issue reported on Komatsu FD25 (GLE-FL-035); mechanical team engaged.,,397e1e00-170b-4c0a-a77a-5f5cc3c7646c,40f69c6c-3cd3-4344-b1f4-7617f7b12fa5,40f69c6c-3cd3-4344-b1f4-7617f7b12fa5,2026-06-26 14:25:00+00,2026-07-18 06:42:00+00,2026-07-18 06:42:00+00,,"{""component"": ""tire"", ""asset_code"": ""LLX-GLE-0035"", ""trigger_snapshot"": ""2026-06-10""}",2026-06-26 14:25:00+00,2026-08-10 19:03:05.467947+00
80be2df2-b8c2-4e10-980a-b7fd21ff1ab5,TCK-000040,cc023853-cde9-4f41-9bf4-adb5757eff65,c537c281-b6ad-4842-94ec-e937be0083e5,Tyre wear beyond service limit,"Tread depth is below the service threshold on condition monitoring. Requesting tyre replacement and wheel alignment check.

Vehicle: Tata T.12 (WP LF-8680), bay G-030.",closed,medium,medium,medium,mechanical,mechanical,Tire issue reported on Tata T.12 (WP LF-8680); mechanical team engaged.,,741f34c2-9570-4d2f-9d70-f485e5c1f96f,65a4c575-56f0-49d7-9887-9a08358fb73c,65a4c575-56f0-49d7-9887-9a08358fb73c,2024-11-21 17:30:00+00,2024-12-11 11:43:00+00,2024-12-11 11:43:00+00,2024-12-15 13:22:00+00,"{""component"": ""tire"", ""asset_code"": ""LLX-COL-0390"", ""trigger_snapshot"": ""2024-11-10""}",2024-11-21 17:30:00+00,2026-08-10 19:03:05.467947+00
bc9c8dc5-2621-47ec-9646-c8e7355ec325,TCK-000041,e88c0d95-8702-4feb-9595-d896d4ef6e9e,c537c281-b6ad-4842-94ec-e937be0083e5,Engine oil life exhausted - service overdue,"Oil life monitor has reached the end of its interval. Requesting engine oil and filter service before further dispatch.

Vehicle: Toyota 8FD25 (COL-FL-072), bay B-012.",resolved,low,low,low,mechanical,mechanical,Oil issue reported on Toyota 8FD25 (COL-FL-072); mechanical team engaged.,,05b3337f-c7c9-4421-9caf-775f4f608439,65a4c575-56f0-49d7-9887-9a08358fb73c,65a4c575-56f0-49d7-9887-9a08358fb73c,2024-09-14 15:45:00+00,2024-10-09 12:32:00+00,2024-10-09 12:32:00+00,,"{""component"": ""oil"", ""asset_code"": ""LLX-COL-0072"", ""trigger_snapshot"": ""2024-09-10""}",2024-09-14 15:45:00+00,2026-08-10 19:03:05.467947+00
9c714322-deff-478d-98cb-666d4f4e9994,TCK-000042,227ac56a-de77-4960-b81a-ff02df25c06c,c537c281-b6ad-4842-94ec-e937be0083e5,Brake performance degraded - inspection required,"Driver reports longer stopping distance and reduced pedal firmness. Brake wear indicator is low on condition monitoring. Mechanical team to inspect pads, discs and brake fluid.

Vehicle: Tata T.12 (WP LE-2363), bay G-031.",open,medium,medium,medium,mechanical,mechanical,Brake issue reported on Tata T.12 (WP LE-2363); mechanical team engaged.,,a367378f-0627-4a69-9fcd-33330bb4fe2c,ee4d2f5c-11a7-4a36-b4f7-9b4da1d376b2,,2025-03-18 06:52:00+00,,,,"{""component"": ""brake"", ""asset_code"": ""LLX-COL-0391"", ""trigger_snapshot"": ""2025-03-10""}",2025-03-18 06:52:00+00,2026-08-10 19:03:05.467947+00
ca429c4a-9830-4533-9c0c-de5b693ac74f,TCK-000043,7222780f-acb1-4888-96cb-2bcd2b7bd455,23a10ad6-f2ff-4aab-9878-de0f37f6bbe0,Brake performance degraded - inspection required,"Driver reports longer stopping distance and reduced pedal firmness. Brake wear indicator is low on condition monitoring. Mechanical team to inspect pads, discs and brake fluid.

Vehicle: Nissan Caravan (UP PE-3161), bay B-019.",resolved,high,high,high,mechanical,mechanical,Brake issue reported on Nissan Caravan (UP PE-3161); mechanical team engaged.,,d0b486c5-2d98-4a1b-a9bb-bbbbf445d633,2fb7dab3-e151-490f-9c20-9b329d4fba20,2fb7dab3-e151-490f-9c20-9b329d4fba20,2025-03-17 15:15:00+00,2025-03-19 08:21:00+00,2025-03-19 08:21:00+00,,"{""component"": ""brake"", ""asset_code"": ""LLX-BDL-0079"", ""trigger_snapshot"": ""2025-03-10""}",2025-03-17 15:15:00+00,2026-08-10 19:03:05.467947+00
aebd5d6f-bc66-4f6f-a7ba-f2104e3b757e,TCK-000044,26e54747-7b1e-4bef-959b-3acb36c1da52,8f2b1c74-59d3-4a6e-9b21-7c4e0a5d3f88,Fault codes not clearing after service,"Active fault codes remain present on the dashboard after the workshop reset. Requesting diagnostic tool session and ECU log review.

Vehicle: Mahindra Bolero Pickup (SP LA-3620), bay C-033.",closed,low,low,low,software,software,Telematics issue reported on Mahindra Bolero Pickup (SP LA-3620); software team engaged.,,ff962ec5-661c-4004-8c3a-c65fcefaf218,f9a5607b-7040-4ba8-95c0-6de3c5367dea,f9a5607b-7040-4ba8-95c0-6de3c5367dea,2026-04-15 15:56:00+00,2026-04-25 08:14:00+00,2026-04-25 08:14:00+00,2026-05-05 11:50:00+00,"{""component"": ""telematics"", ""asset_code"": ""LLX-GLE-0153"", ""trigger_snapshot"": ""2026-04-10""}",2026-04-15 15:56:00+00,2026-08-10 19:03:05.467947+00
fa47bd65-4f82-4507-bad4-55b80da31df3,TCK-000045,3c82a462-9434-4939-9d5c-e45a2d7c1b9a,23a10ad6-f2ff-4aab-9878-de0f37f6bbe0,Brake performance degraded - inspection required,"Driver reports longer stopping distance and reduced pedal firmness. Brake wear indicator is low on condition monitoring. Mechanical team to inspect pads, discs and brake fluid.

Vehicle: Heli CPCD25 (BDL-FL-030), bay A-030.",closed,medium,medium,medium,mechanical,mechanical,Brake issue reported on Heli CPCD25 (BDL-FL-030); mechanical team engaged.,,d8f399ad-71ac-433b-9603-54c2ebce9462,8c96a864-951e-4d0a-9715-532a84a4bc30,8c96a864-951e-4d0a-9715-532a84a4bc30,2025-02-24 09:25:00+00,2025-02-25 09:13:00+00,2025-02-25 09:13:00+00,2025-03-04 10:25:00+00,"{""component"": ""brake"", ""asset_code"": ""LLX-BDL-0030"", ""trigger_snapshot"": ""2025-02-10""}",2025-02-24 09:25:00+00,2026-08-10 19:03:05.467947+00
57444c73-272b-4ae9-9337-30bba44fcf22,TCK-000046,4d4e00d7-1c52-40b0-bcb1-afa81a86c9a7,c537c281-b6ad-4842-94ec-e937be0083e5,Hydraulic fluid weeping at cylinder,"Visible weeping at the lift cylinder and reduced hydraulic performance on monitoring. Requesting seal replacement.

Vehicle: Tata Ace (WP LA-7238), bay E-044.",closed,low,low,low,mechanical,mechanical,Hydraulic issue reported on Tata Ace (WP LA-7238); mechanical team engaged.,,545309cb-bfd9-4596-abb4-4461e08e7f5c,c9371eef-cb2f-45af-926f-13217cb6a7ad,c9371eef-cb2f-45af-926f-13217cb6a7ad,2026-02-23 07:46:00+00,2026-03-19 06:44:00+00,2026-03-19 06:44:00+00,2026-03-20 08:21:00+00,"{""component"": ""hydraulic"", ""asset_code"": ""LLX-COL-0284"", ""trigger_snapshot"": ""2026-02-10""}",2026-02-23 07:46:00+00,2026-08-10 19:03:05.467947+00
3e69e614-680b-424a-9072-ab644fdcbb0f,TCK-000047,652a424c-3af2-46e6-a042-af78454394c6,8f2b1c74-59d3-4a6e-9b21-7c4e0a5d3f88,Uneven tyre wear and vibration at speed,"Driver reports steering vibration at highway speed. Suspect uneven tyre wear; requesting inspection, rotation and alignment.

Vehicle: Toyota HiAce (SP PE-1547), bay C-007.",closed,high,high,high,mechanical,mechanical,Tire issue reported on Toyota HiAce (SP PE-1547); mechanical team engaged.,,f5eff06f-b9fc-4abc-8456-308da70d2462,f02fa13f-bb55-414d-bf8b-7341877ef160,f02fa13f-bb55-414d-bf8b-7341877ef160,2025-04-12 14:31:00+00,2025-05-03 07:58:00+00,2025-05-03 07:58:00+00,2025-05-08 13:58:00+00,"{""component"": ""tire"", ""asset_code"": ""LLX-GLE-0127"", ""trigger_snapshot"": ""2025-04-10""}",2025-04-12 14:31:00+00,2026-08-10 19:03:05.467947+00
8fa00818-7c0d-4aeb-bec0-a742572f036c,TCK-000048,cbe6997b-b167-4ef2-b3fb-c9b979c58616,c537c281-b6ad-4842-94ec-e937be0083e5,Battery voltage low - charging system check required,"Battery voltage trend is below target and the vehicle is slow to crank in the morning. Electrical team to test battery health, alternator output and earth connections.

Vehicle: Nissan Caravan (WP PD-7293), bay C-053.",closed,high,high,high,electrical,electrical,Battery issue reported on Nissan Caravan (WP PD-7293); electrical team engaged.,,fb6db374-5499-4fab-a5e5-5f201832e9d3,9f45c98b-3562-45af-8cb4-fee17952ecd9,9f45c98b-3562-45af-8cb4-fee17952ecd9,2024-11-11 13:11:00+00,2024-11-17 13:16:00+00,2024-11-17 13:16:00+00,2024-11-21 17:02:00+00,"{""component"": ""battery"", ""asset_code"": ""LLX-COL-0173"", ""trigger_snapshot"": ""2024-11-10""}",2024-11-11 13:11:00+00,2026-08-10 19:03:05.467947+00
d742c815-bbab-4ef5-9f98-a1cc88daf413,TCK-000049,5164707c-df40-4b2d-9990-e7ba7a593d16,c537c281-b6ad-4842-94ec-e937be0083e5,Brake performance degraded - inspection required,"Driver reports longer stopping distance and reduced pedal firmness. Brake wear indicator is low on condition monitoring. Mechanical team to inspect pads, discs and brake fluid.

Vehicle: Piaggio Porter (WP LA-6306), bay E-007.",closed,medium,medium,medium,mechanical,mechanical,Brake issue reported on Piaggio Porter (WP LA-6306); mechanical team engaged.,,01061d47-010c-4da5-8f19-76029bb2fb00,3ed87f3f-9d1e-409e-af21-14fee9e9bc14,3ed87f3f-9d1e-409e-af21-14fee9e9bc14,2025-10-28 12:56:00+00,2025-11-21 11:54:00+00,2025-11-21 11:54:00+00,2025-11-28 07:50:00+00,"{""component"": ""brake"", ""asset_code"": ""LLX-COL-0247"", ""trigger_snapshot"": ""2025-10-10""}",2025-10-28 12:56:00+00,2026-08-10 19:03:05.467947+00
5249f114-bf16-4032-a1c2-8d6c40ec1978,TCK-000050,ab2a010b-8a4a-4c82-a014-59e85bac21a7,c537c281-b6ad-4842-94ec-e937be0083e5,Uneven tyre wear and vibration at speed,"Driver reports steering vibration at highway speed. Suspect uneven tyre wear; requesting inspection, rotation and alignment.

Vehicle: Heli CPCD30 (COL-FL-106), bay B-046.",closed,medium,medium,medium,mechanical,mechanical,Tire issue reported on Heli CPCD30 (COL-FL-106); mechanical team engaged.,,73695667-456a-4647-a906-c5b0637e2854,e3558ee6-f358-4467-ac51-00c0aa187644,e3558ee6-f358-4467-ac51-00c0aa187644,2025-07-17 10:47:00+00,2025-08-08 09:03:00+00,2025-08-08 09:03:00+00,2025-08-17 13:29:00+00,"{""component"": ""tire"", ""asset_code"": ""LLX-COL-0106"", ""trigger_snapshot"": ""2025-07-10""}",2025-07-17 10:47:00+00,2026-08-10 19:03:05.467947+00
db52019f-6f09-4bfc-80f8-c87207709102,TCK-000051,6f4880b7-7e82-4cb3-8d4a-75f4c07f83de,c537c281-b6ad-4842-94ec-e937be0083e5,Tyre wear beyond service limit,"Tread depth is below the service threshold on condition monitoring. Requesting tyre replacement and wheel alignment check.

Vehicle: Komatsu FD25 (COL-FL-054), bay A-054.",closed,low,low,low,mechanical,mechanical,Tire issue reported on Komatsu FD25 (COL-FL-054); mechanical team engaged.,,93809008-69ce-4c7c-b7b7-24e7be0bf39d,6d8966a8-2474-4d35-9fd9-7bb3b648f6fd,6d8966a8-2474-4d35-9fd9-7bb3b648f6fd,2025-12-29 15:41:00+00,2026-01-19 16:34:00+00,2026-01-19 16:34:00+00,2026-01-27 13:21:00+00,"{""component"": ""tire"", ""asset_code"": ""LLX-COL-0054"", ""trigger_snapshot"": ""2025-12-10""}",2025-12-29 15:41:00+00,2026-08-10 19:03:05.467947+00
f48c662a-ce1c-491a-997d-73bea2a89c92,TCK-000052,b9aede18-b690-403b-9f5e-868aed2b16c2,8f2b1c74-59d3-4a6e-9b21-7c4e0a5d3f88,Hydraulic lift slow to respond,"Forklift mast raises slowly under load and drifts down when held. Requesting hydraulic fluid, seal and pump inspection.

Vehicle: Toyota HiAce (SP PD-7514), bay B-058.",closed,medium,medium,medium,mechanical,mechanical,Hydraulic issue reported on Toyota HiAce (SP PD-7514); mechanical team engaged.,,42afaa0f-d084-4462-ace5-550182b66af8,78be5d8f-6cca-4d7e-bfe7-2b68fc8c6341,78be5d8f-6cca-4d7e-bfe7-2b68fc8c6341,2026-01-14 09:38:00+00,2026-01-31 05:21:00+00,2026-01-31 05:21:00+00,2026-02-10 13:26:00+00,"{""component"": ""hydraulic"", ""asset_code"": ""LLX-GLE-0118"", ""trigger_snapshot"": ""2026-01-10""}",2026-01-14 09:38:00+00,2026-08-10 19:03:05.467947+00
fdc56b2e-5c97-42e0-bd87-2566ade71483,TCK-000053,024397fd-7e68-4975-beb7-ba32900ae672,8f2b1c74-59d3-4a6e-9b21-7c4e0a5d3f88,Hydraulic lift slow to respond,"Forklift mast raises slowly under load and drifts down when held. Requesting hydraulic fluid, seal and pump inspection.

Vehicle: Isuzu FVR (SP LE-5359), bay D-055.",in_progress,low,low,low,mechanical,mechanical,Hydraulic issue reported on Isuzu FVR (SP LE-5359); mechanical team engaged.,,2e86516c-c292-41da-b03d-25fe05969cf1,ba03ac29-f294-4a7d-b142-44c46cfe2354,,2026-06-30 14:58:00+00,,,,"{""component"": ""hydraulic"", ""asset_code"": ""LLX-GLE-0235"", ""trigger_snapshot"": ""2026-06-10""}",2026-06-30 14:58:00+00,2026-08-10 19:03:05.467947+00
899818cf-c521-4610-960a-d26b9e8dfca7,TCK-000054,59413e92-d45b-4464-a339-cb9dd79bb83e,23a10ad6-f2ff-4aab-9878-de0f37f6bbe0,Hydraulic fluid weeping at cylinder,"Visible weeping at the lift cylinder and reduced hydraulic performance on monitoring. Requesting seal replacement.

Vehicle: Toyota 8FD30 (BDL-FL-038), bay A-038.",resolved,high,high,high,mechanical,mechanical,Hydraulic issue reported on Toyota 8FD30 (BDL-FL-038); mechanical team engaged.,,1f244e06-5a87-45ce-934d-263326f32549,7b2e85f9-7895-4aca-bf50-e37e9a354eb0,7b2e85f9-7895-4aca-bf50-e37e9a354eb0,2026-06-13 15:06:00+00,2026-06-26 05:35:00+00,2026-06-26 05:35:00+00,,"{""component"": ""hydraulic"", ""asset_code"": ""LLX-BDL-0038"", ""trigger_snapshot"": ""2026-06-10""}",2026-06-13 15:06:00+00,2026-08-10 19:03:05.467947+00
9193ad3b-c64a-440f-b866-0caafac60b46,TCK-000055,d412e05c-2da1-415c-a7b4-54344ce61e18,8f2b1c74-59d3-4a6e-9b21-7c4e0a5d3f88,Oil pressure warning intermittent,"Intermittent oil pressure warning reported on the instrument cluster. Requesting oil level, filter and sender inspection.

Vehicle: Toyota HiAce (SP PB-3440), bay B-060.",closed,high,high,high,mechanical,mechanical,Oil issue reported on Toyota HiAce (SP PB-3440); mechanical team engaged.,,ce97eae8-36da-4b55-9866-1818be74fe8c,ba03ac29-f294-4a7d-b142-44c46cfe2354,ba03ac29-f294-4a7d-b142-44c46cfe2354,2025-09-26 06:03:00+00,2025-10-04 05:03:00+00,2025-10-04 05:03:00+00,2025-10-10 12:50:00+00,"{""component"": ""oil"", ""asset_code"": ""LLX-GLE-0120"", ""trigger_snapshot"": ""2025-09-10""}",2025-09-26 06:03:00+00,2026-08-10 19:03:05.467947+00
927cca1e-a1cc-42a3-a31e-f0e0eac27862,TCK-000056,cec20212-97c1-4025-b274-9f86e62db509,8f2b1c74-59d3-4a6e-9b21-7c4e0a5d3f88,Brake performance degraded - inspection required,"Driver reports longer stopping distance and reduced pedal firmness. Brake wear indicator is low on condition monitoring. Mechanical team to inspect pads, discs and brake fluid.

Vehicle: Komatsu FD30 (GLE-FL-080), bay B-020.",closed,low,low,low,mechanical,mechanical,Brake issue reported on Komatsu FD30 (GLE-FL-080); mechanical team engaged.,,c752deae-2089-4698-95c9-22b8797ac2c9,597c6eba-286e-440e-922e-420efd907fcc,597c6eba-286e-440e-922e-420efd907fcc,2025-12-21 06:18:00+00,2026-01-11 17:52:00+00,2026-01-11 17:52:00+00,2026-01-17 17:29:00+00,"{""component"": ""brake"", ""asset_code"": ""LLX-GLE-0080"", ""trigger_snapshot"": ""2025-12-10""}",2025-12-21 06:18:00+00,2026-08-10 19:03:05.467947+00
3a6e0ae4-f809-4920-af9a-e66a332f6bda,TCK-000057,b99acf8b-51f0-4a74-8236-3e63b6f17bca,23a10ad6-f2ff-4aab-9878-de0f37f6bbe0,Brake noise reported during descent,"Squealing and vibration reported under braking on gradient. Requesting brake pad and disc inspection before the vehicle returns to route.

Vehicle: Mitsubishi Fuso Fighter (UP LF-1433), bay D-003.",resolved,low,low,low,mechanical,mechanical,Brake issue reported on Mitsubishi Fuso Fighter (UP LF-1433); mechanical team engaged.,,14479c56-9ab9-4eab-bec5-c8323d7dde9b,d777fd45-9849-49e2-b338-e97c3d11e8cc,d777fd45-9849-49e2-b338-e97c3d11e8cc,2025-01-30 14:15:00+00,2025-02-14 07:38:00+00,2025-02-14 07:38:00+00,,"{""component"": ""brake"", ""asset_code"": ""LLX-BDL-0183"", ""trigger_snapshot"": ""2025-01-10""}",2025-01-30 14:15:00+00,2026-08-10 19:03:05.467947+00
e62e3e68-82d2-4344-98ff-0ec22ba05b64,TCK-000058,cd048cbe-1f0c-4b89-8d20-ff63796025ba,c537c281-b6ad-4842-94ec-e937be0083e5,Uneven tyre wear and vibration at speed,"Driver reports steering vibration at highway speed. Suspect uneven tyre wear; requesting inspection, rotation and alignment.

Vehicle: Tata Ultra T.7 (WP LD-4071), bay F-026.",closed,medium,medium,medium,mechanical,mechanical,Tire issue reported on Tata Ultra T.7 (WP LD-4071); mechanical team engaged.,,b10c3b1b-0504-4c02-9577-38f300514499,96fb9f33-3e52-4958-8405-6ccf26fcacdc,96fb9f33-3e52-4958-8405-6ccf26fcacdc,2025-10-19 11:36:00+00,2025-10-21 16:15:00+00,2025-10-21 16:15:00+00,2025-10-26 09:34:00+00,"{""component"": ""tire"", ""asset_code"": ""LLX-COL-0326"", ""trigger_snapshot"": ""2025-10-10""}",2025-10-19 11:36:00+00,2026-08-10 19:03:05.467947+00
1d4f71e0-1b9e-4d8a-80b3-817f14f39e9b,TCK-000059,5845f04a-220a-4043-a53b-00020fd42290,c537c281-b6ad-4842-94ec-e937be0083e5,Brake noise reported during descent,"Squealing and vibration reported under braking on gradient. Requesting brake pad and disc inspection before the vehicle returns to route.

Vehicle: Mahindra Bolero Pickup (WP LA-3212), bay E-032.",closed,medium,medium,medium,mechanical,mechanical,Brake issue reported on Mahindra Bolero Pickup (WP LA-3212); mechanical team engaged.,,31ce2993-96a0-48fd-a5c2-2cd19ba1d64f,7ab528b9-cbf7-4b46-8d45-847ab79da77d,7ab528b9-cbf7-4b46-8d45-847ab79da77d,2025-05-16 10:19:00+00,2025-05-29 13:44:00+00,2025-05-29 13:44:00+00,2025-06-06 06:09:00+00,"{""component"": ""brake"", ""asset_code"": ""LLX-COL-0272"", ""trigger_snapshot"": ""2025-05-10""}",2025-05-16 10:19:00+00,2026-08-10 19:03:05.467947+00
91753dd2-caa5-4006-a30e-c19479e96d74,TCK-000060,61812d01-a2b1-4a19-80eb-c4de09227944,8f2b1c74-59d3-4a6e-9b21-7c4e0a5d3f88,Engine oil life exhausted - service overdue,"Oil life monitor has reached the end of its interval. Requesting engine oil and filter service before further dispatch.

Vehicle: Isuzu ELF NKR (SP LD-1643), bay D-019.",closed,high,high,high,mechanical,mechanical,Oil issue reported on Isuzu ELF NKR (SP LD-1643); mechanical team engaged.,,3300b88d-ad2c-4c0c-bac7-48e98b283f68,242e349c-5343-4ab9-b488-62509742f4c7,242e349c-5343-4ab9-b488-62509742f4c7,2024-09-18 17:24:00+00,2024-10-08 07:01:00+00,2024-10-08 07:01:00+00,2024-10-13 07:55:00+00,"{""component"": ""oil"", ""asset_code"": ""LLX-GLE-0199"", ""trigger_snapshot"": ""2024-09-10""}",2024-09-18 17:24:00+00,2026-08-10 19:03:05.467947+00
6476ce92-565b-4de4-8bda-c333782556ea,TCK-000061,884bd482-0fad-4821-bb6e-5038596a3365,8f2b1c74-59d3-4a6e-9b21-7c4e0a5d3f88,Oil pressure warning intermittent,"Intermittent oil pressure warning reported on the instrument cluster. Requesting oil level, filter and sender inspection.

Vehicle: KDH Van (SP PE-1678), bay B-048.",closed,high,high,high,mechanical,mechanical,Oil issue reported on KDH Van (SP PE-1678); mechanical team engaged.,,7b6636fd-3214-44f2-ad49-452c0eb74f18,af5f0096-7cc6-4d72-ab69-0a461681aeb5,af5f0096-7cc6-4d72-ab69-0a461681aeb5,2025-04-23 17:09:00+00,2025-04-28 13:25:00+00,2025-04-28 13:25:00+00,2025-05-04 09:16:00+00,"{""component"": ""oil"", ""asset_code"": ""LLX-GLE-0108"", ""trigger_snapshot"": ""2025-04-10""}",2025-04-23 17:09:00+00,2026-08-10 19:03:05.467947+00
399e4cb2-081e-4043-a2df-f4841d5b14db,TCK-000062,a71d25ab-55d3-42e4-9e48-98ce0de14f56,c537c281-b6ad-4842-94ec-e937be0083e5,Hydraulic lift slow to respond,"Forklift mast raises slowly under load and drifts down when held. Requesting hydraulic fluid, seal and pump inspection.

Vehicle: Piaggio Porter (WP LA-5452), bay E-019.",closed,medium,medium,medium,mechanical,mechanical,Hydraulic issue reported on Piaggio Porter (WP LA-5452); mechanical team engaged.,,fada15fe-d4d9-4730-9445-2a973cfc2d76,a5403456-9417-4129-8376-a0508664c003,a5403456-9417-4129-8376-a0508664c003,2025-02-14 08:22:00+00,2025-03-07 15:47:00+00,2025-03-07 15:47:00+00,2025-03-17 17:43:00+00,"{""component"": ""hydraulic"", ""asset_code"": ""LLX-COL-0259"", ""trigger_snapshot"": ""2025-02-10""}",2025-02-14 08:22:00+00,2026-08-10 19:03:05.467947+00
624074df-d266-41d4-9911-682a0fa64197,TCK-000063,1621a9c7-d95e-420e-a2c6-821e3a64c4c1,c537c281-b6ad-4842-94ec-e937be0083e5,Oil pressure warning intermittent,"Intermittent oil pressure warning reported on the instrument cluster. Requesting oil level, filter and sender inspection.

Vehicle: Isuzu ELF NKR (WP LD-7171), bay F-018.",closed,medium,medium,medium,mechanical,mechanical,Oil issue reported on Isuzu ELF NKR (WP LD-7171); mechanical team engaged.,,4596af2e-27bb-46cb-adf3-0f5b781fbcfc,829a4aba-bfc5-46a7-beff-bf556004d109,829a4aba-bfc5-46a7-beff-bf556004d109,2026-02-19 11:21:00+00,2026-03-07 14:26:00+00,2026-03-07 14:26:00+00,2026-03-10 07:15:00+00,"{""component"": ""oil"", ""asset_code"": ""LLX-COL-0318"", ""trigger_snapshot"": ""2026-02-10""}",2026-02-19 11:21:00+00,2026-08-10 19:03:05.467947+00
7480aeab-3e43-47bb-9132-1d5dde74567e,TCK-000064,b26f21fc-27cc-4310-8644-180443dc0a22,c537c281-b6ad-4842-94ec-e937be0083e5,Repeated hard starting in early shift,"Vehicle requires multiple crank attempts at shift start. Battery state of health is degraded on monitoring. Requesting battery and charging system diagnosis.

Vehicle: Piaggio Porter (WP LA-1787), bay E-001.",closed,low,high,low,electrical,electrical,Battery issue reported on Piaggio Porter (WP LA-1787); electrical team engaged.,,92cb3cf4-a84e-41e9-acb9-1b4f29188207,233aac45-07b9-46b4-af83-c4c76f181669,233aac45-07b9-46b4-af83-c4c76f181669,2025-09-28 05:35:00+00,2025-10-01 06:48:00+00,2025-10-01 06:48:00+00,2025-10-10 09:50:00+00,"{""component"": ""battery"", ""asset_code"": ""LLX-COL-0241"", ""trigger_snapshot"": ""2025-09-10""}",2025-09-28 05:35:00+00,2026-08-10 19:03:05.467947+00
755fc021-8df4-474b-b024-93ad0d460320,TCK-000065,f9cb7b27-7a7d-47e9-9c4e-c490f023c209,c537c281-b6ad-4842-94ec-e937be0083e5,Uneven tyre wear and vibration at speed,"Driver reports steering vibration at highway speed. Suspect uneven tyre wear; requesting inspection, rotation and alignment.

Vehicle: Isuzu ELF NKR (WP LD-5506), bay F-044.",in_progress,low,low,low,mechanical,mechanical,Tire issue reported on Isuzu ELF NKR (WP LD-5506); mechanical team engaged.,,b7cea794-192c-43ec-a17d-85b80606001b,0b830550-4175-4716-9d78-9b2d69d25855,,2026-05-13 16:41:00+00,,,,"{""component"": ""tire"", ""asset_code"": ""LLX-COL-0344"", ""trigger_snapshot"": ""2026-05-10""}",2026-05-13 16:41:00+00,2026-08-10 19:03:05.467947+00
9a858768-bdd6-4a97-a0c6-2cbdf4f8acce,TCK-000066,93dbd4d3-6b7e-4cb5-8592-a060511a8983,c537c281-b6ad-4842-94ec-e937be0083e5,Engine oil life exhausted - service overdue,"Oil life monitor has reached the end of its interval. Requesting engine oil and filter service before further dispatch.

Vehicle: Toyota HiAce (WP PD-2608), bay D-027.",open,high,high,high,mechanical,mechanical,Oil issue reported on Toyota HiAce (WP PD-2608); mechanical team engaged.,,ff8801d3-2c48-430e-b9ad-e22c5c92d10e,578b9882-da22-4a57-8191-8e7a8ca512f5,,2024-08-24 12:22:00+00,,,,"{""component"": ""oil"", ""asset_code"": ""LLX-COL-0207"", ""trigger_snapshot"": ""2024-08-10""}",2024-08-24 12:22:00+00,2026-08-10 19:03:05.467947+00
b4eee274-abeb-4e72-899f-60b2f62c8fac,TCK-000067,4207e5db-3fe8-49b6-a3c1-772f6fbaae1a,c537c281-b6ad-4842-94ec-e937be0083e5,Brake noise reported during descent,"Squealing and vibration reported under braking on gradient. Requesting brake pad and disc inspection before the vehicle returns to route.

Vehicle: Komatsu FD30 (COL-FL-090), bay B-030.",in_progress,medium,low,medium,mechanical,mechanical,Brake issue reported on Komatsu FD30 (COL-FL-090); mechanical team engaged.,,1ba83fa8-a271-48c2-ae7a-e2d59c08c959,ece2a321-bc6d-4cdf-9d3a-f642ed83ae68,,2026-07-18 05:05:00+00,,,,"{""component"": ""brake"", ""asset_code"": ""LLX-COL-0090"", ""trigger_snapshot"": ""2026-07-10""}",2026-07-18 05:05:00+00,2026-08-10 19:03:05.467947+00
be1ca2ac-08b9-4491-ae37-20fa2ca65b18,TCK-000068,40f5c17c-5e9d-4d16-b673-8df0af4d81e5,23a10ad6-f2ff-4aab-9878-de0f37f6bbe0,Hydraulic lift slow to respond,"Forklift mast raises slowly under load and drifts down when held. Requesting hydraulic fluid, seal and pump inspection.

Vehicle: Toyota HiAce (UP PC-8024), bay B-005.",closed,medium,medium,medium,mechanical,mechanical,Hydraulic issue reported on Toyota HiAce (UP PC-8024); mechanical team engaged.,,c396bf07-f1d5-4e50-85a6-052a95f8a744,accf0286-4b23-46a3-851f-00be6bdd8e5f,accf0286-4b23-46a3-851f-00be6bdd8e5f,2025-03-13 12:53:00+00,2025-03-30 05:39:00+00,2025-03-30 05:39:00+00,2025-03-31 14:08:00+00,"{""component"": ""hydraulic"", ""asset_code"": ""LLX-BDL-0065"", ""trigger_snapshot"": ""2025-03-10""}",2025-03-13 12:53:00+00,2026-08-10 19:03:05.467947+00
c5bf9231-fff3-48b8-b7bc-d91d770fefc2,TCK-000069,d7ddcf5c-a8d7-42ed-ae9c-f6abfbbe678c,c537c281-b6ad-4842-94ec-e937be0083e5,Battery voltage low - charging system check required,"Battery voltage trend is below target and the vehicle is slow to crank in the morning. Electrical team to test battery health, alternator output and earth connections.

Vehicle: Isuzu ELF NKR (WP LC-7973), bay F-007.",resolved,low,low,low,electrical,electrical,Battery issue reported on Isuzu ELF NKR (WP LC-7973); electrical team engaged.,,e02ba813-5fb6-4f10-a448-b12a48f2969e,5284761e-4d1d-4e36-97eb-848604be7358,5284761e-4d1d-4e36-97eb-848604be7358,2026-05-11 16:35:00+00,2026-05-13 05:24:00+00,2026-05-13 05:24:00+00,,"{""component"": ""battery"", ""asset_code"": ""LLX-COL-0307"", ""trigger_snapshot"": ""2026-05-10""}",2026-05-11 16:35:00+00,2026-08-10 19:03:05.467947+00
886c45f8-5468-437e-aaed-91b50c0f238f,TCK-000070,d8b99a34-37e5-43f2-a1bc-ae002fbb4b60,c537c281-b6ad-4842-94ec-e937be0083e5,Engine oil life exhausted - service overdue,"Oil life monitor has reached the end of its interval. Requesting engine oil and filter service before further dispatch.

Vehicle: Toyota HiAce (WP PE-1216), bay D-002.",closed,high,high,high,mechanical,mechanical,Oil issue reported on Toyota HiAce (WP PE-1216); mechanical team engaged.,,ee9756f3-bfe0-4977-84dd-d99f4f5eb7b4,3ed87f3f-9d1e-409e-af21-14fee9e9bc14,3ed87f3f-9d1e-409e-af21-14fee9e9bc14,2025-05-26 13:27:00+00,2025-05-29 05:00:00+00,2025-05-29 05:00:00+00,2025-06-04 07:19:00+00,"{""component"": ""oil"", ""asset_code"": ""LLX-COL-0182"", ""trigger_snapshot"": ""2025-05-10""}",2025-05-26 13:27:00+00,2026-08-10 19:03:05.467947+00
9fbdb75c-9459-4a6a-a61c-d6f5b08e1cbe,TCK-000071,70031a5c-7385-4d3c-ab08-a89c6a6e3f7b,8f2b1c74-59d3-4a6e-9b21-7c4e0a5d3f88,Engine oil life exhausted - service overdue,"Oil life monitor has reached the end of its interval. Requesting engine oil and filter service before further dispatch.

Vehicle: Nissan Caravan (SP PD-5049), bay C-020.",closed,high,high,high,mechanical,mechanical,Oil issue reported on Nissan Caravan (SP PD-5049); mechanical team engaged.,,f5c5fcf9-db41-4ec7-ba55-901110e56949,a363109b-c8ce-4177-9d91-030ac0b8df3a,a363109b-c8ce-4177-9d91-030ac0b8df3a,2024-08-13 09:24:00+00,2024-08-29 12:04:00+00,2024-08-29 12:04:00+00,2024-09-07 17:32:00+00,"{""component"": ""oil"", ""asset_code"": ""LLX-GLE-0140"", ""trigger_snapshot"": ""2024-08-10""}",2024-08-13 09:24:00+00,2026-08-10 19:03:05.467947+00
3f949915-70cf-451c-a0e1-e84f1ba0e29d,TCK-000072,00cd8313-ac0b-4c37-9c9c-c5e9cdfb7b2c,23a10ad6-f2ff-4aab-9878-de0f37f6bbe0,Hydraulic lift slow to respond,"Forklift mast raises slowly under load and drifts down when held. Requesting hydraulic fluid, seal and pump inspection.

Vehicle: Nissan Caravan (UP PC-9235), bay B-022.",closed,low,low,low,mechanical,mechanical,Hydraulic issue reported on Nissan Caravan (UP PC-9235); mechanical team engaged.,,84ba50f5-a2ed-4682-8ba5-e5556fff4b51,6307ed65-c77c-40e7-9e0f-0b67135eb7b1,6307ed65-c77c-40e7-9e0f-0b67135eb7b1,2025-12-23 08:15:00+00,2026-01-17 08:49:00+00,2026-01-17 08:49:00+00,2026-01-21 17:38:00+00,"{""component"": ""hydraulic"", ""asset_code"": ""LLX-BDL-0082"", ""trigger_snapshot"": ""2025-12-10""}",2025-12-23 08:15:00+00,2026-08-10 19:03:05.467947+00
6a9da926-2762-4914-aa41-ddf8cd612daf,TCK-000073,b67afa56-7fdb-4eee-9890-ec95a9d88ebe,23a10ad6-f2ff-4aab-9878-de0f37f6bbe0,Battery voltage low - charging system check required,"Battery voltage trend is below target and the vehicle is slow to crank in the morning. Electrical team to test battery health, alternator output and earth connections.

Vehicle: Heli CPCD30 (BDL-FL-039), bay A-039.",open,medium,medium,medium,electrical,electrical,Battery issue reported on Heli CPCD30 (BDL-FL-039); electrical team engaged.,,b9744ffe-17c8-4628-9742-ff7af635f88d,65a5b696-653b-4c78-8e17-17f954b7992b,,2026-04-26 12:07:00+00,,,,"{""component"": ""battery"", ""asset_code"": ""LLX-BDL-0039"", ""trigger_snapshot"": ""2026-04-10""}",2026-04-26 12:07:00+00,2026-08-10 19:03:05.467947+00
8948318c-6b07-43a3-b06a-5b10eea76bed,TCK-000074,f49f02d2-dd9d-45b1-a1ca-3d87662a46ff,c537c281-b6ad-4842-94ec-e937be0083e5,Battery voltage low - charging system check required,"Battery voltage trend is below target and the vehicle is slow to crank in the morning. Electrical team to test battery health, alternator output and earth connections.

Vehicle: Isuzu FVR (WP LE-9122), bay G-014.",closed,high,high,high,electrical,electrical,Battery issue reported on Isuzu FVR (WP LE-9122); electrical team engaged.,,741f34c2-9570-4d2f-9d70-f485e5c1f96f,a817e3da-c239-49df-b5b4-e605451fa66c,a817e3da-c239-49df-b5b4-e605451fa66c,2024-08-21 12:38:00+00,2024-09-07 13:31:00+00,2024-09-07 13:31:00+00,2024-09-09 12:47:00+00,"{""component"": ""battery"", ""asset_code"": ""LLX-COL-0374"", ""trigger_snapshot"": ""2024-08-10""}",2024-08-21 12:38:00+00,2026-08-10 19:03:05.467947+00
bde7934b-82db-4c14-8d29-c80eb584b8cf,TCK-000075,0735a4ba-c7c9-481c-8b69-c45843eb6a97,c537c281-b6ad-4842-94ec-e937be0083e5,Brake performance degraded - inspection required,"Driver reports longer stopping distance and reduced pedal firmness. Brake wear indicator is low on condition monitoring. Mechanical team to inspect pads, discs and brake fluid.

Vehicle: Isuzu FVR (WP LE-7791), bay G-022.",resolved,medium,medium,medium,mechanical,mechanical,Brake issue reported on Isuzu FVR (WP LE-7791); mechanical team engaged.,,069f1f28-cb8b-428e-8adb-2793823295cd,f9e17e55-3ce7-47d6-beff-7dc3c8ecad6c,f9e17e55-3ce7-47d6-beff-7dc3c8ecad6c,2025-04-15 16:37:00+00,2025-05-04 05:28:00+00,2025-05-04 05:28:00+00,,"{""component"": ""brake"", ""asset_code"": ""LLX-COL-0382"", ""trigger_snapshot"": ""2025-04-10""}",2025-04-15 16:37:00+00,2026-08-10 19:03:05.467947+00
0e40649c-61a3-4873-ac0a-2a49968f9cf0,TCK-000076,ba24d44f-89d7-46f6-bca0-0e88f2609048,c537c281-b6ad-4842-94ec-e937be0083e5,Brake noise reported during descent,"Squealing and vibration reported under braking on gradient. Requesting brake pad and disc inspection before the vehicle returns to route.

Vehicle: Tata Ultra T.7 (WP LC-6384), bay F-009.",resolved,medium,medium,medium,mechanical,mechanical,Brake issue reported on Tata Ultra T.7 (WP LC-6384); mechanical team engaged.,,12db3dcf-a204-4a5b-a373-e937d8da705f,0bcca5d2-620c-4e90-ae82-fb6ffc7af33d,0bcca5d2-620c-4e90-ae82-fb6ffc7af33d,2026-04-20 13:26:00+00,2026-05-08 15:59:00+00,2026-05-08 15:59:00+00,,"{""component"": ""brake"", ""asset_code"": ""LLX-COL-0309"", ""trigger_snapshot"": ""2026-04-10""}",2026-04-20 13:26:00+00,2026-08-10 19:03:05.467947+00
da2bfbad-7c4d-4fff-b40f-b73468dc6817,TCK-000077,3a8007b3-2b06-4a51-a71e-64f622bbcc01,23a10ad6-f2ff-4aab-9878-de0f37f6bbe0,Brake performance degraded - inspection required,"Driver reports longer stopping distance and reduced pedal firmness. Brake wear indicator is low on condition monitoring. Mechanical team to inspect pads, discs and brake fluid.

Vehicle: Mahindra Bolero Pickup (UP LA-6873), bay B-034.",resolved,medium,medium,medium,mechanical,mechanical,Brake issue reported on Mahindra Bolero Pickup (UP LA-6873); mechanical team engaged.,,51ed755f-22ae-4531-a9f7-a80a516f97b6,e4333d48-503a-4694-b7d9-97ac9dee27e0,e4333d48-503a-4694-b7d9-97ac9dee27e0,2025-08-14 17:31:00+00,2025-09-06 12:13:00+00,2025-09-06 12:13:00+00,,"{""component"": ""brake"", ""asset_code"": ""LLX-BDL-0094"", ""trigger_snapshot"": ""2025-08-10""}",2025-08-14 17:31:00+00,2026-08-10 19:03:05.467947+00
f61d2591-c689-47eb-a4ba-2998ac3f964e,TCK-000078,f543eae6-3331-46c6-a09a-614bf6b75ac7,23a10ad6-f2ff-4aab-9878-de0f37f6bbe0,Hydraulic lift slow to respond,"Forklift mast raises slowly under load and drifts down when held. Requesting hydraulic fluid, seal and pump inspection.

Vehicle: Komatsu FD25 (BDL-FL-009), bay A-009.",closed,high,high,high,mechanical,mechanical,Hydraulic issue reported on Komatsu FD25 (BDL-FL-009); mechanical team engaged.,,b075cf11-faac-4883-acb3-c4402c230c0d,832b089f-ff95-441d-a9ca-716951d24f37,832b089f-ff95-441d-a9ca-716951d24f37,2025-03-20 17:19:00+00,2025-04-08 08:33:00+00,2025-04-08 08:33:00+00,2025-04-12 14:19:00+00,"{""component"": ""hydraulic"", ""asset_code"": ""LLX-BDL-0009"", ""trigger_snapshot"": ""2025-03-10""}",2025-03-20 17:19:00+00,2026-08-10 19:03:05.467947+00
953f75da-1407-48dd-bd0c-11400d4f717b,TCK-000079,fe6ce952-a70c-4eea-808c-47e5a4efbba8,c537c281-b6ad-4842-94ec-e937be0083e5,Tyre wear beyond service limit,"Tread depth is below the service threshold on condition monitoring. Requesting tyre replacement and wheel alignment check.

Vehicle: Mitsubishi Fuso Fighter (WP LE-5921), bay G-026.",closed,medium,medium,medium,mechanical,mechanical,Tire issue reported on Mitsubishi Fuso Fighter (WP LE-5921); mechanical team engaged.,,80e1566c-3ebe-4998-9ad4-6507a45544b7,b958f053-fb9d-4b81-9996-c7ca66269f1c,b958f053-fb9d-4b81-9996-c7ca66269f1c,2025-12-27 11:33:00+00,2026-01-07 16:44:00+00,2026-01-07 16:44:00+00,2026-01-16 14:12:00+00,"{""component"": ""tire"", ""asset_code"": ""LLX-COL-0386"", ""trigger_snapshot"": ""2025-12-10""}",2025-12-27 11:33:00+00,2026-08-10 19:03:05.467947+00
f8e7403c-d840-4098-8a93-252db99b5988,TCK-000080,f406213d-438b-42d0-b5a0-af45d4f0cec4,c537c281-b6ad-4842-94ec-e937be0083e5,Oil pressure warning intermittent,"Intermittent oil pressure warning reported on the instrument cluster. Requesting oil level, filter and sender inspection.

Vehicle: Isuzu ELF NKR (WP LC-3961), bay F-011.",resolved,high,high,high,mechanical,mechanical,Oil issue reported on Isuzu ELF NKR (WP LC-3961); mechanical team engaged.,,fbfd12a4-aea1-4200-8104-70011607cf54,728c431d-a607-4a38-9b1a-2287ce9979ad,728c431d-a607-4a38-9b1a-2287ce9979ad,2025-02-22 15:09:00+00,2025-02-23 17:20:00+00,2025-02-23 17:20:00+00,,"{""component"": ""oil"", ""asset_code"": ""LLX-COL-0311"", ""trigger_snapshot"": ""2025-02-10""}",2025-02-22 15:09:00+00,2026-08-10 19:03:05.467947+00
8e090634-50e4-4bf5-98e4-0aefb645c8d5,TCK-000081,6afa9f77-c0a3-49fa-8f00-1c6dbad64985,c537c281-b6ad-4842-94ec-e937be0083e5,Hydraulic fluid weeping at cylinder,"Visible weeping at the lift cylinder and reduced hydraulic performance on monitoring. Requesting seal replacement.

Vehicle: Toyota HiAce (WP PD-1870), bay D-019.",resolved,low,low,low,mechanical,mechanical,Hydraulic issue reported on Toyota HiAce (WP PD-1870); mechanical team engaged.,,a147aaff-7666-44df-be95-5ac65ea9bc50,728c431d-a607-4a38-9b1a-2287ce9979ad,728c431d-a607-4a38-9b1a-2287ce9979ad,2025-04-24 06:13:00+00,2025-04-26 15:26:00+00,2025-04-26 15:26:00+00,,"{""component"": ""hydraulic"", ""asset_code"": ""LLX-COL-0199"", ""trigger_snapshot"": ""2025-04-10""}",2025-04-24 06:13:00+00,2026-08-10 19:03:05.467947+00
c02090af-2e14-4bbe-b83c-b586fa7595b4,TCK-000082,6d908a07-9c8e-4264-b452-1fb7f540e3cf,c537c281-b6ad-4842-94ec-e937be0083e5,Brake noise reported during descent,"Squealing and vibration reported under braking on gradient. Requesting brake pad and disc inspection before the vehicle returns to route.

Vehicle: Tata Ace (WP LB-1810), bay E-023.",open,high,high,high,software,mechanical,Brake issue reported on Tata Ace (WP LB-1810); mechanical team engaged.,,50bf24b6-3d33-459f-9fda-8afb2e3d9611,ff7c83e7-5c79-453d-ba13-4194d70d1e17,,2026-07-29 09:42:00+00,,,,"{""component"": ""brake"", ""asset_code"": ""LLX-COL-0263"", ""trigger_snapshot"": ""2026-07-10""}",2026-07-29 09:42:00+00,2026-08-10 19:03:05.467947+00
593b0b1c-a328-4515-876c-c645cd0c6f12,TCK-000083,dd6b21fc-0cb3-43f0-b8fe-6794a5f3330b,c537c281-b6ad-4842-94ec-e937be0083e5,Telematics unit not reporting,"Sensor gateway on this vehicle has stopped publishing readings. Software team to check the telematics unit, SIM connectivity and data pipeline ingestion.

Vehicle: Mitsubishi Canter (WP LC-6843), bay F-023.",resolved,medium,medium,medium,software,software,Telematics issue reported on Mitsubishi Canter (WP LC-6843); software team engaged.,,dce5acc1-2b48-49b6-9996-408cc390fcf5,45e88c26-b5d7-4353-ad6a-6acd15416a21,45e88c26-b5d7-4353-ad6a-6acd15416a21,2026-04-21 06:41:00+00,2026-05-02 09:31:00+00,2026-05-02 09:31:00+00,,"{""component"": ""telematics"", ""asset_code"": ""LLX-COL-0323"", ""trigger_snapshot"": ""2026-04-10""}",2026-04-21 06:41:00+00,2026-08-10 19:03:05.467947+00
a971f096-6445-4052-b06e-32e63e66b577,TCK-000084,1eac5bce-8a58-4d81-9e80-5453a2e05447,8f2b1c74-59d3-4a6e-9b21-7c4e0a5d3f88,Brake performance degraded - inspection required,"Driver reports longer stopping distance and reduced pedal firmness. Brake wear indicator is low on condition monitoring. Mechanical team to inspect pads, discs and brake fluid.

Vehicle: Toyota 8FD30 (GLE-FL-065), bay B-005.",closed,low,low,low,mechanical,mechanical,Brake issue reported on Toyota 8FD30 (GLE-FL-065); mechanical team engaged.,,bda677d3-7700-431f-a3d6-861b92a3bace,f7c70716-6d01-4c40-8743-ff7f08973f3a,f7c70716-6d01-4c40-8743-ff7f08973f3a,2024-09-14 12:21:00+00,2024-10-02 15:48:00+00,2024-10-02 15:48:00+00,2024-10-05 16:46:00+00,"{""component"": ""brake"", ""asset_code"": ""LLX-GLE-0065"", ""trigger_snapshot"": ""2024-09-10""}",2024-09-14 12:21:00+00,2026-08-10 19:03:05.467947+00
b7e443a0-7bfb-4c27-82e6-2dec3ba74250,TCK-000085,7b5e6dc3-20cc-486d-a186-dbe7ad427b78,c537c281-b6ad-4842-94ec-e937be0083e5,Hydraulic fluid weeping at cylinder,"Visible weeping at the lift cylinder and reduced hydraulic performance on monitoring. Requesting seal replacement.

Vehicle: Komatsu FD25 (COL-FL-063), bay B-003.",closed,high,high,high,mechanical,mechanical,Hydraulic issue reported on Komatsu FD25 (COL-FL-063); mechanical team engaged.,,51ed7e64-6868-4e03-9b23-cb9d7039bb47,838168e2-a894-48b0-9e58-4f1f4612a1b3,838168e2-a894-48b0-9e58-4f1f4612a1b3,2026-03-20 10:09:00+00,2026-04-13 12:39:00+00,2026-04-13 12:39:00+00,2026-04-17 10:45:00+00,"{""component"": ""hydraulic"", ""asset_code"": ""LLX-COL-0063"", ""trigger_snapshot"": ""2026-03-10""}",2026-03-20 10:09:00+00,2026-08-10 19:03:05.467947+00
722a9e34-8674-4acc-a46a-16190b0acb78,TCK-000086,26e54747-7b1e-4bef-959b-3acb36c1da52,8f2b1c74-59d3-4a6e-9b21-7c4e0a5d3f88,Brake noise reported during descent,"Squealing and vibration reported under braking on gradient. Requesting brake pad and disc inspection before the vehicle returns to route.

Vehicle: Mahindra Bolero Pickup (SP LA-3620), bay C-033.",closed,high,high,high,mechanical,mechanical,Brake issue reported on Mahindra Bolero Pickup (SP LA-3620); mechanical team engaged.,,620ee403-2775-4780-9c7d-1ea3a6ad5f75,258cec76-5677-463e-88d0-84f8488b8d19,258cec76-5677-463e-88d0-84f8488b8d19,2025-08-15 13:30:00+00,2025-09-04 11:13:00+00,2025-09-04 11:13:00+00,2025-09-06 14:59:00+00,"{""component"": ""brake"", ""asset_code"": ""LLX-GLE-0153"", ""trigger_snapshot"": ""2025-08-10""}",2025-08-15 13:30:00+00,2026-08-10 19:03:05.467947+00
65465e9d-3a76-446f-a17b-47e3a44b2114,TCK-000087,b7c9973c-eda4-450f-8b2c-c13afeb6defa,c537c281-b6ad-4842-94ec-e937be0083e5,Brake noise reported during descent,"Squealing and vibration reported under braking on gradient. Requesting brake pad and disc inspection before the vehicle returns to route.

Vehicle: Isuzu FVR (WP LE-3901), bay G-010.",closed,high,high,high,mechanical,mechanical,Brake issue reported on Isuzu FVR (WP LE-3901); mechanical team engaged.,,e056e605-c38d-4ee7-a691-1cf7bbd4a237,d4ab1734-15c1-4d19-a3f3-9db75f910cd8,d4ab1734-15c1-4d19-a3f3-9db75f910cd8,2024-10-12 11:22:00+00,2024-10-28 06:45:00+00,2024-10-28 06:45:00+00,2024-10-30 12:44:00+00,"{""component"": ""brake"", ""asset_code"": ""LLX-COL-0370"", ""trigger_snapshot"": ""2024-10-10""}",2024-10-12 11:22:00+00,2026-08-10 19:03:05.467947+00
584497cf-efd6-4f3a-922f-d24cd8e8966c,TCK-000088,fa2cad79-eb72-4e60-9692-0d329d7f16b7,c537c281-b6ad-4842-94ec-e937be0083e5,Brake noise reported during descent,"Squealing and vibration reported under braking on gradient. Requesting brake pad and disc inspection before the vehicle returns to route.

Vehicle: Piaggio Porter (WP LB-5740), bay E-052.",resolved,high,high,high,mechanical,mechanical,Brake issue reported on Piaggio Porter (WP LB-5740); mechanical team engaged.,,9d13970f-2a41-435e-8706-26d1a28fe323,1ad7ccbc-6809-4f96-83f4-c7636a2a4728,1ad7ccbc-6809-4f96-83f4-c7636a2a4728,2025-10-14 06:25:00+00,2025-11-08 17:00:00+00,2025-11-08 17:00:00+00,,"{""component"": ""brake"", ""asset_code"": ""LLX-COL-0292"", ""trigger_snapshot"": ""2025-10-10""}",2025-10-14 06:25:00+00,2026-08-10 19:03:05.467947+00
451b49fd-1312-4be0-9c47-c09622d3c7fa,TCK-000089,8460a2bc-30ae-4a26-9c09-75af1ba3b47b,c537c281-b6ad-4842-94ec-e937be0083e5,Oil pressure warning intermittent,"Intermittent oil pressure warning reported on the instrument cluster. Requesting oil level, filter and sender inspection.

Vehicle: Mitsubishi Canter (WP LC-4358), bay F-017.",resolved,high,low,high,mechanical,mechanical,Oil issue reported on Mitsubishi Canter (WP LC-4358); mechanical team engaged.,,aba21d1b-36a1-4357-9262-19a52974219f,79bbaaa4-918b-47e0-ba89-d5f2b5a4d4ba,79bbaaa4-918b-47e0-ba89-d5f2b5a4d4ba,2026-06-10 15:15:00+00,2026-06-19 10:10:00+00,2026-06-19 10:10:00+00,,"{""component"": ""oil"", ""asset_code"": ""LLX-COL-0317"", ""trigger_snapshot"": ""2026-06-10""}",2026-06-10 15:15:00+00,2026-08-10 19:03:05.467947+00
57738ad4-cce5-41c7-b1b1-18e4e29ae6ac,TCK-000090,cba2e7a3-c472-4cba-ad57-1f179fa131a9,8f2b1c74-59d3-4a6e-9b21-7c4e0a5d3f88,Repeated hard starting in early shift,"Vehicle requires multiple crank attempts at shift start. Battery state of health is degraded on monitoring. Requesting battery and charging system diagnosis.

Vehicle: Piaggio Porter (SP LA-3953), bay C-023.",closed,medium,medium,medium,electrical,electrical,Battery issue reported on Piaggio Porter (SP LA-3953); electrical team engaged.,,bc215710-21f6-4d29-8232-a879103befae,bf2345c5-305b-49ba-b06b-ecb5fede548e,bf2345c5-305b-49ba-b06b-ecb5fede548e,2025-06-25 09:51:00+00,2025-06-30 05:03:00+00,2025-06-30 05:03:00+00,2025-07-03 15:52:00+00,"{""component"": ""battery"", ""asset_code"": ""LLX-GLE-0143"", ""trigger_snapshot"": ""2025-06-10""}",2025-06-25 09:51:00+00,2026-08-10 19:03:05.467947+00
ab64188c-7fbb-4ba0-87ea-b3d6400874a7,TCK-000091,2322eab1-2615-413a-b5fa-fdbb268e7ad0,c537c281-b6ad-4842-94ec-e937be0083e5,Odometer readings inconsistent in platform,"Reported odometer on the platform disagrees with the vehicle cluster. Software team to verify sensor mapping and ingestion for this asset.

Vehicle: Toyota 8FD30 (COL-FL-109), bay B-049.",closed,high,high,high,software,software,Telematics issue reported on Toyota 8FD30 (COL-FL-109); software team engaged.,,9f06cc9a-b7c3-4251-821a-1cd09e60ef22,e18b9597-e19d-4125-87b3-e16052485871,e18b9597-e19d-4125-87b3-e16052485871,2025-05-24 10:38:00+00,2025-05-26 09:32:00+00,2025-05-26 09:32:00+00,2025-06-03 10:15:00+00,"{""component"": ""telematics"", ""asset_code"": ""LLX-COL-0109"", ""trigger_snapshot"": ""2025-05-10""}",2025-05-24 10:38:00+00,2026-08-10 19:03:05.467947+00
61e551de-b50b-47fa-bc5c-d18e77b11837,TCK-000092,70b2c468-9a8e-49bf-bd7e-9a3924e3ef62,8f2b1c74-59d3-4a6e-9b21-7c4e0a5d3f88,Odometer readings inconsistent in platform,"Reported odometer on the platform disagrees with the vehicle cluster. Software team to verify sensor mapping and ingestion for this asset.

Vehicle: Isuzu ELF NKR (SP LC-9791), bay C-057.",resolved,medium,medium,medium,software,software,Telematics issue reported on Isuzu ELF NKR (SP LC-9791); software team engaged.,,85677b33-5692-4c2d-8b6d-f63fdc4cccab,cdd74f33-dff3-4b0f-8378-d2989570b4c6,cdd74f33-dff3-4b0f-8378-d2989570b4c6,2026-03-24 06:18:00+00,2026-03-25 08:33:00+00,2026-03-25 08:33:00+00,,"{""component"": ""telematics"", ""asset_code"": ""LLX-GLE-0177"", ""trigger_snapshot"": ""2026-03-10""}",2026-03-24 06:18:00+00,2026-08-10 19:03:05.467947+00
6ccd2eb6-2972-4ef7-96ad-a7b3da14cdb1,TCK-000093,10a670ae-0273-414b-a826-a7f17e58a75b,8f2b1c74-59d3-4a6e-9b21-7c4e0a5d3f88,Tyre wear beyond service limit,"Tread depth is below the service threshold on condition monitoring. Requesting tyre replacement and wheel alignment check.

Vehicle: Heli CPCD25 (GLE-FL-012), bay A-012.",resolved,high,high,high,mechanical,mechanical,Tire issue reported on Heli CPCD25 (GLE-FL-012); mechanical team engaged.,,c9d9cd57-6074-4c5b-87b0-f093e04db48b,198393db-38d9-4a32-b015-0658a170bec1,198393db-38d9-4a32-b015-0658a170bec1,2025-07-10 16:11:00+00,2025-07-24 16:57:00+00,2025-07-24 16:57:00+00,,"{""component"": ""tire"", ""asset_code"": ""LLX-GLE-0012"", ""trigger_snapshot"": ""2025-07-10""}",2025-07-10 16:11:00+00,2026-08-10 19:03:05.467947+00
1a4d2dc6-8eeb-46c5-9269-d3e6a1380566,TCK-000094,1f9f534a-b943-4095-86a0-6dc2e82b96aa,23a10ad6-f2ff-4aab-9878-de0f37f6bbe0,Tyre wear beyond service limit,"Tread depth is below the service threshold on condition monitoring. Requesting tyre replacement and wheel alignment check.

Vehicle: Komatsu FD25 (BDL-FL-026), bay A-026.",closed,medium,medium,medium,electrical,mechanical,Tire issue reported on Komatsu FD25 (BDL-FL-026); mechanical team engaged.,,e2f4db5d-5268-451f-8f58-023f568f8422,97cc4d1b-3c67-439f-8fdf-b355eb120cfa,97cc4d1b-3c67-439f-8fdf-b355eb120cfa,2025-05-20 06:31:00+00,2025-05-31 11:29:00+00,2025-05-31 11:29:00+00,2025-06-06 08:21:00+00,"{""component"": ""tire"", ""asset_code"": ""LLX-BDL-0026"", ""trigger_snapshot"": ""2025-05-10""}",2025-05-20 06:31:00+00,2026-08-10 19:03:05.467947+00
7df21cf1-1ab8-4958-b690-011dee9fe807,TCK-000095,747928e3-5e7b-4e8b-a481-bacc826edb25,8f2b1c74-59d3-4a6e-9b21-7c4e0a5d3f88,Hydraulic fluid weeping at cylinder,"Visible weeping at the lift cylinder and reduced hydraulic performance on monitoring. Requesting seal replacement.

Vehicle: Mercedes Actros 1836 (SP LH-5044), bay E-004.",resolved,medium,medium,medium,mechanical,mechanical,Hydraulic issue reported on Mercedes Actros 1836 (SP LH-5044); mechanical team engaged.,,6692c7dd-4b6b-4908-86a3-91731b323aff,e1c1397c-6345-47ab-948e-0f3e68d615b7,e1c1397c-6345-47ab-948e-0f3e68d615b7,2026-06-17 13:50:00+00,2026-06-27 09:32:00+00,2026-06-27 09:32:00+00,,"{""component"": ""hydraulic"", ""asset_code"": ""LLX-GLE-0244"", ""trigger_snapshot"": ""2026-06-10""}",2026-06-17 13:50:00+00,2026-08-10 19:03:05.467947+00
d9aafe76-7340-4a2b-aaf2-ca0ca37dde6e,TCK-000096,14dade97-29fe-4dd3-bcdb-2af7c81e3c47,8f2b1c74-59d3-4a6e-9b21-7c4e0a5d3f88,Battery voltage low - charging system check required,"Battery voltage trend is below target and the vehicle is slow to crank in the morning. Electrical team to test battery health, alternator output and earth connections.

Vehicle: Mahindra Bolero Pickup (SP LA-9161), bay C-035.",closed,medium,medium,medium,electrical,electrical,Battery issue reported on Mahindra Bolero Pickup (SP LA-9161); electrical team engaged.,,1ee01826-f527-47b8-9e03-d1f37836438b,ea3a55a2-e8eb-400a-a3e6-3895bf70675d,ea3a55a2-e8eb-400a-a3e6-3895bf70675d,2024-08-12 16:11:00+00,2024-09-05 13:16:00+00,2024-09-05 13:16:00+00,2024-09-11 13:41:00+00,"{""component"": ""battery"", ""asset_code"": ""LLX-GLE-0155"", ""trigger_snapshot"": ""2024-08-10""}",2024-08-12 16:11:00+00,2026-08-10 19:03:05.467947+00
88e0ca3c-abac-487b-b18a-5a0a1e1f31ef,TCK-000097,d94fb043-f082-49d9-86c7-ca754ca6de81,23a10ad6-f2ff-4aab-9878-de0f37f6bbe0,Engine oil life exhausted - service overdue,"Oil life monitor has reached the end of its interval. Requesting engine oil and filter service before further dispatch.

Vehicle: Mitsubishi Fuso Fighter (UP LE-1099), bay D-007.",closed,high,high,high,mechanical,mechanical,Oil issue reported on Mitsubishi Fuso Fighter (UP LE-1099); mechanical team engaged.,,08145333-aa5a-4ff6-ae10-7a43aa8d5326,6307ed65-c77c-40e7-9e0f-0b67135eb7b1,6307ed65-c77c-40e7-9e0f-0b67135eb7b1,2025-04-29 14:37:00+00,2025-05-14 12:29:00+00,2025-05-14 12:29:00+00,2025-05-16 06:15:00+00,"{""component"": ""oil"", ""asset_code"": ""LLX-BDL-0187"", ""trigger_snapshot"": ""2025-04-10""}",2025-04-29 14:37:00+00,2026-08-10 19:03:05.467947+00
18c15243-d26e-4da1-ae50-a9632802a760,TCK-000098,2daefc38-a8c3-4175-bcef-6be2cbec8dcb,c537c281-b6ad-4842-94ec-e937be0083e5,Battery voltage low - charging system check required,"Battery voltage trend is below target and the vehicle is slow to crank in the morning. Electrical team to test battery health, alternator output and earth connections.

Vehicle: Mitsubishi Canter (WP LD-2156), bay F-036.",closed,medium,medium,medium,electrical,electrical,Battery issue reported on Mitsubishi Canter (WP LD-2156); electrical team engaged.,,b86c3428-f167-40ff-8973-9c69b332b108,9f45c98b-3562-45af-8cb4-fee17952ecd9,9f45c98b-3562-45af-8cb4-fee17952ecd9,2025-11-20 17:10:00+00,2025-11-25 16:21:00+00,2025-11-25 16:21:00+00,2025-12-02 05:08:00+00,"{""component"": ""battery"", ""asset_code"": ""LLX-COL-0336"", ""trigger_snapshot"": ""2025-11-10""}",2025-11-20 17:10:00+00,2026-08-10 19:03:05.467947+00
96b6bf3a-4786-4bc1-aa47-d5bf97f4ced9,TCK-000099,7f911169-073c-45e3-9070-4c3b8f88932a,c537c281-b6ad-4842-94ec-e937be0083e5,Hydraulic fluid weeping at cylinder,"Visible weeping at the lift cylinder and reduced hydraulic performance on monitoring. Requesting seal replacement.

Vehicle: Piaggio Porter (WP LA-2500), bay E-051.",resolved,high,high,high,electrical,mechanical,Hydraulic issue reported on Piaggio Porter (WP LA-2500); mechanical team engaged.,,071c8cbe-8125-4dde-ae07-2ac65beea113,3ed87f3f-9d1e-409e-af21-14fee9e9bc14,3ed87f3f-9d1e-409e-af21-14fee9e9bc14,2025-09-21 09:22:00+00,2025-09-29 07:11:00+00,2025-09-29 07:11:00+00,,"{""component"": ""hydraulic"", ""asset_code"": ""LLX-COL-0291"", ""trigger_snapshot"": ""2025-09-10""}",2025-09-21 09:22:00+00,2026-08-10 19:03:05.467947+00
9bdda28d-85be-4c4c-b133-4649da5ae9ea,TCK-000100,fa7b7a96-da06-4b69-8d99-43d777490b27,c537c281-b6ad-4842-94ec-e937be0083e5,Fault codes not clearing after service,"Active fault codes remain present on the dashboard after the workshop reset. Requesting diagnostic tool session and ECU log review.

Vehicle: Toyota HiAce (WP PE-9940), bay D-023.",closed,high,high,high,software,software,Telematics issue reported on Toyota HiAce (WP PE-9940); software team engaged.,,1e388fd6-b491-4658-925b-03279819fa02,00e5d1da-737f-4af2-9618-a843c6ba6bc0,00e5d1da-737f-4af2-9618-a843c6ba6bc0,2026-02-15 15:03:00+00,2026-03-03 16:14:00+00,2026-03-03 16:14:00+00,2026-03-06 08:34:00+00,"{""component"": ""telematics"", ""asset_code"": ""LLX-COL-0203"", ""trigger_snapshot"": ""2026-02-10""}",2026-02-15 15:03:00+00,2026-08-10 19:03:05.467947+00
bea03e93-bacd-43da-ae9b-84ef32a3fc48,TCK-000101,f406213d-438b-42d0-b5a0-af45d4f0cec4,c537c281-b6ad-4842-94ec-e937be0083e5,Battery voltage low - charging system check required,"Battery voltage trend is below target and the vehicle is slow to crank in the morning. Electrical team to test battery health, alternator output and earth connections.

Vehicle: Isuzu ELF NKR (WP LC-3961), bay F-011.",resolved,medium,medium,medium,electrical,electrical,Battery issue reported on Isuzu ELF NKR (WP LC-3961); electrical team engaged.,,9bd7dc69-8146-4996-8a28-bda2751c2c1e,8eff9acb-560a-454d-b4e0-e23389a2264b,8eff9acb-560a-454d-b4e0-e23389a2264b,2024-10-21 16:50:00+00,2024-11-04 06:33:00+00,2024-11-04 06:33:00+00,,"{""component"": ""battery"", ""asset_code"": ""LLX-COL-0311"", ""trigger_snapshot"": ""2024-10-10""}",2024-10-21 16:50:00+00,2026-08-10 19:03:05.467947+00
121fd023-9ec7-4a2a-b660-d040ef92efff,TCK-000102,25ceccf6-4e2f-4f5b-ad67-15e4a4e012ad,c537c281-b6ad-4842-94ec-e937be0083e5,Odometer readings inconsistent in platform,"Reported odometer on the platform disagrees with the vehicle cluster. Software team to verify sensor mapping and ingestion for this asset.

Vehicle: Isuzu FVR (WP LF-4807), bay G-032.",closed,low,high,low,software,software,Telematics issue reported on Isuzu FVR (WP LF-4807); software team engaged.,,071c8cbe-8125-4dde-ae07-2ac65beea113,9bc0ebab-c628-4af5-b5cc-f9a69e14ee0c,9bc0ebab-c628-4af5-b5cc-f9a69e14ee0c,2025-09-19 17:58:00+00,2025-10-02 17:53:00+00,2025-10-02 17:53:00+00,2025-10-11 08:15:00+00,"{""component"": ""telematics"", ""asset_code"": ""LLX-COL-0392"", ""trigger_snapshot"": ""2025-09-10""}",2025-09-19 17:58:00+00,2026-08-10 19:03:05.467947+00
98024d40-8166-4b97-a912-fc3946ba62c3,TCK-000103,b4f49623-881f-467a-b23d-9fa7d1eb7517,c537c281-b6ad-4842-94ec-e937be0083e5,Oil pressure warning intermittent,"Intermittent oil pressure warning reported on the instrument cluster. Requesting oil level, filter and sender inspection.

Vehicle: KDH Van (WP PC-9258), bay C-044.",closed,medium,medium,medium,mechanical,mechanical,Oil issue reported on KDH Van (WP PC-9258); mechanical team engaged.,,12db3dcf-a204-4a5b-a373-e937d8da705f,7644642e-745c-4474-890f-0f840a0b5df8,7644642e-745c-4474-890f-0f840a0b5df8,2026-03-10 14:18:00+00,2026-03-20 09:43:00+00,2026-03-20 09:43:00+00,2026-03-28 09:53:00+00,"{""component"": ""oil"", ""asset_code"": ""LLX-COL-0164"", ""trigger_snapshot"": ""2026-03-10""}",2026-03-10 14:18:00+00,2026-08-10 19:03:05.467947+00
164b1578-2df6-46d9-9524-35038ea22a7d,TCK-000104,496cb5d4-46f5-427e-abc3-2395952ac9af,8f2b1c74-59d3-4a6e-9b21-7c4e0a5d3f88,Engine oil life exhausted - service overdue,"Oil life monitor has reached the end of its interval. Requesting engine oil and filter service before further dispatch.

Vehicle: KDH Van (SP PC-9917), bay B-043.",open,low,low,low,software,mechanical,Oil issue reported on KDH Van (SP PC-9917); mechanical team engaged.,,e9baee08-416a-4875-a426-d88003f53bb3,ac56c0dc-f5dc-458e-ad2c-545b392395a3,,2026-06-17 08:05:00+00,,,,"{""component"": ""oil"", ""asset_code"": ""LLX-GLE-0103"", ""trigger_snapshot"": ""2026-06-10""}",2026-06-17 08:05:00+00,2026-08-10 19:03:05.467947+00
864272d0-a0f0-4b9e-9c6d-0e02ad51d5ec,TCK-000105,4ea43bce-580b-4ac1-b814-7fd96b23e1c7,23a10ad6-f2ff-4aab-9878-de0f37f6bbe0,Battery voltage low - charging system check required,"Battery voltage trend is below target and the vehicle is slow to crank in the morning. Electrical team to test battery health, alternator output and earth connections.

Vehicle: Tata T.12 (UP LE-7734), bay D-004.",closed,high,high,high,electrical,electrical,Battery issue reported on Tata T.12 (UP LE-7734); electrical team engaged.,,14479c56-9ab9-4eab-bec5-c8323d7dde9b,65a5b696-653b-4c78-8e17-17f954b7992b,65a5b696-653b-4c78-8e17-17f954b7992b,2025-08-13 12:55:00+00,2025-08-16 09:35:00+00,2025-08-16 09:35:00+00,2025-08-26 06:26:00+00,"{""component"": ""battery"", ""asset_code"": ""LLX-BDL-0184"", ""trigger_snapshot"": ""2025-08-10""}",2025-08-13 12:55:00+00,2026-08-10 19:03:05.467947+00
505bd5b4-f9eb-4418-a2bc-04e9567d06c9,TCK-000106,28b7a4b0-a95f-496f-9af5-0e7e5f2c5988,8f2b1c74-59d3-4a6e-9b21-7c4e0a5d3f88,Telematics unit not reporting,"Sensor gateway on this vehicle has stopped publishing readings. Software team to check the telematics unit, SIM connectivity and data pipeline ingestion.

Vehicle: Nissan Caravan (SP PC-6266), bay B-041.",closed,high,high,high,software,software,Telematics issue reported on Nissan Caravan (SP PC-6266); software team engaged.,,78c2d5ff-36e8-43bc-8d89-1930171dd72d,f9a5607b-7040-4ba8-95c0-6de3c5367dea,f9a5607b-7040-4ba8-95c0-6de3c5367dea,2025-10-20 14:35:00+00,2025-11-04 12:04:00+00,2025-11-04 12:04:00+00,2025-11-05 11:15:00+00,"{""component"": ""telematics"", ""asset_code"": ""LLX-GLE-0101"", ""trigger_snapshot"": ""2025-10-10""}",2025-10-20 14:35:00+00,2026-08-10 19:03:05.467947+00
e4797bc0-03e9-4cf2-80e7-5c169b083897,TCK-000107,b99acf8b-51f0-4a74-8236-3e63b6f17bca,23a10ad6-f2ff-4aab-9878-de0f37f6bbe0,Uneven tyre wear and vibration at speed,"Driver reports steering vibration at highway speed. Suspect uneven tyre wear; requesting inspection, rotation and alignment.

Vehicle: Mitsubishi Fuso Fighter (UP LF-1433), bay D-003.",closed,high,high,high,mechanical,mechanical,Tire issue reported on Mitsubishi Fuso Fighter (UP LF-1433); mechanical team engaged.,,4deef011-a80e-4ec1-8ab0-1c07e51e4eff,59064e3f-1d1e-4817-8491-724ae8d85add,59064e3f-1d1e-4817-8491-724ae8d85add,2024-09-16 12:02:00+00,2024-10-08 06:16:00+00,2024-10-08 06:16:00+00,2024-10-15 08:53:00+00,"{""component"": ""tire"", ""asset_code"": ""LLX-BDL-0183"", ""trigger_snapshot"": ""2024-09-10""}",2024-09-16 12:02:00+00,2026-08-10 19:03:05.467947+00
9a584b57-8460-4514-9c32-fe94abf5dacb,TCK-000108,e51f1f4b-b6d2-4235-b187-2fc2b39ac2b0,c537c281-b6ad-4842-94ec-e937be0083e5,Oil pressure warning intermittent,"Intermittent oil pressure warning reported on the instrument cluster. Requesting oil level, filter and sender inspection.

Vehicle: Toyota 8FD25 (COL-FL-061), bay B-001.",resolved,low,low,low,mechanical,mechanical,Oil issue reported on Toyota 8FD25 (COL-FL-061); mechanical team engaged.,,80b1ad8c-feff-46bb-a25a-c63711fbe13d,578b9882-da22-4a57-8191-8e7a8ca512f5,578b9882-da22-4a57-8191-8e7a8ca512f5,2026-05-23 13:54:00+00,2026-06-13 16:31:00+00,2026-06-13 16:31:00+00,,"{""component"": ""oil"", ""asset_code"": ""LLX-COL-0061"", ""trigger_snapshot"": ""2026-05-10""}",2026-05-23 13:54:00+00,2026-08-10 19:03:05.467947+00
f7229ec4-28dd-4eed-aff8-36e14d8fca7a,TCK-000109,38235131-db85-4a5f-99c2-0ae4ed02dc2d,c537c281-b6ad-4842-94ec-e937be0083e5,Hydraulic lift slow to respond,"Forklift mast raises slowly under load and drifts down when held. Requesting hydraulic fluid, seal and pump inspection.

Vehicle: Mercedes Actros 1836 (WP LH-9114), bay G-035.",closed,medium,medium,medium,mechanical,mechanical,Hydraulic issue reported on Mercedes Actros 1836 (WP LH-9114); mechanical team engaged.,,68859bd6-b2bb-408c-a81a-afb598bf0b74,7ab528b9-cbf7-4b46-8d45-847ab79da77d,7ab528b9-cbf7-4b46-8d45-847ab79da77d,2025-08-28 17:02:00+00,2025-09-16 12:28:00+00,2025-09-16 12:28:00+00,2025-09-20 15:23:00+00,"{""component"": ""hydraulic"", ""asset_code"": ""LLX-COL-0395"", ""trigger_snapshot"": ""2025-08-10""}",2025-08-28 17:02:00+00,2026-08-10 19:03:05.467947+00
b8712bab-df46-47c8-932e-ca8efe5851bd,TCK-000110,04db65f1-caf5-4f8f-ba94-6e8ae8ecc7bd,c537c281-b6ad-4842-94ec-e937be0083e5,Engine oil life exhausted - service overdue,"Oil life monitor has reached the end of its interval. Requesting engine oil and filter service before further dispatch.

Vehicle: Tata Ultra T.7 (WP LD-2922), bay F-001.",closed,low,low,low,mechanical,mechanical,Oil issue reported on Tata Ultra T.7 (WP LD-2922); mechanical team engaged.,,b39348d1-7405-4464-8957-067b571cbe59,1eec88aa-d888-4b75-ab3e-84365df4210c,1eec88aa-d888-4b75-ab3e-84365df4210c,2025-01-14 11:05:00+00,2025-01-20 16:41:00+00,2025-01-20 16:41:00+00,2025-01-27 16:28:00+00,"{""component"": ""oil"", ""asset_code"": ""LLX-COL-0301"", ""trigger_snapshot"": ""2025-01-10""}",2025-01-14 11:05:00+00,2026-08-10 19:03:05.467947+00
534ae558-ab8c-47f6-89f8-61bdbe681a92,TCK-000111,a0930922-e5a4-439d-b1f7-005b0dcb788a,8f2b1c74-59d3-4a6e-9b21-7c4e0a5d3f88,Oil pressure warning intermittent,"Intermittent oil pressure warning reported on the instrument cluster. Requesting oil level, filter and sender inspection.

Vehicle: KDH Van (SP PE-9569), bay C-008.",resolved,medium,medium,medium,mechanical,mechanical,Oil issue reported on KDH Van (SP PE-9569); mechanical team engaged.,,53729164-22f4-4aa2-a9ce-1b992ed4e050,472d1148-29aa-49e3-9b18-f6759b63e0a7,472d1148-29aa-49e3-9b18-f6759b63e0a7,2025-03-18 10:49:00+00,2025-03-31 06:04:00+00,2025-03-31 06:04:00+00,,"{""component"": ""oil"", ""asset_code"": ""LLX-GLE-0128"", ""trigger_snapshot"": ""2025-03-10""}",2025-03-18 10:49:00+00,2026-08-10 19:03:05.467947+00
80a864f2-62f8-468e-b9a9-829ce283a010,TCK-000112,5845f04a-220a-4043-a53b-00020fd42290,c537c281-b6ad-4842-94ec-e937be0083e5,Tyre wear beyond service limit,"Tread depth is below the service threshold on condition monitoring. Requesting tyre replacement and wheel alignment check.

Vehicle: Mahindra Bolero Pickup (WP LA-3212), bay E-032.",closed,medium,medium,medium,mechanical,mechanical,Tire issue reported on Mahindra Bolero Pickup (WP LA-3212); mechanical team engaged.,,53fa7f0e-3f0d-47ea-bd2d-695e63a234db,26786492-bebd-4e3a-8719-4c486f70d604,26786492-bebd-4e3a-8719-4c486f70d604,2025-09-11 07:37:00+00,2025-09-26 07:21:00+00,2025-09-26 07:21:00+00,2025-10-03 16:08:00+00,"{""component"": ""tire"", ""asset_code"": ""LLX-COL-0272"", ""trigger_snapshot"": ""2025-09-10""}",2025-09-11 07:37:00+00,2026-08-10 19:03:05.467947+00
2728f120-db16-4b5a-bddd-88ea29b66c1c,TCK-000113,4178048f-e342-40a4-9831-633ab77b37d8,c537c281-b6ad-4842-94ec-e937be0083e5,Battery voltage low - charging system check required,"Battery voltage trend is below target and the vehicle is slow to crank in the morning. Electrical team to test battery health, alternator output and earth connections.

Vehicle: Isuzu ELF NKR (WP LD-6929), bay F-048.",open,high,high,high,electrical,electrical,Battery issue reported on Isuzu ELF NKR (WP LD-6929); electrical team engaged.,,aa74ca35-434e-47be-8bd6-af6914b9a935,8eff9acb-560a-454d-b4e0-e23389a2264b,,2026-07-30 16:00:00+00,,,,"{""component"": ""battery"", ""asset_code"": ""LLX-COL-0348"", ""trigger_snapshot"": ""2026-07-10""}",2026-07-30 16:00:00+00,2026-08-10 19:03:05.467947+00
0535ace1-6173-469c-a7ec-7a6ed0bfd218,TCK-000114,80b5ea63-9aa8-4469-b2a4-9fa1d7ac5c2d,c537c281-b6ad-4842-94ec-e937be0083e5,Brake noise reported during descent,"Squealing and vibration reported under braking on gradient. Requesting brake pad and disc inspection before the vehicle returns to route.

Vehicle: Mahindra Bolero Pickup (WP LA-6876), bay E-024.",resolved,low,low,low,mechanical,mechanical,Brake issue reported on Mahindra Bolero Pickup (WP LA-6876); mechanical team engaged.,,d8054855-141d-41de-b91c-4fd89942c56e,0bcca5d2-620c-4e90-ae82-fb6ffc7af33d,0bcca5d2-620c-4e90-ae82-fb6ffc7af33d,2024-10-26 11:26:00+00,2024-11-02 07:08:00+00,2024-11-02 07:08:00+00,,"{""component"": ""brake"", ""asset_code"": ""LLX-COL-0264"", ""trigger_snapshot"": ""2024-10-10""}",2024-10-26 11:26:00+00,2026-08-10 19:03:05.467947+00
c7c059c9-6002-4bf7-a5e5-a7dcd22bb59f,TCK-000115,8d6826db-fd8f-4c61-95be-d845335c312d,23a10ad6-f2ff-4aab-9878-de0f37f6bbe0,Brake performance degraded - inspection required,"Driver reports longer stopping distance and reduced pedal firmness. Brake wear indicator is low on condition monitoring. Mechanical team to inspect pads, discs and brake fluid.

Vehicle: Tata Ultra T.7 (UP LC-7326), bay C-049.",resolved,high,high,high,mechanical,mechanical,Brake issue reported on Tata Ultra T.7 (UP LC-7326); mechanical team engaged.,,59d6aa79-2377-4337-9638-88a668cb9c4b,832b089f-ff95-441d-a9ca-716951d24f37,832b089f-ff95-441d-a9ca-716951d24f37,2025-04-27 17:35:00+00,2025-05-04 13:11:00+00,2025-05-04 13:11:00+00,,"{""component"": ""brake"", ""asset_code"": ""LLX-BDL-0169"", ""trigger_snapshot"": ""2025-04-10""}",2025-04-27 17:35:00+00,2026-08-10 19:03:05.467947+00
db349625-5989-40b4-89b7-fa4fca78ee30,TCK-000116,36d8aaeb-b0a0-412e-bbe8-776ccd43c52d,8f2b1c74-59d3-4a6e-9b21-7c4e0a5d3f88,Fault codes not clearing after service,"Active fault codes remain present on the dashboard after the workshop reset. Requesting diagnostic tool session and ECU log review.

Vehicle: Mahindra Bolero Pickup (SP LA-9380), bay C-040.",resolved,medium,high,medium,software,software,Telematics issue reported on Mahindra Bolero Pickup (SP LA-9380); software team engaged.,,374f53b7-0887-4a96-8b7e-6555d250872a,cdd74f33-dff3-4b0f-8378-d2989570b4c6,cdd74f33-dff3-4b0f-8378-d2989570b4c6,2025-07-27 08:29:00+00,2025-08-20 06:33:00+00,2025-08-20 06:33:00+00,,"{""component"": ""telematics"", ""asset_code"": ""LLX-GLE-0160"", ""trigger_snapshot"": ""2025-07-10""}",2025-07-27 08:29:00+00,2026-08-10 19:03:05.467947+00
570b8f8b-5f04-4d95-90d4-5c31578f8ac0,TCK-000117,7e1c9317-2c5e-4218-9703-5af8023b32c9,c537c281-b6ad-4842-94ec-e937be0083e5,Odometer readings inconsistent in platform,"Reported odometer on the platform disagrees with the vehicle cluster. Software team to verify sensor mapping and ingestion for this asset.

Vehicle: Toyota 8FD25 (COL-FL-053), bay A-053.",closed,high,high,high,software,software,Telematics issue reported on Toyota 8FD25 (COL-FL-053); software team engaged.,,3c5b8d69-75e5-4a06-9f93-b9c0e7929f9f,fb16df24-42b0-44f6-8de3-8f95cdd7dc1f,fb16df24-42b0-44f6-8de3-8f95cdd7dc1f,2026-03-17 06:40:00+00,2026-04-08 16:14:00+00,2026-04-08 16:14:00+00,2026-04-17 07:33:00+00,"{""component"": ""telematics"", ""asset_code"": ""LLX-COL-0053"", ""trigger_snapshot"": ""2026-03-10""}",2026-03-17 06:40:00+00,2026-08-10 19:03:05.467947+00
239f7852-c5ba-4336-b86b-621005f009b4,TCK-000118,fb3eb4b7-72aa-46fa-8a0f-5ac5d1d11e69,c537c281-b6ad-4842-94ec-e937be0083e5,Hydraulic fluid weeping at cylinder,"Visible weeping at the lift cylinder and reduced hydraulic performance on monitoring. Requesting seal replacement.

Vehicle: KDH Van (WP PC-4346), bay D-040.",closed,low,low,low,mechanical,mechanical,Hydraulic issue reported on KDH Van (WP PC-4346); mechanical team engaged.,,bc386f1f-6069-48e1-bf31-dca443044b19,6b59f9f2-4c2d-40ea-8a3b-76bb6b7f5dd1,6b59f9f2-4c2d-40ea-8a3b-76bb6b7f5dd1,2024-08-24 15:26:00+00,2024-09-05 11:52:00+00,2024-09-05 11:52:00+00,2024-09-09 07:56:00+00,"{""component"": ""hydraulic"", ""asset_code"": ""LLX-COL-0220"", ""trigger_snapshot"": ""2024-08-10""}",2024-08-24 15:26:00+00,2026-08-10 19:03:05.467947+00
f21bf571-d6c1-445c-803c-c573a76acff5,TCK-000119,ffbd715e-e001-43b3-9f1e-bd6a3486b78f,8f2b1c74-59d3-4a6e-9b21-7c4e0a5d3f88,Fault codes not clearing after service,"Active fault codes remain present on the dashboard after the workshop reset. Requesting diagnostic tool session and ECU log review.

Vehicle: Toyota HiAce (SP PD-6039), bay C-009.",closed,low,low,low,software,software,Telematics issue reported on Toyota HiAce (SP PD-6039); software team engaged.,,8679d499-93b5-4c67-96a9-235351c57233,4608f3d6-5f3d-4b49-8c19-e917a798062c,4608f3d6-5f3d-4b49-8c19-e917a798062c,2024-09-26 13:42:00+00,2024-10-02 17:42:00+00,2024-10-02 17:42:00+00,2024-10-08 12:11:00+00,"{""component"": ""telematics"", ""asset_code"": ""LLX-GLE-0129"", ""trigger_snapshot"": ""2024-09-10""}",2024-09-26 13:42:00+00,2026-08-10 19:03:05.467947+00
cda5c391-f94b-43c1-8988-78961cc60734,TCK-000120,1e1c014a-889e-4258-ad68-3977cacba92f,23a10ad6-f2ff-4aab-9878-de0f37f6bbe0,Repeated hard starting in early shift,"Vehicle requires multiple crank attempts at shift start. Battery state of health is degraded on monitoring. Requesting battery and charging system diagnosis.

Vehicle: Mitsubishi Canter (UP LC-7777), bay C-022.",resolved,high,high,high,electrical,electrical,Battery issue reported on Mitsubishi Canter (UP LC-7777); electrical team engaged.,,bd95dfd1-5af7-41d2-85ef-bbb2b0f57a12,5797f891-99a9-4a6a-b447-0d48d749c9b0,5797f891-99a9-4a6a-b447-0d48d749c9b0,2026-08-05 15:16:00+00,2026-08-09 16:24:00+00,2026-08-09 16:24:00+00,,"{""component"": ""battery"", ""asset_code"": ""LLX-BDL-0142"", ""trigger_snapshot"": ""2026-08-10""}",2026-08-05 15:16:00+00,2026-08-10 19:03:05.467947+00
2365ed53-ef44-431e-ac7f-95465b1b4721,TCK-000121,7a494117-1034-4bee-a369-a747f18fe98b,23a10ad6-f2ff-4aab-9878-de0f37f6bbe0,Repeated hard starting in early shift,"Vehicle requires multiple crank attempts at shift start. Battery state of health is degraded on monitoring. Requesting battery and charging system diagnosis.

Vehicle: Heli CPCD25 (BDL-FL-013), bay A-013.",open,high,high,high,electrical,electrical,Battery issue reported on Heli CPCD25 (BDL-FL-013); electrical team engaged.,,960e7df1-3079-4aab-812d-cf90bb2b019e,65a5b696-653b-4c78-8e17-17f954b7992b,,2025-04-29 07:33:00+00,,,,"{""component"": ""battery"", ""asset_code"": ""LLX-BDL-0013"", ""trigger_snapshot"": ""2025-04-10""}",2025-04-29 07:33:00+00,2026-08-10 19:03:05.467947+00
5ef18f9a-656c-49af-b8fc-696f43fd9cec,TCK-000122,73b9b789-1a9d-47cc-ac63-aaee7bc067b9,8f2b1c74-59d3-4a6e-9b21-7c4e0a5d3f88,Repeated hard starting in early shift,"Vehicle requires multiple crank attempts at shift start. Battery state of health is degraded on monitoring. Requesting battery and charging system diagnosis.

Vehicle: KDH Van (SP PD-5361), bay C-016.",closed,high,high,high,software,electrical,Battery issue reported on KDH Van (SP PD-5361); electrical team engaged.,,8dcb5a65-7c64-4266-ba48-95af8cce89d8,3ad6d85f-8eb2-429d-b6b0-9df328ae585b,3ad6d85f-8eb2-429d-b6b0-9df328ae585b,2025-12-13 16:48:00+00,2025-12-15 14:52:00+00,2025-12-15 14:52:00+00,2025-12-21 17:11:00+00,"{""component"": ""battery"", ""asset_code"": ""LLX-GLE-0136"", ""trigger_snapshot"": ""2025-12-10""}",2025-12-13 16:48:00+00,2026-08-10 19:03:05.467947+00
cfd74268-5a54-4475-b3fd-5cc9f7c97eab,TCK-000123,f3dead69-ffde-4a9e-9002-fe4e48a9d009,8f2b1c74-59d3-4a6e-9b21-7c4e0a5d3f88,Hydraulic fluid weeping at cylinder,"Visible weeping at the lift cylinder and reduced hydraulic performance on monitoring. Requesting seal replacement.

Vehicle: Toyota HiAce (SP PD-2633), bay C-012.",closed,medium,medium,medium,mechanical,mechanical,Hydraulic issue reported on Toyota HiAce (SP PD-2633); mechanical team engaged.,,d310eb40-f450-4462-95ca-3394c61cd538,66cb2aca-9bcf-48c3-b8bf-8e61319ccfcf,66cb2aca-9bcf-48c3-b8bf-8e61319ccfcf,2025-02-23 11:12:00+00,2025-03-14 08:38:00+00,2025-03-14 08:38:00+00,2025-03-19 05:34:00+00,"{""component"": ""hydraulic"", ""asset_code"": ""LLX-GLE-0132"", ""trigger_snapshot"": ""2025-02-10""}",2025-02-23 11:12:00+00,2026-08-10 19:03:05.467947+00
dedd5da7-6fbd-4167-b941-536c55a45100,TCK-000124,9ed31ad0-8f08-49b4-b090-34050c7e921f,c537c281-b6ad-4842-94ec-e937be0083e5,Engine oil life exhausted - service overdue,"Oil life monitor has reached the end of its interval. Requesting engine oil and filter service before further dispatch.

Vehicle: Nissan Caravan (WP PC-3237), bay C-057.",closed,high,medium,high,mechanical,mechanical,Oil issue reported on Nissan Caravan (WP PC-3237); mechanical team engaged.,,e6eb9d66-d679-4e1f-8e6b-fdb21a16881d,acc29e92-bfe4-4843-8a5e-b9f6e945a18e,acc29e92-bfe4-4843-8a5e-b9f6e945a18e,2025-04-16 16:00:00+00,2025-05-02 16:51:00+00,2025-05-02 16:51:00+00,2025-05-10 10:46:00+00,"{""component"": ""oil"", ""asset_code"": ""LLX-COL-0177"", ""trigger_snapshot"": ""2025-04-10""}",2025-04-16 16:00:00+00,2026-08-10 19:03:05.467947+00
9072c8ae-8691-4c10-a60e-eafdc3684624,TCK-000125,f64f4df8-df42-4ddf-9e42-c551dad512c2,23a10ad6-f2ff-4aab-9878-de0f37f6bbe0,Oil pressure warning intermittent,"Intermittent oil pressure warning reported on the instrument cluster. Requesting oil level, filter and sender inspection.

Vehicle: Piaggio Porter (UP LB-3289), bay C-002.",closed,high,high,high,mechanical,mechanical,Oil issue reported on Piaggio Porter (UP LB-3289); mechanical team engaged.,,e15a11ed-4e40-4f3c-8011-cbb4911d7069,ee5357e0-7ef0-49d6-aba4-c3a983e97bbd,ee5357e0-7ef0-49d6-aba4-c3a983e97bbd,2024-09-21 09:42:00+00,2024-10-08 10:53:00+00,2024-10-08 10:53:00+00,2024-10-18 11:47:00+00,"{""component"": ""oil"", ""asset_code"": ""LLX-BDL-0122"", ""trigger_snapshot"": ""2024-09-10""}",2024-09-21 09:42:00+00,2026-08-10 19:03:05.467947+00
f7539110-0c00-4956-a30a-9864d68faa16,TCK-000126,3410b2df-597c-4278-ae15-643d6e53f213,8f2b1c74-59d3-4a6e-9b21-7c4e0a5d3f88,Repeated hard starting in early shift,"Vehicle requires multiple crank attempts at shift start. Battery state of health is degraded on monitoring. Requesting battery and charging system diagnosis.

Vehicle: Tata Ultra T.7 (SP LD-8170), bay D-018.",closed,high,high,high,electrical,electrical,Battery issue reported on Tata Ultra T.7 (SP LD-8170); electrical team engaged.,,827ddce0-e57e-49e0-b564-c5b4daf83ac3,3ad6d85f-8eb2-429d-b6b0-9df328ae585b,3ad6d85f-8eb2-429d-b6b0-9df328ae585b,2025-09-18 10:00:00+00,2025-09-24 07:34:00+00,2025-09-24 07:34:00+00,2025-10-03 11:50:00+00,"{""component"": ""battery"", ""asset_code"": ""LLX-GLE-0198"", ""trigger_snapshot"": ""2025-09-10""}",2025-09-18 10:00:00+00,2026-08-10 19:03:05.467947+00
02d2175b-8800-4dd9-866a-b0fbdf87edcd,TCK-000127,742e28dc-1cb7-4c1a-b828-9b7c4201785f,8f2b1c74-59d3-4a6e-9b21-7c4e0a5d3f88,Brake noise reported during descent,"Squealing and vibration reported under braking on gradient. Requesting brake pad and disc inspection before the vehicle returns to route.

Vehicle: Mitsubishi Canter (SP LC-9156), bay D-029.",closed,medium,medium,medium,software,mechanical,Brake issue reported on Mitsubishi Canter (SP LC-9156); mechanical team engaged.,,07a68fb1-5fe3-4894-a718-d07adde2c078,af5f0096-7cc6-4d72-ab69-0a461681aeb5,af5f0096-7cc6-4d72-ab69-0a461681aeb5,2024-12-30 06:21:00+00,2025-01-06 12:14:00+00,2025-01-06 12:14:00+00,2025-01-16 06:31:00+00,"{""component"": ""brake"", ""asset_code"": ""LLX-GLE-0209"", ""trigger_snapshot"": ""2024-12-10""}",2024-12-30 06:21:00+00,2026-08-10 19:03:05.467947+00
612b0394-c7d2-4e12-a3f5-5339ff5b023b,TCK-000128,a07baef9-4aff-4418-b3d6-b4a473a42aad,c537c281-b6ad-4842-94ec-e937be0083e5,Hydraulic fluid weeping at cylinder,"Visible weeping at the lift cylinder and reduced hydraulic performance on monitoring. Requesting seal replacement.

Vehicle: Tata Ace (WP LB-8897), bay E-033.",resolved,high,high,high,mechanical,mechanical,Hydraulic issue reported on Tata Ace (WP LB-8897); mechanical team engaged.,,b737044f-e300-48b8-8023-aa3efab6953e,f99df61d-d168-4c17-b0fc-99832b736ca8,f99df61d-d168-4c17-b0fc-99832b736ca8,2026-05-22 10:18:00+00,2026-06-06 16:19:00+00,2026-06-06 16:19:00+00,,"{""component"": ""hydraulic"", ""asset_code"": ""LLX-COL-0273"", ""trigger_snapshot"": ""2026-05-10""}",2026-05-22 10:18:00+00,2026-08-10 19:03:05.467947+00
9b81c1d0-0941-4fdc-98cb-a8629841e0c4,TCK-000129,e7d1dd9a-ff91-4a6f-b886-5a3e607c22dd,23a10ad6-f2ff-4aab-9878-de0f37f6bbe0,Tyre wear beyond service limit,"Tread depth is below the service threshold on condition monitoring. Requesting tyre replacement and wheel alignment check.

Vehicle: Toyota HiAce (UP PD-5720), bay B-003.",resolved,high,high,high,mechanical,mechanical,Tire issue reported on Toyota HiAce (UP PD-5720); mechanical team engaged.,,5250a6e8-dae1-44d3-a749-0de618f21f17,accf0286-4b23-46a3-851f-00be6bdd8e5f,accf0286-4b23-46a3-851f-00be6bdd8e5f,2025-12-16 09:03:00+00,2025-12-23 17:00:00+00,2025-12-23 17:00:00+00,,"{""component"": ""tire"", ""asset_code"": ""LLX-BDL-0063"", ""trigger_snapshot"": ""2025-12-10""}",2025-12-16 09:03:00+00,2026-08-10 19:03:05.467947+00
8f670792-9dfe-4452-a0a0-5940d6152ddd,TCK-000130,1695a0f1-68bc-44c9-9dcb-66de549900a5,c537c281-b6ad-4842-94ec-e937be0083e5,Uneven tyre wear and vibration at speed,"Driver reports steering vibration at highway speed. Suspect uneven tyre wear; requesting inspection, rotation and alignment.

Vehicle: Komatsu FD30 (COL-FL-098), bay B-038.",closed,high,high,high,mechanical,mechanical,Tire issue reported on Komatsu FD30 (COL-FL-098); mechanical team engaged.,,dc7713dd-6bb6-4890-9467-499b23c21017,3116c9d0-e74c-4cf3-84ee-8fbb2165d83f,3116c9d0-e74c-4cf3-84ee-8fbb2165d83f,2025-01-13 10:34:00+00,2025-01-16 17:34:00+00,2025-01-16 17:34:00+00,2025-01-26 07:04:00+00,"{""component"": ""tire"", ""asset_code"": ""LLX-COL-0098"", ""trigger_snapshot"": ""2025-01-10""}",2025-01-13 10:34:00+00,2026-08-10 19:03:05.467947+00
4e5bd82f-26d2-46e4-9d89-f630a924343c,TCK-000131,e854b8fd-76ef-4b99-96d5-68e4d0e04f10,c537c281-b6ad-4842-94ec-e937be0083e5,Repeated hard starting in early shift,"Vehicle requires multiple crank attempts at shift start. Battery state of health is degraded on monitoring. Requesting battery and charging system diagnosis.

Vehicle: Komatsu FD25 (COL-FL-074), bay B-014.",closed,medium,medium,medium,electrical,electrical,Battery issue reported on Komatsu FD25 (COL-FL-074); electrical team engaged.,,da57c1aa-76be-46c1-a034-d9db5da6a262,46b65206-6f2c-4777-b6a0-ed9d0d81dc19,46b65206-6f2c-4777-b6a0-ed9d0d81dc19,2025-02-10 05:51:00+00,2025-02-21 09:48:00+00,2025-02-21 09:48:00+00,2025-02-22 11:33:00+00,"{""component"": ""battery"", ""asset_code"": ""LLX-COL-0074"", ""trigger_snapshot"": ""2025-02-10""}",2025-02-10 05:51:00+00,2026-08-10 19:03:05.467947+00
fda9b5bd-576b-4fdd-b200-28e70df03e1c,TCK-000132,f1747f72-9dfd-4a19-b641-efdc585b8982,23a10ad6-f2ff-4aab-9878-de0f37f6bbe0,Repeated hard starting in early shift,"Vehicle requires multiple crank attempts at shift start. Battery state of health is degraded on monitoring. Requesting battery and charging system diagnosis.

Vehicle: Piaggio Porter (UP LA-9162), bay B-040.",closed,medium,medium,medium,electrical,electrical,Battery issue reported on Piaggio Porter (UP LA-9162); electrical team engaged.,,c5ac0691-9daf-41ec-9af8-8a163bd32f72,43adafee-47fa-4fdd-a233-526bc7ecffb2,43adafee-47fa-4fdd-a233-526bc7ecffb2,2024-11-11 16:09:00+00,2024-11-20 09:55:00+00,2024-11-20 09:55:00+00,2024-11-23 16:07:00+00,"{""component"": ""battery"", ""asset_code"": ""LLX-BDL-0100"", ""trigger_snapshot"": ""2024-11-10""}",2024-11-11 16:09:00+00,2026-08-10 19:03:05.467947+00
688d0e62-a02c-47dc-8166-6a02e3f56ff1,TCK-000133,cec20212-97c1-4025-b274-9f86e62db509,8f2b1c74-59d3-4a6e-9b21-7c4e0a5d3f88,Oil pressure warning intermittent,"Intermittent oil pressure warning reported on the instrument cluster. Requesting oil level, filter and sender inspection.

Vehicle: Komatsu FD30 (GLE-FL-080), bay B-020.",closed,low,low,low,mechanical,mechanical,Oil issue reported on Komatsu FD30 (GLE-FL-080); mechanical team engaged.,,e9baee08-416a-4875-a426-d88003f53bb3,2fc76645-2797-42a6-b6b9-d134b926381b,2fc76645-2797-42a6-b6b9-d134b926381b,2025-03-24 08:42:00+00,2025-04-12 10:37:00+00,2025-04-12 10:37:00+00,2025-04-17 12:07:00+00,"{""component"": ""oil"", ""asset_code"": ""LLX-GLE-0080"", ""trigger_snapshot"": ""2025-03-10""}",2025-03-24 08:42:00+00,2026-08-10 19:03:05.467947+00
1f01eed0-318f-47f1-9b9b-c8ac95ae22c2,TCK-000134,3de86ea2-6c64-48cb-89d2-edb53749c033,c537c281-b6ad-4842-94ec-e937be0083e5,Engine oil life exhausted - service overdue,"Oil life monitor has reached the end of its interval. Requesting engine oil and filter service before further dispatch.

Vehicle: Toyota HiAce (WP PD-6794), bay D-015.",closed,medium,medium,medium,mechanical,mechanical,Oil issue reported on Toyota HiAce (WP PD-6794); mechanical team engaged.,,58d58f6f-c7d9-4037-9d48-18e1877be077,1ad7ccbc-6809-4f96-83f4-c7636a2a4728,1ad7ccbc-6809-4f96-83f4-c7636a2a4728,2024-09-10 13:46:00+00,2024-09-21 17:20:00+00,2024-09-21 17:20:00+00,2024-09-30 08:00:00+00,"{""component"": ""oil"", ""asset_code"": ""LLX-COL-0195"", ""trigger_snapshot"": ""2024-09-10""}",2024-09-10 13:46:00+00,2026-08-10 19:03:05.467947+00
a35c7ef5-ee10-4b6a-a4ca-8e7553632f98,TCK-000135,ff6a4d2a-5f42-46bc-ac87-4552804677a0,8f2b1c74-59d3-4a6e-9b21-7c4e0a5d3f88,Brake noise reported during descent,"Squealing and vibration reported under braking on gradient. Requesting brake pad and disc inspection before the vehicle returns to route.

Vehicle: Mitsubishi Canter (SP LD-5203), bay D-023.",closed,low,low,low,mechanical,mechanical,Brake issue reported on Mitsubishi Canter (SP LD-5203); mechanical team engaged.,,e655669a-affa-4cee-ab60-e8072807b6cd,a363109b-c8ce-4177-9d91-030ac0b8df3a,a363109b-c8ce-4177-9d91-030ac0b8df3a,2026-06-24 05:10:00+00,2026-06-25 14:09:00+00,2026-06-25 14:09:00+00,2026-06-30 12:19:00+00,"{""component"": ""brake"", ""asset_code"": ""LLX-GLE-0203"", ""trigger_snapshot"": ""2026-06-10""}",2026-06-24 05:10:00+00,2026-08-10 19:03:05.467947+00
b0b929b7-837d-4448-a808-9bee02d7cfdc,TCK-000136,98939830-9374-4252-befd-c1b2e56844eb,c537c281-b6ad-4842-94ec-e937be0083e5,Hydraulic lift slow to respond,"Forklift mast raises slowly under load and drifts down when held. Requesting hydraulic fluid, seal and pump inspection.

Vehicle: Heli CPCD25 (COL-FL-014), bay A-014.",closed,high,high,high,mechanical,mechanical,Hydraulic issue reported on Heli CPCD25 (COL-FL-014); mechanical team engaged.,,69c18b9a-2c07-45e1-953a-e4a54270089c,c9371eef-cb2f-45af-926f-13217cb6a7ad,c9371eef-cb2f-45af-926f-13217cb6a7ad,2026-02-11 08:02:00+00,2026-02-17 13:31:00+00,2026-02-17 13:31:00+00,2026-02-27 06:03:00+00,"{""component"": ""hydraulic"", ""asset_code"": ""LLX-COL-0014"", ""trigger_snapshot"": ""2026-02-10""}",2026-02-11 08:02:00+00,2026-08-10 19:03:05.467947+00
809caad5-6c8e-4d8e-8c98-65e6981687b9,TCK-000137,e14beb5f-7573-4aff-940d-5ab0928b606b,23a10ad6-f2ff-4aab-9878-de0f37f6bbe0,Uneven tyre wear and vibration at speed,"Driver reports steering vibration at highway speed. Suspect uneven tyre wear; requesting inspection, rotation and alignment.

Vehicle: Mitsubishi Fuso Fighter (UP LF-1337), bay D-009.",closed,high,high,high,mechanical,mechanical,Tire issue reported on Mitsubishi Fuso Fighter (UP LF-1337); mechanical team engaged.,,e4cbf8b0-359c-4f08-904c-1a8a1fa0c608,db01d178-e057-46ed-ba34-a2870594c197,db01d178-e057-46ed-ba34-a2870594c197,2025-11-25 15:44:00+00,2025-12-14 08:47:00+00,2025-12-14 08:47:00+00,2025-12-22 13:28:00+00,"{""component"": ""tire"", ""asset_code"": ""LLX-BDL-0189"", ""trigger_snapshot"": ""2025-11-10""}",2025-11-25 15:44:00+00,2026-08-10 19:03:05.467947+00
6477c310-66c9-4383-9586-9e885032c0eb,TCK-000138,1eb5b532-94a1-4af9-a190-f2415998f294,23a10ad6-f2ff-4aab-9878-de0f37f6bbe0,Tyre wear beyond service limit,"Tread depth is below the service threshold on condition monitoring. Requesting tyre replacement and wheel alignment check.

Vehicle: Toyota 8FD25 (BDL-FL-018), bay A-018.",in_progress,medium,medium,medium,mechanical,mechanical,Tire issue reported on Toyota 8FD25 (BDL-FL-018); mechanical team engaged.,,e0479e19-216c-419a-9125-3caa01d1cfe4,190182a8-16ad-4409-a912-e59276021f4c,,2026-07-24 10:27:00+00,,,,"{""component"": ""tire"", ""asset_code"": ""LLX-BDL-0018"", ""trigger_snapshot"": ""2026-07-10""}",2026-07-24 10:27:00+00,2026-08-10 19:03:05.467947+00
5bf2e888-9b20-4cb7-8ed9-23d196db3920,TCK-000139,478b9ab5-a367-45c0-ae38-0d5a37855e32,c537c281-b6ad-4842-94ec-e937be0083e5,Hydraulic fluid weeping at cylinder,"Visible weeping at the lift cylinder and reduced hydraulic performance on monitoring. Requesting seal replacement.

Vehicle: Komatsu FD25 (COL-FL-007), bay A-007.",closed,medium,medium,medium,mechanical,mechanical,Hydraulic issue reported on Komatsu FD25 (COL-FL-007); mechanical team engaged.,,97441bfa-1406-4e41-844f-864afde39913,e1c00b23-afa0-4931-bfa7-d13dc17770cc,e1c00b23-afa0-4931-bfa7-d13dc17770cc,2025-04-23 14:46:00+00,2025-05-13 15:14:00+00,2025-05-13 15:14:00+00,2025-05-17 10:54:00+00,"{""component"": ""hydraulic"", ""asset_code"": ""LLX-COL-0007"", ""trigger_snapshot"": ""2025-04-10""}",2025-04-23 14:46:00+00,2026-08-10 19:03:05.467947+00
79cc3c88-c0c2-4583-a158-eaeee17f3bc7,TCK-000140,1c1765d8-de66-48c2-b584-13b3d709ca5d,c537c281-b6ad-4842-94ec-e937be0083e5,Fault codes not clearing after service,"Active fault codes remain present on the dashboard after the workshop reset. Requesting diagnostic tool session and ECU log review.

Vehicle: Mahindra Bolero Pickup (WP LB-3626), bay E-005.",resolved,high,high,high,software,software,Telematics issue reported on Mahindra Bolero Pickup (WP LB-3626); software team engaged.,,07e0c835-51f1-4fad-9254-f68f64738d72,5b4b300b-3f2b-4fb0-bc62-3eae56605668,5b4b300b-3f2b-4fb0-bc62-3eae56605668,2025-10-30 05:41:00+00,2025-10-31 06:32:00+00,2025-10-31 06:32:00+00,,"{""component"": ""telematics"", ""asset_code"": ""LLX-COL-0245"", ""trigger_snapshot"": ""2025-10-10""}",2025-10-30 05:41:00+00,2026-08-10 19:03:05.467947+00
751a5e44-e945-4bd4-be03-dde65eff6170,TCK-000141,ffbd715e-e001-43b3-9f1e-bd6a3486b78f,8f2b1c74-59d3-4a6e-9b21-7c4e0a5d3f88,Repeated hard starting in early shift,"Vehicle requires multiple crank attempts at shift start. Battery state of health is degraded on monitoring. Requesting battery and charging system diagnosis.

Vehicle: Toyota HiAce (SP PD-6039), bay C-009.",closed,high,high,high,electrical,electrical,Battery issue reported on Toyota HiAce (SP PD-6039); electrical team engaged.,,53729164-22f4-4aa2-a9ce-1b992ed4e050,ea3a55a2-e8eb-400a-a3e6-3895bf70675d,ea3a55a2-e8eb-400a-a3e6-3895bf70675d,2025-03-29 16:48:00+00,2025-04-07 16:58:00+00,2025-04-07 16:58:00+00,2025-04-10 10:12:00+00,"{""component"": ""battery"", ""asset_code"": ""LLX-GLE-0129"", ""trigger_snapshot"": ""2025-03-10""}",2025-03-29 16:48:00+00,2026-08-10 19:03:05.467947+00
9a044fb8-0b8f-42cf-87d1-dbd865f610c6,TCK-000142,70031a5c-7385-4d3c-ab08-a89c6a6e3f7b,8f2b1c74-59d3-4a6e-9b21-7c4e0a5d3f88,Telematics unit not reporting,"Sensor gateway on this vehicle has stopped publishing readings. Software team to check the telematics unit, SIM connectivity and data pipeline ingestion.

Vehicle: Nissan Caravan (SP PD-5049), bay C-020.",resolved,medium,medium,medium,software,software,Telematics issue reported on Nissan Caravan (SP PD-5049); software team engaged.,,5759f3d2-34f3-483d-818a-1b5627a40557,f9a5607b-7040-4ba8-95c0-6de3c5367dea,f9a5607b-7040-4ba8-95c0-6de3c5367dea,2026-06-29 14:08:00+00,2026-07-14 15:27:00+00,2026-07-14 15:27:00+00,,"{""component"": ""telematics"", ""asset_code"": ""LLX-GLE-0140"", ""trigger_snapshot"": ""2026-06-10""}",2026-06-29 14:08:00+00,2026-08-10 19:03:05.467947+00
449bc832-d6d0-4fad-b798-38ec827cd0f5,TCK-000143,77d7fcdb-ec94-4eaa-9867-cbd0568cfbdd,23a10ad6-f2ff-4aab-9878-de0f37f6bbe0,Oil pressure warning intermittent,"Intermittent oil pressure warning reported on the instrument cluster. Requesting oil level, filter and sender inspection.

Vehicle: Toyota HiAce (UP PB-7519), bay A-057.",closed,medium,medium,medium,mechanical,mechanical,Oil issue reported on Toyota HiAce (UP PB-7519); mechanical team engaged.,,2b2dd463-c79c-4e5e-9b4c-4bf76d30b8fa,c4046467-2ed2-4768-9d99-e876c09fe713,c4046467-2ed2-4768-9d99-e876c09fe713,2024-10-13 11:14:00+00,2024-10-17 10:21:00+00,2024-10-17 10:21:00+00,2024-10-22 07:42:00+00,"{""component"": ""oil"", ""asset_code"": ""LLX-BDL-0057"", ""trigger_snapshot"": ""2024-10-10""}",2024-10-13 11:14:00+00,2026-08-10 19:03:05.467947+00
f843548b-e1b6-41fa-b28f-06d9b7fe1373,TCK-000144,0d8af2a7-20ef-4f57-92b8-1fd808467335,c537c281-b6ad-4842-94ec-e937be0083e5,Brake performance degraded - inspection required,"Driver reports longer stopping distance and reduced pedal firmness. Brake wear indicator is low on condition monitoring. Mechanical team to inspect pads, discs and brake fluid.

Vehicle: Isuzu ELF NKR (WP LD-3786), bay F-056.",closed,high,high,high,mechanical,mechanical,Brake issue reported on Isuzu ELF NKR (WP LD-3786); mechanical team engaged.,,3550af1b-8448-4d40-8c05-ed34a5dcdf31,838168e2-a894-48b0-9e58-4f1f4612a1b3,838168e2-a894-48b0-9e58-4f1f4612a1b3,2025-04-14 16:10:00+00,2025-05-08 13:38:00+00,2025-05-08 13:38:00+00,2025-05-11 10:34:00+00,"{""component"": ""brake"", ""asset_code"": ""LLX-COL-0356"", ""trigger_snapshot"": ""2025-04-10""}",2025-04-14 16:10:00+00,2026-08-10 19:03:05.467947+00
5e1a95d9-b90a-46fa-ac7a-5a7d29bb765a,TCK-000145,f3b66e30-7e59-461b-877d-72041b6a91da,23a10ad6-f2ff-4aab-9878-de0f37f6bbe0,Uneven tyre wear and vibration at speed,"Driver reports steering vibration at highway speed. Suspect uneven tyre wear; requesting inspection, rotation and alignment.

Vehicle: Mitsubishi Canter (UP LD-4496), bay C-013.",resolved,medium,high,medium,mechanical,mechanical,Tire issue reported on Mitsubishi Canter (UP LD-4496); mechanical team engaged.,,0218e2f7-4d2d-4229-b899-199f6afe4c10,2e1b0afe-0496-4426-b986-9eee617c68c8,2e1b0afe-0496-4426-b986-9eee617c68c8,2024-08-14 06:14:00+00,2024-09-02 06:51:00+00,2024-09-02 06:51:00+00,,"{""component"": ""tire"", ""asset_code"": ""LLX-BDL-0133"", ""trigger_snapshot"": ""2024-08-10""}",2024-08-14 06:14:00+00,2026-08-10 19:03:05.467947+00
afc25909-380a-47a2-ac70-b5d59f23db67,TCK-000146,7698039f-bcda-4e69-8a4d-6e14a59fedb0,c537c281-b6ad-4842-94ec-e937be0083e5,Hydraulic fluid weeping at cylinder,"Visible weeping at the lift cylinder and reduced hydraulic performance on monitoring. Requesting seal replacement.

Vehicle: Nissan Caravan (WP PE-7635), bay C-022.",open,low,low,low,mechanical,mechanical,Hydraulic issue reported on Nissan Caravan (WP PE-7635); mechanical team engaged.,,86c61fdf-4d13-4cd6-b3fe-a85018a6bd65,65403423-49cb-46e5-8f5f-eb8802feb133,,2025-10-14 09:35:00+00,,,,"{""component"": ""hydraulic"", ""asset_code"": ""LLX-COL-0142"", ""trigger_snapshot"": ""2025-10-10""}",2025-10-14 09:35:00+00,2026-08-10 19:03:05.467947+00
17e3a6e9-4dd4-43f8-bb01-3b9af902bb40,TCK-000147,26c7c85e-3eb1-40f2-b812-7f8fdb19ef7c,23a10ad6-f2ff-4aab-9878-de0f37f6bbe0,Brake noise reported during descent,"Squealing and vibration reported under braking on gradient. Requesting brake pad and disc inspection before the vehicle returns to route.

Vehicle: Mitsubishi Canter (UP LC-8598), bay C-017.",closed,high,high,high,software,mechanical,Brake issue reported on Mitsubishi Canter (UP LC-8598); mechanical team engaged.,,7d5abb4b-df5b-4b75-bbe9-78fb814d0dc1,2fb7dab3-e151-490f-9c20-9b329d4fba20,2fb7dab3-e151-490f-9c20-9b329d4fba20,2026-01-10 17:15:00+00,2026-01-31 09:48:00+00,2026-01-31 09:48:00+00,2026-02-10 10:16:00+00,"{""component"": ""brake"", ""asset_code"": ""LLX-BDL-0137"", ""trigger_snapshot"": ""2026-01-10""}",2026-01-10 17:15:00+00,2026-08-10 19:03:05.467947+00
7615fc53-3c66-4ce5-9f68-2687c4f5a61a,TCK-000148,61535406-4b76-4d2b-9dc4-6fd5045df502,c537c281-b6ad-4842-94ec-e937be0083e5,Engine oil life exhausted - service overdue,"Oil life monitor has reached the end of its interval. Requesting engine oil and filter service before further dispatch.

Vehicle: Mahindra Bolero Pickup (WP LA-2677), bay E-045.",closed,high,high,high,mechanical,mechanical,Oil issue reported on Mahindra Bolero Pickup (WP LA-2677); mechanical team engaged.,,27617322-2ba2-4998-a78c-dde6a27ed2a2,ece2a321-bc6d-4cdf-9d3a-f642ed83ae68,ece2a321-bc6d-4cdf-9d3a-f642ed83ae68,2025-09-15 07:04:00+00,2025-09-20 06:54:00+00,2025-09-20 06:54:00+00,2025-09-27 06:01:00+00,"{""component"": ""oil"", ""asset_code"": ""LLX-COL-0285"", ""trigger_snapshot"": ""2025-09-10""}",2025-09-15 07:04:00+00,2026-08-10 19:03:05.467947+00
fbd8386a-146b-429f-ae9d-52cf70be2ba5,TCK-000149,1cbbe209-49fa-4c42-9491-79f16a9a4ff2,c537c281-b6ad-4842-94ec-e937be0083e5,Hydraulic lift slow to respond,"Forklift mast raises slowly under load and drifts down when held. Requesting hydraulic fluid, seal and pump inspection.

Vehicle: Mitsubishi Canter (WP LD-4146), bay F-052.",closed,low,high,low,mechanical,mechanical,Hydraulic issue reported on Mitsubishi Canter (WP LD-4146); mechanical team engaged.,,4e687221-2aec-4a3c-b701-5383edc61335,838168e2-a894-48b0-9e58-4f1f4612a1b3,838168e2-a894-48b0-9e58-4f1f4612a1b3,2026-02-26 06:17:00+00,2026-03-03 15:35:00+00,2026-03-03 15:35:00+00,2026-03-10 08:32:00+00,"{""component"": ""hydraulic"", ""asset_code"": ""LLX-COL-0352"", ""trigger_snapshot"": ""2026-02-10""}",2026-02-26 06:17:00+00,2026-08-10 19:03:05.467947+00
26fcbf8b-7b47-40c6-865f-3faa0084e3bf,TCK-000150,897001fd-1243-41c1-838e-1fd1b5483d24,23a10ad6-f2ff-4aab-9878-de0f37f6bbe0,Tyre wear beyond service limit,"Tread depth is below the service threshold on condition monitoring. Requesting tyre replacement and wheel alignment check.

Vehicle: Mahindra Bolero Pickup (UP LA-5909), bay B-029.",closed,medium,medium,medium,mechanical,mechanical,Tire issue reported on Mahindra Bolero Pickup (UP LA-5909); mechanical team engaged.,,daed14d1-fc2b-4d7e-9d2d-2e18ff9be508,33de58c2-5dc4-4385-bc4c-9ad66a6fe320,33de58c2-5dc4-4385-bc4c-9ad66a6fe320,2026-02-25 09:18:00+00,2026-03-16 10:31:00+00,2026-03-16 10:31:00+00,2026-03-22 09:39:00+00,"{""component"": ""tire"", ""asset_code"": ""LLX-BDL-0089"", ""trigger_snapshot"": ""2026-02-10""}",2026-02-25 09:18:00+00,2026-08-10 19:03:05.467947+00
e6eb42b0-c754-4bc3-94a4-df5144847910,TCK-000151,47e10112-af29-4a95-bfd6-dfec06d326a8,23a10ad6-f2ff-4aab-9878-de0f37f6bbe0,Battery voltage low - charging system check required,"Battery voltage trend is below target and the vehicle is slow to crank in the morning. Electrical team to test battery health, alternator output and earth connections.

Vehicle: Mitsubishi Canter (UP LD-6802), bay C-010.",closed,medium,medium,medium,electrical,electrical,Battery issue reported on Mitsubishi Canter (UP LD-6802); electrical team engaged.,,0f44c2c3-30f2-4b3e-89ac-61f9625f0899,b33c4ff9-69b5-4437-9699-63c066d6c353,b33c4ff9-69b5-4437-9699-63c066d6c353,2026-03-19 14:10:00+00,2026-04-06 15:30:00+00,2026-04-06 15:30:00+00,2026-04-12 11:26:00+00,"{""component"": ""battery"", ""asset_code"": ""LLX-BDL-0130"", ""trigger_snapshot"": ""2026-03-10""}",2026-03-19 14:10:00+00,2026-08-10 19:03:05.467947+00
00ec7785-ba00-4cc0-9f5c-01056c7768c8,TCK-000152,8031532f-cc33-4340-88a1-9f7037de6f64,c537c281-b6ad-4842-94ec-e937be0083e5,Brake noise reported during descent,"Squealing and vibration reported under braking on gradient. Requesting brake pad and disc inspection before the vehicle returns to route.

Vehicle: KDH Van (WP PC-7460), bay D-016.",resolved,low,low,low,mechanical,mechanical,Brake issue reported on KDH Van (WP PC-7460); mechanical team engaged.,,ead9fd88-9042-4b6c-a7a4-a16b836bc12e,26786492-bebd-4e3a-8719-4c486f70d604,26786492-bebd-4e3a-8719-4c486f70d604,2025-07-15 08:34:00+00,2025-08-08 05:07:00+00,2025-08-08 05:07:00+00,,"{""component"": ""brake"", ""asset_code"": ""LLX-COL-0196"", ""trigger_snapshot"": ""2025-07-10""}",2025-07-15 08:34:00+00,2026-08-10 19:03:05.467947+00
a483aaa4-0656-4874-a387-2482ee92f62a,TCK-000153,dd53634b-f805-4fee-9f15-9fd15d6b1fdb,c537c281-b6ad-4842-94ec-e937be0083e5,Brake performance degraded - inspection required,"Driver reports longer stopping distance and reduced pedal firmness. Brake wear indicator is low on condition monitoring. Mechanical team to inspect pads, discs and brake fluid.

Vehicle: Nissan Caravan (WP PB-5780), bay D-049.",closed,high,high,high,mechanical,mechanical,Brake issue reported on Nissan Caravan (WP PB-5780); mechanical team engaged.,,a147aaff-7666-44df-be95-5ac65ea9bc50,799f9455-62db-4da1-8b99-9f32da209d65,799f9455-62db-4da1-8b99-9f32da209d65,2025-08-27 12:54:00+00,2025-09-07 17:11:00+00,2025-09-07 17:11:00+00,2025-09-13 11:51:00+00,"{""component"": ""brake"", ""asset_code"": ""LLX-COL-0229"", ""trigger_snapshot"": ""2025-08-10""}",2025-08-27 12:54:00+00,2026-08-10 19:03:05.467947+00
00bdafcb-5971-4969-bc49-911b26294ecd,TCK-000154,366eb948-c9aa-4bab-8a64-c830b2524d9c,8f2b1c74-59d3-4a6e-9b21-7c4e0a5d3f88,Battery voltage low - charging system check required,"Battery voltage trend is below target and the vehicle is slow to crank in the morning. Electrical team to test battery health, alternator output and earth connections.

Vehicle: Komatsu FD30 (GLE-FL-087), bay B-027.",resolved,high,high,high,electrical,electrical,Battery issue reported on Komatsu FD30 (GLE-FL-087); electrical team engaged.,,2e86516c-c292-41da-b03d-25fe05969cf1,3ad6d85f-8eb2-429d-b6b0-9df328ae585b,3ad6d85f-8eb2-429d-b6b0-9df328ae585b,2026-07-15 15:16:00+00,2026-07-19 08:35:00+00,2026-07-19 08:35:00+00,,"{""component"": ""battery"", ""asset_code"": ""LLX-GLE-0087"", ""trigger_snapshot"": ""2026-07-10""}",2026-07-15 15:16:00+00,2026-08-10 19:03:05.467947+00
07f38986-acec-4c0e-ac20-4c123c5fd1ac,TCK-000206,91ac7b04-1283-4e99-abe0-bc5563715f65,23a10ad6-f2ff-4aab-9878-de0f37f6bbe0,Uneven tyre wear and vibration at speed,"Driver reports steering vibration at highway speed. Suspect uneven tyre wear; requesting inspection, rotation and alignment.

Vehicle: Tata Ace (UP LA-7802), bay B-044.",closed,high,high,high,mechanical,mechanical,Tire issue reported on Tata Ace (UP LA-7802); mechanical team engaged.,,5d47a181-9a09-4bbf-9c80-c3da3e81e428,c4046467-2ed2-4768-9d99-e876c09fe713,c4046467-2ed2-4768-9d99-e876c09fe713,2025-07-27 16:52:00+00,2025-08-07 13:12:00+00,2025-08-07 13:12:00+00,2025-08-09 14:08:00+00,"{""component"": ""tire"", ""asset_code"": ""LLX-BDL-0104"", ""trigger_snapshot"": ""2025-07-10""}",2025-07-27 16:52:00+00,2026-08-10 19:03:05.467947+00
1e7a8a21-63c9-4ee9-ab44-a74920502ae0,TCK-000155,c57b6521-b665-480d-a1cc-9c69db314f01,8f2b1c74-59d3-4a6e-9b21-7c4e0a5d3f88,Brake performance degraded - inspection required,"Driver reports longer stopping distance and reduced pedal firmness. Brake wear indicator is low on condition monitoring. Mechanical team to inspect pads, discs and brake fluid.

Vehicle: Heli CPCD25 (GLE-FL-027), bay A-027.",closed,low,low,low,mechanical,mechanical,Brake issue reported on Heli CPCD25 (GLE-FL-027); mechanical team engaged.,,4c823f41-1c70-4687-81af-94c5feb0d762,9580e2d6-e004-4873-9ea1-5e63bb707d70,9580e2d6-e004-4873-9ea1-5e63bb707d70,2025-01-26 11:55:00+00,2025-02-06 12:11:00+00,2025-02-06 12:11:00+00,2025-02-14 06:42:00+00,"{""component"": ""brake"", ""asset_code"": ""LLX-GLE-0027"", ""trigger_snapshot"": ""2025-01-10""}",2025-01-26 11:55:00+00,2026-08-10 19:03:05.467947+00
301843c7-66d0-49ca-bd5a-2102f83da77b,TCK-000778,ee53381f-b5a1-4853-abbf-7ad40510e30d,8f2b1c74-59d3-4a6e-9b21-7c4e0a5d3f88,Oil pressure warning intermittent,"Intermittent oil pressure warning reported on the instrument cluster. Requesting oil level, filter and sender inspection.

Vehicle: KDH Van (SP PB-9681), bay C-013.",open,medium,medium,medium,mechanical,mechanical,Oil issue reported on KDH Van (SP PB-9681); mechanical team engaged.,,397e1e00-170b-4c0a-a77a-5f5cc3c7646c,e3d88daf-a639-4654-8343-b7925af44312,,2026-03-13 10:55:00+00,,,,"{""component"": ""oil"", ""asset_code"": ""LLX-GLE-0133"", ""trigger_snapshot"": ""2026-03-10""}",2026-03-13 10:55:00+00,2026-08-10 19:03:05.467947+00
02effdf6-f9e2-48a0-9153-53f935aed81e,TCK-000156,f1747f72-9dfd-4a19-b641-efdc585b8982,23a10ad6-f2ff-4aab-9878-de0f37f6bbe0,Repeated hard starting in early shift,"Vehicle requires multiple crank attempts at shift start. Battery state of health is degraded on monitoring. Requesting battery and charging system diagnosis.

Vehicle: Piaggio Porter (UP LA-9162), bay B-040.",open,medium,medium,medium,electrical,electrical,Battery issue reported on Piaggio Porter (UP LA-9162); electrical team engaged.,,11d49ef0-98e1-49a9-a095-7ad9ebcc59a1,b33c4ff9-69b5-4437-9699-63c066d6c353,,2025-03-13 10:33:00+00,,,,"{""component"": ""battery"", ""asset_code"": ""LLX-BDL-0100"", ""trigger_snapshot"": ""2025-03-10""}",2025-03-13 10:33:00+00,2026-08-10 19:03:05.467947+00
de66977e-1daa-4f18-a77b-ff1ade1a8a9d,TCK-000157,f08e55e6-f7a5-44d3-99e2-57371ff3f82f,23a10ad6-f2ff-4aab-9878-de0f37f6bbe0,Brake performance degraded - inspection required,"Driver reports longer stopping distance and reduced pedal firmness. Brake wear indicator is low on condition monitoring. Mechanical team to inspect pads, discs and brake fluid.

Vehicle: Isuzu FVR (UP LE-5605), bay C-056.",resolved,medium,medium,medium,mechanical,mechanical,Brake issue reported on Isuzu FVR (UP LE-5605); mechanical team engaged.,,d75a5c51-3679-45f1-bdb4-c7d37c50a47e,cf6c56e7-5755-4ee5-801e-f33afde6b249,cf6c56e7-5755-4ee5-801e-f33afde6b249,2025-10-27 10:43:00+00,2025-11-14 08:44:00+00,2025-11-14 08:44:00+00,,"{""component"": ""brake"", ""asset_code"": ""LLX-BDL-0176"", ""trigger_snapshot"": ""2025-10-10""}",2025-10-27 10:43:00+00,2026-08-10 19:03:05.467947+00
8ce65bbf-4efb-4a6c-8fe6-47cc7b132ce0,TCK-000158,1f6a8a84-a2fa-40ab-a885-7f6f18e22cb0,8f2b1c74-59d3-4a6e-9b21-7c4e0a5d3f88,Brake noise reported during descent,"Squealing and vibration reported under braking on gradient. Requesting brake pad and disc inspection before the vehicle returns to route.

Vehicle: Heli CPCD25 (GLE-FL-018), bay A-018.",closed,high,high,high,mechanical,mechanical,Brake issue reported on Heli CPCD25 (GLE-FL-018); mechanical team engaged.,,ce36f25c-50db-49db-ad76-3b799e4fcd15,40f69c6c-3cd3-4344-b1f4-7617f7b12fa5,40f69c6c-3cd3-4344-b1f4-7617f7b12fa5,2025-04-16 12:59:00+00,2025-04-20 15:28:00+00,2025-04-20 15:28:00+00,2025-04-21 12:01:00+00,"{""component"": ""brake"", ""asset_code"": ""LLX-GLE-0018"", ""trigger_snapshot"": ""2025-04-10""}",2025-04-16 12:59:00+00,2026-08-10 19:03:05.467947+00
db9355aa-e779-4c4c-ac39-6b26e5a8645e,TCK-000159,1bd8edc5-344b-4fd8-8964-5d4256db17a3,8f2b1c74-59d3-4a6e-9b21-7c4e0a5d3f88,Repeated hard starting in early shift,"Vehicle requires multiple crank attempts at shift start. Battery state of health is degraded on monitoring. Requesting battery and charging system diagnosis.

Vehicle: Tata Ace (SP LA-9839), bay C-045.",closed,high,high,high,electrical,electrical,Battery issue reported on Tata Ace (SP LA-9839); electrical team engaged.,,2e9c306a-200a-4470-9319-01f6f9fbcee0,ea3a55a2-e8eb-400a-a3e6-3895bf70675d,ea3a55a2-e8eb-400a-a3e6-3895bf70675d,2024-08-24 09:06:00+00,2024-09-18 11:55:00+00,2024-09-18 11:55:00+00,2024-09-25 10:42:00+00,"{""component"": ""battery"", ""asset_code"": ""LLX-GLE-0165"", ""trigger_snapshot"": ""2024-08-10""}",2024-08-24 09:06:00+00,2026-08-10 19:03:05.467947+00
a4920f0f-b6fa-4657-9862-2399c57f4b39,TCK-000160,b926f223-21f0-47bb-b843-f8e1c928952d,c537c281-b6ad-4842-94ec-e937be0083e5,Tyre wear beyond service limit,"Tread depth is below the service threshold on condition monitoring. Requesting tyre replacement and wheel alignment check.

Vehicle: Komatsu FD25 (COL-FL-009), bay A-009.",closed,high,high,high,mechanical,mechanical,Tire issue reported on Komatsu FD25 (COL-FL-009); mechanical team engaged.,,2c2d43d4-1eac-4011-8261-c8af7f6aa2a6,3116c9d0-e74c-4cf3-84ee-8fbb2165d83f,3116c9d0-e74c-4cf3-84ee-8fbb2165d83f,2026-03-27 07:59:00+00,2026-04-01 10:29:00+00,2026-04-01 10:29:00+00,2026-04-08 15:14:00+00,"{""component"": ""tire"", ""asset_code"": ""LLX-COL-0009"", ""trigger_snapshot"": ""2026-03-10""}",2026-03-27 07:59:00+00,2026-08-10 19:03:05.467947+00
895bb67f-b625-4a28-9fae-8ede3be39d7c,TCK-000161,7c180c41-4cea-4b96-bb00-328419c3df6f,8f2b1c74-59d3-4a6e-9b21-7c4e0a5d3f88,Repeated hard starting in early shift,"Vehicle requires multiple crank attempts at shift start. Battery state of health is degraded on monitoring. Requesting battery and charging system diagnosis.

Vehicle: Isuzu FVR (SP LF-8899), bay E-001.",closed,medium,medium,medium,electrical,electrical,Battery issue reported on Isuzu FVR (SP LF-8899); electrical team engaged.,,bfe22d3e-aa0d-42ca-9de4-b68f3f37afeb,785a349f-b3ca-4199-beb9-4e50013f54c8,785a349f-b3ca-4199-beb9-4e50013f54c8,2025-03-12 06:23:00+00,2025-03-16 10:29:00+00,2025-03-16 10:29:00+00,2025-03-23 13:52:00+00,"{""component"": ""battery"", ""asset_code"": ""LLX-GLE-0241"", ""trigger_snapshot"": ""2025-03-10""}",2025-03-12 06:23:00+00,2026-08-10 19:03:05.467947+00
538fa5bb-df19-4831-8b70-e85a06c2954a,TCK-000162,f3dead69-ffde-4a9e-9002-fe4e48a9d009,8f2b1c74-59d3-4a6e-9b21-7c4e0a5d3f88,Uneven tyre wear and vibration at speed,"Driver reports steering vibration at highway speed. Suspect uneven tyre wear; requesting inspection, rotation and alignment.

Vehicle: Toyota HiAce (SP PD-2633), bay C-012.",resolved,medium,medium,medium,mechanical,mechanical,Tire issue reported on Toyota HiAce (SP PD-2633); mechanical team engaged.,,1ee01826-f527-47b8-9e03-d1f37836438b,e1c1397c-6345-47ab-948e-0f3e68d615b7,e1c1397c-6345-47ab-948e-0f3e68d615b7,2025-05-17 16:47:00+00,2025-06-07 05:52:00+00,2025-06-07 05:52:00+00,,"{""component"": ""tire"", ""asset_code"": ""LLX-GLE-0132"", ""trigger_snapshot"": ""2025-05-10""}",2025-05-17 16:47:00+00,2026-08-10 19:03:05.467947+00
4990fb4e-42b8-4b3c-b22d-3f22bfd1ac2b,TCK-000163,564d1eac-a692-4c23-b269-69cfc04b5b9e,c537c281-b6ad-4842-94ec-e937be0083e5,Oil pressure warning intermittent,"Intermittent oil pressure warning reported on the instrument cluster. Requesting oil level, filter and sender inspection.

Vehicle: Heli CPCD25 (COL-FL-084), bay B-024.",closed,medium,medium,medium,mechanical,mechanical,Oil issue reported on Heli CPCD25 (COL-FL-084); mechanical team engaged.,,0d00671e-4229-4f30-8023-aabec2a477f9,ece2a321-bc6d-4cdf-9d3a-f642ed83ae68,ece2a321-bc6d-4cdf-9d3a-f642ed83ae68,2025-11-26 06:27:00+00,2025-12-19 17:21:00+00,2025-12-19 17:21:00+00,2025-12-20 13:28:00+00,"{""component"": ""oil"", ""asset_code"": ""LLX-COL-0084"", ""trigger_snapshot"": ""2025-11-10""}",2025-11-26 06:27:00+00,2026-08-10 19:03:05.467947+00
22df496f-7787-464e-91d6-3f1811ac0c53,TCK-000164,6c4a055d-9ad9-4839-90d7-710cfd96f501,8f2b1c74-59d3-4a6e-9b21-7c4e0a5d3f88,Tyre wear beyond service limit,"Tread depth is below the service threshold on condition monitoring. Requesting tyre replacement and wheel alignment check.

Vehicle: Isuzu ELF NKR (SP LD-7720), bay C-056.",closed,high,high,high,mechanical,mechanical,Tire issue reported on Isuzu ELF NKR (SP LD-7720); mechanical team engaged.,,6d97f26d-d4af-4ee3-ab61-5adbbb620217,40f69c6c-3cd3-4344-b1f4-7617f7b12fa5,40f69c6c-3cd3-4344-b1f4-7617f7b12fa5,2024-08-22 17:05:00+00,2024-09-02 16:16:00+00,2024-09-02 16:16:00+00,2024-09-06 05:50:00+00,"{""component"": ""tire"", ""asset_code"": ""LLX-GLE-0176"", ""trigger_snapshot"": ""2024-08-10""}",2024-08-22 17:05:00+00,2026-08-10 19:03:05.467947+00
2fa09f51-153e-4315-8f74-dd1ebc237389,TCK-000165,c64cadd6-2ac0-4162-ac8c-73c2cbfd67ef,23a10ad6-f2ff-4aab-9878-de0f37f6bbe0,Odometer readings inconsistent in platform,"Reported odometer on the platform disagrees with the vehicle cluster. Software team to verify sensor mapping and ingestion for this asset.

Vehicle: KDH Van (UP PC-8622), bay B-007.",closed,medium,medium,medium,software,software,Telematics issue reported on KDH Van (UP PC-8622); software team engaged.,,2603261c-f67c-4ac4-82dc-a2f5fcafb624,ea52bfbe-19f5-4dff-86bf-a319e0bec453,ea52bfbe-19f5-4dff-86bf-a319e0bec453,2025-09-26 13:28:00+00,2025-10-02 07:37:00+00,2025-10-02 07:37:00+00,2025-10-08 05:19:00+00,"{""component"": ""telematics"", ""asset_code"": ""LLX-BDL-0067"", ""trigger_snapshot"": ""2025-09-10""}",2025-09-26 13:28:00+00,2026-08-10 19:03:05.467947+00
f5510d4d-695d-4891-a8a8-593e0a665cce,TCK-000166,1945b688-7bee-4325-97bc-c29d58083f67,c537c281-b6ad-4842-94ec-e937be0083e5,Engine oil life exhausted - service overdue,"Oil life monitor has reached the end of its interval. Requesting engine oil and filter service before further dispatch.

Vehicle: Mitsubishi Fuso Fighter (WP LF-9988), bay G-003.",closed,high,high,high,mechanical,mechanical,Oil issue reported on Mitsubishi Fuso Fighter (WP LF-9988); mechanical team engaged.,,a3267fe3-9c0f-4b60-95c4-971b2cac8906,79bbaaa4-918b-47e0-ba89-d5f2b5a4d4ba,79bbaaa4-918b-47e0-ba89-d5f2b5a4d4ba,2025-09-13 11:16:00+00,2025-10-08 12:04:00+00,2025-10-08 12:04:00+00,2025-10-13 11:55:00+00,"{""component"": ""oil"", ""asset_code"": ""LLX-COL-0363"", ""trigger_snapshot"": ""2025-09-10""}",2025-09-13 11:16:00+00,2026-08-10 19:03:05.467947+00
695ce0c2-930d-47de-8676-7b89e86ef784,TCK-000167,54b6e4f5-5627-4bcb-859b-c4c79e28faee,23a10ad6-f2ff-4aab-9878-de0f37f6bbe0,Telematics unit not reporting,"Sensor gateway on this vehicle has stopped publishing readings. Software team to check the telematics unit, SIM connectivity and data pipeline ingestion.

Vehicle: Toyota 8FD30 (BDL-FL-046), bay A-046.",closed,medium,medium,medium,software,software,Telematics issue reported on Toyota 8FD30 (BDL-FL-046); software team engaged.,,81465f78-fd22-40f9-bb43-c73ede62087e,389d9ee3-9a0e-4d55-9770-b461e7a536f0,389d9ee3-9a0e-4d55-9770-b461e7a536f0,2026-05-15 12:47:00+00,2026-05-23 10:42:00+00,2026-05-23 10:42:00+00,2026-05-30 06:47:00+00,"{""component"": ""telematics"", ""asset_code"": ""LLX-BDL-0046"", ""trigger_snapshot"": ""2026-05-10""}",2026-05-15 12:47:00+00,2026-08-10 19:03:05.467947+00
57fa5318-a521-48aa-a4af-2b606442253c,TCK-000168,47e10112-af29-4a95-bfd6-dfec06d326a8,23a10ad6-f2ff-4aab-9878-de0f37f6bbe0,Battery voltage low - charging system check required,"Battery voltage trend is below target and the vehicle is slow to crank in the morning. Electrical team to test battery health, alternator output and earth connections.

Vehicle: Mitsubishi Canter (UP LD-6802), bay C-010.",resolved,medium,medium,medium,electrical,electrical,Battery issue reported on Mitsubishi Canter (UP LD-6802); electrical team engaged.,,32dc59cb-ffdf-4808-a64d-050c19511645,784a05b0-a5da-4849-9577-b03fd2c58149,784a05b0-a5da-4849-9577-b03fd2c58149,2026-05-16 05:53:00+00,2026-06-03 14:44:00+00,2026-06-03 14:44:00+00,,"{""component"": ""battery"", ""asset_code"": ""LLX-BDL-0130"", ""trigger_snapshot"": ""2026-05-10""}",2026-05-16 05:53:00+00,2026-08-10 19:03:05.467947+00
9002993c-7de3-400e-a623-d1b61b8c642e,TCK-000169,2f2f9f65-26c5-4f61-8e9f-85f829a1221c,8f2b1c74-59d3-4a6e-9b21-7c4e0a5d3f88,Hydraulic lift slow to respond,"Forklift mast raises slowly under load and drifts down when held. Requesting hydraulic fluid, seal and pump inspection.

Vehicle: Komatsu FD25 (GLE-FL-025), bay A-025.",closed,high,high,high,mechanical,mechanical,Hydraulic issue reported on Komatsu FD25 (GLE-FL-025); mechanical team engaged.,,fb6c20e7-6d91-4717-a3b1-7355fdcee435,78be5d8f-6cca-4d7e-bfe7-2b68fc8c6341,78be5d8f-6cca-4d7e-bfe7-2b68fc8c6341,2024-12-12 08:30:00+00,2025-01-03 15:38:00+00,2025-01-03 15:38:00+00,2025-01-10 16:48:00+00,"{""component"": ""hydraulic"", ""asset_code"": ""LLX-GLE-0025"", ""trigger_snapshot"": ""2024-12-10""}",2024-12-12 08:30:00+00,2026-08-10 19:03:05.467947+00
1e666505-0fd8-4011-a4f3-414d30fb8e76,TCK-000170,1d5b6c37-64b0-4d21-8246-f5c0ff1ce270,c537c281-b6ad-4842-94ec-e937be0083e5,Brake performance degraded - inspection required,"Driver reports longer stopping distance and reduced pedal firmness. Brake wear indicator is low on condition monitoring. Mechanical team to inspect pads, discs and brake fluid.

Vehicle: Piaggio Porter (WP LB-1642), bay E-055.",resolved,medium,medium,medium,mechanical,mechanical,Brake issue reported on Piaggio Porter (WP LB-1642); mechanical team engaged.,,fd1680a5-59fe-4626-bf84-be00d1cef0cd,6b59f9f2-4c2d-40ea-8a3b-76bb6b7f5dd1,6b59f9f2-4c2d-40ea-8a3b-76bb6b7f5dd1,2026-03-26 05:37:00+00,2026-04-10 08:31:00+00,2026-04-10 08:31:00+00,,"{""component"": ""brake"", ""asset_code"": ""LLX-COL-0295"", ""trigger_snapshot"": ""2026-03-10""}",2026-03-26 05:37:00+00,2026-08-10 19:03:05.467947+00
72e19d97-7b46-457f-88d7-d5e33c353a92,TCK-000171,7f6c3931-c4af-4ea9-8a66-b289d1c4daac,c537c281-b6ad-4842-94ec-e937be0083e5,Battery voltage low - charging system check required,"Battery voltage trend is below target and the vehicle is slow to crank in the morning. Electrical team to test battery health, alternator output and earth connections.

Vehicle: Mitsubishi Canter (WP LC-7648), bay F-019.",closed,high,high,high,electrical,electrical,Battery issue reported on Mitsubishi Canter (WP LC-7648); electrical team engaged.,,3b296b4c-a6c2-42a6-89b4-e614400f1631,f1ed49ec-e79c-46e4-82c1-3e63309056fd,f1ed49ec-e79c-46e4-82c1-3e63309056fd,2024-12-27 12:30:00+00,2025-01-14 06:54:00+00,2025-01-14 06:54:00+00,2025-01-16 07:03:00+00,"{""component"": ""battery"", ""asset_code"": ""LLX-COL-0319"", ""trigger_snapshot"": ""2024-12-10""}",2024-12-27 12:30:00+00,2026-08-10 19:03:05.467947+00
6bc75d74-8734-45f9-9cb5-aedd6e2913b2,TCK-000172,f1298b4c-8f7a-4a1f-845e-2d3644c13d3a,23a10ad6-f2ff-4aab-9878-de0f37f6bbe0,Hydraulic fluid weeping at cylinder,"Visible weeping at the lift cylinder and reduced hydraulic performance on monitoring. Requesting seal replacement.

Vehicle: Toyota 8FD25 (BDL-FL-008), bay A-008.",closed,high,low,high,mechanical,mechanical,Hydraulic issue reported on Toyota 8FD25 (BDL-FL-008); mechanical team engaged.,,7c1e1717-1b2c-4ef3-abbf-d8fe7aecfdfa,6307ed65-c77c-40e7-9e0f-0b67135eb7b1,6307ed65-c77c-40e7-9e0f-0b67135eb7b1,2025-12-25 10:38:00+00,2026-01-19 16:10:00+00,2026-01-19 16:10:00+00,2026-01-21 16:03:00+00,"{""component"": ""hydraulic"", ""asset_code"": ""LLX-BDL-0008"", ""trigger_snapshot"": ""2025-12-10""}",2025-12-25 10:38:00+00,2026-08-10 19:03:05.467947+00
96a42e3b-b497-4130-a19c-644b789994f0,TCK-000173,297b4bb5-6429-4c03-8d38-57e6d19c9c21,23a10ad6-f2ff-4aab-9878-de0f37f6bbe0,Tyre wear beyond service limit,"Tread depth is below the service threshold on condition monitoring. Requesting tyre replacement and wheel alignment check.

Vehicle: Tata Signa 1918 (UP LH-9845), bay D-016.",closed,medium,medium,medium,mechanical,mechanical,Tire issue reported on Tata Signa 1918 (UP LH-9845); mechanical team engaged.,,e393f157-3860-4ebd-b9f4-400e8f8d33fd,59064e3f-1d1e-4817-8491-724ae8d85add,59064e3f-1d1e-4817-8491-724ae8d85add,2025-10-25 09:49:00+00,2025-11-03 14:43:00+00,2025-11-03 14:43:00+00,2025-11-07 17:11:00+00,"{""component"": ""tire"", ""asset_code"": ""LLX-BDL-0196"", ""trigger_snapshot"": ""2025-10-10""}",2025-10-25 09:49:00+00,2026-08-10 19:03:05.467947+00
112ee034-11c5-4760-936f-d6fca4825590,TCK-000174,f1b56121-64b9-4822-a5ba-80d791f0c625,c537c281-b6ad-4842-94ec-e937be0083e5,Hydraulic lift slow to respond,"Forklift mast raises slowly under load and drifts down when held. Requesting hydraulic fluid, seal and pump inspection.

Vehicle: Heli CPCD30 (COL-FL-114), bay B-054.",closed,high,high,high,mechanical,mechanical,Hydraulic issue reported on Heli CPCD30 (COL-FL-114); mechanical team engaged.,,c0bdfba4-2737-4375-a054-7e05fcb90314,96fb9f33-3e52-4958-8405-6ccf26fcacdc,96fb9f33-3e52-4958-8405-6ccf26fcacdc,2025-01-25 09:19:00+00,2025-02-09 15:10:00+00,2025-02-09 15:10:00+00,2025-02-12 15:08:00+00,"{""component"": ""hydraulic"", ""asset_code"": ""LLX-COL-0114"", ""trigger_snapshot"": ""2025-01-10""}",2025-01-25 09:19:00+00,2026-08-10 19:03:05.467947+00
d23c8a24-1224-4278-85e4-4ac697e97f99,TCK-000175,cd048cbe-1f0c-4b89-8d20-ff63796025ba,c537c281-b6ad-4842-94ec-e937be0083e5,Oil pressure warning intermittent,"Intermittent oil pressure warning reported on the instrument cluster. Requesting oil level, filter and sender inspection.

Vehicle: Tata Ultra T.7 (WP LD-4071), bay F-026.",closed,high,high,high,mechanical,mechanical,Oil issue reported on Tata Ultra T.7 (WP LD-4071); mechanical team engaged.,,4d3f028c-7b12-466f-9987-425444282f7d,6d8966a8-2474-4d35-9fd9-7bb3b648f6fd,6d8966a8-2474-4d35-9fd9-7bb3b648f6fd,2024-10-19 15:56:00+00,2024-10-27 16:18:00+00,2024-10-27 16:18:00+00,2024-10-28 17:47:00+00,"{""component"": ""oil"", ""asset_code"": ""LLX-COL-0326"", ""trigger_snapshot"": ""2024-10-10""}",2024-10-19 15:56:00+00,2026-08-10 19:03:05.467947+00
3d71e5fb-de7b-4d2a-802d-7c441c232691,TCK-000176,8460a2bc-30ae-4a26-9c09-75af1ba3b47b,c537c281-b6ad-4842-94ec-e937be0083e5,Engine oil life exhausted - service overdue,"Oil life monitor has reached the end of its interval. Requesting engine oil and filter service before further dispatch.

Vehicle: Mitsubishi Canter (WP LC-4358), bay F-017.",resolved,high,high,high,mechanical,mechanical,Oil issue reported on Mitsubishi Canter (WP LC-4358); mechanical team engaged.,,c06bb987-5cbb-4b31-ad34-e260d4529ba7,0b830550-4175-4716-9d78-9b2d69d25855,0b830550-4175-4716-9d78-9b2d69d25855,2026-06-27 13:48:00+00,2026-07-21 12:00:00+00,2026-07-21 12:00:00+00,,"{""component"": ""oil"", ""asset_code"": ""LLX-COL-0317"", ""trigger_snapshot"": ""2026-06-10""}",2026-06-27 13:48:00+00,2026-08-10 19:03:05.467947+00
0cc80e95-76f3-4042-9aef-724c92c77444,TCK-000177,7f59766f-d12a-47b5-b596-7b118ad1ac29,8f2b1c74-59d3-4a6e-9b21-7c4e0a5d3f88,Hydraulic lift slow to respond,"Forklift mast raises slowly under load and drifts down when held. Requesting hydraulic fluid, seal and pump inspection.

Vehicle: Mahindra Bolero Pickup (SP LA-9587), bay C-052.",open,medium,medium,medium,mechanical,mechanical,Hydraulic issue reported on Mahindra Bolero Pickup (SP LA-9587); mechanical team engaged.,,1e29b6e8-6626-4a4f-b11b-f1b90a96a930,78be5d8f-6cca-4d7e-bfe7-2b68fc8c6341,,2026-06-18 12:58:00+00,,,,"{""component"": ""hydraulic"", ""asset_code"": ""LLX-GLE-0172"", ""trigger_snapshot"": ""2026-06-10""}",2026-06-18 12:58:00+00,2026-08-10 19:03:05.467947+00
1982b601-8056-48bd-9c7f-29fafe52a7db,TCK-000178,3b0294cd-6b07-456f-a4cc-7140ca9ad0a2,8f2b1c74-59d3-4a6e-9b21-7c4e0a5d3f88,Hydraulic lift slow to respond,"Forklift mast raises slowly under load and drifts down when held. Requesting hydraulic fluid, seal and pump inspection.

Vehicle: Toyota 8FD25 (GLE-FL-013), bay A-013.",open,low,medium,low,electrical,mechanical,Hydraulic issue reported on Toyota 8FD25 (GLE-FL-013); mechanical team engaged.,,3d6f2ad9-da21-46a7-9219-f8cf57f7ff25,a363109b-c8ce-4177-9d91-030ac0b8df3a,,2025-01-13 14:29:00+00,,,,"{""component"": ""hydraulic"", ""asset_code"": ""LLX-GLE-0013"", ""trigger_snapshot"": ""2025-01-10""}",2025-01-13 14:29:00+00,2026-08-10 19:03:05.467947+00
f9b447a8-771d-4051-8826-549e7f9818e4,TCK-000179,50161312-256f-44a3-85ad-9191f026bff0,c537c281-b6ad-4842-94ec-e937be0083e5,Battery voltage low - charging system check required,"Battery voltage trend is below target and the vehicle is slow to crank in the morning. Electrical team to test battery health, alternator output and earth connections.

Vehicle: Toyota 8FD25 (COL-FL-065), bay B-005.",open,high,high,high,electrical,electrical,Battery issue reported on Toyota 8FD25 (COL-FL-065); electrical team engaged.,,78afea78-2d3f-495b-82d1-a177c62aaf7c,0045edfa-b68e-4e8a-8cb4-619cb936cc49,,2026-05-13 17:07:00+00,,,,"{""component"": ""battery"", ""asset_code"": ""LLX-COL-0065"", ""trigger_snapshot"": ""2026-05-10""}",2026-05-13 17:07:00+00,2026-08-10 19:03:05.467947+00
9d7288d9-a1f7-4697-ac34-40c9251985c8,TCK-000180,301c9a8b-3e7c-42c1-bb26-78f173e94048,c537c281-b6ad-4842-94ec-e937be0083e5,Repeated hard starting in early shift,"Vehicle requires multiple crank attempts at shift start. Battery state of health is degraded on monitoring. Requesting battery and charging system diagnosis.

Vehicle: Heli CPCD30 (COL-FL-100), bay B-040.",resolved,low,low,low,electrical,electrical,Battery issue reported on Heli CPCD30 (COL-FL-100); electrical team engaged.,,f3f8dfa5-1b8c-4bf1-8507-81855c610eb1,cfcb23c6-f209-48fb-b2ab-5f79f711f9cc,cfcb23c6-f209-48fb-b2ab-5f79f711f9cc,2026-02-12 15:14:00+00,2026-02-15 07:02:00+00,2026-02-15 07:02:00+00,,"{""component"": ""battery"", ""asset_code"": ""LLX-COL-0100"", ""trigger_snapshot"": ""2026-02-10""}",2026-02-12 15:14:00+00,2026-08-10 19:03:05.467947+00
684f1d09-e245-4b38-bae8-b9fa7c18037f,TCK-000181,35b47dfb-fb8d-4b1c-a16c-919c8f6ea174,8f2b1c74-59d3-4a6e-9b21-7c4e0a5d3f88,Engine oil life exhausted - service overdue,"Oil life monitor has reached the end of its interval. Requesting engine oil and filter service before further dispatch.

Vehicle: Mahindra Bolero Pickup (SP LB-3722), bay C-054.",open,high,high,high,mechanical,mechanical,Oil issue reported on Mahindra Bolero Pickup (SP LB-3722); mechanical team engaged.,,cdb3ca48-5359-477c-8e4d-5ee25284ca63,5302dab8-326e-4660-b10d-447ccbcaff6f,,2026-03-18 14:07:00+00,,,,"{""component"": ""oil"", ""asset_code"": ""LLX-GLE-0174"", ""trigger_snapshot"": ""2026-03-10""}",2026-03-18 14:07:00+00,2026-08-10 19:03:05.467947+00
2561b9e8-3381-4c79-8e94-ad05786202b2,TCK-000182,465d2b3b-3577-4777-89df-9f8baab947e9,23a10ad6-f2ff-4aab-9878-de0f37f6bbe0,Oil pressure warning intermittent,"Intermittent oil pressure warning reported on the instrument cluster. Requesting oil level, filter and sender inspection.

Vehicle: Toyota 8FD25 (BDL-FL-006), bay A-006.",closed,high,high,high,mechanical,mechanical,Oil issue reported on Toyota 8FD25 (BDL-FL-006); mechanical team engaged.,,fca6c7c6-7891-4e0d-bae3-be75e03db35c,9b2ae800-e7f5-4450-a102-90626d114204,9b2ae800-e7f5-4450-a102-90626d114204,2026-04-13 10:39:00+00,2026-04-29 16:27:00+00,2026-04-29 16:27:00+00,2026-05-05 11:17:00+00,"{""component"": ""oil"", ""asset_code"": ""LLX-BDL-0006"", ""trigger_snapshot"": ""2026-04-10""}",2026-04-13 10:39:00+00,2026-08-10 19:03:05.467947+00
247dbfd1-139b-4d46-af70-dc50ca0db489,TCK-000183,79f54679-2267-4f6f-bbba-8e3a5a524f75,23a10ad6-f2ff-4aab-9878-de0f37f6bbe0,Brake performance degraded - inspection required,"Driver reports longer stopping distance and reduced pedal firmness. Brake wear indicator is low on condition monitoring. Mechanical team to inspect pads, discs and brake fluid.

Vehicle: Heli CPCD30 (BDL-FL-037), bay A-037.",resolved,low,low,low,mechanical,mechanical,Brake issue reported on Heli CPCD30 (BDL-FL-037); mechanical team engaged.,,5334a4c2-3b6f-41b3-be6f-e8996d26752e,832b089f-ff95-441d-a9ca-716951d24f37,832b089f-ff95-441d-a9ca-716951d24f37,2026-06-14 13:35:00+00,2026-07-05 15:45:00+00,2026-07-05 15:45:00+00,,"{""component"": ""brake"", ""asset_code"": ""LLX-BDL-0037"", ""trigger_snapshot"": ""2026-06-10""}",2026-06-14 13:35:00+00,2026-08-10 19:03:05.467947+00
1b37fb61-62a6-4dda-b82d-5247bb11af47,TCK-000184,1f6a8a84-a2fa-40ab-a885-7f6f18e22cb0,8f2b1c74-59d3-4a6e-9b21-7c4e0a5d3f88,Oil pressure warning intermittent,"Intermittent oil pressure warning reported on the instrument cluster. Requesting oil level, filter and sender inspection.

Vehicle: Heli CPCD25 (GLE-FL-018), bay A-018.",closed,high,high,high,mechanical,mechanical,Oil issue reported on Heli CPCD25 (GLE-FL-018); mechanical team engaged.,,eed58a38-b1ab-4cbf-88ca-068e6a523a9a,597c6eba-286e-440e-922e-420efd907fcc,597c6eba-286e-440e-922e-420efd907fcc,2025-10-20 17:17:00+00,2025-11-03 14:36:00+00,2025-11-03 14:36:00+00,2025-11-08 14:12:00+00,"{""component"": ""oil"", ""asset_code"": ""LLX-GLE-0018"", ""trigger_snapshot"": ""2025-10-10""}",2025-10-20 17:17:00+00,2026-08-10 19:03:05.467947+00
570bb912-a4ae-4b7b-8159-9c21a11aa389,TCK-000185,5eb688a2-613d-4fb8-87de-2f2e447a140b,23a10ad6-f2ff-4aab-9878-de0f37f6bbe0,Brake noise reported during descent,"Squealing and vibration reported under braking on gradient. Requesting brake pad and disc inspection before the vehicle returns to route.

Vehicle: KDH Van (UP PD-3293), bay B-020.",closed,high,high,high,mechanical,mechanical,Brake issue reported on KDH Van (UP PD-3293); mechanical team engaged.,,4d9a2421-7844-44bd-b117-718dcc1c86f3,246980b5-110b-4571-9060-906f0c1ed19f,246980b5-110b-4571-9060-906f0c1ed19f,2025-10-10 15:37:00+00,2025-11-01 09:39:00+00,2025-11-01 09:39:00+00,2025-11-10 14:53:00+00,"{""component"": ""brake"", ""asset_code"": ""LLX-BDL-0080"", ""trigger_snapshot"": ""2025-10-10""}",2025-10-10 15:37:00+00,2026-08-10 19:03:05.467947+00
5e6ed655-a2f2-48c0-9805-858c12c47204,TCK-000186,fc48457d-db96-42a9-b510-f220fc33fb62,23a10ad6-f2ff-4aab-9878-de0f37f6bbe0,Engine oil life exhausted - service overdue,"Oil life monitor has reached the end of its interval. Requesting engine oil and filter service before further dispatch.

Vehicle: Isuzu ELF NKR (UP LD-7826), bay C-032.",open,high,high,high,mechanical,mechanical,Oil issue reported on Isuzu ELF NKR (UP LD-7826); mechanical team engaged.,,6e2f5d4a-4842-4cac-8156-c863d330342d,e4333d48-503a-4694-b7d9-97ac9dee27e0,,2026-05-11 16:36:00+00,,,,"{""component"": ""oil"", ""asset_code"": ""LLX-BDL-0152"", ""trigger_snapshot"": ""2026-05-10""}",2026-05-11 16:36:00+00,2026-08-10 19:03:05.467947+00
549b17f8-2119-4f40-87eb-c8371de65ca4,TCK-000187,4d97046a-6c7f-47d6-95e3-f8f86198541c,23a10ad6-f2ff-4aab-9878-de0f37f6bbe0,Repeated hard starting in early shift,"Vehicle requires multiple crank attempts at shift start. Battery state of health is degraded on monitoring. Requesting battery and charging system diagnosis.

Vehicle: Piaggio Porter (UP LB-5937), bay B-032.",closed,medium,medium,medium,electrical,electrical,Battery issue reported on Piaggio Porter (UP LB-5937); electrical team engaged.,,a65b104c-d3be-4d8a-be5f-daa9ee0af4cc,784a05b0-a5da-4849-9577-b03fd2c58149,784a05b0-a5da-4849-9577-b03fd2c58149,2026-01-19 15:21:00+00,2026-01-31 16:37:00+00,2026-01-31 16:37:00+00,2026-02-09 09:04:00+00,"{""component"": ""battery"", ""asset_code"": ""LLX-BDL-0092"", ""trigger_snapshot"": ""2026-01-10""}",2026-01-19 15:21:00+00,2026-08-10 19:03:05.467947+00
ca0c06e1-7af8-4082-9b17-221e369352dc,TCK-000188,12ac6689-8315-43d9-8d09-07c603b91360,8f2b1c74-59d3-4a6e-9b21-7c4e0a5d3f88,Uneven tyre wear and vibration at speed,"Driver reports steering vibration at highway speed. Suspect uneven tyre wear; requesting inspection, rotation and alignment.

Vehicle: KDH Van (SP PE-7721), bay C-005.",closed,medium,medium,medium,mechanical,mechanical,Tire issue reported on KDH Van (SP PE-7721); mechanical team engaged.,,1d778731-9103-4a7c-8b4f-fb234d39f1b2,76f52321-d84d-4f11-979f-a6df1dccfcbd,76f52321-d84d-4f11-979f-a6df1dccfcbd,2025-01-19 17:54:00+00,2025-02-13 10:47:00+00,2025-02-13 10:47:00+00,2025-02-15 06:18:00+00,"{""component"": ""tire"", ""asset_code"": ""LLX-GLE-0125"", ""trigger_snapshot"": ""2025-01-10""}",2025-01-19 17:54:00+00,2026-08-10 19:03:05.467947+00
67ef76f1-5805-4879-a427-9c279c112d0e,TCK-000189,564d1eac-a692-4c23-b269-69cfc04b5b9e,c537c281-b6ad-4842-94ec-e937be0083e5,Repeated hard starting in early shift,"Vehicle requires multiple crank attempts at shift start. Battery state of health is degraded on monitoring. Requesting battery and charging system diagnosis.

Vehicle: Heli CPCD25 (COL-FL-084), bay B-024.",closed,medium,medium,medium,electrical,electrical,Battery issue reported on Heli CPCD25 (COL-FL-084); electrical team engaged.,,15cd63cb-e067-4cb2-84d1-2cb813162e1a,b7d6f932-49f4-46ba-85fa-9c50ab72be6f,b7d6f932-49f4-46ba-85fa-9c50ab72be6f,2026-03-24 16:40:00+00,2026-04-11 05:25:00+00,2026-04-11 05:25:00+00,2026-04-14 06:06:00+00,"{""component"": ""battery"", ""asset_code"": ""LLX-COL-0084"", ""trigger_snapshot"": ""2026-03-10""}",2026-03-24 16:40:00+00,2026-08-10 19:03:05.467947+00
0cdbe7ad-5210-44e5-8628-98b03723de89,TCK-000190,8809eccd-d11a-4f14-95c3-5444ab6c5b5e,23a10ad6-f2ff-4aab-9878-de0f37f6bbe0,Brake performance degraded - inspection required,"Driver reports longer stopping distance and reduced pedal firmness. Brake wear indicator is low on condition monitoring. Mechanical team to inspect pads, discs and brake fluid.

Vehicle: KDH Van (UP PC-7674), bay B-009.",closed,high,high,high,mechanical,mechanical,Brake issue reported on KDH Van (UP PC-7674); mechanical team engaged.,,d5d2bb70-ee7e-45f2-9d21-4ded5e54973b,c4046467-2ed2-4768-9d99-e876c09fe713,c4046467-2ed2-4768-9d99-e876c09fe713,2024-12-21 16:23:00+00,2025-01-01 06:15:00+00,2025-01-01 06:15:00+00,2025-01-09 06:08:00+00,"{""component"": ""brake"", ""asset_code"": ""LLX-BDL-0069"", ""trigger_snapshot"": ""2024-12-10""}",2024-12-21 16:23:00+00,2026-08-10 19:03:05.467947+00
76a850e8-cc2d-4d46-afd9-64de5f63f4e5,TCK-000191,8031532f-cc33-4340-88a1-9f7037de6f64,c537c281-b6ad-4842-94ec-e937be0083e5,Uneven tyre wear and vibration at speed,"Driver reports steering vibration at highway speed. Suspect uneven tyre wear; requesting inspection, rotation and alignment.

Vehicle: KDH Van (WP PC-7460), bay D-016.",closed,medium,medium,medium,mechanical,mechanical,Tire issue reported on KDH Van (WP PC-7460); mechanical team engaged.,,4f3a3dc2-e549-4297-9901-d7612b6c6e8b,a5403456-9417-4129-8376-a0508664c003,a5403456-9417-4129-8376-a0508664c003,2025-03-16 06:47:00+00,2025-03-22 14:04:00+00,2025-03-22 14:04:00+00,2025-03-23 05:25:00+00,"{""component"": ""tire"", ""asset_code"": ""LLX-COL-0196"", ""trigger_snapshot"": ""2025-03-10""}",2025-03-16 06:47:00+00,2026-08-10 19:03:05.467947+00
590353e4-d32e-4484-b554-6e9335eefaef,TCK-000192,ff6a4d2a-5f42-46bc-ac87-4552804677a0,8f2b1c74-59d3-4a6e-9b21-7c4e0a5d3f88,Brake noise reported during descent,"Squealing and vibration reported under braking on gradient. Requesting brake pad and disc inspection before the vehicle returns to route.

Vehicle: Mitsubishi Canter (SP LD-5203), bay D-023.",closed,high,high,high,mechanical,mechanical,Brake issue reported on Mitsubishi Canter (SP LD-5203); mechanical team engaged.,,4c823f41-1c70-4687-81af-94c5feb0d762,9580e2d6-e004-4873-9ea1-5e63bb707d70,9580e2d6-e004-4873-9ea1-5e63bb707d70,2024-11-27 17:57:00+00,2024-12-04 14:01:00+00,2024-12-04 14:01:00+00,2024-12-12 12:19:00+00,"{""component"": ""brake"", ""asset_code"": ""LLX-GLE-0203"", ""trigger_snapshot"": ""2024-11-10""}",2024-11-27 17:57:00+00,2026-08-10 19:03:05.467947+00
2b2c3eb8-4aa7-4315-866c-abcbf36e0f78,TCK-000193,0044d1d4-b9b5-4622-87f3-458935555097,c537c281-b6ad-4842-94ec-e937be0083e5,Battery voltage low - charging system check required,"Battery voltage trend is below target and the vehicle is slow to crank in the morning. Electrical team to test battery health, alternator output and earth connections.

Vehicle: Tata Ace (WP LA-6787), bay E-031.",closed,low,low,low,electrical,electrical,Battery issue reported on Tata Ace (WP LA-6787); electrical team engaged.,,f47e14b1-db5d-42ad-b656-6fdf43e7bd97,f2e3adca-c995-4570-a695-525ef502c1ef,f2e3adca-c995-4570-a695-525ef502c1ef,2025-04-25 16:19:00+00,2025-04-28 17:04:00+00,2025-04-28 17:04:00+00,2025-05-07 05:49:00+00,"{""component"": ""battery"", ""asset_code"": ""LLX-COL-0271"", ""trigger_snapshot"": ""2025-04-10""}",2025-04-25 16:19:00+00,2026-08-10 19:03:05.467947+00
6ee505d6-260d-4fe0-83ae-df6fb640841e,TCK-000194,ed8fdfbf-2b93-47c2-8cee-5d111aaa9bb7,8f2b1c74-59d3-4a6e-9b21-7c4e0a5d3f88,Repeated hard starting in early shift,"Vehicle requires multiple crank attempts at shift start. Battery state of health is degraded on monitoring. Requesting battery and charging system diagnosis.

Vehicle: KDH Van (SP PD-1139), bay C-004.",in_progress,high,high,high,electrical,electrical,Battery issue reported on KDH Van (SP PD-1139); electrical team engaged.,,17fb895f-4c2d-4cb8-a53f-a2ce9aa97992,785a349f-b3ca-4199-beb9-4e50013f54c8,,2026-04-17 12:08:00+00,,,,"{""component"": ""battery"", ""asset_code"": ""LLX-GLE-0124"", ""trigger_snapshot"": ""2026-04-10""}",2026-04-17 12:08:00+00,2026-08-10 19:03:05.467947+00
98d50dc2-a43a-4bef-baad-2332cef85679,TCK-000195,9a6e2fcf-fbb6-4a8f-b3c5-79c7a2ff3b21,8f2b1c74-59d3-4a6e-9b21-7c4e0a5d3f88,Hydraulic fluid weeping at cylinder,"Visible weeping at the lift cylinder and reduced hydraulic performance on monitoring. Requesting seal replacement.

Vehicle: Nissan Caravan (SP PD-3669), bay B-042.",closed,medium,high,medium,electrical,mechanical,Hydraulic issue reported on Nissan Caravan (SP PD-3669); mechanical team engaged.,,4c823f41-1c70-4687-81af-94c5feb0d762,e1c1397c-6345-47ab-948e-0f3e68d615b7,e1c1397c-6345-47ab-948e-0f3e68d615b7,2025-07-10 12:55:00+00,2025-08-02 11:51:00+00,2025-08-02 11:51:00+00,2025-08-09 07:17:00+00,"{""component"": ""hydraulic"", ""asset_code"": ""LLX-GLE-0102"", ""trigger_snapshot"": ""2025-07-10""}",2025-07-10 12:55:00+00,2026-08-10 19:03:05.467947+00
81a003a7-202d-4a07-9e04-2fd939aade6d,TCK-000196,20674a3a-8a96-4b27-829a-946f4958c47e,8f2b1c74-59d3-4a6e-9b21-7c4e0a5d3f88,Oil pressure warning intermittent,"Intermittent oil pressure warning reported on the instrument cluster. Requesting oil level, filter and sender inspection.

Vehicle: Toyota 8FD30 (GLE-FL-059), bay A-059.",in_progress,medium,medium,medium,mechanical,mechanical,Oil issue reported on Toyota 8FD30 (GLE-FL-059); mechanical team engaged.,,eaf27d88-2c7f-46ad-9184-8ac42c34bbbe,2fc76645-2797-42a6-b6b9-d134b926381b,,2026-08-06 13:44:00+00,,,,"{""component"": ""oil"", ""asset_code"": ""LLX-GLE-0059"", ""trigger_snapshot"": ""2026-08-10""}",2026-08-06 13:44:00+00,2026-08-10 19:03:05.467947+00
aa673bc8-e816-4821-8c8a-b25b8677d361,TCK-000197,e46ed07c-e507-4164-9d5f-65f7e2ca1e89,8f2b1c74-59d3-4a6e-9b21-7c4e0a5d3f88,Tyre wear beyond service limit,"Tread depth is below the service threshold on condition monitoring. Requesting tyre replacement and wheel alignment check.

Vehicle: Tata Ace (SP LA-4772), bay C-049.",closed,high,high,high,mechanical,mechanical,Tire issue reported on Tata Ace (SP LA-4772); mechanical team engaged.,,4c823f41-1c70-4687-81af-94c5feb0d762,2fc76645-2797-42a6-b6b9-d134b926381b,2fc76645-2797-42a6-b6b9-d134b926381b,2024-08-23 14:37:00+00,2024-08-29 13:47:00+00,2024-08-29 13:47:00+00,2024-09-05 15:41:00+00,"{""component"": ""tire"", ""asset_code"": ""LLX-GLE-0169"", ""trigger_snapshot"": ""2024-08-10""}",2024-08-23 14:37:00+00,2026-08-10 19:03:05.467947+00
d0161c3a-8f94-4418-9b9f-59f2f99b0e08,TCK-000198,7f116290-a1a9-4c98-bb9e-6a4fa60e0665,23a10ad6-f2ff-4aab-9878-de0f37f6bbe0,Hydraulic lift slow to respond,"Forklift mast raises slowly under load and drifts down when held. Requesting hydraulic fluid, seal and pump inspection.

Vehicle: Heli CPCD25 (BDL-FL-002), bay A-002.",in_progress,medium,medium,medium,mechanical,mechanical,Hydraulic issue reported on Heli CPCD25 (BDL-FL-002); mechanical team engaged.,,36f9a4a5-291f-4548-b867-96c44f690282,33de58c2-5dc4-4385-bc4c-9ad66a6fe320,,2026-05-26 05:56:00+00,,,,"{""component"": ""hydraulic"", ""asset_code"": ""LLX-BDL-0002"", ""trigger_snapshot"": ""2026-05-10""}",2026-05-26 05:56:00+00,2026-08-10 19:03:05.467947+00
2f0e8101-4d47-4574-83cb-24b3dc839af2,TCK-000199,b2cae884-d7e7-44d3-b595-b26ada43ce67,c537c281-b6ad-4842-94ec-e937be0083e5,Oil pressure warning intermittent,"Intermittent oil pressure warning reported on the instrument cluster. Requesting oil level, filter and sender inspection.

Vehicle: Toyota HiAce (WP PC-3715), bay D-044.",closed,medium,medium,medium,mechanical,mechanical,Oil issue reported on Toyota HiAce (WP PC-3715); mechanical team engaged.,,e7889aec-2db4-4a78-b8a7-873db0af92b6,1ad7ccbc-6809-4f96-83f4-c7636a2a4728,1ad7ccbc-6809-4f96-83f4-c7636a2a4728,2024-08-20 10:18:00+00,2024-08-24 12:44:00+00,2024-08-24 12:44:00+00,2024-09-01 13:43:00+00,"{""component"": ""oil"", ""asset_code"": ""LLX-COL-0224"", ""trigger_snapshot"": ""2024-08-10""}",2024-08-20 10:18:00+00,2026-08-10 19:03:05.467947+00
ae2280a5-e260-4688-b70c-bebabb6e5f2c,TCK-000200,4f14b02c-1a86-4184-936b-b876017a8871,8f2b1c74-59d3-4a6e-9b21-7c4e0a5d3f88,Brake performance degraded - inspection required,"Driver reports longer stopping distance and reduced pedal firmness. Brake wear indicator is low on condition monitoring. Mechanical team to inspect pads, discs and brake fluid.

Vehicle: Komatsu FD25 (GLE-FL-010), bay A-010.",closed,medium,medium,medium,mechanical,mechanical,Brake issue reported on Komatsu FD25 (GLE-FL-010); mechanical team engaged.,,98c6155b-9b02-4dee-b622-1a0657165fd2,016d73cf-e272-4f8f-a5e9-41a860fec088,016d73cf-e272-4f8f-a5e9-41a860fec088,2025-08-27 05:33:00+00,2025-09-10 13:25:00+00,2025-09-10 13:25:00+00,2025-09-16 14:34:00+00,"{""component"": ""brake"", ""asset_code"": ""LLX-GLE-0010"", ""trigger_snapshot"": ""2025-08-10""}",2025-08-27 05:33:00+00,2026-08-10 19:03:05.467947+00
8e4244aa-749f-4a5e-a624-7448bcbf17f1,TCK-000201,ad400098-0fb8-46e6-83bf-4e2eeaccac60,c537c281-b6ad-4842-94ec-e937be0083e5,Brake performance degraded - inspection required,"Driver reports longer stopping distance and reduced pedal firmness. Brake wear indicator is low on condition monitoring. Mechanical team to inspect pads, discs and brake fluid.

Vehicle: Toyota HiAce (WP PD-9468), bay C-055.",closed,high,high,high,mechanical,mechanical,Brake issue reported on Toyota HiAce (WP PD-9468); mechanical team engaged.,,f85e5d5e-23ed-4753-ab5b-6e0d16377b17,0e660caf-be56-441a-9248-89924b2ed16d,0e660caf-be56-441a-9248-89924b2ed16d,2024-08-19 11:08:00+00,2024-09-03 11:00:00+00,2024-09-03 11:00:00+00,2024-09-07 07:22:00+00,"{""component"": ""brake"", ""asset_code"": ""LLX-COL-0175"", ""trigger_snapshot"": ""2024-08-10""}",2024-08-19 11:08:00+00,2026-08-10 19:03:05.467947+00
7273b2cf-5f59-425e-b61a-64f2ed9caffc,TCK-000202,5c19baf2-01e4-4477-a919-1eed3d87cad0,c537c281-b6ad-4842-94ec-e937be0083e5,Brake performance degraded - inspection required,"Driver reports longer stopping distance and reduced pedal firmness. Brake wear indicator is low on condition monitoring. Mechanical team to inspect pads, discs and brake fluid.

Vehicle: Toyota HiAce (WP PE-8109), bay C-027.",closed,medium,medium,medium,mechanical,mechanical,Brake issue reported on Toyota HiAce (WP PE-8109); mechanical team engaged.,,df25e81a-cadf-4a18-aca5-a4f15e31d4ca,0bcca5d2-620c-4e90-ae82-fb6ffc7af33d,0bcca5d2-620c-4e90-ae82-fb6ffc7af33d,2026-04-10 15:48:00+00,2026-05-05 08:25:00+00,2026-05-05 08:25:00+00,2026-05-13 13:36:00+00,"{""component"": ""brake"", ""asset_code"": ""LLX-COL-0147"", ""trigger_snapshot"": ""2026-04-10""}",2026-04-10 15:48:00+00,2026-08-10 19:03:05.467947+00
4c976bf2-4d9d-4d8b-8885-dd109cd87739,TCK-000203,881c1fca-c75c-4a6d-81d6-159a81147ba1,23a10ad6-f2ff-4aab-9878-de0f37f6bbe0,Oil pressure warning intermittent,"Intermittent oil pressure warning reported on the instrument cluster. Requesting oil level, filter and sender inspection.

Vehicle: Nissan Caravan (UP PB-4112), bay A-060.",resolved,high,low,high,mechanical,mechanical,Oil issue reported on Nissan Caravan (UP PB-4112); mechanical team engaged.,,8a0dc0c8-8bed-4024-a051-dbed41ba8410,e4333d48-503a-4694-b7d9-97ac9dee27e0,e4333d48-503a-4694-b7d9-97ac9dee27e0,2025-04-20 12:41:00+00,2025-04-30 16:38:00+00,2025-04-30 16:38:00+00,,"{""component"": ""oil"", ""asset_code"": ""LLX-BDL-0060"", ""trigger_snapshot"": ""2025-04-10""}",2025-04-20 12:41:00+00,2026-08-10 19:03:05.467947+00
2bc2a6a1-21fc-401e-9aaf-4f3138c84b98,TCK-000204,bf878007-dd6f-414c-870d-51b2eeaf5cf5,c537c281-b6ad-4842-94ec-e937be0083e5,Hydraulic fluid weeping at cylinder,"Visible weeping at the lift cylinder and reduced hydraulic performance on monitoring. Requesting seal replacement.

Vehicle: Mahindra Bolero Pickup (WP LA-9531), bay E-027.",closed,medium,medium,medium,mechanical,mechanical,Hydraulic issue reported on Mahindra Bolero Pickup (WP LA-9531); mechanical team engaged.,,8741b992-805d-4859-9e1a-4d49d82c9a99,76acb86d-958a-4ccf-934c-46bed43da641,76acb86d-958a-4ccf-934c-46bed43da641,2024-08-12 05:40:00+00,2024-08-21 11:46:00+00,2024-08-21 11:46:00+00,2024-08-25 12:47:00+00,"{""component"": ""hydraulic"", ""asset_code"": ""LLX-COL-0267"", ""trigger_snapshot"": ""2024-08-10""}",2024-08-12 05:40:00+00,2026-08-10 19:03:05.467947+00
e749a44b-adf2-485e-b2f5-ad936418cdc7,TCK-000205,feca9f1c-bc8e-42c0-b335-69e19fb3dc62,23a10ad6-f2ff-4aab-9878-de0f37f6bbe0,Hydraulic lift slow to respond,"Forklift mast raises slowly under load and drifts down when held. Requesting hydraulic fluid, seal and pump inspection.

Vehicle: Komatsu FD25 (BDL-FL-023), bay A-023.",open,low,low,low,mechanical,mechanical,Hydraulic issue reported on Komatsu FD25 (BDL-FL-023); mechanical team engaged.,,d92dd0ef-e329-487f-832b-ce9ec260243b,7b2e85f9-7895-4aca-bf50-e37e9a354eb0,,2026-08-09 08:38:00+00,,,,"{""component"": ""hydraulic"", ""asset_code"": ""LLX-BDL-0023"", ""trigger_snapshot"": ""2026-08-10""}",2026-08-09 08:38:00+00,2026-08-10 19:03:05.467947+00
39d1197e-6f8b-4843-adb5-c5a0857684bb,TCK-000207,38f347c1-9fe2-4694-8b46-ad96e4bac475,23a10ad6-f2ff-4aab-9878-de0f37f6bbe0,Brake performance degraded - inspection required,"Driver reports longer stopping distance and reduced pedal firmness. Brake wear indicator is low on condition monitoring. Mechanical team to inspect pads, discs and brake fluid.

Vehicle: Tata Ace (UP LA-4986), bay B-053.",closed,medium,medium,medium,mechanical,mechanical,Brake issue reported on Tata Ace (UP LA-4986); mechanical team engaged.,,782ac408-28cd-4fd3-b56b-21cca25714bb,cf6c56e7-5755-4ee5-801e-f33afde6b249,cf6c56e7-5755-4ee5-801e-f33afde6b249,2025-04-19 08:50:00+00,2025-05-03 11:44:00+00,2025-05-03 11:44:00+00,2025-05-10 14:44:00+00,"{""component"": ""brake"", ""asset_code"": ""LLX-BDL-0113"", ""trigger_snapshot"": ""2025-04-10""}",2025-04-19 08:50:00+00,2026-08-10 19:03:05.467947+00
8aa06baa-d8b5-4f55-bab2-ade2ca6dcce7,TCK-000208,494e5f94-eed5-483d-85a8-02c2660b8d4d,c537c281-b6ad-4842-94ec-e937be0083e5,Hydraulic fluid weeping at cylinder,"Visible weeping at the lift cylinder and reduced hydraulic performance on monitoring. Requesting seal replacement.

Vehicle: Toyota HiAce (WP PB-2295), bay D-035.",closed,low,low,low,mechanical,mechanical,Hydraulic issue reported on Toyota HiAce (WP PB-2295); mechanical team engaged.,,d228e58a-85a6-4059-b62f-262964a70737,79bbaaa4-918b-47e0-ba89-d5f2b5a4d4ba,79bbaaa4-918b-47e0-ba89-d5f2b5a4d4ba,2026-03-11 17:15:00+00,2026-03-23 12:47:00+00,2026-03-23 12:47:00+00,2026-03-27 10:15:00+00,"{""component"": ""hydraulic"", ""asset_code"": ""LLX-COL-0215"", ""trigger_snapshot"": ""2026-03-10""}",2026-03-11 17:15:00+00,2026-08-10 19:03:05.467947+00
2ca3ee20-8bf6-4cbb-96d6-e55a96e18759,TCK-000209,a12b69c0-1e74-48c0-b9df-2c337973ba36,c537c281-b6ad-4842-94ec-e937be0083e5,Hydraulic fluid weeping at cylinder,"Visible weeping at the lift cylinder and reduced hydraulic performance on monitoring. Requesting seal replacement.

Vehicle: Tata Ace (WP LB-2852), bay E-056.",resolved,low,low,low,mechanical,mechanical,Hydraulic issue reported on Tata Ace (WP LB-2852); mechanical team engaged.,,e7963375-5e86-48ea-9553-3f5dbb55d897,26786492-bebd-4e3a-8719-4c486f70d604,26786492-bebd-4e3a-8719-4c486f70d604,2025-04-19 11:00:00+00,2025-04-26 13:55:00+00,2025-04-26 13:55:00+00,,"{""component"": ""hydraulic"", ""asset_code"": ""LLX-COL-0296"", ""trigger_snapshot"": ""2025-04-10""}",2025-04-19 11:00:00+00,2026-08-10 19:03:05.467947+00
6ea52b32-318f-4276-87cf-27fcb8425fbc,TCK-000210,ea6aec38-c0e9-4edd-8731-6d930b9730f2,8f2b1c74-59d3-4a6e-9b21-7c4e0a5d3f88,Odometer readings inconsistent in platform,"Reported odometer on the platform disagrees with the vehicle cluster. Software team to verify sensor mapping and ingestion for this asset.

Vehicle: Isuzu ELF NKR (SP LC-2692), bay D-009.",closed,medium,medium,medium,software,software,Telematics issue reported on Isuzu ELF NKR (SP LC-2692); software team engaged.,,9508387c-5f76-407f-804e-42923072511b,4608f3d6-5f3d-4b49-8c19-e917a798062c,4608f3d6-5f3d-4b49-8c19-e917a798062c,2025-12-21 15:56:00+00,2026-01-05 14:02:00+00,2026-01-05 14:02:00+00,2026-01-13 12:51:00+00,"{""component"": ""telematics"", ""asset_code"": ""LLX-GLE-0189"", ""trigger_snapshot"": ""2025-12-10""}",2025-12-21 15:56:00+00,2026-08-10 19:03:05.467947+00
a3dd6b89-4f02-40c3-ba64-da97536671ac,TCK-000211,6f93bf10-21d1-4a6f-a27a-c64092eb5154,8f2b1c74-59d3-4a6e-9b21-7c4e0a5d3f88,Uneven tyre wear and vibration at speed,"Driver reports steering vibration at highway speed. Suspect uneven tyre wear; requesting inspection, rotation and alignment.

Vehicle: Mitsubishi Canter (SP LD-5174), bay D-036.",closed,high,high,high,mechanical,mechanical,Tire issue reported on Mitsubishi Canter (SP LD-5174); mechanical team engaged.,,2983987c-6527-45dd-a85a-df5117b76d59,258cec76-5677-463e-88d0-84f8488b8d19,258cec76-5677-463e-88d0-84f8488b8d19,2025-07-20 14:24:00+00,2025-07-23 11:58:00+00,2025-07-23 11:58:00+00,2025-07-31 15:39:00+00,"{""component"": ""tire"", ""asset_code"": ""LLX-GLE-0216"", ""trigger_snapshot"": ""2025-07-10""}",2025-07-20 14:24:00+00,2026-08-10 19:03:05.467947+00
00ebf21e-c519-455f-8760-1b09867940e7,TCK-000212,d76aaa82-8c42-4049-b30b-4c5e50afee74,c537c281-b6ad-4842-94ec-e937be0083e5,Brake noise reported during descent,"Squealing and vibration reported under braking on gradient. Requesting brake pad and disc inspection before the vehicle returns to route.

Vehicle: Mahindra Bolero Pickup (WP LA-6553), bay E-053.",resolved,high,high,high,mechanical,mechanical,Brake issue reported on Mahindra Bolero Pickup (WP LA-6553); mechanical team engaged.,,8c660120-06ae-494a-8b89-5ba8438020a9,3a8a06de-92d4-4f46-9eee-923b07539d6c,3a8a06de-92d4-4f46-9eee-923b07539d6c,2025-06-20 14:07:00+00,2025-06-21 10:09:00+00,2025-06-21 10:09:00+00,,"{""component"": ""brake"", ""asset_code"": ""LLX-COL-0293"", ""trigger_snapshot"": ""2025-06-10""}",2025-06-20 14:07:00+00,2026-08-10 19:03:05.467947+00
adc24bd2-6d71-4acd-b5c9-d0fffd2c58af,TCK-000213,90c2f956-e394-4345-9446-2c17e3bb641e,c537c281-b6ad-4842-94ec-e937be0083e5,Uneven tyre wear and vibration at speed,"Driver reports steering vibration at highway speed. Suspect uneven tyre wear; requesting inspection, rotation and alignment.

Vehicle: Tata Signa 1918 (WP LG-3412), bay G-036.",resolved,medium,medium,medium,mechanical,mechanical,Tire issue reported on Tata Signa 1918 (WP LG-3412); mechanical team engaged.,,b46cf761-3db0-4767-b410-65aa1a2825fb,507c7fa4-15cb-4173-8c93-4d5d44ecf015,507c7fa4-15cb-4173-8c93-4d5d44ecf015,2026-05-21 14:08:00+00,2026-06-13 13:50:00+00,2026-06-13 13:50:00+00,,"{""component"": ""tire"", ""asset_code"": ""LLX-COL-0396"", ""trigger_snapshot"": ""2026-05-10""}",2026-05-21 14:08:00+00,2026-08-10 19:03:05.467947+00
9fb8f9b8-17c3-4247-9731-2dba1824aa97,TCK-000214,b4eed28a-120a-4257-bafd-174dbea68462,c537c281-b6ad-4842-94ec-e937be0083e5,Engine oil life exhausted - service overdue,"Oil life monitor has reached the end of its interval. Requesting engine oil and filter service before further dispatch.

Vehicle: Toyota HiAce (WP PE-6295), bay D-053.",closed,high,high,high,mechanical,mechanical,Oil issue reported on Toyota HiAce (WP PE-6295); mechanical team engaged.,,cd077c24-ded4-4f10-9145-7381355aa6b2,ee4d2f5c-11a7-4a36-b4f7-9b4da1d376b2,ee4d2f5c-11a7-4a36-b4f7-9b4da1d376b2,2025-09-26 12:53:00+00,2025-10-20 16:56:00+00,2025-10-20 16:56:00+00,2025-10-27 08:11:00+00,"{""component"": ""oil"", ""asset_code"": ""LLX-COL-0233"", ""trigger_snapshot"": ""2025-09-10""}",2025-09-26 12:53:00+00,2026-08-10 19:03:05.467947+00
ff6cbe79-9648-4b2f-8e54-8656e66f33c6,TCK-000215,d2f1d888-e72d-43af-9e4b-aff36d0da7a5,c537c281-b6ad-4842-94ec-e937be0083e5,Uneven tyre wear and vibration at speed,"Driver reports steering vibration at highway speed. Suspect uneven tyre wear; requesting inspection, rotation and alignment.

Vehicle: KDH Van (WP PB-4830), bay D-012.",resolved,medium,medium,medium,mechanical,mechanical,Tire issue reported on KDH Van (WP PB-4830); mechanical team engaged.,,51ed7e64-6868-4e03-9b23-cb9d7039bb47,d4ab1734-15c1-4d19-a3f3-9db75f910cd8,d4ab1734-15c1-4d19-a3f3-9db75f910cd8,2025-05-14 10:21:00+00,2025-06-05 07:12:00+00,2025-06-05 07:12:00+00,,"{""component"": ""tire"", ""asset_code"": ""LLX-COL-0192"", ""trigger_snapshot"": ""2025-05-10""}",2025-05-14 10:21:00+00,2026-08-10 19:03:05.467947+00
310db8a4-d189-45e4-9784-5712da138e54,TCK-000216,585d8f6e-c62d-465d-b736-1eac8460a2aa,8f2b1c74-59d3-4a6e-9b21-7c4e0a5d3f88,Brake noise reported during descent,"Squealing and vibration reported under braking on gradient. Requesting brake pad and disc inspection before the vehicle returns to route.

Vehicle: Heli CPCD30 (GLE-FL-070), bay B-010.",resolved,medium,medium,medium,mechanical,mechanical,Brake issue reported on Heli CPCD30 (GLE-FL-070); mechanical team engaged.,,bcc2e695-1e30-4f07-866a-c884d470333c,e1c1397c-6345-47ab-948e-0f3e68d615b7,e1c1397c-6345-47ab-948e-0f3e68d615b7,2026-04-17 09:56:00+00,2026-04-23 05:14:00+00,2026-04-23 05:14:00+00,,"{""component"": ""brake"", ""asset_code"": ""LLX-GLE-0070"", ""trigger_snapshot"": ""2026-04-10""}",2026-04-17 09:56:00+00,2026-08-10 19:03:05.467947+00
6a3f0c4e-0a7d-44e9-b918-b6aa161855f6,TCK-000217,4178048f-e342-40a4-9831-633ab77b37d8,c537c281-b6ad-4842-94ec-e937be0083e5,Engine oil life exhausted - service overdue,"Oil life monitor has reached the end of its interval. Requesting engine oil and filter service before further dispatch.

Vehicle: Isuzu ELF NKR (WP LD-6929), bay F-048.",resolved,medium,medium,medium,mechanical,mechanical,Oil issue reported on Isuzu ELF NKR (WP LD-6929); mechanical team engaged.,,e056e605-c38d-4ee7-a691-1cf7bbd4a237,6d8966a8-2474-4d35-9fd9-7bb3b648f6fd,6d8966a8-2474-4d35-9fd9-7bb3b648f6fd,2025-05-21 08:06:00+00,2025-05-28 12:19:00+00,2025-05-28 12:19:00+00,,"{""component"": ""oil"", ""asset_code"": ""LLX-COL-0348"", ""trigger_snapshot"": ""2025-05-10""}",2025-05-21 08:06:00+00,2026-08-10 19:03:05.467947+00
30aa6d3a-2527-45ce-b582-cba8f1702e34,TCK-000218,a183c839-0612-4173-a219-025091dd95b0,8f2b1c74-59d3-4a6e-9b21-7c4e0a5d3f88,Battery voltage low - charging system check required,"Battery voltage trend is below target and the vehicle is slow to crank in the morning. Electrical team to test battery health, alternator output and earth connections.

Vehicle: Isuzu FVR (SP LF-9085), bay D-047.",in_progress,medium,medium,medium,electrical,electrical,Battery issue reported on Isuzu FVR (SP LF-9085); electrical team engaged.,,a127f1aa-9000-45ad-b741-5fdfcfaa5f34,1104d968-5037-4023-88d2-b1bb835afe68,,2026-08-08 07:39:00+00,,,,"{""component"": ""battery"", ""asset_code"": ""LLX-GLE-0227"", ""trigger_snapshot"": ""2026-08-10""}",2026-08-08 07:39:00+00,2026-08-10 19:03:05.467947+00
3dfa3c86-9764-4499-965d-02b777b16185,TCK-000219,88c71b4d-de5d-425e-ac0a-44b24fe2fc5a,8f2b1c74-59d3-4a6e-9b21-7c4e0a5d3f88,Battery voltage low - charging system check required,"Battery voltage trend is below target and the vehicle is slow to crank in the morning. Electrical team to test battery health, alternator output and earth connections.

Vehicle: Isuzu FVR (SP LE-2962), bay D-052.",closed,medium,medium,medium,electrical,electrical,Battery issue reported on Isuzu FVR (SP LE-2962); electrical team engaged.,,96d7b341-3b80-4e82-b373-71627dbbd59c,3ad6d85f-8eb2-429d-b6b0-9df328ae585b,3ad6d85f-8eb2-429d-b6b0-9df328ae585b,2024-12-18 12:06:00+00,2024-12-31 12:34:00+00,2024-12-31 12:34:00+00,2025-01-06 09:15:00+00,"{""component"": ""battery"", ""asset_code"": ""LLX-GLE-0232"", ""trigger_snapshot"": ""2024-12-10""}",2024-12-18 12:06:00+00,2026-08-10 19:03:05.467947+00
806893da-750a-4a9d-a462-2cfcb1c155ff,TCK-000220,66bf4114-bfc0-4c4f-b2c7-c6866ac7c172,8f2b1c74-59d3-4a6e-9b21-7c4e0a5d3f88,Repeated hard starting in early shift,"Vehicle requires multiple crank attempts at shift start. Battery state of health is degraded on monitoring. Requesting battery and charging system diagnosis.

Vehicle: Piaggio Porter (SP LA-2197), bay C-048.",resolved,medium,high,medium,electrical,electrical,Battery issue reported on Piaggio Porter (SP LA-2197); electrical team engaged.,,ef604ac6-00ff-4230-a189-03428d01342b,bf2345c5-305b-49ba-b06b-ecb5fede548e,bf2345c5-305b-49ba-b06b-ecb5fede548e,2024-10-19 12:59:00+00,2024-10-30 16:33:00+00,2024-10-30 16:33:00+00,,"{""component"": ""battery"", ""asset_code"": ""LLX-GLE-0168"", ""trigger_snapshot"": ""2024-10-10""}",2024-10-19 12:59:00+00,2026-08-10 19:03:05.467947+00
068f5b8d-2eb8-4f3a-a56a-b1911de5bd0b,TCK-000221,b939d0c4-9910-43c8-a8e6-09b7dec6a5a5,8f2b1c74-59d3-4a6e-9b21-7c4e0a5d3f88,Uneven tyre wear and vibration at speed,"Driver reports steering vibration at highway speed. Suspect uneven tyre wear; requesting inspection, rotation and alignment.

Vehicle: Komatsu FD25 (GLE-FL-034), bay A-034.",closed,medium,medium,medium,mechanical,mechanical,Tire issue reported on Komatsu FD25 (GLE-FL-034); mechanical team engaged.,,9227e7bd-457d-482d-b1f4-cbec55d20b07,66cb2aca-9bcf-48c3-b8bf-8e61319ccfcf,66cb2aca-9bcf-48c3-b8bf-8e61319ccfcf,2025-02-20 16:30:00+00,2025-03-01 08:08:00+00,2025-03-01 08:08:00+00,2025-03-06 14:14:00+00,"{""component"": ""tire"", ""asset_code"": ""LLX-GLE-0034"", ""trigger_snapshot"": ""2025-02-10""}",2025-02-20 16:30:00+00,2026-08-10 19:03:05.467947+00
0dfb1775-e13f-4d3b-b3de-021b8cb2d0d3,TCK-000222,b8f84319-275a-4e51-aa52-bb299d3e0453,23a10ad6-f2ff-4aab-9878-de0f37f6bbe0,Tyre wear beyond service limit,"Tread depth is below the service threshold on condition monitoring. Requesting tyre replacement and wheel alignment check.

Vehicle: Tata Ultra T.7 (UP LD-4104), bay C-041.",resolved,medium,low,medium,mechanical,mechanical,Tire issue reported on Tata Ultra T.7 (UP LD-4104); mechanical team engaged.,,960e7df1-3079-4aab-812d-cf90bb2b019e,59064e3f-1d1e-4817-8491-724ae8d85add,59064e3f-1d1e-4817-8491-724ae8d85add,2026-04-28 12:05:00+00,2026-05-21 06:05:00+00,2026-05-21 06:05:00+00,,"{""component"": ""tire"", ""asset_code"": ""LLX-BDL-0161"", ""trigger_snapshot"": ""2026-04-10""}",2026-04-28 12:05:00+00,2026-08-10 19:03:05.467947+00
a26495a8-da22-4eeb-83d3-a48587b2dc3a,TCK-000223,cb409871-eecf-4f9b-83e0-498c9a3e3367,8f2b1c74-59d3-4a6e-9b21-7c4e0a5d3f88,Uneven tyre wear and vibration at speed,"Driver reports steering vibration at highway speed. Suspect uneven tyre wear; requesting inspection, rotation and alignment.

Vehicle: Komatsu FD25 (GLE-FL-036), bay A-036.",open,medium,medium,medium,mechanical,mechanical,Tire issue reported on Komatsu FD25 (GLE-FL-036); mechanical team engaged.,,8679d499-93b5-4c67-96a9-235351c57233,9a38f54e-0c39-48c6-9c31-f8bc268a9f2a,,2024-10-27 15:48:00+00,,,,"{""component"": ""tire"", ""asset_code"": ""LLX-GLE-0036"", ""trigger_snapshot"": ""2024-10-10""}",2024-10-27 15:48:00+00,2026-08-10 19:03:05.467947+00
dc7c22a9-6e98-4d42-a823-acf878022952,TCK-000224,9abd2876-42a6-4bee-bffa-66caffa923b2,c537c281-b6ad-4842-94ec-e937be0083e5,Brake noise reported during descent,"Squealing and vibration reported under braking on gradient. Requesting brake pad and disc inspection before the vehicle returns to route.

Vehicle: Tata Ultra T.7 (WP LC-6805), bay F-047.",closed,medium,medium,medium,mechanical,mechanical,Brake issue reported on Tata Ultra T.7 (WP LC-6805); mechanical team engaged.,,a39b379b-a449-4f92-b7e7-68a0e371ece2,0b830550-4175-4716-9d78-9b2d69d25855,0b830550-4175-4716-9d78-9b2d69d25855,2025-03-27 10:52:00+00,2025-04-06 11:57:00+00,2025-04-06 11:57:00+00,2025-04-16 14:23:00+00,"{""component"": ""brake"", ""asset_code"": ""LLX-COL-0347"", ""trigger_snapshot"": ""2025-03-10""}",2025-03-27 10:52:00+00,2026-08-10 19:03:05.467947+00
f66e33b6-be65-4794-a02e-b47a5a216812,TCK-000225,c37cac35-0aa8-4526-b95e-3e2c1e845380,c537c281-b6ad-4842-94ec-e937be0083e5,Odometer readings inconsistent in platform,"Reported odometer on the platform disagrees with the vehicle cluster. Software team to verify sensor mapping and ingestion for this asset.

Vehicle: KDH Van (WP PD-7475), bay D-013.",closed,low,low,low,software,software,Telematics issue reported on KDH Van (WP PD-7475); software team engaged.,,2d598e0b-fb1e-485c-bef5-c988163404a7,fb16df24-42b0-44f6-8de3-8f95cdd7dc1f,fb16df24-42b0-44f6-8de3-8f95cdd7dc1f,2024-09-28 14:42:00+00,2024-10-14 16:47:00+00,2024-10-14 16:47:00+00,2024-10-15 06:55:00+00,"{""component"": ""telematics"", ""asset_code"": ""LLX-COL-0193"", ""trigger_snapshot"": ""2024-09-10""}",2024-09-28 14:42:00+00,2026-08-10 19:03:05.467947+00
c056efe5-3918-496f-b0dc-0ecb307ae0cb,TCK-000226,88e68461-ada8-40c4-93d5-1d7c887db0fa,c537c281-b6ad-4842-94ec-e937be0083e5,Engine oil life exhausted - service overdue,"Oil life monitor has reached the end of its interval. Requesting engine oil and filter service before further dispatch.

Vehicle: Komatsu FD30 (COL-FL-139), bay C-019.",closed,medium,medium,medium,mechanical,mechanical,Oil issue reported on Komatsu FD30 (COL-FL-139); mechanical team engaged.,,caed6520-d13f-4cca-b266-28e851bcedb2,6b59f9f2-4c2d-40ea-8a3b-76bb6b7f5dd1,6b59f9f2-4c2d-40ea-8a3b-76bb6b7f5dd1,2025-02-11 07:35:00+00,2025-02-23 10:44:00+00,2025-02-23 10:44:00+00,2025-03-02 07:51:00+00,"{""component"": ""oil"", ""asset_code"": ""LLX-COL-0139"", ""trigger_snapshot"": ""2025-02-10""}",2025-02-11 07:35:00+00,2026-08-10 19:03:05.467947+00
9712300a-1c21-4ec3-8f6b-24176e690487,TCK-000227,f1b56121-64b9-4822-a5ba-80d791f0c625,c537c281-b6ad-4842-94ec-e937be0083e5,Hydraulic lift slow to respond,"Forklift mast raises slowly under load and drifts down when held. Requesting hydraulic fluid, seal and pump inspection.

Vehicle: Heli CPCD30 (COL-FL-114), bay B-054.",closed,low,low,low,mechanical,mechanical,Hydraulic issue reported on Heli CPCD30 (COL-FL-114); mechanical team engaged.,,9da02b43-fc39-4382-b689-47d1d616482c,4f99efd4-c45f-49c6-8b6c-f80715333c15,4f99efd4-c45f-49c6-8b6c-f80715333c15,2024-10-29 17:24:00+00,2024-11-18 13:07:00+00,2024-11-18 13:07:00+00,2024-11-20 15:30:00+00,"{""component"": ""hydraulic"", ""asset_code"": ""LLX-COL-0114"", ""trigger_snapshot"": ""2024-10-10""}",2024-10-29 17:24:00+00,2026-08-10 19:03:05.467947+00
47a3f0b0-bd32-4e8a-b82d-328152ea5406,TCK-000228,ec1f7686-bf8b-4e56-a1b3-c1e01431e7ce,8f2b1c74-59d3-4a6e-9b21-7c4e0a5d3f88,Hydraulic lift slow to respond,"Forklift mast raises slowly under load and drifts down when held. Requesting hydraulic fluid, seal and pump inspection.

Vehicle: Komatsu FD25 (GLE-FL-052), bay A-052.",resolved,high,high,high,electrical,mechanical,Hydraulic issue reported on Komatsu FD25 (GLE-FL-052); mechanical team engaged.,,66bd3d10-87f2-4918-8763-36e022cb6719,2cd60729-dc8f-4065-95f7-a53f836a2138,2cd60729-dc8f-4065-95f7-a53f836a2138,2025-02-16 12:28:00+00,2025-02-22 16:37:00+00,2025-02-22 16:37:00+00,,"{""component"": ""hydraulic"", ""asset_code"": ""LLX-GLE-0052"", ""trigger_snapshot"": ""2025-02-10""}",2025-02-16 12:28:00+00,2026-08-10 19:03:05.467947+00
045d59a2-b59e-417e-8b26-69fed176d850,TCK-000229,5cb2f91b-aea8-4c56-afe3-f46cd8673ef1,23a10ad6-f2ff-4aab-9878-de0f37f6bbe0,Hydraulic lift slow to respond,"Forklift mast raises slowly under load and drifts down when held. Requesting hydraulic fluid, seal and pump inspection.

Vehicle: Tata T.12 (UP LF-5763), bay D-002.",closed,medium,medium,medium,mechanical,mechanical,Hydraulic issue reported on Tata T.12 (UP LF-5763); mechanical team engaged.,,5d2e03ab-21e8-41bf-92dc-5546eea96282,8c96a864-951e-4d0a-9715-532a84a4bc30,8c96a864-951e-4d0a-9715-532a84a4bc30,2025-12-21 07:53:00+00,2025-12-22 14:30:00+00,2025-12-22 14:30:00+00,2026-01-01 10:28:00+00,"{""component"": ""hydraulic"", ""asset_code"": ""LLX-BDL-0182"", ""trigger_snapshot"": ""2025-12-10""}",2025-12-21 07:53:00+00,2026-08-10 19:03:05.467947+00
48be443a-8211-4dc8-b6ce-cb276ab2e577,TCK-000230,5d176a87-52be-42a5-bd80-b231b926b3cd,8f2b1c74-59d3-4a6e-9b21-7c4e0a5d3f88,Oil pressure warning intermittent,"Intermittent oil pressure warning reported on the instrument cluster. Requesting oil level, filter and sender inspection.

Vehicle: Tata Ultra T.7 (SP LD-3788), bay D-026.",closed,high,high,high,mechanical,mechanical,Oil issue reported on Tata Ultra T.7 (SP LD-3788); mechanical team engaged.,,d310eb40-f450-4462-95ca-3394c61cd538,6503e3a8-1b00-43f2-8b55-c07a05ed252a,6503e3a8-1b00-43f2-8b55-c07a05ed252a,2026-01-14 08:06:00+00,2026-01-18 05:16:00+00,2026-01-18 05:16:00+00,2026-01-26 15:16:00+00,"{""component"": ""oil"", ""asset_code"": ""LLX-GLE-0206"", ""trigger_snapshot"": ""2026-01-10""}",2026-01-14 08:06:00+00,2026-08-10 19:03:05.467947+00
4b024da7-ee53-4e4f-82a9-76175f4dc10a,TCK-000231,0066c4b1-aaf6-46c6-aef2-d1ec9d2d8198,8f2b1c74-59d3-4a6e-9b21-7c4e0a5d3f88,Repeated hard starting in early shift,"Vehicle requires multiple crank attempts at shift start. Battery state of health is degraded on monitoring. Requesting battery and charging system diagnosis.

Vehicle: Mahindra Bolero Pickup (SP LB-9192), bay C-030.",closed,high,high,high,electrical,electrical,Battery issue reported on Mahindra Bolero Pickup (SP LB-9192); electrical team engaged.,,78c2d5ff-36e8-43bc-8d89-1930171dd72d,3ad6d85f-8eb2-429d-b6b0-9df328ae585b,3ad6d85f-8eb2-429d-b6b0-9df328ae585b,2026-02-14 14:18:00+00,2026-03-09 07:29:00+00,2026-03-09 07:29:00+00,2026-03-18 11:16:00+00,"{""component"": ""battery"", ""asset_code"": ""LLX-GLE-0150"", ""trigger_snapshot"": ""2026-02-10""}",2026-02-14 14:18:00+00,2026-08-10 19:03:05.467947+00
8c8494b7-86dc-4a30-9a07-7173d7d3858b,TCK-000232,12ac6689-8315-43d9-8d09-07c603b91360,8f2b1c74-59d3-4a6e-9b21-7c4e0a5d3f88,Tyre wear beyond service limit,"Tread depth is below the service threshold on condition monitoring. Requesting tyre replacement and wheel alignment check.

Vehicle: KDH Van (SP PE-7721), bay C-005.",closed,high,high,high,mechanical,mechanical,Tire issue reported on KDH Van (SP PE-7721); mechanical team engaged.,,0405c062-3887-46d9-855d-e641a5044cb2,f7c70716-6d01-4c40-8743-ff7f08973f3a,f7c70716-6d01-4c40-8743-ff7f08973f3a,2025-09-29 07:29:00+00,2025-10-03 08:41:00+00,2025-10-03 08:41:00+00,2025-10-13 07:20:00+00,"{""component"": ""tire"", ""asset_code"": ""LLX-GLE-0125"", ""trigger_snapshot"": ""2025-09-10""}",2025-09-29 07:29:00+00,2026-08-10 19:03:05.467947+00
50a99e69-2469-4990-97bf-1f176ef4be22,TCK-000233,dc6c2c1e-89ee-45c7-a5f2-834350b21343,c537c281-b6ad-4842-94ec-e937be0083e5,Tyre wear beyond service limit,"Tread depth is below the service threshold on condition monitoring. Requesting tyre replacement and wheel alignment check.

Vehicle: Komatsu FD25 (COL-FL-015), bay A-015.",resolved,medium,medium,medium,mechanical,mechanical,Tire issue reported on Komatsu FD25 (COL-FL-015); mechanical team engaged.,,5664ec34-6719-45a2-9cb0-fb98c3662dfc,0b830550-4175-4716-9d78-9b2d69d25855,0b830550-4175-4716-9d78-9b2d69d25855,2024-11-21 12:13:00+00,2024-11-27 16:41:00+00,2024-11-27 16:41:00+00,,"{""component"": ""tire"", ""asset_code"": ""LLX-COL-0015"", ""trigger_snapshot"": ""2024-11-10""}",2024-11-21 12:13:00+00,2026-08-10 19:03:05.467947+00
2bd71d38-771b-4f88-933f-b79c5d870e12,TCK-000234,957b15ed-b45d-48e8-bc2d-27c63542e40b,23a10ad6-f2ff-4aab-9878-de0f37f6bbe0,Battery voltage low - charging system check required,"Battery voltage trend is below target and the vehicle is slow to crank in the morning. Electrical team to test battery health, alternator output and earth connections.

Vehicle: Toyota 8FD25 (BDL-FL-015), bay A-015.",closed,high,high,high,electrical,electrical,Battery issue reported on Toyota 8FD25 (BDL-FL-015); electrical team engaged.,,26bed796-3071-41c2-b880-d41d10e5b673,b33c4ff9-69b5-4437-9699-63c066d6c353,b33c4ff9-69b5-4437-9699-63c066d6c353,2026-01-30 11:47:00+00,2026-02-24 16:28:00+00,2026-02-24 16:28:00+00,2026-02-26 12:38:00+00,"{""component"": ""battery"", ""asset_code"": ""LLX-BDL-0015"", ""trigger_snapshot"": ""2026-01-10""}",2026-01-30 11:47:00+00,2026-08-10 19:03:05.467947+00
cbd61d0a-c15c-4509-bb75-82d30ee8366c,TCK-000235,6d7ba844-6916-4ef3-a546-0806fa30de20,8f2b1c74-59d3-4a6e-9b21-7c4e0a5d3f88,Brake performance degraded - inspection required,"Driver reports longer stopping distance and reduced pedal firmness. Brake wear indicator is low on condition monitoring. Mechanical team to inspect pads, discs and brake fluid.

Vehicle: Isuzu FVR (SP LE-7830), bay D-044.",closed,medium,medium,medium,mechanical,mechanical,Brake issue reported on Isuzu FVR (SP LE-7830); mechanical team engaged.,,b4c2f1d2-3630-4a29-8bee-c0e1c9fe6653,668def89-b35a-453f-8186-ef5ef76662c8,668def89-b35a-453f-8186-ef5ef76662c8,2024-10-18 16:18:00+00,2024-11-02 12:41:00+00,2024-11-02 12:41:00+00,2024-11-12 13:43:00+00,"{""component"": ""brake"", ""asset_code"": ""LLX-GLE-0224"", ""trigger_snapshot"": ""2024-10-10""}",2024-10-18 16:18:00+00,2026-08-10 19:03:05.467947+00
8c16ce20-ec5a-40be-86c4-c956d3ea8a90,TCK-000236,7698039f-bcda-4e69-8a4d-6e14a59fedb0,c537c281-b6ad-4842-94ec-e937be0083e5,Repeated hard starting in early shift,"Vehicle requires multiple crank attempts at shift start. Battery state of health is degraded on monitoring. Requesting battery and charging system diagnosis.

Vehicle: Nissan Caravan (WP PE-7635), bay C-022.",resolved,high,high,high,electrical,electrical,Battery issue reported on Nissan Caravan (WP PE-7635); electrical team engaged.,,f39f4c55-b6e3-4ade-8791-f08bd4926c10,5e18dd32-52bf-446f-b5b4-306dd776e223,5e18dd32-52bf-446f-b5b4-306dd776e223,2026-06-18 09:26:00+00,2026-07-06 11:02:00+00,2026-07-06 11:02:00+00,,"{""component"": ""battery"", ""asset_code"": ""LLX-COL-0142"", ""trigger_snapshot"": ""2026-06-10""}",2026-06-18 09:26:00+00,2026-08-10 19:03:05.467947+00
901b88ed-4c57-44ea-8b19-4fa6ac4bf373,TCK-000237,4fcdca25-785a-413b-923b-14a0d95f346a,c537c281-b6ad-4842-94ec-e937be0083e5,Battery voltage low - charging system check required,"Battery voltage trend is below target and the vehicle is slow to crank in the morning. Electrical team to test battery health, alternator output and earth connections.

Vehicle: Nissan Caravan (WP PC-9804), bay D-017.",resolved,high,high,high,electrical,electrical,Battery issue reported on Nissan Caravan (WP PC-9804); electrical team engaged.,,9f5f84e3-bce1-4c93-b37b-5c218d7ca28b,8eff9acb-560a-454d-b4e0-e23389a2264b,8eff9acb-560a-454d-b4e0-e23389a2264b,2026-07-26 14:13:00+00,2026-08-08 05:26:00+00,2026-08-08 05:26:00+00,,"{""component"": ""battery"", ""asset_code"": ""LLX-COL-0197"", ""trigger_snapshot"": ""2026-07-10""}",2026-07-26 14:13:00+00,2026-08-10 19:03:05.467947+00
be8f9303-2299-4428-aaf0-97bb808be51a,TCK-000238,7e1c9317-2c5e-4218-9703-5af8023b32c9,c537c281-b6ad-4842-94ec-e937be0083e5,Brake noise reported during descent,"Squealing and vibration reported under braking on gradient. Requesting brake pad and disc inspection before the vehicle returns to route.

Vehicle: Toyota 8FD25 (COL-FL-053), bay A-053.",closed,high,high,high,mechanical,mechanical,Brake issue reported on Toyota 8FD25 (COL-FL-053); mechanical team engaged.,,f19d2bfe-7bb4-41c7-a1b7-e9e784553c70,e5c08943-9e02-486b-b8ec-02510a429c07,e5c08943-9e02-486b-b8ec-02510a429c07,2025-06-28 13:26:00+00,2025-07-13 13:24:00+00,2025-07-13 13:24:00+00,2025-07-21 06:11:00+00,"{""component"": ""brake"", ""asset_code"": ""LLX-COL-0053"", ""trigger_snapshot"": ""2025-06-10""}",2025-06-28 13:26:00+00,2026-08-10 19:03:05.467947+00
03421ed6-1e19-4ef7-a16d-7b2d57aa670f,TCK-000239,b9aede18-b690-403b-9f5e-868aed2b16c2,8f2b1c74-59d3-4a6e-9b21-7c4e0a5d3f88,Oil pressure warning intermittent,"Intermittent oil pressure warning reported on the instrument cluster. Requesting oil level, filter and sender inspection.

Vehicle: Toyota HiAce (SP PD-7514), bay B-058.",open,high,high,high,mechanical,mechanical,Oil issue reported on Toyota HiAce (SP PD-7514); mechanical team engaged.,,260ab607-633a-476d-b6dd-ca7397d5f2b5,9580e2d6-e004-4873-9ea1-5e63bb707d70,,2025-02-27 11:05:00+00,,,,"{""component"": ""oil"", ""asset_code"": ""LLX-GLE-0118"", ""trigger_snapshot"": ""2025-02-10""}",2025-02-27 11:05:00+00,2026-08-10 19:03:05.467947+00
dd296599-495d-41c1-972c-c12849991d44,TCK-000240,ebf7f967-d646-4a31-97bf-1d16141d2bf5,23a10ad6-f2ff-4aab-9878-de0f37f6bbe0,Oil pressure warning intermittent,"Intermittent oil pressure warning reported on the instrument cluster. Requesting oil level, filter and sender inspection.

Vehicle: Nissan Caravan (UP PD-1951), bay A-050.",closed,high,high,high,mechanical,mechanical,Oil issue reported on Nissan Caravan (UP PD-1951); mechanical team engaged.,,782ac408-28cd-4fd3-b56b-21cca25714bb,97cc4d1b-3c67-439f-8fdf-b355eb120cfa,97cc4d1b-3c67-439f-8fdf-b355eb120cfa,2025-05-25 13:40:00+00,2025-05-30 05:49:00+00,2025-05-30 05:49:00+00,2025-06-07 12:33:00+00,"{""component"": ""oil"", ""asset_code"": ""LLX-BDL-0050"", ""trigger_snapshot"": ""2025-05-10""}",2025-05-25 13:40:00+00,2026-08-10 19:03:05.467947+00
742bed23-1836-4de8-98f5-d96e0ec636e3,TCK-000241,82046c3e-627b-47d5-80c5-5215c4afee8e,c537c281-b6ad-4842-94ec-e937be0083e5,Battery voltage low - charging system check required,"Battery voltage trend is below target and the vehicle is slow to crank in the morning. Electrical team to test battery health, alternator output and earth connections.

Vehicle: Heli CPCD25 (COL-FL-078), bay B-018.",closed,high,high,high,electrical,electrical,Battery issue reported on Heli CPCD25 (COL-FL-078); electrical team engaged.,,fe7a7442-473b-43a5-bcaf-d3b1086bbcf2,4004e7eb-3344-4419-9e8c-b6a39833a966,4004e7eb-3344-4419-9e8c-b6a39833a966,2025-10-10 17:48:00+00,2025-10-30 16:58:00+00,2025-10-30 16:58:00+00,2025-11-09 05:45:00+00,"{""component"": ""battery"", ""asset_code"": ""LLX-COL-0078"", ""trigger_snapshot"": ""2025-10-10""}",2025-10-10 17:48:00+00,2026-08-10 19:03:05.467947+00
95ddf835-cf45-4301-899b-261f4e551d03,TCK-000242,aa9274d7-8d40-4cd6-ab92-89a44196e6d1,8f2b1c74-59d3-4a6e-9b21-7c4e0a5d3f88,Brake performance degraded - inspection required,"Driver reports longer stopping distance and reduced pedal firmness. Brake wear indicator is low on condition monitoring. Mechanical team to inspect pads, discs and brake fluid.

Vehicle: Komatsu FD30 (GLE-FL-086), bay B-026.",closed,high,high,high,mechanical,mechanical,Brake issue reported on Komatsu FD30 (GLE-FL-086); mechanical team engaged.,,0559c035-6377-41b3-9881-90f239377825,e20935a5-5128-4f38-92b2-23e2cc66c4ed,e20935a5-5128-4f38-92b2-23e2cc66c4ed,2025-05-28 12:39:00+00,2025-06-12 16:49:00+00,2025-06-12 16:49:00+00,2025-06-21 12:25:00+00,"{""component"": ""brake"", ""asset_code"": ""LLX-GLE-0086"", ""trigger_snapshot"": ""2025-05-10""}",2025-05-28 12:39:00+00,2026-08-10 19:03:05.467947+00
77672c6a-c997-45ed-82a1-49d37ce4d796,TCK-000243,82173c84-078c-4e62-873a-d1cfc9d2328f,8f2b1c74-59d3-4a6e-9b21-7c4e0a5d3f88,Hydraulic lift slow to respond,"Forklift mast raises slowly under load and drifts down when held. Requesting hydraulic fluid, seal and pump inspection.

Vehicle: Toyota 8FD25 (GLE-FL-024), bay A-024.",closed,medium,medium,medium,mechanical,mechanical,Hydraulic issue reported on Toyota 8FD25 (GLE-FL-024); mechanical team engaged.,,80e237e5-ad5b-44f4-9ef1-4434b06cb4a1,90850f19-81e7-4b88-ba8f-72ef0e0578fa,90850f19-81e7-4b88-ba8f-72ef0e0578fa,2025-09-25 17:07:00+00,2025-10-05 12:43:00+00,2025-10-05 12:43:00+00,2025-10-10 11:47:00+00,"{""component"": ""hydraulic"", ""asset_code"": ""LLX-GLE-0024"", ""trigger_snapshot"": ""2025-09-10""}",2025-09-25 17:07:00+00,2026-08-10 19:03:05.467947+00
8341b2bf-750a-43fe-aaf4-febc6c2f935c,TCK-000244,36ddb0db-d5e8-4031-a331-38b780a37eba,8f2b1c74-59d3-4a6e-9b21-7c4e0a5d3f88,Tyre wear beyond service limit,"Tread depth is below the service threshold on condition monitoring. Requesting tyre replacement and wheel alignment check.

Vehicle: Komatsu FD30 (GLE-FL-077), bay B-017.",resolved,high,high,high,mechanical,mechanical,Tire issue reported on Komatsu FD30 (GLE-FL-077); mechanical team engaged.,,374f53b7-0887-4a96-8b7e-6555d250872a,40f69c6c-3cd3-4344-b1f4-7617f7b12fa5,40f69c6c-3cd3-4344-b1f4-7617f7b12fa5,2024-09-28 05:47:00+00,2024-10-22 11:42:00+00,2024-10-22 11:42:00+00,,"{""component"": ""tire"", ""asset_code"": ""LLX-GLE-0077"", ""trigger_snapshot"": ""2024-09-10""}",2024-09-28 05:47:00+00,2026-08-10 19:03:05.467947+00
ecff0a2b-8255-42d5-9449-82968b836e3b,TCK-000245,9067b1ef-d4f6-438c-96be-84605c498d3a,23a10ad6-f2ff-4aab-9878-de0f37f6bbe0,Brake noise reported during descent,"Squealing and vibration reported under braking on gradient. Requesting brake pad and disc inspection before the vehicle returns to route.

Vehicle: Mitsubishi Fuso Fighter (UP LF-4175), bay D-001.",closed,high,high,high,mechanical,mechanical,Brake issue reported on Mitsubishi Fuso Fighter (UP LF-4175); mechanical team engaged.,,64c71f07-a329-4f95-8846-fc22a5ae7b0d,c72f23f6-0751-4dfb-aa15-6737a84c61f4,c72f23f6-0751-4dfb-aa15-6737a84c61f4,2024-08-27 13:40:00+00,2024-09-15 09:09:00+00,2024-09-15 09:09:00+00,2024-09-19 08:06:00+00,"{""component"": ""brake"", ""asset_code"": ""LLX-BDL-0181"", ""trigger_snapshot"": ""2024-08-10""}",2024-08-27 13:40:00+00,2026-08-10 19:03:05.467947+00
80ee08cd-4b3c-40e3-ab82-8ba9d1b6bda3,TCK-000451,84e4a5d9-42f1-40e6-9099-bdfec506c781,23a10ad6-f2ff-4aab-9878-de0f37f6bbe0,Tyre wear beyond service limit,"Tread depth is below the service threshold on condition monitoring. Requesting tyre replacement and wheel alignment check.

Vehicle: Tata Ultra T.7 (UP LD-2973), bay C-024.",open,medium,high,medium,mechanical,mechanical,Tire issue reported on Tata Ultra T.7 (UP LD-2973); mechanical team engaged.,,6460d438-9ae3-4a00-97a6-bde550b8ea43,c4046467-2ed2-4768-9d99-e876c09fe713,,2026-04-24 05:07:00+00,,,,"{""component"": ""tire"", ""asset_code"": ""LLX-BDL-0144"", ""trigger_snapshot"": ""2026-04-10""}",2026-04-24 05:07:00+00,2026-08-10 19:03:05.467947+00
9f439a3a-61b0-4df3-8135-c7aa7426f718,TCK-000246,aa9274d7-8d40-4cd6-ab92-89a44196e6d1,8f2b1c74-59d3-4a6e-9b21-7c4e0a5d3f88,Hydraulic fluid weeping at cylinder,"Visible weeping at the lift cylinder and reduced hydraulic performance on monitoring. Requesting seal replacement.

Vehicle: Komatsu FD30 (GLE-FL-086), bay B-026.",closed,high,high,high,mechanical,mechanical,Hydraulic issue reported on Komatsu FD30 (GLE-FL-086); mechanical team engaged.,,f81965e2-2ed7-4738-80b1-8b08fe3d0c7d,a363109b-c8ce-4177-9d91-030ac0b8df3a,a363109b-c8ce-4177-9d91-030ac0b8df3a,2026-01-25 05:46:00+00,2026-02-03 06:02:00+00,2026-02-03 06:02:00+00,2026-02-04 08:49:00+00,"{""component"": ""hydraulic"", ""asset_code"": ""LLX-GLE-0086"", ""trigger_snapshot"": ""2026-01-10""}",2026-01-25 05:46:00+00,2026-08-10 19:03:05.467947+00
1efed5ec-02fc-46b8-b20b-78c4d405c30c,TCK-000247,fa4185a7-13ac-41c1-bccd-1a79b532dfd8,23a10ad6-f2ff-4aab-9878-de0f37f6bbe0,Uneven tyre wear and vibration at speed,"Driver reports steering vibration at highway speed. Suspect uneven tyre wear; requesting inspection, rotation and alignment.

Vehicle: Mahindra Bolero Pickup (UP LA-2524), bay B-045.",closed,high,high,high,mechanical,mechanical,Tire issue reported on Mahindra Bolero Pickup (UP LA-2524); mechanical team engaged.,,1f244e06-5a87-45ce-934d-263326f32549,c72f23f6-0751-4dfb-aa15-6737a84c61f4,c72f23f6-0751-4dfb-aa15-6737a84c61f4,2025-05-24 08:45:00+00,2025-06-02 15:41:00+00,2025-06-02 15:41:00+00,2025-06-05 11:13:00+00,"{""component"": ""tire"", ""asset_code"": ""LLX-BDL-0105"", ""trigger_snapshot"": ""2025-05-10""}",2025-05-24 08:45:00+00,2026-08-10 19:03:05.467947+00
4c498624-d9c5-41c9-805e-c7abb1bd1464,TCK-000248,9e8dacf8-1bdb-40d0-8cb0-6967385977f5,8f2b1c74-59d3-4a6e-9b21-7c4e0a5d3f88,Oil pressure warning intermittent,"Intermittent oil pressure warning reported on the instrument cluster. Requesting oil level, filter and sender inspection.

Vehicle: Heli CPCD30 (GLE-FL-079), bay B-019.",open,high,high,high,mechanical,mechanical,Oil issue reported on Heli CPCD30 (GLE-FL-079); mechanical team engaged.,,6058e1f6-6cdf-4f86-83da-8e52d0a1d5d0,668def89-b35a-453f-8186-ef5ef76662c8,,2026-08-07 12:04:00+00,,,,"{""component"": ""oil"", ""asset_code"": ""LLX-GLE-0079"", ""trigger_snapshot"": ""2026-08-10""}",2026-08-07 12:04:00+00,2026-08-10 19:03:05.467947+00
806325b0-7e44-4ab9-bd6b-2766c36c3e1a,TCK-000249,d60b976c-49c3-42aa-851f-0cd1a0982e6c,8f2b1c74-59d3-4a6e-9b21-7c4e0a5d3f88,Uneven tyre wear and vibration at speed,"Driver reports steering vibration at highway speed. Suspect uneven tyre wear; requesting inspection, rotation and alignment.

Vehicle: Toyota 8FD30 (GLE-FL-061), bay B-001.",closed,high,high,high,mechanical,mechanical,Tire issue reported on Toyota 8FD30 (GLE-FL-061); mechanical team engaged.,,0dbf774a-2a69-4d55-9066-204a56ccf15d,9a38f54e-0c39-48c6-9c31-f8bc268a9f2a,9a38f54e-0c39-48c6-9c31-f8bc268a9f2a,2026-03-13 13:57:00+00,2026-03-22 07:54:00+00,2026-03-22 07:54:00+00,2026-03-25 14:57:00+00,"{""component"": ""tire"", ""asset_code"": ""LLX-GLE-0061"", ""trigger_snapshot"": ""2026-03-10""}",2026-03-13 13:57:00+00,2026-08-10 19:03:05.467947+00
6c9d3731-7c63-4705-863f-f6d8aca71633,TCK-000250,9e10e83a-5f1d-40aa-bb79-e39357305216,c537c281-b6ad-4842-94ec-e937be0083e5,Brake performance degraded - inspection required,"Driver reports longer stopping distance and reduced pedal firmness. Brake wear indicator is low on condition monitoring. Mechanical team to inspect pads, discs and brake fluid.

Vehicle: KDH Van (WP PD-9050), bay C-031.",closed,high,high,high,mechanical,mechanical,Brake issue reported on KDH Van (WP PD-9050); mechanical team engaged.,,a0536940-0682-4198-bae6-6db251d72de4,7644642e-745c-4474-890f-0f840a0b5df8,7644642e-745c-4474-890f-0f840a0b5df8,2026-06-26 06:10:00+00,2026-06-30 06:03:00+00,2026-06-30 06:03:00+00,2026-07-09 16:27:00+00,"{""component"": ""brake"", ""asset_code"": ""LLX-COL-0151"", ""trigger_snapshot"": ""2026-06-10""}",2026-06-26 06:10:00+00,2026-08-10 19:03:05.467947+00
bc95a306-976c-4cba-a892-f6567aea9adf,TCK-000251,4f9e2444-cf3b-455d-8b17-8eddf87f703e,c537c281-b6ad-4842-94ec-e937be0083e5,Telematics unit not reporting,"Sensor gateway on this vehicle has stopped publishing readings. Software team to check the telematics unit, SIM connectivity and data pipeline ingestion.

Vehicle: Piaggio Porter (WP LA-7268), bay E-037.",closed,low,low,low,software,software,Telematics issue reported on Piaggio Porter (WP LA-7268); software team engaged.,,db9ceda9-fe88-48a4-a8bc-b6d5b8e1c93d,84ed798e-b511-4f4a-aa3a-e26029fdaf93,84ed798e-b511-4f4a-aa3a-e26029fdaf93,2024-12-19 17:46:00+00,2024-12-25 14:41:00+00,2024-12-25 14:41:00+00,2024-12-31 05:26:00+00,"{""component"": ""telematics"", ""asset_code"": ""LLX-COL-0277"", ""trigger_snapshot"": ""2024-12-10""}",2024-12-19 17:46:00+00,2026-08-10 19:03:05.467947+00
7ec08ade-b1ca-4531-a1b3-5d6799284234,TCK-000252,f38557ee-ecbd-4593-854a-92dfca2bcd4c,23a10ad6-f2ff-4aab-9878-de0f37f6bbe0,Hydraulic fluid weeping at cylinder,"Visible weeping at the lift cylinder and reduced hydraulic performance on monitoring. Requesting seal replacement.

Vehicle: Mitsubishi Canter (UP LD-9127), bay C-005.",resolved,low,low,low,mechanical,mechanical,Hydraulic issue reported on Mitsubishi Canter (UP LD-9127); mechanical team engaged.,,97205036-9a59-4b46-aa8e-9307852f2736,97cc4d1b-3c67-439f-8fdf-b355eb120cfa,97cc4d1b-3c67-439f-8fdf-b355eb120cfa,2024-08-18 06:43:00+00,2024-08-25 17:30:00+00,2024-08-25 17:30:00+00,,"{""component"": ""hydraulic"", ""asset_code"": ""LLX-BDL-0125"", ""trigger_snapshot"": ""2024-08-10""}",2024-08-18 06:43:00+00,2026-08-10 19:03:05.467947+00
1b597754-f3a8-427a-8e5e-6c4d012258a6,TCK-000253,db643666-eb36-4779-8c4e-2f86423c4836,c537c281-b6ad-4842-94ec-e937be0083e5,Oil pressure warning intermittent,"Intermittent oil pressure warning reported on the instrument cluster. Requesting oil level, filter and sender inspection.

Vehicle: Komatsu FD25 (COL-FL-026), bay A-026.",resolved,low,low,low,mechanical,mechanical,Oil issue reported on Komatsu FD25 (COL-FL-026); mechanical team engaged.,,6f9e2a08-35fd-4ef3-87eb-78a6530a8b83,0bcca5d2-620c-4e90-ae82-fb6ffc7af33d,0bcca5d2-620c-4e90-ae82-fb6ffc7af33d,2025-04-26 16:27:00+00,2025-05-03 09:09:00+00,2025-05-03 09:09:00+00,,"{""component"": ""oil"", ""asset_code"": ""LLX-COL-0026"", ""trigger_snapshot"": ""2025-04-10""}",2025-04-26 16:27:00+00,2026-08-10 19:03:05.467947+00
c2b337f6-08cd-4f61-9656-3705d56db376,TCK-000254,884bd482-0fad-4821-bb6e-5038596a3365,8f2b1c74-59d3-4a6e-9b21-7c4e0a5d3f88,Battery voltage low - charging system check required,"Battery voltage trend is below target and the vehicle is slow to crank in the morning. Electrical team to test battery health, alternator output and earth connections.

Vehicle: KDH Van (SP PE-1678), bay B-048.",closed,high,high,high,electrical,electrical,Battery issue reported on KDH Van (SP PE-1678); electrical team engaged.,,448f3ddf-c848-4c37-8aff-485580847d47,10189291-be15-401e-96a4-9be58799479f,10189291-be15-401e-96a4-9be58799479f,2024-09-18 13:11:00+00,2024-10-01 14:27:00+00,2024-10-01 14:27:00+00,2024-10-05 05:52:00+00,"{""component"": ""battery"", ""asset_code"": ""LLX-GLE-0108"", ""trigger_snapshot"": ""2024-09-10""}",2024-09-18 13:11:00+00,2026-08-10 19:03:05.467947+00
951257b0-19a3-4b30-8357-5473111d19cb,TCK-000255,fe6ce952-a70c-4eea-808c-47e5a4efbba8,c537c281-b6ad-4842-94ec-e937be0083e5,Hydraulic fluid weeping at cylinder,"Visible weeping at the lift cylinder and reduced hydraulic performance on monitoring. Requesting seal replacement.

Vehicle: Mitsubishi Fuso Fighter (WP LE-5921), bay G-026.",closed,low,low,low,mechanical,mechanical,Hydraulic issue reported on Mitsubishi Fuso Fighter (WP LE-5921); mechanical team engaged.,,507be855-1ac1-43a9-b1f4-fe62d2b838d9,b958f053-fb9d-4b81-9996-c7ca66269f1c,b958f053-fb9d-4b81-9996-c7ca66269f1c,2025-02-21 13:03:00+00,2025-03-16 17:46:00+00,2025-03-16 17:46:00+00,2025-03-24 05:31:00+00,"{""component"": ""hydraulic"", ""asset_code"": ""LLX-COL-0386"", ""trigger_snapshot"": ""2025-02-10""}",2025-02-21 13:03:00+00,2026-08-10 19:03:05.467947+00
9b5f3e92-ca8f-4a65-8388-187d31593b01,TCK-000256,adf29952-220b-41c2-a38a-a1d0c3e220c4,23a10ad6-f2ff-4aab-9878-de0f37f6bbe0,Brake performance degraded - inspection required,"Driver reports longer stopping distance and reduced pedal firmness. Brake wear indicator is low on condition monitoring. Mechanical team to inspect pads, discs and brake fluid.

Vehicle: Toyota 8FD30 (BDL-FL-040), bay A-040.",resolved,high,high,high,mechanical,mechanical,Brake issue reported on Toyota 8FD30 (BDL-FL-040); mechanical team engaged.,,7d4e3301-e869-4ed7-9374-1dfae1c92334,8c96a864-951e-4d0a-9715-532a84a4bc30,8c96a864-951e-4d0a-9715-532a84a4bc30,2026-03-25 11:08:00+00,2026-04-05 13:03:00+00,2026-04-05 13:03:00+00,,"{""component"": ""brake"", ""asset_code"": ""LLX-BDL-0040"", ""trigger_snapshot"": ""2026-03-10""}",2026-03-25 11:08:00+00,2026-08-10 19:03:05.467947+00
c6a098ea-3bfb-48a6-8ba6-d54b8d199206,TCK-000257,e7367de4-7e42-45e8-9d38-16f5648cb3ce,c537c281-b6ad-4842-94ec-e937be0083e5,Battery voltage low - charging system check required,"Battery voltage trend is below target and the vehicle is slow to crank in the morning. Electrical team to test battery health, alternator output and earth connections.

Vehicle: KDH Van (WP PD-7266), bay D-047.",closed,high,high,high,electrical,electrical,Battery issue reported on KDH Van (WP PD-7266); electrical team engaged.,,32dad9d0-4ec9-4cae-b538-5f91662e6d44,f1ed49ec-e79c-46e4-82c1-3e63309056fd,f1ed49ec-e79c-46e4-82c1-3e63309056fd,2024-11-30 11:16:00+00,2024-12-03 17:53:00+00,2024-12-03 17:53:00+00,2024-12-09 12:40:00+00,"{""component"": ""battery"", ""asset_code"": ""LLX-COL-0227"", ""trigger_snapshot"": ""2024-11-10""}",2024-11-30 11:16:00+00,2026-08-10 19:03:05.467947+00
b2f408a2-eb93-459d-9d1a-be0d5f5a5119,TCK-000258,12ac6689-8315-43d9-8d09-07c603b91360,8f2b1c74-59d3-4a6e-9b21-7c4e0a5d3f88,Battery voltage low - charging system check required,"Battery voltage trend is below target and the vehicle is slow to crank in the morning. Electrical team to test battery health, alternator output and earth connections.

Vehicle: KDH Van (SP PE-7721), bay C-005.",open,medium,medium,medium,electrical,electrical,Battery issue reported on KDH Van (SP PE-7721); electrical team engaged.,,91ca9810-6c44-4fdb-ab53-a90ab3cdbdbc,8de2d321-f715-4ebc-b37a-b90f4bef957a,,2026-05-27 15:29:00+00,,,,"{""component"": ""battery"", ""asset_code"": ""LLX-GLE-0125"", ""trigger_snapshot"": ""2026-05-10""}",2026-05-27 15:29:00+00,2026-08-10 19:03:05.467947+00
cd93b207-d494-4ba0-9eaa-d64f4f021ef8,TCK-000259,b4947405-7eba-4b64-9532-4b3af54e21b4,8f2b1c74-59d3-4a6e-9b21-7c4e0a5d3f88,Uneven tyre wear and vibration at speed,"Driver reports steering vibration at highway speed. Suspect uneven tyre wear; requesting inspection, rotation and alignment.

Vehicle: Isuzu ELF NKR (SP LD-3696), bay D-006.",closed,medium,medium,medium,mechanical,mechanical,Tire issue reported on Isuzu ELF NKR (SP LD-3696); mechanical team engaged.,,d0ea5927-2dc8-4928-bde4-56f56868028e,ba03ac29-f294-4a7d-b142-44c46cfe2354,ba03ac29-f294-4a7d-b142-44c46cfe2354,2024-11-29 10:35:00+00,2024-12-17 07:38:00+00,2024-12-17 07:38:00+00,2024-12-26 08:33:00+00,"{""component"": ""tire"", ""asset_code"": ""LLX-GLE-0186"", ""trigger_snapshot"": ""2024-11-10""}",2024-11-29 10:35:00+00,2026-08-10 19:03:05.467947+00
85d4ac16-67c1-4143-b1ec-feb9aa1d226a,TCK-000260,9e10e83a-5f1d-40aa-bb79-e39357305216,c537c281-b6ad-4842-94ec-e937be0083e5,Repeated hard starting in early shift,"Vehicle requires multiple crank attempts at shift start. Battery state of health is degraded on monitoring. Requesting battery and charging system diagnosis.

Vehicle: KDH Van (WP PD-9050), bay C-031.",open,high,high,high,mechanical,electrical,Battery issue reported on KDH Van (WP PD-9050); electrical team engaged.,,e7e29924-482e-4793-8e68-13f315252329,cfcb23c6-f209-48fb-b2ab-5f79f711f9cc,,2024-08-16 10:40:00+00,,,,"{""component"": ""battery"", ""asset_code"": ""LLX-COL-0151"", ""trigger_snapshot"": ""2024-08-10""}",2024-08-16 10:40:00+00,2026-08-10 19:03:05.467947+00
679fc897-9522-4164-91cd-c5f499a6e262,TCK-000261,66f94254-d4cd-40d8-8b9c-b95101798ccc,23a10ad6-f2ff-4aab-9878-de0f37f6bbe0,Oil pressure warning intermittent,"Intermittent oil pressure warning reported on the instrument cluster. Requesting oil level, filter and sender inspection.

Vehicle: Isuzu ELF NKR (UP LD-1689), bay C-009.",closed,high,high,high,mechanical,mechanical,Oil issue reported on Isuzu ELF NKR (UP LD-1689); mechanical team engaged.,,05d1ba48-e184-4f32-b427-e979dfe2afc7,e4333d48-503a-4694-b7d9-97ac9dee27e0,e4333d48-503a-4694-b7d9-97ac9dee27e0,2025-10-13 09:10:00+00,2025-10-23 07:00:00+00,2025-10-23 07:00:00+00,2025-10-31 05:22:00+00,"{""component"": ""oil"", ""asset_code"": ""LLX-BDL-0129"", ""trigger_snapshot"": ""2025-10-10""}",2025-10-13 09:10:00+00,2026-08-10 19:03:05.467947+00
c508d00c-10fc-4c29-8d6c-233fc8e6f121,TCK-000262,6b665a6c-e100-410e-8a91-4c407e4b69f9,c537c281-b6ad-4842-94ec-e937be0083e5,Oil pressure warning intermittent,"Intermittent oil pressure warning reported on the instrument cluster. Requesting oil level, filter and sender inspection.

Vehicle: Toyota HiAce (WP PE-6461), bay D-008.",resolved,medium,medium,medium,mechanical,mechanical,Oil issue reported on Toyota HiAce (WP PE-6461); mechanical team engaged.,,4e8044de-b468-445f-aeb7-861ed06941eb,5ca11cec-92af-4cf0-ba2a-b7ccc1954f40,5ca11cec-92af-4cf0-ba2a-b7ccc1954f40,2025-06-30 11:28:00+00,2025-07-13 15:58:00+00,2025-07-13 15:58:00+00,,"{""component"": ""oil"", ""asset_code"": ""LLX-COL-0188"", ""trigger_snapshot"": ""2025-06-10""}",2025-06-30 11:28:00+00,2026-08-10 19:03:05.467947+00
3c6a3eac-75d2-4095-9f60-66893e7a1aba,TCK-000263,dadfeae3-accb-4736-b054-a6e525236d7f,c537c281-b6ad-4842-94ec-e937be0083e5,Uneven tyre wear and vibration at speed,"Driver reports steering vibration at highway speed. Suspect uneven tyre wear; requesting inspection, rotation and alignment.

Vehicle: Heli CPCD25 (COL-FL-025), bay A-025.",resolved,high,high,high,mechanical,mechanical,Tire issue reported on Heli CPCD25 (COL-FL-025); mechanical team engaged.,,e57b003a-8ffe-4beb-83b1-6dd60cebc1fa,5ca11cec-92af-4cf0-ba2a-b7ccc1954f40,5ca11cec-92af-4cf0-ba2a-b7ccc1954f40,2026-05-17 13:44:00+00,2026-06-01 16:55:00+00,2026-06-01 16:55:00+00,,"{""component"": ""tire"", ""asset_code"": ""LLX-COL-0025"", ""trigger_snapshot"": ""2026-05-10""}",2026-05-17 13:44:00+00,2026-08-10 19:03:05.467947+00
569b0613-cbc8-4303-9ed9-2abee769a88e,TCK-000264,f969ee23-b30d-4adf-a963-fab6c75ce713,c537c281-b6ad-4842-94ec-e937be0083e5,Brake noise reported during descent,"Squealing and vibration reported under braking on gradient. Requesting brake pad and disc inspection before the vehicle returns to route.

Vehicle: Heli CPCD25 (COL-FL-039), bay A-039.",resolved,medium,medium,medium,mechanical,mechanical,Brake issue reported on Heli CPCD25 (COL-FL-039); mechanical team engaged.,,3b1f95f4-2559-4de1-8997-370ca42c1792,3116c9d0-e74c-4cf3-84ee-8fbb2165d83f,3116c9d0-e74c-4cf3-84ee-8fbb2165d83f,2025-07-26 05:17:00+00,2025-08-05 06:02:00+00,2025-08-05 06:02:00+00,,"{""component"": ""brake"", ""asset_code"": ""LLX-COL-0039"", ""trigger_snapshot"": ""2025-07-10""}",2025-07-26 05:17:00+00,2026-08-10 19:03:05.467947+00
f696c1f0-236c-49ae-8583-6e35561f432a,TCK-000265,b99acf8b-51f0-4a74-8236-3e63b6f17bca,23a10ad6-f2ff-4aab-9878-de0f37f6bbe0,Uneven tyre wear and vibration at speed,"Driver reports steering vibration at highway speed. Suspect uneven tyre wear; requesting inspection, rotation and alignment.

Vehicle: Mitsubishi Fuso Fighter (UP LF-1433), bay D-003.",resolved,low,medium,low,mechanical,mechanical,Tire issue reported on Mitsubishi Fuso Fighter (UP LF-1433); mechanical team engaged.,,d4f423d0-e74e-4798-9af2-e03f0d95868b,cf6c56e7-5755-4ee5-801e-f33afde6b249,cf6c56e7-5755-4ee5-801e-f33afde6b249,2026-03-11 09:55:00+00,2026-03-19 06:41:00+00,2026-03-19 06:41:00+00,,"{""component"": ""tire"", ""asset_code"": ""LLX-BDL-0183"", ""trigger_snapshot"": ""2026-03-10""}",2026-03-11 09:55:00+00,2026-08-10 19:03:05.467947+00
a59fc55c-2ed6-40e2-98bf-9e5351fedbd3,TCK-000266,05854a4c-1088-42a1-b6a8-4204517e6f68,8f2b1c74-59d3-4a6e-9b21-7c4e0a5d3f88,Brake performance degraded - inspection required,"Driver reports longer stopping distance and reduced pedal firmness. Brake wear indicator is low on condition monitoring. Mechanical team to inspect pads, discs and brake fluid.

Vehicle: Toyota HiAce (SP PE-4244), bay B-052.",resolved,medium,medium,medium,mechanical,mechanical,Brake issue reported on Toyota HiAce (SP PE-4244); mechanical team engaged.,,d9fb7d54-ed53-436a-8034-65f6bac6edac,2fc76645-2797-42a6-b6b9-d134b926381b,2fc76645-2797-42a6-b6b9-d134b926381b,2026-05-17 10:18:00+00,2026-05-26 09:42:00+00,2026-05-26 09:42:00+00,,"{""component"": ""brake"", ""asset_code"": ""LLX-GLE-0112"", ""trigger_snapshot"": ""2026-05-10""}",2026-05-17 10:18:00+00,2026-08-10 19:03:05.467947+00
1e8c9880-c408-4ccd-991b-438777185123,TCK-000267,b86a110d-6338-4e0d-b888-fac1baa7f0ab,8f2b1c74-59d3-4a6e-9b21-7c4e0a5d3f88,Hydraulic fluid weeping at cylinder,"Visible weeping at the lift cylinder and reduced hydraulic performance on monitoring. Requesting seal replacement.

Vehicle: Heli CPCD25 (GLE-FL-039), bay A-039.",closed,medium,medium,medium,mechanical,mechanical,Hydraulic issue reported on Heli CPCD25 (GLE-FL-039); mechanical team engaged.,,6080595d-87bb-4827-b939-5ca0cf5d91db,ba03ac29-f294-4a7d-b142-44c46cfe2354,ba03ac29-f294-4a7d-b142-44c46cfe2354,2025-08-19 05:13:00+00,2025-09-07 09:15:00+00,2025-09-07 09:15:00+00,2025-09-09 10:40:00+00,"{""component"": ""hydraulic"", ""asset_code"": ""LLX-GLE-0039"", ""trigger_snapshot"": ""2025-08-10""}",2025-08-19 05:13:00+00,2026-08-10 19:03:05.467947+00
0334a6c0-1ada-4a9b-b23b-681d87c0471f,TCK-000268,49f69624-0017-48a0-ab05-906d879994d7,8f2b1c74-59d3-4a6e-9b21-7c4e0a5d3f88,Battery voltage low - charging system check required,"Battery voltage trend is below target and the vehicle is slow to crank in the morning. Electrical team to test battery health, alternator output and earth connections.

Vehicle: Toyota 8FD30 (GLE-FL-069), bay B-009.",closed,high,high,high,electrical,electrical,Battery issue reported on Toyota 8FD30 (GLE-FL-069); electrical team engaged.,,4803cc9c-eb64-4578-91f0-8316f3dc1ff7,d6aec698-ade7-42e5-8a36-3df03605cce0,d6aec698-ade7-42e5-8a36-3df03605cce0,2025-01-10 10:43:00+00,2025-01-21 06:00:00+00,2025-01-21 06:00:00+00,2025-01-27 13:07:00+00,"{""component"": ""battery"", ""asset_code"": ""LLX-GLE-0069"", ""trigger_snapshot"": ""2025-01-10""}",2025-01-10 10:43:00+00,2026-08-10 19:03:05.467947+00
c243c82a-b3ab-4eac-9f7a-959bdb0a7e54,TCK-000269,30aacb8f-e47f-4e39-add2-a0a3d9b053cd,8f2b1c74-59d3-4a6e-9b21-7c4e0a5d3f88,Hydraulic fluid weeping at cylinder,"Visible weeping at the lift cylinder and reduced hydraulic performance on monitoring. Requesting seal replacement.

Vehicle: Toyota 8FD30 (GLE-FL-085), bay B-025.",closed,high,high,high,mechanical,mechanical,Hydraulic issue reported on Toyota 8FD30 (GLE-FL-085); mechanical team engaged.,,08909f81-89eb-49b8-ada7-36ab7c0f67f5,3898aa8b-e3d3-459d-9a76-60401f8181f0,3898aa8b-e3d3-459d-9a76-60401f8181f0,2025-03-10 13:23:00+00,2025-04-01 05:24:00+00,2025-04-01 05:24:00+00,2025-04-09 17:49:00+00,"{""component"": ""hydraulic"", ""asset_code"": ""LLX-GLE-0085"", ""trigger_snapshot"": ""2025-03-10""}",2025-03-10 13:23:00+00,2026-08-10 19:03:05.467947+00
3ff05287-e247-4701-8c21-c31ef7ac64df,TCK-000270,62656cad-a499-41ab-82e4-3ef2e2696ea7,8f2b1c74-59d3-4a6e-9b21-7c4e0a5d3f88,Uneven tyre wear and vibration at speed,"Driver reports steering vibration at highway speed. Suspect uneven tyre wear; requesting inspection, rotation and alignment.

Vehicle: Heli CPCD25 (GLE-FL-031), bay A-031.",open,high,high,high,mechanical,mechanical,Tire issue reported on Heli CPCD25 (GLE-FL-031); mechanical team engaged.,,9f068485-ade8-4dd4-a9d8-f09c2dad45fc,f02fa13f-bb55-414d-bf8b-7341877ef160,,2025-09-23 06:34:00+00,,,,"{""component"": ""tire"", ""asset_code"": ""LLX-GLE-0031"", ""trigger_snapshot"": ""2025-09-10""}",2025-09-23 06:34:00+00,2026-08-10 19:03:05.467947+00
aa2fcc75-59b5-4273-b23a-699c6fa0e328,TCK-000271,1eac5bce-8a58-4d81-9e80-5453a2e05447,8f2b1c74-59d3-4a6e-9b21-7c4e0a5d3f88,Hydraulic fluid weeping at cylinder,"Visible weeping at the lift cylinder and reduced hydraulic performance on monitoring. Requesting seal replacement.

Vehicle: Toyota 8FD30 (GLE-FL-065), bay B-005.",resolved,medium,medium,medium,mechanical,mechanical,Hydraulic issue reported on Toyota 8FD30 (GLE-FL-065); mechanical team engaged.,,2ff785ce-b723-4033-bed4-5953533e3039,e1c1397c-6345-47ab-948e-0f3e68d615b7,e1c1397c-6345-47ab-948e-0f3e68d615b7,2025-02-12 15:34:00+00,2025-02-14 14:22:00+00,2025-02-14 14:22:00+00,,"{""component"": ""hydraulic"", ""asset_code"": ""LLX-GLE-0065"", ""trigger_snapshot"": ""2025-02-10""}",2025-02-12 15:34:00+00,2026-08-10 19:03:05.467947+00
d471823e-f4fc-4811-b13a-95321fe6d5ef,TCK-000272,bb939f3f-1472-4213-9007-97f8eb76142b,c537c281-b6ad-4842-94ec-e937be0083e5,Battery voltage low - charging system check required,"Battery voltage trend is below target and the vehicle is slow to crank in the morning. Electrical team to test battery health, alternator output and earth connections.

Vehicle: Mitsubishi Fuso Fighter (WP LE-6197), bay G-009.",resolved,medium,medium,medium,electrical,electrical,Battery issue reported on Mitsubishi Fuso Fighter (WP LE-6197); electrical team engaged.,,b015ed00-cd8b-4041-89b9-9e79ccc5d00b,233aac45-07b9-46b4-af83-c4c76f181669,233aac45-07b9-46b4-af83-c4c76f181669,2025-08-15 11:07:00+00,2025-08-22 08:26:00+00,2025-08-22 08:26:00+00,,"{""component"": ""battery"", ""asset_code"": ""LLX-COL-0369"", ""trigger_snapshot"": ""2025-08-10""}",2025-08-15 11:07:00+00,2026-08-10 19:03:05.467947+00
0f0c72f3-1efa-425c-810a-d519ec8a0887,TCK-000273,9e10e83a-5f1d-40aa-bb79-e39357305216,c537c281-b6ad-4842-94ec-e937be0083e5,Battery voltage low - charging system check required,"Battery voltage trend is below target and the vehicle is slow to crank in the morning. Electrical team to test battery health, alternator output and earth connections.

Vehicle: KDH Van (WP PD-9050), bay C-031.",resolved,high,low,high,electrical,electrical,Battery issue reported on KDH Van (WP PD-9050); electrical team engaged.,,94c64335-4962-40b1-96fd-53632f8d49a3,5e18dd32-52bf-446f-b5b4-306dd776e223,5e18dd32-52bf-446f-b5b4-306dd776e223,2024-08-29 09:10:00+00,2024-09-16 07:34:00+00,2024-09-16 07:34:00+00,,"{""component"": ""battery"", ""asset_code"": ""LLX-COL-0151"", ""trigger_snapshot"": ""2024-08-10""}",2024-08-29 09:10:00+00,2026-08-10 19:03:05.467947+00
b8c61fdd-f18c-4798-a44c-9a4a0b322629,TCK-000274,85c54327-4a1c-46d3-810f-e7eb9ba8be64,c537c281-b6ad-4842-94ec-e937be0083e5,Brake performance degraded - inspection required,"Driver reports longer stopping distance and reduced pedal firmness. Brake wear indicator is low on condition monitoring. Mechanical team to inspect pads, discs and brake fluid.

Vehicle: KDH Van (WP PE-5972), bay D-052.",resolved,medium,medium,medium,mechanical,mechanical,Brake issue reported on KDH Van (WP PE-5972); mechanical team engaged.,,cbaa9f3a-1731-4f39-a19c-2252b655f163,3116c9d0-e74c-4cf3-84ee-8fbb2165d83f,3116c9d0-e74c-4cf3-84ee-8fbb2165d83f,2025-10-30 08:23:00+00,2025-11-07 17:36:00+00,2025-11-07 17:36:00+00,,"{""component"": ""brake"", ""asset_code"": ""LLX-COL-0232"", ""trigger_snapshot"": ""2025-10-10""}",2025-10-30 08:23:00+00,2026-08-10 19:03:05.467947+00
a30f653d-8473-423a-937b-22efd6520063,TCK-000275,6d9c4e90-8ac5-43fa-a060-68e85ed89ebc,c537c281-b6ad-4842-94ec-e937be0083e5,Uneven tyre wear and vibration at speed,"Driver reports steering vibration at highway speed. Suspect uneven tyre wear; requesting inspection, rotation and alignment.

Vehicle: KDH Van (WP PD-6043), bay D-050.",open,high,high,high,mechanical,mechanical,Tire issue reported on KDH Van (WP PD-6043); mechanical team engaged.,,4fa2752c-21e0-493e-9323-ee28c5c15ff0,7644642e-745c-4474-890f-0f840a0b5df8,,2025-02-18 14:07:00+00,,,,"{""component"": ""tire"", ""asset_code"": ""LLX-COL-0230"", ""trigger_snapshot"": ""2025-02-10""}",2025-02-18 14:07:00+00,2026-08-10 19:03:05.467947+00
51507e79-b9a6-46e1-b3ba-6c816f90ccfb,TCK-000276,00569254-8f6b-4a4f-a65a-ca7e6458fd46,c537c281-b6ad-4842-94ec-e937be0083e5,Brake noise reported during descent,"Squealing and vibration reported under braking on gradient. Requesting brake pad and disc inspection before the vehicle returns to route.

Vehicle: Tata Ultra T.7 (WP LC-8145), bay F-003.",in_progress,high,high,high,mechanical,mechanical,Brake issue reported on Tata Ultra T.7 (WP LC-8145); mechanical team engaged.,,b39348d1-7405-4464-8957-067b571cbe59,65403423-49cb-46e5-8f5f-eb8802feb133,,2026-05-27 13:25:00+00,,,,"{""component"": ""brake"", ""asset_code"": ""LLX-COL-0303"", ""trigger_snapshot"": ""2026-05-10""}",2026-05-27 13:25:00+00,2026-08-10 19:03:05.467947+00
cb47c76a-8804-4223-a715-e1bc9343ab9e,TCK-000277,14b37717-ca0d-4fc3-939d-869c7b170230,c537c281-b6ad-4842-94ec-e937be0083e5,Oil pressure warning intermittent,"Intermittent oil pressure warning reported on the instrument cluster. Requesting oil level, filter and sender inspection.

Vehicle: Isuzu FVR (WP LE-3516), bay G-020.",resolved,high,high,high,mechanical,mechanical,Oil issue reported on Isuzu FVR (WP LE-3516); mechanical team engaged.,,bc386f1f-6069-48e1-bf31-dca443044b19,f99df61d-d168-4c17-b0fc-99832b736ca8,f99df61d-d168-4c17-b0fc-99832b736ca8,2025-12-18 07:30:00+00,2026-01-06 16:44:00+00,2026-01-06 16:44:00+00,,"{""component"": ""oil"", ""asset_code"": ""LLX-COL-0380"", ""trigger_snapshot"": ""2025-12-10""}",2025-12-18 07:30:00+00,2026-08-10 19:03:05.467947+00
e372e94b-4b28-4211-a3ef-19d0d87bd6fa,TCK-000278,442e4f38-a6fb-4ace-bd2b-7df4263ac138,23a10ad6-f2ff-4aab-9878-de0f37f6bbe0,Uneven tyre wear and vibration at speed,"Driver reports steering vibration at highway speed. Suspect uneven tyre wear; requesting inspection, rotation and alignment.

Vehicle: Toyota HiAce (UP PC-5147), bay B-018.",closed,medium,medium,medium,mechanical,mechanical,Tire issue reported on Toyota HiAce (UP PC-5147); mechanical team engaged.,,395c47cc-fcf0-4dba-a308-985c549bc54c,ee5357e0-7ef0-49d6-aba4-c3a983e97bbd,ee5357e0-7ef0-49d6-aba4-c3a983e97bbd,2024-11-18 12:12:00+00,2024-11-22 14:07:00+00,2024-11-22 14:07:00+00,2024-11-29 09:57:00+00,"{""component"": ""tire"", ""asset_code"": ""LLX-BDL-0078"", ""trigger_snapshot"": ""2024-11-10""}",2024-11-18 12:12:00+00,2026-08-10 19:03:05.467947+00
3ea6243f-00f6-42ca-9961-eb6b7cb4c2ad,TCK-000279,b2cae884-d7e7-44d3-b595-b26ada43ce67,c537c281-b6ad-4842-94ec-e937be0083e5,Oil pressure warning intermittent,"Intermittent oil pressure warning reported on the instrument cluster. Requesting oil level, filter and sender inspection.

Vehicle: Toyota HiAce (WP PC-3715), bay D-044.",closed,high,high,high,mechanical,mechanical,Oil issue reported on Toyota HiAce (WP PC-3715); mechanical team engaged.,,022e2531-3147-464c-8ab0-f1461e0f7f2c,6d8966a8-2474-4d35-9fd9-7bb3b648f6fd,6d8966a8-2474-4d35-9fd9-7bb3b648f6fd,2025-11-16 11:58:00+00,2025-11-18 15:41:00+00,2025-11-18 15:41:00+00,2025-11-24 17:38:00+00,"{""component"": ""oil"", ""asset_code"": ""LLX-COL-0224"", ""trigger_snapshot"": ""2025-11-10""}",2025-11-16 11:58:00+00,2026-08-10 19:03:05.467947+00
5d9a69fd-776c-4a0a-a9e9-30aafd94c9ac,TCK-000280,eb7e3da2-cee1-4317-98f9-3648e3d5d850,c537c281-b6ad-4842-94ec-e937be0083e5,Engine oil life exhausted - service overdue,"Oil life monitor has reached the end of its interval. Requesting engine oil and filter service before further dispatch.

Vehicle: Tata T.12 (WP LE-7264), bay G-024.",resolved,medium,medium,medium,mechanical,mechanical,Oil issue reported on Tata T.12 (WP LE-7264); mechanical team engaged.,,fb6db374-5499-4fab-a5e5-5f201832e9d3,7ab528b9-cbf7-4b46-8d45-847ab79da77d,7ab528b9-cbf7-4b46-8d45-847ab79da77d,2026-01-30 07:36:00+00,2026-02-07 12:32:00+00,2026-02-07 12:32:00+00,,"{""component"": ""oil"", ""asset_code"": ""LLX-COL-0384"", ""trigger_snapshot"": ""2026-01-10""}",2026-01-30 07:36:00+00,2026-08-10 19:03:05.467947+00
08f10ae6-f8d0-4e9a-8b02-3019df178477,TCK-000281,a12585c0-72e7-4af1-a32f-85d834a3ff7d,8f2b1c74-59d3-4a6e-9b21-7c4e0a5d3f88,Hydraulic lift slow to respond,"Forklift mast raises slowly under load and drifts down when held. Requesting hydraulic fluid, seal and pump inspection.

Vehicle: Komatsu FD25 (GLE-FL-007), bay A-007.",closed,medium,medium,medium,mechanical,mechanical,Hydraulic issue reported on Komatsu FD25 (GLE-FL-007); mechanical team engaged.,,bfe22d3e-aa0d-42ca-9de4-b68f3f37afeb,e20935a5-5128-4f38-92b2-23e2cc66c4ed,e20935a5-5128-4f38-92b2-23e2cc66c4ed,2025-01-26 06:45:00+00,2025-02-02 17:01:00+00,2025-02-02 17:01:00+00,2025-02-09 14:42:00+00,"{""component"": ""hydraulic"", ""asset_code"": ""LLX-GLE-0007"", ""trigger_snapshot"": ""2025-01-10""}",2025-01-26 06:45:00+00,2026-08-10 19:03:05.467947+00
19cc36cb-45e6-485a-8243-cc4fcb4ecaba,TCK-000282,2a846353-d300-4c61-9972-9dd65ecc033e,23a10ad6-f2ff-4aab-9878-de0f37f6bbe0,Battery voltage low - charging system check required,"Battery voltage trend is below target and the vehicle is slow to crank in the morning. Electrical team to test battery health, alternator output and earth connections.

Vehicle: Piaggio Porter (UP LB-5724), bay B-050.",resolved,high,low,high,electrical,electrical,Battery issue reported on Piaggio Porter (UP LB-5724); electrical team engaged.,,2880fc15-f0ee-4986-8ce3-c88c53681281,66fa4ed5-e7e7-4664-8c2a-908778ecba02,66fa4ed5-e7e7-4664-8c2a-908778ecba02,2025-07-13 07:33:00+00,2025-08-04 14:57:00+00,2025-08-04 14:57:00+00,,"{""component"": ""battery"", ""asset_code"": ""LLX-BDL-0110"", ""trigger_snapshot"": ""2025-07-10""}",2025-07-13 07:33:00+00,2026-08-10 19:03:05.467947+00
5fffe508-217f-4417-92c3-51e0274135be,TCK-000283,f11ca249-e220-4dd6-85cb-a4bbabcd04fe,c537c281-b6ad-4842-94ec-e937be0083e5,Odometer readings inconsistent in platform,"Reported odometer on the platform disagrees with the vehicle cluster. Software team to verify sensor mapping and ingestion for this asset.

Vehicle: Nissan Caravan (WP PD-4549), bay D-029.",closed,high,high,high,software,software,Telematics issue reported on Nissan Caravan (WP PD-4549); software team engaged.,,55edc01a-8a5f-4b83-b49e-cb746b8e6bcf,fb16df24-42b0-44f6-8de3-8f95cdd7dc1f,fb16df24-42b0-44f6-8de3-8f95cdd7dc1f,2024-09-28 09:51:00+00,2024-09-30 17:05:00+00,2024-09-30 17:05:00+00,2024-10-03 08:01:00+00,"{""component"": ""telematics"", ""asset_code"": ""LLX-COL-0209"", ""trigger_snapshot"": ""2024-09-10""}",2024-09-28 09:51:00+00,2026-08-10 19:03:05.467947+00
4aef4611-adb6-4e8f-b1d5-51c14b371731,TCK-000284,6ab46010-08c4-44c3-837f-0b4b4165af78,23a10ad6-f2ff-4aab-9878-de0f37f6bbe0,Repeated hard starting in early shift,"Vehicle requires multiple crank attempts at shift start. Battery state of health is degraded on monitoring. Requesting battery and charging system diagnosis.

Vehicle: Toyota HiAce (UP PC-6611), bay B-002.",resolved,high,high,high,mechanical,electrical,Battery issue reported on Toyota HiAce (UP PC-6611); electrical team engaged.,,d1180d8d-7124-476b-b7a8-8633b48b0fb9,66fa4ed5-e7e7-4664-8c2a-908778ecba02,66fa4ed5-e7e7-4664-8c2a-908778ecba02,2025-08-17 08:19:00+00,2025-08-25 17:16:00+00,2025-08-25 17:16:00+00,,"{""component"": ""battery"", ""asset_code"": ""LLX-BDL-0062"", ""trigger_snapshot"": ""2025-08-10""}",2025-08-17 08:19:00+00,2026-08-10 19:03:05.467947+00
17790a36-0b22-4e78-96b3-e16b84181733,TCK-000285,4ea43bce-580b-4ac1-b814-7fd96b23e1c7,23a10ad6-f2ff-4aab-9878-de0f37f6bbe0,Uneven tyre wear and vibration at speed,"Driver reports steering vibration at highway speed. Suspect uneven tyre wear; requesting inspection, rotation and alignment.

Vehicle: Tata T.12 (UP LE-7734), bay D-004.",closed,high,high,high,mechanical,mechanical,Tire issue reported on Tata T.12 (UP LE-7734); mechanical team engaged.,,9eb09106-f54e-4d7c-a8ab-2e35db7f6fee,246980b5-110b-4571-9060-906f0c1ed19f,246980b5-110b-4571-9060-906f0c1ed19f,2025-01-10 17:55:00+00,2025-01-21 13:02:00+00,2025-01-21 13:02:00+00,2025-01-28 05:04:00+00,"{""component"": ""tire"", ""asset_code"": ""LLX-BDL-0184"", ""trigger_snapshot"": ""2025-01-10""}",2025-01-10 17:55:00+00,2026-08-10 19:03:05.467947+00
36d38911-d20b-4d22-adcc-4bd45a92ae33,TCK-000286,8031532f-cc33-4340-88a1-9f7037de6f64,c537c281-b6ad-4842-94ec-e937be0083e5,Uneven tyre wear and vibration at speed,"Driver reports steering vibration at highway speed. Suspect uneven tyre wear; requesting inspection, rotation and alignment.

Vehicle: KDH Van (WP PC-7460), bay D-016.",closed,high,high,high,mechanical,mechanical,Tire issue reported on KDH Van (WP PC-7460); mechanical team engaged.,,b232ddd5-5830-4628-84d8-26c9e470d691,69740143-f533-4866-a394-3d1ba98f20a7,69740143-f533-4866-a394-3d1ba98f20a7,2025-04-21 10:41:00+00,2025-04-26 06:04:00+00,2025-04-26 06:04:00+00,2025-05-06 17:29:00+00,"{""component"": ""tire"", ""asset_code"": ""LLX-COL-0196"", ""trigger_snapshot"": ""2025-04-10""}",2025-04-21 10:41:00+00,2026-08-10 19:03:05.467947+00
fc3452be-78af-4a47-b4fb-fa5b3d0fc9e8,TCK-000287,edde909e-aad1-40a9-adbf-7bcf292a1b3e,8f2b1c74-59d3-4a6e-9b21-7c4e0a5d3f88,Uneven tyre wear and vibration at speed,"Driver reports steering vibration at highway speed. Suspect uneven tyre wear; requesting inspection, rotation and alignment.

Vehicle: Heli CPCD30 (GLE-FL-073), bay B-013.",resolved,medium,medium,medium,mechanical,mechanical,Tire issue reported on Heli CPCD30 (GLE-FL-073); mechanical team engaged.,,786ea10f-0251-419f-a7fb-700b47d3108c,1246b49b-4c2a-428c-9e26-abdd7df1b7e0,1246b49b-4c2a-428c-9e26-abdd7df1b7e0,2024-08-29 09:20:00+00,2024-09-10 12:24:00+00,2024-09-10 12:24:00+00,,"{""component"": ""tire"", ""asset_code"": ""LLX-GLE-0073"", ""trigger_snapshot"": ""2024-08-10""}",2024-08-29 09:20:00+00,2026-08-10 19:03:05.467947+00
1cc324f7-2636-474b-a346-169e6d482cdc,TCK-000288,3a8007b3-2b06-4a51-a71e-64f622bbcc01,23a10ad6-f2ff-4aab-9878-de0f37f6bbe0,Hydraulic lift slow to respond,"Forklift mast raises slowly under load and drifts down when held. Requesting hydraulic fluid, seal and pump inspection.

Vehicle: Mahindra Bolero Pickup (UP LA-6873), bay B-034.",closed,medium,medium,medium,mechanical,mechanical,Hydraulic issue reported on Mahindra Bolero Pickup (UP LA-6873); mechanical team engaged.,,14479c56-9ab9-4eab-bec5-c8323d7dde9b,6307ed65-c77c-40e7-9e0f-0b67135eb7b1,6307ed65-c77c-40e7-9e0f-0b67135eb7b1,2026-04-19 10:37:00+00,2026-04-27 14:26:00+00,2026-04-27 14:26:00+00,2026-04-28 14:56:00+00,"{""component"": ""hydraulic"", ""asset_code"": ""LLX-BDL-0094"", ""trigger_snapshot"": ""2026-04-10""}",2026-04-19 10:37:00+00,2026-08-10 19:03:05.467947+00
629e0f04-5919-4369-b5cb-26271d384589,TCK-000289,3fd046df-9cb4-4c19-a1b4-6c854aa980be,c537c281-b6ad-4842-94ec-e937be0083e5,Uneven tyre wear and vibration at speed,"Driver reports steering vibration at highway speed. Suspect uneven tyre wear; requesting inspection, rotation and alignment.

Vehicle: Mitsubishi Fuso Fighter (WP LF-1573), bay G-005.",closed,low,low,low,software,mechanical,Tire issue reported on Mitsubishi Fuso Fighter (WP LF-1573); mechanical team engaged.,,c0f5d5cf-17fa-4b0c-b1b0-dad03fc108e8,9ac1f452-afac-4a3b-b3eb-3e9ebe62c5a9,9ac1f452-afac-4a3b-b3eb-3e9ebe62c5a9,2025-01-11 07:11:00+00,2025-01-31 14:39:00+00,2025-01-31 14:39:00+00,2025-02-10 07:48:00+00,"{""component"": ""tire"", ""asset_code"": ""LLX-COL-0365"", ""trigger_snapshot"": ""2025-01-10""}",2025-01-11 07:11:00+00,2026-08-10 19:03:05.467947+00
d3fe5acf-7f3b-4d8e-a037-462347d7b8fb,TCK-000290,12ac6689-8315-43d9-8d09-07c603b91360,8f2b1c74-59d3-4a6e-9b21-7c4e0a5d3f88,Telematics unit not reporting,"Sensor gateway on this vehicle has stopped publishing readings. Software team to check the telematics unit, SIM connectivity and data pipeline ingestion.

Vehicle: KDH Van (SP PE-7721), bay C-005.",closed,high,high,high,software,software,Telematics issue reported on KDH Van (SP PE-7721); software team engaged.,,d884117d-3827-4278-8128-77523994bdb1,f9a5607b-7040-4ba8-95c0-6de3c5367dea,f9a5607b-7040-4ba8-95c0-6de3c5367dea,2025-03-22 06:38:00+00,2025-03-29 12:56:00+00,2025-03-29 12:56:00+00,2025-04-05 17:06:00+00,"{""component"": ""telematics"", ""asset_code"": ""LLX-GLE-0125"", ""trigger_snapshot"": ""2025-03-10""}",2025-03-22 06:38:00+00,2026-08-10 19:03:05.467947+00
62c817e2-6db7-42a6-a144-93b91cb39e94,TCK-000291,a9e53f75-3f82-4b55-89f1-d0133b6b6a86,c537c281-b6ad-4842-94ec-e937be0083e5,Tyre wear beyond service limit,"Tread depth is below the service threshold on condition monitoring. Requesting tyre replacement and wheel alignment check.

Vehicle: Piaggio Porter (WP LB-5402), bay E-009.",closed,high,high,high,mechanical,mechanical,Tire issue reported on Piaggio Porter (WP LB-5402); mechanical team engaged.,,dc58cb16-b3c7-4feb-8208-b4d88e565b6c,9ac1f452-afac-4a3b-b3eb-3e9ebe62c5a9,9ac1f452-afac-4a3b-b3eb-3e9ebe62c5a9,2025-12-21 12:22:00+00,2026-01-03 05:30:00+00,2026-01-03 05:30:00+00,2026-01-06 11:19:00+00,"{""component"": ""tire"", ""asset_code"": ""LLX-COL-0249"", ""trigger_snapshot"": ""2025-12-10""}",2025-12-21 12:22:00+00,2026-08-10 19:03:05.467947+00
c633a8a7-5a9e-4c4c-81ea-cdb14c9cf5f4,TCK-000292,bcd3d5f5-0702-41de-b3f8-af7125e5df44,23a10ad6-f2ff-4aab-9878-de0f37f6bbe0,Repeated hard starting in early shift,"Vehicle requires multiple crank attempts at shift start. Battery state of health is degraded on monitoring. Requesting battery and charging system diagnosis.

Vehicle: Isuzu ELF NKR (UP LC-3866), bay C-054.",closed,medium,medium,medium,electrical,electrical,Battery issue reported on Isuzu ELF NKR (UP LC-3866); electrical team engaged.,,525885b4-8242-4b0e-9389-e73ab4da0883,022e5872-55c1-40d7-b067-cc60fae673de,022e5872-55c1-40d7-b067-cc60fae673de,2024-11-28 16:59:00+00,2024-12-15 07:56:00+00,2024-12-15 07:56:00+00,2024-12-21 07:09:00+00,"{""component"": ""battery"", ""asset_code"": ""LLX-BDL-0174"", ""trigger_snapshot"": ""2024-11-10""}",2024-11-28 16:59:00+00,2026-08-10 19:03:05.467947+00
e60a23ca-8338-4c57-9ba6-22fbee42483b,TCK-000293,458569d6-975a-46ca-b339-dd40a390b612,23a10ad6-f2ff-4aab-9878-de0f37f6bbe0,Repeated hard starting in early shift,"Vehicle requires multiple crank attempts at shift start. Battery state of health is degraded on monitoring. Requesting battery and charging system diagnosis.

Vehicle: Tata Ultra T.7 (UP LD-4976), bay C-050.",closed,high,high,high,electrical,electrical,Battery issue reported on Tata Ultra T.7 (UP LD-4976); electrical team engaged.,,11d49ef0-98e1-49a9-a095-7ad9ebcc59a1,43adafee-47fa-4fdd-a233-526bc7ecffb2,43adafee-47fa-4fdd-a233-526bc7ecffb2,2024-12-19 06:12:00+00,2024-12-28 10:11:00+00,2024-12-28 10:11:00+00,2025-01-05 10:37:00+00,"{""component"": ""battery"", ""asset_code"": ""LLX-BDL-0170"", ""trigger_snapshot"": ""2024-12-10""}",2024-12-19 06:12:00+00,2026-08-10 19:03:05.467947+00
e23dfde5-4098-42fa-9553-dfa1508cec84,TCK-000294,a2351705-ae47-43a6-a73e-d5497c3657b7,c537c281-b6ad-4842-94ec-e937be0083e5,Uneven tyre wear and vibration at speed,"Driver reports steering vibration at highway speed. Suspect uneven tyre wear; requesting inspection, rotation and alignment.

Vehicle: Toyota 8FD25 (COL-FL-020), bay A-020.",closed,low,low,low,mechanical,mechanical,Tire issue reported on Toyota 8FD25 (COL-FL-020); mechanical team engaged.,,7bfed8d2-1613-471e-bf1c-b491fe148641,96fb9f33-3e52-4958-8405-6ccf26fcacdc,96fb9f33-3e52-4958-8405-6ccf26fcacdc,2025-08-15 14:19:00+00,2025-08-17 14:09:00+00,2025-08-17 14:09:00+00,2025-08-19 16:59:00+00,"{""component"": ""tire"", ""asset_code"": ""LLX-COL-0020"", ""trigger_snapshot"": ""2025-08-10""}",2025-08-15 14:19:00+00,2026-08-10 19:03:05.467947+00
200439f4-131c-4629-a3f2-3825a7b26f85,TCK-000295,00cd8313-ac0b-4c37-9c9c-c5e9cdfb7b2c,23a10ad6-f2ff-4aab-9878-de0f37f6bbe0,Engine oil life exhausted - service overdue,"Oil life monitor has reached the end of its interval. Requesting engine oil and filter service before further dispatch.

Vehicle: Nissan Caravan (UP PC-9235), bay B-022.",resolved,medium,medium,medium,mechanical,mechanical,Oil issue reported on Nissan Caravan (UP PC-9235); mechanical team engaged.,,5d2e03ab-21e8-41bf-92dc-5546eea96282,d555997d-4f34-4447-8538-e3ac8bc0b2cb,d555997d-4f34-4447-8538-e3ac8bc0b2cb,2025-02-11 12:20:00+00,2025-02-16 05:37:00+00,2025-02-16 05:37:00+00,,"{""component"": ""oil"", ""asset_code"": ""LLX-BDL-0082"", ""trigger_snapshot"": ""2025-02-10""}",2025-02-11 12:20:00+00,2026-08-10 19:03:05.467947+00
f72e1fe0-8163-4dfe-a7ee-d24147139ec7,TCK-000296,68ff9eab-6d0e-4b6d-b092-a871fb92cd8d,23a10ad6-f2ff-4aab-9878-de0f37f6bbe0,Brake noise reported during descent,"Squealing and vibration reported under braking on gradient. Requesting brake pad and disc inspection before the vehicle returns to route.

Vehicle: Toyota HiAce (UP PB-6737), bay A-053.",resolved,low,low,low,mechanical,mechanical,Brake issue reported on Toyota HiAce (UP PB-6737); mechanical team engaged.,,11aa8dc4-d36c-4098-88b1-163bac724648,e4333d48-503a-4694-b7d9-97ac9dee27e0,e4333d48-503a-4694-b7d9-97ac9dee27e0,2026-06-23 09:58:00+00,2026-06-29 16:13:00+00,2026-06-29 16:13:00+00,,"{""component"": ""brake"", ""asset_code"": ""LLX-BDL-0053"", ""trigger_snapshot"": ""2026-06-10""}",2026-06-23 09:58:00+00,2026-08-10 19:03:05.467947+00
e490962d-402e-4436-8a09-572187e6fe36,TCK-000297,ce801a8a-fe4c-49af-ade0-fc508f833599,c537c281-b6ad-4842-94ec-e937be0083e5,Battery voltage low - charging system check required,"Battery voltage trend is below target and the vehicle is slow to crank in the morning. Electrical team to test battery health, alternator output and earth connections.

Vehicle: KDH Van (WP PD-8340), bay D-024.",closed,medium,medium,medium,electrical,electrical,Battery issue reported on KDH Van (WP PD-8340); electrical team engaged.,,6304e580-0502-491d-80c1-fcd084bbbd24,4004e7eb-3344-4419-9e8c-b6a39833a966,4004e7eb-3344-4419-9e8c-b6a39833a966,2024-09-11 13:17:00+00,2024-09-25 17:35:00+00,2024-09-25 17:35:00+00,2024-10-05 05:48:00+00,"{""component"": ""battery"", ""asset_code"": ""LLX-COL-0204"", ""trigger_snapshot"": ""2024-09-10""}",2024-09-11 13:17:00+00,2026-08-10 19:03:05.467947+00
9dcd0e04-851c-4008-8945-245378b0dc26,TCK-000298,bf878007-dd6f-414c-870d-51b2eeaf5cf5,c537c281-b6ad-4842-94ec-e937be0083e5,Hydraulic fluid weeping at cylinder,"Visible weeping at the lift cylinder and reduced hydraulic performance on monitoring. Requesting seal replacement.

Vehicle: Mahindra Bolero Pickup (WP LA-9531), bay E-027.",resolved,medium,medium,medium,mechanical,mechanical,Hydraulic issue reported on Mahindra Bolero Pickup (WP LA-9531); mechanical team engaged.,,70bf07bf-38ab-467c-8e62-966770517b9c,3a8a06de-92d4-4f46-9eee-923b07539d6c,3a8a06de-92d4-4f46-9eee-923b07539d6c,2025-11-18 11:28:00+00,2025-11-22 07:10:00+00,2025-11-22 07:10:00+00,,"{""component"": ""hydraulic"", ""asset_code"": ""LLX-COL-0267"", ""trigger_snapshot"": ""2025-11-10""}",2025-11-18 11:28:00+00,2026-08-10 19:03:05.467947+00
bb13687a-dfbb-4476-abec-dc34ac9c0a10,TCK-000299,dd003ba9-8004-4f4e-b50d-44a6917df989,8f2b1c74-59d3-4a6e-9b21-7c4e0a5d3f88,Brake performance degraded - inspection required,"Driver reports longer stopping distance and reduced pedal firmness. Brake wear indicator is low on condition monitoring. Mechanical team to inspect pads, discs and brake fluid.

Vehicle: Tata T.12 (SP LF-5020), bay D-041.",resolved,medium,medium,medium,mechanical,mechanical,Brake issue reported on Tata T.12 (SP LF-5020); mechanical team engaged.,,34931f13-2403-4242-8b97-cda22b57bcf1,51de8298-573f-473b-b907-584ec33f7841,51de8298-573f-473b-b907-584ec33f7841,2026-05-12 10:55:00+00,2026-05-28 08:01:00+00,2026-05-28 08:01:00+00,,"{""component"": ""brake"", ""asset_code"": ""LLX-GLE-0221"", ""trigger_snapshot"": ""2026-05-10""}",2026-05-12 10:55:00+00,2026-08-10 19:03:05.467947+00
541561fa-4223-46d3-ac83-8fd8dad32d32,TCK-000300,44b81125-adc8-4730-9f99-be521711dcfc,c537c281-b6ad-4842-94ec-e937be0083e5,Battery voltage low - charging system check required,"Battery voltage trend is below target and the vehicle is slow to crank in the morning. Electrical team to test battery health, alternator output and earth connections.

Vehicle: Heli CPCD30 (COL-FL-095), bay B-035.",closed,high,high,high,electrical,electrical,Battery issue reported on Heli CPCD30 (COL-FL-095); electrical team engaged.,,b98804b5-aaf4-4355-961f-ff75a2e4dcaf,f2e3adca-c995-4570-a695-525ef502c1ef,f2e3adca-c995-4570-a695-525ef502c1ef,2025-12-20 14:52:00+00,2026-01-05 17:10:00+00,2026-01-05 17:10:00+00,2026-01-08 09:17:00+00,"{""component"": ""battery"", ""asset_code"": ""LLX-COL-0095"", ""trigger_snapshot"": ""2025-12-10""}",2025-12-20 14:52:00+00,2026-08-10 19:03:05.467947+00
e51360fd-ae89-4034-aa5f-8fb513141390,TCK-000301,4280bf39-3a7d-4c3b-b0e1-9b1905013a03,c537c281-b6ad-4842-94ec-e937be0083e5,Uneven tyre wear and vibration at speed,"Driver reports steering vibration at highway speed. Suspect uneven tyre wear; requesting inspection, rotation and alignment.

Vehicle: Heli CPCD25 (COL-FL-055), bay A-055.",closed,high,high,high,mechanical,mechanical,Tire issue reported on Heli CPCD25 (COL-FL-055); mechanical team engaged.,,47a3900f-7eb3-4a89-859b-6570776ea3c5,70506215-8794-4b65-b206-0e75646dfe9a,70506215-8794-4b65-b206-0e75646dfe9a,2025-10-23 15:23:00+00,2025-10-30 15:53:00+00,2025-10-30 15:53:00+00,2025-11-02 15:11:00+00,"{""component"": ""tire"", ""asset_code"": ""LLX-COL-0055"", ""trigger_snapshot"": ""2025-10-10""}",2025-10-23 15:23:00+00,2026-08-10 19:03:05.467947+00
299aaf9f-88f2-4199-a04b-c082a6ce54c3,TCK-000302,61c98589-e751-43f5-ab2d-fe000dc4fce4,8f2b1c74-59d3-4a6e-9b21-7c4e0a5d3f88,Hydraulic lift slow to respond,"Forklift mast raises slowly under load and drifts down when held. Requesting hydraulic fluid, seal and pump inspection.

Vehicle: Heli CPCD25 (GLE-FL-044), bay A-044.",closed,high,high,high,mechanical,mechanical,Hydraulic issue reported on Heli CPCD25 (GLE-FL-044); mechanical team engaged.,,9f068485-ade8-4dd4-a9d8-f09c2dad45fc,e20935a5-5128-4f38-92b2-23e2cc66c4ed,e20935a5-5128-4f38-92b2-23e2cc66c4ed,2026-02-14 17:42:00+00,2026-02-28 11:06:00+00,2026-02-28 11:06:00+00,2026-03-10 05:12:00+00,"{""component"": ""hydraulic"", ""asset_code"": ""LLX-GLE-0044"", ""trigger_snapshot"": ""2026-02-10""}",2026-02-14 17:42:00+00,2026-08-10 19:03:05.467947+00
2541d88e-c99a-4a8e-af35-c80402d57046,TCK-000303,166a1abd-8c3c-4c1d-afde-926a9c4a0f41,8f2b1c74-59d3-4a6e-9b21-7c4e0a5d3f88,Fault codes not clearing after service,"Active fault codes remain present on the dashboard after the workshop reset. Requesting diagnostic tool session and ECU log review.

Vehicle: Isuzu ELF NKR (SP LC-6395), bay D-030.",resolved,medium,medium,medium,software,software,Telematics issue reported on Isuzu ELF NKR (SP LC-6395); software team engaged.,,ce97eae8-36da-4b55-9866-1818be74fe8c,f9a5607b-7040-4ba8-95c0-6de3c5367dea,f9a5607b-7040-4ba8-95c0-6de3c5367dea,2026-03-25 15:21:00+00,2026-04-06 15:51:00+00,2026-04-06 15:51:00+00,,"{""component"": ""telematics"", ""asset_code"": ""LLX-GLE-0210"", ""trigger_snapshot"": ""2026-03-10""}",2026-03-25 15:21:00+00,2026-08-10 19:03:05.467947+00
27607ca9-d3f8-438a-9ed8-d7f2b4d80d86,TCK-000304,d401a46b-56b8-4616-a97a-d8ccccce6260,c537c281-b6ad-4842-94ec-e937be0083e5,Hydraulic fluid weeping at cylinder,"Visible weeping at the lift cylinder and reduced hydraulic performance on monitoring. Requesting seal replacement.

Vehicle: Komatsu FD25 (COL-FL-052), bay A-052.",in_progress,high,high,high,mechanical,mechanical,Hydraulic issue reported on Komatsu FD25 (COL-FL-052); mechanical team engaged.,,6dfe7908-1670-4f24-a01e-791d003947e8,728c431d-a607-4a38-9b1a-2287ce9979ad,,2026-08-07 11:45:00+00,,,,"{""component"": ""hydraulic"", ""asset_code"": ""LLX-COL-0052"", ""trigger_snapshot"": ""2026-08-10""}",2026-08-07 11:45:00+00,2026-08-10 19:03:05.467947+00
092b321d-0218-45a4-b4f1-f52efff9e774,TCK-000305,20ff8673-2088-4122-92f5-3a06cde0f0c4,c537c281-b6ad-4842-94ec-e937be0083e5,Oil pressure warning intermittent,"Intermittent oil pressure warning reported on the instrument cluster. Requesting oil level, filter and sender inspection.

Vehicle: Toyota 8FD25 (COL-FL-051), bay A-051.",resolved,medium,medium,medium,mechanical,mechanical,Oil issue reported on Toyota 8FD25 (COL-FL-051); mechanical team engaged.,,1bf61d3f-94c5-4a00-a27d-f70c6a229bf8,1ad7ccbc-6809-4f96-83f4-c7636a2a4728,1ad7ccbc-6809-4f96-83f4-c7636a2a4728,2025-09-18 12:58:00+00,2025-10-08 14:34:00+00,2025-10-08 14:34:00+00,,"{""component"": ""oil"", ""asset_code"": ""LLX-COL-0051"", ""trigger_snapshot"": ""2025-09-10""}",2025-09-18 12:58:00+00,2026-08-10 19:03:05.467947+00
310561dc-99e1-4bc7-8699-6e259a411372,TCK-000306,286345f2-1279-4792-a5c6-2424ef22dc20,c537c281-b6ad-4842-94ec-e937be0083e5,Telematics unit not reporting,"Sensor gateway on this vehicle has stopped publishing readings. Software team to check the telematics unit, SIM connectivity and data pipeline ingestion.

Vehicle: Komatsu FD25 (COL-FL-076), bay B-016.",closed,high,medium,high,software,software,Telematics issue reported on Komatsu FD25 (COL-FL-076); software team engaged.,,4033330c-bcf8-4dc8-802e-7a4195e4163b,84ed798e-b511-4f4a-aa3a-e26029fdaf93,84ed798e-b511-4f4a-aa3a-e26029fdaf93,2026-03-30 07:48:00+00,2026-04-08 06:56:00+00,2026-04-08 06:56:00+00,2026-04-09 15:41:00+00,"{""component"": ""telematics"", ""asset_code"": ""LLX-COL-0076"", ""trigger_snapshot"": ""2026-03-10""}",2026-03-30 07:48:00+00,2026-08-10 19:03:05.467947+00
4c913e09-fa99-4578-99a5-98b500ffc57c,TCK-000307,3803223f-20b5-481e-a321-5a4a4a6a4d97,c537c281-b6ad-4842-94ec-e937be0083e5,Oil pressure warning intermittent,"Intermittent oil pressure warning reported on the instrument cluster. Requesting oil level, filter and sender inspection.

Vehicle: Nissan Caravan (WP PE-2502), bay D-034.",in_progress,medium,medium,medium,mechanical,mechanical,Oil issue reported on Nissan Caravan (WP PE-2502); mechanical team engaged.,,eeb2c80a-5992-4553-b0f3-bfb3252ee6f4,94c16a8c-074b-4b37-ab95-493170740735,,2026-04-13 14:51:00+00,,,,"{""component"": ""oil"", ""asset_code"": ""LLX-COL-0214"", ""trigger_snapshot"": ""2026-04-10""}",2026-04-13 14:51:00+00,2026-08-10 19:03:05.467947+00
41b5a284-dfa5-47e5-a272-25925d8fca85,TCK-000308,0e48509c-7c6c-4c3c-b0dc-7fdbf99ec9ca,8f2b1c74-59d3-4a6e-9b21-7c4e0a5d3f88,Brake performance degraded - inspection required,"Driver reports longer stopping distance and reduced pedal firmness. Brake wear indicator is low on condition monitoring. Mechanical team to inspect pads, discs and brake fluid.

Vehicle: Mitsubishi Canter (SP LD-6808), bay C-060.",resolved,medium,medium,medium,mechanical,mechanical,Brake issue reported on Mitsubishi Canter (SP LD-6808); mechanical team engaged.,,dba27b6e-3ab8-46c8-a9e9-591dc2166f08,ed4c1923-4a35-41e6-af73-87d272e16bb9,ed4c1923-4a35-41e6-af73-87d272e16bb9,2025-08-26 10:22:00+00,2025-08-30 13:38:00+00,2025-08-30 13:38:00+00,,"{""component"": ""brake"", ""asset_code"": ""LLX-GLE-0180"", ""trigger_snapshot"": ""2025-08-10""}",2025-08-26 10:22:00+00,2026-08-10 19:03:05.467947+00
3c0d275d-4681-4320-81ee-295287a69e4b,TCK-000309,888d5995-c776-4db5-af30-05bb5e3b2f25,23a10ad6-f2ff-4aab-9878-de0f37f6bbe0,Repeated hard starting in early shift,"Vehicle requires multiple crank attempts at shift start. Battery state of health is degraded on monitoring. Requesting battery and charging system diagnosis.

Vehicle: Tata Ultra T.7 (UP LC-3862), bay C-029.",resolved,medium,medium,medium,electrical,electrical,Battery issue reported on Tata Ultra T.7 (UP LC-3862); electrical team engaged.,,7bdf5a22-3460-4bcf-98e8-979193672863,65a5b696-653b-4c78-8e17-17f954b7992b,65a5b696-653b-4c78-8e17-17f954b7992b,2026-06-24 08:44:00+00,2026-06-26 12:01:00+00,2026-06-26 12:01:00+00,,"{""component"": ""battery"", ""asset_code"": ""LLX-BDL-0149"", ""trigger_snapshot"": ""2026-06-10""}",2026-06-24 08:44:00+00,2026-08-10 19:03:05.467947+00
cc79d9ce-b447-44c0-af51-80e3f8e31dad,TCK-000310,ad143dcb-9121-4cc4-b430-85bade41eb2c,23a10ad6-f2ff-4aab-9878-de0f37f6bbe0,Battery voltage low - charging system check required,"Battery voltage trend is below target and the vehicle is slow to crank in the morning. Electrical team to test battery health, alternator output and earth connections.

Vehicle: Mitsubishi Canter (UP LD-3925), bay C-023.",closed,high,low,high,electrical,electrical,Battery issue reported on Mitsubishi Canter (UP LD-3925); electrical team engaged.,,4d9a2421-7844-44bd-b117-718dcc1c86f3,43adafee-47fa-4fdd-a233-526bc7ecffb2,43adafee-47fa-4fdd-a233-526bc7ecffb2,2024-11-21 09:33:00+00,2024-12-01 17:52:00+00,2024-12-01 17:52:00+00,2024-12-10 13:47:00+00,"{""component"": ""battery"", ""asset_code"": ""LLX-BDL-0143"", ""trigger_snapshot"": ""2024-11-10""}",2024-11-21 09:33:00+00,2026-08-10 19:03:05.467947+00
fb0949be-ab4a-482c-b5c5-5a9125f482f0,TCK-000311,397f509d-bab0-4be3-80ea-0d71f10314f5,23a10ad6-f2ff-4aab-9878-de0f37f6bbe0,Brake performance degraded - inspection required,"Driver reports longer stopping distance and reduced pedal firmness. Brake wear indicator is low on condition monitoring. Mechanical team to inspect pads, discs and brake fluid.

Vehicle: Mitsubishi Fuso Fighter (UP LF-2471), bay D-012.",closed,low,low,low,mechanical,mechanical,Brake issue reported on Mitsubishi Fuso Fighter (UP LF-2471); mechanical team engaged.,,4deef011-a80e-4ec1-8ab0-1c07e51e4eff,c4046467-2ed2-4768-9d99-e876c09fe713,c4046467-2ed2-4768-9d99-e876c09fe713,2025-10-29 06:20:00+00,2025-11-21 07:57:00+00,2025-11-21 07:57:00+00,2025-11-27 09:33:00+00,"{""component"": ""brake"", ""asset_code"": ""LLX-BDL-0192"", ""trigger_snapshot"": ""2025-10-10""}",2025-10-29 06:20:00+00,2026-08-10 19:03:05.467947+00
c2a5bc7d-3986-4d68-ac43-c5a869a1abf0,TCK-000312,82f308a9-8006-41ee-ac8a-389e500bd4fd,c537c281-b6ad-4842-94ec-e937be0083e5,Oil pressure warning intermittent,"Intermittent oil pressure warning reported on the instrument cluster. Requesting oil level, filter and sender inspection.

Vehicle: Tata Ace (WP LB-4951), bay E-041.",resolved,low,low,low,mechanical,mechanical,Oil issue reported on Tata Ace (WP LB-4951); mechanical team engaged.,,a0b89922-5d78-498c-be45-85341829622d,0bcca5d2-620c-4e90-ae82-fb6ffc7af33d,0bcca5d2-620c-4e90-ae82-fb6ffc7af33d,2025-11-23 15:43:00+00,2025-12-08 11:45:00+00,2025-12-08 11:45:00+00,,"{""component"": ""oil"", ""asset_code"": ""LLX-COL-0281"", ""trigger_snapshot"": ""2025-11-10""}",2025-11-23 15:43:00+00,2026-08-10 19:03:05.467947+00
a6c6e7f0-5605-4d1c-b5d2-88625864be2f,TCK-000313,45bf770e-17bc-45a8-ba0d-dc3162128843,c537c281-b6ad-4842-94ec-e937be0083e5,Hydraulic fluid weeping at cylinder,"Visible weeping at the lift cylinder and reduced hydraulic performance on monitoring. Requesting seal replacement.

Vehicle: Toyota 8FD30 (COL-FL-134), bay C-014.",closed,high,high,high,mechanical,mechanical,Hydraulic issue reported on Toyota 8FD30 (COL-FL-134); mechanical team engaged.,,9bd7dc69-8146-4996-8a28-bda2751c2c1e,3116c9d0-e74c-4cf3-84ee-8fbb2165d83f,3116c9d0-e74c-4cf3-84ee-8fbb2165d83f,2025-05-14 09:22:00+00,2025-06-01 14:42:00+00,2025-06-01 14:42:00+00,2025-06-05 08:20:00+00,"{""component"": ""hydraulic"", ""asset_code"": ""LLX-COL-0134"", ""trigger_snapshot"": ""2025-05-10""}",2025-05-14 09:22:00+00,2026-08-10 19:03:05.467947+00
f63b37b4-36ed-4b73-a265-49962d0d7392,TCK-000314,607c034a-98bd-45db-974d-dc5d96e66f81,8f2b1c74-59d3-4a6e-9b21-7c4e0a5d3f88,Odometer readings inconsistent in platform,"Reported odometer on the platform disagrees with the vehicle cluster. Software team to verify sensor mapping and ingestion for this asset.

Vehicle: Komatsu FD30 (GLE-FL-084), bay B-024.",resolved,low,low,low,software,software,Telematics issue reported on Komatsu FD30 (GLE-FL-084); software team engaged.,,e655669a-affa-4cee-ab60-e8072807b6cd,f9a5607b-7040-4ba8-95c0-6de3c5367dea,f9a5607b-7040-4ba8-95c0-6de3c5367dea,2026-03-01 13:05:00+00,2026-03-04 15:57:00+00,2026-03-04 15:57:00+00,,"{""component"": ""telematics"", ""asset_code"": ""LLX-GLE-0084"", ""trigger_snapshot"": ""2026-02-10""}",2026-03-01 13:05:00+00,2026-08-10 19:03:05.467947+00
ba149182-122f-4923-bb4e-0a80ddc5818f,TCK-000315,6b665a6c-e100-410e-8a91-4c407e4b69f9,c537c281-b6ad-4842-94ec-e937be0083e5,Brake performance degraded - inspection required,"Driver reports longer stopping distance and reduced pedal firmness. Brake wear indicator is low on condition monitoring. Mechanical team to inspect pads, discs and brake fluid.

Vehicle: Toyota HiAce (WP PE-6461), bay D-008.",closed,high,high,high,mechanical,mechanical,Brake issue reported on Toyota HiAce (WP PE-6461); mechanical team engaged.,,fbfd12a4-aea1-4200-8104-70011607cf54,0bcca5d2-620c-4e90-ae82-fb6ffc7af33d,0bcca5d2-620c-4e90-ae82-fb6ffc7af33d,2025-02-16 07:24:00+00,2025-03-08 09:40:00+00,2025-03-08 09:40:00+00,2025-03-16 06:22:00+00,"{""component"": ""brake"", ""asset_code"": ""LLX-COL-0188"", ""trigger_snapshot"": ""2025-02-10""}",2025-02-16 07:24:00+00,2026-08-10 19:03:05.467947+00
0f902a24-2e60-4f08-ba5b-fd73b9028750,TCK-000316,432b30a3-4103-492c-915d-1e4a915a8607,c537c281-b6ad-4842-94ec-e937be0083e5,Brake noise reported during descent,"Squealing and vibration reported under braking on gradient. Requesting brake pad and disc inspection before the vehicle returns to route.

Vehicle: Isuzu FVR (WP LE-8840), bay G-015.",closed,high,high,high,mechanical,mechanical,Brake issue reported on Isuzu FVR (WP LE-8840); mechanical team engaged.,,c9f86c57-934e-40e8-b6df-2eb5d71405e6,7ab528b9-cbf7-4b46-8d45-847ab79da77d,7ab528b9-cbf7-4b46-8d45-847ab79da77d,2025-04-19 17:09:00+00,2025-05-06 09:16:00+00,2025-05-06 09:16:00+00,2025-05-16 07:55:00+00,"{""component"": ""brake"", ""asset_code"": ""LLX-COL-0375"", ""trigger_snapshot"": ""2025-04-10""}",2025-04-19 17:09:00+00,2026-08-10 19:03:05.467947+00
2dd8a127-6430-44cb-936e-96c13dba8a1f,TCK-000317,b99acf8b-51f0-4a74-8236-3e63b6f17bca,23a10ad6-f2ff-4aab-9878-de0f37f6bbe0,Odometer readings inconsistent in platform,"Reported odometer on the platform disagrees with the vehicle cluster. Software team to verify sensor mapping and ingestion for this asset.

Vehicle: Mitsubishi Fuso Fighter (UP LF-1433), bay D-003.",open,high,high,high,software,software,Telematics issue reported on Mitsubishi Fuso Fighter (UP LF-1433); software team engaged.,,d10cf005-0a3f-4251-bb32-0973601a7259,32f7d1c4-7b8c-461e-bc5f-f5d2eae53e3a,,2026-03-10 05:13:00+00,,,,"{""component"": ""telematics"", ""asset_code"": ""LLX-BDL-0183"", ""trigger_snapshot"": ""2026-03-10""}",2026-03-10 05:13:00+00,2026-08-10 19:03:05.467947+00
03173826-e7e4-4ffa-96c4-ee8172624af3,TCK-000318,3803223f-20b5-481e-a321-5a4a4a6a4d97,c537c281-b6ad-4842-94ec-e937be0083e5,Tyre wear beyond service limit,"Tread depth is below the service threshold on condition monitoring. Requesting tyre replacement and wheel alignment check.

Vehicle: Nissan Caravan (WP PE-2502), bay D-034.",closed,high,high,high,mechanical,mechanical,Tire issue reported on Nissan Caravan (WP PE-2502); mechanical team engaged.,,7c0a1dd2-ae3a-4b6a-80ed-b2ecb96e08ad,e3558ee6-f358-4467-ac51-00c0aa187644,e3558ee6-f358-4467-ac51-00c0aa187644,2025-10-10 14:46:00+00,2025-10-30 15:58:00+00,2025-10-30 15:58:00+00,2025-11-01 13:24:00+00,"{""component"": ""tire"", ""asset_code"": ""LLX-COL-0214"", ""trigger_snapshot"": ""2025-10-10""}",2025-10-10 14:46:00+00,2026-08-10 19:03:05.467947+00
390d7054-ae41-4709-ac22-86f798822d30,TCK-000319,d90bf605-9e3a-469b-bf52-7286b8723a8c,8f2b1c74-59d3-4a6e-9b21-7c4e0a5d3f88,Brake performance degraded - inspection required,"Driver reports longer stopping distance and reduced pedal firmness. Brake wear indicator is low on condition monitoring. Mechanical team to inspect pads, discs and brake fluid.

Vehicle: Tata T.12 (SP LE-4524), bay D-059.",closed,high,high,high,mechanical,mechanical,Brake issue reported on Tata T.12 (SP LE-4524); mechanical team engaged.,,1e6b1233-94a4-4f67-9f4e-be45652c148d,9580e2d6-e004-4873-9ea1-5e63bb707d70,9580e2d6-e004-4873-9ea1-5e63bb707d70,2026-01-20 11:17:00+00,2026-02-13 14:10:00+00,2026-02-13 14:10:00+00,2026-02-21 06:45:00+00,"{""component"": ""brake"", ""asset_code"": ""LLX-GLE-0239"", ""trigger_snapshot"": ""2026-01-10""}",2026-01-20 11:17:00+00,2026-08-10 19:03:05.467947+00
5712ef8b-351d-4c2e-9b2d-25dbfa58befe,TCK-000320,8fbe953c-21e7-4e94-9331-74e751c0ca6f,c537c281-b6ad-4842-94ec-e937be0083e5,Uneven tyre wear and vibration at speed,"Driver reports steering vibration at highway speed. Suspect uneven tyre wear; requesting inspection, rotation and alignment.

Vehicle: Nissan Caravan (WP PE-3848), bay C-051.",closed,high,high,high,mechanical,mechanical,Tire issue reported on Nissan Caravan (WP PE-3848); mechanical team engaged.,,e1121c2f-4b9c-484f-ab26-d06bba047a3e,0816a11f-c50f-456a-8311-8bf2e4aeff0e,0816a11f-c50f-456a-8311-8bf2e4aeff0e,2025-06-18 08:21:00+00,2025-06-19 16:46:00+00,2025-06-19 16:46:00+00,2025-06-29 16:33:00+00,"{""component"": ""tire"", ""asset_code"": ""LLX-COL-0171"", ""trigger_snapshot"": ""2025-06-10""}",2025-06-18 08:21:00+00,2026-08-10 19:03:05.467947+00
e283af6d-a085-492e-a4f6-ff0485bfb96b,TCK-000321,00569254-8f6b-4a4f-a65a-ca7e6458fd46,c537c281-b6ad-4842-94ec-e937be0083e5,Repeated hard starting in early shift,"Vehicle requires multiple crank attempts at shift start. Battery state of health is degraded on monitoring. Requesting battery and charging system diagnosis.

Vehicle: Tata Ultra T.7 (WP LC-8145), bay F-003.",closed,high,high,high,electrical,electrical,Battery issue reported on Tata Ultra T.7 (WP LC-8145); electrical team engaged.,,63ce4b8a-ca12-4cbc-ac77-7d5688bd67b8,f2e3adca-c995-4570-a695-525ef502c1ef,f2e3adca-c995-4570-a695-525ef502c1ef,2025-10-22 06:05:00+00,2025-11-15 16:49:00+00,2025-11-15 16:49:00+00,2025-11-18 15:43:00+00,"{""component"": ""battery"", ""asset_code"": ""LLX-COL-0303"", ""trigger_snapshot"": ""2025-10-10""}",2025-10-22 06:05:00+00,2026-08-10 19:03:05.467947+00
f23f5ff0-703e-42a4-810f-8e981e407d84,TCK-000322,e88c0d95-8702-4feb-9595-d896d4ef6e9e,c537c281-b6ad-4842-94ec-e937be0083e5,Brake performance degraded - inspection required,"Driver reports longer stopping distance and reduced pedal firmness. Brake wear indicator is low on condition monitoring. Mechanical team to inspect pads, discs and brake fluid.

Vehicle: Toyota 8FD25 (COL-FL-072), bay B-012.",closed,medium,medium,medium,mechanical,mechanical,Brake issue reported on Toyota 8FD25 (COL-FL-072); mechanical team engaged.,,ead9fd88-9042-4b6c-a7a4-a16b836bc12e,26786492-bebd-4e3a-8719-4c486f70d604,26786492-bebd-4e3a-8719-4c486f70d604,2026-02-19 10:57:00+00,2026-02-25 17:01:00+00,2026-02-25 17:01:00+00,2026-02-26 11:54:00+00,"{""component"": ""brake"", ""asset_code"": ""LLX-COL-0072"", ""trigger_snapshot"": ""2026-02-10""}",2026-02-19 10:57:00+00,2026-08-10 19:03:05.467947+00
c0d3357f-d2d6-401f-8a40-fd2f65dffe4c,TCK-000478,e2966d9f-ab49-47d7-a15e-efa7fd80cdf0,c537c281-b6ad-4842-94ec-e937be0083e5,Engine oil life exhausted - service overdue,"Oil life monitor has reached the end of its interval. Requesting engine oil and filter service before further dispatch.

Vehicle: Piaggio Porter (WP LB-2957), bay E-021.",open,high,medium,high,mechanical,mechanical,Oil issue reported on Piaggio Porter (WP LB-2957); mechanical team engaged.,,fb6db374-5499-4fab-a5e5-5f201832e9d3,65a4c575-56f0-49d7-9887-9a08358fb73c,,2026-04-14 11:42:00+00,,,,"{""component"": ""oil"", ""asset_code"": ""LLX-COL-0261"", ""trigger_snapshot"": ""2026-04-10""}",2026-04-14 11:42:00+00,2026-08-10 19:03:05.467947+00
a716aebf-7e02-48a9-bf75-be00688f2abe,TCK-000323,aa2ebdaf-26f2-42d0-8625-9b9437ecea41,c537c281-b6ad-4842-94ec-e937be0083e5,Uneven tyre wear and vibration at speed,"Driver reports steering vibration at highway speed. Suspect uneven tyre wear; requesting inspection, rotation and alignment.

Vehicle: Tata Ultra T.7 (WP LD-7258), bay F-015.",resolved,medium,medium,medium,electrical,mechanical,Tire issue reported on Tata Ultra T.7 (WP LD-7258); mechanical team engaged.,,cde090c3-e7e9-459d-b4f7-64df6f80e8a6,1ad7ccbc-6809-4f96-83f4-c7636a2a4728,1ad7ccbc-6809-4f96-83f4-c7636a2a4728,2025-10-21 11:01:00+00,2025-11-07 06:43:00+00,2025-11-07 06:43:00+00,,"{""component"": ""tire"", ""asset_code"": ""LLX-COL-0315"", ""trigger_snapshot"": ""2025-10-10""}",2025-10-21 11:01:00+00,2026-08-10 19:03:05.467947+00
e780bc08-1bab-469b-affa-00a8fcf8ff54,TCK-000324,c1f593d7-93f1-47e7-91e2-0f62e682f9c1,c537c281-b6ad-4842-94ec-e937be0083e5,Hydraulic fluid weeping at cylinder,"Visible weeping at the lift cylinder and reduced hydraulic performance on monitoring. Requesting seal replacement.

Vehicle: Heli CPCD30 (COL-FL-126), bay C-006.",closed,high,high,high,mechanical,mechanical,Hydraulic issue reported on Heli CPCD30 (COL-FL-126); mechanical team engaged.,,a0b89922-5d78-498c-be45-85341829622d,e3558ee6-f358-4467-ac51-00c0aa187644,e3558ee6-f358-4467-ac51-00c0aa187644,2025-12-16 06:59:00+00,2025-12-23 15:54:00+00,2025-12-23 15:54:00+00,2025-12-27 05:39:00+00,"{""component"": ""hydraulic"", ""asset_code"": ""LLX-COL-0126"", ""trigger_snapshot"": ""2025-12-10""}",2025-12-16 06:59:00+00,2026-08-10 19:03:05.467947+00
6acbaef2-1343-484f-b501-8afa3a841820,TCK-000325,c492b053-e833-4eae-9fa6-47ebbce819c7,c537c281-b6ad-4842-94ec-e937be0083e5,Battery voltage low - charging system check required,"Battery voltage trend is below target and the vehicle is slow to crank in the morning. Electrical team to test battery health, alternator output and earth connections.

Vehicle: Mercedes Actros 1836 (WP LG-4055), bay G-039.",closed,high,high,high,electrical,electrical,Battery issue reported on Mercedes Actros 1836 (WP LG-4055); electrical team engaged.,,5073c808-61d0-43a1-b388-07ee777a5268,46b65206-6f2c-4777-b6a0-ed9d0d81dc19,46b65206-6f2c-4777-b6a0-ed9d0d81dc19,2025-07-22 16:22:00+00,2025-07-31 16:46:00+00,2025-07-31 16:46:00+00,2025-08-06 07:40:00+00,"{""component"": ""battery"", ""asset_code"": ""LLX-COL-0399"", ""trigger_snapshot"": ""2025-07-10""}",2025-07-22 16:22:00+00,2026-08-10 19:03:05.467947+00
24c9d7e0-21b3-4735-bd4d-2553c631c930,TCK-000326,d8917132-70bc-4d8a-839f-668e5746f32c,c537c281-b6ad-4842-94ec-e937be0083e5,Brake noise reported during descent,"Squealing and vibration reported under braking on gradient. Requesting brake pad and disc inspection before the vehicle returns to route.

Vehicle: Komatsu FD30 (COL-FL-136), bay C-016.",closed,medium,medium,medium,mechanical,mechanical,Brake issue reported on Komatsu FD30 (COL-FL-136); mechanical team engaged.,,4e8044de-b468-445f-aeb7-861ed06941eb,802b1d2e-50c9-4825-a3ef-2b31b40f3569,802b1d2e-50c9-4825-a3ef-2b31b40f3569,2025-10-12 12:03:00+00,2025-10-26 12:20:00+00,2025-10-26 12:20:00+00,2025-10-28 09:34:00+00,"{""component"": ""brake"", ""asset_code"": ""LLX-COL-0136"", ""trigger_snapshot"": ""2025-10-10""}",2025-10-12 12:03:00+00,2026-08-10 19:03:05.467947+00
99f629e0-c725-49a7-a228-9566027ef484,TCK-000327,079d02b3-18ec-4f7d-b5fb-8fcda42e3bc1,c537c281-b6ad-4842-94ec-e937be0083e5,Telematics unit not reporting,"Sensor gateway on this vehicle has stopped publishing readings. Software team to check the telematics unit, SIM connectivity and data pipeline ingestion.

Vehicle: Toyota HiAce (WP PC-3959), bay C-029.",closed,medium,medium,medium,software,software,Telematics issue reported on Toyota HiAce (WP PC-3959); software team engaged.,,f49309af-7263-49f9-9d09-f11dcc78fcaf,e18b9597-e19d-4125-87b3-e16052485871,e18b9597-e19d-4125-87b3-e16052485871,2025-12-16 08:31:00+00,2026-01-04 15:10:00+00,2026-01-04 15:10:00+00,2026-01-08 16:07:00+00,"{""component"": ""telematics"", ""asset_code"": ""LLX-COL-0149"", ""trigger_snapshot"": ""2025-12-10""}",2025-12-16 08:31:00+00,2026-08-10 19:03:05.467947+00
3efa8b87-02ee-463f-99a3-6a55e8a4c516,TCK-000328,aafc932e-4a9b-436d-80db-e5202aece48f,23a10ad6-f2ff-4aab-9878-de0f37f6bbe0,Brake performance degraded - inspection required,"Driver reports longer stopping distance and reduced pedal firmness. Brake wear indicator is low on condition monitoring. Mechanical team to inspect pads, discs and brake fluid.

Vehicle: Mahindra Bolero Pickup (UP LA-9522), bay B-060.",closed,medium,medium,medium,mechanical,mechanical,Brake issue reported on Mahindra Bolero Pickup (UP LA-9522); mechanical team engaged.,,6f38ede2-5d78-4b49-bce8-4e6a3d0f3027,33de58c2-5dc4-4385-bc4c-9ad66a6fe320,33de58c2-5dc4-4385-bc4c-9ad66a6fe320,2024-09-15 06:20:00+00,2024-09-26 12:13:00+00,2024-09-26 12:13:00+00,2024-09-29 08:38:00+00,"{""component"": ""brake"", ""asset_code"": ""LLX-BDL-0120"", ""trigger_snapshot"": ""2024-09-10""}",2024-09-15 06:20:00+00,2026-08-10 19:03:05.467947+00
04c50f85-81a7-49ef-bc5a-789897b6f19d,TCK-000329,70d96ab7-011c-4631-a5b6-0c817195a5d8,c537c281-b6ad-4842-94ec-e937be0083e5,Hydraulic fluid weeping at cylinder,"Visible weeping at the lift cylinder and reduced hydraulic performance on monitoring. Requesting seal replacement.

Vehicle: Heli CPCD30 (COL-FL-138), bay C-018.",resolved,high,low,high,mechanical,mechanical,Hydraulic issue reported on Heli CPCD30 (COL-FL-138); mechanical team engaged.,,8741b992-805d-4859-9e1a-4d49d82c9a99,9ac1f452-afac-4a3b-b3eb-3e9ebe62c5a9,9ac1f452-afac-4a3b-b3eb-3e9ebe62c5a9,2026-08-05 08:59:00+00,2026-08-07 11:17:00+00,2026-08-07 11:17:00+00,,"{""component"": ""hydraulic"", ""asset_code"": ""LLX-COL-0138"", ""trigger_snapshot"": ""2026-08-10""}",2026-08-05 08:59:00+00,2026-08-10 19:03:05.467947+00
25d96ef7-a9f3-48b6-8c8e-a3228d0e054a,TCK-000330,f323b090-d79e-4276-96a2-4561484a604d,c537c281-b6ad-4842-94ec-e937be0083e5,Battery voltage low - charging system check required,"Battery voltage trend is below target and the vehicle is slow to crank in the morning. Electrical team to test battery health, alternator output and earth connections.

Vehicle: Heli CPCD25 (COL-FL-005), bay A-005.",closed,low,low,low,electrical,electrical,Battery issue reported on Heli CPCD25 (COL-FL-005); electrical team engaged.,,055a4411-2338-49b0-8894-c26398a33d61,8eff9acb-560a-454d-b4e0-e23389a2264b,8eff9acb-560a-454d-b4e0-e23389a2264b,2025-05-19 11:18:00+00,2025-06-12 16:11:00+00,2025-06-12 16:11:00+00,2025-06-20 05:18:00+00,"{""component"": ""battery"", ""asset_code"": ""LLX-COL-0005"", ""trigger_snapshot"": ""2025-05-10""}",2025-05-19 11:18:00+00,2026-08-10 19:03:05.467947+00
59e583da-1660-4fb9-81fb-e0ab56e7d40c,TCK-000331,800204e4-2aaa-48dd-b2f7-324bb8f7a885,c537c281-b6ad-4842-94ec-e937be0083e5,Engine oil life exhausted - service overdue,"Oil life monitor has reached the end of its interval. Requesting engine oil and filter service before further dispatch.

Vehicle: Mahindra Bolero Pickup (WP LB-3386), bay E-035.",open,high,high,high,mechanical,mechanical,Oil issue reported on Mahindra Bolero Pickup (WP LB-3386); mechanical team engaged.,,8f16f0cc-0478-4195-8ddb-43b8f8e96be6,92ed4de4-9c5c-4d11-a52f-9653a34addec,,2025-04-22 09:55:00+00,,,,"{""component"": ""oil"", ""asset_code"": ""LLX-COL-0275"", ""trigger_snapshot"": ""2025-04-10""}",2025-04-22 09:55:00+00,2026-08-10 19:03:05.467947+00
ff3b0942-0f85-47a2-8bd0-d90f49010c89,TCK-000332,2dcbb35e-d178-4312-8f43-f1f928657363,23a10ad6-f2ff-4aab-9878-de0f37f6bbe0,Uneven tyre wear and vibration at speed,"Driver reports steering vibration at highway speed. Suspect uneven tyre wear; requesting inspection, rotation and alignment.

Vehicle: KDH Van (UP PE-7781), bay A-049.",resolved,high,high,high,mechanical,mechanical,Tire issue reported on KDH Van (UP PE-7781); mechanical team engaged.,,ced346b3-b93a-4602-9e91-4116689d05ca,d555997d-4f34-4447-8538-e3ac8bc0b2cb,d555997d-4f34-4447-8538-e3ac8bc0b2cb,2025-08-21 09:52:00+00,2025-09-15 12:01:00+00,2025-09-15 12:01:00+00,,"{""component"": ""tire"", ""asset_code"": ""LLX-BDL-0049"", ""trigger_snapshot"": ""2025-08-10""}",2025-08-21 09:52:00+00,2026-08-10 19:03:05.467947+00
7fa67004-5f76-402f-a002-d8efc5d1369f,TCK-000345,41320fed-e734-44e9-9e02-22f9a47a91bb,c537c281-b6ad-4842-94ec-e937be0083e5,Tyre wear beyond service limit,"Tread depth is below the service threshold on condition monitoring. Requesting tyre replacement and wheel alignment check.

Vehicle: Komatsu FD25 (COL-FL-070), bay B-010.",closed,high,high,high,mechanical,mechanical,Tire issue reported on Komatsu FD25 (COL-FL-070); mechanical team engaged.,,d228e58a-85a6-4059-b62f-262964a70737,578b9882-da22-4a57-8191-8e7a8ca512f5,578b9882-da22-4a57-8191-8e7a8ca512f5,2026-02-25 17:35:00+00,2026-03-19 08:57:00+00,2026-03-19 08:57:00+00,2026-03-27 13:24:00+00,"{""component"": ""tire"", ""asset_code"": ""LLX-COL-0070"", ""trigger_snapshot"": ""2026-02-10""}",2026-02-25 17:35:00+00,2026-08-10 19:03:05.467947+00
51ccfc0d-163f-4488-8f6c-8e9297b0839d,TCK-000333,2d46c4da-b053-4eb1-a0a1-192a7a8748e9,c537c281-b6ad-4842-94ec-e937be0083e5,Battery voltage low - charging system check required,"Battery voltage trend is below target and the vehicle is slow to crank in the morning. Electrical team to test battery health, alternator output and earth connections.

Vehicle: Toyota 8FD25 (COL-FL-040), bay A-040.",closed,high,high,high,electrical,electrical,Battery issue reported on Toyota 8FD25 (COL-FL-040); electrical team engaged.,,fdbcc56a-e2f3-4c32-a12b-3dc71d3ba68b,0045edfa-b68e-4e8a-8cb4-619cb936cc49,0045edfa-b68e-4e8a-8cb4-619cb936cc49,2026-03-22 17:23:00+00,2026-03-26 11:46:00+00,2026-03-26 11:46:00+00,2026-04-04 17:19:00+00,"{""component"": ""battery"", ""asset_code"": ""LLX-COL-0040"", ""trigger_snapshot"": ""2026-03-10""}",2026-03-22 17:23:00+00,2026-08-10 19:03:05.467947+00
ed404c68-f271-47ab-b585-79c9929ca498,TCK-000334,607c034a-98bd-45db-974d-dc5d96e66f81,8f2b1c74-59d3-4a6e-9b21-7c4e0a5d3f88,Repeated hard starting in early shift,"Vehicle requires multiple crank attempts at shift start. Battery state of health is degraded on monitoring. Requesting battery and charging system diagnosis.

Vehicle: Komatsu FD30 (GLE-FL-084), bay B-024.",open,high,high,high,electrical,electrical,Battery issue reported on Komatsu FD30 (GLE-FL-084); electrical team engaged.,,123fa3a1-b273-4e9e-a37c-38921b7796b3,8de2d321-f715-4ebc-b37a-b90f4bef957a,,2026-03-22 06:32:00+00,,,,"{""component"": ""battery"", ""asset_code"": ""LLX-GLE-0084"", ""trigger_snapshot"": ""2026-03-10""}",2026-03-22 06:32:00+00,2026-08-10 19:03:05.467947+00
50bf9ed0-0ca4-4f36-9a8c-32c69f25732e,TCK-000360,b939d0c4-9910-43c8-a8e6-09b7dec6a5a5,8f2b1c74-59d3-4a6e-9b21-7c4e0a5d3f88,Tyre wear beyond service limit,"Tread depth is below the service threshold on condition monitoring. Requesting tyre replacement and wheel alignment check.

Vehicle: Komatsu FD25 (GLE-FL-034), bay A-034.",closed,medium,medium,medium,mechanical,mechanical,Tire issue reported on Komatsu FD25 (GLE-FL-034); mechanical team engaged.,,0661a2e7-11df-4c5f-9bf0-1750efed60a9,4212a9e1-e03c-4ea2-9d8c-c180b703b99a,4212a9e1-e03c-4ea2-9d8c-c180b703b99a,2025-03-12 12:59:00+00,2025-03-20 07:06:00+00,2025-03-20 07:06:00+00,2025-03-22 17:24:00+00,"{""component"": ""tire"", ""asset_code"": ""LLX-GLE-0034"", ""trigger_snapshot"": ""2025-03-10""}",2025-03-12 12:59:00+00,2026-08-10 19:03:05.467947+00
b1f6b363-fecf-4047-aa93-758a9c4adb31,TCK-000335,74a04835-7fa8-4da7-8a06-7764f969d49a,c537c281-b6ad-4842-94ec-e937be0083e5,Battery voltage low - charging system check required,"Battery voltage trend is below target and the vehicle is slow to crank in the morning. Electrical team to test battery health, alternator output and earth connections.

Vehicle: Komatsu FD25 (COL-FL-042), bay A-042.",closed,high,medium,high,software,electrical,Battery issue reported on Komatsu FD25 (COL-FL-042); electrical team engaged.,,a72e6fba-d71b-4316-adc9-7c89dac3d35e,9f45c98b-3562-45af-8cb4-fee17952ecd9,9f45c98b-3562-45af-8cb4-fee17952ecd9,2024-11-22 17:11:00+00,2024-12-11 05:31:00+00,2024-12-11 05:31:00+00,2024-12-14 12:32:00+00,"{""component"": ""battery"", ""asset_code"": ""LLX-COL-0042"", ""trigger_snapshot"": ""2024-11-10""}",2024-11-22 17:11:00+00,2026-08-10 19:03:05.467947+00
6b9ffbe4-621c-4d28-a662-7412c2048ab7,TCK-000336,ec1f7686-bf8b-4e56-a1b3-c1e01431e7ce,8f2b1c74-59d3-4a6e-9b21-7c4e0a5d3f88,Uneven tyre wear and vibration at speed,"Driver reports steering vibration at highway speed. Suspect uneven tyre wear; requesting inspection, rotation and alignment.

Vehicle: Komatsu FD25 (GLE-FL-052), bay A-052.",in_progress,high,high,high,mechanical,mechanical,Tire issue reported on Komatsu FD25 (GLE-FL-052); mechanical team engaged.,,6da56b94-12b8-4a84-a4fa-ca145145de53,9580e2d6-e004-4873-9ea1-5e63bb707d70,,2026-08-09 08:27:00+00,,,,"{""component"": ""tire"", ""asset_code"": ""LLX-GLE-0052"", ""trigger_snapshot"": ""2026-08-10""}",2026-08-09 08:27:00+00,2026-08-10 19:03:05.467947+00
30b95c79-6837-486f-97c1-7390140a11f3,TCK-000337,a12585c0-72e7-4af1-a32f-85d834a3ff7d,8f2b1c74-59d3-4a6e-9b21-7c4e0a5d3f88,Hydraulic lift slow to respond,"Forklift mast raises slowly under load and drifts down when held. Requesting hydraulic fluid, seal and pump inspection.

Vehicle: Komatsu FD25 (GLE-FL-007), bay A-007.",resolved,medium,medium,medium,mechanical,mechanical,Hydraulic issue reported on Komatsu FD25 (GLE-FL-007); mechanical team engaged.,,0f6631cf-d8f0-4684-a004-82722c441405,53237578-eb53-4fa0-b5df-9eb5c4ba96f4,53237578-eb53-4fa0-b5df-9eb5c4ba96f4,2025-01-18 12:38:00+00,2025-01-30 16:52:00+00,2025-01-30 16:52:00+00,,"{""component"": ""hydraulic"", ""asset_code"": ""LLX-GLE-0007"", ""trigger_snapshot"": ""2025-01-10""}",2025-01-18 12:38:00+00,2026-08-10 19:03:05.467947+00
bfe683d7-bfdf-423a-8673-d3894eb34dee,TCK-000338,183d2b1d-08f1-4d98-b599-36570c4a1c40,8f2b1c74-59d3-4a6e-9b21-7c4e0a5d3f88,Brake performance degraded - inspection required,"Driver reports longer stopping distance and reduced pedal firmness. Brake wear indicator is low on condition monitoring. Mechanical team to inspect pads, discs and brake fluid.

Vehicle: Nissan Caravan (SP PE-4394), bay C-006.",closed,medium,medium,medium,mechanical,mechanical,Brake issue reported on Nissan Caravan (SP PE-4394); mechanical team engaged.,,98c6155b-9b02-4dee-b622-1a0657165fd2,242e349c-5343-4ab9-b488-62509742f4c7,242e349c-5343-4ab9-b488-62509742f4c7,2025-12-13 10:18:00+00,2025-12-22 07:07:00+00,2025-12-22 07:07:00+00,2026-01-01 16:10:00+00,"{""component"": ""brake"", ""asset_code"": ""LLX-GLE-0126"", ""trigger_snapshot"": ""2025-12-10""}",2025-12-13 10:18:00+00,2026-08-10 19:03:05.467947+00
050f362c-77ce-4016-b5d4-bbaac6b4a1d2,TCK-000339,301c9a8b-3e7c-42c1-bb26-78f173e94048,c537c281-b6ad-4842-94ec-e937be0083e5,Brake noise reported during descent,"Squealing and vibration reported under braking on gradient. Requesting brake pad and disc inspection before the vehicle returns to route.

Vehicle: Heli CPCD30 (COL-FL-100), bay B-040.",resolved,high,high,high,mechanical,mechanical,Brake issue reported on Heli CPCD30 (COL-FL-100); mechanical team engaged.,,64bf6e6f-689c-48c4-adbe-e8f44ba5f1cf,578b9882-da22-4a57-8191-8e7a8ca512f5,578b9882-da22-4a57-8191-8e7a8ca512f5,2025-04-23 13:47:00+00,2025-05-08 08:48:00+00,2025-05-08 08:48:00+00,,"{""component"": ""brake"", ""asset_code"": ""LLX-COL-0100"", ""trigger_snapshot"": ""2025-04-10""}",2025-04-23 13:47:00+00,2026-08-10 19:03:05.467947+00
219d3bb2-36c6-4d95-9dd8-d94e694b42e9,TCK-000340,3c5e930c-f7bb-45c9-8d70-0f408d7dcfd6,c537c281-b6ad-4842-94ec-e937be0083e5,Tyre wear beyond service limit,"Tread depth is below the service threshold on condition monitoring. Requesting tyre replacement and wheel alignment check.

Vehicle: Tata T.12 (WP LE-3516), bay G-013.",resolved,high,high,high,mechanical,mechanical,Tire issue reported on Tata T.12 (WP LE-3516); mechanical team engaged.,,701951e4-b6c8-419b-bf08-9be47ceccf9b,5184a5dd-4934-4cec-874b-92628013fb71,5184a5dd-4934-4cec-874b-92628013fb71,2026-03-02 06:09:00+00,2026-03-23 05:45:00+00,2026-03-23 05:45:00+00,,"{""component"": ""tire"", ""asset_code"": ""LLX-COL-0373"", ""trigger_snapshot"": ""2026-02-10""}",2026-03-02 06:09:00+00,2026-08-10 19:03:05.467947+00
4459e03f-f4fb-4fa0-88e6-5f17a6070ea2,TCK-000341,0c9d078a-17db-44a4-9fb8-eda8aac81817,8f2b1c74-59d3-4a6e-9b21-7c4e0a5d3f88,Repeated hard starting in early shift,"Vehicle requires multiple crank attempts at shift start. Battery state of health is degraded on monitoring. Requesting battery and charging system diagnosis.

Vehicle: Isuzu ELF NKR (SP LC-4745), bay D-038.",closed,high,high,high,electrical,electrical,Battery issue reported on Isuzu ELF NKR (SP LC-4745); electrical team engaged.,,448f3ddf-c848-4c37-8aff-485580847d47,d6aec698-ade7-42e5-8a36-3df03605cce0,d6aec698-ade7-42e5-8a36-3df03605cce0,2024-09-14 14:57:00+00,2024-09-26 14:22:00+00,2024-09-26 14:22:00+00,2024-10-03 05:10:00+00,"{""component"": ""battery"", ""asset_code"": ""LLX-GLE-0218"", ""trigger_snapshot"": ""2024-09-10""}",2024-09-14 14:57:00+00,2026-08-10 19:03:05.467947+00
86ed10d1-d4ad-4172-9d16-5c9b3ab905fd,TCK-000342,496cb5d4-46f5-427e-abc3-2395952ac9af,8f2b1c74-59d3-4a6e-9b21-7c4e0a5d3f88,Tyre wear beyond service limit,"Tread depth is below the service threshold on condition monitoring. Requesting tyre replacement and wheel alignment check.

Vehicle: KDH Van (SP PC-9917), bay B-043.",resolved,medium,high,medium,mechanical,mechanical,Tire issue reported on KDH Van (SP PC-9917); mechanical team engaged.,,968b85e0-c43e-4be1-b3db-4259f58ad94b,f2993108-7085-4a34-95a5-74c5c3a8410d,f2993108-7085-4a34-95a5-74c5c3a8410d,2025-05-14 16:55:00+00,2025-05-18 17:09:00+00,2025-05-18 17:09:00+00,,"{""component"": ""tire"", ""asset_code"": ""LLX-GLE-0103"", ""trigger_snapshot"": ""2025-05-10""}",2025-05-14 16:55:00+00,2026-08-10 19:03:05.467947+00
58362fac-e88e-4cc4-88b8-0d93923b422f,TCK-000343,f3b78b67-13ee-4e81-8024-66c47801d7e4,8f2b1c74-59d3-4a6e-9b21-7c4e0a5d3f88,Hydraulic fluid weeping at cylinder,"Visible weeping at the lift cylinder and reduced hydraulic performance on monitoring. Requesting seal replacement.

Vehicle: Heli CPCD30 (GLE-FL-063), bay B-003.",closed,medium,medium,medium,mechanical,mechanical,Hydraulic issue reported on Heli CPCD30 (GLE-FL-063); mechanical team engaged.,,39c7fa37-597a-4976-aab3-dcf6dfcc5035,2cd60729-dc8f-4065-95f7-a53f836a2138,2cd60729-dc8f-4065-95f7-a53f836a2138,2026-02-26 06:17:00+00,2026-03-10 11:09:00+00,2026-03-10 11:09:00+00,2026-03-13 14:39:00+00,"{""component"": ""hydraulic"", ""asset_code"": ""LLX-GLE-0063"", ""trigger_snapshot"": ""2026-02-10""}",2026-02-26 06:17:00+00,2026-08-10 19:03:05.467947+00
25977f8d-e795-4f3e-b8d6-3d2435b1fd43,TCK-000344,bb939f3f-1472-4213-9007-97f8eb76142b,c537c281-b6ad-4842-94ec-e937be0083e5,Battery voltage low - charging system check required,"Battery voltage trend is below target and the vehicle is slow to crank in the morning. Electrical team to test battery health, alternator output and earth connections.

Vehicle: Mitsubishi Fuso Fighter (WP LE-6197), bay G-009.",resolved,high,high,high,electrical,electrical,Battery issue reported on Mitsubishi Fuso Fighter (WP LE-6197); electrical team engaged.,,9044ee89-f1ee-4912-9f1d-17805389421a,4004e7eb-3344-4419-9e8c-b6a39833a966,4004e7eb-3344-4419-9e8c-b6a39833a966,2026-02-19 12:31:00+00,2026-03-15 12:56:00+00,2026-03-15 12:56:00+00,,"{""component"": ""battery"", ""asset_code"": ""LLX-COL-0369"", ""trigger_snapshot"": ""2026-02-10""}",2026-02-19 12:31:00+00,2026-08-10 19:03:05.467947+00
15fa8d5a-d36b-4472-98ea-609281c3a49f,TCK-000346,b2816f36-3baf-4a4e-bf89-02bb1a38b7fc,c537c281-b6ad-4842-94ec-e937be0083e5,Oil pressure warning intermittent,"Intermittent oil pressure warning reported on the instrument cluster. Requesting oil level, filter and sender inspection.

Vehicle: Toyota 8FD25 (COL-FL-066), bay B-006.",open,low,low,low,mechanical,mechanical,Oil issue reported on Toyota 8FD25 (COL-FL-066); mechanical team engaged.,,cbe38004-41ff-40f3-8cc5-a26f4612f3ba,971707cb-32c1-434f-b61f-f1fd2abeb991,,2025-08-30 13:23:00+00,,,,"{""component"": ""oil"", ""asset_code"": ""LLX-COL-0066"", ""trigger_snapshot"": ""2025-08-10""}",2025-08-30 13:23:00+00,2026-08-10 19:03:05.467947+00
531eacb3-a143-4a7a-895d-6c9234ceeafb,TCK-000347,0c12a5bb-9964-4bd7-8ac5-6dd394dd5d75,8f2b1c74-59d3-4a6e-9b21-7c4e0a5d3f88,Brake performance degraded - inspection required,"Driver reports longer stopping distance and reduced pedal firmness. Brake wear indicator is low on condition monitoring. Mechanical team to inspect pads, discs and brake fluid.

Vehicle: Heli CPCD25 (GLE-FL-005), bay A-005.",closed,low,low,low,mechanical,mechanical,Brake issue reported on Heli CPCD25 (GLE-FL-005); mechanical team engaged.,,fd72748c-1d3a-4c07-a0e0-6ec00dd72cb3,90850f19-81e7-4b88-ba8f-72ef0e0578fa,90850f19-81e7-4b88-ba8f-72ef0e0578fa,2026-01-10 06:41:00+00,2026-01-15 14:15:00+00,2026-01-15 14:15:00+00,2026-01-16 08:42:00+00,"{""component"": ""brake"", ""asset_code"": ""LLX-GLE-0005"", ""trigger_snapshot"": ""2026-01-10""}",2026-01-10 06:41:00+00,2026-08-10 19:03:05.467947+00
bc81e2c8-07a5-49a6-adbe-2a288d04f379,TCK-000348,984bd1b4-8a0f-4477-9f27-44ed8ddc8177,c537c281-b6ad-4842-94ec-e937be0083e5,Battery voltage low - charging system check required,"Battery voltage trend is below target and the vehicle is slow to crank in the morning. Electrical team to test battery health, alternator output and earth connections.

Vehicle: Heli CPCD30 (COL-FL-104), bay B-044.",closed,high,high,high,electrical,electrical,Battery issue reported on Heli CPCD30 (COL-FL-104); electrical team engaged.,,86c61fdf-4d13-4cd6-b3fe-a85018a6bd65,cfcb23c6-f209-48fb-b2ab-5f79f711f9cc,cfcb23c6-f209-48fb-b2ab-5f79f711f9cc,2025-06-29 11:30:00+00,2025-07-06 17:58:00+00,2025-07-06 17:58:00+00,2025-07-14 16:11:00+00,"{""component"": ""battery"", ""asset_code"": ""LLX-COL-0104"", ""trigger_snapshot"": ""2025-06-10""}",2025-06-29 11:30:00+00,2026-08-10 19:03:05.467947+00
433238dd-a226-4c68-b581-4b82d929e2ef,TCK-000349,2c2727a0-44a0-4463-850c-53b32ec746d1,c537c281-b6ad-4842-94ec-e937be0083e5,Engine oil life exhausted - service overdue,"Oil life monitor has reached the end of its interval. Requesting engine oil and filter service before further dispatch.

Vehicle: Nissan Caravan (WP PC-5728), bay C-025.",closed,high,high,high,mechanical,mechanical,Oil issue reported on Nissan Caravan (WP PC-5728); mechanical team engaged.,,038749c2-de84-4c52-8f72-8637d74e9c08,70506215-8794-4b65-b206-0e75646dfe9a,70506215-8794-4b65-b206-0e75646dfe9a,2025-01-11 15:31:00+00,2025-01-23 12:38:00+00,2025-01-23 12:38:00+00,2025-01-31 11:13:00+00,"{""component"": ""oil"", ""asset_code"": ""LLX-COL-0145"", ""trigger_snapshot"": ""2025-01-10""}",2025-01-11 15:31:00+00,2026-08-10 19:03:05.467947+00
d1cdfa5e-cf5d-4aba-beed-4ddfac3c1e35,TCK-000350,a183c839-0612-4173-a219-025091dd95b0,8f2b1c74-59d3-4a6e-9b21-7c4e0a5d3f88,Brake performance degraded - inspection required,"Driver reports longer stopping distance and reduced pedal firmness. Brake wear indicator is low on condition monitoring. Mechanical team to inspect pads, discs and brake fluid.

Vehicle: Isuzu FVR (SP LF-9085), bay D-047.",closed,high,high,high,mechanical,mechanical,Brake issue reported on Isuzu FVR (SP LF-9085); mechanical team engaged.,,8514607d-7931-48d2-81f0-f7a024a8210a,5302dab8-326e-4660-b10d-447ccbcaff6f,5302dab8-326e-4660-b10d-447ccbcaff6f,2025-10-13 05:20:00+00,2025-11-01 15:11:00+00,2025-11-01 15:11:00+00,2025-11-08 05:21:00+00,"{""component"": ""brake"", ""asset_code"": ""LLX-GLE-0227"", ""trigger_snapshot"": ""2025-10-10""}",2025-10-13 05:20:00+00,2026-08-10 19:03:05.467947+00
ee7b01d4-708c-4008-8cad-caf2c56dc8f5,TCK-000351,2c2727a0-44a0-4463-850c-53b32ec746d1,c537c281-b6ad-4842-94ec-e937be0083e5,Odometer readings inconsistent in platform,"Reported odometer on the platform disagrees with the vehicle cluster. Software team to verify sensor mapping and ingestion for this asset.

Vehicle: Nissan Caravan (WP PC-5728), bay C-025.",closed,medium,medium,medium,software,software,Telematics issue reported on Nissan Caravan (WP PC-5728); software team engaged.,,9e546cbf-aa22-4446-a510-e3800644772d,667f1ef6-99d9-4cff-b551-bc452b65fc89,667f1ef6-99d9-4cff-b551-bc452b65fc89,2025-03-19 12:07:00+00,2025-04-02 13:38:00+00,2025-04-02 13:38:00+00,2025-04-08 14:07:00+00,"{""component"": ""telematics"", ""asset_code"": ""LLX-COL-0145"", ""trigger_snapshot"": ""2025-03-10""}",2025-03-19 12:07:00+00,2026-08-10 19:03:05.467947+00
14aa2945-b10e-49ed-a3a0-4b216ace5170,TCK-000352,f1747f72-9dfd-4a19-b641-efdc585b8982,23a10ad6-f2ff-4aab-9878-de0f37f6bbe0,Uneven tyre wear and vibration at speed,"Driver reports steering vibration at highway speed. Suspect uneven tyre wear; requesting inspection, rotation and alignment.

Vehicle: Piaggio Porter (UP LA-9162), bay B-040.",closed,low,low,low,mechanical,mechanical,Tire issue reported on Piaggio Porter (UP LA-9162); mechanical team engaged.,,e2f4db5d-5268-451f-8f58-023f568f8422,190182a8-16ad-4409-a912-e59276021f4c,190182a8-16ad-4409-a912-e59276021f4c,2025-09-18 17:05:00+00,2025-09-20 14:00:00+00,2025-09-20 14:00:00+00,2025-09-30 07:22:00+00,"{""component"": ""tire"", ""asset_code"": ""LLX-BDL-0100"", ""trigger_snapshot"": ""2025-09-10""}",2025-09-18 17:05:00+00,2026-08-10 19:03:05.467947+00
96240576-36dc-4de2-aed0-cf1dc442fffa,TCK-000353,00569254-8f6b-4a4f-a65a-ca7e6458fd46,c537c281-b6ad-4842-94ec-e937be0083e5,Battery voltage low - charging system check required,"Battery voltage trend is below target and the vehicle is slow to crank in the morning. Electrical team to test battery health, alternator output and earth connections.

Vehicle: Tata Ultra T.7 (WP LC-8145), bay F-003.",closed,medium,medium,medium,electrical,electrical,Battery issue reported on Tata Ultra T.7 (WP LC-8145); electrical team engaged.,,2ba52f1c-9da0-432b-a4c3-623540af6ae9,5284761e-4d1d-4e36-97eb-848604be7358,5284761e-4d1d-4e36-97eb-848604be7358,2025-05-27 05:45:00+00,2025-06-14 15:23:00+00,2025-06-14 15:23:00+00,2025-06-15 06:59:00+00,"{""component"": ""battery"", ""asset_code"": ""LLX-COL-0303"", ""trigger_snapshot"": ""2025-05-10""}",2025-05-27 05:45:00+00,2026-08-10 19:03:05.467947+00
88857ee7-2724-4d2e-977f-efccf24efff6,TCK-000354,5870cc13-21cb-4351-aa76-bb94e21946e0,c537c281-b6ad-4842-94ec-e937be0083e5,Telematics unit not reporting,"Sensor gateway on this vehicle has stopped publishing readings. Software team to check the telematics unit, SIM connectivity and data pipeline ingestion.

Vehicle: Piaggio Porter (WP LA-2788), bay D-059.",resolved,high,medium,high,software,software,Telematics issue reported on Piaggio Porter (WP LA-2788); software team engaged.,,42b280ac-836f-403d-b991-b016eac74429,e18b9597-e19d-4125-87b3-e16052485871,e18b9597-e19d-4125-87b3-e16052485871,2025-04-24 15:05:00+00,2025-05-13 06:35:00+00,2025-05-13 06:35:00+00,,"{""component"": ""telematics"", ""asset_code"": ""LLX-COL-0239"", ""trigger_snapshot"": ""2025-04-10""}",2025-04-24 15:05:00+00,2026-08-10 19:03:05.467947+00
320edd4a-15b0-4c87-b69c-b3ae07b027e1,TCK-000355,40431827-4e79-4d34-9065-2cde676d0ca6,c537c281-b6ad-4842-94ec-e937be0083e5,Brake performance degraded - inspection required,"Driver reports longer stopping distance and reduced pedal firmness. Brake wear indicator is low on condition monitoring. Mechanical team to inspect pads, discs and brake fluid.

Vehicle: Komatsu FD25 (COL-FL-044), bay A-044.",closed,medium,medium,medium,mechanical,mechanical,Brake issue reported on Komatsu FD25 (COL-FL-044); mechanical team engaged.,,39b554e5-791e-4c3a-93cf-64b197bc83d1,c9371eef-cb2f-45af-926f-13217cb6a7ad,c9371eef-cb2f-45af-926f-13217cb6a7ad,2024-10-23 17:39:00+00,2024-10-31 10:00:00+00,2024-10-31 10:00:00+00,2024-11-06 15:58:00+00,"{""component"": ""brake"", ""asset_code"": ""LLX-COL-0044"", ""trigger_snapshot"": ""2024-10-10""}",2024-10-23 17:39:00+00,2026-08-10 19:03:05.467947+00
ff8bf2a1-3a30-431e-b04a-b15bad13b183,TCK-000356,e2028202-e117-4fbe-8db0-e5a1db0104ba,8f2b1c74-59d3-4a6e-9b21-7c4e0a5d3f88,Engine oil life exhausted - service overdue,"Oil life monitor has reached the end of its interval. Requesting engine oil and filter service before further dispatch.

Vehicle: Toyota 8FD25 (GLE-FL-051), bay A-051.",closed,low,low,low,mechanical,mechanical,Oil issue reported on Toyota 8FD25 (GLE-FL-051); mechanical team engaged.,,ce36f25c-50db-49db-ad76-3b799e4fcd15,f02fa13f-bb55-414d-bf8b-7341877ef160,f02fa13f-bb55-414d-bf8b-7341877ef160,2024-08-23 09:10:00+00,2024-09-04 07:03:00+00,2024-09-04 07:03:00+00,2024-09-08 08:06:00+00,"{""component"": ""oil"", ""asset_code"": ""LLX-GLE-0051"", ""trigger_snapshot"": ""2024-08-10""}",2024-08-23 09:10:00+00,2026-08-10 19:03:05.467947+00
2ea26eed-361e-423d-88d2-914351ea6bc2,TCK-000357,6707325f-ffcb-4e4e-9e7e-5ebb429ab367,8f2b1c74-59d3-4a6e-9b21-7c4e0a5d3f88,Repeated hard starting in early shift,"Vehicle requires multiple crank attempts at shift start. Battery state of health is degraded on monitoring. Requesting battery and charging system diagnosis.

Vehicle: Isuzu ELF NKR (SP LC-2271), bay D-027.",closed,low,low,low,electrical,electrical,Battery issue reported on Isuzu ELF NKR (SP LC-2271); electrical team engaged.,,8efea6dd-47d5-4ebb-99d3-b55bf9ff38f7,785a349f-b3ca-4199-beb9-4e50013f54c8,785a349f-b3ca-4199-beb9-4e50013f54c8,2026-03-28 11:46:00+00,2026-04-06 08:20:00+00,2026-04-06 08:20:00+00,2026-04-10 10:39:00+00,"{""component"": ""battery"", ""asset_code"": ""LLX-GLE-0207"", ""trigger_snapshot"": ""2026-03-10""}",2026-03-28 11:46:00+00,2026-08-10 19:03:05.467947+00
9ddd0143-b1ba-4af2-933a-1450b0d18106,TCK-000358,21deadb0-71ed-418e-8c80-7994ae78cc44,c537c281-b6ad-4842-94ec-e937be0083e5,Uneven tyre wear and vibration at speed,"Driver reports steering vibration at highway speed. Suspect uneven tyre wear; requesting inspection, rotation and alignment.

Vehicle: Toyota 8FD25 (COL-FL-001), bay A-001.",resolved,high,high,high,software,mechanical,Tire issue reported on Toyota 8FD25 (COL-FL-001); mechanical team engaged.,,33d8f56e-cfd5-4901-b8ba-15ca2ca33f1d,acc29e92-bfe4-4843-8a5e-b9f6e945a18e,acc29e92-bfe4-4843-8a5e-b9f6e945a18e,2025-10-28 16:21:00+00,2025-11-09 12:16:00+00,2025-11-09 12:16:00+00,,"{""component"": ""tire"", ""asset_code"": ""LLX-COL-0001"", ""trigger_snapshot"": ""2025-10-10""}",2025-10-28 16:21:00+00,2026-08-10 19:03:05.467947+00
542874dc-df85-496b-bf73-3204356ebb77,TCK-000359,a234c27c-b304-45c8-a90c-8172468b23b9,8f2b1c74-59d3-4a6e-9b21-7c4e0a5d3f88,Tyre wear beyond service limit,"Tread depth is below the service threshold on condition monitoring. Requesting tyre replacement and wheel alignment check.

Vehicle: Nissan Caravan (SP PE-8365), bay C-014.",closed,high,high,high,mechanical,mechanical,Tire issue reported on Nissan Caravan (SP PE-8365); mechanical team engaged.,,3484de6b-fe95-4a85-8fab-b327faa1af1a,2fc76645-2797-42a6-b6b9-d134b926381b,2fc76645-2797-42a6-b6b9-d134b926381b,2024-08-17 07:39:00+00,2024-08-20 12:27:00+00,2024-08-20 12:27:00+00,2024-08-21 11:35:00+00,"{""component"": ""tire"", ""asset_code"": ""LLX-GLE-0134"", ""trigger_snapshot"": ""2024-08-10""}",2024-08-17 07:39:00+00,2026-08-10 19:03:05.467947+00
792f8347-167e-4015-844b-12676cf4d92b,TCK-000361,23238431-19a8-4401-b489-23e6dfec215b,23a10ad6-f2ff-4aab-9878-de0f37f6bbe0,Repeated hard starting in early shift,"Vehicle requires multiple crank attempts at shift start. Battery state of health is degraded on monitoring. Requesting battery and charging system diagnosis.

Vehicle: Mitsubishi Canter (UP LD-7859), bay C-047.",closed,low,low,low,electrical,electrical,Battery issue reported on Mitsubishi Canter (UP LD-7859); electrical team engaged.,,67fca0b3-d698-47ca-8405-b4fb1aeee8b8,b33c4ff9-69b5-4437-9699-63c066d6c353,b33c4ff9-69b5-4437-9699-63c066d6c353,2026-03-18 17:05:00+00,2026-04-06 11:01:00+00,2026-04-06 11:01:00+00,2026-04-09 05:14:00+00,"{""component"": ""battery"", ""asset_code"": ""LLX-BDL-0167"", ""trigger_snapshot"": ""2026-03-10""}",2026-03-18 17:05:00+00,2026-08-10 19:03:05.467947+00
d08841d3-5293-4860-be65-db970695a165,TCK-000362,985cf293-da9d-446f-8d2f-d8d6e756e8d7,c537c281-b6ad-4842-94ec-e937be0083e5,Repeated hard starting in early shift,"Vehicle requires multiple crank attempts at shift start. Battery state of health is degraded on monitoring. Requesting battery and charging system diagnosis.

Vehicle: Mahindra Bolero Pickup (WP LA-6168), bay E-011.",resolved,medium,medium,medium,electrical,electrical,Battery issue reported on Mahindra Bolero Pickup (WP LA-6168); electrical team engaged.,,5b986620-72d7-42a9-92df-7e33bfdc00b0,233aac45-07b9-46b4-af83-c4c76f181669,233aac45-07b9-46b4-af83-c4c76f181669,2026-01-14 12:42:00+00,2026-01-31 08:27:00+00,2026-01-31 08:27:00+00,,"{""component"": ""battery"", ""asset_code"": ""LLX-COL-0251"", ""trigger_snapshot"": ""2026-01-10""}",2026-01-14 12:42:00+00,2026-08-10 19:03:05.467947+00
fe0028ed-3ee3-4484-b865-6f222134d4d1,TCK-000363,7f4ec061-27da-4f01-bae7-ee92f4ad02a8,c537c281-b6ad-4842-94ec-e937be0083e5,Tyre wear beyond service limit,"Tread depth is below the service threshold on condition monitoring. Requesting tyre replacement and wheel alignment check.

Vehicle: Isuzu ELF NKR (WP LC-3074), bay F-008.",closed,low,low,low,mechanical,mechanical,Tire issue reported on Isuzu ELF NKR (WP LC-3074); mechanical team engaged.,,27d2f183-2bfd-4f51-92c3-8c50dfca5690,0b830550-4175-4716-9d78-9b2d69d25855,0b830550-4175-4716-9d78-9b2d69d25855,2025-07-29 09:19:00+00,2025-08-20 15:36:00+00,2025-08-20 15:36:00+00,2025-08-21 14:35:00+00,"{""component"": ""tire"", ""asset_code"": ""LLX-COL-0308"", ""trigger_snapshot"": ""2025-07-10""}",2025-07-29 09:19:00+00,2026-08-10 19:03:05.467947+00
c831a4d6-a166-4ded-9ed4-d4688dff0d34,TCK-000364,e68cc4b9-0014-498d-a81a-e3e0fa17e723,c537c281-b6ad-4842-94ec-e937be0083e5,Engine oil life exhausted - service overdue,"Oil life monitor has reached the end of its interval. Requesting engine oil and filter service before further dispatch.

Vehicle: Mitsubishi Canter (WP LC-7723), bay F-010.",closed,medium,medium,medium,mechanical,mechanical,Oil issue reported on Mitsubishi Canter (WP LC-7723); mechanical team engaged.,,2be2ae9d-8544-4980-8087-35c4cd24eda0,829a4aba-bfc5-46a7-beff-bf556004d109,829a4aba-bfc5-46a7-beff-bf556004d109,2025-06-12 11:59:00+00,2025-07-01 10:45:00+00,2025-07-01 10:45:00+00,2025-07-03 14:27:00+00,"{""component"": ""oil"", ""asset_code"": ""LLX-COL-0310"", ""trigger_snapshot"": ""2025-06-10""}",2025-06-12 11:59:00+00,2026-08-10 19:03:05.467947+00
ee8a7b41-cd50-44cb-a08a-f42cef692427,TCK-000365,478b9ab5-a367-45c0-ae38-0d5a37855e32,c537c281-b6ad-4842-94ec-e937be0083e5,Fault codes not clearing after service,"Active fault codes remain present on the dashboard after the workshop reset. Requesting diagnostic tool session and ECU log review.

Vehicle: Komatsu FD25 (COL-FL-007), bay A-007.",closed,low,low,low,software,software,Telematics issue reported on Komatsu FD25 (COL-FL-007); software team engaged.,,27c0f523-7cf4-4fa6-bc00-110aceffb452,667f1ef6-99d9-4cff-b551-bc452b65fc89,667f1ef6-99d9-4cff-b551-bc452b65fc89,2025-11-19 13:38:00+00,2025-12-04 09:58:00+00,2025-12-04 09:58:00+00,2025-12-07 16:37:00+00,"{""component"": ""telematics"", ""asset_code"": ""LLX-COL-0007"", ""trigger_snapshot"": ""2025-11-10""}",2025-11-19 13:38:00+00,2026-08-10 19:03:05.467947+00
652e73b9-edc3-4a69-9f89-e9165ffddcce,TCK-000366,2087abd2-eb2c-4f17-9ec2-04ba9e0722fc,c537c281-b6ad-4842-94ec-e937be0083e5,Odometer readings inconsistent in platform,"Reported odometer on the platform disagrees with the vehicle cluster. Software team to verify sensor mapping and ingestion for this asset.

Vehicle: Mahindra Bolero Pickup (WP LA-9001), bay E-049.",closed,medium,medium,medium,software,software,Telematics issue reported on Mahindra Bolero Pickup (WP LA-9001); software team engaged.,,c0bdfba4-2737-4375-a054-7e05fcb90314,fb16df24-42b0-44f6-8de3-8f95cdd7dc1f,fb16df24-42b0-44f6-8de3-8f95cdd7dc1f,2025-03-27 14:55:00+00,2025-03-30 15:07:00+00,2025-03-30 15:07:00+00,2025-04-04 15:31:00+00,"{""component"": ""telematics"", ""asset_code"": ""LLX-COL-0289"", ""trigger_snapshot"": ""2025-03-10""}",2025-03-27 14:55:00+00,2026-08-10 19:03:05.467947+00
e54d01bb-4741-45db-a0b2-a3bf344f3829,TCK-000367,b9aede18-b690-403b-9f5e-868aed2b16c2,8f2b1c74-59d3-4a6e-9b21-7c4e0a5d3f88,Engine oil life exhausted - service overdue,"Oil life monitor has reached the end of its interval. Requesting engine oil and filter service before further dispatch.

Vehicle: Toyota HiAce (SP PD-7514), bay B-058.",closed,high,high,high,mechanical,mechanical,Oil issue reported on Toyota HiAce (SP PD-7514); mechanical team engaged.,,22fdbcaf-2963-4f77-b400-12fc467a6393,6503e3a8-1b00-43f2-8b55-c07a05ed252a,6503e3a8-1b00-43f2-8b55-c07a05ed252a,2026-03-13 16:56:00+00,2026-04-07 10:13:00+00,2026-04-07 10:13:00+00,2026-04-13 16:29:00+00,"{""component"": ""oil"", ""asset_code"": ""LLX-GLE-0118"", ""trigger_snapshot"": ""2026-03-10""}",2026-03-13 16:56:00+00,2026-08-10 19:03:05.467947+00
4bd0ee8d-b851-47d7-9067-5f850b9bbc89,TCK-000368,7b1c6418-d8c1-4878-a89a-2db6ff2c9cf8,23a10ad6-f2ff-4aab-9878-de0f37f6bbe0,Tyre wear beyond service limit,"Tread depth is below the service threshold on condition monitoring. Requesting tyre replacement and wheel alignment check.

Vehicle: Nissan Caravan (UP PC-7371), bay B-014.",closed,high,high,high,mechanical,mechanical,Tire issue reported on Nissan Caravan (UP PC-7371); mechanical team engaged.,,a7bae9de-4cdb-4821-aaf6-bf3df3ae7208,7b2e85f9-7895-4aca-bf50-e37e9a354eb0,7b2e85f9-7895-4aca-bf50-e37e9a354eb0,2025-02-13 14:01:00+00,2025-03-04 16:13:00+00,2025-03-04 16:13:00+00,2025-03-13 17:27:00+00,"{""component"": ""tire"", ""asset_code"": ""LLX-BDL-0074"", ""trigger_snapshot"": ""2025-02-10""}",2025-02-13 14:01:00+00,2026-08-10 19:03:05.467947+00
21eb111c-1c7f-4ec0-989b-c54d54f38f66,TCK-000369,356349f3-df0e-4189-bfb6-476417dc8ad4,8f2b1c74-59d3-4a6e-9b21-7c4e0a5d3f88,Hydraulic lift slow to respond,"Forklift mast raises slowly under load and drifts down when held. Requesting hydraulic fluid, seal and pump inspection.

Vehicle: Mercedes Actros 1836 (SP LG-2267), bay E-008.",in_progress,medium,medium,medium,mechanical,mechanical,Hydraulic issue reported on Mercedes Actros 1836 (SP LG-2267); mechanical team engaged.,,250027e3-dc1e-4890-a8ae-568338678d1d,90850f19-81e7-4b88-ba8f-72ef0e0578fa,,2026-04-19 11:59:00+00,,,,"{""component"": ""hydraulic"", ""asset_code"": ""LLX-GLE-0248"", ""trigger_snapshot"": ""2026-04-10""}",2026-04-19 11:59:00+00,2026-08-10 19:03:05.467947+00
054dfb06-55e2-4bd2-97c4-e0928340c823,TCK-000370,1be232f3-1d0f-4685-9591-9b2c6f4bdb49,23a10ad6-f2ff-4aab-9878-de0f37f6bbe0,Battery voltage low - charging system check required,"Battery voltage trend is below target and the vehicle is slow to crank in the morning. Electrical team to test battery health, alternator output and earth connections.

Vehicle: Heli CPCD25 (BDL-FL-020), bay A-020.",resolved,high,high,high,electrical,electrical,Battery issue reported on Heli CPCD25 (BDL-FL-020); electrical team engaged.,,c6c5bb52-5726-498c-8641-8a82e02faff5,b33c4ff9-69b5-4437-9699-63c066d6c353,b33c4ff9-69b5-4437-9699-63c066d6c353,2025-09-27 08:44:00+00,2025-10-02 08:06:00+00,2025-10-02 08:06:00+00,,"{""component"": ""battery"", ""asset_code"": ""LLX-BDL-0020"", ""trigger_snapshot"": ""2025-09-10""}",2025-09-27 08:44:00+00,2026-08-10 19:03:05.467947+00
407d4e38-8459-493d-8562-7a35eec9eb4d,TCK-000371,ef3cbf12-a864-4aab-9228-a96bfaaf2643,c537c281-b6ad-4842-94ec-e937be0083e5,Battery voltage low - charging system check required,"Battery voltage trend is below target and the vehicle is slow to crank in the morning. Electrical team to test battery health, alternator output and earth connections.

Vehicle: Tata Signa 1918 (WP LH-9498), bay G-038.",resolved,high,high,high,electrical,electrical,Battery issue reported on Tata Signa 1918 (WP LH-9498); electrical team engaged.,,bec780bb-a3c0-4ba2-b593-563d95c479d3,b7d6f932-49f4-46ba-85fa-9c50ab72be6f,b7d6f932-49f4-46ba-85fa-9c50ab72be6f,2025-08-20 06:45:00+00,2025-09-06 13:12:00+00,2025-09-06 13:12:00+00,,"{""component"": ""battery"", ""asset_code"": ""LLX-COL-0398"", ""trigger_snapshot"": ""2025-08-10""}",2025-08-20 06:45:00+00,2026-08-10 19:03:05.467947+00
56b28d3e-5098-4e22-afb8-11ce1ab7e22f,TCK-000372,2cafca73-08c2-4726-a800-0cbef5b48abb,23a10ad6-f2ff-4aab-9878-de0f37f6bbe0,Engine oil life exhausted - service overdue,"Oil life monitor has reached the end of its interval. Requesting engine oil and filter service before further dispatch.

Vehicle: Tata Prima 2823 (UP LH-5471), bay D-017.",resolved,high,high,high,mechanical,mechanical,Oil issue reported on Tata Prima 2823 (UP LH-5471); mechanical team engaged.,,e0479e19-216c-419a-9125-3caa01d1cfe4,6307ed65-c77c-40e7-9e0f-0b67135eb7b1,6307ed65-c77c-40e7-9e0f-0b67135eb7b1,2025-04-21 06:12:00+00,2025-05-11 12:29:00+00,2025-05-11 12:29:00+00,,"{""component"": ""oil"", ""asset_code"": ""LLX-BDL-0197"", ""trigger_snapshot"": ""2025-04-10""}",2025-04-21 06:12:00+00,2026-08-10 19:03:05.467947+00
8d3de7c1-4d5d-4318-961d-5bedbdb39d78,TCK-000373,aa2ebdaf-26f2-42d0-8625-9b9437ecea41,c537c281-b6ad-4842-94ec-e937be0083e5,Battery voltage low - charging system check required,"Battery voltage trend is below target and the vehicle is slow to crank in the morning. Electrical team to test battery health, alternator output and earth connections.

Vehicle: Tata Ultra T.7 (WP LD-7258), bay F-015.",resolved,high,high,high,electrical,electrical,Battery issue reported on Tata Ultra T.7 (WP LD-7258); electrical team engaged.,,67eeff78-764d-49fd-a532-794fe5de10be,f2e3adca-c995-4570-a695-525ef502c1ef,f2e3adca-c995-4570-a695-525ef502c1ef,2026-04-20 09:19:00+00,2026-05-14 06:58:00+00,2026-05-14 06:58:00+00,,"{""component"": ""battery"", ""asset_code"": ""LLX-COL-0315"", ""trigger_snapshot"": ""2026-04-10""}",2026-04-20 09:19:00+00,2026-08-10 19:03:05.467947+00
1322542f-51e5-4a3c-999d-f3cea11c0a58,TCK-000374,5cb2f91b-aea8-4c56-afe3-f46cd8673ef1,23a10ad6-f2ff-4aab-9878-de0f37f6bbe0,Uneven tyre wear and vibration at speed,"Driver reports steering vibration at highway speed. Suspect uneven tyre wear; requesting inspection, rotation and alignment.

Vehicle: Tata T.12 (UP LF-5763), bay D-002.",closed,high,high,high,mechanical,mechanical,Tire issue reported on Tata T.12 (UP LF-5763); mechanical team engaged.,,4240a899-92e1-44cc-a166-b3c8e4b402d3,35b9a8e8-5284-40f5-9348-5f1e994c12f1,35b9a8e8-5284-40f5-9348-5f1e994c12f1,2025-03-26 16:40:00+00,2025-04-10 17:03:00+00,2025-04-10 17:03:00+00,2025-04-17 12:15:00+00,"{""component"": ""tire"", ""asset_code"": ""LLX-BDL-0182"", ""trigger_snapshot"": ""2025-03-10""}",2025-03-26 16:40:00+00,2026-08-10 19:03:05.467947+00
2bbd1440-4bc0-498a-ba24-70d4954282ee,TCK-000375,3366c0df-1020-47c8-8547-ff7850f58e1d,c537c281-b6ad-4842-94ec-e937be0083e5,Hydraulic lift slow to respond,"Forklift mast raises slowly under load and drifts down when held. Requesting hydraulic fluid, seal and pump inspection.

Vehicle: Mahindra Bolero Pickup (WP LB-8227), bay E-013.",closed,medium,medium,medium,mechanical,mechanical,Hydraulic issue reported on Mahindra Bolero Pickup (WP LB-8227); mechanical team engaged.,,44f02d91-6ed8-49ff-bb7d-98412c2f27bc,578b9882-da22-4a57-8191-8e7a8ca512f5,578b9882-da22-4a57-8191-8e7a8ca512f5,2025-11-26 14:38:00+00,2025-11-30 14:56:00+00,2025-11-30 14:56:00+00,2025-12-10 17:48:00+00,"{""component"": ""hydraulic"", ""asset_code"": ""LLX-COL-0253"", ""trigger_snapshot"": ""2025-11-10""}",2025-11-26 14:38:00+00,2026-08-10 19:03:05.467947+00
ad47d9b3-6c2e-49ae-9a92-3a083b3f04fe,TCK-000376,1e915f8c-945b-46b3-a953-3e7ade36cc44,8f2b1c74-59d3-4a6e-9b21-7c4e0a5d3f88,Uneven tyre wear and vibration at speed,"Driver reports steering vibration at highway speed. Suspect uneven tyre wear; requesting inspection, rotation and alignment.

Vehicle: Toyota HiAce (SP PE-7817), bay B-057.",closed,low,low,low,mechanical,mechanical,Tire issue reported on Toyota HiAce (SP PE-7817); mechanical team engaged.,,8dcb5a65-7c64-4266-ba48-95af8cce89d8,af5f0096-7cc6-4d72-ab69-0a461681aeb5,af5f0096-7cc6-4d72-ab69-0a461681aeb5,2025-04-23 16:50:00+00,2025-05-18 10:31:00+00,2025-05-18 10:31:00+00,2025-05-28 06:21:00+00,"{""component"": ""tire"", ""asset_code"": ""LLX-GLE-0117"", ""trigger_snapshot"": ""2025-04-10""}",2025-04-23 16:50:00+00,2026-08-10 19:03:05.467947+00
e1ffd726-718d-43ba-a516-5524df851e68,TCK-000377,6c4a055d-9ad9-4839-90d7-710cfd96f501,8f2b1c74-59d3-4a6e-9b21-7c4e0a5d3f88,Brake performance degraded - inspection required,"Driver reports longer stopping distance and reduced pedal firmness. Brake wear indicator is low on condition monitoring. Mechanical team to inspect pads, discs and brake fluid.

Vehicle: Isuzu ELF NKR (SP LD-7720), bay C-056.",closed,high,low,high,mechanical,mechanical,Brake issue reported on Isuzu ELF NKR (SP LD-7720); mechanical team engaged.,,d0ea5927-2dc8-4928-bde4-56f56868028e,e20935a5-5128-4f38-92b2-23e2cc66c4ed,e20935a5-5128-4f38-92b2-23e2cc66c4ed,2024-11-25 15:32:00+00,2024-12-04 13:22:00+00,2024-12-04 13:22:00+00,2024-12-06 17:55:00+00,"{""component"": ""brake"", ""asset_code"": ""LLX-GLE-0176"", ""trigger_snapshot"": ""2024-11-10""}",2024-11-25 15:32:00+00,2026-08-10 19:03:05.467947+00
f250e552-ed7b-443c-859d-291954a67623,TCK-000378,60713547-c97d-42f0-ba5c-10d1b39d6331,8f2b1c74-59d3-4a6e-9b21-7c4e0a5d3f88,Brake noise reported during descent,"Squealing and vibration reported under braking on gradient. Requesting brake pad and disc inspection before the vehicle returns to route.

Vehicle: Mahindra Bolero Pickup (SP LA-9557), bay C-041.",resolved,high,high,high,mechanical,mechanical,Brake issue reported on Mahindra Bolero Pickup (SP LA-9557); mechanical team engaged.,,6b2d3cbd-fae4-42a9-b155-00287bef6384,e99de6d2-f02b-433d-81b3-796785680957,e99de6d2-f02b-433d-81b3-796785680957,2024-11-20 09:33:00+00,2024-11-28 06:41:00+00,2024-11-28 06:41:00+00,,"{""component"": ""brake"", ""asset_code"": ""LLX-GLE-0161"", ""trigger_snapshot"": ""2024-11-10""}",2024-11-20 09:33:00+00,2026-08-10 19:03:05.467947+00
8182037e-4e34-4607-9c70-191a2175769b,TCK-000379,a7e3d95d-9518-45fe-b2f4-4eb6e1ec8599,8f2b1c74-59d3-4a6e-9b21-7c4e0a5d3f88,Fault codes not clearing after service,"Active fault codes remain present on the dashboard after the workshop reset. Requesting diagnostic tool session and ECU log review.

Vehicle: Komatsu FD30 (GLE-FL-071), bay B-011.",in_progress,high,high,high,software,software,Telematics issue reported on Komatsu FD30 (GLE-FL-071); software team engaged.,,fe8b8a5c-fa8d-4338-bff2-c33473622fe7,f9a5607b-7040-4ba8-95c0-6de3c5367dea,,2026-04-22 15:17:00+00,,,,"{""component"": ""telematics"", ""asset_code"": ""LLX-GLE-0071"", ""trigger_snapshot"": ""2026-04-10""}",2026-04-22 15:17:00+00,2026-08-10 19:03:05.467947+00
78ee4216-cce4-4120-8ffd-2e0de0479a1a,TCK-000380,260753c6-c455-4d0f-bc45-cb6e700f7372,c537c281-b6ad-4842-94ec-e937be0083e5,Hydraulic lift slow to respond,"Forklift mast raises slowly under load and drifts down when held. Requesting hydraulic fluid, seal and pump inspection.

Vehicle: Heli CPCD30 (COL-FL-110), bay B-050.",closed,high,low,high,mechanical,mechanical,Hydraulic issue reported on Heli CPCD30 (COL-FL-110); mechanical team engaged.,,b64ffa50-0a8d-4d72-9814-57c08216e6b3,7644642e-745c-4474-890f-0f840a0b5df8,7644642e-745c-4474-890f-0f840a0b5df8,2024-10-11 10:56:00+00,2024-10-26 15:09:00+00,2024-10-26 15:09:00+00,2024-10-31 08:58:00+00,"{""component"": ""hydraulic"", ""asset_code"": ""LLX-COL-0110"", ""trigger_snapshot"": ""2024-10-10""}",2024-10-11 10:56:00+00,2026-08-10 19:03:05.467947+00
1ac8860b-e98a-4e24-bbbf-dddc999667ff,TCK-000381,17e128a7-ccf3-4f36-af46-cdb19490b5b6,c537c281-b6ad-4842-94ec-e937be0083e5,Oil pressure warning intermittent,"Intermittent oil pressure warning reported on the instrument cluster. Requesting oil level, filter and sender inspection.

Vehicle: Tata Ultra T.7 (WP LD-2506), bay F-028.",closed,low,low,low,mechanical,mechanical,Oil issue reported on Tata Ultra T.7 (WP LD-2506); mechanical team engaged.,,45185d88-ee1c-43ef-a73d-9a8382087224,578b9882-da22-4a57-8191-8e7a8ca512f5,578b9882-da22-4a57-8191-8e7a8ca512f5,2026-05-13 11:23:00+00,2026-06-07 08:39:00+00,2026-06-07 08:39:00+00,2026-06-17 14:32:00+00,"{""component"": ""oil"", ""asset_code"": ""LLX-COL-0328"", ""trigger_snapshot"": ""2026-05-10""}",2026-05-13 11:23:00+00,2026-08-10 19:03:05.467947+00
e5e79e8a-40b3-4ec2-9d18-7d5a56edd4b0,TCK-000382,daa1bd48-569f-4271-9544-46ad8459bfe8,8f2b1c74-59d3-4a6e-9b21-7c4e0a5d3f88,Brake performance degraded - inspection required,"Driver reports longer stopping distance and reduced pedal firmness. Brake wear indicator is low on condition monitoring. Mechanical team to inspect pads, discs and brake fluid.

Vehicle: Tata Ace (SP LB-4658), bay C-043.",closed,high,high,high,mechanical,mechanical,Brake issue reported on Tata Ace (SP LB-4658); mechanical team engaged.,,9aee6ad3-243e-4da8-aa52-4050a6fa56f0,78be5d8f-6cca-4d7e-bfe7-2b68fc8c6341,78be5d8f-6cca-4d7e-bfe7-2b68fc8c6341,2025-12-12 10:28:00+00,2025-12-31 14:55:00+00,2025-12-31 14:55:00+00,2026-01-05 09:23:00+00,"{""component"": ""brake"", ""asset_code"": ""LLX-GLE-0163"", ""trigger_snapshot"": ""2025-12-10""}",2025-12-12 10:28:00+00,2026-08-10 19:03:05.467947+00
2de8f1f5-ac62-44ea-afd4-d0ba338596dd,TCK-000383,11471183-1853-4777-9b7b-fe756f4c6ff3,8f2b1c74-59d3-4a6e-9b21-7c4e0a5d3f88,Hydraulic fluid weeping at cylinder,"Visible weeping at the lift cylinder and reduced hydraulic performance on monitoring. Requesting seal replacement.

Vehicle: Tata Signa 1918 (SP LH-2581), bay E-003.",closed,low,low,low,mechanical,mechanical,Hydraulic issue reported on Tata Signa 1918 (SP LH-2581); mechanical team engaged.,,ef604ac6-00ff-4230-a189-03428d01342b,e1c1397c-6345-47ab-948e-0f3e68d615b7,e1c1397c-6345-47ab-948e-0f3e68d615b7,2025-03-23 15:29:00+00,2025-04-02 17:54:00+00,2025-04-02 17:54:00+00,2025-04-06 15:18:00+00,"{""component"": ""hydraulic"", ""asset_code"": ""LLX-GLE-0243"", ""trigger_snapshot"": ""2025-03-10""}",2025-03-23 15:29:00+00,2026-08-10 19:03:05.467947+00
ca4ecf6d-defc-40fa-835c-033a2677144f,TCK-000384,a234c27c-b304-45c8-a90c-8172468b23b9,8f2b1c74-59d3-4a6e-9b21-7c4e0a5d3f88,Hydraulic lift slow to respond,"Forklift mast raises slowly under load and drifts down when held. Requesting hydraulic fluid, seal and pump inspection.

Vehicle: Nissan Caravan (SP PE-8365), bay C-014.",closed,medium,medium,medium,mechanical,mechanical,Hydraulic issue reported on Nissan Caravan (SP PE-8365); mechanical team engaged.,,ab779edb-5eb0-450f-af5c-345043abdd5f,51de8298-573f-473b-b907-584ec33f7841,51de8298-573f-473b-b907-584ec33f7841,2025-02-11 17:28:00+00,2025-02-28 16:21:00+00,2025-02-28 16:21:00+00,2025-03-02 13:58:00+00,"{""component"": ""hydraulic"", ""asset_code"": ""LLX-GLE-0134"", ""trigger_snapshot"": ""2025-02-10""}",2025-02-11 17:28:00+00,2026-08-10 19:03:05.467947+00
c10793a6-2da2-4c28-9581-a7e5f902e142,TCK-000385,62656cad-a499-41ab-82e4-3ef2e2696ea7,8f2b1c74-59d3-4a6e-9b21-7c4e0a5d3f88,Battery voltage low - charging system check required,"Battery voltage trend is below target and the vehicle is slow to crank in the morning. Electrical team to test battery health, alternator output and earth connections.

Vehicle: Heli CPCD25 (GLE-FL-031), bay A-031.",closed,medium,medium,medium,electrical,electrical,Battery issue reported on Heli CPCD25 (GLE-FL-031); electrical team engaged.,,0ae5daa8-7bcd-4f43-b36a-99441eb41697,3ad6d85f-8eb2-429d-b6b0-9df328ae585b,3ad6d85f-8eb2-429d-b6b0-9df328ae585b,2024-08-12 15:28:00+00,2024-08-29 10:53:00+00,2024-08-29 10:53:00+00,2024-09-01 16:16:00+00,"{""component"": ""battery"", ""asset_code"": ""LLX-GLE-0031"", ""trigger_snapshot"": ""2024-08-10""}",2024-08-12 15:28:00+00,2026-08-10 19:03:05.467947+00
6ca11b26-5389-433f-9fa4-1408a87c60a1,TCK-000386,96520911-34b0-4860-8d17-e31d74164fb1,c537c281-b6ad-4842-94ec-e937be0083e5,Oil pressure warning intermittent,"Intermittent oil pressure warning reported on the instrument cluster. Requesting oil level, filter and sender inspection.

Vehicle: Piaggio Porter (WP LB-5347), bay E-018.",resolved,high,high,high,mechanical,mechanical,Oil issue reported on Piaggio Porter (WP LB-5347); mechanical team engaged.,,70da0d38-1e21-4bef-94a1-7db6b6989b3a,b958f053-fb9d-4b81-9996-c7ca66269f1c,b958f053-fb9d-4b81-9996-c7ca66269f1c,2025-01-23 10:53:00+00,2025-02-13 06:17:00+00,2025-02-13 06:17:00+00,,"{""component"": ""oil"", ""asset_code"": ""LLX-COL-0258"", ""trigger_snapshot"": ""2025-01-10""}",2025-01-23 10:53:00+00,2026-08-10 19:03:05.467947+00
ab1a5422-ec94-4aaa-8951-e3c875d66050,TCK-000387,89bc710f-f711-47cb-a7e4-215e9d0d17ff,c537c281-b6ad-4842-94ec-e937be0083e5,Brake noise reported during descent,"Squealing and vibration reported under braking on gradient. Requesting brake pad and disc inspection before the vehicle returns to route.

Vehicle: Mitsubishi Canter (WP LD-2141), bay E-060.",closed,medium,medium,medium,mechanical,mechanical,Brake issue reported on Mitsubishi Canter (WP LD-2141); mechanical team engaged.,,6b568122-8e5f-4230-93a9-c0335707eec2,94c16a8c-074b-4b37-ab95-493170740735,94c16a8c-074b-4b37-ab95-493170740735,2026-03-27 08:43:00+00,2026-04-06 16:43:00+00,2026-04-06 16:43:00+00,2026-04-16 13:41:00+00,"{""component"": ""brake"", ""asset_code"": ""LLX-COL-0300"", ""trigger_snapshot"": ""2026-03-10""}",2026-03-27 08:43:00+00,2026-08-10 19:03:05.467947+00
07a45c25-fde7-4c1c-ab3c-6d2e02cf59ed,TCK-000388,7d1fbe53-4206-4fc7-ba86-035cd75549ec,8f2b1c74-59d3-4a6e-9b21-7c4e0a5d3f88,Oil pressure warning intermittent,"Intermittent oil pressure warning reported on the instrument cluster. Requesting oil level, filter and sender inspection.

Vehicle: Isuzu ELF NKR (SP LD-7971), bay D-031.",closed,low,low,low,mechanical,mechanical,Oil issue reported on Isuzu ELF NKR (SP LD-7971); mechanical team engaged.,,268c1408-1f5a-4d5e-9b2c-0b5df558eda6,af5f0096-7cc6-4d72-ab69-0a461681aeb5,af5f0096-7cc6-4d72-ab69-0a461681aeb5,2026-03-22 11:15:00+00,2026-04-14 08:04:00+00,2026-04-14 08:04:00+00,2026-04-15 10:12:00+00,"{""component"": ""oil"", ""asset_code"": ""LLX-GLE-0211"", ""trigger_snapshot"": ""2026-03-10""}",2026-03-22 11:15:00+00,2026-08-10 19:03:05.467947+00
9a454c0d-d2c7-4264-af40-b923ed113654,TCK-000389,0e48509c-7c6c-4c3c-b0dc-7fdbf99ec9ca,8f2b1c74-59d3-4a6e-9b21-7c4e0a5d3f88,Repeated hard starting in early shift,"Vehicle requires multiple crank attempts at shift start. Battery state of health is degraded on monitoring. Requesting battery and charging system diagnosis.

Vehicle: Mitsubishi Canter (SP LD-6808), bay C-060.",closed,high,high,high,electrical,electrical,Battery issue reported on Mitsubishi Canter (SP LD-6808); electrical team engaged.,,18feffdc-7343-4221-847d-861b02fe2a56,bdd93a99-626e-4675-b9a7-acfd49c28c66,bdd93a99-626e-4675-b9a7-acfd49c28c66,2026-02-23 06:21:00+00,2026-02-25 09:57:00+00,2026-02-25 09:57:00+00,2026-03-07 09:31:00+00,"{""component"": ""battery"", ""asset_code"": ""LLX-GLE-0180"", ""trigger_snapshot"": ""2026-02-10""}",2026-02-23 06:21:00+00,2026-08-10 19:03:05.467947+00
b455969b-8190-4f04-96cd-3b5619dce961,TCK-000390,14cff7a3-843c-409b-80b3-a57cc66fc4c2,c537c281-b6ad-4842-94ec-e937be0083e5,Battery voltage low - charging system check required,"Battery voltage trend is below target and the vehicle is slow to crank in the morning. Electrical team to test battery health, alternator output and earth connections.

Vehicle: Toyota HiAce (WP PE-3573), bay D-011.",closed,medium,medium,medium,electrical,electrical,Battery issue reported on Toyota HiAce (WP PE-3573); electrical team engaged.,,8741b992-805d-4859-9e1a-4d49d82c9a99,8eff9acb-560a-454d-b4e0-e23389a2264b,8eff9acb-560a-454d-b4e0-e23389a2264b,2025-07-19 09:35:00+00,2025-08-08 15:24:00+00,2025-08-08 15:24:00+00,2025-08-09 13:41:00+00,"{""component"": ""battery"", ""asset_code"": ""LLX-COL-0191"", ""trigger_snapshot"": ""2025-07-10""}",2025-07-19 09:35:00+00,2026-08-10 19:03:05.467947+00
06e6d274-b82a-43bc-bdbe-5258ac978fc3,TCK-000391,5f54c48d-89bc-48e7-98b5-12a7f355fae6,8f2b1c74-59d3-4a6e-9b21-7c4e0a5d3f88,Engine oil life exhausted - service overdue,"Oil life monitor has reached the end of its interval. Requesting engine oil and filter service before further dispatch.

Vehicle: Heli CPCD30 (GLE-FL-093), bay B-033.",closed,medium,medium,medium,mechanical,mechanical,Oil issue reported on Heli CPCD30 (GLE-FL-093); mechanical team engaged.,,bcc2e695-1e30-4f07-866a-c884d470333c,9580e2d6-e004-4873-9ea1-5e63bb707d70,9580e2d6-e004-4873-9ea1-5e63bb707d70,2025-08-30 12:34:00+00,2025-09-15 09:10:00+00,2025-09-15 09:10:00+00,2025-09-22 13:26:00+00,"{""component"": ""oil"", ""asset_code"": ""LLX-GLE-0093"", ""trigger_snapshot"": ""2025-08-10""}",2025-08-30 12:34:00+00,2026-08-10 19:03:05.467947+00
4e16fcf0-87b4-4fc2-9cab-434af70367f4,TCK-000392,3c9b7d58-9e24-4039-b71a-d3b00ee81822,c537c281-b6ad-4842-94ec-e937be0083e5,Brake performance degraded - inspection required,"Driver reports longer stopping distance and reduced pedal firmness. Brake wear indicator is low on condition monitoring. Mechanical team to inspect pads, discs and brake fluid.

Vehicle: Toyota 8FD25 (COL-FL-077), bay B-017.",closed,high,high,high,mechanical,mechanical,Brake issue reported on Toyota 8FD25 (COL-FL-077); mechanical team engaged.,,9bd7dc69-8146-4996-8a28-bda2751c2c1e,ff7c83e7-5c79-453d-ba13-4194d70d1e17,ff7c83e7-5c79-453d-ba13-4194d70d1e17,2025-06-16 17:26:00+00,2025-07-02 11:45:00+00,2025-07-02 11:45:00+00,2025-07-05 13:44:00+00,"{""component"": ""brake"", ""asset_code"": ""LLX-COL-0077"", ""trigger_snapshot"": ""2025-06-10""}",2025-06-16 17:26:00+00,2026-08-10 19:03:05.467947+00
691415f1-2f2d-4b8e-b140-9cfc4edb16c0,TCK-000393,244adecd-72e6-4e31-bedf-1bbbd90d47a0,c537c281-b6ad-4842-94ec-e937be0083e5,Fault codes not clearing after service,"Active fault codes remain present on the dashboard after the workshop reset. Requesting diagnostic tool session and ECU log review.

Vehicle: Heli CPCD25 (COL-FL-083), bay B-023.",resolved,medium,medium,medium,software,software,Telematics issue reported on Heli CPCD25 (COL-FL-083); software team engaged.,,d60818dc-0615-46d9-beb4-905088e84e1f,84ed798e-b511-4f4a-aa3a-e26029fdaf93,84ed798e-b511-4f4a-aa3a-e26029fdaf93,2025-07-25 11:46:00+00,2025-08-09 05:23:00+00,2025-08-09 05:23:00+00,,"{""component"": ""telematics"", ""asset_code"": ""LLX-COL-0083"", ""trigger_snapshot"": ""2025-07-10""}",2025-07-25 11:46:00+00,2026-08-10 19:03:05.467947+00
44234ab9-5046-46a8-b6aa-0211bb63ee8a,TCK-000394,55a52988-3327-4504-ab63-24e3d01fec89,c537c281-b6ad-4842-94ec-e937be0083e5,Tyre wear beyond service limit,"Tread depth is below the service threshold on condition monitoring. Requesting tyre replacement and wheel alignment check.

Vehicle: Komatsu FD25 (COL-FL-057), bay A-057.",closed,medium,low,medium,mechanical,mechanical,Tire issue reported on Komatsu FD25 (COL-FL-057); mechanical team engaged.,,d3c85395-bb33-4e57-b3e5-4ea86968673b,5ca11cec-92af-4cf0-ba2a-b7ccc1954f40,5ca11cec-92af-4cf0-ba2a-b7ccc1954f40,2025-04-21 06:48:00+00,2025-04-24 13:02:00+00,2025-04-24 13:02:00+00,2025-04-26 17:17:00+00,"{""component"": ""tire"", ""asset_code"": ""LLX-COL-0057"", ""trigger_snapshot"": ""2025-04-10""}",2025-04-21 06:48:00+00,2026-08-10 19:03:05.467947+00
b3ad37e3-8cb6-406e-9cbd-073d17373814,TCK-000395,fbc0ffbb-7be6-40e9-abfa-a60807c58b20,8f2b1c74-59d3-4a6e-9b21-7c4e0a5d3f88,Brake performance degraded - inspection required,"Driver reports longer stopping distance and reduced pedal firmness. Brake wear indicator is low on condition monitoring. Mechanical team to inspect pads, discs and brake fluid.

Vehicle: Nissan Caravan (SP PD-5268), bay B-044.",closed,medium,medium,medium,mechanical,mechanical,Brake issue reported on Nissan Caravan (SP PD-5268); mechanical team engaged.,,a213ac02-a975-484b-88d8-985f8590c25d,3898aa8b-e3d3-459d-9a76-60401f8181f0,3898aa8b-e3d3-459d-9a76-60401f8181f0,2025-12-30 15:24:00+00,2026-01-14 14:58:00+00,2026-01-14 14:58:00+00,2026-01-16 13:23:00+00,"{""component"": ""brake"", ""asset_code"": ""LLX-GLE-0104"", ""trigger_snapshot"": ""2025-12-10""}",2025-12-30 15:24:00+00,2026-08-10 19:03:05.467947+00
db744f43-4e3b-40c3-9e47-e1ddb47be2a6,TCK-000396,30aacb8f-e47f-4e39-add2-a0a3d9b053cd,8f2b1c74-59d3-4a6e-9b21-7c4e0a5d3f88,Telematics unit not reporting,"Sensor gateway on this vehicle has stopped publishing readings. Software team to check the telematics unit, SIM connectivity and data pipeline ingestion.

Vehicle: Toyota 8FD30 (GLE-FL-085), bay B-025.",closed,high,high,high,software,software,Telematics issue reported on Toyota 8FD30 (GLE-FL-085); software team engaged.,,3b0fed53-e31e-4250-b04e-ef1b99888104,f9a5607b-7040-4ba8-95c0-6de3c5367dea,f9a5607b-7040-4ba8-95c0-6de3c5367dea,2026-01-11 15:06:00+00,2026-01-21 06:15:00+00,2026-01-21 06:15:00+00,2026-01-27 06:56:00+00,"{""component"": ""telematics"", ""asset_code"": ""LLX-GLE-0085"", ""trigger_snapshot"": ""2026-01-10""}",2026-01-11 15:06:00+00,2026-08-10 19:03:05.467947+00
25ca91ac-d149-461c-be02-433b29ba3d04,TCK-000397,a60ca723-0991-4f4e-a2dc-c191a76ee7d2,c537c281-b6ad-4842-94ec-e937be0083e5,Tyre wear beyond service limit,"Tread depth is below the service threshold on condition monitoring. Requesting tyre replacement and wheel alignment check.

Vehicle: Heli CPCD25 (COL-FL-030), bay A-030.",closed,high,high,high,electrical,mechanical,Tire issue reported on Heli CPCD25 (COL-FL-030); mechanical team engaged.,,ddde20e9-91ec-4e59-ae51-4ecd751529ab,2d9c2803-17f5-4970-8da9-23fc6eebe8ef,2d9c2803-17f5-4970-8da9-23fc6eebe8ef,2024-08-20 07:48:00+00,2024-08-21 14:02:00+00,2024-08-21 14:02:00+00,2024-08-26 15:13:00+00,"{""component"": ""tire"", ""asset_code"": ""LLX-COL-0030"", ""trigger_snapshot"": ""2024-08-10""}",2024-08-20 07:48:00+00,2026-08-10 19:03:05.467947+00
275bac43-f415-4b5a-b870-60ca1cd33d1f,TCK-000398,f0bc519c-e0b5-4a5a-8f37-3a07e3a2e57e,c537c281-b6ad-4842-94ec-e937be0083e5,Brake performance degraded - inspection required,"Driver reports longer stopping distance and reduced pedal firmness. Brake wear indicator is low on condition monitoring. Mechanical team to inspect pads, discs and brake fluid.

Vehicle: Nissan Caravan (WP PC-8576), bay C-043.",closed,high,high,high,mechanical,mechanical,Brake issue reported on Nissan Caravan (WP PC-8576); mechanical team engaged.,,6c5f95fe-93a9-459f-988b-b5f6952e7382,ee4d2f5c-11a7-4a36-b4f7-9b4da1d376b2,ee4d2f5c-11a7-4a36-b4f7-9b4da1d376b2,2025-09-14 08:14:00+00,2025-09-22 11:01:00+00,2025-09-22 11:01:00+00,2025-09-25 11:24:00+00,"{""component"": ""brake"", ""asset_code"": ""LLX-COL-0163"", ""trigger_snapshot"": ""2025-09-10""}",2025-09-14 08:14:00+00,2026-08-10 19:03:05.467947+00
6e083b96-7e43-4fa9-a40d-1e004407a20d,TCK-000399,41320fed-e734-44e9-9e02-22f9a47a91bb,c537c281-b6ad-4842-94ec-e937be0083e5,Uneven tyre wear and vibration at speed,"Driver reports steering vibration at highway speed. Suspect uneven tyre wear; requesting inspection, rotation and alignment.

Vehicle: Komatsu FD25 (COL-FL-070), bay B-010.",closed,medium,low,medium,mechanical,mechanical,Tire issue reported on Komatsu FD25 (COL-FL-070); mechanical team engaged.,,caed6520-d13f-4cca-b266-28e851bcedb2,0bcca5d2-620c-4e90-ae82-fb6ffc7af33d,0bcca5d2-620c-4e90-ae82-fb6ffc7af33d,2025-07-11 06:52:00+00,2025-07-27 08:50:00+00,2025-07-27 08:50:00+00,2025-07-28 16:57:00+00,"{""component"": ""tire"", ""asset_code"": ""LLX-COL-0070"", ""trigger_snapshot"": ""2025-07-10""}",2025-07-11 06:52:00+00,2026-08-10 19:03:05.467947+00
906887c0-d3fb-4799-9bc9-5732659d5a23,TCK-000400,7f59766f-d12a-47b5-b596-7b118ad1ac29,8f2b1c74-59d3-4a6e-9b21-7c4e0a5d3f88,Hydraulic lift slow to respond,"Forklift mast raises slowly under load and drifts down when held. Requesting hydraulic fluid, seal and pump inspection.

Vehicle: Mahindra Bolero Pickup (SP LA-9587), bay C-052.",closed,medium,medium,medium,mechanical,mechanical,Hydraulic issue reported on Mahindra Bolero Pickup (SP LA-9587); mechanical team engaged.,,ff858c38-4db7-4dcd-a154-6531520ed5b9,3898aa8b-e3d3-459d-9a76-60401f8181f0,3898aa8b-e3d3-459d-9a76-60401f8181f0,2024-12-13 07:22:00+00,2024-12-15 14:22:00+00,2024-12-15 14:22:00+00,2024-12-18 10:50:00+00,"{""component"": ""hydraulic"", ""asset_code"": ""LLX-GLE-0172"", ""trigger_snapshot"": ""2024-12-10""}",2024-12-13 07:22:00+00,2026-08-10 19:03:05.467947+00
d441044d-7545-42fd-9c22-9a1c1db2ce6d,TCK-000401,021c9a67-b8e9-4baa-b17a-d7c3e77e52bc,8f2b1c74-59d3-4a6e-9b21-7c4e0a5d3f88,Repeated hard starting in early shift,"Vehicle requires multiple crank attempts at shift start. Battery state of health is degraded on monitoring. Requesting battery and charging system diagnosis.

Vehicle: Tata T.12 (SP LF-2785), bay D-051.",closed,medium,medium,medium,electrical,electrical,Battery issue reported on Tata T.12 (SP LF-2785); electrical team engaged.,,c458d5ba-5730-4c05-94e6-f9801b71d659,bf2345c5-305b-49ba-b06b-ecb5fede548e,bf2345c5-305b-49ba-b06b-ecb5fede548e,2026-03-02 13:49:00+00,2026-03-18 16:35:00+00,2026-03-18 16:35:00+00,2026-03-21 13:49:00+00,"{""component"": ""battery"", ""asset_code"": ""LLX-GLE-0231"", ""trigger_snapshot"": ""2026-02-10""}",2026-03-02 13:49:00+00,2026-08-10 19:03:05.467947+00
34c61daf-de9b-4bd0-ac7f-6402e46062bc,TCK-000402,4e6a6551-7de8-43f7-8ee7-b07bd01ba2e0,c537c281-b6ad-4842-94ec-e937be0083e5,Tyre wear beyond service limit,"Tread depth is below the service threshold on condition monitoring. Requesting tyre replacement and wheel alignment check.

Vehicle: Toyota HiAce (WP PD-7579), bay C-026.",open,high,high,high,mechanical,mechanical,Tire issue reported on Toyota HiAce (WP PD-7579); mechanical team engaged.,,e63fb45e-1362-4e02-b414-1e0a67301dbf,3ed87f3f-9d1e-409e-af21-14fee9e9bc14,,2026-07-22 09:18:00+00,,,,"{""component"": ""tire"", ""asset_code"": ""LLX-COL-0146"", ""trigger_snapshot"": ""2026-07-10""}",2026-07-22 09:18:00+00,2026-08-10 19:03:05.467947+00
ee4461a8-739b-47b7-8d56-5d22105666ef,TCK-000403,95f3676e-7aa4-4d03-9366-d51f23d2f822,c537c281-b6ad-4842-94ec-e937be0083e5,Battery voltage low - charging system check required,"Battery voltage trend is below target and the vehicle is slow to crank in the morning. Electrical team to test battery health, alternator output and earth connections.

Vehicle: Tata Ultra T.7 (WP LC-9481), bay F-022.",closed,high,high,high,electrical,electrical,Battery issue reported on Tata Ultra T.7 (WP LC-9481); electrical team engaged.,,07e0c835-51f1-4fad-9254-f68f64738d72,9f45c98b-3562-45af-8cb4-fee17952ecd9,9f45c98b-3562-45af-8cb4-fee17952ecd9,2026-03-24 11:28:00+00,2026-03-28 09:22:00+00,2026-03-28 09:22:00+00,2026-04-05 15:13:00+00,"{""component"": ""battery"", ""asset_code"": ""LLX-COL-0322"", ""trigger_snapshot"": ""2026-03-10""}",2026-03-24 11:28:00+00,2026-08-10 19:03:05.467947+00
84e1d9cd-833b-4cc6-a97e-6404e8e9c849,TCK-000404,ba24d44f-89d7-46f6-bca0-0e88f2609048,c537c281-b6ad-4842-94ec-e937be0083e5,Battery voltage low - charging system check required,"Battery voltage trend is below target and the vehicle is slow to crank in the morning. Electrical team to test battery health, alternator output and earth connections.

Vehicle: Tata Ultra T.7 (WP LC-6384), bay F-009.",closed,medium,medium,medium,electrical,electrical,Battery issue reported on Tata Ultra T.7 (WP LC-6384); electrical team engaged.,,3ba77be5-ccc5-4543-b759-2bf3d0233b4d,f2e3adca-c995-4570-a695-525ef502c1ef,f2e3adca-c995-4570-a695-525ef502c1ef,2025-05-13 13:23:00+00,2025-05-31 10:02:00+00,2025-05-31 10:02:00+00,2025-06-07 06:55:00+00,"{""component"": ""battery"", ""asset_code"": ""LLX-COL-0309"", ""trigger_snapshot"": ""2025-05-10""}",2025-05-13 13:23:00+00,2026-08-10 19:03:05.467947+00
af7a600f-f7e5-4010-a737-3007d357956b,TCK-000405,a12b69c0-1e74-48c0-b9df-2c337973ba36,c537c281-b6ad-4842-94ec-e937be0083e5,Tyre wear beyond service limit,"Tread depth is below the service threshold on condition monitoring. Requesting tyre replacement and wheel alignment check.

Vehicle: Tata Ace (WP LB-2852), bay E-056.",resolved,high,high,high,mechanical,mechanical,Tire issue reported on Tata Ace (WP LB-2852); mechanical team engaged.,,6dfe7908-1670-4f24-a01e-791d003947e8,94c16a8c-074b-4b37-ab95-493170740735,94c16a8c-074b-4b37-ab95-493170740735,2024-12-27 09:30:00+00,2024-12-30 10:53:00+00,2024-12-30 10:53:00+00,,"{""component"": ""tire"", ""asset_code"": ""LLX-COL-0296"", ""trigger_snapshot"": ""2024-12-10""}",2024-12-27 09:30:00+00,2026-08-10 19:03:05.467947+00
fd0a15d7-a87f-452b-b1bb-0c48971fc0ac,TCK-000406,7fdbe0a4-76b6-4773-adde-44d4c844b9e2,23a10ad6-f2ff-4aab-9878-de0f37f6bbe0,Hydraulic lift slow to respond,"Forklift mast raises slowly under load and drifts down when held. Requesting hydraulic fluid, seal and pump inspection.

Vehicle: Toyota HiAce (UP PC-7669), bay B-024.",open,high,high,high,mechanical,mechanical,Hydraulic issue reported on Toyota HiAce (UP PC-7669); mechanical team engaged.,,8f92bdec-59f7-49b0-8fa2-c9e05b14747f,f101a341-b305-43d6-b170-7cbd8501fef2,,2026-08-09 06:37:00+00,,,,"{""component"": ""hydraulic"", ""asset_code"": ""LLX-BDL-0084"", ""trigger_snapshot"": ""2026-08-10""}",2026-08-09 06:37:00+00,2026-08-10 19:03:05.467947+00
195f971d-95f9-4a49-adaa-0b8f7ffd6282,TCK-000407,a838d374-572b-40c4-b331-560dfc970553,c537c281-b6ad-4842-94ec-e937be0083e5,Hydraulic lift slow to respond,"Forklift mast raises slowly under load and drifts down when held. Requesting hydraulic fluid, seal and pump inspection.

Vehicle: Mahindra Bolero Pickup (WP LA-6255), bay E-025.",resolved,medium,medium,medium,mechanical,mechanical,Hydraulic issue reported on Mahindra Bolero Pickup (WP LA-6255); mechanical team engaged.,,6afbbe79-b3b4-4bce-969a-13c3c0c87b06,971707cb-32c1-434f-b61f-f1fd2abeb991,971707cb-32c1-434f-b61f-f1fd2abeb991,2024-12-13 14:04:00+00,2025-01-06 05:36:00+00,2025-01-06 05:36:00+00,,"{""component"": ""hydraulic"", ""asset_code"": ""LLX-COL-0265"", ""trigger_snapshot"": ""2024-12-10""}",2024-12-13 14:04:00+00,2026-08-10 19:03:05.467947+00
be03924a-5055-49b2-884d-2cd417ba4171,TCK-000408,432b30a3-4103-492c-915d-1e4a915a8607,c537c281-b6ad-4842-94ec-e937be0083e5,Telematics unit not reporting,"Sensor gateway on this vehicle has stopped publishing readings. Software team to check the telematics unit, SIM connectivity and data pipeline ingestion.

Vehicle: Isuzu FVR (WP LE-8840), bay G-015.",closed,high,high,high,software,software,Telematics issue reported on Isuzu FVR (WP LE-8840); software team engaged.,,b232ddd5-5830-4628-84d8-26c9e470d691,84ed798e-b511-4f4a-aa3a-e26029fdaf93,84ed798e-b511-4f4a-aa3a-e26029fdaf93,2025-07-22 13:21:00+00,2025-07-29 16:41:00+00,2025-07-29 16:41:00+00,2025-07-31 07:46:00+00,"{""component"": ""telematics"", ""asset_code"": ""LLX-COL-0375"", ""trigger_snapshot"": ""2025-07-10""}",2025-07-22 13:21:00+00,2026-08-10 19:03:05.467947+00
12e0d54a-18de-4318-b10c-b6c6e4903d06,TCK-000409,6a7e94ef-3c28-4c7f-8a68-7f13c208d4af,23a10ad6-f2ff-4aab-9878-de0f37f6bbe0,Uneven tyre wear and vibration at speed,"Driver reports steering vibration at highway speed. Suspect uneven tyre wear; requesting inspection, rotation and alignment.

Vehicle: Toyota HiAce (UP PB-8173), bay B-021.",closed,high,high,high,mechanical,mechanical,Tire issue reported on Toyota HiAce (UP PB-8173); mechanical team engaged.,,672d2211-01c0-4d57-9cc6-820a42f9f6ba,db01d178-e057-46ed-ba34-a2870594c197,db01d178-e057-46ed-ba34-a2870594c197,2025-08-18 12:28:00+00,2025-08-20 13:55:00+00,2025-08-20 13:55:00+00,2025-08-26 13:06:00+00,"{""component"": ""tire"", ""asset_code"": ""LLX-BDL-0081"", ""trigger_snapshot"": ""2025-08-10""}",2025-08-18 12:28:00+00,2026-08-10 19:03:05.467947+00
e60c41b6-c7c5-4ad0-8f83-596e40344438,TCK-000410,44b81125-adc8-4730-9f99-be521711dcfc,c537c281-b6ad-4842-94ec-e937be0083e5,Repeated hard starting in early shift,"Vehicle requires multiple crank attempts at shift start. Battery state of health is degraded on monitoring. Requesting battery and charging system diagnosis.

Vehicle: Heli CPCD30 (COL-FL-095), bay B-035.",resolved,low,low,low,electrical,electrical,Battery issue reported on Heli CPCD30 (COL-FL-095); electrical team engaged.,,df25e81a-cadf-4a18-aca5-a4f15e31d4ca,0045edfa-b68e-4e8a-8cb4-619cb936cc49,0045edfa-b68e-4e8a-8cb4-619cb936cc49,2024-12-10 05:42:00+00,2024-12-23 05:19:00+00,2024-12-23 05:19:00+00,,"{""component"": ""battery"", ""asset_code"": ""LLX-COL-0095"", ""trigger_snapshot"": ""2024-12-10""}",2024-12-10 05:42:00+00,2026-08-10 19:03:05.467947+00
a7a3fb9b-b211-4efe-9655-712082752af0,TCK-000411,e7d1dd9a-ff91-4a6f-b886-5a3e607c22dd,23a10ad6-f2ff-4aab-9878-de0f37f6bbe0,Telematics unit not reporting,"Sensor gateway on this vehicle has stopped publishing readings. Software team to check the telematics unit, SIM connectivity and data pipeline ingestion.

Vehicle: Toyota HiAce (UP PD-5720), bay B-003.",closed,high,high,high,electrical,software,Telematics issue reported on Toyota HiAce (UP PD-5720); software team engaged.,,201810ef-10d6-4664-9bf3-c78ad722a6de,389d9ee3-9a0e-4d55-9770-b461e7a536f0,389d9ee3-9a0e-4d55-9770-b461e7a536f0,2025-04-22 17:30:00+00,2025-05-05 05:39:00+00,2025-05-05 05:39:00+00,2025-05-12 16:53:00+00,"{""component"": ""telematics"", ""asset_code"": ""LLX-BDL-0063"", ""trigger_snapshot"": ""2025-04-10""}",2025-04-22 17:30:00+00,2026-08-10 19:03:05.467947+00
3f5f5475-046b-4b9d-8275-3fa121a7c2b5,TCK-000412,23238431-19a8-4401-b489-23e6dfec215b,23a10ad6-f2ff-4aab-9878-de0f37f6bbe0,Repeated hard starting in early shift,"Vehicle requires multiple crank attempts at shift start. Battery state of health is degraded on monitoring. Requesting battery and charging system diagnosis.

Vehicle: Mitsubishi Canter (UP LD-7859), bay C-047.",open,low,low,low,software,electrical,Battery issue reported on Mitsubishi Canter (UP LD-7859); electrical team engaged.,,e2efa991-7647-42b1-8b11-96899c4a2d89,b5be5681-f4d2-49ed-bcbc-b5a7d226bfca,,2026-04-21 17:02:00+00,,,,"{""component"": ""battery"", ""asset_code"": ""LLX-BDL-0167"", ""trigger_snapshot"": ""2026-04-10""}",2026-04-21 17:02:00+00,2026-08-10 19:03:05.467947+00
a47414b1-980e-45e9-aac6-b0f90dc5c4a5,TCK-000413,06c9d121-8916-4b66-8e85-e52c642be051,8f2b1c74-59d3-4a6e-9b21-7c4e0a5d3f88,Engine oil life exhausted - service overdue,"Oil life monitor has reached the end of its interval. Requesting engine oil and filter service before further dispatch.

Vehicle: Isuzu ELF NKR (SP LD-3870), bay D-022.",open,high,high,high,mechanical,mechanical,Oil issue reported on Isuzu ELF NKR (SP LD-3870); mechanical team engaged.,,c752deae-2089-4698-95c9-22b8797ac2c9,242e349c-5343-4ab9-b488-62509742f4c7,,2026-08-09 12:18:00+00,,,,"{""component"": ""oil"", ""asset_code"": ""LLX-GLE-0202"", ""trigger_snapshot"": ""2026-08-10""}",2026-08-09 12:18:00+00,2026-08-10 19:03:05.467947+00
974ca876-c892-47ff-917f-a6ca278b2cfc,TCK-000414,adf29952-220b-41c2-a38a-a1d0c3e220c4,23a10ad6-f2ff-4aab-9878-de0f37f6bbe0,Battery voltage low - charging system check required,"Battery voltage trend is below target and the vehicle is slow to crank in the morning. Electrical team to test battery health, alternator output and earth connections.

Vehicle: Toyota 8FD30 (BDL-FL-040), bay A-040.",closed,medium,medium,medium,electrical,electrical,Battery issue reported on Toyota 8FD30 (BDL-FL-040); electrical team engaged.,,5ad1e726-cd90-4d90-9217-c5fd5278615c,65a5b696-653b-4c78-8e17-17f954b7992b,65a5b696-653b-4c78-8e17-17f954b7992b,2025-08-17 15:04:00+00,2025-08-26 05:08:00+00,2025-08-26 05:08:00+00,2025-09-01 16:33:00+00,"{""component"": ""battery"", ""asset_code"": ""LLX-BDL-0040"", ""trigger_snapshot"": ""2025-08-10""}",2025-08-17 15:04:00+00,2026-08-10 19:03:05.467947+00
53fba5a9-5ab1-4212-ae96-e703beb15f6e,TCK-000415,28eb8783-c6d7-43b1-8c8a-593f0f620e7b,23a10ad6-f2ff-4aab-9878-de0f37f6bbe0,Hydraulic lift slow to respond,"Forklift mast raises slowly under load and drifts down when held. Requesting hydraulic fluid, seal and pump inspection.

Vehicle: Komatsu FD30 (BDL-FL-044), bay A-044.",closed,medium,medium,medium,mechanical,mechanical,Hydraulic issue reported on Komatsu FD30 (BDL-FL-044); mechanical team engaged.,,c90df745-1d60-4fee-882f-634728b39f2d,35b9a8e8-5284-40f5-9348-5f1e994c12f1,35b9a8e8-5284-40f5-9348-5f1e994c12f1,2025-11-21 11:55:00+00,2025-12-12 07:33:00+00,2025-12-12 07:33:00+00,2025-12-18 12:39:00+00,"{""component"": ""hydraulic"", ""asset_code"": ""LLX-BDL-0044"", ""trigger_snapshot"": ""2025-11-10""}",2025-11-21 11:55:00+00,2026-08-10 19:03:05.467947+00
370042a6-0a85-4b3c-9f25-b0a150f8ba61,TCK-000416,4b62720e-ec9c-4bff-bdc3-61f535efa578,8f2b1c74-59d3-4a6e-9b21-7c4e0a5d3f88,Tyre wear beyond service limit,"Tread depth is below the service threshold on condition monitoring. Requesting tyre replacement and wheel alignment check.

Vehicle: Piaggio Porter (SP LA-1630), bay C-046.",resolved,medium,high,medium,mechanical,mechanical,Tire issue reported on Piaggio Porter (SP LA-1630); mechanical team engaged.,,43420c9a-b3f9-494e-ab87-55ba4cca6846,016d73cf-e272-4f8f-a5e9-41a860fec088,016d73cf-e272-4f8f-a5e9-41a860fec088,2024-09-15 16:56:00+00,2024-09-24 09:15:00+00,2024-09-24 09:15:00+00,,"{""component"": ""tire"", ""asset_code"": ""LLX-GLE-0166"", ""trigger_snapshot"": ""2024-09-10""}",2024-09-15 16:56:00+00,2026-08-10 19:03:05.467947+00
d8772f10-da69-4d09-9919-c301a589dd4d,TCK-000417,861755f2-f92a-4af7-893f-2c2679b16918,c537c281-b6ad-4842-94ec-e937be0083e5,Tyre wear beyond service limit,"Tread depth is below the service threshold on condition monitoring. Requesting tyre replacement and wheel alignment check.

Vehicle: Heli CPCD30 (COL-FL-101), bay B-041.",closed,medium,medium,medium,mechanical,mechanical,Tire issue reported on Heli CPCD30 (COL-FL-101); mechanical team engaged.,,eba9aacb-62c6-4777-bee9-ea984880462e,70506215-8794-4b65-b206-0e75646dfe9a,70506215-8794-4b65-b206-0e75646dfe9a,2026-03-19 12:25:00+00,2026-03-30 12:58:00+00,2026-03-30 12:58:00+00,2026-04-03 17:21:00+00,"{""component"": ""tire"", ""asset_code"": ""LLX-COL-0101"", ""trigger_snapshot"": ""2026-03-10""}",2026-03-19 12:25:00+00,2026-08-10 19:03:05.467947+00
10ab5a35-54c4-485c-98ae-1236c6ccb407,TCK-000418,c252be55-fff0-4759-a186-7b97461ce11f,23a10ad6-f2ff-4aab-9878-de0f37f6bbe0,Engine oil life exhausted - service overdue,"Oil life monitor has reached the end of its interval. Requesting engine oil and filter service before further dispatch.

Vehicle: Mitsubishi Canter (UP LC-8630), bay C-016.",closed,medium,medium,medium,mechanical,mechanical,Oil issue reported on Mitsubishi Canter (UP LC-8630); mechanical team engaged.,,ef6299ea-dce6-47c7-9ad0-1881136969f0,33de58c2-5dc4-4385-bc4c-9ad66a6fe320,33de58c2-5dc4-4385-bc4c-9ad66a6fe320,2026-03-23 05:35:00+00,2026-03-30 07:36:00+00,2026-03-30 07:36:00+00,2026-04-08 16:51:00+00,"{""component"": ""oil"", ""asset_code"": ""LLX-BDL-0136"", ""trigger_snapshot"": ""2026-03-10""}",2026-03-23 05:35:00+00,2026-08-10 19:03:05.467947+00
6853309c-7b11-4a39-b56d-df70327a4c4d,TCK-000419,3989d27a-a595-4b55-9717-e314af613931,c537c281-b6ad-4842-94ec-e937be0083e5,Brake noise reported during descent,"Squealing and vibration reported under braking on gradient. Requesting brake pad and disc inspection before the vehicle returns to route.

Vehicle: Isuzu ELF NKR (WP LC-5290), bay F-037.",in_progress,medium,high,medium,mechanical,mechanical,Brake issue reported on Isuzu ELF NKR (WP LC-5290); mechanical team engaged.,,b390c01c-3083-473a-aeed-8099d7b0434f,e3558ee6-f358-4467-ac51-00c0aa187644,,2026-08-06 13:20:00+00,,,,"{""component"": ""brake"", ""asset_code"": ""LLX-COL-0337"", ""trigger_snapshot"": ""2026-08-10""}",2026-08-06 13:20:00+00,2026-08-10 19:03:05.467947+00
a1b26bea-9026-4be3-b4a7-952cb0488c57,TCK-000420,a744d7b8-6a10-4b59-98cd-b899bc5b1820,23a10ad6-f2ff-4aab-9878-de0f37f6bbe0,Oil pressure warning intermittent,"Intermittent oil pressure warning reported on the instrument cluster. Requesting oil level, filter and sender inspection.

Vehicle: Piaggio Porter (UP LB-5471), bay B-038.",closed,medium,medium,medium,mechanical,mechanical,Oil issue reported on Piaggio Porter (UP LB-5471); mechanical team engaged.,,599aecc1-1e2a-493a-ad32-93f00dd96fc6,ee5357e0-7ef0-49d6-aba4-c3a983e97bbd,ee5357e0-7ef0-49d6-aba4-c3a983e97bbd,2025-03-22 05:26:00+00,2025-04-02 17:19:00+00,2025-04-02 17:19:00+00,2025-04-03 17:25:00+00,"{""component"": ""oil"", ""asset_code"": ""LLX-BDL-0098"", ""trigger_snapshot"": ""2025-03-10""}",2025-03-22 05:26:00+00,2026-08-10 19:03:05.467947+00
e9721210-8f7b-46eb-8299-d8a44b98948a,TCK-000421,c440116b-6664-4fd6-9610-cc1ed98531f6,c537c281-b6ad-4842-94ec-e937be0083e5,Brake noise reported during descent,"Squealing and vibration reported under braking on gradient. Requesting brake pad and disc inspection before the vehicle returns to route.

Vehicle: Heli CPCD30 (COL-FL-122), bay C-002.",closed,low,low,low,mechanical,mechanical,Brake issue reported on Heli CPCD30 (COL-FL-122); mechanical team engaged.,,6b568122-8e5f-4230-93a9-c0335707eec2,3116c9d0-e74c-4cf3-84ee-8fbb2165d83f,3116c9d0-e74c-4cf3-84ee-8fbb2165d83f,2024-10-20 11:05:00+00,2024-10-24 13:04:00+00,2024-10-24 13:04:00+00,2024-10-27 16:45:00+00,"{""component"": ""brake"", ""asset_code"": ""LLX-COL-0122"", ""trigger_snapshot"": ""2024-10-10""}",2024-10-20 11:05:00+00,2026-08-10 19:03:05.467947+00
c511d90d-6a0c-4a13-be3e-17db1caa13bc,TCK-000422,d412e05c-2da1-415c-a7b4-54344ce61e18,8f2b1c74-59d3-4a6e-9b21-7c4e0a5d3f88,Brake noise reported during descent,"Squealing and vibration reported under braking on gradient. Requesting brake pad and disc inspection before the vehicle returns to route.

Vehicle: Toyota HiAce (SP PB-3440), bay B-060.",open,medium,medium,medium,mechanical,mechanical,Brake issue reported on Toyota HiAce (SP PB-3440); mechanical team engaged.,,ff858c38-4db7-4dcd-a154-6531520ed5b9,76f52321-d84d-4f11-979f-a6df1dccfcbd,,2026-07-21 10:56:00+00,,,,"{""component"": ""brake"", ""asset_code"": ""LLX-GLE-0120"", ""trigger_snapshot"": ""2026-07-10""}",2026-07-21 10:56:00+00,2026-08-10 19:03:05.467947+00
ab769938-afa3-4819-8dda-72e254b74e44,TCK-000423,5d6a671f-8b0a-4fcb-a2f6-fcdfec3523f8,c537c281-b6ad-4842-94ec-e937be0083e5,Repeated hard starting in early shift,"Vehicle requires multiple crank attempts at shift start. Battery state of health is degraded on monitoring. Requesting battery and charging system diagnosis.

Vehicle: Isuzu FVR (WP LE-8317), bay G-023.",resolved,high,high,high,electrical,electrical,Battery issue reported on Isuzu FVR (WP LE-8317); electrical team engaged.,,a3267fe3-9c0f-4b60-95c4-971b2cac8906,5e18dd32-52bf-446f-b5b4-306dd776e223,5e18dd32-52bf-446f-b5b4-306dd776e223,2026-08-05 07:36:00+00,2026-08-10 13:45:00+00,2026-08-10 13:45:00+00,,"{""component"": ""battery"", ""asset_code"": ""LLX-COL-0383"", ""trigger_snapshot"": ""2026-08-10""}",2026-08-05 07:36:00+00,2026-08-10 19:03:05.467947+00
f8e2d76a-2992-4b8a-9434-1896d738bbf7,TCK-000424,342b5159-578f-4680-ad47-8fffe69e951f,23a10ad6-f2ff-4aab-9878-de0f37f6bbe0,Uneven tyre wear and vibration at speed,"Driver reports steering vibration at highway speed. Suspect uneven tyre wear; requesting inspection, rotation and alignment.

Vehicle: Isuzu ELF NKR (UP LD-8626), bay C-007.",open,medium,medium,medium,mechanical,mechanical,Tire issue reported on Isuzu ELF NKR (UP LD-8626); mechanical team engaged.,,77ba0344-1a97-46df-8b96-16b02fbf7aae,accf0286-4b23-46a3-851f-00be6bdd8e5f,,2025-02-11 13:38:00+00,,,,"{""component"": ""tire"", ""asset_code"": ""LLX-BDL-0127"", ""trigger_snapshot"": ""2025-02-10""}",2025-02-11 13:38:00+00,2026-08-10 19:03:05.467947+00
d9672c8e-69d5-4cc8-aeb3-124a933541ed,TCK-000425,44b81125-adc8-4730-9f99-be521711dcfc,c537c281-b6ad-4842-94ec-e937be0083e5,Oil pressure warning intermittent,"Intermittent oil pressure warning reported on the instrument cluster. Requesting oil level, filter and sender inspection.

Vehicle: Heli CPCD30 (COL-FL-095), bay B-035.",resolved,low,low,low,mechanical,mechanical,Oil issue reported on Heli CPCD30 (COL-FL-095); mechanical team engaged.,,58cdf850-1ff6-4163-8877-bc794da22294,5184a5dd-4934-4cec-874b-92628013fb71,5184a5dd-4934-4cec-874b-92628013fb71,2024-09-22 10:59:00+00,2024-09-28 08:47:00+00,2024-09-28 08:47:00+00,,"{""component"": ""oil"", ""asset_code"": ""LLX-COL-0095"", ""trigger_snapshot"": ""2024-09-10""}",2024-09-22 10:59:00+00,2026-08-10 19:03:05.467947+00
3834da28-3ebc-4099-8190-3e9a75ff3641,TCK-000426,79697e99-92b1-4130-83e3-9c66bd997426,c537c281-b6ad-4842-94ec-e937be0083e5,Oil pressure warning intermittent,"Intermittent oil pressure warning reported on the instrument cluster. Requesting oil level, filter and sender inspection.

Vehicle: Komatsu FD25 (COL-FL-049), bay A-049.",resolved,high,high,high,mechanical,mechanical,Oil issue reported on Komatsu FD25 (COL-FL-049); mechanical team engaged.,,318da964-ffdd-4a77-aa9a-ede745666cdc,b5cc5903-a692-4230-b666-8fded6cecc3e,b5cc5903-a692-4230-b666-8fded6cecc3e,2024-10-29 17:09:00+00,2024-11-07 16:02:00+00,2024-11-07 16:02:00+00,,"{""component"": ""oil"", ""asset_code"": ""LLX-COL-0049"", ""trigger_snapshot"": ""2024-10-10""}",2024-10-29 17:09:00+00,2026-08-10 19:03:05.467947+00
d6519bc3-978d-44be-8176-539c769a95ea,TCK-000427,083984ab-380f-4d28-b894-14d63c86c83f,c537c281-b6ad-4842-94ec-e937be0083e5,Odometer readings inconsistent in platform,"Reported odometer on the platform disagrees with the vehicle cluster. Software team to verify sensor mapping and ingestion for this asset.

Vehicle: Isuzu ELF NKR (WP LC-3863), bay F-057.",resolved,high,high,high,software,software,Telematics issue reported on Isuzu ELF NKR (WP LC-3863); software team engaged.,,5576d8c3-4a33-48c3-b6d8-f684bc07fa9b,667f1ef6-99d9-4cff-b551-bc452b65fc89,667f1ef6-99d9-4cff-b551-bc452b65fc89,2024-10-23 07:17:00+00,2024-11-09 16:03:00+00,2024-11-09 16:03:00+00,,"{""component"": ""telematics"", ""asset_code"": ""LLX-COL-0357"", ""trigger_snapshot"": ""2024-10-10""}",2024-10-23 07:17:00+00,2026-08-10 19:03:05.467947+00
0c967de5-9acc-48bd-b08c-6e917d3ff041,TCK-000428,df88a72f-b7c3-4a4b-afb5-c63149c34cad,c537c281-b6ad-4842-94ec-e937be0083e5,Odometer readings inconsistent in platform,"Reported odometer on the platform disagrees with the vehicle cluster. Software team to verify sensor mapping and ingestion for this asset.

Vehicle: Toyota HiAce (WP PB-5906), bay C-054.",resolved,high,high,high,software,software,Telematics issue reported on Toyota HiAce (WP PB-5906); software team engaged.,,e0089955-7fd3-47d8-a384-4d9a69ca3920,fb16df24-42b0-44f6-8de3-8f95cdd7dc1f,fb16df24-42b0-44f6-8de3-8f95cdd7dc1f,2024-09-23 15:43:00+00,2024-10-14 07:17:00+00,2024-10-14 07:17:00+00,,"{""component"": ""telematics"", ""asset_code"": ""LLX-COL-0174"", ""trigger_snapshot"": ""2024-09-10""}",2024-09-23 15:43:00+00,2026-08-10 19:03:05.467947+00
1f13e4ac-9c38-423f-b2ba-65129413b189,TCK-000429,ead9f42e-6090-45ef-9590-1502803fb60c,23a10ad6-f2ff-4aab-9878-de0f37f6bbe0,Repeated hard starting in early shift,"Vehicle requires multiple crank attempts at shift start. Battery state of health is degraded on monitoring. Requesting battery and charging system diagnosis.

Vehicle: Mitsubishi Canter (UP LC-5324), bay C-026.",resolved,low,low,low,electrical,electrical,Battery issue reported on Mitsubishi Canter (UP LC-5324); electrical team engaged.,,12f09dc9-bc8a-4749-96a7-54c0a1488f53,b33c4ff9-69b5-4437-9699-63c066d6c353,b33c4ff9-69b5-4437-9699-63c066d6c353,2025-10-27 08:16:00+00,2025-11-09 09:19:00+00,2025-11-09 09:19:00+00,,"{""component"": ""battery"", ""asset_code"": ""LLX-BDL-0146"", ""trigger_snapshot"": ""2025-10-10""}",2025-10-27 08:16:00+00,2026-08-10 19:03:05.467947+00
0836bfb4-dffe-4112-a5e1-ae78a5696f19,TCK-000430,4fcdca25-785a-413b-923b-14a0d95f346a,c537c281-b6ad-4842-94ec-e937be0083e5,Battery voltage low - charging system check required,"Battery voltage trend is below target and the vehicle is slow to crank in the morning. Electrical team to test battery health, alternator output and earth connections.

Vehicle: Nissan Caravan (WP PC-9804), bay D-017.",closed,low,low,low,electrical,electrical,Battery issue reported on Nissan Caravan (WP PC-9804); electrical team engaged.,,cea796b2-64d1-4259-b1e7-4b06b3468fcd,7172df17-f1b4-41d1-a5ee-2bf445703d25,7172df17-f1b4-41d1-a5ee-2bf445703d25,2025-12-18 11:03:00+00,2025-12-22 07:54:00+00,2025-12-22 07:54:00+00,2025-12-24 06:48:00+00,"{""component"": ""battery"", ""asset_code"": ""LLX-COL-0197"", ""trigger_snapshot"": ""2025-12-10""}",2025-12-18 11:03:00+00,2026-08-10 19:03:05.467947+00
619b9e13-8f60-4f5d-bafe-e1eaa3cdd951,TCK-000431,b1bf27f6-f668-4fe9-b054-6924b52b63b3,c537c281-b6ad-4842-94ec-e937be0083e5,Brake performance degraded - inspection required,"Driver reports longer stopping distance and reduced pedal firmness. Brake wear indicator is low on condition monitoring. Mechanical team to inspect pads, discs and brake fluid.

Vehicle: Toyota HiAce (WP PC-3954), bay D-048.",resolved,high,high,high,mechanical,mechanical,Brake issue reported on Toyota HiAce (WP PC-3954); mechanical team engaged.,,34d98104-2994-461c-a189-b9a2067b9e96,0bcca5d2-620c-4e90-ae82-fb6ffc7af33d,0bcca5d2-620c-4e90-ae82-fb6ffc7af33d,2026-05-28 13:17:00+00,2026-05-29 07:02:00+00,2026-05-29 07:02:00+00,,"{""component"": ""brake"", ""asset_code"": ""LLX-COL-0228"", ""trigger_snapshot"": ""2026-05-10""}",2026-05-28 13:17:00+00,2026-08-10 19:03:05.467947+00
7a9c055f-e376-4a45-8aed-773a65020b26,TCK-000432,b7859dd8-e266-4fbb-9ebb-9c922880b895,8f2b1c74-59d3-4a6e-9b21-7c4e0a5d3f88,Repeated hard starting in early shift,"Vehicle requires multiple crank attempts at shift start. Battery state of health is degraded on monitoring. Requesting battery and charging system diagnosis.

Vehicle: Heli CPCD25 (GLE-FL-053), bay A-053.",closed,high,high,high,electrical,electrical,Battery issue reported on Heli CPCD25 (GLE-FL-053); electrical team engaged.,,6b542d62-88e1-44e6-8acf-9d19f3fd2a60,785a349f-b3ca-4199-beb9-4e50013f54c8,785a349f-b3ca-4199-beb9-4e50013f54c8,2025-12-14 15:31:00+00,2025-12-18 16:32:00+00,2025-12-18 16:32:00+00,2025-12-26 12:40:00+00,"{""component"": ""battery"", ""asset_code"": ""LLX-GLE-0053"", ""trigger_snapshot"": ""2025-12-10""}",2025-12-14 15:31:00+00,2026-08-10 19:03:05.467947+00
2e43415e-d1fc-49bd-bc45-a7df2b15eedf,TCK-000433,e6f4683b-d956-433f-9143-a364ebc377b1,8f2b1c74-59d3-4a6e-9b21-7c4e0a5d3f88,Oil pressure warning intermittent,"Intermittent oil pressure warning reported on the instrument cluster. Requesting oil level, filter and sender inspection.

Vehicle: Tata T.12 (SP LF-9022), bay D-042.",resolved,high,high,high,mechanical,mechanical,Oil issue reported on Tata T.12 (SP LF-9022); mechanical team engaged.,,cc8b2b85-0438-4fcb-a7da-7fd0ad418427,a363109b-c8ce-4177-9d91-030ac0b8df3a,a363109b-c8ce-4177-9d91-030ac0b8df3a,2025-04-30 07:15:00+00,2025-05-17 08:56:00+00,2025-05-17 08:56:00+00,,"{""component"": ""oil"", ""asset_code"": ""LLX-GLE-0222"", ""trigger_snapshot"": ""2025-04-10""}",2025-04-30 07:15:00+00,2026-08-10 19:03:05.467947+00
799f66cf-dc29-4ffa-a63f-a1102f3dbc60,TCK-000434,41320fed-e734-44e9-9e02-22f9a47a91bb,c537c281-b6ad-4842-94ec-e937be0083e5,Uneven tyre wear and vibration at speed,"Driver reports steering vibration at highway speed. Suspect uneven tyre wear; requesting inspection, rotation and alignment.

Vehicle: Komatsu FD25 (COL-FL-070), bay B-010.",resolved,medium,medium,medium,mechanical,mechanical,Tire issue reported on Komatsu FD25 (COL-FL-070); mechanical team engaged.,,8f16f0cc-0478-4195-8ddb-43b8f8e96be6,96fb9f33-3e52-4958-8405-6ccf26fcacdc,96fb9f33-3e52-4958-8405-6ccf26fcacdc,2025-04-11 09:35:00+00,2025-04-14 14:35:00+00,2025-04-14 14:35:00+00,,"{""component"": ""tire"", ""asset_code"": ""LLX-COL-0070"", ""trigger_snapshot"": ""2025-04-10""}",2025-04-11 09:35:00+00,2026-08-10 19:03:05.467947+00
d4192da2-c090-40aa-8126-7164caf05628,TCK-000435,356349f3-df0e-4189-bfb6-476417dc8ad4,8f2b1c74-59d3-4a6e-9b21-7c4e0a5d3f88,Brake noise reported during descent,"Squealing and vibration reported under braking on gradient. Requesting brake pad and disc inspection before the vehicle returns to route.

Vehicle: Mercedes Actros 1836 (SP LG-2267), bay E-008.",closed,high,high,high,mechanical,mechanical,Brake issue reported on Mercedes Actros 1836 (SP LG-2267); mechanical team engaged.,,c752deae-2089-4698-95c9-22b8797ac2c9,4212a9e1-e03c-4ea2-9d8c-c180b703b99a,4212a9e1-e03c-4ea2-9d8c-c180b703b99a,2025-11-18 08:02:00+00,2025-11-30 10:05:00+00,2025-11-30 10:05:00+00,2025-12-07 12:32:00+00,"{""component"": ""brake"", ""asset_code"": ""LLX-GLE-0248"", ""trigger_snapshot"": ""2025-11-10""}",2025-11-18 08:02:00+00,2026-08-10 19:03:05.467947+00
c4cc34c8-3b28-49d4-bc80-efac9fc59c51,TCK-000436,1b4befe8-0218-47f2-aa51-237ae499d73a,8f2b1c74-59d3-4a6e-9b21-7c4e0a5d3f88,Fault codes not clearing after service,"Active fault codes remain present on the dashboard after the workshop reset. Requesting diagnostic tool session and ECU log review.

Vehicle: Toyota 8FD30 (GLE-FL-067), bay B-007.",closed,high,high,high,software,software,Telematics issue reported on Toyota 8FD30 (GLE-FL-067); software team engaged.,,0ec99173-42e2-41ac-a036-815854061722,f9a5607b-7040-4ba8-95c0-6de3c5367dea,f9a5607b-7040-4ba8-95c0-6de3c5367dea,2024-11-14 09:39:00+00,2024-12-04 11:17:00+00,2024-12-04 11:17:00+00,2024-12-06 07:02:00+00,"{""component"": ""telematics"", ""asset_code"": ""LLX-GLE-0067"", ""trigger_snapshot"": ""2024-11-10""}",2024-11-14 09:39:00+00,2026-08-10 19:03:05.467947+00
e48e4c4b-47bf-49bb-b981-368d6b52d561,TCK-000437,992972d5-8450-484b-9c66-abfa9122eb1a,c537c281-b6ad-4842-94ec-e937be0083e5,Brake noise reported during descent,"Squealing and vibration reported under braking on gradient. Requesting brake pad and disc inspection before the vehicle returns to route.

Vehicle: Komatsu FD30 (COL-FL-130), bay C-010.",closed,medium,low,medium,mechanical,mechanical,Brake issue reported on Komatsu FD30 (COL-FL-130); mechanical team engaged.,,071c8cbe-8125-4dde-ae07-2ac65beea113,971707cb-32c1-434f-b61f-f1fd2abeb991,971707cb-32c1-434f-b61f-f1fd2abeb991,2025-10-12 05:49:00+00,2025-10-23 10:04:00+00,2025-10-23 10:04:00+00,2025-10-24 05:26:00+00,"{""component"": ""brake"", ""asset_code"": ""LLX-COL-0130"", ""trigger_snapshot"": ""2025-10-10""}",2025-10-12 05:49:00+00,2026-08-10 19:03:05.467947+00
dbd82bd7-13d4-4a84-9714-fde2e3ef88d4,TCK-000438,dc6c2c1e-89ee-45c7-a5f2-834350b21343,c537c281-b6ad-4842-94ec-e937be0083e5,Tyre wear beyond service limit,"Tread depth is below the service threshold on condition monitoring. Requesting tyre replacement and wheel alignment check.

Vehicle: Komatsu FD25 (COL-FL-015), bay A-015.",closed,high,low,high,mechanical,mechanical,Tire issue reported on Komatsu FD25 (COL-FL-015); mechanical team engaged.,,6afbbe79-b3b4-4bce-969a-13c3c0c87b06,0816a11f-c50f-456a-8311-8bf2e4aeff0e,0816a11f-c50f-456a-8311-8bf2e4aeff0e,2025-12-20 08:47:00+00,2025-12-21 14:43:00+00,2025-12-21 14:43:00+00,2025-12-30 12:13:00+00,"{""component"": ""tire"", ""asset_code"": ""LLX-COL-0015"", ""trigger_snapshot"": ""2025-12-10""}",2025-12-20 08:47:00+00,2026-08-10 19:03:05.467947+00
d913a5aa-9aab-4218-abc8-433952dda850,TCK-000439,cc38b41e-77b1-4aac-8f57-43cc9bce4fc7,23a10ad6-f2ff-4aab-9878-de0f37f6bbe0,Engine oil life exhausted - service overdue,"Oil life monitor has reached the end of its interval. Requesting engine oil and filter service before further dispatch.

Vehicle: Tata Ultra T.7 (UP LC-1941), bay C-034.",open,medium,medium,medium,mechanical,mechanical,Oil issue reported on Tata Ultra T.7 (UP LC-1941); mechanical team engaged.,,5fe1beeb-66c7-478f-99ab-265a7b8c5103,246980b5-110b-4571-9060-906f0c1ed19f,,2024-09-12 07:32:00+00,,,,"{""component"": ""oil"", ""asset_code"": ""LLX-BDL-0154"", ""trigger_snapshot"": ""2024-09-10""}",2024-09-12 07:32:00+00,2026-08-10 19:03:05.467947+00
5af7327e-85f3-4716-8b80-0b56341cb261,TCK-000440,eabeb31f-6ede-4bd8-a157-1ff9190a3c4f,c537c281-b6ad-4842-94ec-e937be0083e5,Brake performance degraded - inspection required,"Driver reports longer stopping distance and reduced pedal firmness. Brake wear indicator is low on condition monitoring. Mechanical team to inspect pads, discs and brake fluid.

Vehicle: Nissan Caravan (WP PD-2372), bay D-007.",closed,medium,medium,medium,mechanical,mechanical,Brake issue reported on Nissan Caravan (WP PD-2372); mechanical team engaged.,,37312388-fdb3-4d96-a270-ec86cf28080e,65403423-49cb-46e5-8f5f-eb8802feb133,65403423-49cb-46e5-8f5f-eb8802feb133,2024-10-28 17:55:00+00,2024-11-12 11:39:00+00,2024-11-12 11:39:00+00,2024-11-17 17:37:00+00,"{""component"": ""brake"", ""asset_code"": ""LLX-COL-0187"", ""trigger_snapshot"": ""2024-10-10""}",2024-10-28 17:55:00+00,2026-08-10 19:03:05.467947+00
1dcc0820-41ba-42fa-87c2-3fefa603135a,TCK-000441,21d42090-9ea5-4638-be12-32a6095b6b5f,23a10ad6-f2ff-4aab-9878-de0f37f6bbe0,Tyre wear beyond service limit,"Tread depth is below the service threshold on condition monitoring. Requesting tyre replacement and wheel alignment check.

Vehicle: Mahindra Bolero Pickup (UP LB-7905), bay B-042.",closed,high,high,high,mechanical,mechanical,Tire issue reported on Mahindra Bolero Pickup (UP LB-7905); mechanical team engaged.,,8a0dc0c8-8bed-4024-a051-dbed41ba8410,6307ed65-c77c-40e7-9e0f-0b67135eb7b1,6307ed65-c77c-40e7-9e0f-0b67135eb7b1,2025-01-26 13:36:00+00,2025-02-13 16:47:00+00,2025-02-13 16:47:00+00,2025-02-21 11:32:00+00,"{""component"": ""tire"", ""asset_code"": ""LLX-BDL-0102"", ""trigger_snapshot"": ""2025-01-10""}",2025-01-26 13:36:00+00,2026-08-10 19:03:05.467947+00
4cef3c20-62f9-497a-942a-7450c3d21d3b,TCK-000442,b0ffc15c-f9dd-42c0-ba9c-0bb9c0d9a190,8f2b1c74-59d3-4a6e-9b21-7c4e0a5d3f88,Odometer readings inconsistent in platform,"Reported odometer on the platform disagrees with the vehicle cluster. Software team to verify sensor mapping and ingestion for this asset.

Vehicle: Isuzu ELF NKR (SP LC-3180), bay D-012.",resolved,medium,medium,medium,software,software,Telematics issue reported on Isuzu ELF NKR (SP LC-3180); software team engaged.,,2751f9ca-5a8f-480f-b7f6-8d7c60846a2a,f9a5607b-7040-4ba8-95c0-6de3c5367dea,f9a5607b-7040-4ba8-95c0-6de3c5367dea,2024-11-19 05:39:00+00,2024-11-30 17:44:00+00,2024-11-30 17:44:00+00,,"{""component"": ""telematics"", ""asset_code"": ""LLX-GLE-0192"", ""trigger_snapshot"": ""2024-11-10""}",2024-11-19 05:39:00+00,2026-08-10 19:03:05.467947+00
dea66b66-1082-454d-893e-76cdc90a1175,TCK-000443,3c82a462-9434-4939-9d5c-e45a2d7c1b9a,23a10ad6-f2ff-4aab-9878-de0f37f6bbe0,Hydraulic fluid weeping at cylinder,"Visible weeping at the lift cylinder and reduced hydraulic performance on monitoring. Requesting seal replacement.

Vehicle: Heli CPCD25 (BDL-FL-030), bay A-030.",closed,low,low,low,mechanical,mechanical,Hydraulic issue reported on Heli CPCD25 (BDL-FL-030); mechanical team engaged.,,c195e972-c33b-45b7-939a-71c02d221534,e4333d48-503a-4694-b7d9-97ac9dee27e0,e4333d48-503a-4694-b7d9-97ac9dee27e0,2026-06-24 09:04:00+00,2026-07-15 05:49:00+00,2026-07-15 05:49:00+00,2026-07-17 08:49:00+00,"{""component"": ""hydraulic"", ""asset_code"": ""LLX-BDL-0030"", ""trigger_snapshot"": ""2026-06-10""}",2026-06-24 09:04:00+00,2026-08-10 19:03:05.467947+00
58e18247-27a7-44de-9d0d-99b5824c5f11,TCK-000444,58384c58-a45b-48b0-b0ce-63e10a5522dc,c537c281-b6ad-4842-94ec-e937be0083e5,Battery voltage low - charging system check required,"Battery voltage trend is below target and the vehicle is slow to crank in the morning. Electrical team to test battery health, alternator output and earth connections.

Vehicle: Tata T.12 (WP LE-5937), bay G-016.",closed,medium,medium,medium,electrical,electrical,Battery issue reported on Tata T.12 (WP LE-5937); electrical team engaged.,,c0bdfba4-2737-4375-a054-7e05fcb90314,5e18dd32-52bf-446f-b5b4-306dd776e223,5e18dd32-52bf-446f-b5b4-306dd776e223,2025-12-14 11:40:00+00,2025-12-17 09:44:00+00,2025-12-17 09:44:00+00,2025-12-23 05:30:00+00,"{""component"": ""battery"", ""asset_code"": ""LLX-COL-0376"", ""trigger_snapshot"": ""2025-12-10""}",2025-12-14 11:40:00+00,2026-08-10 19:03:05.467947+00
ebd3855c-8bfd-4bb9-b0b5-515a43081af7,TCK-000445,35ba0719-b194-4a35-a63d-72d07be76a90,23a10ad6-f2ff-4aab-9878-de0f37f6bbe0,Brake noise reported during descent,"Squealing and vibration reported under braking on gradient. Requesting brake pad and disc inspection before the vehicle returns to route.

Vehicle: Tata Ace (UP LB-7334), bay B-043.",resolved,high,high,high,mechanical,mechanical,Brake issue reported on Tata Ace (UP LB-7334); mechanical team engaged.,,9b3bff38-da7d-4ad0-8bf0-efdd03c2c0f8,35b9a8e8-5284-40f5-9348-5f1e994c12f1,35b9a8e8-5284-40f5-9348-5f1e994c12f1,2025-04-25 12:11:00+00,2025-05-09 10:24:00+00,2025-05-09 10:24:00+00,,"{""component"": ""brake"", ""asset_code"": ""LLX-BDL-0103"", ""trigger_snapshot"": ""2025-04-10""}",2025-04-25 12:11:00+00,2026-08-10 19:03:05.467947+00
85bcdcd8-2122-4569-9197-169a83af0703,TCK-000446,a69c03e7-be17-4261-9931-28c92a5dd71f,c537c281-b6ad-4842-94ec-e937be0083e5,Repeated hard starting in early shift,"Vehicle requires multiple crank attempts at shift start. Battery state of health is degraded on monitoring. Requesting battery and charging system diagnosis.

Vehicle: KDH Van (WP PB-5133), bay D-037.",closed,low,low,low,electrical,electrical,Battery issue reported on KDH Van (WP PB-5133); electrical team engaged.,,ded95339-a354-4096-aff7-5819a01aff0a,b7d6f932-49f4-46ba-85fa-9c50ab72be6f,b7d6f932-49f4-46ba-85fa-9c50ab72be6f,2025-04-23 08:59:00+00,2025-05-13 05:14:00+00,2025-05-13 05:14:00+00,2025-05-16 09:50:00+00,"{""component"": ""battery"", ""asset_code"": ""LLX-COL-0217"", ""trigger_snapshot"": ""2025-04-10""}",2025-04-23 08:59:00+00,2026-08-10 19:03:05.467947+00
c4b157a4-b35a-48a3-95d0-7845ef35e6ee,TCK-000447,69583c46-01c2-47ae-90ca-4df64f46bf0e,c537c281-b6ad-4842-94ec-e937be0083e5,Hydraulic fluid weeping at cylinder,"Visible weeping at the lift cylinder and reduced hydraulic performance on monitoring. Requesting seal replacement.

Vehicle: Tata Ultra T.7 (WP LD-1092), bay F-042.",closed,medium,medium,medium,mechanical,mechanical,Hydraulic issue reported on Tata Ultra T.7 (WP LD-1092); mechanical team engaged.,,dd8df242-b4d3-44f9-bebc-1f1f719d4adf,799f9455-62db-4da1-8b99-9f32da209d65,799f9455-62db-4da1-8b99-9f32da209d65,2025-12-11 07:00:00+00,2025-12-18 11:14:00+00,2025-12-18 11:14:00+00,2025-12-21 05:28:00+00,"{""component"": ""hydraulic"", ""asset_code"": ""LLX-COL-0342"", ""trigger_snapshot"": ""2025-12-10""}",2025-12-11 07:00:00+00,2026-08-10 19:03:05.467947+00
48970984-2a20-41ca-820c-4a44e6ee673c,TCK-000448,260753c6-c455-4d0f-bc45-cb6e700f7372,c537c281-b6ad-4842-94ec-e937be0083e5,Battery voltage low - charging system check required,"Battery voltage trend is below target and the vehicle is slow to crank in the morning. Electrical team to test battery health, alternator output and earth connections.

Vehicle: Heli CPCD30 (COL-FL-110), bay B-050.",closed,medium,medium,medium,electrical,electrical,Battery issue reported on Heli CPCD30 (COL-FL-110); electrical team engaged.,,39b554e5-791e-4c3a-93cf-64b197bc83d1,46b65206-6f2c-4777-b6a0-ed9d0d81dc19,46b65206-6f2c-4777-b6a0-ed9d0d81dc19,2026-03-23 08:34:00+00,2026-04-06 11:20:00+00,2026-04-06 11:20:00+00,2026-04-15 13:40:00+00,"{""component"": ""battery"", ""asset_code"": ""LLX-COL-0110"", ""trigger_snapshot"": ""2026-03-10""}",2026-03-23 08:34:00+00,2026-08-10 19:03:05.467947+00
afa3eae8-bec5-42dd-8275-9094c1af0001,TCK-000449,23758f9e-767d-48f6-bb2c-814b1c5d7fbb,c537c281-b6ad-4842-94ec-e937be0083e5,Hydraulic fluid weeping at cylinder,"Visible weeping at the lift cylinder and reduced hydraulic performance on monitoring. Requesting seal replacement.

Vehicle: Komatsu FD25 (COL-FL-031), bay A-031.",closed,medium,medium,medium,mechanical,mechanical,Hydraulic issue reported on Komatsu FD25 (COL-FL-031); mechanical team engaged.,,ac12a941-4c38-43f8-ac1f-6c1672cf260e,ece2a321-bc6d-4cdf-9d3a-f642ed83ae68,ece2a321-bc6d-4cdf-9d3a-f642ed83ae68,2025-09-26 06:22:00+00,2025-10-07 10:45:00+00,2025-10-07 10:45:00+00,2025-10-12 09:10:00+00,"{""component"": ""hydraulic"", ""asset_code"": ""LLX-COL-0031"", ""trigger_snapshot"": ""2025-09-10""}",2025-09-26 06:22:00+00,2026-08-10 19:03:05.467947+00
38a11b9e-b370-4d87-9c47-a98c37082d79,TCK-000450,e46ed07c-e507-4164-9d5f-65f7e2ca1e89,8f2b1c74-59d3-4a6e-9b21-7c4e0a5d3f88,Brake performance degraded - inspection required,"Driver reports longer stopping distance and reduced pedal firmness. Brake wear indicator is low on condition monitoring. Mechanical team to inspect pads, discs and brake fluid.

Vehicle: Tata Ace (SP LA-4772), bay C-049.",closed,medium,medium,medium,mechanical,mechanical,Brake issue reported on Tata Ace (SP LA-4772); mechanical team engaged.,,42754b10-735f-41e7-bdf0-c4ec00356988,1246b49b-4c2a-428c-9e26-abdd7df1b7e0,1246b49b-4c2a-428c-9e26-abdd7df1b7e0,2024-12-12 15:55:00+00,2024-12-24 09:11:00+00,2024-12-24 09:11:00+00,2025-01-01 17:35:00+00,"{""component"": ""brake"", ""asset_code"": ""LLX-GLE-0169"", ""trigger_snapshot"": ""2024-12-10""}",2024-12-12 15:55:00+00,2026-08-10 19:03:05.467947+00
0357576d-741d-4b40-8237-7cf2ddc1c33c,TCK-000452,ead9f42e-6090-45ef-9590-1502803fb60c,23a10ad6-f2ff-4aab-9878-de0f37f6bbe0,Odometer readings inconsistent in platform,"Reported odometer on the platform disagrees with the vehicle cluster. Software team to verify sensor mapping and ingestion for this asset.

Vehicle: Mitsubishi Canter (UP LC-5324), bay C-026.",resolved,medium,medium,medium,software,software,Telematics issue reported on Mitsubishi Canter (UP LC-5324); software team engaged.,,5ad1e726-cd90-4d90-9217-c5fd5278615c,ea52bfbe-19f5-4dff-86bf-a319e0bec453,ea52bfbe-19f5-4dff-86bf-a319e0bec453,2025-03-19 10:27:00+00,2025-03-25 06:32:00+00,2025-03-25 06:32:00+00,,"{""component"": ""telematics"", ""asset_code"": ""LLX-BDL-0146"", ""trigger_snapshot"": ""2025-03-10""}",2025-03-19 10:27:00+00,2026-08-10 19:03:05.467947+00
590d2c34-a7da-4c38-a4a8-2486edc1aefe,TCK-000453,69bd93cb-aad7-49a1-b2ac-50ff164b0d70,c537c281-b6ad-4842-94ec-e937be0083e5,Engine oil life exhausted - service overdue,"Oil life monitor has reached the end of its interval. Requesting engine oil and filter service before further dispatch.

Vehicle: Tata Ultra T.7 (WP LC-1989), bay F-029.",closed,medium,medium,medium,mechanical,mechanical,Oil issue reported on Tata Ultra T.7 (WP LC-1989); mechanical team engaged.,,f5e91b7d-09e8-45a0-921d-cfc6fd0e2916,79bbaaa4-918b-47e0-ba89-d5f2b5a4d4ba,79bbaaa4-918b-47e0-ba89-d5f2b5a4d4ba,2024-11-12 12:47:00+00,2024-12-02 05:47:00+00,2024-12-02 05:47:00+00,2024-12-10 10:46:00+00,"{""component"": ""oil"", ""asset_code"": ""LLX-COL-0329"", ""trigger_snapshot"": ""2024-11-10""}",2024-11-12 12:47:00+00,2026-08-10 19:03:05.467947+00
d3551e49-5f42-451e-ade5-f2e6ab789532,TCK-000454,765c4ae6-ddf0-4b5b-868e-dc64b71a8adc,c537c281-b6ad-4842-94ec-e937be0083e5,Repeated hard starting in early shift,"Vehicle requires multiple crank attempts at shift start. Battery state of health is degraded on monitoring. Requesting battery and charging system diagnosis.

Vehicle: Piaggio Porter (WP LB-2953), bay E-050.",closed,high,high,high,electrical,electrical,Battery issue reported on Piaggio Porter (WP LB-2953); electrical team engaged.,,a1fd5c15-f4c2-416a-b42d-dc0980be48b4,46b65206-6f2c-4777-b6a0-ed9d0d81dc19,46b65206-6f2c-4777-b6a0-ed9d0d81dc19,2025-06-11 16:56:00+00,2025-06-23 10:26:00+00,2025-06-23 10:26:00+00,2025-06-29 12:19:00+00,"{""component"": ""battery"", ""asset_code"": ""LLX-COL-0290"", ""trigger_snapshot"": ""2025-06-10""}",2025-06-11 16:56:00+00,2026-08-10 19:03:05.467947+00
6ea1925e-f496-463d-8d9f-52c781e76d93,TCK-000455,786aba06-5e41-4cfb-9d78-796fadda4876,c537c281-b6ad-4842-94ec-e937be0083e5,Tyre wear beyond service limit,"Tread depth is below the service threshold on condition monitoring. Requesting tyre replacement and wheel alignment check.

Vehicle: Mitsubishi Canter (WP LC-4784), bay F-031.",closed,medium,medium,medium,mechanical,mechanical,Tire issue reported on Mitsubishi Canter (WP LC-4784); mechanical team engaged.,,9eb29422-f448-4bb6-ab3d-c580defcd756,ff7c83e7-5c79-453d-ba13-4194d70d1e17,ff7c83e7-5c79-453d-ba13-4194d70d1e17,2025-01-15 12:50:00+00,2025-01-19 05:05:00+00,2025-01-19 05:05:00+00,2025-01-25 16:54:00+00,"{""component"": ""tire"", ""asset_code"": ""LLX-COL-0331"", ""trigger_snapshot"": ""2025-01-10""}",2025-01-15 12:50:00+00,2026-08-10 19:03:05.467947+00
3135296c-41b7-4545-b55b-a71508cd1077,TCK-000456,786aba06-5e41-4cfb-9d78-796fadda4876,c537c281-b6ad-4842-94ec-e937be0083e5,Uneven tyre wear and vibration at speed,"Driver reports steering vibration at highway speed. Suspect uneven tyre wear; requesting inspection, rotation and alignment.

Vehicle: Mitsubishi Canter (WP LC-4784), bay F-031.",closed,high,low,high,mechanical,mechanical,Tire issue reported on Mitsubishi Canter (WP LC-4784); mechanical team engaged.,,b5e62dd4-b490-4de7-a2c0-acdaa17d0c07,94c16a8c-074b-4b37-ab95-493170740735,94c16a8c-074b-4b37-ab95-493170740735,2025-05-25 07:51:00+00,2025-06-02 14:47:00+00,2025-06-02 14:47:00+00,2025-06-05 09:54:00+00,"{""component"": ""tire"", ""asset_code"": ""LLX-COL-0331"", ""trigger_snapshot"": ""2025-05-10""}",2025-05-25 07:51:00+00,2026-08-10 19:03:05.467947+00
af8f1c08-0bb0-44ce-ae7c-0c6d76442e35,TCK-000457,cf0c23fd-05ec-42af-bf94-ebd78f19cd5b,8f2b1c74-59d3-4a6e-9b21-7c4e0a5d3f88,Tyre wear beyond service limit,"Tread depth is below the service threshold on condition monitoring. Requesting tyre replacement and wheel alignment check.

Vehicle: Toyota 8FD25 (GLE-FL-026), bay A-026.",closed,high,high,high,mechanical,mechanical,Tire issue reported on Toyota 8FD25 (GLE-FL-026); mechanical team engaged.,,83ec1f03-5a3e-4e22-bc6f-57947070ce66,4212a9e1-e03c-4ea2-9d8c-c180b703b99a,4212a9e1-e03c-4ea2-9d8c-c180b703b99a,2024-12-26 07:20:00+00,2025-01-04 08:55:00+00,2025-01-04 08:55:00+00,2025-01-12 17:29:00+00,"{""component"": ""tire"", ""asset_code"": ""LLX-GLE-0026"", ""trigger_snapshot"": ""2024-12-10""}",2024-12-26 07:20:00+00,2026-08-10 19:03:05.467947+00
e12e62d2-81bc-4895-852c-53dec1037aa4,TCK-000458,f63250b5-0058-4e7b-9ee2-a57386a6e303,c537c281-b6ad-4842-94ec-e937be0083e5,Engine oil life exhausted - service overdue,"Oil life monitor has reached the end of its interval. Requesting engine oil and filter service before further dispatch.

Vehicle: Isuzu ELF NKR (WP LD-6755), bay E-058.",closed,medium,medium,medium,mechanical,mechanical,Oil issue reported on Isuzu ELF NKR (WP LD-6755); mechanical team engaged.,,4249c88c-d0ac-433f-b414-903379d7b070,6b59f9f2-4c2d-40ea-8a3b-76bb6b7f5dd1,6b59f9f2-4c2d-40ea-8a3b-76bb6b7f5dd1,2025-11-13 12:59:00+00,2025-11-18 11:30:00+00,2025-11-18 11:30:00+00,2025-11-24 13:29:00+00,"{""component"": ""oil"", ""asset_code"": ""LLX-COL-0298"", ""trigger_snapshot"": ""2025-11-10""}",2025-11-13 12:59:00+00,2026-08-10 19:03:05.467947+00
3fa27e5e-3952-4840-bc08-a07fafe60567,TCK-000459,b9f24a31-d4b1-4ba6-ba6b-92390851ae4b,23a10ad6-f2ff-4aab-9878-de0f37f6bbe0,Uneven tyre wear and vibration at speed,"Driver reports steering vibration at highway speed. Suspect uneven tyre wear; requesting inspection, rotation and alignment.

Vehicle: Toyota 8FD25 (BDL-FL-016), bay A-016.",closed,high,high,high,mechanical,mechanical,Tire issue reported on Toyota 8FD25 (BDL-FL-016); mechanical team engaged.,,dedd34c4-030e-4a29-b3b3-20abc8e2ed74,accf0286-4b23-46a3-851f-00be6bdd8e5f,accf0286-4b23-46a3-851f-00be6bdd8e5f,2024-11-12 09:43:00+00,2024-11-24 12:44:00+00,2024-11-24 12:44:00+00,2024-12-01 11:35:00+00,"{""component"": ""tire"", ""asset_code"": ""LLX-BDL-0016"", ""trigger_snapshot"": ""2024-11-10""}",2024-11-12 09:43:00+00,2026-08-10 19:03:05.467947+00
c1dff9f7-aef9-48b6-960a-f8343d19a7d6,TCK-000460,b99acf8b-51f0-4a74-8236-3e63b6f17bca,23a10ad6-f2ff-4aab-9878-de0f37f6bbe0,Hydraulic lift slow to respond,"Forklift mast raises slowly under load and drifts down when held. Requesting hydraulic fluid, seal and pump inspection.

Vehicle: Mitsubishi Fuso Fighter (UP LF-1433), bay D-003.",closed,low,low,low,mechanical,mechanical,Hydraulic issue reported on Mitsubishi Fuso Fighter (UP LF-1433); mechanical team engaged.,,47aa7347-bff7-4069-bc8d-99693751ee09,c72f23f6-0751-4dfb-aa15-6737a84c61f4,c72f23f6-0751-4dfb-aa15-6737a84c61f4,2025-07-29 07:07:00+00,2025-08-01 13:17:00+00,2025-08-01 13:17:00+00,2025-08-04 17:28:00+00,"{""component"": ""hydraulic"", ""asset_code"": ""LLX-BDL-0183"", ""trigger_snapshot"": ""2025-07-10""}",2025-07-29 07:07:00+00,2026-08-10 19:03:05.467947+00
7a214b21-ce81-4374-b556-9c965c898e66,TCK-000461,6d28edee-1f87-4a81-a9d9-ee526bd97ac0,8f2b1c74-59d3-4a6e-9b21-7c4e0a5d3f88,Brake noise reported during descent,"Squealing and vibration reported under braking on gradient. Requesting brake pad and disc inspection before the vehicle returns to route.

Vehicle: Tata Ace (SP LA-5921), bay C-031.",in_progress,high,high,high,mechanical,mechanical,Brake issue reported on Tata Ace (SP LA-5921); mechanical team engaged.,,98849133-a5b7-4448-ab4c-e02cdbb7b9c8,9a38f54e-0c39-48c6-9c31-f8bc268a9f2a,,2026-04-19 07:47:00+00,,,,"{""component"": ""brake"", ""asset_code"": ""LLX-GLE-0151"", ""trigger_snapshot"": ""2026-04-10""}",2026-04-19 07:47:00+00,2026-08-10 19:03:05.467947+00
e2c3d865-ce65-489d-8f34-930c181c911d,TCK-000462,ab2a010b-8a4a-4c82-a014-59e85bac21a7,c537c281-b6ad-4842-94ec-e937be0083e5,Engine oil life exhausted - service overdue,"Oil life monitor has reached the end of its interval. Requesting engine oil and filter service before further dispatch.

Vehicle: Heli CPCD30 (COL-FL-106), bay B-046.",closed,medium,medium,medium,mechanical,mechanical,Oil issue reported on Heli CPCD30 (COL-FL-106); mechanical team engaged.,,aae4b5c2-8efb-42b7-88a7-a8fe7a86e7c7,e3558ee6-f358-4467-ac51-00c0aa187644,e3558ee6-f358-4467-ac51-00c0aa187644,2025-09-24 17:06:00+00,2025-10-11 13:01:00+00,2025-10-11 13:01:00+00,2025-10-18 14:50:00+00,"{""component"": ""oil"", ""asset_code"": ""LLX-COL-0106"", ""trigger_snapshot"": ""2025-09-10""}",2025-09-24 17:06:00+00,2026-08-10 19:03:05.467947+00
541d1401-9fa5-48fa-b510-e147b9b514ba,TCK-000463,2c2727a0-44a0-4463-850c-53b32ec746d1,c537c281-b6ad-4842-94ec-e937be0083e5,Repeated hard starting in early shift,"Vehicle requires multiple crank attempts at shift start. Battery state of health is degraded on monitoring. Requesting battery and charging system diagnosis.

Vehicle: Nissan Caravan (WP PC-5728), bay C-025.",closed,medium,medium,medium,electrical,electrical,Battery issue reported on Nissan Caravan (WP PC-5728); electrical team engaged.,,4fa2752c-21e0-493e-9323-ee28c5c15ff0,a817e3da-c239-49df-b5b4-e605451fa66c,a817e3da-c239-49df-b5b4-e605451fa66c,2025-06-14 09:05:00+00,2025-06-16 07:50:00+00,2025-06-16 07:50:00+00,2025-06-18 12:24:00+00,"{""component"": ""battery"", ""asset_code"": ""LLX-COL-0145"", ""trigger_snapshot"": ""2025-06-10""}",2025-06-14 09:05:00+00,2026-08-10 19:03:05.467947+00
73e360d2-3e13-47ab-8c1f-4ef20c4a9e20,TCK-000464,79e53003-8694-4da7-8473-d8894ceaaeb0,23a10ad6-f2ff-4aab-9878-de0f37f6bbe0,Engine oil life exhausted - service overdue,"Oil life monitor has reached the end of its interval. Requesting engine oil and filter service before further dispatch.

Vehicle: Heli CPCD25 (BDL-FL-014), bay A-014.",closed,medium,high,medium,mechanical,mechanical,Oil issue reported on Heli CPCD25 (BDL-FL-014); mechanical team engaged.,,bd95dfd1-5af7-41d2-85ef-bbb2b0f57a12,2fb7dab3-e151-490f-9c20-9b329d4fba20,2fb7dab3-e151-490f-9c20-9b329d4fba20,2024-12-13 07:01:00+00,2025-01-02 13:23:00+00,2025-01-02 13:23:00+00,2025-01-10 07:44:00+00,"{""component"": ""oil"", ""asset_code"": ""LLX-BDL-0014"", ""trigger_snapshot"": ""2024-12-10""}",2024-12-13 07:01:00+00,2026-08-10 19:03:05.467947+00
7ff05a47-e660-4dd6-ba4e-0349f2ffc4e0,TCK-000465,747928e3-5e7b-4e8b-a481-bacc826edb25,8f2b1c74-59d3-4a6e-9b21-7c4e0a5d3f88,Hydraulic fluid weeping at cylinder,"Visible weeping at the lift cylinder and reduced hydraulic performance on monitoring. Requesting seal replacement.

Vehicle: Mercedes Actros 1836 (SP LH-5044), bay E-004.",resolved,medium,medium,medium,mechanical,mechanical,Hydraulic issue reported on Mercedes Actros 1836 (SP LH-5044); mechanical team engaged.,,42754b10-735f-41e7-bdf0-c4ec00356988,2fc76645-2797-42a6-b6b9-d134b926381b,2fc76645-2797-42a6-b6b9-d134b926381b,2026-05-29 11:58:00+00,2026-06-04 10:37:00+00,2026-06-04 10:37:00+00,,"{""component"": ""hydraulic"", ""asset_code"": ""LLX-GLE-0244"", ""trigger_snapshot"": ""2026-05-10""}",2026-05-29 11:58:00+00,2026-08-10 19:03:05.467947+00
8be62c6b-e483-408c-842c-6201779a5c6b,TCK-000466,c4c3c842-892b-4303-8f9b-bdd7a34a7a32,c537c281-b6ad-4842-94ec-e937be0083e5,Hydraulic fluid weeping at cylinder,"Visible weeping at the lift cylinder and reduced hydraulic performance on monitoring. Requesting seal replacement.

Vehicle: Heli CPCD25 (COL-FL-081), bay B-021.",closed,high,low,high,mechanical,mechanical,Hydraulic issue reported on Heli CPCD25 (COL-FL-081); mechanical team engaged.,,8a305a4e-04c7-4ae3-b63f-7e3a868e8690,2ea7ff67-fdd7-4d0b-96cd-8dd768decfdd,2ea7ff67-fdd7-4d0b-96cd-8dd768decfdd,2025-02-11 05:09:00+00,2025-02-18 07:54:00+00,2025-02-18 07:54:00+00,2025-02-21 11:57:00+00,"{""component"": ""hydraulic"", ""asset_code"": ""LLX-COL-0081"", ""trigger_snapshot"": ""2025-02-10""}",2025-02-11 05:09:00+00,2026-08-10 19:03:05.467947+00
54120b3c-8c47-4ab1-a7a5-2b720b97d294,TCK-000467,fe6ce952-a70c-4eea-808c-47e5a4efbba8,c537c281-b6ad-4842-94ec-e937be0083e5,Engine oil life exhausted - service overdue,"Oil life monitor has reached the end of its interval. Requesting engine oil and filter service before further dispatch.

Vehicle: Mitsubishi Fuso Fighter (WP LE-5921), bay G-026.",closed,low,low,low,mechanical,mechanical,Oil issue reported on Mitsubishi Fuso Fighter (WP LE-5921); mechanical team engaged.,,aa74ca35-434e-47be-8bd6-af6914b9a935,b958f053-fb9d-4b81-9996-c7ca66269f1c,b958f053-fb9d-4b81-9996-c7ca66269f1c,2025-03-13 10:47:00+00,2025-03-19 06:56:00+00,2025-03-19 06:56:00+00,2025-03-23 06:41:00+00,"{""component"": ""oil"", ""asset_code"": ""LLX-COL-0386"", ""trigger_snapshot"": ""2025-03-10""}",2025-03-13 10:47:00+00,2026-08-10 19:03:05.467947+00
bc168046-adab-4cd8-987f-f4d47f9c5331,TCK-000468,a0930922-e5a4-439d-b1f7-005b0dcb788a,8f2b1c74-59d3-4a6e-9b21-7c4e0a5d3f88,Brake performance degraded - inspection required,"Driver reports longer stopping distance and reduced pedal firmness. Brake wear indicator is low on condition monitoring. Mechanical team to inspect pads, discs and brake fluid.

Vehicle: KDH Van (SP PE-9569), bay C-008.",closed,high,high,high,mechanical,mechanical,Brake issue reported on KDH Van (SP PE-9569); mechanical team engaged.,,5112d5f5-2093-4684-9d83-f6270b86b2ea,53237578-eb53-4fa0-b5df-9eb5c4ba96f4,53237578-eb53-4fa0-b5df-9eb5c4ba96f4,2025-10-10 10:42:00+00,2025-11-04 11:11:00+00,2025-11-04 11:11:00+00,2025-11-06 12:19:00+00,"{""component"": ""brake"", ""asset_code"": ""LLX-GLE-0128"", ""trigger_snapshot"": ""2025-10-10""}",2025-10-10 10:42:00+00,2026-08-10 19:03:05.467947+00
bef1349d-37fd-4634-bf18-1d3b7212c2b8,TCK-000469,26e54747-7b1e-4bef-959b-3acb36c1da52,8f2b1c74-59d3-4a6e-9b21-7c4e0a5d3f88,Odometer readings inconsistent in platform,"Reported odometer on the platform disagrees with the vehicle cluster. Software team to verify sensor mapping and ingestion for this asset.

Vehicle: Mahindra Bolero Pickup (SP LA-3620), bay C-033.",closed,low,high,low,software,software,Telematics issue reported on Mahindra Bolero Pickup (SP LA-3620); software team engaged.,,ec21d000-672f-4819-aa17-c754be8b1f76,4fb48d89-3d11-4b1c-b34a-fc8824c4d74a,4fb48d89-3d11-4b1c-b34a-fc8824c4d74a,2026-02-27 05:22:00+00,2026-03-15 07:28:00+00,2026-03-15 07:28:00+00,2026-03-16 13:43:00+00,"{""component"": ""telematics"", ""asset_code"": ""LLX-GLE-0153"", ""trigger_snapshot"": ""2026-02-10""}",2026-02-27 05:22:00+00,2026-08-10 19:03:05.467947+00
da45e1ed-808c-4bc3-a2f9-9e4bbcc0a026,TCK-000470,f7469ab3-aeaf-489b-b5d1-15bd8974e46b,8f2b1c74-59d3-4a6e-9b21-7c4e0a5d3f88,Oil pressure warning intermittent,"Intermittent oil pressure warning reported on the instrument cluster. Requesting oil level, filter and sender inspection.

Vehicle: KDH Van (SP PE-3226), bay B-049.",resolved,high,high,high,electrical,mechanical,Oil issue reported on KDH Van (SP PE-3226); mechanical team engaged.,,cc93a302-564c-479a-9ffc-b68e605e958a,e3d88daf-a639-4654-8343-b7925af44312,e3d88daf-a639-4654-8343-b7925af44312,2024-11-23 16:39:00+00,2024-12-18 12:18:00+00,2024-12-18 12:18:00+00,,"{""component"": ""oil"", ""asset_code"": ""LLX-GLE-0109"", ""trigger_snapshot"": ""2024-11-10""}",2024-11-23 16:39:00+00,2026-08-10 19:03:05.467947+00
35cc695f-db5a-4a97-84cf-11897ef96f0c,TCK-000471,e45a3fc4-cf52-4a65-829a-969ba0687282,c537c281-b6ad-4842-94ec-e937be0083e5,Uneven tyre wear and vibration at speed,"Driver reports steering vibration at highway speed. Suspect uneven tyre wear; requesting inspection, rotation and alignment.

Vehicle: Mitsubishi Fuso Fighter (WP LF-5712), bay G-029.",closed,low,low,low,mechanical,mechanical,Tire issue reported on Mitsubishi Fuso Fighter (WP LF-5712); mechanical team engaged.,,0cabbac7-e33f-41e2-9595-f9285b16fce1,94c16a8c-074b-4b37-ab95-493170740735,94c16a8c-074b-4b37-ab95-493170740735,2026-05-15 12:09:00+00,2026-05-31 11:07:00+00,2026-05-31 11:07:00+00,2026-06-08 12:13:00+00,"{""component"": ""tire"", ""asset_code"": ""LLX-COL-0389"", ""trigger_snapshot"": ""2026-05-10""}",2026-05-15 12:09:00+00,2026-08-10 19:03:05.467947+00
ff0c38a8-50f4-4501-bdb3-99237bac82aa,TCK-000472,b7d07cd8-6c3b-48fa-b10c-6a7f713cf523,8f2b1c74-59d3-4a6e-9b21-7c4e0a5d3f88,Uneven tyre wear and vibration at speed,"Driver reports steering vibration at highway speed. Suspect uneven tyre wear; requesting inspection, rotation and alignment.

Vehicle: Isuzu ELF NKR (SP LC-9354), bay C-059.",closed,medium,medium,medium,mechanical,mechanical,Tire issue reported on Isuzu ELF NKR (SP LC-9354); mechanical team engaged.,,277ea511-bca7-4671-9a9d-6b63580c1229,f7c70716-6d01-4c40-8743-ff7f08973f3a,f7c70716-6d01-4c40-8743-ff7f08973f3a,2024-11-20 13:07:00+00,2024-11-27 06:07:00+00,2024-11-27 06:07:00+00,2024-12-05 17:18:00+00,"{""component"": ""tire"", ""asset_code"": ""LLX-GLE-0179"", ""trigger_snapshot"": ""2024-11-10""}",2024-11-20 13:07:00+00,2026-08-10 19:03:05.467947+00
049a802d-3711-418b-9fc1-19ace30cb9ee,TCK-000473,77015d20-5ece-46a1-a044-e15492d2686e,8f2b1c74-59d3-4a6e-9b21-7c4e0a5d3f88,Brake performance degraded - inspection required,"Driver reports longer stopping distance and reduced pedal firmness. Brake wear indicator is low on condition monitoring. Mechanical team to inspect pads, discs and brake fluid.

Vehicle: Isuzu ELF NKR (SP LC-7709), bay D-037.",resolved,high,high,high,mechanical,mechanical,Brake issue reported on Isuzu ELF NKR (SP LC-7709); mechanical team engaged.,,3300b88d-ad2c-4c0c-bac7-48e98b283f68,ed4c1923-4a35-41e6-af73-87d272e16bb9,ed4c1923-4a35-41e6-af73-87d272e16bb9,2024-10-24 09:55:00+00,2024-10-31 06:51:00+00,2024-10-31 06:51:00+00,,"{""component"": ""brake"", ""asset_code"": ""LLX-GLE-0217"", ""trigger_snapshot"": ""2024-10-10""}",2024-10-24 09:55:00+00,2026-08-10 19:03:05.467947+00
a671aeb6-1fa6-416e-9809-7e4271dc6478,TCK-000474,1d57e408-734a-470e-8cef-051db78f4402,c537c281-b6ad-4842-94ec-e937be0083e5,Battery voltage low - charging system check required,"Battery voltage trend is below target and the vehicle is slow to crank in the morning. Electrical team to test battery health, alternator output and earth connections.

Vehicle: Toyota 8FD30 (COL-FL-103), bay B-043.",closed,medium,medium,medium,electrical,electrical,Battery issue reported on Toyota 8FD30 (COL-FL-103); electrical team engaged.,,d228e58a-85a6-4059-b62f-262964a70737,f2e3adca-c995-4570-a695-525ef502c1ef,f2e3adca-c995-4570-a695-525ef502c1ef,2025-12-20 17:30:00+00,2025-12-28 15:56:00+00,2025-12-28 15:56:00+00,2026-01-04 13:56:00+00,"{""component"": ""battery"", ""asset_code"": ""LLX-COL-0103"", ""trigger_snapshot"": ""2025-12-10""}",2025-12-20 17:30:00+00,2026-08-10 19:03:05.467947+00
64889baf-6aa8-44f7-b42d-57d6b734f8e9,TCK-000475,1d5b6c37-64b0-4d21-8246-f5c0ff1ce270,c537c281-b6ad-4842-94ec-e937be0083e5,Hydraulic lift slow to respond,"Forklift mast raises slowly under load and drifts down when held. Requesting hydraulic fluid, seal and pump inspection.

Vehicle: Piaggio Porter (WP LB-1642), bay E-055.",in_progress,medium,medium,medium,mechanical,mechanical,Hydraulic issue reported on Piaggio Porter (WP LB-1642); mechanical team engaged.,,5f77fc29-69bb-4b2b-8d0c-636c6f55884d,0d92b1df-f95f-448c-8c5e-279045705e0f,,2026-08-05 12:06:00+00,,,,"{""component"": ""hydraulic"", ""asset_code"": ""LLX-COL-0295"", ""trigger_snapshot"": ""2026-08-10""}",2026-08-05 12:06:00+00,2026-08-10 19:03:05.467947+00
30405026-21eb-4725-8665-b3ae896beb8c,TCK-000476,ceac2811-cf12-461b-a6be-6f1d31b9bda6,23a10ad6-f2ff-4aab-9878-de0f37f6bbe0,Hydraulic lift slow to respond,"Forklift mast raises slowly under load and drifts down when held. Requesting hydraulic fluid, seal and pump inspection.

Vehicle: Mahindra Bolero Pickup (UP LA-2475), bay C-003.",resolved,medium,medium,medium,mechanical,mechanical,Hydraulic issue reported on Mahindra Bolero Pickup (UP LA-2475); mechanical team engaged.,,e2f4db5d-5268-451f-8f58-023f568f8422,9b2ae800-e7f5-4450-a102-90626d114204,9b2ae800-e7f5-4450-a102-90626d114204,2026-03-02 09:02:00+00,2026-03-24 10:18:00+00,2026-03-24 10:18:00+00,,"{""component"": ""hydraulic"", ""asset_code"": ""LLX-BDL-0123"", ""trigger_snapshot"": ""2026-02-10""}",2026-03-02 09:02:00+00,2026-08-10 19:03:05.467947+00
ab58cf8d-0558-4fe5-ad0e-766cc01f9c3f,TCK-000477,a73ef037-6182-4cfa-932d-90d892423522,c537c281-b6ad-4842-94ec-e937be0083e5,Oil pressure warning intermittent,"Intermittent oil pressure warning reported on the instrument cluster. Requesting oil level, filter and sender inspection.

Vehicle: Heli CPCD30 (COL-FL-094), bay B-034.",resolved,high,high,high,mechanical,mechanical,Oil issue reported on Heli CPCD30 (COL-FL-094); mechanical team engaged.,,85ec9a19-bc02-4676-a16b-0a33f9ecc547,0816a11f-c50f-456a-8311-8bf2e4aeff0e,0816a11f-c50f-456a-8311-8bf2e4aeff0e,2025-06-10 08:38:00+00,2025-06-12 11:18:00+00,2025-06-12 11:18:00+00,,"{""component"": ""oil"", ""asset_code"": ""LLX-COL-0094"", ""trigger_snapshot"": ""2025-06-10""}",2025-06-10 08:38:00+00,2026-08-10 19:03:05.467947+00
3ef1c371-c070-46b5-b158-adcff54f9a4f,TCK-000479,dd53634b-f805-4fee-9f15-9fd15d6b1fdb,c537c281-b6ad-4842-94ec-e937be0083e5,Tyre wear beyond service limit,"Tread depth is below the service threshold on condition monitoring. Requesting tyre replacement and wheel alignment check.

Vehicle: Nissan Caravan (WP PB-5780), bay D-049.",open,high,high,high,mechanical,mechanical,Tire issue reported on Nissan Caravan (WP PB-5780); mechanical team engaged.,,7fe560dc-b308-4e9b-a76e-65c7c7f162dd,92ed4de4-9c5c-4d11-a52f-9653a34addec,,2026-08-08 17:18:00+00,,,,"{""component"": ""tire"", ""asset_code"": ""LLX-COL-0229"", ""trigger_snapshot"": ""2026-08-10""}",2026-08-08 17:18:00+00,2026-08-10 19:03:05.467947+00
b4a81bfe-10f8-4a92-9ad4-0a19b561ca74,TCK-000480,08d66493-5baf-4312-aede-61394703fa1f,23a10ad6-f2ff-4aab-9878-de0f37f6bbe0,Hydraulic lift slow to respond,"Forklift mast raises slowly under load and drifts down when held. Requesting hydraulic fluid, seal and pump inspection.

Vehicle: Heli CPCD25 (BDL-FL-012), bay A-012.",closed,medium,medium,medium,mechanical,mechanical,Hydraulic issue reported on Heli CPCD25 (BDL-FL-012); mechanical team engaged.,,8f013397-f73e-4098-bf86-3cf1055a446a,33de58c2-5dc4-4385-bc4c-9ad66a6fe320,33de58c2-5dc4-4385-bc4c-9ad66a6fe320,2025-01-22 07:34:00+00,2025-02-06 14:09:00+00,2025-02-06 14:09:00+00,2025-02-13 09:36:00+00,"{""component"": ""hydraulic"", ""asset_code"": ""LLX-BDL-0012"", ""trigger_snapshot"": ""2025-01-10""}",2025-01-22 07:34:00+00,2026-08-10 19:03:05.467947+00
18798307-6cd0-4f57-8b64-51ca8957418f,TCK-000481,884bd482-0fad-4821-bb6e-5038596a3365,8f2b1c74-59d3-4a6e-9b21-7c4e0a5d3f88,Engine oil life exhausted - service overdue,"Oil life monitor has reached the end of its interval. Requesting engine oil and filter service before further dispatch.

Vehicle: KDH Van (SP PE-1678), bay B-048.",closed,high,high,high,mechanical,mechanical,Oil issue reported on KDH Van (SP PE-1678); mechanical team engaged.,,43940caa-d1ba-4e44-be36-1c5ea33072d5,258cec76-5677-463e-88d0-84f8488b8d19,258cec76-5677-463e-88d0-84f8488b8d19,2024-08-16 11:18:00+00,2024-09-09 12:11:00+00,2024-09-09 12:11:00+00,2024-09-13 15:08:00+00,"{""component"": ""oil"", ""asset_code"": ""LLX-GLE-0108"", ""trigger_snapshot"": ""2024-08-10""}",2024-08-16 11:18:00+00,2026-08-10 19:03:05.467947+00
a81de22a-bbe3-4036-9ab9-255889ffb65d,TCK-000482,cc129337-c81b-4462-8d87-66da528fe91e,23a10ad6-f2ff-4aab-9878-de0f37f6bbe0,Uneven tyre wear and vibration at speed,"Driver reports steering vibration at highway speed. Suspect uneven tyre wear; requesting inspection, rotation and alignment.

Vehicle: Tata T.12 (UP LE-2220), bay D-014.",resolved,high,high,high,mechanical,mechanical,Tire issue reported on Tata T.12 (UP LE-2220); mechanical team engaged.,,d8294427-340a-4c8e-ae90-c5de2eded6d4,6307ed65-c77c-40e7-9e0f-0b67135eb7b1,6307ed65-c77c-40e7-9e0f-0b67135eb7b1,2026-06-25 10:51:00+00,2026-07-08 16:52:00+00,2026-07-08 16:52:00+00,,"{""component"": ""tire"", ""asset_code"": ""LLX-BDL-0194"", ""trigger_snapshot"": ""2026-06-10""}",2026-06-25 10:51:00+00,2026-08-10 19:03:05.467947+00
4038ab24-bf70-4398-b1b9-58ee950b7379,TCK-000483,2d46c4da-b053-4eb1-a0a1-192a7a8748e9,c537c281-b6ad-4842-94ec-e937be0083e5,Repeated hard starting in early shift,"Vehicle requires multiple crank attempts at shift start. Battery state of health is degraded on monitoring. Requesting battery and charging system diagnosis.

Vehicle: Toyota 8FD25 (COL-FL-040), bay A-040.",resolved,high,high,high,electrical,electrical,Battery issue reported on Toyota 8FD25 (COL-FL-040); electrical team engaged.,,94c64335-4962-40b1-96fd-53632f8d49a3,8eff9acb-560a-454d-b4e0-e23389a2264b,8eff9acb-560a-454d-b4e0-e23389a2264b,2026-04-30 10:35:00+00,2026-05-23 09:19:00+00,2026-05-23 09:19:00+00,,"{""component"": ""battery"", ""asset_code"": ""LLX-COL-0040"", ""trigger_snapshot"": ""2026-04-10""}",2026-04-30 10:35:00+00,2026-08-10 19:03:05.467947+00
98d6c46d-68c7-45a9-820b-4a8d10c4f445,TCK-000484,27161df2-f6be-4a31-9561-86cac7f05ac0,8f2b1c74-59d3-4a6e-9b21-7c4e0a5d3f88,Repeated hard starting in early shift,"Vehicle requires multiple crank attempts at shift start. Battery state of health is degraded on monitoring. Requesting battery and charging system diagnosis.

Vehicle: Tata Ultra T.7 (SP LD-9369), bay D-008.",resolved,high,high,high,electrical,electrical,Battery issue reported on Tata Ultra T.7 (SP LD-9369); electrical team engaged.,,ff0168ca-0d18-4fb7-af5a-b431fbcab727,c3bd164c-dac0-42f6-a8bd-f5f7ab7dd58c,c3bd164c-dac0-42f6-a8bd-f5f7ab7dd58c,2026-06-17 08:48:00+00,2026-06-30 14:20:00+00,2026-06-30 14:20:00+00,,"{""component"": ""battery"", ""asset_code"": ""LLX-GLE-0188"", ""trigger_snapshot"": ""2026-06-10""}",2026-06-17 08:48:00+00,2026-08-10 19:03:05.467947+00
27cf359d-7260-4423-9889-592ebd8a32ba,TCK-000485,7e1c9317-2c5e-4218-9703-5af8023b32c9,c537c281-b6ad-4842-94ec-e937be0083e5,Tyre wear beyond service limit,"Tread depth is below the service threshold on condition monitoring. Requesting tyre replacement and wheel alignment check.

Vehicle: Toyota 8FD25 (COL-FL-053), bay A-053.",resolved,high,high,high,mechanical,mechanical,Tire issue reported on Toyota 8FD25 (COL-FL-053); mechanical team engaged.,,9f06cc9a-b7c3-4251-821a-1cd09e60ef22,69740143-f533-4866-a394-3d1ba98f20a7,69740143-f533-4866-a394-3d1ba98f20a7,2024-10-16 05:57:00+00,2024-10-28 16:06:00+00,2024-10-28 16:06:00+00,,"{""component"": ""tire"", ""asset_code"": ""LLX-COL-0053"", ""trigger_snapshot"": ""2024-10-10""}",2024-10-16 05:57:00+00,2026-08-10 19:03:05.467947+00
7735f4c0-2120-49b7-889b-3d9fda6eaf59,TCK-000486,53b67524-64be-4384-a1d6-d25d603520fa,c537c281-b6ad-4842-94ec-e937be0083e5,Engine oil life exhausted - service overdue,"Oil life monitor has reached the end of its interval. Requesting engine oil and filter service before further dispatch.

Vehicle: Komatsu FD25 (COL-FL-071), bay B-011.",resolved,high,high,high,mechanical,mechanical,Oil issue reported on Komatsu FD25 (COL-FL-071); mechanical team engaged.,,758f8366-928a-48a1-a058-77ad7cfab407,3ed87f3f-9d1e-409e-af21-14fee9e9bc14,3ed87f3f-9d1e-409e-af21-14fee9e9bc14,2025-09-22 07:19:00+00,2025-10-05 15:27:00+00,2025-10-05 15:27:00+00,,"{""component"": ""oil"", ""asset_code"": ""LLX-COL-0071"", ""trigger_snapshot"": ""2025-09-10""}",2025-09-22 07:19:00+00,2026-08-10 19:03:05.467947+00
0cf7c867-0850-4c52-9042-0380662e03d2,TCK-000487,3d8aaacc-9972-4059-badd-0b9f4fb19275,8f2b1c74-59d3-4a6e-9b21-7c4e0a5d3f88,Hydraulic fluid weeping at cylinder,"Visible weeping at the lift cylinder and reduced hydraulic performance on monitoring. Requesting seal replacement.

Vehicle: Komatsu FD30 (GLE-FL-072), bay B-012.",resolved,high,high,high,mechanical,mechanical,Hydraulic issue reported on Komatsu FD30 (GLE-FL-072); mechanical team engaged.,,8514607d-7931-48d2-81f0-f7a024a8210a,1246b49b-4c2a-428c-9e26-abdd7df1b7e0,1246b49b-4c2a-428c-9e26-abdd7df1b7e0,2026-05-19 14:34:00+00,2026-06-02 14:36:00+00,2026-06-02 14:36:00+00,,"{""component"": ""hydraulic"", ""asset_code"": ""LLX-GLE-0072"", ""trigger_snapshot"": ""2026-05-10""}",2026-05-19 14:34:00+00,2026-08-10 19:03:05.467947+00
eb80f8f2-6889-41b5-a838-8386f133063f,TCK-000488,cc2f8013-b660-44ad-a23b-7fa6c553577b,c537c281-b6ad-4842-94ec-e937be0083e5,Engine oil life exhausted - service overdue,"Oil life monitor has reached the end of its interval. Requesting engine oil and filter service before further dispatch.

Vehicle: Toyota 8FD30 (COL-FL-133), bay C-013.",resolved,high,high,high,mechanical,mechanical,Oil issue reported on Toyota 8FD30 (COL-FL-133); mechanical team engaged.,,38213114-d2ab-425c-85cb-10a7ac28415f,2ea7ff67-fdd7-4d0b-96cd-8dd768decfdd,2ea7ff67-fdd7-4d0b-96cd-8dd768decfdd,2024-11-14 15:25:00+00,2024-11-18 09:26:00+00,2024-11-18 09:26:00+00,,"{""component"": ""oil"", ""asset_code"": ""LLX-COL-0133"", ""trigger_snapshot"": ""2024-11-10""}",2024-11-14 15:25:00+00,2026-08-10 19:03:05.467947+00
a048cb67-3c4d-4a7b-a9e7-78a79a61d94b,TCK-000489,e83b2e38-45ee-44ef-8b1f-a8967970ed22,8f2b1c74-59d3-4a6e-9b21-7c4e0a5d3f88,Brake performance degraded - inspection required,"Driver reports longer stopping distance and reduced pedal firmness. Brake wear indicator is low on condition monitoring. Mechanical team to inspect pads, discs and brake fluid.

Vehicle: Heli CPCD30 (GLE-FL-076), bay B-016.",resolved,medium,medium,medium,mechanical,mechanical,Brake issue reported on Heli CPCD30 (GLE-FL-076); mechanical team engaged.,,53704aab-e2b0-4674-b25e-0a3013553902,af5f0096-7cc6-4d72-ab69-0a461681aeb5,af5f0096-7cc6-4d72-ab69-0a461681aeb5,2025-12-19 05:20:00+00,2025-12-27 17:14:00+00,2025-12-27 17:14:00+00,,"{""component"": ""brake"", ""asset_code"": ""LLX-GLE-0076"", ""trigger_snapshot"": ""2025-12-10""}",2025-12-19 05:20:00+00,2026-08-10 19:03:05.467947+00
405c2c40-cb82-43ed-9f03-d0cb2a7f7633,TCK-000490,ade73aa5-abb3-42a0-81da-be1c7107ab2f,23a10ad6-f2ff-4aab-9878-de0f37f6bbe0,Battery voltage low - charging system check required,"Battery voltage trend is below target and the vehicle is slow to crank in the morning. Electrical team to test battery health, alternator output and earth connections.

Vehicle: Tata Ace (UP LA-3207), bay B-037.",closed,medium,medium,medium,electrical,electrical,Battery issue reported on Tata Ace (UP LA-3207); electrical team engaged.,,9b3bff38-da7d-4ad0-8bf0-efdd03c2c0f8,b33c4ff9-69b5-4437-9699-63c066d6c353,b33c4ff9-69b5-4437-9699-63c066d6c353,2024-10-16 05:41:00+00,2024-11-06 09:01:00+00,2024-11-06 09:01:00+00,2024-11-07 10:59:00+00,"{""component"": ""battery"", ""asset_code"": ""LLX-BDL-0097"", ""trigger_snapshot"": ""2024-10-10""}",2024-10-16 05:41:00+00,2026-08-10 19:03:05.467947+00
a0c38ba0-b605-42f4-96a3-0608a18c1ef7,TCK-000491,99e55906-4414-4a9a-899b-5b1eada5a50c,c537c281-b6ad-4842-94ec-e937be0083e5,Battery voltage low - charging system check required,"Battery voltage trend is below target and the vehicle is slow to crank in the morning. Electrical team to test battery health, alternator output and earth connections.

Vehicle: Toyota 8FD25 (COL-FL-059), bay A-059.",closed,medium,medium,medium,electrical,electrical,Battery issue reported on Toyota 8FD25 (COL-FL-059); electrical team engaged.,,58e0105a-a433-440e-b5ce-fa630092e541,cfcb23c6-f209-48fb-b2ab-5f79f711f9cc,cfcb23c6-f209-48fb-b2ab-5f79f711f9cc,2024-09-21 16:08:00+00,2024-10-16 05:08:00+00,2024-10-16 05:08:00+00,2024-10-21 11:57:00+00,"{""component"": ""battery"", ""asset_code"": ""LLX-COL-0059"", ""trigger_snapshot"": ""2024-09-10""}",2024-09-21 16:08:00+00,2026-08-10 19:03:05.467947+00
555a1eba-5fd2-41f1-ad6a-5a701966d7b3,TCK-000492,1e6a9b8c-e536-4217-ad50-94e4135c6cac,23a10ad6-f2ff-4aab-9878-de0f37f6bbe0,Brake performance degraded - inspection required,"Driver reports longer stopping distance and reduced pedal firmness. Brake wear indicator is low on condition monitoring. Mechanical team to inspect pads, discs and brake fluid.

Vehicle: Komatsu FD30 (BDL-FL-032), bay A-032.",resolved,high,high,high,mechanical,mechanical,Brake issue reported on Komatsu FD30 (BDL-FL-032); mechanical team engaged.,,210c1a12-cc64-4178-a722-959c4fa9bf8c,d777fd45-9849-49e2-b338-e97c3d11e8cc,d777fd45-9849-49e2-b338-e97c3d11e8cc,2025-06-15 15:31:00+00,2025-06-18 13:29:00+00,2025-06-18 13:29:00+00,,"{""component"": ""brake"", ""asset_code"": ""LLX-BDL-0032"", ""trigger_snapshot"": ""2025-06-10""}",2025-06-15 15:31:00+00,2026-08-10 19:03:05.467947+00
f996c270-d92b-42f3-a70a-513cb0797311,TCK-000493,d412e05c-2da1-415c-a7b4-54344ce61e18,8f2b1c74-59d3-4a6e-9b21-7c4e0a5d3f88,Brake noise reported during descent,"Squealing and vibration reported under braking on gradient. Requesting brake pad and disc inspection before the vehicle returns to route.

Vehicle: Toyota HiAce (SP PB-3440), bay B-060.",closed,medium,medium,medium,mechanical,mechanical,Brake issue reported on Toyota HiAce (SP PB-3440); mechanical team engaged.,,15e1f6ce-5500-45cf-a429-e8aafcdb999c,90850f19-81e7-4b88-ba8f-72ef0e0578fa,90850f19-81e7-4b88-ba8f-72ef0e0578fa,2026-06-30 09:22:00+00,2026-07-16 09:36:00+00,2026-07-16 09:36:00+00,2026-07-17 11:54:00+00,"{""component"": ""brake"", ""asset_code"": ""LLX-GLE-0120"", ""trigger_snapshot"": ""2026-06-10""}",2026-06-30 09:22:00+00,2026-08-10 19:03:05.467947+00
6865e5d5-84ba-43ac-b047-9c0ec0a9993d,TCK-000494,6d908a07-9c8e-4264-b452-1fb7f540e3cf,c537c281-b6ad-4842-94ec-e937be0083e5,Hydraulic lift slow to respond,"Forklift mast raises slowly under load and drifts down when held. Requesting hydraulic fluid, seal and pump inspection.

Vehicle: Tata Ace (WP LB-1810), bay E-023.",closed,low,low,low,mechanical,mechanical,Hydraulic issue reported on Tata Ace (WP LB-1810); mechanical team engaged.,,f4abb4c1-a221-41bd-bfa3-0c6883a700a8,7644642e-745c-4474-890f-0f840a0b5df8,7644642e-745c-4474-890f-0f840a0b5df8,2025-07-28 13:20:00+00,2025-08-22 06:21:00+00,2025-08-22 06:21:00+00,2025-08-27 06:26:00+00,"{""component"": ""hydraulic"", ""asset_code"": ""LLX-COL-0263"", ""trigger_snapshot"": ""2025-07-10""}",2025-07-28 13:20:00+00,2026-08-10 19:03:05.467947+00
0d3f607b-5349-44b1-9787-9469c1aacc2f,TCK-000495,29ba84c9-2dd9-4ad7-9b0d-98916c0764ea,23a10ad6-f2ff-4aab-9878-de0f37f6bbe0,Uneven tyre wear and vibration at speed,"Driver reports steering vibration at highway speed. Suspect uneven tyre wear; requesting inspection, rotation and alignment.

Vehicle: Toyota 8FD30 (BDL-FL-041), bay A-041.",closed,medium,medium,medium,mechanical,mechanical,Tire issue reported on Toyota 8FD30 (BDL-FL-041); mechanical team engaged.,,313f8708-206b-488d-ac8c-7238f8edb675,35b9a8e8-5284-40f5-9348-5f1e994c12f1,35b9a8e8-5284-40f5-9348-5f1e994c12f1,2024-12-23 15:31:00+00,2025-01-01 12:18:00+00,2025-01-01 12:18:00+00,2025-01-02 11:40:00+00,"{""component"": ""tire"", ""asset_code"": ""LLX-BDL-0041"", ""trigger_snapshot"": ""2024-12-10""}",2024-12-23 15:31:00+00,2026-08-10 19:03:05.467947+00
e080a0d0-fe7e-4bbe-b405-793f5d2630e8,TCK-000496,77015d20-5ece-46a1-a044-e15492d2686e,8f2b1c74-59d3-4a6e-9b21-7c4e0a5d3f88,Fault codes not clearing after service,"Active fault codes remain present on the dashboard after the workshop reset. Requesting diagnostic tool session and ECU log review.

Vehicle: Isuzu ELF NKR (SP LC-7709), bay D-037.",resolved,medium,medium,medium,software,software,Telematics issue reported on Isuzu ELF NKR (SP LC-7709); software team engaged.,,2abd42b1-c0a4-4467-8f7d-15d222f3e561,4fb48d89-3d11-4b1c-b34a-fc8824c4d74a,4fb48d89-3d11-4b1c-b34a-fc8824c4d74a,2024-10-15 10:44:00+00,2024-10-16 07:53:00+00,2024-10-16 07:53:00+00,,"{""component"": ""telematics"", ""asset_code"": ""LLX-GLE-0217"", ""trigger_snapshot"": ""2024-10-10""}",2024-10-15 10:44:00+00,2026-08-10 19:03:05.467947+00
0382b57b-b799-4fb3-b3fb-54e07f92f10b,TCK-000497,b98ca446-093f-4081-8f4c-499460c277f6,23a10ad6-f2ff-4aab-9878-de0f37f6bbe0,Hydraulic fluid weeping at cylinder,"Visible weeping at the lift cylinder and reduced hydraulic performance on monitoring. Requesting seal replacement.

Vehicle: Mitsubishi Canter (UP LD-6799), bay C-039.",closed,medium,medium,medium,software,mechanical,Hydraulic issue reported on Mitsubishi Canter (UP LD-6799); mechanical team engaged.,,6f1ba6cc-ae1e-4f59-b4ea-1bc63c81ce06,149c1f7c-7257-4a93-8b26-45cae3ef4432,149c1f7c-7257-4a93-8b26-45cae3ef4432,2024-08-23 07:26:00+00,2024-09-04 09:42:00+00,2024-09-04 09:42:00+00,2024-09-12 14:26:00+00,"{""component"": ""hydraulic"", ""asset_code"": ""LLX-BDL-0159"", ""trigger_snapshot"": ""2024-08-10""}",2024-08-23 07:26:00+00,2026-08-10 19:03:05.467947+00
80a9ce60-c86f-46ac-9e81-06ada28df7fa,TCK-000498,1f9f534a-b943-4095-86a0-6dc2e82b96aa,23a10ad6-f2ff-4aab-9878-de0f37f6bbe0,Repeated hard starting in early shift,"Vehicle requires multiple crank attempts at shift start. Battery state of health is degraded on monitoring. Requesting battery and charging system diagnosis.

Vehicle: Komatsu FD25 (BDL-FL-026), bay A-026.",in_progress,medium,medium,medium,electrical,electrical,Battery issue reported on Komatsu FD25 (BDL-FL-026); electrical team engaged.,,7d5abb4b-df5b-4b75-bbe9-78fb814d0dc1,43adafee-47fa-4fdd-a233-526bc7ecffb2,,2026-07-13 15:59:00+00,,,,"{""component"": ""battery"", ""asset_code"": ""LLX-BDL-0026"", ""trigger_snapshot"": ""2026-07-10""}",2026-07-13 15:59:00+00,2026-08-10 19:03:05.467947+00
398cfefa-fd04-4681-a50a-d609fac5234f,TCK-000499,e110bf63-93c3-4764-ac59-c3cc9b17a7db,c537c281-b6ad-4842-94ec-e937be0083e5,Tyre wear beyond service limit,"Tread depth is below the service threshold on condition monitoring. Requesting tyre replacement and wheel alignment check.

Vehicle: Tata Ace (WP LB-1953), bay E-026.",closed,low,low,low,mechanical,mechanical,Tire issue reported on Tata Ace (WP LB-1953); mechanical team engaged.,,d65014ad-c56f-49bf-9314-01a6c88cbb67,5ca11cec-92af-4cf0-ba2a-b7ccc1954f40,5ca11cec-92af-4cf0-ba2a-b7ccc1954f40,2025-09-28 06:01:00+00,2025-10-07 06:47:00+00,2025-10-07 06:47:00+00,2025-10-17 09:26:00+00,"{""component"": ""tire"", ""asset_code"": ""LLX-COL-0266"", ""trigger_snapshot"": ""2025-09-10""}",2025-09-28 06:01:00+00,2026-08-10 19:03:05.467947+00
91200383-788b-4938-915c-8b4497db374c,TCK-000500,77b60749-37e3-4f4d-a241-400b32656556,c537c281-b6ad-4842-94ec-e937be0083e5,Oil pressure warning intermittent,"Intermittent oil pressure warning reported on the instrument cluster. Requesting oil level, filter and sender inspection.

Vehicle: KDH Van (WP PB-4203), bay D-001.",closed,low,low,low,mechanical,mechanical,Oil issue reported on KDH Van (WP PB-4203); mechanical team engaged.,,a5873caa-58e3-478e-9e5c-c4f5be6aeec5,6d8966a8-2474-4d35-9fd9-7bb3b648f6fd,6d8966a8-2474-4d35-9fd9-7bb3b648f6fd,2024-12-26 16:12:00+00,2025-01-13 07:41:00+00,2025-01-13 07:41:00+00,2025-01-19 16:45:00+00,"{""component"": ""oil"", ""asset_code"": ""LLX-COL-0181"", ""trigger_snapshot"": ""2024-12-10""}",2024-12-26 16:12:00+00,2026-08-10 19:03:05.467947+00
82fc85fc-825d-4044-b6c7-c5f9edce1035,TCK-000501,585d8f6e-c62d-465d-b736-1eac8460a2aa,8f2b1c74-59d3-4a6e-9b21-7c4e0a5d3f88,Tyre wear beyond service limit,"Tread depth is below the service threshold on condition monitoring. Requesting tyre replacement and wheel alignment check.

Vehicle: Heli CPCD30 (GLE-FL-070), bay B-010.",closed,high,high,high,mechanical,mechanical,Tire issue reported on Heli CPCD30 (GLE-FL-070); mechanical team engaged.,,8ffe767c-9920-458c-9728-818cbc8975bc,258cec76-5677-463e-88d0-84f8488b8d19,258cec76-5677-463e-88d0-84f8488b8d19,2024-09-18 06:54:00+00,2024-10-04 06:51:00+00,2024-10-04 06:51:00+00,2024-10-09 16:09:00+00,"{""component"": ""tire"", ""asset_code"": ""LLX-GLE-0070"", ""trigger_snapshot"": ""2024-09-10""}",2024-09-18 06:54:00+00,2026-08-10 19:03:05.467947+00
5978beea-4cfb-4b7d-9e0b-3a907bb90b57,TCK-000502,9e10e83a-5f1d-40aa-bb79-e39357305216,c537c281-b6ad-4842-94ec-e937be0083e5,Brake noise reported during descent,"Squealing and vibration reported under braking on gradient. Requesting brake pad and disc inspection before the vehicle returns to route.

Vehicle: KDH Van (WP PD-9050), bay C-031.",closed,high,high,high,mechanical,mechanical,Brake issue reported on KDH Van (WP PD-9050); mechanical team engaged.,,4249c88c-d0ac-433f-b414-903379d7b070,a5403456-9417-4129-8376-a0508664c003,a5403456-9417-4129-8376-a0508664c003,2025-01-29 11:14:00+00,2025-02-02 14:31:00+00,2025-02-02 14:31:00+00,2025-02-03 14:38:00+00,"{""component"": ""brake"", ""asset_code"": ""LLX-COL-0151"", ""trigger_snapshot"": ""2025-01-10""}",2025-01-29 11:14:00+00,2026-08-10 19:03:05.467947+00
fd8ef411-0dfd-4f84-ab12-2270320151c8,TCK-000503,fe087f68-8d38-4e53-bf25-b05ee45e2b4d,c537c281-b6ad-4842-94ec-e937be0083e5,Brake noise reported during descent,"Squealing and vibration reported under braking on gradient. Requesting brake pad and disc inspection before the vehicle returns to route.

Vehicle: Komatsu FD25 (COL-FL-032), bay A-032.",closed,low,low,low,mechanical,mechanical,Brake issue reported on Komatsu FD25 (COL-FL-032); mechanical team engaged.,,349e690e-52a1-4c2a-b549-9453d0c5b790,0bcca5d2-620c-4e90-ae82-fb6ffc7af33d,0bcca5d2-620c-4e90-ae82-fb6ffc7af33d,2024-08-14 14:40:00+00,2024-08-26 16:03:00+00,2024-08-26 16:03:00+00,2024-08-31 05:32:00+00,"{""component"": ""brake"", ""asset_code"": ""LLX-COL-0032"", ""trigger_snapshot"": ""2024-08-10""}",2024-08-14 14:40:00+00,2026-08-10 19:03:05.467947+00
8f1cb620-e44a-432b-8c18-6e7613c34624,TCK-000504,c64cadd6-2ac0-4162-ac8c-73c2cbfd67ef,23a10ad6-f2ff-4aab-9878-de0f37f6bbe0,Oil pressure warning intermittent,"Intermittent oil pressure warning reported on the instrument cluster. Requesting oil level, filter and sender inspection.

Vehicle: KDH Van (UP PC-8622), bay B-007.",closed,high,high,high,mechanical,mechanical,Oil issue reported on KDH Van (UP PC-8622); mechanical team engaged.,,73c05dbe-9e82-4f00-b52a-dab6d654c550,15dc60e6-ac87-4e43-940e-f17025d0156f,15dc60e6-ac87-4e43-940e-f17025d0156f,2025-10-15 16:59:00+00,2025-10-26 11:59:00+00,2025-10-26 11:59:00+00,2025-11-01 17:15:00+00,"{""component"": ""oil"", ""asset_code"": ""LLX-BDL-0067"", ""trigger_snapshot"": ""2025-10-10""}",2025-10-15 16:59:00+00,2026-08-10 19:03:05.467947+00
dc9e9cdb-5bf2-41c2-aec2-264c02d0e034,TCK-000505,7d296ba0-4e58-4eef-9cfe-cdf0dd67b4e1,8f2b1c74-59d3-4a6e-9b21-7c4e0a5d3f88,Odometer readings inconsistent in platform,"Reported odometer on the platform disagrees with the vehicle cluster. Software team to verify sensor mapping and ingestion for this asset.

Vehicle: Heli CPCD25 (GLE-FL-033), bay A-033.",closed,high,high,high,software,software,Telematics issue reported on Heli CPCD25 (GLE-FL-033); software team engaged.,,4c823f41-1c70-4687-81af-94c5feb0d762,cdd74f33-dff3-4b0f-8378-d2989570b4c6,cdd74f33-dff3-4b0f-8378-d2989570b4c6,2025-07-23 15:59:00+00,2025-08-15 15:02:00+00,2025-08-15 15:02:00+00,2025-08-18 07:47:00+00,"{""component"": ""telematics"", ""asset_code"": ""LLX-GLE-0033"", ""trigger_snapshot"": ""2025-07-10""}",2025-07-23 15:59:00+00,2026-08-10 19:03:05.467947+00
25cab6a7-a53e-43d2-9398-9636290e0e14,TCK-000506,8e785b05-fdc9-4206-b5b2-d72eaddf8cd5,8f2b1c74-59d3-4a6e-9b21-7c4e0a5d3f88,Oil pressure warning intermittent,"Intermittent oil pressure warning reported on the instrument cluster. Requesting oil level, filter and sender inspection.

Vehicle: Heli CPCD25 (GLE-FL-030), bay A-030.",resolved,high,medium,high,mechanical,mechanical,Oil issue reported on Heli CPCD25 (GLE-FL-030); mechanical team engaged.,,5759f3d2-34f3-483d-818a-1b5627a40557,5302dab8-326e-4660-b10d-447ccbcaff6f,5302dab8-326e-4660-b10d-447ccbcaff6f,2026-04-26 10:23:00+00,2026-05-09 17:35:00+00,2026-05-09 17:35:00+00,,"{""component"": ""oil"", ""asset_code"": ""LLX-GLE-0030"", ""trigger_snapshot"": ""2026-04-10""}",2026-04-26 10:23:00+00,2026-08-10 19:03:05.467947+00
8554ea96-6d9e-42fc-9bb1-10619e6724cd,TCK-000507,e245fe3d-5137-4041-ad1d-81dc9f30296c,8f2b1c74-59d3-4a6e-9b21-7c4e0a5d3f88,Tyre wear beyond service limit,"Tread depth is below the service threshold on condition monitoring. Requesting tyre replacement and wheel alignment check.

Vehicle: Tata Ace (SP LA-9985), bay C-047.",resolved,high,high,high,software,mechanical,Tire issue reported on Tata Ace (SP LA-9985); mechanical team engaged.,,5112d5f5-2093-4684-9d83-f6270b86b2ea,e3d88daf-a639-4654-8343-b7925af44312,e3d88daf-a639-4654-8343-b7925af44312,2026-01-23 14:54:00+00,2026-01-27 05:50:00+00,2026-01-27 05:50:00+00,,"{""component"": ""tire"", ""asset_code"": ""LLX-GLE-0167"", ""trigger_snapshot"": ""2026-01-10""}",2026-01-23 14:54:00+00,2026-08-10 19:03:05.467947+00
6c3e739d-0a6f-4a35-aafc-c57b4b15fd1b,TCK-000508,2bc11a64-68e2-4b54-9d53-128f0f06e369,23a10ad6-f2ff-4aab-9878-de0f37f6bbe0,Brake noise reported during descent,"Squealing and vibration reported under braking on gradient. Requesting brake pad and disc inspection before the vehicle returns to route.

Vehicle: Mahindra Bolero Pickup (UP LA-3508), bay B-048.",closed,medium,medium,medium,mechanical,mechanical,Brake issue reported on Mahindra Bolero Pickup (UP LA-3508); mechanical team engaged.,,9ef1e83f-d503-498c-88e6-f45431b9299a,59064e3f-1d1e-4817-8491-724ae8d85add,59064e3f-1d1e-4817-8491-724ae8d85add,2025-10-19 14:41:00+00,2025-11-12 11:54:00+00,2025-11-12 11:54:00+00,2025-11-17 15:15:00+00,"{""component"": ""brake"", ""asset_code"": ""LLX-BDL-0108"", ""trigger_snapshot"": ""2025-10-10""}",2025-10-19 14:41:00+00,2026-08-10 19:03:05.467947+00
4c733d36-8aed-411a-a36c-4c676ea99aa2,TCK-000509,f05d4653-bb46-4466-a6fe-ddcf1200fcf8,c537c281-b6ad-4842-94ec-e937be0083e5,Uneven tyre wear and vibration at speed,"Driver reports steering vibration at highway speed. Suspect uneven tyre wear; requesting inspection, rotation and alignment.

Vehicle: Toyota HiAce (WP PC-1800), bay D-056.",closed,high,high,high,mechanical,mechanical,Tire issue reported on Toyota HiAce (WP PC-1800); mechanical team engaged.,,e03cf70b-8427-4f1c-b5ab-29a941a4386f,799f9455-62db-4da1-8b99-9f32da209d65,799f9455-62db-4da1-8b99-9f32da209d65,2026-01-23 13:20:00+00,2026-02-01 05:02:00+00,2026-02-01 05:02:00+00,2026-02-03 16:25:00+00,"{""component"": ""tire"", ""asset_code"": ""LLX-COL-0236"", ""trigger_snapshot"": ""2026-01-10""}",2026-01-23 13:20:00+00,2026-08-10 19:03:05.467947+00
4838c0fe-6221-4a5b-913d-413d0dc2c38b,TCK-000510,18d28e72-f372-46a8-800c-bcf9fde8b798,c537c281-b6ad-4842-94ec-e937be0083e5,Brake performance degraded - inspection required,"Driver reports longer stopping distance and reduced pedal firmness. Brake wear indicator is low on condition monitoring. Mechanical team to inspect pads, discs and brake fluid.

Vehicle: Tata Ace (WP LA-9550), bay E-003.",in_progress,high,low,high,mechanical,mechanical,Brake issue reported on Tata Ace (WP LA-9550); mechanical team engaged.,,2be2ae9d-8544-4980-8087-35c4cd24eda0,20064787-286e-445a-af95-65111a530936,,2026-04-29 17:50:00+00,,,,"{""component"": ""brake"", ""asset_code"": ""LLX-COL-0243"", ""trigger_snapshot"": ""2026-04-10""}",2026-04-29 17:50:00+00,2026-08-10 19:03:05.467947+00
6e4954d2-2d25-4eff-8878-791155029569,TCK-000511,06c9d121-8916-4b66-8e85-e52c642be051,8f2b1c74-59d3-4a6e-9b21-7c4e0a5d3f88,Uneven tyre wear and vibration at speed,"Driver reports steering vibration at highway speed. Suspect uneven tyre wear; requesting inspection, rotation and alignment.

Vehicle: Isuzu ELF NKR (SP LD-3870), bay D-022.",closed,medium,low,medium,mechanical,mechanical,Tire issue reported on Isuzu ELF NKR (SP LD-3870); mechanical team engaged.,,95216ddb-1bf9-4e90-9467-1ce014997f32,53237578-eb53-4fa0-b5df-9eb5c4ba96f4,53237578-eb53-4fa0-b5df-9eb5c4ba96f4,2025-01-29 05:59:00+00,2025-02-21 15:14:00+00,2025-02-21 15:14:00+00,2025-02-24 15:25:00+00,"{""component"": ""tire"", ""asset_code"": ""LLX-GLE-0202"", ""trigger_snapshot"": ""2025-01-10""}",2025-01-29 05:59:00+00,2026-08-10 19:03:05.467947+00
c77678d8-1791-4313-b310-c41d66d54370,TCK-000512,4efcf505-bc80-4f48-8515-e8918d3fa0db,c537c281-b6ad-4842-94ec-e937be0083e5,Tyre wear beyond service limit,"Tread depth is below the service threshold on condition monitoring. Requesting tyre replacement and wheel alignment check.

Vehicle: Tata Ultra T.7 (WP LD-4417), bay F-034.",closed,medium,medium,medium,mechanical,mechanical,Tire issue reported on Tata Ultra T.7 (WP LD-4417); mechanical team engaged.,,5b986620-72d7-42a9-92df-7e33bfdc00b0,e3558ee6-f358-4467-ac51-00c0aa187644,e3558ee6-f358-4467-ac51-00c0aa187644,2025-07-25 06:49:00+00,2025-08-18 06:08:00+00,2025-08-18 06:08:00+00,2025-08-20 07:54:00+00,"{""component"": ""tire"", ""asset_code"": ""LLX-COL-0334"", ""trigger_snapshot"": ""2025-07-10""}",2025-07-25 06:49:00+00,2026-08-10 19:03:05.467947+00
83f64cb6-868f-4eaa-9ec5-510aa388c3c8,TCK-000513,edb53c87-737f-41c6-8842-a8063fc3eb0b,c537c281-b6ad-4842-94ec-e937be0083e5,Fault codes not clearing after service,"Active fault codes remain present on the dashboard after the workshop reset. Requesting diagnostic tool session and ECU log review.

Vehicle: Mahindra Bolero Pickup (WP LB-7838), bay E-006.",closed,low,low,low,software,software,Telematics issue reported on Mahindra Bolero Pickup (WP LB-7838); software team engaged.,,e03cf70b-8427-4f1c-b5ab-29a941a4386f,45e88c26-b5d7-4353-ad6a-6acd15416a21,45e88c26-b5d7-4353-ad6a-6acd15416a21,2024-09-18 16:51:00+00,2024-10-11 07:09:00+00,2024-10-11 07:09:00+00,2024-10-18 14:27:00+00,"{""component"": ""telematics"", ""asset_code"": ""LLX-COL-0246"", ""trigger_snapshot"": ""2024-09-10""}",2024-09-18 16:51:00+00,2026-08-10 19:03:05.467947+00
b1df8a13-f7c4-4f0f-9dc7-6239e61a6d1c,TCK-000514,1e6a9b8c-e536-4217-ad50-94e4135c6cac,23a10ad6-f2ff-4aab-9878-de0f37f6bbe0,Tyre wear beyond service limit,"Tread depth is below the service threshold on condition monitoring. Requesting tyre replacement and wheel alignment check.

Vehicle: Komatsu FD30 (BDL-FL-032), bay A-032.",resolved,high,high,high,mechanical,mechanical,Tire issue reported on Komatsu FD30 (BDL-FL-032); mechanical team engaged.,,b10d084f-e79b-4fcd-90ba-6d6de4f66845,246980b5-110b-4571-9060-906f0c1ed19f,246980b5-110b-4571-9060-906f0c1ed19f,2024-11-12 06:15:00+00,2024-11-29 06:25:00+00,2024-11-29 06:25:00+00,,"{""component"": ""tire"", ""asset_code"": ""LLX-BDL-0032"", ""trigger_snapshot"": ""2024-11-10""}",2024-11-12 06:15:00+00,2026-08-10 19:03:05.467947+00
c164a2ea-730f-4baa-ba58-c6e970c20852,TCK-000515,810d6693-00f6-4025-b87d-85ffd1cfdf8f,c537c281-b6ad-4842-94ec-e937be0083e5,Engine oil life exhausted - service overdue,"Oil life monitor has reached the end of its interval. Requesting engine oil and filter service before further dispatch.

Vehicle: KDH Van (WP PE-7905), bay D-020.",closed,low,low,low,mechanical,mechanical,Oil issue reported on KDH Van (WP PE-7905); mechanical team engaged.,,710e986c-a4dc-4bf7-97a2-7c099f57423d,507c7fa4-15cb-4173-8c93-4d5d44ecf015,507c7fa4-15cb-4173-8c93-4d5d44ecf015,2025-12-23 13:35:00+00,2026-01-11 05:57:00+00,2026-01-11 05:57:00+00,2026-01-18 13:12:00+00,"{""component"": ""oil"", ""asset_code"": ""LLX-COL-0200"", ""trigger_snapshot"": ""2025-12-10""}",2025-12-23 13:35:00+00,2026-08-10 19:03:05.467947+00
ec17643f-7d57-4b93-8099-c7be9320ebdb,TCK-000516,4f15317a-1fcf-4c12-83f9-b3832c4c19f6,c537c281-b6ad-4842-94ec-e937be0083e5,Engine oil life exhausted - service overdue,"Oil life monitor has reached the end of its interval. Requesting engine oil and filter service before further dispatch.

Vehicle: Nissan Caravan (WP PC-3173), bay C-049.",open,low,low,low,mechanical,mechanical,Oil issue reported on Nissan Caravan (WP PC-3173); mechanical team engaged.,,710e986c-a4dc-4bf7-97a2-7c099f57423d,70506215-8794-4b65-b206-0e75646dfe9a,,2026-07-16 15:32:00+00,,,,"{""component"": ""oil"", ""asset_code"": ""LLX-COL-0169"", ""trigger_snapshot"": ""2026-07-10""}",2026-07-16 15:32:00+00,2026-08-10 19:03:05.467947+00
51b89f69-22ad-40f8-a53e-30f768d1b5cc,TCK-000517,47f3e736-c1d0-40a1-801d-bd01977045e7,23a10ad6-f2ff-4aab-9878-de0f37f6bbe0,Hydraulic fluid weeping at cylinder,"Visible weeping at the lift cylinder and reduced hydraulic performance on monitoring. Requesting seal replacement.

Vehicle: Mahindra Bolero Pickup (UP LB-5920), bay B-027.",resolved,low,medium,low,mechanical,mechanical,Hydraulic issue reported on Mahindra Bolero Pickup (UP LB-5920); mechanical team engaged.,,43037462-f8fe-47e3-b0f1-51b3d5c2f94a,d777fd45-9849-49e2-b338-e97c3d11e8cc,d777fd45-9849-49e2-b338-e97c3d11e8cc,2026-07-30 12:47:00+00,2026-08-03 06:48:00+00,2026-08-03 06:48:00+00,,"{""component"": ""hydraulic"", ""asset_code"": ""LLX-BDL-0087"", ""trigger_snapshot"": ""2026-07-10""}",2026-07-30 12:47:00+00,2026-08-10 19:03:05.467947+00
65c623d3-7bdb-42e4-b799-b4c9c09aa217,TCK-000518,888d5995-c776-4db5-af30-05bb5e3b2f25,23a10ad6-f2ff-4aab-9878-de0f37f6bbe0,Brake performance degraded - inspection required,"Driver reports longer stopping distance and reduced pedal firmness. Brake wear indicator is low on condition monitoring. Mechanical team to inspect pads, discs and brake fluid.

Vehicle: Tata Ultra T.7 (UP LC-3862), bay C-029.",open,high,high,high,mechanical,mechanical,Brake issue reported on Tata Ultra T.7 (UP LC-3862); mechanical team engaged.,,a70d04e5-e0a8-4f08-9a11-d8aad40c4def,246980b5-110b-4571-9060-906f0c1ed19f,,2024-11-10 05:37:00+00,,,,"{""component"": ""brake"", ""asset_code"": ""LLX-BDL-0149"", ""trigger_snapshot"": ""2024-11-10""}",2024-11-10 05:37:00+00,2026-08-10 19:03:05.467947+00
0de27740-f6d2-4d93-9b99-d95eba807c21,TCK-000519,17e128a7-ccf3-4f36-af46-cdb19490b5b6,c537c281-b6ad-4842-94ec-e937be0083e5,Tyre wear beyond service limit,"Tread depth is below the service threshold on condition monitoring. Requesting tyre replacement and wheel alignment check.

Vehicle: Tata Ultra T.7 (WP LD-2506), bay F-028.",resolved,high,high,high,software,mechanical,Tire issue reported on Tata Ultra T.7 (WP LD-2506); mechanical team engaged.,,785218fb-cfc1-466f-8524-05e00d4d22a9,ece2a321-bc6d-4cdf-9d3a-f642ed83ae68,ece2a321-bc6d-4cdf-9d3a-f642ed83ae68,2025-07-26 14:46:00+00,2025-07-29 12:07:00+00,2025-07-29 12:07:00+00,,"{""component"": ""tire"", ""asset_code"": ""LLX-COL-0328"", ""trigger_snapshot"": ""2025-07-10""}",2025-07-26 14:46:00+00,2026-08-10 19:03:05.467947+00
1b6ab0b6-2dbe-4493-a585-e211c6bba7de,TCK-000520,0749bad0-36fa-4fd9-b1a2-c859c2afe6e3,23a10ad6-f2ff-4aab-9878-de0f37f6bbe0,Hydraulic lift slow to respond,"Forklift mast raises slowly under load and drifts down when held. Requesting hydraulic fluid, seal and pump inspection.

Vehicle: Toyota 8FD25 (BDL-FL-021), bay A-021.",closed,high,high,high,mechanical,mechanical,Hydraulic issue reported on Toyota 8FD25 (BDL-FL-021); mechanical team engaged.,,2915ad05-7ac6-45ab-b21f-9bd0b6a18328,6307ed65-c77c-40e7-9e0f-0b67135eb7b1,6307ed65-c77c-40e7-9e0f-0b67135eb7b1,2025-12-10 08:34:00+00,2025-12-19 08:41:00+00,2025-12-19 08:41:00+00,2025-12-20 09:58:00+00,"{""component"": ""hydraulic"", ""asset_code"": ""LLX-BDL-0021"", ""trigger_snapshot"": ""2025-12-10""}",2025-12-10 08:34:00+00,2026-08-10 19:03:05.467947+00
cf3d7add-fbde-4740-9974-1fbc19e215f3,TCK-000521,2c2727a0-44a0-4463-850c-53b32ec746d1,c537c281-b6ad-4842-94ec-e937be0083e5,Odometer readings inconsistent in platform,"Reported odometer on the platform disagrees with the vehicle cluster. Software team to verify sensor mapping and ingestion for this asset.

Vehicle: Nissan Caravan (WP PC-5728), bay C-025.",resolved,medium,low,medium,software,software,Telematics issue reported on Nissan Caravan (WP PC-5728); software team engaged.,,65e1c26e-af5d-4b8c-94f7-12f2c561b570,84ed798e-b511-4f4a-aa3a-e26029fdaf93,84ed798e-b511-4f4a-aa3a-e26029fdaf93,2025-10-16 08:47:00+00,2025-11-09 10:27:00+00,2025-11-09 10:27:00+00,,"{""component"": ""telematics"", ""asset_code"": ""LLX-COL-0145"", ""trigger_snapshot"": ""2025-10-10""}",2025-10-16 08:47:00+00,2026-08-10 19:03:05.467947+00
18dbf873-87c5-4a1f-9551-dc46d86aa476,TCK-000522,d6e8effa-ff70-4587-9372-b201eb295e1c,c537c281-b6ad-4842-94ec-e937be0083e5,Repeated hard starting in early shift,"Vehicle requires multiple crank attempts at shift start. Battery state of health is degraded on monitoring. Requesting battery and charging system diagnosis.

Vehicle: Toyota 8FD25 (COL-FL-038), bay A-038.",closed,high,high,high,electrical,electrical,Battery issue reported on Toyota 8FD25 (COL-FL-038); electrical team engaged.,,545309cb-bfd9-4596-abb4-4461e08e7f5c,8eff9acb-560a-454d-b4e0-e23389a2264b,8eff9acb-560a-454d-b4e0-e23389a2264b,2025-06-19 15:06:00+00,2025-06-22 05:17:00+00,2025-06-22 05:17:00+00,2025-07-02 06:01:00+00,"{""component"": ""battery"", ""asset_code"": ""LLX-COL-0038"", ""trigger_snapshot"": ""2025-06-10""}",2025-06-19 15:06:00+00,2026-08-10 19:03:05.467947+00
5a20a8a4-758e-4526-ae8c-bf13f3005135,TCK-000523,b40bbe00-0e99-4a1f-ad6c-bbbb740d26a5,23a10ad6-f2ff-4aab-9878-de0f37f6bbe0,Brake performance degraded - inspection required,"Driver reports longer stopping distance and reduced pedal firmness. Brake wear indicator is low on condition monitoring. Mechanical team to inspect pads, discs and brake fluid.

Vehicle: Mitsubishi Fuso Fighter (UP LF-5061), bay D-010.",resolved,high,high,high,mechanical,mechanical,Brake issue reported on Mitsubishi Fuso Fighter (UP LF-5061); mechanical team engaged.,,f84c945b-9cf0-4da2-b016-540bd11e036f,6307ed65-c77c-40e7-9e0f-0b67135eb7b1,6307ed65-c77c-40e7-9e0f-0b67135eb7b1,2026-05-15 07:22:00+00,2026-06-09 17:14:00+00,2026-06-09 17:14:00+00,,"{""component"": ""brake"", ""asset_code"": ""LLX-BDL-0190"", ""trigger_snapshot"": ""2026-05-10""}",2026-05-15 07:22:00+00,2026-08-10 19:03:05.467947+00
1c828d8a-627d-49c4-a2d0-800c97149545,TCK-000524,e7d1dd9a-ff91-4a6f-b886-5a3e607c22dd,23a10ad6-f2ff-4aab-9878-de0f37f6bbe0,Brake performance degraded - inspection required,"Driver reports longer stopping distance and reduced pedal firmness. Brake wear indicator is low on condition monitoring. Mechanical team to inspect pads, discs and brake fluid.

Vehicle: Toyota HiAce (UP PD-5720), bay B-003.",resolved,high,high,high,mechanical,mechanical,Brake issue reported on Toyota HiAce (UP PD-5720); mechanical team engaged.,,73c05dbe-9e82-4f00-b52a-dab6d654c550,2e1b0afe-0496-4426-b986-9eee617c68c8,2e1b0afe-0496-4426-b986-9eee617c68c8,2026-04-23 09:21:00+00,2026-04-29 09:34:00+00,2026-04-29 09:34:00+00,,"{""component"": ""brake"", ""asset_code"": ""LLX-BDL-0063"", ""trigger_snapshot"": ""2026-04-10""}",2026-04-23 09:21:00+00,2026-08-10 19:03:05.467947+00
a1b311af-8cbe-4ef6-94a4-ce7fd59aecae,TCK-000525,f9cb7b27-7a7d-47e9-9c4e-c490f023c209,c537c281-b6ad-4842-94ec-e937be0083e5,Engine oil life exhausted - service overdue,"Oil life monitor has reached the end of its interval. Requesting engine oil and filter service before further dispatch.

Vehicle: Isuzu ELF NKR (WP LD-5506), bay F-044.",closed,high,high,high,mechanical,mechanical,Oil issue reported on Isuzu ELF NKR (WP LD-5506); mechanical team engaged.,,b5e9f1ed-2062-4d19-b2b1-2c2f5f9d9d1d,20064787-286e-445a-af95-65111a530936,20064787-286e-445a-af95-65111a530936,2025-03-29 11:20:00+00,2025-04-14 09:45:00+00,2025-04-14 09:45:00+00,2025-04-16 09:00:00+00,"{""component"": ""oil"", ""asset_code"": ""LLX-COL-0344"", ""trigger_snapshot"": ""2025-03-10""}",2025-03-29 11:20:00+00,2026-08-10 19:03:05.467947+00
f2e00ce5-d0a0-42b6-99b4-a6ee0b3f868d,TCK-000526,6d9c4e90-8ac5-43fa-a060-68e85ed89ebc,c537c281-b6ad-4842-94ec-e937be0083e5,Engine oil life exhausted - service overdue,"Oil life monitor has reached the end of its interval. Requesting engine oil and filter service before further dispatch.

Vehicle: KDH Van (WP PD-6043), bay D-050.",resolved,high,high,high,mechanical,mechanical,Oil issue reported on KDH Van (WP PD-6043); mechanical team engaged.,,af901256-e5d4-4ea1-b95a-c5f2006a7629,802b1d2e-50c9-4825-a3ef-2b31b40f3569,802b1d2e-50c9-4825-a3ef-2b31b40f3569,2025-12-20 05:46:00+00,2026-01-06 14:04:00+00,2026-01-06 14:04:00+00,,"{""component"": ""oil"", ""asset_code"": ""LLX-COL-0230"", ""trigger_snapshot"": ""2025-12-10""}",2025-12-20 05:46:00+00,2026-08-10 19:03:05.467947+00
f89ac03a-8141-47f6-a45c-e3404d177f1f,TCK-000527,a90a1741-8868-4b22-b183-0c7b354b8121,c537c281-b6ad-4842-94ec-e937be0083e5,Brake performance degraded - inspection required,"Driver reports longer stopping distance and reduced pedal firmness. Brake wear indicator is low on condition monitoring. Mechanical team to inspect pads, discs and brake fluid.

Vehicle: Heli CPCD25 (COL-FL-036), bay A-036.",resolved,medium,medium,medium,mechanical,mechanical,Brake issue reported on Heli CPCD25 (COL-FL-036); mechanical team engaged.,,12db3dcf-a204-4a5b-a373-e937d8da705f,94c16a8c-074b-4b37-ab95-493170740735,94c16a8c-074b-4b37-ab95-493170740735,2025-05-13 05:44:00+00,2025-05-19 05:33:00+00,2025-05-19 05:33:00+00,,"{""component"": ""brake"", ""asset_code"": ""LLX-COL-0036"", ""trigger_snapshot"": ""2025-05-10""}",2025-05-13 05:44:00+00,2026-08-10 19:03:05.467947+00
fa1bf299-7f3d-4ac9-9e2d-a74ecfb8fcec,TCK-000528,52ddaf34-1c8f-4dcb-83a2-1ed0d052a37c,8f2b1c74-59d3-4a6e-9b21-7c4e0a5d3f88,Hydraulic lift slow to respond,"Forklift mast raises slowly under load and drifts down when held. Requesting hydraulic fluid, seal and pump inspection.

Vehicle: Heli CPCD25 (GLE-FL-022), bay A-022.",closed,high,high,high,mechanical,mechanical,Hydraulic issue reported on Heli CPCD25 (GLE-FL-022); mechanical team engaged.,,83ec1f03-5a3e-4e22-bc6f-57947070ce66,989c4623-2ef3-4227-8eb3-779db0586ef1,989c4623-2ef3-4227-8eb3-779db0586ef1,2024-08-21 14:38:00+00,2024-09-01 05:07:00+00,2024-09-01 05:07:00+00,2024-09-09 17:37:00+00,"{""component"": ""hydraulic"", ""asset_code"": ""LLX-GLE-0022"", ""trigger_snapshot"": ""2024-08-10""}",2024-08-21 14:38:00+00,2026-08-10 19:03:05.467947+00
a0625a83-7ad9-40ca-8a79-f9e76ff838f2,TCK-000529,7e1c9317-2c5e-4218-9703-5af8023b32c9,c537c281-b6ad-4842-94ec-e937be0083e5,Brake performance degraded - inspection required,"Driver reports longer stopping distance and reduced pedal firmness. Brake wear indicator is low on condition monitoring. Mechanical team to inspect pads, discs and brake fluid.

Vehicle: Toyota 8FD25 (COL-FL-053), bay A-053.",closed,high,high,high,mechanical,mechanical,Brake issue reported on Toyota 8FD25 (COL-FL-053); mechanical team engaged.,,37312388-fdb3-4d96-a270-ec86cf28080e,ff7c83e7-5c79-453d-ba13-4194d70d1e17,ff7c83e7-5c79-453d-ba13-4194d70d1e17,2025-05-16 10:55:00+00,2025-05-21 09:44:00+00,2025-05-21 09:44:00+00,2025-05-31 07:49:00+00,"{""component"": ""brake"", ""asset_code"": ""LLX-COL-0053"", ""trigger_snapshot"": ""2025-05-10""}",2025-05-16 10:55:00+00,2026-08-10 19:03:05.467947+00
2dda1b3d-4530-4c53-a06c-d390de26b0ec,TCK-000595,8d1844a1-2086-4adb-9b7f-07748ab7c83c,c537c281-b6ad-4842-94ec-e937be0083e5,Hydraulic fluid weeping at cylinder,"Visible weeping at the lift cylinder and reduced hydraulic performance on monitoring. Requesting seal replacement.

Vehicle: Nissan Caravan (WP PC-3295), bay D-038.",open,medium,medium,medium,mechanical,mechanical,Hydraulic issue reported on Nissan Caravan (WP PC-3295); mechanical team engaged.,,af901256-e5d4-4ea1-b95a-c5f2006a7629,acc29e92-bfe4-4843-8a5e-b9f6e945a18e,,2026-08-08 12:58:00+00,,,,"{""component"": ""hydraulic"", ""asset_code"": ""LLX-COL-0218"", ""trigger_snapshot"": ""2026-08-10""}",2026-08-08 12:58:00+00,2026-08-10 19:03:05.467947+00
5ddd9f44-cc7e-4576-bfb0-5b73102e3d31,TCK-000530,a838d374-572b-40c4-b331-560dfc970553,c537c281-b6ad-4842-94ec-e937be0083e5,Repeated hard starting in early shift,"Vehicle requires multiple crank attempts at shift start. Battery state of health is degraded on monitoring. Requesting battery and charging system diagnosis.

Vehicle: Mahindra Bolero Pickup (WP LA-6255), bay E-025.",closed,medium,medium,medium,electrical,electrical,Battery issue reported on Mahindra Bolero Pickup (WP LA-6255); electrical team engaged.,,263a5437-f0ae-4504-bd2f-56be5d901456,4004e7eb-3344-4419-9e8c-b6a39833a966,4004e7eb-3344-4419-9e8c-b6a39833a966,2025-06-13 09:50:00+00,2025-06-28 08:30:00+00,2025-06-28 08:30:00+00,2025-07-06 15:02:00+00,"{""component"": ""battery"", ""asset_code"": ""LLX-COL-0265"", ""trigger_snapshot"": ""2025-06-10""}",2025-06-13 09:50:00+00,2026-08-10 19:03:05.467947+00
8f7987cb-b701-45d8-849f-52eef75f007f,TCK-000531,465d2b3b-3577-4777-89df-9f8baab947e9,23a10ad6-f2ff-4aab-9878-de0f37f6bbe0,Battery voltage low - charging system check required,"Battery voltage trend is below target and the vehicle is slow to crank in the morning. Electrical team to test battery health, alternator output and earth connections.

Vehicle: Toyota 8FD25 (BDL-FL-006), bay A-006.",closed,medium,medium,medium,electrical,electrical,Battery issue reported on Toyota 8FD25 (BDL-FL-006); electrical team engaged.,,c90df745-1d60-4fee-882f-634728b39f2d,022e5872-55c1-40d7-b067-cc60fae673de,022e5872-55c1-40d7-b067-cc60fae673de,2025-06-23 05:39:00+00,2025-06-30 12:50:00+00,2025-06-30 12:50:00+00,2025-07-05 15:41:00+00,"{""component"": ""battery"", ""asset_code"": ""LLX-BDL-0006"", ""trigger_snapshot"": ""2025-06-10""}",2025-06-23 05:39:00+00,2026-08-10 19:03:05.467947+00
00905248-0fff-46db-a844-4ed2fe01a164,TCK-000532,c4cb2333-d086-40be-a256-07c97da33346,8f2b1c74-59d3-4a6e-9b21-7c4e0a5d3f88,Repeated hard starting in early shift,"Vehicle requires multiple crank attempts at shift start. Battery state of health is degraded on monitoring. Requesting battery and charging system diagnosis.

Vehicle: KDH Van (SP PC-3942), bay B-059.",closed,low,low,low,electrical,electrical,Battery issue reported on KDH Van (SP PC-3942); electrical team engaged.,,8f36fe73-d255-4230-aa2a-00fa311454ec,bdd93a99-626e-4675-b9a7-acfd49c28c66,bdd93a99-626e-4675-b9a7-acfd49c28c66,2025-03-20 05:59:00+00,2025-04-05 09:59:00+00,2025-04-05 09:59:00+00,2025-04-09 16:55:00+00,"{""component"": ""battery"", ""asset_code"": ""LLX-GLE-0119"", ""trigger_snapshot"": ""2025-03-10""}",2025-03-20 05:59:00+00,2026-08-10 19:03:05.467947+00
afc881a3-8f5e-4fe8-ba43-3632c14fb184,TCK-000533,4c0961a4-d984-4764-a816-ca146ea4bd8d,8f2b1c74-59d3-4a6e-9b21-7c4e0a5d3f88,Oil pressure warning intermittent,"Intermittent oil pressure warning reported on the instrument cluster. Requesting oil level, filter and sender inspection.

Vehicle: Isuzu FVR (SP LF-8770), bay D-045.",closed,high,high,high,mechanical,mechanical,Oil issue reported on Isuzu FVR (SP LF-8770); mechanical team engaged.,,d7c4e17b-fc8a-4978-aeb3-385f00c635d1,ac56c0dc-f5dc-458e-ad2c-545b392395a3,ac56c0dc-f5dc-458e-ad2c-545b392395a3,2025-10-18 05:18:00+00,2025-11-08 08:38:00+00,2025-11-08 08:38:00+00,2025-11-11 05:03:00+00,"{""component"": ""oil"", ""asset_code"": ""LLX-GLE-0225"", ""trigger_snapshot"": ""2025-10-10""}",2025-10-18 05:18:00+00,2026-08-10 19:03:05.467947+00
506258ea-e43c-47ee-b259-3ad81a795141,TCK-000534,f2ac46ad-d9c1-4de6-b888-ed5da0721d12,8f2b1c74-59d3-4a6e-9b21-7c4e0a5d3f88,Tyre wear beyond service limit,"Tread depth is below the service threshold on condition monitoring. Requesting tyre replacement and wheel alignment check.

Vehicle: Komatsu FD25 (GLE-FL-003), bay A-003.",open,high,high,high,mechanical,mechanical,Tire issue reported on Komatsu FD25 (GLE-FL-003); mechanical team engaged.,,8679d499-93b5-4c67-96a9-235351c57233,e20935a5-5128-4f38-92b2-23e2cc66c4ed,,2026-04-25 06:50:00+00,,,,"{""component"": ""tire"", ""asset_code"": ""LLX-GLE-0003"", ""trigger_snapshot"": ""2026-04-10""}",2026-04-25 06:50:00+00,2026-08-10 19:03:05.467947+00
c9d76b31-87ac-4160-8aa9-f6963b2a1346,TCK-000535,6842eb31-93df-46c0-850b-d8ee1f076da3,c537c281-b6ad-4842-94ec-e937be0083e5,Uneven tyre wear and vibration at speed,"Driver reports steering vibration at highway speed. Suspect uneven tyre wear; requesting inspection, rotation and alignment.

Vehicle: Isuzu ELF NKR (WP LD-1526), bay F-060.",closed,high,high,high,mechanical,mechanical,Tire issue reported on Isuzu ELF NKR (WP LD-1526); mechanical team engaged.,,4564c7cd-c427-4d40-8bd2-e97e8f18760b,94c16a8c-074b-4b37-ab95-493170740735,94c16a8c-074b-4b37-ab95-493170740735,2024-10-14 17:23:00+00,2024-10-21 17:48:00+00,2024-10-21 17:48:00+00,2024-10-27 05:16:00+00,"{""component"": ""tire"", ""asset_code"": ""LLX-COL-0360"", ""trigger_snapshot"": ""2024-10-10""}",2024-10-14 17:23:00+00,2026-08-10 19:03:05.467947+00
dd877e8c-e8ad-4af5-9180-a10877d39002,TCK-000536,cb5489d7-7bac-446a-bbdc-a74f9cc14b7e,8f2b1c74-59d3-4a6e-9b21-7c4e0a5d3f88,Engine oil life exhausted - service overdue,"Oil life monitor has reached the end of its interval. Requesting engine oil and filter service before further dispatch.

Vehicle: Toyota 8FD25 (GLE-FL-046), bay A-046.",resolved,high,high,high,mechanical,mechanical,Oil issue reported on Toyota 8FD25 (GLE-FL-046); mechanical team engaged.,,5759f3d2-34f3-483d-818a-1b5627a40557,597c6eba-286e-440e-922e-420efd907fcc,597c6eba-286e-440e-922e-420efd907fcc,2026-04-30 11:30:00+00,2026-05-03 09:03:00+00,2026-05-03 09:03:00+00,,"{""component"": ""oil"", ""asset_code"": ""LLX-GLE-0046"", ""trigger_snapshot"": ""2026-04-10""}",2026-04-30 11:30:00+00,2026-08-10 19:03:05.467947+00
609d827a-2252-4501-83c7-3b0ccd6d8afc,TCK-000537,62e8cfbe-8709-4f64-9913-1332946fa0cb,c537c281-b6ad-4842-94ec-e937be0083e5,Fault codes not clearing after service,"Active fault codes remain present on the dashboard after the workshop reset. Requesting diagnostic tool session and ECU log review.

Vehicle: Isuzu FVR (WP LE-4878), bay G-008.",resolved,medium,medium,medium,software,software,Telematics issue reported on Isuzu FVR (WP LE-4878); software team engaged.,,e2199342-06c7-43be-a8c3-07bc1762f57f,84ed798e-b511-4f4a-aa3a-e26029fdaf93,84ed798e-b511-4f4a-aa3a-e26029fdaf93,2025-06-25 14:40:00+00,2025-07-01 05:09:00+00,2025-07-01 05:09:00+00,,"{""component"": ""telematics"", ""asset_code"": ""LLX-COL-0368"", ""trigger_snapshot"": ""2025-06-10""}",2025-06-25 14:40:00+00,2026-08-10 19:03:05.467947+00
5e385a9d-774f-4735-a586-a4c28340d95c,TCK-000538,c64cadd6-2ac0-4162-ac8c-73c2cbfd67ef,23a10ad6-f2ff-4aab-9878-de0f37f6bbe0,Hydraulic lift slow to respond,"Forklift mast raises slowly under load and drifts down when held. Requesting hydraulic fluid, seal and pump inspection.

Vehicle: KDH Van (UP PC-8622), bay B-007.",closed,medium,medium,medium,mechanical,mechanical,Hydraulic issue reported on KDH Van (UP PC-8622); mechanical team engaged.,,e2edbfb4-2380-494b-9a6e-6f70b8be6c90,7b2e85f9-7895-4aca-bf50-e37e9a354eb0,7b2e85f9-7895-4aca-bf50-e37e9a354eb0,2025-02-21 16:02:00+00,2025-03-02 08:30:00+00,2025-03-02 08:30:00+00,2025-03-06 08:53:00+00,"{""component"": ""hydraulic"", ""asset_code"": ""LLX-BDL-0067"", ""trigger_snapshot"": ""2025-02-10""}",2025-02-21 16:02:00+00,2026-08-10 19:03:05.467947+00
c2e740a6-46af-4ac7-b2e3-da9b5c5ed00b,TCK-000539,8460a2bc-30ae-4a26-9c09-75af1ba3b47b,c537c281-b6ad-4842-94ec-e937be0083e5,Tyre wear beyond service limit,"Tread depth is below the service threshold on condition monitoring. Requesting tyre replacement and wheel alignment check.

Vehicle: Mitsubishi Canter (WP LC-4358), bay F-017.",closed,high,high,high,mechanical,mechanical,Tire issue reported on Mitsubishi Canter (WP LC-4358); mechanical team engaged.,,af901256-e5d4-4ea1-b95a-c5f2006a7629,79bbaaa4-918b-47e0-ba89-d5f2b5a4d4ba,79bbaaa4-918b-47e0-ba89-d5f2b5a4d4ba,2025-07-15 08:08:00+00,2025-07-21 17:58:00+00,2025-07-21 17:58:00+00,2025-07-25 16:44:00+00,"{""component"": ""tire"", ""asset_code"": ""LLX-COL-0317"", ""trigger_snapshot"": ""2025-07-10""}",2025-07-15 08:08:00+00,2026-08-10 19:03:05.467947+00
4254ab09-5e18-40aa-a8e9-cfdfb4b09871,TCK-000540,e245fe3d-5137-4041-ad1d-81dc9f30296c,8f2b1c74-59d3-4a6e-9b21-7c4e0a5d3f88,Hydraulic lift slow to respond,"Forklift mast raises slowly under load and drifts down when held. Requesting hydraulic fluid, seal and pump inspection.

Vehicle: Tata Ace (SP LA-9985), bay C-047.",open,medium,medium,medium,electrical,mechanical,Hydraulic issue reported on Tata Ace (SP LA-9985); mechanical team engaged.,,55095c82-2c02-4291-8de2-7d5afe48cf31,1246b49b-4c2a-428c-9e26-abdd7df1b7e0,,2025-02-21 12:31:00+00,,,,"{""component"": ""hydraulic"", ""asset_code"": ""LLX-GLE-0167"", ""trigger_snapshot"": ""2025-02-10""}",2025-02-21 12:31:00+00,2026-08-10 19:03:05.467947+00
25c9a38d-e7dd-497e-9b25-1ae6bab035a5,TCK-000541,df2486e5-6fe4-4439-b8a6-c4147e346645,8f2b1c74-59d3-4a6e-9b21-7c4e0a5d3f88,Brake noise reported during descent,"Squealing and vibration reported under braking on gradient. Requesting brake pad and disc inspection before the vehicle returns to route.

Vehicle: Toyota 8FD25 (GLE-FL-019), bay A-019.",closed,high,high,high,mechanical,mechanical,Brake issue reported on Toyota 8FD25 (GLE-FL-019); mechanical team engaged.,,9307f79e-1989-450c-8410-9c18f986c0cf,40f69c6c-3cd3-4344-b1f4-7617f7b12fa5,40f69c6c-3cd3-4344-b1f4-7617f7b12fa5,2025-12-27 14:48:00+00,2026-01-20 10:50:00+00,2026-01-20 10:50:00+00,2026-01-21 06:36:00+00,"{""component"": ""brake"", ""asset_code"": ""LLX-GLE-0019"", ""trigger_snapshot"": ""2025-12-10""}",2025-12-27 14:48:00+00,2026-08-10 19:03:05.467947+00
811d18c5-c158-4224-ac76-dd10496856f6,TCK-000542,689e9dac-4a60-400c-9df7-8c0c3e426832,c537c281-b6ad-4842-94ec-e937be0083e5,Engine oil life exhausted - service overdue,"Oil life monitor has reached the end of its interval. Requesting engine oil and filter service before further dispatch.

Vehicle: Toyota HiAce (WP PC-8275), bay C-047.",open,medium,medium,medium,mechanical,mechanical,Oil issue reported on Toyota HiAce (WP PC-8275); mechanical team engaged.,,b532922b-d266-423a-8b64-6756f96af531,829a4aba-bfc5-46a7-beff-bf556004d109,,2026-06-16 06:06:00+00,,,,"{""component"": ""oil"", ""asset_code"": ""LLX-COL-0167"", ""trigger_snapshot"": ""2026-06-10""}",2026-06-16 06:06:00+00,2026-08-10 19:03:05.467947+00
580d959d-cc26-43d0-82d3-f2c7fe95f3e1,TCK-000543,494ddccb-59ef-4729-bb66-368d4a589906,23a10ad6-f2ff-4aab-9878-de0f37f6bbe0,Oil pressure warning intermittent,"Intermittent oil pressure warning reported on the instrument cluster. Requesting oil level, filter and sender inspection.

Vehicle: Tata Ultra T.7 (UP LD-8219), bay C-021.",closed,medium,medium,medium,mechanical,mechanical,Oil issue reported on Tata Ultra T.7 (UP LD-8219); mechanical team engaged.,,d8f399ad-71ac-433b-9603-54c2ebce9462,c4046467-2ed2-4768-9d99-e876c09fe713,c4046467-2ed2-4768-9d99-e876c09fe713,2026-03-21 16:53:00+00,2026-04-02 05:27:00+00,2026-04-02 05:27:00+00,2026-04-05 05:35:00+00,"{""component"": ""oil"", ""asset_code"": ""LLX-BDL-0141"", ""trigger_snapshot"": ""2026-03-10""}",2026-03-21 16:53:00+00,2026-08-10 19:03:05.467947+00
9f59143f-649e-4cb8-9e42-ffdc7f35e942,TCK-000544,a5e7465d-4c28-41f5-8b20-50c5086077b3,23a10ad6-f2ff-4aab-9878-de0f37f6bbe0,Oil pressure warning intermittent,"Intermittent oil pressure warning reported on the instrument cluster. Requesting oil level, filter and sender inspection.

Vehicle: Tata Ultra T.7 (UP LD-3051), bay C-048.",closed,low,low,low,mechanical,mechanical,Oil issue reported on Tata Ultra T.7 (UP LD-3051); mechanical team engaged.,,fca6c7c6-7891-4e0d-bae3-be75e03db35c,95bebbd4-1cfc-4de5-93a8-7a5467a0616c,95bebbd4-1cfc-4de5-93a8-7a5467a0616c,2025-07-25 16:21:00+00,2025-08-14 10:31:00+00,2025-08-14 10:31:00+00,2025-08-17 15:28:00+00,"{""component"": ""oil"", ""asset_code"": ""LLX-BDL-0168"", ""trigger_snapshot"": ""2025-07-10""}",2025-07-25 16:21:00+00,2026-08-10 19:03:05.467947+00
11788b9e-b1b5-46a2-9cac-e50865e298d3,TCK-000545,4eb27e84-8fb0-48ee-a96f-ab631cc1da0d,8f2b1c74-59d3-4a6e-9b21-7c4e0a5d3f88,Fault codes not clearing after service,"Active fault codes remain present on the dashboard after the workshop reset. Requesting diagnostic tool session and ECU log review.

Vehicle: Komatsu FD25 (GLE-FL-040), bay A-040.",closed,medium,medium,medium,software,software,Telematics issue reported on Komatsu FD25 (GLE-FL-040); software team engaged.,,1823ac1f-270d-49f9-abec-45242da05699,17a78c48-dd35-41f3-9ae8-30460de6feb8,17a78c48-dd35-41f3-9ae8-30460de6feb8,2025-07-23 13:18:00+00,2025-08-11 12:38:00+00,2025-08-11 12:38:00+00,2025-08-14 14:00:00+00,"{""component"": ""telematics"", ""asset_code"": ""LLX-GLE-0040"", ""trigger_snapshot"": ""2025-07-10""}",2025-07-23 13:18:00+00,2026-08-10 19:03:05.467947+00
c2589cd5-0fa2-42ff-8398-512a66f2f366,TCK-000546,07152f01-1a2b-4d82-8aa3-bd4dbcb46578,23a10ad6-f2ff-4aab-9878-de0f37f6bbe0,Brake performance degraded - inspection required,"Driver reports longer stopping distance and reduced pedal firmness. Brake wear indicator is low on condition monitoring. Mechanical team to inspect pads, discs and brake fluid.

Vehicle: Mitsubishi Fuso Fighter (UP LF-5957), bay D-013.",closed,medium,medium,medium,mechanical,mechanical,Brake issue reported on Mitsubishi Fuso Fighter (UP LF-5957); mechanical team engaged.,,b221dd05-f6a4-45b2-b09b-265936bd8462,97cc4d1b-3c67-439f-8fdf-b355eb120cfa,97cc4d1b-3c67-439f-8fdf-b355eb120cfa,2025-06-27 15:38:00+00,2025-07-05 07:14:00+00,2025-07-05 07:14:00+00,2025-07-08 10:36:00+00,"{""component"": ""brake"", ""asset_code"": ""LLX-BDL-0193"", ""trigger_snapshot"": ""2025-06-10""}",2025-06-27 15:38:00+00,2026-08-10 19:03:05.467947+00
f48e56ab-9d3a-4df2-a1c7-76f8c5750043,TCK-000547,a5ba25bb-5d3f-4a31-8076-16759638408e,c537c281-b6ad-4842-94ec-e937be0083e5,Uneven tyre wear and vibration at speed,"Driver reports steering vibration at highway speed. Suspect uneven tyre wear; requesting inspection, rotation and alignment.

Vehicle: Tata Ace (WP LB-4858), bay E-008.",closed,medium,high,medium,mechanical,mechanical,Tire issue reported on Tata Ace (WP LB-4858); mechanical team engaged.,,30c46f60-6040-45fd-ac19-15ae34083ba9,7644642e-745c-4474-890f-0f840a0b5df8,7644642e-745c-4474-890f-0f840a0b5df8,2025-01-11 06:28:00+00,2025-01-29 16:06:00+00,2025-01-29 16:06:00+00,2025-02-03 15:52:00+00,"{""component"": ""tire"", ""asset_code"": ""LLX-COL-0248"", ""trigger_snapshot"": ""2025-01-10""}",2025-01-11 06:28:00+00,2026-08-10 19:03:05.467947+00
6c88e462-6ec0-4d87-87d6-7f84c8b3e61b,TCK-000548,a0c8aa01-fd48-4c62-b354-3816a5558a35,c537c281-b6ad-4842-94ec-e937be0083e5,Hydraulic lift slow to respond,"Forklift mast raises slowly under load and drifts down when held. Requesting hydraulic fluid, seal and pump inspection.

Vehicle: Toyota 8FD25 (COL-FL-088), bay B-028.",resolved,medium,medium,medium,mechanical,mechanical,Hydraulic issue reported on Toyota 8FD25 (COL-FL-088); mechanical team engaged.,,785218fb-cfc1-466f-8524-05e00d4d22a9,3c90f1c6-065f-43ab-a8fc-5448c3c970a3,3c90f1c6-065f-43ab-a8fc-5448c3c970a3,2025-10-23 11:29:00+00,2025-10-31 17:32:00+00,2025-10-31 17:32:00+00,,"{""component"": ""hydraulic"", ""asset_code"": ""LLX-COL-0088"", ""trigger_snapshot"": ""2025-10-10""}",2025-10-23 11:29:00+00,2026-08-10 19:03:05.467947+00
49f3f4cb-ae05-48e3-8af6-eb07cead8db2,TCK-000549,92a646f1-be19-455a-a214-8135cee5748e,23a10ad6-f2ff-4aab-9878-de0f37f6bbe0,Battery voltage low - charging system check required,"Battery voltage trend is below target and the vehicle is slow to crank in the morning. Electrical team to test battery health, alternator output and earth connections.

Vehicle: Tata Ace (UP LA-5174), bay B-028.",open,high,high,high,electrical,electrical,Battery issue reported on Tata Ace (UP LA-5174); electrical team engaged.,,35435063-92fc-49ec-8f3f-19b3b315f062,5797f891-99a9-4a6a-b447-0d48d749c9b0,,2025-01-26 15:59:00+00,,,,"{""component"": ""battery"", ""asset_code"": ""LLX-BDL-0088"", ""trigger_snapshot"": ""2025-01-10""}",2025-01-26 15:59:00+00,2026-08-10 19:03:05.467947+00
579b8e56-2edc-4fcd-8afb-d27f2e29a8c4,TCK-000550,66bf4114-bfc0-4c4f-b2c7-c6866ac7c172,8f2b1c74-59d3-4a6e-9b21-7c4e0a5d3f88,Fault codes not clearing after service,"Active fault codes remain present on the dashboard after the workshop reset. Requesting diagnostic tool session and ECU log review.

Vehicle: Piaggio Porter (SP LA-2197), bay C-048.",open,low,low,low,mechanical,software,Telematics issue reported on Piaggio Porter (SP LA-2197); software team engaged.,,c43b4443-f438-4b6f-93b9-7565a30bd3a2,cdd74f33-dff3-4b0f-8378-d2989570b4c6,,2026-08-09 14:33:00+00,,,,"{""component"": ""telematics"", ""asset_code"": ""LLX-GLE-0168"", ""trigger_snapshot"": ""2026-08-10""}",2026-08-09 14:33:00+00,2026-08-10 19:03:05.467947+00
a782f7de-104c-49dd-8b3e-a4fb83361cc5,TCK-000551,16450510-2815-4094-85c8-6aa210ddde6d,c537c281-b6ad-4842-94ec-e937be0083e5,Tyre wear beyond service limit,"Tread depth is below the service threshold on condition monitoring. Requesting tyre replacement and wheel alignment check.

Vehicle: Isuzu ELF NKR (WP LC-8784), bay F-033.",closed,medium,medium,medium,mechanical,mechanical,Tire issue reported on Isuzu ELF NKR (WP LC-8784); mechanical team engaged.,,4fa2752c-21e0-493e-9323-ee28c5c15ff0,7ab528b9-cbf7-4b46-8d45-847ab79da77d,7ab528b9-cbf7-4b46-8d45-847ab79da77d,2026-01-23 13:30:00+00,2026-02-17 13:45:00+00,2026-02-17 13:45:00+00,2026-02-24 11:16:00+00,"{""component"": ""tire"", ""asset_code"": ""LLX-COL-0333"", ""trigger_snapshot"": ""2026-01-10""}",2026-01-23 13:30:00+00,2026-08-10 19:03:05.467947+00
6f89dded-bb5d-4b7d-be3c-b052ad109eae,TCK-000552,cb409871-eecf-4f9b-83e0-498c9a3e3367,8f2b1c74-59d3-4a6e-9b21-7c4e0a5d3f88,Tyre wear beyond service limit,"Tread depth is below the service threshold on condition monitoring. Requesting tyre replacement and wheel alignment check.

Vehicle: Komatsu FD25 (GLE-FL-036), bay A-036.",closed,medium,medium,medium,mechanical,mechanical,Tire issue reported on Komatsu FD25 (GLE-FL-036); mechanical team engaged.,,8679d499-93b5-4c67-96a9-235351c57233,ac56c0dc-f5dc-458e-ad2c-545b392395a3,ac56c0dc-f5dc-458e-ad2c-545b392395a3,2025-06-26 16:16:00+00,2025-07-10 15:29:00+00,2025-07-10 15:29:00+00,2025-07-16 15:35:00+00,"{""component"": ""tire"", ""asset_code"": ""LLX-GLE-0036"", ""trigger_snapshot"": ""2025-06-10""}",2025-06-26 16:16:00+00,2026-08-10 19:03:05.467947+00
9c0c9481-3eab-42c7-aa87-3d68ad60fde8,TCK-000553,e747472c-d57d-4b10-838c-394a5511a567,c537c281-b6ad-4842-94ec-e937be0083e5,Brake performance degraded - inspection required,"Driver reports longer stopping distance and reduced pedal firmness. Brake wear indicator is low on condition monitoring. Mechanical team to inspect pads, discs and brake fluid.

Vehicle: Komatsu FD30 (COL-FL-091), bay B-031.",open,high,high,high,mechanical,mechanical,Brake issue reported on Komatsu FD30 (COL-FL-091); mechanical team engaged.,,202f85e0-a81b-4067-b831-8e0688702cd1,96fb9f33-3e52-4958-8405-6ccf26fcacdc,,2024-12-23 13:29:00+00,,,,"{""component"": ""brake"", ""asset_code"": ""LLX-COL-0091"", ""trigger_snapshot"": ""2024-12-10""}",2024-12-23 13:29:00+00,2026-08-10 19:03:05.467947+00
246f2b95-cc47-4da9-99bc-f8c4d91d4358,TCK-000554,c1f593d7-93f1-47e7-91e2-0f62e682f9c1,c537c281-b6ad-4842-94ec-e937be0083e5,Uneven tyre wear and vibration at speed,"Driver reports steering vibration at highway speed. Suspect uneven tyre wear; requesting inspection, rotation and alignment.

Vehicle: Heli CPCD30 (COL-FL-126), bay C-006.",resolved,medium,medium,medium,mechanical,mechanical,Tire issue reported on Heli CPCD30 (COL-FL-126); mechanical team engaged.,,b86c3428-f167-40ff-8973-9c69b332b108,3ed87f3f-9d1e-409e-af21-14fee9e9bc14,3ed87f3f-9d1e-409e-af21-14fee9e9bc14,2026-06-18 11:43:00+00,2026-06-26 11:08:00+00,2026-06-26 11:08:00+00,,"{""component"": ""tire"", ""asset_code"": ""LLX-COL-0126"", ""trigger_snapshot"": ""2026-06-10""}",2026-06-18 11:43:00+00,2026-08-10 19:03:05.467947+00
e818fe0e-b834-4350-ad3a-99e645c1b306,TCK-000555,98939830-9374-4252-befd-c1b2e56844eb,c537c281-b6ad-4842-94ec-e937be0083e5,Brake noise reported during descent,"Squealing and vibration reported under braking on gradient. Requesting brake pad and disc inspection before the vehicle returns to route.

Vehicle: Heli CPCD25 (COL-FL-014), bay A-014.",resolved,medium,medium,medium,mechanical,mechanical,Brake issue reported on Heli CPCD25 (COL-FL-014); mechanical team engaged.,,2708d4f5-3ad6-4440-8965-792bc8ba02ec,0e660caf-be56-441a-9248-89924b2ed16d,0e660caf-be56-441a-9248-89924b2ed16d,2025-01-30 17:53:00+00,2025-02-13 13:24:00+00,2025-02-13 13:24:00+00,,"{""component"": ""brake"", ""asset_code"": ""LLX-COL-0014"", ""trigger_snapshot"": ""2025-01-10""}",2025-01-30 17:53:00+00,2026-08-10 19:03:05.467947+00
09c34bb2-3503-41a6-9aaa-95a4cf217205,TCK-000556,a60ca723-0991-4f4e-a2dc-c191a76ee7d2,c537c281-b6ad-4842-94ec-e937be0083e5,Battery voltage low - charging system check required,"Battery voltage trend is below target and the vehicle is slow to crank in the morning. Electrical team to test battery health, alternator output and earth connections.

Vehicle: Heli CPCD25 (COL-FL-030), bay A-030.",closed,high,high,high,software,electrical,Battery issue reported on Heli CPCD25 (COL-FL-030); electrical team engaged.,,e2ef226b-dfda-42f9-b877-004eb21dd484,b7d6f932-49f4-46ba-85fa-9c50ab72be6f,b7d6f932-49f4-46ba-85fa-9c50ab72be6f,2025-02-23 07:15:00+00,2025-03-11 08:38:00+00,2025-03-11 08:38:00+00,2025-03-15 13:38:00+00,"{""component"": ""battery"", ""asset_code"": ""LLX-COL-0030"", ""trigger_snapshot"": ""2025-02-10""}",2025-02-23 07:15:00+00,2026-08-10 19:03:05.467947+00
5b59824e-f57e-4f32-9c19-ee299cdec261,TCK-000557,4c0961a4-d984-4764-a816-ca146ea4bd8d,8f2b1c74-59d3-4a6e-9b21-7c4e0a5d3f88,Oil pressure warning intermittent,"Intermittent oil pressure warning reported on the instrument cluster. Requesting oil level, filter and sender inspection.

Vehicle: Isuzu FVR (SP LF-8770), bay D-045.",closed,high,low,high,mechanical,mechanical,Oil issue reported on Isuzu FVR (SP LF-8770); mechanical team engaged.,,9307f79e-1989-450c-8410-9c18f986c0cf,e1c1397c-6345-47ab-948e-0f3e68d615b7,e1c1397c-6345-47ab-948e-0f3e68d615b7,2025-10-24 10:18:00+00,2025-11-17 13:52:00+00,2025-11-17 13:52:00+00,2025-11-26 13:47:00+00,"{""component"": ""oil"", ""asset_code"": ""LLX-GLE-0225"", ""trigger_snapshot"": ""2025-10-10""}",2025-10-24 10:18:00+00,2026-08-10 19:03:05.467947+00
3c2d5cc4-df34-41df-98d3-7fddb9588c8e,TCK-000558,f8181c70-e76e-482c-bda8-9ef8ae75efae,c537c281-b6ad-4842-94ec-e937be0083e5,Tyre wear beyond service limit,"Tread depth is below the service threshold on condition monitoring. Requesting tyre replacement and wheel alignment check.

Vehicle: Toyota 8FD30 (COL-FL-108), bay B-048.",closed,medium,medium,medium,mechanical,mechanical,Tire issue reported on Toyota 8FD30 (COL-FL-108); mechanical team engaged.,,d6a58d19-0433-442d-8e4b-6dd407e4e844,799f9455-62db-4da1-8b99-9f32da209d65,799f9455-62db-4da1-8b99-9f32da209d65,2024-08-19 15:52:00+00,2024-08-31 08:38:00+00,2024-08-31 08:38:00+00,2024-09-01 08:35:00+00,"{""component"": ""tire"", ""asset_code"": ""LLX-COL-0108"", ""trigger_snapshot"": ""2024-08-10""}",2024-08-19 15:52:00+00,2026-08-10 19:03:05.467947+00
19c4927d-7dfb-44f5-9385-60d84f75842c,TCK-000559,897001fd-1243-41c1-838e-1fd1b5483d24,23a10ad6-f2ff-4aab-9878-de0f37f6bbe0,Uneven tyre wear and vibration at speed,"Driver reports steering vibration at highway speed. Suspect uneven tyre wear; requesting inspection, rotation and alignment.

Vehicle: Mahindra Bolero Pickup (UP LA-5909), bay B-029.",resolved,low,low,low,mechanical,mechanical,Tire issue reported on Mahindra Bolero Pickup (UP LA-5909); mechanical team engaged.,,d75a5c51-3679-45f1-bdb4-c7d37c50a47e,3c24c592-daf5-4ac0-b10b-6b0035f0c7d3,3c24c592-daf5-4ac0-b10b-6b0035f0c7d3,2025-09-29 05:28:00+00,2025-09-30 16:03:00+00,2025-09-30 16:03:00+00,,"{""component"": ""tire"", ""asset_code"": ""LLX-BDL-0089"", ""trigger_snapshot"": ""2025-09-10""}",2025-09-29 05:28:00+00,2026-08-10 19:03:05.467947+00
80b4c98c-ab61-4eae-b16c-f00de913755e,TCK-000560,04db65f1-caf5-4f8f-ba94-6e8ae8ecc7bd,c537c281-b6ad-4842-94ec-e937be0083e5,Hydraulic lift slow to respond,"Forklift mast raises slowly under load and drifts down when held. Requesting hydraulic fluid, seal and pump inspection.

Vehicle: Tata Ultra T.7 (WP LD-2922), bay F-001.",resolved,low,low,low,mechanical,mechanical,Hydraulic issue reported on Tata Ultra T.7 (WP LD-2922); mechanical team engaged.,,5d43b353-f619-4792-b4f1-617a66b1975e,799f9455-62db-4da1-8b99-9f32da209d65,799f9455-62db-4da1-8b99-9f32da209d65,2024-12-27 15:23:00+00,2024-12-29 12:57:00+00,2024-12-29 12:57:00+00,,"{""component"": ""hydraulic"", ""asset_code"": ""LLX-COL-0301"", ""trigger_snapshot"": ""2024-12-10""}",2024-12-27 15:23:00+00,2026-08-10 19:03:05.467947+00
5eddbbfa-5046-49d4-b41d-caffa3b99cd4,TCK-000561,356349f3-df0e-4189-bfb6-476417dc8ad4,8f2b1c74-59d3-4a6e-9b21-7c4e0a5d3f88,Hydraulic fluid weeping at cylinder,"Visible weeping at the lift cylinder and reduced hydraulic performance on monitoring. Requesting seal replacement.

Vehicle: Mercedes Actros 1836 (SP LG-2267), bay E-008.",open,medium,medium,medium,mechanical,mechanical,Hydraulic issue reported on Mercedes Actros 1836 (SP LG-2267); mechanical team engaged.,,1e6b1233-94a4-4f67-9f4e-be45652c148d,57ace99d-32e1-4aae-af41-0861213bfb33,,2026-02-10 09:28:00+00,,,,"{""component"": ""hydraulic"", ""asset_code"": ""LLX-GLE-0248"", ""trigger_snapshot"": ""2026-02-10""}",2026-02-10 09:28:00+00,2026-08-10 19:03:05.467947+00
56075721-4cf4-4ae7-b93c-96eef401d069,TCK-000562,f3dead69-ffde-4a9e-9002-fe4e48a9d009,8f2b1c74-59d3-4a6e-9b21-7c4e0a5d3f88,Engine oil life exhausted - service overdue,"Oil life monitor has reached the end of its interval. Requesting engine oil and filter service before further dispatch.

Vehicle: Toyota HiAce (SP PD-2633), bay C-012.",closed,high,high,high,electrical,mechanical,Oil issue reported on Toyota HiAce (SP PD-2633); mechanical team engaged.,,83ec1f03-5a3e-4e22-bc6f-57947070ce66,fc40d020-6df0-48d5-964e-6051e0f01179,fc40d020-6df0-48d5-964e-6051e0f01179,2024-08-21 09:03:00+00,2024-09-05 07:56:00+00,2024-09-05 07:56:00+00,2024-09-09 06:53:00+00,"{""component"": ""oil"", ""asset_code"": ""LLX-GLE-0132"", ""trigger_snapshot"": ""2024-08-10""}",2024-08-21 09:03:00+00,2026-08-10 19:03:05.467947+00
a3521abb-da6e-41b0-a04f-c5e721445964,TCK-000563,6b665a6c-e100-410e-8a91-4c407e4b69f9,c537c281-b6ad-4842-94ec-e937be0083e5,Telematics unit not reporting,"Sensor gateway on this vehicle has stopped publishing readings. Software team to check the telematics unit, SIM connectivity and data pipeline ingestion.

Vehicle: Toyota HiAce (WP PE-6461), bay D-008.",closed,high,medium,high,software,software,Telematics issue reported on Toyota HiAce (WP PE-6461); software team engaged.,,8a906ddd-efc9-4d97-a3e2-4e1e20eba9ae,00e5d1da-737f-4af2-9618-a843c6ba6bc0,00e5d1da-737f-4af2-9618-a843c6ba6bc0,2025-05-13 05:27:00+00,2025-05-23 11:07:00+00,2025-05-23 11:07:00+00,2025-05-27 14:13:00+00,"{""component"": ""telematics"", ""asset_code"": ""LLX-COL-0188"", ""trigger_snapshot"": ""2025-05-10""}",2025-05-13 05:27:00+00,2026-08-10 19:03:05.467947+00
0c817bdc-c0d9-4254-9f3e-0050b4ee2afe,TCK-000564,55a52988-3327-4504-ab63-24e3d01fec89,c537c281-b6ad-4842-94ec-e937be0083e5,Tyre wear beyond service limit,"Tread depth is below the service threshold on condition monitoring. Requesting tyre replacement and wheel alignment check.

Vehicle: Komatsu FD25 (COL-FL-057), bay A-057.",resolved,medium,medium,medium,mechanical,mechanical,Tire issue reported on Komatsu FD25 (COL-FL-057); mechanical team engaged.,,46b73944-8ece-4c39-886b-b9a4aeefe08a,94c16a8c-074b-4b37-ab95-493170740735,94c16a8c-074b-4b37-ab95-493170740735,2024-11-29 07:09:00+00,2024-12-19 11:43:00+00,2024-12-19 11:43:00+00,,"{""component"": ""tire"", ""asset_code"": ""LLX-COL-0057"", ""trigger_snapshot"": ""2024-11-10""}",2024-11-29 07:09:00+00,2026-08-10 19:03:05.467947+00
aa6f7cbb-0846-43ae-97ad-4bf0a042d2b5,TCK-000565,cc38b41e-77b1-4aac-8f57-43cc9bce4fc7,23a10ad6-f2ff-4aab-9878-de0f37f6bbe0,Engine oil life exhausted - service overdue,"Oil life monitor has reached the end of its interval. Requesting engine oil and filter service before further dispatch.

Vehicle: Tata Ultra T.7 (UP LC-1941), bay C-034.",closed,high,high,high,mechanical,mechanical,Oil issue reported on Tata Ultra T.7 (UP LC-1941); mechanical team engaged.,,7c77d83d-f5f7-475a-b677-e449366d04f9,accf0286-4b23-46a3-851f-00be6bdd8e5f,accf0286-4b23-46a3-851f-00be6bdd8e5f,2024-10-15 06:41:00+00,2024-10-24 11:49:00+00,2024-10-24 11:49:00+00,2024-10-27 14:46:00+00,"{""component"": ""oil"", ""asset_code"": ""LLX-BDL-0154"", ""trigger_snapshot"": ""2024-10-10""}",2024-10-15 06:41:00+00,2026-08-10 19:03:05.467947+00
a0db5340-6a50-438c-8cac-a578c6abe33a,TCK-000566,fe954d4a-ed78-4a00-9e83-520184d3ad6f,c537c281-b6ad-4842-94ec-e937be0083e5,Hydraulic lift slow to respond,"Forklift mast raises slowly under load and drifts down when held. Requesting hydraulic fluid, seal and pump inspection.

Vehicle: Komatsu FD25 (COL-FL-034), bay A-034.",closed,medium,medium,medium,mechanical,mechanical,Hydraulic issue reported on Komatsu FD25 (COL-FL-034); mechanical team engaged.,,42665fec-7225-4509-8ad2-324bb15dc7cf,2ea7ff67-fdd7-4d0b-96cd-8dd768decfdd,2ea7ff67-fdd7-4d0b-96cd-8dd768decfdd,2025-11-19 12:38:00+00,2025-11-28 17:32:00+00,2025-11-28 17:32:00+00,2025-12-02 11:51:00+00,"{""component"": ""hydraulic"", ""asset_code"": ""LLX-COL-0034"", ""trigger_snapshot"": ""2025-11-10""}",2025-11-19 12:38:00+00,2026-08-10 19:03:05.467947+00
01d9bbe9-1706-4aea-a7a7-9269ec07f93b,TCK-000567,29f4e1a7-ac55-4fa2-b7bd-e1cf8e4b7b91,23a10ad6-f2ff-4aab-9878-de0f37f6bbe0,Brake noise reported during descent,"Squealing and vibration reported under braking on gradient. Requesting brake pad and disc inspection before the vehicle returns to route.

Vehicle: Mitsubishi Canter (UP LD-9417), bay C-030.",closed,high,high,high,mechanical,mechanical,Brake issue reported on Mitsubishi Canter (UP LD-9417); mechanical team engaged.,,a65b104c-d3be-4d8a-be5f-daa9ee0af4cc,f101a341-b305-43d6-b170-7cbd8501fef2,f101a341-b305-43d6-b170-7cbd8501fef2,2025-08-29 16:00:00+00,2025-09-02 07:03:00+00,2025-09-02 07:03:00+00,2025-09-09 15:28:00+00,"{""component"": ""brake"", ""asset_code"": ""LLX-BDL-0150"", ""trigger_snapshot"": ""2025-08-10""}",2025-08-29 16:00:00+00,2026-08-10 19:03:05.467947+00
98b4da64-5006-418f-ba69-80a239dafbec,TCK-000568,9be549c6-7503-412f-9748-3d68a1945249,8f2b1c74-59d3-4a6e-9b21-7c4e0a5d3f88,Battery voltage low - charging system check required,"Battery voltage trend is below target and the vehicle is slow to crank in the morning. Electrical team to test battery health, alternator output and earth connections.

Vehicle: Toyota 8FD30 (GLE-FL-094), bay B-034.",resolved,high,high,high,electrical,electrical,Battery issue reported on Toyota 8FD30 (GLE-FL-094); electrical team engaged.,,fe8b8a5c-fa8d-4338-bff2-c33473622fe7,d6aec698-ade7-42e5-8a36-3df03605cce0,d6aec698-ade7-42e5-8a36-3df03605cce0,2025-03-13 16:26:00+00,2025-03-31 08:43:00+00,2025-03-31 08:43:00+00,,"{""component"": ""battery"", ""asset_code"": ""LLX-GLE-0094"", ""trigger_snapshot"": ""2025-03-10""}",2025-03-13 16:26:00+00,2026-08-10 19:03:05.467947+00
ece535b2-524c-4bc0-b223-77d33202a663,TCK-000569,d96ecab9-062f-4892-a7ea-535b6b2a33c5,c537c281-b6ad-4842-94ec-e937be0083e5,Brake noise reported during descent,"Squealing and vibration reported under braking on gradient. Requesting brake pad and disc inspection before the vehicle returns to route.

Vehicle: Komatsu FD25 (COL-FL-021), bay A-021.",closed,medium,medium,medium,mechanical,mechanical,Brake issue reported on Komatsu FD25 (COL-FL-021); mechanical team engaged.,,b8bd2693-6e8f-4d53-8f57-8abb50dbc33c,7644642e-745c-4474-890f-0f840a0b5df8,7644642e-745c-4474-890f-0f840a0b5df8,2025-05-16 15:59:00+00,2025-05-19 16:35:00+00,2025-05-19 16:35:00+00,2025-05-28 14:51:00+00,"{""component"": ""brake"", ""asset_code"": ""LLX-COL-0021"", ""trigger_snapshot"": ""2025-05-10""}",2025-05-16 15:59:00+00,2026-08-10 19:03:05.467947+00
fb68fe00-2069-405c-b672-1ff35e1bc1fe,TCK-000570,024397fd-7e68-4975-beb7-ba32900ae672,8f2b1c74-59d3-4a6e-9b21-7c4e0a5d3f88,Brake performance degraded - inspection required,"Driver reports longer stopping distance and reduced pedal firmness. Brake wear indicator is low on condition monitoring. Mechanical team to inspect pads, discs and brake fluid.

Vehicle: Isuzu FVR (SP LE-5359), bay D-055.",closed,high,high,high,mechanical,mechanical,Brake issue reported on Isuzu FVR (SP LE-5359); mechanical team engaged.,,5ec54120-51da-4099-ba14-4ca0eb715ea5,989c4623-2ef3-4227-8eb3-779db0586ef1,989c4623-2ef3-4227-8eb3-779db0586ef1,2024-08-23 07:04:00+00,2024-09-02 08:33:00+00,2024-09-02 08:33:00+00,2024-09-11 06:44:00+00,"{""component"": ""brake"", ""asset_code"": ""LLX-GLE-0235"", ""trigger_snapshot"": ""2024-08-10""}",2024-08-23 07:04:00+00,2026-08-10 19:03:05.467947+00
be599043-a0ea-43b1-979f-1f1fca820b1c,TCK-000571,90b0380d-5281-4bf4-849e-1c26b49e1de2,c537c281-b6ad-4842-94ec-e937be0083e5,Uneven tyre wear and vibration at speed,"Driver reports steering vibration at highway speed. Suspect uneven tyre wear; requesting inspection, rotation and alignment.

Vehicle: Toyota 8FD25 (COL-FL-010), bay A-010.",closed,medium,medium,medium,mechanical,mechanical,Tire issue reported on Toyota 8FD25 (COL-FL-010); mechanical team engaged.,,29149225-4247-42a7-8958-7e2e64b8e427,ff7c83e7-5c79-453d-ba13-4194d70d1e17,ff7c83e7-5c79-453d-ba13-4194d70d1e17,2026-04-14 15:31:00+00,2026-04-16 13:19:00+00,2026-04-16 13:19:00+00,2026-04-21 11:59:00+00,"{""component"": ""tire"", ""asset_code"": ""LLX-COL-0010"", ""trigger_snapshot"": ""2026-04-10""}",2026-04-14 15:31:00+00,2026-08-10 19:03:05.467947+00
a1f5413a-fb61-409e-aea1-234211567770,TCK-000572,5eb688a2-613d-4fb8-87de-2f2e447a140b,23a10ad6-f2ff-4aab-9878-de0f37f6bbe0,Brake noise reported during descent,"Squealing and vibration reported under braking on gradient. Requesting brake pad and disc inspection before the vehicle returns to route.

Vehicle: KDH Van (UP PD-3293), bay B-020.",closed,low,low,low,mechanical,mechanical,Brake issue reported on KDH Van (UP PD-3293); mechanical team engaged.,,6c4cf384-9ab6-4f43-8812-d549c1764862,7b2e85f9-7895-4aca-bf50-e37e9a354eb0,7b2e85f9-7895-4aca-bf50-e37e9a354eb0,2025-06-20 15:12:00+00,2025-06-22 14:11:00+00,2025-06-22 14:11:00+00,2025-07-01 10:59:00+00,"{""component"": ""brake"", ""asset_code"": ""LLX-BDL-0080"", ""trigger_snapshot"": ""2025-06-10""}",2025-06-20 15:12:00+00,2026-08-10 19:03:05.467947+00
fa1f6a3e-81d3-405f-8c66-81a7fe5c699d,TCK-000573,b544ce10-d9f9-42d3-93c9-49619b7f4f81,23a10ad6-f2ff-4aab-9878-de0f37f6bbe0,Brake noise reported during descent,"Squealing and vibration reported under braking on gradient. Requesting brake pad and disc inspection before the vehicle returns to route.

Vehicle: Nissan Caravan (UP PD-7769), bay B-010.",resolved,medium,low,medium,mechanical,mechanical,Brake issue reported on Nissan Caravan (UP PD-7769); mechanical team engaged.,,59d6aa79-2377-4337-9638-88a668cb9c4b,e4333d48-503a-4694-b7d9-97ac9dee27e0,e4333d48-503a-4694-b7d9-97ac9dee27e0,2025-08-26 05:30:00+00,2025-08-27 06:55:00+00,2025-08-27 06:55:00+00,,"{""component"": ""brake"", ""asset_code"": ""LLX-BDL-0070"", ""trigger_snapshot"": ""2025-08-10""}",2025-08-26 05:30:00+00,2026-08-10 19:03:05.467947+00
e3f30b0d-8c6c-4191-9e3c-296959783f80,TCK-000574,9001115e-c9ba-4b35-9157-c79eef156923,c537c281-b6ad-4842-94ec-e937be0083e5,Hydraulic lift slow to respond,"Forklift mast raises slowly under load and drifts down when held. Requesting hydraulic fluid, seal and pump inspection.

Vehicle: Nissan Caravan (WP PC-2726), bay D-026.",resolved,low,medium,low,mechanical,mechanical,Hydraulic issue reported on Nissan Caravan (WP PC-2726); mechanical team engaged.,,c7c01cc4-ac80-41d8-957a-a2195736cacf,ee4d2f5c-11a7-4a36-b4f7-9b4da1d376b2,ee4d2f5c-11a7-4a36-b4f7-9b4da1d376b2,2025-03-21 13:41:00+00,2025-04-04 08:17:00+00,2025-04-04 08:17:00+00,,"{""component"": ""hydraulic"", ""asset_code"": ""LLX-COL-0206"", ""trigger_snapshot"": ""2025-03-10""}",2025-03-21 13:41:00+00,2026-08-10 19:03:05.467947+00
ab8b04d1-168f-40f3-a762-9c4dc04f8861,TCK-000575,9d893206-63f2-4531-950b-cee3077877f6,8f2b1c74-59d3-4a6e-9b21-7c4e0a5d3f88,Brake noise reported during descent,"Squealing and vibration reported under braking on gradient. Requesting brake pad and disc inspection before the vehicle returns to route.

Vehicle: Mahindra Bolero Pickup (SP LA-3865), bay C-055.",open,high,high,high,mechanical,mechanical,Brake issue reported on Mahindra Bolero Pickup (SP LA-3865); mechanical team engaged.,,66bd3d10-87f2-4918-8763-36e022cb6719,fc40d020-6df0-48d5-964e-6051e0f01179,,2026-07-24 09:01:00+00,,,,"{""component"": ""brake"", ""asset_code"": ""LLX-GLE-0175"", ""trigger_snapshot"": ""2026-07-10""}",2026-07-24 09:01:00+00,2026-08-10 19:03:05.467947+00
1cf4d20d-d3ac-4c74-b6e6-a15ae97c5222,TCK-000576,7c5877ae-6f27-41da-9baf-d1eb34f8f24e,c537c281-b6ad-4842-94ec-e937be0083e5,Engine oil life exhausted - service overdue,"Oil life monitor has reached the end of its interval. Requesting engine oil and filter service before further dispatch.

Vehicle: Toyota 8FD30 (COL-FL-135), bay C-015.",closed,high,high,high,electrical,mechanical,Oil issue reported on Toyota 8FD30 (COL-FL-135); mechanical team engaged.,,d8c9b73b-baf2-4cfd-ba84-ecd851223b7d,d792505c-1381-4a80-a76a-ba6656107cef,d792505c-1381-4a80-a76a-ba6656107cef,2026-02-13 09:42:00+00,2026-03-09 16:14:00+00,2026-03-09 16:14:00+00,2026-03-13 07:46:00+00,"{""component"": ""oil"", ""asset_code"": ""LLX-COL-0135"", ""trigger_snapshot"": ""2026-02-10""}",2026-02-13 09:42:00+00,2026-08-10 19:03:05.467947+00
654f1b48-a756-46a0-9860-564f37524d9c,TCK-000577,b8f84319-275a-4e51-aa52-bb299d3e0453,23a10ad6-f2ff-4aab-9878-de0f37f6bbe0,Oil pressure warning intermittent,"Intermittent oil pressure warning reported on the instrument cluster. Requesting oil level, filter and sender inspection.

Vehicle: Tata Ultra T.7 (UP LD-4104), bay C-041.",closed,medium,medium,medium,mechanical,mechanical,Oil issue reported on Tata Ultra T.7 (UP LD-4104); mechanical team engaged.,,ba7951af-1b58-44f9-b4c1-ddf3453c6d77,f101a341-b305-43d6-b170-7cbd8501fef2,f101a341-b305-43d6-b170-7cbd8501fef2,2025-08-30 05:17:00+00,2025-09-21 06:17:00+00,2025-09-21 06:17:00+00,2025-09-25 13:06:00+00,"{""component"": ""oil"", ""asset_code"": ""LLX-BDL-0161"", ""trigger_snapshot"": ""2025-08-10""}",2025-08-30 05:17:00+00,2026-08-10 19:03:05.467947+00
2f949f41-e7f8-4b37-80a2-1818ec8ba978,TCK-000578,04ecc9f3-a16b-4164-a571-57d4cc24b184,8f2b1c74-59d3-4a6e-9b21-7c4e0a5d3f88,Hydraulic lift slow to respond,"Forklift mast raises slowly under load and drifts down when held. Requesting hydraulic fluid, seal and pump inspection.

Vehicle: Piaggio Porter (SP LA-3330), bay C-027.",resolved,medium,medium,medium,mechanical,mechanical,Hydraulic issue reported on Piaggio Porter (SP LA-3330); mechanical team engaged.,,22389be1-8cf4-468e-a72b-11faaa6d0aff,3898aa8b-e3d3-459d-9a76-60401f8181f0,3898aa8b-e3d3-459d-9a76-60401f8181f0,2025-07-17 07:54:00+00,2025-07-29 11:25:00+00,2025-07-29 11:25:00+00,,"{""component"": ""hydraulic"", ""asset_code"": ""LLX-GLE-0147"", ""trigger_snapshot"": ""2025-07-10""}",2025-07-17 07:54:00+00,2026-08-10 19:03:05.467947+00
6525f8f1-a857-4f06-8bef-dc48501d97b2,TCK-000579,3410b2df-597c-4278-ae15-643d6e53f213,8f2b1c74-59d3-4a6e-9b21-7c4e0a5d3f88,Tyre wear beyond service limit,"Tread depth is below the service threshold on condition monitoring. Requesting tyre replacement and wheel alignment check.

Vehicle: Tata Ultra T.7 (SP LD-8170), bay D-018.",resolved,medium,medium,medium,software,mechanical,Tire issue reported on Tata Ultra T.7 (SP LD-8170); mechanical team engaged.,,a53e8145-78e8-49bf-8bf6-d2a4f5d6e5d4,5302dab8-326e-4660-b10d-447ccbcaff6f,5302dab8-326e-4660-b10d-447ccbcaff6f,2026-06-11 08:43:00+00,2026-06-16 17:04:00+00,2026-06-16 17:04:00+00,,"{""component"": ""tire"", ""asset_code"": ""LLX-GLE-0198"", ""trigger_snapshot"": ""2026-06-10""}",2026-06-11 08:43:00+00,2026-08-10 19:03:05.467947+00
4e61d410-d7ac-41a7-a3e3-7c86c3889cce,TCK-000580,46e78217-e55b-44fe-b1a7-aefe83373d5d,c537c281-b6ad-4842-94ec-e937be0083e5,Oil pressure warning intermittent,"Intermittent oil pressure warning reported on the instrument cluster. Requesting oil level, filter and sender inspection.

Vehicle: Toyota HiAce (WP PE-3146), bay C-059.",closed,low,low,low,mechanical,mechanical,Oil issue reported on Toyota HiAce (WP PE-3146); mechanical team engaged.,,66f76268-d181-4cea-bbf9-29b5446250fb,0b830550-4175-4716-9d78-9b2d69d25855,0b830550-4175-4716-9d78-9b2d69d25855,2024-08-30 13:48:00+00,2024-09-06 14:08:00+00,2024-09-06 14:08:00+00,2024-09-07 15:51:00+00,"{""component"": ""oil"", ""asset_code"": ""LLX-COL-0179"", ""trigger_snapshot"": ""2024-08-10""}",2024-08-30 13:48:00+00,2026-08-10 19:03:05.467947+00
1904b520-e942-4d80-b90d-c70e5cc20d10,TCK-000581,70b2c468-9a8e-49bf-bd7e-9a3924e3ef62,8f2b1c74-59d3-4a6e-9b21-7c4e0a5d3f88,Brake performance degraded - inspection required,"Driver reports longer stopping distance and reduced pedal firmness. Brake wear indicator is low on condition monitoring. Mechanical team to inspect pads, discs and brake fluid.

Vehicle: Isuzu ELF NKR (SP LC-9791), bay C-057.",closed,high,high,high,software,mechanical,Brake issue reported on Isuzu ELF NKR (SP LC-9791); mechanical team engaged.,,6692c7dd-4b6b-4908-86a3-91731b323aff,e99de6d2-f02b-433d-81b3-796785680957,e99de6d2-f02b-433d-81b3-796785680957,2026-03-14 09:59:00+00,2026-03-18 12:55:00+00,2026-03-18 12:55:00+00,2026-03-21 11:25:00+00,"{""component"": ""brake"", ""asset_code"": ""LLX-GLE-0177"", ""trigger_snapshot"": ""2026-03-10""}",2026-03-14 09:59:00+00,2026-08-10 19:03:05.467947+00
d12c1fe2-6798-42b8-be1c-0b3d132f478f,TCK-000582,423d18f7-bde6-42ff-b52b-76c734ce3a1f,23a10ad6-f2ff-4aab-9878-de0f37f6bbe0,Engine oil life exhausted - service overdue,"Oil life monitor has reached the end of its interval. Requesting engine oil and filter service before further dispatch.

Vehicle: Komatsu FD25 (BDL-FL-011), bay A-011.",closed,medium,medium,medium,mechanical,mechanical,Oil issue reported on Komatsu FD25 (BDL-FL-011); mechanical team engaged.,,6460d438-9ae3-4a00-97a6-bde550b8ea43,9b2ae800-e7f5-4450-a102-90626d114204,9b2ae800-e7f5-4450-a102-90626d114204,2025-07-29 16:24:00+00,2025-08-12 14:27:00+00,2025-08-12 14:27:00+00,2025-08-20 05:24:00+00,"{""component"": ""oil"", ""asset_code"": ""LLX-BDL-0011"", ""trigger_snapshot"": ""2025-07-10""}",2025-07-29 16:24:00+00,2026-08-10 19:03:05.467947+00
a8e54f3d-490a-446e-a280-e5f7d1212056,TCK-000583,a2edfb9f-9192-4469-a64a-9cda91320327,23a10ad6-f2ff-4aab-9878-de0f37f6bbe0,Hydraulic lift slow to respond,"Forklift mast raises slowly under load and drifts down when held. Requesting hydraulic fluid, seal and pump inspection.

Vehicle: Nissan Caravan (UP PD-3305), bay A-058.",closed,medium,medium,medium,mechanical,mechanical,Hydraulic issue reported on Nissan Caravan (UP PD-3305); mechanical team engaged.,,dedd34c4-030e-4a29-b3b3-20abc8e2ed74,149c1f7c-7257-4a93-8b26-45cae3ef4432,149c1f7c-7257-4a93-8b26-45cae3ef4432,2025-03-15 16:01:00+00,2025-03-28 08:30:00+00,2025-03-28 08:30:00+00,2025-03-29 07:00:00+00,"{""component"": ""hydraulic"", ""asset_code"": ""LLX-BDL-0058"", ""trigger_snapshot"": ""2025-03-10""}",2025-03-15 16:01:00+00,2026-08-10 19:03:05.467947+00
5316581c-3b74-490a-b2e8-41c05312e62c,TCK-000584,9ad040f4-5c3e-4773-a0f3-8e8660fbd630,c537c281-b6ad-4842-94ec-e937be0083e5,Hydraulic fluid weeping at cylinder,"Visible weeping at the lift cylinder and reduced hydraulic performance on monitoring. Requesting seal replacement.

Vehicle: Komatsu FD30 (COL-FL-124), bay C-004.",closed,medium,medium,medium,mechanical,mechanical,Hydraulic issue reported on Komatsu FD30 (COL-FL-124); mechanical team engaged.,,b98804b5-aaf4-4355-961f-ff75a2e4dcaf,829a4aba-bfc5-46a7-beff-bf556004d109,829a4aba-bfc5-46a7-beff-bf556004d109,2024-10-18 06:46:00+00,2024-11-10 15:29:00+00,2024-11-10 15:29:00+00,2024-11-16 14:24:00+00,"{""component"": ""hydraulic"", ""asset_code"": ""LLX-COL-0124"", ""trigger_snapshot"": ""2024-10-10""}",2024-10-18 06:46:00+00,2026-08-10 19:03:05.467947+00
efbf6f95-05fe-4307-977e-7d320f730c0f,TCK-000585,ec48433f-6d6c-4f58-ba21-394d1115ed1d,c537c281-b6ad-4842-94ec-e937be0083e5,Oil pressure warning intermittent,"Intermittent oil pressure warning reported on the instrument cluster. Requesting oil level, filter and sender inspection.

Vehicle: Heli CPCD30 (COL-FL-137), bay C-017.",in_progress,high,high,high,mechanical,mechanical,Oil issue reported on Heli CPCD30 (COL-FL-137); mechanical team engaged.,,b8bbd9f8-2a17-4177-ad6e-84d27e2b8d5f,5184a5dd-4934-4cec-874b-92628013fb71,,2026-07-19 07:33:00+00,,,,"{""component"": ""oil"", ""asset_code"": ""LLX-COL-0137"", ""trigger_snapshot"": ""2026-07-10""}",2026-07-19 07:33:00+00,2026-08-10 19:03:05.467947+00
c8ab2344-a38b-4bf4-bd1f-d17da0f0f48f,TCK-000586,c17c120b-59d4-4df4-9a7e-baa2cddb777c,23a10ad6-f2ff-4aab-9878-de0f37f6bbe0,Uneven tyre wear and vibration at speed,"Driver reports steering vibration at highway speed. Suspect uneven tyre wear; requesting inspection, rotation and alignment.

Vehicle: Piaggio Porter (UP LB-8780), bay B-056.",closed,medium,medium,medium,mechanical,mechanical,Tire issue reported on Piaggio Porter (UP LB-8780); mechanical team engaged.,,e47734b8-dd9f-4e7a-b593-5e4da61900f4,c4046467-2ed2-4768-9d99-e876c09fe713,c4046467-2ed2-4768-9d99-e876c09fe713,2025-05-20 10:56:00+00,2025-06-02 10:32:00+00,2025-06-02 10:32:00+00,2025-06-12 07:38:00+00,"{""component"": ""tire"", ""asset_code"": ""LLX-BDL-0116"", ""trigger_snapshot"": ""2025-05-10""}",2025-05-20 10:56:00+00,2026-08-10 19:03:05.467947+00
2609d36b-688e-4b41-998b-bfcd7acad482,TCK-000587,a234c27c-b304-45c8-a90c-8172468b23b9,8f2b1c74-59d3-4a6e-9b21-7c4e0a5d3f88,Battery voltage low - charging system check required,"Battery voltage trend is below target and the vehicle is slow to crank in the morning. Electrical team to test battery health, alternator output and earth connections.

Vehicle: Nissan Caravan (SP PE-8365), bay C-014.",closed,medium,medium,medium,electrical,electrical,Battery issue reported on Nissan Caravan (SP PE-8365); electrical team engaged.,,1ea70755-1c4a-4c56-8d10-f83fdbee5d4c,10189291-be15-401e-96a4-9be58799479f,10189291-be15-401e-96a4-9be58799479f,2025-05-29 12:03:00+00,2025-06-19 15:37:00+00,2025-06-19 15:37:00+00,2025-06-21 14:12:00+00,"{""component"": ""battery"", ""asset_code"": ""LLX-GLE-0134"", ""trigger_snapshot"": ""2025-05-10""}",2025-05-29 12:03:00+00,2026-08-10 19:03:05.467947+00
0c1f00d0-1aa4-436c-82c6-efd87bf577dc,TCK-000588,a22c1c4f-776f-4fd9-98f1-68140c8a4d48,23a10ad6-f2ff-4aab-9878-de0f37f6bbe0,Tyre wear beyond service limit,"Tread depth is below the service threshold on condition monitoring. Requesting tyre replacement and wheel alignment check.

Vehicle: Toyota HiAce (UP PD-5671), bay B-013.",resolved,medium,medium,medium,mechanical,mechanical,Tire issue reported on Toyota HiAce (UP PD-5671); mechanical team engaged.,,c6c5bb52-5726-498c-8641-8a82e02faff5,accf0286-4b23-46a3-851f-00be6bdd8e5f,accf0286-4b23-46a3-851f-00be6bdd8e5f,2025-11-12 15:14:00+00,2025-12-04 14:47:00+00,2025-12-04 14:47:00+00,,"{""component"": ""tire"", ""asset_code"": ""LLX-BDL-0073"", ""trigger_snapshot"": ""2025-11-10""}",2025-11-12 15:14:00+00,2026-08-10 19:03:05.467947+00
dfc45c12-ea46-4de5-96b5-6daa1cdf9e42,TCK-000589,cfb0be1e-6122-48be-8c07-03c180d88f67,23a10ad6-f2ff-4aab-9878-de0f37f6bbe0,Engine oil life exhausted - service overdue,"Oil life monitor has reached the end of its interval. Requesting engine oil and filter service before further dispatch.

Vehicle: Mitsubishi Canter (UP LC-8606), bay C-031.",open,medium,medium,medium,mechanical,mechanical,Oil issue reported on Mitsubishi Canter (UP LC-8606); mechanical team engaged.,,b993bb23-a481-4196-902b-78ab172f7c14,8c96a864-951e-4d0a-9715-532a84a4bc30,,2025-01-19 11:40:00+00,,,,"{""component"": ""oil"", ""asset_code"": ""LLX-BDL-0151"", ""trigger_snapshot"": ""2025-01-10""}",2025-01-19 11:40:00+00,2026-08-10 19:03:05.467947+00
12dbb7c6-a9a2-464c-a281-87ef477a6633,TCK-000590,2daefc38-a8c3-4175-bcef-6be2cbec8dcb,c537c281-b6ad-4842-94ec-e937be0083e5,Battery voltage low - charging system check required,"Battery voltage trend is below target and the vehicle is slow to crank in the morning. Electrical team to test battery health, alternator output and earth connections.

Vehicle: Mitsubishi Canter (WP LD-2156), bay F-036.",open,medium,medium,medium,electrical,electrical,Battery issue reported on Mitsubishi Canter (WP LD-2156); electrical team engaged.,,b8bbd9f8-2a17-4177-ad6e-84d27e2b8d5f,a817e3da-c239-49df-b5b4-e605451fa66c,,2025-08-19 09:19:00+00,,,,"{""component"": ""battery"", ""asset_code"": ""LLX-COL-0336"", ""trigger_snapshot"": ""2025-08-10""}",2025-08-19 09:19:00+00,2026-08-10 19:03:05.467947+00
915d70a3-31a8-4d0c-b8df-7201c85e669a,TCK-000591,16450510-2815-4094-85c8-6aa210ddde6d,c537c281-b6ad-4842-94ec-e937be0083e5,Brake performance degraded - inspection required,"Driver reports longer stopping distance and reduced pedal firmness. Brake wear indicator is low on condition monitoring. Mechanical team to inspect pads, discs and brake fluid.

Vehicle: Isuzu ELF NKR (WP LC-8784), bay F-033.",resolved,high,high,high,mechanical,mechanical,Brake issue reported on Isuzu ELF NKR (WP LC-8784); mechanical team engaged.,,2ba52f1c-9da0-432b-a4c3-623540af6ae9,2ea7ff67-fdd7-4d0b-96cd-8dd768decfdd,2ea7ff67-fdd7-4d0b-96cd-8dd768decfdd,2025-07-30 09:57:00+00,2025-08-07 12:13:00+00,2025-08-07 12:13:00+00,,"{""component"": ""brake"", ""asset_code"": ""LLX-COL-0333"", ""trigger_snapshot"": ""2025-07-10""}",2025-07-30 09:57:00+00,2026-08-10 19:03:05.467947+00
9e700018-88ae-4411-ac2e-3024cbdea5b4,TCK-000592,5845f04a-220a-4043-a53b-00020fd42290,c537c281-b6ad-4842-94ec-e937be0083e5,Engine oil life exhausted - service overdue,"Oil life monitor has reached the end of its interval. Requesting engine oil and filter service before further dispatch.

Vehicle: Mahindra Bolero Pickup (WP LA-3212), bay E-032.",closed,high,high,high,mechanical,mechanical,Oil issue reported on Mahindra Bolero Pickup (WP LA-3212); mechanical team engaged.,,a9a9d2d2-09e7-40de-b060-8dec80491082,e3558ee6-f358-4467-ac51-00c0aa187644,e3558ee6-f358-4467-ac51-00c0aa187644,2025-07-16 05:04:00+00,2025-07-28 13:12:00+00,2025-07-28 13:12:00+00,2025-07-29 10:41:00+00,"{""component"": ""oil"", ""asset_code"": ""LLX-COL-0272"", ""trigger_snapshot"": ""2025-07-10""}",2025-07-16 05:04:00+00,2026-08-10 19:03:05.467947+00
d26d94c1-8ecd-433f-9f95-86983b6e5be5,TCK-000593,09faf4fc-9815-47a4-8a35-3a2a571ea85d,8f2b1c74-59d3-4a6e-9b21-7c4e0a5d3f88,Tyre wear beyond service limit,"Tread depth is below the service threshold on condition monitoring. Requesting tyre replacement and wheel alignment check.

Vehicle: Heli CPCD30 (GLE-FL-066), bay B-006.",resolved,high,high,high,mechanical,mechanical,Tire issue reported on Heli CPCD30 (GLE-FL-066); mechanical team engaged.,,e54af5d3-572c-4427-9478-fdcf07c3aa68,57ace99d-32e1-4aae-af41-0861213bfb33,57ace99d-32e1-4aae-af41-0861213bfb33,2026-02-28 16:38:00+00,2026-03-12 06:05:00+00,2026-03-12 06:05:00+00,,"{""component"": ""tire"", ""asset_code"": ""LLX-GLE-0066"", ""trigger_snapshot"": ""2026-02-10""}",2026-02-28 16:38:00+00,2026-08-10 19:03:05.467947+00
56f6c3b8-9e6d-407b-9f1d-ffc620d516dc,TCK-000594,df88a72f-b7c3-4a4b-afb5-c63149c34cad,c537c281-b6ad-4842-94ec-e937be0083e5,Engine oil life exhausted - service overdue,"Oil life monitor has reached the end of its interval. Requesting engine oil and filter service before further dispatch.

Vehicle: Toyota HiAce (WP PB-5906), bay C-054.",closed,medium,medium,medium,mechanical,mechanical,Oil issue reported on Toyota HiAce (WP PB-5906); mechanical team engaged.,,bdcafd2b-af00-4468-9bfa-56fec76a416b,e3558ee6-f358-4467-ac51-00c0aa187644,e3558ee6-f358-4467-ac51-00c0aa187644,2025-04-10 17:38:00+00,2025-04-13 12:42:00+00,2025-04-13 12:42:00+00,2025-04-15 07:09:00+00,"{""component"": ""oil"", ""asset_code"": ""LLX-COL-0174"", ""trigger_snapshot"": ""2025-04-10""}",2025-04-10 17:38:00+00,2026-08-10 19:03:05.467947+00
abf8510a-564d-4e84-a16d-84a332229362,TCK-000596,4f4c7e4e-b74a-42e7-a10d-91a7bdd9d263,23a10ad6-f2ff-4aab-9878-de0f37f6bbe0,Uneven tyre wear and vibration at speed,"Driver reports steering vibration at highway speed. Suspect uneven tyre wear; requesting inspection, rotation and alignment.

Vehicle: KDH Van (UP PB-1182), bay B-006.",open,high,high,high,mechanical,mechanical,Tire issue reported on KDH Van (UP PB-1182); mechanical team engaged.,,5d47a181-9a09-4bbf-9c80-c3da3e81e428,97cc4d1b-3c67-439f-8fdf-b355eb120cfa,,2026-07-18 07:34:00+00,,,,"{""component"": ""tire"", ""asset_code"": ""LLX-BDL-0066"", ""trigger_snapshot"": ""2026-07-10""}",2026-07-18 07:34:00+00,2026-08-10 19:03:05.467947+00
9801a8fb-89b4-4c59-9281-786a6cfa385e,TCK-000597,d76aaa82-8c42-4049-b30b-4c5e50afee74,c537c281-b6ad-4842-94ec-e937be0083e5,Engine oil life exhausted - service overdue,"Oil life monitor has reached the end of its interval. Requesting engine oil and filter service before further dispatch.

Vehicle: Mahindra Bolero Pickup (WP LA-6553), bay E-053.",closed,high,high,high,mechanical,mechanical,Oil issue reported on Mahindra Bolero Pickup (WP LA-6553); mechanical team engaged.,,d228e58a-85a6-4059-b62f-262964a70737,d4ab1734-15c1-4d19-a3f3-9db75f910cd8,d4ab1734-15c1-4d19-a3f3-9db75f910cd8,2024-08-11 14:20:00+00,2024-08-16 17:04:00+00,2024-08-16 17:04:00+00,2024-08-22 15:13:00+00,"{""component"": ""oil"", ""asset_code"": ""LLX-COL-0293"", ""trigger_snapshot"": ""2024-08-10""}",2024-08-11 14:20:00+00,2026-08-10 19:03:05.467947+00
ebfbf501-5004-4242-a27a-ff4d0196a0b9,TCK-000598,810d6693-00f6-4025-b87d-85ffd1cfdf8f,c537c281-b6ad-4842-94ec-e937be0083e5,Engine oil life exhausted - service overdue,"Oil life monitor has reached the end of its interval. Requesting engine oil and filter service before further dispatch.

Vehicle: KDH Van (WP PE-7905), bay D-020.",resolved,medium,medium,medium,software,mechanical,Oil issue reported on KDH Van (WP PE-7905); mechanical team engaged.,,ea324bca-a96a-4b21-bfbe-36e05de472bb,0bcca5d2-620c-4e90-ae82-fb6ffc7af33d,0bcca5d2-620c-4e90-ae82-fb6ffc7af33d,2025-02-24 12:56:00+00,2025-03-01 10:32:00+00,2025-03-01 10:32:00+00,,"{""component"": ""oil"", ""asset_code"": ""LLX-COL-0200"", ""trigger_snapshot"": ""2025-02-10""}",2025-02-24 12:56:00+00,2026-08-10 19:03:05.467947+00
9cbb322a-23dc-4c75-8672-4bba9feff451,TCK-000599,a9e53f75-3f82-4b55-89f1-d0133b6b6a86,c537c281-b6ad-4842-94ec-e937be0083e5,Hydraulic fluid weeping at cylinder,"Visible weeping at the lift cylinder and reduced hydraulic performance on monitoring. Requesting seal replacement.

Vehicle: Piaggio Porter (WP LB-5402), bay E-009.",closed,medium,medium,medium,mechanical,mechanical,Hydraulic issue reported on Piaggio Porter (WP LB-5402); mechanical team engaged.,,30c46f60-6040-45fd-ac19-15ae34083ba9,7ab528b9-cbf7-4b46-8d45-847ab79da77d,7ab528b9-cbf7-4b46-8d45-847ab79da77d,2025-04-26 09:36:00+00,2025-05-06 05:04:00+00,2025-05-06 05:04:00+00,2025-05-07 05:15:00+00,"{""component"": ""hydraulic"", ""asset_code"": ""LLX-COL-0249"", ""trigger_snapshot"": ""2025-04-10""}",2025-04-26 09:36:00+00,2026-08-10 19:03:05.467947+00
bb7749e4-8a40-4c9e-85a5-9a5f926798b5,TCK-000600,60688d5c-4263-4307-b316-14f375cc5c8e,23a10ad6-f2ff-4aab-9878-de0f37f6bbe0,Oil pressure warning intermittent,"Intermittent oil pressure warning reported on the instrument cluster. Requesting oil level, filter and sender inspection.

Vehicle: Mitsubishi Canter (UP LD-9286), bay C-036.",resolved,high,high,high,software,mechanical,Oil issue reported on Mitsubishi Canter (UP LD-9286); mechanical team engaged.,,c7d43f46-0cb9-40d1-ba17-47dd628fe68b,7b2e85f9-7895-4aca-bf50-e37e9a354eb0,7b2e85f9-7895-4aca-bf50-e37e9a354eb0,2025-03-12 06:06:00+00,2025-03-22 17:19:00+00,2025-03-22 17:19:00+00,,"{""component"": ""oil"", ""asset_code"": ""LLX-BDL-0156"", ""trigger_snapshot"": ""2025-03-10""}",2025-03-12 06:06:00+00,2026-08-10 19:03:05.467947+00
375f25bc-e11b-47b0-b806-93a89b5bb09b,TCK-000601,62656cad-a499-41ab-82e4-3ef2e2696ea7,8f2b1c74-59d3-4a6e-9b21-7c4e0a5d3f88,Repeated hard starting in early shift,"Vehicle requires multiple crank attempts at shift start. Battery state of health is degraded on monitoring. Requesting battery and charging system diagnosis.

Vehicle: Heli CPCD25 (GLE-FL-031), bay A-031.",resolved,medium,medium,medium,electrical,electrical,Battery issue reported on Heli CPCD25 (GLE-FL-031); electrical team engaged.,,ccba67cb-d7ef-4dfe-a87f-39cbd640dfab,3ad6d85f-8eb2-429d-b6b0-9df328ae585b,3ad6d85f-8eb2-429d-b6b0-9df328ae585b,2024-09-24 05:36:00+00,2024-09-27 07:29:00+00,2024-09-27 07:29:00+00,,"{""component"": ""battery"", ""asset_code"": ""LLX-GLE-0031"", ""trigger_snapshot"": ""2024-09-10""}",2024-09-24 05:36:00+00,2026-08-10 19:03:05.467947+00
6165cb2d-7e2f-4714-a7fc-07c4d9580132,TCK-000602,79697e99-92b1-4130-83e3-9c66bd997426,c537c281-b6ad-4842-94ec-e937be0083e5,Battery voltage low - charging system check required,"Battery voltage trend is below target and the vehicle is slow to crank in the morning. Electrical team to test battery health, alternator output and earth connections.

Vehicle: Komatsu FD25 (COL-FL-049), bay A-049.",closed,medium,medium,medium,electrical,electrical,Battery issue reported on Komatsu FD25 (COL-FL-049); electrical team engaged.,,ac12a941-4c38-43f8-ac1f-6c1672cf260e,4004e7eb-3344-4419-9e8c-b6a39833a966,4004e7eb-3344-4419-9e8c-b6a39833a966,2025-08-11 05:57:00+00,2025-08-31 08:02:00+00,2025-08-31 08:02:00+00,2025-09-09 12:07:00+00,"{""component"": ""battery"", ""asset_code"": ""LLX-COL-0049"", ""trigger_snapshot"": ""2025-08-10""}",2025-08-11 05:57:00+00,2026-08-10 19:03:05.467947+00
99b49c77-28fe-4f75-8b82-edd4cc2dd075,TCK-000603,ba24d44f-89d7-46f6-bca0-0e88f2609048,c537c281-b6ad-4842-94ec-e937be0083e5,Tyre wear beyond service limit,"Tread depth is below the service threshold on condition monitoring. Requesting tyre replacement and wheel alignment check.

Vehicle: Tata Ultra T.7 (WP LC-6384), bay F-009.",closed,high,medium,high,software,mechanical,Tire issue reported on Tata Ultra T.7 (WP LC-6384); mechanical team engaged.,,ebb9527c-518e-4fe9-a686-6a365ae6f8c8,6d8966a8-2474-4d35-9fd9-7bb3b648f6fd,6d8966a8-2474-4d35-9fd9-7bb3b648f6fd,2026-01-28 14:03:00+00,2026-02-13 11:17:00+00,2026-02-13 11:17:00+00,2026-02-23 12:40:00+00,"{""component"": ""tire"", ""asset_code"": ""LLX-COL-0309"", ""trigger_snapshot"": ""2026-01-10""}",2026-01-28 14:03:00+00,2026-08-10 19:03:05.467947+00
a2d8dc3c-e7ff-4218-b7d7-1053ab7e824e,TCK-000604,4fcdca25-785a-413b-923b-14a0d95f346a,c537c281-b6ad-4842-94ec-e937be0083e5,Telematics unit not reporting,"Sensor gateway on this vehicle has stopped publishing readings. Software team to check the telematics unit, SIM connectivity and data pipeline ingestion.

Vehicle: Nissan Caravan (WP PC-9804), bay D-017.",closed,medium,medium,medium,software,software,Telematics issue reported on Nissan Caravan (WP PC-9804); software team engaged.,,62d962ea-3a37-474e-8610-311f35bfaafd,fb16df24-42b0-44f6-8de3-8f95cdd7dc1f,fb16df24-42b0-44f6-8de3-8f95cdd7dc1f,2025-12-24 06:45:00+00,2026-01-18 13:13:00+00,2026-01-18 13:13:00+00,2026-01-25 16:21:00+00,"{""component"": ""telematics"", ""asset_code"": ""LLX-COL-0197"", ""trigger_snapshot"": ""2025-12-10""}",2025-12-24 06:45:00+00,2026-08-10 19:03:05.467947+00
c76eafa8-1825-45a3-8444-f496f6346557,TCK-000605,465d2b3b-3577-4777-89df-9f8baab947e9,23a10ad6-f2ff-4aab-9878-de0f37f6bbe0,Battery voltage low - charging system check required,"Battery voltage trend is below target and the vehicle is slow to crank in the morning. Electrical team to test battery health, alternator output and earth connections.

Vehicle: Toyota 8FD25 (BDL-FL-006), bay A-006.",closed,low,low,low,electrical,electrical,Battery issue reported on Toyota 8FD25 (BDL-FL-006); electrical team engaged.,,ba7951af-1b58-44f9-b4c1-ddf3453c6d77,5797f891-99a9-4a6a-b447-0d48d749c9b0,5797f891-99a9-4a6a-b447-0d48d749c9b0,2025-04-13 15:25:00+00,2025-04-16 09:28:00+00,2025-04-16 09:28:00+00,2025-04-25 16:12:00+00,"{""component"": ""battery"", ""asset_code"": ""LLX-BDL-0006"", ""trigger_snapshot"": ""2025-04-10""}",2025-04-13 15:25:00+00,2026-08-10 19:03:05.467947+00
52b43672-0f9d-4004-95de-2882a4bb03c8,TCK-000606,a00e2f8d-b42f-48eb-9853-cb22f2286ce2,c537c281-b6ad-4842-94ec-e937be0083e5,Battery voltage low - charging system check required,"Battery voltage trend is below target and the vehicle is slow to crank in the morning. Electrical team to test battery health, alternator output and earth connections.

Vehicle: Mahindra Bolero Pickup (WP LB-4439), bay E-042.",resolved,high,high,high,electrical,electrical,Battery issue reported on Mahindra Bolero Pickup (WP LB-4439); electrical team engaged.,,9a9f1947-811f-4d1f-a9f5-ca5d18d1c869,5284761e-4d1d-4e36-97eb-848604be7358,5284761e-4d1d-4e36-97eb-848604be7358,2026-07-16 06:44:00+00,2026-07-25 05:33:00+00,2026-07-25 05:33:00+00,,"{""component"": ""battery"", ""asset_code"": ""LLX-COL-0282"", ""trigger_snapshot"": ""2026-07-10""}",2026-07-16 06:44:00+00,2026-08-10 19:03:05.467947+00
e1ba2414-8cb9-4cc5-8b34-9238dc467918,TCK-000607,f63250b5-0058-4e7b-9ee2-a57386a6e303,c537c281-b6ad-4842-94ec-e937be0083e5,Brake performance degraded - inspection required,"Driver reports longer stopping distance and reduced pedal firmness. Brake wear indicator is low on condition monitoring. Mechanical team to inspect pads, discs and brake fluid.

Vehicle: Isuzu ELF NKR (WP LD-6755), bay E-058.",resolved,medium,medium,medium,mechanical,mechanical,Brake issue reported on Isuzu ELF NKR (WP LD-6755); mechanical team engaged.,,31ce2993-96a0-48fd-a5c2-2cd19ba1d64f,1ad7ccbc-6809-4f96-83f4-c7636a2a4728,1ad7ccbc-6809-4f96-83f4-c7636a2a4728,2025-06-12 12:00:00+00,2025-06-24 07:54:00+00,2025-06-24 07:54:00+00,,"{""component"": ""brake"", ""asset_code"": ""LLX-COL-0298"", ""trigger_snapshot"": ""2025-06-10""}",2025-06-12 12:00:00+00,2026-08-10 19:03:05.467947+00
8715c5c5-beef-4fbb-b802-ef2a437e72f6,TCK-000608,ae8fb68a-6c2c-4ff4-bd54-1cfcba2f91e4,8f2b1c74-59d3-4a6e-9b21-7c4e0a5d3f88,Uneven tyre wear and vibration at speed,"Driver reports steering vibration at highway speed. Suspect uneven tyre wear; requesting inspection, rotation and alignment.

Vehicle: Heli CPCD25 (GLE-FL-049), bay A-049.",resolved,medium,medium,medium,mechanical,mechanical,Tire issue reported on Heli CPCD25 (GLE-FL-049); mechanical team engaged.,,70a93dbc-6bb7-4b15-a65b-decaf5fe21c7,2cd60729-dc8f-4065-95f7-a53f836a2138,2cd60729-dc8f-4065-95f7-a53f836a2138,2026-02-14 07:20:00+00,2026-03-05 08:30:00+00,2026-03-05 08:30:00+00,,"{""component"": ""tire"", ""asset_code"": ""LLX-GLE-0049"", ""trigger_snapshot"": ""2026-02-10""}",2026-02-14 07:20:00+00,2026-08-10 19:03:05.467947+00
2ffa0a3d-6e1b-4d9c-9956-169ce886e845,TCK-000609,0a29799e-49ce-40cd-a06a-6b40046639bd,23a10ad6-f2ff-4aab-9878-de0f37f6bbe0,Engine oil life exhausted - service overdue,"Oil life monitor has reached the end of its interval. Requesting engine oil and filter service before further dispatch.

Vehicle: Nissan Caravan (UP PC-3023), bay A-054.",closed,high,high,high,mechanical,mechanical,Oil issue reported on Nissan Caravan (UP PC-3023); mechanical team engaged.,,983f9089-e5b9-47df-95ca-ffb5d0ca1c39,2fb7dab3-e151-490f-9c20-9b329d4fba20,2fb7dab3-e151-490f-9c20-9b329d4fba20,2025-03-23 08:49:00+00,2025-04-06 16:36:00+00,2025-04-06 16:36:00+00,2025-04-07 17:09:00+00,"{""component"": ""oil"", ""asset_code"": ""LLX-BDL-0054"", ""trigger_snapshot"": ""2025-03-10""}",2025-03-23 08:49:00+00,2026-08-10 19:03:05.467947+00
71448909-6d3a-4c2b-a347-705054f913da,TCK-000610,01613d85-32c6-4732-a4c3-0003c18fc363,c537c281-b6ad-4842-94ec-e937be0083e5,Uneven tyre wear and vibration at speed,"Driver reports steering vibration at highway speed. Suspect uneven tyre wear; requesting inspection, rotation and alignment.

Vehicle: Nissan Caravan (WP PD-4406), bay C-041.",closed,high,high,high,mechanical,mechanical,Tire issue reported on Nissan Caravan (WP PD-4406); mechanical team engaged.,,8c660120-06ae-494a-8b89-5ba8438020a9,9ac1f452-afac-4a3b-b3eb-3e9ebe62c5a9,9ac1f452-afac-4a3b-b3eb-3e9ebe62c5a9,2025-06-12 16:34:00+00,2025-07-07 15:54:00+00,2025-07-07 15:54:00+00,2025-07-08 08:57:00+00,"{""component"": ""tire"", ""asset_code"": ""LLX-COL-0161"", ""trigger_snapshot"": ""2025-06-10""}",2025-06-12 16:34:00+00,2026-08-10 19:03:05.467947+00
f99cd5fb-e78c-4152-9e5e-932b69efda83,TCK-000611,0a1587dc-a6f1-4d6e-a81e-2c4eb295feac,23a10ad6-f2ff-4aab-9878-de0f37f6bbe0,Hydraulic lift slow to respond,"Forklift mast raises slowly under load and drifts down when held. Requesting hydraulic fluid, seal and pump inspection.

Vehicle: Heli CPCD25 (BDL-FL-025), bay A-025.",resolved,high,high,high,mechanical,mechanical,Hydraulic issue reported on Heli CPCD25 (BDL-FL-025); mechanical team engaged.,,5eaa01fc-d211-42fc-b8a3-b4264659d850,772aca7d-b461-4fef-a7c6-4f8345059174,772aca7d-b461-4fef-a7c6-4f8345059174,2026-04-20 09:01:00+00,2026-05-09 15:15:00+00,2026-05-09 15:15:00+00,,"{""component"": ""hydraulic"", ""asset_code"": ""LLX-BDL-0025"", ""trigger_snapshot"": ""2026-04-10""}",2026-04-20 09:01:00+00,2026-08-10 19:03:05.467947+00
ecd059a2-7d3d-47b7-a8eb-f08652317db4,TCK-000612,a0c8aa01-fd48-4c62-b354-3816a5558a35,c537c281-b6ad-4842-94ec-e937be0083e5,Fault codes not clearing after service,"Active fault codes remain present on the dashboard after the workshop reset. Requesting diagnostic tool session and ECU log review.

Vehicle: Toyota 8FD25 (COL-FL-088), bay B-028.",closed,medium,medium,medium,software,software,Telematics issue reported on Toyota 8FD25 (COL-FL-088); software team engaged.,,ebb9527c-518e-4fe9-a686-6a365ae6f8c8,667f1ef6-99d9-4cff-b551-bc452b65fc89,667f1ef6-99d9-4cff-b551-bc452b65fc89,2026-03-12 06:27:00+00,2026-04-03 06:48:00+00,2026-04-03 06:48:00+00,2026-04-09 11:57:00+00,"{""component"": ""telematics"", ""asset_code"": ""LLX-COL-0088"", ""trigger_snapshot"": ""2026-03-10""}",2026-03-12 06:27:00+00,2026-08-10 19:03:05.467947+00
ded145b5-d3d2-4236-913a-b3894ccf93c1,TCK-000613,eec5b6a0-a16d-4643-827e-f20d9b0f06ba,8f2b1c74-59d3-4a6e-9b21-7c4e0a5d3f88,Telematics unit not reporting,"Sensor gateway on this vehicle has stopped publishing readings. Software team to check the telematics unit, SIM connectivity and data pipeline ingestion.

Vehicle: Tata Ultra T.7 (SP LD-7813), bay D-025.",resolved,medium,medium,medium,software,software,Telematics issue reported on Tata Ultra T.7 (SP LD-7813); software team engaged.,,800c9de1-d78b-4ef5-8b91-34c4bcbac5b0,17a78c48-dd35-41f3-9ae8-30460de6feb8,17a78c48-dd35-41f3-9ae8-30460de6feb8,2025-08-20 17:05:00+00,2025-09-06 08:52:00+00,2025-09-06 08:52:00+00,,"{""component"": ""telematics"", ""asset_code"": ""LLX-GLE-0205"", ""trigger_snapshot"": ""2025-08-10""}",2025-08-20 17:05:00+00,2026-08-10 19:03:05.467947+00
75c5d8da-139d-46c2-8a8c-6836afbbf0dc,TCK-000614,2a846353-d300-4c61-9972-9dd65ecc033e,23a10ad6-f2ff-4aab-9878-de0f37f6bbe0,Brake performance degraded - inspection required,"Driver reports longer stopping distance and reduced pedal firmness. Brake wear indicator is low on condition monitoring. Mechanical team to inspect pads, discs and brake fluid.

Vehicle: Piaggio Porter (UP LB-5724), bay B-050.",resolved,high,high,high,mechanical,mechanical,Brake issue reported on Piaggio Porter (UP LB-5724); mechanical team engaged.,,f84c945b-9cf0-4da2-b016-540bd11e036f,6307ed65-c77c-40e7-9e0f-0b67135eb7b1,6307ed65-c77c-40e7-9e0f-0b67135eb7b1,2024-12-23 15:23:00+00,2025-01-11 07:02:00+00,2025-01-11 07:02:00+00,,"{""component"": ""brake"", ""asset_code"": ""LLX-BDL-0110"", ""trigger_snapshot"": ""2024-12-10""}",2024-12-23 15:23:00+00,2026-08-10 19:03:05.467947+00
e96a17d4-da86-47ec-a0bf-9e790312c349,TCK-000615,3f56532e-95e8-4a22-9379-f2ed0b2dd92d,8f2b1c74-59d3-4a6e-9b21-7c4e0a5d3f88,Repeated hard starting in early shift,"Vehicle requires multiple crank attempts at shift start. Battery state of health is degraded on monitoring. Requesting battery and charging system diagnosis.

Vehicle: Tata Ace (SP LA-4514), bay C-029.",in_progress,high,high,high,electrical,electrical,Battery issue reported on Tata Ace (SP LA-4514); electrical team engaged.,,3e96b4b5-b16a-43cd-a0e6-f634d1a11d95,3ad6d85f-8eb2-429d-b6b0-9df328ae585b,,2026-05-13 08:18:00+00,,,,"{""component"": ""battery"", ""asset_code"": ""LLX-GLE-0149"", ""trigger_snapshot"": ""2026-05-10""}",2026-05-13 08:18:00+00,2026-08-10 19:03:05.467947+00
91915227-a31f-4ad7-af3e-da4269f040d3,TCK-000616,05854a4c-1088-42a1-b6a8-4204517e6f68,8f2b1c74-59d3-4a6e-9b21-7c4e0a5d3f88,Tyre wear beyond service limit,"Tread depth is below the service threshold on condition monitoring. Requesting tyre replacement and wheel alignment check.

Vehicle: Toyota HiAce (SP PE-4244), bay B-052.",closed,high,high,high,mechanical,mechanical,Tire issue reported on Toyota HiAce (SP PE-4244); mechanical team engaged.,,448f3ddf-c848-4c37-8aff-485580847d47,2cd60729-dc8f-4065-95f7-a53f836a2138,2cd60729-dc8f-4065-95f7-a53f836a2138,2024-12-17 11:13:00+00,2024-12-20 09:07:00+00,2024-12-20 09:07:00+00,2024-12-22 16:41:00+00,"{""component"": ""tire"", ""asset_code"": ""LLX-GLE-0112"", ""trigger_snapshot"": ""2024-12-10""}",2024-12-17 11:13:00+00,2026-08-10 19:03:05.467947+00
a60505a3-93b7-4331-b282-6e1e7f524dee,TCK-000617,747928e3-5e7b-4e8b-a481-bacc826edb25,8f2b1c74-59d3-4a6e-9b21-7c4e0a5d3f88,Repeated hard starting in early shift,"Vehicle requires multiple crank attempts at shift start. Battery state of health is degraded on monitoring. Requesting battery and charging system diagnosis.

Vehicle: Mercedes Actros 1836 (SP LH-5044), bay E-004.",resolved,high,high,high,electrical,electrical,Battery issue reported on Mercedes Actros 1836 (SP LH-5044); electrical team engaged.,,028fc067-0273-4225-ac7c-936820e2c296,c3bd164c-dac0-42f6-a8bd-f5f7ab7dd58c,c3bd164c-dac0-42f6-a8bd-f5f7ab7dd58c,2025-04-13 09:48:00+00,2025-04-25 12:34:00+00,2025-04-25 12:34:00+00,,"{""component"": ""battery"", ""asset_code"": ""LLX-GLE-0244"", ""trigger_snapshot"": ""2025-04-10""}",2025-04-13 09:48:00+00,2026-08-10 19:03:05.467947+00
7b092f41-659d-4fd3-b021-f5bd351033f0,TCK-000618,23c78f20-d69c-4820-b98d-0d6c4bf9449a,c537c281-b6ad-4842-94ec-e937be0083e5,Telematics unit not reporting,"Sensor gateway on this vehicle has stopped publishing readings. Software team to check the telematics unit, SIM connectivity and data pipeline ingestion.

Vehicle: Komatsu FD25 (COL-FL-082), bay B-022.",resolved,high,high,high,software,software,Telematics issue reported on Komatsu FD25 (COL-FL-082); software team engaged.,,93f0c347-46c9-419a-af5e-ce9e2648b755,667f1ef6-99d9-4cff-b551-bc452b65fc89,667f1ef6-99d9-4cff-b551-bc452b65fc89,2026-05-27 08:34:00+00,2026-05-28 07:19:00+00,2026-05-28 07:19:00+00,,"{""component"": ""telematics"", ""asset_code"": ""LLX-COL-0082"", ""trigger_snapshot"": ""2026-05-10""}",2026-05-27 08:34:00+00,2026-08-10 19:03:05.467947+00
d2196888-c0c3-44ff-b5fc-78f2fd870878,TCK-000619,d356a4c5-42e5-4e92-8d72-7d8cb0340b32,23a10ad6-f2ff-4aab-9878-de0f37f6bbe0,Uneven tyre wear and vibration at speed,"Driver reports steering vibration at highway speed. Suspect uneven tyre wear; requesting inspection, rotation and alignment.

Vehicle: KDH Van (UP PB-6262), bay B-025.",in_progress,high,high,high,mechanical,mechanical,Tire issue reported on KDH Van (UP PB-6262); mechanical team engaged.,,9cb44f3e-4dc3-4ac9-bf65-bb8f29efc8e6,149c1f7c-7257-4a93-8b26-45cae3ef4432,,2026-07-25 11:11:00+00,,,,"{""component"": ""tire"", ""asset_code"": ""LLX-BDL-0085"", ""trigger_snapshot"": ""2026-07-10""}",2026-07-25 11:11:00+00,2026-08-10 19:03:05.467947+00
12048117-5926-468e-bfa1-e7faf57c8f40,TCK-000620,3a27ed31-dcb8-4a57-9546-8f4c15c92ad7,23a10ad6-f2ff-4aab-9878-de0f37f6bbe0,Battery voltage low - charging system check required,"Battery voltage trend is below target and the vehicle is slow to crank in the morning. Electrical team to test battery health, alternator output and earth connections.

Vehicle: Isuzu ELF NKR (UP LC-1648), bay C-012.",in_progress,medium,medium,medium,software,electrical,Battery issue reported on Isuzu ELF NKR (UP LC-1648); electrical team engaged.,,c5ac0691-9daf-41ec-9af8-8a163bd32f72,022e5872-55c1-40d7-b067-cc60fae673de,,2026-08-05 10:48:00+00,,,,"{""component"": ""battery"", ""asset_code"": ""LLX-BDL-0132"", ""trigger_snapshot"": ""2026-08-10""}",2026-08-05 10:48:00+00,2026-08-10 19:03:05.467947+00
300161c6-fa04-4685-adf0-5eaf7914f9fd,TCK-000621,f08e55e6-f7a5-44d3-99e2-57371ff3f82f,23a10ad6-f2ff-4aab-9878-de0f37f6bbe0,Hydraulic fluid weeping at cylinder,"Visible weeping at the lift cylinder and reduced hydraulic performance on monitoring. Requesting seal replacement.

Vehicle: Isuzu FVR (UP LE-5605), bay C-056.",open,medium,medium,medium,mechanical,mechanical,Hydraulic issue reported on Isuzu FVR (UP LE-5605); mechanical team engaged.,,2b2dd463-c79c-4e5e-9b4c-4bf76d30b8fa,2e1b0afe-0496-4426-b986-9eee617c68c8,,2026-04-18 06:46:00+00,,,,"{""component"": ""hydraulic"", ""asset_code"": ""LLX-BDL-0176"", ""trigger_snapshot"": ""2026-04-10""}",2026-04-18 06:46:00+00,2026-08-10 19:03:05.467947+00
0d7eed56-7055-4f8d-b592-65535454bbe4,TCK-000622,7e1c9317-2c5e-4218-9703-5af8023b32c9,c537c281-b6ad-4842-94ec-e937be0083e5,Odometer readings inconsistent in platform,"Reported odometer on the platform disagrees with the vehicle cluster. Software team to verify sensor mapping and ingestion for this asset.

Vehicle: Toyota 8FD25 (COL-FL-053), bay A-053.",in_progress,medium,medium,medium,software,software,Telematics issue reported on Toyota 8FD25 (COL-FL-053); software team engaged.,,b737044f-e300-48b8-8023-aa3efab6953e,fb16df24-42b0-44f6-8de3-8f95cdd7dc1f,,2026-04-30 11:41:00+00,,,,"{""component"": ""telematics"", ""asset_code"": ""LLX-COL-0053"", ""trigger_snapshot"": ""2026-04-10""}",2026-04-30 11:41:00+00,2026-08-10 19:03:05.467947+00
3c55a2f0-260f-4a2a-9532-307bfad17edf,TCK-000623,2d46c4da-b053-4eb1-a0a1-192a7a8748e9,c537c281-b6ad-4842-94ec-e937be0083e5,Hydraulic lift slow to respond,"Forklift mast raises slowly under load and drifts down when held. Requesting hydraulic fluid, seal and pump inspection.

Vehicle: Toyota 8FD25 (COL-FL-040), bay A-040.",resolved,low,low,low,mechanical,mechanical,Hydraulic issue reported on Toyota 8FD25 (COL-FL-040); mechanical team engaged.,,071c8cbe-8125-4dde-ae07-2ac65beea113,69740143-f533-4866-a394-3d1ba98f20a7,69740143-f533-4866-a394-3d1ba98f20a7,2026-06-29 16:45:00+00,2026-07-06 15:17:00+00,2026-07-06 15:17:00+00,,"{""component"": ""hydraulic"", ""asset_code"": ""LLX-COL-0040"", ""trigger_snapshot"": ""2026-06-10""}",2026-06-29 16:45:00+00,2026-08-10 19:03:05.467947+00
c68981fd-7def-429c-9ce3-84cc773f9eb2,TCK-000624,dfb03152-778d-444f-b74c-7b176acbb8f6,c537c281-b6ad-4842-94ec-e937be0083e5,Uneven tyre wear and vibration at speed,"Driver reports steering vibration at highway speed. Suspect uneven tyre wear; requesting inspection, rotation and alignment.

Vehicle: Toyota 8FD25 (COL-FL-043), bay A-043.",closed,medium,medium,medium,mechanical,mechanical,Tire issue reported on Toyota 8FD25 (COL-FL-043); mechanical team engaged.,,63acf5e4-2423-4f45-ae56-6a9aa6546c48,a5403456-9417-4129-8376-a0508664c003,a5403456-9417-4129-8376-a0508664c003,2024-12-30 05:13:00+00,2025-01-06 13:13:00+00,2025-01-06 13:13:00+00,2025-01-08 06:07:00+00,"{""component"": ""tire"", ""asset_code"": ""LLX-COL-0043"", ""trigger_snapshot"": ""2024-12-10""}",2024-12-30 05:13:00+00,2026-08-10 19:03:05.467947+00
728e689e-300c-4132-9a87-159e26834381,TCK-000625,2d31bc4f-be79-4137-ad28-75d9a534780d,c537c281-b6ad-4842-94ec-e937be0083e5,Repeated hard starting in early shift,"Vehicle requires multiple crank attempts at shift start. Battery state of health is degraded on monitoring. Requesting battery and charging system diagnosis.

Vehicle: Heli CPCD25 (COL-FL-067), bay B-007.",open,low,low,low,electrical,electrical,Battery issue reported on Heli CPCD25 (COL-FL-067); electrical team engaged.,,c9a54ed1-18d6-44d1-a207-37620fd4bfd7,cfcb23c6-f209-48fb-b2ab-5f79f711f9cc,,2026-04-17 17:21:00+00,,,,"{""component"": ""battery"", ""asset_code"": ""LLX-COL-0067"", ""trigger_snapshot"": ""2026-04-10""}",2026-04-17 17:21:00+00,2026-08-10 19:03:05.467947+00
cfc3f7a3-41e7-44d2-a142-3cea68755b98,TCK-000626,c0697d71-a101-462b-9e82-ea8a93ee5648,c537c281-b6ad-4842-94ec-e937be0083e5,Hydraulic fluid weeping at cylinder,"Visible weeping at the lift cylinder and reduced hydraulic performance on monitoring. Requesting seal replacement.

Vehicle: Heli CPCD25 (COL-FL-013), bay A-013.",closed,high,high,high,mechanical,mechanical,Hydraulic issue reported on Heli CPCD25 (COL-FL-013); mechanical team engaged.,,dc7713dd-6bb6-4890-9467-499b23c21017,5ca11cec-92af-4cf0-ba2a-b7ccc1954f40,5ca11cec-92af-4cf0-ba2a-b7ccc1954f40,2026-01-24 15:06:00+00,2026-02-10 10:29:00+00,2026-02-10 10:29:00+00,2026-02-15 16:44:00+00,"{""component"": ""hydraulic"", ""asset_code"": ""LLX-COL-0013"", ""trigger_snapshot"": ""2026-01-10""}",2026-01-24 15:06:00+00,2026-08-10 19:03:05.467947+00
606b4b4f-e186-487f-9ba0-20e897028273,TCK-000627,ac0e6e06-46b6-44dd-8452-1125b59f3f49,23a10ad6-f2ff-4aab-9878-de0f37f6bbe0,Hydraulic fluid weeping at cylinder,"Visible weeping at the lift cylinder and reduced hydraulic performance on monitoring. Requesting seal replacement.

Vehicle: Mitsubishi Canter (UP LD-3436), bay C-006.",resolved,high,high,high,mechanical,mechanical,Hydraulic issue reported on Mitsubishi Canter (UP LD-3436); mechanical team engaged.,,2dabb25f-496d-4f26-9fc4-bb7203fc6b06,cf6c56e7-5755-4ee5-801e-f33afde6b249,cf6c56e7-5755-4ee5-801e-f33afde6b249,2026-05-19 11:39:00+00,2026-06-08 13:34:00+00,2026-06-08 13:34:00+00,,"{""component"": ""hydraulic"", ""asset_code"": ""LLX-BDL-0126"", ""trigger_snapshot"": ""2026-05-10""}",2026-05-19 11:39:00+00,2026-08-10 19:03:05.467947+00
38020f16-2957-49f7-b30c-a05ad2e3c340,TCK-000628,71149510-7879-43a7-b28b-375a5b02a7e4,23a10ad6-f2ff-4aab-9878-de0f37f6bbe0,Engine oil life exhausted - service overdue,"Oil life monitor has reached the end of its interval. Requesting engine oil and filter service before further dispatch.

Vehicle: Tata Prima 2823 (UP LG-1583), bay D-020.",open,low,high,low,mechanical,mechanical,Oil issue reported on Tata Prima 2823 (UP LG-1583); mechanical team engaged.,,6fff23c6-0da3-467c-89b5-5ed645f6c8cb,2e1b0afe-0496-4426-b986-9eee617c68c8,,2025-12-16 17:56:00+00,,,,"{""component"": ""oil"", ""asset_code"": ""LLX-BDL-0200"", ""trigger_snapshot"": ""2025-12-10""}",2025-12-16 17:56:00+00,2026-08-10 19:03:05.467947+00
a26d00da-df99-4bcd-b728-8dcbecbae810,TCK-000629,6749f003-6dea-4ee3-b9ce-4f949f0b7bc8,8f2b1c74-59d3-4a6e-9b21-7c4e0a5d3f88,Brake noise reported during descent,"Squealing and vibration reported under braking on gradient. Requesting brake pad and disc inspection before the vehicle returns to route.

Vehicle: Isuzu FVR (SP LE-8242), bay D-048.",closed,low,low,low,mechanical,mechanical,Brake issue reported on Isuzu FVR (SP LE-8242); mechanical team engaged.,,8f700fd2-3def-4b84-8c3c-b7d73e077fba,e1c1397c-6345-47ab-948e-0f3e68d615b7,e1c1397c-6345-47ab-948e-0f3e68d615b7,2024-10-17 16:37:00+00,2024-10-23 15:07:00+00,2024-10-23 15:07:00+00,2024-11-01 05:38:00+00,"{""component"": ""brake"", ""asset_code"": ""LLX-GLE-0228"", ""trigger_snapshot"": ""2024-10-10""}",2024-10-17 16:37:00+00,2026-08-10 19:03:05.467947+00
62ac4146-b834-4335-a53d-97951a2e6e62,TCK-000630,00fc4f1f-b502-44e8-bf8b-15fa605753ef,8f2b1c74-59d3-4a6e-9b21-7c4e0a5d3f88,Oil pressure warning intermittent,"Intermittent oil pressure warning reported on the instrument cluster. Requesting oil level, filter and sender inspection.

Vehicle: Nissan Caravan (SP PE-9143), bay B-056.",closed,medium,medium,medium,mechanical,mechanical,Oil issue reported on Nissan Caravan (SP PE-9143); mechanical team engaged.,,747c9620-eaaf-4212-95aa-56503b440329,f7c70716-6d01-4c40-8743-ff7f08973f3a,f7c70716-6d01-4c40-8743-ff7f08973f3a,2025-09-24 13:51:00+00,2025-09-25 10:51:00+00,2025-09-25 10:51:00+00,2025-10-04 10:54:00+00,"{""component"": ""oil"", ""asset_code"": ""LLX-GLE-0116"", ""trigger_snapshot"": ""2025-09-10""}",2025-09-24 13:51:00+00,2026-08-10 19:03:05.467947+00
cee49784-e6ad-4324-abf2-b06db2fef378,TCK-000631,69bd93cb-aad7-49a1-b2ac-50ff164b0d70,c537c281-b6ad-4842-94ec-e937be0083e5,Repeated hard starting in early shift,"Vehicle requires multiple crank attempts at shift start. Battery state of health is degraded on monitoring. Requesting battery and charging system diagnosis.

Vehicle: Tata Ultra T.7 (WP LC-1989), bay F-029.",closed,high,high,high,electrical,electrical,Battery issue reported on Tata Ultra T.7 (WP LC-1989); electrical team engaged.,,da2a67ac-05d9-4061-97d1-f011a05f6fe5,7172df17-f1b4-41d1-a5ee-2bf445703d25,7172df17-f1b4-41d1-a5ee-2bf445703d25,2026-05-21 13:02:00+00,2026-05-30 15:45:00+00,2026-05-30 15:45:00+00,2026-06-05 11:51:00+00,"{""component"": ""battery"", ""asset_code"": ""LLX-COL-0329"", ""trigger_snapshot"": ""2026-05-10""}",2026-05-21 13:02:00+00,2026-08-10 19:03:05.467947+00
1ae8695e-ec8f-40b2-8115-9d79bb22d9fa,TCK-000632,38f347c1-9fe2-4694-8b46-ad96e4bac475,23a10ad6-f2ff-4aab-9878-de0f37f6bbe0,Hydraulic lift slow to respond,"Forklift mast raises slowly under load and drifts down when held. Requesting hydraulic fluid, seal and pump inspection.

Vehicle: Tata Ace (UP LA-4986), bay B-053.",closed,medium,medium,medium,mechanical,mechanical,Hydraulic issue reported on Tata Ace (UP LA-4986); mechanical team engaged.,,e9f418de-bd0f-4830-b4c0-9a74896ec78e,149c1f7c-7257-4a93-8b26-45cae3ef4432,149c1f7c-7257-4a93-8b26-45cae3ef4432,2025-08-24 12:44:00+00,2025-08-28 17:39:00+00,2025-08-28 17:39:00+00,2025-09-04 07:25:00+00,"{""component"": ""hydraulic"", ""asset_code"": ""LLX-BDL-0113"", ""trigger_snapshot"": ""2025-08-10""}",2025-08-24 12:44:00+00,2026-08-10 19:03:05.467947+00
1dbba0be-4e7b-4a84-bab4-e1a8c97bfd0c,TCK-000633,9e599506-d8b7-45a1-bc29-037aaeca854b,c537c281-b6ad-4842-94ec-e937be0083e5,Brake noise reported during descent,"Squealing and vibration reported under braking on gradient. Requesting brake pad and disc inspection before the vehicle returns to route.

Vehicle: KDH Van (WP PB-1845), bay D-022.",resolved,medium,medium,medium,mechanical,mechanical,Brake issue reported on KDH Van (WP PB-1845); mechanical team engaged.,,0a5c7be1-9646-4614-bef8-51e664afec90,0d92b1df-f95f-448c-8c5e-279045705e0f,0d92b1df-f95f-448c-8c5e-279045705e0f,2025-12-26 13:20:00+00,2026-01-01 11:50:00+00,2026-01-01 11:50:00+00,,"{""component"": ""brake"", ""asset_code"": ""LLX-COL-0202"", ""trigger_snapshot"": ""2025-12-10""}",2025-12-26 13:20:00+00,2026-08-10 19:03:05.467947+00
86e39637-7018-465b-bacd-27d97e8cbc6c,TCK-000634,a4367f8b-b509-47f6-a90d-83beed9b34d5,c537c281-b6ad-4842-94ec-e937be0083e5,Brake noise reported during descent,"Squealing and vibration reported under braking on gradient. Requesting brake pad and disc inspection before the vehicle returns to route.

Vehicle: Mitsubishi Canter (WP LC-9102), bay F-032.",closed,medium,medium,medium,mechanical,mechanical,Brake issue reported on Mitsubishi Canter (WP LC-9102); mechanical team engaged.,,6304e580-0502-491d-80c1-fcd084bbbd24,f99df61d-d168-4c17-b0fc-99832b736ca8,f99df61d-d168-4c17-b0fc-99832b736ca8,2025-10-30 08:03:00+00,2025-11-20 12:08:00+00,2025-11-20 12:08:00+00,2025-11-23 06:37:00+00,"{""component"": ""brake"", ""asset_code"": ""LLX-COL-0332"", ""trigger_snapshot"": ""2025-10-10""}",2025-10-30 08:03:00+00,2026-08-10 19:03:05.467947+00
68b32952-5d0e-46cf-85d6-53fb51dccc08,TCK-000635,99d9536e-8989-4b62-898e-6ab42e460242,c537c281-b6ad-4842-94ec-e937be0083e5,Battery voltage low - charging system check required,"Battery voltage trend is below target and the vehicle is slow to crank in the morning. Electrical team to test battery health, alternator output and earth connections.

Vehicle: Tata Ace (WP LB-4705), bay E-012.",resolved,medium,medium,medium,electrical,electrical,Battery issue reported on Tata Ace (WP LB-4705); electrical team engaged.,,b39348d1-7405-4464-8957-067b571cbe59,4004e7eb-3344-4419-9e8c-b6a39833a966,4004e7eb-3344-4419-9e8c-b6a39833a966,2025-09-20 15:39:00+00,2025-10-08 09:03:00+00,2025-10-08 09:03:00+00,,"{""component"": ""battery"", ""asset_code"": ""LLX-COL-0252"", ""trigger_snapshot"": ""2025-09-10""}",2025-09-20 15:39:00+00,2026-08-10 19:03:05.467947+00
4e303a7d-e54c-4da9-8e68-fe5d46904811,TCK-000636,db052900-fb26-48c4-8338-0a127b355bae,23a10ad6-f2ff-4aab-9878-de0f37f6bbe0,Oil pressure warning intermittent,"Intermittent oil pressure warning reported on the instrument cluster. Requesting oil level, filter and sender inspection.

Vehicle: Toyota 8FD30 (BDL-FL-035), bay A-035.",closed,high,medium,high,electrical,mechanical,Oil issue reported on Toyota 8FD30 (BDL-FL-035); mechanical team engaged.,,f1c6af40-53f1-4765-b50d-29b05dc581d1,2fb7dab3-e151-490f-9c20-9b329d4fba20,2fb7dab3-e151-490f-9c20-9b329d4fba20,2026-06-21 17:32:00+00,2026-07-08 16:13:00+00,2026-07-08 16:13:00+00,2026-07-18 10:06:00+00,"{""component"": ""oil"", ""asset_code"": ""LLX-BDL-0035"", ""trigger_snapshot"": ""2026-06-10""}",2026-06-21 17:32:00+00,2026-08-10 19:03:05.467947+00
7974ae2d-9f7b-4d05-af6c-6c2898738db6,TCK-000637,b820efbb-9d04-48a6-bedc-3d0e651a1dda,23a10ad6-f2ff-4aab-9878-de0f37f6bbe0,Battery voltage low - charging system check required,"Battery voltage trend is below target and the vehicle is slow to crank in the morning. Electrical team to test battery health, alternator output and earth connections.

Vehicle: Piaggio Porter (UP LB-8021), bay C-001.",closed,high,high,high,electrical,electrical,Battery issue reported on Piaggio Porter (UP LB-8021); electrical team engaged.,,fe119e0c-c737-41f0-bbbd-5073cd6926ce,b33c4ff9-69b5-4437-9699-63c066d6c353,b33c4ff9-69b5-4437-9699-63c066d6c353,2025-08-13 05:26:00+00,2025-09-05 10:17:00+00,2025-09-05 10:17:00+00,2025-09-11 05:40:00+00,"{""component"": ""battery"", ""asset_code"": ""LLX-BDL-0121"", ""trigger_snapshot"": ""2025-08-10""}",2025-08-13 05:26:00+00,2026-08-10 19:03:05.467947+00
0e5d97eb-3c57-4bc3-88c7-3003afa4d047,TCK-000638,067e00e5-2b20-42f6-a3e1-119d8dc41138,8f2b1c74-59d3-4a6e-9b21-7c4e0a5d3f88,Uneven tyre wear and vibration at speed,"Driver reports steering vibration at highway speed. Suspect uneven tyre wear; requesting inspection, rotation and alignment.

Vehicle: Heli CPCD25 (GLE-FL-021), bay A-021.",closed,medium,medium,medium,mechanical,mechanical,Tire issue reported on Heli CPCD25 (GLE-FL-021); mechanical team engaged.,,6da56b94-12b8-4a84-a4fa-ca145145de53,af5f0096-7cc6-4d72-ab69-0a461681aeb5,af5f0096-7cc6-4d72-ab69-0a461681aeb5,2025-07-30 15:13:00+00,2025-08-21 09:52:00+00,2025-08-21 09:52:00+00,2025-08-28 17:53:00+00,"{""component"": ""tire"", ""asset_code"": ""LLX-GLE-0021"", ""trigger_snapshot"": ""2025-07-10""}",2025-07-30 15:13:00+00,2026-08-10 19:03:05.467947+00
41a391f3-b12d-4ee0-8f9e-619541d1ee15,TCK-000639,a90a1741-8868-4b22-b183-0c7b354b8121,c537c281-b6ad-4842-94ec-e937be0083e5,Tyre wear beyond service limit,"Tread depth is below the service threshold on condition monitoring. Requesting tyre replacement and wheel alignment check.

Vehicle: Heli CPCD25 (COL-FL-036), bay A-036.",closed,medium,medium,medium,mechanical,mechanical,Tire issue reported on Heli CPCD25 (COL-FL-036); mechanical team engaged.,,a4ba5676-3ce2-4627-9373-22068a884f6d,e3558ee6-f358-4467-ac51-00c0aa187644,e3558ee6-f358-4467-ac51-00c0aa187644,2025-07-22 10:03:00+00,2025-07-27 14:24:00+00,2025-07-27 14:24:00+00,2025-07-30 06:58:00+00,"{""component"": ""tire"", ""asset_code"": ""LLX-COL-0036"", ""trigger_snapshot"": ""2025-07-10""}",2025-07-22 10:03:00+00,2026-08-10 19:03:05.467947+00
7ee98bd7-bbe0-456e-a651-223a3b0958d7,TCK-000640,d513205e-1a56-427f-8b65-346848f4707d,c537c281-b6ad-4842-94ec-e937be0083e5,Brake noise reported during descent,"Squealing and vibration reported under braking on gradient. Requesting brake pad and disc inspection before the vehicle returns to route.

Vehicle: Nissan Caravan (WP PD-7779), bay C-037.",resolved,low,low,low,mechanical,mechanical,Brake issue reported on Nissan Caravan (WP PD-7779); mechanical team engaged.,,349e690e-52a1-4c2a-b549-9453d0c5b790,b958f053-fb9d-4b81-9996-c7ca66269f1c,b958f053-fb9d-4b81-9996-c7ca66269f1c,2026-07-20 08:25:00+00,2026-08-08 08:38:00+00,2026-08-08 08:38:00+00,,"{""component"": ""brake"", ""asset_code"": ""LLX-COL-0157"", ""trigger_snapshot"": ""2026-07-10""}",2026-07-20 08:25:00+00,2026-08-10 19:03:05.467947+00
7e5e880b-c494-41f7-820a-20a01287122a,TCK-000641,465d2b3b-3577-4777-89df-9f8baab947e9,23a10ad6-f2ff-4aab-9878-de0f37f6bbe0,Brake noise reported during descent,"Squealing and vibration reported under braking on gradient. Requesting brake pad and disc inspection before the vehicle returns to route.

Vehicle: Toyota 8FD25 (BDL-FL-006), bay A-006.",closed,high,high,high,mechanical,mechanical,Brake issue reported on Toyota 8FD25 (BDL-FL-006); mechanical team engaged.,,2d980844-162a-4581-bbc6-75b9c502e459,cf6c56e7-5755-4ee5-801e-f33afde6b249,cf6c56e7-5755-4ee5-801e-f33afde6b249,2024-10-14 14:17:00+00,2024-11-05 09:44:00+00,2024-11-05 09:44:00+00,2024-11-10 10:43:00+00,"{""component"": ""brake"", ""asset_code"": ""LLX-BDL-0006"", ""trigger_snapshot"": ""2024-10-10""}",2024-10-14 14:17:00+00,2026-08-10 19:03:05.467947+00
7e27e6cd-b7b8-426b-93fb-f12563c1416e,TCK-000642,85a38f99-d14e-4301-ace7-e2af815eae02,c537c281-b6ad-4842-94ec-e937be0083e5,Repeated hard starting in early shift,"Vehicle requires multiple crank attempts at shift start. Battery state of health is degraded on monitoring. Requesting battery and charging system diagnosis.

Vehicle: Tata T.12 (WP LE-8287), bay G-028.",resolved,high,medium,high,electrical,electrical,Battery issue reported on Tata T.12 (WP LE-8287); electrical team engaged.,,58d58f6f-c7d9-4037-9d48-18e1877be077,233aac45-07b9-46b4-af83-c4c76f181669,233aac45-07b9-46b4-af83-c4c76f181669,2026-06-21 07:06:00+00,2026-06-23 15:27:00+00,2026-06-23 15:27:00+00,,"{""component"": ""battery"", ""asset_code"": ""LLX-COL-0388"", ""trigger_snapshot"": ""2026-06-10""}",2026-06-21 07:06:00+00,2026-08-10 19:03:05.467947+00
6701d82d-1c6d-458b-997b-6ee7740e9644,TCK-000643,435bafcf-7332-4e44-b7f5-c3fe116a9f8b,c537c281-b6ad-4842-94ec-e937be0083e5,Tyre wear beyond service limit,"Tread depth is below the service threshold on condition monitoring. Requesting tyre replacement and wheel alignment check.

Vehicle: Mitsubishi Canter (WP LD-4109), bay F-012.",closed,low,low,low,mechanical,mechanical,Tire issue reported on Mitsubishi Canter (WP LD-4109); mechanical team engaged.,,898080df-a0bf-47ff-b65d-d841ccd88b80,4f99efd4-c45f-49c6-8b6c-f80715333c15,4f99efd4-c45f-49c6-8b6c-f80715333c15,2025-04-10 15:04:00+00,2025-04-20 06:54:00+00,2025-04-20 06:54:00+00,2025-04-25 07:59:00+00,"{""component"": ""tire"", ""asset_code"": ""LLX-COL-0312"", ""trigger_snapshot"": ""2025-04-10""}",2025-04-10 15:04:00+00,2026-08-10 19:03:05.467947+00
99e0cf40-b566-4314-999e-0d0d23aac96d,TCK-000644,b40bbe00-0e99-4a1f-ad6c-bbbb740d26a5,23a10ad6-f2ff-4aab-9878-de0f37f6bbe0,Tyre wear beyond service limit,"Tread depth is below the service threshold on condition monitoring. Requesting tyre replacement and wheel alignment check.

Vehicle: Mitsubishi Fuso Fighter (UP LF-5061), bay D-010.",closed,high,high,high,mechanical,mechanical,Tire issue reported on Mitsubishi Fuso Fighter (UP LF-5061); mechanical team engaged.,,279ecb13-f02b-44e7-b488-057559433848,f101a341-b305-43d6-b170-7cbd8501fef2,f101a341-b305-43d6-b170-7cbd8501fef2,2024-11-29 11:37:00+00,2024-12-24 15:42:00+00,2024-12-24 15:42:00+00,2024-12-29 06:28:00+00,"{""component"": ""tire"", ""asset_code"": ""LLX-BDL-0190"", ""trigger_snapshot"": ""2024-11-10""}",2024-11-29 11:37:00+00,2026-08-10 19:03:05.467947+00
a8c75e52-8d23-4c01-944a-574347eb2d28,TCK-000645,90849b14-0cfd-47c6-a78e-b679f4567896,c537c281-b6ad-4842-94ec-e937be0083e5,Engine oil life exhausted - service overdue,"Oil life monitor has reached the end of its interval. Requesting engine oil and filter service before further dispatch.

Vehicle: Piaggio Porter (WP LB-6330), bay E-017.",resolved,high,high,high,mechanical,mechanical,Oil issue reported on Piaggio Porter (WP LB-6330); mechanical team engaged.,,5576d8c3-4a33-48c3-b6d8-f684bc07fa9b,20064787-286e-445a-af95-65111a530936,20064787-286e-445a-af95-65111a530936,2026-05-13 07:56:00+00,2026-05-23 13:46:00+00,2026-05-23 13:46:00+00,,"{""component"": ""oil"", ""asset_code"": ""LLX-COL-0257"", ""trigger_snapshot"": ""2026-05-10""}",2026-05-13 07:56:00+00,2026-08-10 19:03:05.467947+00
7b734ab8-394a-4d5e-8b17-c7358b8694b4,TCK-000646,bb939f3f-1472-4213-9007-97f8eb76142b,c537c281-b6ad-4842-94ec-e937be0083e5,Engine oil life exhausted - service overdue,"Oil life monitor has reached the end of its interval. Requesting engine oil and filter service before further dispatch.

Vehicle: Mitsubishi Fuso Fighter (WP LE-6197), bay G-009.",resolved,medium,medium,medium,mechanical,mechanical,Oil issue reported on Mitsubishi Fuso Fighter (WP LE-6197); mechanical team engaged.,,104a972e-bd66-474a-8e17-fe30a79630c7,9ac1f452-afac-4a3b-b3eb-3e9ebe62c5a9,9ac1f452-afac-4a3b-b3eb-3e9ebe62c5a9,2025-04-10 10:56:00+00,2025-04-16 17:31:00+00,2025-04-16 17:31:00+00,,"{""component"": ""oil"", ""asset_code"": ""LLX-COL-0369"", ""trigger_snapshot"": ""2025-04-10""}",2025-04-10 10:56:00+00,2026-08-10 19:03:05.467947+00
fcf0aa73-769c-4ef8-b287-8732b884f2c5,TCK-000647,1f71a3be-447e-4e46-818c-4df2a35836be,c537c281-b6ad-4842-94ec-e937be0083e5,Uneven tyre wear and vibration at speed,"Driver reports steering vibration at highway speed. Suspect uneven tyre wear; requesting inspection, rotation and alignment.

Vehicle: Komatsu FD25 (COL-FL-016), bay A-016.",closed,high,high,high,mechanical,mechanical,Tire issue reported on Komatsu FD25 (COL-FL-016); mechanical team engaged.,,f3c4e156-3bb0-4f09-af72-9bad7ceee5a0,578b9882-da22-4a57-8191-8e7a8ca512f5,578b9882-da22-4a57-8191-8e7a8ca512f5,2025-12-19 15:39:00+00,2026-01-04 16:40:00+00,2026-01-04 16:40:00+00,2026-01-14 07:25:00+00,"{""component"": ""tire"", ""asset_code"": ""LLX-COL-0016"", ""trigger_snapshot"": ""2025-12-10""}",2025-12-19 15:39:00+00,2026-08-10 19:03:05.467947+00
97d0def3-e286-4801-bf84-284e8fd8e269,TCK-000648,a930afaa-d8b4-4e98-b775-d12c44fdfc53,c537c281-b6ad-4842-94ec-e937be0083e5,Hydraulic fluid weeping at cylinder,"Visible weeping at the lift cylinder and reduced hydraulic performance on monitoring. Requesting seal replacement.

Vehicle: Heli CPCD25 (COL-FL-004), bay A-004.",closed,high,high,high,mechanical,mechanical,Hydraulic issue reported on Heli CPCD25 (COL-FL-004); mechanical team engaged.,,4a6d004d-dedd-4af0-a5f2-74c1780e2f7a,3ed87f3f-9d1e-409e-af21-14fee9e9bc14,3ed87f3f-9d1e-409e-af21-14fee9e9bc14,2024-10-10 12:06:00+00,2024-10-15 06:27:00+00,2024-10-15 06:27:00+00,2024-10-23 09:34:00+00,"{""component"": ""hydraulic"", ""asset_code"": ""LLX-COL-0004"", ""trigger_snapshot"": ""2024-10-10""}",2024-10-10 12:06:00+00,2026-08-10 19:03:05.467947+00
d3d382dd-b1c8-4689-aad0-2860a43eb031,TCK-000649,c1504be8-7c7c-4282-9d65-5ed622c88d93,8f2b1c74-59d3-4a6e-9b21-7c4e0a5d3f88,Tyre wear beyond service limit,"Tread depth is below the service threshold on condition monitoring. Requesting tyre replacement and wheel alignment check.

Vehicle: Heli CPCD25 (GLE-FL-032), bay A-032.",in_progress,high,high,high,mechanical,mechanical,Tire issue reported on Heli CPCD25 (GLE-FL-032); mechanical team engaged.,,0ec99173-42e2-41ac-a036-815854061722,9580e2d6-e004-4873-9ea1-5e63bb707d70,,2026-05-20 17:13:00+00,,,,"{""component"": ""tire"", ""asset_code"": ""LLX-GLE-0032"", ""trigger_snapshot"": ""2026-05-10""}",2026-05-20 17:13:00+00,2026-08-10 19:03:05.467947+00
35b9f8ee-cf08-41cf-9c1f-7c68c99000a4,TCK-000650,c442cc42-53bf-428a-8e1a-5b2d3cbfae5b,c537c281-b6ad-4842-94ec-e937be0083e5,Brake performance degraded - inspection required,"Driver reports longer stopping distance and reduced pedal firmness. Brake wear indicator is low on condition monitoring. Mechanical team to inspect pads, discs and brake fluid.

Vehicle: Heli CPCD30 (COL-FL-123), bay C-003.",resolved,high,high,high,mechanical,mechanical,Brake issue reported on Heli CPCD30 (COL-FL-123); mechanical team engaged.,,e28c3da1-f55d-449e-b0f3-b68586bc22e8,5ca11cec-92af-4cf0-ba2a-b7ccc1954f40,5ca11cec-92af-4cf0-ba2a-b7ccc1954f40,2025-07-22 16:55:00+00,2025-07-26 13:21:00+00,2025-07-26 13:21:00+00,,"{""component"": ""brake"", ""asset_code"": ""LLX-COL-0123"", ""trigger_snapshot"": ""2025-07-10""}",2025-07-22 16:55:00+00,2026-08-10 19:03:05.467947+00
111b6551-292e-462c-a452-970f20f8b636,TCK-000651,ac5ceb44-9317-4114-9a48-351620ba0f10,23a10ad6-f2ff-4aab-9878-de0f37f6bbe0,Brake performance degraded - inspection required,"Driver reports longer stopping distance and reduced pedal firmness. Brake wear indicator is low on condition monitoring. Mechanical team to inspect pads, discs and brake fluid.

Vehicle: Tata Ace (UP LB-2071), bay B-059.",closed,low,low,low,mechanical,mechanical,Brake issue reported on Tata Ace (UP LB-2071); mechanical team engaged.,,2dabb25f-496d-4f26-9fc4-bb7203fc6b06,15dc60e6-ac87-4e43-940e-f17025d0156f,15dc60e6-ac87-4e43-940e-f17025d0156f,2026-01-25 16:35:00+00,2026-02-09 09:48:00+00,2026-02-09 09:48:00+00,2026-02-14 08:13:00+00,"{""component"": ""brake"", ""asset_code"": ""LLX-BDL-0119"", ""trigger_snapshot"": ""2026-01-10""}",2026-01-25 16:35:00+00,2026-08-10 19:03:05.467947+00
0d4d552e-ed7d-49c7-b88d-9704575aa283,TCK-000652,a9e53f75-3f82-4b55-89f1-d0133b6b6a86,c537c281-b6ad-4842-94ec-e937be0083e5,Battery voltage low - charging system check required,"Battery voltage trend is below target and the vehicle is slow to crank in the morning. Electrical team to test battery health, alternator output and earth connections.

Vehicle: Piaggio Porter (WP LB-5402), bay E-009.",closed,high,low,high,electrical,electrical,Battery issue reported on Piaggio Porter (WP LB-5402); electrical team engaged.,,cbaa9f3a-1731-4f39-a19c-2252b655f163,f2e3adca-c995-4570-a695-525ef502c1ef,f2e3adca-c995-4570-a695-525ef502c1ef,2024-09-24 07:24:00+00,2024-10-17 09:27:00+00,2024-10-17 09:27:00+00,2024-10-23 08:04:00+00,"{""component"": ""battery"", ""asset_code"": ""LLX-COL-0249"", ""trigger_snapshot"": ""2024-09-10""}",2024-09-24 07:24:00+00,2026-08-10 19:03:05.467947+00
af462d08-ecc6-48f1-b2db-1c41412d7c69,TCK-000653,93dbd4d3-6b7e-4cb5-8592-a060511a8983,c537c281-b6ad-4842-94ec-e937be0083e5,Brake noise reported during descent,"Squealing and vibration reported under braking on gradient. Requesting brake pad and disc inspection before the vehicle returns to route.

Vehicle: Toyota HiAce (WP PD-2608), bay D-027.",closed,high,high,high,mechanical,mechanical,Brake issue reported on Toyota HiAce (WP PD-2608); mechanical team engaged.,,8ab9ee5c-ccf3-4154-975e-49649c7e64b1,2ea7ff67-fdd7-4d0b-96cd-8dd768decfdd,2ea7ff67-fdd7-4d0b-96cd-8dd768decfdd,2024-11-26 08:59:00+00,2024-12-16 09:16:00+00,2024-12-16 09:16:00+00,2024-12-22 14:24:00+00,"{""component"": ""brake"", ""asset_code"": ""LLX-COL-0207"", ""trigger_snapshot"": ""2024-11-10""}",2024-11-26 08:59:00+00,2026-08-10 19:03:05.467947+00
6245dd58-b6b3-478a-a4ca-cd6aabb0af67,TCK-000654,20ff8673-2088-4122-92f5-3a06cde0f0c4,c537c281-b6ad-4842-94ec-e937be0083e5,Battery voltage low - charging system check required,"Battery voltage trend is below target and the vehicle is slow to crank in the morning. Electrical team to test battery health, alternator output and earth connections.

Vehicle: Toyota 8FD25 (COL-FL-051), bay A-051.",closed,low,low,low,electrical,electrical,Battery issue reported on Toyota 8FD25 (COL-FL-051); electrical team engaged.,,3b1f95f4-2559-4de1-8997-370ca42c1792,9f45c98b-3562-45af-8cb4-fee17952ecd9,9f45c98b-3562-45af-8cb4-fee17952ecd9,2025-12-27 07:56:00+00,2025-12-28 10:27:00+00,2025-12-28 10:27:00+00,2026-01-02 10:06:00+00,"{""component"": ""battery"", ""asset_code"": ""LLX-COL-0051"", ""trigger_snapshot"": ""2025-12-10""}",2025-12-27 07:56:00+00,2026-08-10 19:03:05.467947+00
6066c32f-873d-4d01-9482-e1d5aa71e636,TCK-000655,06c9d121-8916-4b66-8e85-e52c642be051,8f2b1c74-59d3-4a6e-9b21-7c4e0a5d3f88,Repeated hard starting in early shift,"Vehicle requires multiple crank attempts at shift start. Battery state of health is degraded on monitoring. Requesting battery and charging system diagnosis.

Vehicle: Isuzu ELF NKR (SP LD-3870), bay D-022.",closed,high,low,high,electrical,electrical,Battery issue reported on Isuzu ELF NKR (SP LD-3870); electrical team engaged.,,55095c82-2c02-4291-8de2-7d5afe48cf31,bdd93a99-626e-4675-b9a7-acfd49c28c66,bdd93a99-626e-4675-b9a7-acfd49c28c66,2024-10-13 16:29:00+00,2024-10-20 09:39:00+00,2024-10-20 09:39:00+00,2024-10-22 13:37:00+00,"{""component"": ""battery"", ""asset_code"": ""LLX-GLE-0202"", ""trigger_snapshot"": ""2024-10-10""}",2024-10-13 16:29:00+00,2026-08-10 19:03:05.467947+00
1483a311-9d1f-4985-abda-4758d5e92470,TCK-000656,a7e3d95d-9518-45fe-b2f4-4eb6e1ec8599,8f2b1c74-59d3-4a6e-9b21-7c4e0a5d3f88,Oil pressure warning intermittent,"Intermittent oil pressure warning reported on the instrument cluster. Requesting oil level, filter and sender inspection.

Vehicle: Komatsu FD30 (GLE-FL-071), bay B-011.",in_progress,medium,medium,medium,mechanical,mechanical,Oil issue reported on Komatsu FD30 (GLE-FL-071); mechanical team engaged.,,79996482-579d-4dee-9a2b-8837c548ef59,4212a9e1-e03c-4ea2-9d8c-c180b703b99a,,2026-08-08 11:17:00+00,,,,"{""component"": ""oil"", ""asset_code"": ""LLX-GLE-0071"", ""trigger_snapshot"": ""2026-08-10""}",2026-08-08 11:17:00+00,2026-08-10 19:03:05.467947+00
03bad911-0cc6-4e93-8775-fea349d8639d,TCK-000657,a2351705-ae47-43a6-a73e-d5497c3657b7,c537c281-b6ad-4842-94ec-e937be0083e5,Hydraulic lift slow to respond,"Forklift mast raises slowly under load and drifts down when held. Requesting hydraulic fluid, seal and pump inspection.

Vehicle: Toyota 8FD25 (COL-FL-020), bay A-020.",resolved,medium,medium,medium,mechanical,mechanical,Hydraulic issue reported on Toyota 8FD25 (COL-FL-020); mechanical team engaged.,,70bf07bf-38ab-467c-8e62-966770517b9c,9ac1f452-afac-4a3b-b3eb-3e9ebe62c5a9,9ac1f452-afac-4a3b-b3eb-3e9ebe62c5a9,2026-07-12 17:06:00+00,2026-08-03 10:03:00+00,2026-08-03 10:03:00+00,,"{""component"": ""hydraulic"", ""asset_code"": ""LLX-COL-0020"", ""trigger_snapshot"": ""2026-07-10""}",2026-07-12 17:06:00+00,2026-08-10 19:03:05.467947+00
700e6c4a-82f3-47c9-85f2-f772f9746f61,TCK-000658,b58911ec-0222-4162-b9b6-64aa9d0b7d48,23a10ad6-f2ff-4aab-9878-de0f37f6bbe0,Battery voltage low - charging system check required,"Battery voltage trend is below target and the vehicle is slow to crank in the morning. Electrical team to test battery health, alternator output and earth connections.

Vehicle: Piaggio Porter (UP LB-8963), bay B-030.",closed,medium,medium,medium,electrical,electrical,Battery issue reported on Piaggio Porter (UP LB-8963); electrical team engaged.,,201810ef-10d6-4664-9bf3-c78ad722a6de,66fa4ed5-e7e7-4664-8c2a-908778ecba02,66fa4ed5-e7e7-4664-8c2a-908778ecba02,2024-08-30 06:49:00+00,2024-09-19 14:30:00+00,2024-09-19 14:30:00+00,2024-09-23 17:34:00+00,"{""component"": ""battery"", ""asset_code"": ""LLX-BDL-0090"", ""trigger_snapshot"": ""2024-08-10""}",2024-08-30 06:49:00+00,2026-08-10 19:03:05.467947+00
8e751cf4-1116-45ae-b83f-fc191e570b26,TCK-000659,ae8fb68a-6c2c-4ff4-bd54-1cfcba2f91e4,8f2b1c74-59d3-4a6e-9b21-7c4e0a5d3f88,Uneven tyre wear and vibration at speed,"Driver reports steering vibration at highway speed. Suspect uneven tyre wear; requesting inspection, rotation and alignment.

Vehicle: Heli CPCD25 (GLE-FL-049), bay A-049.",resolved,medium,medium,medium,mechanical,mechanical,Tire issue reported on Heli CPCD25 (GLE-FL-049); mechanical team engaged.,,aa9fdc26-c27d-4899-a00c-295b6ab99173,57ace99d-32e1-4aae-af41-0861213bfb33,57ace99d-32e1-4aae-af41-0861213bfb33,2026-06-22 06:21:00+00,2026-07-16 15:00:00+00,2026-07-16 15:00:00+00,,"{""component"": ""tire"", ""asset_code"": ""LLX-GLE-0049"", ""trigger_snapshot"": ""2026-06-10""}",2026-06-22 06:21:00+00,2026-08-10 19:03:05.467947+00
cb1ace9d-0264-4dfb-b714-86c0a8895dfc,TCK-000660,52ddaf34-1c8f-4dcb-83a2-1ed0d052a37c,8f2b1c74-59d3-4a6e-9b21-7c4e0a5d3f88,Hydraulic lift slow to respond,"Forklift mast raises slowly under load and drifts down when held. Requesting hydraulic fluid, seal and pump inspection.

Vehicle: Heli CPCD25 (GLE-FL-022), bay A-022.",closed,medium,medium,medium,mechanical,mechanical,Hydraulic issue reported on Heli CPCD25 (GLE-FL-022); mechanical team engaged.,,0ec99173-42e2-41ac-a036-815854061722,597c6eba-286e-440e-922e-420efd907fcc,597c6eba-286e-440e-922e-420efd907fcc,2025-07-21 10:56:00+00,2025-08-04 15:49:00+00,2025-08-04 15:49:00+00,2025-08-10 07:06:00+00,"{""component"": ""hydraulic"", ""asset_code"": ""LLX-GLE-0022"", ""trigger_snapshot"": ""2025-07-10""}",2025-07-21 10:56:00+00,2026-08-10 19:03:05.467947+00
a3cea5f0-bcd7-4279-82fb-ccab07591116,TCK-000661,e46ed07c-e507-4164-9d5f-65f7e2ca1e89,8f2b1c74-59d3-4a6e-9b21-7c4e0a5d3f88,Uneven tyre wear and vibration at speed,"Driver reports steering vibration at highway speed. Suspect uneven tyre wear; requesting inspection, rotation and alignment.

Vehicle: Tata Ace (SP LA-4772), bay C-049.",closed,high,high,high,mechanical,mechanical,Tire issue reported on Tata Ace (SP LA-4772); mechanical team engaged.,,8679d499-93b5-4c67-96a9-235351c57233,5302dab8-326e-4660-b10d-447ccbcaff6f,5302dab8-326e-4660-b10d-447ccbcaff6f,2024-09-17 10:00:00+00,2024-10-11 08:52:00+00,2024-10-11 08:52:00+00,2024-10-12 15:18:00+00,"{""component"": ""tire"", ""asset_code"": ""LLX-GLE-0169"", ""trigger_snapshot"": ""2024-09-10""}",2024-09-17 10:00:00+00,2026-08-10 19:03:05.467947+00
5205efee-ca4c-497c-bcd6-f72eeda90849,TCK-000662,c408c5de-0785-4ae0-86bb-00e2f63b1b8c,c537c281-b6ad-4842-94ec-e937be0083e5,Battery voltage low - charging system check required,"Battery voltage trend is below target and the vehicle is slow to crank in the morning. Electrical team to test battery health, alternator output and earth connections.

Vehicle: Toyota HiAce (WP PD-6124), bay C-048.",closed,high,high,high,electrical,electrical,Battery issue reported on Toyota HiAce (WP PD-6124); electrical team engaged.,,88603b09-551d-4b59-8981-e27cd95f2b12,8eff9acb-560a-454d-b4e0-e23389a2264b,8eff9acb-560a-454d-b4e0-e23389a2264b,2025-10-27 17:02:00+00,2025-11-07 14:58:00+00,2025-11-07 14:58:00+00,2025-11-11 05:50:00+00,"{""component"": ""battery"", ""asset_code"": ""LLX-COL-0168"", ""trigger_snapshot"": ""2025-10-10""}",2025-10-27 17:02:00+00,2026-08-10 19:03:05.467947+00
2b630530-c737-468f-8c56-083338d34c3d,TCK-000663,e2028202-e117-4fbe-8db0-e5a1db0104ba,8f2b1c74-59d3-4a6e-9b21-7c4e0a5d3f88,Brake noise reported during descent,"Squealing and vibration reported under braking on gradient. Requesting brake pad and disc inspection before the vehicle returns to route.

Vehicle: Toyota 8FD25 (GLE-FL-051), bay A-051.",closed,medium,medium,medium,mechanical,mechanical,Brake issue reported on Toyota 8FD25 (GLE-FL-051); mechanical team engaged.,,40456dc0-a334-43ba-81eb-c43a7464787d,af5f0096-7cc6-4d72-ab69-0a461681aeb5,af5f0096-7cc6-4d72-ab69-0a461681aeb5,2026-03-15 12:45:00+00,2026-03-29 09:06:00+00,2026-03-29 09:06:00+00,2026-03-30 14:09:00+00,"{""component"": ""brake"", ""asset_code"": ""LLX-GLE-0051"", ""trigger_snapshot"": ""2026-03-10""}",2026-03-15 12:45:00+00,2026-08-10 19:03:05.467947+00
abac736f-52ce-479d-9a8c-a763da5f95ce,TCK-000664,f406213d-438b-42d0-b5a0-af45d4f0cec4,c537c281-b6ad-4842-94ec-e937be0083e5,Engine oil life exhausted - service overdue,"Oil life monitor has reached the end of its interval. Requesting engine oil and filter service before further dispatch.

Vehicle: Isuzu ELF NKR (WP LC-3961), bay F-011.",closed,high,high,high,mechanical,mechanical,Oil issue reported on Isuzu ELF NKR (WP LC-3961); mechanical team engaged.,,aae4b5c2-8efb-42b7-88a7-a8fe7a86e7c7,954f138f-fa1c-4b21-9902-f274a5868271,954f138f-fa1c-4b21-9902-f274a5868271,2026-02-14 12:21:00+00,2026-02-16 06:36:00+00,2026-02-16 06:36:00+00,2026-02-18 05:17:00+00,"{""component"": ""oil"", ""asset_code"": ""LLX-COL-0311"", ""trigger_snapshot"": ""2026-02-10""}",2026-02-14 12:21:00+00,2026-08-10 19:03:05.467947+00
3185d53c-9805-4ace-afc3-10c20599e55b,TCK-000665,810d6693-00f6-4025-b87d-85ffd1cfdf8f,c537c281-b6ad-4842-94ec-e937be0083e5,Uneven tyre wear and vibration at speed,"Driver reports steering vibration at highway speed. Suspect uneven tyre wear; requesting inspection, rotation and alignment.

Vehicle: KDH Van (WP PE-7905), bay D-020.",resolved,medium,medium,medium,electrical,mechanical,Tire issue reported on KDH Van (WP PE-7905); mechanical team engaged.,,318da964-ffdd-4a77-aa9a-ede745666cdc,26786492-bebd-4e3a-8719-4c486f70d604,26786492-bebd-4e3a-8719-4c486f70d604,2025-06-18 17:27:00+00,2025-07-01 16:42:00+00,2025-07-01 16:42:00+00,,"{""component"": ""tire"", ""asset_code"": ""LLX-COL-0200"", ""trigger_snapshot"": ""2025-06-10""}",2025-06-18 17:27:00+00,2026-08-10 19:03:05.467947+00
06d6e0a8-47b6-4188-9276-d91396ca44bc,TCK-000666,93dbd4d3-6b7e-4cb5-8592-a060511a8983,c537c281-b6ad-4842-94ec-e937be0083e5,Engine oil life exhausted - service overdue,"Oil life monitor has reached the end of its interval. Requesting engine oil and filter service before further dispatch.

Vehicle: Toyota HiAce (WP PD-2608), bay D-027.",resolved,medium,medium,medium,mechanical,mechanical,Oil issue reported on Toyota HiAce (WP PD-2608); mechanical team engaged.,,94c64335-4962-40b1-96fd-53632f8d49a3,838168e2-a894-48b0-9e58-4f1f4612a1b3,838168e2-a894-48b0-9e58-4f1f4612a1b3,2026-06-17 17:07:00+00,2026-07-10 12:31:00+00,2026-07-10 12:31:00+00,,"{""component"": ""oil"", ""asset_code"": ""LLX-COL-0207"", ""trigger_snapshot"": ""2026-06-10""}",2026-06-17 17:07:00+00,2026-08-10 19:03:05.467947+00
9e06a1c8-fe9d-4df9-aded-b3724fc16282,TCK-000667,1c5ebb87-9a50-456a-9a8b-ad8457ce0cff,23a10ad6-f2ff-4aab-9878-de0f37f6bbe0,Hydraulic lift slow to respond,"Forklift mast raises slowly under load and drifts down when held. Requesting hydraulic fluid, seal and pump inspection.

Vehicle: Mahindra Bolero Pickup (UP LA-1501), bay B-054.",in_progress,medium,medium,medium,mechanical,mechanical,Hydraulic issue reported on Mahindra Bolero Pickup (UP LA-1501); mechanical team engaged.,,bf036d3c-6698-49da-9031-deb5025def97,246980b5-110b-4571-9060-906f0c1ed19f,,2026-05-11 05:18:00+00,,,,"{""component"": ""hydraulic"", ""asset_code"": ""LLX-BDL-0114"", ""trigger_snapshot"": ""2026-05-10""}",2026-05-11 05:18:00+00,2026-08-10 19:03:05.467947+00
9d778a50-5f22-4bd6-a98e-d28eae3c1170,TCK-000668,a838d374-572b-40c4-b331-560dfc970553,c537c281-b6ad-4842-94ec-e937be0083e5,Hydraulic lift slow to respond,"Forklift mast raises slowly under load and drifts down when held. Requesting hydraulic fluid, seal and pump inspection.

Vehicle: Mahindra Bolero Pickup (WP LA-6255), bay E-025.",in_progress,high,high,high,mechanical,mechanical,Hydraulic issue reported on Mahindra Bolero Pickup (WP LA-6255); mechanical team engaged.,,d3d6a1ff-d3a2-4ce1-a2f8-500458026fa5,70506215-8794-4b65-b206-0e75646dfe9a,,2026-08-08 06:19:00+00,,,,"{""component"": ""hydraulic"", ""asset_code"": ""LLX-COL-0265"", ""trigger_snapshot"": ""2026-08-10""}",2026-08-08 06:19:00+00,2026-08-10 19:03:05.467947+00
2fc64f51-070d-4df0-99f3-e2f8be492f0b,TCK-000669,14dade97-29fe-4dd3-bcdb-2af7c81e3c47,8f2b1c74-59d3-4a6e-9b21-7c4e0a5d3f88,Uneven tyre wear and vibration at speed,"Driver reports steering vibration at highway speed. Suspect uneven tyre wear; requesting inspection, rotation and alignment.

Vehicle: Mahindra Bolero Pickup (SP LA-9161), bay C-035.",resolved,low,low,low,software,mechanical,Tire issue reported on Mahindra Bolero Pickup (SP LA-9161); mechanical team engaged.,,2a60d4f6-6137-4b68-9b84-6d71514ec695,ba03ac29-f294-4a7d-b142-44c46cfe2354,ba03ac29-f294-4a7d-b142-44c46cfe2354,2025-09-16 10:39:00+00,2025-10-10 13:36:00+00,2025-10-10 13:36:00+00,,"{""component"": ""tire"", ""asset_code"": ""LLX-GLE-0155"", ""trigger_snapshot"": ""2025-09-10""}",2025-09-16 10:39:00+00,2026-08-10 19:03:05.467947+00
b2291d35-b3e9-4184-8191-774e50bbc2de,TCK-000670,10a670ae-0273-414b-a826-a7f17e58a75b,8f2b1c74-59d3-4a6e-9b21-7c4e0a5d3f88,Oil pressure warning intermittent,"Intermittent oil pressure warning reported on the instrument cluster. Requesting oil level, filter and sender inspection.

Vehicle: Heli CPCD25 (GLE-FL-012), bay A-012.",resolved,medium,medium,medium,mechanical,mechanical,Oil issue reported on Heli CPCD25 (GLE-FL-012); mechanical team engaged.,,c875bb37-b147-43c4-9190-bba3cca1d313,9a38f54e-0c39-48c6-9c31-f8bc268a9f2a,9a38f54e-0c39-48c6-9c31-f8bc268a9f2a,2024-11-13 12:13:00+00,2024-11-26 17:24:00+00,2024-11-26 17:24:00+00,,"{""component"": ""oil"", ""asset_code"": ""LLX-GLE-0012"", ""trigger_snapshot"": ""2024-11-10""}",2024-11-13 12:13:00+00,2026-08-10 19:03:05.467947+00
96af7581-882a-4894-8b49-1ab3461374f2,TCK-000671,0d8af2a7-20ef-4f57-92b8-1fd808467335,c537c281-b6ad-4842-94ec-e937be0083e5,Oil pressure warning intermittent,"Intermittent oil pressure warning reported on the instrument cluster. Requesting oil level, filter and sender inspection.

Vehicle: Isuzu ELF NKR (WP LD-3786), bay F-056.",closed,medium,medium,medium,electrical,mechanical,Oil issue reported on Isuzu ELF NKR (WP LD-3786); mechanical team engaged.,,a3267fe3-9c0f-4b60-95c4-971b2cac8906,728c431d-a607-4a38-9b1a-2287ce9979ad,728c431d-a607-4a38-9b1a-2287ce9979ad,2025-12-30 17:37:00+00,2026-01-13 14:32:00+00,2026-01-13 14:32:00+00,2026-01-18 12:13:00+00,"{""component"": ""oil"", ""asset_code"": ""LLX-COL-0356"", ""trigger_snapshot"": ""2025-12-10""}",2025-12-30 17:37:00+00,2026-08-10 19:03:05.467947+00
81479f5a-69f1-4887-ab10-9a943bd822cf,TCK-000672,90849b14-0cfd-47c6-a78e-b679f4567896,c537c281-b6ad-4842-94ec-e937be0083e5,Brake noise reported during descent,"Squealing and vibration reported under braking on gradient. Requesting brake pad and disc inspection before the vehicle returns to route.

Vehicle: Piaggio Porter (WP LB-6330), bay E-017.",closed,medium,high,medium,mechanical,mechanical,Brake issue reported on Piaggio Porter (WP LB-6330); mechanical team engaged.,,86c61fdf-4d13-4cd6-b3fe-a85018a6bd65,799f9455-62db-4da1-8b99-9f32da209d65,799f9455-62db-4da1-8b99-9f32da209d65,2025-12-28 15:22:00+00,2026-01-10 06:41:00+00,2026-01-10 06:41:00+00,2026-01-15 08:59:00+00,"{""component"": ""brake"", ""asset_code"": ""LLX-COL-0257"", ""trigger_snapshot"": ""2025-12-10""}",2025-12-28 15:22:00+00,2026-08-10 19:03:05.467947+00
671f7305-eb61-4cd7-a97b-aabfa087b7ea,TCK-000673,53665e7e-dbdf-4c7c-bcf4-c618f1271001,c537c281-b6ad-4842-94ec-e937be0083e5,Odometer readings inconsistent in platform,"Reported odometer on the platform disagrees with the vehicle cluster. Software team to verify sensor mapping and ingestion for this asset.

Vehicle: Komatsu FD30 (COL-FL-092), bay B-032.",closed,low,low,low,software,software,Telematics issue reported on Komatsu FD30 (COL-FL-092); software team engaged.,,58cdf850-1ff6-4163-8877-bc794da22294,84ed798e-b511-4f4a-aa3a-e26029fdaf93,84ed798e-b511-4f4a-aa3a-e26029fdaf93,2026-03-28 17:06:00+00,2026-03-31 13:51:00+00,2026-03-31 13:51:00+00,2026-04-09 05:51:00+00,"{""component"": ""telematics"", ""asset_code"": ""LLX-COL-0092"", ""trigger_snapshot"": ""2026-03-10""}",2026-03-28 17:06:00+00,2026-08-10 19:03:05.467947+00
2c14e8bd-7402-4e09-9401-e163d8dcca11,TCK-000674,d4748cf1-1400-4d71-a443-d7d325c6a80d,c537c281-b6ad-4842-94ec-e937be0083e5,Tyre wear beyond service limit,"Tread depth is below the service threshold on condition monitoring. Requesting tyre replacement and wheel alignment check.

Vehicle: Komatsu FD30 (COL-FL-140), bay C-020.",closed,high,high,high,mechanical,mechanical,Tire issue reported on Komatsu FD30 (COL-FL-140); mechanical team engaged.,,710e986c-a4dc-4bf7-97a2-7c099f57423d,26786492-bebd-4e3a-8719-4c486f70d604,26786492-bebd-4e3a-8719-4c486f70d604,2024-08-29 08:10:00+00,2024-09-23 16:33:00+00,2024-09-23 16:33:00+00,2024-09-26 07:41:00+00,"{""component"": ""tire"", ""asset_code"": ""LLX-COL-0140"", ""trigger_snapshot"": ""2024-08-10""}",2024-08-29 08:10:00+00,2026-08-10 19:03:05.467947+00
01579f24-a8af-43f5-bfe2-273eb82a8bae,TCK-000675,697b0790-ae5e-43a5-b66c-886fd7047d38,c537c281-b6ad-4842-94ec-e937be0083e5,Uneven tyre wear and vibration at speed,"Driver reports steering vibration at highway speed. Suspect uneven tyre wear; requesting inspection, rotation and alignment.

Vehicle: Isuzu ELF NKR (WP LC-3661), bay F-038.",closed,low,low,low,mechanical,mechanical,Tire issue reported on Isuzu ELF NKR (WP LC-3661); mechanical team engaged.,,cd3fd2fa-00e7-4567-8457-01ddb880b719,3ed87f3f-9d1e-409e-af21-14fee9e9bc14,3ed87f3f-9d1e-409e-af21-14fee9e9bc14,2024-08-30 10:24:00+00,2024-09-17 12:39:00+00,2024-09-17 12:39:00+00,2024-09-20 12:34:00+00,"{""component"": ""tire"", ""asset_code"": ""LLX-COL-0338"", ""trigger_snapshot"": ""2024-08-10""}",2024-08-30 10:24:00+00,2026-08-10 19:03:05.467947+00
6adc901f-26b4-4071-9fa3-52a22fee01cd,TCK-000676,68ff9eab-6d0e-4b6d-b092-a871fb92cd8d,23a10ad6-f2ff-4aab-9878-de0f37f6bbe0,Repeated hard starting in early shift,"Vehicle requires multiple crank attempts at shift start. Battery state of health is degraded on monitoring. Requesting battery and charging system diagnosis.

Vehicle: Toyota HiAce (UP PB-6737), bay A-053.",closed,high,low,high,electrical,electrical,Battery issue reported on Toyota HiAce (UP PB-6737); electrical team engaged.,,d8235aa9-7057-4417-806b-a5d11f823a37,66fa4ed5-e7e7-4664-8c2a-908778ecba02,66fa4ed5-e7e7-4664-8c2a-908778ecba02,2024-09-20 12:29:00+00,2024-10-11 08:51:00+00,2024-10-11 08:51:00+00,2024-10-17 10:01:00+00,"{""component"": ""battery"", ""asset_code"": ""LLX-BDL-0053"", ""trigger_snapshot"": ""2024-09-10""}",2024-09-20 12:29:00+00,2026-08-10 19:03:05.467947+00
e2cc376f-74f5-43af-90aa-1a91c6c0becc,TCK-000677,607c034a-98bd-45db-974d-dc5d96e66f81,8f2b1c74-59d3-4a6e-9b21-7c4e0a5d3f88,Oil pressure warning intermittent,"Intermittent oil pressure warning reported on the instrument cluster. Requesting oil level, filter and sender inspection.

Vehicle: Komatsu FD30 (GLE-FL-084), bay B-024.",closed,medium,medium,medium,mechanical,mechanical,Oil issue reported on Komatsu FD30 (GLE-FL-084); mechanical team engaged.,,041de753-e154-467e-a200-8c55c43576a2,668def89-b35a-453f-8186-ef5ef76662c8,668def89-b35a-453f-8186-ef5ef76662c8,2024-09-29 09:58:00+00,2024-09-30 17:23:00+00,2024-09-30 17:23:00+00,2024-10-05 11:33:00+00,"{""component"": ""oil"", ""asset_code"": ""LLX-GLE-0084"", ""trigger_snapshot"": ""2024-09-10""}",2024-09-29 09:58:00+00,2026-08-10 19:03:05.467947+00
5f8f736f-ba40-419c-b897-27803460e2c5,TCK-000678,47e10112-af29-4a95-bfd6-dfec06d326a8,23a10ad6-f2ff-4aab-9878-de0f37f6bbe0,Brake noise reported during descent,"Squealing and vibration reported under braking on gradient. Requesting brake pad and disc inspection before the vehicle returns to route.

Vehicle: Mitsubishi Canter (UP LD-6802), bay C-010.",resolved,medium,medium,medium,mechanical,mechanical,Brake issue reported on Mitsubishi Canter (UP LD-6802); mechanical team engaged.,,8f013397-f73e-4098-bf86-3cf1055a446a,cf6c56e7-5755-4ee5-801e-f33afde6b249,cf6c56e7-5755-4ee5-801e-f33afde6b249,2025-10-29 06:55:00+00,2025-11-03 16:11:00+00,2025-11-03 16:11:00+00,,"{""component"": ""brake"", ""asset_code"": ""LLX-BDL-0130"", ""trigger_snapshot"": ""2025-10-10""}",2025-10-29 06:55:00+00,2026-08-10 19:03:05.467947+00
d2c5a55a-d5ef-4c17-99b9-0fa52d9f9d40,TCK-000679,a930afaa-d8b4-4e98-b775-d12c44fdfc53,c537c281-b6ad-4842-94ec-e937be0083e5,Hydraulic fluid weeping at cylinder,"Visible weeping at the lift cylinder and reduced hydraulic performance on monitoring. Requesting seal replacement.

Vehicle: Heli CPCD25 (COL-FL-004), bay A-004.",closed,high,high,high,mechanical,mechanical,Hydraulic issue reported on Heli CPCD25 (COL-FL-004); mechanical team engaged.,,6c5f95fe-93a9-459f-988b-b5f6952e7382,0b830550-4175-4716-9d78-9b2d69d25855,0b830550-4175-4716-9d78-9b2d69d25855,2025-10-10 07:13:00+00,2025-10-15 08:48:00+00,2025-10-15 08:48:00+00,2025-10-24 05:22:00+00,"{""component"": ""hydraulic"", ""asset_code"": ""LLX-COL-0004"", ""trigger_snapshot"": ""2025-10-10""}",2025-10-10 07:13:00+00,2026-08-10 19:03:05.467947+00
c978a967-9f85-45ef-87b3-2d75c61dc8e3,TCK-000680,6a7e94ef-3c28-4c7f-8a68-7f13c208d4af,23a10ad6-f2ff-4aab-9878-de0f37f6bbe0,Battery voltage low - charging system check required,"Battery voltage trend is below target and the vehicle is slow to crank in the morning. Electrical team to test battery health, alternator output and earth connections.

Vehicle: Toyota HiAce (UP PB-8173), bay B-021.",closed,medium,medium,medium,software,electrical,Battery issue reported on Toyota HiAce (UP PB-8173); electrical team engaged.,,c5ac0691-9daf-41ec-9af8-8a163bd32f72,b33c4ff9-69b5-4437-9699-63c066d6c353,b33c4ff9-69b5-4437-9699-63c066d6c353,2026-05-19 09:43:00+00,2026-05-30 13:19:00+00,2026-05-30 13:19:00+00,2026-06-05 10:50:00+00,"{""component"": ""battery"", ""asset_code"": ""LLX-BDL-0081"", ""trigger_snapshot"": ""2026-05-10""}",2026-05-19 09:43:00+00,2026-08-10 19:03:05.467947+00
5f087853-063c-4911-916f-578d7f600b92,TCK-000681,564d1eac-a692-4c23-b269-69cfc04b5b9e,c537c281-b6ad-4842-94ec-e937be0083e5,Battery voltage low - charging system check required,"Battery voltage trend is below target and the vehicle is slow to crank in the morning. Electrical team to test battery health, alternator output and earth connections.

Vehicle: Heli CPCD25 (COL-FL-084), bay B-024.",closed,medium,medium,medium,electrical,electrical,Battery issue reported on Heli CPCD25 (COL-FL-084); electrical team engaged.,,fdbcc56a-e2f3-4c32-a12b-3dc71d3ba68b,f1ed49ec-e79c-46e4-82c1-3e63309056fd,f1ed49ec-e79c-46e4-82c1-3e63309056fd,2026-02-17 11:22:00+00,2026-02-28 09:49:00+00,2026-02-28 09:49:00+00,2026-03-06 06:41:00+00,"{""component"": ""battery"", ""asset_code"": ""LLX-COL-0084"", ""trigger_snapshot"": ""2026-02-10""}",2026-02-17 11:22:00+00,2026-08-10 19:03:05.467947+00
aac44c5a-0d33-44cb-bae2-77ab1fd2ae66,TCK-000682,478b9ab5-a367-45c0-ae38-0d5a37855e32,c537c281-b6ad-4842-94ec-e937be0083e5,Brake noise reported during descent,"Squealing and vibration reported under braking on gradient. Requesting brake pad and disc inspection before the vehicle returns to route.

Vehicle: Komatsu FD25 (COL-FL-007), bay A-007.",closed,high,high,high,mechanical,mechanical,Brake issue reported on Komatsu FD25 (COL-FL-007); mechanical team engaged.,,4f70eb8b-a508-4193-b75f-63ac8e236939,65a4c575-56f0-49d7-9887-9a08358fb73c,65a4c575-56f0-49d7-9887-9a08358fb73c,2025-10-14 13:08:00+00,2025-11-07 16:57:00+00,2025-11-07 16:57:00+00,2025-11-10 17:18:00+00,"{""component"": ""brake"", ""asset_code"": ""LLX-COL-0007"", ""trigger_snapshot"": ""2025-10-10""}",2025-10-14 13:08:00+00,2026-08-10 19:03:05.467947+00
40e7df47-bb22-43e3-b5e7-70bbed3806fa,TCK-000683,a42f1b2c-2a6d-4d71-b287-4336dfcf6e96,c537c281-b6ad-4842-94ec-e937be0083e5,Tyre wear beyond service limit,"Tread depth is below the service threshold on condition monitoring. Requesting tyre replacement and wheel alignment check.

Vehicle: Heli CPCD30 (COL-FL-120), bay B-060.",closed,high,medium,high,mechanical,mechanical,Tire issue reported on Heli CPCD30 (COL-FL-120); mechanical team engaged.,,4e687221-2aec-4a3c-b701-5383edc61335,e5c08943-9e02-486b-b8ec-02510a429c07,e5c08943-9e02-486b-b8ec-02510a429c07,2024-09-26 15:28:00+00,2024-10-19 06:22:00+00,2024-10-19 06:22:00+00,2024-10-27 16:39:00+00,"{""component"": ""tire"", ""asset_code"": ""LLX-COL-0120"", ""trigger_snapshot"": ""2024-09-10""}",2024-09-26 15:28:00+00,2026-08-10 19:03:05.467947+00
7dcf3953-b43e-4833-94b9-1fdbfcdecfaa,TCK-000684,4d4e00d7-1c52-40b0-bcb1-afa81a86c9a7,c537c281-b6ad-4842-94ec-e937be0083e5,Oil pressure warning intermittent,"Intermittent oil pressure warning reported on the instrument cluster. Requesting oil level, filter and sender inspection.

Vehicle: Tata Ace (WP LA-7238), bay E-044.",open,high,high,high,mechanical,mechanical,Oil issue reported on Tata Ace (WP LA-7238); mechanical team engaged.,,e056e605-c38d-4ee7-a691-1cf7bbd4a237,adb19ae7-9e2e-4aaa-80b6-076357c54711,,2026-01-20 12:48:00+00,,,,"{""component"": ""oil"", ""asset_code"": ""LLX-COL-0284"", ""trigger_snapshot"": ""2026-01-10""}",2026-01-20 12:48:00+00,2026-08-10 19:03:05.467947+00
0c12aa12-3e2a-4aa9-a1a4-a709681ae92a,TCK-000685,fcb4dcdb-9535-408f-9f42-22ec5fa81b34,c537c281-b6ad-4842-94ec-e937be0083e5,Battery voltage low - charging system check required,"Battery voltage trend is below target and the vehicle is slow to crank in the morning. Electrical team to test battery health, alternator output and earth connections.

Vehicle: Tata T.12 (WP LF-2809), bay G-004.",open,medium,medium,medium,electrical,electrical,Battery issue reported on Tata T.12 (WP LF-2809); electrical team engaged.,,2b90787d-d78e-4453-ad90-ec1567d28856,4004e7eb-3344-4419-9e8c-b6a39833a966,,2026-07-24 14:43:00+00,,,,"{""component"": ""battery"", ""asset_code"": ""LLX-COL-0364"", ""trigger_snapshot"": ""2026-07-10""}",2026-07-24 14:43:00+00,2026-08-10 19:03:05.467947+00
64e265d9-150d-4533-be98-0ed759fd228a,TCK-000686,0a5a0701-3e26-470c-83f1-c3f5d82d35ef,8f2b1c74-59d3-4a6e-9b21-7c4e0a5d3f88,Oil pressure warning intermittent,"Intermittent oil pressure warning reported on the instrument cluster. Requesting oil level, filter and sender inspection.

Vehicle: Mitsubishi Canter (SP LC-6279), bay D-005.",closed,high,high,high,mechanical,mechanical,Oil issue reported on Mitsubishi Canter (SP LC-6279); mechanical team engaged.,,80cda4e5-d297-4af5-9eba-2053c5ba854b,242e349c-5343-4ab9-b488-62509742f4c7,242e349c-5343-4ab9-b488-62509742f4c7,2024-08-10 12:53:00+00,2024-08-18 08:10:00+00,2024-08-18 08:10:00+00,2024-08-24 13:19:00+00,"{""component"": ""oil"", ""asset_code"": ""LLX-GLE-0185"", ""trigger_snapshot"": ""2024-08-10""}",2024-08-10 12:53:00+00,2026-08-10 19:03:05.467947+00
240f2d0c-72a3-4f76-8251-075f8ef5f2ec,TCK-000687,dfb03152-778d-444f-b74c-7b176acbb8f6,c537c281-b6ad-4842-94ec-e937be0083e5,Telematics unit not reporting,"Sensor gateway on this vehicle has stopped publishing readings. Software team to check the telematics unit, SIM connectivity and data pipeline ingestion.

Vehicle: Toyota 8FD25 (COL-FL-043), bay A-043.",resolved,medium,medium,medium,software,software,Telematics issue reported on Toyota 8FD25 (COL-FL-043); software team engaged.,,94c64335-4962-40b1-96fd-53632f8d49a3,00e5d1da-737f-4af2-9618-a843c6ba6bc0,00e5d1da-737f-4af2-9618-a843c6ba6bc0,2025-11-27 11:47:00+00,2025-12-12 11:41:00+00,2025-12-12 11:41:00+00,,"{""component"": ""telematics"", ""asset_code"": ""LLX-COL-0043"", ""trigger_snapshot"": ""2025-11-10""}",2025-11-27 11:47:00+00,2026-08-10 19:03:05.467947+00
f1575f9f-9837-475e-bd36-6376b574986e,TCK-000688,5fe7a88d-f3fc-428a-b901-e00069f9cbb2,8f2b1c74-59d3-4a6e-9b21-7c4e0a5d3f88,Engine oil life exhausted - service overdue,"Oil life monitor has reached the end of its interval. Requesting engine oil and filter service before further dispatch.

Vehicle: Heli CPCD30 (GLE-FL-089), bay B-029.",closed,medium,medium,medium,mechanical,mechanical,Oil issue reported on Heli CPCD30 (GLE-FL-089); mechanical team engaged.,,d9fb7d54-ed53-436a-8034-65f6bac6edac,597c6eba-286e-440e-922e-420efd907fcc,597c6eba-286e-440e-922e-420efd907fcc,2025-05-30 11:48:00+00,2025-05-31 06:38:00+00,2025-05-31 06:38:00+00,2025-06-10 12:35:00+00,"{""component"": ""oil"", ""asset_code"": ""LLX-GLE-0089"", ""trigger_snapshot"": ""2025-05-10""}",2025-05-30 11:48:00+00,2026-08-10 19:03:05.467947+00
252d1777-71e0-4491-a9cf-19a905d10abd,TCK-000689,69bd93cb-aad7-49a1-b2ac-50ff164b0d70,c537c281-b6ad-4842-94ec-e937be0083e5,Repeated hard starting in early shift,"Vehicle requires multiple crank attempts at shift start. Battery state of health is degraded on monitoring. Requesting battery and charging system diagnosis.

Vehicle: Tata Ultra T.7 (WP LC-1989), bay F-029.",resolved,medium,medium,medium,electrical,electrical,Battery issue reported on Tata Ultra T.7 (WP LC-1989); electrical team engaged.,,e2199342-06c7-43be-a8c3-07bc1762f57f,46b65206-6f2c-4777-b6a0-ed9d0d81dc19,46b65206-6f2c-4777-b6a0-ed9d0d81dc19,2026-04-17 10:23:00+00,2026-05-08 09:27:00+00,2026-05-08 09:27:00+00,,"{""component"": ""battery"", ""asset_code"": ""LLX-COL-0329"", ""trigger_snapshot"": ""2026-04-10""}",2026-04-17 10:23:00+00,2026-08-10 19:03:05.467947+00
dc2cd2d8-7bfb-40bd-8bb7-9c29ae9b6bc6,TCK-000690,0edeaa60-51c5-4fd2-85e8-86220e51d259,23a10ad6-f2ff-4aab-9878-de0f37f6bbe0,Uneven tyre wear and vibration at speed,"Driver reports steering vibration at highway speed. Suspect uneven tyre wear; requesting inspection, rotation and alignment.

Vehicle: Heli CPCD25 (BDL-FL-029), bay A-029.",closed,high,high,high,mechanical,mechanical,Tire issue reported on Heli CPCD25 (BDL-FL-029); mechanical team engaged.,,021bc14f-38a3-4558-9229-2dbb6af279d2,c72f23f6-0751-4dfb-aa15-6737a84c61f4,c72f23f6-0751-4dfb-aa15-6737a84c61f4,2025-04-12 05:46:00+00,2025-04-26 17:02:00+00,2025-04-26 17:02:00+00,2025-05-03 07:32:00+00,"{""component"": ""tire"", ""asset_code"": ""LLX-BDL-0029"", ""trigger_snapshot"": ""2025-04-10""}",2025-04-12 05:46:00+00,2026-08-10 19:03:05.467947+00
09c4e794-cb09-47b6-8390-8f45d3a357d5,TCK-000691,f1b56121-64b9-4822-a5ba-80d791f0c625,c537c281-b6ad-4842-94ec-e937be0083e5,Hydraulic fluid weeping at cylinder,"Visible weeping at the lift cylinder and reduced hydraulic performance on monitoring. Requesting seal replacement.

Vehicle: Heli CPCD30 (COL-FL-114), bay B-054.",closed,low,low,low,electrical,mechanical,Hydraulic issue reported on Heli CPCD30 (COL-FL-114); mechanical team engaged.,,87324214-a27c-41dd-bbbe-086ecd938f93,3116c9d0-e74c-4cf3-84ee-8fbb2165d83f,3116c9d0-e74c-4cf3-84ee-8fbb2165d83f,2024-09-19 06:31:00+00,2024-09-27 06:30:00+00,2024-09-27 06:30:00+00,2024-09-28 13:02:00+00,"{""component"": ""hydraulic"", ""asset_code"": ""LLX-COL-0114"", ""trigger_snapshot"": ""2024-09-10""}",2024-09-19 06:31:00+00,2026-08-10 19:03:05.467947+00
1c9c92d6-670c-4415-8da8-78e261a913d0,TCK-000692,d412e05c-2da1-415c-a7b4-54344ce61e18,8f2b1c74-59d3-4a6e-9b21-7c4e0a5d3f88,Tyre wear beyond service limit,"Tread depth is below the service threshold on condition monitoring. Requesting tyre replacement and wheel alignment check.

Vehicle: Toyota HiAce (SP PB-3440), bay B-060.",in_progress,high,high,high,mechanical,mechanical,Tire issue reported on Toyota HiAce (SP PB-3440); mechanical team engaged.,,c691dcc5-f3db-4375-96dc-1d55b8a8bee1,242e349c-5343-4ab9-b488-62509742f4c7,,2026-05-14 07:41:00+00,,,,"{""component"": ""tire"", ""asset_code"": ""LLX-GLE-0120"", ""trigger_snapshot"": ""2026-05-10""}",2026-05-14 07:41:00+00,2026-08-10 19:03:05.467947+00
6fcf755c-fed5-485e-ba01-101ebd24e2a2,TCK-000693,03e93c63-f6f0-4f60-9d90-a5201adbb5f5,8f2b1c74-59d3-4a6e-9b21-7c4e0a5d3f88,Oil pressure warning intermittent,"Intermittent oil pressure warning reported on the instrument cluster. Requesting oil level, filter and sender inspection.

Vehicle: Heli CPCD30 (GLE-FL-091), bay B-031.",closed,high,high,high,mechanical,mechanical,Oil issue reported on Heli CPCD30 (GLE-FL-091); mechanical team engaged.,,2f32866b-2708-469a-a85f-e12f010d4607,66cb2aca-9bcf-48c3-b8bf-8e61319ccfcf,66cb2aca-9bcf-48c3-b8bf-8e61319ccfcf,2026-04-23 09:48:00+00,2026-05-04 16:25:00+00,2026-05-04 16:25:00+00,2026-05-13 06:23:00+00,"{""component"": ""oil"", ""asset_code"": ""LLX-GLE-0091"", ""trigger_snapshot"": ""2026-04-10""}",2026-04-23 09:48:00+00,2026-08-10 19:03:05.467947+00
8706f25c-60b6-43a3-841f-ba3530b845a7,TCK-000694,585d8f6e-c62d-465d-b736-1eac8460a2aa,8f2b1c74-59d3-4a6e-9b21-7c4e0a5d3f88,Brake noise reported during descent,"Squealing and vibration reported under braking on gradient. Requesting brake pad and disc inspection before the vehicle returns to route.

Vehicle: Heli CPCD30 (GLE-FL-070), bay B-010.",closed,low,low,low,mechanical,mechanical,Brake issue reported on Heli CPCD30 (GLE-FL-070); mechanical team engaged.,,268c1408-1f5a-4d5e-9b2c-0b5df558eda6,ac56c0dc-f5dc-458e-ad2c-545b392395a3,ac56c0dc-f5dc-458e-ad2c-545b392395a3,2026-01-26 11:59:00+00,2026-02-07 05:02:00+00,2026-02-07 05:02:00+00,2026-02-17 15:06:00+00,"{""component"": ""brake"", ""asset_code"": ""LLX-GLE-0070"", ""trigger_snapshot"": ""2026-01-10""}",2026-01-26 11:59:00+00,2026-08-10 19:03:05.467947+00
2de0d200-20ee-49f0-aa88-273f8103dce9,TCK-000695,93dbd4d3-6b7e-4cb5-8592-a060511a8983,c537c281-b6ad-4842-94ec-e937be0083e5,Oil pressure warning intermittent,"Intermittent oil pressure warning reported on the instrument cluster. Requesting oil level, filter and sender inspection.

Vehicle: Toyota HiAce (WP PD-2608), bay D-027.",open,high,low,high,mechanical,mechanical,Oil issue reported on Toyota HiAce (WP PD-2608); mechanical team engaged.,,cd3fd2fa-00e7-4567-8457-01ddb880b719,829a4aba-bfc5-46a7-beff-bf556004d109,,2026-07-13 10:30:00+00,,,,"{""component"": ""oil"", ""asset_code"": ""LLX-COL-0207"", ""trigger_snapshot"": ""2026-07-10""}",2026-07-13 10:30:00+00,2026-08-10 19:03:05.467947+00
b8c85397-8445-4141-a84f-1f124769f9cb,TCK-000696,59413e92-d45b-4464-a339-cb9dd79bb83e,23a10ad6-f2ff-4aab-9878-de0f37f6bbe0,Engine oil life exhausted - service overdue,"Oil life monitor has reached the end of its interval. Requesting engine oil and filter service before further dispatch.

Vehicle: Toyota 8FD30 (BDL-FL-038), bay A-038.",closed,low,low,low,mechanical,mechanical,Oil issue reported on Toyota 8FD30 (BDL-FL-038); mechanical team engaged.,,960e7df1-3079-4aab-812d-cf90bb2b019e,95bebbd4-1cfc-4de5-93a8-7a5467a0616c,95bebbd4-1cfc-4de5-93a8-7a5467a0616c,2025-09-18 14:35:00+00,2025-10-01 15:53:00+00,2025-10-01 15:53:00+00,2025-10-11 12:09:00+00,"{""component"": ""oil"", ""asset_code"": ""LLX-BDL-0038"", ""trigger_snapshot"": ""2025-09-10""}",2025-09-18 14:35:00+00,2026-08-10 19:03:05.467947+00
db119ef9-1ffd-4d00-9ab0-d71ee23fd401,TCK-000697,5bf0030f-e943-425d-ab4d-33e825a51781,8f2b1c74-59d3-4a6e-9b21-7c4e0a5d3f88,Tyre wear beyond service limit,"Tread depth is below the service threshold on condition monitoring. Requesting tyre replacement and wheel alignment check.

Vehicle: Toyota HiAce (SP PD-3722), bay C-001.",resolved,high,high,high,mechanical,mechanical,Tire issue reported on Toyota HiAce (SP PD-3722); mechanical team engaged.,,2b62c6da-6e5b-43a7-a301-ddb17784d56b,9580e2d6-e004-4873-9ea1-5e63bb707d70,9580e2d6-e004-4873-9ea1-5e63bb707d70,2025-08-19 16:43:00+00,2025-08-26 11:53:00+00,2025-08-26 11:53:00+00,,"{""component"": ""tire"", ""asset_code"": ""LLX-GLE-0121"", ""trigger_snapshot"": ""2025-08-10""}",2025-08-19 16:43:00+00,2026-08-10 19:03:05.467947+00
349f7912-5a09-462c-90f7-b742c5551219,TCK-000698,5ce85f8b-3bfc-49e7-acc4-d01d30943995,23a10ad6-f2ff-4aab-9878-de0f37f6bbe0,Tyre wear beyond service limit,"Tread depth is below the service threshold on condition monitoring. Requesting tyre replacement and wheel alignment check.

Vehicle: Tata Ultra T.7 (UP LC-7562), bay C-028.",closed,medium,medium,medium,software,mechanical,Tire issue reported on Tata Ultra T.7 (UP LC-7562); mechanical team engaged.,,201810ef-10d6-4664-9bf3-c78ad722a6de,149c1f7c-7257-4a93-8b26-45cae3ef4432,149c1f7c-7257-4a93-8b26-45cae3ef4432,2025-12-24 14:49:00+00,2026-01-06 17:01:00+00,2026-01-06 17:01:00+00,2026-01-15 11:36:00+00,"{""component"": ""tire"", ""asset_code"": ""LLX-BDL-0148"", ""trigger_snapshot"": ""2025-12-10""}",2025-12-24 14:49:00+00,2026-08-10 19:03:05.467947+00
64b7bb69-0f4f-4cdd-bb31-0a0a1e4960a2,TCK-000699,1bd8edc5-344b-4fd8-8964-5d4256db17a3,8f2b1c74-59d3-4a6e-9b21-7c4e0a5d3f88,Tyre wear beyond service limit,"Tread depth is below the service threshold on condition monitoring. Requesting tyre replacement and wheel alignment check.

Vehicle: Tata Ace (SP LA-9839), bay C-045.",open,medium,medium,medium,mechanical,mechanical,Tire issue reported on Tata Ace (SP LA-9839); mechanical team engaged.,,397e1e00-170b-4c0a-a77a-5f5cc3c7646c,4212a9e1-e03c-4ea2-9d8c-c180b703b99a,,2025-11-23 05:35:00+00,,,,"{""component"": ""tire"", ""asset_code"": ""LLX-GLE-0165"", ""trigger_snapshot"": ""2025-11-10""}",2025-11-23 05:35:00+00,2026-08-10 19:03:05.467947+00
3b1b5ae0-d8f4-4061-85ca-5f7e97889101,TCK-000700,1f71a3be-447e-4e46-818c-4df2a35836be,c537c281-b6ad-4842-94ec-e937be0083e5,Telematics unit not reporting,"Sensor gateway on this vehicle has stopped publishing readings. Software team to check the telematics unit, SIM connectivity and data pipeline ingestion.

Vehicle: Komatsu FD25 (COL-FL-016), bay A-016.",open,low,low,low,software,software,Telematics issue reported on Komatsu FD25 (COL-FL-016); software team engaged.,,6532dc92-9619-4507-ad90-cca4fc22e5aa,e18b9597-e19d-4125-87b3-e16052485871,,2025-03-30 07:10:00+00,,,,"{""component"": ""telematics"", ""asset_code"": ""LLX-COL-0016"", ""trigger_snapshot"": ""2025-03-10""}",2025-03-30 07:10:00+00,2026-08-10 19:03:05.467947+00
9b4c0265-c33d-4d49-b98d-7e152aa88bfe,TCK-000701,4266e39a-2dae-4e2a-be4b-b2df329d3fca,c537c281-b6ad-4842-94ec-e937be0083e5,Battery voltage low - charging system check required,"Battery voltage trend is below target and the vehicle is slow to crank in the morning. Electrical team to test battery health, alternator output and earth connections.

Vehicle: Komatsu FD25 (COL-FL-027), bay A-027.",closed,medium,medium,medium,electrical,electrical,Battery issue reported on Komatsu FD25 (COL-FL-027); electrical team engaged.,,038749c2-de84-4c52-8f72-8637d74e9c08,233aac45-07b9-46b4-af83-c4c76f181669,233aac45-07b9-46b4-af83-c4c76f181669,2025-12-25 08:47:00+00,2026-01-07 14:41:00+00,2026-01-07 14:41:00+00,2026-01-11 05:43:00+00,"{""component"": ""battery"", ""asset_code"": ""LLX-COL-0027"", ""trigger_snapshot"": ""2025-12-10""}",2025-12-25 08:47:00+00,2026-08-10 19:03:05.467947+00
663246ac-ce95-4cac-8073-07b144f3f036,TCK-000702,62e8cfbe-8709-4f64-9913-1332946fa0cb,c537c281-b6ad-4842-94ec-e937be0083e5,Tyre wear beyond service limit,"Tread depth is below the service threshold on condition monitoring. Requesting tyre replacement and wheel alignment check.

Vehicle: Isuzu FVR (WP LE-4878), bay G-008.",closed,medium,medium,medium,mechanical,mechanical,Tire issue reported on Isuzu FVR (WP LE-4878); mechanical team engaged.,,bc386f1f-6069-48e1-bf31-dca443044b19,1ad7ccbc-6809-4f96-83f4-c7636a2a4728,1ad7ccbc-6809-4f96-83f4-c7636a2a4728,2024-11-26 08:42:00+00,2024-12-03 13:31:00+00,2024-12-03 13:31:00+00,2024-12-04 12:03:00+00,"{""component"": ""tire"", ""asset_code"": ""LLX-COL-0368"", ""trigger_snapshot"": ""2024-11-10""}",2024-11-26 08:42:00+00,2026-08-10 19:03:05.467947+00
921ae5e2-0b48-4508-9e0b-2b4a380a487d,TCK-000703,ab2a010b-8a4a-4c82-a014-59e85bac21a7,c537c281-b6ad-4842-94ec-e937be0083e5,Uneven tyre wear and vibration at speed,"Driver reports steering vibration at highway speed. Suspect uneven tyre wear; requesting inspection, rotation and alignment.

Vehicle: Heli CPCD30 (COL-FL-106), bay B-046.",resolved,low,low,low,mechanical,mechanical,Tire issue reported on Heli CPCD30 (COL-FL-106); mechanical team engaged.,,2ab7dd10-22eb-4e3b-98d0-cd8a2d4391a8,65403423-49cb-46e5-8f5f-eb8802feb133,65403423-49cb-46e5-8f5f-eb8802feb133,2025-03-30 09:50:00+00,2025-04-23 14:50:00+00,2025-04-23 14:50:00+00,,"{""component"": ""tire"", ""asset_code"": ""LLX-COL-0106"", ""trigger_snapshot"": ""2025-03-10""}",2025-03-30 09:50:00+00,2026-08-10 19:03:05.467947+00
178e3b54-5fba-4fe2-afc4-beb6bcad3f93,TCK-000704,536f5cc9-3d00-4005-a09b-62a6e6fbc226,23a10ad6-f2ff-4aab-9878-de0f37f6bbe0,Hydraulic fluid weeping at cylinder,"Visible weeping at the lift cylinder and reduced hydraulic performance on monitoring. Requesting seal replacement.

Vehicle: Isuzu FVR (UP LF-3940), bay D-005.",resolved,low,low,low,mechanical,mechanical,Hydraulic issue reported on Isuzu FVR (UP LF-3940); mechanical team engaged.,,15b87d03-89b9-407f-abbf-8dc82d73f93f,59064e3f-1d1e-4817-8491-724ae8d85add,59064e3f-1d1e-4817-8491-724ae8d85add,2025-02-12 13:44:00+00,2025-03-05 07:16:00+00,2025-03-05 07:16:00+00,,"{""component"": ""hydraulic"", ""asset_code"": ""LLX-BDL-0185"", ""trigger_snapshot"": ""2025-02-10""}",2025-02-12 13:44:00+00,2026-08-10 19:03:05.467947+00
cb17cfbb-5e3f-4bc2-8179-f32edd1fc257,TCK-000705,478b9ab5-a367-45c0-ae38-0d5a37855e32,c537c281-b6ad-4842-94ec-e937be0083e5,Brake performance degraded - inspection required,"Driver reports longer stopping distance and reduced pedal firmness. Brake wear indicator is low on condition monitoring. Mechanical team to inspect pads, discs and brake fluid.

Vehicle: Komatsu FD25 (COL-FL-007), bay A-007.",closed,high,high,high,electrical,mechanical,Brake issue reported on Komatsu FD25 (COL-FL-007); mechanical team engaged.,,2de8e8a2-03a6-4d8e-93d9-4b8309004f45,6d8966a8-2474-4d35-9fd9-7bb3b648f6fd,6d8966a8-2474-4d35-9fd9-7bb3b648f6fd,2026-02-17 12:55:00+00,2026-03-07 06:28:00+00,2026-03-07 06:28:00+00,2026-03-08 06:57:00+00,"{""component"": ""brake"", ""asset_code"": ""LLX-COL-0007"", ""trigger_snapshot"": ""2026-02-10""}",2026-02-17 12:55:00+00,2026-08-10 19:03:05.467947+00
d63cf6f7-ba89-4023-a85e-c370e651c2f1,TCK-000706,183d2b1d-08f1-4d98-b599-36570c4a1c40,8f2b1c74-59d3-4a6e-9b21-7c4e0a5d3f88,Brake performance degraded - inspection required,"Driver reports longer stopping distance and reduced pedal firmness. Brake wear indicator is low on condition monitoring. Mechanical team to inspect pads, discs and brake fluid.

Vehicle: Nissan Caravan (SP PE-4394), bay C-006.",closed,high,high,high,mechanical,mechanical,Brake issue reported on Nissan Caravan (SP PE-4394); mechanical team engaged.,,9aee6ad3-243e-4da8-aa52-4050a6fa56f0,ac56c0dc-f5dc-458e-ad2c-545b392395a3,ac56c0dc-f5dc-458e-ad2c-545b392395a3,2026-02-14 05:01:00+00,2026-03-10 10:03:00+00,2026-03-10 10:03:00+00,2026-03-12 11:46:00+00,"{""component"": ""brake"", ""asset_code"": ""LLX-GLE-0126"", ""trigger_snapshot"": ""2026-02-10""}",2026-02-14 05:01:00+00,2026-08-10 19:03:05.467947+00
d072ab62-3d2b-4935-8d9b-6b7220e63342,TCK-000707,5870cc13-21cb-4351-aa76-bb94e21946e0,c537c281-b6ad-4842-94ec-e937be0083e5,Telematics unit not reporting,"Sensor gateway on this vehicle has stopped publishing readings. Software team to check the telematics unit, SIM connectivity and data pipeline ingestion.

Vehicle: Piaggio Porter (WP LA-2788), bay D-059.",in_progress,medium,medium,medium,software,software,Telematics issue reported on Piaggio Porter (WP LA-2788); software team engaged.,,5b0a7bbc-d700-4f4e-8c59-d5f0c07f3ac0,5b4b300b-3f2b-4fb0-bc62-3eae56605668,,2026-07-14 16:05:00+00,,,,"{""component"": ""telematics"", ""asset_code"": ""LLX-COL-0239"", ""trigger_snapshot"": ""2026-07-10""}",2026-07-14 16:05:00+00,2026-08-10 19:03:05.467947+00
8a6870bd-ba7b-413e-9fa8-c7f7ce2a7e07,TCK-000708,260753c6-c455-4d0f-bc45-cb6e700f7372,c537c281-b6ad-4842-94ec-e937be0083e5,Uneven tyre wear and vibration at speed,"Driver reports steering vibration at highway speed. Suspect uneven tyre wear; requesting inspection, rotation and alignment.

Vehicle: Heli CPCD30 (COL-FL-110), bay B-050.",closed,medium,medium,medium,mechanical,mechanical,Tire issue reported on Heli CPCD30 (COL-FL-110); mechanical team engaged.,,c7c01cc4-ac80-41d8-957a-a2195736cacf,92ed4de4-9c5c-4d11-a52f-9653a34addec,92ed4de4-9c5c-4d11-a52f-9653a34addec,2025-04-12 07:46:00+00,2025-05-05 15:47:00+00,2025-05-05 15:47:00+00,2025-05-15 10:19:00+00,"{""component"": ""tire"", ""asset_code"": ""LLX-COL-0110"", ""trigger_snapshot"": ""2025-04-10""}",2025-04-12 07:46:00+00,2026-08-10 19:03:05.467947+00
1523ee14-c043-49c3-a536-4532bb6f177b,TCK-000709,aafc932e-4a9b-436d-80db-e5202aece48f,23a10ad6-f2ff-4aab-9878-de0f37f6bbe0,Engine oil life exhausted - service overdue,"Oil life monitor has reached the end of its interval. Requesting engine oil and filter service before further dispatch.

Vehicle: Mahindra Bolero Pickup (UP LA-9522), bay B-060.",open,high,high,high,mechanical,mechanical,Oil issue reported on Mahindra Bolero Pickup (UP LA-9522); mechanical team engaged.,,9b3bff38-da7d-4ad0-8bf0-efdd03c2c0f8,832b089f-ff95-441d-a9ca-716951d24f37,,2026-07-19 12:35:00+00,,,,"{""component"": ""oil"", ""asset_code"": ""LLX-BDL-0120"", ""trigger_snapshot"": ""2026-07-10""}",2026-07-19 12:35:00+00,2026-08-10 19:03:05.467947+00
c1a01168-7d38-4c92-8681-aad63dab96f5,TCK-000710,50161312-256f-44a3-85ad-9191f026bff0,c537c281-b6ad-4842-94ec-e937be0083e5,Brake noise reported during descent,"Squealing and vibration reported under braking on gradient. Requesting brake pad and disc inspection before the vehicle returns to route.

Vehicle: Toyota 8FD25 (COL-FL-065), bay B-005.",closed,medium,medium,medium,mechanical,mechanical,Brake issue reported on Toyota 8FD25 (COL-FL-065); mechanical team engaged.,,2c594e9c-83b2-4d2e-91b9-33fa6a6bc81e,1eec88aa-d888-4b75-ab3e-84365df4210c,1eec88aa-d888-4b75-ab3e-84365df4210c,2025-06-12 05:53:00+00,2025-07-07 10:43:00+00,2025-07-07 10:43:00+00,2025-07-16 06:13:00+00,"{""component"": ""brake"", ""asset_code"": ""LLX-COL-0065"", ""trigger_snapshot"": ""2025-06-10""}",2025-06-12 05:53:00+00,2026-08-10 19:03:05.467947+00
a805ab0f-b3f8-45ca-968e-52fc99b3c117,TCK-000711,80ec2c2d-6e0d-453f-b3d9-b19f3bdc5c14,c537c281-b6ad-4842-94ec-e937be0083e5,Engine oil life exhausted - service overdue,"Oil life monitor has reached the end of its interval. Requesting engine oil and filter service before further dispatch.

Vehicle: Mitsubishi Fuso Fighter (WP LF-8848), bay G-025.",open,medium,medium,medium,mechanical,mechanical,Oil issue reported on Mitsubishi Fuso Fighter (WP LF-8848); mechanical team engaged.,,6304e580-0502-491d-80c1-fcd084bbbd24,b958f053-fb9d-4b81-9996-c7ca66269f1c,,2026-07-16 08:09:00+00,,,,"{""component"": ""oil"", ""asset_code"": ""LLX-COL-0385"", ""trigger_snapshot"": ""2026-07-10""}",2026-07-16 08:09:00+00,2026-08-10 19:03:05.467947+00
3c0c4ba7-840b-4e0d-ac2f-ba78111929e5,TCK-000712,81282175-0fe3-4eaa-b9eb-8a7032257156,c537c281-b6ad-4842-94ec-e937be0083e5,Battery voltage low - charging system check required,"Battery voltage trend is below target and the vehicle is slow to crank in the morning. Electrical team to test battery health, alternator output and earth connections.

Vehicle: Komatsu FD25 (COL-FL-002), bay A-002.",open,medium,medium,medium,electrical,electrical,Battery issue reported on Komatsu FD25 (COL-FL-002); electrical team engaged.,,4f5e2568-47ac-4138-880e-565d631691d0,233aac45-07b9-46b4-af83-c4c76f181669,,2025-02-26 13:20:00+00,,,,"{""component"": ""battery"", ""asset_code"": ""LLX-COL-0002"", ""trigger_snapshot"": ""2025-02-10""}",2025-02-26 13:20:00+00,2026-08-10 19:03:05.467947+00
b4cee3aa-0102-4a78-9d37-7a3bb7a45ec1,TCK-000713,92c0b41e-51fd-4f18-be86-0367ac6d1573,8f2b1c74-59d3-4a6e-9b21-7c4e0a5d3f88,Hydraulic fluid weeping at cylinder,"Visible weeping at the lift cylinder and reduced hydraulic performance on monitoring. Requesting seal replacement.

Vehicle: Piaggio Porter (SP LB-6206), bay C-022.",closed,medium,medium,medium,software,mechanical,Hydraulic issue reported on Piaggio Porter (SP LB-6206); mechanical team engaged.,,d9fb7d54-ed53-436a-8034-65f6bac6edac,90850f19-81e7-4b88-ba8f-72ef0e0578fa,90850f19-81e7-4b88-ba8f-72ef0e0578fa,2025-03-13 15:28:00+00,2025-03-25 13:55:00+00,2025-03-25 13:55:00+00,2025-03-31 17:06:00+00,"{""component"": ""hydraulic"", ""asset_code"": ""LLX-GLE-0142"", ""trigger_snapshot"": ""2025-03-10""}",2025-03-13 15:28:00+00,2026-08-10 19:03:05.467947+00
4d73cbe3-6705-43e0-83ef-5a33af8b983b,TCK-000714,fc622b90-48ae-4db8-9c60-8d7e16ed3cb7,23a10ad6-f2ff-4aab-9878-de0f37f6bbe0,Hydraulic lift slow to respond,"Forklift mast raises slowly under load and drifts down when held. Requesting hydraulic fluid, seal and pump inspection.

Vehicle: Mitsubishi Fuso Fighter (UP LE-7674), bay D-011.",open,medium,medium,medium,mechanical,mechanical,Hydraulic issue reported on Mitsubishi Fuso Fighter (UP LE-7674); mechanical team engaged.,,7c77d83d-f5f7-475a-b677-e449366d04f9,2e1b0afe-0496-4426-b986-9eee617c68c8,,2025-06-16 10:06:00+00,,,,"{""component"": ""hydraulic"", ""asset_code"": ""LLX-BDL-0191"", ""trigger_snapshot"": ""2025-06-10""}",2025-06-16 10:06:00+00,2026-08-10 19:03:05.467947+00
372e1c39-0914-4b50-9066-905bb0f0e018,TCK-000715,977f8293-d233-4cef-88b8-2c492678a393,8f2b1c74-59d3-4a6e-9b21-7c4e0a5d3f88,Telematics unit not reporting,"Sensor gateway on this vehicle has stopped publishing readings. Software team to check the telematics unit, SIM connectivity and data pipeline ingestion.

Vehicle: Tata T.12 (SP LF-7046), bay D-060.",in_progress,medium,medium,medium,software,software,Telematics issue reported on Tata T.12 (SP LF-7046); software team engaged.,,eaf27d88-2c7f-46ad-9184-8ac42c34bbbe,4fb48d89-3d11-4b1c-b34a-fc8824c4d74a,,2026-06-10 12:30:00+00,,,,"{""component"": ""telematics"", ""asset_code"": ""LLX-GLE-0240"", ""trigger_snapshot"": ""2026-06-10""}",2026-06-10 12:30:00+00,2026-08-10 19:03:05.467947+00
bcbd92c6-0497-4827-b3b8-fd8953850aa7,TCK-000716,ed8fdfbf-2b93-47c2-8cee-5d111aaa9bb7,8f2b1c74-59d3-4a6e-9b21-7c4e0a5d3f88,Engine oil life exhausted - service overdue,"Oil life monitor has reached the end of its interval. Requesting engine oil and filter service before further dispatch.

Vehicle: KDH Van (SP PD-1139), bay C-004.",closed,medium,medium,medium,mechanical,mechanical,Oil issue reported on KDH Van (SP PD-1139); mechanical team engaged.,,ec42ef12-9929-4b5d-b07f-dac5819cba78,53237578-eb53-4fa0-b5df-9eb5c4ba96f4,53237578-eb53-4fa0-b5df-9eb5c4ba96f4,2025-04-23 17:10:00+00,2025-05-02 10:51:00+00,2025-05-02 10:51:00+00,2025-05-11 07:13:00+00,"{""component"": ""oil"", ""asset_code"": ""LLX-GLE-0124"", ""trigger_snapshot"": ""2025-04-10""}",2025-04-23 17:10:00+00,2026-08-10 19:03:05.467947+00
60205b19-01f5-4c59-a88a-14c46f8852e9,TCK-000717,a183c839-0612-4173-a219-025091dd95b0,8f2b1c74-59d3-4a6e-9b21-7c4e0a5d3f88,Oil pressure warning intermittent,"Intermittent oil pressure warning reported on the instrument cluster. Requesting oil level, filter and sender inspection.

Vehicle: Isuzu FVR (SP LF-9085), bay D-047.",closed,medium,medium,medium,mechanical,mechanical,Oil issue reported on Isuzu FVR (SP LF-9085); mechanical team engaged.,,d6c63075-f2b1-42b2-88ea-62b7db930b1d,4212a9e1-e03c-4ea2-9d8c-c180b703b99a,4212a9e1-e03c-4ea2-9d8c-c180b703b99a,2024-11-22 13:52:00+00,2024-12-06 08:31:00+00,2024-12-06 08:31:00+00,2024-12-07 08:50:00+00,"{""component"": ""oil"", ""asset_code"": ""LLX-GLE-0227"", ""trigger_snapshot"": ""2024-11-10""}",2024-11-22 13:52:00+00,2026-08-10 19:03:05.467947+00
42a89438-46ea-4d55-a34e-3d342dc6cd72,TCK-000718,11fd8f8e-2153-47ad-a93a-dc8c41c3b5b9,8f2b1c74-59d3-4a6e-9b21-7c4e0a5d3f88,Oil pressure warning intermittent,"Intermittent oil pressure warning reported on the instrument cluster. Requesting oil level, filter and sender inspection.

Vehicle: Toyota HiAce (SP PB-5608), bay B-039.",closed,low,low,low,mechanical,mechanical,Oil issue reported on Toyota HiAce (SP PB-5608); mechanical team engaged.,,cab74599-3095-4857-9062-1ed17548d72b,e20935a5-5128-4f38-92b2-23e2cc66c4ed,e20935a5-5128-4f38-92b2-23e2cc66c4ed,2025-10-12 16:52:00+00,2025-10-26 06:28:00+00,2025-10-26 06:28:00+00,2025-10-31 15:43:00+00,"{""component"": ""oil"", ""asset_code"": ""LLX-GLE-0099"", ""trigger_snapshot"": ""2025-10-10""}",2025-10-12 16:52:00+00,2026-08-10 19:03:05.467947+00
38e81d1b-64d0-45db-8012-4cb1e2335e17,TCK-000719,765c4ae6-ddf0-4b5b-868e-dc64b71a8adc,c537c281-b6ad-4842-94ec-e937be0083e5,Oil pressure warning intermittent,"Intermittent oil pressure warning reported on the instrument cluster. Requesting oil level, filter and sender inspection.

Vehicle: Piaggio Porter (WP LB-2953), bay E-050.",resolved,low,low,low,mechanical,mechanical,Oil issue reported on Piaggio Porter (WP LB-2953); mechanical team engaged.,,cde090c3-e7e9-459d-b4f7-64df6f80e8a6,3ed87f3f-9d1e-409e-af21-14fee9e9bc14,3ed87f3f-9d1e-409e-af21-14fee9e9bc14,2026-08-07 14:57:00+00,2026-08-10 12:52:00+00,2026-08-10 12:52:00+00,,"{""component"": ""oil"", ""asset_code"": ""LLX-COL-0290"", ""trigger_snapshot"": ""2026-08-10""}",2026-08-07 14:57:00+00,2026-08-10 19:03:05.467947+00
4c1effc2-9df1-45c9-b26d-40b33e7dfe93,TCK-000720,d7f1a79c-ceff-4e6f-a075-13e86a3465d8,c537c281-b6ad-4842-94ec-e937be0083e5,Tyre wear beyond service limit,"Tread depth is below the service threshold on condition monitoring. Requesting tyre replacement and wheel alignment check.

Vehicle: Mitsubishi Canter (WP LC-2921), bay E-059.",open,low,low,low,mechanical,mechanical,Tire issue reported on Mitsubishi Canter (WP LC-2921); mechanical team engaged.,,4d5202db-cfac-4bb3-93a3-0fd9740a7bab,1ad7ccbc-6809-4f96-83f4-c7636a2a4728,,2024-12-14 07:11:00+00,,,,"{""component"": ""tire"", ""asset_code"": ""LLX-COL-0299"", ""trigger_snapshot"": ""2024-12-10""}",2024-12-14 07:11:00+00,2026-08-10 19:03:05.467947+00
217780d0-aca2-45c1-99ed-aa468e7b3ee0,TCK-000721,b2cae884-d7e7-44d3-b595-b26ada43ce67,c537c281-b6ad-4842-94ec-e937be0083e5,Oil pressure warning intermittent,"Intermittent oil pressure warning reported on the instrument cluster. Requesting oil level, filter and sender inspection.

Vehicle: Toyota HiAce (WP PC-3715), bay D-044.",resolved,high,high,high,mechanical,mechanical,Oil issue reported on Toyota HiAce (WP PC-3715); mechanical team engaged.,,6ab1fa28-105a-4e64-86b5-50fe38b7933d,3ed87f3f-9d1e-409e-af21-14fee9e9bc14,3ed87f3f-9d1e-409e-af21-14fee9e9bc14,2025-11-12 06:49:00+00,2025-11-19 09:09:00+00,2025-11-19 09:09:00+00,,"{""component"": ""oil"", ""asset_code"": ""LLX-COL-0224"", ""trigger_snapshot"": ""2025-11-10""}",2025-11-12 06:49:00+00,2026-08-10 19:03:05.467947+00
466db54b-c989-483f-b94e-93986f1dacdf,TCK-000722,a838d374-572b-40c4-b331-560dfc970553,c537c281-b6ad-4842-94ec-e937be0083e5,Fault codes not clearing after service,"Active fault codes remain present on the dashboard after the workshop reset. Requesting diagnostic tool session and ECU log review.

Vehicle: Mahindra Bolero Pickup (WP LA-6255), bay E-025.",resolved,medium,medium,medium,software,software,Telematics issue reported on Mahindra Bolero Pickup (WP LA-6255); software team engaged.,,7c2c14c1-404b-480e-b7d2-fe6a9487024e,45e88c26-b5d7-4353-ad6a-6acd15416a21,45e88c26-b5d7-4353-ad6a-6acd15416a21,2025-11-11 15:30:00+00,2025-11-29 13:42:00+00,2025-11-29 13:42:00+00,,"{""component"": ""telematics"", ""asset_code"": ""LLX-COL-0265"", ""trigger_snapshot"": ""2025-11-10""}",2025-11-11 15:30:00+00,2026-08-10 19:03:05.467947+00
838d56b6-1bc6-45c8-92a7-fc626303c4c3,TCK-000723,812d8556-22ff-467c-babd-9f99de282b74,23a10ad6-f2ff-4aab-9878-de0f37f6bbe0,Tyre wear beyond service limit,"Tread depth is below the service threshold on condition monitoring. Requesting tyre replacement and wheel alignment check.

Vehicle: Tata Ultra T.7 (UP LC-5439), bay C-042.",closed,high,high,high,mechanical,mechanical,Tire issue reported on Tata Ultra T.7 (UP LC-5439); mechanical team engaged.,,e15a11ed-4e40-4f3c-8011-cbb4911d7069,2e1b0afe-0496-4426-b986-9eee617c68c8,2e1b0afe-0496-4426-b986-9eee617c68c8,2025-03-01 09:34:00+00,2025-03-09 09:12:00+00,2025-03-09 09:12:00+00,2025-03-19 06:32:00+00,"{""component"": ""tire"", ""asset_code"": ""LLX-BDL-0162"", ""trigger_snapshot"": ""2025-02-10""}",2025-03-01 09:34:00+00,2026-08-10 19:03:05.467947+00
f0e6e04a-bd76-42ec-b079-e5f4f50720ab,TCK-000724,ade73aa5-abb3-42a0-81da-be1c7107ab2f,23a10ad6-f2ff-4aab-9878-de0f37f6bbe0,Telematics unit not reporting,"Sensor gateway on this vehicle has stopped publishing readings. Software team to check the telematics unit, SIM connectivity and data pipeline ingestion.

Vehicle: Tata Ace (UP LA-3207), bay B-037.",resolved,medium,medium,medium,software,software,Telematics issue reported on Tata Ace (UP LA-3207); software team engaged.,,059e5a21-9aa0-47b0-95c8-497b4f42c904,32f7d1c4-7b8c-461e-bc5f-f5d2eae53e3a,32f7d1c4-7b8c-461e-bc5f-f5d2eae53e3a,2025-11-13 14:11:00+00,2025-11-24 11:07:00+00,2025-11-24 11:07:00+00,,"{""component"": ""telematics"", ""asset_code"": ""LLX-BDL-0097"", ""trigger_snapshot"": ""2025-11-10""}",2025-11-13 14:11:00+00,2026-08-10 19:03:05.467947+00
80ffc79d-0312-42ac-8c45-ab567506228d,TCK-000725,38f9b400-7309-42a7-aa0b-6844f1806006,23a10ad6-f2ff-4aab-9878-de0f37f6bbe0,Hydraulic lift slow to respond,"Forklift mast raises slowly under load and drifts down when held. Requesting hydraulic fluid, seal and pump inspection.

Vehicle: Piaggio Porter (UP LA-2409), bay C-004.",closed,high,high,high,mechanical,mechanical,Hydraulic issue reported on Piaggio Porter (UP LA-2409); mechanical team engaged.,,d8294427-340a-4c8e-ae90-c5de2eded6d4,9b2ae800-e7f5-4450-a102-90626d114204,9b2ae800-e7f5-4450-a102-90626d114204,2026-02-16 15:46:00+00,2026-03-11 12:33:00+00,2026-03-11 12:33:00+00,2026-03-16 10:22:00+00,"{""component"": ""hydraulic"", ""asset_code"": ""LLX-BDL-0124"", ""trigger_snapshot"": ""2026-02-10""}",2026-02-16 15:46:00+00,2026-08-10 19:03:05.467947+00
eb7ada98-317e-45eb-b8bb-653fd8ca6b7d,TCK-000726,59413e92-d45b-4464-a339-cb9dd79bb83e,23a10ad6-f2ff-4aab-9878-de0f37f6bbe0,Hydraulic lift slow to respond,"Forklift mast raises slowly under load and drifts down when held. Requesting hydraulic fluid, seal and pump inspection.

Vehicle: Toyota 8FD30 (BDL-FL-038), bay A-038.",open,high,medium,high,mechanical,mechanical,Hydraulic issue reported on Toyota 8FD30 (BDL-FL-038); mechanical team engaged.,,d2cb4643-0910-4c84-bce6-b045b2dd12d5,f101a341-b305-43d6-b170-7cbd8501fef2,,2026-08-08 05:38:00+00,,,,"{""component"": ""hydraulic"", ""asset_code"": ""LLX-BDL-0038"", ""trigger_snapshot"": ""2026-08-10""}",2026-08-08 05:38:00+00,2026-08-10 19:03:05.467947+00
32fbfbd1-891b-4c6b-9308-36bd30d88881,TCK-000727,b98ca446-093f-4081-8f4c-499460c277f6,23a10ad6-f2ff-4aab-9878-de0f37f6bbe0,Hydraulic fluid weeping at cylinder,"Visible weeping at the lift cylinder and reduced hydraulic performance on monitoring. Requesting seal replacement.

Vehicle: Mitsubishi Canter (UP LD-6799), bay C-039.",resolved,medium,medium,medium,mechanical,mechanical,Hydraulic issue reported on Mitsubishi Canter (UP LD-6799); mechanical team engaged.,,77d52514-52e6-4156-b26b-a45c4caf47d7,772aca7d-b461-4fef-a7c6-4f8345059174,772aca7d-b461-4fef-a7c6-4f8345059174,2025-03-28 14:07:00+00,2025-04-15 13:56:00+00,2025-04-15 13:56:00+00,,"{""component"": ""hydraulic"", ""asset_code"": ""LLX-BDL-0159"", ""trigger_snapshot"": ""2025-03-10""}",2025-03-28 14:07:00+00,2026-08-10 19:03:05.467947+00
5bde19d7-e726-4b60-b2e6-08580bd903d6,TCK-000728,494e5f94-eed5-483d-85a8-02c2660b8d4d,c537c281-b6ad-4842-94ec-e937be0083e5,Tyre wear beyond service limit,"Tread depth is below the service threshold on condition monitoring. Requesting tyre replacement and wheel alignment check.

Vehicle: Toyota HiAce (WP PB-2295), bay D-035.",closed,high,low,high,mechanical,mechanical,Tire issue reported on Toyota HiAce (WP PB-2295); mechanical team engaged.,,f85e5d5e-23ed-4753-ab5b-6e0d16377b17,838168e2-a894-48b0-9e58-4f1f4612a1b3,838168e2-a894-48b0-9e58-4f1f4612a1b3,2025-04-18 16:02:00+00,2025-04-25 11:40:00+00,2025-04-25 11:40:00+00,2025-05-02 05:25:00+00,"{""component"": ""tire"", ""asset_code"": ""LLX-COL-0215"", ""trigger_snapshot"": ""2025-04-10""}",2025-04-18 16:02:00+00,2026-08-10 19:03:05.467947+00
2fe94103-86ca-4575-a9f6-32476664f653,TCK-000729,c492b053-e833-4eae-9fa6-47ebbce819c7,c537c281-b6ad-4842-94ec-e937be0083e5,Oil pressure warning intermittent,"Intermittent oil pressure warning reported on the instrument cluster. Requesting oil level, filter and sender inspection.

Vehicle: Mercedes Actros 1836 (WP LG-4055), bay G-039.",closed,high,high,high,mechanical,mechanical,Oil issue reported on Mercedes Actros 1836 (WP LG-4055); mechanical team engaged.,,9840ed8d-8d65-4f5a-892c-00b26ae09c10,92ed4de4-9c5c-4d11-a52f-9653a34addec,92ed4de4-9c5c-4d11-a52f-9653a34addec,2025-11-16 14:42:00+00,2025-11-30 05:57:00+00,2025-11-30 05:57:00+00,2025-12-02 15:00:00+00,"{""component"": ""oil"", ""asset_code"": ""LLX-COL-0399"", ""trigger_snapshot"": ""2025-11-10""}",2025-11-16 14:42:00+00,2026-08-10 19:03:05.467947+00
811afed9-cc18-4c2e-a117-c794a32d3d0a,TCK-000730,73541e20-2c6f-4cde-9adf-4cc19475a57d,c537c281-b6ad-4842-94ec-e937be0083e5,Oil pressure warning intermittent,"Intermittent oil pressure warning reported on the instrument cluster. Requesting oil level, filter and sender inspection.

Vehicle: Heli CPCD25 (COL-FL-079), bay B-019.",closed,medium,medium,medium,mechanical,mechanical,Oil issue reported on Heli CPCD25 (COL-FL-079); mechanical team engaged.,,07e0c835-51f1-4fad-9254-f68f64738d72,b958f053-fb9d-4b81-9996-c7ca66269f1c,b958f053-fb9d-4b81-9996-c7ca66269f1c,2025-05-20 14:56:00+00,2025-06-11 14:23:00+00,2025-06-11 14:23:00+00,2025-06-18 05:17:00+00,"{""component"": ""oil"", ""asset_code"": ""LLX-COL-0079"", ""trigger_snapshot"": ""2025-05-10""}",2025-05-20 14:56:00+00,2026-08-10 19:03:05.467947+00
5fd6e8e5-f7a8-4672-9681-1fe23dc22f7d,TCK-000731,0d0e64f1-f075-49a1-acad-896021c7812c,23a10ad6-f2ff-4aab-9878-de0f37f6bbe0,Uneven tyre wear and vibration at speed,"Driver reports steering vibration at highway speed. Suspect uneven tyre wear; requesting inspection, rotation and alignment.

Vehicle: Mitsubishi Canter (UP LC-5368), bay C-027.",closed,high,high,high,mechanical,mechanical,Tire issue reported on Mitsubishi Canter (UP LC-5368); mechanical team engaged.,,e10a2e33-a841-4a3f-ad4a-3114b4d9f0d2,15dc60e6-ac87-4e43-940e-f17025d0156f,15dc60e6-ac87-4e43-940e-f17025d0156f,2024-11-30 07:12:00+00,2024-12-13 09:22:00+00,2024-12-13 09:22:00+00,2024-12-19 05:55:00+00,"{""component"": ""tire"", ""asset_code"": ""LLX-BDL-0147"", ""trigger_snapshot"": ""2024-11-10""}",2024-11-30 07:12:00+00,2026-08-10 19:03:05.467947+00
2ec26bf9-6501-4891-ba12-039e3b6e5266,TCK-000732,6cc61cbf-ef5f-48f9-ab25-d58b3977c08d,c537c281-b6ad-4842-94ec-e937be0083e5,Hydraulic fluid weeping at cylinder,"Visible weeping at the lift cylinder and reduced hydraulic performance on monitoring. Requesting seal replacement.

Vehicle: Toyota 8FD30 (COL-FL-115), bay B-055.",closed,medium,medium,medium,mechanical,mechanical,Hydraulic issue reported on Toyota 8FD30 (COL-FL-115); mechanical team engaged.,,3c2c8754-c1a0-4b4a-8e07-f76d62727b49,c9371eef-cb2f-45af-926f-13217cb6a7ad,c9371eef-cb2f-45af-926f-13217cb6a7ad,2025-09-20 17:51:00+00,2025-10-13 09:02:00+00,2025-10-13 09:02:00+00,2025-10-14 10:51:00+00,"{""component"": ""hydraulic"", ""asset_code"": ""LLX-COL-0115"", ""trigger_snapshot"": ""2025-09-10""}",2025-09-20 17:51:00+00,2026-08-10 19:03:05.467947+00
9d5e8824-b891-4276-b4a8-2e4b8cfbc69b,TCK-000733,6afa9f77-c0a3-49fa-8f00-1c6dbad64985,c537c281-b6ad-4842-94ec-e937be0083e5,Hydraulic fluid weeping at cylinder,"Visible weeping at the lift cylinder and reduced hydraulic performance on monitoring. Requesting seal replacement.

Vehicle: Toyota HiAce (WP PD-1870), bay D-019.",closed,low,low,low,mechanical,mechanical,Hydraulic issue reported on Toyota HiAce (WP PD-1870); mechanical team engaged.,,fe7a7442-473b-43a5-bcaf-d3b1086bbcf2,20064787-286e-445a-af95-65111a530936,20064787-286e-445a-af95-65111a530936,2025-04-19 08:01:00+00,2025-05-11 12:21:00+00,2025-05-11 12:21:00+00,2025-05-18 12:38:00+00,"{""component"": ""hydraulic"", ""asset_code"": ""LLX-COL-0199"", ""trigger_snapshot"": ""2025-04-10""}",2025-04-19 08:01:00+00,2026-08-10 19:03:05.467947+00
1a4e556c-a980-4e5a-8771-921d5c1bb62a,TCK-000734,ef3cbf12-a864-4aab-9228-a96bfaaf2643,c537c281-b6ad-4842-94ec-e937be0083e5,Uneven tyre wear and vibration at speed,"Driver reports steering vibration at highway speed. Suspect uneven tyre wear; requesting inspection, rotation and alignment.

Vehicle: Tata Signa 1918 (WP LH-9498), bay G-038.",open,high,high,high,mechanical,mechanical,Tire issue reported on Tata Signa 1918 (WP LH-9498); mechanical team engaged.,,8a305a4e-04c7-4ae3-b63f-7e3a868e8690,0e660caf-be56-441a-9248-89924b2ed16d,,2026-05-24 17:45:00+00,,,,"{""component"": ""tire"", ""asset_code"": ""LLX-COL-0398"", ""trigger_snapshot"": ""2026-05-10""}",2026-05-24 17:45:00+00,2026-08-10 19:03:05.467947+00
5335f6e5-141b-4da0-ba59-88f1f1ce6d74,TCK-000735,3f56532e-95e8-4a22-9379-f2ed0b2dd92d,8f2b1c74-59d3-4a6e-9b21-7c4e0a5d3f88,Hydraulic lift slow to respond,"Forklift mast raises slowly under load and drifts down when held. Requesting hydraulic fluid, seal and pump inspection.

Vehicle: Tata Ace (SP LA-4514), bay C-029.",resolved,medium,medium,medium,mechanical,mechanical,Hydraulic issue reported on Tata Ace (SP LA-4514); mechanical team engaged.,,eed58a38-b1ab-4cbf-88ca-068e6a523a9a,1246b49b-4c2a-428c-9e26-abdd7df1b7e0,1246b49b-4c2a-428c-9e26-abdd7df1b7e0,2025-09-19 14:26:00+00,2025-10-01 06:26:00+00,2025-10-01 06:26:00+00,,"{""component"": ""hydraulic"", ""asset_code"": ""LLX-GLE-0149"", ""trigger_snapshot"": ""2025-09-10""}",2025-09-19 14:26:00+00,2026-08-10 19:03:05.467947+00
1c65450b-f36b-49df-a36c-e89647082593,TCK-000736,3de86ea2-6c64-48cb-89d2-edb53749c033,c537c281-b6ad-4842-94ec-e937be0083e5,Hydraulic fluid weeping at cylinder,"Visible weeping at the lift cylinder and reduced hydraulic performance on monitoring. Requesting seal replacement.

Vehicle: Toyota HiAce (WP PD-6794), bay D-015.",open,low,low,low,mechanical,mechanical,Hydraulic issue reported on Toyota HiAce (WP PD-6794); mechanical team engaged.,,e2ef226b-dfda-42f9-b877-004eb21dd484,69740143-f533-4866-a394-3d1ba98f20a7,,2025-11-14 15:42:00+00,,,,"{""component"": ""hydraulic"", ""asset_code"": ""LLX-COL-0195"", ""trigger_snapshot"": ""2025-11-10""}",2025-11-14 15:42:00+00,2026-08-10 19:03:05.467947+00
2e1291e6-e0b4-4ff8-b29e-60cf51d3a8e2,TCK-000737,70d96ab7-011c-4631-a5b6-0c817195a5d8,c537c281-b6ad-4842-94ec-e937be0083e5,Repeated hard starting in early shift,"Vehicle requires multiple crank attempts at shift start. Battery state of health is degraded on monitoring. Requesting battery and charging system diagnosis.

Vehicle: Heli CPCD30 (COL-FL-138), bay C-018.",closed,medium,medium,medium,electrical,electrical,Battery issue reported on Heli CPCD30 (COL-FL-138); electrical team engaged.,,b5e9f1ed-2062-4d19-b2b1-2c2f5f9d9d1d,5e18dd32-52bf-446f-b5b4-306dd776e223,5e18dd32-52bf-446f-b5b4-306dd776e223,2025-10-14 08:18:00+00,2025-11-05 15:01:00+00,2025-11-05 15:01:00+00,2025-11-15 05:22:00+00,"{""component"": ""battery"", ""asset_code"": ""LLX-COL-0138"", ""trigger_snapshot"": ""2025-10-10""}",2025-10-14 08:18:00+00,2026-08-10 19:03:05.467947+00
73e7f91c-7894-4756-a162-83e9170073b1,TCK-000738,3b9f4cca-b3d0-47d9-a3dd-d5269a34e7d3,8f2b1c74-59d3-4a6e-9b21-7c4e0a5d3f88,Hydraulic lift slow to respond,"Forklift mast raises slowly under load and drifts down when held. Requesting hydraulic fluid, seal and pump inspection.

Vehicle: Komatsu FD25 (GLE-FL-002), bay A-002.",resolved,medium,medium,medium,mechanical,mechanical,Hydraulic issue reported on Komatsu FD25 (GLE-FL-002); mechanical team engaged.,,0ce9016f-37ef-4c5d-8153-47a5c11f99ec,78be5d8f-6cca-4d7e-bfe7-2b68fc8c6341,78be5d8f-6cca-4d7e-bfe7-2b68fc8c6341,2025-07-26 10:41:00+00,2025-08-16 16:58:00+00,2025-08-16 16:58:00+00,,"{""component"": ""hydraulic"", ""asset_code"": ""LLX-GLE-0002"", ""trigger_snapshot"": ""2025-07-10""}",2025-07-26 10:41:00+00,2026-08-10 19:03:05.467947+00
edf269cc-f052-46ea-b870-57e5c602917c,TCK-000739,ad400098-0fb8-46e6-83bf-4e2eeaccac60,c537c281-b6ad-4842-94ec-e937be0083e5,Brake performance degraded - inspection required,"Driver reports longer stopping distance and reduced pedal firmness. Brake wear indicator is low on condition monitoring. Mechanical team to inspect pads, discs and brake fluid.

Vehicle: Toyota HiAce (WP PD-9468), bay C-055.",closed,high,high,high,mechanical,mechanical,Brake issue reported on Toyota HiAce (WP PD-9468); mechanical team engaged.,,86e77588-110c-4754-810f-2399b3ca3978,799f9455-62db-4da1-8b99-9f32da209d65,799f9455-62db-4da1-8b99-9f32da209d65,2026-02-20 08:35:00+00,2026-03-01 12:51:00+00,2026-03-01 12:51:00+00,2026-03-03 07:44:00+00,"{""component"": ""brake"", ""asset_code"": ""LLX-COL-0175"", ""trigger_snapshot"": ""2026-02-10""}",2026-02-20 08:35:00+00,2026-08-10 19:03:05.467947+00
2a6391cc-f7ac-424e-87bf-fdf004c4ccd4,TCK-000740,1be232f3-1d0f-4685-9591-9b2c6f4bdb49,23a10ad6-f2ff-4aab-9878-de0f37f6bbe0,Brake noise reported during descent,"Squealing and vibration reported under braking on gradient. Requesting brake pad and disc inspection before the vehicle returns to route.

Vehicle: Heli CPCD25 (BDL-FL-020), bay A-020.",resolved,high,high,high,mechanical,mechanical,Brake issue reported on Heli CPCD25 (BDL-FL-020); mechanical team engaged.,,84ba50f5-a2ed-4682-8ba5-e5556fff4b51,7b2e85f9-7895-4aca-bf50-e37e9a354eb0,7b2e85f9-7895-4aca-bf50-e37e9a354eb0,2026-02-14 09:14:00+00,2026-03-09 15:45:00+00,2026-03-09 15:45:00+00,,"{""component"": ""brake"", ""asset_code"": ""LLX-BDL-0020"", ""trigger_snapshot"": ""2026-02-10""}",2026-02-14 09:14:00+00,2026-08-10 19:03:05.467947+00
475d9366-b4c2-4211-8de8-41605a0e86f5,TCK-000741,73541e20-2c6f-4cde-9adf-4cc19475a57d,c537c281-b6ad-4842-94ec-e937be0083e5,Oil pressure warning intermittent,"Intermittent oil pressure warning reported on the instrument cluster. Requesting oil level, filter and sender inspection.

Vehicle: Heli CPCD25 (COL-FL-079), bay B-019.",closed,low,low,low,mechanical,mechanical,Oil issue reported on Heli CPCD25 (COL-FL-079); mechanical team engaged.,,c06bb987-5cbb-4b31-ad34-e260d4529ba7,2ea7ff67-fdd7-4d0b-96cd-8dd768decfdd,2ea7ff67-fdd7-4d0b-96cd-8dd768decfdd,2025-08-22 09:26:00+00,2025-09-05 09:22:00+00,2025-09-05 09:22:00+00,2025-09-15 15:45:00+00,"{""component"": ""oil"", ""asset_code"": ""LLX-COL-0079"", ""trigger_snapshot"": ""2025-08-10""}",2025-08-22 09:26:00+00,2026-08-10 19:03:05.467947+00
318b966b-db19-47d3-980c-a740130ddb96,TCK-000742,4d4e00d7-1c52-40b0-bcb1-afa81a86c9a7,c537c281-b6ad-4842-94ec-e937be0083e5,Fault codes not clearing after service,"Active fault codes remain present on the dashboard after the workshop reset. Requesting diagnostic tool session and ECU log review.

Vehicle: Tata Ace (WP LA-7238), bay E-044.",resolved,low,low,low,software,software,Telematics issue reported on Tata Ace (WP LA-7238); software team engaged.,,b1ce3088-1a7b-4c89-9724-db7bdc21f88d,84ed798e-b511-4f4a-aa3a-e26029fdaf93,84ed798e-b511-4f4a-aa3a-e26029fdaf93,2025-01-10 05:47:00+00,2025-01-14 11:26:00+00,2025-01-14 11:26:00+00,,"{""component"": ""telematics"", ""asset_code"": ""LLX-COL-0284"", ""trigger_snapshot"": ""2025-01-10""}",2025-01-10 05:47:00+00,2026-08-10 19:03:05.467947+00
b63bd8b1-408a-44dc-80fd-3a5e3ea7675e,TCK-000743,3a496fa7-9d79-451a-ba65-7670996b9b4f,8f2b1c74-59d3-4a6e-9b21-7c4e0a5d3f88,Battery voltage low - charging system check required,"Battery voltage trend is below target and the vehicle is slow to crank in the morning. Electrical team to test battery health, alternator output and earth connections.

Vehicle: Toyota 8FD25 (GLE-FL-041), bay A-041.",resolved,low,low,low,electrical,electrical,Battery issue reported on Toyota 8FD25 (GLE-FL-041); electrical team engaged.,,b4c2f1d2-3630-4a29-8bee-c0e1c9fe6653,bdd93a99-626e-4675-b9a7-acfd49c28c66,bdd93a99-626e-4675-b9a7-acfd49c28c66,2025-06-28 09:04:00+00,2025-07-07 10:49:00+00,2025-07-07 10:49:00+00,,"{""component"": ""battery"", ""asset_code"": ""LLX-GLE-0041"", ""trigger_snapshot"": ""2025-06-10""}",2025-06-28 09:04:00+00,2026-08-10 19:03:05.467947+00
c3606600-1330-4f5d-a821-494a30edcb67,TCK-000744,f63250b5-0058-4e7b-9ee2-a57386a6e303,c537c281-b6ad-4842-94ec-e937be0083e5,Brake noise reported during descent,"Squealing and vibration reported under braking on gradient. Requesting brake pad and disc inspection before the vehicle returns to route.

Vehicle: Isuzu ELF NKR (WP LD-6755), bay E-058.",closed,high,high,high,mechanical,mechanical,Brake issue reported on Isuzu ELF NKR (WP LD-6755); mechanical team engaged.,,f3f8dfa5-1b8c-4bf1-8507-81855c610eb1,954f138f-fa1c-4b21-9902-f274a5868271,954f138f-fa1c-4b21-9902-f274a5868271,2025-09-20 11:56:00+00,2025-10-10 14:21:00+00,2025-10-10 14:21:00+00,2025-10-15 13:43:00+00,"{""component"": ""brake"", ""asset_code"": ""LLX-COL-0298"", ""trigger_snapshot"": ""2025-09-10""}",2025-09-20 11:56:00+00,2026-08-10 19:03:05.467947+00
734dc57a-c25f-489b-8aa1-439bd604f579,TCK-000745,ad442345-a64a-4d6f-b818-12654cbd7db9,8f2b1c74-59d3-4a6e-9b21-7c4e0a5d3f88,Telematics unit not reporting,"Sensor gateway on this vehicle has stopped publishing readings. Software team to check the telematics unit, SIM connectivity and data pipeline ingestion.

Vehicle: Toyota 8FD25 (GLE-FL-037), bay A-037.",resolved,high,high,high,software,software,Telematics issue reported on Toyota 8FD25 (GLE-FL-037); software team engaged.,,8ebec0f7-fdcb-4c03-b9b2-04eea85a85bf,4fb48d89-3d11-4b1c-b34a-fc8824c4d74a,4fb48d89-3d11-4b1c-b34a-fc8824c4d74a,2024-08-20 14:14:00+00,2024-09-03 12:10:00+00,2024-09-03 12:10:00+00,,"{""component"": ""telematics"", ""asset_code"": ""LLX-GLE-0037"", ""trigger_snapshot"": ""2024-08-10""}",2024-08-20 14:14:00+00,2026-08-10 19:03:05.467947+00
cdf51de8-0160-4ecd-9fcf-7b109dc9eb03,TCK-000746,fe087f68-8d38-4e53-bf25-b05ee45e2b4d,c537c281-b6ad-4842-94ec-e937be0083e5,Oil pressure warning intermittent,"Intermittent oil pressure warning reported on the instrument cluster. Requesting oil level, filter and sender inspection.

Vehicle: Komatsu FD25 (COL-FL-032), bay A-032.",resolved,medium,medium,medium,mechanical,mechanical,Oil issue reported on Komatsu FD25 (COL-FL-032); mechanical team engaged.,,2708d4f5-3ad6-4440-8965-792bc8ba02ec,f99df61d-d168-4c17-b0fc-99832b736ca8,f99df61d-d168-4c17-b0fc-99832b736ca8,2026-06-19 11:17:00+00,2026-07-08 09:03:00+00,2026-07-08 09:03:00+00,,"{""component"": ""oil"", ""asset_code"": ""LLX-COL-0032"", ""trigger_snapshot"": ""2026-06-10""}",2026-06-19 11:17:00+00,2026-08-10 19:03:05.467947+00
067764ec-06ad-4aa6-bb40-d6ccb57a975d,TCK-000747,38f9b400-7309-42a7-aa0b-6844f1806006,23a10ad6-f2ff-4aab-9878-de0f37f6bbe0,Tyre wear beyond service limit,"Tread depth is below the service threshold on condition monitoring. Requesting tyre replacement and wheel alignment check.

Vehicle: Piaggio Porter (UP LA-2409), bay C-004.",closed,high,high,high,mechanical,mechanical,Tire issue reported on Piaggio Porter (UP LA-2409); mechanical team engaged.,,a20d3b81-5e20-4394-b347-dc5a94fecbbc,3c24c592-daf5-4ac0-b10b-6b0035f0c7d3,3c24c592-daf5-4ac0-b10b-6b0035f0c7d3,2025-02-19 14:38:00+00,2025-02-26 10:29:00+00,2025-02-26 10:29:00+00,2025-03-05 11:59:00+00,"{""component"": ""tire"", ""asset_code"": ""LLX-BDL-0124"", ""trigger_snapshot"": ""2025-02-10""}",2025-02-19 14:38:00+00,2026-08-10 19:03:05.467947+00
bc83a8fa-454a-4974-9832-c4b572e0dce0,TCK-000748,df2486e5-6fe4-4439-b8a6-c4147e346645,8f2b1c74-59d3-4a6e-9b21-7c4e0a5d3f88,Telematics unit not reporting,"Sensor gateway on this vehicle has stopped publishing readings. Software team to check the telematics unit, SIM connectivity and data pipeline ingestion.

Vehicle: Toyota 8FD25 (GLE-FL-019), bay A-019.",closed,low,low,low,software,software,Telematics issue reported on Toyota 8FD25 (GLE-FL-019); software team engaged.,,e05d2aca-b66c-4872-85aa-cd75a7878df7,17a78c48-dd35-41f3-9ae8-30460de6feb8,17a78c48-dd35-41f3-9ae8-30460de6feb8,2025-12-26 08:05:00+00,2026-01-06 16:46:00+00,2026-01-06 16:46:00+00,2026-01-14 12:08:00+00,"{""component"": ""telematics"", ""asset_code"": ""LLX-GLE-0019"", ""trigger_snapshot"": ""2025-12-10""}",2025-12-26 08:05:00+00,2026-08-10 19:03:05.467947+00
d7ee202b-816b-4d0d-aa03-12b075f6dbfa,TCK-000749,7ec587ad-7be3-4caa-be4e-069db0e5e8e2,8f2b1c74-59d3-4a6e-9b21-7c4e0a5d3f88,Oil pressure warning intermittent,"Intermittent oil pressure warning reported on the instrument cluster. Requesting oil level, filter and sender inspection.

Vehicle: Tata Ace (SP LB-9123), bay C-036.",closed,high,high,high,mechanical,mechanical,Oil issue reported on Tata Ace (SP LB-9123); mechanical team engaged.,,c48b4b1f-8ea4-4b84-8b1e-83fb62103154,af5f0096-7cc6-4d72-ab69-0a461681aeb5,af5f0096-7cc6-4d72-ab69-0a461681aeb5,2025-06-15 14:29:00+00,2025-06-29 05:26:00+00,2025-06-29 05:26:00+00,2025-07-02 10:00:00+00,"{""component"": ""oil"", ""asset_code"": ""LLX-GLE-0156"", ""trigger_snapshot"": ""2025-06-10""}",2025-06-15 14:29:00+00,2026-08-10 19:03:05.467947+00
ce1bf7f4-dc1d-4d0c-8a98-9c31a72b6553,TCK-000750,c252be55-fff0-4759-a186-7b97461ce11f,23a10ad6-f2ff-4aab-9878-de0f37f6bbe0,Engine oil life exhausted - service overdue,"Oil life monitor has reached the end of its interval. Requesting engine oil and filter service before further dispatch.

Vehicle: Mitsubishi Canter (UP LC-8630), bay C-016.",closed,high,high,high,mechanical,mechanical,Oil issue reported on Mitsubishi Canter (UP LC-8630); mechanical team engaged.,,5b1edc19-179d-4db0-adde-f133a012f955,db01d178-e057-46ed-ba34-a2870594c197,db01d178-e057-46ed-ba34-a2870594c197,2025-04-21 11:05:00+00,2025-05-15 17:44:00+00,2025-05-15 17:44:00+00,2025-05-21 06:39:00+00,"{""component"": ""oil"", ""asset_code"": ""LLX-BDL-0136"", ""trigger_snapshot"": ""2025-04-10""}",2025-04-21 11:05:00+00,2026-08-10 19:03:05.467947+00
26878821-d719-4cf8-9d7d-9f0e1b3c901d,TCK-000751,f406213d-438b-42d0-b5a0-af45d4f0cec4,c537c281-b6ad-4842-94ec-e937be0083e5,Hydraulic lift slow to respond,"Forklift mast raises slowly under load and drifts down when held. Requesting hydraulic fluid, seal and pump inspection.

Vehicle: Isuzu ELF NKR (WP LC-3961), bay F-011.",closed,low,low,low,mechanical,mechanical,Hydraulic issue reported on Isuzu ELF NKR (WP LC-3961); mechanical team engaged.,,65e1c26e-af5d-4b8c-94f7-12f2c561b570,92ed4de4-9c5c-4d11-a52f-9653a34addec,92ed4de4-9c5c-4d11-a52f-9653a34addec,2026-04-12 17:29:00+00,2026-04-20 11:11:00+00,2026-04-20 11:11:00+00,2026-04-30 09:03:00+00,"{""component"": ""hydraulic"", ""asset_code"": ""LLX-COL-0311"", ""trigger_snapshot"": ""2026-04-10""}",2026-04-12 17:29:00+00,2026-08-10 19:03:05.467947+00
71d5604e-e554-4c04-b00e-577f805f6359,TCK-000752,91ac7b04-1283-4e99-abe0-bc5563715f65,23a10ad6-f2ff-4aab-9878-de0f37f6bbe0,Telematics unit not reporting,"Sensor gateway on this vehicle has stopped publishing readings. Software team to check the telematics unit, SIM connectivity and data pipeline ingestion.

Vehicle: Tata Ace (UP LA-7802), bay B-044.",resolved,low,low,low,software,software,Telematics issue reported on Tata Ace (UP LA-7802); software team engaged.,,e2edbfb4-2380-494b-9a6e-6f70b8be6c90,389d9ee3-9a0e-4d55-9770-b461e7a536f0,389d9ee3-9a0e-4d55-9770-b461e7a536f0,2026-07-10 08:45:00+00,2026-08-01 10:26:00+00,2026-08-01 10:26:00+00,,"{""component"": ""telematics"", ""asset_code"": ""LLX-BDL-0104"", ""trigger_snapshot"": ""2026-07-10""}",2026-07-10 08:45:00+00,2026-08-10 19:03:05.467947+00
39036b9f-c905-484c-ac57-7d3f564e1f98,TCK-000753,09fa5c6b-6850-44d0-b2eb-e6aba0fbe1af,c537c281-b6ad-4842-94ec-e937be0083e5,Brake noise reported during descent,"Squealing and vibration reported under braking on gradient. Requesting brake pad and disc inspection before the vehicle returns to route.

Vehicle: KDH Van (WP PB-3756), bay C-030.",closed,high,high,high,mechanical,mechanical,Brake issue reported on KDH Van (WP PB-3756); mechanical team engaged.,,507be855-1ac1-43a9-b1f4-fe62d2b838d9,b5cc5903-a692-4230-b666-8fded6cecc3e,b5cc5903-a692-4230-b666-8fded6cecc3e,2025-12-30 08:26:00+00,2026-01-18 15:08:00+00,2026-01-18 15:08:00+00,2026-01-20 09:38:00+00,"{""component"": ""brake"", ""asset_code"": ""LLX-COL-0150"", ""trigger_snapshot"": ""2025-12-10""}",2025-12-30 08:26:00+00,2026-08-10 19:03:05.467947+00
6aad789b-de68-4ff7-8801-15631b978119,TCK-000754,3d04399b-1a58-4bba-958d-5d36e994bb23,23a10ad6-f2ff-4aab-9878-de0f37f6bbe0,Oil pressure warning intermittent,"Intermittent oil pressure warning reported on the instrument cluster. Requesting oil level, filter and sender inspection.

Vehicle: Mahindra Bolero Pickup (UP LA-9044), bay B-051.",in_progress,low,low,low,mechanical,mechanical,Oil issue reported on Mahindra Bolero Pickup (UP LA-9044); mechanical team engaged.,,d1e3297e-159c-47bf-9c07-676bf0b6930c,db01d178-e057-46ed-ba34-a2870594c197,,2026-07-13 05:36:00+00,,,,"{""component"": ""oil"", ""asset_code"": ""LLX-BDL-0111"", ""trigger_snapshot"": ""2026-07-10""}",2026-07-13 05:36:00+00,2026-08-10 19:03:05.467947+00
e418370a-52e6-493c-90f0-e4487dd314d1,TCK-000755,20674a3a-8a96-4b27-829a-946f4958c47e,8f2b1c74-59d3-4a6e-9b21-7c4e0a5d3f88,Repeated hard starting in early shift,"Vehicle requires multiple crank attempts at shift start. Battery state of health is degraded on monitoring. Requesting battery and charging system diagnosis.

Vehicle: Toyota 8FD30 (GLE-FL-059), bay A-059.",resolved,high,high,high,electrical,electrical,Battery issue reported on Toyota 8FD30 (GLE-FL-059); electrical team engaged.,,620ee403-2775-4780-9c7d-1ea3a6ad5f75,785a349f-b3ca-4199-beb9-4e50013f54c8,785a349f-b3ca-4199-beb9-4e50013f54c8,2026-04-10 14:07:00+00,2026-04-28 17:49:00+00,2026-04-28 17:49:00+00,,"{""component"": ""battery"", ""asset_code"": ""LLX-GLE-0059"", ""trigger_snapshot"": ""2026-04-10""}",2026-04-10 14:07:00+00,2026-08-10 19:03:05.467947+00
f19b2948-6eeb-4f99-b4f8-0b91aafc69bd,TCK-000756,9001115e-c9ba-4b35-9157-c79eef156923,c537c281-b6ad-4842-94ec-e937be0083e5,Repeated hard starting in early shift,"Vehicle requires multiple crank attempts at shift start. Battery state of health is degraded on monitoring. Requesting battery and charging system diagnosis.

Vehicle: Nissan Caravan (WP PC-2726), bay D-026.",closed,medium,medium,medium,electrical,electrical,Battery issue reported on Nissan Caravan (WP PC-2726); electrical team engaged.,,36c2e208-8f6c-4b7b-add1-a4210cd2f372,0045edfa-b68e-4e8a-8cb4-619cb936cc49,0045edfa-b68e-4e8a-8cb4-619cb936cc49,2025-12-28 08:50:00+00,2026-01-08 13:38:00+00,2026-01-08 13:38:00+00,2026-01-09 07:43:00+00,"{""component"": ""battery"", ""asset_code"": ""LLX-COL-0206"", ""trigger_snapshot"": ""2025-12-10""}",2025-12-28 08:50:00+00,2026-08-10 19:03:05.467947+00
eaafab6d-85e6-4d3e-80de-c79c3d5f806a,TCK-000757,8460a2bc-30ae-4a26-9c09-75af1ba3b47b,c537c281-b6ad-4842-94ec-e937be0083e5,Uneven tyre wear and vibration at speed,"Driver reports steering vibration at highway speed. Suspect uneven tyre wear; requesting inspection, rotation and alignment.

Vehicle: Mitsubishi Canter (WP LC-4358), bay F-017.",closed,high,high,high,mechanical,mechanical,Tire issue reported on Mitsubishi Canter (WP LC-4358); mechanical team engaged.,,cfc6d555-e896-4686-be90-1da957d6707d,94c16a8c-074b-4b37-ab95-493170740735,94c16a8c-074b-4b37-ab95-493170740735,2025-06-16 05:28:00+00,2025-06-28 05:05:00+00,2025-06-28 05:05:00+00,2025-06-30 13:01:00+00,"{""component"": ""tire"", ""asset_code"": ""LLX-COL-0317"", ""trigger_snapshot"": ""2025-06-10""}",2025-06-16 05:28:00+00,2026-08-10 19:03:05.467947+00
0398db0d-0952-4e49-8dcf-5fcfd2ee8fa8,TCK-000758,fa4185a7-13ac-41c1-bccd-1a79b532dfd8,23a10ad6-f2ff-4aab-9878-de0f37f6bbe0,Engine oil life exhausted - service overdue,"Oil life monitor has reached the end of its interval. Requesting engine oil and filter service before further dispatch.

Vehicle: Mahindra Bolero Pickup (UP LA-2524), bay B-045.",closed,medium,medium,medium,mechanical,mechanical,Oil issue reported on Mahindra Bolero Pickup (UP LA-2524); mechanical team engaged.,,872336fb-fba4-48c0-9c1e-33dd102a11cb,2fb7dab3-e151-490f-9c20-9b329d4fba20,2fb7dab3-e151-490f-9c20-9b329d4fba20,2026-04-17 13:35:00+00,2026-05-10 16:07:00+00,2026-05-10 16:07:00+00,2026-05-11 10:47:00+00,"{""component"": ""oil"", ""asset_code"": ""LLX-BDL-0105"", ""trigger_snapshot"": ""2026-04-10""}",2026-04-17 13:35:00+00,2026-08-10 19:03:05.467947+00
c3197f99-cea4-44de-80d8-9401b727d70c,TCK-000759,a90a1741-8868-4b22-b183-0c7b354b8121,c537c281-b6ad-4842-94ec-e937be0083e5,Oil pressure warning intermittent,"Intermittent oil pressure warning reported on the instrument cluster. Requesting oil level, filter and sender inspection.

Vehicle: Heli CPCD25 (COL-FL-036), bay A-036.",resolved,high,high,high,mechanical,mechanical,Oil issue reported on Heli CPCD25 (COL-FL-036); mechanical team engaged.,,b5e62dd4-b490-4de7-a2c0-acdaa17d0c07,954f138f-fa1c-4b21-9902-f274a5868271,954f138f-fa1c-4b21-9902-f274a5868271,2025-06-27 09:52:00+00,2025-07-09 14:37:00+00,2025-07-09 14:37:00+00,,"{""component"": ""oil"", ""asset_code"": ""LLX-COL-0036"", ""trigger_snapshot"": ""2025-06-10""}",2025-06-27 09:52:00+00,2026-08-10 19:03:05.467947+00
a3f4c3cb-7406-4cbd-9b34-72064612b447,TCK-000760,e710114e-d92b-42ea-9165-d009558a1e95,8f2b1c74-59d3-4a6e-9b21-7c4e0a5d3f88,Hydraulic fluid weeping at cylinder,"Visible weeping at the lift cylinder and reduced hydraulic performance on monitoring. Requesting seal replacement.

Vehicle: Isuzu FVR (SP LF-7562), bay D-057.",closed,medium,medium,medium,mechanical,mechanical,Hydraulic issue reported on Isuzu FVR (SP LF-7562); mechanical team engaged.,,78c2d5ff-36e8-43bc-8d89-1930171dd72d,76f52321-d84d-4f11-979f-a6df1dccfcbd,76f52321-d84d-4f11-979f-a6df1dccfcbd,2025-03-10 13:16:00+00,2025-03-20 12:26:00+00,2025-03-20 12:26:00+00,2025-03-24 07:49:00+00,"{""component"": ""hydraulic"", ""asset_code"": ""LLX-GLE-0237"", ""trigger_snapshot"": ""2025-03-10""}",2025-03-10 13:16:00+00,2026-08-10 19:03:05.467947+00
243f23dd-711b-47a4-a864-6ca6d1f7ec4c,TCK-000761,90de28b8-467a-48fd-99b0-be067cf8391f,c537c281-b6ad-4842-94ec-e937be0083e5,Repeated hard starting in early shift,"Vehicle requires multiple crank attempts at shift start. Battery state of health is degraded on monitoring. Requesting battery and charging system diagnosis.

Vehicle: Isuzu ELF NKR (WP LD-8833), bay F-051.",closed,high,high,high,electrical,electrical,Battery issue reported on Isuzu ELF NKR (WP LD-8833); electrical team engaged.,,0055d1b9-390b-4ea8-8cb6-127ee3051d0e,7172df17-f1b4-41d1-a5ee-2bf445703d25,7172df17-f1b4-41d1-a5ee-2bf445703d25,2025-12-12 11:21:00+00,2025-12-16 14:46:00+00,2025-12-16 14:46:00+00,2025-12-25 13:59:00+00,"{""component"": ""battery"", ""asset_code"": ""LLX-COL-0351"", ""trigger_snapshot"": ""2025-12-10""}",2025-12-12 11:21:00+00,2026-08-10 19:03:05.467947+00
bd18132f-922f-4d9c-90d4-2f1615cb11d7,TCK-000762,75aa4ca8-49cd-4b28-9e97-7d472d48671c,c537c281-b6ad-4842-94ec-e937be0083e5,Oil pressure warning intermittent,"Intermittent oil pressure warning reported on the instrument cluster. Requesting oil level, filter and sender inspection.

Vehicle: Mitsubishi Fuso Fighter (WP LF-8415), bay G-021.",open,medium,medium,medium,mechanical,mechanical,Oil issue reported on Mitsubishi Fuso Fighter (WP LF-8415); mechanical team engaged.,,8f16f0cc-0478-4195-8ddb-43b8f8e96be6,79bbaaa4-918b-47e0-ba89-d5f2b5a4d4ba,,2026-07-24 09:41:00+00,,,,"{""component"": ""oil"", ""asset_code"": ""LLX-COL-0381"", ""trigger_snapshot"": ""2026-07-10""}",2026-07-24 09:41:00+00,2026-08-10 19:03:05.467947+00
198fb27c-413a-493f-b06f-aa86ba32c7f9,TCK-000763,067e00e5-2b20-42f6-a3e1-119d8dc41138,8f2b1c74-59d3-4a6e-9b21-7c4e0a5d3f88,Repeated hard starting in early shift,"Vehicle requires multiple crank attempts at shift start. Battery state of health is degraded on monitoring. Requesting battery and charging system diagnosis.

Vehicle: Heli CPCD25 (GLE-FL-021), bay A-021.",closed,high,high,high,electrical,electrical,Battery issue reported on Heli CPCD25 (GLE-FL-021); electrical team engaged.,,24b5932e-88db-41e4-91d9-969e04d67984,3ad6d85f-8eb2-429d-b6b0-9df328ae585b,3ad6d85f-8eb2-429d-b6b0-9df328ae585b,2025-03-23 12:06:00+00,2025-03-29 10:03:00+00,2025-03-29 10:03:00+00,2025-03-31 10:39:00+00,"{""component"": ""battery"", ""asset_code"": ""LLX-GLE-0021"", ""trigger_snapshot"": ""2025-03-10""}",2025-03-23 12:06:00+00,2026-08-10 19:03:05.467947+00
cf22b978-b327-46aa-aff4-b289d7a3c96a,TCK-000764,f323b090-d79e-4276-96a2-4561484a604d,c537c281-b6ad-4842-94ec-e937be0083e5,Hydraulic fluid weeping at cylinder,"Visible weeping at the lift cylinder and reduced hydraulic performance on monitoring. Requesting seal replacement.

Vehicle: Heli CPCD25 (COL-FL-005), bay A-005.",resolved,high,high,high,mechanical,mechanical,Hydraulic issue reported on Heli CPCD25 (COL-FL-005); mechanical team engaged.,,91e3f538-69d6-4b30-b836-53971b1e57c1,f9e17e55-3ce7-47d6-beff-7dc3c8ecad6c,f9e17e55-3ce7-47d6-beff-7dc3c8ecad6c,2025-01-27 15:59:00+00,2025-02-11 07:43:00+00,2025-02-11 07:43:00+00,,"{""component"": ""hydraulic"", ""asset_code"": ""LLX-COL-0005"", ""trigger_snapshot"": ""2025-01-10""}",2025-01-27 15:59:00+00,2026-08-10 19:03:05.467947+00
3c8e3779-52d8-4588-a2e4-0f7cf042f962,TCK-000765,f08e55e6-f7a5-44d3-99e2-57371ff3f82f,23a10ad6-f2ff-4aab-9878-de0f37f6bbe0,Repeated hard starting in early shift,"Vehicle requires multiple crank attempts at shift start. Battery state of health is degraded on monitoring. Requesting battery and charging system diagnosis.

Vehicle: Isuzu FVR (UP LE-5605), bay C-056.",closed,high,high,high,electrical,electrical,Battery issue reported on Isuzu FVR (UP LE-5605); electrical team engaged.,,2880fc15-f0ee-4986-8ce3-c88c53681281,784a05b0-a5da-4849-9577-b03fd2c58149,784a05b0-a5da-4849-9577-b03fd2c58149,2025-01-30 07:06:00+00,2025-02-17 17:10:00+00,2025-02-17 17:10:00+00,2025-02-22 10:01:00+00,"{""component"": ""battery"", ""asset_code"": ""LLX-BDL-0176"", ""trigger_snapshot"": ""2025-01-10""}",2025-01-30 07:06:00+00,2026-08-10 19:03:05.467947+00
b7f4f7a3-c5fc-454d-805c-96079de19c76,TCK-000766,7d24769a-8ce7-4d3b-9d1b-2c5274698a0d,8f2b1c74-59d3-4a6e-9b21-7c4e0a5d3f88,Engine oil life exhausted - service overdue,"Oil life monitor has reached the end of its interval. Requesting engine oil and filter service before further dispatch.

Vehicle: Toyota 8FD25 (GLE-FL-048), bay A-048.",closed,high,high,high,mechanical,mechanical,Oil issue reported on Toyota 8FD25 (GLE-FL-048); mechanical team engaged.,,1d778731-9103-4a7c-8b4f-fb234d39f1b2,e99de6d2-f02b-433d-81b3-796785680957,e99de6d2-f02b-433d-81b3-796785680957,2024-09-17 06:35:00+00,2024-09-20 15:44:00+00,2024-09-20 15:44:00+00,2024-09-29 16:21:00+00,"{""component"": ""oil"", ""asset_code"": ""LLX-GLE-0048"", ""trigger_snapshot"": ""2024-09-10""}",2024-09-17 06:35:00+00,2026-08-10 19:03:05.467947+00
94142817-ba36-44b3-b194-6c54b7b3e9af,TCK-000767,4bdc0feb-e6f7-418b-b265-a86d8c7bb5e5,8f2b1c74-59d3-4a6e-9b21-7c4e0a5d3f88,Hydraulic fluid weeping at cylinder,"Visible weeping at the lift cylinder and reduced hydraulic performance on monitoring. Requesting seal replacement.

Vehicle: Tata T.12 (SP LF-9753), bay E-002.",closed,low,low,low,mechanical,mechanical,Hydraulic issue reported on Tata T.12 (SP LF-9753); mechanical team engaged.,,2e86516c-c292-41da-b03d-25fe05969cf1,90850f19-81e7-4b88-ba8f-72ef0e0578fa,90850f19-81e7-4b88-ba8f-72ef0e0578fa,2024-08-10 13:13:00+00,2024-08-24 05:44:00+00,2024-08-24 05:44:00+00,2024-08-28 13:01:00+00,"{""component"": ""hydraulic"", ""asset_code"": ""LLX-GLE-0242"", ""trigger_snapshot"": ""2024-08-10""}",2024-08-10 13:13:00+00,2026-08-10 19:03:05.467947+00
98d38e83-9895-4ce4-b04c-525524a3ca1a,TCK-000768,11fd8f8e-2153-47ad-a93a-dc8c41c3b5b9,8f2b1c74-59d3-4a6e-9b21-7c4e0a5d3f88,Battery voltage low - charging system check required,"Battery voltage trend is below target and the vehicle is slow to crank in the morning. Electrical team to test battery health, alternator output and earth connections.

Vehicle: Toyota HiAce (SP PB-5608), bay B-039.",closed,high,high,high,electrical,electrical,Battery issue reported on Toyota HiAce (SP PB-5608); electrical team engaged.,,7613243f-58b4-4f5d-9cc4-d6dde9e3d25a,d6aec698-ade7-42e5-8a36-3df03605cce0,d6aec698-ade7-42e5-8a36-3df03605cce0,2025-03-28 15:20:00+00,2025-04-09 11:20:00+00,2025-04-09 11:20:00+00,2025-04-17 17:36:00+00,"{""component"": ""battery"", ""asset_code"": ""LLX-GLE-0099"", ""trigger_snapshot"": ""2025-03-10""}",2025-03-28 15:20:00+00,2026-08-10 19:03:05.467947+00
b8559c79-5ff7-4426-9f03-fdff538ffb93,TCK-000769,df2486e5-6fe4-4439-b8a6-c4147e346645,8f2b1c74-59d3-4a6e-9b21-7c4e0a5d3f88,Tyre wear beyond service limit,"Tread depth is below the service threshold on condition monitoring. Requesting tyre replacement and wheel alignment check.

Vehicle: Toyota 8FD25 (GLE-FL-019), bay A-019.",resolved,medium,low,medium,mechanical,mechanical,Tire issue reported on Toyota 8FD25 (GLE-FL-019); mechanical team engaged.,,4ebcf1a4-3d8a-443a-97b6-14396043fa2b,1246b49b-4c2a-428c-9e26-abdd7df1b7e0,1246b49b-4c2a-428c-9e26-abdd7df1b7e0,2024-09-27 17:05:00+00,2024-10-21 09:29:00+00,2024-10-21 09:29:00+00,,"{""component"": ""tire"", ""asset_code"": ""LLX-GLE-0019"", ""trigger_snapshot"": ""2024-09-10""}",2024-09-27 17:05:00+00,2026-08-10 19:03:05.467947+00
2d947f5c-c879-4ae1-a6c8-fe35c9e5706e,TCK-000770,97cac73a-cce9-421c-9673-cec53bd60f85,23a10ad6-f2ff-4aab-9878-de0f37f6bbe0,Hydraulic lift slow to respond,"Forklift mast raises slowly under load and drifts down when held. Requesting hydraulic fluid, seal and pump inspection.

Vehicle: Mahindra Bolero Pickup (UP LA-6177), bay B-033.",closed,low,low,low,mechanical,mechanical,Hydraulic issue reported on Mahindra Bolero Pickup (UP LA-6177); mechanical team engaged.,,2603261c-f67c-4ac4-82dc-a2f5fcafb624,9b2ae800-e7f5-4450-a102-90626d114204,9b2ae800-e7f5-4450-a102-90626d114204,2025-10-28 11:09:00+00,2025-11-04 08:27:00+00,2025-11-04 08:27:00+00,2025-11-07 08:41:00+00,"{""component"": ""hydraulic"", ""asset_code"": ""LLX-BDL-0093"", ""trigger_snapshot"": ""2025-10-10""}",2025-10-28 11:09:00+00,2026-08-10 19:03:05.467947+00
b9181086-9381-476f-a230-e13fcc954284,TCK-000771,8031532f-cc33-4340-88a1-9f7037de6f64,c537c281-b6ad-4842-94ec-e937be0083e5,Brake performance degraded - inspection required,"Driver reports longer stopping distance and reduced pedal firmness. Brake wear indicator is low on condition monitoring. Mechanical team to inspect pads, discs and brake fluid.

Vehicle: KDH Van (WP PC-7460), bay D-016.",resolved,medium,medium,medium,electrical,mechanical,Brake issue reported on KDH Van (WP PC-7460); mechanical team engaged.,,20ab5d3f-f2ca-4af4-b3c1-43fbcfad7b62,802b1d2e-50c9-4825-a3ef-2b31b40f3569,802b1d2e-50c9-4825-a3ef-2b31b40f3569,2025-09-20 16:47:00+00,2025-10-08 13:58:00+00,2025-10-08 13:58:00+00,,"{""component"": ""brake"", ""asset_code"": ""LLX-COL-0196"", ""trigger_snapshot"": ""2025-09-10""}",2025-09-20 16:47:00+00,2026-08-10 19:03:05.467947+00
ba978e06-423a-4f4a-9bd1-f5b7b63ba357,TCK-000772,79e53003-8694-4da7-8473-d8894ceaaeb0,23a10ad6-f2ff-4aab-9878-de0f37f6bbe0,Uneven tyre wear and vibration at speed,"Driver reports steering vibration at highway speed. Suspect uneven tyre wear; requesting inspection, rotation and alignment.

Vehicle: Heli CPCD25 (BDL-FL-014), bay A-014.",closed,high,high,high,mechanical,mechanical,Tire issue reported on Heli CPCD25 (BDL-FL-014); mechanical team engaged.,,7ab9627f-9aad-43ec-bf29-5590321ee2b1,e4333d48-503a-4694-b7d9-97ac9dee27e0,e4333d48-503a-4694-b7d9-97ac9dee27e0,2026-03-28 09:12:00+00,2026-03-30 05:16:00+00,2026-03-30 05:16:00+00,2026-04-02 07:56:00+00,"{""component"": ""tire"", ""asset_code"": ""LLX-BDL-0014"", ""trigger_snapshot"": ""2026-03-10""}",2026-03-28 09:12:00+00,2026-08-10 19:03:05.467947+00
b716d35c-f94a-458e-bdc3-6bca7c074109,TCK-000773,ae8fb68a-6c2c-4ff4-bd54-1cfcba2f91e4,8f2b1c74-59d3-4a6e-9b21-7c4e0a5d3f88,Odometer readings inconsistent in platform,"Reported odometer on the platform disagrees with the vehicle cluster. Software team to verify sensor mapping and ingestion for this asset.

Vehicle: Heli CPCD25 (GLE-FL-049), bay A-049.",closed,medium,medium,medium,software,software,Telematics issue reported on Heli CPCD25 (GLE-FL-049); software team engaged.,,8514607d-7931-48d2-81f0-f7a024a8210a,17a78c48-dd35-41f3-9ae8-30460de6feb8,17a78c48-dd35-41f3-9ae8-30460de6feb8,2025-08-30 13:29:00+00,2025-09-03 16:32:00+00,2025-09-03 16:32:00+00,2025-09-08 14:20:00+00,"{""component"": ""telematics"", ""asset_code"": ""LLX-GLE-0049"", ""trigger_snapshot"": ""2025-08-10""}",2025-08-30 13:29:00+00,2026-08-10 19:03:05.467947+00
2d636ab3-53f9-4952-9755-57fce37cc0a2,TCK-000774,1d4faaad-59f0-4dad-bc29-881b2cb68357,c537c281-b6ad-4842-94ec-e937be0083e5,Brake noise reported during descent,"Squealing and vibration reported under braking on gradient. Requesting brake pad and disc inspection before the vehicle returns to route.

Vehicle: Isuzu ELF NKR (WP LD-2387), bay F-049.",resolved,high,high,high,mechanical,mechanical,Brake issue reported on Isuzu ELF NKR (WP LD-2387); mechanical team engaged.,,e7889aec-2db4-4a78-b8a7-873db0af92b6,c9371eef-cb2f-45af-926f-13217cb6a7ad,c9371eef-cb2f-45af-926f-13217cb6a7ad,2024-09-28 13:03:00+00,2024-09-29 10:18:00+00,2024-09-29 10:18:00+00,,"{""component"": ""brake"", ""asset_code"": ""LLX-COL-0349"", ""trigger_snapshot"": ""2024-09-10""}",2024-09-28 13:03:00+00,2026-08-10 19:03:05.467947+00
6bf437ef-389a-476d-a11c-db09c0a35eb6,TCK-000775,3f603281-6793-4203-a1a4-7cae9eafbc2a,23a10ad6-f2ff-4aab-9878-de0f37f6bbe0,Tyre wear beyond service limit,"Tread depth is below the service threshold on condition monitoring. Requesting tyre replacement and wheel alignment check.

Vehicle: Tata T.12 (UP LE-2573), bay D-006.",closed,medium,medium,medium,mechanical,mechanical,Tire issue reported on Tata T.12 (UP LE-2573); mechanical team engaged.,,c52505a4-1d2f-448d-bf92-977af7403607,832b089f-ff95-441d-a9ca-716951d24f37,832b089f-ff95-441d-a9ca-716951d24f37,2025-01-13 07:19:00+00,2025-02-06 16:03:00+00,2025-02-06 16:03:00+00,2025-02-09 08:34:00+00,"{""component"": ""tire"", ""asset_code"": ""LLX-BDL-0186"", ""trigger_snapshot"": ""2025-01-10""}",2025-01-13 07:19:00+00,2026-08-10 19:03:05.467947+00
e715975d-0fb0-4396-9d74-c2c07bcef982,TCK-000776,f922a2be-ab7f-4cbe-abe7-5b54bf03636a,c537c281-b6ad-4842-94ec-e937be0083e5,Odometer readings inconsistent in platform,"Reported odometer on the platform disagrees with the vehicle cluster. Software team to verify sensor mapping and ingestion for this asset.

Vehicle: Komatsu FD30 (COL-FL-099), bay B-039.",closed,low,low,low,software,software,Telematics issue reported on Komatsu FD30 (COL-FL-099); software team engaged.,,e7889aec-2db4-4a78-b8a7-873db0af92b6,9bc0ebab-c628-4af5-b5cc-f9a69e14ee0c,9bc0ebab-c628-4af5-b5cc-f9a69e14ee0c,2026-02-23 11:48:00+00,2026-03-18 10:39:00+00,2026-03-18 10:39:00+00,2026-03-19 13:07:00+00,"{""component"": ""telematics"", ""asset_code"": ""LLX-COL-0099"", ""trigger_snapshot"": ""2026-02-10""}",2026-02-23 11:48:00+00,2026-08-10 19:03:05.467947+00
bd5c382a-c016-4007-a3ec-baed3ba6ea62,TCK-000777,7871b8d7-cf14-45a9-8d4a-49e5a3ca1af0,c537c281-b6ad-4842-94ec-e937be0083e5,Oil pressure warning intermittent,"Intermittent oil pressure warning reported on the instrument cluster. Requesting oil level, filter and sender inspection.

Vehicle: Toyota 8FD25 (COL-FL-028), bay A-028.",resolved,high,high,high,mechanical,mechanical,Oil issue reported on Toyota 8FD25 (COL-FL-028); mechanical team engaged.,,e7963375-5e86-48ea-9553-3f5dbb55d897,94c16a8c-074b-4b37-ab95-493170740735,94c16a8c-074b-4b37-ab95-493170740735,2026-04-30 12:34:00+00,2026-05-11 08:44:00+00,2026-05-11 08:44:00+00,,"{""component"": ""oil"", ""asset_code"": ""LLX-COL-0028"", ""trigger_snapshot"": ""2026-04-10""}",2026-04-30 12:34:00+00,2026-08-10 19:03:05.467947+00
33acacbf-0f7b-497a-bf00-b7650f5c33dd,TCK-000779,f2d5a5b2-310e-43cf-82f1-309c2eb07785,c537c281-b6ad-4842-94ec-e937be0083e5,Uneven tyre wear and vibration at speed,"Driver reports steering vibration at highway speed. Suspect uneven tyre wear; requesting inspection, rotation and alignment.

Vehicle: KDH Van (WP PD-4287), bay D-005.",in_progress,medium,medium,medium,mechanical,mechanical,Tire issue reported on KDH Van (WP PD-4287); mechanical team engaged.,,05a77caf-f9f7-4abd-b0de-6bdb711e0ed4,ff7c83e7-5c79-453d-ba13-4194d70d1e17,,2026-07-30 13:48:00+00,,,,"{""component"": ""tire"", ""asset_code"": ""LLX-COL-0185"", ""trigger_snapshot"": ""2026-07-10""}",2026-07-30 13:48:00+00,2026-08-10 19:03:05.467947+00
2627264a-17a8-43fd-8ba1-78da3e7875ef,TCK-000780,ca71281e-9b47-4bc5-b3f4-ed06717e18b9,c537c281-b6ad-4842-94ec-e937be0083e5,Engine oil life exhausted - service overdue,"Oil life monitor has reached the end of its interval. Requesting engine oil and filter service before further dispatch.

Vehicle: Komatsu FD25 (COL-FL-018), bay A-018.",closed,low,low,low,mechanical,mechanical,Oil issue reported on Komatsu FD25 (COL-FL-018); mechanical team engaged.,,3c6ba945-55ef-47fe-9802-5f789e60e620,26786492-bebd-4e3a-8719-4c486f70d604,26786492-bebd-4e3a-8719-4c486f70d604,2025-08-16 13:49:00+00,2025-08-29 14:44:00+00,2025-08-29 14:44:00+00,2025-09-08 14:24:00+00,"{""component"": ""oil"", ""asset_code"": ""LLX-COL-0018"", ""trigger_snapshot"": ""2025-08-10""}",2025-08-16 13:49:00+00,2026-08-10 19:03:05.467947+00
98f8d85d-73dc-4d11-a39b-66a2539837c9,TCK-000781,b647377d-4e28-420a-8594-5d9526f71c36,8f2b1c74-59d3-4a6e-9b21-7c4e0a5d3f88,Uneven tyre wear and vibration at speed,"Driver reports steering vibration at highway speed. Suspect uneven tyre wear; requesting inspection, rotation and alignment.

Vehicle: Komatsu FD25 (GLE-FL-001), bay A-001.",closed,high,high,high,electrical,mechanical,Tire issue reported on Komatsu FD25 (GLE-FL-001); mechanical team engaged.,,ad2e1449-cbe7-43b8-aea2-7be82609150a,e20935a5-5128-4f38-92b2-23e2cc66c4ed,e20935a5-5128-4f38-92b2-23e2cc66c4ed,2025-11-17 14:25:00+00,2025-11-27 13:27:00+00,2025-11-27 13:27:00+00,2025-12-05 12:11:00+00,"{""component"": ""tire"", ""asset_code"": ""LLX-GLE-0001"", ""trigger_snapshot"": ""2025-11-10""}",2025-11-17 14:25:00+00,2026-08-10 19:03:05.467947+00
4a32f64f-839e-492e-b1f0-b6fa0053e7eb,TCK-000782,1d5b6c37-64b0-4d21-8246-f5c0ff1ce270,c537c281-b6ad-4842-94ec-e937be0083e5,Brake performance degraded - inspection required,"Driver reports longer stopping distance and reduced pedal firmness. Brake wear indicator is low on condition monitoring. Mechanical team to inspect pads, discs and brake fluid.

Vehicle: Piaggio Porter (WP LB-1642), bay E-055.",closed,high,high,high,mechanical,mechanical,Brake issue reported on Piaggio Porter (WP LB-1642); mechanical team engaged.,,3b846a2c-7ff9-489b-a54d-505dbf50778b,3a8a06de-92d4-4f46-9eee-923b07539d6c,3a8a06de-92d4-4f46-9eee-923b07539d6c,2024-11-10 05:35:00+00,2024-11-11 05:14:00+00,2024-11-11 05:14:00+00,2024-11-16 09:20:00+00,"{""component"": ""brake"", ""asset_code"": ""LLX-COL-0295"", ""trigger_snapshot"": ""2024-11-10""}",2024-11-10 05:35:00+00,2026-08-10 19:03:05.467947+00
1b542d9d-2c88-4137-bff5-bd129e582156,TCK-000783,7b1c6418-d8c1-4878-a89a-2db6ff2c9cf8,23a10ad6-f2ff-4aab-9878-de0f37f6bbe0,Repeated hard starting in early shift,"Vehicle requires multiple crank attempts at shift start. Battery state of health is degraded on monitoring. Requesting battery and charging system diagnosis.

Vehicle: Nissan Caravan (UP PC-7371), bay B-014.",closed,medium,medium,medium,electrical,electrical,Battery issue reported on Nissan Caravan (UP PC-7371); electrical team engaged.,,bde86dca-cbc5-42f7-9f67-3f1be7a6da72,b5be5681-f4d2-49ed-bcbc-b5a7d226bfca,b5be5681-f4d2-49ed-bcbc-b5a7d226bfca,2025-11-13 15:33:00+00,2025-12-04 15:47:00+00,2025-12-04 15:47:00+00,2025-12-09 15:11:00+00,"{""component"": ""battery"", ""asset_code"": ""LLX-BDL-0074"", ""trigger_snapshot"": ""2025-11-10""}",2025-11-13 15:33:00+00,2026-08-10 19:03:05.467947+00
0a6debb1-53bb-43ba-b949-47ce3ac22877,TCK-000784,f1e20e54-20b6-4095-bbad-090791fe2b7a,8f2b1c74-59d3-4a6e-9b21-7c4e0a5d3f88,Telematics unit not reporting,"Sensor gateway on this vehicle has stopped publishing readings. Software team to check the telematics unit, SIM connectivity and data pipeline ingestion.

Vehicle: Heli CPCD30 (GLE-FL-060), bay A-060.",closed,medium,medium,medium,software,software,Telematics issue reported on Heli CPCD30 (GLE-FL-060); software team engaged.,,eeb4530b-f017-42ea-a0e8-41ea6f22d5b4,4fb48d89-3d11-4b1c-b34a-fc8824c4d74a,4fb48d89-3d11-4b1c-b34a-fc8824c4d74a,2026-01-22 12:19:00+00,2026-02-02 11:41:00+00,2026-02-02 11:41:00+00,2026-02-03 07:31:00+00,"{""component"": ""telematics"", ""asset_code"": ""LLX-GLE-0060"", ""trigger_snapshot"": ""2026-01-10""}",2026-01-22 12:19:00+00,2026-08-10 19:03:05.467947+00
edbcfe9a-e19d-45f8-be17-20021b9b45fe,TCK-000785,3c82a462-9434-4939-9d5c-e45a2d7c1b9a,23a10ad6-f2ff-4aab-9878-de0f37f6bbe0,Brake performance degraded - inspection required,"Driver reports longer stopping distance and reduced pedal firmness. Brake wear indicator is low on condition monitoring. Mechanical team to inspect pads, discs and brake fluid.

Vehicle: Heli CPCD25 (BDL-FL-030), bay A-030.",resolved,high,high,high,mechanical,mechanical,Brake issue reported on Heli CPCD25 (BDL-FL-030); mechanical team engaged.,,081a9d77-5a33-48dd-af46-504fc0bbd34a,33de58c2-5dc4-4385-bc4c-9ad66a6fe320,33de58c2-5dc4-4385-bc4c-9ad66a6fe320,2025-10-20 13:42:00+00,2025-10-27 08:18:00+00,2025-10-27 08:18:00+00,,"{""component"": ""brake"", ""asset_code"": ""LLX-BDL-0030"", ""trigger_snapshot"": ""2025-10-10""}",2025-10-20 13:42:00+00,2026-08-10 19:03:05.467947+00
059b6776-861e-4a15-96cc-bb8fbf56ff57,TCK-000786,00cd8313-ac0b-4c37-9c9c-c5e9cdfb7b2c,23a10ad6-f2ff-4aab-9878-de0f37f6bbe0,Brake performance degraded - inspection required,"Driver reports longer stopping distance and reduced pedal firmness. Brake wear indicator is low on condition monitoring. Mechanical team to inspect pads, discs and brake fluid.

Vehicle: Nissan Caravan (UP PC-9235), bay B-022.",resolved,medium,medium,medium,mechanical,mechanical,Brake issue reported on Nissan Caravan (UP PC-9235); mechanical team engaged.,,bde86dca-cbc5-42f7-9f67-3f1be7a6da72,ee5357e0-7ef0-49d6-aba4-c3a983e97bbd,ee5357e0-7ef0-49d6-aba4-c3a983e97bbd,2026-05-20 09:33:00+00,2026-05-21 11:55:00+00,2026-05-21 11:55:00+00,,"{""component"": ""brake"", ""asset_code"": ""LLX-BDL-0082"", ""trigger_snapshot"": ""2026-05-10""}",2026-05-20 09:33:00+00,2026-08-10 19:03:05.467947+00
f1115d81-59f5-4e30-adac-8aee1ccf62f0,TCK-000787,dc6c2c1e-89ee-45c7-a5f2-834350b21343,c537c281-b6ad-4842-94ec-e937be0083e5,Tyre wear beyond service limit,"Tread depth is below the service threshold on condition monitoring. Requesting tyre replacement and wheel alignment check.

Vehicle: Komatsu FD25 (COL-FL-015), bay A-015.",closed,high,high,high,mechanical,mechanical,Tire issue reported on Komatsu FD25 (COL-FL-015); mechanical team engaged.,,d5dd1ba4-1bf3-40e4-83b9-ce983379a814,f99df61d-d168-4c17-b0fc-99832b736ca8,f99df61d-d168-4c17-b0fc-99832b736ca8,2026-02-10 12:22:00+00,2026-02-25 15:37:00+00,2026-02-25 15:37:00+00,2026-03-02 17:04:00+00,"{""component"": ""tire"", ""asset_code"": ""LLX-COL-0015"", ""trigger_snapshot"": ""2026-02-10""}",2026-02-10 12:22:00+00,2026-08-10 19:03:05.467947+00
b602b53a-c70a-48bb-9d7d-5b5377bb3945,TCK-000788,ade73aa5-abb3-42a0-81da-be1c7107ab2f,23a10ad6-f2ff-4aab-9878-de0f37f6bbe0,Odometer readings inconsistent in platform,"Reported odometer on the platform disagrees with the vehicle cluster. Software team to verify sensor mapping and ingestion for this asset.

Vehicle: Tata Ace (UP LA-3207), bay B-037.",closed,medium,medium,medium,software,software,Telematics issue reported on Tata Ace (UP LA-3207); software team engaged.,,6e2f5d4a-4842-4cac-8156-c863d330342d,ea52bfbe-19f5-4dff-86bf-a319e0bec453,ea52bfbe-19f5-4dff-86bf-a319e0bec453,2026-02-10 09:13:00+00,2026-02-27 10:45:00+00,2026-02-27 10:45:00+00,2026-03-02 05:35:00+00,"{""component"": ""telematics"", ""asset_code"": ""LLX-BDL-0097"", ""trigger_snapshot"": ""2026-02-10""}",2026-02-10 09:13:00+00,2026-08-10 19:03:05.467947+00
3b7aeaf0-11ea-4548-90e8-2caec3433c6e,TCK-000801,f2ac46ad-d9c1-4de6-b888-ed5da0721d12,8f2b1c74-59d3-4a6e-9b21-7c4e0a5d3f88,Tyre wear beyond service limit,"Tread depth is below the service threshold on condition monitoring. Requesting tyre replacement and wheel alignment check.

Vehicle: Komatsu FD25 (GLE-FL-003), bay A-003.",closed,high,high,high,mechanical,mechanical,Tire issue reported on Komatsu FD25 (GLE-FL-003); mechanical team engaged.,,d0ea5927-2dc8-4928-bde4-56f56868028e,668def89-b35a-453f-8186-ef5ef76662c8,668def89-b35a-453f-8186-ef5ef76662c8,2025-08-28 07:03:00+00,2025-08-30 10:03:00+00,2025-08-30 10:03:00+00,2025-09-02 07:27:00+00,"{""component"": ""tire"", ""asset_code"": ""LLX-GLE-0003"", ""trigger_snapshot"": ""2025-08-10""}",2025-08-28 07:03:00+00,2026-08-10 19:03:05.467947+00
e39b3bba-d353-47b1-96b8-f05e39fd71bf,TCK-000789,800204e4-2aaa-48dd-b2f7-324bb8f7a885,c537c281-b6ad-4842-94ec-e937be0083e5,Brake performance degraded - inspection required,"Driver reports longer stopping distance and reduced pedal firmness. Brake wear indicator is low on condition monitoring. Mechanical team to inspect pads, discs and brake fluid.

Vehicle: Mahindra Bolero Pickup (WP LB-3386), bay E-035.",closed,low,high,low,mechanical,mechanical,Brake issue reported on Mahindra Bolero Pickup (WP LB-3386); mechanical team engaged.,,3c5b8d69-75e5-4a06-9f93-b9c0e7929f9f,ee4d2f5c-11a7-4a36-b4f7-9b4da1d376b2,ee4d2f5c-11a7-4a36-b4f7-9b4da1d376b2,2024-12-30 16:02:00+00,2025-01-16 16:18:00+00,2025-01-16 16:18:00+00,2025-01-21 16:07:00+00,"{""component"": ""brake"", ""asset_code"": ""LLX-COL-0275"", ""trigger_snapshot"": ""2024-12-10""}",2024-12-30 16:02:00+00,2026-08-10 19:03:05.467947+00
a35f4c29-2d82-45fb-8172-8f60e2b32f2b,TCK-000790,c37cac35-0aa8-4526-b95e-3e2c1e845380,c537c281-b6ad-4842-94ec-e937be0083e5,Brake noise reported during descent,"Squealing and vibration reported under braking on gradient. Requesting brake pad and disc inspection before the vehicle returns to route.

Vehicle: KDH Van (WP PD-7475), bay D-013.",closed,high,high,high,mechanical,mechanical,Brake issue reported on KDH Van (WP PD-7475); mechanical team engaged.,,f85e5d5e-23ed-4753-ab5b-6e0d16377b17,507c7fa4-15cb-4173-8c93-4d5d44ecf015,507c7fa4-15cb-4173-8c93-4d5d44ecf015,2025-05-27 15:38:00+00,2025-06-13 16:50:00+00,2025-06-13 16:50:00+00,2025-06-21 14:30:00+00,"{""component"": ""brake"", ""asset_code"": ""LLX-COL-0193"", ""trigger_snapshot"": ""2025-05-10""}",2025-05-27 15:38:00+00,2026-08-10 19:03:05.467947+00
a8f971d9-7c0b-4f85-8f80-f216d0e65a64,TCK-000791,77015d20-5ece-46a1-a044-e15492d2686e,8f2b1c74-59d3-4a6e-9b21-7c4e0a5d3f88,Engine oil life exhausted - service overdue,"Oil life monitor has reached the end of its interval. Requesting engine oil and filter service before further dispatch.

Vehicle: Isuzu ELF NKR (SP LC-7709), bay D-037.",in_progress,high,high,high,mechanical,mechanical,Oil issue reported on Isuzu ELF NKR (SP LC-7709); mechanical team engaged.,,c12a28ec-f8a3-4067-a28b-e74e671af3b1,a363109b-c8ce-4177-9d91-030ac0b8df3a,,2026-06-25 14:28:00+00,,,,"{""component"": ""oil"", ""asset_code"": ""LLX-GLE-0217"", ""trigger_snapshot"": ""2026-06-10""}",2026-06-25 14:28:00+00,2026-08-10 19:03:05.467947+00
6649e46b-aff2-4ad7-9fe6-dd2a25bf19d1,TCK-000792,92c0b41e-51fd-4f18-be86-0367ac6d1573,8f2b1c74-59d3-4a6e-9b21-7c4e0a5d3f88,Hydraulic fluid weeping at cylinder,"Visible weeping at the lift cylinder and reduced hydraulic performance on monitoring. Requesting seal replacement.

Vehicle: Piaggio Porter (SP LB-6206), bay C-022.",resolved,high,high,high,software,mechanical,Hydraulic issue reported on Piaggio Porter (SP LB-6206); mechanical team engaged.,,37ca13f3-3ccd-4bd9-b6e2-1e3c3f50d68f,f2993108-7085-4a34-95a5-74c5c3a8410d,f2993108-7085-4a34-95a5-74c5c3a8410d,2025-06-30 14:20:00+00,2025-07-12 10:04:00+00,2025-07-12 10:04:00+00,,"{""component"": ""hydraulic"", ""asset_code"": ""LLX-GLE-0142"", ""trigger_snapshot"": ""2025-06-10""}",2025-06-30 14:20:00+00,2026-08-10 19:03:05.467947+00
fa36d271-41b6-40ed-9c70-fe84548a0ed7,TCK-000793,8b75dceb-594a-4502-8cc6-0c0759113370,23a10ad6-f2ff-4aab-9878-de0f37f6bbe0,Repeated hard starting in early shift,"Vehicle requires multiple crank attempts at shift start. Battery state of health is degraded on monitoring. Requesting battery and charging system diagnosis.

Vehicle: Mitsubishi Canter (UP LD-5165), bay C-038.",closed,high,low,high,electrical,electrical,Battery issue reported on Mitsubishi Canter (UP LD-5165); electrical team engaged.,,65d43a9f-e305-49af-994b-5a76143bbac5,5797f891-99a9-4a6a-b447-0d48d749c9b0,5797f891-99a9-4a6a-b447-0d48d749c9b0,2024-08-16 05:06:00+00,2024-08-22 07:21:00+00,2024-08-22 07:21:00+00,2024-08-31 05:00:00+00,"{""component"": ""battery"", ""asset_code"": ""LLX-BDL-0158"", ""trigger_snapshot"": ""2024-08-10""}",2024-08-16 05:06:00+00,2026-08-10 19:03:05.467947+00
d856ef31-f51e-4b1f-849b-5a87ae69eec9,TCK-000794,cbe6997b-b167-4ef2-b3fb-c9b979c58616,c537c281-b6ad-4842-94ec-e937be0083e5,Uneven tyre wear and vibration at speed,"Driver reports steering vibration at highway speed. Suspect uneven tyre wear; requesting inspection, rotation and alignment.

Vehicle: Nissan Caravan (WP PD-7293), bay C-053.",resolved,medium,medium,medium,mechanical,mechanical,Tire issue reported on Nissan Caravan (WP PD-7293); mechanical team engaged.,,349e690e-52a1-4c2a-b549-9453d0c5b790,2ea7ff67-fdd7-4d0b-96cd-8dd768decfdd,2ea7ff67-fdd7-4d0b-96cd-8dd768decfdd,2025-10-23 07:27:00+00,2025-11-04 09:43:00+00,2025-11-04 09:43:00+00,,"{""component"": ""tire"", ""asset_code"": ""LLX-COL-0173"", ""trigger_snapshot"": ""2025-10-10""}",2025-10-23 07:27:00+00,2026-08-10 19:03:05.467947+00
78403ad3-88a1-47b2-b513-c259c207c9d7,TCK-000795,a617a52f-35c1-4931-8f2c-6a101486206d,c537c281-b6ad-4842-94ec-e937be0083e5,Odometer readings inconsistent in platform,"Reported odometer on the platform disagrees with the vehicle cluster. Software team to verify sensor mapping and ingestion for this asset.

Vehicle: Komatsu FD30 (COL-FL-128), bay C-008.",closed,medium,medium,medium,software,software,Telematics issue reported on Komatsu FD30 (COL-FL-128); software team engaged.,,2ab72bf9-6e1e-4de2-9de6-563d411c74df,5b4b300b-3f2b-4fb0-bc62-3eae56605668,5b4b300b-3f2b-4fb0-bc62-3eae56605668,2025-02-10 09:35:00+00,2025-02-20 15:30:00+00,2025-02-20 15:30:00+00,2025-02-24 08:40:00+00,"{""component"": ""telematics"", ""asset_code"": ""LLX-COL-0128"", ""trigger_snapshot"": ""2025-02-10""}",2025-02-10 09:35:00+00,2026-08-10 19:03:05.467947+00
acd7cd7b-91f7-4ce8-abfd-dd7c05458c7c,TCK-000796,0066c4b1-aaf6-46c6-aef2-d1ec9d2d8198,8f2b1c74-59d3-4a6e-9b21-7c4e0a5d3f88,Brake performance degraded - inspection required,"Driver reports longer stopping distance and reduced pedal firmness. Brake wear indicator is low on condition monitoring. Mechanical team to inspect pads, discs and brake fluid.

Vehicle: Mahindra Bolero Pickup (SP LB-9192), bay C-030.",open,high,high,high,mechanical,mechanical,Brake issue reported on Mahindra Bolero Pickup (SP LB-9192); mechanical team engaged.,,7e4c901d-77fc-4c10-a16e-4444d40fb582,af5f0096-7cc6-4d72-ab69-0a461681aeb5,,2025-07-12 13:29:00+00,,,,"{""component"": ""brake"", ""asset_code"": ""LLX-GLE-0150"", ""trigger_snapshot"": ""2025-07-10""}",2025-07-12 13:29:00+00,2026-08-10 19:03:05.467947+00
bc649a3b-1dc7-4901-9ceb-e0346fb4a5a5,TCK-000797,6259aa13-13fd-4c07-9694-6fadabb85a6e,8f2b1c74-59d3-4a6e-9b21-7c4e0a5d3f88,Battery voltage low - charging system check required,"Battery voltage trend is below target and the vehicle is slow to crank in the morning. Electrical team to test battery health, alternator output and earth connections.

Vehicle: Tata Ultra T.7 (SP LD-9023), bay D-040.",closed,high,high,high,electrical,electrical,Battery issue reported on Tata Ultra T.7 (SP LD-9023); electrical team engaged.,,87713bdb-3a75-494d-9e8e-93ac114276ec,1104d968-5037-4023-88d2-b1bb835afe68,1104d968-5037-4023-88d2-b1bb835afe68,2024-08-11 15:21:00+00,2024-08-17 06:26:00+00,2024-08-17 06:26:00+00,2024-08-20 07:39:00+00,"{""component"": ""battery"", ""asset_code"": ""LLX-GLE-0220"", ""trigger_snapshot"": ""2024-08-10""}",2024-08-11 15:21:00+00,2026-08-10 19:03:05.467947+00
97387a18-2c8c-457d-863e-d3241601c3f8,TCK-000798,32cff7cf-fdf3-4721-a472-2f6af51c9cd6,8f2b1c74-59d3-4a6e-9b21-7c4e0a5d3f88,Engine oil life exhausted - service overdue,"Oil life monitor has reached the end of its interval. Requesting engine oil and filter service before further dispatch.

Vehicle: Mitsubishi Fuso Fighter (SP LF-9902), bay D-058.",closed,high,high,high,mechanical,mechanical,Oil issue reported on Mitsubishi Fuso Fighter (SP LF-9902); mechanical team engaged.,,96d7b341-3b80-4e82-b373-71627dbbd59c,57ace99d-32e1-4aae-af41-0861213bfb33,57ace99d-32e1-4aae-af41-0861213bfb33,2025-03-30 11:55:00+00,2025-04-04 15:45:00+00,2025-04-04 15:45:00+00,2025-04-11 10:47:00+00,"{""component"": ""oil"", ""asset_code"": ""LLX-GLE-0238"", ""trigger_snapshot"": ""2025-03-10""}",2025-03-30 11:55:00+00,2026-08-10 19:03:05.467947+00
a060c65b-6e23-41ac-89e2-d9c8dec1bae0,TCK-000799,29ba84c9-2dd9-4ad7-9b0d-98916c0764ea,23a10ad6-f2ff-4aab-9878-de0f37f6bbe0,Fault codes not clearing after service,"Active fault codes remain present on the dashboard after the workshop reset. Requesting diagnostic tool session and ECU log review.

Vehicle: Toyota 8FD30 (BDL-FL-041), bay A-041.",closed,medium,medium,medium,software,software,Telematics issue reported on Toyota 8FD30 (BDL-FL-041); software team engaged.,,8a0dc0c8-8bed-4024-a051-dbed41ba8410,32f7d1c4-7b8c-461e-bc5f-f5d2eae53e3a,32f7d1c4-7b8c-461e-bc5f-f5d2eae53e3a,2026-01-26 07:46:00+00,2026-02-18 10:46:00+00,2026-02-18 10:46:00+00,2026-02-24 14:34:00+00,"{""component"": ""telematics"", ""asset_code"": ""LLX-BDL-0041"", ""trigger_snapshot"": ""2026-01-10""}",2026-01-26 07:46:00+00,2026-08-10 19:03:05.467947+00
a813d8c5-1151-4dcc-812d-ad96ff3034b3,TCK-000800,fa4185a7-13ac-41c1-bccd-1a79b532dfd8,23a10ad6-f2ff-4aab-9878-de0f37f6bbe0,Brake performance degraded - inspection required,"Driver reports longer stopping distance and reduced pedal firmness. Brake wear indicator is low on condition monitoring. Mechanical team to inspect pads, discs and brake fluid.

Vehicle: Mahindra Bolero Pickup (UP LA-2524), bay B-045.",closed,medium,medium,medium,mechanical,mechanical,Brake issue reported on Mahindra Bolero Pickup (UP LA-2524); mechanical team engaged.,,6d59fbf8-43a3-4448-8a6b-b1bfd7c603ee,190182a8-16ad-4409-a912-e59276021f4c,190182a8-16ad-4409-a912-e59276021f4c,2025-12-16 05:10:00+00,2026-01-08 11:31:00+00,2026-01-08 11:31:00+00,2026-01-16 10:35:00+00,"{""component"": ""brake"", ""asset_code"": ""LLX-BDL-0105"", ""trigger_snapshot"": ""2025-12-10""}",2025-12-16 05:10:00+00,2026-08-10 19:03:05.467947+00
007be137-4e1a-4f7a-86ab-460e002fbc0a,TCK-000802,8fb86d99-7555-4129-9577-97b69f973617,8f2b1c74-59d3-4a6e-9b21-7c4e0a5d3f88,Engine oil life exhausted - service overdue,"Oil life monitor has reached the end of its interval. Requesting engine oil and filter service before further dispatch.

Vehicle: Toyota HiAce (SP PD-6479), bay C-018.",closed,medium,low,medium,mechanical,mechanical,Oil issue reported on Toyota HiAce (SP PD-6479); mechanical team engaged.,,3351801a-f8d9-48ae-a19c-421b6d81bcf8,51de8298-573f-473b-b907-584ec33f7841,51de8298-573f-473b-b907-584ec33f7841,2024-08-13 17:14:00+00,2024-09-01 06:42:00+00,2024-09-01 06:42:00+00,2024-09-09 06:11:00+00,"{""component"": ""oil"", ""asset_code"": ""LLX-GLE-0138"", ""trigger_snapshot"": ""2024-08-10""}",2024-08-13 17:14:00+00,2026-08-10 19:03:05.467947+00
5bbf0dd7-2f97-4789-90e8-b42cef7ae0aa,TCK-000803,6790cbaf-798f-4239-b0c3-7b10c7a1c8a4,c537c281-b6ad-4842-94ec-e937be0083e5,Engine oil life exhausted - service overdue,"Oil life monitor has reached the end of its interval. Requesting engine oil and filter service before further dispatch.

Vehicle: Tata Ace (WP LB-6583), bay E-039.",closed,medium,medium,medium,mechanical,mechanical,Oil issue reported on Tata Ace (WP LB-6583); mechanical team engaged.,,4fa2752c-21e0-493e-9323-ee28c5c15ff0,7ab528b9-cbf7-4b46-8d45-847ab79da77d,7ab528b9-cbf7-4b46-8d45-847ab79da77d,2025-06-27 10:13:00+00,2025-07-05 11:07:00+00,2025-07-05 11:07:00+00,2025-07-08 13:14:00+00,"{""component"": ""oil"", ""asset_code"": ""LLX-COL-0279"", ""trigger_snapshot"": ""2025-06-10""}",2025-06-27 10:13:00+00,2026-08-10 19:03:05.467947+00
f9c2c732-f19e-42df-8f4a-38a4022f5611,TCK-000804,91ac7b04-1283-4e99-abe0-bc5563715f65,23a10ad6-f2ff-4aab-9878-de0f37f6bbe0,Tyre wear beyond service limit,"Tread depth is below the service threshold on condition monitoring. Requesting tyre replacement and wheel alignment check.

Vehicle: Tata Ace (UP LA-7802), bay B-044.",closed,medium,high,medium,mechanical,mechanical,Tire issue reported on Tata Ace (UP LA-7802); mechanical team engaged.,,d8f399ad-71ac-433b-9603-54c2ebce9462,246980b5-110b-4571-9060-906f0c1ed19f,246980b5-110b-4571-9060-906f0c1ed19f,2025-03-15 14:35:00+00,2025-03-27 13:38:00+00,2025-03-27 13:38:00+00,2025-03-28 10:25:00+00,"{""component"": ""tire"", ""asset_code"": ""LLX-BDL-0104"", ""trigger_snapshot"": ""2025-03-10""}",2025-03-15 14:35:00+00,2026-08-10 19:03:05.467947+00
e78e060a-ee71-42ae-8ac7-9221ce33b2cd,TCK-000805,ea128ceb-377c-4031-83f9-91efed2a3b46,c537c281-b6ad-4842-94ec-e937be0083e5,Hydraulic lift slow to respond,"Forklift mast raises slowly under load and drifts down when held. Requesting hydraulic fluid, seal and pump inspection.

Vehicle: Heli CPCD30 (COL-FL-112), bay B-052.",closed,high,high,high,mechanical,mechanical,Hydraulic issue reported on Heli CPCD30 (COL-FL-112); mechanical team engaged.,,cac7fce9-a8ce-4c4b-b9af-450821cb4b6c,4f99efd4-c45f-49c6-8b6c-f80715333c15,4f99efd4-c45f-49c6-8b6c-f80715333c15,2024-08-22 11:39:00+00,2024-09-07 08:01:00+00,2024-09-07 08:01:00+00,2024-09-11 09:03:00+00,"{""component"": ""hydraulic"", ""asset_code"": ""LLX-COL-0112"", ""trigger_snapshot"": ""2024-08-10""}",2024-08-22 11:39:00+00,2026-08-10 19:03:05.467947+00
f2fd3833-9f76-4751-9aaf-ecdb87a124fc,TCK-000806,8a53f477-ce2a-4fbf-b1a6-2c6f232b9842,c537c281-b6ad-4842-94ec-e937be0083e5,Engine oil life exhausted - service overdue,"Oil life monitor has reached the end of its interval. Requesting engine oil and filter service before further dispatch.

Vehicle: Nissan Caravan (WP PD-3675), bay C-040.",resolved,medium,medium,medium,mechanical,mechanical,Oil issue reported on Nissan Caravan (WP PD-3675); mechanical team engaged.,,8741b992-805d-4859-9e1a-4d49d82c9a99,26786492-bebd-4e3a-8719-4c486f70d604,26786492-bebd-4e3a-8719-4c486f70d604,2026-06-21 09:00:00+00,2026-07-07 16:48:00+00,2026-07-07 16:48:00+00,,"{""component"": ""oil"", ""asset_code"": ""LLX-COL-0160"", ""trigger_snapshot"": ""2026-06-10""}",2026-06-21 09:00:00+00,2026-08-10 19:03:05.467947+00
f084e39a-78e9-4df5-a6bf-4119101ba389,TCK-000807,f0cbcf39-2244-4ff3-b4fd-19dc55090ed5,8f2b1c74-59d3-4a6e-9b21-7c4e0a5d3f88,Engine oil life exhausted - service overdue,"Oil life monitor has reached the end of its interval. Requesting engine oil and filter service before further dispatch.

Vehicle: Isuzu ELF NKR (SP LD-7642), bay D-017.",closed,medium,low,medium,mechanical,mechanical,Oil issue reported on Isuzu ELF NKR (SP LD-7642); mechanical team engaged.,,397e1e00-170b-4c0a-a77a-5f5cc3c7646c,9a38f54e-0c39-48c6-9c31-f8bc268a9f2a,9a38f54e-0c39-48c6-9c31-f8bc268a9f2a,2025-08-22 06:47:00+00,2025-09-15 05:31:00+00,2025-09-15 05:31:00+00,2025-09-18 05:15:00+00,"{""component"": ""oil"", ""asset_code"": ""LLX-GLE-0197"", ""trigger_snapshot"": ""2025-08-10""}",2025-08-22 06:47:00+00,2026-08-10 19:03:05.467947+00
10702ee1-7f48-46ee-be41-f5dd24a187e4,TCK-000808,c63a621c-6822-4256-8f0d-3408b6178efc,8f2b1c74-59d3-4a6e-9b21-7c4e0a5d3f88,Uneven tyre wear and vibration at speed,"Driver reports steering vibration at highway speed. Suspect uneven tyre wear; requesting inspection, rotation and alignment.

Vehicle: Nissan Caravan (SP PE-6597), bay B-050.",open,high,medium,high,mechanical,mechanical,Tire issue reported on Nissan Caravan (SP PE-6597); mechanical team engaged.,,0661a2e7-11df-4c5f-9bf0-1750efed60a9,e3d88daf-a639-4654-8343-b7925af44312,,2026-07-24 17:46:00+00,,,,"{""component"": ""tire"", ""asset_code"": ""LLX-GLE-0110"", ""trigger_snapshot"": ""2026-07-10""}",2026-07-24 17:46:00+00,2026-08-10 19:03:05.467947+00
f1554736-9a47-4c38-a21a-4f028897054a,TCK-000809,4c94408f-abd6-4220-a0a2-bbaa2f1a7fdb,23a10ad6-f2ff-4aab-9878-de0f37f6bbe0,Battery voltage low - charging system check required,"Battery voltage trend is below target and the vehicle is slow to crank in the morning. Electrical team to test battery health, alternator output and earth connections.

Vehicle: Tata Ultra T.7 (UP LC-4862), bay C-052.",open,medium,medium,medium,electrical,electrical,Battery issue reported on Tata Ultra T.7 (UP LC-4862); electrical team engaged.,,3be2c4f8-a30e-4b7b-8104-fe633928c764,65a5b696-653b-4c78-8e17-17f954b7992b,,2026-07-14 05:04:00+00,,,,"{""component"": ""battery"", ""asset_code"": ""LLX-BDL-0172"", ""trigger_snapshot"": ""2026-07-10""}",2026-07-14 05:04:00+00,2026-08-10 19:03:05.467947+00
d8f4cf8d-8ea2-43bc-b2de-ca1446503eda,TCK-000810,545194fb-1b41-420b-8ec6-763c077848f9,c537c281-b6ad-4842-94ec-e937be0083e5,Telematics unit not reporting,"Sensor gateway on this vehicle has stopped publishing readings. Software team to check the telematics unit, SIM connectivity and data pipeline ingestion.

Vehicle: Tata Signa 1918 (WP LH-7703), bay G-040.",closed,medium,medium,medium,software,software,Telematics issue reported on Tata Signa 1918 (WP LH-7703); software team engaged.,,4f3a3dc2-e549-4297-9901-d7612b6c6e8b,e18b9597-e19d-4125-87b3-e16052485871,e18b9597-e19d-4125-87b3-e16052485871,2024-12-18 11:21:00+00,2024-12-22 06:22:00+00,2024-12-22 06:22:00+00,2024-12-25 08:15:00+00,"{""component"": ""telematics"", ""asset_code"": ""LLX-COL-0400"", ""trigger_snapshot"": ""2024-12-10""}",2024-12-18 11:21:00+00,2026-08-10 19:03:05.467947+00
98805540-60d5-4f22-8f7a-ee6927347558,TCK-000811,df5d742f-6174-49e1-83e3-749a1b252397,8f2b1c74-59d3-4a6e-9b21-7c4e0a5d3f88,Uneven tyre wear and vibration at speed,"Driver reports steering vibration at highway speed. Suspect uneven tyre wear; requesting inspection, rotation and alignment.

Vehicle: Mitsubishi Canter (SP LD-8664), bay D-004.",closed,high,medium,high,mechanical,mechanical,Tire issue reported on Mitsubishi Canter (SP LD-8664); mechanical team engaged.,,5077f2db-a9a6-47be-bf07-078507aa5b1b,90850f19-81e7-4b88-ba8f-72ef0e0578fa,90850f19-81e7-4b88-ba8f-72ef0e0578fa,2024-12-25 05:15:00+00,2025-01-12 07:34:00+00,2025-01-12 07:34:00+00,2025-01-14 05:23:00+00,"{""component"": ""tire"", ""asset_code"": ""LLX-GLE-0184"", ""trigger_snapshot"": ""2024-12-10""}",2024-12-25 05:15:00+00,2026-08-10 19:03:05.467947+00
8c756f70-37ea-4cb8-a6d3-a2cb905b36d3,TCK-000812,5fe7a88d-f3fc-428a-b901-e00069f9cbb2,8f2b1c74-59d3-4a6e-9b21-7c4e0a5d3f88,Fault codes not clearing after service,"Active fault codes remain present on the dashboard after the workshop reset. Requesting diagnostic tool session and ECU log review.

Vehicle: Heli CPCD30 (GLE-FL-089), bay B-029.",open,low,low,low,software,software,Telematics issue reported on Heli CPCD30 (GLE-FL-089); software team engaged.,,95216ddb-1bf9-4e90-9467-1ce014997f32,17a78c48-dd35-41f3-9ae8-30460de6feb8,,2026-08-07 06:54:00+00,,,,"{""component"": ""telematics"", ""asset_code"": ""LLX-GLE-0089"", ""trigger_snapshot"": ""2026-08-10""}",2026-08-07 06:54:00+00,2026-08-10 19:03:05.467947+00
380f53b5-b982-4df5-a9a3-3abf8e3cd73b,TCK-000813,1f6a8a84-a2fa-40ab-a885-7f6f18e22cb0,8f2b1c74-59d3-4a6e-9b21-7c4e0a5d3f88,Brake noise reported during descent,"Squealing and vibration reported under braking on gradient. Requesting brake pad and disc inspection before the vehicle returns to route.

Vehicle: Heli CPCD25 (GLE-FL-018), bay A-018.",closed,medium,medium,medium,mechanical,mechanical,Brake issue reported on Heli CPCD25 (GLE-FL-018); mechanical team engaged.,,df4c0193-faeb-4abd-925d-19853046c7b2,a363109b-c8ce-4177-9d91-030ac0b8df3a,a363109b-c8ce-4177-9d91-030ac0b8df3a,2024-12-30 07:17:00+00,2025-01-23 05:46:00+00,2025-01-23 05:46:00+00,2025-01-30 17:24:00+00,"{""component"": ""brake"", ""asset_code"": ""LLX-GLE-0018"", ""trigger_snapshot"": ""2024-12-10""}",2024-12-30 07:17:00+00,2026-08-10 19:03:05.467947+00
89e9ae72-1440-4fe2-9e6b-ed34e4c9bf26,TCK-000814,2e33fc8e-d86d-4678-aa3a-cfd69e33156e,23a10ad6-f2ff-4aab-9878-de0f37f6bbe0,Tyre wear beyond service limit,"Tread depth is below the service threshold on condition monitoring. Requesting tyre replacement and wheel alignment check.

Vehicle: Toyota HiAce (UP PC-9879), bay A-051.",resolved,low,low,low,mechanical,mechanical,Tire issue reported on Toyota HiAce (UP PC-9879); mechanical team engaged.,,1ad7ac67-7360-49fc-8826-4c87c34eb6bc,35b9a8e8-5284-40f5-9348-5f1e994c12f1,35b9a8e8-5284-40f5-9348-5f1e994c12f1,2026-05-16 08:41:00+00,2026-05-31 07:23:00+00,2026-05-31 07:23:00+00,,"{""component"": ""tire"", ""asset_code"": ""LLX-BDL-0051"", ""trigger_snapshot"": ""2026-05-10""}",2026-05-16 08:41:00+00,2026-08-10 19:03:05.467947+00
0329176b-b063-41e6-b800-13b987f34ce0,TCK-000815,7e1c9317-2c5e-4218-9703-5af8023b32c9,c537c281-b6ad-4842-94ec-e937be0083e5,Engine oil life exhausted - service overdue,"Oil life monitor has reached the end of its interval. Requesting engine oil and filter service before further dispatch.

Vehicle: Toyota 8FD25 (COL-FL-053), bay A-053.",closed,high,high,high,mechanical,mechanical,Oil issue reported on Toyota 8FD25 (COL-FL-053); mechanical team engaged.,,e926b5a7-d8cf-4bc6-85c7-108e0935ffa1,0b830550-4175-4716-9d78-9b2d69d25855,0b830550-4175-4716-9d78-9b2d69d25855,2025-02-13 17:37:00+00,2025-03-02 13:42:00+00,2025-03-02 13:42:00+00,2025-03-10 15:16:00+00,"{""component"": ""oil"", ""asset_code"": ""LLX-COL-0053"", ""trigger_snapshot"": ""2025-02-10""}",2025-02-13 17:37:00+00,2026-08-10 19:03:05.467947+00
78200346-3cf4-4069-a4ac-1f7bb60f715b,TCK-000816,28b7a4b0-a95f-496f-9af5-0e7e5f2c5988,8f2b1c74-59d3-4a6e-9b21-7c4e0a5d3f88,Repeated hard starting in early shift,"Vehicle requires multiple crank attempts at shift start. Battery state of health is degraded on monitoring. Requesting battery and charging system diagnosis.

Vehicle: Nissan Caravan (SP PC-6266), bay B-041.",resolved,medium,medium,medium,electrical,electrical,Battery issue reported on Nissan Caravan (SP PC-6266); electrical team engaged.,,d9fb7d54-ed53-436a-8034-65f6bac6edac,8de2d321-f715-4ebc-b37a-b90f4bef957a,8de2d321-f715-4ebc-b37a-b90f4bef957a,2025-05-15 12:55:00+00,2025-05-23 12:19:00+00,2025-05-23 12:19:00+00,,"{""component"": ""battery"", ""asset_code"": ""LLX-GLE-0101"", ""trigger_snapshot"": ""2025-05-10""}",2025-05-15 12:55:00+00,2026-08-10 19:03:05.467947+00
e881b429-cf41-41ac-91a9-59d1917ce210,TCK-000817,6259aa13-13fd-4c07-9694-6fadabb85a6e,8f2b1c74-59d3-4a6e-9b21-7c4e0a5d3f88,Repeated hard starting in early shift,"Vehicle requires multiple crank attempts at shift start. Battery state of health is degraded on monitoring. Requesting battery and charging system diagnosis.

Vehicle: Tata Ultra T.7 (SP LD-9023), bay D-040.",closed,high,high,high,electrical,electrical,Battery issue reported on Tata Ultra T.7 (SP LD-9023); electrical team engaged.,,e8c335e0-2088-4924-a6e4-c94e52dc1dd6,1104d968-5037-4023-88d2-b1bb835afe68,1104d968-5037-4023-88d2-b1bb835afe68,2024-08-18 13:49:00+00,2024-08-22 11:52:00+00,2024-08-22 11:52:00+00,2024-08-29 14:40:00+00,"{""component"": ""battery"", ""asset_code"": ""LLX-GLE-0220"", ""trigger_snapshot"": ""2024-08-10""}",2024-08-18 13:49:00+00,2026-08-10 19:03:05.467947+00
08fecaef-ed6f-4b16-9551-afaee56bebc3,TCK-000818,652a424c-3af2-46e6-a042-af78454394c6,8f2b1c74-59d3-4a6e-9b21-7c4e0a5d3f88,Uneven tyre wear and vibration at speed,"Driver reports steering vibration at highway speed. Suspect uneven tyre wear; requesting inspection, rotation and alignment.

Vehicle: Toyota HiAce (SP PE-1547), bay C-007.",open,high,high,high,mechanical,mechanical,Tire issue reported on Toyota HiAce (SP PE-1547); mechanical team engaged.,,59873a14-b5e0-4bf4-a48d-6464cb0b6dd6,ed4c1923-4a35-41e6-af73-87d272e16bb9,,2025-01-22 17:12:00+00,,,,"{""component"": ""tire"", ""asset_code"": ""LLX-GLE-0127"", ""trigger_snapshot"": ""2025-01-10""}",2025-01-22 17:12:00+00,2026-08-10 19:03:05.467947+00
58740fe2-4584-47c6-ac79-c8fe82dc190e,TCK-000819,4acf0d69-4c1b-465e-b4c2-648d28c13827,c537c281-b6ad-4842-94ec-e937be0083e5,Brake performance degraded - inspection required,"Driver reports longer stopping distance and reduced pedal firmness. Brake wear indicator is low on condition monitoring. Mechanical team to inspect pads, discs and brake fluid.

Vehicle: Heli CPCD30 (COL-FL-132), bay C-012.",closed,medium,medium,medium,mechanical,mechanical,Brake issue reported on Heli CPCD30 (COL-FL-132); mechanical team engaged.,,d8c9b73b-baf2-4cfd-ba84-ecd851223b7d,7644642e-745c-4474-890f-0f840a0b5df8,7644642e-745c-4474-890f-0f840a0b5df8,2025-09-13 14:41:00+00,2025-09-29 05:32:00+00,2025-09-29 05:32:00+00,2025-10-06 10:59:00+00,"{""component"": ""brake"", ""asset_code"": ""LLX-COL-0132"", ""trigger_snapshot"": ""2025-09-10""}",2025-09-13 14:41:00+00,2026-08-10 19:03:05.467947+00
897fe714-92be-4db8-9846-d583329c87a6,TCK-000820,f233e60a-19f5-46b7-9300-227b1e029eee,8f2b1c74-59d3-4a6e-9b21-7c4e0a5d3f88,Hydraulic lift slow to respond,"Forklift mast raises slowly under load and drifts down when held. Requesting hydraulic fluid, seal and pump inspection.

Vehicle: Mitsubishi Canter (SP LC-2738), bay D-014.",open,medium,medium,medium,mechanical,mechanical,Hydraulic issue reported on Mitsubishi Canter (SP LC-2738); mechanical team engaged.,,bda677d3-7700-431f-a3d6-861b92a3bace,016d73cf-e272-4f8f-a5e9-41a860fec088,,2025-08-16 14:24:00+00,,,,"{""component"": ""hydraulic"", ""asset_code"": ""LLX-GLE-0194"", ""trigger_snapshot"": ""2025-08-10""}",2025-08-16 14:24:00+00,2026-08-10 19:03:05.467947+00
a5cd8e01-fe38-43f3-b3e3-b8cd04baaefe,TCK-000821,c4c3c842-892b-4303-8f9b-bdd7a34a7a32,c537c281-b6ad-4842-94ec-e937be0083e5,Uneven tyre wear and vibration at speed,"Driver reports steering vibration at highway speed. Suspect uneven tyre wear; requesting inspection, rotation and alignment.

Vehicle: Heli CPCD25 (COL-FL-081), bay B-021.",closed,high,high,high,mechanical,mechanical,Tire issue reported on Heli CPCD25 (COL-FL-081); mechanical team engaged.,,e794ba95-b522-45c5-aa4d-2a17ab76071c,d4ab1734-15c1-4d19-a3f3-9db75f910cd8,d4ab1734-15c1-4d19-a3f3-9db75f910cd8,2024-11-24 06:07:00+00,2024-12-05 12:36:00+00,2024-12-05 12:36:00+00,2024-12-09 10:06:00+00,"{""component"": ""tire"", ""asset_code"": ""LLX-COL-0081"", ""trigger_snapshot"": ""2024-11-10""}",2024-11-24 06:07:00+00,2026-08-10 19:03:05.467947+00
0cb83704-3ec6-48e4-8535-f5b6e599a21a,TCK-000822,d8917132-70bc-4d8a-839f-668e5746f32c,c537c281-b6ad-4842-94ec-e937be0083e5,Brake noise reported during descent,"Squealing and vibration reported under braking on gradient. Requesting brake pad and disc inspection before the vehicle returns to route.

Vehicle: Komatsu FD30 (COL-FL-136), bay C-016.",in_progress,high,high,high,mechanical,mechanical,Brake issue reported on Komatsu FD30 (COL-FL-136); mechanical team engaged.,,3a849bbe-d907-4ee0-8770-27c179d6a321,f9e17e55-3ce7-47d6-beff-7dc3c8ecad6c,,2026-04-17 08:10:00+00,,,,"{""component"": ""brake"", ""asset_code"": ""LLX-COL-0136"", ""trigger_snapshot"": ""2026-04-10""}",2026-04-17 08:10:00+00,2026-08-10 19:03:05.467947+00
97471863-1379-44de-95fb-bf969e6d70ae,TCK-000823,61c98589-e751-43f5-ab2d-fe000dc4fce4,8f2b1c74-59d3-4a6e-9b21-7c4e0a5d3f88,Brake performance degraded - inspection required,"Driver reports longer stopping distance and reduced pedal firmness. Brake wear indicator is low on condition monitoring. Mechanical team to inspect pads, discs and brake fluid.

Vehicle: Heli CPCD25 (GLE-FL-044), bay A-044.",in_progress,medium,medium,medium,mechanical,mechanical,Brake issue reported on Heli CPCD25 (GLE-FL-044); mechanical team engaged.,,c9d9cd57-6074-4c5b-87b0-f093e04db48b,198393db-38d9-4a32-b015-0658a170bec1,,2026-04-18 11:40:00+00,,,,"{""component"": ""brake"", ""asset_code"": ""LLX-GLE-0044"", ""trigger_snapshot"": ""2026-04-10""}",2026-04-18 11:40:00+00,2026-08-10 19:03:05.467947+00
98888595-d825-4a54-8df5-16486b7cf515,TCK-000824,7e5d3657-a1ee-4f04-8be0-03269a2fa25d,8f2b1c74-59d3-4a6e-9b21-7c4e0a5d3f88,Hydraulic lift slow to respond,"Forklift mast raises slowly under load and drifts down when held. Requesting hydraulic fluid, seal and pump inspection.

Vehicle: Heli CPCD25 (GLE-FL-045), bay A-045.",closed,medium,medium,medium,mechanical,mechanical,Hydraulic issue reported on Heli CPCD25 (GLE-FL-045); mechanical team engaged.,,22fdbcaf-2963-4f77-b400-12fc467a6393,f2993108-7085-4a34-95a5-74c5c3a8410d,f2993108-7085-4a34-95a5-74c5c3a8410d,2025-11-14 06:47:00+00,2025-11-22 13:53:00+00,2025-11-22 13:53:00+00,2025-11-24 05:54:00+00,"{""component"": ""hydraulic"", ""asset_code"": ""LLX-GLE-0045"", ""trigger_snapshot"": ""2025-11-10""}",2025-11-14 06:47:00+00,2026-08-10 19:03:05.467947+00
acc15d69-7676-42e5-a1f9-6e86e1bf5e0a,TCK-000825,c440116b-6664-4fd6-9610-cc1ed98531f6,c537c281-b6ad-4842-94ec-e937be0083e5,Hydraulic fluid weeping at cylinder,"Visible weeping at the lift cylinder and reduced hydraulic performance on monitoring. Requesting seal replacement.

Vehicle: Heli CPCD30 (COL-FL-122), bay C-002.",resolved,medium,medium,medium,mechanical,mechanical,Hydraulic issue reported on Heli CPCD30 (COL-FL-122); mechanical team engaged.,,b10c3b1b-0504-4c02-9577-38f300514499,728c431d-a607-4a38-9b1a-2287ce9979ad,728c431d-a607-4a38-9b1a-2287ce9979ad,2025-02-12 16:15:00+00,2025-02-27 11:35:00+00,2025-02-27 11:35:00+00,,"{""component"": ""hydraulic"", ""asset_code"": ""LLX-COL-0122"", ""trigger_snapshot"": ""2025-02-10""}",2025-02-12 16:15:00+00,2026-08-10 19:03:05.467947+00
f28f5537-65a1-4b88-94c3-3d9cd14d5e3e,TCK-000826,b7859dd8-e266-4fbb-9ebb-9c922880b895,8f2b1c74-59d3-4a6e-9b21-7c4e0a5d3f88,Brake performance degraded - inspection required,"Driver reports longer stopping distance and reduced pedal firmness. Brake wear indicator is low on condition monitoring. Mechanical team to inspect pads, discs and brake fluid.

Vehicle: Heli CPCD25 (GLE-FL-053), bay A-053.",resolved,low,low,low,mechanical,mechanical,Brake issue reported on Heli CPCD25 (GLE-FL-053); mechanical team engaged.,,9307f79e-1989-450c-8410-9c18f986c0cf,51de8298-573f-473b-b907-584ec33f7841,51de8298-573f-473b-b907-584ec33f7841,2026-06-17 17:12:00+00,2026-07-11 11:47:00+00,2026-07-11 11:47:00+00,,"{""component"": ""brake"", ""asset_code"": ""LLX-GLE-0053"", ""trigger_snapshot"": ""2026-06-10""}",2026-06-17 17:12:00+00,2026-08-10 19:03:05.467947+00
a39ca329-be3f-4d56-ab22-f9020fc377e8,TCK-000827,edb53c87-737f-41c6-8842-a8063fc3eb0b,c537c281-b6ad-4842-94ec-e937be0083e5,Brake noise reported during descent,"Squealing and vibration reported under braking on gradient. Requesting brake pad and disc inspection before the vehicle returns to route.

Vehicle: Mahindra Bolero Pickup (WP LB-7838), bay E-006.",closed,low,low,low,mechanical,mechanical,Brake issue reported on Mahindra Bolero Pickup (WP LB-7838); mechanical team engaged.,,b46cf761-3db0-4767-b410-65aa1a2825fb,1eec88aa-d888-4b75-ab3e-84365df4210c,1eec88aa-d888-4b75-ab3e-84365df4210c,2025-05-25 11:44:00+00,2025-05-28 11:57:00+00,2025-05-28 11:57:00+00,2025-06-07 06:29:00+00,"{""component"": ""brake"", ""asset_code"": ""LLX-COL-0246"", ""trigger_snapshot"": ""2025-05-10""}",2025-05-25 11:44:00+00,2026-08-10 19:03:05.467947+00
0be4d35b-73a1-4294-8070-44f4d5a3d75f,TCK-000828,f233e60a-19f5-46b7-9300-227b1e029eee,8f2b1c74-59d3-4a6e-9b21-7c4e0a5d3f88,Engine oil life exhausted - service overdue,"Oil life monitor has reached the end of its interval. Requesting engine oil and filter service before further dispatch.

Vehicle: Mitsubishi Canter (SP LC-2738), bay D-014.",closed,high,high,high,mechanical,mechanical,Oil issue reported on Mitsubishi Canter (SP LC-2738); mechanical team engaged.,,6080595d-87bb-4827-b939-5ca0cf5d91db,5302dab8-326e-4660-b10d-447ccbcaff6f,5302dab8-326e-4660-b10d-447ccbcaff6f,2025-06-22 08:07:00+00,2025-06-23 13:01:00+00,2025-06-23 13:01:00+00,2025-07-02 07:44:00+00,"{""component"": ""oil"", ""asset_code"": ""LLX-GLE-0194"", ""trigger_snapshot"": ""2025-06-10""}",2025-06-22 08:07:00+00,2026-08-10 19:03:05.467947+00
d371968c-5866-4118-8410-935072605fd4,TCK-000829,98353863-2d9c-4659-b306-190579d3b7cf,c537c281-b6ad-4842-94ec-e937be0083e5,Engine oil life exhausted - service overdue,"Oil life monitor has reached the end of its interval. Requesting engine oil and filter service before further dispatch.

Vehicle: Tata Ultra T.7 (WP LC-7623), bay F-054.",resolved,medium,medium,medium,mechanical,mechanical,Oil issue reported on Tata Ultra T.7 (WP LC-7623); mechanical team engaged.,,d49746fb-1fa9-4dd3-a283-ace04dffae46,76acb86d-958a-4ccf-934c-46bed43da641,76acb86d-958a-4ccf-934c-46bed43da641,2024-10-17 05:14:00+00,2024-11-11 13:38:00+00,2024-11-11 13:38:00+00,,"{""component"": ""oil"", ""asset_code"": ""LLX-COL-0354"", ""trigger_snapshot"": ""2024-10-10""}",2024-10-17 05:14:00+00,2026-08-10 19:03:05.467947+00
3749c21a-9fc3-4b28-8387-1fb6b0a66dbf,TCK-000830,8cd99571-dcd4-454f-96d5-80f9b1e33dc8,c537c281-b6ad-4842-94ec-e937be0083e5,Odometer readings inconsistent in platform,"Reported odometer on the platform disagrees with the vehicle cluster. Software team to verify sensor mapping and ingestion for this asset.

Vehicle: Komatsu FD25 (COL-FL-073), bay B-013.",resolved,medium,medium,medium,electrical,software,Telematics issue reported on Komatsu FD25 (COL-FL-073); software team engaged.,,2d598e0b-fb1e-485c-bef5-c988163404a7,5b4b300b-3f2b-4fb0-bc62-3eae56605668,5b4b300b-3f2b-4fb0-bc62-3eae56605668,2024-12-15 07:12:00+00,2024-12-16 14:21:00+00,2024-12-16 14:21:00+00,,"{""component"": ""telematics"", ""asset_code"": ""LLX-COL-0073"", ""trigger_snapshot"": ""2024-12-10""}",2024-12-15 07:12:00+00,2026-08-10 19:03:05.467947+00
773e9ac3-d3fc-43a8-ac0e-a73acc79e1d5,TCK-000831,fcb4dcdb-9535-408f-9f42-22ec5fa81b34,c537c281-b6ad-4842-94ec-e937be0083e5,Brake noise reported during descent,"Squealing and vibration reported under braking on gradient. Requesting brake pad and disc inspection before the vehicle returns to route.

Vehicle: Tata T.12 (WP LF-2809), bay G-004.",closed,medium,medium,medium,mechanical,mechanical,Brake issue reported on Tata T.12 (WP LF-2809); mechanical team engaged.,,8cd77a0c-12e6-4ac6-b2a7-860b1650a81e,c9371eef-cb2f-45af-926f-13217cb6a7ad,c9371eef-cb2f-45af-926f-13217cb6a7ad,2024-12-30 08:58:00+00,2025-01-14 10:57:00+00,2025-01-14 10:57:00+00,2025-01-19 16:38:00+00,"{""component"": ""brake"", ""asset_code"": ""LLX-COL-0364"", ""trigger_snapshot"": ""2024-12-10""}",2024-12-30 08:58:00+00,2026-08-10 19:03:05.467947+00
8dcf0190-e883-4276-bdb1-88361954be6a,TCK-000832,3b9f4cca-b3d0-47d9-a3dd-d5269a34e7d3,8f2b1c74-59d3-4a6e-9b21-7c4e0a5d3f88,Hydraulic fluid weeping at cylinder,"Visible weeping at the lift cylinder and reduced hydraulic performance on monitoring. Requesting seal replacement.

Vehicle: Komatsu FD25 (GLE-FL-002), bay A-002.",closed,medium,medium,medium,mechanical,mechanical,Hydraulic issue reported on Komatsu FD25 (GLE-FL-002); mechanical team engaged.,,2751f9ca-5a8f-480f-b7f6-8d7c60846a2a,51de8298-573f-473b-b907-584ec33f7841,51de8298-573f-473b-b907-584ec33f7841,2025-07-11 11:56:00+00,2025-07-26 05:32:00+00,2025-07-26 05:32:00+00,2025-07-28 09:03:00+00,"{""component"": ""hydraulic"", ""asset_code"": ""LLX-GLE-0002"", ""trigger_snapshot"": ""2025-07-10""}",2025-07-11 11:56:00+00,2026-08-10 19:03:05.467947+00
03756a03-4484-4666-9ce5-dd9c3d3bcb12,TCK-000833,c8bebbed-9127-48f9-b5d1-45c8a1d94139,c537c281-b6ad-4842-94ec-e937be0083e5,Brake noise reported during descent,"Squealing and vibration reported under braking on gradient. Requesting brake pad and disc inspection before the vehicle returns to route.

Vehicle: KDH Van (WP PB-8729), bay D-014.",closed,high,high,high,mechanical,mechanical,Brake issue reported on KDH Van (WP PB-8729); mechanical team engaged.,,c2ebc293-a6da-4e4f-9dcf-b38eb12e684e,44decfc6-95e9-4892-afa1-68bc4c79b9b6,44decfc6-95e9-4892-afa1-68bc4c79b9b6,2025-03-14 16:17:00+00,2025-03-16 05:29:00+00,2025-03-16 05:29:00+00,2025-03-22 11:09:00+00,"{""component"": ""brake"", ""asset_code"": ""LLX-COL-0194"", ""trigger_snapshot"": ""2025-03-10""}",2025-03-14 16:17:00+00,2026-08-10 19:03:05.467947+00
2df3f73b-b40e-40b2-9a1c-9f35040dd77d,TCK-000834,66f62888-6a2b-4f73-898a-cfc7a6d6b4f5,c537c281-b6ad-4842-94ec-e937be0083e5,Brake noise reported during descent,"Squealing and vibration reported under braking on gradient. Requesting brake pad and disc inspection before the vehicle returns to route.

Vehicle: Mahindra Bolero Pickup (WP LA-4535), bay D-058.",closed,high,high,high,mechanical,mechanical,Brake issue reported on Mahindra Bolero Pickup (WP LA-4535); mechanical team engaged.,,b64ffa50-0a8d-4d72-9814-57c08216e6b3,76acb86d-958a-4ccf-934c-46bed43da641,76acb86d-958a-4ccf-934c-46bed43da641,2024-09-13 07:17:00+00,2024-10-04 09:40:00+00,2024-10-04 09:40:00+00,2024-10-05 05:00:00+00,"{""component"": ""brake"", ""asset_code"": ""LLX-COL-0238"", ""trigger_snapshot"": ""2024-09-10""}",2024-09-13 07:17:00+00,2026-08-10 19:03:05.467947+00
67754b87-8d86-46ab-91ad-d630acbb3486,TCK-000835,166a1abd-8c3c-4c1d-afde-926a9c4a0f41,8f2b1c74-59d3-4a6e-9b21-7c4e0a5d3f88,Tyre wear beyond service limit,"Tread depth is below the service threshold on condition monitoring. Requesting tyre replacement and wheel alignment check.

Vehicle: Isuzu ELF NKR (SP LC-6395), bay D-030.",closed,high,high,high,mechanical,mechanical,Tire issue reported on Isuzu ELF NKR (SP LC-6395); mechanical team engaged.,,705606bb-60ee-4791-b050-0781537700b1,4212a9e1-e03c-4ea2-9d8c-c180b703b99a,4212a9e1-e03c-4ea2-9d8c-c180b703b99a,2024-12-29 13:42:00+00,2025-01-03 08:15:00+00,2025-01-03 08:15:00+00,2025-01-08 06:12:00+00,"{""component"": ""tire"", ""asset_code"": ""LLX-GLE-0210"", ""trigger_snapshot"": ""2024-12-10""}",2024-12-29 13:42:00+00,2026-08-10 19:03:05.467947+00
49b6df5d-4f10-49a6-bd3b-8151d1e4be79,TCK-000836,8fc271ae-6332-468c-9318-50a8f35082ef,8f2b1c74-59d3-4a6e-9b21-7c4e0a5d3f88,Repeated hard starting in early shift,"Vehicle requires multiple crank attempts at shift start. Battery state of health is degraded on monitoring. Requesting battery and charging system diagnosis.

Vehicle: Tata Ace (SP LA-1822), bay C-021.",closed,medium,medium,medium,software,electrical,Battery issue reported on Tata Ace (SP LA-1822); electrical team engaged.,,1ca63256-23b6-4145-88a0-6d8a834afa10,3ad6d85f-8eb2-429d-b6b0-9df328ae585b,3ad6d85f-8eb2-429d-b6b0-9df328ae585b,2024-09-29 12:59:00+00,2024-10-10 11:27:00+00,2024-10-10 11:27:00+00,2024-10-11 10:21:00+00,"{""component"": ""battery"", ""asset_code"": ""LLX-GLE-0141"", ""trigger_snapshot"": ""2024-09-10""}",2024-09-29 12:59:00+00,2026-08-10 19:03:05.467947+00
303102bb-652b-4353-ac8b-81f825410c67,TCK-000837,54b6e4f5-5627-4bcb-859b-c4c79e28faee,23a10ad6-f2ff-4aab-9878-de0f37f6bbe0,Fault codes not clearing after service,"Active fault codes remain present on the dashboard after the workshop reset. Requesting diagnostic tool session and ECU log review.

Vehicle: Toyota 8FD30 (BDL-FL-046), bay A-046.",closed,medium,medium,medium,software,software,Telematics issue reported on Toyota 8FD30 (BDL-FL-046); software team engaged.,,1f244e06-5a87-45ce-934d-263326f32549,ada9bd16-4c53-416f-9094-adaac3690544,ada9bd16-4c53-416f-9094-adaac3690544,2026-05-13 13:41:00+00,2026-05-23 17:01:00+00,2026-05-23 17:01:00+00,2026-06-01 13:54:00+00,"{""component"": ""telematics"", ""asset_code"": ""LLX-BDL-0046"", ""trigger_snapshot"": ""2026-05-10""}",2026-05-13 13:41:00+00,2026-08-10 19:03:05.467947+00
a11949ec-c7b0-4871-aa28-7d2f345745f6,TCK-000838,2c8c23cf-0938-40fe-a26a-cfeaa9a19700,8f2b1c74-59d3-4a6e-9b21-7c4e0a5d3f88,Brake noise reported during descent,"Squealing and vibration reported under braking on gradient. Requesting brake pad and disc inspection before the vehicle returns to route.

Vehicle: Toyota 8FD25 (GLE-FL-023), bay A-023.",closed,low,low,low,mechanical,mechanical,Brake issue reported on Toyota 8FD25 (GLE-FL-023); mechanical team engaged.,,eeb4530b-f017-42ea-a0e8-41ea6f22d5b4,1246b49b-4c2a-428c-9e26-abdd7df1b7e0,1246b49b-4c2a-428c-9e26-abdd7df1b7e0,2025-03-18 17:12:00+00,2025-04-12 14:46:00+00,2025-04-12 14:46:00+00,2025-04-17 06:51:00+00,"{""component"": ""brake"", ""asset_code"": ""LLX-GLE-0023"", ""trigger_snapshot"": ""2025-03-10""}",2025-03-18 17:12:00+00,2026-08-10 19:03:05.467947+00
4bcbdf58-2625-4bcc-a034-29169dc49b49,TCK-000839,957b15ed-b45d-48e8-bc2d-27c63542e40b,23a10ad6-f2ff-4aab-9878-de0f37f6bbe0,Tyre wear beyond service limit,"Tread depth is below the service threshold on condition monitoring. Requesting tyre replacement and wheel alignment check.

Vehicle: Toyota 8FD25 (BDL-FL-015), bay A-015.",closed,high,high,high,mechanical,mechanical,Tire issue reported on Toyota 8FD25 (BDL-FL-015); mechanical team engaged.,,1ef075d1-9960-4ddc-ac3b-0c9bba6ad5ef,c72f23f6-0751-4dfb-aa15-6737a84c61f4,c72f23f6-0751-4dfb-aa15-6737a84c61f4,2025-01-27 15:18:00+00,2025-02-18 10:12:00+00,2025-02-18 10:12:00+00,2025-02-24 14:57:00+00,"{""component"": ""tire"", ""asset_code"": ""LLX-BDL-0015"", ""trigger_snapshot"": ""2025-01-10""}",2025-01-27 15:18:00+00,2026-08-10 19:03:05.467947+00
91eee335-6733-44b7-8fd5-3f13a1e468b8,TCK-000840,7b9d8958-8921-4dd7-b536-a449774e09b3,c537c281-b6ad-4842-94ec-e937be0083e5,Battery voltage low - charging system check required,"Battery voltage trend is below target and the vehicle is slow to crank in the morning. Electrical team to test battery health, alternator output and earth connections.

Vehicle: Toyota HiAce (WP PD-9148), bay D-043.",closed,medium,medium,medium,electrical,electrical,Battery issue reported on Toyota HiAce (WP PD-9148); electrical team engaged.,,3638245b-e3ff-405e-a7d9-fbdb3cffeb58,7172df17-f1b4-41d1-a5ee-2bf445703d25,7172df17-f1b4-41d1-a5ee-2bf445703d25,2026-01-12 15:05:00+00,2026-01-23 12:37:00+00,2026-01-23 12:37:00+00,2026-01-26 09:36:00+00,"{""component"": ""battery"", ""asset_code"": ""LLX-COL-0223"", ""trigger_snapshot"": ""2026-01-10""}",2026-01-12 15:05:00+00,2026-08-10 19:03:05.467947+00
386a8fb6-e035-498b-b3c8-b33daff6b97b,TCK-000841,4f15317a-1fcf-4c12-83f9-b3832c4c19f6,c537c281-b6ad-4842-94ec-e937be0083e5,Brake performance degraded - inspection required,"Driver reports longer stopping distance and reduced pedal firmness. Brake wear indicator is low on condition monitoring. Mechanical team to inspect pads, discs and brake fluid.

Vehicle: Nissan Caravan (WP PC-3173), bay C-049.",closed,high,high,high,mechanical,mechanical,Brake issue reported on Nissan Caravan (WP PC-3173); mechanical team engaged.,,cb5f60a2-0e0d-43e4-a97e-79df022e7bf2,acc29e92-bfe4-4843-8a5e-b9f6e945a18e,acc29e92-bfe4-4843-8a5e-b9f6e945a18e,2025-05-19 08:45:00+00,2025-05-29 17:30:00+00,2025-05-29 17:30:00+00,2025-06-02 09:04:00+00,"{""component"": ""brake"", ""asset_code"": ""LLX-COL-0169"", ""trigger_snapshot"": ""2025-05-10""}",2025-05-19 08:45:00+00,2026-08-10 19:03:05.467947+00
25ceeda3-be42-4439-a761-a65e7f9e7b83,TCK-000842,d7f1a79c-ceff-4e6f-a075-13e86a3465d8,c537c281-b6ad-4842-94ec-e937be0083e5,Uneven tyre wear and vibration at speed,"Driver reports steering vibration at highway speed. Suspect uneven tyre wear; requesting inspection, rotation and alignment.

Vehicle: Mitsubishi Canter (WP LC-2921), bay E-059.",closed,low,low,low,mechanical,mechanical,Tire issue reported on Mitsubishi Canter (WP LC-2921); mechanical team engaged.,,06664a12-e906-4dce-8442-a47e9ced1cce,ee4d2f5c-11a7-4a36-b4f7-9b4da1d376b2,ee4d2f5c-11a7-4a36-b4f7-9b4da1d376b2,2025-01-24 17:29:00+00,2025-02-14 05:28:00+00,2025-02-14 05:28:00+00,2025-02-21 09:53:00+00,"{""component"": ""tire"", ""asset_code"": ""LLX-COL-0299"", ""trigger_snapshot"": ""2025-01-10""}",2025-01-24 17:29:00+00,2026-08-10 19:03:05.467947+00
54ce0610-d69f-492c-b09e-7d6202678923,TCK-000843,69bd93cb-aad7-49a1-b2ac-50ff164b0d70,c537c281-b6ad-4842-94ec-e937be0083e5,Engine oil life exhausted - service overdue,"Oil life monitor has reached the end of its interval. Requesting engine oil and filter service before further dispatch.

Vehicle: Tata Ultra T.7 (WP LC-1989), bay F-029.",closed,high,high,high,mechanical,mechanical,Oil issue reported on Tata Ultra T.7 (WP LC-1989); mechanical team engaged.,,7e4fde36-648a-411f-9e69-54dd9be25b54,26786492-bebd-4e3a-8719-4c486f70d604,26786492-bebd-4e3a-8719-4c486f70d604,2025-07-26 06:10:00+00,2025-07-28 16:39:00+00,2025-07-28 16:39:00+00,2025-08-05 07:30:00+00,"{""component"": ""oil"", ""asset_code"": ""LLX-COL-0329"", ""trigger_snapshot"": ""2025-07-10""}",2025-07-26 06:10:00+00,2026-08-10 19:03:05.467947+00
22d095f0-3264-46c9-bee9-d2ef879c7293,TCK-000844,6cc61cbf-ef5f-48f9-ab25-d58b3977c08d,c537c281-b6ad-4842-94ec-e937be0083e5,Oil pressure warning intermittent,"Intermittent oil pressure warning reported on the instrument cluster. Requesting oil level, filter and sender inspection.

Vehicle: Toyota 8FD30 (COL-FL-115), bay B-055.",closed,high,high,high,mechanical,mechanical,Oil issue reported on Toyota 8FD30 (COL-FL-115); mechanical team engaged.,,85ec9a19-bc02-4676-a16b-0a33f9ecc547,7644642e-745c-4474-890f-0f840a0b5df8,7644642e-745c-4474-890f-0f840a0b5df8,2024-11-22 06:55:00+00,2024-11-28 07:38:00+00,2024-11-28 07:38:00+00,2024-12-04 17:22:00+00,"{""component"": ""oil"", ""asset_code"": ""LLX-COL-0115"", ""trigger_snapshot"": ""2024-11-10""}",2024-11-22 06:55:00+00,2026-08-10 19:03:05.467947+00
edcdd5e6-296d-47bf-924b-556e662fd45c,TCK-000845,60713547-c97d-42f0-ba5c-10d1b39d6331,8f2b1c74-59d3-4a6e-9b21-7c4e0a5d3f88,Battery voltage low - charging system check required,"Battery voltage trend is below target and the vehicle is slow to crank in the morning. Electrical team to test battery health, alternator output and earth connections.

Vehicle: Mahindra Bolero Pickup (SP LA-9557), bay C-041.",closed,high,high,high,electrical,electrical,Battery issue reported on Mahindra Bolero Pickup (SP LA-9557); electrical team engaged.,,19b98f02-bc8b-432e-8789-d875da0f5cbb,bf2345c5-305b-49ba-b06b-ecb5fede548e,bf2345c5-305b-49ba-b06b-ecb5fede548e,2025-12-10 07:23:00+00,2025-12-15 15:31:00+00,2025-12-15 15:31:00+00,2025-12-19 05:22:00+00,"{""component"": ""battery"", ""asset_code"": ""LLX-GLE-0161"", ""trigger_snapshot"": ""2025-12-10""}",2025-12-10 07:23:00+00,2026-08-10 19:03:05.467947+00
a5dee9f1-1a9f-4550-9442-a54842b8ff98,TCK-000846,0507d399-4e22-4c15-be07-3e57b14bb1b6,c537c281-b6ad-4842-94ec-e937be0083e5,Uneven tyre wear and vibration at speed,"Driver reports steering vibration at highway speed. Suspect uneven tyre wear; requesting inspection, rotation and alignment.

Vehicle: Mahindra Bolero Pickup (WP LB-3806), bay E-014.",resolved,high,high,high,mechanical,mechanical,Tire issue reported on Mahindra Bolero Pickup (WP LB-3806); mechanical team engaged.,,18a34e23-3be5-4058-9caa-d2075df591b8,0bcca5d2-620c-4e90-ae82-fb6ffc7af33d,0bcca5d2-620c-4e90-ae82-fb6ffc7af33d,2026-05-30 15:45:00+00,2026-06-13 12:40:00+00,2026-06-13 12:40:00+00,,"{""component"": ""tire"", ""asset_code"": ""LLX-COL-0254"", ""trigger_snapshot"": ""2026-05-10""}",2026-05-30 15:45:00+00,2026-08-10 19:03:05.467947+00
0bee17eb-c65a-4622-b26a-93b6ab7e269f,TCK-000847,478b9ab5-a367-45c0-ae38-0d5a37855e32,c537c281-b6ad-4842-94ec-e937be0083e5,Brake noise reported during descent,"Squealing and vibration reported under braking on gradient. Requesting brake pad and disc inspection before the vehicle returns to route.

Vehicle: Komatsu FD25 (COL-FL-007), bay A-007.",closed,medium,medium,medium,mechanical,mechanical,Brake issue reported on Komatsu FD25 (COL-FL-007); mechanical team engaged.,,b8bd2693-6e8f-4d53-8f57-8abb50dbc33c,a5403456-9417-4129-8376-a0508664c003,a5403456-9417-4129-8376-a0508664c003,2025-07-21 12:45:00+00,2025-07-31 09:26:00+00,2025-07-31 09:26:00+00,2025-08-06 13:53:00+00,"{""component"": ""brake"", ""asset_code"": ""LLX-COL-0007"", ""trigger_snapshot"": ""2025-07-10""}",2025-07-21 12:45:00+00,2026-08-10 19:03:05.467947+00
998487df-5785-48f9-b88a-5f6003b6f195,TCK-000848,40c063d4-efd7-48da-96b8-b26ebcc4fd27,c537c281-b6ad-4842-94ec-e937be0083e5,Brake performance degraded - inspection required,"Driver reports longer stopping distance and reduced pedal firmness. Brake wear indicator is low on condition monitoring. Mechanical team to inspect pads, discs and brake fluid.

Vehicle: KDH Van (WP PB-4807), bay C-060.",resolved,medium,medium,medium,mechanical,mechanical,Brake issue reported on KDH Van (WP PB-4807); mechanical team engaged.,,071c8cbe-8125-4dde-ae07-2ac65beea113,2ea7ff67-fdd7-4d0b-96cd-8dd768decfdd,2ea7ff67-fdd7-4d0b-96cd-8dd768decfdd,2025-05-17 16:54:00+00,2025-05-28 06:18:00+00,2025-05-28 06:18:00+00,,"{""component"": ""brake"", ""asset_code"": ""LLX-COL-0180"", ""trigger_snapshot"": ""2025-05-10""}",2025-05-17 16:54:00+00,2026-08-10 19:03:05.467947+00
a9d82b56-2a5c-44c1-be3e-12f5d1500562,TCK-000849,fe6ce952-a70c-4eea-808c-47e5a4efbba8,c537c281-b6ad-4842-94ec-e937be0083e5,Tyre wear beyond service limit,"Tread depth is below the service threshold on condition monitoring. Requesting tyre replacement and wheel alignment check.

Vehicle: Mitsubishi Fuso Fighter (WP LE-5921), bay G-026.",resolved,medium,medium,medium,mechanical,mechanical,Tire issue reported on Mitsubishi Fuso Fighter (WP LE-5921); mechanical team engaged.,,b737044f-e300-48b8-8023-aa3efab6953e,d4ab1734-15c1-4d19-a3f3-9db75f910cd8,d4ab1734-15c1-4d19-a3f3-9db75f910cd8,2026-05-13 07:56:00+00,2026-06-04 15:55:00+00,2026-06-04 15:55:00+00,,"{""component"": ""tire"", ""asset_code"": ""LLX-COL-0386"", ""trigger_snapshot"": ""2026-05-10""}",2026-05-13 07:56:00+00,2026-08-10 19:03:05.467947+00
a821fd3b-599a-42c5-83af-620c459e4595,TCK-000850,7e1c9317-2c5e-4218-9703-5af8023b32c9,c537c281-b6ad-4842-94ec-e937be0083e5,Uneven tyre wear and vibration at speed,"Driver reports steering vibration at highway speed. Suspect uneven tyre wear; requesting inspection, rotation and alignment.

Vehicle: Toyota 8FD25 (COL-FL-053), bay A-053.",closed,high,high,high,mechanical,mechanical,Tire issue reported on Toyota 8FD25 (COL-FL-053); mechanical team engaged.,,2de2692b-41c7-43a7-abec-e37c68f47f77,ee4d2f5c-11a7-4a36-b4f7-9b4da1d376b2,ee4d2f5c-11a7-4a36-b4f7-9b4da1d376b2,2024-09-27 05:11:00+00,2024-10-12 17:18:00+00,2024-10-12 17:18:00+00,2024-10-21 05:53:00+00,"{""component"": ""tire"", ""asset_code"": ""LLX-COL-0053"", ""trigger_snapshot"": ""2024-09-10""}",2024-09-27 05:11:00+00,2026-08-10 19:03:05.467947+00
2ee183b6-9436-4e62-8d90-ecc6a06512b9,TCK-000851,3c5e930c-f7bb-45c9-8d70-0f408d7dcfd6,c537c281-b6ad-4842-94ec-e937be0083e5,Uneven tyre wear and vibration at speed,"Driver reports steering vibration at highway speed. Suspect uneven tyre wear; requesting inspection, rotation and alignment.

Vehicle: Tata T.12 (WP LE-3516), bay G-013.",closed,medium,medium,medium,mechanical,mechanical,Tire issue reported on Tata T.12 (WP LE-3516); mechanical team engaged.,,0ece4939-de9b-4910-babc-3cb1f0372d4b,3ed87f3f-9d1e-409e-af21-14fee9e9bc14,3ed87f3f-9d1e-409e-af21-14fee9e9bc14,2025-10-26 09:53:00+00,2025-11-20 08:20:00+00,2025-11-20 08:20:00+00,2025-11-29 17:14:00+00,"{""component"": ""tire"", ""asset_code"": ""LLX-COL-0373"", ""trigger_snapshot"": ""2025-10-10""}",2025-10-26 09:53:00+00,2026-08-10 19:03:05.467947+00
545b7b36-f3f3-492d-88ab-77cc7a8fe657,TCK-000852,e6f4683b-d956-433f-9143-a364ebc377b1,8f2b1c74-59d3-4a6e-9b21-7c4e0a5d3f88,Oil pressure warning intermittent,"Intermittent oil pressure warning reported on the instrument cluster. Requesting oil level, filter and sender inspection.

Vehicle: Tata T.12 (SP LF-9022), bay D-042.",in_progress,medium,medium,medium,mechanical,mechanical,Oil issue reported on Tata T.12 (SP LF-9022); mechanical team engaged.,,6a299c1f-ae68-468f-ba60-338ead0f891e,3898aa8b-e3d3-459d-9a76-60401f8181f0,,2026-08-06 09:02:00+00,,,,"{""component"": ""oil"", ""asset_code"": ""LLX-GLE-0222"", ""trigger_snapshot"": ""2026-08-10""}",2026-08-06 09:02:00+00,2026-08-10 19:03:05.467947+00
600ca388-5c8f-4b93-800f-a5c03bd66ab9,TCK-000853,465d2b3b-3577-4777-89df-9f8baab947e9,23a10ad6-f2ff-4aab-9878-de0f37f6bbe0,Tyre wear beyond service limit,"Tread depth is below the service threshold on condition monitoring. Requesting tyre replacement and wheel alignment check.

Vehicle: Toyota 8FD25 (BDL-FL-006), bay A-006.",closed,high,high,high,mechanical,mechanical,Tire issue reported on Toyota 8FD25 (BDL-FL-006); mechanical team engaged.,,2ce0bc6a-959a-4ad4-ba44-b4a27685f43a,95bebbd4-1cfc-4de5-93a8-7a5467a0616c,95bebbd4-1cfc-4de5-93a8-7a5467a0616c,2025-01-12 12:49:00+00,2025-01-25 10:10:00+00,2025-01-25 10:10:00+00,2025-02-01 15:09:00+00,"{""component"": ""tire"", ""asset_code"": ""LLX-BDL-0006"", ""trigger_snapshot"": ""2025-01-10""}",2025-01-12 12:49:00+00,2026-08-10 19:03:05.467947+00
1a8c905a-b17c-447c-a363-160532c25648,TCK-000854,4ff7c78f-2998-49ca-8b49-ca0222b735fd,23a10ad6-f2ff-4aab-9878-de0f37f6bbe0,Hydraulic fluid weeping at cylinder,"Visible weeping at the lift cylinder and reduced hydraulic performance on monitoring. Requesting seal replacement.

Vehicle: Heli CPCD25 (BDL-FL-028), bay A-028.",resolved,low,low,low,mechanical,mechanical,Hydraulic issue reported on Heli CPCD25 (BDL-FL-028); mechanical team engaged.,,b90af50e-7685-4a4a-b293-504b182c08f7,d555997d-4f34-4447-8538-e3ac8bc0b2cb,d555997d-4f34-4447-8538-e3ac8bc0b2cb,2026-01-24 17:52:00+00,2026-01-29 16:30:00+00,2026-01-29 16:30:00+00,,"{""component"": ""hydraulic"", ""asset_code"": ""LLX-BDL-0028"", ""trigger_snapshot"": ""2026-01-10""}",2026-01-24 17:52:00+00,2026-08-10 19:03:05.467947+00
52da8a42-54a7-4578-a138-6d1d0be3e7db,TCK-000855,cf4ef814-4399-4c4b-b0c0-2dbd8a096888,c537c281-b6ad-4842-94ec-e937be0083e5,Battery voltage low - charging system check required,"Battery voltage trend is below target and the vehicle is slow to crank in the morning. Electrical team to test battery health, alternator output and earth connections.

Vehicle: Mitsubishi Fuso Fighter (WP LF-9251), bay G-007.",closed,high,high,high,electrical,electrical,Battery issue reported on Mitsubishi Fuso Fighter (WP LF-9251); electrical team engaged.,,eba9aacb-62c6-4777-bee9-ea984880462e,46b65206-6f2c-4777-b6a0-ed9d0d81dc19,46b65206-6f2c-4777-b6a0-ed9d0d81dc19,2024-08-14 16:18:00+00,2024-08-21 17:19:00+00,2024-08-21 17:19:00+00,2024-08-27 10:18:00+00,"{""component"": ""battery"", ""asset_code"": ""LLX-COL-0367"", ""trigger_snapshot"": ""2024-08-10""}",2024-08-14 16:18:00+00,2026-08-10 19:03:05.467947+00
74019317-2d30-4fd4-9682-5805b11fd4ec,TCK-000856,8e234fb6-def5-436d-9ae9-47281c9751b7,c537c281-b6ad-4842-94ec-e937be0083e5,Brake performance degraded - inspection required,"Driver reports longer stopping distance and reduced pedal firmness. Brake wear indicator is low on condition monitoring. Mechanical team to inspect pads, discs and brake fluid.

Vehicle: Tata Prima 2823 (WP LH-5721), bay G-034.",resolved,low,low,low,mechanical,mechanical,Brake issue reported on Tata Prima 2823 (WP LH-5721); mechanical team engaged.,,37312388-fdb3-4d96-a270-ec86cf28080e,0d92b1df-f95f-448c-8c5e-279045705e0f,0d92b1df-f95f-448c-8c5e-279045705e0f,2025-03-25 05:14:00+00,2025-03-30 13:43:00+00,2025-03-30 13:43:00+00,,"{""component"": ""brake"", ""asset_code"": ""LLX-COL-0394"", ""trigger_snapshot"": ""2025-03-10""}",2025-03-25 05:14:00+00,2026-08-10 19:03:05.467947+00
675fd103-a454-4da1-a870-5b5f56ae0a96,TCK-000857,a72de278-2332-4009-94fe-39c25f41b48b,8f2b1c74-59d3-4a6e-9b21-7c4e0a5d3f88,Tyre wear beyond service limit,"Tread depth is below the service threshold on condition monitoring. Requesting tyre replacement and wheel alignment check.

Vehicle: Tata Ultra T.7 (SP LD-4268), bay D-007.",resolved,high,high,high,mechanical,mechanical,Tire issue reported on Tata Ultra T.7 (SP LD-4268); mechanical team engaged.,,d44ee649-44fc-463b-ba55-ee360a3c5b48,a363109b-c8ce-4177-9d91-030ac0b8df3a,a363109b-c8ce-4177-9d91-030ac0b8df3a,2025-09-27 11:51:00+00,2025-10-11 11:57:00+00,2025-10-11 11:57:00+00,,"{""component"": ""tire"", ""asset_code"": ""LLX-GLE-0187"", ""trigger_snapshot"": ""2025-09-10""}",2025-09-27 11:51:00+00,2026-08-10 19:03:05.467947+00
78e089a2-29c9-4ac5-9d4f-f868cd5dc3b6,TCK-000858,cade115f-7074-43c5-8e59-13ad929b6e87,c537c281-b6ad-4842-94ec-e937be0083e5,Battery voltage low - charging system check required,"Battery voltage trend is below target and the vehicle is slow to crank in the morning. Electrical team to test battery health, alternator output and earth connections.

Vehicle: Tata Ultra T.7 (WP LD-9747), bay F-024.",resolved,high,high,high,electrical,electrical,Battery issue reported on Tata Ultra T.7 (WP LD-9747); electrical team engaged.,,3a856fa0-a322-42af-b639-f50c6a06d501,5e18dd32-52bf-446f-b5b4-306dd776e223,5e18dd32-52bf-446f-b5b4-306dd776e223,2025-06-20 08:40:00+00,2025-06-25 07:34:00+00,2025-06-25 07:34:00+00,,"{""component"": ""battery"", ""asset_code"": ""LLX-COL-0324"", ""trigger_snapshot"": ""2025-06-10""}",2025-06-20 08:40:00+00,2026-08-10 19:03:05.467947+00
8dd884a5-6d89-40af-b086-4ab760f05e15,TCK-000859,ae8fb68a-6c2c-4ff4-bd54-1cfcba2f91e4,8f2b1c74-59d3-4a6e-9b21-7c4e0a5d3f88,Tyre wear beyond service limit,"Tread depth is below the service threshold on condition monitoring. Requesting tyre replacement and wheel alignment check.

Vehicle: Heli CPCD25 (GLE-FL-049), bay A-049.",closed,medium,medium,medium,mechanical,mechanical,Tire issue reported on Heli CPCD25 (GLE-FL-049); mechanical team engaged.,,3966530c-94a6-4265-a40e-c0d923c0f0ae,57ace99d-32e1-4aae-af41-0861213bfb33,57ace99d-32e1-4aae-af41-0861213bfb33,2025-06-20 07:54:00+00,2025-06-29 15:52:00+00,2025-06-29 15:52:00+00,2025-07-01 13:18:00+00,"{""component"": ""tire"", ""asset_code"": ""LLX-GLE-0049"", ""trigger_snapshot"": ""2025-06-10""}",2025-06-20 07:54:00+00,2026-08-10 19:03:05.467947+00
749ea14f-4960-4da9-9352-90c66a186d3b,TCK-000860,536f5cc9-3d00-4005-a09b-62a6e6fbc226,23a10ad6-f2ff-4aab-9878-de0f37f6bbe0,Engine oil life exhausted - service overdue,"Oil life monitor has reached the end of its interval. Requesting engine oil and filter service before further dispatch.

Vehicle: Isuzu FVR (UP LF-3940), bay D-005.",resolved,medium,medium,medium,mechanical,mechanical,Oil issue reported on Isuzu FVR (UP LF-3940); mechanical team engaged.,,9cb44f3e-4dc3-4ac9-bf65-bb8f29efc8e6,246980b5-110b-4571-9060-906f0c1ed19f,246980b5-110b-4571-9060-906f0c1ed19f,2026-06-24 13:17:00+00,2026-07-13 07:01:00+00,2026-07-13 07:01:00+00,,"{""component"": ""oil"", ""asset_code"": ""LLX-BDL-0185"", ""trigger_snapshot"": ""2026-06-10""}",2026-06-24 13:17:00+00,2026-08-10 19:03:05.467947+00
824b3fae-8ef4-4b63-a46c-02bd86b1c63d,TCK-000861,a3433f91-56b7-457d-958d-2e86b349d47c,c537c281-b6ad-4842-94ec-e937be0083e5,Telematics unit not reporting,"Sensor gateway on this vehicle has stopped publishing readings. Software team to check the telematics unit, SIM connectivity and data pipeline ingestion.

Vehicle: Tata T.12 (WP LF-5617), bay G-027.",resolved,high,high,high,software,software,Telematics issue reported on Tata T.12 (WP LF-5617); software team engaged.,,fb6db374-5499-4fab-a5e5-5f201832e9d3,45e88c26-b5d7-4353-ad6a-6acd15416a21,45e88c26-b5d7-4353-ad6a-6acd15416a21,2024-11-14 09:25:00+00,2024-11-24 13:35:00+00,2024-11-24 13:35:00+00,,"{""component"": ""telematics"", ""asset_code"": ""LLX-COL-0387"", ""trigger_snapshot"": ""2024-11-10""}",2024-11-14 09:25:00+00,2026-08-10 19:03:05.467947+00
05ed5363-61dd-405a-8abb-f091e6edb784,TCK-000862,e2078a98-cb72-4aa2-b04e-f3b6b4674524,c537c281-b6ad-4842-94ec-e937be0083e5,Engine oil life exhausted - service overdue,"Oil life monitor has reached the end of its interval. Requesting engine oil and filter service before further dispatch.

Vehicle: Nissan Caravan (WP PD-2704), bay C-056.",closed,medium,medium,medium,mechanical,mechanical,Oil issue reported on Nissan Caravan (WP PD-2704); mechanical team engaged.,,e0089955-7fd3-47d8-a384-4d9a69ca3920,6b59f9f2-4c2d-40ea-8a3b-76bb6b7f5dd1,6b59f9f2-4c2d-40ea-8a3b-76bb6b7f5dd1,2025-02-20 15:05:00+00,2025-03-12 05:18:00+00,2025-03-12 05:18:00+00,2025-03-16 14:00:00+00,"{""component"": ""oil"", ""asset_code"": ""LLX-COL-0176"", ""trigger_snapshot"": ""2025-02-10""}",2025-02-20 15:05:00+00,2026-08-10 19:03:05.467947+00
3b6ef84d-8173-42c7-b274-da09d9354a9c,TCK-000863,3410b2df-597c-4278-ae15-643d6e53f213,8f2b1c74-59d3-4a6e-9b21-7c4e0a5d3f88,Engine oil life exhausted - service overdue,"Oil life monitor has reached the end of its interval. Requesting engine oil and filter service before further dispatch.

Vehicle: Tata Ultra T.7 (SP LD-8170), bay D-018.",closed,medium,medium,medium,electrical,mechanical,Oil issue reported on Tata Ultra T.7 (SP LD-8170); mechanical team engaged.,,a213ac02-a975-484b-88d8-985f8590c25d,af5f0096-7cc6-4d72-ab69-0a461681aeb5,af5f0096-7cc6-4d72-ab69-0a461681aeb5,2024-10-14 14:42:00+00,2024-10-16 13:14:00+00,2024-10-16 13:14:00+00,2024-10-22 17:38:00+00,"{""component"": ""oil"", ""asset_code"": ""LLX-GLE-0198"", ""trigger_snapshot"": ""2024-10-10""}",2024-10-14 14:42:00+00,2026-08-10 19:03:05.467947+00
02dea574-c3e9-4846-a9c5-a5e6e92b0b77,TCK-000864,ed8fdfbf-2b93-47c2-8cee-5d111aaa9bb7,8f2b1c74-59d3-4a6e-9b21-7c4e0a5d3f88,Hydraulic fluid weeping at cylinder,"Visible weeping at the lift cylinder and reduced hydraulic performance on monitoring. Requesting seal replacement.

Vehicle: KDH Van (SP PD-1139), bay C-004.",open,low,low,low,mechanical,mechanical,Hydraulic issue reported on KDH Van (SP PD-1139); mechanical team engaged.,,8f700fd2-3def-4b84-8c3c-b7d73e077fba,e1c1397c-6345-47ab-948e-0f3e68d615b7,,2026-08-07 13:11:00+00,,,,"{""component"": ""hydraulic"", ""asset_code"": ""LLX-GLE-0124"", ""trigger_snapshot"": ""2026-08-10""}",2026-08-07 13:11:00+00,2026-08-10 19:03:05.467947+00
193f2ce7-e36b-4e43-9f80-590aa3e411c8,TCK-000865,cba2e7a3-c472-4cba-ad57-1f179fa131a9,8f2b1c74-59d3-4a6e-9b21-7c4e0a5d3f88,Uneven tyre wear and vibration at speed,"Driver reports steering vibration at highway speed. Suspect uneven tyre wear; requesting inspection, rotation and alignment.

Vehicle: Piaggio Porter (SP LA-3953), bay C-023.",closed,high,high,high,mechanical,mechanical,Tire issue reported on Piaggio Porter (SP LA-3953); mechanical team engaged.,,dba27b6e-3ab8-46c8-a9e9-591dc2166f08,53237578-eb53-4fa0-b5df-9eb5c4ba96f4,53237578-eb53-4fa0-b5df-9eb5c4ba96f4,2024-08-25 13:56:00+00,2024-09-04 05:08:00+00,2024-09-04 05:08:00+00,2024-09-12 17:25:00+00,"{""component"": ""tire"", ""asset_code"": ""LLX-GLE-0143"", ""trigger_snapshot"": ""2024-08-10""}",2024-08-25 13:56:00+00,2026-08-10 19:03:05.467947+00
6da5be3a-90eb-4666-a07f-e9dddc4e34d3,TCK-000866,078c2bff-302d-4d69-8fa0-50747f690d7a,8f2b1c74-59d3-4a6e-9b21-7c4e0a5d3f88,Odometer readings inconsistent in platform,"Reported odometer on the platform disagrees with the vehicle cluster. Software team to verify sensor mapping and ingestion for this asset.

Vehicle: KDH Van (SP PE-5860), bay B-055.",closed,high,high,high,software,software,Telematics issue reported on KDH Van (SP PE-5860); software team engaged.,,75ecdc2a-757a-4c32-a103-8bfece98280b,cdd74f33-dff3-4b0f-8378-d2989570b4c6,cdd74f33-dff3-4b0f-8378-d2989570b4c6,2024-10-23 07:38:00+00,2024-11-14 16:38:00+00,2024-11-14 16:38:00+00,2024-11-23 05:05:00+00,"{""component"": ""telematics"", ""asset_code"": ""LLX-GLE-0115"", ""trigger_snapshot"": ""2024-10-10""}",2024-10-23 07:38:00+00,2026-08-10 19:03:05.467947+00
14bc11a7-974b-41d9-a9a1-7c87dbc9732c,TCK-000867,e245fe3d-5137-4041-ad1d-81dc9f30296c,8f2b1c74-59d3-4a6e-9b21-7c4e0a5d3f88,Brake noise reported during descent,"Squealing and vibration reported under braking on gradient. Requesting brake pad and disc inspection before the vehicle returns to route.

Vehicle: Tata Ace (SP LA-9985), bay C-047.",open,high,high,high,mechanical,mechanical,Brake issue reported on Tata Ace (SP LA-9985); mechanical team engaged.,,0dbf774a-2a69-4d55-9066-204a56ccf15d,51de8298-573f-473b-b907-584ec33f7841,,2025-10-28 14:46:00+00,,,,"{""component"": ""brake"", ""asset_code"": ""LLX-GLE-0167"", ""trigger_snapshot"": ""2025-10-10""}",2025-10-28 14:46:00+00,2026-08-10 19:03:05.467947+00
5bd3b0f1-61ee-46b8-a975-e46a7f0be627,TCK-000868,38989727-3091-48bd-aef2-a3b8d4f30719,c537c281-b6ad-4842-94ec-e937be0083e5,Engine oil life exhausted - service overdue,"Oil life monitor has reached the end of its interval. Requesting engine oil and filter service before further dispatch.

Vehicle: Tata Ultra T.7 (WP LD-4926), bay F-006.",closed,high,high,high,mechanical,mechanical,Oil issue reported on Tata Ultra T.7 (WP LD-4926); mechanical team engaged.,,ce3a6f56-693b-4df4-b602-ed2623c68aad,ee4d2f5c-11a7-4a36-b4f7-9b4da1d376b2,ee4d2f5c-11a7-4a36-b4f7-9b4da1d376b2,2025-03-13 09:08:00+00,2025-03-18 08:47:00+00,2025-03-18 08:47:00+00,2025-03-25 05:59:00+00,"{""component"": ""oil"", ""asset_code"": ""LLX-COL-0306"", ""trigger_snapshot"": ""2025-03-10""}",2025-03-13 09:08:00+00,2026-08-10 19:03:05.467947+00
3de16886-93ab-486f-9534-c1cd31f3f4c5,TCK-000869,166a1abd-8c3c-4c1d-afde-926a9c4a0f41,8f2b1c74-59d3-4a6e-9b21-7c4e0a5d3f88,Brake noise reported during descent,"Squealing and vibration reported under braking on gradient. Requesting brake pad and disc inspection before the vehicle returns to route.

Vehicle: Isuzu ELF NKR (SP LC-6395), bay D-030.",closed,high,high,high,mechanical,mechanical,Brake issue reported on Isuzu ELF NKR (SP LC-6395); mechanical team engaged.,,2ff785ce-b723-4033-bed4-5953533e3039,e20935a5-5128-4f38-92b2-23e2cc66c4ed,e20935a5-5128-4f38-92b2-23e2cc66c4ed,2024-08-28 15:30:00+00,2024-09-18 14:32:00+00,2024-09-18 14:32:00+00,2024-09-28 06:29:00+00,"{""component"": ""brake"", ""asset_code"": ""LLX-GLE-0210"", ""trigger_snapshot"": ""2024-08-10""}",2024-08-28 15:30:00+00,2026-08-10 19:03:05.467947+00
efa4be86-3c74-49ce-ac4b-0dd568b77e69,TCK-000870,8e785b05-fdc9-4206-b5b2-d72eaddf8cd5,8f2b1c74-59d3-4a6e-9b21-7c4e0a5d3f88,Hydraulic fluid weeping at cylinder,"Visible weeping at the lift cylinder and reduced hydraulic performance on monitoring. Requesting seal replacement.

Vehicle: Heli CPCD25 (GLE-FL-030), bay A-030.",closed,medium,medium,medium,mechanical,mechanical,Hydraulic issue reported on Heli CPCD25 (GLE-FL-030); mechanical team engaged.,,bcc2e695-1e30-4f07-866a-c884d470333c,1246b49b-4c2a-428c-9e26-abdd7df1b7e0,1246b49b-4c2a-428c-9e26-abdd7df1b7e0,2024-12-17 06:34:00+00,2024-12-30 05:01:00+00,2024-12-30 05:01:00+00,2025-01-01 16:41:00+00,"{""component"": ""hydraulic"", ""asset_code"": ""LLX-GLE-0030"", ""trigger_snapshot"": ""2024-12-10""}",2024-12-17 06:34:00+00,2026-08-10 19:03:05.467947+00
271f3bc3-a3fc-437d-85e2-1b431fef1fc9,TCK-000871,edde909e-aad1-40a9-adbf-7bcf292a1b3e,8f2b1c74-59d3-4a6e-9b21-7c4e0a5d3f88,Uneven tyre wear and vibration at speed,"Driver reports steering vibration at highway speed. Suspect uneven tyre wear; requesting inspection, rotation and alignment.

Vehicle: Heli CPCD30 (GLE-FL-073), bay B-013.",closed,high,high,high,mechanical,mechanical,Tire issue reported on Heli CPCD30 (GLE-FL-073); mechanical team engaged.,,87713bdb-3a75-494d-9e8e-93ac114276ec,597c6eba-286e-440e-922e-420efd907fcc,597c6eba-286e-440e-922e-420efd907fcc,2025-01-22 07:05:00+00,2025-02-08 05:58:00+00,2025-02-08 05:58:00+00,2025-02-12 11:10:00+00,"{""component"": ""tire"", ""asset_code"": ""LLX-GLE-0073"", ""trigger_snapshot"": ""2025-01-10""}",2025-01-22 07:05:00+00,2026-08-10 19:03:05.467947+00
f781418b-ee1f-417d-a217-4ffdae3e878d,TCK-000872,9001115e-c9ba-4b35-9157-c79eef156923,c537c281-b6ad-4842-94ec-e937be0083e5,Repeated hard starting in early shift,"Vehicle requires multiple crank attempts at shift start. Battery state of health is degraded on monitoring. Requesting battery and charging system diagnosis.

Vehicle: Nissan Caravan (WP PC-2726), bay D-026.",resolved,low,low,low,electrical,electrical,Battery issue reported on Nissan Caravan (WP PC-2726); electrical team engaged.,,c2ebc293-a6da-4e4f-9dcf-b38eb12e684e,5284761e-4d1d-4e36-97eb-848604be7358,5284761e-4d1d-4e36-97eb-848604be7358,2025-09-16 16:06:00+00,2025-09-19 14:43:00+00,2025-09-19 14:43:00+00,,"{""component"": ""battery"", ""asset_code"": ""LLX-COL-0206"", ""trigger_snapshot"": ""2025-09-10""}",2025-09-16 16:06:00+00,2026-08-10 19:03:05.467947+00
6b8688c5-2bb5-417a-9e09-ba42dddfd55f,TCK-000873,00cf7e25-f31a-41d9-b997-fe70ba1deeba,c537c281-b6ad-4842-94ec-e937be0083e5,Oil pressure warning intermittent,"Intermittent oil pressure warning reported on the instrument cluster. Requesting oil level, filter and sender inspection.

Vehicle: Nissan Caravan (WP PC-2033), bay D-021.",open,medium,medium,medium,mechanical,mechanical,Oil issue reported on Nissan Caravan (WP PC-2033); mechanical team engaged.,,d6e759b6-79b1-4cc4-bc4d-412a321a3640,0b830550-4175-4716-9d78-9b2d69d25855,,2026-07-12 07:45:00+00,,,,"{""component"": ""oil"", ""asset_code"": ""LLX-COL-0201"", ""trigger_snapshot"": ""2026-07-10""}",2026-07-12 07:45:00+00,2026-08-10 19:03:05.467947+00
3b7695ab-a8c0-4b6c-9768-c91684d26fa6,TCK-000874,fe087f68-8d38-4e53-bf25-b05ee45e2b4d,c537c281-b6ad-4842-94ec-e937be0083e5,Tyre wear beyond service limit,"Tread depth is below the service threshold on condition monitoring. Requesting tyre replacement and wheel alignment check.

Vehicle: Komatsu FD25 (COL-FL-032), bay A-032.",open,medium,medium,medium,mechanical,mechanical,Tire issue reported on Komatsu FD25 (COL-FL-032); mechanical team engaged.,,184939aa-cc6e-4911-8fcd-a5c4bedeefa2,0bcca5d2-620c-4e90-ae82-fb6ffc7af33d,,2026-08-05 11:45:00+00,,,,"{""component"": ""tire"", ""asset_code"": ""LLX-COL-0032"", ""trigger_snapshot"": ""2026-08-10""}",2026-08-05 11:45:00+00,2026-08-10 19:03:05.467947+00
c67e1b5e-14d1-4354-8ebf-15c195f54635,TCK-000875,fb32f725-5e69-499b-ae51-e0cb51b0e702,8f2b1c74-59d3-4a6e-9b21-7c4e0a5d3f88,Oil pressure warning intermittent,"Intermittent oil pressure warning reported on the instrument cluster. Requesting oil level, filter and sender inspection.

Vehicle: Toyota HiAce (SP PD-8038), bay B-051.",closed,high,low,high,mechanical,mechanical,Oil issue reported on Toyota HiAce (SP PD-8038); mechanical team engaged.,,2458cf7c-fcbf-4def-834a-e1429dfebcae,9580e2d6-e004-4873-9ea1-5e63bb707d70,9580e2d6-e004-4873-9ea1-5e63bb707d70,2025-02-19 07:35:00+00,2025-03-04 09:18:00+00,2025-03-04 09:18:00+00,2025-03-09 12:41:00+00,"{""component"": ""oil"", ""asset_code"": ""LLX-GLE-0111"", ""trigger_snapshot"": ""2025-02-10""}",2025-02-19 07:35:00+00,2026-08-10 19:03:05.467947+00
182daf7a-9ae8-482e-a5c3-36d3c2d79c8c,TCK-000876,32814e54-e803-4a7f-bff9-252710b13c74,c537c281-b6ad-4842-94ec-e937be0083e5,Repeated hard starting in early shift,"Vehicle requires multiple crank attempts at shift start. Battery state of health is degraded on monitoring. Requesting battery and charging system diagnosis.

Vehicle: Nissan Caravan (WP PE-5262), bay D-033.",closed,medium,medium,medium,electrical,electrical,Battery issue reported on Nissan Caravan (WP PE-5262); electrical team engaged.,,cbe38004-41ff-40f3-8cc5-a26f4612f3ba,cfcb23c6-f209-48fb-b2ab-5f79f711f9cc,cfcb23c6-f209-48fb-b2ab-5f79f711f9cc,2024-12-11 05:03:00+00,2024-12-24 17:25:00+00,2024-12-24 17:25:00+00,2024-12-25 09:41:00+00,"{""component"": ""battery"", ""asset_code"": ""LLX-COL-0213"", ""trigger_snapshot"": ""2024-12-10""}",2024-12-11 05:03:00+00,2026-08-10 19:03:05.467947+00
af1d473f-9a71-4acf-b9d6-1fd0e8254be5,TCK-000877,bf878007-dd6f-414c-870d-51b2eeaf5cf5,c537c281-b6ad-4842-94ec-e937be0083e5,Hydraulic lift slow to respond,"Forklift mast raises slowly under load and drifts down when held. Requesting hydraulic fluid, seal and pump inspection.

Vehicle: Mahindra Bolero Pickup (WP LA-9531), bay E-027.",open,medium,medium,medium,mechanical,mechanical,Hydraulic issue reported on Mahindra Bolero Pickup (WP LA-9531); mechanical team engaged.,,e1121c2f-4b9c-484f-ab26-d06bba047a3e,e5c08943-9e02-486b-b8ec-02510a429c07,,2026-08-08 14:16:00+00,,,,"{""component"": ""hydraulic"", ""asset_code"": ""LLX-COL-0267"", ""trigger_snapshot"": ""2026-08-10""}",2026-08-08 14:16:00+00,2026-08-10 19:03:05.467947+00
195f49fe-402a-4a5c-92d7-6a932b2c61e4,TCK-000878,ad143dcb-9121-4cc4-b430-85bade41eb2c,23a10ad6-f2ff-4aab-9878-de0f37f6bbe0,Brake performance degraded - inspection required,"Driver reports longer stopping distance and reduced pedal firmness. Brake wear indicator is low on condition monitoring. Mechanical team to inspect pads, discs and brake fluid.

Vehicle: Mitsubishi Canter (UP LD-3925), bay C-023.",open,medium,medium,medium,mechanical,mechanical,Brake issue reported on Mitsubishi Canter (UP LD-3925); mechanical team engaged.,,54a8003d-fad1-4f14-bdd4-8c4913b2d0f2,59064e3f-1d1e-4817-8491-724ae8d85add,,2026-07-27 07:10:00+00,,,,"{""component"": ""brake"", ""asset_code"": ""LLX-BDL-0143"", ""trigger_snapshot"": ""2026-07-10""}",2026-07-27 07:10:00+00,2026-08-10 19:03:05.467947+00
73337ff6-78a7-4a3d-9a82-55be9c064a13,TCK-000879,585d8f6e-c62d-465d-b736-1eac8460a2aa,8f2b1c74-59d3-4a6e-9b21-7c4e0a5d3f88,Battery voltage low - charging system check required,"Battery voltage trend is below target and the vehicle is slow to crank in the morning. Electrical team to test battery health, alternator output and earth connections.

Vehicle: Heli CPCD30 (GLE-FL-070), bay B-010.",resolved,medium,medium,medium,electrical,electrical,Battery issue reported on Heli CPCD30 (GLE-FL-070); electrical team engaged.,,3484de6b-fe95-4a85-8fab-b327faa1af1a,d6aec698-ade7-42e5-8a36-3df03605cce0,d6aec698-ade7-42e5-8a36-3df03605cce0,2024-12-27 13:20:00+00,2025-01-03 09:01:00+00,2025-01-03 09:01:00+00,,"{""component"": ""battery"", ""asset_code"": ""LLX-GLE-0070"", ""trigger_snapshot"": ""2024-12-10""}",2024-12-27 13:20:00+00,2026-08-10 19:03:05.467947+00
7d00a935-351d-4c15-a499-7d8239ed2365,TCK-000880,d58c9bba-0dcb-4f3f-8dc2-3919a4f07ffa,8f2b1c74-59d3-4a6e-9b21-7c4e0a5d3f88,Uneven tyre wear and vibration at speed,"Driver reports steering vibration at highway speed. Suspect uneven tyre wear; requesting inspection, rotation and alignment.

Vehicle: Toyota 8FD25 (GLE-FL-009), bay A-009.",resolved,high,high,high,mechanical,mechanical,Tire issue reported on Toyota 8FD25 (GLE-FL-009); mechanical team engaged.,,2e9c306a-200a-4470-9319-01f6f9fbcee0,76f52321-d84d-4f11-979f-a6df1dccfcbd,76f52321-d84d-4f11-979f-a6df1dccfcbd,2026-04-14 15:03:00+00,2026-05-09 13:35:00+00,2026-05-09 13:35:00+00,,"{""component"": ""tire"", ""asset_code"": ""LLX-GLE-0009"", ""trigger_snapshot"": ""2026-04-10""}",2026-04-14 15:03:00+00,2026-08-10 19:03:05.467947+00
ce7863f8-fae9-4286-b80e-51958e3aaa55,TCK-000881,a69c03e7-be17-4261-9931-28c92a5dd71f,c537c281-b6ad-4842-94ec-e937be0083e5,Brake performance degraded - inspection required,"Driver reports longer stopping distance and reduced pedal firmness. Brake wear indicator is low on condition monitoring. Mechanical team to inspect pads, discs and brake fluid.

Vehicle: KDH Van (WP PB-5133), bay D-037.",closed,high,high,high,electrical,mechanical,Brake issue reported on KDH Van (WP PB-5133); mechanical team engaged.,,022e2531-3147-464c-8ab0-f1461e0f7f2c,69740143-f533-4866-a394-3d1ba98f20a7,69740143-f533-4866-a394-3d1ba98f20a7,2026-03-12 08:11:00+00,2026-03-20 06:19:00+00,2026-03-20 06:19:00+00,2026-03-30 09:35:00+00,"{""component"": ""brake"", ""asset_code"": ""LLX-COL-0217"", ""trigger_snapshot"": ""2026-03-10""}",2026-03-12 08:11:00+00,2026-08-10 19:03:05.467947+00
d9c1e4bd-6bf3-4251-9bd7-4e7ede35f959,TCK-000882,fbc1df33-253b-43d9-be04-2e1af85d7a96,c537c281-b6ad-4842-94ec-e937be0083e5,Repeated hard starting in early shift,"Vehicle requires multiple crank attempts at shift start. Battery state of health is degraded on monitoring. Requesting battery and charging system diagnosis.

Vehicle: Heli CPCD25 (COL-FL-008), bay A-008.",closed,high,high,high,electrical,electrical,Battery issue reported on Heli CPCD25 (COL-FL-008); electrical team engaged.,,eeb2c80a-5992-4553-b0f3-bfb3252ee6f4,7172df17-f1b4-41d1-a5ee-2bf445703d25,7172df17-f1b4-41d1-a5ee-2bf445703d25,2025-10-22 09:18:00+00,2025-10-24 05:27:00+00,2025-10-24 05:27:00+00,2025-10-25 13:12:00+00,"{""component"": ""battery"", ""asset_code"": ""LLX-COL-0008"", ""trigger_snapshot"": ""2025-10-10""}",2025-10-22 09:18:00+00,2026-08-10 19:03:05.467947+00
793cd902-d8c6-4f2b-a3f9-3e57bf83126b,TCK-000883,9d893206-63f2-4531-950b-cee3077877f6,8f2b1c74-59d3-4a6e-9b21-7c4e0a5d3f88,Repeated hard starting in early shift,"Vehicle requires multiple crank attempts at shift start. Battery state of health is degraded on monitoring. Requesting battery and charging system diagnosis.

Vehicle: Mahindra Bolero Pickup (SP LA-3865), bay C-055.",closed,medium,medium,medium,electrical,electrical,Battery issue reported on Mahindra Bolero Pickup (SP LA-3865); electrical team engaged.,,9019810d-4632-4478-ba34-52bcd94d1793,c3bd164c-dac0-42f6-a8bd-f5f7ab7dd58c,c3bd164c-dac0-42f6-a8bd-f5f7ab7dd58c,2025-10-17 07:07:00+00,2025-11-07 14:51:00+00,2025-11-07 14:51:00+00,2025-11-12 09:53:00+00,"{""component"": ""battery"", ""asset_code"": ""LLX-GLE-0175"", ""trigger_snapshot"": ""2025-10-10""}",2025-10-17 07:07:00+00,2026-08-10 19:03:05.467947+00
180b4758-3fe2-40f7-93d5-ba9566e3cec4,TCK-000884,689e9dac-4a60-400c-9df7-8c0c3e426832,c537c281-b6ad-4842-94ec-e937be0083e5,Repeated hard starting in early shift,"Vehicle requires multiple crank attempts at shift start. Battery state of health is degraded on monitoring. Requesting battery and charging system diagnosis.

Vehicle: Toyota HiAce (WP PC-8275), bay C-047.",resolved,low,low,low,electrical,electrical,Battery issue reported on Toyota HiAce (WP PC-8275); electrical team engaged.,,765075e1-0e2f-47b5-9221-3011f36cb6f8,a817e3da-c239-49df-b5b4-e605451fa66c,a817e3da-c239-49df-b5b4-e605451fa66c,2026-05-25 06:06:00+00,2026-05-29 11:40:00+00,2026-05-29 11:40:00+00,,"{""component"": ""battery"", ""asset_code"": ""LLX-COL-0167"", ""trigger_snapshot"": ""2026-05-10""}",2026-05-25 06:06:00+00,2026-08-10 19:03:05.467947+00
575a4a18-b12e-4496-a84e-4b9eed19e7d0,TCK-000885,342b5159-578f-4680-ad47-8fffe69e951f,23a10ad6-f2ff-4aab-9878-de0f37f6bbe0,Tyre wear beyond service limit,"Tread depth is below the service threshold on condition monitoring. Requesting tyre replacement and wheel alignment check.

Vehicle: Isuzu ELF NKR (UP LD-8626), bay C-007.",resolved,low,low,low,mechanical,mechanical,Tire issue reported on Isuzu ELF NKR (UP LD-8626); mechanical team engaged.,,960e7df1-3079-4aab-812d-cf90bb2b019e,190182a8-16ad-4409-a912-e59276021f4c,190182a8-16ad-4409-a912-e59276021f4c,2024-11-13 17:20:00+00,2024-11-19 15:11:00+00,2024-11-19 15:11:00+00,,"{""component"": ""tire"", ""asset_code"": ""LLX-BDL-0127"", ""trigger_snapshot"": ""2024-11-10""}",2024-11-13 17:20:00+00,2026-08-10 19:03:05.467947+00
1b14b8a9-7940-4006-a86b-326038ac824e,TCK-000886,1f9f534a-b943-4095-86a0-6dc2e82b96aa,23a10ad6-f2ff-4aab-9878-de0f37f6bbe0,Tyre wear beyond service limit,"Tread depth is below the service threshold on condition monitoring. Requesting tyre replacement and wheel alignment check.

Vehicle: Komatsu FD25 (BDL-FL-026), bay A-026.",closed,high,high,high,mechanical,mechanical,Tire issue reported on Komatsu FD25 (BDL-FL-026); mechanical team engaged.,,2880fc15-f0ee-4986-8ce3-c88c53681281,97cc4d1b-3c67-439f-8fdf-b355eb120cfa,97cc4d1b-3c67-439f-8fdf-b355eb120cfa,2025-06-25 07:09:00+00,2025-07-06 06:23:00+00,2025-07-06 06:23:00+00,2025-07-12 15:11:00+00,"{""component"": ""tire"", ""asset_code"": ""LLX-BDL-0026"", ""trigger_snapshot"": ""2025-06-10""}",2025-06-25 07:09:00+00,2026-08-10 19:03:05.467947+00
75b3847e-925e-4bf5-a98e-927b7081700a,TCK-000887,d0c6b54a-2ebd-425d-a3ed-abe214dc9691,23a10ad6-f2ff-4aab-9878-de0f37f6bbe0,Hydraulic fluid weeping at cylinder,"Visible weeping at the lift cylinder and reduced hydraulic performance on monitoring. Requesting seal replacement.

Vehicle: Tata Ace (UP LB-9955), bay B-052.",closed,high,high,high,mechanical,mechanical,Hydraulic issue reported on Tata Ace (UP LB-9955); mechanical team engaged.,,a1b85244-a022-490b-8170-5794c882d878,c72f23f6-0751-4dfb-aa15-6737a84c61f4,c72f23f6-0751-4dfb-aa15-6737a84c61f4,2025-02-13 07:23:00+00,2025-03-07 16:28:00+00,2025-03-07 16:28:00+00,2025-03-17 09:06:00+00,"{""component"": ""hydraulic"", ""asset_code"": ""LLX-BDL-0112"", ""trigger_snapshot"": ""2025-02-10""}",2025-02-13 07:23:00+00,2026-08-10 19:03:05.467947+00
a6eca4e4-a47e-45d7-85cf-ab56741c28bd,TCK-000888,29ba84c9-2dd9-4ad7-9b0d-98916c0764ea,23a10ad6-f2ff-4aab-9878-de0f37f6bbe0,Brake performance degraded - inspection required,"Driver reports longer stopping distance and reduced pedal firmness. Brake wear indicator is low on condition monitoring. Mechanical team to inspect pads, discs and brake fluid.

Vehicle: Toyota 8FD30 (BDL-FL-041), bay A-041.",closed,high,high,high,mechanical,mechanical,Brake issue reported on Toyota 8FD30 (BDL-FL-041); mechanical team engaged.,,1b455b96-a991-4bd5-a556-e37006677447,f101a341-b305-43d6-b170-7cbd8501fef2,f101a341-b305-43d6-b170-7cbd8501fef2,2025-11-17 07:45:00+00,2025-11-19 06:51:00+00,2025-11-19 06:51:00+00,2025-11-20 08:40:00+00,"{""component"": ""brake"", ""asset_code"": ""LLX-BDL-0041"", ""trigger_snapshot"": ""2025-11-10""}",2025-11-17 07:45:00+00,2026-08-10 19:03:05.467947+00
41ad448f-0e58-43e0-a11c-c5ae7845249f,TCK-000889,7b5e6dc3-20cc-486d-a186-dbe7ad427b78,c537c281-b6ad-4842-94ec-e937be0083e5,Brake noise reported during descent,"Squealing and vibration reported under braking on gradient. Requesting brake pad and disc inspection before the vehicle returns to route.

Vehicle: Komatsu FD25 (COL-FL-063), bay B-003.",closed,high,high,high,mechanical,mechanical,Brake issue reported on Komatsu FD25 (COL-FL-063); mechanical team engaged.,,69fde47c-f9ea-402d-abc7-25eb19a70e8a,b958f053-fb9d-4b81-9996-c7ca66269f1c,b958f053-fb9d-4b81-9996-c7ca66269f1c,2025-10-22 09:27:00+00,2025-11-07 14:45:00+00,2025-11-07 14:45:00+00,2025-11-17 08:33:00+00,"{""component"": ""brake"", ""asset_code"": ""LLX-COL-0063"", ""trigger_snapshot"": ""2025-10-10""}",2025-10-22 09:27:00+00,2026-08-10 19:03:05.467947+00
754ef7e6-2a3f-47ba-a052-6ecd737728b2,TCK-000890,4ea43bce-580b-4ac1-b814-7fd96b23e1c7,23a10ad6-f2ff-4aab-9878-de0f37f6bbe0,Hydraulic lift slow to respond,"Forklift mast raises slowly under load and drifts down when held. Requesting hydraulic fluid, seal and pump inspection.

Vehicle: Tata T.12 (UP LE-7734), bay D-004.",closed,high,low,high,mechanical,mechanical,Hydraulic issue reported on Tata T.12 (UP LE-7734); mechanical team engaged.,,36f9a4a5-291f-4548-b867-96c44f690282,6307ed65-c77c-40e7-9e0f-0b67135eb7b1,6307ed65-c77c-40e7-9e0f-0b67135eb7b1,2026-06-22 16:51:00+00,2026-07-01 07:22:00+00,2026-07-01 07:22:00+00,2026-07-03 08:14:00+00,"{""component"": ""hydraulic"", ""asset_code"": ""LLX-BDL-0184"", ""trigger_snapshot"": ""2026-06-10""}",2026-06-22 16:51:00+00,2026-08-10 19:03:05.467947+00
e8d771bd-705e-4d7e-b1eb-ee15decd6bc9,TCK-000891,ceac2811-cf12-461b-a6be-6f1d31b9bda6,23a10ad6-f2ff-4aab-9878-de0f37f6bbe0,Oil pressure warning intermittent,"Intermittent oil pressure warning reported on the instrument cluster. Requesting oil level, filter and sender inspection.

Vehicle: Mahindra Bolero Pickup (UP LA-2475), bay C-003.",resolved,medium,medium,medium,mechanical,mechanical,Oil issue reported on Mahindra Bolero Pickup (UP LA-2475); mechanical team engaged.,,ef6299ea-dce6-47c7-9ad0-1881136969f0,9b2ae800-e7f5-4450-a102-90626d114204,9b2ae800-e7f5-4450-a102-90626d114204,2025-01-10 08:52:00+00,2025-02-01 05:43:00+00,2025-02-01 05:43:00+00,,"{""component"": ""oil"", ""asset_code"": ""LLX-BDL-0123"", ""trigger_snapshot"": ""2025-01-10""}",2025-01-10 08:52:00+00,2026-08-10 19:03:05.467947+00
0ac19f96-4130-44f8-9348-b110eb856ae2,TCK-000892,62e8cfbe-8709-4f64-9913-1332946fa0cb,c537c281-b6ad-4842-94ec-e937be0083e5,Hydraulic lift slow to respond,"Forklift mast raises slowly under load and drifts down when held. Requesting hydraulic fluid, seal and pump inspection.

Vehicle: Isuzu FVR (WP LE-4878), bay G-008.",resolved,high,high,high,mechanical,mechanical,Hydraulic issue reported on Isuzu FVR (WP LE-4878); mechanical team engaged.,,b6fe1c4e-8bcc-41cb-851c-08a32b18140c,ff7c83e7-5c79-453d-ba13-4194d70d1e17,ff7c83e7-5c79-453d-ba13-4194d70d1e17,2026-06-11 11:08:00+00,2026-07-05 11:58:00+00,2026-07-05 11:58:00+00,,"{""component"": ""hydraulic"", ""asset_code"": ""LLX-COL-0368"", ""trigger_snapshot"": ""2026-06-10""}",2026-06-11 11:08:00+00,2026-08-10 19:03:05.467947+00
809c2ae8-a710-4747-a41e-2f0887391f76,TCK-000893,c64cadd6-2ac0-4162-ac8c-73c2cbfd67ef,23a10ad6-f2ff-4aab-9878-de0f37f6bbe0,Engine oil life exhausted - service overdue,"Oil life monitor has reached the end of its interval. Requesting engine oil and filter service before further dispatch.

Vehicle: KDH Van (UP PC-8622), bay B-007.",closed,high,medium,high,mechanical,mechanical,Oil issue reported on KDH Van (UP PC-8622); mechanical team engaged.,,b36f60de-7468-494a-8e5f-a8f1ffc38839,6307ed65-c77c-40e7-9e0f-0b67135eb7b1,6307ed65-c77c-40e7-9e0f-0b67135eb7b1,2025-04-19 15:38:00+00,2025-05-08 08:14:00+00,2025-05-08 08:14:00+00,2025-05-09 12:33:00+00,"{""component"": ""oil"", ""asset_code"": ""LLX-BDL-0067"", ""trigger_snapshot"": ""2025-04-10""}",2025-04-19 15:38:00+00,2026-08-10 19:03:05.467947+00
05fc88e5-31a4-48c7-a470-bf8f267d5a91,TCK-000894,88170ab4-46cd-4d93-ad4b-1d69ac15614b,c537c281-b6ad-4842-94ec-e937be0083e5,Engine oil life exhausted - service overdue,"Oil life monitor has reached the end of its interval. Requesting engine oil and filter service before further dispatch.

Vehicle: Heli CPCD25 (COL-FL-086), bay B-026.",closed,high,medium,high,mechanical,mechanical,Oil issue reported on Heli CPCD25 (COL-FL-086); mechanical team engaged.,,80bc9403-5b94-4faf-9612-5bdcefb91978,acc29e92-bfe4-4843-8a5e-b9f6e945a18e,acc29e92-bfe4-4843-8a5e-b9f6e945a18e,2025-03-30 15:20:00+00,2025-04-05 16:13:00+00,2025-04-05 16:13:00+00,2025-04-07 13:27:00+00,"{""component"": ""oil"", ""asset_code"": ""LLX-COL-0086"", ""trigger_snapshot"": ""2025-03-10""}",2025-03-30 15:20:00+00,2026-08-10 19:03:05.467947+00
559afeb7-f065-462d-9773-a5ab9d22d608,TCK-000895,a69c03e7-be17-4261-9931-28c92a5dd71f,c537c281-b6ad-4842-94ec-e937be0083e5,Brake performance degraded - inspection required,"Driver reports longer stopping distance and reduced pedal firmness. Brake wear indicator is low on condition monitoring. Mechanical team to inspect pads, discs and brake fluid.

Vehicle: KDH Van (WP PB-5133), bay D-037.",closed,medium,medium,medium,mechanical,mechanical,Brake issue reported on KDH Van (WP PB-5133); mechanical team engaged.,,51ed7e64-6868-4e03-9b23-cb9d7039bb47,802b1d2e-50c9-4825-a3ef-2b31b40f3569,802b1d2e-50c9-4825-a3ef-2b31b40f3569,2024-08-30 14:14:00+00,2024-09-11 06:18:00+00,2024-09-11 06:18:00+00,2024-09-17 06:24:00+00,"{""component"": ""brake"", ""asset_code"": ""LLX-COL-0217"", ""trigger_snapshot"": ""2024-08-10""}",2024-08-30 14:14:00+00,2026-08-10 19:03:05.467947+00
80c42dba-9a26-4fe3-9bcc-09a5feef1beb,TCK-000896,c8bebbed-9127-48f9-b5d1-45c8a1d94139,c537c281-b6ad-4842-94ec-e937be0083e5,Hydraulic fluid weeping at cylinder,"Visible weeping at the lift cylinder and reduced hydraulic performance on monitoring. Requesting seal replacement.

Vehicle: KDH Van (WP PB-8729), bay D-014.",closed,medium,medium,medium,mechanical,mechanical,Hydraulic issue reported on KDH Van (WP PB-8729); mechanical team engaged.,,3a856fa0-a322-42af-b639-f50c6a06d501,578b9882-da22-4a57-8191-8e7a8ca512f5,578b9882-da22-4a57-8191-8e7a8ca512f5,2025-12-14 06:17:00+00,2026-01-02 13:48:00+00,2026-01-02 13:48:00+00,2026-01-09 08:20:00+00,"{""component"": ""hydraulic"", ""asset_code"": ""LLX-COL-0194"", ""trigger_snapshot"": ""2025-12-10""}",2025-12-14 06:17:00+00,2026-08-10 19:03:05.467947+00
87973eba-90e3-460b-9ce3-dc5505bcc640,TCK-000897,ff6a4d2a-5f42-46bc-ac87-4552804677a0,8f2b1c74-59d3-4a6e-9b21-7c4e0a5d3f88,Tyre wear beyond service limit,"Tread depth is below the service threshold on condition monitoring. Requesting tyre replacement and wheel alignment check.

Vehicle: Mitsubishi Canter (SP LD-5203), bay D-023.",closed,high,high,high,mechanical,mechanical,Tire issue reported on Mitsubishi Canter (SP LD-5203); mechanical team engaged.,,c691dcc5-f3db-4375-96dc-1d55b8a8bee1,016d73cf-e272-4f8f-a5e9-41a860fec088,016d73cf-e272-4f8f-a5e9-41a860fec088,2025-06-19 13:35:00+00,2025-06-22 16:33:00+00,2025-06-22 16:33:00+00,2025-06-23 08:54:00+00,"{""component"": ""tire"", ""asset_code"": ""LLX-GLE-0203"", ""trigger_snapshot"": ""2025-06-10""}",2025-06-19 13:35:00+00,2026-08-10 19:03:05.467947+00
b83ca4e2-f4f1-4573-8a3b-dbf6b11ded48,TCK-000898,eaae8d12-93f2-4112-aa01-50564282a1f4,8f2b1c74-59d3-4a6e-9b21-7c4e0a5d3f88,Oil pressure warning intermittent,"Intermittent oil pressure warning reported on the instrument cluster. Requesting oil level, filter and sender inspection.

Vehicle: Isuzu FVR (SP LF-9299), bay D-049.",closed,low,low,low,mechanical,mechanical,Oil issue reported on Isuzu FVR (SP LF-9299); mechanical team engaged.,,7b8038d9-086d-487f-be9b-20668168d812,57ace99d-32e1-4aae-af41-0861213bfb33,57ace99d-32e1-4aae-af41-0861213bfb33,2025-09-24 05:38:00+00,2025-10-16 17:09:00+00,2025-10-16 17:09:00+00,2025-10-25 10:50:00+00,"{""component"": ""oil"", ""asset_code"": ""LLX-GLE-0229"", ""trigger_snapshot"": ""2025-09-10""}",2025-09-24 05:38:00+00,2026-08-10 19:03:05.467947+00
09debd2a-c75f-4f93-a4ea-4ea50ad8293e,TCK-000899,0a5a0701-3e26-470c-83f1-c3f5d82d35ef,8f2b1c74-59d3-4a6e-9b21-7c4e0a5d3f88,Repeated hard starting in early shift,"Vehicle requires multiple crank attempts at shift start. Battery state of health is degraded on monitoring. Requesting battery and charging system diagnosis.

Vehicle: Mitsubishi Canter (SP LC-6279), bay D-005.",closed,high,high,high,electrical,electrical,Battery issue reported on Mitsubishi Canter (SP LC-6279); electrical team engaged.,,c752deae-2089-4698-95c9-22b8797ac2c9,c3bd164c-dac0-42f6-a8bd-f5f7ab7dd58c,c3bd164c-dac0-42f6-a8bd-f5f7ab7dd58c,2025-08-18 06:12:00+00,2025-08-26 15:23:00+00,2025-08-26 15:23:00+00,2025-09-04 11:12:00+00,"{""component"": ""battery"", ""asset_code"": ""LLX-GLE-0185"", ""trigger_snapshot"": ""2025-08-10""}",2025-08-18 06:12:00+00,2026-08-10 19:03:05.467947+00
681c0952-b383-40be-8745-221942dbac7c,TCK-000900,7d24769a-8ce7-4d3b-9d1b-2c5274698a0d,8f2b1c74-59d3-4a6e-9b21-7c4e0a5d3f88,Odometer readings inconsistent in platform,"Reported odometer on the platform disagrees with the vehicle cluster. Software team to verify sensor mapping and ingestion for this asset.

Vehicle: Toyota 8FD25 (GLE-FL-048), bay A-048.",closed,medium,medium,medium,software,software,Telematics issue reported on Toyota 8FD25 (GLE-FL-048); software team engaged.,,08909f81-89eb-49b8-ada7-36ab7c0f67f5,4608f3d6-5f3d-4b49-8c19-e917a798062c,4608f3d6-5f3d-4b49-8c19-e917a798062c,2025-04-20 09:13:00+00,2025-04-26 12:08:00+00,2025-04-26 12:08:00+00,2025-05-04 06:05:00+00,"{""component"": ""telematics"", ""asset_code"": ""LLX-GLE-0048"", ""trigger_snapshot"": ""2025-04-10""}",2025-04-20 09:13:00+00,2026-08-10 19:03:05.467947+00
87c03113-6d8d-404c-8285-166d3f6de6f7,TCK-000901,4c132132-4625-4acf-89a2-af1f0f33fc14,c537c281-b6ad-4842-94ec-e937be0083e5,Uneven tyre wear and vibration at speed,"Driver reports steering vibration at highway speed. Suspect uneven tyre wear; requesting inspection, rotation and alignment.

Vehicle: Toyota HiAce (WP PE-6012), bay D-051.",closed,medium,medium,medium,mechanical,mechanical,Tire issue reported on Toyota HiAce (WP PE-6012); mechanical team engaged.,,c2ebc293-a6da-4e4f-9dcf-b38eb12e684e,0b830550-4175-4716-9d78-9b2d69d25855,0b830550-4175-4716-9d78-9b2d69d25855,2025-03-15 11:50:00+00,2025-04-01 14:58:00+00,2025-04-01 14:58:00+00,2025-04-09 08:13:00+00,"{""component"": ""tire"", ""asset_code"": ""LLX-COL-0231"", ""trigger_snapshot"": ""2025-03-10""}",2025-03-15 11:50:00+00,2026-08-10 19:03:05.467947+00
89601440-664d-4bd0-a62b-4854a3f957ab,TCK-000902,75aa4ca8-49cd-4b28-9e97-7d472d48671c,c537c281-b6ad-4842-94ec-e937be0083e5,Uneven tyre wear and vibration at speed,"Driver reports steering vibration at highway speed. Suspect uneven tyre wear; requesting inspection, rotation and alignment.

Vehicle: Mitsubishi Fuso Fighter (WP LF-8415), bay G-021.",open,medium,medium,medium,mechanical,mechanical,Tire issue reported on Mitsubishi Fuso Fighter (WP LF-8415); mechanical team engaged.,,91e3f538-69d6-4b30-b836-53971b1e57c1,adb19ae7-9e2e-4aaa-80b6-076357c54711,,2025-04-11 15:55:00+00,,,,"{""component"": ""tire"", ""asset_code"": ""LLX-COL-0381"", ""trigger_snapshot"": ""2025-04-10""}",2025-04-11 15:55:00+00,2026-08-10 19:03:05.467947+00
9d9d8593-8c27-49aa-a58c-428f1d5da48f,TCK-000903,a12585c0-72e7-4af1-a32f-85d834a3ff7d,8f2b1c74-59d3-4a6e-9b21-7c4e0a5d3f88,Hydraulic fluid weeping at cylinder,"Visible weeping at the lift cylinder and reduced hydraulic performance on monitoring. Requesting seal replacement.

Vehicle: Komatsu FD25 (GLE-FL-007), bay A-007.",resolved,high,high,high,mechanical,mechanical,Hydraulic issue reported on Komatsu FD25 (GLE-FL-007); mechanical team engaged.,,d818a87b-429b-4756-9495-55e1f1648939,e99de6d2-f02b-433d-81b3-796785680957,e99de6d2-f02b-433d-81b3-796785680957,2025-03-15 07:02:00+00,2025-03-27 14:11:00+00,2025-03-27 14:11:00+00,,"{""component"": ""hydraulic"", ""asset_code"": ""LLX-GLE-0007"", ""trigger_snapshot"": ""2025-03-10""}",2025-03-15 07:02:00+00,2026-08-10 19:03:05.467947+00
b922006d-14e9-4908-9856-f79aaa1abe46,TCK-000904,8b5d36dc-691e-4c7e-8f1b-e1907e60e0fc,c537c281-b6ad-4842-94ec-e937be0083e5,Tyre wear beyond service limit,"Tread depth is below the service threshold on condition monitoring. Requesting tyre replacement and wheel alignment check.

Vehicle: Komatsu FD30 (COL-FL-102), bay B-042.",closed,high,high,high,mechanical,mechanical,Tire issue reported on Komatsu FD30 (COL-FL-102); mechanical team engaged.,,18f814f2-8caf-454b-a5b5-36ab65b68c57,5ca11cec-92af-4cf0-ba2a-b7ccc1954f40,5ca11cec-92af-4cf0-ba2a-b7ccc1954f40,2024-10-11 06:16:00+00,2024-10-26 09:40:00+00,2024-10-26 09:40:00+00,2024-11-05 15:40:00+00,"{""component"": ""tire"", ""asset_code"": ""LLX-COL-0102"", ""trigger_snapshot"": ""2024-10-10""}",2024-10-11 06:16:00+00,2026-08-10 19:03:05.467947+00
a82e5ec8-a67c-4cda-afb1-a5fee2402aa1,TCK-000905,eaae8d12-93f2-4112-aa01-50564282a1f4,8f2b1c74-59d3-4a6e-9b21-7c4e0a5d3f88,Odometer readings inconsistent in platform,"Reported odometer on the platform disagrees with the vehicle cluster. Software team to verify sensor mapping and ingestion for this asset.

Vehicle: Isuzu FVR (SP LF-9299), bay D-049.",closed,high,high,high,software,software,Telematics issue reported on Isuzu FVR (SP LF-9299); software team engaged.,,6c1845aa-5405-4474-95e4-ec96188393bb,cdd74f33-dff3-4b0f-8378-d2989570b4c6,cdd74f33-dff3-4b0f-8378-d2989570b4c6,2025-07-24 07:09:00+00,2025-07-27 14:14:00+00,2025-07-27 14:14:00+00,2025-08-05 17:48:00+00,"{""component"": ""telematics"", ""asset_code"": ""LLX-GLE-0229"", ""trigger_snapshot"": ""2025-07-10""}",2025-07-24 07:09:00+00,2026-08-10 19:03:05.467947+00
82e7e2ab-9217-46b0-afba-cca112c73389,TCK-000906,9e568e8d-1182-499e-ac0c-3ac5b3b73ffa,8f2b1c74-59d3-4a6e-9b21-7c4e0a5d3f88,Uneven tyre wear and vibration at speed,"Driver reports steering vibration at highway speed. Suspect uneven tyre wear; requesting inspection, rotation and alignment.

Vehicle: Heli CPCD30 (GLE-FL-083), bay B-023.",resolved,medium,medium,medium,mechanical,mechanical,Tire issue reported on Heli CPCD30 (GLE-FL-083); mechanical team engaged.,,ee7fdb45-1bf6-4c17-8c06-31f278a64b01,f02fa13f-bb55-414d-bf8b-7341877ef160,f02fa13f-bb55-414d-bf8b-7341877ef160,2026-03-29 15:08:00+00,2026-03-30 15:21:00+00,2026-03-30 15:21:00+00,,"{""component"": ""tire"", ""asset_code"": ""LLX-GLE-0083"", ""trigger_snapshot"": ""2026-03-10""}",2026-03-29 15:08:00+00,2026-08-10 19:03:05.467947+00
bdbfad08-3ef7-42b3-86e2-c24813b90d8a,TCK-000907,9ee29505-19d3-4394-b8cc-32c62ee5e040,8f2b1c74-59d3-4a6e-9b21-7c4e0a5d3f88,Hydraulic lift slow to respond,"Forklift mast raises slowly under load and drifts down when held. Requesting hydraulic fluid, seal and pump inspection.

Vehicle: Heli CPCD30 (GLE-FL-090), bay B-030.",resolved,high,high,high,mechanical,mechanical,Hydraulic issue reported on Heli CPCD30 (GLE-FL-090); mechanical team engaged.,,c43b4443-f438-4b6f-93b9-7565a30bd3a2,f02fa13f-bb55-414d-bf8b-7341877ef160,f02fa13f-bb55-414d-bf8b-7341877ef160,2025-07-11 07:26:00+00,2025-07-22 16:27:00+00,2025-07-22 16:27:00+00,,"{""component"": ""hydraulic"", ""asset_code"": ""LLX-GLE-0090"", ""trigger_snapshot"": ""2025-07-10""}",2025-07-11 07:26:00+00,2026-08-10 19:03:05.467947+00
38e682b9-31fc-4bca-b47b-104b153371d0,TCK-000908,36ddb0db-d5e8-4031-a331-38b780a37eba,8f2b1c74-59d3-4a6e-9b21-7c4e0a5d3f88,Tyre wear beyond service limit,"Tread depth is below the service threshold on condition monitoring. Requesting tyre replacement and wheel alignment check.

Vehicle: Komatsu FD30 (GLE-FL-077), bay B-017.",resolved,high,high,high,mechanical,mechanical,Tire issue reported on Komatsu FD30 (GLE-FL-077); mechanical team engaged.,,ce97eae8-36da-4b55-9866-1818be74fe8c,ed4c1923-4a35-41e6-af73-87d272e16bb9,ed4c1923-4a35-41e6-af73-87d272e16bb9,2025-08-22 08:45:00+00,2025-08-26 06:11:00+00,2025-08-26 06:11:00+00,,"{""component"": ""tire"", ""asset_code"": ""LLX-GLE-0077"", ""trigger_snapshot"": ""2025-08-10""}",2025-08-22 08:45:00+00,2026-08-10 19:03:05.467947+00
871dd255-4c7f-4f46-b480-38861ce4b9d6,TCK-000909,39c35c65-a128-4fb3-ba13-1212bb44d323,c537c281-b6ad-4842-94ec-e937be0083e5,Tyre wear beyond service limit,"Tread depth is below the service threshold on condition monitoring. Requesting tyre replacement and wheel alignment check.

Vehicle: Nissan Caravan (WP PC-5428), bay C-024.",in_progress,high,high,high,mechanical,mechanical,Tire issue reported on Nissan Caravan (WP PC-5428); mechanical team engaged.,,aa74ca35-434e-47be-8bd6-af6914b9a935,0b830550-4175-4716-9d78-9b2d69d25855,,2026-07-13 05:05:00+00,,,,"{""component"": ""tire"", ""asset_code"": ""LLX-COL-0144"", ""trigger_snapshot"": ""2026-07-10""}",2026-07-13 05:05:00+00,2026-08-10 19:03:05.467947+00
5ac2d58b-5cc7-4ece-83ca-fae1da1e7a6d,TCK-000910,6707325f-ffcb-4e4e-9e7e-5ebb429ab367,8f2b1c74-59d3-4a6e-9b21-7c4e0a5d3f88,Oil pressure warning intermittent,"Intermittent oil pressure warning reported on the instrument cluster. Requesting oil level, filter and sender inspection.

Vehicle: Isuzu ELF NKR (SP LC-2271), bay D-027.",closed,medium,medium,medium,mechanical,mechanical,Oil issue reported on Isuzu ELF NKR (SP LC-2271); mechanical team engaged.,,6a8d56ce-2168-4b33-819a-93aeaa9b99dc,258cec76-5677-463e-88d0-84f8488b8d19,258cec76-5677-463e-88d0-84f8488b8d19,2025-02-27 07:47:00+00,2025-03-02 10:05:00+00,2025-03-02 10:05:00+00,2025-03-12 09:54:00+00,"{""component"": ""oil"", ""asset_code"": ""LLX-GLE-0207"", ""trigger_snapshot"": ""2025-02-10""}",2025-02-27 07:47:00+00,2026-08-10 19:03:05.467947+00
9a97975d-766c-4bfc-b31c-fd6ed77ca561,TCK-000911,49fa0050-0771-4769-9b88-bd878cb3383e,8f2b1c74-59d3-4a6e-9b21-7c4e0a5d3f88,Engine oil life exhausted - service overdue,"Oil life monitor has reached the end of its interval. Requesting engine oil and filter service before further dispatch.

Vehicle: Toyota 8FD25 (GLE-FL-028), bay A-028.",closed,high,high,high,mechanical,mechanical,Oil issue reported on Toyota 8FD25 (GLE-FL-028); mechanical team engaged.,,890b088b-ef43-4e69-ad02-026b369a28b5,597c6eba-286e-440e-922e-420efd907fcc,597c6eba-286e-440e-922e-420efd907fcc,2025-01-12 14:15:00+00,2025-01-25 11:16:00+00,2025-01-25 11:16:00+00,2025-01-28 16:32:00+00,"{""component"": ""oil"", ""asset_code"": ""LLX-GLE-0028"", ""trigger_snapshot"": ""2025-01-10""}",2025-01-12 14:15:00+00,2026-08-10 19:03:05.467947+00
d31ef7ed-fb6f-47e2-9705-a16d3c25b725,TCK-000912,ce612d8f-2c97-49a1-9228-fde704c5053e,c537c281-b6ad-4842-94ec-e937be0083e5,Hydraulic lift slow to respond,"Forklift mast raises slowly under load and drifts down when held. Requesting hydraulic fluid, seal and pump inspection.

Vehicle: Piaggio Porter (WP LB-4086), bay E-028.",resolved,high,high,high,mechanical,mechanical,Hydraulic issue reported on Piaggio Porter (WP LB-4086); mechanical team engaged.,,05bf91cd-84da-4338-96f4-3c4f216facbc,5184a5dd-4934-4cec-874b-92628013fb71,5184a5dd-4934-4cec-874b-92628013fb71,2025-05-16 09:19:00+00,2025-05-23 06:22:00+00,2025-05-23 06:22:00+00,,"{""component"": ""hydraulic"", ""asset_code"": ""LLX-COL-0268"", ""trigger_snapshot"": ""2025-05-10""}",2025-05-16 09:19:00+00,2026-08-10 19:03:05.467947+00
ee9e9f44-04a2-4512-9865-9c539515ab93,TCK-000913,86fe05ac-dcf4-4a36-b90c-8695bc89ba02,8f2b1c74-59d3-4a6e-9b21-7c4e0a5d3f88,Hydraulic fluid weeping at cylinder,"Visible weeping at the lift cylinder and reduced hydraulic performance on monitoring. Requesting seal replacement.

Vehicle: Mahindra Bolero Pickup (SP LA-1933), bay C-024.",closed,low,low,low,mechanical,mechanical,Hydraulic issue reported on Mahindra Bolero Pickup (SP LA-1933); mechanical team engaged.,,aa9fdc26-c27d-4899-a00c-295b6ab99173,198393db-38d9-4a32-b015-0658a170bec1,198393db-38d9-4a32-b015-0658a170bec1,2025-03-20 10:21:00+00,2025-03-26 15:28:00+00,2025-03-26 15:28:00+00,2025-04-01 07:41:00+00,"{""component"": ""hydraulic"", ""asset_code"": ""LLX-GLE-0144"", ""trigger_snapshot"": ""2025-03-10""}",2025-03-20 10:21:00+00,2026-08-10 19:03:05.467947+00
5074021f-697c-46f5-96af-b1b2be9b45bc,TCK-000914,42c9adfb-8199-4dd3-b39b-7274d49203e9,23a10ad6-f2ff-4aab-9878-de0f37f6bbe0,Uneven tyre wear and vibration at speed,"Driver reports steering vibration at highway speed. Suspect uneven tyre wear; requesting inspection, rotation and alignment.

Vehicle: Tata Ace (UP LA-8540), bay B-035.",resolved,medium,medium,medium,mechanical,mechanical,Tire issue reported on Tata Ace (UP LA-8540); mechanical team engaged.,,6bbcaed0-8dbb-4010-9f0e-ed858e55af44,2fb7dab3-e151-490f-9c20-9b329d4fba20,2fb7dab3-e151-490f-9c20-9b329d4fba20,2025-04-18 11:10:00+00,2025-04-29 10:55:00+00,2025-04-29 10:55:00+00,,"{""component"": ""tire"", ""asset_code"": ""LLX-BDL-0095"", ""trigger_snapshot"": ""2025-04-10""}",2025-04-18 11:10:00+00,2026-08-10 19:03:05.467947+00
d37079fe-e726-4c74-8b02-bac52105dab3,TCK-000915,a1b717bd-2082-46e2-a62f-9b308a41f976,c537c281-b6ad-4842-94ec-e937be0083e5,Battery voltage low - charging system check required,"Battery voltage trend is below target and the vehicle is slow to crank in the morning. Electrical team to test battery health, alternator output and earth connections.

Vehicle: Mitsubishi Canter (WP LD-7466), bay F-045.",resolved,medium,medium,medium,electrical,electrical,Battery issue reported on Mitsubishi Canter (WP LD-7466); electrical team engaged.,,4f3a3dc2-e549-4297-9901-d7612b6c6e8b,5284761e-4d1d-4e36-97eb-848604be7358,5284761e-4d1d-4e36-97eb-848604be7358,2026-02-12 17:20:00+00,2026-03-09 12:46:00+00,2026-03-09 12:46:00+00,,"{""component"": ""battery"", ""asset_code"": ""LLX-COL-0345"", ""trigger_snapshot"": ""2026-02-10""}",2026-02-12 17:20:00+00,2026-08-10 19:03:05.467947+00
a8034157-99fa-465d-a1fe-a4dee8c70e9b,TCK-000916,b1bf27f6-f668-4fe9-b054-6924b52b63b3,c537c281-b6ad-4842-94ec-e937be0083e5,Uneven tyre wear and vibration at speed,"Driver reports steering vibration at highway speed. Suspect uneven tyre wear; requesting inspection, rotation and alignment.

Vehicle: Toyota HiAce (WP PC-3954), bay D-048.",closed,high,high,high,mechanical,mechanical,Tire issue reported on Toyota HiAce (WP PC-3954); mechanical team engaged.,,23897ad1-5d76-41b7-a0a8-5434aba10d7c,6d8966a8-2474-4d35-9fd9-7bb3b648f6fd,6d8966a8-2474-4d35-9fd9-7bb3b648f6fd,2025-02-25 17:40:00+00,2025-02-26 15:04:00+00,2025-02-26 15:04:00+00,2025-03-02 07:48:00+00,"{""component"": ""tire"", ""asset_code"": ""LLX-COL-0228"", ""trigger_snapshot"": ""2025-02-10""}",2025-02-25 17:40:00+00,2026-08-10 19:03:05.467947+00
be85e150-2fad-4359-bb2e-c16835cd889a,TCK-000917,38f347c1-9fe2-4694-8b46-ad96e4bac475,23a10ad6-f2ff-4aab-9878-de0f37f6bbe0,Hydraulic fluid weeping at cylinder,"Visible weeping at the lift cylinder and reduced hydraulic performance on monitoring. Requesting seal replacement.

Vehicle: Tata Ace (UP LA-4986), bay B-053.",closed,medium,medium,medium,mechanical,mechanical,Hydraulic issue reported on Tata Ace (UP LA-4986); mechanical team engaged.,,9eb09106-f54e-4d7c-a8ab-2e35db7f6fee,9b2ae800-e7f5-4450-a102-90626d114204,9b2ae800-e7f5-4450-a102-90626d114204,2025-12-12 12:09:00+00,2025-12-30 10:52:00+00,2025-12-30 10:52:00+00,2026-01-08 13:28:00+00,"{""component"": ""hydraulic"", ""asset_code"": ""LLX-BDL-0113"", ""trigger_snapshot"": ""2025-12-10""}",2025-12-12 12:09:00+00,2026-08-10 19:03:05.467947+00
9d70bb4c-ab9c-4b79-8ed6-986848e11b8b,TCK-000918,fc622b90-48ae-4db8-9c60-8d7e16ed3cb7,23a10ad6-f2ff-4aab-9878-de0f37f6bbe0,Hydraulic fluid weeping at cylinder,"Visible weeping at the lift cylinder and reduced hydraulic performance on monitoring. Requesting seal replacement.

Vehicle: Mitsubishi Fuso Fighter (UP LE-7674), bay D-011.",closed,medium,medium,medium,mechanical,mechanical,Hydraulic issue reported on Mitsubishi Fuso Fighter (UP LE-7674); mechanical team engaged.,,e4cbf8b0-359c-4f08-904c-1a8a1fa0c608,149c1f7c-7257-4a93-8b26-45cae3ef4432,149c1f7c-7257-4a93-8b26-45cae3ef4432,2025-06-13 17:25:00+00,2025-07-01 05:34:00+00,2025-07-01 05:34:00+00,2025-07-07 10:07:00+00,"{""component"": ""hydraulic"", ""asset_code"": ""LLX-BDL-0191"", ""trigger_snapshot"": ""2025-06-10""}",2025-06-13 17:25:00+00,2026-08-10 19:03:05.467947+00
a135fafd-b680-49ef-938f-c1578c3a786e,TCK-000919,969a0df4-d7fa-4bc4-b9ed-6863343e114c,8f2b1c74-59d3-4a6e-9b21-7c4e0a5d3f88,Brake noise reported during descent,"Squealing and vibration reported under braking on gradient. Requesting brake pad and disc inspection before the vehicle returns to route.

Vehicle: Mahindra Bolero Pickup (SP LA-8851), bay C-032.",resolved,medium,medium,medium,mechanical,mechanical,Brake issue reported on Mahindra Bolero Pickup (SP LA-8851); mechanical team engaged.,,7e4c901d-77fc-4c10-a16e-4444d40fb582,989c4623-2ef3-4227-8eb3-779db0586ef1,989c4623-2ef3-4227-8eb3-779db0586ef1,2025-02-27 05:24:00+00,2025-03-20 13:19:00+00,2025-03-20 13:19:00+00,,"{""component"": ""brake"", ""asset_code"": ""LLX-GLE-0152"", ""trigger_snapshot"": ""2025-02-10""}",2025-02-27 05:24:00+00,2026-08-10 19:03:05.467947+00
760db9e8-cc60-46c9-98a4-5a636e6607fb,TCK-000920,fc622b90-48ae-4db8-9c60-8d7e16ed3cb7,23a10ad6-f2ff-4aab-9878-de0f37f6bbe0,Tyre wear beyond service limit,"Tread depth is below the service threshold on condition monitoring. Requesting tyre replacement and wheel alignment check.

Vehicle: Mitsubishi Fuso Fighter (UP LE-7674), bay D-011.",closed,high,high,high,mechanical,mechanical,Tire issue reported on Mitsubishi Fuso Fighter (UP LE-7674); mechanical team engaged.,,64eea3cd-759d-411b-b233-253c5b99f030,c72f23f6-0751-4dfb-aa15-6737a84c61f4,c72f23f6-0751-4dfb-aa15-6737a84c61f4,2026-06-26 05:53:00+00,2026-07-02 14:34:00+00,2026-07-02 14:34:00+00,2026-07-11 07:16:00+00,"{""component"": ""tire"", ""asset_code"": ""LLX-BDL-0191"", ""trigger_snapshot"": ""2026-06-10""}",2026-06-26 05:53:00+00,2026-08-10 19:03:05.467947+00
e52aee6d-6382-44d1-b159-54905bb6aca2,TCK-000921,b58911ec-0222-4162-b9b6-64aa9d0b7d48,23a10ad6-f2ff-4aab-9878-de0f37f6bbe0,Battery voltage low - charging system check required,"Battery voltage trend is below target and the vehicle is slow to crank in the morning. Electrical team to test battery health, alternator output and earth connections.

Vehicle: Piaggio Porter (UP LB-8963), bay B-030.",in_progress,medium,medium,medium,electrical,electrical,Battery issue reported on Piaggio Porter (UP LB-8963); electrical team engaged.,,65d43a9f-e305-49af-994b-5a76143bbac5,022e5872-55c1-40d7-b067-cc60fae673de,,2026-08-05 12:28:00+00,,,,"{""component"": ""battery"", ""asset_code"": ""LLX-BDL-0090"", ""trigger_snapshot"": ""2026-08-10""}",2026-08-05 12:28:00+00,2026-08-10 19:03:05.467947+00
40988439-30f3-483e-92bd-b02608519101,TCK-000922,20674a3a-8a96-4b27-829a-946f4958c47e,8f2b1c74-59d3-4a6e-9b21-7c4e0a5d3f88,Engine oil life exhausted - service overdue,"Oil life monitor has reached the end of its interval. Requesting engine oil and filter service before further dispatch.

Vehicle: Toyota 8FD30 (GLE-FL-059), bay A-059.",closed,medium,medium,medium,mechanical,mechanical,Oil issue reported on Toyota 8FD30 (GLE-FL-059); mechanical team engaged.,,f95e5189-9acb-40e5-8f4e-860989edcd2c,e3d88daf-a639-4654-8343-b7925af44312,e3d88daf-a639-4654-8343-b7925af44312,2024-10-27 11:37:00+00,2024-11-06 17:14:00+00,2024-11-06 17:14:00+00,2024-11-10 11:26:00+00,"{""component"": ""oil"", ""asset_code"": ""LLX-GLE-0059"", ""trigger_snapshot"": ""2024-10-10""}",2024-10-27 11:37:00+00,2026-08-10 19:03:05.467947+00
e2919b88-578d-49c5-b92a-12c182008b68,TCK-000923,f1b56121-64b9-4822-a5ba-80d791f0c625,c537c281-b6ad-4842-94ec-e937be0083e5,Repeated hard starting in early shift,"Vehicle requires multiple crank attempts at shift start. Battery state of health is degraded on monitoring. Requesting battery and charging system diagnosis.

Vehicle: Heli CPCD30 (COL-FL-114), bay B-054.",closed,medium,medium,medium,electrical,electrical,Battery issue reported on Heli CPCD30 (COL-FL-114); electrical team engaged.,,9f06cc9a-b7c3-4251-821a-1cd09e60ef22,5e18dd32-52bf-446f-b5b4-306dd776e223,5e18dd32-52bf-446f-b5b4-306dd776e223,2025-03-27 15:27:00+00,2025-04-03 06:24:00+00,2025-04-03 06:24:00+00,2025-04-09 17:04:00+00,"{""component"": ""battery"", ""asset_code"": ""LLX-COL-0114"", ""trigger_snapshot"": ""2025-03-10""}",2025-03-27 15:27:00+00,2026-08-10 19:03:05.467947+00
d6392e6a-c409-40c1-a6f2-ea65810a12ae,TCK-000924,1d4faaad-59f0-4dad-bc29-881b2cb68357,c537c281-b6ad-4842-94ec-e937be0083e5,Brake noise reported during descent,"Squealing and vibration reported under braking on gradient. Requesting brake pad and disc inspection before the vehicle returns to route.

Vehicle: Isuzu ELF NKR (WP LD-2387), bay F-049.",resolved,low,low,low,mechanical,mechanical,Brake issue reported on Isuzu ELF NKR (WP LD-2387); mechanical team engaged.,,4ba7d1f3-0eb6-413f-bac9-4a25081e347e,799f9455-62db-4da1-8b99-9f32da209d65,799f9455-62db-4da1-8b99-9f32da209d65,2026-04-17 13:47:00+00,2026-04-29 06:21:00+00,2026-04-29 06:21:00+00,,"{""component"": ""brake"", ""asset_code"": ""LLX-COL-0349"", ""trigger_snapshot"": ""2026-04-10""}",2026-04-17 13:47:00+00,2026-08-10 19:03:05.467947+00
b7bc6ec2-0b78-4b04-8aed-1198da2d57fb,TCK-000925,ceac2811-cf12-461b-a6be-6f1d31b9bda6,23a10ad6-f2ff-4aab-9878-de0f37f6bbe0,Engine oil life exhausted - service overdue,"Oil life monitor has reached the end of its interval. Requesting engine oil and filter service before further dispatch.

Vehicle: Mahindra Bolero Pickup (UP LA-2475), bay C-003.",resolved,medium,medium,medium,mechanical,mechanical,Oil issue reported on Mahindra Bolero Pickup (UP LA-2475); mechanical team engaged.,,81465f78-fd22-40f9-bb43-c73ede62087e,832b089f-ff95-441d-a9ca-716951d24f37,832b089f-ff95-441d-a9ca-716951d24f37,2026-04-21 17:34:00+00,2026-05-08 14:05:00+00,2026-05-08 14:05:00+00,,"{""component"": ""oil"", ""asset_code"": ""LLX-BDL-0123"", ""trigger_snapshot"": ""2026-04-10""}",2026-04-21 17:34:00+00,2026-08-10 19:03:05.467947+00
99c0affe-ab85-4b06-9528-8806b3bb03bc,TCK-000926,61812d01-a2b1-4a19-80eb-c4de09227944,8f2b1c74-59d3-4a6e-9b21-7c4e0a5d3f88,Brake performance degraded - inspection required,"Driver reports longer stopping distance and reduced pedal firmness. Brake wear indicator is low on condition monitoring. Mechanical team to inspect pads, discs and brake fluid.

Vehicle: Isuzu ELF NKR (SP LD-1643), bay D-019.",closed,low,high,low,mechanical,mechanical,Brake issue reported on Isuzu ELF NKR (SP LD-1643); mechanical team engaged.,,7191fc57-7a6f-4655-87cf-3b13834e027a,016d73cf-e272-4f8f-a5e9-41a860fec088,016d73cf-e272-4f8f-a5e9-41a860fec088,2026-04-11 08:41:00+00,2026-04-17 08:08:00+00,2026-04-17 08:08:00+00,2026-04-19 09:33:00+00,"{""component"": ""brake"", ""asset_code"": ""LLX-GLE-0199"", ""trigger_snapshot"": ""2026-04-10""}",2026-04-11 08:41:00+00,2026-08-10 19:03:05.467947+00
6bc6420e-b9f9-4688-b431-84238a6a3138,TCK-000927,c4645b2b-2be5-4c8b-844d-182dfa91212d,8f2b1c74-59d3-4a6e-9b21-7c4e0a5d3f88,Brake noise reported during descent,"Squealing and vibration reported under braking on gradient. Requesting brake pad and disc inspection before the vehicle returns to route.

Vehicle: Heli CPCD25 (GLE-FL-038), bay A-038.",closed,high,high,high,mechanical,mechanical,Brake issue reported on Heli CPCD25 (GLE-FL-038); mechanical team engaged.,,01551974-ffd1-4791-ae00-0b8e5efab738,e99de6d2-f02b-433d-81b3-796785680957,e99de6d2-f02b-433d-81b3-796785680957,2025-03-30 05:03:00+00,2025-04-18 11:18:00+00,2025-04-18 11:18:00+00,2025-04-19 05:27:00+00,"{""component"": ""brake"", ""asset_code"": ""LLX-GLE-0038"", ""trigger_snapshot"": ""2025-03-10""}",2025-03-30 05:03:00+00,2026-08-10 19:03:05.467947+00
b4c6f4ad-ad55-4314-98b2-80dbdcb416bb,TCK-000928,e0a073b3-0bb0-4ef4-a30f-cf4114d12201,c537c281-b6ad-4842-94ec-e937be0083e5,Brake performance degraded - inspection required,"Driver reports longer stopping distance and reduced pedal firmness. Brake wear indicator is low on condition monitoring. Mechanical team to inspect pads, discs and brake fluid.

Vehicle: Heli CPCD30 (COL-FL-125), bay C-005.",in_progress,high,high,high,mechanical,mechanical,Brake issue reported on Heli CPCD30 (COL-FL-125); mechanical team engaged.,,44f02d91-6ed8-49ff-bb7d-98412c2f27bc,0816a11f-c50f-456a-8311-8bf2e4aeff0e,,2026-04-25 17:42:00+00,,,,"{""component"": ""brake"", ""asset_code"": ""LLX-COL-0125"", ""trigger_snapshot"": ""2026-04-10""}",2026-04-25 17:42:00+00,2026-08-10 19:03:05.467947+00
bb552aed-075b-45e2-a136-6010cfc3c889,TCK-000929,a98a29d4-a102-41ac-9f92-818e13280eee,c537c281-b6ad-4842-94ec-e937be0083e5,Engine oil life exhausted - service overdue,"Oil life monitor has reached the end of its interval. Requesting engine oil and filter service before further dispatch.

Vehicle: Toyota 8FD25 (COL-FL-047), bay A-047.",closed,low,low,low,mechanical,mechanical,Oil issue reported on Toyota 8FD25 (COL-FL-047); mechanical team engaged.,,2708d4f5-3ad6-4440-8965-792bc8ba02ec,69740143-f533-4866-a394-3d1ba98f20a7,69740143-f533-4866-a394-3d1ba98f20a7,2025-06-14 12:49:00+00,2025-06-20 08:47:00+00,2025-06-20 08:47:00+00,2025-06-24 13:12:00+00,"{""component"": ""oil"", ""asset_code"": ""LLX-COL-0047"", ""trigger_snapshot"": ""2025-06-10""}",2025-06-14 12:49:00+00,2026-08-10 19:03:05.467947+00
7888f84d-322e-4027-b331-6d6240e34b6c,TCK-000930,a6b67d50-a73c-417d-8e69-6175dfc96ddd,23a10ad6-f2ff-4aab-9878-de0f37f6bbe0,Oil pressure warning intermittent,"Intermittent oil pressure warning reported on the instrument cluster. Requesting oil level, filter and sender inspection.

Vehicle: Toyota HiAce (UP PC-6311), bay A-055.",resolved,medium,medium,medium,mechanical,mechanical,Oil issue reported on Toyota HiAce (UP PC-6311); mechanical team engaged.,,e9f418de-bd0f-4830-b4c0-9a74896ec78e,9b2ae800-e7f5-4450-a102-90626d114204,9b2ae800-e7f5-4450-a102-90626d114204,2025-02-27 15:41:00+00,2025-03-18 17:17:00+00,2025-03-18 17:17:00+00,,"{""component"": ""oil"", ""asset_code"": ""LLX-BDL-0055"", ""trigger_snapshot"": ""2025-02-10""}",2025-02-27 15:41:00+00,2026-08-10 19:03:05.467947+00
7f847cbe-e2e2-4a15-8a9c-0b2a7342a06f,TCK-000931,7d580191-2a1c-4be1-b4b9-6c5dc57482d9,c537c281-b6ad-4842-94ec-e937be0083e5,Uneven tyre wear and vibration at speed,"Driver reports steering vibration at highway speed. Suspect uneven tyre wear; requesting inspection, rotation and alignment.

Vehicle: Nissan Caravan (WP PD-8272), bay C-052.",closed,medium,medium,medium,mechanical,mechanical,Tire issue reported on Nissan Caravan (WP PD-8272); mechanical team engaged.,,db9ceda9-fe88-48a4-a8bc-b6d5b8e1c93d,0bcca5d2-620c-4e90-ae82-fb6ffc7af33d,0bcca5d2-620c-4e90-ae82-fb6ffc7af33d,2024-08-23 13:15:00+00,2024-09-06 06:19:00+00,2024-09-06 06:19:00+00,2024-09-15 14:48:00+00,"{""component"": ""tire"", ""asset_code"": ""LLX-COL-0172"", ""trigger_snapshot"": ""2024-08-10""}",2024-08-23 13:15:00+00,2026-08-10 19:03:05.467947+00
1a3683aa-bc07-48c7-abf5-59d796829799,TCK-000932,a183c839-0612-4173-a219-025091dd95b0,8f2b1c74-59d3-4a6e-9b21-7c4e0a5d3f88,Brake performance degraded - inspection required,"Driver reports longer stopping distance and reduced pedal firmness. Brake wear indicator is low on condition monitoring. Mechanical team to inspect pads, discs and brake fluid.

Vehicle: Isuzu FVR (SP LF-9085), bay D-047.",closed,high,high,high,mechanical,mechanical,Brake issue reported on Isuzu FVR (SP LF-9085); mechanical team engaged.,,53729164-22f4-4aa2-a9ce-1b992ed4e050,9a38f54e-0c39-48c6-9c31-f8bc268a9f2a,9a38f54e-0c39-48c6-9c31-f8bc268a9f2a,2025-09-22 12:50:00+00,2025-10-01 07:48:00+00,2025-10-01 07:48:00+00,2025-10-09 14:23:00+00,"{""component"": ""brake"", ""asset_code"": ""LLX-GLE-0227"", ""trigger_snapshot"": ""2025-09-10""}",2025-09-22 12:50:00+00,2026-08-10 19:03:05.467947+00
3ac9aeff-a572-4d19-be20-583a63126bdc,TCK-000933,87202233-d45b-406f-9ccc-8fd80fe7571e,23a10ad6-f2ff-4aab-9878-de0f37f6bbe0,Telematics unit not reporting,"Sensor gateway on this vehicle has stopped publishing readings. Software team to check the telematics unit, SIM connectivity and data pipeline ingestion.

Vehicle: Mitsubishi Canter (UP LD-8106), bay C-018.",resolved,medium,medium,medium,software,software,Telematics issue reported on Mitsubishi Canter (UP LD-8106); software team engaged.,,b6487f87-3c10-4157-8f83-4000a6e04b1f,389d9ee3-9a0e-4d55-9770-b461e7a536f0,389d9ee3-9a0e-4d55-9770-b461e7a536f0,2025-09-26 17:22:00+00,2025-10-15 13:54:00+00,2025-10-15 13:54:00+00,,"{""component"": ""telematics"", ""asset_code"": ""LLX-BDL-0138"", ""trigger_snapshot"": ""2025-09-10""}",2025-09-26 17:22:00+00,2026-08-10 19:03:05.467947+00
20d1e8c0-0e18-4d01-9d42-7d3854b56d90,TCK-000934,53665e7e-dbdf-4c7c-bcf4-c618f1271001,c537c281-b6ad-4842-94ec-e937be0083e5,Repeated hard starting in early shift,"Vehicle requires multiple crank attempts at shift start. Battery state of health is degraded on monitoring. Requesting battery and charging system diagnosis.

Vehicle: Komatsu FD30 (COL-FL-092), bay B-032.",closed,high,high,high,mechanical,electrical,Battery issue reported on Komatsu FD30 (COL-FL-092); electrical team engaged.,,54e48c09-372a-42e8-9086-e98f7ce791b9,5284761e-4d1d-4e36-97eb-848604be7358,5284761e-4d1d-4e36-97eb-848604be7358,2025-01-19 09:14:00+00,2025-01-28 17:51:00+00,2025-01-28 17:51:00+00,2025-02-04 05:40:00+00,"{""component"": ""battery"", ""asset_code"": ""LLX-COL-0092"", ""trigger_snapshot"": ""2025-01-10""}",2025-01-19 09:14:00+00,2026-08-10 19:03:05.467947+00
1743a305-a88e-4955-a994-29adbce52932,TCK-000935,0d00d77f-8e2d-4c30-ba47-7226bfc25f2d,23a10ad6-f2ff-4aab-9878-de0f37f6bbe0,Repeated hard starting in early shift,"Vehicle requires multiple crank attempts at shift start. Battery state of health is degraded on monitoring. Requesting battery and charging system diagnosis.

Vehicle: KDH Van (UP PD-5060), bay B-011.",resolved,medium,medium,medium,electrical,electrical,Battery issue reported on KDH Van (UP PD-5060); electrical team engaged.,,d10cf005-0a3f-4251-bb32-0973601a7259,784a05b0-a5da-4849-9577-b03fd2c58149,784a05b0-a5da-4849-9577-b03fd2c58149,2026-01-20 07:06:00+00,2026-01-23 07:50:00+00,2026-01-23 07:50:00+00,,"{""component"": ""battery"", ""asset_code"": ""LLX-BDL-0071"", ""trigger_snapshot"": ""2026-01-10""}",2026-01-20 07:06:00+00,2026-08-10 19:03:05.467947+00
