id,ticket_id,user_id,comment,is_internal,created_at
0c9a97bd-270a-47ae-9e2a-fd9490d10694,744261ea-85af-47ac-a159-4fcdc179c0b1,1eec88aa-d888-4b75-ab3e-84365df4210c,Escalated to the workshop foreman for a second opinion.,f,2025-01-16 07:24:00+00
a2dc29fb-79fb-4435-a33b-59dd00bda298,03d21a9e-b771-4191-a905-3eb73189ba3e,7b2e85f9-7895-4aca-bf50-e37e9a354eb0,Escalated to the workshop foreman for a second opinion.,f,2025-11-03 05:32:00+00
ea26b764-f858-448d-b1ef-0d831059a44f,03d21a9e-b771-4191-a905-3eb73189ba3e,ef6299ea-dce6-47c7-9ad0-1881136969f0,Vehicle released back to operations after sign-off.,f,2025-10-30 08:37:00+00
c20ec0a1-e954-461f-a29e-71ca85e9fcbd,0810d12d-415c-496c-9fee-f381d1968a11,42afaa0f-d084-4462-ace5-550182b66af8,Inspected on arrival; confirmed the reported symptom.,f,2025-12-02 17:31:00+00
b0b6ba03-9113-4624-92b8-43b1a40786c3,0810d12d-415c-496c-9fee-f381d1968a11,42afaa0f-d084-4462-ace5-550182b66af8,Work completed and the vehicle was road tested before release.,f,2025-12-04 06:08:00+00
12fbd719-686b-404b-9772-800af444d069,0810d12d-415c-496c-9fee-f381d1968a11,42afaa0f-d084-4462-ace5-550182b66af8,Inspected on arrival; confirmed the reported symptom.,f,2025-11-29 15:08:00+00
4d53bf7e-9924-4675-b51f-1b679c6557ee,da1cd9c8-291d-4aba-bc69-54387f0808ca,79279b07-707c-4805-8691-f1e9b401bc9f,"Parts ordered from the supplier, awaiting delivery.",f,2026-04-30 16:59:00+00
8f9329e1-4bbd-4b8b-aff8-06ab04a577bf,da1cd9c8-291d-4aba-bc69-54387f0808ca,667f1ef6-99d9-4cff-b551-bc452b65fc89,Vehicle released back to operations after sign-off.,f,2026-05-07 11:21:00+00
717fa674-5191-46c1-aa1d-08dba1600b25,c2590b49-dcf5-412a-9f69-ba2d64dbaa74,bf036d3c-6698-49da-9031-deb5025def97,Inspected on arrival; confirmed the reported symptom.,f,2025-08-27 05:35:00+00
4ba80f90-d93b-4545-8ea3-e0f975de8ca0,c2590b49-dcf5-412a-9f69-ba2d64dbaa74,bf036d3c-6698-49da-9031-deb5025def97,Vehicle released back to operations after sign-off.,f,2025-08-25 11:26:00+00
549883f1-b243-4a78-9b71-a1c99d32b435,bc08add2-6297-44fe-a295-0b5c58d4e76c,e5076445-2fa7-4b27-852a-fed4c2be49d6,Escalated to the workshop foreman for a second opinion.,f,2024-08-14 14:16:00+00
c967cc77-cb0b-420a-8acf-0d32fccac763,bc08add2-6297-44fe-a295-0b5c58d4e76c,e5076445-2fa7-4b27-852a-fed4c2be49d6,Handed over to the next shift for completion.,f,2024-08-15 14:14:00+00
e358252f-81c0-4d9f-88f4-657d3a47c5b6,bc08add2-6297-44fe-a295-0b5c58d4e76c,e5076445-2fa7-4b27-852a-fed4c2be49d6,Vehicle released back to operations after sign-off.,f,2024-08-15 16:42:00+00
8ba373f1-1ce1-49ed-ba78-43edfd298d41,c759863e-3daa-47e0-bcd5-40e6528cfbd2,af5f0096-7cc6-4d72-ab69-0a461681aeb5,Work completed and the vehicle was road tested before release.,f,2025-02-28 15:21:00+00
5c60df11-ea04-4b01-ba11-0eb2b52d6729,c759863e-3daa-47e0-bcd5-40e6528cfbd2,42754b10-735f-41e7-bdf0-c4ec00356988,Handed over to the next shift for completion.,f,2025-02-25 08:55:00+00
9ee7ee75-f703-44cb-9859-73b998e568cf,c759863e-3daa-47e0-bcd5-40e6528cfbd2,42754b10-735f-41e7-bdf0-c4ec00356988,Work completed and the vehicle was road tested before release.,f,2025-03-06 10:12:00+00
9136e441-9b9e-417f-9092-b1ffebf5508a,33332d93-9f50-445c-8467-ed9263de0b55,c72f23f6-0751-4dfb-aa15-6737a84c61f4,Vehicle released back to operations after sign-off.,f,2026-08-09 05:38:00+00
d3f2827d-77ea-42b3-b68f-aae6b3acfb84,33332d93-9f50-445c-8467-ed9263de0b55,0218e2f7-4d2d-4229-b899-199f6afe4c10,"Parts ordered from the supplier, awaiting delivery.",f,2026-08-16 17:51:00+00
b7bc9d57-e0b5-4216-8480-5d8e6dacf0e6,33332d93-9f50-445c-8467-ed9263de0b55,0218e2f7-4d2d-4229-b899-199f6afe4c10,Handed over to the next shift for completion.,f,2026-08-14 15:44:00+00
988c2d17-c83c-48ee-977e-6f53741d221d,3764fae0-fa30-4104-ab08-5f60285d38be,1ef075d1-9960-4ddc-ac3b-0c9bba6ad5ef,"Parts ordered from the supplier, awaiting delivery.",f,2025-03-18 10:39:00+00
02d1e019-2800-425a-9b06-515cec5cd79e,3764fae0-fa30-4104-ab08-5f60285d38be,15dc60e6-ac87-4e43-940e-f17025d0156f,Handed over to the next shift for completion.,t,2025-03-14 11:33:00+00
305e06a2-62f2-4810-8404-325b27453d77,3764fae0-fa30-4104-ab08-5f60285d38be,1ef075d1-9960-4ddc-ac3b-0c9bba6ad5ef,Escalated to the workshop foreman for a second opinion.,f,2025-03-19 09:32:00+00
c881e0f9-ab4a-40e6-9a72-8b59422f89e0,c7e75304-8840-49c9-a85a-f0435810abfe,fe7a7442-473b-43a5-bcaf-d3b1086bbcf2,Escalated to the workshop foreman for a second opinion.,f,2024-12-27 11:43:00+00
7d393e6f-28d9-41c9-a3ae-e5b589a5c962,c7e75304-8840-49c9-a85a-f0435810abfe,fe7a7442-473b-43a5-bcaf-d3b1086bbcf2,Escalated to the workshop foreman for a second opinion.,f,2024-12-20 05:24:00+00
1f328fe2-13c4-4839-9719-73e7712e0c03,7fc3e9ee-d80d-448c-bf97-bf203c68eacc,e2199342-06c7-43be-a8c3-07bc1762f57f,Inspected on arrival; confirmed the reported symptom.,f,2026-04-29 16:28:00+00
1055a3ff-0a20-42fa-bccd-a667faff448a,0e3f3a2c-7991-4922-b7e8-026a4b5743db,66fa4ed5-e7e7-4664-8c2a-908778ecba02,Handed over to the next shift for completion.,f,2024-11-17 13:02:00+00
24f118ea-b9af-4c23-a64b-753288ab60ed,3d1307e6-57ff-4016-9521-9746ccaf886f,c3bd164c-dac0-42f6-a8bd-f5f7ab7dd58c,"Parts ordered from the supplier, awaiting delivery.",f,2024-11-14 08:33:00+00
5c100273-5f02-4509-9a12-4b7e756055cd,3d1307e6-57ff-4016-9521-9746ccaf886f,c3bd164c-dac0-42f6-a8bd-f5f7ab7dd58c,"Parts ordered from the supplier, awaiting delivery.",f,2024-11-22 13:50:00+00
7627c337-7127-4cfd-a856-9d737ecbfb14,64637da1-706a-45fa-9851-b54c634bc944,51d2245a-2b9a-4781-b2ed-ad840a2edae6,Work completed and the vehicle was road tested before release.,f,2026-06-18 07:46:00+00
204bbfbc-4604-4da8-9af1-143279e59b9e,64637da1-706a-45fa-9851-b54c634bc944,51d2245a-2b9a-4781-b2ed-ad840a2edae6,Escalated to the workshop foreman for a second opinion.,f,2026-06-17 17:12:00+00
0ed5c2ce-bbe4-4537-8b4f-64787436bdde,64637da1-706a-45fa-9851-b54c634bc944,389d9ee3-9a0e-4d55-9770-b461e7a536f0,Handed over to the next shift for completion.,f,2026-06-11 17:42:00+00
c39251f4-7d50-444d-8ec5-48f660595e46,fbf57249-3125-4cdb-a30f-58669d86e68e,799f9455-62db-4da1-8b99-9f32da209d65,Vehicle released back to operations after sign-off.,t,2025-07-28 13:13:00+00
79bbf6ab-008e-44d0-b98e-96b38278d285,fbf57249-3125-4cdb-a30f-58669d86e68e,799f9455-62db-4da1-8b99-9f32da209d65,Handed over to the next shift for completion.,f,2025-07-27 10:37:00+00
f1489f3f-af7c-4153-9530-21b44ac616c5,fbf57249-3125-4cdb-a30f-58669d86e68e,799f9455-62db-4da1-8b99-9f32da209d65,Vehicle released back to operations after sign-off.,t,2025-07-21 06:17:00+00
e441f29a-bfb4-40a6-80b7-c3f458caa4bb,61339787-ca88-44cf-9cbb-1034958d0505,43037462-f8fe-47e3-b0f1-51b3d5c2f94a,Escalated to the workshop foreman for a second opinion.,f,2025-01-27 05:35:00+00
4b605f3a-1a09-4889-b375-8109268d4faa,cab8ac22-2789-4d49-abc9-9132861e2f67,771ce83b-d59b-4a82-854e-55bb2fbf2ff6,Handed over to the next shift for completion.,f,2026-04-18 10:28:00+00
3cd02147-d952-4596-95c9-3ee8d27403d3,cab8ac22-2789-4d49-abc9-9132861e2f67,771ce83b-d59b-4a82-854e-55bb2fbf2ff6,Escalated to the workshop foreman for a second opinion.,f,2026-04-27 14:51:00+00
9fcad38c-da20-45ed-9ab7-12569a00d08a,cab8ac22-2789-4d49-abc9-9132861e2f67,6d8966a8-2474-4d35-9fd9-7bb3b648f6fd,Inspected on arrival; confirmed the reported symptom.,t,2026-04-25 06:16:00+00
cf96ecda-5bcb-4571-aa85-2eb1964668bb,55a73f9b-5018-4ed7-a6cb-8126e3f12834,aa6bd398-1c0b-46fc-95da-2ff75ff4c584,"Parts ordered from the supplier, awaiting delivery.",f,2025-12-31 15:14:00+00
52af909c-7da0-466c-ac21-529216fbe446,55a73f9b-5018-4ed7-a6cb-8126e3f12834,6503e3a8-1b00-43f2-8b55-c07a05ed252a,Work completed and the vehicle was road tested before release.,t,2026-01-04 09:46:00+00
f07fbcc8-86f0-4067-91e4-f2061f72fd1d,55a73f9b-5018-4ed7-a6cb-8126e3f12834,aa6bd398-1c0b-46fc-95da-2ff75ff4c584,Vehicle released back to operations after sign-off.,f,2025-12-27 06:23:00+00
016e8399-827b-4006-be19-1ff387e96091,1c7a85c3-753b-4258-9ce9-9a43f319d654,76f52321-d84d-4f11-979f-a6df1dccfcbd,Work completed and the vehicle was road tested before release.,f,2024-10-24 05:00:00+00
dd257b39-b0ef-4c15-82ac-3a2fea3634f8,1c7a85c3-753b-4258-9ce9-9a43f319d654,c9d9cd57-6074-4c5b-87b0-f093e04db48b,"Parts ordered from the supplier, awaiting delivery.",f,2024-10-13 16:26:00+00
21fc3245-279f-44b4-9113-3135c391b09c,78e69df8-9c7e-4a0a-8b23-210ba04fbda0,43adafee-47fa-4fdd-a233-526bc7ecffb2,Handed over to the next shift for completion.,t,2026-08-06 05:53:00+00
087edba1-ddd9-4a23-b1d2-5cc128ad804b,756067e1-b389-490d-8cee-2739806e2fad,c3bd164c-dac0-42f6-a8bd-f5f7ab7dd58c,Handed over to the next shift for completion.,f,2025-05-29 10:50:00+00
a33d8197-fd3c-4d58-9864-ab5cb1a74546,9655161d-5fb2-49bf-9821-cfc9f0689bc6,94c64335-4962-40b1-96fd-53632f8d49a3,Escalated to the workshop foreman for a second opinion.,f,2026-06-25 09:35:00+00
950857e5-d991-455f-85fd-0c5f5fe5ab59,9655161d-5fb2-49bf-9821-cfc9f0689bc6,667f1ef6-99d9-4cff-b551-bc452b65fc89,Escalated to the workshop foreman for a second opinion.,f,2026-06-25 11:24:00+00
8bba1898-715a-40ff-ab4f-4169c5ce0032,7d3ae6e2-715e-4030-9449-3f5fa004623d,9227e7bd-457d-482d-b1f4-cbec55d20b07,Handed over to the next shift for completion.,f,2025-05-17 08:49:00+00
83e11c0f-9ed4-4f24-9976-d735e1ed5e25,7d3ae6e2-715e-4030-9449-3f5fa004623d,ac56c0dc-f5dc-458e-ad2c-545b392395a3,Work completed and the vehicle was road tested before release.,t,2025-05-22 09:43:00+00
aa950e04-0c88-4948-ad4c-82e64bdcb8fd,8017e136-c589-4443-b466-777387fa804f,a1b85244-a022-490b-8170-5794c882d878,Handed over to the next shift for completion.,f,2026-03-18 05:03:00+00
24cddf2e-5184-45db-aafd-505e70924a83,8017e136-c589-4443-b466-777387fa804f,a1b85244-a022-490b-8170-5794c882d878,Inspected on arrival; confirmed the reported symptom.,f,2026-03-16 08:29:00+00
3dd2eb2b-bf1d-4e05-80c9-bd73707f0258,00cd5a84-8c05-476b-b344-90685e7060bc,a817e3da-c239-49df-b5b4-e605451fa66c,Escalated to the workshop foreman for a second opinion.,f,2026-04-07 06:52:00+00
fb6d73b4-d285-4c05-b991-9a92eb906e70,702ae7a2-bef8-4bba-b9e8-747756b31f35,0b830550-4175-4716-9d78-9b2d69d25855,Escalated to the workshop foreman for a second opinion.,f,2025-03-06 12:31:00+00
2a3397ed-db16-4c0d-abb7-e6fd22dbbd5b,5b6f91f0-356d-47a5-bff8-2aff5816e09e,022e5872-55c1-40d7-b067-cc60fae673de,Inspected on arrival; confirmed the reported symptom.,f,2026-08-02 16:06:00+00
ecadb9c7-1a5c-4ff0-828f-a21541ee3ed0,5b6f91f0-356d-47a5-bff8-2aff5816e09e,8f92bdec-59f7-49b0-8fa2-c9e05b14747f,Handed over to the next shift for completion.,f,2026-07-25 08:07:00+00
e0953f26-a7db-445f-88fe-788d9653da6e,5b6f91f0-356d-47a5-bff8-2aff5816e09e,022e5872-55c1-40d7-b067-cc60fae673de,Escalated to the workshop foreman for a second opinion.,t,2026-07-26 09:22:00+00
8ab4a306-411a-43cb-96d0-89a5a929755a,87022491-a68c-4e36-ae5f-f9a273a9790d,20ab5d3f-f2ca-4af4-b3c1-43fbcfad7b62,Inspected on arrival; confirmed the reported symptom.,f,2026-01-15 05:01:00+00
7248f6fd-adbe-4358-a8ce-d810f7602d32,87022491-a68c-4e36-ae5f-f9a273a9790d,5ca11cec-92af-4cf0-ba2a-b7ccc1954f40,Handed over to the next shift for completion.,f,2026-01-15 08:44:00+00
a3d46218-10d4-4716-8806-b1843b8d4f61,89cbf5e5-e739-4e35-9c33-3fcd5a6c2608,ada9bd16-4c53-416f-9094-adaac3690544,Escalated to the workshop foreman for a second opinion.,f,2025-02-10 06:24:00+00
bd443fa7-56cf-4e01-821e-861b0333cb0c,89cbf5e5-e739-4e35-9c33-3fcd5a6c2608,ada9bd16-4c53-416f-9094-adaac3690544,Inspected on arrival; confirmed the reported symptom.,f,2025-02-22 13:12:00+00
76815848-dda5-47b1-ac23-d558216bf121,038fdc3d-1b47-47c5-b51d-a55d4839ea5c,65a5b696-653b-4c78-8e17-17f954b7992b,Work completed and the vehicle was road tested before release.,t,2026-07-01 08:20:00+00
6abc949b-5cf3-4539-bf2d-725e8899ad53,038fdc3d-1b47-47c5-b51d-a55d4839ea5c,65a5b696-653b-4c78-8e17-17f954b7992b,Handed over to the next shift for completion.,t,2026-07-05 07:00:00+00
b26a3216-9656-4943-ac48-4e5b75cd9a38,038fdc3d-1b47-47c5-b51d-a55d4839ea5c,65a5b696-653b-4c78-8e17-17f954b7992b,Handed over to the next shift for completion.,f,2026-07-03 08:41:00+00
e0fe0b90-8afa-4cf2-8a5f-29e14d7f50a0,07595bc5-c17d-4dfc-8db7-6ed985899156,7b2e85f9-7895-4aca-bf50-e37e9a354eb0,Work completed and the vehicle was road tested before release.,t,2024-12-01 06:15:00+00
aaef870e-95e8-4002-b00a-67bacedb5706,630ebf64-b7ec-4100-8b1f-97213cefe2c4,3c24c592-daf5-4ac0-b10b-6b0035f0c7d3,"Parts ordered from the supplier, awaiting delivery.",f,2025-11-05 14:12:00+00
a373d1e0-d992-42bb-a696-471fbd36b00d,630ebf64-b7ec-4100-8b1f-97213cefe2c4,3c24c592-daf5-4ac0-b10b-6b0035f0c7d3,Inspected on arrival; confirmed the reported symptom.,t,2025-11-03 06:46:00+00
2a226e48-c0d1-47d1-a7dc-6555b5a5d289,630ebf64-b7ec-4100-8b1f-97213cefe2c4,3c24c592-daf5-4ac0-b10b-6b0035f0c7d3,Escalated to the workshop foreman for a second opinion.,t,2025-10-27 13:58:00+00
449ead07-e77d-45b1-8aa8-ab7a4dea2e76,3f0db272-c61f-406e-a7bd-f6c7dbe9debf,40f69c6c-3cd3-4344-b1f4-7617f7b12fa5,Escalated to the workshop foreman for a second opinion.,t,2026-06-27 16:39:00+00
34aa9c18-9d25-44d3-9eeb-4250df82fb37,3f0db272-c61f-406e-a7bd-f6c7dbe9debf,40f69c6c-3cd3-4344-b1f4-7617f7b12fa5,"Parts ordered from the supplier, awaiting delivery.",t,2026-06-30 12:52:00+00
061d712a-fb72-49ce-b990-6d80d5121ae2,bc9c8dc5-2621-47ec-9646-c8e7355ec325,05b3337f-c7c9-4421-9caf-775f4f608439,Escalated to the workshop foreman for a second opinion.,f,2024-09-23 15:59:00+00
b685de40-2364-469e-92c9-b4eb7dec04ac,bc9c8dc5-2621-47ec-9646-c8e7355ec325,05b3337f-c7c9-4421-9caf-775f4f608439,Escalated to the workshop foreman for a second opinion.,f,2024-09-23 16:46:00+00
eb4d67c8-d86a-42d1-949e-3c61f30b0074,9c714322-deff-478d-98cb-666d4f4e9994,a367378f-0627-4a69-9fcd-33330bb4fe2c,Escalated to the workshop foreman for a second opinion.,f,2025-03-20 06:24:00+00
e872e5e4-9a13-4b69-a533-8ca029239544,ca429c4a-9830-4533-9c0c-de5b693ac74f,d0b486c5-2d98-4a1b-a9bb-bbbbf445d633,"Parts ordered from the supplier, awaiting delivery.",f,2025-03-17 17:04:00+00
1ca7095c-8127-4f0d-bd06-b5f81cd35997,ca429c4a-9830-4533-9c0c-de5b693ac74f,d0b486c5-2d98-4a1b-a9bb-bbbbf445d633,Inspected on arrival; confirmed the reported symptom.,f,2025-03-18 17:18:00+00
60770293-cd36-4f5f-86d8-1b4d461c3980,aebd5d6f-bc66-4f6f-a7ba-f2104e3b757e,ff962ec5-661c-4004-8c3a-c65fcefaf218,"Parts ordered from the supplier, awaiting delivery.",f,2026-04-18 05:21:00+00
48e8c275-7054-4cd9-a963-086e6629b6d7,aebd5d6f-bc66-4f6f-a7ba-f2104e3b757e,f9a5607b-7040-4ba8-95c0-6de3c5367dea,Inspected on arrival; confirmed the reported symptom.,f,2026-04-26 08:54:00+00
93322cac-c405-4c25-9c50-80bcca122d70,fa47bd65-4f82-4507-bad4-55b80da31df3,8c96a864-951e-4d0a-9715-532a84a4bc30,Inspected on arrival; confirmed the reported symptom.,f,2025-03-01 12:57:00+00
7ff14a39-dc6b-4142-86e7-7ef50c079929,57444c73-272b-4ae9-9337-30bba44fcf22,545309cb-bfd9-4596-abb4-4461e08e7f5c,"Parts ordered from the supplier, awaiting delivery.",f,2026-02-26 10:07:00+00
44fc7503-3dfa-47ae-9dd1-de2e569c235d,57444c73-272b-4ae9-9337-30bba44fcf22,545309cb-bfd9-4596-abb4-4461e08e7f5c,Work completed and the vehicle was road tested before release.,f,2026-03-06 17:49:00+00
da4ef219-20f1-476c-8539-bb77b38586a7,3e69e614-680b-424a-9072-ab644fdcbb0f,f02fa13f-bb55-414d-bf8b-7341877ef160,Inspected on arrival; confirmed the reported symptom.,t,2025-04-12 10:23:00+00
5056dfed-746e-4273-93ef-c1ad9bc88813,3e69e614-680b-424a-9072-ab644fdcbb0f,f5eff06f-b9fc-4abc-8456-308da70d2462,"Parts ordered from the supplier, awaiting delivery.",f,2025-04-15 11:50:00+00
08539b14-fcfb-4998-b8c5-9fcd91513ad8,3e69e614-680b-424a-9072-ab644fdcbb0f,f5eff06f-b9fc-4abc-8456-308da70d2462,Handed over to the next shift for completion.,f,2025-04-23 14:36:00+00
f5d51110-9ded-47dc-b8c0-85bff52282cf,8fa00818-7c0d-4aeb-bec0-a742572f036c,fb6db374-5499-4fab-a5e5-5f201832e9d3,Work completed and the vehicle was road tested before release.,f,2024-11-14 14:12:00+00
8956890c-a0b9-420b-a09b-1f226995f846,8fa00818-7c0d-4aeb-bec0-a742572f036c,fb6db374-5499-4fab-a5e5-5f201832e9d3,"Parts ordered from the supplier, awaiting delivery.",f,2024-11-22 07:22:00+00
bcd57ee8-f262-4926-a55e-3d512bddec82,8fa00818-7c0d-4aeb-bec0-a742572f036c,fb6db374-5499-4fab-a5e5-5f201832e9d3,Work completed and the vehicle was road tested before release.,f,2024-11-14 10:00:00+00
1c7b7f78-115a-424a-a0af-6d7cff0866e9,5249f114-bf16-4032-a1c2-8d6c40ec1978,73695667-456a-4647-a906-c5b0637e2854,Handed over to the next shift for completion.,f,2025-07-19 15:43:00+00
73f87f52-0064-4d31-b805-06403e2752b4,db52019f-6f09-4bfc-80f8-c87207709102,93809008-69ce-4c7c-b7b7-24e7be0bf39d,"Parts ordered from the supplier, awaiting delivery.",f,2026-01-08 05:49:00+00
1ceca897-db16-409a-bdcd-1d2dd295d2b2,db52019f-6f09-4bfc-80f8-c87207709102,6d8966a8-2474-4d35-9fd9-7bb3b648f6fd,Inspected on arrival; confirmed the reported symptom.,t,2026-01-02 07:36:00+00
5e111b1f-3b91-47aa-8f6e-9837024a1269,fdc56b2e-5c97-42e0-bd87-2566ade71483,ba03ac29-f294-4a7d-b142-44c46cfe2354,"Parts ordered from the supplier, awaiting delivery.",t,2026-07-03 08:47:00+00
0f56b52d-4d54-468a-a23a-7e70340b8317,fdc56b2e-5c97-42e0-bd87-2566ade71483,ba03ac29-f294-4a7d-b142-44c46cfe2354,Vehicle released back to operations after sign-off.,f,2026-07-06 12:49:00+00
cb8610f4-4f1a-4f8f-80c2-a46d7b494e7f,fdc56b2e-5c97-42e0-bd87-2566ade71483,ba03ac29-f294-4a7d-b142-44c46cfe2354,Inspected on arrival; confirmed the reported symptom.,f,2026-07-02 11:37:00+00
aebda92e-76cc-491a-a151-faa61a054b72,899818cf-c521-4610-960a-d26b9e8dfca7,7b2e85f9-7895-4aca-bf50-e37e9a354eb0,Vehicle released back to operations after sign-off.,f,2026-06-14 05:07:00+00
1648871d-b525-4110-b999-294f14cdb60c,899818cf-c521-4610-960a-d26b9e8dfca7,7b2e85f9-7895-4aca-bf50-e37e9a354eb0,Inspected on arrival; confirmed the reported symptom.,f,2026-06-23 13:49:00+00
83c9912a-433d-4b7d-b9f2-f9dcce40977c,899818cf-c521-4610-960a-d26b9e8dfca7,7b2e85f9-7895-4aca-bf50-e37e9a354eb0,Work completed and the vehicle was road tested before release.,t,2026-06-17 12:26:00+00
824b2257-3b45-4b12-b97a-350a981b48bf,9193ad3b-c64a-440f-b866-0caafac60b46,ba03ac29-f294-4a7d-b142-44c46cfe2354,Work completed and the vehicle was road tested before release.,t,2025-10-04 08:05:00+00
841488e1-11cb-4b72-8597-2455c6bbed0b,927cca1e-a1cc-42a3-a31e-f0e0eac27862,597c6eba-286e-440e-922e-420efd907fcc,Handed over to the next shift for completion.,t,2025-12-26 06:09:00+00
33da2e9d-6ecf-47b3-82d1-fa9202f41243,927cca1e-a1cc-42a3-a31e-f0e0eac27862,c752deae-2089-4698-95c9-22b8797ac2c9,Vehicle released back to operations after sign-off.,f,2025-12-28 05:05:00+00
30dea2b6-7ee7-423f-9ae5-79ff9ad52b32,927cca1e-a1cc-42a3-a31e-f0e0eac27862,597c6eba-286e-440e-922e-420efd907fcc,Vehicle released back to operations after sign-off.,f,2025-12-28 07:52:00+00
3dbea51e-bf20-4b77-85f0-24c179436f92,1d4f71e0-1b9e-4d8a-80b3-817f14f39e9b,7ab528b9-cbf7-4b46-8d45-847ab79da77d,"Parts ordered from the supplier, awaiting delivery.",f,2025-05-17 15:49:00+00
3b539256-100b-45d4-914f-124a33346ee3,91753dd2-caa5-4006-a30e-c19479e96d74,242e349c-5343-4ab9-b488-62509742f4c7,Work completed and the vehicle was road tested before release.,f,2024-09-18 14:47:00+00
52d88d07-7796-4958-ae42-85e09c5bb8b0,91753dd2-caa5-4006-a30e-c19479e96d74,3300b88d-ad2c-4c0c-bac7-48e98b283f68,Work completed and the vehicle was road tested before release.,f,2024-09-30 14:38:00+00
3fceadcf-9396-4471-8d93-8ddcb22fce63,6476ce92-565b-4de4-8bda-c333782556ea,af5f0096-7cc6-4d72-ab69-0a461681aeb5,Inspected on arrival; confirmed the reported symptom.,t,2025-04-28 16:59:00+00
714893bd-db53-43e2-b578-94365a37a394,6476ce92-565b-4de4-8bda-c333782556ea,af5f0096-7cc6-4d72-ab69-0a461681aeb5,Escalated to the workshop foreman for a second opinion.,f,2025-04-28 10:51:00+00
74adf94d-fa76-4304-8adc-b16e42118407,399e4cb2-081e-4043-a2df-f4841d5b14db,fada15fe-d4d9-4730-9445-2a973cfc2d76,Escalated to the workshop foreman for a second opinion.,f,2025-02-17 08:28:00+00
b972f319-1c1f-4ba1-a168-8f5ca0dfe589,399e4cb2-081e-4043-a2df-f4841d5b14db,fada15fe-d4d9-4730-9445-2a973cfc2d76,"Parts ordered from the supplier, awaiting delivery.",f,2025-02-15 12:52:00+00
e7c7ead3-a32b-406d-a694-164303d85317,624074df-d266-41d4-9911-682a0fa64197,829a4aba-bfc5-46a7-beff-bf556004d109,"Parts ordered from the supplier, awaiting delivery.",f,2026-02-20 12:10:00+00
48ac62da-57fe-4d19-a132-4b710f2af1b8,7480aeab-3e43-47bb-9132-1d5dde74567e,233aac45-07b9-46b4-af83-c4c76f181669,Escalated to the workshop foreman for a second opinion.,t,2025-10-06 09:26:00+00
cb61a1aa-5521-4e44-abf5-0a7ac625dffb,755fc021-8df4-474b-b024-93ad0d460320,0b830550-4175-4716-9d78-9b2d69d25855,Escalated to the workshop foreman for a second opinion.,f,2026-05-14 06:37:00+00
22243019-507c-4de3-b81e-34c58ca110e7,755fc021-8df4-474b-b024-93ad0d460320,0b830550-4175-4716-9d78-9b2d69d25855,Handed over to the next shift for completion.,f,2026-05-20 05:03:00+00
58ffeb2d-1e38-4c1d-9e0f-dfa9840b7876,9a858768-bdd6-4a97-a0c6-2cbdf4f8acce,578b9882-da22-4a57-8191-8e7a8ca512f5,Handed over to the next shift for completion.,t,2024-08-28 12:07:00+00
f071fc00-4bcf-4ae6-83cb-05c831d15a89,9a858768-bdd6-4a97-a0c6-2cbdf4f8acce,ff8801d3-2c48-430e-b9ad-e22c5c92d10e,Handed over to the next shift for completion.,f,2024-08-24 16:42:00+00
0486f6a8-8456-4590-8029-0cd5857b97ee,9a858768-bdd6-4a97-a0c6-2cbdf4f8acce,578b9882-da22-4a57-8191-8e7a8ca512f5,"Parts ordered from the supplier, awaiting delivery.",f,2024-08-31 08:52:00+00
c8209437-29b0-4bb2-a076-a53d8a5b04f1,b4eee274-abeb-4e72-899f-60b2f62c8fac,ece2a321-bc6d-4cdf-9d3a-f642ed83ae68,Work completed and the vehicle was road tested before release.,f,2026-07-29 11:07:00+00
2ff1830f-e8d6-4936-adeb-c848dc158991,b4eee274-abeb-4e72-899f-60b2f62c8fac,ece2a321-bc6d-4cdf-9d3a-f642ed83ae68,"Parts ordered from the supplier, awaiting delivery.",t,2026-07-28 10:27:00+00
5cc3c260-d8f5-468e-9795-0678ad810f02,be1ca2ac-08b9-4491-ae37-20fa2ca65b18,accf0286-4b23-46a3-851f-00be6bdd8e5f,"Parts ordered from the supplier, awaiting delivery.",t,2025-03-24 11:53:00+00
3484c553-e79a-4fb8-90cd-4257b08bae0c,c5bf9231-fff3-48b8-b7bc-d91d770fefc2,5284761e-4d1d-4e36-97eb-848604be7358,"Parts ordered from the supplier, awaiting delivery.",t,2026-05-18 06:43:00+00
4777fa4c-d3e9-4bf1-ba67-f39060b98c06,886c45f8-5468-437e-aaed-91b50c0f238f,3ed87f3f-9d1e-409e-af21-14fee9e9bc14,Vehicle released back to operations after sign-off.,f,2025-05-30 13:24:00+00
737a0549-412f-4bd3-92c1-28ae13e7a4ab,886c45f8-5468-437e-aaed-91b50c0f238f,3ed87f3f-9d1e-409e-af21-14fee9e9bc14,Inspected on arrival; confirmed the reported symptom.,f,2025-06-02 07:21:00+00
46801e58-4bc1-4e72-9cbe-911772fced71,9fbdb75c-9459-4a6a-a61c-d6f5b08e1cbe,a363109b-c8ce-4177-9d91-030ac0b8df3a,"Parts ordered from the supplier, awaiting delivery.",f,2024-08-13 07:44:00+00
afa2a1fa-5dc4-4254-a71c-406779faaaaf,3f949915-70cf-451c-a0e1-e84f1ba0e29d,6307ed65-c77c-40e7-9e0f-0b67135eb7b1,Vehicle released back to operations after sign-off.,t,2025-12-30 12:06:00+00
6588165c-332b-4d12-9ed7-2f21c0822f62,6a9da926-2762-4914-aa41-ddf8cd612daf,b9744ffe-17c8-4628-9742-ff7af635f88d,Escalated to the workshop foreman for a second opinion.,f,2026-04-28 12:09:00+00
df64d443-6e7c-428d-a8f9-27370b119d94,6a9da926-2762-4914-aa41-ddf8cd612daf,65a5b696-653b-4c78-8e17-17f954b7992b,"Parts ordered from the supplier, awaiting delivery.",f,2026-04-27 07:32:00+00
719b0baf-11cc-45c1-8bc0-47e313e299bb,bde7934b-82db-4c14-8d29-c80eb584b8cf,069f1f28-cb8b-428e-8adb-2793823295cd,Escalated to the workshop foreman for a second opinion.,f,2025-04-17 08:41:00+00
5e8fc537-1acb-45fb-9360-db546db3b91c,0e40649c-61a3-4873-ac0a-2a49968f9cf0,12db3dcf-a204-4a5b-a373-e937d8da705f,Vehicle released back to operations after sign-off.,f,2026-04-27 14:48:00+00
5da1562f-6a7f-4994-915e-a5015f467c75,0e40649c-61a3-4873-ac0a-2a49968f9cf0,0bcca5d2-620c-4e90-ae82-fb6ffc7af33d,"Parts ordered from the supplier, awaiting delivery.",f,2026-05-02 11:18:00+00
4119383b-e5e5-422b-8ff9-611c5faee5e6,0e40649c-61a3-4873-ac0a-2a49968f9cf0,0bcca5d2-620c-4e90-ae82-fb6ffc7af33d,Vehicle released back to operations after sign-off.,f,2026-04-20 10:04:00+00
6440eab7-46da-4622-8e3b-ff83a93af471,f61d2591-c689-47eb-a4ba-2998ac3f964e,b075cf11-faac-4883-acb3-c4402c230c0d,Escalated to the workshop foreman for a second opinion.,f,2025-03-28 17:04:00+00
d352674f-0cd3-4819-a924-a8a51b4d34ff,f61d2591-c689-47eb-a4ba-2998ac3f964e,832b089f-ff95-441d-a9ca-716951d24f37,Vehicle released back to operations after sign-off.,f,2025-03-24 07:19:00+00
7e3a3984-5e3c-4b0a-9490-062e9935c7b6,f61d2591-c689-47eb-a4ba-2998ac3f964e,832b089f-ff95-441d-a9ca-716951d24f37,Handed over to the next shift for completion.,f,2025-03-29 08:39:00+00
bfa4fa36-4b0f-4655-abe4-9666e30c05ac,953f75da-1407-48dd-bd0c-11400d4f717b,80e1566c-3ebe-4998-9ad4-6507a45544b7,Escalated to the workshop foreman for a second opinion.,f,2025-12-30 16:33:00+00
d2372d42-434d-4acf-a17e-945c433fb4aa,953f75da-1407-48dd-bd0c-11400d4f717b,80e1566c-3ebe-4998-9ad4-6507a45544b7,Inspected on arrival; confirmed the reported symptom.,f,2025-12-28 05:20:00+00
274d394a-de51-4f12-97e1-bb657aee3fef,953f75da-1407-48dd-bd0c-11400d4f717b,80e1566c-3ebe-4998-9ad4-6507a45544b7,Inspected on arrival; confirmed the reported symptom.,f,2025-12-31 08:28:00+00
2eaebc5a-916e-4ff1-bf83-ff992b09ac14,f8e7403c-d840-4098-8a93-252db99b5988,fbfd12a4-aea1-4200-8104-70011607cf54,Work completed and the vehicle was road tested before release.,f,2025-03-04 15:39:00+00
32e1cc8b-51cd-45d8-90bd-0cfdb290e474,c02090af-2e14-4bbe-b83c-b586fa7595b4,ff7c83e7-5c79-453d-ba13-4194d70d1e17,Inspected on arrival; confirmed the reported symptom.,f,2026-08-07 13:17:00+00
d27f4de0-82b8-4976-870f-678d57a41abd,c02090af-2e14-4bbe-b83c-b586fa7595b4,ff7c83e7-5c79-453d-ba13-4194d70d1e17,Inspected on arrival; confirmed the reported symptom.,t,2026-08-09 17:35:00+00
bdaa6546-9006-41ce-8475-cb112226e83c,c02090af-2e14-4bbe-b83c-b586fa7595b4,ff7c83e7-5c79-453d-ba13-4194d70d1e17,Escalated to the workshop foreman for a second opinion.,t,2026-08-02 13:10:00+00
734c8d83-ab73-481a-8271-98a81425e717,593b0b1c-a328-4515-876c-c645cd0c6f12,dce5acc1-2b48-49b6-9996-408cc390fcf5,"Parts ordered from the supplier, awaiting delivery.",f,2026-04-25 11:46:00+00
98438f42-4aad-4c17-9d93-9cd8ccf7c9f8,593b0b1c-a328-4515-876c-c645cd0c6f12,45e88c26-b5d7-4353-ad6a-6acd15416a21,"Parts ordered from the supplier, awaiting delivery.",f,2026-04-28 08:20:00+00
dbea734f-ae43-4bbf-af44-2e4b5ccc79e3,593b0b1c-a328-4515-876c-c645cd0c6f12,45e88c26-b5d7-4353-ad6a-6acd15416a21,"Parts ordered from the supplier, awaiting delivery.",f,2026-04-30 07:38:00+00
6c1d622f-4452-4a5e-930b-41768f7aa3be,a971f096-6445-4052-b06e-32e63e66b577,bda677d3-7700-431f-a3d6-861b92a3bace,Handed over to the next shift for completion.,f,2024-09-26 10:56:00+00
10c5ec7f-7786-46ae-82b6-02f28e77ab49,a971f096-6445-4052-b06e-32e63e66b577,bda677d3-7700-431f-a3d6-861b92a3bace,Vehicle released back to operations after sign-off.,f,2024-09-14 06:50:00+00
272bbe2c-d94d-497b-bfd9-732a90152708,b7e443a0-7bfb-4c27-82e6-2dec3ba74250,51ed7e64-6868-4e03-9b23-cb9d7039bb47,Vehicle released back to operations after sign-off.,f,2026-04-01 15:57:00+00
17dba954-d1a5-47d1-91b6-bd36a9a33e9c,722a9e34-8674-4acc-a46a-16190b0acb78,258cec76-5677-463e-88d0-84f8488b8d19,"Parts ordered from the supplier, awaiting delivery.",t,2025-08-18 15:56:00+00
280d13d8-9365-479b-8e5d-621343e85e4f,722a9e34-8674-4acc-a46a-16190b0acb78,258cec76-5677-463e-88d0-84f8488b8d19,Work completed and the vehicle was road tested before release.,f,2025-08-25 09:05:00+00
765719ad-502a-4391-ba50-556432efa975,65465e9d-3a76-446f-a17b-47e3a44b2114,d4ab1734-15c1-4d19-a3f3-9db75f910cd8,Vehicle released back to operations after sign-off.,f,2024-10-15 10:30:00+00
1179278a-1958-48c7-a117-0963572e0222,65465e9d-3a76-446f-a17b-47e3a44b2114,d4ab1734-15c1-4d19-a3f3-9db75f910cd8,"Parts ordered from the supplier, awaiting delivery.",f,2024-10-22 15:17:00+00
c28b0892-fd3f-4bc0-a24c-02007faff806,65465e9d-3a76-446f-a17b-47e3a44b2114,e056e605-c38d-4ee7-a691-1cf7bbd4a237,Handed over to the next shift for completion.,f,2024-10-17 05:45:00+00
bfdc759f-58b9-4e31-9207-badaedbb6cc9,584497cf-efd6-4f3a-922f-d24cd8e8966c,1ad7ccbc-6809-4f96-83f4-c7636a2a4728,"Parts ordered from the supplier, awaiting delivery.",f,2025-10-26 16:42:00+00
59fbe3a9-2e72-4e27-b3e0-9d1dab8be2e6,451b49fd-1312-4be0-9c47-c09622d3c7fa,aba21d1b-36a1-4357-9262-19a52974219f,Work completed and the vehicle was road tested before release.,f,2026-06-12 05:15:00+00
0b7cc50e-f95a-442b-b65c-875c7108d0cf,57738ad4-cce5-41c7-b1b1-18e4e29ae6ac,bc215710-21f6-4d29-8232-a879103befae,"Parts ordered from the supplier, awaiting delivery.",f,2025-07-07 16:16:00+00
15a9cecf-b9d0-43f8-a9c7-8539ca9e1ef6,57738ad4-cce5-41c7-b1b1-18e4e29ae6ac,bc215710-21f6-4d29-8232-a879103befae,"Parts ordered from the supplier, awaiting delivery.",f,2025-07-07 06:19:00+00
b9ce6080-ca0b-44d1-b6f8-c7f5168c06f9,ab64188c-7fbb-4ba0-87ea-b3d6400874a7,e18b9597-e19d-4125-87b3-e16052485871,Vehicle released back to operations after sign-off.,f,2025-06-05 14:11:00+00
f614cbd6-ec4d-41f0-885b-c979e04a0661,61e551de-b50b-47fa-bc5c-d18e77b11837,cdd74f33-dff3-4b0f-8378-d2989570b4c6,Vehicle released back to operations after sign-off.,f,2026-04-05 05:55:00+00
67bd6ef9-43fe-4900-a081-33426dfb92ec,6ccd2eb6-2972-4ef7-96ad-a7b3da14cdb1,c9d9cd57-6074-4c5b-87b0-f093e04db48b,Vehicle released back to operations after sign-off.,f,2025-07-18 13:04:00+00
a0f7c4b1-9e3e-4c3a-819f-f6d2ef2ea0af,1a4d2dc6-8eeb-46c5-9269-d3e6a1380566,97cc4d1b-3c67-439f-8fdf-b355eb120cfa,"Parts ordered from the supplier, awaiting delivery.",f,2025-05-24 17:24:00+00
a0839334-74d8-47bb-8d2b-0cb6ff3bf2c8,1a4d2dc6-8eeb-46c5-9269-d3e6a1380566,e2f4db5d-5268-451f-8f58-023f568f8422,Inspected on arrival; confirmed the reported symptom.,f,2025-05-22 06:06:00+00
27a4ed9d-075c-4618-b37a-a1ab77b36ce9,d9aafe76-7340-4a2b-aaf2-ca0ca37dde6e,ea3a55a2-e8eb-400a-a3e6-3895bf70675d,Escalated to the workshop foreman for a second opinion.,f,2024-08-19 10:53:00+00
84caa288-f564-4865-baa5-966158c51f6b,d9aafe76-7340-4a2b-aaf2-ca0ca37dde6e,1ee01826-f527-47b8-9e03-d1f37836438b,Escalated to the workshop foreman for a second opinion.,f,2024-08-22 16:59:00+00
cac0c7ca-9508-432a-95e7-9a7e14cc65f4,88e0ca3c-abac-487b-b18a-5a0a1e1f31ef,08145333-aa5a-4ff6-ae10-7a43aa8d5326,"Parts ordered from the supplier, awaiting delivery.",f,2025-05-05 11:58:00+00
eca18b59-c9b5-4c92-8d19-598b828afd46,18c15243-d26e-4da1-ae50-a9632802a760,b86c3428-f167-40ff-8973-9c69b332b108,Inspected on arrival; confirmed the reported symptom.,f,2025-11-21 17:40:00+00
4e1c9414-b745-4c60-92fe-dbec86a733bf,18c15243-d26e-4da1-ae50-a9632802a760,9f45c98b-3562-45af-8cb4-fee17952ecd9,Escalated to the workshop foreman for a second opinion.,t,2025-11-25 08:18:00+00
6a8e2a42-a034-4543-9bee-f69b56db2815,18c15243-d26e-4da1-ae50-a9632802a760,b86c3428-f167-40ff-8973-9c69b332b108,Vehicle released back to operations after sign-off.,f,2025-11-27 17:52:00+00
d3082f2b-0a59-447b-8cab-a43ec79cd2a5,96b6bf3a-4786-4bc1-aa47-d5bf97f4ced9,071c8cbe-8125-4dde-ae07-2ac65beea113,Work completed and the vehicle was road tested before release.,f,2025-10-03 17:59:00+00
9aaf3201-ca21-4670-9820-f2a548dcc908,96b6bf3a-4786-4bc1-aa47-d5bf97f4ced9,3ed87f3f-9d1e-409e-af21-14fee9e9bc14,Work completed and the vehicle was road tested before release.,f,2025-09-21 15:50:00+00
e9046faf-8318-446c-9cd4-34ace33f644d,9bdda28d-85be-4c4c-b133-4649da5ae9ea,1e388fd6-b491-4658-925b-03279819fa02,Work completed and the vehicle was road tested before release.,f,2026-02-21 16:46:00+00
31974b02-f263-4d29-ae5a-b6ef7da089c0,bea03e93-bacd-43da-ae9b-84ef32a3fc48,9bd7dc69-8146-4996-8a28-bda2751c2c1e,Work completed and the vehicle was road tested before release.,f,2024-10-23 09:05:00+00
767d7af7-0881-409b-97fd-9ccd7ab360eb,bea03e93-bacd-43da-ae9b-84ef32a3fc48,9bd7dc69-8146-4996-8a28-bda2751c2c1e,"Parts ordered from the supplier, awaiting delivery.",f,2024-11-01 12:46:00+00
5b10a817-f686-450f-ac6a-e728db15337d,bea03e93-bacd-43da-ae9b-84ef32a3fc48,9bd7dc69-8146-4996-8a28-bda2751c2c1e,Work completed and the vehicle was road tested before release.,f,2024-10-24 16:44:00+00
f387be8d-07ac-4d25-b56d-9158e75777b0,121fd023-9ec7-4a2a-b660-d040ef92efff,9bc0ebab-c628-4af5-b5cc-f9a69e14ee0c,Work completed and the vehicle was road tested before release.,t,2025-09-22 06:24:00+00
9b019501-79c4-48c6-b7d1-5d81f3104301,121fd023-9ec7-4a2a-b660-d040ef92efff,9bc0ebab-c628-4af5-b5cc-f9a69e14ee0c,"Parts ordered from the supplier, awaiting delivery.",t,2025-09-23 14:09:00+00
efc265fa-91e9-440d-b4e6-84294cf5d793,98024d40-8166-4b97-a912-fc3946ba62c3,7644642e-745c-4474-890f-0f840a0b5df8,Handed over to the next shift for completion.,f,2026-03-22 10:54:00+00
5fe5a99d-7e45-49a6-848a-0b32390953ed,98024d40-8166-4b97-a912-fc3946ba62c3,7644642e-745c-4474-890f-0f840a0b5df8,Escalated to the workshop foreman for a second opinion.,t,2026-03-10 11:44:00+00
70bc5acc-bb53-4d6d-aeba-d981c4594195,164b1578-2df6-46d9-9524-35038ea22a7d,ac56c0dc-f5dc-458e-ad2c-545b392395a3,Handed over to the next shift for completion.,f,2026-06-26 05:20:00+00
95a5f386-8ba1-4b75-adea-b18f2f7fec93,164b1578-2df6-46d9-9524-35038ea22a7d,ac56c0dc-f5dc-458e-ad2c-545b392395a3,Handed over to the next shift for completion.,f,2026-06-23 15:14:00+00
720c4d6f-9f9f-4ca9-859e-89c3402e443a,864272d0-a0f0-4b9e-9c6d-0e02ad51d5ec,65a5b696-653b-4c78-8e17-17f954b7992b,Escalated to the workshop foreman for a second opinion.,t,2025-08-14 06:49:00+00
431c11ab-0bca-4ec4-a683-6229a9705544,864272d0-a0f0-4b9e-9c6d-0e02ad51d5ec,65a5b696-653b-4c78-8e17-17f954b7992b,"Parts ordered from the supplier, awaiting delivery.",f,2025-08-19 07:51:00+00
3db8b62f-58e0-4c21-956b-fa0fa8391bde,e4797bc0-03e9-4cf2-80e7-5c169b083897,4deef011-a80e-4ec1-8ab0-1c07e51e4eff,"Parts ordered from the supplier, awaiting delivery.",f,2024-09-19 14:15:00+00
9f3e321d-3dd5-4f0a-9789-c8a492026fa0,9a584b57-8460-4514-9c32-fe94abf5dacb,578b9882-da22-4a57-8191-8e7a8ca512f5,Work completed and the vehicle was road tested before release.,f,2026-06-01 06:14:00+00
d862534b-c308-4c9f-9436-32f0372d89d3,9a584b57-8460-4514-9c32-fe94abf5dacb,80b1ad8c-feff-46bb-a25a-c63711fbe13d,"Parts ordered from the supplier, awaiting delivery.",f,2026-06-02 13:14:00+00
6ce32e85-adc4-4ae2-b558-45089d8b141d,b8712bab-df46-47c8-932e-ca8efe5851bd,1eec88aa-d888-4b75-ab3e-84365df4210c,Escalated to the workshop foreman for a second opinion.,f,2025-01-20 15:06:00+00
66ed07a9-bf55-44b3-aedb-2740ac618ce9,b8712bab-df46-47c8-932e-ca8efe5851bd,b39348d1-7405-4464-8957-067b571cbe59,Work completed and the vehicle was road tested before release.,f,2025-01-21 06:43:00+00
67324c1d-71ee-4421-8bf4-94c7625e9d8e,534ae558-ab8c-47f6-89f8-61bdbe681a92,53729164-22f4-4aa2-a9ce-1b992ed4e050,Work completed and the vehicle was road tested before release.,f,2025-03-23 12:20:00+00
e5b09c8e-ee31-4acf-98d5-753ebc966f75,80a864f2-62f8-468e-b9a9-829ce283a010,26786492-bebd-4e3a-8719-4c486f70d604,"Parts ordered from the supplier, awaiting delivery.",f,2025-09-20 15:35:00+00
6ddfcca2-4df9-4026-b565-377f2b255b01,80a864f2-62f8-468e-b9a9-829ce283a010,26786492-bebd-4e3a-8719-4c486f70d604,Inspected on arrival; confirmed the reported symptom.,t,2025-09-14 10:32:00+00
cf6919f0-7f60-4f6f-a258-a40a543df54c,80a864f2-62f8-468e-b9a9-829ce283a010,26786492-bebd-4e3a-8719-4c486f70d604,Handed over to the next shift for completion.,t,2025-09-19 12:47:00+00
7bac2901-300d-45ac-97e3-39614254c6bb,2728f120-db16-4b5a-bddd-88ea29b66c1c,8eff9acb-560a-454d-b4e0-e23389a2264b,Work completed and the vehicle was road tested before release.,f,2026-08-03 08:03:00+00
a60d9df6-1f79-45f9-908e-a2f6df3dc5cb,c7c059c9-6002-4bf7-a5e5-a7dcd22bb59f,59d6aa79-2377-4337-9638-88a668cb9c4b,Vehicle released back to operations after sign-off.,f,2025-04-29 15:18:00+00
b9e7a9f9-b42b-4737-92fb-e3c5cd6d9004,db349625-5989-40b4-89b7-fa4fca78ee30,374f53b7-0887-4a96-8b7e-6555d250872a,Work completed and the vehicle was road tested before release.,f,2025-08-02 14:25:00+00
88629413-dc01-45e3-a9a0-d78ec5a4196e,570b8f8b-5f04-4d95-90d4-5c31578f8ac0,fb16df24-42b0-44f6-8de3-8f95cdd7dc1f,"Parts ordered from the supplier, awaiting delivery.",f,2026-03-26 09:07:00+00
2bc3d87b-9c7e-4196-9e20-497052effc0d,570b8f8b-5f04-4d95-90d4-5c31578f8ac0,fb16df24-42b0-44f6-8de3-8f95cdd7dc1f,Escalated to the workshop foreman for a second opinion.,f,2026-03-29 14:43:00+00
6f39fce8-0f65-45b9-b883-a4db6dffe11c,570b8f8b-5f04-4d95-90d4-5c31578f8ac0,fb16df24-42b0-44f6-8de3-8f95cdd7dc1f,Escalated to the workshop foreman for a second opinion.,t,2026-03-23 07:57:00+00
b2648561-60d4-4e6c-9925-043f2256bcf0,239f7852-c5ba-4336-b86b-621005f009b4,bc386f1f-6069-48e1-bf31-dca443044b19,"Parts ordered from the supplier, awaiting delivery.",f,2024-08-24 05:40:00+00
757ac622-d860-42b5-8ede-d3898412f5c0,f21bf571-d6c1-445c-803c-c573a76acff5,8679d499-93b5-4c67-96a9-235351c57233,Inspected on arrival; confirmed the reported symptom.,f,2024-09-26 13:01:00+00
7ece8487-945b-44e2-a0f1-b59e99ac818c,f21bf571-d6c1-445c-803c-c573a76acff5,8679d499-93b5-4c67-96a9-235351c57233,"Parts ordered from the supplier, awaiting delivery.",f,2024-10-03 09:48:00+00
9d425740-fa92-454e-8e86-a8cfe039609e,f21bf571-d6c1-445c-803c-c573a76acff5,8679d499-93b5-4c67-96a9-235351c57233,Vehicle released back to operations after sign-off.,f,2024-10-07 10:16:00+00
c03f3a43-a1d6-48ff-8fad-85b52663bf57,cda5c391-f94b-43c1-8988-78961cc60734,bd95dfd1-5af7-41d2-85ef-bbb2b0f57a12,Work completed and the vehicle was road tested before release.,f,2026-08-16 09:30:00+00
faf2137e-b6a5-4403-b254-60f659e114f1,5ef18f9a-656c-49af-b8fc-696f43fd9cec,8dcb5a65-7c64-4266-ba48-95af8cce89d8,Vehicle released back to operations after sign-off.,f,2025-12-13 06:56:00+00
4b5bf06e-0b3e-47bf-8a09-0f7ade44e13f,5ef18f9a-656c-49af-b8fc-696f43fd9cec,3ad6d85f-8eb2-429d-b6b0-9df328ae585b,Handed over to the next shift for completion.,f,2025-12-25 17:31:00+00
77085438-d810-415f-a600-6fbbee3cd2f7,5ef18f9a-656c-49af-b8fc-696f43fd9cec,8dcb5a65-7c64-4266-ba48-95af8cce89d8,Inspected on arrival; confirmed the reported symptom.,f,2025-12-16 15:54:00+00
a35d5ffc-81f7-43e6-abce-c77725333248,cfd74268-5a54-4475-b3fd-5cc9f7c97eab,66cb2aca-9bcf-48c3-b8bf-8e61319ccfcf,Vehicle released back to operations after sign-off.,t,2025-03-07 17:28:00+00
380456b3-286e-42e5-bd90-5f8d72089126,cfd74268-5a54-4475-b3fd-5cc9f7c97eab,d310eb40-f450-4462-95ca-3394c61cd538,Work completed and the vehicle was road tested before release.,f,2025-02-23 05:09:00+00
20f91ee1-4041-4e8a-82cb-49cf5edbddcb,dedd5da7-6fbd-4167-b941-536c55a45100,e6eb9d66-d679-4e1f-8e6b-fdb21a16881d,Handed over to the next shift for completion.,f,2025-04-25 16:59:00+00
7d8141d8-bdc4-4988-8504-4936b3f54420,dedd5da7-6fbd-4167-b941-536c55a45100,e6eb9d66-d679-4e1f-8e6b-fdb21a16881d,Inspected on arrival; confirmed the reported symptom.,f,2025-04-20 06:17:00+00
1dcadf45-c372-4130-b30d-8bdea9fa41a5,dedd5da7-6fbd-4167-b941-536c55a45100,e6eb9d66-d679-4e1f-8e6b-fdb21a16881d,Inspected on arrival; confirmed the reported symptom.,f,2025-04-17 12:00:00+00
5e682223-2a89-4d38-9f5a-cd0e1528f714,9072c8ae-8691-4c10-a60e-eafdc3684624,e15a11ed-4e40-4f3c-8011-cbb4911d7069,Escalated to the workshop foreman for a second opinion.,f,2024-09-25 05:11:00+00
4474d6d4-6cfb-4daf-bd09-1e61005c02a6,f7539110-0c00-4956-a30a-9864d68faa16,827ddce0-e57e-49e0-b564-c5b4daf83ac3,Inspected on arrival; confirmed the reported symptom.,f,2025-09-27 12:26:00+00
5def012b-8960-46da-b6d7-82a965ed7615,f7539110-0c00-4956-a30a-9864d68faa16,827ddce0-e57e-49e0-b564-c5b4daf83ac3,Handed over to the next shift for completion.,f,2025-09-18 06:06:00+00
560503b7-cfcb-4dc1-a17c-ed25bae53e8a,f7539110-0c00-4956-a30a-9864d68faa16,3ad6d85f-8eb2-429d-b6b0-9df328ae585b,Escalated to the workshop foreman for a second opinion.,t,2025-09-29 08:53:00+00
a24709c7-28af-4db3-ac4a-2ccc0ce0ecfd,8f670792-9dfe-4452-a0a0-5940d6152ddd,dc7713dd-6bb6-4890-9467-499b23c21017,Vehicle released back to operations after sign-off.,f,2025-01-15 07:11:00+00
9990757f-5056-4557-881a-9a28922c0449,8f670792-9dfe-4452-a0a0-5940d6152ddd,3116c9d0-e74c-4cf3-84ee-8fbb2165d83f,Vehicle released back to operations after sign-off.,f,2025-01-14 12:14:00+00
a8746f29-921b-4b59-9b89-d411bc0a7dc2,8f670792-9dfe-4452-a0a0-5940d6152ddd,dc7713dd-6bb6-4890-9467-499b23c21017,Work completed and the vehicle was road tested before release.,f,2025-01-14 13:50:00+00
c7ce55ac-b1f3-4b66-bab5-7fb55b47db47,4e5bd82f-26d2-46e4-9d89-f630a924343c,46b65206-6f2c-4777-b6a0-ed9d0d81dc19,Vehicle released back to operations after sign-off.,t,2025-02-16 11:39:00+00
994cd173-461d-4381-8702-0cad3fcafa06,4e5bd82f-26d2-46e4-9d89-f630a924343c,da57c1aa-76be-46c1-a034-d9db5da6a262,Work completed and the vehicle was road tested before release.,f,2025-02-16 10:42:00+00
e9bf9112-8de3-411b-8496-58f8b1cc5e74,4e5bd82f-26d2-46e4-9d89-f630a924343c,da57c1aa-76be-46c1-a034-d9db5da6a262,Handed over to the next shift for completion.,f,2025-02-17 13:41:00+00
1a5c732f-1240-41b7-abd5-fbfdb0226dfc,1f01eed0-318f-47f1-9b9b-c8ac95ae22c2,58d58f6f-c7d9-4037-9d48-18e1877be077,Vehicle released back to operations after sign-off.,f,2024-09-16 11:02:00+00
8198a16e-2e9c-41c1-9eb3-8564ce45ed55,b0b929b7-837d-4448-a808-9bee02d7cfdc,c9371eef-cb2f-45af-926f-13217cb6a7ad,Escalated to the workshop foreman for a second opinion.,f,2026-02-18 05:58:00+00
1e0f5719-697c-4397-a72c-fafa1cb69db6,809caad5-6c8e-4d8e-8c98-65e6981687b9,db01d178-e057-46ed-ba34-a2870594c197,Work completed and the vehicle was road tested before release.,t,2025-11-25 15:05:00+00
522d5a18-8d6a-47dd-bb77-5797c89a3993,809caad5-6c8e-4d8e-8c98-65e6981687b9,e4cbf8b0-359c-4f08-904c-1a8a1fa0c608,Inspected on arrival; confirmed the reported symptom.,f,2025-12-05 15:10:00+00
22b18181-09a2-4265-9dfe-4970a3067332,5bf2e888-9b20-4cb7-8ed9-23d196db3920,97441bfa-1406-4e41-844f-864afde39913,Escalated to the workshop foreman for a second opinion.,f,2025-04-27 12:47:00+00
324afe13-6633-4c40-8bd1-8bdcc1736f87,5bf2e888-9b20-4cb7-8ed9-23d196db3920,97441bfa-1406-4e41-844f-864afde39913,Work completed and the vehicle was road tested before release.,f,2025-04-27 15:50:00+00
c2e71020-1924-49aa-bcd7-f8f7890ea185,79cc3c88-c0c2-4583-a158-eaeee17f3bc7,07e0c835-51f1-4fad-9254-f68f64738d72,Inspected on arrival; confirmed the reported symptom.,f,2025-10-30 10:24:00+00
306adca8-95d6-4071-9c5b-d3a9f76db4f1,79cc3c88-c0c2-4583-a158-eaeee17f3bc7,07e0c835-51f1-4fad-9254-f68f64738d72,Vehicle released back to operations after sign-off.,f,2025-11-08 17:02:00+00
131dc388-01e8-4046-812b-12a81b4125dd,751a5e44-e945-4bd4-be03-dde65eff6170,53729164-22f4-4aa2-a9ce-1b992ed4e050,Handed over to the next shift for completion.,f,2025-04-08 13:31:00+00
d5b47f35-e241-440b-80dc-b5f01a47684f,751a5e44-e945-4bd4-be03-dde65eff6170,ea3a55a2-e8eb-400a-a3e6-3895bf70675d,Handed over to the next shift for completion.,f,2025-04-04 05:44:00+00
ebd9a542-4d74-4a96-81cc-6fd03f9ee0f2,751a5e44-e945-4bd4-be03-dde65eff6170,53729164-22f4-4aa2-a9ce-1b992ed4e050,Escalated to the workshop foreman for a second opinion.,f,2025-03-29 05:42:00+00
5d49a604-c0c6-45ea-9702-ce4be75b8a82,9a044fb8-0b8f-42cf-87d1-dbd865f610c6,5759f3d2-34f3-483d-818a-1b5627a40557,Inspected on arrival; confirmed the reported symptom.,f,2026-06-30 07:39:00+00
930a75b8-9617-4c5b-b481-1a14ccea89cc,5e1a95d9-b90a-46fa-ac7a-5a7d29bb765a,0218e2f7-4d2d-4229-b899-199f6afe4c10,Inspected on arrival; confirmed the reported symptom.,f,2024-08-14 10:51:00+00
54bf501d-974c-48c7-a05b-88563e4699a9,5e1a95d9-b90a-46fa-ac7a-5a7d29bb765a,2e1b0afe-0496-4426-b986-9eee617c68c8,Work completed and the vehicle was road tested before release.,t,2024-08-20 12:27:00+00
d5f68b35-a915-4b2f-a816-40035b2467ff,17e3a6e9-4dd4-43f8-bb01-3b9af902bb40,7d5abb4b-df5b-4b75-bbe9-78fb814d0dc1,Work completed and the vehicle was road tested before release.,f,2026-01-11 08:42:00+00
db9697af-5eb6-46b3-821c-78f31bb86bd4,17e3a6e9-4dd4-43f8-bb01-3b9af902bb40,7d5abb4b-df5b-4b75-bbe9-78fb814d0dc1,Inspected on arrival; confirmed the reported symptom.,f,2026-01-12 09:24:00+00
fc196994-063f-44f6-9d0f-5efd27773d15,17e3a6e9-4dd4-43f8-bb01-3b9af902bb40,7d5abb4b-df5b-4b75-bbe9-78fb814d0dc1,"Parts ordered from the supplier, awaiting delivery.",f,2026-01-13 17:35:00+00
6e907c7d-97a8-4b0c-a783-09114c625338,7615fc53-3c66-4ce5-9f68-2687c4f5a61a,ece2a321-bc6d-4cdf-9d3a-f642ed83ae68,Vehicle released back to operations after sign-off.,f,2025-09-15 07:32:00+00
efcfb299-adb3-4e35-be2f-7ffcfe53c8c5,7615fc53-3c66-4ce5-9f68-2687c4f5a61a,ece2a321-bc6d-4cdf-9d3a-f642ed83ae68,Work completed and the vehicle was road tested before release.,t,2025-09-22 11:39:00+00
0e5f23c0-9538-423b-9e4c-fc81071af0a0,fbd8386a-146b-429f-ae9d-52cf70be2ba5,4e687221-2aec-4a3c-b701-5383edc61335,Vehicle released back to operations after sign-off.,f,2026-03-07 10:26:00+00
8c1e5ab4-42da-4d9c-afe6-c55aa64dc816,fbd8386a-146b-429f-ae9d-52cf70be2ba5,838168e2-a894-48b0-9e58-4f1f4612a1b3,Vehicle released back to operations after sign-off.,t,2026-03-07 06:09:00+00
5d06c660-c13d-441c-a387-a1dc0e8af76d,fbd8386a-146b-429f-ae9d-52cf70be2ba5,838168e2-a894-48b0-9e58-4f1f4612a1b3,"Parts ordered from the supplier, awaiting delivery.",t,2026-02-28 12:07:00+00
1226f6cf-d20c-40e6-a594-7e1382b7d2ca,26fcbf8b-7b47-40c6-865f-3faa0084e3bf,33de58c2-5dc4-4385-bc4c-9ad66a6fe320,Work completed and the vehicle was road tested before release.,f,2026-03-03 17:39:00+00
f7aeb9ae-5444-47fd-8a78-0c1947208e3f,e6eb42b0-c754-4bc3-94a4-df5144847910,b33c4ff9-69b5-4437-9699-63c066d6c353,"Parts ordered from the supplier, awaiting delivery.",f,2026-03-29 11:05:00+00
f2d16cb5-1e85-4716-b57d-d1e121f81bba,00ec7785-ba00-4cc0-9f5c-01056c7768c8,26786492-bebd-4e3a-8719-4c486f70d604,"Parts ordered from the supplier, awaiting delivery.",f,2025-07-23 12:54:00+00
c05c1f54-9f8d-415d-bf69-24e4b6dee9c2,a483aaa4-0656-4874-a387-2482ee92f62a,a147aaff-7666-44df-be95-5ac65ea9bc50,Handed over to the next shift for completion.,f,2025-08-28 13:41:00+00
ecfa92bf-d89f-4285-bd1c-a3e6b9a17d0f,a483aaa4-0656-4874-a387-2482ee92f62a,799f9455-62db-4da1-8b99-9f32da209d65,Inspected on arrival; confirmed the reported symptom.,f,2025-08-28 09:33:00+00
2efc0f73-053c-414b-b482-0a1f31e71128,00bdafcb-5971-4969-bc49-911b26294ecd,3ad6d85f-8eb2-429d-b6b0-9df328ae585b,Inspected on arrival; confirmed the reported symptom.,t,2026-07-16 13:19:00+00
57617077-e7af-486a-8cce-f2f0282ba60a,00bdafcb-5971-4969-bc49-911b26294ecd,2e86516c-c292-41da-b03d-25fe05969cf1,Vehicle released back to operations after sign-off.,f,2026-07-15 14:12:00+00
7e320d0b-dbaf-416a-9237-15a2bb4b5ba7,00bdafcb-5971-4969-bc49-911b26294ecd,2e86516c-c292-41da-b03d-25fe05969cf1,Work completed and the vehicle was road tested before release.,f,2026-07-16 08:20:00+00
2d521561-5dcb-4912-b358-432f40c3097f,1e7a8a21-63c9-4ee9-ab44-a74920502ae0,9580e2d6-e004-4873-9ea1-5e63bb707d70,"Parts ordered from the supplier, awaiting delivery.",f,2025-02-01 11:13:00+00
3122e891-edb3-4358-9884-ed16c9883d8f,02effdf6-f9e2-48a0-9153-53f935aed81e,b33c4ff9-69b5-4437-9699-63c066d6c353,Handed over to the next shift for completion.,f,2025-03-22 06:11:00+00
c51069a7-8d82-4ad8-9881-82325826e0e8,02effdf6-f9e2-48a0-9153-53f935aed81e,b33c4ff9-69b5-4437-9699-63c066d6c353,Inspected on arrival; confirmed the reported symptom.,t,2025-03-22 10:35:00+00
7c113c6d-a7dd-43b9-b61b-9b7f16588595,de66977e-1daa-4f18-a77b-ff1ade1a8a9d,d75a5c51-3679-45f1-bdb4-c7d37c50a47e,Vehicle released back to operations after sign-off.,f,2025-10-28 15:50:00+00
7d9a2fdc-811f-45c5-859c-6ab94c05618c,de66977e-1daa-4f18-a77b-ff1ade1a8a9d,cf6c56e7-5755-4ee5-801e-f33afde6b249,"Parts ordered from the supplier, awaiting delivery.",f,2025-11-08 10:15:00+00
88f00195-7eae-4ac5-9b66-1241646dc453,db9355aa-e779-4c4c-ac39-6b26e5a8645e,ea3a55a2-e8eb-400a-a3e6-3895bf70675d,Handed over to the next shift for completion.,t,2024-08-28 16:59:00+00
e0cb02fd-6bff-4d07-be0c-7c97115d23e7,db9355aa-e779-4c4c-ac39-6b26e5a8645e,ea3a55a2-e8eb-400a-a3e6-3895bf70675d,Work completed and the vehicle was road tested before release.,f,2024-08-27 09:03:00+00
d1865537-3182-4975-832c-56c07c2411ee,a4920f0f-b6fa-4657-9862-2399c57f4b39,2c2d43d4-1eac-4011-8261-c8af7f6aa2a6,Handed over to the next shift for completion.,f,2026-04-01 06:35:00+00
a3b25695-915e-42a0-9e7c-eb90560fcd3d,a4920f0f-b6fa-4657-9862-2399c57f4b39,3116c9d0-e74c-4cf3-84ee-8fbb2165d83f,Work completed and the vehicle was road tested before release.,f,2026-03-31 13:58:00+00
f3588d2a-2eaf-4b21-9f31-331a716a752f,a4920f0f-b6fa-4657-9862-2399c57f4b39,3116c9d0-e74c-4cf3-84ee-8fbb2165d83f,Handed over to the next shift for completion.,f,2026-03-27 06:24:00+00
83450694-bdc4-4816-800e-9a7c088c08cc,538fa5bb-df19-4831-8b70-e85a06c2954a,1ee01826-f527-47b8-9e03-d1f37836438b,Work completed and the vehicle was road tested before release.,f,2025-05-22 17:14:00+00
6e5781fe-e938-4f4d-b04e-5e510d50eb82,538fa5bb-df19-4831-8b70-e85a06c2954a,1ee01826-f527-47b8-9e03-d1f37836438b,Handed over to the next shift for completion.,f,2025-05-22 05:11:00+00
78b96402-5230-4122-b9b2-b888b656c35c,538fa5bb-df19-4831-8b70-e85a06c2954a,e1c1397c-6345-47ab-948e-0f3e68d615b7,Inspected on arrival; confirmed the reported symptom.,f,2025-05-20 13:27:00+00
22ba93ab-2b0d-4b87-8fa4-e8728a8f5dd7,22df496f-7787-464e-91d6-3f1811ac0c53,6d97f26d-d4af-4ee3-ab61-5adbbb620217,"Parts ordered from the supplier, awaiting delivery.",f,2024-08-29 15:42:00+00
751c7696-edcb-4949-9a69-61843dcaea2e,22df496f-7787-464e-91d6-3f1811ac0c53,40f69c6c-3cd3-4344-b1f4-7617f7b12fa5,Vehicle released back to operations after sign-off.,t,2024-08-31 05:04:00+00
52b3cfef-6406-4bec-a90e-0627b10e53a7,f5510d4d-695d-4891-a8a8-593e0a665cce,79bbaaa4-918b-47e0-ba89-d5f2b5a4d4ba,Handed over to the next shift for completion.,f,2025-09-22 09:09:00+00
c7b08303-9394-41c9-aaa3-11ee4278cffd,695ce0c2-930d-47de-8676-7b89e86ef784,81465f78-fd22-40f9-bb43-c73ede62087e,"Parts ordered from the supplier, awaiting delivery.",f,2026-05-17 08:25:00+00
b5a977aa-a0c4-4539-903f-0370475c9e41,695ce0c2-930d-47de-8676-7b89e86ef784,81465f78-fd22-40f9-bb43-c73ede62087e,Handed over to the next shift for completion.,f,2026-05-25 06:01:00+00
41ca144f-0924-4407-8e33-93367e37538d,96a42e3b-b497-4130-a19c-644b789994f0,e393f157-3860-4ebd-b9f4-400e8f8d33fd,"Parts ordered from the supplier, awaiting delivery.",f,2025-10-26 05:03:00+00
6e577a21-d7cc-461c-968c-2051ab688bd0,96a42e3b-b497-4130-a19c-644b789994f0,59064e3f-1d1e-4817-8491-724ae8d85add,Inspected on arrival; confirmed the reported symptom.,f,2025-11-06 16:49:00+00
f2b8422c-d47c-4ccc-a87b-97569bcae27a,96a42e3b-b497-4130-a19c-644b789994f0,e393f157-3860-4ebd-b9f4-400e8f8d33fd,Escalated to the workshop foreman for a second opinion.,f,2025-11-05 06:32:00+00
fb572837-b3c0-40ef-aa6a-db4fa4707ea1,d23c8a24-1224-4278-85e4-4ac697e97f99,6d8966a8-2474-4d35-9fd9-7bb3b648f6fd,Vehicle released back to operations after sign-off.,f,2024-10-24 06:06:00+00
05b83f9b-61c3-48a2-bfc8-2ac6c662c53e,d23c8a24-1224-4278-85e4-4ac697e97f99,6d8966a8-2474-4d35-9fd9-7bb3b648f6fd,Escalated to the workshop foreman for a second opinion.,t,2024-10-26 05:10:00+00
2a7bbea5-7e3e-40e5-8737-6ee5bd2c4059,0cc80e95-76f3-4042-9aef-724c92c77444,78be5d8f-6cca-4d7e-bfe7-2b68fc8c6341,"Parts ordered from the supplier, awaiting delivery.",f,2026-06-23 08:30:00+00
ddaa7581-1d40-4a68-a232-e92cd09f2563,0cc80e95-76f3-4042-9aef-724c92c77444,1e29b6e8-6626-4a4f-b11b-f1b90a96a930,Work completed and the vehicle was road tested before release.,f,2026-06-19 14:20:00+00
979b6fcb-3714-41c4-986b-13c7e71d6055,0cc80e95-76f3-4042-9aef-724c92c77444,78be5d8f-6cca-4d7e-bfe7-2b68fc8c6341,Work completed and the vehicle was road tested before release.,t,2026-06-29 17:01:00+00
32279083-0ad6-4312-91d5-81b0c84a783c,1982b601-8056-48bd-9c7f-29fafe52a7db,3d6f2ad9-da21-46a7-9219-f8cf57f7ff25,Work completed and the vehicle was road tested before release.,f,2025-01-19 17:29:00+00
12f955e7-9b1e-4228-b6f3-bb517d4db99c,9d7288d9-a1f7-4697-ac34-40c9251985c8,cfcb23c6-f209-48fb-b2ab-5f79f711f9cc,"Parts ordered from the supplier, awaiting delivery.",f,2026-02-15 13:34:00+00
a04245ce-772e-41f4-9167-2576b6079911,9d7288d9-a1f7-4697-ac34-40c9251985c8,f3f8dfa5-1b8c-4bf1-8507-81855c610eb1,"Parts ordered from the supplier, awaiting delivery.",f,2026-02-12 09:29:00+00
27e20f6d-9bd2-413f-88bf-ab4054cc1927,9d7288d9-a1f7-4697-ac34-40c9251985c8,cfcb23c6-f209-48fb-b2ab-5f79f711f9cc,"Parts ordered from the supplier, awaiting delivery.",t,2026-02-24 12:13:00+00
3ae401dd-c42e-4b15-a150-68b9821fc5ef,684f1d09-e245-4b38-bae8-b9fa7c18037f,5302dab8-326e-4660-b10d-447ccbcaff6f,"Parts ordered from the supplier, awaiting delivery.",f,2026-03-22 12:55:00+00
2ad03afa-3feb-4f7b-9034-719ce8dd41d9,2561b9e8-3381-4c79-8e94-ad05786202b2,9b2ae800-e7f5-4450-a102-90626d114204,Escalated to the workshop foreman for a second opinion.,f,2026-04-24 11:12:00+00
efbf70c2-37ab-4b5a-b24a-6b2a61a8d5e9,1b37fb61-62a6-4dda-b82d-5247bb11af47,597c6eba-286e-440e-922e-420efd907fcc,Inspected on arrival; confirmed the reported symptom.,t,2025-10-31 17:49:00+00
82c86a11-88f6-4ca7-990a-e91c009a6e5e,570bb912-a4ae-4b7b-8159-9c21a11aa389,4d9a2421-7844-44bd-b117-718dcc1c86f3,"Parts ordered from the supplier, awaiting delivery.",f,2025-10-22 15:05:00+00
14acc1cf-3396-49b0-99c6-2c7340f2d5c9,570bb912-a4ae-4b7b-8159-9c21a11aa389,246980b5-110b-4571-9060-906f0c1ed19f,Handed over to the next shift for completion.,f,2025-10-21 16:48:00+00
af7e1fd8-a794-47b1-89a9-9879471d1a31,570bb912-a4ae-4b7b-8159-9c21a11aa389,246980b5-110b-4571-9060-906f0c1ed19f,Inspected on arrival; confirmed the reported symptom.,f,2025-10-15 15:39:00+00
a0bb55af-0f70-42f0-9577-7151ace33ba0,ca0c06e1-7af8-4082-9b17-221e369352dc,1d778731-9103-4a7c-8b4f-fb234d39f1b2,Vehicle released back to operations after sign-off.,f,2025-01-31 14:49:00+00
af1a7fa1-6675-4da2-baa4-5d88a8355cfc,0cdbe7ad-5210-44e5-8628-98b03723de89,c4046467-2ed2-4768-9d99-e876c09fe713,Work completed and the vehicle was road tested before release.,f,2024-12-29 06:24:00+00
89390055-b0fd-4ad1-802d-1d0e25e27596,0cdbe7ad-5210-44e5-8628-98b03723de89,d5d2bb70-ee7e-45f2-9d21-4ded5e54973b,Vehicle released back to operations after sign-off.,f,2024-12-29 12:22:00+00
113aeecb-d048-4e95-bff6-b2af26fb8778,0cdbe7ad-5210-44e5-8628-98b03723de89,d5d2bb70-ee7e-45f2-9d21-4ded5e54973b,"Parts ordered from the supplier, awaiting delivery.",f,2024-12-27 15:02:00+00
a7dc4567-43a3-4f0d-bbf7-43d7093822ba,76a850e8-cc2d-4d46-afd9-64de5f63f4e5,4f3a3dc2-e549-4297-9901-d7612b6c6e8b,"Parts ordered from the supplier, awaiting delivery.",f,2025-03-20 17:13:00+00
8a7c191c-26d6-4910-a4bb-9808379ccd28,76a850e8-cc2d-4d46-afd9-64de5f63f4e5,a5403456-9417-4129-8376-a0508664c003,Work completed and the vehicle was road tested before release.,f,2025-03-16 05:41:00+00
6b1a8465-16a2-4b74-8626-569dd0225147,76a850e8-cc2d-4d46-afd9-64de5f63f4e5,a5403456-9417-4129-8376-a0508664c003,Inspected on arrival; confirmed the reported symptom.,t,2025-03-22 12:24:00+00
309b937d-f453-4c0f-9772-fdc3e5d56a74,590353e4-d32e-4484-b554-6e9335eefaef,9580e2d6-e004-4873-9ea1-5e63bb707d70,Vehicle released back to operations after sign-off.,f,2024-12-05 08:46:00+00
6fad2fae-fc68-4392-9b56-fd4be6a529f7,590353e4-d32e-4484-b554-6e9335eefaef,9580e2d6-e004-4873-9ea1-5e63bb707d70,Work completed and the vehicle was road tested before release.,f,2024-12-05 10:33:00+00
43876cf7-6b95-42db-8925-fa323c8e7b58,2b2c3eb8-4aa7-4315-866c-abcbf36e0f78,f2e3adca-c995-4570-a695-525ef502c1ef,Inspected on arrival; confirmed the reported symptom.,t,2025-05-04 10:24:00+00
cea2a676-3530-496d-a536-888fd1839d4c,2b2c3eb8-4aa7-4315-866c-abcbf36e0f78,f2e3adca-c995-4570-a695-525ef502c1ef,"Parts ordered from the supplier, awaiting delivery.",f,2025-05-04 09:17:00+00
fd74b785-b4ae-4d18-9a57-a36c324077a6,81a003a7-202d-4a07-9e04-2fd939aade6d,2fc76645-2797-42a6-b6b9-d134b926381b,Inspected on arrival; confirmed the reported symptom.,t,2026-08-13 06:03:00+00
69e2ed53-f547-46d1-8e9e-a52c4f160743,81a003a7-202d-4a07-9e04-2fd939aade6d,eaf27d88-2c7f-46ad-9184-8ac42c34bbbe,Escalated to the workshop foreman for a second opinion.,f,2026-08-13 10:03:00+00
6691369b-a93f-4e83-b194-1c059ccee9ed,81a003a7-202d-4a07-9e04-2fd939aade6d,eaf27d88-2c7f-46ad-9184-8ac42c34bbbe,Handed over to the next shift for completion.,f,2026-08-16 11:14:00+00
cf558c74-aee5-4a08-b362-069cfa617573,aa673bc8-e816-4821-8c8a-b25b8677d361,2fc76645-2797-42a6-b6b9-d134b926381b,Escalated to the workshop foreman for a second opinion.,f,2024-08-23 11:32:00+00
a22677e3-4e15-4bdb-953e-09a57086b073,d0161c3a-8f94-4418-9b9f-59f2f99b0e08,36f9a4a5-291f-4548-b867-96c44f690282,Escalated to the workshop foreman for a second opinion.,f,2026-06-07 10:16:00+00
00538096-8a65-486a-a3f6-8d8790237bf9,d0161c3a-8f94-4418-9b9f-59f2f99b0e08,33de58c2-5dc4-4385-bc4c-9ad66a6fe320,Handed over to the next shift for completion.,t,2026-05-31 15:46:00+00
6e6e5b99-0880-4801-a697-b13bc6851c74,d0161c3a-8f94-4418-9b9f-59f2f99b0e08,36f9a4a5-291f-4548-b867-96c44f690282,Vehicle released back to operations after sign-off.,f,2026-05-27 17:00:00+00
73591196-e1c8-46f0-8cfa-22c9113146ca,2f0e8101-4d47-4574-83cb-24b3dc839af2,e7889aec-2db4-4a78-b8a7-873db0af92b6,"Parts ordered from the supplier, awaiting delivery.",f,2024-08-21 06:03:00+00
b3cb2f24-212c-4151-91f7-e561a6b870ef,2f0e8101-4d47-4574-83cb-24b3dc839af2,1ad7ccbc-6809-4f96-83f4-c7636a2a4728,Vehicle released back to operations after sign-off.,t,2024-08-31 14:01:00+00
52cbf5ef-a568-4f1b-9981-dcf535be59ca,ae2280a5-e260-4688-b70c-bebabb6e5f2c,016d73cf-e272-4f8f-a5e9-41a860fec088,Inspected on arrival; confirmed the reported symptom.,f,2025-09-08 16:08:00+00
ce025dcd-6228-4eac-a98e-7eaa9d6990cf,ae2280a5-e260-4688-b70c-bebabb6e5f2c,98c6155b-9b02-4dee-b622-1a0657165fd2,Inspected on arrival; confirmed the reported symptom.,f,2025-08-28 09:09:00+00
f28d0f99-e916-45fa-8fbf-bfbf329cfb91,2bc2a6a1-21fc-401e-9aaf-4f3138c84b98,8741b992-805d-4859-9e1a-4d49d82c9a99,Vehicle released back to operations after sign-off.,f,2024-08-18 12:05:00+00
e8a40c68-0c08-4f83-871d-e14ecbe8d9a4,2bc2a6a1-21fc-401e-9aaf-4f3138c84b98,76acb86d-958a-4ccf-934c-46bed43da641,Inspected on arrival; confirmed the reported symptom.,t,2024-08-15 07:51:00+00
851de2d6-55fb-482e-938a-c10d8cf898f0,e749a44b-adf2-485e-b2f5-ad936418cdc7,7b2e85f9-7895-4aca-bf50-e37e9a354eb0,Vehicle released back to operations after sign-off.,f,2026-08-16 14:37:00+00
cc3a25e5-8f51-4d7a-8bce-3713dcf38fd2,e749a44b-adf2-485e-b2f5-ad936418cdc7,d92dd0ef-e329-487f-832b-ce9ec260243b,Work completed and the vehicle was road tested before release.,f,2026-08-10 12:37:00+00
dcde280f-f5c6-486f-92a1-c28a3fa36fb5,e749a44b-adf2-485e-b2f5-ad936418cdc7,7b2e85f9-7895-4aca-bf50-e37e9a354eb0,Inspected on arrival; confirmed the reported symptom.,f,2026-08-21 10:46:00+00
5e4c19dd-5fc4-456c-bd58-d8e4d02ffc09,07f38986-acec-4c0e-ac20-4c123c5fd1ac,5d47a181-9a09-4bbf-9c80-c3da3e81e428,Handed over to the next shift for completion.,f,2025-07-29 15:47:00+00
fc83a97b-1014-4139-a656-810dbb29d4ff,39d1197e-6f8b-4843-adb5-c5a0857684bb,782ac408-28cd-4fd3-b56b-21cca25714bb,Work completed and the vehicle was road tested before release.,f,2025-04-22 14:53:00+00
570566d9-c333-4f21-9a09-b44dc6e70405,8aa06baa-d8b5-4f55-bab2-ade2ca6dcce7,79bbaaa4-918b-47e0-ba89-d5f2b5a4d4ba,"Parts ordered from the supplier, awaiting delivery.",t,2026-03-21 17:58:00+00
e1548dfd-8b66-471d-83eb-2d6cf0351d49,8aa06baa-d8b5-4f55-bab2-ade2ca6dcce7,79bbaaa4-918b-47e0-ba89-d5f2b5a4d4ba,Vehicle released back to operations after sign-off.,t,2026-03-19 13:37:00+00
a78f39e2-dff9-4568-bc36-f7e8a9ca1274,6ea52b32-318f-4276-87cf-27fcb8425fbc,4608f3d6-5f3d-4b49-8c19-e917a798062c,Inspected on arrival; confirmed the reported symptom.,t,2025-12-31 12:22:00+00
7e670c76-106c-43b5-8616-6e23f353975d,a3dd6b89-4f02-40c3-ba64-da97536671ac,258cec76-5677-463e-88d0-84f8488b8d19,Work completed and the vehicle was road tested before release.,f,2025-07-20 11:38:00+00
ca4e5096-2ac8-4109-9b90-e27f1a4d3302,adc24bd2-6d71-4acd-b5c9-d0fffd2c58af,b46cf761-3db0-4767-b410-65aa1a2825fb,Inspected on arrival; confirmed the reported symptom.,f,2026-05-22 08:12:00+00
341ec72d-6dbe-41ac-be35-66175aab5938,9fb8f9b8-17c3-4247-9731-2dba1824aa97,ee4d2f5c-11a7-4a36-b4f7-9b4da1d376b2,"Parts ordered from the supplier, awaiting delivery.",t,2025-10-01 07:00:00+00
4c17b96c-75a2-4d9a-83ed-222e75f46cb4,310db8a4-d189-45e4-9784-5712da138e54,e1c1397c-6345-47ab-948e-0f3e68d615b7,"Parts ordered from the supplier, awaiting delivery.",t,2026-04-18 16:04:00+00
28773746-e57f-4d3d-b177-28b99a2b680a,6a3f0c4e-0a7d-44e9-b918-b6aa161855f6,e056e605-c38d-4ee7-a691-1cf7bbd4a237,Handed over to the next shift for completion.,f,2025-05-24 13:04:00+00
721c62df-8d82-4b66-a5c8-d72c13bdb2b1,30aa6d3a-2527-45ce-b582-cba8f1702e34,1104d968-5037-4023-88d2-b1bb835afe68,Work completed and the vehicle was road tested before release.,f,2026-08-17 06:47:00+00
7064535b-9d00-4cb5-bced-8d37a7a41370,30aa6d3a-2527-45ce-b582-cba8f1702e34,a127f1aa-9000-45ad-b741-5fdfcfaa5f34,Handed over to the next shift for completion.,f,2026-08-11 05:36:00+00
4a595a3c-b4e3-4f02-86fb-1b3539994409,30aa6d3a-2527-45ce-b582-cba8f1702e34,a127f1aa-9000-45ad-b741-5fdfcfaa5f34,Handed over to the next shift for completion.,f,2026-08-20 11:26:00+00
d6fb5890-e6d0-4c8f-afb2-6bb4101f76b9,806893da-750a-4a9d-a462-2cfcb1c155ff,ef604ac6-00ff-4230-a189-03428d01342b,Escalated to the workshop foreman for a second opinion.,f,2024-10-23 16:26:00+00
da4c8285-2a9e-4807-a84e-b8b659b4785a,806893da-750a-4a9d-a462-2cfcb1c155ff,ef604ac6-00ff-4230-a189-03428d01342b,"Parts ordered from the supplier, awaiting delivery.",f,2024-10-31 14:09:00+00
f33ff140-ddf0-437d-a126-5e55d5dfee4e,806893da-750a-4a9d-a462-2cfcb1c155ff,ef604ac6-00ff-4230-a189-03428d01342b,Inspected on arrival; confirmed the reported symptom.,f,2024-10-23 10:27:00+00
6a15a2a3-6896-47a5-a6b6-0b1ef3c59dcc,0dfb1775-e13f-4d3b-b3de-021b8cb2d0d3,960e7df1-3079-4aab-812d-cf90bb2b019e,"Parts ordered from the supplier, awaiting delivery.",f,2026-05-09 12:41:00+00
fd1604f0-ae32-49c1-8ed0-f3956d2c12cd,0dfb1775-e13f-4d3b-b3de-021b8cb2d0d3,960e7df1-3079-4aab-812d-cf90bb2b019e,Work completed and the vehicle was road tested before release.,f,2026-05-08 07:39:00+00
fb393dfc-40ac-4aae-b7bb-b23120b68ec7,a26495a8-da22-4eeb-83d3-a48587b2dc3a,8679d499-93b5-4c67-96a9-235351c57233,Escalated to the workshop foreman for a second opinion.,f,2024-10-28 11:41:00+00
ef113e52-53bd-42ab-829d-746ffa51e256,a26495a8-da22-4eeb-83d3-a48587b2dc3a,9a38f54e-0c39-48c6-9c31-f8bc268a9f2a,Inspected on arrival; confirmed the reported symptom.,f,2024-10-29 15:14:00+00
ea3a0afe-75aa-4a29-b47b-722c475a50e7,f66e33b6-be65-4794-a02e-b47a5a216812,2d598e0b-fb1e-485c-bef5-c988163404a7,Vehicle released back to operations after sign-off.,f,2024-09-29 05:42:00+00
5b77a3a3-dec1-462f-ad8c-3b8cad5d387c,c056efe5-3918-496f-b0dc-0ecb307ae0cb,caed6520-d13f-4cca-b266-28e851bcedb2,Vehicle released back to operations after sign-off.,f,2025-02-21 16:50:00+00
0005e6a6-0e62-4efc-9b12-54817ba8f5bd,c056efe5-3918-496f-b0dc-0ecb307ae0cb,6b59f9f2-4c2d-40ea-8a3b-76bb6b7f5dd1,Vehicle released back to operations after sign-off.,t,2025-02-14 17:40:00+00
c4c690fd-e1a7-40d7-ba65-95aa9833e035,c056efe5-3918-496f-b0dc-0ecb307ae0cb,caed6520-d13f-4cca-b266-28e851bcedb2,Work completed and the vehicle was road tested before release.,f,2025-02-19 11:46:00+00
d27b7ce8-ee44-4349-8920-d98572ba9ce2,9712300a-1c21-4ec3-8f6b-24176e690487,4f99efd4-c45f-49c6-8b6c-f80715333c15,Inspected on arrival; confirmed the reported symptom.,f,2024-11-07 08:45:00+00
8907b0a9-65bc-4964-ad7b-2079e432706d,47a3f0b0-bd32-4e8a-b82d-328152ea5406,66bd3d10-87f2-4918-8763-36e022cb6719,Work completed and the vehicle was road tested before release.,f,2025-02-25 14:16:00+00
9056a84b-172d-43f0-8edd-0e774ff9927f,47a3f0b0-bd32-4e8a-b82d-328152ea5406,2cd60729-dc8f-4065-95f7-a53f836a2138,Vehicle released back to operations after sign-off.,t,2025-02-24 16:52:00+00
174d3508-b812-4714-af4d-fed1c1d6ebc7,47a3f0b0-bd32-4e8a-b82d-328152ea5406,2cd60729-dc8f-4065-95f7-a53f836a2138,"Parts ordered from the supplier, awaiting delivery.",f,2025-02-27 10:47:00+00
ede79b7d-147d-495e-878a-b58e0285d1dd,045d59a2-b59e-417e-8b26-69fed176d850,8c96a864-951e-4d0a-9715-532a84a4bc30,Inspected on arrival; confirmed the reported symptom.,t,2026-01-02 08:55:00+00
6fb77a18-c3df-4d26-8b88-6e43906d8efc,045d59a2-b59e-417e-8b26-69fed176d850,8c96a864-951e-4d0a-9715-532a84a4bc30,Inspected on arrival; confirmed the reported symptom.,t,2026-01-01 13:50:00+00
f9f415d3-b1a9-4442-b146-c05dc076c65a,045d59a2-b59e-417e-8b26-69fed176d850,8c96a864-951e-4d0a-9715-532a84a4bc30,Handed over to the next shift for completion.,f,2025-12-29 16:54:00+00
9f87e655-ab26-4b2f-bbe0-c17ab7badff8,48be443a-8211-4dc8-b6ce-cb276ab2e577,6503e3a8-1b00-43f2-8b55-c07a05ed252a,Work completed and the vehicle was road tested before release.,t,2026-01-17 08:11:00+00
f14a6693-7e71-4b9e-a6c2-1d6bca7b3bfb,48be443a-8211-4dc8-b6ce-cb276ab2e577,d310eb40-f450-4462-95ca-3394c61cd538,Escalated to the workshop foreman for a second opinion.,f,2026-01-16 17:24:00+00
435476f6-9079-4f37-8c44-bf9063a226d6,4b024da7-ee53-4e4f-82a9-76175f4dc10a,3ad6d85f-8eb2-429d-b6b0-9df328ae585b,Inspected on arrival; confirmed the reported symptom.,t,2026-02-26 12:17:00+00
ae2b3dbc-ec30-4d1a-a0e0-0d849a00eb9e,4b024da7-ee53-4e4f-82a9-76175f4dc10a,3ad6d85f-8eb2-429d-b6b0-9df328ae585b,"Parts ordered from the supplier, awaiting delivery.",f,2026-02-25 14:58:00+00
8e60e31b-e21e-4a68-a34c-ae31b55db5eb,4b024da7-ee53-4e4f-82a9-76175f4dc10a,78c2d5ff-36e8-43bc-8d89-1930171dd72d,Vehicle released back to operations after sign-off.,f,2026-02-16 10:11:00+00
00956838-fa80-4a2c-999d-62f75d4c4d6f,8c8494b7-86dc-4a30-9a07-7173d7d3858b,0405c062-3887-46d9-855d-e641a5044cb2,Work completed and the vehicle was road tested before release.,f,2025-10-11 14:32:00+00
6731625e-3145-4ef2-aee5-98681bb34333,50a99e69-2469-4990-97bf-1f176ef4be22,5664ec34-6719-45a2-9cb0-fb98c3662dfc,Vehicle released back to operations after sign-off.,f,2024-11-29 06:21:00+00
88edfb0c-c470-4ca6-8892-ea2539ac59d3,50a99e69-2469-4990-97bf-1f176ef4be22,5664ec34-6719-45a2-9cb0-fb98c3662dfc,Work completed and the vehicle was road tested before release.,f,2024-11-23 09:49:00+00
bb5f282b-936c-40fd-88dc-76e91062fa51,cbd61d0a-c15c-4509-bb75-82d30ee8366c,b4c2f1d2-3630-4a29-8bee-c0e1c9fe6653,Work completed and the vehicle was road tested before release.,f,2024-10-27 11:21:00+00
a938f284-8845-41c3-b730-0ef8f0325ecb,cbd61d0a-c15c-4509-bb75-82d30ee8366c,668def89-b35a-453f-8186-ef5ef76662c8,Handed over to the next shift for completion.,t,2024-10-21 14:34:00+00
09a72650-7776-4d87-a2fc-3689e400a3ba,8c16ce20-ec5a-40be-86c4-c956d3ea8a90,5e18dd32-52bf-446f-b5b4-306dd776e223,Vehicle released back to operations after sign-off.,f,2026-06-30 13:04:00+00
fabfe3aa-0819-4e67-a4c8-dad361bcd68f,8c16ce20-ec5a-40be-86c4-c956d3ea8a90,5e18dd32-52bf-446f-b5b4-306dd776e223,"Parts ordered from the supplier, awaiting delivery.",f,2026-06-24 14:51:00+00
90cfea24-c75d-4a36-9585-af96fea85f2a,8c16ce20-ec5a-40be-86c4-c956d3ea8a90,f39f4c55-b6e3-4ade-8791-f08bd4926c10,Vehicle released back to operations after sign-off.,f,2026-06-27 10:14:00+00
601dff79-7f2d-4285-bf3e-362b3dd7e64f,901b88ed-4c57-44ea-8b19-4fa6ac4bf373,9f5f84e3-bce1-4c93-b37b-5c218d7ca28b,Escalated to the workshop foreman for a second opinion.,f,2026-07-29 06:36:00+00
ad7172e9-4f3e-4330-8d69-a0b6187e604f,be8f9303-2299-4428-aaf0-97bb808be51a,e5c08943-9e02-486b-b8ec-02510a429c07,Work completed and the vehicle was road tested before release.,f,2025-06-29 17:18:00+00
7a8d05d4-db55-41b0-a494-4d2fab8927bf,be8f9303-2299-4428-aaf0-97bb808be51a,e5c08943-9e02-486b-b8ec-02510a429c07,Vehicle released back to operations after sign-off.,t,2025-06-30 17:16:00+00
8789e721-58be-48e3-8485-560a95837da6,be8f9303-2299-4428-aaf0-97bb808be51a,e5c08943-9e02-486b-b8ec-02510a429c07,Escalated to the workshop foreman for a second opinion.,f,2025-07-10 08:07:00+00
eb733c83-c71e-41c6-8629-951cb5aeedd2,03421ed6-1e19-4ef7-a16d-7b2d57aa670f,260ab607-633a-476d-b6dd-ca7397d5f2b5,Work completed and the vehicle was road tested before release.,f,2025-03-11 08:37:00+00
7a1db257-1b4d-421d-b696-aace2c492684,03421ed6-1e19-4ef7-a16d-7b2d57aa670f,260ab607-633a-476d-b6dd-ca7397d5f2b5,Escalated to the workshop foreman for a second opinion.,f,2025-03-06 15:44:00+00
3eb954fe-f445-443b-a9af-b2488447f20b,dd296599-495d-41c1-972c-c12849991d44,782ac408-28cd-4fd3-b56b-21cca25714bb,Inspected on arrival; confirmed the reported symptom.,f,2025-06-03 10:12:00+00
6995b6de-a426-4d03-a549-813b699bbf94,95ddf835-cf45-4301-899b-261f4e551d03,e20935a5-5128-4f38-92b2-23e2cc66c4ed,Handed over to the next shift for completion.,f,2025-06-08 06:41:00+00
61ae5839-8763-4043-b801-c2ed2cc2924f,95ddf835-cf45-4301-899b-261f4e551d03,0559c035-6377-41b3-9881-90f239377825,Handed over to the next shift for completion.,f,2025-05-29 07:23:00+00
87332082-ea50-4f1a-9db6-19b6a823fbf8,77672c6a-c997-45ed-82a1-49d37ce4d796,80e237e5-ad5b-44f4-9ef1-4434b06cb4a1,Inspected on arrival; confirmed the reported symptom.,f,2025-10-03 11:24:00+00
b60d9516-332d-4867-856f-c90668151c3b,77672c6a-c997-45ed-82a1-49d37ce4d796,90850f19-81e7-4b88-ba8f-72ef0e0578fa,Work completed and the vehicle was road tested before release.,t,2025-10-01 08:00:00+00
9873ae55-a85b-45a6-8bd4-d7576858102d,77672c6a-c997-45ed-82a1-49d37ce4d796,90850f19-81e7-4b88-ba8f-72ef0e0578fa,"Parts ordered from the supplier, awaiting delivery.",f,2025-10-06 12:33:00+00
e58aff30-9af6-49ed-ba8c-247ce8d81564,ecff0a2b-8255-42d5-9449-82968b836e3b,c72f23f6-0751-4dfb-aa15-6737a84c61f4,Inspected on arrival; confirmed the reported symptom.,f,2024-09-08 07:57:00+00
25c07c6f-4c2e-4248-b764-7af4f0d83605,ecff0a2b-8255-42d5-9449-82968b836e3b,64c71f07-a329-4f95-8846-fc22a5ae7b0d,Work completed and the vehicle was road tested before release.,f,2024-08-29 07:50:00+00
9602b6ef-2f74-4272-89a7-8168cf889b3c,9f439a3a-61b0-4df3-8135-c7aa7426f718,f81965e2-2ed7-4738-80b1-8b08fe3d0c7d,Vehicle released back to operations after sign-off.,f,2026-01-26 07:40:00+00
d0af20b3-199c-4eef-9157-357283e1a7fb,9f439a3a-61b0-4df3-8135-c7aa7426f718,f81965e2-2ed7-4738-80b1-8b08fe3d0c7d,Handed over to the next shift for completion.,f,2026-02-02 16:18:00+00
ceb388b0-77e5-4d61-a180-e0ce503df5b8,1efed5ec-02fc-46b8-b20b-78c4d405c30c,c72f23f6-0751-4dfb-aa15-6737a84c61f4,Handed over to the next shift for completion.,f,2025-05-24 09:44:00+00
c0352d8e-a7e9-4021-9b9a-3bfb71171a54,1efed5ec-02fc-46b8-b20b-78c4d405c30c,1f244e06-5a87-45ce-934d-263326f32549,Escalated to the workshop foreman for a second opinion.,f,2025-06-02 11:59:00+00
3b71828d-7eb3-4106-9864-8a953132a254,4c498624-d9c5-41c9-805e-c7abb1bd1464,668def89-b35a-453f-8186-ef5ef76662c8,Handed over to the next shift for completion.,t,2026-08-12 16:08:00+00
59094a88-d586-4842-bbb4-2b58e104c0a8,4c498624-d9c5-41c9-805e-c7abb1bd1464,6058e1f6-6cdf-4f86-83da-8e52d0a1d5d0,Handed over to the next shift for completion.,f,2026-08-11 06:51:00+00
af582ed2-b75d-4b10-aa2d-6c7a62f37754,4c498624-d9c5-41c9-805e-c7abb1bd1464,6058e1f6-6cdf-4f86-83da-8e52d0a1d5d0,Inspected on arrival; confirmed the reported symptom.,f,2026-08-11 08:32:00+00
8c487f7d-b8d5-4348-8a2e-cf25fdc9bfbf,806325b0-7e44-4ab9-bd6b-2766c36c3e1a,0dbf774a-2a69-4d55-9066-204a56ccf15d,Escalated to the workshop foreman for a second opinion.,f,2026-03-25 06:03:00+00
6a3fc8f3-bf7f-48fa-99fb-2ced24b2d5a3,806325b0-7e44-4ab9-bd6b-2766c36c3e1a,0dbf774a-2a69-4d55-9066-204a56ccf15d,Work completed and the vehicle was road tested before release.,f,2026-03-22 13:10:00+00
cdd32bf1-32cc-41c6-a030-29616f9c77ff,806325b0-7e44-4ab9-bd6b-2766c36c3e1a,9a38f54e-0c39-48c6-9c31-f8bc268a9f2a,Escalated to the workshop foreman for a second opinion.,f,2026-03-22 12:13:00+00
be1aa835-145c-4213-886f-cee8e4573b64,6c9d3731-7c63-4705-863f-f6d8aca71633,7644642e-745c-4474-890f-0f840a0b5df8,Handed over to the next shift for completion.,f,2026-06-30 17:32:00+00
7988823c-83c1-424b-b820-4946781c7116,6c9d3731-7c63-4705-863f-f6d8aca71633,7644642e-745c-4474-890f-0f840a0b5df8,Work completed and the vehicle was road tested before release.,f,2026-06-28 17:16:00+00
4f5e15a8-c6de-4276-b5e0-481911a20ab6,6c9d3731-7c63-4705-863f-f6d8aca71633,7644642e-745c-4474-890f-0f840a0b5df8,Escalated to the workshop foreman for a second opinion.,t,2026-07-01 16:39:00+00
b712a51d-dd9f-4029-8062-889fb71e7e56,bc95a306-976c-4cba-a892-f6567aea9adf,84ed798e-b511-4f4a-aa3a-e26029fdaf93,Escalated to the workshop foreman for a second opinion.,t,2024-12-21 07:08:00+00
1b61128f-609a-4eef-a336-d011b4c55c17,bc95a306-976c-4cba-a892-f6567aea9adf,84ed798e-b511-4f4a-aa3a-e26029fdaf93,Escalated to the workshop foreman for a second opinion.,t,2024-12-19 14:16:00+00
8ac1623f-9208-4874-ac8e-722dc64713d3,bc95a306-976c-4cba-a892-f6567aea9adf,84ed798e-b511-4f4a-aa3a-e26029fdaf93,Work completed and the vehicle was road tested before release.,t,2024-12-23 16:40:00+00
f2cee379-9d53-47d7-bd23-fd664d0dd1c7,7ec08ade-b1ca-4531-a1b3-5d6799284234,97205036-9a59-4b46-aa8e-9307852f2736,Work completed and the vehicle was road tested before release.,f,2024-08-27 14:19:00+00
f6acabeb-c8e8-41ea-847b-a564d0066c00,1b597754-f3a8-427a-8e5e-6c4d012258a6,6f9e2a08-35fd-4ef3-87eb-78a6530a8b83,Inspected on arrival; confirmed the reported symptom.,f,2025-04-27 14:57:00+00
953cd016-da9f-4cba-a7ab-1c6e10391787,c2b337f6-08cd-4f61-9656-3705d56db376,10189291-be15-401e-96a4-9be58799479f,Vehicle released back to operations after sign-off.,f,2024-09-20 12:05:00+00
d39f6e3b-3847-41fc-8294-37dcb095ab24,c2b337f6-08cd-4f61-9656-3705d56db376,10189291-be15-401e-96a4-9be58799479f,Inspected on arrival; confirmed the reported symptom.,t,2024-09-27 14:16:00+00
2cfa5711-bb8a-4b00-bd87-f8f986bef346,9b5f3e92-ca8f-4a65-8388-187d31593b01,7d4e3301-e869-4ed7-9374-1dfae1c92334,Vehicle released back to operations after sign-off.,f,2026-04-02 16:18:00+00
8d9693dc-2910-450f-9dec-d27448163e83,9b5f3e92-ca8f-4a65-8388-187d31593b01,7d4e3301-e869-4ed7-9374-1dfae1c92334,Work completed and the vehicle was road tested before release.,f,2026-04-02 09:01:00+00
478a2085-7fdc-474c-9527-a6e748b0829d,c6a098ea-3bfb-48a6-8ba6-d54b8d199206,32dad9d0-4ec9-4cae-b538-5f91662e6d44,Handed over to the next shift for completion.,f,2024-12-12 15:19:00+00
f9958884-6c89-4084-91fb-ffc0196de66b,c6a098ea-3bfb-48a6-8ba6-d54b8d199206,32dad9d0-4ec9-4cae-b538-5f91662e6d44,"Parts ordered from the supplier, awaiting delivery.",f,2024-12-07 11:39:00+00
cb71859c-bbc6-43d0-bcb6-7d7f599e3029,b2f408a2-eb93-459d-9d1a-be0d5f5a5119,91ca9810-6c44-4fdb-ab53-a90ab3cdbdbc,"Parts ordered from the supplier, awaiting delivery.",f,2026-05-27 09:53:00+00
c8d56726-28d2-477e-9aa1-f5fc31f2d46c,b2f408a2-eb93-459d-9d1a-be0d5f5a5119,91ca9810-6c44-4fdb-ab53-a90ab3cdbdbc,Vehicle released back to operations after sign-off.,f,2026-05-27 14:46:00+00
c901d32b-d95c-47b6-a872-c01992686732,679fc897-9522-4164-91cd-c5f499a6e262,05d1ba48-e184-4f32-b427-e979dfe2afc7,Vehicle released back to operations after sign-off.,f,2025-10-22 13:57:00+00
2bd486c5-2fed-46e3-af04-564d74054d2b,679fc897-9522-4164-91cd-c5f499a6e262,05d1ba48-e184-4f32-b427-e979dfe2afc7,Vehicle released back to operations after sign-off.,f,2025-10-24 15:20:00+00
3ff2c387-89e7-4cb0-813a-b0791b9fcba9,679fc897-9522-4164-91cd-c5f499a6e262,e4333d48-503a-4694-b7d9-97ac9dee27e0,Vehicle released back to operations after sign-off.,f,2025-10-18 12:26:00+00
cc9fea16-f887-4f97-8dfe-cd5f647221fe,3c6a3eac-75d2-4095-9f60-66893e7a1aba,e57b003a-8ffe-4beb-83b1-6dd60cebc1fa,"Parts ordered from the supplier, awaiting delivery.",f,2026-05-19 16:57:00+00
7f572c0f-2fdb-4de3-8793-be5b5a686ff4,3c6a3eac-75d2-4095-9f60-66893e7a1aba,5ca11cec-92af-4cf0-ba2a-b7ccc1954f40,Handed over to the next shift for completion.,t,2026-05-22 17:12:00+00
e02bf90a-0a5d-43a2-a269-fc2343862777,3c6a3eac-75d2-4095-9f60-66893e7a1aba,5ca11cec-92af-4cf0-ba2a-b7ccc1954f40,Inspected on arrival; confirmed the reported symptom.,f,2026-05-23 16:52:00+00
410bc661-ffca-47c0-a16a-e2472944ed18,569b0613-cbc8-4303-9ed9-2abee769a88e,3116c9d0-e74c-4cf3-84ee-8fbb2165d83f,Work completed and the vehicle was road tested before release.,f,2025-08-07 12:09:00+00
6553623e-2bc4-40b6-ab43-d112c79d02d0,569b0613-cbc8-4303-9ed9-2abee769a88e,3116c9d0-e74c-4cf3-84ee-8fbb2165d83f,Vehicle released back to operations after sign-off.,t,2025-08-07 06:37:00+00
f32a3e93-59d6-4de8-bacb-c8f7762a2cec,f696c1f0-236c-49ae-8583-6e35561f432a,d4f423d0-e74e-4798-9af2-e03f0d95868b,"Parts ordered from the supplier, awaiting delivery.",f,2026-03-16 10:54:00+00
61a3fe7d-0a09-474f-b135-17af0513d53d,f696c1f0-236c-49ae-8583-6e35561f432a,d4f423d0-e74e-4798-9af2-e03f0d95868b,Work completed and the vehicle was road tested before release.,f,2026-03-16 11:50:00+00
18babf06-a91e-49e1-aa1a-f99e7a440d0a,f696c1f0-236c-49ae-8583-6e35561f432a,d4f423d0-e74e-4798-9af2-e03f0d95868b,Work completed and the vehicle was road tested before release.,f,2026-03-13 17:09:00+00
51ee80ba-0c34-4dcb-9809-99660c847129,a59fc55c-2ed6-40e2-98bf-9e5351fedbd3,2fc76645-2797-42a6-b6b9-d134b926381b,Vehicle released back to operations after sign-off.,f,2026-05-22 17:38:00+00
21f4ee58-aaf0-4bc1-a5ed-aca452165cbc,a59fc55c-2ed6-40e2-98bf-9e5351fedbd3,2fc76645-2797-42a6-b6b9-d134b926381b,Inspected on arrival; confirmed the reported symptom.,f,2026-05-28 16:10:00+00
0e2678c2-0144-4f02-a818-3cf96a19c418,a59fc55c-2ed6-40e2-98bf-9e5351fedbd3,2fc76645-2797-42a6-b6b9-d134b926381b,"Parts ordered from the supplier, awaiting delivery.",f,2026-05-28 11:12:00+00
32640292-5609-4b1c-b230-8cd20d3f15f2,1e8c9880-c408-4ccd-991b-438777185123,ba03ac29-f294-4a7d-b142-44c46cfe2354,Vehicle released back to operations after sign-off.,t,2025-08-30 14:51:00+00
3ffa543b-3cb0-421e-84c6-835ed8243772,1e8c9880-c408-4ccd-991b-438777185123,6080595d-87bb-4827-b939-5ca0cf5d91db,Handed over to the next shift for completion.,f,2025-08-31 10:17:00+00
c77f661e-2910-4346-9c50-ac6cb9b883fd,1e8c9880-c408-4ccd-991b-438777185123,6080595d-87bb-4827-b939-5ca0cf5d91db,Handed over to the next shift for completion.,f,2025-08-31 12:57:00+00
75ace0a0-2a4f-485d-acbd-c2f2409e9fdf,c243c82a-b3ab-4eac-9f7a-959bdb0a7e54,3898aa8b-e3d3-459d-9a76-60401f8181f0,Inspected on arrival; confirmed the reported symptom.,f,2025-03-19 14:14:00+00
de95c12b-904b-4338-9ba1-126fac357196,c243c82a-b3ab-4eac-9f7a-959bdb0a7e54,08909f81-89eb-49b8-ada7-36ab7c0f67f5,Inspected on arrival; confirmed the reported symptom.,f,2025-03-21 07:59:00+00
3a0a0c72-e3d9-4104-9eaa-d676c70cf0d2,c243c82a-b3ab-4eac-9f7a-959bdb0a7e54,08909f81-89eb-49b8-ada7-36ab7c0f67f5,Inspected on arrival; confirmed the reported symptom.,f,2025-03-21 17:09:00+00
44c05a56-0004-4e01-a292-4366eb845fb7,d471823e-f4fc-4811-b13a-95321fe6d5ef,233aac45-07b9-46b4-af83-c4c76f181669,Work completed and the vehicle was road tested before release.,f,2025-08-17 16:46:00+00
26a7546b-642d-44aa-a6c8-ac466720fba2,d471823e-f4fc-4811-b13a-95321fe6d5ef,233aac45-07b9-46b4-af83-c4c76f181669,"Parts ordered from the supplier, awaiting delivery.",t,2025-08-21 10:15:00+00
ca82accb-c3ad-4177-a01a-ee65a5425da0,0f0c72f3-1efa-425c-810a-d519ec8a0887,94c64335-4962-40b1-96fd-53632f8d49a3,Handed over to the next shift for completion.,f,2024-09-10 15:51:00+00
931705ed-efbc-4b1c-92e3-90dcb1d77b34,b8c61fdd-f18c-4798-a44c-9a4a0b322629,3116c9d0-e74c-4cf3-84ee-8fbb2165d83f,Handed over to the next shift for completion.,f,2025-10-30 14:11:00+00
d2225797-5595-4a59-832e-36e6a486c45e,b8c61fdd-f18c-4798-a44c-9a4a0b322629,3116c9d0-e74c-4cf3-84ee-8fbb2165d83f,Vehicle released back to operations after sign-off.,f,2025-10-31 07:13:00+00
52316dad-90cf-4264-bfc9-c4603eff5c58,cb47c76a-8804-4223-a715-e1bc9343ab9e,bc386f1f-6069-48e1-bf31-dca443044b19,Inspected on arrival; confirmed the reported symptom.,f,2025-12-27 16:21:00+00
b5026472-bc43-437d-8625-8907e3a551ff,cb47c76a-8804-4223-a715-e1bc9343ab9e,f99df61d-d168-4c17-b0fc-99832b736ca8,"Parts ordered from the supplier, awaiting delivery.",f,2025-12-27 05:18:00+00
bd4abc6e-99e9-4723-acef-5e1a01265364,cb47c76a-8804-4223-a715-e1bc9343ab9e,bc386f1f-6069-48e1-bf31-dca443044b19,Inspected on arrival; confirmed the reported symptom.,f,2025-12-22 06:37:00+00
0e0acef2-bda6-4343-a33a-eda8bac44a62,e372e94b-4b28-4211-a3ef-19d0d87bd6fa,ee5357e0-7ef0-49d6-aba4-c3a983e97bbd,Escalated to the workshop foreman for a second opinion.,t,2024-11-23 14:18:00+00
77b5b872-e089-4a7b-8d52-67fbcdbacd6f,e372e94b-4b28-4211-a3ef-19d0d87bd6fa,ee5357e0-7ef0-49d6-aba4-c3a983e97bbd,Vehicle released back to operations after sign-off.,f,2024-11-26 13:10:00+00
e0f9a1f9-c702-40fb-923a-24aa89b5c6c2,e372e94b-4b28-4211-a3ef-19d0d87bd6fa,395c47cc-fcf0-4dba-a308-985c549bc54c,Vehicle released back to operations after sign-off.,f,2024-11-30 07:42:00+00
207df080-69e8-436c-aed3-da632886d8f7,3ea6243f-00f6-42ca-9961-eb6b7cb4c2ad,022e2531-3147-464c-8ab0-f1461e0f7f2c,Escalated to the workshop foreman for a second opinion.,f,2025-11-18 15:09:00+00
420dcd36-ef50-416b-92d6-91bf83e95a4a,3ea6243f-00f6-42ca-9961-eb6b7cb4c2ad,6d8966a8-2474-4d35-9fd9-7bb3b648f6fd,"Parts ordered from the supplier, awaiting delivery.",f,2025-11-28 06:07:00+00
62691739-b040-4e08-8d32-1c30281f98d2,5d9a69fd-776c-4a0a-a9e9-30aafd94c9ac,7ab528b9-cbf7-4b46-8d45-847ab79da77d,"Parts ordered from the supplier, awaiting delivery.",t,2026-02-02 13:26:00+00
b211d8d8-e615-4170-bf0c-249b634ee38f,08f10ae6-f8d0-4e9a-8b02-3019df178477,bfe22d3e-aa0d-42ca-9de4-b68f3f37afeb,Handed over to the next shift for completion.,f,2025-02-02 17:05:00+00
15cd5bb8-0af2-4d56-ac7e-a6c7b0a7f630,08f10ae6-f8d0-4e9a-8b02-3019df178477,e20935a5-5128-4f38-92b2-23e2cc66c4ed,"Parts ordered from the supplier, awaiting delivery.",t,2025-02-03 17:43:00+00
a82f329a-2362-4aff-941d-40c5908f563b,08f10ae6-f8d0-4e9a-8b02-3019df178477,e20935a5-5128-4f38-92b2-23e2cc66c4ed,Work completed and the vehicle was road tested before release.,t,2025-01-29 06:45:00+00
113f6f78-1cea-4ed1-b221-46c9135c62a0,19cc36cb-45e6-485a-8243-cc4fcb4ecaba,2880fc15-f0ee-4986-8ce3-c88c53681281,Inspected on arrival; confirmed the reported symptom.,f,2025-07-23 10:50:00+00
55b87462-e7c5-4877-9b12-48cc1baaf7a7,5fffe508-217f-4417-92c3-51e0274135be,fb16df24-42b0-44f6-8de3-8f95cdd7dc1f,Escalated to the workshop foreman for a second opinion.,t,2024-10-10 14:46:00+00
d78fa8ba-940d-43d8-9e12-bc69d292d97e,5fffe508-217f-4417-92c3-51e0274135be,fb16df24-42b0-44f6-8de3-8f95cdd7dc1f,Escalated to the workshop foreman for a second opinion.,t,2024-10-04 10:25:00+00
cdac5b91-ccdd-4071-9e8f-7ab89a10e854,4aef4611-adb6-4e8f-b1d5-51c14b371731,d1180d8d-7124-476b-b7a8-8633b48b0fb9,Handed over to the next shift for completion.,f,2025-08-18 05:02:00+00
e20ac6c1-05c7-4116-bbed-1c079ddc8596,4aef4611-adb6-4e8f-b1d5-51c14b371731,66fa4ed5-e7e7-4664-8c2a-908778ecba02,Escalated to the workshop foreman for a second opinion.,t,2025-08-27 09:21:00+00
873ff4dc-fd0f-4a3d-9b0f-39a678e0d6fa,17790a36-0b22-4e78-96b3-e16b84181733,246980b5-110b-4571-9060-906f0c1ed19f,Inspected on arrival; confirmed the reported symptom.,f,2025-01-20 06:28:00+00
6bf139e7-be61-4d5a-acef-7fb9cf75ad59,17790a36-0b22-4e78-96b3-e16b84181733,246980b5-110b-4571-9060-906f0c1ed19f,Vehicle released back to operations after sign-off.,f,2025-01-16 10:49:00+00
dbdc8f04-fac2-4303-9224-165a7d96e4bb,17790a36-0b22-4e78-96b3-e16b84181733,9eb09106-f54e-4d7c-a8ab-2e35db7f6fee,Escalated to the workshop foreman for a second opinion.,f,2025-01-21 13:30:00+00
089ccc09-36d9-4c9b-81e5-c50fa7828e4b,fc3452be-78af-4a47-b4fb-fa5b3d0fc9e8,786ea10f-0251-419f-a7fb-700b47d3108c,Work completed and the vehicle was road tested before release.,f,2024-09-10 08:46:00+00
27700493-11b0-4f54-a990-810056bff90a,fc3452be-78af-4a47-b4fb-fa5b3d0fc9e8,1246b49b-4c2a-428c-9e26-abdd7df1b7e0,Work completed and the vehicle was road tested before release.,t,2024-08-29 08:13:00+00
9b6c98cc-f09a-459b-9521-9cdc24a69b05,fc3452be-78af-4a47-b4fb-fa5b3d0fc9e8,1246b49b-4c2a-428c-9e26-abdd7df1b7e0,Handed over to the next shift for completion.,t,2024-09-05 13:59:00+00
501b1e2a-0ff3-47b2-aad7-2599a7a933ee,1cc324f7-2636-474b-a346-169e6d482cdc,6307ed65-c77c-40e7-9e0f-0b67135eb7b1,Handed over to the next shift for completion.,f,2026-04-19 13:36:00+00
0b88fa1e-b6eb-4210-8970-a8964858a445,1cc324f7-2636-474b-a346-169e6d482cdc,6307ed65-c77c-40e7-9e0f-0b67135eb7b1,"Parts ordered from the supplier, awaiting delivery.",f,2026-04-26 16:29:00+00
b407d24a-a94e-4739-aa61-66e8e6b810f4,1cc324f7-2636-474b-a346-169e6d482cdc,14479c56-9ab9-4eab-bec5-c8323d7dde9b,Vehicle released back to operations after sign-off.,f,2026-04-21 13:03:00+00
9ec7e910-7e50-44eb-9639-9be7ff774fa7,629e0f04-5919-4369-b5cb-26271d384589,c0f5d5cf-17fa-4b0c-b1b0-dad03fc108e8,"Parts ordered from the supplier, awaiting delivery.",f,2025-01-12 16:29:00+00
05766133-7a42-461e-b3ee-55b38c2ca4e9,629e0f04-5919-4369-b5cb-26271d384589,c0f5d5cf-17fa-4b0c-b1b0-dad03fc108e8,Work completed and the vehicle was road tested before release.,f,2025-01-11 05:02:00+00
9322705f-08f0-4ef3-977d-25680ad4c207,d3fe5acf-7f3b-4d8e-a037-462347d7b8fb,d884117d-3827-4278-8128-77523994bdb1,Handed over to the next shift for completion.,f,2025-03-22 17:46:00+00
b05703d0-a417-4ef5-ba53-1ea9b5821510,62c817e2-6db7-42a6-a144-93b91cb39e94,dc58cb16-b3c7-4feb-8208-b4d88e565b6c,Vehicle released back to operations after sign-off.,f,2025-12-22 09:02:00+00
7a348b08-61fa-465b-b9de-7e9b6144f979,62c817e2-6db7-42a6-a144-93b91cb39e94,9ac1f452-afac-4a3b-b3eb-3e9ebe62c5a9,Handed over to the next shift for completion.,f,2025-12-28 05:16:00+00
7030bef4-7897-4914-bc93-ea0bfc3b7646,e60a23ca-8338-4c57-9ba6-22fbee42483b,11d49ef0-98e1-49a9-a095-7ad9ebcc59a1,"Parts ordered from the supplier, awaiting delivery.",f,2024-12-23 06:14:00+00
b48a9d8d-cb4d-4b63-8d4a-b9970e9b963c,e60a23ca-8338-4c57-9ba6-22fbee42483b,11d49ef0-98e1-49a9-a095-7ad9ebcc59a1,Vehicle released back to operations after sign-off.,f,2024-12-30 06:07:00+00
af7df229-43bf-44a2-889a-5fb1f6f65216,e60a23ca-8338-4c57-9ba6-22fbee42483b,11d49ef0-98e1-49a9-a095-7ad9ebcc59a1,Work completed and the vehicle was road tested before release.,f,2024-12-29 12:15:00+00
599b1e17-c7b7-4a7c-9972-70de25a57096,e23dfde5-4098-42fa-9553-dfa1508cec84,7bfed8d2-1613-471e-bf1c-b491fe148641,Handed over to the next shift for completion.,f,2025-08-15 17:25:00+00
eaf6457f-230a-4d18-8801-5d52f00b617f,e23dfde5-4098-42fa-9553-dfa1508cec84,7bfed8d2-1613-471e-bf1c-b491fe148641,"Parts ordered from the supplier, awaiting delivery.",f,2025-08-27 14:10:00+00
39ceb63a-ffb7-4d3a-8ab7-722d48098434,e23dfde5-4098-42fa-9553-dfa1508cec84,7bfed8d2-1613-471e-bf1c-b491fe148641,Vehicle released back to operations after sign-off.,f,2025-08-27 15:11:00+00
f0d09066-4e34-4e56-8bdc-e5186e939e60,200439f4-131c-4629-a3f2-3825a7b26f85,d555997d-4f34-4447-8538-e3ac8bc0b2cb,Escalated to the workshop foreman for a second opinion.,f,2025-02-16 12:48:00+00
b06cbafd-7fc1-4827-9eae-dd0209e7d4f6,200439f4-131c-4629-a3f2-3825a7b26f85,d555997d-4f34-4447-8538-e3ac8bc0b2cb,Vehicle released back to operations after sign-off.,f,2025-02-18 12:12:00+00
8e2683c0-c62e-4c67-918a-33e146101d94,200439f4-131c-4629-a3f2-3825a7b26f85,d555997d-4f34-4447-8538-e3ac8bc0b2cb,"Parts ordered from the supplier, awaiting delivery.",t,2025-02-12 13:53:00+00
7033bc35-d605-4884-a504-ad3438fbb6b4,f72e1fe0-8163-4dfe-a7ee-d24147139ec7,e4333d48-503a-4694-b7d9-97ac9dee27e0,Handed over to the next shift for completion.,t,2026-06-26 12:29:00+00
9059a8a8-d7bd-45e5-8acc-ce453b753cbd,f72e1fe0-8163-4dfe-a7ee-d24147139ec7,e4333d48-503a-4694-b7d9-97ac9dee27e0,Escalated to the workshop foreman for a second opinion.,t,2026-07-01 16:02:00+00
23f786c6-f459-4e5d-b90b-9b0caf91c950,f72e1fe0-8163-4dfe-a7ee-d24147139ec7,11aa8dc4-d36c-4098-88b1-163bac724648,Inspected on arrival; confirmed the reported symptom.,f,2026-07-05 08:17:00+00
83ab91c1-eded-4d95-b8ce-3510bfe69969,e490962d-402e-4436-8a09-572187e6fe36,4004e7eb-3344-4419-9e8c-b6a39833a966,Vehicle released back to operations after sign-off.,f,2024-09-12 15:01:00+00
71d45511-35f9-49ea-8e22-5f3e944ded18,e490962d-402e-4436-8a09-572187e6fe36,6304e580-0502-491d-80c1-fcd084bbbd24,Handed over to the next shift for completion.,f,2024-09-15 06:53:00+00
1280aecd-b5e7-4f16-8981-0f3befda538e,9dcd0e04-851c-4008-8945-245378b0dc26,3a8a06de-92d4-4f46-9eee-923b07539d6c,Handed over to the next shift for completion.,f,2025-11-24 11:33:00+00
d9a138a2-d6ab-40a3-bb13-a8cf63c95ada,9dcd0e04-851c-4008-8945-245378b0dc26,3a8a06de-92d4-4f46-9eee-923b07539d6c,"Parts ordered from the supplier, awaiting delivery.",f,2025-11-25 13:24:00+00
b9351568-6ba0-4ef4-ab39-ec69ccfcdb90,9dcd0e04-851c-4008-8945-245378b0dc26,70bf07bf-38ab-467c-8e62-966770517b9c,Inspected on arrival; confirmed the reported symptom.,f,2025-11-24 08:13:00+00
f1ebdefb-b7a6-4fca-902f-59c11d9074b9,541561fa-4223-46d3-ac83-8fd8dad32d32,b98804b5-aaf4-4355-961f-ff75a2e4dcaf,Work completed and the vehicle was road tested before release.,f,2025-12-24 16:08:00+00
11d0707b-fb5c-4b28-9f72-0185f86e714f,541561fa-4223-46d3-ac83-8fd8dad32d32,f2e3adca-c995-4570-a695-525ef502c1ef,Escalated to the workshop foreman for a second opinion.,f,2025-12-25 14:03:00+00
c3986e71-2422-4146-8d9d-a0366dcbbdb4,e51360fd-ae89-4034-aa5f-8fb513141390,47a3900f-7eb3-4a89-859b-6570776ea3c5,Inspected on arrival; confirmed the reported symptom.,f,2025-10-27 15:55:00+00
88de9895-bfe2-4b22-a49c-fa79bab34107,299aaf9f-88f2-4199-a04b-c082a6ce54c3,9f068485-ade8-4dd4-a9d8-f09c2dad45fc,Escalated to the workshop foreman for a second opinion.,f,2026-02-19 12:53:00+00
fca72fb1-c957-456d-ad5b-71e89c15da8b,2541d88e-c99a-4a8e-af35-c80402d57046,ce97eae8-36da-4b55-9866-1818be74fe8c,Work completed and the vehicle was road tested before release.,f,2026-04-01 10:45:00+00
8ab042de-3ac8-4db1-9ca3-f80c5ffc72d9,2541d88e-c99a-4a8e-af35-c80402d57046,ce97eae8-36da-4b55-9866-1818be74fe8c,Work completed and the vehicle was road tested before release.,f,2026-04-03 07:03:00+00
d7845209-398b-49f3-aa7b-c2dcf80d72c9,2541d88e-c99a-4a8e-af35-c80402d57046,ce97eae8-36da-4b55-9866-1818be74fe8c,Inspected on arrival; confirmed the reported symptom.,f,2026-03-27 08:12:00+00
2b2aec78-4830-41e3-8e19-f6f2ae0c27d3,27607ca9-d3f8-438a-9ed8-d7f2b4d80d86,728c431d-a607-4a38-9b1a-2287ce9979ad,Inspected on arrival; confirmed the reported symptom.,f,2026-08-16 06:49:00+00
10973f97-2510-4eb9-a2ba-257313855c76,092b321d-0218-45a4-b4f1-f52efff9e774,1bf61d3f-94c5-4a00-a27d-f70c6a229bf8,Escalated to the workshop foreman for a second opinion.,f,2025-09-25 13:35:00+00
7986805d-d086-4a91-b58b-5914b651b8e8,092b321d-0218-45a4-b4f1-f52efff9e774,1bf61d3f-94c5-4a00-a27d-f70c6a229bf8,Escalated to the workshop foreman for a second opinion.,f,2025-09-18 07:19:00+00
c23d95da-f4fd-499b-85ed-bd6d6712da43,310561dc-99e1-4bc7-8699-6e259a411372,4033330c-bcf8-4dc8-802e-7a4195e4163b,Vehicle released back to operations after sign-off.,f,2026-04-01 10:56:00+00
703cc553-e451-4ec5-b389-09bfc057a607,4c913e09-fa99-4578-99a5-98b500ffc57c,94c16a8c-074b-4b37-ab95-493170740735,Work completed and the vehicle was road tested before release.,f,2026-04-13 07:17:00+00
dbaa1273-c11c-43f9-a33c-cdd99741f3c0,4c913e09-fa99-4578-99a5-98b500ffc57c,eeb2c80a-5992-4553-b0f3-bfb3252ee6f4,"Parts ordered from the supplier, awaiting delivery.",f,2026-04-13 06:25:00+00
5d66910f-fa77-40a1-8298-78fec578b7e0,3c0d275d-4681-4320-81ee-295287a69e4b,7bdf5a22-3460-4bcf-98e8-979193672863,Vehicle released back to operations after sign-off.,f,2026-06-28 14:55:00+00
b479572d-bdfb-46fa-8f3f-a3540465cf27,cc79d9ce-b447-44c0-af51-80e3f8e31dad,43adafee-47fa-4fdd-a233-526bc7ecffb2,Work completed and the vehicle was road tested before release.,f,2024-12-03 09:41:00+00
5d99598b-3f0f-4ca2-9e96-f0405fe44a9f,cc79d9ce-b447-44c0-af51-80e3f8e31dad,43adafee-47fa-4fdd-a233-526bc7ecffb2,"Parts ordered from the supplier, awaiting delivery.",f,2024-12-02 13:42:00+00
f5473d67-ae0b-4164-b250-2287c621dc9c,fb0949be-ab4a-482c-b5c5-5a9125f482f0,4deef011-a80e-4ec1-8ab0-1c07e51e4eff,Work completed and the vehicle was road tested before release.,f,2025-11-02 16:38:00+00
43491e5c-33c4-42f3-b7b9-7936fb1ac19d,fb0949be-ab4a-482c-b5c5-5a9125f482f0,c4046467-2ed2-4768-9d99-e876c09fe713,Vehicle released back to operations after sign-off.,f,2025-11-08 08:48:00+00
aa1221f5-efc2-4fcf-b06f-44175fe09597,c2a5bc7d-3986-4d68-ac43-c5a869a1abf0,0bcca5d2-620c-4e90-ae82-fb6ffc7af33d,Work completed and the vehicle was road tested before release.,f,2025-11-29 12:08:00+00
13d640b3-6abe-423b-8369-afb21a6682ea,f63b37b4-36ed-4b73-a265-49962d0d7392,e655669a-affa-4cee-ab60-e8072807b6cd,Escalated to the workshop foreman for a second opinion.,f,2026-03-07 05:01:00+00
8bee980d-b4c3-4cf0-9d1d-7088c6a375cd,f63b37b4-36ed-4b73-a265-49962d0d7392,f9a5607b-7040-4ba8-95c0-6de3c5367dea,Handed over to the next shift for completion.,f,2026-03-04 09:31:00+00
452b0b8d-5b3a-444e-b3d6-203ff86d1294,f63b37b4-36ed-4b73-a265-49962d0d7392,f9a5607b-7040-4ba8-95c0-6de3c5367dea,Work completed and the vehicle was road tested before release.,t,2026-03-10 11:15:00+00
57a0f378-3bb1-450c-bd78-ee9c26b77076,ba149182-122f-4923-bb4e-0a80ddc5818f,fbfd12a4-aea1-4200-8104-70011607cf54,Vehicle released back to operations after sign-off.,f,2025-02-24 06:54:00+00
d875ae13-8ea1-41e1-ae09-114beda77310,ba149182-122f-4923-bb4e-0a80ddc5818f,0bcca5d2-620c-4e90-ae82-fb6ffc7af33d,Inspected on arrival; confirmed the reported symptom.,t,2025-02-20 17:49:00+00
910c904b-d1df-4bdc-b832-8d1cf4463f9a,ba149182-122f-4923-bb4e-0a80ddc5818f,0bcca5d2-620c-4e90-ae82-fb6ffc7af33d,Escalated to the workshop foreman for a second opinion.,t,2025-02-22 12:12:00+00
d4f96a41-0183-4bc3-9e3d-0813a7f24c9e,0f902a24-2e60-4f08-ba5b-fd73b9028750,c9f86c57-934e-40e8-b6df-2eb5d71405e6,"Parts ordered from the supplier, awaiting delivery.",f,2025-04-26 16:53:00+00
4103d8e2-a782-49c8-b375-5075885ecc1b,0f902a24-2e60-4f08-ba5b-fd73b9028750,7ab528b9-cbf7-4b46-8d45-847ab79da77d,Work completed and the vehicle was road tested before release.,f,2025-04-24 13:59:00+00
f407e317-2f7a-41f0-aeb7-e8bacf719d03,2dd8a127-6430-44cb-936e-96c13dba8a1f,d10cf005-0a3f-4251-bb32-0973601a7259,"Parts ordered from the supplier, awaiting delivery.",f,2026-03-12 10:16:00+00
cfa15895-ecb8-4ecc-b6ec-6192cc16ab2d,390d7054-ae41-4709-ac22-86f798822d30,1e6b1233-94a4-4f67-9f4e-be45652c148d,Vehicle released back to operations after sign-off.,f,2026-01-31 15:29:00+00
e61d5712-8566-498c-a37d-0be50a7c874e,390d7054-ae41-4709-ac22-86f798822d30,9580e2d6-e004-4873-9ea1-5e63bb707d70,Escalated to the workshop foreman for a second opinion.,f,2026-02-01 10:47:00+00
0e4d8bc6-9bdc-4cc5-a2bb-b3ed6ae6201c,390d7054-ae41-4709-ac22-86f798822d30,1e6b1233-94a4-4f67-9f4e-be45652c148d,Escalated to the workshop foreman for a second opinion.,f,2026-01-22 09:54:00+00
2819d736-f196-4922-b342-d36f3a1e85bb,f23f5ff0-703e-42a4-810f-8e981e407d84,26786492-bebd-4e3a-8719-4c486f70d604,Escalated to the workshop foreman for a second opinion.,f,2026-02-25 08:52:00+00
e2bf5e86-3dcd-4934-a4e3-566e18123bc2,f23f5ff0-703e-42a4-810f-8e981e407d84,26786492-bebd-4e3a-8719-4c486f70d604,Handed over to the next shift for completion.,f,2026-02-22 15:09:00+00
bdef1de9-c360-44df-854e-8af5352555da,e780bc08-1bab-469b-affa-00a8fcf8ff54,a0b89922-5d78-498c-be45-85341829622d,Vehicle released back to operations after sign-off.,f,2025-12-23 08:43:00+00
eb0b5d79-74e2-455d-a2db-737870157810,e780bc08-1bab-469b-affa-00a8fcf8ff54,a0b89922-5d78-498c-be45-85341829622d,Inspected on arrival; confirmed the reported symptom.,f,2025-12-28 15:39:00+00
62ff5848-d06a-49cb-9620-ae9225290a0e,e780bc08-1bab-469b-affa-00a8fcf8ff54,a0b89922-5d78-498c-be45-85341829622d,Work completed and the vehicle was road tested before release.,f,2025-12-25 15:45:00+00
6417b897-c55b-46c1-b299-c387cbff0161,6acbaef2-1343-484f-b501-8afa3a841820,46b65206-6f2c-4777-b6a0-ed9d0d81dc19,Vehicle released back to operations after sign-off.,t,2025-07-25 15:39:00+00
4ee9e2b7-306d-42b6-9aed-02ea49e2ff63,6acbaef2-1343-484f-b501-8afa3a841820,46b65206-6f2c-4777-b6a0-ed9d0d81dc19,Escalated to the workshop foreman for a second opinion.,t,2025-07-26 13:53:00+00
e9d4e386-ccf7-4b42-93da-c6c4ea254b76,6acbaef2-1343-484f-b501-8afa3a841820,5073c808-61d0-43a1-b388-07ee777a5268,Escalated to the workshop foreman for a second opinion.,f,2025-07-23 10:27:00+00
7292daea-6a66-44a3-b77c-c1465f0dc075,04c50f85-81a7-49ef-bc5a-789897b6f19d,9ac1f452-afac-4a3b-b3eb-3e9ebe62c5a9,Escalated to the workshop foreman for a second opinion.,t,2026-08-09 14:18:00+00
b0c016c2-9004-4f10-9e83-ebcc88391b82,25d96ef7-a9f3-48b6-8c8e-a3228d0e054a,055a4411-2338-49b0-8894-c26398a33d61,"Parts ordered from the supplier, awaiting delivery.",f,2025-05-27 16:05:00+00
875ea9d2-8313-430b-b5a6-d512275e525c,59e583da-1660-4fb9-81fb-e0ab56e7d40c,92ed4de4-9c5c-4d11-a52f-9653a34addec,Vehicle released back to operations after sign-off.,f,2025-04-23 10:22:00+00
615df2ad-8833-49c3-8d40-4e47277c68c8,59e583da-1660-4fb9-81fb-e0ab56e7d40c,92ed4de4-9c5c-4d11-a52f-9653a34addec,Vehicle released back to operations after sign-off.,f,2025-04-28 10:43:00+00
18459c93-bbf6-4a1c-bf2b-18f7b1e30f8b,ed404c68-f271-47ab-b585-79c9929ca498,8de2d321-f715-4ebc-b37a-b90f4bef957a,Escalated to the workshop foreman for a second opinion.,f,2026-04-02 11:14:00+00
29f9f2c6-ca6b-472e-a1be-8bef632dbb6f,ed404c68-f271-47ab-b585-79c9929ca498,8de2d321-f715-4ebc-b37a-b90f4bef957a,"Parts ordered from the supplier, awaiting delivery.",f,2026-03-29 15:36:00+00
4cc6c9a2-1571-463c-ba59-851c27ac2220,b1f6b363-fecf-4047-aa93-758a9c4adb31,a72e6fba-d71b-4316-adc9-7c89dac3d35e,"Parts ordered from the supplier, awaiting delivery.",f,2024-12-04 17:01:00+00
198fb197-a012-4c7d-b8d6-17a21b502537,b1f6b363-fecf-4047-aa93-758a9c4adb31,a72e6fba-d71b-4316-adc9-7c89dac3d35e,Inspected on arrival; confirmed the reported symptom.,f,2024-12-02 17:25:00+00
03f1332e-f1d2-4b54-b78c-40969f45334f,6b9ffbe4-621c-4d28-a662-7412c2048ab7,6da56b94-12b8-4a84-a4fa-ca145145de53,"Parts ordered from the supplier, awaiting delivery.",f,2026-08-16 11:49:00+00
986da248-cabb-42b6-a8ea-85df8bc32908,6b9ffbe4-621c-4d28-a662-7412c2048ab7,9580e2d6-e004-4873-9ea1-5e63bb707d70,Escalated to the workshop foreman for a second opinion.,f,2026-08-11 08:52:00+00
a6e5e41b-9ad2-48d1-904d-fb2e99859001,6b9ffbe4-621c-4d28-a662-7412c2048ab7,6da56b94-12b8-4a84-a4fa-ca145145de53,Escalated to the workshop foreman for a second opinion.,f,2026-08-09 06:20:00+00
4c9e1921-8b45-4441-9db8-ec7148ca3db5,30b95c79-6837-486f-97c1-7390140a11f3,0f6631cf-d8f0-4684-a004-82722c441405,Inspected on arrival; confirmed the reported symptom.,f,2025-01-24 08:07:00+00
817b20f6-0c4a-46c4-85e3-76b266e2b258,30b95c79-6837-486f-97c1-7390140a11f3,53237578-eb53-4fa0-b5df-9eb5c4ba96f4,Inspected on arrival; confirmed the reported symptom.,f,2025-01-26 08:02:00+00
7b8d9ed1-67b4-40a3-9ed9-58533005b7cd,bfe683d7-bfdf-423a-8673-d3894eb34dee,98c6155b-9b02-4dee-b622-1a0657165fd2,Work completed and the vehicle was road tested before release.,f,2025-12-16 14:56:00+00
46b2cb12-58d3-413e-80b9-d34454346495,bfe683d7-bfdf-423a-8673-d3894eb34dee,98c6155b-9b02-4dee-b622-1a0657165fd2,Work completed and the vehicle was road tested before release.,f,2025-12-19 13:03:00+00
10355032-9490-406e-a281-23ff5f4b9ed9,219d3bb2-36c6-4d95-9dd8-d94e694b42e9,5184a5dd-4934-4cec-874b-92628013fb71,Vehicle released back to operations after sign-off.,f,2026-03-08 07:11:00+00
4812e503-0755-4286-a026-e148c41b93e5,219d3bb2-36c6-4d95-9dd8-d94e694b42e9,5184a5dd-4934-4cec-874b-92628013fb71,Inspected on arrival; confirmed the reported symptom.,t,2026-03-04 09:17:00+00
3380e5b3-833b-4489-bcc2-0eda38632f0b,4459e03f-f4fb-4fa0-88e6-5f17a6070ea2,d6aec698-ade7-42e5-8a36-3df03605cce0,Escalated to the workshop foreman for a second opinion.,t,2024-09-26 11:28:00+00
2d58c286-2964-4137-9ecc-61ba7a79d58c,86ed10d1-d4ad-4172-9d16-5c9b3ab905fd,f2993108-7085-4a34-95a5-74c5c3a8410d,Work completed and the vehicle was road tested before release.,t,2025-05-17 10:34:00+00
02ea7c7a-abbb-47cc-921b-ec1c68fbcca0,86ed10d1-d4ad-4172-9d16-5c9b3ab905fd,f2993108-7085-4a34-95a5-74c5c3a8410d,Inspected on arrival; confirmed the reported symptom.,t,2025-05-15 17:49:00+00
4fd5dee6-a4de-4167-aa7e-ed87152946b7,86ed10d1-d4ad-4172-9d16-5c9b3ab905fd,f2993108-7085-4a34-95a5-74c5c3a8410d,Handed over to the next shift for completion.,f,2025-05-14 11:32:00+00
0b37d9c8-e8f2-4f87-9fa2-1acae5b4fac9,58362fac-e88e-4cc4-88b8-0d93923b422f,2cd60729-dc8f-4065-95f7-a53f836a2138,Inspected on arrival; confirmed the reported symptom.,f,2026-02-26 06:21:00+00
6942979d-0a8b-412d-a909-e1ed9dd54699,7fa67004-5f76-402f-a002-d8efc5d1369f,578b9882-da22-4a57-8191-8e7a8ca512f5,Inspected on arrival; confirmed the reported symptom.,f,2026-03-05 17:31:00+00
9fba0ccf-004e-425c-8e02-fca4d09248f1,7fa67004-5f76-402f-a002-d8efc5d1369f,d228e58a-85a6-4059-b62f-262964a70737,Escalated to the workshop foreman for a second opinion.,f,2026-02-25 09:14:00+00
2ec22912-11f2-47e2-8693-809bec79e4a9,15fa8d5a-d36b-4472-98ea-609281c3a49f,971707cb-32c1-434f-b61f-f1fd2abeb991,Inspected on arrival; confirmed the reported symptom.,f,2025-08-31 15:10:00+00
705166f1-30ef-4a2d-8d7e-923ddec476da,15fa8d5a-d36b-4472-98ea-609281c3a49f,971707cb-32c1-434f-b61f-f1fd2abeb991,"Parts ordered from the supplier, awaiting delivery.",t,2025-09-05 12:38:00+00
cc81cbc7-607c-4419-81f7-1678843635c9,531eacb3-a143-4a7a-895d-6c9234ceeafb,fd72748c-1d3a-4c07-a0e0-6ec00dd72cb3,Vehicle released back to operations after sign-off.,f,2026-01-12 17:09:00+00
e0ad31e7-2345-4249-8302-9a300f605d89,531eacb3-a143-4a7a-895d-6c9234ceeafb,90850f19-81e7-4b88-ba8f-72ef0e0578fa,Escalated to the workshop foreman for a second opinion.,f,2026-01-21 13:54:00+00
6951fa3a-048b-488d-91fd-c08a0dfedcf6,531eacb3-a143-4a7a-895d-6c9234ceeafb,fd72748c-1d3a-4c07-a0e0-6ec00dd72cb3,Handed over to the next shift for completion.,f,2026-01-16 11:03:00+00
5097e446-3c8a-477f-96fd-2af21fb03691,433238dd-a226-4c68-b581-4b82d929e2ef,70506215-8794-4b65-b206-0e75646dfe9a,Handed over to the next shift for completion.,t,2025-01-11 16:21:00+00
df7f9296-efd6-4516-bdb6-15e6b7713715,433238dd-a226-4c68-b581-4b82d929e2ef,038749c2-de84-4c52-8f72-8637d74e9c08,Work completed and the vehicle was road tested before release.,f,2025-01-14 08:15:00+00
2ebfb74c-94c2-4af1-95af-a9f19c5e395b,433238dd-a226-4c68-b581-4b82d929e2ef,038749c2-de84-4c52-8f72-8637d74e9c08,Vehicle released back to operations after sign-off.,f,2025-01-14 15:18:00+00
c111b012-5f75-4068-9a6d-bdb60ec09960,14aa2945-b10e-49ed-a3a0-4b216ace5170,190182a8-16ad-4409-a912-e59276021f4c,Inspected on arrival; confirmed the reported symptom.,f,2025-09-18 11:32:00+00
e2d6f9a7-68ad-400d-bdf0-2fc4c66458a9,14aa2945-b10e-49ed-a3a0-4b216ace5170,190182a8-16ad-4409-a912-e59276021f4c,Handed over to the next shift for completion.,f,2025-09-21 10:54:00+00
db9629b2-8db9-4d2e-9b25-bbf1e6048fca,96240576-36dc-4de2-aed0-cf1dc442fffa,2ba52f1c-9da0-432b-a4c3-623540af6ae9,Inspected on arrival; confirmed the reported symptom.,f,2025-05-29 16:04:00+00
11d4cbd3-803f-486e-924b-da88dda75e78,96240576-36dc-4de2-aed0-cf1dc442fffa,2ba52f1c-9da0-432b-a4c3-623540af6ae9,Escalated to the workshop foreman for a second opinion.,f,2025-06-08 05:29:00+00
7173896b-a08c-446b-ad48-47c81974cf0c,88857ee7-2724-4d2e-977f-efccf24efff6,42b280ac-836f-403d-b991-b016eac74429,Escalated to the workshop foreman for a second opinion.,f,2025-04-24 13:14:00+00
163e0a70-e8ab-457d-b477-58a2c23c13c5,88857ee7-2724-4d2e-977f-efccf24efff6,e18b9597-e19d-4125-87b3-e16052485871,Work completed and the vehicle was road tested before release.,t,2025-04-28 10:46:00+00
31288d67-0995-4ccc-b240-4a0ce78510c1,88857ee7-2724-4d2e-977f-efccf24efff6,e18b9597-e19d-4125-87b3-e16052485871,Inspected on arrival; confirmed the reported symptom.,f,2025-04-24 17:29:00+00
050c5903-23af-4aa9-9b83-bf42135eca04,ff8bf2a1-3a30-431e-b04a-b15bad13b183,ce36f25c-50db-49db-ad76-3b799e4fcd15,Handed over to the next shift for completion.,f,2024-09-03 14:13:00+00
204ab5cf-909a-45a0-b34c-659889117c23,ff8bf2a1-3a30-431e-b04a-b15bad13b183,f02fa13f-bb55-414d-bf8b-7341877ef160,Escalated to the workshop foreman for a second opinion.,t,2024-08-30 08:21:00+00
aa4b3fb8-0245-40bd-ae5d-5b4b83e48e5e,ff8bf2a1-3a30-431e-b04a-b15bad13b183,ce36f25c-50db-49db-ad76-3b799e4fcd15,Work completed and the vehicle was road tested before release.,f,2024-08-29 16:57:00+00
3669dc1e-24d2-42c4-b52a-8272c08fe39d,9ddd0143-b1ba-4af2-933a-1450b0d18106,33d8f56e-cfd5-4901-b8ba-15ca2ca33f1d,Escalated to the workshop foreman for a second opinion.,f,2025-10-31 05:21:00+00
ce531b06-4545-4bd3-90d9-36e6e6a21f24,542874dc-df85-496b-bf73-3204356ebb77,3484de6b-fe95-4a85-8fab-b327faa1af1a,Work completed and the vehicle was road tested before release.,f,2024-08-17 12:36:00+00
1e4765f6-bc46-413b-b7f8-8267bd9628b9,50bf9ed0-0ca4-4f36-9a8c-32c69f25732e,4212a9e1-e03c-4ea2-9d8c-c180b703b99a,Handed over to the next shift for completion.,f,2025-03-23 07:11:00+00
38f0f3be-00a3-4ca9-b91f-d6177fd5b055,50bf9ed0-0ca4-4f36-9a8c-32c69f25732e,4212a9e1-e03c-4ea2-9d8c-c180b703b99a,Handed over to the next shift for completion.,f,2025-03-16 07:57:00+00
e6f2335a-6eb4-410d-bb1f-8e71c2b125dc,792f8347-167e-4015-844b-12676cf4d92b,67fca0b3-d698-47ca-8405-b4fb1aeee8b8,Handed over to the next shift for completion.,f,2026-03-30 10:53:00+00
019fb4e7-fa7d-4951-96f4-8f76c5080fb6,792f8347-167e-4015-844b-12676cf4d92b,67fca0b3-d698-47ca-8405-b4fb1aeee8b8,Vehicle released back to operations after sign-off.,f,2026-03-20 11:23:00+00
9685b62a-6121-4e4b-a480-3285dc0dbd19,792f8347-167e-4015-844b-12676cf4d92b,b33c4ff9-69b5-4437-9699-63c066d6c353,Inspected on arrival; confirmed the reported symptom.,f,2026-03-18 09:23:00+00
49146882-d881-42ab-a5f6-3f8aadf43e3f,d08841d3-5293-4860-be65-db970695a165,5b986620-72d7-42a9-92df-7e33bfdc00b0,Handed over to the next shift for completion.,f,2026-01-23 09:14:00+00
7fb7aebb-806c-4068-96cb-b02b94128493,fe0028ed-3ee3-4484-b865-6f222134d4d1,27d2f183-2bfd-4f51-92c3-8c50dfca5690,Handed over to the next shift for completion.,f,2025-07-30 08:18:00+00
442c080c-6016-44af-9e97-8f42bd6d3d9f,c831a4d6-a166-4ded-9ed4-d4688dff0d34,2be2ae9d-8544-4980-8087-35c4cd24eda0,Handed over to the next shift for completion.,f,2025-06-14 14:40:00+00
26e2561b-628c-4ce4-b9a9-311bcf4ddb7b,ee8a7b41-cd50-44cb-a08a-f42cef692427,27c0f523-7cf4-4fa6-bc00-110aceffb452,Vehicle released back to operations after sign-off.,f,2025-11-21 14:47:00+00
c47ec4ce-c6bb-41f9-9024-47c9f6ab0d22,ee8a7b41-cd50-44cb-a08a-f42cef692427,27c0f523-7cf4-4fa6-bc00-110aceffb452,Escalated to the workshop foreman for a second opinion.,f,2025-11-21 16:43:00+00
3a7b1fa8-9402-40f5-a44d-af051a3ef7d3,ee8a7b41-cd50-44cb-a08a-f42cef692427,667f1ef6-99d9-4cff-b551-bc452b65fc89,Vehicle released back to operations after sign-off.,f,2025-11-30 15:20:00+00
5afc961a-3a0d-4bb8-9bb9-665de9e371d9,652e73b9-edc3-4a69-9f89-e9165ffddcce,c0bdfba4-2737-4375-a054-7e05fcb90314,"Parts ordered from the supplier, awaiting delivery.",f,2025-03-30 15:13:00+00
09042222-9bdb-4f10-890a-fe417a351e5e,e54d01bb-4741-45db-a0b2-a3bf344f3829,22fdbcaf-2963-4f77-b400-12fc467a6393,Vehicle released back to operations after sign-off.,f,2026-03-14 08:01:00+00
3e9e323c-516e-43ba-9188-2aff4e227832,e54d01bb-4741-45db-a0b2-a3bf344f3829,6503e3a8-1b00-43f2-8b55-c07a05ed252a,Escalated to the workshop foreman for a second opinion.,t,2026-03-15 10:05:00+00
4be5658c-9c45-4fb5-8572-882d16afb48d,4bd0ee8d-b851-47d7-9067-5f850b9bbc89,7b2e85f9-7895-4aca-bf50-e37e9a354eb0,Handed over to the next shift for completion.,f,2025-02-20 11:41:00+00
ad93019f-eb36-43d1-bcf3-11ab7ea1d419,4bd0ee8d-b851-47d7-9067-5f850b9bbc89,a7bae9de-4cdb-4821-aaf6-bf3df3ae7208,Inspected on arrival; confirmed the reported symptom.,f,2025-02-13 11:31:00+00
eca86bf4-0120-49bc-a04a-ae11babd81c6,4bd0ee8d-b851-47d7-9067-5f850b9bbc89,a7bae9de-4cdb-4821-aaf6-bf3df3ae7208,Work completed and the vehicle was road tested before release.,f,2025-02-16 11:16:00+00
65d68c35-5375-4a20-ac6f-7ebca731bb8d,21eb111c-1c7f-4ec0-989b-c54d54f38f66,250027e3-dc1e-4890-a8ae-568338678d1d,"Parts ordered from the supplier, awaiting delivery.",f,2026-04-30 16:10:00+00
43f1e0fd-9e1b-4b4e-a0de-1a28cf083fc6,21eb111c-1c7f-4ec0-989b-c54d54f38f66,90850f19-81e7-4b88-ba8f-72ef0e0578fa,Escalated to the workshop foreman for a second opinion.,f,2026-05-01 13:23:00+00
eaac3ad9-1a5f-422b-858c-c89b3ed16d71,407d4e38-8459-493d-8562-7a35eec9eb4d,bec780bb-a3c0-4ba2-b593-563d95c479d3,Escalated to the workshop foreman for a second opinion.,f,2025-08-24 09:14:00+00
80dfc220-737e-498c-b723-70ca30534c4b,407d4e38-8459-493d-8562-7a35eec9eb4d,bec780bb-a3c0-4ba2-b593-563d95c479d3,Inspected on arrival; confirmed the reported symptom.,f,2025-08-30 13:11:00+00
8328f1d4-78b1-4b25-a613-8dd571f95ef5,407d4e38-8459-493d-8562-7a35eec9eb4d,b7d6f932-49f4-46ba-85fa-9c50ab72be6f,Work completed and the vehicle was road tested before release.,t,2025-08-25 15:52:00+00
d0f5190b-997f-4133-b379-fd3da8e4cd90,56b28d3e-5098-4e22-afb8-11ce1ab7e22f,6307ed65-c77c-40e7-9e0f-0b67135eb7b1,Inspected on arrival; confirmed the reported symptom.,f,2025-05-03 13:08:00+00
238e85b0-3883-4705-9b55-5d363ceae818,56b28d3e-5098-4e22-afb8-11ce1ab7e22f,e0479e19-216c-419a-9125-3caa01d1cfe4,Escalated to the workshop foreman for a second opinion.,f,2025-04-25 15:51:00+00
1068636b-06b3-48ab-a128-fb91e5d28a76,56b28d3e-5098-4e22-afb8-11ce1ab7e22f,e0479e19-216c-419a-9125-3caa01d1cfe4,Handed over to the next shift for completion.,f,2025-04-29 14:05:00+00
01c37371-c700-4ee6-ab60-4bd0064be629,8d3de7c1-4d5d-4318-961d-5bedbdb39d78,f2e3adca-c995-4570-a695-525ef502c1ef,Handed over to the next shift for completion.,f,2026-04-20 15:01:00+00
24ae4591-e737-458d-9dcd-a68c56f494ea,8d3de7c1-4d5d-4318-961d-5bedbdb39d78,67eeff78-764d-49fd-a532-794fe5de10be,Handed over to the next shift for completion.,f,2026-04-29 06:14:00+00
fcf5f86d-471c-4215-86d8-e4e4761bc17b,8d3de7c1-4d5d-4318-961d-5bedbdb39d78,67eeff78-764d-49fd-a532-794fe5de10be,Work completed and the vehicle was road tested before release.,f,2026-04-28 15:31:00+00
7c803f2c-82b5-450c-be45-05d57de8f289,1322542f-51e5-4a3c-999d-f3cea11c0a58,4240a899-92e1-44cc-a166-b3c8e4b402d3,Work completed and the vehicle was road tested before release.,f,2025-04-01 17:11:00+00
c4d0773b-138f-45d1-a95f-01471932469c,1322542f-51e5-4a3c-999d-f3cea11c0a58,35b9a8e8-5284-40f5-9348-5f1e994c12f1,Work completed and the vehicle was road tested before release.,t,2025-04-07 17:30:00+00
054ac02a-8345-4c7c-8c7c-5ee69b6c8f14,ad47d9b3-6c2e-49ae-9a92-3a083b3f04fe,af5f0096-7cc6-4d72-ab69-0a461681aeb5,Handed over to the next shift for completion.,f,2025-04-25 06:01:00+00
16f54581-cd74-4f4f-816e-3a32901c66d7,ad47d9b3-6c2e-49ae-9a92-3a083b3f04fe,af5f0096-7cc6-4d72-ab69-0a461681aeb5,Work completed and the vehicle was road tested before release.,f,2025-04-24 17:48:00+00
c60b6ed4-6db6-4ee1-b3b2-a394a363de6b,ad47d9b3-6c2e-49ae-9a92-3a083b3f04fe,af5f0096-7cc6-4d72-ab69-0a461681aeb5,Handed over to the next shift for completion.,t,2025-05-01 14:30:00+00
1789d712-7ccc-4fd0-b981-f5168737287f,e1ffd726-718d-43ba-a516-5524df851e68,d0ea5927-2dc8-4928-bde4-56f56868028e,Inspected on arrival; confirmed the reported symptom.,f,2024-11-25 15:41:00+00
2e3bc8d8-7a9d-4437-9e2d-696150959462,f250e552-ed7b-443c-859d-291954a67623,6b2d3cbd-fae4-42a9-b155-00287bef6384,Vehicle released back to operations after sign-off.,f,2024-11-24 09:27:00+00
4addab59-540a-4822-8eed-6edfa173ca22,f250e552-ed7b-443c-859d-291954a67623,e99de6d2-f02b-433d-81b3-796785680957,Inspected on arrival; confirmed the reported symptom.,t,2024-11-26 05:16:00+00
fe158a5d-b868-4c73-ae12-f2d42e63ad17,f250e552-ed7b-443c-859d-291954a67623,e99de6d2-f02b-433d-81b3-796785680957,"Parts ordered from the supplier, awaiting delivery.",f,2024-11-21 14:50:00+00
2e1aa0f8-6528-487c-bce5-b576864a8d40,1ac8860b-e98a-4e24-bbbf-dddc999667ff,578b9882-da22-4a57-8191-8e7a8ca512f5,"Parts ordered from the supplier, awaiting delivery.",f,2026-05-14 11:59:00+00
30ed279e-8ace-4e57-85f5-b0e33a7781e8,1ac8860b-e98a-4e24-bbbf-dddc999667ff,45185d88-ee1c-43ef-a73d-9a8382087224,Vehicle released back to operations after sign-off.,f,2026-05-25 07:58:00+00
72587183-f693-436f-93bb-abc659875535,1ac8860b-e98a-4e24-bbbf-dddc999667ff,45185d88-ee1c-43ef-a73d-9a8382087224,Vehicle released back to operations after sign-off.,f,2026-05-14 06:46:00+00
06963fcc-b242-465f-9c98-c32ba629b7dc,e5e79e8a-40b3-4ec2-9d18-7d5a56edd4b0,78be5d8f-6cca-4d7e-bfe7-2b68fc8c6341,Handed over to the next shift for completion.,t,2025-12-18 10:40:00+00
a7c7eee3-390c-4dd4-b732-6dc43a93f4e1,e5e79e8a-40b3-4ec2-9d18-7d5a56edd4b0,9aee6ad3-243e-4da8-aa52-4050a6fa56f0,Inspected on arrival; confirmed the reported symptom.,f,2025-12-20 10:38:00+00
83fb93aa-4f94-4e65-93ff-a57e62ae2b06,2de8f1f5-ac62-44ea-afd4-d0ba338596dd,e1c1397c-6345-47ab-948e-0f3e68d615b7,Work completed and the vehicle was road tested before release.,f,2025-03-30 13:48:00+00
11bd5a43-7603-45ac-8d17-10cf5e70df74,2de8f1f5-ac62-44ea-afd4-d0ba338596dd,ef604ac6-00ff-4230-a189-03428d01342b,Handed over to the next shift for completion.,f,2025-03-30 06:56:00+00
024d26d6-0f9e-46c0-9073-5a6c4d26f6f3,2de8f1f5-ac62-44ea-afd4-d0ba338596dd,e1c1397c-6345-47ab-948e-0f3e68d615b7,Vehicle released back to operations after sign-off.,f,2025-03-29 17:27:00+00
d8b8e74b-430e-4862-93e7-293056d34495,ca4ecf6d-defc-40fa-835c-033a2677144f,ab779edb-5eb0-450f-af5c-345043abdd5f,Handed over to the next shift for completion.,f,2025-02-13 12:51:00+00
dd5b76a1-fcf4-4b33-be56-2300ac214dd2,ca4ecf6d-defc-40fa-835c-033a2677144f,51de8298-573f-473b-b907-584ec33f7841,Work completed and the vehicle was road tested before release.,t,2025-02-23 16:11:00+00
43e06ef1-b107-4d52-bba6-5f0ce6c07c98,ca4ecf6d-defc-40fa-835c-033a2677144f,ab779edb-5eb0-450f-af5c-345043abdd5f,"Parts ordered from the supplier, awaiting delivery.",f,2025-02-18 08:44:00+00
aa6a1104-06c9-45c9-85ab-f2bd15a1c50d,6ca11b26-5389-433f-9fa4-1408a87c60a1,b958f053-fb9d-4b81-9996-c7ca66269f1c,"Parts ordered from the supplier, awaiting delivery.",t,2025-02-04 07:46:00+00
ff289c70-0cda-4b8e-b6e7-68aa56c4134a,ab1a5422-ec94-4aaa-8951-e3c875d66050,94c16a8c-074b-4b37-ab95-493170740735,Handed over to the next shift for completion.,t,2026-03-28 17:58:00+00
9b10cbec-1d41-4650-ba13-017808572449,ab1a5422-ec94-4aaa-8951-e3c875d66050,6b568122-8e5f-4230-93a9-c0335707eec2,Work completed and the vehicle was road tested before release.,f,2026-03-31 05:27:00+00
49b7c5a6-c894-4b35-bd99-65877466a828,07a45c25-fde7-4c1c-ab3c-6d2e02cf59ed,af5f0096-7cc6-4d72-ab69-0a461681aeb5,Work completed and the vehicle was road tested before release.,f,2026-03-27 11:17:00+00
7071a9a5-a6f9-4354-b8eb-c2c9a4dc7a9e,07a45c25-fde7-4c1c-ab3c-6d2e02cf59ed,268c1408-1f5a-4d5e-9b2c-0b5df558eda6,Vehicle released back to operations after sign-off.,f,2026-03-23 16:37:00+00
9fde66c3-53bd-4d53-b927-e5f95057ae50,9a454c0d-d2c7-4264-af40-b923ed113654,bdd93a99-626e-4675-b9a7-acfd49c28c66,Inspected on arrival; confirmed the reported symptom.,f,2026-02-23 16:58:00+00
af3d9eef-2984-4bac-9aab-13c0552e1db8,9a454c0d-d2c7-4264-af40-b923ed113654,18feffdc-7343-4221-847d-861b02fe2a56,"Parts ordered from the supplier, awaiting delivery.",f,2026-02-26 07:28:00+00
35dd9d8b-ec76-4897-9e42-55565392327b,b455969b-8190-4f04-96cd-3b5619dce961,8741b992-805d-4859-9e1a-4d49d82c9a99,Escalated to the workshop foreman for a second opinion.,f,2025-07-24 05:40:00+00
ca02d736-c36d-42f2-a320-3437b0113a1b,b455969b-8190-4f04-96cd-3b5619dce961,8741b992-805d-4859-9e1a-4d49d82c9a99,"Parts ordered from the supplier, awaiting delivery.",f,2025-07-31 14:46:00+00
fe6b862e-50cf-4fce-9237-6d48a3e4387a,b455969b-8190-4f04-96cd-3b5619dce961,8eff9acb-560a-454d-b4e0-e23389a2264b,"Parts ordered from the supplier, awaiting delivery.",t,2025-07-23 13:38:00+00
43d30d11-f5cd-4110-8600-ab73402313ee,4e16fcf0-87b4-4fc2-9cab-434af70367f4,ff7c83e7-5c79-453d-ba13-4194d70d1e17,Vehicle released back to operations after sign-off.,f,2025-06-24 12:18:00+00
380abd96-241e-4e64-a380-179b9eaea7d1,4e16fcf0-87b4-4fc2-9cab-434af70367f4,ff7c83e7-5c79-453d-ba13-4194d70d1e17,Escalated to the workshop foreman for a second opinion.,f,2025-06-25 10:03:00+00
499a622d-ad16-4055-b273-95ba99222750,4e16fcf0-87b4-4fc2-9cab-434af70367f4,9bd7dc69-8146-4996-8a28-bda2751c2c1e,Work completed and the vehicle was road tested before release.,f,2025-06-24 14:05:00+00
e5613f9f-fed1-47b1-9162-013f05ceca59,44234ab9-5046-46a8-b6aa-0211bb63ee8a,5ca11cec-92af-4cf0-ba2a-b7ccc1954f40,Vehicle released back to operations after sign-off.,f,2025-04-21 06:37:00+00
0dc7ff76-d042-4e60-a2df-4df035ea6871,44234ab9-5046-46a8-b6aa-0211bb63ee8a,5ca11cec-92af-4cf0-ba2a-b7ccc1954f40,Vehicle released back to operations after sign-off.,t,2025-05-03 06:59:00+00
e7011677-57b5-43d2-8114-c14a04f96e6b,44234ab9-5046-46a8-b6aa-0211bb63ee8a,d3c85395-bb33-4e57-b3e5-4ea86968673b,Handed over to the next shift for completion.,f,2025-05-03 05:18:00+00
42aa3499-d526-49bb-9757-36c9866467a7,b3ad37e3-8cb6-406e-9cbd-073d17373814,3898aa8b-e3d3-459d-9a76-60401f8181f0,Work completed and the vehicle was road tested before release.,f,2025-12-31 06:25:00+00
235a3ba0-ce03-418d-9bb0-38a474bcc0a5,b3ad37e3-8cb6-406e-9cbd-073d17373814,3898aa8b-e3d3-459d-9a76-60401f8181f0,Handed over to the next shift for completion.,f,2026-01-09 05:29:00+00
2f57f821-a431-417e-94b2-b38b204ed934,b3ad37e3-8cb6-406e-9cbd-073d17373814,a213ac02-a975-484b-88d8-985f8590c25d,Work completed and the vehicle was road tested before release.,f,2026-01-08 08:30:00+00
5c349c99-a67d-40cc-a3ee-9076c5fbeffb,db744f43-4e3b-40c3-9e47-e1ddb47be2a6,3b0fed53-e31e-4250-b04e-ef1b99888104,Vehicle released back to operations after sign-off.,f,2026-01-22 08:52:00+00
66595fb7-b7ba-442a-b57b-525b15823147,25ca91ac-d149-461c-be02-433b29ba3d04,2d9c2803-17f5-4970-8da9-23fc6eebe8ef,"Parts ordered from the supplier, awaiting delivery.",f,2024-08-29 12:27:00+00
7b0e6385-75fe-4dfc-afe6-368827e4bdb2,25ca91ac-d149-461c-be02-433b29ba3d04,ddde20e9-91ec-4e59-ae51-4ecd751529ab,"Parts ordered from the supplier, awaiting delivery.",f,2024-08-30 08:20:00+00
3048ce9a-b445-4d0a-9e5c-b003df4325f8,6e083b96-7e43-4fa9-a40d-1e004407a20d,caed6520-d13f-4cca-b266-28e851bcedb2,Escalated to the workshop foreman for a second opinion.,f,2025-07-17 07:38:00+00
0acc7d82-cd3b-44cd-a29e-ad9267d36070,6e083b96-7e43-4fa9-a40d-1e004407a20d,caed6520-d13f-4cca-b266-28e851bcedb2,Escalated to the workshop foreman for a second opinion.,f,2025-07-23 11:01:00+00
076f93bb-0018-490c-a3d4-4224a41e448e,d441044d-7545-42fd-9c22-9a1c1db2ce6d,bf2345c5-305b-49ba-b06b-ecb5fede548e,Escalated to the workshop foreman for a second opinion.,t,2026-03-14 14:19:00+00
fc5eed51-91e0-4386-a66e-0fbde7906c65,d441044d-7545-42fd-9c22-9a1c1db2ce6d,c458d5ba-5730-4c05-94e6-f9801b71d659,Vehicle released back to operations after sign-off.,f,2026-03-04 09:02:00+00
c2e6f6f7-748b-4b85-bc0f-e2b73beaae91,d441044d-7545-42fd-9c22-9a1c1db2ce6d,bf2345c5-305b-49ba-b06b-ecb5fede548e,Vehicle released back to operations after sign-off.,f,2026-03-02 13:54:00+00
10d56722-d878-46ba-ae01-4ed74ea0eee1,34c61daf-de9b-4bd0-ac7f-6402e46062bc,e63fb45e-1362-4e02-b414-1e0a67301dbf,Handed over to the next shift for completion.,f,2026-07-30 15:23:00+00
10a33e36-8a76-4619-b7f7-9c91eaab77a7,34c61daf-de9b-4bd0-ac7f-6402e46062bc,e63fb45e-1362-4e02-b414-1e0a67301dbf,Work completed and the vehicle was road tested before release.,f,2026-07-31 08:55:00+00
0673868b-469f-4eee-b9f6-c4cca686df26,34c61daf-de9b-4bd0-ac7f-6402e46062bc,3ed87f3f-9d1e-409e-af21-14fee9e9bc14,Vehicle released back to operations after sign-off.,t,2026-08-02 08:45:00+00
1cb77f71-c424-48dc-ba5a-635c9d83e4ab,ee4461a8-739b-47b7-8d56-5d22105666ef,9f45c98b-3562-45af-8cb4-fee17952ecd9,Inspected on arrival; confirmed the reported symptom.,f,2026-03-30 11:40:00+00
3d51415e-496c-49d2-815c-e773cb92633c,84e1d9cd-833b-4cc6-a97e-6404e8e9c849,f2e3adca-c995-4570-a695-525ef502c1ef,Escalated to the workshop foreman for a second opinion.,t,2025-05-19 06:44:00+00
c614622a-7a99-42a2-927f-7a974da09bea,84e1d9cd-833b-4cc6-a97e-6404e8e9c849,3ba77be5-ccc5-4543-b759-2bf3d0233b4d,Inspected on arrival; confirmed the reported symptom.,f,2025-05-22 11:53:00+00
b22b66f9-590d-4df1-941c-bc6cd4425653,84e1d9cd-833b-4cc6-a97e-6404e8e9c849,f2e3adca-c995-4570-a695-525ef502c1ef,"Parts ordered from the supplier, awaiting delivery.",f,2025-05-18 10:30:00+00
8a2b8817-281f-4962-a9bf-a9071090af51,af7a600f-f7e5-4010-a737-3007d357956b,94c16a8c-074b-4b37-ab95-493170740735,Handed over to the next shift for completion.,f,2024-12-27 10:05:00+00
1626884a-37e6-4063-b9ed-ae344320748a,af7a600f-f7e5-4010-a737-3007d357956b,6dfe7908-1670-4f24-a01e-791d003947e8,Vehicle released back to operations after sign-off.,f,2025-01-05 16:44:00+00
31530918-55d9-4361-9a8b-96e39835585a,af7a600f-f7e5-4010-a737-3007d357956b,94c16a8c-074b-4b37-ab95-493170740735,Inspected on arrival; confirmed the reported symptom.,f,2024-12-30 11:04:00+00
adc8f304-b05f-4bbf-83e2-3db324ae0439,fd0a15d7-a87f-452b-b1bb-0c48971fc0ac,8f92bdec-59f7-49b0-8fa2-c9e05b14747f,Escalated to the workshop foreman for a second opinion.,f,2026-08-11 05:09:00+00
4e582073-f87a-4025-8b87-6eb3234042ed,fd0a15d7-a87f-452b-b1bb-0c48971fc0ac,f101a341-b305-43d6-b170-7cbd8501fef2,Vehicle released back to operations after sign-off.,f,2026-08-17 10:47:00+00
d9e53073-abf8-4fce-a032-e95c69ca6eb7,195f971d-95f9-4a49-adaa-0b8f7ffd6282,6afbbe79-b3b4-4bce-969a-13c3c0c87b06,Work completed and the vehicle was road tested before release.,f,2024-12-14 17:35:00+00
85630c15-b14a-45be-80b3-fd9491db8336,be03924a-5055-49b2-884d-2cd417ba4171,84ed798e-b511-4f4a-aa3a-e26029fdaf93,Vehicle released back to operations after sign-off.,f,2025-08-01 05:15:00+00
5d6932c0-d82a-4916-b1b9-695c7605d042,be03924a-5055-49b2-884d-2cd417ba4171,b232ddd5-5830-4628-84d8-26c9e470d691,Inspected on arrival; confirmed the reported symptom.,f,2025-07-31 13:59:00+00
228011da-9800-4c65-8aaa-b73d79f9cd4b,12e0d54a-18de-4318-b10c-b6c6e4903d06,672d2211-01c0-4d57-9cc6-820a42f9f6ba,Work completed and the vehicle was road tested before release.,f,2025-08-24 13:03:00+00
4b2dd890-61f9-4bf5-a6a4-59649b851f7c,e60c41b6-c7c5-4ad0-8f83-596e40344438,df25e81a-cadf-4a18-aca5-a4f15e31d4ca,Work completed and the vehicle was road tested before release.,f,2024-12-13 08:52:00+00
36f512c5-f39b-455d-aa9f-12926105c16e,a7a3fb9b-b211-4efe-9655-712082752af0,201810ef-10d6-4664-9bf3-c78ad722a6de,Handed over to the next shift for completion.,f,2025-04-30 13:37:00+00
efdbe91c-245a-426f-8fc9-bf030efea1d4,a7a3fb9b-b211-4efe-9655-712082752af0,389d9ee3-9a0e-4d55-9770-b461e7a536f0,Handed over to the next shift for completion.,f,2025-04-27 12:01:00+00
b49e60ba-cb7d-4bd5-bd40-ebc7e92f84d2,a7a3fb9b-b211-4efe-9655-712082752af0,389d9ee3-9a0e-4d55-9770-b461e7a536f0,"Parts ordered from the supplier, awaiting delivery.",f,2025-05-01 06:15:00+00
fe888244-fd64-44bd-b8b1-6584aa2047b1,3f5f5475-046b-4b9d-8275-3fa121a7c2b5,e2efa991-7647-42b1-8b11-96899c4a2d89,Inspected on arrival; confirmed the reported symptom.,f,2026-04-27 16:18:00+00
6ebe1c26-436c-4c85-aac0-afee01973d35,a47414b1-980e-45e9-aac6-b0f90dc5c4a5,c752deae-2089-4698-95c9-22b8797ac2c9,Handed over to the next shift for completion.,f,2026-08-13 08:15:00+00
98926ea3-6474-4d75-9124-573a78f4e410,a47414b1-980e-45e9-aac6-b0f90dc5c4a5,c752deae-2089-4698-95c9-22b8797ac2c9,Handed over to the next shift for completion.,f,2026-08-16 06:21:00+00
489c1ab3-fdc5-49ba-9c7f-961ecf441649,974ca876-c892-47ff-917f-a6ca278b2cfc,65a5b696-653b-4c78-8e17-17f954b7992b,Work completed and the vehicle was road tested before release.,f,2025-08-24 08:14:00+00
a752e6da-381f-442c-90c7-c688bec31ace,974ca876-c892-47ff-917f-a6ca278b2cfc,65a5b696-653b-4c78-8e17-17f954b7992b,Handed over to the next shift for completion.,t,2025-08-20 08:51:00+00
42897503-856b-4239-9f01-05f5edebf674,370042a6-0a85-4b3c-9f25-b0a150f8ba61,43420c9a-b3f9-494e-ab87-55ba4cca6846,Inspected on arrival; confirmed the reported symptom.,f,2024-09-24 17:04:00+00
b2d467f7-6d99-4bbf-ab48-31aaad5286a3,10ab5a35-54c4-485c-98ae-1236c6ccb407,ef6299ea-dce6-47c7-9ad0-1881136969f0,Escalated to the workshop foreman for a second opinion.,f,2026-03-30 05:44:00+00
f945119f-95af-471f-8592-672fd44e0fa7,10ab5a35-54c4-485c-98ae-1236c6ccb407,33de58c2-5dc4-4385-bc4c-9ad66a6fe320,Handed over to the next shift for completion.,t,2026-03-27 05:48:00+00
ae933bdd-3022-4a29-9726-f3be9e991de1,10ab5a35-54c4-485c-98ae-1236c6ccb407,33de58c2-5dc4-4385-bc4c-9ad66a6fe320,"Parts ordered from the supplier, awaiting delivery.",t,2026-04-03 06:19:00+00
d8f45903-da42-4464-8a07-2c635d97e050,6853309c-7b11-4a39-b56d-df70327a4c4d,b390c01c-3083-473a-aeed-8099d7b0434f,Work completed and the vehicle was road tested before release.,f,2026-08-16 12:01:00+00
e9db7f57-96c9-4b9c-93ba-a38e0664fe99,6853309c-7b11-4a39-b56d-df70327a4c4d,b390c01c-3083-473a-aeed-8099d7b0434f,Work completed and the vehicle was road tested before release.,f,2026-08-07 14:17:00+00
b052abb9-b03f-46a4-8309-3ef351d28631,c511d90d-6a0c-4a13-be3e-17db1caa13bc,76f52321-d84d-4f11-979f-a6df1dccfcbd,Vehicle released back to operations after sign-off.,f,2026-07-27 07:31:00+00
560e7145-eb3a-4afc-8d64-698b0f226e35,c511d90d-6a0c-4a13-be3e-17db1caa13bc,ff858c38-4db7-4dcd-a154-6531520ed5b9,Handed over to the next shift for completion.,f,2026-07-25 05:04:00+00
3b4633e2-459c-44e1-aa03-07cdba44e96e,ab769938-afa3-4819-8dda-72e254b74e44,5e18dd32-52bf-446f-b5b4-306dd776e223,Vehicle released back to operations after sign-off.,f,2026-08-13 08:30:00+00
9533fc22-8691-4bd2-99fc-42bd9052adf0,ab769938-afa3-4819-8dda-72e254b74e44,5e18dd32-52bf-446f-b5b4-306dd776e223,Vehicle released back to operations after sign-off.,f,2026-08-16 11:29:00+00
3f1dcac1-ae7c-4484-8695-c856c0b6300d,f8e2d76a-2992-4b8a-9434-1896d738bbf7,accf0286-4b23-46a3-851f-00be6bdd8e5f,Handed over to the next shift for completion.,t,2025-02-15 08:27:00+00
2c5fb49d-9784-4d1a-a0ca-b7d4b43cc85c,f8e2d76a-2992-4b8a-9434-1896d738bbf7,accf0286-4b23-46a3-851f-00be6bdd8e5f,Work completed and the vehicle was road tested before release.,f,2025-02-17 14:36:00+00
604af2df-558c-4c67-a189-090d1efab6b2,3834da28-3ebc-4099-8190-3e9a75ff3641,318da964-ffdd-4a77-aa9a-ede745666cdc,Inspected on arrival; confirmed the reported symptom.,f,2024-11-03 16:31:00+00
bba9d9b8-2162-4d94-9957-b55f71706301,3834da28-3ebc-4099-8190-3e9a75ff3641,b5cc5903-a692-4230-b666-8fded6cecc3e,"Parts ordered from the supplier, awaiting delivery.",f,2024-11-02 11:24:00+00
b1f89e49-bdc1-4e51-9d58-9d3bdf79613c,d6519bc3-978d-44be-8176-539c769a95ea,667f1ef6-99d9-4cff-b551-bc452b65fc89,"Parts ordered from the supplier, awaiting delivery.",t,2024-11-04 08:49:00+00
027794a3-eb56-4afd-84b6-607e72a239c5,0c967de5-9acc-48bd-b08c-6e917d3ff041,fb16df24-42b0-44f6-8de3-8f95cdd7dc1f,Vehicle released back to operations after sign-off.,f,2024-10-05 16:10:00+00
ac069ed2-58e6-4984-8cf2-ad2259975e1d,0c967de5-9acc-48bd-b08c-6e917d3ff041,e0089955-7fd3-47d8-a384-4d9a69ca3920,Inspected on arrival; confirmed the reported symptom.,f,2024-09-26 09:29:00+00
6e5b41aa-673d-409c-a90b-afd38c8e01af,0c967de5-9acc-48bd-b08c-6e917d3ff041,e0089955-7fd3-47d8-a384-4d9a69ca3920,Escalated to the workshop foreman for a second opinion.,f,2024-09-27 07:28:00+00
4ab9fedd-8976-4d69-b0c3-81d06908433e,1f13e4ac-9c38-423f-b2ba-65129413b189,12f09dc9-bc8a-4749-96a7-54c0a1488f53,Escalated to the workshop foreman for a second opinion.,f,2025-11-05 15:07:00+00
7afe351b-a655-4b66-a62d-a8920586efdc,1f13e4ac-9c38-423f-b2ba-65129413b189,b33c4ff9-69b5-4437-9699-63c066d6c353,Work completed and the vehicle was road tested before release.,f,2025-11-02 11:00:00+00
e02c312a-aaf8-42df-8947-8be182ceee5d,1f13e4ac-9c38-423f-b2ba-65129413b189,12f09dc9-bc8a-4749-96a7-54c0a1488f53,"Parts ordered from the supplier, awaiting delivery.",f,2025-11-05 10:06:00+00
31beee47-d06b-4afd-81b5-71527c30d8fc,0836bfb4-dffe-4112-a5e1-ae78a5696f19,7172df17-f1b4-41d1-a5ee-2bf445703d25,Inspected on arrival; confirmed the reported symptom.,f,2025-12-20 13:01:00+00
306fd543-b69a-426a-94b6-5bd03a636542,0836bfb4-dffe-4112-a5e1-ae78a5696f19,7172df17-f1b4-41d1-a5ee-2bf445703d25,Work completed and the vehicle was road tested before release.,f,2025-12-19 09:05:00+00
0ef037a4-1851-4b51-b962-f5d6e4af15b4,619b9e13-8f60-4f5d-bafe-e1eaa3cdd951,34d98104-2994-461c-a189-b9a2067b9e96,Escalated to the workshop foreman for a second opinion.,f,2026-06-03 14:32:00+00
6f522c58-1676-4375-9455-920221604b9e,619b9e13-8f60-4f5d-bafe-e1eaa3cdd951,34d98104-2994-461c-a189-b9a2067b9e96,Inspected on arrival; confirmed the reported symptom.,f,2026-06-01 07:06:00+00
6cb8f909-ed76-4fd3-960c-6364b6887e15,619b9e13-8f60-4f5d-bafe-e1eaa3cdd951,0bcca5d2-620c-4e90-ae82-fb6ffc7af33d,"Parts ordered from the supplier, awaiting delivery.",t,2026-06-02 15:28:00+00
4bb803f8-1f6b-4dbc-8ea3-168364146289,7a9c055f-e376-4a45-8aed-773a65020b26,785a349f-b3ca-4199-beb9-4e50013f54c8,Handed over to the next shift for completion.,t,2025-12-24 17:24:00+00
8d753e55-0df6-4793-a47d-d2acca43f031,7a9c055f-e376-4a45-8aed-773a65020b26,785a349f-b3ca-4199-beb9-4e50013f54c8,Work completed and the vehicle was road tested before release.,t,2025-12-26 10:51:00+00
c661f2d9-dab7-457a-b4de-8d6a9e552bee,7a9c055f-e376-4a45-8aed-773a65020b26,785a349f-b3ca-4199-beb9-4e50013f54c8,Inspected on arrival; confirmed the reported symptom.,f,2025-12-23 16:37:00+00
e1081f79-fa34-4893-b33c-048498fa3e56,2e43415e-d1fc-49bd-bc45-a7df2b15eedf,a363109b-c8ce-4177-9d91-030ac0b8df3a,Vehicle released back to operations after sign-off.,f,2025-05-10 15:24:00+00
cf682752-ddfc-4eb4-8f88-25abdf34f237,2e43415e-d1fc-49bd-bc45-a7df2b15eedf,a363109b-c8ce-4177-9d91-030ac0b8df3a,Work completed and the vehicle was road tested before release.,f,2025-05-12 16:32:00+00
cb2a0891-e313-4cec-9edc-819b80937a37,799f66cf-dc29-4ffa-a63f-a1102f3dbc60,96fb9f33-3e52-4958-8405-6ccf26fcacdc,Vehicle released back to operations after sign-off.,f,2025-04-21 08:25:00+00
9008eba1-c9a7-47e2-a690-f3d94307f624,799f66cf-dc29-4ffa-a63f-a1102f3dbc60,8f16f0cc-0478-4195-8ddb-43b8f8e96be6,Handed over to the next shift for completion.,f,2025-04-15 09:33:00+00
ef5a8617-400d-47f9-b20e-00f7d7c2e67b,d4192da2-c090-40aa-8126-7164caf05628,c752deae-2089-4698-95c9-22b8797ac2c9,Escalated to the workshop foreman for a second opinion.,f,2025-11-18 16:49:00+00
6bde1888-1c76-46a3-acc1-1b6c73bab90b,c4cc34c8-3b28-49d4-bc80-efac9fc59c51,f9a5607b-7040-4ba8-95c0-6de3c5367dea,Work completed and the vehicle was road tested before release.,f,2024-11-16 12:56:00+00
2ee5e3c5-eee6-4656-9a45-7bf42ba508dc,c4cc34c8-3b28-49d4-bc80-efac9fc59c51,f9a5607b-7040-4ba8-95c0-6de3c5367dea,Work completed and the vehicle was road tested before release.,f,2024-11-25 11:08:00+00
b7fbc529-86bb-4f39-854d-f1148dcf0b4e,c4cc34c8-3b28-49d4-bc80-efac9fc59c51,f9a5607b-7040-4ba8-95c0-6de3c5367dea,"Parts ordered from the supplier, awaiting delivery.",t,2024-11-20 15:55:00+00
b901d192-4664-4592-82f6-190861329e33,e48e4c4b-47bf-49bb-b981-368d6b52d561,971707cb-32c1-434f-b61f-f1fd2abeb991,Vehicle released back to operations after sign-off.,f,2025-10-20 14:40:00+00
6d7eee9e-46a6-45bc-a51b-eb094430eeaa,e48e4c4b-47bf-49bb-b981-368d6b52d561,071c8cbe-8125-4dde-ae07-2ac65beea113,Work completed and the vehicle was road tested before release.,f,2025-10-18 07:02:00+00
9ea0cafe-40de-4b8c-9180-d14a3919263b,dbd82bd7-13d4-4a84-9714-fde2e3ef88d4,0816a11f-c50f-456a-8311-8bf2e4aeff0e,Handed over to the next shift for completion.,t,2025-12-27 15:41:00+00
8fbcf835-74b7-4df6-a0d7-f2126e6936e6,5af7327e-85f3-4716-8b80-0b56341cb261,65403423-49cb-46e5-8f5f-eb8802feb133,"Parts ordered from the supplier, awaiting delivery.",f,2024-10-28 15:45:00+00
d0cae74f-11a4-48df-ae57-27fe1a128de7,1dcc0820-41ba-42fa-87c2-3fefa603135a,6307ed65-c77c-40e7-9e0f-0b67135eb7b1,Vehicle released back to operations after sign-off.,f,2025-02-01 16:25:00+00
34d6ee66-cbc4-4ab9-9d00-42cbdddbd3ce,1dcc0820-41ba-42fa-87c2-3fefa603135a,8a0dc0c8-8bed-4024-a051-dbed41ba8410,Inspected on arrival; confirmed the reported symptom.,f,2025-01-28 11:40:00+00
1a863da5-2729-486e-9be1-92f6ec9ff1b7,4cef3c20-62f9-497a-942a-7450c3d21d3b,2751f9ca-5a8f-480f-b7f6-8d7c60846a2a,Escalated to the workshop foreman for a second opinion.,f,2024-11-25 10:43:00+00
585ad816-87a8-4a43-bb1f-2888432e1aa5,4cef3c20-62f9-497a-942a-7450c3d21d3b,2751f9ca-5a8f-480f-b7f6-8d7c60846a2a,Inspected on arrival; confirmed the reported symptom.,f,2024-11-27 12:31:00+00
a728f492-475e-4790-9065-f411af03e279,ebd3855c-8bfd-4bb9-b0b5-515a43081af7,9b3bff38-da7d-4ad0-8bf0-efdd03c2c0f8,Handed over to the next shift for completion.,f,2025-05-02 06:03:00+00
1ff046ff-b9c5-40e0-893d-7709c45a8c8c,85bcdcd8-2122-4569-9197-169a83af0703,b7d6f932-49f4-46ba-85fa-9c50ab72be6f,Escalated to the workshop foreman for a second opinion.,t,2025-04-30 08:28:00+00
2b22f422-cc3c-4815-88ca-09405350df2f,85bcdcd8-2122-4569-9197-169a83af0703,b7d6f932-49f4-46ba-85fa-9c50ab72be6f,Escalated to the workshop foreman for a second opinion.,f,2025-04-23 14:19:00+00
20a70145-f91c-4234-9bb8-d8c283f94516,85bcdcd8-2122-4569-9197-169a83af0703,ded95339-a354-4096-aff7-5819a01aff0a,Escalated to the workshop foreman for a second opinion.,f,2025-04-29 06:16:00+00
80aa464e-a3eb-4d95-b7ad-bf5f054e19cd,c4b157a4-b35a-48a3-95d0-7845ef35e6ee,dd8df242-b4d3-44f9-bebc-1f1f719d4adf,Handed over to the next shift for completion.,f,2025-12-22 12:16:00+00
1e1b18c6-568d-4a6b-822f-2abfe1e5b18e,c4b157a4-b35a-48a3-95d0-7845ef35e6ee,dd8df242-b4d3-44f9-bebc-1f1f719d4adf,Work completed and the vehicle was road tested before release.,f,2025-12-19 12:23:00+00
65fed3f5-7d14-4a57-b127-d975ac074ecf,48970984-2a20-41ca-820c-4a44e6ee673c,46b65206-6f2c-4777-b6a0-ed9d0d81dc19,Vehicle released back to operations after sign-off.,t,2026-04-02 09:03:00+00
af46ffc6-4f02-4534-9d22-5167538fb02b,afa3eae8-bec5-42dd-8275-9094c1af0001,ece2a321-bc6d-4cdf-9d3a-f642ed83ae68,Work completed and the vehicle was road tested before release.,f,2025-10-05 15:46:00+00
53221ca0-1664-4e7d-b8c3-974dfeb2f221,38a11b9e-b370-4d87-9c47-a98c37082d79,1246b49b-4c2a-428c-9e26-abdd7df1b7e0,Handed over to the next shift for completion.,f,2024-12-15 06:50:00+00
9343e269-45f7-4ad2-9217-303386a65311,38a11b9e-b370-4d87-9c47-a98c37082d79,42754b10-735f-41e7-bdf0-c4ec00356988,Handed over to the next shift for completion.,f,2024-12-18 14:20:00+00
2ad37e29-d57a-4565-b5d3-39e808f02137,80ee08cd-4b3c-40e3-ab82-8ba9d1b6bda3,6460d438-9ae3-4a00-97a6-bde550b8ea43,Inspected on arrival; confirmed the reported symptom.,f,2026-05-01 10:39:00+00
eb97da4b-db7c-4a64-b4c2-acebcb0b9f4f,80ee08cd-4b3c-40e3-ab82-8ba9d1b6bda3,6460d438-9ae3-4a00-97a6-bde550b8ea43,"Parts ordered from the supplier, awaiting delivery.",f,2026-04-28 10:20:00+00
a205ce4b-726c-4b1f-9dfe-a8590c02e440,0357576d-741d-4b40-8237-7cf2ddc1c33c,5ad1e726-cd90-4d90-9217-c5fd5278615c,Vehicle released back to operations after sign-off.,f,2025-03-30 16:05:00+00
8e2fc48d-76f9-4feb-a21b-670716017814,0357576d-741d-4b40-8237-7cf2ddc1c33c,5ad1e726-cd90-4d90-9217-c5fd5278615c,"Parts ordered from the supplier, awaiting delivery.",f,2025-03-21 07:39:00+00
4c9797da-9a89-4083-80a4-87ce4015d489,590d2c34-a7da-4c38-a4a8-2486edc1aefe,79bbaaa4-918b-47e0-ba89-d5f2b5a4d4ba,Work completed and the vehicle was road tested before release.,t,2024-11-20 09:05:00+00
6ac7f5ef-79c4-4b9d-b52a-ffecc3a72a94,590d2c34-a7da-4c38-a4a8-2486edc1aefe,f5e91b7d-09e8-45a0-921d-cfc6fd0e2916,Escalated to the workshop foreman for a second opinion.,f,2024-11-19 10:05:00+00
6dadd2a0-ec6d-432a-b9c1-57a0d1d461db,590d2c34-a7da-4c38-a4a8-2486edc1aefe,f5e91b7d-09e8-45a0-921d-cfc6fd0e2916,Handed over to the next shift for completion.,f,2024-11-22 11:42:00+00
275341eb-02e9-46fb-bbbb-d6786bd11198,6ea1925e-f496-463d-8d9f-52c781e76d93,ff7c83e7-5c79-453d-ba13-4194d70d1e17,Escalated to the workshop foreman for a second opinion.,f,2025-01-20 06:01:00+00
2456b724-6d24-4fb1-ac5a-2c1cfa9c0014,6ea1925e-f496-463d-8d9f-52c781e76d93,9eb29422-f448-4bb6-ab3d-c580defcd756,Inspected on arrival; confirmed the reported symptom.,f,2025-01-16 15:03:00+00
6a0f3cb4-e94b-4187-94a4-9bc89f33c265,3135296c-41b7-4545-b55b-a71508cd1077,94c16a8c-074b-4b37-ab95-493170740735,Escalated to the workshop foreman for a second opinion.,t,2025-06-03 16:51:00+00
1d023908-4b39-4e11-a3e2-f3c7a2bca802,af8f1c08-0bb0-44ce-ae7c-0c6d76442e35,4212a9e1-e03c-4ea2-9d8c-c180b703b99a,Work completed and the vehicle was road tested before release.,f,2025-01-01 08:03:00+00
a1f3a1ef-e1c5-45d3-880a-2566c6bdcfd9,af8f1c08-0bb0-44ce-ae7c-0c6d76442e35,83ec1f03-5a3e-4e22-bc6f-57947070ce66,Work completed and the vehicle was road tested before release.,f,2025-01-04 06:26:00+00
5bd4fc1c-64a6-4350-bb08-21dddd92c0a4,e12e62d2-81bc-4895-852c-53dec1037aa4,6b59f9f2-4c2d-40ea-8a3b-76bb6b7f5dd1,Work completed and the vehicle was road tested before release.,t,2025-11-17 14:58:00+00
9511b04d-d7f1-43f2-ba0a-4a3d07b63e57,e12e62d2-81bc-4895-852c-53dec1037aa4,4249c88c-d0ac-433f-b414-903379d7b070,Escalated to the workshop foreman for a second opinion.,f,2025-11-14 05:32:00+00
598ce067-6485-4b73-abb2-5a99f3d4af48,e12e62d2-81bc-4895-852c-53dec1037aa4,6b59f9f2-4c2d-40ea-8a3b-76bb6b7f5dd1,Handed over to the next shift for completion.,t,2025-11-20 14:16:00+00
78c648a7-8da4-4993-8649-c0cf0302d133,3fa27e5e-3952-4840-bc08-a07fafe60567,accf0286-4b23-46a3-851f-00be6bdd8e5f,"Parts ordered from the supplier, awaiting delivery.",f,2024-11-24 11:20:00+00
87ddb06a-2931-46fc-a10e-ccb26ac57023,3fa27e5e-3952-4840-bc08-a07fafe60567,dedd34c4-030e-4a29-b3b3-20abc8e2ed74,Handed over to the next shift for completion.,f,2024-11-22 06:26:00+00
4f751f7c-b5d4-443d-841a-07c4bdb84efa,3fa27e5e-3952-4840-bc08-a07fafe60567,dedd34c4-030e-4a29-b3b3-20abc8e2ed74,Inspected on arrival; confirmed the reported symptom.,f,2024-11-21 08:04:00+00
ab8f4ab4-4ba1-4b2a-8060-75248d636e2d,c1dff9f7-aef9-48b6-960a-f8343d19a7d6,c72f23f6-0751-4dfb-aa15-6737a84c61f4,Work completed and the vehicle was road tested before release.,t,2025-08-10 17:58:00+00
a67a1f84-a4f1-408a-8c42-f10757483aa4,c1dff9f7-aef9-48b6-960a-f8343d19a7d6,47aa7347-bff7-4069-bc8d-99693751ee09,Vehicle released back to operations after sign-off.,f,2025-08-10 14:46:00+00
7f46dc41-6d1c-4b18-bbf9-674434229586,7a214b21-ce81-4374-b556-9c965c898e66,9a38f54e-0c39-48c6-9c31-f8bc268a9f2a,Handed over to the next shift for completion.,t,2026-04-29 13:40:00+00
904752c1-9470-4438-8a51-004bf32a85a6,7a214b21-ce81-4374-b556-9c965c898e66,98849133-a5b7-4448-ab4c-e02cdbb7b9c8,Inspected on arrival; confirmed the reported symptom.,f,2026-04-25 05:08:00+00
afb88006-bb82-4279-921e-a6d9211906c5,e2c3d865-ce65-489d-8f34-930c181c911d,aae4b5c2-8efb-42b7-88a7-a8fe7a86e7c7,"Parts ordered from the supplier, awaiting delivery.",f,2025-10-05 17:52:00+00
c59015ac-05bf-4b8c-a6f9-46fe502088c9,541d1401-9fa5-48fa-b510-e147b9b514ba,4fa2752c-21e0-493e-9323-ee28c5c15ff0,Vehicle released back to operations after sign-off.,f,2025-06-14 13:50:00+00
2ef0cd84-bd5a-44d6-99c1-83d3febfe57b,541d1401-9fa5-48fa-b510-e147b9b514ba,a817e3da-c239-49df-b5b4-e605451fa66c,Inspected on arrival; confirmed the reported symptom.,t,2025-06-25 14:40:00+00
43b11cd9-1ada-40ae-ac45-f35d5d5d2eab,541d1401-9fa5-48fa-b510-e147b9b514ba,4fa2752c-21e0-493e-9323-ee28c5c15ff0,Inspected on arrival; confirmed the reported symptom.,f,2025-06-18 11:03:00+00
1327645a-c053-44f2-b299-ab81a70dd5b2,7ff05a47-e660-4dd6-ba4e-0349f2ffc4e0,42754b10-735f-41e7-bdf0-c4ec00356988,Vehicle released back to operations after sign-off.,f,2026-06-10 05:08:00+00
c9e929b3-28d1-4eaa-8caa-b808b7b25a80,7ff05a47-e660-4dd6-ba4e-0349f2ffc4e0,42754b10-735f-41e7-bdf0-c4ec00356988,Escalated to the workshop foreman for a second opinion.,f,2026-05-31 15:48:00+00
0f19c2a3-7ea9-407d-9a1e-085d6c0570ad,8be62c6b-e483-408c-842c-6201779a5c6b,2ea7ff67-fdd7-4d0b-96cd-8dd768decfdd,Work completed and the vehicle was road tested before release.,f,2025-02-14 05:31:00+00
5c60c7e2-4fe1-4ccc-bb63-3040396b63e4,8be62c6b-e483-408c-842c-6201779a5c6b,2ea7ff67-fdd7-4d0b-96cd-8dd768decfdd,"Parts ordered from the supplier, awaiting delivery.",t,2025-02-17 07:12:00+00
8193e2de-6587-4acc-9c0f-2d712292d128,54120b3c-8c47-4ab1-a7a5-2b720b97d294,b958f053-fb9d-4b81-9996-c7ca66269f1c,"Parts ordered from the supplier, awaiting delivery.",t,2025-03-16 17:38:00+00
52c59e67-a6cb-4b59-9602-36e2336c4036,54120b3c-8c47-4ab1-a7a5-2b720b97d294,aa74ca35-434e-47be-8bd6-af6914b9a935,Escalated to the workshop foreman for a second opinion.,f,2025-03-15 13:05:00+00
6b936187-3ca2-4355-af1c-0bd10477e7c1,54120b3c-8c47-4ab1-a7a5-2b720b97d294,aa74ca35-434e-47be-8bd6-af6914b9a935,Work completed and the vehicle was road tested before release.,f,2025-03-17 14:49:00+00
6c2da42b-18c2-4fe8-aeac-9a7976025a13,bef1349d-37fd-4634-bf18-1d3b7212c2b8,4fb48d89-3d11-4b1c-b34a-fc8824c4d74a,Inspected on arrival; confirmed the reported symptom.,t,2026-03-11 12:08:00+00
4a9b12fc-4f19-4276-8670-dfbb512e4c1a,bef1349d-37fd-4634-bf18-1d3b7212c2b8,ec21d000-672f-4819-aa17-c754be8b1f76,Inspected on arrival; confirmed the reported symptom.,f,2026-03-08 06:00:00+00
d22c690f-70fe-4388-84f7-a303c67199ae,bef1349d-37fd-4634-bf18-1d3b7212c2b8,ec21d000-672f-4819-aa17-c754be8b1f76,"Parts ordered from the supplier, awaiting delivery.",f,2026-03-09 09:24:00+00
77873d11-2be9-4356-a56f-e7f7b043c907,35cc695f-db5a-4a97-84cf-11897ef96f0c,0cabbac7-e33f-41e2-9595-f9285b16fce1,"Parts ordered from the supplier, awaiting delivery.",f,2026-05-22 12:59:00+00
866f1205-72ff-4f95-b699-f11d908220a4,35cc695f-db5a-4a97-84cf-11897ef96f0c,94c16a8c-074b-4b37-ab95-493170740735,Vehicle released back to operations after sign-off.,f,2026-05-26 09:13:00+00
e66be392-e727-494e-817f-c6f7c0f16221,ff0c38a8-50f4-4501-bdb3-99237bac82aa,f7c70716-6d01-4c40-8743-ff7f08973f3a,Handed over to the next shift for completion.,t,2024-12-02 05:38:00+00
2df5833b-c44f-43f7-be6e-747914a289a1,049a802d-3711-418b-9fc1-19ace30cb9ee,ed4c1923-4a35-41e6-af73-87d272e16bb9,"Parts ordered from the supplier, awaiting delivery.",t,2024-10-30 07:11:00+00
dfcfb42b-3302-4eea-9dc3-2738eff270cc,049a802d-3711-418b-9fc1-19ace30cb9ee,ed4c1923-4a35-41e6-af73-87d272e16bb9,Inspected on arrival; confirmed the reported symptom.,f,2024-11-01 16:27:00+00
e4158bda-5ac2-46f3-b343-b70758cae9f8,049a802d-3711-418b-9fc1-19ace30cb9ee,ed4c1923-4a35-41e6-af73-87d272e16bb9,Inspected on arrival; confirmed the reported symptom.,f,2024-11-04 06:25:00+00
6237df77-5041-485d-9d91-9b08325cd53a,a671aeb6-1fa6-416e-9809-7e4271dc6478,f2e3adca-c995-4570-a695-525ef502c1ef,Escalated to the workshop foreman for a second opinion.,t,2025-12-22 11:00:00+00
121fc704-7618-488b-a78b-6eac547d33fd,64889baf-6aa8-44f7-b42d-57d6b734f8e9,0d92b1df-f95f-448c-8c5e-279045705e0f,"Parts ordered from the supplier, awaiting delivery.",t,2026-08-08 17:51:00+00
a908296a-40ec-4f11-b9b7-363f5b46b3f2,64889baf-6aa8-44f7-b42d-57d6b734f8e9,5f77fc29-69bb-4b2b-8d0c-636c6f55884d,"Parts ordered from the supplier, awaiting delivery.",f,2026-08-15 08:58:00+00
b0b14b9d-9634-4d1a-aa7a-cf816557b286,30405026-21eb-4725-8665-b3ae896beb8c,9b2ae800-e7f5-4450-a102-90626d114204,"Parts ordered from the supplier, awaiting delivery.",f,2026-03-07 08:48:00+00
654e494c-8a0c-49e8-84fe-18b63005f991,30405026-21eb-4725-8665-b3ae896beb8c,9b2ae800-e7f5-4450-a102-90626d114204,Vehicle released back to operations after sign-off.,f,2026-03-12 09:55:00+00
2f4bdfbb-c603-46e4-92df-9cd50fee3ad4,ab58cf8d-0558-4fe5-ad0e-766cc01f9c3f,85ec9a19-bc02-4676-a16b-0a33f9ecc547,Inspected on arrival; confirmed the reported symptom.,f,2025-06-12 10:35:00+00
028cc266-2ad3-4754-acc5-8ab31f31fd77,ab58cf8d-0558-4fe5-ad0e-766cc01f9c3f,0816a11f-c50f-456a-8311-8bf2e4aeff0e,Vehicle released back to operations after sign-off.,f,2025-06-10 17:19:00+00
2fe8dd50-0c5d-4e93-9502-10d5b62e8e03,ab58cf8d-0558-4fe5-ad0e-766cc01f9c3f,0816a11f-c50f-456a-8311-8bf2e4aeff0e,Escalated to the workshop foreman for a second opinion.,f,2025-06-18 13:19:00+00
40d37933-1d75-41c3-821a-1a850b50e3e9,c0d3357f-d2d6-401f-8a40-fd2f65dffe4c,fb6db374-5499-4fab-a5e5-5f201832e9d3,Handed over to the next shift for completion.,f,2026-04-21 17:10:00+00
b0abe28f-a3bf-494e-bba7-1808b5e19c63,c0d3357f-d2d6-401f-8a40-fd2f65dffe4c,65a4c575-56f0-49d7-9887-9a08358fb73c,Work completed and the vehicle was road tested before release.,f,2026-04-17 09:44:00+00
778f5da3-9cc9-484d-b700-d97ceac8186e,c0d3357f-d2d6-401f-8a40-fd2f65dffe4c,fb6db374-5499-4fab-a5e5-5f201832e9d3,Handed over to the next shift for completion.,f,2026-04-25 08:01:00+00
b48f9cc4-8e7a-4453-9231-c9caa9af9fe7,b4a81bfe-10f8-4a92-9ad4-0a19b561ca74,8f013397-f73e-4098-bf86-3cf1055a446a,Work completed and the vehicle was road tested before release.,f,2025-01-29 10:12:00+00
41e9e8dc-a50e-4fb6-9d57-5abf1c56565c,a81de22a-bbe3-4036-9ab9-255889ffb65d,d8294427-340a-4c8e-ae90-c5de2eded6d4,Inspected on arrival; confirmed the reported symptom.,f,2026-07-02 11:16:00+00
36c1b0ae-69cd-44f9-9631-9f9bb3784428,a81de22a-bbe3-4036-9ab9-255889ffb65d,6307ed65-c77c-40e7-9e0f-0b67135eb7b1,"Parts ordered from the supplier, awaiting delivery.",f,2026-07-05 15:36:00+00
d231a2d0-68a7-427a-ba52-bf87c54f55f6,a81de22a-bbe3-4036-9ab9-255889ffb65d,6307ed65-c77c-40e7-9e0f-0b67135eb7b1,Handed over to the next shift for completion.,f,2026-06-27 13:10:00+00
e76518ed-dcbe-4536-8c8d-5737e2b95a6a,4038ab24-bf70-4398-b1b9-58ee950b7379,94c64335-4962-40b1-96fd-53632f8d49a3,Vehicle released back to operations after sign-off.,f,2026-05-06 15:12:00+00
0dc4ae77-5dfc-4f49-ac3c-1f55f77b63ce,4038ab24-bf70-4398-b1b9-58ee950b7379,94c64335-4962-40b1-96fd-53632f8d49a3,Inspected on arrival; confirmed the reported symptom.,f,2026-05-11 14:30:00+00
65533bb1-96ff-4b2f-8cdd-3f13427c5339,98d6c46d-68c7-45a9-820b-4a8d10c4f445,c3bd164c-dac0-42f6-a8bd-f5f7ab7dd58c,Work completed and the vehicle was road tested before release.,f,2026-06-25 14:53:00+00
bd604a71-0eb6-4170-9629-498fcb9186ee,98d6c46d-68c7-45a9-820b-4a8d10c4f445,c3bd164c-dac0-42f6-a8bd-f5f7ab7dd58c,Vehicle released back to operations after sign-off.,f,2026-06-18 07:17:00+00
4f03d492-251c-4027-a47e-644229d83ed4,7735f4c0-2120-49b7-889b-3d9fda6eaf59,758f8366-928a-48a1-a058-77ad7cfab407,Inspected on arrival; confirmed the reported symptom.,f,2025-09-30 08:27:00+00
3d6213b6-41e7-4c6d-98df-f1a84a1b439a,7735f4c0-2120-49b7-889b-3d9fda6eaf59,3ed87f3f-9d1e-409e-af21-14fee9e9bc14,Vehicle released back to operations after sign-off.,f,2025-10-03 05:55:00+00
3c7a0c6c-60a1-4d5a-aceb-0eff0cf575e0,7735f4c0-2120-49b7-889b-3d9fda6eaf59,758f8366-928a-48a1-a058-77ad7cfab407,Inspected on arrival; confirmed the reported symptom.,f,2025-09-25 14:07:00+00
df2dedd7-39ba-49f1-9433-a6aec1a48b1c,0cf7c867-0850-4c52-9042-0380662e03d2,8514607d-7931-48d2-81f0-f7a024a8210a,"Parts ordered from the supplier, awaiting delivery.",f,2026-05-26 15:20:00+00
783d41e7-5889-4e2b-8519-23c706b3b51b,eb80f8f2-6889-41b5-a838-8386f133063f,38213114-d2ab-425c-85cb-10a7ac28415f,"Parts ordered from the supplier, awaiting delivery.",f,2024-11-23 05:36:00+00
77ab96af-2276-4a74-b084-b08784f5e4f1,a048cb67-3c4d-4a7b-a9e7-78a79a61d94b,af5f0096-7cc6-4d72-ab69-0a461681aeb5,Vehicle released back to operations after sign-off.,t,2025-12-25 16:24:00+00
fb150461-577c-4728-be21-b4e2c4a47a18,a048cb67-3c4d-4a7b-a9e7-78a79a61d94b,af5f0096-7cc6-4d72-ab69-0a461681aeb5,Vehicle released back to operations after sign-off.,f,2025-12-30 08:57:00+00
bb1049a0-9c2a-446f-9b37-26765f6e3d3c,a048cb67-3c4d-4a7b-a9e7-78a79a61d94b,53704aab-e2b0-4674-b25e-0a3013553902,Vehicle released back to operations after sign-off.,f,2025-12-19 14:04:00+00
65cd1c3a-b57c-44bd-af2f-dc09459e3669,405c2c40-cb82-43ed-9f03-d0cb2a7f7633,9b3bff38-da7d-4ad0-8bf0-efdd03c2c0f8,Work completed and the vehicle was road tested before release.,f,2024-10-16 13:53:00+00
ad648e34-f423-44ef-9e9e-78eab2878f5f,405c2c40-cb82-43ed-9f03-d0cb2a7f7633,9b3bff38-da7d-4ad0-8bf0-efdd03c2c0f8,Handed over to the next shift for completion.,f,2024-10-28 05:57:00+00
45d4c0b7-1490-43db-9d62-33b83de5fe3a,405c2c40-cb82-43ed-9f03-d0cb2a7f7633,b33c4ff9-69b5-4437-9699-63c066d6c353,"Parts ordered from the supplier, awaiting delivery.",f,2024-10-22 05:30:00+00
577e4fc4-88ad-428c-ae94-2d8a22ec0050,a0c38ba0-b605-42f4-96a3-0608a18c1ef7,cfcb23c6-f209-48fb-b2ab-5f79f711f9cc,"Parts ordered from the supplier, awaiting delivery.",t,2024-09-30 14:01:00+00
58ece86f-38fd-49cb-a180-91e1b3354025,a0c38ba0-b605-42f4-96a3-0608a18c1ef7,58e0105a-a433-440e-b5ce-fa630092e541,Inspected on arrival; confirmed the reported symptom.,f,2024-09-26 16:39:00+00
5daabf52-72c8-42c2-a551-94d90fd50b53,a0c38ba0-b605-42f4-96a3-0608a18c1ef7,cfcb23c6-f209-48fb-b2ab-5f79f711f9cc,Inspected on arrival; confirmed the reported symptom.,f,2024-09-23 06:13:00+00
612f0189-5942-4b4d-ba1d-78bb7cdf84b3,6865e5d5-84ba-43ac-b047-9c0ec0a9993d,7644642e-745c-4474-890f-0f840a0b5df8,"Parts ordered from the supplier, awaiting delivery.",f,2025-07-28 12:07:00+00
27ead9c9-1cba-4ef0-b6da-e8328e27bd5e,e080a0d0-fe7e-4bbe-b405-793f5d2630e8,2abd42b1-c0a4-4467-8f7d-15d222f3e561,Inspected on arrival; confirmed the reported symptom.,f,2024-10-17 06:44:00+00
59cb81e4-4974-426a-b23f-3ccffdc03d4f,0382b57b-b799-4fb3-b3fb-54e07f92f10b,149c1f7c-7257-4a93-8b26-45cae3ef4432,Escalated to the workshop foreman for a second opinion.,t,2024-09-01 12:20:00+00
c7c153a8-daef-402a-93be-5a947066dd03,80a9ce60-c86f-46ac-9e81-06ada28df7fa,43adafee-47fa-4fdd-a233-526bc7ecffb2,Inspected on arrival; confirmed the reported symptom.,f,2026-07-21 07:48:00+00
fe63c24d-4ea6-459e-8e8a-564d1937accb,80a9ce60-c86f-46ac-9e81-06ada28df7fa,7d5abb4b-df5b-4b75-bbe9-78fb814d0dc1,"Parts ordered from the supplier, awaiting delivery.",f,2026-07-18 14:52:00+00
0c50eb06-d551-438c-a8a1-f9a05f3c3855,80a9ce60-c86f-46ac-9e81-06ada28df7fa,43adafee-47fa-4fdd-a233-526bc7ecffb2,Escalated to the workshop foreman for a second opinion.,t,2026-07-24 10:11:00+00
57617b7f-75df-42fc-898e-f18374e13765,91200383-788b-4938-915c-8b4497db374c,a5873caa-58e3-478e-9e5c-c4f5be6aeec5,Work completed and the vehicle was road tested before release.,f,2024-12-28 10:31:00+00
ec63157c-2e7e-473a-8e22-66502cfab5d3,82fc85fc-825d-4044-b6c7-c5f9edce1035,8ffe767c-9920-458c-9728-818cbc8975bc,Escalated to the workshop foreman for a second opinion.,f,2024-09-25 08:54:00+00
633504be-5d62-4edb-9088-a02236869c58,82fc85fc-825d-4044-b6c7-c5f9edce1035,258cec76-5677-463e-88d0-84f8488b8d19,Work completed and the vehicle was road tested before release.,f,2024-09-18 05:42:00+00
3baa4938-3d10-4cd9-b288-272229ad1704,5978beea-4cfb-4b7d-9e0b-3a907bb90b57,4249c88c-d0ac-433f-b414-903379d7b070,Vehicle released back to operations after sign-off.,f,2025-02-02 15:31:00+00
aa173459-0c67-4acd-847f-892b9cba1995,5978beea-4cfb-4b7d-9e0b-3a907bb90b57,4249c88c-d0ac-433f-b414-903379d7b070,Vehicle released back to operations after sign-off.,f,2025-02-03 10:26:00+00
9c861889-8c49-4fdd-9a32-dd54e9b72cc7,5978beea-4cfb-4b7d-9e0b-3a907bb90b57,a5403456-9417-4129-8376-a0508664c003,Inspected on arrival; confirmed the reported symptom.,f,2025-01-30 12:03:00+00
457af474-2374-421d-98d5-058fc6241f7c,fd8ef411-0dfd-4f84-ab12-2270320151c8,0bcca5d2-620c-4e90-ae82-fb6ffc7af33d,Escalated to the workshop foreman for a second opinion.,t,2024-08-22 15:50:00+00
1c50dca9-047f-4cca-a5f5-11a304b4e266,fd8ef411-0dfd-4f84-ab12-2270320151c8,0bcca5d2-620c-4e90-ae82-fb6ffc7af33d,Handed over to the next shift for completion.,f,2024-08-21 12:34:00+00
c5df5ef6-9abd-4fcc-82b2-a027d3afd0da,fd8ef411-0dfd-4f84-ab12-2270320151c8,0bcca5d2-620c-4e90-ae82-fb6ffc7af33d,Inspected on arrival; confirmed the reported symptom.,t,2024-08-18 15:12:00+00
a7f16c30-ed2a-4ea6-939a-314c455bb3ea,8f1cb620-e44a-432b-8c18-6e7613c34624,15dc60e6-ac87-4e43-940e-f17025d0156f,Escalated to the workshop foreman for a second opinion.,f,2025-10-22 05:50:00+00
845652dc-5ef7-4502-bc3d-f657d6c73027,8f1cb620-e44a-432b-8c18-6e7613c34624,73c05dbe-9e82-4f00-b52a-dab6d654c550,Vehicle released back to operations after sign-off.,f,2025-10-22 12:59:00+00
e120aae2-d368-4070-8211-6555c2f00c38,dc9e9cdb-5bf2-41c2-aec2-264c02d0e034,4c823f41-1c70-4687-81af-94c5feb0d762,Handed over to the next shift for completion.,f,2025-07-28 10:21:00+00
087e7f3c-140d-44a6-b237-fadfc8e7bdd9,dc9e9cdb-5bf2-41c2-aec2-264c02d0e034,cdd74f33-dff3-4b0f-8378-d2989570b4c6,"Parts ordered from the supplier, awaiting delivery.",t,2025-08-03 05:58:00+00
1da55843-44ee-4fa9-b8e4-af797ad0ad71,dc9e9cdb-5bf2-41c2-aec2-264c02d0e034,cdd74f33-dff3-4b0f-8378-d2989570b4c6,Vehicle released back to operations after sign-off.,t,2025-08-04 06:36:00+00
bb86cd8f-1fa2-4dbf-850c-e228cbfa833b,25cab6a7-a53e-43d2-9398-9636290e0e14,5759f3d2-34f3-483d-818a-1b5627a40557,"Parts ordered from the supplier, awaiting delivery.",f,2026-04-30 10:29:00+00
ffbef4f9-3e17-4ba8-b1b7-be049dc24778,25cab6a7-a53e-43d2-9398-9636290e0e14,5302dab8-326e-4660-b10d-447ccbcaff6f,Inspected on arrival; confirmed the reported symptom.,t,2026-05-08 12:17:00+00
3542f6ee-3074-435a-bdb8-e123aee6c12f,25cab6a7-a53e-43d2-9398-9636290e0e14,5759f3d2-34f3-483d-818a-1b5627a40557,Inspected on arrival; confirmed the reported symptom.,f,2026-05-07 11:51:00+00
9c03f25b-e054-438d-9bb2-43769815abc0,8554ea96-6d9e-42fc-9bb1-10619e6724cd,5112d5f5-2093-4684-9d83-f6270b86b2ea,"Parts ordered from the supplier, awaiting delivery.",f,2026-01-25 08:23:00+00
55fcc651-7882-4993-9f3b-c74011516011,8554ea96-6d9e-42fc-9bb1-10619e6724cd,5112d5f5-2093-4684-9d83-f6270b86b2ea,Inspected on arrival; confirmed the reported symptom.,f,2026-01-28 10:56:00+00
f938afe8-8c97-4aa4-aa86-e29f56f11fb3,8554ea96-6d9e-42fc-9bb1-10619e6724cd,5112d5f5-2093-4684-9d83-f6270b86b2ea,"Parts ordered from the supplier, awaiting delivery.",f,2026-02-04 13:10:00+00
97ae5286-37cf-4ad5-a4fe-7c3ba99d51c5,6c3e739d-0a6f-4a35-aafc-c57b4b15fd1b,9ef1e83f-d503-498c-88e6-f45431b9299a,Work completed and the vehicle was road tested before release.,f,2025-10-27 15:42:00+00
0649ab68-61b3-4dd2-8b65-882324af0c03,6c3e739d-0a6f-4a35-aafc-c57b4b15fd1b,59064e3f-1d1e-4817-8491-724ae8d85add,Escalated to the workshop foreman for a second opinion.,f,2025-10-28 07:04:00+00
0eb9ca43-3aeb-44a8-8873-e35afdb483c2,4c733d36-8aed-411a-a36c-4c676ea99aa2,e03cf70b-8427-4f1c-b5ab-29a941a4386f,Handed over to the next shift for completion.,f,2026-01-30 11:28:00+00
1bf0f08e-9c9e-4926-bc9c-2edfaa581f99,4c733d36-8aed-411a-a36c-4c676ea99aa2,e03cf70b-8427-4f1c-b5ab-29a941a4386f,Work completed and the vehicle was road tested before release.,f,2026-02-02 14:59:00+00
b81ad018-8e50-43d0-ad1f-c4c8ac1dc4ea,4838c0fe-6221-4a5b-913d-413d0dc2c38b,20064787-286e-445a-af95-65111a530936,Work completed and the vehicle was road tested before release.,t,2026-05-11 17:31:00+00
f7ee38db-86c6-4a4f-b005-97cbfed760e1,c77678d8-1791-4313-b310-c41d66d54370,5b986620-72d7-42a9-92df-7e33bfdc00b0,"Parts ordered from the supplier, awaiting delivery.",f,2025-07-30 17:09:00+00
8200aa6b-75fa-463c-afcd-3b471bedef4a,c77678d8-1791-4313-b310-c41d66d54370,5b986620-72d7-42a9-92df-7e33bfdc00b0,Inspected on arrival; confirmed the reported symptom.,f,2025-08-03 11:55:00+00
de7937dc-5dba-4520-ac0d-c853c09b3e37,83f64cb6-868f-4eaa-9ec5-510aa388c3c8,45e88c26-b5d7-4353-ad6a-6acd15416a21,Escalated to the workshop foreman for a second opinion.,t,2024-09-26 12:28:00+00
591b97d9-edbc-444c-94f5-ede4650990ac,83f64cb6-868f-4eaa-9ec5-510aa388c3c8,45e88c26-b5d7-4353-ad6a-6acd15416a21,Handed over to the next shift for completion.,f,2024-09-18 09:25:00+00
ebbb7c73-5a0b-421c-b1da-c4a5b153c341,ec17643f-7d57-4b93-8099-c7be9320ebdb,710e986c-a4dc-4bf7-97a2-7c099f57423d,Escalated to the workshop foreman for a second opinion.,f,2026-07-23 13:16:00+00
55d9b427-0fa2-4ccc-a0e2-05e24013d307,ec17643f-7d57-4b93-8099-c7be9320ebdb,710e986c-a4dc-4bf7-97a2-7c099f57423d,Handed over to the next shift for completion.,f,2026-07-19 08:58:00+00
77cbd60b-3b78-41bc-a1fb-add3933e7fd8,51b89f69-22ad-40f8-a53e-30f768d1b5cc,d777fd45-9849-49e2-b338-e97c3d11e8cc,Vehicle released back to operations after sign-off.,t,2026-08-05 05:28:00+00
394d26c2-2336-4027-a92d-e45ce88f12c3,65c623d3-7bdb-42e4-b799-b4c9c09aa217,246980b5-110b-4571-9060-906f0c1ed19f,Escalated to the workshop foreman for a second opinion.,t,2024-11-16 07:39:00+00
0664c23a-5449-432c-ac16-e6ddb5dfb414,0de27740-f6d2-4d93-9b99-d95eba807c21,785218fb-cfc1-466f-8524-05e00d4d22a9,"Parts ordered from the supplier, awaiting delivery.",f,2025-08-04 15:06:00+00
bceed28f-0184-4d9d-9ba2-02d8c48e3100,0de27740-f6d2-4d93-9b99-d95eba807c21,ece2a321-bc6d-4cdf-9d3a-f642ed83ae68,Vehicle released back to operations after sign-off.,t,2025-08-04 14:09:00+00
9e536ec8-2484-4ec9-afb7-779cdc48f172,0de27740-f6d2-4d93-9b99-d95eba807c21,785218fb-cfc1-466f-8524-05e00d4d22a9,Handed over to the next shift for completion.,f,2025-07-27 09:46:00+00
aa8826ef-a852-4977-81e6-fde2254eca7b,1b6ab0b6-2dbe-4493-a585-e211c6bba7de,2915ad05-7ac6-45ab-b21f-9bd0b6a18328,Inspected on arrival; confirmed the reported symptom.,f,2025-12-10 08:00:00+00
56f3357e-547c-4f8d-9845-b05dfd3f4f48,1b6ab0b6-2dbe-4493-a585-e211c6bba7de,2915ad05-7ac6-45ab-b21f-9bd0b6a18328,Handed over to the next shift for completion.,f,2025-12-16 10:43:00+00
5ccf28c6-06f8-4a35-8f7c-60b02e07739e,1b6ab0b6-2dbe-4493-a585-e211c6bba7de,6307ed65-c77c-40e7-9e0f-0b67135eb7b1,Work completed and the vehicle was road tested before release.,f,2025-12-16 11:42:00+00
9ec6e103-cc56-4794-aacc-5756dda61ece,cf3d7add-fbde-4740-9974-1fbc19e215f3,65e1c26e-af5d-4b8c-94f7-12f2c561b570,Handed over to the next shift for completion.,f,2025-10-27 10:08:00+00
b8afcb22-1f7b-48fa-a956-c07b1f251896,cf3d7add-fbde-4740-9974-1fbc19e215f3,65e1c26e-af5d-4b8c-94f7-12f2c561b570,Escalated to the workshop foreman for a second opinion.,f,2025-10-16 07:40:00+00
dd7e3ba9-1300-433c-9b7f-84530e2b5c1b,cf3d7add-fbde-4740-9974-1fbc19e215f3,65e1c26e-af5d-4b8c-94f7-12f2c561b570,"Parts ordered from the supplier, awaiting delivery.",f,2025-10-23 09:24:00+00
534ba273-81bd-4d2f-819b-31bf00db9578,18dbf873-87c5-4a1f-9551-dc46d86aa476,545309cb-bfd9-4596-abb4-4461e08e7f5c,Vehicle released back to operations after sign-off.,f,2025-06-29 07:44:00+00
4b5a33da-4f7e-4d01-ac21-d6bc86c8e847,18dbf873-87c5-4a1f-9551-dc46d86aa476,8eff9acb-560a-454d-b4e0-e23389a2264b,Escalated to the workshop foreman for a second opinion.,t,2025-07-01 10:04:00+00
0b73c6a4-134d-403c-9745-91b58e55270a,5a20a8a4-758e-4526-ae8c-bf13f3005135,f84c945b-9cf0-4da2-b016-540bd11e036f,Escalated to the workshop foreman for a second opinion.,f,2026-05-25 14:23:00+00
506096ca-e46d-4f7c-86ec-d4c9f42e252a,5a20a8a4-758e-4526-ae8c-bf13f3005135,f84c945b-9cf0-4da2-b016-540bd11e036f,Escalated to the workshop foreman for a second opinion.,f,2026-05-16 16:42:00+00
131072b6-0cb6-420e-9438-ef7d027bc222,1c828d8a-627d-49c4-a2d0-800c97149545,2e1b0afe-0496-4426-b986-9eee617c68c8,Vehicle released back to operations after sign-off.,f,2026-05-03 07:44:00+00
7e51812c-b4d1-41d2-83a7-1cb7bf568e96,1c828d8a-627d-49c4-a2d0-800c97149545,73c05dbe-9e82-4f00-b52a-dab6d654c550,Handed over to the next shift for completion.,f,2026-04-30 10:42:00+00
9370a0c6-2de8-4ef9-952a-577e544e0940,a1b311af-8cbe-4ef6-94a4-ce7fd59aecae,20064787-286e-445a-af95-65111a530936,Vehicle released back to operations after sign-off.,f,2025-03-29 17:46:00+00
6275d094-d92f-4e3a-b21c-18a5539a463e,a1b311af-8cbe-4ef6-94a4-ce7fd59aecae,b5e9f1ed-2062-4d19-b2b1-2c2f5f9d9d1d,Handed over to the next shift for completion.,f,2025-04-07 12:38:00+00
8dbe5bc1-dd45-45dd-8506-41d6250fe878,f2e00ce5-d0a0-42b6-99b4-a6ee0b3f868d,af901256-e5d4-4ea1-b95a-c5f2006a7629,"Parts ordered from the supplier, awaiting delivery.",f,2025-12-21 14:06:00+00
3a93457c-67f8-485c-8194-95a5670de254,f2e00ce5-d0a0-42b6-99b4-a6ee0b3f868d,802b1d2e-50c9-4825-a3ef-2b31b40f3569,Inspected on arrival; confirmed the reported symptom.,t,2025-12-21 14:06:00+00
7c55c0a2-3d9a-4a48-a660-cdbddef66627,a0625a83-7ad9-40ca-8a79-f9e76ff838f2,ff7c83e7-5c79-453d-ba13-4194d70d1e17,"Parts ordered from the supplier, awaiting delivery.",f,2025-05-27 17:22:00+00
ffc5614e-8552-440a-9d1d-7746095efb8f,a0625a83-7ad9-40ca-8a79-f9e76ff838f2,ff7c83e7-5c79-453d-ba13-4194d70d1e17,"Parts ordered from the supplier, awaiting delivery.",t,2025-05-17 11:17:00+00
9ea80aff-9731-4a9c-a9d0-d10cf76666f6,a0625a83-7ad9-40ca-8a79-f9e76ff838f2,37312388-fdb3-4d96-a270-ec86cf28080e,Handed over to the next shift for completion.,f,2025-05-24 06:28:00+00
3bbe5b91-1ae0-44bc-9ff1-35a3c4d38c5b,5ddd9f44-cc7e-4576-bfb0-5b73102e3d31,263a5437-f0ae-4504-bd2f-56be5d901456,Work completed and the vehicle was road tested before release.,f,2025-06-14 16:50:00+00
4977a508-d72f-4ec5-9dac-9ecaca4af170,5ddd9f44-cc7e-4576-bfb0-5b73102e3d31,4004e7eb-3344-4419-9e8c-b6a39833a966,Handed over to the next shift for completion.,f,2025-06-14 12:40:00+00
19a78cd2-0f7e-4922-b270-7b7ae62501f1,8f7987cb-b701-45d8-849f-52eef75f007f,022e5872-55c1-40d7-b067-cc60fae673de,Handed over to the next shift for completion.,f,2025-06-29 05:40:00+00
1fe03136-46b3-4ce2-85d1-68e3000d73a5,8f7987cb-b701-45d8-849f-52eef75f007f,c90df745-1d60-4fee-882f-634728b39f2d,"Parts ordered from the supplier, awaiting delivery.",f,2025-07-04 12:18:00+00
58ab1113-5215-49f4-aeb2-3ec519c57b95,8f7987cb-b701-45d8-849f-52eef75f007f,c90df745-1d60-4fee-882f-634728b39f2d,Vehicle released back to operations after sign-off.,f,2025-06-26 05:20:00+00
5d40430b-4894-4b5f-bda3-47f71f907c89,00905248-0fff-46db-a844-4ed2fe01a164,8f36fe73-d255-4230-aa2a-00fa311454ec,Escalated to the workshop foreman for a second opinion.,f,2025-03-22 05:01:00+00
1ef30dfa-737b-47cc-877f-f67237e60180,00905248-0fff-46db-a844-4ed2fe01a164,bdd93a99-626e-4675-b9a7-acfd49c28c66,Inspected on arrival; confirmed the reported symptom.,f,2025-03-21 16:37:00+00
2344f2f7-18ff-4821-9b10-aa48481ece1f,afc881a3-8f5e-4fe8-ba43-3632c14fb184,ac56c0dc-f5dc-458e-ad2c-545b392395a3,"Parts ordered from the supplier, awaiting delivery.",t,2025-10-23 10:18:00+00
319081c1-4d5b-47f5-83f1-d6198a6ccdc5,506258ea-e43c-47ee-b259-3ad81a795141,8679d499-93b5-4c67-96a9-235351c57233,Work completed and the vehicle was road tested before release.,f,2026-04-25 12:06:00+00
6fdfad57-7214-433d-ad26-fdf8351b054e,c9d76b31-87ac-4160-8aa9-f6963b2a1346,4564c7cd-c427-4d40-8bd2-e97e8f18760b,"Parts ordered from the supplier, awaiting delivery.",f,2024-10-15 15:04:00+00
f8bbf5c5-d573-4a51-a386-c89cfb02829c,c9d76b31-87ac-4160-8aa9-f6963b2a1346,4564c7cd-c427-4d40-8bd2-e97e8f18760b,Escalated to the workshop foreman for a second opinion.,f,2024-10-18 10:59:00+00
c0433a6f-6f33-47d9-904c-c43c42b2e19e,c9d76b31-87ac-4160-8aa9-f6963b2a1346,4564c7cd-c427-4d40-8bd2-e97e8f18760b,Inspected on arrival; confirmed the reported symptom.,f,2024-10-23 05:25:00+00
17c1be83-704a-4217-add5-2adad778be2e,dd877e8c-e8ad-4af5-9180-a10877d39002,597c6eba-286e-440e-922e-420efd907fcc,Escalated to the workshop foreman for a second opinion.,f,2026-05-10 05:11:00+00
d252b2f6-6c13-4450-9987-565006f5f864,609d827a-2252-4501-83c7-3b0ccd6d8afc,e2199342-06c7-43be-a8c3-07bc1762f57f,Vehicle released back to operations after sign-off.,f,2025-07-02 05:10:00+00
899c2398-70ff-4056-bafa-aee25fb24045,5e385a9d-774f-4735-a586-a4c28340d95c,e2edbfb4-2380-494b-9a6e-6f70b8be6c90,Escalated to the workshop foreman for a second opinion.,f,2025-03-01 13:30:00+00
dbd39cd0-243d-45df-af76-be6e4b9523a9,c2e740a6-46af-4ac7-b2e3-da9b5c5ed00b,af901256-e5d4-4ea1-b95a-c5f2006a7629,Escalated to the workshop foreman for a second opinion.,f,2025-07-21 13:30:00+00
9aefbd3d-4e48-4da9-953d-fdc0412f8798,4254ab09-5e18-40aa-a8e9-cfdfb4b09871,1246b49b-4c2a-428c-9e26-abdd7df1b7e0,Vehicle released back to operations after sign-off.,t,2025-02-28 14:42:00+00
217ac6fb-a150-4062-8af7-f4938ba49f70,4254ab09-5e18-40aa-a8e9-cfdfb4b09871,1246b49b-4c2a-428c-9e26-abdd7df1b7e0,Escalated to the workshop foreman for a second opinion.,t,2025-02-23 14:33:00+00
bd48a9b2-1d23-494d-9532-7cda7bf0c8ea,25c9a38d-e7dd-497e-9b25-1ae6bab035a5,9307f79e-1989-450c-8410-9c18f986c0cf,"Parts ordered from the supplier, awaiting delivery.",f,2025-12-27 10:55:00+00
8b5ea12e-cf81-42cf-8d21-4679bedaa110,811d18c5-c158-4224-ac76-dd10496856f6,b532922b-d266-423a-8b64-6756f96af531,Work completed and the vehicle was road tested before release.,f,2026-06-27 13:07:00+00
665cb16d-cc03-4ee9-882d-f8bf800d359b,811d18c5-c158-4224-ac76-dd10496856f6,829a4aba-bfc5-46a7-beff-bf556004d109,Vehicle released back to operations after sign-off.,t,2026-06-21 14:09:00+00
58f4131f-e901-4797-b473-ff3a72bc6ce2,580d959d-cc26-43d0-82d3-f2c7fe95f3e1,d8f399ad-71ac-433b-9603-54c2ebce9462,Vehicle released back to operations after sign-off.,f,2026-04-02 12:34:00+00
4a761359-468e-4c8c-b8d0-eb86bc254d95,9f59143f-649e-4cb8-9e42-ffdc7f35e942,fca6c7c6-7891-4e0d-bae3-be75e03db35c,Escalated to the workshop foreman for a second opinion.,f,2025-07-31 11:12:00+00
f99b9509-a27f-43b9-b63e-e89e7c82e309,11788b9e-b1b5-46a2-9cac-e50865e298d3,17a78c48-dd35-41f3-9ae8-30460de6feb8,Handed over to the next shift for completion.,f,2025-07-30 06:35:00+00
394c0380-5f16-47da-9364-a915fc25af82,c2589cd5-0fa2-42ff-8398-512a66f2f366,97cc4d1b-3c67-439f-8fdf-b355eb120cfa,Vehicle released back to operations after sign-off.,f,2025-06-29 15:25:00+00
207b1cac-679f-4273-bd50-978da31e7468,6c88e462-6ec0-4d87-87d6-7f84c8b3e61b,785218fb-cfc1-466f-8524-05e00d4d22a9,Handed over to the next shift for completion.,f,2025-11-02 10:28:00+00
604fcf7d-78c8-4c68-bcb6-04881dad2cff,6c88e462-6ec0-4d87-87d6-7f84c8b3e61b,785218fb-cfc1-466f-8524-05e00d4d22a9,Work completed and the vehicle was road tested before release.,f,2025-10-26 08:09:00+00
3205804c-f9c4-4c48-83c0-a735e1f02f40,6c88e462-6ec0-4d87-87d6-7f84c8b3e61b,3c90f1c6-065f-43ab-a8fc-5448c3c970a3,Escalated to the workshop foreman for a second opinion.,t,2025-10-26 17:18:00+00
781710a8-db8e-471b-bed6-46f843c0b1f8,49f3f4cb-ae05-48e3-8af6-eb07cead8db2,35435063-92fc-49ec-8f3f-19b3b315f062,Handed over to the next shift for completion.,f,2025-02-06 10:40:00+00
b6ae0325-8554-44f4-9d79-ffdbbae32a1f,49f3f4cb-ae05-48e3-8af6-eb07cead8db2,35435063-92fc-49ec-8f3f-19b3b315f062,Inspected on arrival; confirmed the reported symptom.,f,2025-01-31 14:44:00+00
49a2960a-5662-44cb-af0c-477977aee670,579b8e56-2edc-4fcd-8afb-d27f2e29a8c4,c43b4443-f438-4b6f-93b9-7565a30bd3a2,Handed over to the next shift for completion.,f,2026-08-17 14:50:00+00
f1727c88-504a-4fb5-aa43-b754d7baf782,579b8e56-2edc-4fcd-8afb-d27f2e29a8c4,cdd74f33-dff3-4b0f-8378-d2989570b4c6,Vehicle released back to operations after sign-off.,t,2026-08-12 14:41:00+00
c3458485-75e7-49c7-bf0b-da8f8372ca7c,579b8e56-2edc-4fcd-8afb-d27f2e29a8c4,c43b4443-f438-4b6f-93b9-7565a30bd3a2,Handed over to the next shift for completion.,f,2026-08-15 11:27:00+00
2a5f3b8f-a0df-4bc8-ac4e-f9176c36ca83,a782f7de-104c-49dd-8b3e-a4fb83361cc5,7ab528b9-cbf7-4b46-8d45-847ab79da77d,Vehicle released back to operations after sign-off.,f,2026-01-28 12:20:00+00
543fa587-e337-4bba-b4c3-4e7fe0e17fbf,6f89dded-bb5d-4b7d-be3c-b052ad109eae,ac56c0dc-f5dc-458e-ad2c-545b392395a3,Inspected on arrival; confirmed the reported symptom.,t,2025-07-06 14:55:00+00
345bc664-4bde-4d66-b7b8-365208f57fe6,6f89dded-bb5d-4b7d-be3c-b052ad109eae,ac56c0dc-f5dc-458e-ad2c-545b392395a3,Escalated to the workshop foreman for a second opinion.,f,2025-07-07 09:14:00+00
8d3dc615-6462-476a-9129-7a137bc15e77,6f89dded-bb5d-4b7d-be3c-b052ad109eae,8679d499-93b5-4c67-96a9-235351c57233,"Parts ordered from the supplier, awaiting delivery.",f,2025-07-06 17:23:00+00
b5405e2f-f16f-457f-b491-12e344b74c19,246f2b95-cc47-4da9-99bc-f8c4d91d4358,b86c3428-f167-40ff-8973-9c69b332b108,Escalated to the workshop foreman for a second opinion.,f,2026-06-23 05:56:00+00
9517c9e2-5a79-4f14-ae37-866dacc9c042,e818fe0e-b834-4350-ad3a-99e645c1b306,0e660caf-be56-441a-9248-89924b2ed16d,Inspected on arrival; confirmed the reported symptom.,f,2025-01-30 14:35:00+00
41c70630-7da6-4309-9145-4152c6f3694b,e818fe0e-b834-4350-ad3a-99e645c1b306,0e660caf-be56-441a-9248-89924b2ed16d,Escalated to the workshop foreman for a second opinion.,f,2025-02-07 09:05:00+00
c8b60e8c-e37d-4a9b-bf72-52252b40d0bc,e818fe0e-b834-4350-ad3a-99e645c1b306,0e660caf-be56-441a-9248-89924b2ed16d,Work completed and the vehicle was road tested before release.,f,2025-02-03 12:34:00+00
486b9c75-e3a6-4e5b-9ca1-f892ca97294a,09c34bb2-3503-41a6-9aaa-95a4cf217205,b7d6f932-49f4-46ba-85fa-9c50ab72be6f,"Parts ordered from the supplier, awaiting delivery.",t,2025-02-26 17:45:00+00
809bbf1f-c158-4a0c-884e-0385d1098026,5b59824e-f57e-4f32-9c19-ee299cdec261,e1c1397c-6345-47ab-948e-0f3e68d615b7,Work completed and the vehicle was road tested before release.,t,2025-11-04 17:07:00+00
0d444479-9f18-4d96-b9be-7073e26e196b,80b4c98c-ab61-4eae-b16c-f00de913755e,5d43b353-f619-4792-b4f1-617a66b1975e,Inspected on arrival; confirmed the reported symptom.,f,2025-01-05 06:45:00+00
b89225be-4b7c-4c80-a7cc-99cabce5a6ed,80b4c98c-ab61-4eae-b16c-f00de913755e,5d43b353-f619-4792-b4f1-617a66b1975e,"Parts ordered from the supplier, awaiting delivery.",f,2025-01-03 05:28:00+00
4ed23750-2155-4769-b675-393d03c81f31,80b4c98c-ab61-4eae-b16c-f00de913755e,799f9455-62db-4da1-8b99-9f32da209d65,Escalated to the workshop foreman for a second opinion.,f,2025-01-07 12:06:00+00
d99a668c-71ae-48c6-910e-a9528a767d64,56075721-4cf4-4ae7-b93c-96eef401d069,83ec1f03-5a3e-4e22-bc6f-57947070ce66,Inspected on arrival; confirmed the reported symptom.,f,2024-08-24 07:07:00+00
cac72401-09fe-4bff-a81f-a05a3b5a4293,56075721-4cf4-4ae7-b93c-96eef401d069,83ec1f03-5a3e-4e22-bc6f-57947070ce66,"Parts ordered from the supplier, awaiting delivery.",f,2024-09-01 16:04:00+00
5948f86a-916c-42f9-b394-99ae20da6699,56075721-4cf4-4ae7-b93c-96eef401d069,fc40d020-6df0-48d5-964e-6051e0f01179,Handed over to the next shift for completion.,t,2024-08-27 10:08:00+00
a5cd8166-12e8-4bd2-93d9-d43f64201701,a3521abb-da6e-41b0-a04f-c5e721445964,8a906ddd-efc9-4d97-a3e2-4e1e20eba9ae,Escalated to the workshop foreman for a second opinion.,f,2025-05-16 08:19:00+00
bf4bfc13-9c7b-4246-ae13-2748aad5c4c0,a3521abb-da6e-41b0-a04f-c5e721445964,00e5d1da-737f-4af2-9618-a843c6ba6bc0,Inspected on arrival; confirmed the reported symptom.,t,2025-05-25 12:53:00+00
6f199c10-4c8a-4628-8e4c-44cee0002a09,aa6f7cbb-0846-43ae-97ad-4bf0a042d2b5,accf0286-4b23-46a3-851f-00be6bdd8e5f,Inspected on arrival; confirmed the reported symptom.,t,2024-10-15 07:11:00+00
16df5035-5867-42a5-89ed-f50681aff67f,a0db5340-6a50-438c-8cac-a578c6abe33a,42665fec-7225-4509-8ad2-324bb15dc7cf,"Parts ordered from the supplier, awaiting delivery.",f,2025-11-30 13:23:00+00
5e0635c1-b518-4c9a-a656-af5e9fc06f99,01d9bbe9-1706-4aea-a7a7-9269ec07f93b,a65b104c-d3be-4d8a-be5f-daa9ee0af4cc,Work completed and the vehicle was road tested before release.,f,2025-09-08 07:36:00+00
96083411-d7ff-492a-a1de-68eef0ed4b83,98b4da64-5006-418f-ba69-80a239dafbec,fe8b8a5c-fa8d-4338-bff2-c33473622fe7,"Parts ordered from the supplier, awaiting delivery.",f,2025-03-18 09:27:00+00
a44ef350-6dc2-4b65-97a1-b0a83593092e,ece535b2-524c-4bc0-b223-77d33202a663,b8bd2693-6e8f-4d53-8f57-8abb50dbc33c,Inspected on arrival; confirmed the reported symptom.,f,2025-05-23 06:29:00+00
f8509b05-e2cf-4601-a7f5-717e8e8fc2ad,ece535b2-524c-4bc0-b223-77d33202a663,b8bd2693-6e8f-4d53-8f57-8abb50dbc33c,"Parts ordered from the supplier, awaiting delivery.",f,2025-05-16 11:56:00+00
1e81cb85-2be6-4be9-8296-215df7a3cbea,fb68fe00-2069-405c-b672-1ff35e1bc1fe,989c4623-2ef3-4227-8eb3-779db0586ef1,"Parts ordered from the supplier, awaiting delivery.",f,2024-08-30 05:51:00+00
9f231fc1-f0b0-4b91-8f43-3dd7e6b64cd3,be599043-a0ea-43b1-979f-1f1fca820b1c,ff7c83e7-5c79-453d-ba13-4194d70d1e17,Work completed and the vehicle was road tested before release.,f,2026-04-22 11:03:00+00
d14e968d-6a96-4804-94df-940eaea8e6ba,be599043-a0ea-43b1-979f-1f1fca820b1c,ff7c83e7-5c79-453d-ba13-4194d70d1e17,Vehicle released back to operations after sign-off.,t,2026-04-14 08:06:00+00
7724bcfe-9a5e-4e42-a63f-f96e901c2a0f,a1f5413a-fb61-409e-aea1-234211567770,6c4cf384-9ab6-4f43-8812-d549c1764862,Work completed and the vehicle was road tested before release.,f,2025-06-23 09:31:00+00
88bbd68c-cc5b-48fe-9290-a74807b1f748,654f1b48-a756-46a0-9860-564f37524d9c,ba7951af-1b58-44f9-b4c1-ddf3453c6d77,Vehicle released back to operations after sign-off.,f,2025-09-08 06:44:00+00
d6a583d9-4b92-45c4-b262-8301e5939940,654f1b48-a756-46a0-9860-564f37524d9c,ba7951af-1b58-44f9-b4c1-ddf3453c6d77,Handed over to the next shift for completion.,f,2025-09-03 10:44:00+00
0c94487d-bb86-4fd2-8b5a-78a69aeeb96e,2f949f41-e7f8-4b37-80a2-1818ec8ba978,3898aa8b-e3d3-459d-9a76-60401f8181f0,Handed over to the next shift for completion.,t,2025-07-24 05:13:00+00
5ee3a5d9-c19a-4e9d-8c82-fd45a3b53591,2f949f41-e7f8-4b37-80a2-1818ec8ba978,22389be1-8cf4-468e-a72b-11faaa6d0aff,"Parts ordered from the supplier, awaiting delivery.",f,2025-07-26 08:22:00+00
21fa2ccd-4917-42da-b3d0-d4f9a27bbc5b,6525f8f1-a857-4f06-8bef-dc48501d97b2,a53e8145-78e8-49bf-8bf6-d2a4f5d6e5d4,Vehicle released back to operations after sign-off.,f,2026-06-17 08:35:00+00
1cecd85d-6ecf-4583-9a1a-be82ff43b2b5,6525f8f1-a857-4f06-8bef-dc48501d97b2,5302dab8-326e-4660-b10d-447ccbcaff6f,Work completed and the vehicle was road tested before release.,f,2026-06-16 09:03:00+00
84e8342b-3047-4afa-8360-29882ffc949b,6525f8f1-a857-4f06-8bef-dc48501d97b2,a53e8145-78e8-49bf-8bf6-d2a4f5d6e5d4,Work completed and the vehicle was road tested before release.,f,2026-06-17 17:25:00+00
699093f9-6ddc-4683-a6c5-b24b0a2e47df,4e61d410-d7ac-41a7-a3e3-7c86c3889cce,66f76268-d181-4cea-bbf9-29b5446250fb,Vehicle released back to operations after sign-off.,f,2024-09-09 12:21:00+00
3e6e48eb-eb64-4e2c-a953-bc1ff857d663,4e61d410-d7ac-41a7-a3e3-7c86c3889cce,66f76268-d181-4cea-bbf9-29b5446250fb,"Parts ordered from the supplier, awaiting delivery.",f,2024-09-04 13:34:00+00
78a85ec3-7254-4a08-9c85-78b2ce4b0cb3,1904b520-e942-4d80-b90d-c70e5cc20d10,e99de6d2-f02b-433d-81b3-796785680957,Escalated to the workshop foreman for a second opinion.,f,2026-03-22 13:19:00+00
2c99c405-bcee-4350-8e19-3b6f6ea7f1ec,d12c1fe2-6798-42b8-be1c-0b3d132f478f,6460d438-9ae3-4a00-97a6-bde550b8ea43,Vehicle released back to operations after sign-off.,f,2025-08-06 13:16:00+00
ce6298fc-d3fe-4fbf-ab56-a1dd64601024,d12c1fe2-6798-42b8-be1c-0b3d132f478f,6460d438-9ae3-4a00-97a6-bde550b8ea43,Handed over to the next shift for completion.,f,2025-07-29 16:09:00+00
b3da639e-7594-4db0-b21c-b728034e65a3,a8e54f3d-490a-446e-a280-e5f7d1212056,dedd34c4-030e-4a29-b3b3-20abc8e2ed74,Escalated to the workshop foreman for a second opinion.,f,2025-03-19 10:27:00+00
b7a9f2cd-34a6-4664-a80c-0f2eaa045f44,5316581c-3b74-490a-b2e8-41c05312e62c,b98804b5-aaf4-4355-961f-ff75a2e4dcaf,Escalated to the workshop foreman for a second opinion.,f,2024-10-22 17:31:00+00
bf8bd24e-9895-46b4-a16b-9f3e55bafa3e,5316581c-3b74-490a-b2e8-41c05312e62c,829a4aba-bfc5-46a7-beff-bf556004d109,Handed over to the next shift for completion.,f,2024-10-22 09:11:00+00
6241a8ad-79c0-46fe-8d0e-9c79938b3a4f,5316581c-3b74-490a-b2e8-41c05312e62c,b98804b5-aaf4-4355-961f-ff75a2e4dcaf,"Parts ordered from the supplier, awaiting delivery.",f,2024-10-24 16:20:00+00
c7e23c3d-6c9b-479f-a21d-c013a734a935,efbf6f95-05fe-4307-977e-7d320f730c0f,b8bbd9f8-2a17-4177-ad6e-84d27e2b8d5f,Work completed and the vehicle was road tested before release.,f,2026-07-29 06:17:00+00
6a322eac-dab6-4c6e-9cee-45c7173905a5,2609d36b-688e-4b41-998b-bfcd7acad482,10189291-be15-401e-96a4-9be58799479f,Inspected on arrival; confirmed the reported symptom.,f,2025-05-30 07:45:00+00
21c2faaf-ccdd-4b91-a7c7-aa257eeaada4,2609d36b-688e-4b41-998b-bfcd7acad482,10189291-be15-401e-96a4-9be58799479f,Escalated to the workshop foreman for a second opinion.,f,2025-06-07 15:29:00+00
586f466c-1a71-45ac-b04d-0eb480671471,0c1f00d0-1aa4-436c-82c6-efd87bf577dc,accf0286-4b23-46a3-851f-00be6bdd8e5f,Handed over to the next shift for completion.,f,2025-11-18 14:22:00+00
2788689b-0737-43f3-a3e7-67732b2cd8d6,0c1f00d0-1aa4-436c-82c6-efd87bf577dc,accf0286-4b23-46a3-851f-00be6bdd8e5f,Vehicle released back to operations after sign-off.,f,2025-11-14 08:48:00+00
7e10cdde-0a4c-4bc8-81ec-592a3cd653e0,0c1f00d0-1aa4-436c-82c6-efd87bf577dc,accf0286-4b23-46a3-851f-00be6bdd8e5f,Inspected on arrival; confirmed the reported symptom.,f,2025-11-19 08:43:00+00
3e6ef1c4-ffc4-4020-839c-93502d7dc667,dfc45c12-ea46-4de5-96b5-6daa1cdf9e42,8c96a864-951e-4d0a-9715-532a84a4bc30,Inspected on arrival; confirmed the reported symptom.,t,2025-01-31 09:51:00+00
bdd768ce-a1cc-4f6b-a132-f963fee14910,dfc45c12-ea46-4de5-96b5-6daa1cdf9e42,b993bb23-a481-4196-902b-78ab172f7c14,Inspected on arrival; confirmed the reported symptom.,f,2025-01-26 05:02:00+00
1499b50d-b50b-4d01-b7d4-3ddc117f8e33,915d70a3-31a8-4d0c-b8df-7201c85e669a,2ea7ff67-fdd7-4d0b-96cd-8dd768decfdd,Inspected on arrival; confirmed the reported symptom.,t,2025-08-07 15:42:00+00
8d7fbf32-fd16-4750-b508-4797c73e7002,9e700018-88ae-4411-ac2e-3024cbdea5b4,a9a9d2d2-09e7-40de-b060-8dec80491082,Handed over to the next shift for completion.,f,2025-07-24 05:23:00+00
34d7d585-a54e-4ae7-ad71-ebc4439ddfd1,9e700018-88ae-4411-ac2e-3024cbdea5b4,e3558ee6-f358-4467-ac51-00c0aa187644,Inspected on arrival; confirmed the reported symptom.,f,2025-07-22 10:23:00+00
432110ca-aa8e-46bb-a930-ea01dcfd438a,d26d94c1-8ecd-433f-9f95-86983b6e5be5,e54af5d3-572c-4427-9478-fdcf07c3aa68,Vehicle released back to operations after sign-off.,f,2026-02-28 08:31:00+00
7be13c85-adcd-4639-96f1-44c3bae2e74d,2dda1b3d-4530-4c53-a06c-d390de26b0ec,af901256-e5d4-4ea1-b95a-c5f2006a7629,Vehicle released back to operations after sign-off.,f,2026-08-13 17:18:00+00
f3655ab2-0501-4ed4-8487-c80ee0ad8ef3,2dda1b3d-4530-4c53-a06c-d390de26b0ec,af901256-e5d4-4ea1-b95a-c5f2006a7629,Work completed and the vehicle was road tested before release.,f,2026-08-19 05:33:00+00
0120839d-208f-48d2-82b8-40f8fbd3d0a8,abf8510a-564d-4e84-a16d-84a332229362,5d47a181-9a09-4bbf-9c80-c3da3e81e428,Inspected on arrival; confirmed the reported symptom.,f,2026-07-24 12:28:00+00
ae320b00-69ec-4154-a07f-f2e3539ef16a,ebfbf501-5004-4242-a27a-ff4d0196a0b9,0bcca5d2-620c-4e90-ae82-fb6ffc7af33d,Work completed and the vehicle was road tested before release.,f,2025-02-24 09:21:00+00
2fea944c-d71f-42ec-a755-6e82d0ff14f3,ebfbf501-5004-4242-a27a-ff4d0196a0b9,0bcca5d2-620c-4e90-ae82-fb6ffc7af33d,Inspected on arrival; confirmed the reported symptom.,f,2025-02-26 17:07:00+00
cc39a995-1ebc-4917-b753-8ff0d2fd4ac8,ebfbf501-5004-4242-a27a-ff4d0196a0b9,ea324bca-a96a-4b21-bfbe-36e05de472bb,Work completed and the vehicle was road tested before release.,f,2025-03-01 08:45:00+00
454293e5-5374-42d0-b63c-b851ca8f6d2f,9cbb322a-23dc-4c75-8672-4bba9feff451,7ab528b9-cbf7-4b46-8d45-847ab79da77d,Escalated to the workshop foreman for a second opinion.,t,2025-05-04 11:48:00+00
137d84a0-9951-45d5-8614-d5378132d9a8,bb7749e4-8a40-4c9e-85a5-9a5f926798b5,7b2e85f9-7895-4aca-bf50-e37e9a354eb0,"Parts ordered from the supplier, awaiting delivery.",t,2025-03-24 11:11:00+00
e7ac3358-71f7-4bbc-a402-9d72257564cc,375f25bc-e11b-47b0-b806-93a89b5bb09b,ccba67cb-d7ef-4dfe-a87f-39cbd640dfab,Handed over to the next shift for completion.,f,2024-10-02 15:45:00+00
541ec83d-21e3-4b30-b284-f3b5034bd1e6,99b49c77-28fe-4f75-8b82-edd4cc2dd075,6d8966a8-2474-4d35-9fd9-7bb3b648f6fd,Vehicle released back to operations after sign-off.,t,2026-02-04 17:48:00+00
8d429020-59ff-462f-b8de-f22114e6158b,99b49c77-28fe-4f75-8b82-edd4cc2dd075,6d8966a8-2474-4d35-9fd9-7bb3b648f6fd,Escalated to the workshop foreman for a second opinion.,f,2026-02-05 06:11:00+00
6041ce54-ba01-4453-a11f-48a5f98adce1,a2d8dc3c-e7ff-4218-b7d7-1053ab7e824e,62d962ea-3a37-474e-8610-311f35bfaafd,Inspected on arrival; confirmed the reported symptom.,f,2025-12-31 06:42:00+00
a2171fab-e7b3-4e11-98da-bd6a91bf9be9,c76eafa8-1825-45a3-8444-f496f6346557,ba7951af-1b58-44f9-b4c1-ddf3453c6d77,Vehicle released back to operations after sign-off.,f,2025-04-16 15:04:00+00
54609d14-c266-4c88-8095-dcca4ef697fc,c76eafa8-1825-45a3-8444-f496f6346557,ba7951af-1b58-44f9-b4c1-ddf3453c6d77,"Parts ordered from the supplier, awaiting delivery.",f,2025-04-18 15:33:00+00
225f0a9a-437b-4a7f-8d9a-b1478133e5d5,c76eafa8-1825-45a3-8444-f496f6346557,ba7951af-1b58-44f9-b4c1-ddf3453c6d77,Handed over to the next shift for completion.,f,2025-04-20 06:30:00+00
8bc2e28d-895a-4bad-bd29-3b26b806e779,52b43672-0f9d-4004-95de-2882a4bb03c8,9a9f1947-811f-4d1f-a9f5-ca5d18d1c869,Vehicle released back to operations after sign-off.,f,2026-07-18 12:37:00+00
32e49181-c1dd-4ebd-bc1c-17593aff726c,52b43672-0f9d-4004-95de-2882a4bb03c8,9a9f1947-811f-4d1f-a9f5-ca5d18d1c869,Handed over to the next shift for completion.,f,2026-07-28 06:25:00+00
d92a4d71-ed35-4e40-9829-78bac2802e1a,e1ba2414-8cb9-4cc5-8b34-9238dc467918,31ce2993-96a0-48fd-a5c2-2cd19ba1d64f,Escalated to the workshop foreman for a second opinion.,f,2025-06-19 11:47:00+00
a5a6df1c-9ecf-488a-a332-bba507b22690,e1ba2414-8cb9-4cc5-8b34-9238dc467918,1ad7ccbc-6809-4f96-83f4-c7636a2a4728,"Parts ordered from the supplier, awaiting delivery.",f,2025-06-15 09:35:00+00
986ddeeb-6a67-42cc-8366-c8d26b8b86f6,2ffa0a3d-6e1b-4d9c-9956-169ce886e845,2fb7dab3-e151-490f-9c20-9b329d4fba20,Escalated to the workshop foreman for a second opinion.,t,2025-04-03 06:43:00+00
6a353403-9f3b-4fa5-9c76-3b208e31d186,2ffa0a3d-6e1b-4d9c-9956-169ce886e845,983f9089-e5b9-47df-95ca-ffb5d0ca1c39,Handed over to the next shift for completion.,f,2025-03-26 17:35:00+00
feceee5d-e647-4072-b42b-ee0baaf2d482,2ffa0a3d-6e1b-4d9c-9956-169ce886e845,983f9089-e5b9-47df-95ca-ffb5d0ca1c39,"Parts ordered from the supplier, awaiting delivery.",f,2025-03-31 13:23:00+00
b5ee2cb4-c884-4fd5-a565-8c13cd88fc15,71448909-6d3a-4c2b-a347-705054f913da,9ac1f452-afac-4a3b-b3eb-3e9ebe62c5a9,Vehicle released back to operations after sign-off.,f,2025-06-13 08:01:00+00
7b9a51ef-96a9-4025-b1a6-f3172447240b,71448909-6d3a-4c2b-a347-705054f913da,8c660120-06ae-494a-8b89-5ba8438020a9,Vehicle released back to operations after sign-off.,f,2025-06-14 11:51:00+00
d3cd9d2d-1e36-4dd3-a925-21ae2b41f788,71448909-6d3a-4c2b-a347-705054f913da,8c660120-06ae-494a-8b89-5ba8438020a9,Work completed and the vehicle was road tested before release.,f,2025-06-16 14:03:00+00
4677d15a-6765-4379-a681-1d0a50e61907,f99cd5fb-e78c-4152-9e5e-932b69efda83,5eaa01fc-d211-42fc-b8a3-b4264659d850,Work completed and the vehicle was road tested before release.,f,2026-04-24 11:21:00+00
80875cbb-53b7-4f88-9ff0-3f847663fd11,ecd059a2-7d3d-47b7-a8eb-f08652317db4,ebb9527c-518e-4fe9-a686-6a365ae6f8c8,Vehicle released back to operations after sign-off.,f,2026-03-16 16:51:00+00
af456d08-24d5-4aa2-8997-ef392f7989e0,ecd059a2-7d3d-47b7-a8eb-f08652317db4,667f1ef6-99d9-4cff-b551-bc452b65fc89,Vehicle released back to operations after sign-off.,f,2026-03-23 05:58:00+00
82c17e42-3ee8-41de-ab6f-05a0516dba68,ecd059a2-7d3d-47b7-a8eb-f08652317db4,ebb9527c-518e-4fe9-a686-6a365ae6f8c8,Handed over to the next shift for completion.,f,2026-03-21 10:19:00+00
83b52c08-2c75-491b-a5ef-f71249be9c67,75c5d8da-139d-46c2-8a8c-6836afbbf0dc,6307ed65-c77c-40e7-9e0f-0b67135eb7b1,Escalated to the workshop foreman for a second opinion.,f,2024-12-26 10:03:00+00
f813e0fa-d3d7-411a-af3d-ba939a4e8d7a,75c5d8da-139d-46c2-8a8c-6836afbbf0dc,6307ed65-c77c-40e7-9e0f-0b67135eb7b1,Work completed and the vehicle was road tested before release.,t,2024-12-30 11:49:00+00
88ab0b0e-94a1-475b-991d-e03534803864,75c5d8da-139d-46c2-8a8c-6836afbbf0dc,f84c945b-9cf0-4da2-b016-540bd11e036f,Escalated to the workshop foreman for a second opinion.,f,2024-12-30 08:00:00+00
51159549-d98c-4c78-97a7-aeae455fbe11,e96a17d4-da86-47ec-a0bf-9e790312c349,3ad6d85f-8eb2-429d-b6b0-9df328ae585b,Vehicle released back to operations after sign-off.,t,2026-05-20 07:55:00+00
5e3a7778-3c39-4ff4-904b-97632d5e9460,e96a17d4-da86-47ec-a0bf-9e790312c349,3ad6d85f-8eb2-429d-b6b0-9df328ae585b,Inspected on arrival; confirmed the reported symptom.,t,2026-05-17 14:55:00+00
085520eb-c7d7-4ecd-b4a2-79284ae8db1f,91915227-a31f-4ad7-af3e-da4269f040d3,2cd60729-dc8f-4065-95f7-a53f836a2138,Work completed and the vehicle was road tested before release.,f,2024-12-19 13:16:00+00
b86d97ac-9b94-42d4-be0a-128885736558,a60505a3-93b7-4331-b282-6e1e7f524dee,c3bd164c-dac0-42f6-a8bd-f5f7ab7dd58c,Handed over to the next shift for completion.,t,2025-04-20 12:55:00+00
9329b8b2-af44-49b8-9c77-0aa77b611d43,a60505a3-93b7-4331-b282-6e1e7f524dee,028fc067-0273-4225-ac7c-936820e2c296,Vehicle released back to operations after sign-off.,f,2025-04-21 11:43:00+00
27e13a6d-67b1-416e-bdb4-181a1b51d6c7,7b092f41-659d-4fd3-b021-f5bd351033f0,667f1ef6-99d9-4cff-b551-bc452b65fc89,Escalated to the workshop foreman for a second opinion.,t,2026-06-08 11:58:00+00
04dd9762-cbf3-4ae5-8ab6-b3f54f4f5c89,7b092f41-659d-4fd3-b021-f5bd351033f0,667f1ef6-99d9-4cff-b551-bc452b65fc89,Inspected on arrival; confirmed the reported symptom.,f,2026-06-05 14:20:00+00
175d5065-28f3-4456-8e32-005ed9433b86,300161c6-fa04-4685-adf0-5eaf7914f9fd,2e1b0afe-0496-4426-b986-9eee617c68c8,Escalated to the workshop foreman for a second opinion.,t,2026-04-18 10:16:00+00
32bbe48f-bf33-479d-ab07-2d3d6ec8fc5c,300161c6-fa04-4685-adf0-5eaf7914f9fd,2b2dd463-c79c-4e5e-9b4c-4bf76d30b8fa,Handed over to the next shift for completion.,f,2026-04-27 17:51:00+00
60ef483f-d87c-4070-abb4-132e0d2f21b5,0d7eed56-7055-4f8d-b592-65535454bbe4,fb16df24-42b0-44f6-8de3-8f95cdd7dc1f,Vehicle released back to operations after sign-off.,f,2026-05-09 11:26:00+00
3f8815d9-9650-4545-a6ab-7f4fe87d74de,0d7eed56-7055-4f8d-b592-65535454bbe4,b737044f-e300-48b8-8023-aa3efab6953e,Inspected on arrival; confirmed the reported symptom.,f,2026-04-30 16:54:00+00
f92a0ef5-46fc-4178-a3eb-7265318ed606,3c55a2f0-260f-4a2a-9532-307bfad17edf,071c8cbe-8125-4dde-ae07-2ac65beea113,"Parts ordered from the supplier, awaiting delivery.",f,2026-07-05 14:58:00+00
76b2ebbe-53fb-45ec-be2e-93634b245166,3c55a2f0-260f-4a2a-9532-307bfad17edf,69740143-f533-4866-a394-3d1ba98f20a7,Handed over to the next shift for completion.,f,2026-07-04 07:23:00+00
df65ab41-e252-455e-a6e6-47d7d180a291,3c55a2f0-260f-4a2a-9532-307bfad17edf,69740143-f533-4866-a394-3d1ba98f20a7,Escalated to the workshop foreman for a second opinion.,f,2026-06-29 06:29:00+00
67dc727e-fc5d-43a1-a6b4-bf7f5a21a71e,728e689e-300c-4132-9a87-159e26834381,c9a54ed1-18d6-44d1-a207-37620fd4bfd7,Handed over to the next shift for completion.,f,2026-04-27 08:30:00+00
2f83f3ff-cc0b-4051-b59e-e5c600f6f44b,728e689e-300c-4132-9a87-159e26834381,c9a54ed1-18d6-44d1-a207-37620fd4bfd7,Work completed and the vehicle was road tested before release.,f,2026-04-23 12:16:00+00
c53e07a2-0b12-4c79-8d11-3c00e60041ea,728e689e-300c-4132-9a87-159e26834381,cfcb23c6-f209-48fb-b2ab-5f79f711f9cc,Escalated to the workshop foreman for a second opinion.,t,2026-04-28 07:32:00+00
c074713b-3224-42de-8391-934857a377ab,cfc3f7a3-41e7-44d2-a142-3cea68755b98,5ca11cec-92af-4cf0-ba2a-b7ccc1954f40,Handed over to the next shift for completion.,f,2026-01-27 11:37:00+00
441b03ba-bf47-4dc3-b067-84bba3829225,cfc3f7a3-41e7-44d2-a142-3cea68755b98,dc7713dd-6bb6-4890-9467-499b23c21017,Vehicle released back to operations after sign-off.,f,2026-02-04 17:44:00+00
d9b621c7-4e03-44a2-8a2e-ecc6a0ccc30c,cfc3f7a3-41e7-44d2-a142-3cea68755b98,dc7713dd-6bb6-4890-9467-499b23c21017,"Parts ordered from the supplier, awaiting delivery.",f,2026-02-01 06:17:00+00
a4a0dc50-f64e-453d-9451-d6200557be3a,606b4b4f-e186-487f-9ba0-20e897028273,2dabb25f-496d-4f26-9fc4-bb7203fc6b06,Handed over to the next shift for completion.,f,2026-05-30 10:41:00+00
69cd1d60-7298-4ec7-82d0-03caa48ac10e,606b4b4f-e186-487f-9ba0-20e897028273,cf6c56e7-5755-4ee5-801e-f33afde6b249,Vehicle released back to operations after sign-off.,t,2026-05-29 08:55:00+00
0503172f-591b-45f8-a062-c745bf2369d7,606b4b4f-e186-487f-9ba0-20e897028273,cf6c56e7-5755-4ee5-801e-f33afde6b249,Work completed and the vehicle was road tested before release.,t,2026-05-21 07:17:00+00
f655118f-c803-4ee7-9b9a-e01f51ff4584,38020f16-2957-49f7-b30c-a05ad2e3c340,2e1b0afe-0496-4426-b986-9eee617c68c8,Work completed and the vehicle was road tested before release.,f,2025-12-16 14:02:00+00
fffbb936-72f1-40ca-acc7-90600c9636e5,a26d00da-df99-4bcd-b728-8dcbecbae810,e1c1397c-6345-47ab-948e-0f3e68d615b7,Handed over to the next shift for completion.,t,2024-10-19 10:55:00+00
71655f78-585d-4ba7-ac1c-9a047ed7f606,a26d00da-df99-4bcd-b728-8dcbecbae810,8f700fd2-3def-4b84-8c3c-b7d73e077fba,Handed over to the next shift for completion.,f,2024-10-20 10:51:00+00
7a2406d1-6020-44f2-94e6-2f2d2513bf50,a26d00da-df99-4bcd-b728-8dcbecbae810,e1c1397c-6345-47ab-948e-0f3e68d615b7,Handed over to the next shift for completion.,f,2024-10-28 14:17:00+00
833cccd1-c4e6-44c1-9447-a20abffe214f,62ac4146-b834-4335-a53d-97951a2e6e62,f7c70716-6d01-4c40-8743-ff7f08973f3a,Handed over to the next shift for completion.,f,2025-10-02 10:11:00+00
2f6c5855-4ceb-468a-88a2-acd08945f04c,62ac4146-b834-4335-a53d-97951a2e6e62,f7c70716-6d01-4c40-8743-ff7f08973f3a,Work completed and the vehicle was road tested before release.,f,2025-09-25 10:31:00+00
c3ecca2a-abf1-4276-ba1f-91905af6525c,62ac4146-b834-4335-a53d-97951a2e6e62,f7c70716-6d01-4c40-8743-ff7f08973f3a,Handed over to the next shift for completion.,f,2025-09-28 07:03:00+00
92fa47bf-ea6d-4628-bdd6-e24d48b77625,1ae8695e-ec8f-40b2-8115-9d79bb22d9fa,e9f418de-bd0f-4830-b4c0-9a74896ec78e,"Parts ordered from the supplier, awaiting delivery.",f,2025-09-03 07:07:00+00
26a2404d-fcb4-47aa-be1d-dfa243be9b53,1dbba0be-4e7b-4a84-bab4-e1a8c97bfd0c,0a5c7be1-9646-4614-bef8-51e664afec90,Inspected on arrival; confirmed the reported symptom.,f,2026-01-01 13:26:00+00
cc9f80e6-0351-4b01-981c-84604b02f17b,1dbba0be-4e7b-4a84-bab4-e1a8c97bfd0c,0a5c7be1-9646-4614-bef8-51e664afec90,Handed over to the next shift for completion.,f,2025-12-27 09:00:00+00
15cd78c5-415b-45fd-8048-4ea888a576ea,68b32952-5d0e-46cf-85d6-53fb51dccc08,b39348d1-7405-4464-8957-067b571cbe59,Inspected on arrival; confirmed the reported symptom.,f,2025-09-30 14:02:00+00
02813f02-1c9e-42c2-8da8-622e38ef5e45,68b32952-5d0e-46cf-85d6-53fb51dccc08,b39348d1-7405-4464-8957-067b571cbe59,Inspected on arrival; confirmed the reported symptom.,f,2025-09-21 16:14:00+00
9c2087d1-79ce-4612-92df-1b968d10ee9c,4e303a7d-e54c-4da9-8e68-fe5d46904811,2fb7dab3-e151-490f-9c20-9b329d4fba20,Vehicle released back to operations after sign-off.,f,2026-07-03 12:08:00+00
e5c07153-7ee7-4041-85d1-613690b54721,0e5d97eb-3c57-4bc3-88c7-3003afa4d047,6da56b94-12b8-4a84-a4fa-ca145145de53,"Parts ordered from the supplier, awaiting delivery.",f,2025-08-08 11:12:00+00
2c2e3524-f168-48ff-a3da-6f86aa584d46,0e5d97eb-3c57-4bc3-88c7-3003afa4d047,af5f0096-7cc6-4d72-ab69-0a461681aeb5,Inspected on arrival; confirmed the reported symptom.,f,2025-08-04 09:09:00+00
a237b043-0cd3-41e5-8df1-843b5e27b111,41a391f3-b12d-4ee0-8f9e-619541d1ee15,e3558ee6-f358-4467-ac51-00c0aa187644,Vehicle released back to operations after sign-off.,f,2025-08-02 12:11:00+00
268efa61-8fc8-48a5-84d3-45bce3a17e76,7ee98bd7-bbe0-456e-a651-223a3b0958d7,349e690e-52a1-4c2a-b549-9453d0c5b790,Vehicle released back to operations after sign-off.,f,2026-07-31 15:50:00+00
3fbc2d31-0e50-4880-bcb0-7c53af1c1d4f,7ee98bd7-bbe0-456e-a651-223a3b0958d7,b958f053-fb9d-4b81-9996-c7ca66269f1c,Escalated to the workshop foreman for a second opinion.,f,2026-08-01 14:24:00+00
50ec3c67-dc5e-4e7e-9e2f-a81ff022e6a4,7e5e880b-c494-41f7-820a-20a01287122a,2d980844-162a-4581-bbc6-75b9c502e459,"Parts ordered from the supplier, awaiting delivery.",f,2024-10-15 08:44:00+00
f0c8b254-5e67-44cf-a287-473032552ff4,7e27e6cd-b7b8-426b-93fb-f12563c1416e,233aac45-07b9-46b4-af83-c4c76f181669,"Parts ordered from the supplier, awaiting delivery.",f,2026-07-03 08:56:00+00
325b50a2-7f06-447c-881a-ee0171130b04,7e27e6cd-b7b8-426b-93fb-f12563c1416e,58d58f6f-c7d9-4037-9d48-18e1877be077,Inspected on arrival; confirmed the reported symptom.,f,2026-06-26 09:41:00+00
62c91412-9989-4b57-8b75-896fdcbc1a83,6701d82d-1c6d-458b-997b-6ee7740e9644,4f99efd4-c45f-49c6-8b6c-f80715333c15,Inspected on arrival; confirmed the reported symptom.,f,2025-04-22 07:15:00+00
ca8f7ae4-9057-478a-81aa-10f3cc62167a,97d0def3-e286-4801-bf84-284e8fd8e269,3ed87f3f-9d1e-409e-af21-14fee9e9bc14,"Parts ordered from the supplier, awaiting delivery.",f,2024-10-19 10:54:00+00
a76c1608-8598-435d-984a-65bb70a74e65,97d0def3-e286-4801-bf84-284e8fd8e269,4a6d004d-dedd-4af0-a5f2-74c1780e2f7a,Escalated to the workshop foreman for a second opinion.,f,2024-10-12 09:43:00+00
8fb4d5b5-6a19-4f77-a3dc-5fcce52b48a4,97d0def3-e286-4801-bf84-284e8fd8e269,4a6d004d-dedd-4af0-a5f2-74c1780e2f7a,Vehicle released back to operations after sign-off.,f,2024-10-20 06:08:00+00
96b93ae9-c6cc-4af0-b634-1c1b5101046c,d3d382dd-b1c8-4689-aad0-2860a43eb031,9580e2d6-e004-4873-9ea1-5e63bb707d70,Escalated to the workshop foreman for a second opinion.,f,2026-05-25 08:01:00+00
ba7fe488-ec6f-4563-aa7b-f2938f1ae01c,d3d382dd-b1c8-4689-aad0-2860a43eb031,0ec99173-42e2-41ac-a036-815854061722,Escalated to the workshop foreman for a second opinion.,f,2026-05-21 13:21:00+00
d1529e0f-7c16-4a6d-a8c4-a028338fd764,d3d382dd-b1c8-4689-aad0-2860a43eb031,0ec99173-42e2-41ac-a036-815854061722,Inspected on arrival; confirmed the reported symptom.,f,2026-05-27 15:55:00+00
2940eb57-2f82-4105-81a7-79bd09c97497,35b9f8ee-cf08-41cf-9c1f-7c68c99000a4,e28c3da1-f55d-449e-b0f3-b68586bc22e8,Escalated to the workshop foreman for a second opinion.,f,2025-08-03 10:01:00+00
0aab45ed-ebdb-4d9e-a63e-2acedbd1c794,35b9f8ee-cf08-41cf-9c1f-7c68c99000a4,e28c3da1-f55d-449e-b0f3-b68586bc22e8,Work completed and the vehicle was road tested before release.,f,2025-07-22 12:38:00+00
15ebd9cd-1235-4ac8-9a21-e2c24217d3b0,35b9f8ee-cf08-41cf-9c1f-7c68c99000a4,e28c3da1-f55d-449e-b0f3-b68586bc22e8,Inspected on arrival; confirmed the reported symptom.,f,2025-07-31 08:45:00+00
2818ff8a-201c-469b-b444-c8c654b5c4a1,0d4d552e-ed7d-49c7-b88d-9704575aa283,f2e3adca-c995-4570-a695-525ef502c1ef,Escalated to the workshop foreman for a second opinion.,f,2024-09-24 05:33:00+00
0b25fa85-8fe5-4f8d-9fb2-fd167495b677,0d4d552e-ed7d-49c7-b88d-9704575aa283,cbaa9f3a-1731-4f39-a19c-2252b655f163,Vehicle released back to operations after sign-off.,f,2024-09-24 12:45:00+00
5f3225c4-d0a1-4f51-802b-658cdbd80035,0d4d552e-ed7d-49c7-b88d-9704575aa283,cbaa9f3a-1731-4f39-a19c-2252b655f163,Vehicle released back to operations after sign-off.,f,2024-09-29 12:51:00+00
36172002-2a17-4d1d-aff8-e5ff6c0812f8,af462d08-ecc6-48f1-b2db-1c41412d7c69,8ab9ee5c-ccf3-4154-975e-49649c7e64b1,Escalated to the workshop foreman for a second opinion.,f,2024-12-04 11:45:00+00
5975c40f-ddbb-421b-b383-ff78748a2877,6245dd58-b6b3-478a-a4ca-cd6aabb0af67,9f45c98b-3562-45af-8cb4-fee17952ecd9,Inspected on arrival; confirmed the reported symptom.,t,2026-01-01 11:42:00+00
73ce5c6b-bfc8-4319-8944-d92786e816ad,6066c32f-873d-4d01-9482-e1d5aa71e636,bdd93a99-626e-4675-b9a7-acfd49c28c66,Inspected on arrival; confirmed the reported symptom.,f,2024-10-23 09:33:00+00
8bee2ae3-372c-407e-8872-9cc3e148256a,6066c32f-873d-4d01-9482-e1d5aa71e636,55095c82-2c02-4291-8de2-7d5afe48cf31,Inspected on arrival; confirmed the reported symptom.,f,2024-10-20 13:00:00+00
6e2a5eeb-a454-445c-b5ea-2652d10305ab,03bad911-0cc6-4e93-8775-fea349d8639d,70bf07bf-38ab-467c-8e62-966770517b9c,Escalated to the workshop foreman for a second opinion.,f,2026-07-14 14:33:00+00
7356b8a3-9dd2-48f9-af00-a0d89ea509d6,03bad911-0cc6-4e93-8775-fea349d8639d,70bf07bf-38ab-467c-8e62-966770517b9c,Handed over to the next shift for completion.,f,2026-07-24 13:29:00+00
800c466c-f8d0-4b0d-8d76-267c8de46640,700e6c4a-82f3-47c9-85f2-f772f9746f61,201810ef-10d6-4664-9bf3-c78ad722a6de,"Parts ordered from the supplier, awaiting delivery.",f,2024-09-08 05:20:00+00
e56b714d-5fd6-40c2-93fb-4c7edd9b2166,700e6c4a-82f3-47c9-85f2-f772f9746f61,201810ef-10d6-4664-9bf3-c78ad722a6de,Handed over to the next shift for completion.,f,2024-09-04 12:36:00+00
6ff6fc15-22fe-4bc4-9bc6-bb40bd33bfaf,700e6c4a-82f3-47c9-85f2-f772f9746f61,201810ef-10d6-4664-9bf3-c78ad722a6de,Work completed and the vehicle was road tested before release.,f,2024-09-08 15:16:00+00
461d16ef-2d79-4f44-84f4-83c370b85687,8e751cf4-1116-45ae-b83f-fc191e570b26,57ace99d-32e1-4aae-af41-0861213bfb33,"Parts ordered from the supplier, awaiting delivery.",t,2026-07-01 05:14:00+00
39e5648d-9e4c-42fd-981d-60316da0548a,cb1ace9d-0264-4dfb-b714-86c0a8895dfc,597c6eba-286e-440e-922e-420efd907fcc,Inspected on arrival; confirmed the reported symptom.,f,2025-07-27 05:01:00+00
3f50076e-aca2-48f5-b123-0a076e95f19a,5205efee-ca4c-497c-bcd6-f72eeda90849,88603b09-551d-4b59-8981-e27cd95f2b12,Inspected on arrival; confirmed the reported symptom.,f,2025-11-02 06:16:00+00
a54b6bee-a052-4af5-9b48-185aa228a2f5,5205efee-ca4c-497c-bcd6-f72eeda90849,88603b09-551d-4b59-8981-e27cd95f2b12,Handed over to the next shift for completion.,f,2025-10-28 06:27:00+00
77d8c056-0955-4f0a-b191-380fe5f6aad0,5205efee-ca4c-497c-bcd6-f72eeda90849,88603b09-551d-4b59-8981-e27cd95f2b12,Inspected on arrival; confirmed the reported symptom.,f,2025-11-01 14:56:00+00
0c66ac9b-0c05-4daf-a25f-6cafbca32782,2b630530-c737-468f-8c56-083338d34c3d,af5f0096-7cc6-4d72-ab69-0a461681aeb5,"Parts ordered from the supplier, awaiting delivery.",f,2026-03-25 08:47:00+00
f42d3b97-f63a-4a24-ba43-f8bf4b204706,3185d53c-9805-4ace-afc3-10c20599e55b,318da964-ffdd-4a77-aa9a-ede745666cdc,Inspected on arrival; confirmed the reported symptom.,f,2025-06-21 06:55:00+00
4f247c41-8ba6-4a37-b0d0-9e2c1f4fa008,06d6e0a8-47b6-4188-9276-d91396ca44bc,94c64335-4962-40b1-96fd-53632f8d49a3,Escalated to the workshop foreman for a second opinion.,f,2026-06-19 10:32:00+00
8f467890-1733-4808-9372-c3f474c32428,9e06a1c8-fe9d-4df9-aded-b3724fc16282,bf036d3c-6698-49da-9031-deb5025def97,"Parts ordered from the supplier, awaiting delivery.",f,2026-05-21 08:25:00+00
7867a83e-23a6-4ece-863f-08ed7bbee17e,9d778a50-5f22-4bd6-a98e-d28eae3c1170,d3d6a1ff-d3a2-4ce1-a2f8-500458026fa5,Inspected on arrival; confirmed the reported symptom.,f,2026-08-16 15:09:00+00
3f7665d8-3daa-4da3-b25c-661455efbf58,9d778a50-5f22-4bd6-a98e-d28eae3c1170,d3d6a1ff-d3a2-4ce1-a2f8-500458026fa5,Escalated to the workshop foreman for a second opinion.,f,2026-08-14 17:19:00+00
23ffd162-8c56-4fe9-8e66-dbaf62bbc806,2fc64f51-070d-4df0-99f3-e2f8be492f0b,2a60d4f6-6137-4b68-9b84-6d71514ec695,Escalated to the workshop foreman for a second opinion.,f,2025-09-26 09:31:00+00
61f4f8a4-3299-4cfe-b7b1-47bb504d643a,96af7581-882a-4894-8b49-1ab3461374f2,a3267fe3-9c0f-4b60-95c4-971b2cac8906,Vehicle released back to operations after sign-off.,f,2026-01-08 12:50:00+00
aa087f9f-2f97-4ce4-9f4d-5f4edea534b6,81479f5a-69f1-4887-ab10-9a943bd822cf,86c61fdf-4d13-4cd6-b3fe-a85018a6bd65,Escalated to the workshop foreman for a second opinion.,f,2026-01-08 05:49:00+00
1264fa1b-14fe-4601-8072-f6e8c1339001,81479f5a-69f1-4887-ab10-9a943bd822cf,799f9455-62db-4da1-8b99-9f32da209d65,Handed over to the next shift for completion.,f,2026-01-08 05:43:00+00
8203aa0f-1dc4-4820-8262-b3d9117b3979,671f7305-eb61-4cd7-a97b-aabfa087b7ea,84ed798e-b511-4f4a-aa3a-e26029fdaf93,Work completed and the vehicle was road tested before release.,f,2026-04-02 17:04:00+00
3fbd1a91-6051-4dd1-aa22-c86a3371717d,671f7305-eb61-4cd7-a97b-aabfa087b7ea,84ed798e-b511-4f4a-aa3a-e26029fdaf93,Inspected on arrival; confirmed the reported symptom.,f,2026-04-02 07:19:00+00
00d8c2a9-1d5c-4f07-8b01-cc6c303b1fb6,2c14e8bd-7402-4e09-9401-e163d8dcca11,710e986c-a4dc-4bf7-97a2-7c099f57423d,Handed over to the next shift for completion.,f,2024-09-03 11:02:00+00
25b6030e-e89c-44d3-8089-a1b365bf8b8a,6adc901f-26b4-4071-9fa3-52a22fee01cd,66fa4ed5-e7e7-4664-8c2a-908778ecba02,Handed over to the next shift for completion.,f,2024-09-25 07:11:00+00
d04bfd16-d520-47ff-890d-2f65f16f24bd,6adc901f-26b4-4071-9fa3-52a22fee01cd,66fa4ed5-e7e7-4664-8c2a-908778ecba02,"Parts ordered from the supplier, awaiting delivery.",t,2024-09-30 16:43:00+00
e0d521e9-54e1-4d3a-966a-70304418d0d3,e2cc376f-74f5-43af-90aa-1a91c6c0becc,041de753-e154-467e-a200-8c55c43576a2,Work completed and the vehicle was road tested before release.,f,2024-10-03 15:45:00+00
b73c8868-4d29-4285-b7fa-f42eb8c7f2a6,e2cc376f-74f5-43af-90aa-1a91c6c0becc,041de753-e154-467e-a200-8c55c43576a2,Vehicle released back to operations after sign-off.,f,2024-10-09 17:01:00+00
3c317c75-5523-4562-b389-2e8bb1b4d2f6,e2cc376f-74f5-43af-90aa-1a91c6c0becc,041de753-e154-467e-a200-8c55c43576a2,Inspected on arrival; confirmed the reported symptom.,f,2024-10-11 09:45:00+00
c268d8f9-5a48-452f-9148-2ec3f4811534,5f8f736f-ba40-419c-b897-27803460e2c5,cf6c56e7-5755-4ee5-801e-f33afde6b249,"Parts ordered from the supplier, awaiting delivery.",t,2025-10-29 15:09:00+00
ee467e1a-5ca9-4d27-a03b-f834733011c7,5f8f736f-ba40-419c-b897-27803460e2c5,8f013397-f73e-4098-bf86-3cf1055a446a,Inspected on arrival; confirmed the reported symptom.,f,2025-11-08 07:15:00+00
0472a4e1-6d5c-4c78-9485-66522a68ea42,d2c5a55a-d5ef-4c17-99b9-0fa52d9f9d40,6c5f95fe-93a9-459f-988b-b5f6952e7382,Vehicle released back to operations after sign-off.,f,2025-10-18 05:47:00+00
665985ed-eb45-484c-9703-c58005893c8b,d2c5a55a-d5ef-4c17-99b9-0fa52d9f9d40,0b830550-4175-4716-9d78-9b2d69d25855,Vehicle released back to operations after sign-off.,t,2025-10-18 15:36:00+00
c6ddb716-c8e1-4ff6-8edd-0ac67fb48b23,c978a967-9f85-45ef-87b3-2d75c61dc8e3,c5ac0691-9daf-41ec-9af8-8a163bd32f72,Inspected on arrival; confirmed the reported symptom.,f,2026-05-31 09:05:00+00
d410c7e3-f101-44c8-a8c4-fec9562cdb07,c978a967-9f85-45ef-87b3-2d75c61dc8e3,b33c4ff9-69b5-4437-9699-63c066d6c353,Work completed and the vehicle was road tested before release.,t,2026-05-21 11:04:00+00
3ffb03c6-5647-4621-9e05-9754b4b501f8,aac44c5a-0d33-44cb-bae2-77ab1fd2ae66,65a4c575-56f0-49d7-9887-9a08358fb73c,Work completed and the vehicle was road tested before release.,f,2025-10-14 11:08:00+00
9675aa62-c588-4e62-9440-fd9e49ce4e6e,aac44c5a-0d33-44cb-bae2-77ab1fd2ae66,65a4c575-56f0-49d7-9887-9a08358fb73c,Escalated to the workshop foreman for a second opinion.,t,2025-10-20 15:12:00+00
99f2ef00-90b5-48e1-bd91-9133ffed13d8,aac44c5a-0d33-44cb-bae2-77ab1fd2ae66,65a4c575-56f0-49d7-9887-9a08358fb73c,Vehicle released back to operations after sign-off.,f,2025-10-22 15:51:00+00
62e7bcd0-dcca-4123-8246-1a25ed65972f,7dcf3953-b43e-4833-94b9-1fdbfcdecfaa,e056e605-c38d-4ee7-a691-1cf7bbd4a237,Escalated to the workshop foreman for a second opinion.,f,2026-01-24 08:31:00+00
454348df-ca49-4218-881c-4769e93596d5,0c12aa12-3e2a-4aa9-a1a4-a709681ae92a,2b90787d-d78e-4453-ad90-ec1567d28856,Work completed and the vehicle was road tested before release.,f,2026-07-30 12:59:00+00
9ac3eb7c-b0ea-4bf1-8afb-7bb2e6180848,64e265d9-150d-4533-be98-0ed759fd228a,80cda4e5-d297-4af5-9eba-2053c5ba854b,"Parts ordered from the supplier, awaiting delivery.",f,2024-08-18 10:08:00+00
15b73209-596c-4fe5-be7d-8bf0a5f1f4d4,240f2d0c-72a3-4f76-8251-075f8ef5f2ec,00e5d1da-737f-4af2-9618-a843c6ba6bc0,Inspected on arrival; confirmed the reported symptom.,t,2025-12-08 10:57:00+00
5ceb719f-b1e8-4486-9881-067886d56552,240f2d0c-72a3-4f76-8251-075f8ef5f2ec,94c64335-4962-40b1-96fd-53632f8d49a3,Vehicle released back to operations after sign-off.,f,2025-12-08 14:23:00+00
b7a5531f-0332-4f78-accf-efbe0414ac2d,252d1777-71e0-4491-a9cf-19a905d10abd,46b65206-6f2c-4777-b6a0-ed9d0d81dc19,Escalated to the workshop foreman for a second opinion.,t,2026-04-24 15:36:00+00
c8e8fe9e-38fe-4c60-a8d9-df3dd6a84610,252d1777-71e0-4491-a9cf-19a905d10abd,46b65206-6f2c-4777-b6a0-ed9d0d81dc19,Inspected on arrival; confirmed the reported symptom.,f,2026-04-20 14:46:00+00
e9bbe141-d2e7-44c4-bb83-74f2a4361462,252d1777-71e0-4491-a9cf-19a905d10abd,46b65206-6f2c-4777-b6a0-ed9d0d81dc19,Handed over to the next shift for completion.,f,2026-04-24 06:57:00+00
427111a4-1304-4763-9a5f-ba7d60336db1,09c4e794-cb09-47b6-8390-8f45d3a357d5,87324214-a27c-41dd-bbbe-086ecd938f93,Handed over to the next shift for completion.,f,2024-09-28 14:55:00+00
af7566f1-2c96-41e8-a77d-c1a0c3789eda,1c9c92d6-670c-4415-8da8-78e261a913d0,c691dcc5-f3db-4375-96dc-1d55b8a8bee1,Vehicle released back to operations after sign-off.,f,2026-05-21 05:36:00+00
c91ef14d-127c-4ef8-82c2-213334bf0520,8706f25c-60b6-43a3-841f-ba3530b845a7,ac56c0dc-f5dc-458e-ad2c-545b392395a3,Work completed and the vehicle was road tested before release.,f,2026-01-29 11:30:00+00
7d9b0b64-c0f6-4033-8df2-422abce95465,2de0d200-20ee-49f0-aa88-273f8103dce9,829a4aba-bfc5-46a7-beff-bf556004d109,Work completed and the vehicle was road tested before release.,t,2026-07-17 10:21:00+00
185ee2bb-525f-484c-92dd-490e24f0c0b5,2de0d200-20ee-49f0-aa88-273f8103dce9,829a4aba-bfc5-46a7-beff-bf556004d109,Escalated to the workshop foreman for a second opinion.,f,2026-07-22 05:07:00+00
0bbf8072-13b0-4300-b43f-9cddb9aff64a,2de0d200-20ee-49f0-aa88-273f8103dce9,829a4aba-bfc5-46a7-beff-bf556004d109,Inspected on arrival; confirmed the reported symptom.,f,2026-07-25 11:26:00+00
f89ccc3a-5c5c-4293-a2b3-a03412c7534f,b8c85397-8445-4141-a84f-1f124769f9cb,960e7df1-3079-4aab-812d-cf90bb2b019e,Vehicle released back to operations after sign-off.,f,2025-09-24 10:30:00+00
bd3741ae-bc18-442b-96ad-991ea5925303,349f7912-5a09-462c-90f7-b742c5551219,201810ef-10d6-4664-9bf3-c78ad722a6de,Work completed and the vehicle was road tested before release.,f,2025-12-25 15:26:00+00
1ee85774-ad00-4613-8793-bdc0d8ce88d9,349f7912-5a09-462c-90f7-b742c5551219,201810ef-10d6-4664-9bf3-c78ad722a6de,Handed over to the next shift for completion.,f,2025-12-25 06:53:00+00
6178d179-4bef-4dd3-9fc4-42ecc7facf75,349f7912-5a09-462c-90f7-b742c5551219,149c1f7c-7257-4a93-8b26-45cae3ef4432,"Parts ordered from the supplier, awaiting delivery.",f,2026-01-01 16:34:00+00
44f39573-0dd8-4757-9de8-5114fee9ee7c,64b7bb69-0f4f-4cdd-bb31-0a0a1e4960a2,397e1e00-170b-4c0a-a77a-5f5cc3c7646c,Work completed and the vehicle was road tested before release.,f,2025-11-29 07:38:00+00
636d9a1e-5fe3-4207-8d89-3ab551cb0bd9,663246ac-ce95-4cac-8073-07b144f3f036,bc386f1f-6069-48e1-bf31-dca443044b19,Inspected on arrival; confirmed the reported symptom.,f,2024-11-26 15:02:00+00
ac76fad1-83e1-4207-bc3d-308b083d1cee,178e3b54-5fba-4fe2-afc4-beb6bcad3f93,15b87d03-89b9-407f-abbf-8dc82d73f93f,Escalated to the workshop foreman for a second opinion.,f,2025-02-18 13:16:00+00
5ad7171d-0870-4d1e-90f6-b9d7324789b8,178e3b54-5fba-4fe2-afc4-beb6bcad3f93,15b87d03-89b9-407f-abbf-8dc82d73f93f,Inspected on arrival; confirmed the reported symptom.,f,2025-02-16 16:25:00+00
7a062aaf-0dc2-49e8-ab3e-c8d698fdc5ba,cb17cfbb-5e3f-4bc2-8179-f32edd1fc257,2de8e8a2-03a6-4d8e-93d9-4b8309004f45,Vehicle released back to operations after sign-off.,f,2026-02-19 14:29:00+00
992c1562-46da-4e56-bd63-60e92eb99c04,d072ab62-3d2b-4935-8d9b-6b7220e63342,5b4b300b-3f2b-4fb0-bc62-3eae56605668,Inspected on arrival; confirmed the reported symptom.,f,2026-07-20 13:23:00+00
c84a6344-2a3e-462c-b8b9-1e52dee14c33,8a6870bd-ba7b-413e-9fa8-c7f7ce2a7e07,c7c01cc4-ac80-41d8-957a-a2195736cacf,Escalated to the workshop foreman for a second opinion.,f,2025-04-24 10:49:00+00
55c35f1f-200e-4222-96cb-14af27e0f9f2,8a6870bd-ba7b-413e-9fa8-c7f7ce2a7e07,c7c01cc4-ac80-41d8-957a-a2195736cacf,"Parts ordered from the supplier, awaiting delivery.",f,2025-04-22 12:12:00+00
36a0b293-1064-477b-9194-e41bbf6dfce8,c1a01168-7d38-4c92-8681-aad63dab96f5,2c594e9c-83b2-4d2e-91b9-33fa6a6bc81e,"Parts ordered from the supplier, awaiting delivery.",f,2025-06-14 10:32:00+00
c0e29099-acf5-42e7-b243-bbcf7b0ae34d,c1a01168-7d38-4c92-8681-aad63dab96f5,2c594e9c-83b2-4d2e-91b9-33fa6a6bc81e,"Parts ordered from the supplier, awaiting delivery.",f,2025-06-24 10:16:00+00
273e9460-d1c9-4827-bff9-89e34a978673,c1a01168-7d38-4c92-8681-aad63dab96f5,1eec88aa-d888-4b75-ab3e-84365df4210c,Escalated to the workshop foreman for a second opinion.,t,2025-06-23 10:21:00+00
bbaba2f6-e07e-4bf0-bec4-e9e2b658d900,a805ab0f-b3f8-45ca-968e-52fc99b3c117,6304e580-0502-491d-80c1-fcd084bbbd24,Escalated to the workshop foreman for a second opinion.,f,2026-07-26 10:09:00+00
a3636494-12c3-4d34-af22-15877b7c3fc0,a805ab0f-b3f8-45ca-968e-52fc99b3c117,6304e580-0502-491d-80c1-fcd084bbbd24,"Parts ordered from the supplier, awaiting delivery.",f,2026-07-19 05:27:00+00
db7c7724-8a73-4da5-93ce-4950454f5e2b,a805ab0f-b3f8-45ca-968e-52fc99b3c117,6304e580-0502-491d-80c1-fcd084bbbd24,Work completed and the vehicle was road tested before release.,f,2026-07-19 05:42:00+00
e805c732-3d23-4414-978e-a8456ead6e4f,b4cee3aa-0102-4a78-9d37-7a3bb7a45ec1,d9fb7d54-ed53-436a-8034-65f6bac6edac,Work completed and the vehicle was road tested before release.,f,2025-03-15 07:46:00+00
6212fc78-8515-49de-bbe1-34952bf0c372,b4cee3aa-0102-4a78-9d37-7a3bb7a45ec1,d9fb7d54-ed53-436a-8034-65f6bac6edac,"Parts ordered from the supplier, awaiting delivery.",f,2025-03-21 12:56:00+00
8ef6a648-4cf4-4078-b334-b2fab94fe43a,b4cee3aa-0102-4a78-9d37-7a3bb7a45ec1,90850f19-81e7-4b88-ba8f-72ef0e0578fa,Vehicle released back to operations after sign-off.,t,2025-03-19 14:35:00+00
2b6280c6-6a9f-43bf-9b71-bc99ab1074be,4d73cbe3-6705-43e0-83ef-5a33af8b983b,7c77d83d-f5f7-475a-b677-e449366d04f9,Escalated to the workshop foreman for a second opinion.,f,2025-06-24 05:05:00+00
2783fbbd-7c32-4217-905f-e191109b724e,4d73cbe3-6705-43e0-83ef-5a33af8b983b,7c77d83d-f5f7-475a-b677-e449366d04f9,Vehicle released back to operations after sign-off.,f,2025-06-20 09:57:00+00
a97f22bd-0a82-45b0-a597-ae8011323660,60205b19-01f5-4c59-a88a-14c46f8852e9,4212a9e1-e03c-4ea2-9d8c-c180b703b99a,Inspected on arrival; confirmed the reported symptom.,t,2024-11-27 13:51:00+00
77f9a428-5099-4a14-8b64-ea81fa7536e5,60205b19-01f5-4c59-a88a-14c46f8852e9,4212a9e1-e03c-4ea2-9d8c-c180b703b99a,Inspected on arrival; confirmed the reported symptom.,f,2024-12-04 14:05:00+00
0315921c-77c5-4788-a6be-d0692b3c4515,42a89438-46ea-4d55-a34e-3d342dc6cd72,e20935a5-5128-4f38-92b2-23e2cc66c4ed,Handed over to the next shift for completion.,f,2025-10-22 09:19:00+00
0fa81a71-81e4-49ba-8643-bd9e7b48b265,42a89438-46ea-4d55-a34e-3d342dc6cd72,cab74599-3095-4857-9062-1ed17548d72b,Inspected on arrival; confirmed the reported symptom.,f,2025-10-18 05:28:00+00
3ad5414e-b6b6-41b1-a639-01149faa91f7,42a89438-46ea-4d55-a34e-3d342dc6cd72,e20935a5-5128-4f38-92b2-23e2cc66c4ed,Handed over to the next shift for completion.,f,2025-10-16 17:39:00+00
e3aaf58b-567d-41c2-8a6f-a6ddaf167980,4c1effc2-9df1-45c9-b26d-40b33e7dfe93,1ad7ccbc-6809-4f96-83f4-c7636a2a4728,Work completed and the vehicle was road tested before release.,t,2024-12-24 17:37:00+00
4bb0ce91-7ae4-438c-8de0-0760b554a801,4c1effc2-9df1-45c9-b26d-40b33e7dfe93,4d5202db-cfac-4bb3-93a3-0fd9740a7bab,Vehicle released back to operations after sign-off.,f,2024-12-22 07:37:00+00
99cfdee0-6f0e-49c4-a1d2-d33f16ec54f1,217780d0-aca2-45c1-99ed-aa468e7b3ee0,6ab1fa28-105a-4e64-86b5-50fe38b7933d,Escalated to the workshop foreman for a second opinion.,f,2025-11-16 16:55:00+00
63ad917c-e03d-45fb-b40f-6e873a0d593b,217780d0-aca2-45c1-99ed-aa468e7b3ee0,3ed87f3f-9d1e-409e-af21-14fee9e9bc14,Handed over to the next shift for completion.,f,2025-11-19 16:36:00+00
b2a0fac3-0f43-4315-85ab-794b546d2a4d,466db54b-c989-483f-b94e-93986f1dacdf,7c2c14c1-404b-480e-b7d2-fe6a9487024e,Inspected on arrival; confirmed the reported symptom.,f,2025-11-20 14:59:00+00
495d1437-2862-4166-ad6d-6f57644459eb,838d56b6-1bc6-45c8-92a7-fc626303c4c3,2e1b0afe-0496-4426-b986-9eee617c68c8,Inspected on arrival; confirmed the reported symptom.,t,2025-03-09 06:38:00+00
b830db05-7c8e-4743-98d8-babdbaa85ec2,f0e6e04a-bd76-42ec-b079-e5f4f50720ab,32f7d1c4-7b8c-461e-bc5f-f5d2eae53e3a,"Parts ordered from the supplier, awaiting delivery.",t,2025-11-21 16:14:00+00
c25c54ed-5970-4aa7-90e6-b259fd704f20,f0e6e04a-bd76-42ec-b079-e5f4f50720ab,32f7d1c4-7b8c-461e-bc5f-f5d2eae53e3a,"Parts ordered from the supplier, awaiting delivery.",f,2025-11-17 07:29:00+00
884da79a-4073-4ddb-8c53-b72cfd406da1,f0e6e04a-bd76-42ec-b079-e5f4f50720ab,32f7d1c4-7b8c-461e-bc5f-f5d2eae53e3a,Escalated to the workshop foreman for a second opinion.,t,2025-11-15 05:26:00+00
21ad5522-fd3e-49ce-809a-32951fdff595,eb7ada98-317e-45eb-b8bb-653fd8ca6b7d,f101a341-b305-43d6-b170-7cbd8501fef2,Handed over to the next shift for completion.,t,2026-08-19 07:02:00+00
83f38fd1-355f-4a35-902d-546b548d193c,eb7ada98-317e-45eb-b8bb-653fd8ca6b7d,d2cb4643-0910-4c84-bce6-b045b2dd12d5,Handed over to the next shift for completion.,f,2026-08-09 10:09:00+00
25c9927e-30f3-46d8-8b2f-8c6970d81512,eb7ada98-317e-45eb-b8bb-653fd8ca6b7d,f101a341-b305-43d6-b170-7cbd8501fef2,Escalated to the workshop foreman for a second opinion.,f,2026-08-14 17:52:00+00
638722a5-7783-4df9-961b-0533daf32958,32fbfbd1-891b-4c6b-9308-36bd30d88881,77d52514-52e6-4156-b26b-a45c4caf47d7,Escalated to the workshop foreman for a second opinion.,f,2025-04-08 15:23:00+00
6a3058b5-89e0-4832-b9fd-c9f228ec79f7,32fbfbd1-891b-4c6b-9308-36bd30d88881,772aca7d-b461-4fef-a7c6-4f8345059174,"Parts ordered from the supplier, awaiting delivery.",t,2025-04-03 13:49:00+00
1a7dca8c-9ac6-4670-8bab-9daa277a81dd,32fbfbd1-891b-4c6b-9308-36bd30d88881,77d52514-52e6-4156-b26b-a45c4caf47d7,Inspected on arrival; confirmed the reported symptom.,f,2025-04-07 08:01:00+00
0a5e6c5b-ac84-4261-86e9-62effa05de17,5bde19d7-e726-4b60-b2e6-08580bd903d6,f85e5d5e-23ed-4753-ab5b-6e0d16377b17,Work completed and the vehicle was road tested before release.,f,2025-04-19 10:15:00+00
40dcae60-1d3f-43e1-85c6-13832e54f8ec,2fe94103-86ca-4575-a9f6-32476664f653,92ed4de4-9c5c-4d11-a52f-9653a34addec,Inspected on arrival; confirmed the reported symptom.,f,2025-11-19 05:05:00+00
257e8a7c-666a-459a-831c-e8034b7d5125,2fe94103-86ca-4575-a9f6-32476664f653,9840ed8d-8d65-4f5a-892c-00b26ae09c10,Work completed and the vehicle was road tested before release.,f,2025-11-21 13:40:00+00
0d23e811-8592-42ca-bda7-d5f101f27c7f,811afed9-cc18-4c2e-a117-c794a32d3d0a,07e0c835-51f1-4fad-9254-f68f64738d72,Escalated to the workshop foreman for a second opinion.,f,2025-05-31 10:29:00+00
a899508c-4d13-4591-a34c-e526eb59540b,811afed9-cc18-4c2e-a117-c794a32d3d0a,b958f053-fb9d-4b81-9996-c7ca66269f1c,Handed over to the next shift for completion.,t,2025-05-26 12:57:00+00
627c4289-7cb0-4fd9-bc89-9217ffae792d,5fd6e8e5-f7a8-4672-9681-1fe23dc22f7d,15dc60e6-ac87-4e43-940e-f17025d0156f,Escalated to the workshop foreman for a second opinion.,t,2024-12-04 05:29:00+00
cc20a711-0f00-438d-96ed-7f7e45523965,5fd6e8e5-f7a8-4672-9681-1fe23dc22f7d,e10a2e33-a841-4a3f-ad4a-3114b4d9f0d2,Escalated to the workshop foreman for a second opinion.,f,2024-12-11 07:38:00+00
daf851e7-4a46-441f-b722-77ae1f8ae24f,5fd6e8e5-f7a8-4672-9681-1fe23dc22f7d,15dc60e6-ac87-4e43-940e-f17025d0156f,Inspected on arrival; confirmed the reported symptom.,f,2024-12-08 14:46:00+00
9a2c7948-5088-442e-a82c-9c6279187a8a,2ec26bf9-6501-4891-ba12-039e3b6e5266,3c2c8754-c1a0-4b4a-8e07-f76d62727b49,Work completed and the vehicle was road tested before release.,f,2025-10-01 06:53:00+00
3bdc4eb6-1ddf-46b5-a0dc-af45a5d8c0b8,2ec26bf9-6501-4891-ba12-039e3b6e5266,3c2c8754-c1a0-4b4a-8e07-f76d62727b49,"Parts ordered from the supplier, awaiting delivery.",f,2025-09-29 15:30:00+00
351b18a5-4347-4eed-9b0a-f6d08a074f95,2ec26bf9-6501-4891-ba12-039e3b6e5266,3c2c8754-c1a0-4b4a-8e07-f76d62727b49,Work completed and the vehicle was road tested before release.,f,2025-09-29 08:39:00+00
0aee19af-59d1-41d6-a9ee-39fa1b47dfe8,9d5e8824-b891-4276-b4a8-2e4b8cfbc69b,20064787-286e-445a-af95-65111a530936,Escalated to the workshop foreman for a second opinion.,t,2025-04-26 05:50:00+00
b207177d-51de-48d9-b915-525c45e5de8a,5335f6e5-141b-4da0-ba59-88f1f1ce6d74,1246b49b-4c2a-428c-9e26-abdd7df1b7e0,Handed over to the next shift for completion.,t,2025-09-22 05:43:00+00
430e550b-065a-44c8-bdf9-54d9957adc40,5335f6e5-141b-4da0-ba59-88f1f1ce6d74,eed58a38-b1ab-4cbf-88ca-068e6a523a9a,"Parts ordered from the supplier, awaiting delivery.",f,2025-09-28 13:49:00+00
08f0de01-182e-46e4-b19f-742b7b2f3b74,1c65450b-f36b-49df-a36c-e89647082593,69740143-f533-4866-a394-3d1ba98f20a7,"Parts ordered from the supplier, awaiting delivery.",t,2025-11-16 16:42:00+00
a650a3cd-e733-4437-97e9-c11272e85977,1c65450b-f36b-49df-a36c-e89647082593,e2ef226b-dfda-42f9-b877-004eb21dd484,"Parts ordered from the supplier, awaiting delivery.",f,2025-11-24 11:41:00+00
e93299d8-f2ba-4249-9de8-6215eae2b58d,2e1291e6-e0b4-4ff8-b29e-60cf51d3a8e2,b5e9f1ed-2062-4d19-b2b1-2c2f5f9d9d1d,Vehicle released back to operations after sign-off.,f,2025-10-24 16:06:00+00
cc4b5295-6edd-4064-b5a2-82e097db7d64,edf269cc-f052-46ea-b870-57e5c602917c,799f9455-62db-4da1-8b99-9f32da209d65,Escalated to the workshop foreman for a second opinion.,f,2026-02-25 12:14:00+00
965a7e0a-6f8e-4649-b6d0-eddbb53a6c82,2a6391cc-f7ac-424e-87bf-fdf004c4ccd4,84ba50f5-a2ed-4682-8ba5-e5556fff4b51,"Parts ordered from the supplier, awaiting delivery.",f,2026-02-26 09:28:00+00
accd0536-ec1e-4574-8be4-6b4c9af57b50,2a6391cc-f7ac-424e-87bf-fdf004c4ccd4,84ba50f5-a2ed-4682-8ba5-e5556fff4b51,Vehicle released back to operations after sign-off.,f,2026-02-14 05:21:00+00
8b2c23c0-d651-4ab4-955a-566e5cdeb570,475d9366-b4c2-4211-8de8-41605a0e86f5,c06bb987-5cbb-4b31-ad34-e260d4529ba7,Handed over to the next shift for completion.,f,2025-08-31 16:16:00+00
f0655d6c-c1fa-4e9a-b16d-3084747beec4,318b966b-db19-47d3-980c-a740130ddb96,b1ce3088-1a7b-4c89-9724-db7bdc21f88d,Vehicle released back to operations after sign-off.,f,2025-01-15 13:20:00+00
84f874dd-5224-48d4-a7ff-f2b46dd75a9f,c3606600-1330-4f5d-a821-494a30edcb67,f3f8dfa5-1b8c-4bf1-8507-81855c610eb1,"Parts ordered from the supplier, awaiting delivery.",f,2025-09-28 08:24:00+00
93887c28-dd3e-4e65-a925-8d2e64ab2d7a,c3606600-1330-4f5d-a821-494a30edcb67,f3f8dfa5-1b8c-4bf1-8507-81855c610eb1,Inspected on arrival; confirmed the reported symptom.,f,2025-09-24 16:58:00+00
8f0765fd-89fc-4404-b596-40113e1652f4,c3606600-1330-4f5d-a821-494a30edcb67,954f138f-fa1c-4b21-9902-f274a5868271,Work completed and the vehicle was road tested before release.,f,2025-09-29 15:53:00+00
5f947947-9537-4d98-926f-99f7f5bc5476,734dc57a-c25f-489b-8aa1-439bd604f579,8ebec0f7-fdcb-4c03-b9b2-04eea85a85bf,"Parts ordered from the supplier, awaiting delivery.",f,2024-08-22 11:17:00+00
b69d867c-25d5-47f3-b20b-6a10f80f84b3,734dc57a-c25f-489b-8aa1-439bd604f579,4fb48d89-3d11-4b1c-b34a-fc8824c4d74a,Work completed and the vehicle was road tested before release.,t,2024-08-20 07:08:00+00
78e5a622-c31e-496f-be33-a906e0d0883a,734dc57a-c25f-489b-8aa1-439bd604f579,8ebec0f7-fdcb-4c03-b9b2-04eea85a85bf,Inspected on arrival; confirmed the reported symptom.,f,2024-08-22 17:10:00+00
4b990c28-f92e-4c76-b351-6ebf5593e81e,067764ec-06ad-4aa6-bb40-d6ccb57a975d,3c24c592-daf5-4ac0-b10b-6b0035f0c7d3,Vehicle released back to operations after sign-off.,f,2025-02-26 16:00:00+00
4ab2e4e0-9553-45c1-b1aa-d012730710c3,067764ec-06ad-4aa6-bb40-d6ccb57a975d,a20d3b81-5e20-4394-b347-dc5a94fecbbc,Inspected on arrival; confirmed the reported symptom.,f,2025-02-25 17:36:00+00
0d3448d2-5e36-4f5c-97a8-3f14d4d20d8b,bc83a8fa-454a-4974-9832-c4b572e0dce0,17a78c48-dd35-41f3-9ae8-30460de6feb8,Inspected on arrival; confirmed the reported symptom.,f,2026-01-02 17:58:00+00
78e2904b-0912-4927-bb84-162e1c7095ca,26878821-d719-4cf8-9d7d-9f0e1b3c901d,92ed4de4-9c5c-4d11-a52f-9653a34addec,Work completed and the vehicle was road tested before release.,t,2026-04-13 15:34:00+00
4394c338-0931-430c-8d14-e101801ea336,26878821-d719-4cf8-9d7d-9f0e1b3c901d,65e1c26e-af5d-4b8c-94f7-12f2c561b570,Handed over to the next shift for completion.,f,2026-04-19 14:57:00+00
cd5860b4-5520-4477-b8ff-463cd59f5426,26878821-d719-4cf8-9d7d-9f0e1b3c901d,65e1c26e-af5d-4b8c-94f7-12f2c561b570,Inspected on arrival; confirmed the reported symptom.,f,2026-04-18 16:10:00+00
bb0e4c00-d75f-48b9-abb0-d29935817871,71d5604e-e554-4c04-b00e-577f805f6359,e2edbfb4-2380-494b-9a6e-6f70b8be6c90,"Parts ordered from the supplier, awaiting delivery.",f,2026-07-10 06:34:00+00
33625fba-89ff-4c99-acc1-ecb659301ed7,39036b9f-c905-484c-ac57-7d3f564e1f98,507be855-1ac1-43a9-b1f4-fe62d2b838d9,Inspected on arrival; confirmed the reported symptom.,f,2026-01-07 16:21:00+00
f87f5d0e-7713-41d8-97fd-e1e5837723eb,39036b9f-c905-484c-ac57-7d3f564e1f98,b5cc5903-a692-4230-b666-8fded6cecc3e,Handed over to the next shift for completion.,f,2026-01-03 07:59:00+00
e996f2e4-8ad6-4ea4-8519-c1ed9be7683c,6aad789b-de68-4ff7-8801-15631b978119,db01d178-e057-46ed-ba34-a2870594c197,Inspected on arrival; confirmed the reported symptom.,t,2026-07-20 14:02:00+00
4cfecb44-4147-4f9c-8d81-f6ecb3e06549,6aad789b-de68-4ff7-8801-15631b978119,d1e3297e-159c-47bf-9c07-676bf0b6930c,Handed over to the next shift for completion.,f,2026-07-16 12:14:00+00
f89cd739-1d1a-4e34-8ce9-9040a4e4d0a9,6aad789b-de68-4ff7-8801-15631b978119,db01d178-e057-46ed-ba34-a2870594c197,Inspected on arrival; confirmed the reported symptom.,f,2026-07-19 15:21:00+00
6ae99b8c-0072-4e6f-9a1c-b820a8c74935,e418370a-52e6-493c-90f0-e4487dd314d1,785a349f-b3ca-4199-beb9-4e50013f54c8,Inspected on arrival; confirmed the reported symptom.,f,2026-04-20 11:20:00+00
2c84d53d-2717-4de4-a32d-bbde0ad0f766,e418370a-52e6-493c-90f0-e4487dd314d1,785a349f-b3ca-4199-beb9-4e50013f54c8,Escalated to the workshop foreman for a second opinion.,f,2026-04-21 06:35:00+00
e052232f-e780-4261-846c-0a751b532960,eaafab6d-85e6-4d3e-80de-c79c3d5f806a,94c16a8c-074b-4b37-ab95-493170740735,"Parts ordered from the supplier, awaiting delivery.",t,2025-06-21 12:43:00+00
91d33849-4904-47ac-a220-90b391bd88f7,eaafab6d-85e6-4d3e-80de-c79c3d5f806a,cfc6d555-e896-4686-be90-1da957d6707d,Vehicle released back to operations after sign-off.,f,2025-06-18 17:57:00+00
df280005-188a-4857-87df-412f4988ebbe,eaafab6d-85e6-4d3e-80de-c79c3d5f806a,cfc6d555-e896-4686-be90-1da957d6707d,Inspected on arrival; confirmed the reported symptom.,f,2025-06-17 17:10:00+00
96ba6090-bb7a-4ca3-864d-593dd1fe67c9,c3197f99-cea4-44de-80d8-9401b727d70c,b5e62dd4-b490-4de7-a2c0-acdaa17d0c07,Handed over to the next shift for completion.,f,2025-07-07 12:39:00+00
102e0fc0-7cb0-44fc-b2e6-5c264ce4fd91,a3f4c3cb-7406-4cbd-9b34-72064612b447,78c2d5ff-36e8-43bc-8d89-1930171dd72d,Vehicle released back to operations after sign-off.,f,2025-03-11 08:34:00+00
eff32362-ae99-45a2-9265-06dcfea1a73e,243f23dd-711b-47a4-a864-6ca6d1f7ec4c,7172df17-f1b4-41d1-a5ee-2bf445703d25,Work completed and the vehicle was road tested before release.,f,2025-12-24 05:31:00+00
2844e686-d94d-4bf1-a1aa-9cd0b4cf2f0b,198fb27c-413a-493f-b06f-aa86ba32c7f9,3ad6d85f-8eb2-429d-b6b0-9df328ae585b,Handed over to the next shift for completion.,f,2025-03-25 15:59:00+00
9876a93b-5fd8-47db-a00f-3b4891753117,198fb27c-413a-493f-b06f-aa86ba32c7f9,3ad6d85f-8eb2-429d-b6b0-9df328ae585b,Handed over to the next shift for completion.,t,2025-04-02 06:59:00+00
fa60e680-6f3b-43bd-9f2a-f1d9a95f7dab,cf22b978-b327-46aa-aff4-b289d7a3c96a,f9e17e55-3ce7-47d6-beff-7dc3c8ecad6c,Inspected on arrival; confirmed the reported symptom.,t,2025-02-06 10:03:00+00
453cd81c-100e-4f21-a36c-7cb0af2e8fab,cf22b978-b327-46aa-aff4-b289d7a3c96a,f9e17e55-3ce7-47d6-beff-7dc3c8ecad6c,Work completed and the vehicle was road tested before release.,t,2025-01-28 05:00:00+00
7235d7b2-0748-408f-bb53-781e7f749e07,cf22b978-b327-46aa-aff4-b289d7a3c96a,91e3f538-69d6-4b30-b836-53971b1e57c1,Inspected on arrival; confirmed the reported symptom.,f,2025-01-28 07:04:00+00
631222e8-dbe8-451f-964a-dd9f12772d8f,b7f4f7a3-c5fc-454d-805c-96079de19c76,1d778731-9103-4a7c-8b4f-fb234d39f1b2,"Parts ordered from the supplier, awaiting delivery.",f,2024-09-24 06:07:00+00
2089041f-cd26-4b09-b025-0b51c2900f81,b7f4f7a3-c5fc-454d-805c-96079de19c76,1d778731-9103-4a7c-8b4f-fb234d39f1b2,Handed over to the next shift for completion.,f,2024-09-18 07:09:00+00
18e75a8e-3f59-4e47-bf12-06e046ec5175,94142817-ba36-44b3-b194-6c54b7b3e9af,2e86516c-c292-41da-b03d-25fe05969cf1,"Parts ordered from the supplier, awaiting delivery.",f,2024-08-21 11:40:00+00
f9a06536-b517-4c29-925d-c76a29d38a4b,94142817-ba36-44b3-b194-6c54b7b3e9af,2e86516c-c292-41da-b03d-25fe05969cf1,Escalated to the workshop foreman for a second opinion.,f,2024-08-14 13:50:00+00
59b3a9c5-14dc-4fe6-b04d-e12b624cac1e,98d38e83-9895-4ce4-b04c-525524a3ca1a,7613243f-58b4-4f5d-9cc4-d6dde9e3d25a,Inspected on arrival; confirmed the reported symptom.,f,2025-04-07 13:42:00+00
1f9c57ca-2968-4597-ab9d-859c315a75d7,b8559c79-5ff7-4426-9f03-fdff538ffb93,4ebcf1a4-3d8a-443a-97b6-14396043fa2b,Work completed and the vehicle was road tested before release.,f,2024-10-07 17:56:00+00
d6bc4208-3fa2-4c56-93ea-866cb982a292,b8559c79-5ff7-4426-9f03-fdff538ffb93,1246b49b-4c2a-428c-9e26-abdd7df1b7e0,Inspected on arrival; confirmed the reported symptom.,t,2024-10-07 11:53:00+00
7e1530b5-2af0-424a-90ef-9b78ecd9c62a,b8559c79-5ff7-4426-9f03-fdff538ffb93,4ebcf1a4-3d8a-443a-97b6-14396043fa2b,Work completed and the vehicle was road tested before release.,f,2024-10-08 13:42:00+00
476bc8d3-bbfb-4822-8452-1b131e39b3b0,2d947f5c-c879-4ae1-a6c8-fe35c9e5706e,2603261c-f67c-4ac4-82dc-a2f5fcafb624,Vehicle released back to operations after sign-off.,f,2025-11-08 09:36:00+00
a40cff77-f0e3-4b2c-b0f6-712161386694,2d947f5c-c879-4ae1-a6c8-fe35c9e5706e,2603261c-f67c-4ac4-82dc-a2f5fcafb624,Vehicle released back to operations after sign-off.,f,2025-11-09 15:57:00+00
8911242e-d451-4992-88e0-d1cb99a31c27,b9181086-9381-476f-a230-e13fcc954284,802b1d2e-50c9-4825-a3ef-2b31b40f3569,Handed over to the next shift for completion.,f,2025-09-24 10:49:00+00
7ef66f27-3fe5-4ba9-a7ab-bf2527cc2fc0,2d636ab3-53f9-4952-9755-57fce37cc0a2,e7889aec-2db4-4a78-b8a7-873db0af92b6,"Parts ordered from the supplier, awaiting delivery.",f,2024-09-29 15:45:00+00
7c87a6f6-ca11-43b4-9e57-fd67e2af4c4e,6bf437ef-389a-476d-a11c-db09c0a35eb6,832b089f-ff95-441d-a9ca-716951d24f37,Escalated to the workshop foreman for a second opinion.,f,2025-01-21 17:51:00+00
2fe0a0d6-3882-43bd-bfe6-b56128ddb7cb,e715975d-0fb0-4396-9d74-c2c07bcef982,e7889aec-2db4-4a78-b8a7-873db0af92b6,"Parts ordered from the supplier, awaiting delivery.",f,2026-03-02 09:28:00+00
c1cd77cb-16ef-48c6-8895-ce45805b2a02,bd5c382a-c016-4007-a3ec-baed3ba6ea62,e7963375-5e86-48ea-9553-3f5dbb55d897,Vehicle released back to operations after sign-off.,f,2026-05-10 11:26:00+00
c633861a-7bce-4b83-a58d-411d38762c70,33acacbf-0f7b-497a-bf00-b7650f5c33dd,05a77caf-f9f7-4abd-b0de-6bdb711e0ed4,Handed over to the next shift for completion.,f,2026-08-07 16:44:00+00
f528b242-896d-4008-a2e9-7a8c8676c50e,98f8d85d-73dc-4d11-a39b-66a2539837c9,e20935a5-5128-4f38-92b2-23e2cc66c4ed,Inspected on arrival; confirmed the reported symptom.,t,2025-11-26 13:47:00+00
913c9b69-81b3-42ed-b9ac-f87b159caacc,4a32f64f-839e-492e-b1f0-b6fa0053e7eb,3b846a2c-7ff9-489b-a54d-505dbf50778b,Vehicle released back to operations after sign-off.,f,2024-11-19 17:49:00+00
2e0ca1f8-1b2f-4579-9a4e-877a3dc0ddb4,4a32f64f-839e-492e-b1f0-b6fa0053e7eb,3a8a06de-92d4-4f46-9eee-923b07539d6c,Escalated to the workshop foreman for a second opinion.,f,2024-11-17 17:31:00+00
00c84a11-76cd-49d2-a299-503976154f7c,1b542d9d-2c88-4137-bff5-bd129e582156,bde86dca-cbc5-42f7-9f67-3f1be7a6da72,Inspected on arrival; confirmed the reported symptom.,f,2025-11-13 11:00:00+00
453e687a-aad2-4734-96bd-1747fd842970,0a6debb1-53bb-43ba-b949-47ce3ac22877,4fb48d89-3d11-4b1c-b34a-fc8824c4d74a,Inspected on arrival; confirmed the reported symptom.,f,2026-01-30 11:35:00+00
f85f060b-e806-4601-b857-b6fa2c326a0e,0a6debb1-53bb-43ba-b949-47ce3ac22877,4fb48d89-3d11-4b1c-b34a-fc8824c4d74a,Vehicle released back to operations after sign-off.,f,2026-01-23 17:17:00+00
dafab13f-3600-49c5-8bbd-8bcad39045c4,0a6debb1-53bb-43ba-b949-47ce3ac22877,eeb4530b-f017-42ea-a0e8-41ea6f22d5b4,Escalated to the workshop foreman for a second opinion.,f,2026-01-27 13:54:00+00
53eacddf-af04-4c2f-bdb8-5c05dd8a6770,edbcfe9a-e19d-45f8-be17-20021b9b45fe,081a9d77-5a33-48dd-af46-504fc0bbd34a,Vehicle released back to operations after sign-off.,f,2025-10-26 15:08:00+00
3b7cc09b-8b15-4f74-8e3f-1e7054fbfb2a,edbcfe9a-e19d-45f8-be17-20021b9b45fe,33de58c2-5dc4-4385-bc4c-9ad66a6fe320,"Parts ordered from the supplier, awaiting delivery.",f,2025-10-24 12:16:00+00
bd4fc6fa-cd17-49f0-b803-686313bc9ff7,edbcfe9a-e19d-45f8-be17-20021b9b45fe,33de58c2-5dc4-4385-bc4c-9ad66a6fe320,Escalated to the workshop foreman for a second opinion.,f,2025-10-25 14:28:00+00
0647fb9e-7391-44ad-99d0-b1145530a486,059b6776-861e-4a15-96cc-bb8fbf56ff57,ee5357e0-7ef0-49d6-aba4-c3a983e97bbd,"Parts ordered from the supplier, awaiting delivery.",f,2026-05-21 17:05:00+00
bdbdcf47-037b-400e-a642-2e6c61da7d33,059b6776-861e-4a15-96cc-bb8fbf56ff57,ee5357e0-7ef0-49d6-aba4-c3a983e97bbd,Escalated to the workshop foreman for a second opinion.,f,2026-06-01 14:02:00+00
2716c819-a0da-4527-80df-e57dff51227e,b602b53a-c70a-48bb-9d7d-5b5377bb3945,ea52bfbe-19f5-4dff-86bf-a319e0bec453,Inspected on arrival; confirmed the reported symptom.,f,2026-02-21 06:51:00+00
2f4b198a-94fb-4da9-8f23-6ebf95f82ed3,b602b53a-c70a-48bb-9d7d-5b5377bb3945,ea52bfbe-19f5-4dff-86bf-a319e0bec453,Inspected on arrival; confirmed the reported symptom.,f,2026-02-13 15:00:00+00
58f372cf-2b8f-4ee2-b7ad-89c321b06862,e39b3bba-d353-47b1-96b8-f05e39fd71bf,3c5b8d69-75e5-4a06-9f93-b9c0e7929f9f,Work completed and the vehicle was road tested before release.,f,2025-01-08 12:37:00+00
1f09c24a-3492-48b6-9145-0458545b2982,e39b3bba-d353-47b1-96b8-f05e39fd71bf,ee4d2f5c-11a7-4a36-b4f7-9b4da1d376b2,Inspected on arrival; confirmed the reported symptom.,t,2025-01-01 10:22:00+00
a29ab919-31ff-4f95-b960-6c9999bbc86d,a35f4c29-2d82-45fb-8172-8f60e2b32f2b,507c7fa4-15cb-4173-8c93-4d5d44ecf015,Inspected on arrival; confirmed the reported symptom.,f,2025-05-28 06:02:00+00
9aac79a1-1e41-4fc2-808c-03327c745602,a35f4c29-2d82-45fb-8172-8f60e2b32f2b,507c7fa4-15cb-4173-8c93-4d5d44ecf015,"Parts ordered from the supplier, awaiting delivery.",t,2025-06-05 15:31:00+00
6e8eab4c-57bd-422a-8674-b29c2ff7ecb1,a8f971d9-7c0b-4f85-8f80-f216d0e65a64,a363109b-c8ce-4177-9d91-030ac0b8df3a,Inspected on arrival; confirmed the reported symptom.,f,2026-06-27 14:29:00+00
b459fa59-7a69-4089-b661-8773d7ece18f,a8f971d9-7c0b-4f85-8f80-f216d0e65a64,a363109b-c8ce-4177-9d91-030ac0b8df3a,Inspected on arrival; confirmed the reported symptom.,f,2026-06-25 08:33:00+00
0bdd90aa-bf9b-4b3a-b459-dce4149016d7,a8f971d9-7c0b-4f85-8f80-f216d0e65a64,a363109b-c8ce-4177-9d91-030ac0b8df3a,Inspected on arrival; confirmed the reported symptom.,t,2026-06-29 16:20:00+00
f289166c-69de-4ebe-a4dc-e9c3f6cd0a6e,6649e46b-aff2-4ad7-9fe6-dd2a25bf19d1,f2993108-7085-4a34-95a5-74c5c3a8410d,Escalated to the workshop foreman for a second opinion.,f,2025-07-01 06:16:00+00
8d5f7033-cc0c-444f-85b1-30dfc2aea750,6649e46b-aff2-4ad7-9fe6-dd2a25bf19d1,f2993108-7085-4a34-95a5-74c5c3a8410d,Inspected on arrival; confirmed the reported symptom.,f,2025-07-05 10:10:00+00
8ab0110d-9fc2-42b6-8693-f696c34f22f9,6649e46b-aff2-4ad7-9fe6-dd2a25bf19d1,f2993108-7085-4a34-95a5-74c5c3a8410d,"Parts ordered from the supplier, awaiting delivery.",f,2025-07-11 15:45:00+00
0d61ff6f-e308-4d42-929a-de87172726b7,fa36d271-41b6-40ed-9c70-fe84548a0ed7,5797f891-99a9-4a6a-b447-0d48d749c9b0,Inspected on arrival; confirmed the reported symptom.,f,2024-08-17 05:39:00+00
a0f3760c-ab1a-4b11-9789-7de9800422f7,fa36d271-41b6-40ed-9c70-fe84548a0ed7,5797f891-99a9-4a6a-b447-0d48d749c9b0,Vehicle released back to operations after sign-off.,t,2024-08-19 17:22:00+00
bdcf5fe4-e843-428c-9c0e-fcf2c3d7079c,fa36d271-41b6-40ed-9c70-fe84548a0ed7,5797f891-99a9-4a6a-b447-0d48d749c9b0,Handed over to the next shift for completion.,f,2024-08-24 10:39:00+00
4504ce06-9071-416f-8377-97d87864c074,78403ad3-88a1-47b2-b513-c259c207c9d7,2ab72bf9-6e1e-4de2-9de6-563d411c74df,Work completed and the vehicle was road tested before release.,f,2025-02-12 08:05:00+00
20a5b8d2-952c-42df-9b2c-7a83d2be4d57,78403ad3-88a1-47b2-b513-c259c207c9d7,2ab72bf9-6e1e-4de2-9de6-563d411c74df,Escalated to the workshop foreman for a second opinion.,f,2025-02-17 08:43:00+00
0fb9b64f-a83d-49c6-8759-dd3f51f0ce6a,acd7cd7b-91f7-4ce8-abfd-dd7c05458c7c,af5f0096-7cc6-4d72-ab69-0a461681aeb5,Inspected on arrival; confirmed the reported symptom.,t,2025-07-12 14:29:00+00
da2accce-4e1b-45ad-a2b1-a9fc951197ac,bc649a3b-1dc7-4901-9ceb-e0346fb4a5a5,1104d968-5037-4023-88d2-b1bb835afe68,Inspected on arrival; confirmed the reported symptom.,f,2024-08-21 14:03:00+00
9e90642f-8ffc-436a-92c1-ce527ab7b14a,97387a18-2c8c-457d-863e-d3241601c3f8,96d7b341-3b80-4e82-b373-71627dbbd59c,Escalated to the workshop foreman for a second opinion.,f,2025-03-31 14:03:00+00
8d97689b-5d94-4fd3-89be-5d695c4f9b9e,a813d8c5-1151-4dcc-812d-ad96ff3034b3,190182a8-16ad-4409-a912-e59276021f4c,Inspected on arrival; confirmed the reported symptom.,f,2025-12-20 16:23:00+00
752cba0f-4c7f-484e-83e3-9b753b125f73,a813d8c5-1151-4dcc-812d-ad96ff3034b3,6d59fbf8-43a3-4448-8a6b-b1bfd7c603ee,Work completed and the vehicle was road tested before release.,f,2025-12-28 14:43:00+00
b4248e73-9f7f-4f12-b953-409b7fe5b234,a813d8c5-1151-4dcc-812d-ad96ff3034b3,6d59fbf8-43a3-4448-8a6b-b1bfd7c603ee,Handed over to the next shift for completion.,f,2025-12-19 06:30:00+00
64a8219c-ad05-4f97-8356-27013cc9fcdf,3b7aeaf0-11ea-4548-90e8-2caec3433c6e,668def89-b35a-453f-8186-ef5ef76662c8,Handed over to the next shift for completion.,f,2025-09-09 10:09:00+00
874ed169-5a32-4f04-8ab5-21c4338d0721,5bbf0dd7-2f97-4789-90e8-b42cef7ae0aa,4fa2752c-21e0-493e-9323-ee28c5c15ff0,"Parts ordered from the supplier, awaiting delivery.",f,2025-07-09 05:14:00+00
ba94dde6-e64e-40e5-9843-8d8cb24d1238,5bbf0dd7-2f97-4789-90e8-b42cef7ae0aa,7ab528b9-cbf7-4b46-8d45-847ab79da77d,Escalated to the workshop foreman for a second opinion.,f,2025-07-05 14:17:00+00
dd811c66-ef56-49f7-b96e-086bf62513b0,f9c2c732-f19e-42df-8f4a-38a4022f5611,246980b5-110b-4571-9060-906f0c1ed19f,Handed over to the next shift for completion.,f,2025-03-19 07:02:00+00
c953f8df-8431-4b09-bdf4-5e817a79d8fd,f2fd3833-9f76-4751-9aaf-ecdb87a124fc,26786492-bebd-4e3a-8719-4c486f70d604,Escalated to the workshop foreman for a second opinion.,f,2026-07-02 09:06:00+00
6a7e70b8-f10d-4b86-83dd-0659f9018f2a,f2fd3833-9f76-4751-9aaf-ecdb87a124fc,26786492-bebd-4e3a-8719-4c486f70d604,Escalated to the workshop foreman for a second opinion.,t,2026-06-27 16:05:00+00
f07cd54e-00e4-48a7-a864-56899626c73f,f2fd3833-9f76-4751-9aaf-ecdb87a124fc,8741b992-805d-4859-9e1a-4d49d82c9a99,Work completed and the vehicle was road tested before release.,f,2026-07-01 09:48:00+00
81939fbb-d2d0-4e59-b2a5-7638f7dd3f6b,10702ee1-7f48-46ee-be41-f5dd24a187e4,e3d88daf-a639-4654-8343-b7925af44312,Vehicle released back to operations after sign-off.,t,2026-07-25 15:47:00+00
89d890aa-9d29-4ceb-943c-4f49c7bc1d96,10702ee1-7f48-46ee-be41-f5dd24a187e4,e3d88daf-a639-4654-8343-b7925af44312,Escalated to the workshop foreman for a second opinion.,f,2026-08-04 08:57:00+00
54282b18-7bf7-42e9-84a1-1512761ec958,f1554736-9a47-4c38-a21a-4f028897054a,3be2c4f8-a30e-4b7b-8104-fe633928c764,Vehicle released back to operations after sign-off.,f,2026-07-24 09:29:00+00
2fba9fd4-d747-44b0-888c-741ca7ad1216,f1554736-9a47-4c38-a21a-4f028897054a,3be2c4f8-a30e-4b7b-8104-fe633928c764,Vehicle released back to operations after sign-off.,f,2026-07-15 07:34:00+00
012f73c7-46a3-499c-903d-75903afda214,8c756f70-37ea-4cb8-a6d3-a2cb905b36d3,17a78c48-dd35-41f3-9ae8-30460de6feb8,Vehicle released back to operations after sign-off.,f,2026-08-15 11:24:00+00
2177bff9-9da9-4bd8-a01b-26787793d144,8c756f70-37ea-4cb8-a6d3-a2cb905b36d3,17a78c48-dd35-41f3-9ae8-30460de6feb8,"Parts ordered from the supplier, awaiting delivery.",f,2026-08-13 15:15:00+00
24665827-be46-4e18-ad14-6822a4c74d1d,380f53b5-b982-4df5-a9a3-3abf8e3cd73b,df4c0193-faeb-4abd-925d-19853046c7b2,Vehicle released back to operations after sign-off.,f,2025-01-09 09:19:00+00
23bc9de7-6716-4755-b3bb-b2e07326b9be,380f53b5-b982-4df5-a9a3-3abf8e3cd73b,a363109b-c8ce-4177-9d91-030ac0b8df3a,Handed over to the next shift for completion.,t,2025-01-08 05:25:00+00
9f2c6d19-92c1-4c02-83ae-21a3234d20fb,380f53b5-b982-4df5-a9a3-3abf8e3cd73b,a363109b-c8ce-4177-9d91-030ac0b8df3a,Inspected on arrival; confirmed the reported symptom.,f,2024-12-31 13:09:00+00
6b92f8af-3dc4-41fc-99f7-391c663cee75,89e9ae72-1440-4fe2-9e6b-ed34e4c9bf26,35b9a8e8-5284-40f5-9348-5f1e994c12f1,Inspected on arrival; confirmed the reported symptom.,f,2026-05-16 13:12:00+00
9c845bbc-f932-4a1a-8b7b-535275f757b1,89e9ae72-1440-4fe2-9e6b-ed34e4c9bf26,1ad7ac67-7360-49fc-8826-4c87c34eb6bc,Handed over to the next shift for completion.,f,2026-05-20 15:33:00+00
e4965990-a608-4c37-a63a-4f0b9576ec96,0329176b-b063-41e6-b800-13b987f34ce0,0b830550-4175-4716-9d78-9b2d69d25855,"Parts ordered from the supplier, awaiting delivery.",f,2025-02-17 13:00:00+00
7094c10e-cf54-420d-a818-61830a80c51d,78200346-3cf4-4069-a4ac-1f7bb60f715b,8de2d321-f715-4ebc-b37a-b90f4bef957a,"Parts ordered from the supplier, awaiting delivery.",f,2025-05-23 15:01:00+00
b5fe2573-ec41-4ffe-a28f-dffdbba44df0,e881b429-cf41-41ac-91a9-59d1917ce210,e8c335e0-2088-4924-a6e4-c94e52dc1dd6,Escalated to the workshop foreman for a second opinion.,f,2024-08-21 17:35:00+00
65fce8c5-6f27-43c2-9eb3-c6f9334edcf5,e881b429-cf41-41ac-91a9-59d1917ce210,1104d968-5037-4023-88d2-b1bb835afe68,Handed over to the next shift for completion.,t,2024-08-25 17:11:00+00
4d61b06e-e519-478e-8890-30487b602c8e,e881b429-cf41-41ac-91a9-59d1917ce210,e8c335e0-2088-4924-a6e4-c94e52dc1dd6,Inspected on arrival; confirmed the reported symptom.,f,2024-08-25 15:48:00+00
2a5dcde6-3267-4958-aa2d-e302b9635ba1,08fecaef-ed6f-4b16-9551-afaee56bebc3,ed4c1923-4a35-41e6-af73-87d272e16bb9,Vehicle released back to operations after sign-off.,f,2025-01-26 17:09:00+00
0fc9aa1e-4fba-4482-b516-6fcb5455bd7b,08fecaef-ed6f-4b16-9551-afaee56bebc3,59873a14-b5e0-4bf4-a48d-6464cb0b6dd6,"Parts ordered from the supplier, awaiting delivery.",f,2025-01-28 12:23:00+00
06754ee3-5472-40f7-8fd3-28f1edd82f82,58740fe2-4584-47c6-ac79-c8fe82dc190e,7644642e-745c-4474-890f-0f840a0b5df8,Inspected on arrival; confirmed the reported symptom.,f,2025-09-22 09:54:00+00
8fe5b852-e975-496f-8b77-71f8e2ae0d57,a5cd8e01-fe38-43f3-b3e3-b8cd04baaefe,e794ba95-b522-45c5-aa4d-2a17ab76071c,Work completed and the vehicle was road tested before release.,f,2024-11-27 06:41:00+00
01d43ce7-e51e-47b7-b2a5-9894e6a5046b,a5cd8e01-fe38-43f3-b3e3-b8cd04baaefe,e794ba95-b522-45c5-aa4d-2a17ab76071c,"Parts ordered from the supplier, awaiting delivery.",f,2024-12-06 07:00:00+00
0d3b18b2-a490-404a-9c22-71319098e524,0cb83704-3ec6-48e4-8535-f5b6e599a21a,f9e17e55-3ce7-47d6-beff-7dc3c8ecad6c,Vehicle released back to operations after sign-off.,t,2026-04-21 08:44:00+00
b11a2852-c086-408d-bc72-23f4ce4c2c68,0cb83704-3ec6-48e4-8535-f5b6e599a21a,f9e17e55-3ce7-47d6-beff-7dc3c8ecad6c,Handed over to the next shift for completion.,t,2026-04-28 14:05:00+00
314afbf7-f65d-492c-83db-290dad09fdac,97471863-1379-44de-95fb-bf969e6d70ae,c9d9cd57-6074-4c5b-87b0-f093e04db48b,Handed over to the next shift for completion.,f,2026-04-20 14:21:00+00
45d53916-177b-4c5d-8e5a-adf9fb8a02bd,98888595-d825-4a54-8df5-16486b7cf515,f2993108-7085-4a34-95a5-74c5c3a8410d,Inspected on arrival; confirmed the reported symptom.,f,2025-11-26 14:16:00+00
aa90f4ac-6157-460a-bd87-01eda1ed1f9b,98888595-d825-4a54-8df5-16486b7cf515,f2993108-7085-4a34-95a5-74c5c3a8410d,Escalated to the workshop foreman for a second opinion.,f,2025-11-24 10:47:00+00
0666db99-926e-4e5d-b6ba-fa41e0a7d4ab,acc15d69-7676-42e5-a1f9-6e86e1bf5e0a,728c431d-a607-4a38-9b1a-2287ce9979ad,Vehicle released back to operations after sign-off.,f,2025-02-14 06:54:00+00
841a0455-de7f-4cc0-a82c-b05e60b9f54f,acc15d69-7676-42e5-a1f9-6e86e1bf5e0a,b10c3b1b-0504-4c02-9577-38f300514499,Vehicle released back to operations after sign-off.,f,2025-02-14 12:37:00+00
f2bb6411-6e1c-4f02-94b0-6eb0bb889e70,a39ca329-be3f-4d56-ab22-f9020fc377e8,b46cf761-3db0-4767-b410-65aa1a2825fb,Escalated to the workshop foreman for a second opinion.,f,2025-05-29 10:36:00+00
6c7fe8cb-6fd1-4c57-93b3-b626a0d090a5,a39ca329-be3f-4d56-ab22-f9020fc377e8,1eec88aa-d888-4b75-ab3e-84365df4210c,Inspected on arrival; confirmed the reported symptom.,f,2025-05-25 10:52:00+00
7e03cdf1-2017-4110-9196-4988ca355be7,0be4d35b-73a1-4294-8070-44f4d5a3d75f,5302dab8-326e-4660-b10d-447ccbcaff6f,Work completed and the vehicle was road tested before release.,f,2025-06-26 10:42:00+00
a23c5a8c-3bac-4c5e-8db9-44b765ccf642,d371968c-5866-4118-8410-935072605fd4,d49746fb-1fa9-4dd3-a283-ace04dffae46,"Parts ordered from the supplier, awaiting delivery.",f,2024-10-18 16:47:00+00
2d5b9acc-87aa-4575-aa0f-ca129b824c07,3749c21a-9fc3-4b28-8387-1fb6b0a66dbf,5b4b300b-3f2b-4fb0-bc62-3eae56605668,Work completed and the vehicle was road tested before release.,f,2024-12-17 08:51:00+00
1f531aa4-1014-443e-b856-71c46a500c4b,3749c21a-9fc3-4b28-8387-1fb6b0a66dbf,2d598e0b-fb1e-485c-bef5-c988163404a7,Escalated to the workshop foreman for a second opinion.,f,2024-12-15 08:29:00+00
52074f0e-5f8b-4d97-9b0f-aa11c69900e3,3749c21a-9fc3-4b28-8387-1fb6b0a66dbf,5b4b300b-3f2b-4fb0-bc62-3eae56605668,Inspected on arrival; confirmed the reported symptom.,t,2024-12-21 11:02:00+00
171d2491-1124-47d0-84c8-80575064e4df,03756a03-4484-4666-9ce5-dd9c3d3bcb12,44decfc6-95e9-4892-afa1-68bc4c79b9b6,Handed over to the next shift for completion.,f,2025-03-15 09:52:00+00
3a85dc9b-8201-4a4f-9e1d-14eacc1442c9,03756a03-4484-4666-9ce5-dd9c3d3bcb12,c2ebc293-a6da-4e4f-9dcf-b38eb12e684e,Escalated to the workshop foreman for a second opinion.,f,2025-03-21 10:04:00+00
eb4c339e-8670-4c9f-9cbe-1cd2b12e1825,2df3f73b-b40e-40b2-9a1c-9f35040dd77d,76acb86d-958a-4ccf-934c-46bed43da641,Escalated to the workshop foreman for a second opinion.,f,2024-09-18 17:00:00+00
9f497647-f684-43c8-9b20-cf5e48541e40,2df3f73b-b40e-40b2-9a1c-9f35040dd77d,76acb86d-958a-4ccf-934c-46bed43da641,"Parts ordered from the supplier, awaiting delivery.",t,2024-09-13 06:47:00+00
a751abec-3cfd-4e7e-b84f-c94ea8115d15,2df3f73b-b40e-40b2-9a1c-9f35040dd77d,76acb86d-958a-4ccf-934c-46bed43da641,Vehicle released back to operations after sign-off.,f,2024-09-18 14:56:00+00
713cd045-4f76-4296-a028-e4b350b77d33,67754b87-8d86-46ab-91ad-d630acbb3486,4212a9e1-e03c-4ea2-9d8c-c180b703b99a,Vehicle released back to operations after sign-off.,f,2025-01-07 09:35:00+00
8228a536-1e96-456a-b048-94b73216836c,67754b87-8d86-46ab-91ad-d630acbb3486,705606bb-60ee-4791-b050-0781537700b1,Work completed and the vehicle was road tested before release.,f,2025-01-10 08:11:00+00
d3d77030-80fd-4d7f-bdba-0791ce3e70dc,67754b87-8d86-46ab-91ad-d630acbb3486,4212a9e1-e03c-4ea2-9d8c-c180b703b99a,Vehicle released back to operations after sign-off.,f,2025-01-10 11:33:00+00
2b114ca4-86c1-4065-832c-62363b8ff6ff,49b6df5d-4f10-49a6-bd3b-8151d1e4be79,1ca63256-23b6-4145-88a0-6d8a834afa10,Handed over to the next shift for completion.,f,2024-10-09 13:53:00+00
3aa8dce8-b09e-49d2-9c2a-552578ae6d2f,49b6df5d-4f10-49a6-bd3b-8151d1e4be79,1ca63256-23b6-4145-88a0-6d8a834afa10,"Parts ordered from the supplier, awaiting delivery.",f,2024-10-08 06:02:00+00
70a54189-d180-4f2a-923c-470c5b21fffa,303102bb-652b-4353-ac8b-81f825410c67,ada9bd16-4c53-416f-9094-adaac3690544,Escalated to the workshop foreman for a second opinion.,t,2026-05-13 06:02:00+00
af08d62a-8a55-4efe-9a9c-ac645080ee16,303102bb-652b-4353-ac8b-81f825410c67,1f244e06-5a87-45ce-934d-263326f32549,"Parts ordered from the supplier, awaiting delivery.",f,2026-05-25 06:20:00+00
ec95ff0a-d92d-4972-aecb-bd617b1926bf,303102bb-652b-4353-ac8b-81f825410c67,1f244e06-5a87-45ce-934d-263326f32549,"Parts ordered from the supplier, awaiting delivery.",f,2026-05-15 15:54:00+00
874d238c-df9a-4974-b0c9-3ef09f932485,a11949ec-c7b0-4871-aa28-7d2f345745f6,1246b49b-4c2a-428c-9e26-abdd7df1b7e0,Work completed and the vehicle was road tested before release.,f,2025-03-21 07:52:00+00
eaf08eb8-dad6-48b7-9fce-c45a6999c94d,4bcbdf58-2625-4bcc-a034-29169dc49b49,1ef075d1-9960-4ddc-ac3b-0c9bba6ad5ef,Handed over to the next shift for completion.,f,2025-01-29 08:55:00+00
0bd9d600-3122-4753-9689-a6e515352d13,4bcbdf58-2625-4bcc-a034-29169dc49b49,c72f23f6-0751-4dfb-aa15-6737a84c61f4,Vehicle released back to operations after sign-off.,f,2025-02-03 09:41:00+00
75f47caa-65bd-4f7d-81bb-2f59507f8bc0,4bcbdf58-2625-4bcc-a034-29169dc49b49,1ef075d1-9960-4ddc-ac3b-0c9bba6ad5ef,Escalated to the workshop foreman for a second opinion.,f,2025-02-04 16:59:00+00
5fb21b95-3e84-44bc-b219-7ebbe50fb644,91eee335-6733-44b7-8fd5-3f13a1e468b8,3638245b-e3ff-405e-a7d9-fbdb3cffeb58,Handed over to the next shift for completion.,f,2026-01-22 11:03:00+00
aae8b087-a83b-44f8-b496-03d69d6ed2b1,91eee335-6733-44b7-8fd5-3f13a1e468b8,7172df17-f1b4-41d1-a5ee-2bf445703d25,Handed over to the next shift for completion.,f,2026-01-19 17:34:00+00
8b85b4f6-8ca5-4a4c-8c80-0ad04515316b,91eee335-6733-44b7-8fd5-3f13a1e468b8,3638245b-e3ff-405e-a7d9-fbdb3cffeb58,Vehicle released back to operations after sign-off.,f,2026-01-22 06:57:00+00
98f790e7-07e4-4db1-8b91-07ad14085ee7,25ceeda3-be42-4439-a761-a65e7f9e7b83,06664a12-e906-4dce-8442-a47e9ced1cce,"Parts ordered from the supplier, awaiting delivery.",f,2025-01-28 05:39:00+00
8fc87ece-7dac-427f-8210-ec91bb24fa93,25ceeda3-be42-4439-a761-a65e7f9e7b83,06664a12-e906-4dce-8442-a47e9ced1cce,Handed over to the next shift for completion.,f,2025-02-01 17:46:00+00
567c221a-4149-4dfb-bcbb-0c6993e4703f,54ce0610-d69f-492c-b09e-7d6202678923,7e4fde36-648a-411f-9e69-54dd9be25b54,Vehicle released back to operations after sign-off.,f,2025-08-01 15:21:00+00
6624c95c-7396-486d-827b-693e28ce4da8,edcdd5e6-296d-47bf-924b-556e662fd45c,bf2345c5-305b-49ba-b06b-ecb5fede548e,Vehicle released back to operations after sign-off.,f,2025-12-18 15:33:00+00
c70511cc-8059-4746-9519-689752aa66cc,edcdd5e6-296d-47bf-924b-556e662fd45c,bf2345c5-305b-49ba-b06b-ecb5fede548e,Vehicle released back to operations after sign-off.,t,2025-12-10 09:14:00+00
816c51ea-b93c-469e-b8d7-62ab2f7b75af,a5dee9f1-1a9f-4550-9442-a54842b8ff98,0bcca5d2-620c-4e90-ae82-fb6ffc7af33d,Handed over to the next shift for completion.,t,2026-06-09 05:04:00+00
223e3556-0107-40b3-b1a3-59bee4a6f83e,a5dee9f1-1a9f-4550-9442-a54842b8ff98,0bcca5d2-620c-4e90-ae82-fb6ffc7af33d,Work completed and the vehicle was road tested before release.,t,2026-06-10 17:53:00+00
914fc062-1b95-4be0-a8a7-a6bd1f3c400d,a5dee9f1-1a9f-4550-9442-a54842b8ff98,0bcca5d2-620c-4e90-ae82-fb6ffc7af33d,Escalated to the workshop foreman for a second opinion.,f,2026-06-10 13:08:00+00
6fbccae0-9b03-4024-95fd-d2bf97b2929c,a9d82b56-2a5c-44c1-be3e-12f5d1500562,d4ab1734-15c1-4d19-a3f3-9db75f910cd8,Escalated to the workshop foreman for a second opinion.,t,2026-05-13 12:23:00+00
cac0f764-27de-48c7-931c-cd4829a83bc4,a9d82b56-2a5c-44c1-be3e-12f5d1500562,b737044f-e300-48b8-8023-aa3efab6953e,Handed over to the next shift for completion.,f,2026-05-22 17:55:00+00
15ec539b-2c1b-44ad-b362-dd567d4d5ea3,a9d82b56-2a5c-44c1-be3e-12f5d1500562,d4ab1734-15c1-4d19-a3f3-9db75f910cd8,"Parts ordered from the supplier, awaiting delivery.",f,2026-05-13 13:55:00+00
da5078a6-8b31-4adf-9067-aa37f39fdf2c,a821fd3b-599a-42c5-83af-620c459e4595,ee4d2f5c-11a7-4a36-b4f7-9b4da1d376b2,Inspected on arrival; confirmed the reported symptom.,t,2024-10-09 09:56:00+00
93b53871-7d86-455f-9a2e-ef089d394dc7,2ee183b6-9436-4e62-8d90-ecc6a06512b9,0ece4939-de9b-4910-babc-3cb1f0372d4b,Escalated to the workshop foreman for a second opinion.,f,2025-11-03 13:00:00+00
fed55a0b-ee01-4992-87aa-f3f4450c6b0a,2ee183b6-9436-4e62-8d90-ecc6a06512b9,0ece4939-de9b-4910-babc-3cb1f0372d4b,Handed over to the next shift for completion.,f,2025-11-06 15:10:00+00
30f60cf9-bc0c-43f9-9ba1-8dde63559a0e,2ee183b6-9436-4e62-8d90-ecc6a06512b9,3ed87f3f-9d1e-409e-af21-14fee9e9bc14,"Parts ordered from the supplier, awaiting delivery.",f,2025-10-27 13:40:00+00
b1ebaa67-6605-4439-b6ce-6925c619a5d2,545b7b36-f3f3-492d-88ab-77cc7a8fe657,6a299c1f-ae68-468f-ba60-338ead0f891e,Vehicle released back to operations after sign-off.,f,2026-08-06 17:31:00+00
ca0fc7db-2fe4-4101-a565-522a1d5e4fef,600ca388-5c8f-4b93-800f-a5c03bd66ab9,2ce0bc6a-959a-4ad4-ba44-b4a27685f43a,Inspected on arrival; confirmed the reported symptom.,f,2025-01-14 15:48:00+00
2c657713-0057-4140-9ba0-714587334b25,1a8c905a-b17c-447c-a363-160532c25648,d555997d-4f34-4447-8538-e3ac8bc0b2cb,Handed over to the next shift for completion.,f,2026-01-31 05:39:00+00
9429f613-eae5-498c-a121-4d5e15b6a104,1a8c905a-b17c-447c-a363-160532c25648,d555997d-4f34-4447-8538-e3ac8bc0b2cb,Vehicle released back to operations after sign-off.,f,2026-01-27 13:36:00+00
36717b45-7724-4dbc-b256-57b4764e403e,1a8c905a-b17c-447c-a363-160532c25648,d555997d-4f34-4447-8538-e3ac8bc0b2cb,Work completed and the vehicle was road tested before release.,f,2026-01-31 10:59:00+00
bfc2bac5-643b-4d3d-9fb3-900ed4e47201,52da8a42-54a7-4578-a138-6d1d0be3e7db,46b65206-6f2c-4777-b6a0-ed9d0d81dc19,Handed over to the next shift for completion.,f,2024-08-18 17:27:00+00
c2816fcb-07ce-4d0a-9b99-5fbd8375e1f9,52da8a42-54a7-4578-a138-6d1d0be3e7db,46b65206-6f2c-4777-b6a0-ed9d0d81dc19,"Parts ordered from the supplier, awaiting delivery.",t,2024-08-25 13:00:00+00
349dbd1f-5a2f-4503-82b9-b99cc8b9ec67,8dd884a5-6d89-40af-b086-4ab760f05e15,57ace99d-32e1-4aae-af41-0861213bfb33,"Parts ordered from the supplier, awaiting delivery.",t,2025-07-02 14:54:00+00
4ef02b4c-2599-40d8-9201-fceef32b762a,8dd884a5-6d89-40af-b086-4ab760f05e15,57ace99d-32e1-4aae-af41-0861213bfb33,Vehicle released back to operations after sign-off.,f,2025-06-26 12:03:00+00
1f8eca3b-ce45-47e8-bf28-06f17dc90e5b,8dd884a5-6d89-40af-b086-4ab760f05e15,3966530c-94a6-4265-a40e-c0d923c0f0ae,Handed over to the next shift for completion.,f,2025-06-20 09:21:00+00
cf0eb379-61b3-49e3-9ae3-7e4096f22f12,749ea14f-4960-4da9-9352-90c66a186d3b,9cb44f3e-4dc3-4ac9-bf65-bb8f29efc8e6,Work completed and the vehicle was road tested before release.,f,2026-06-30 06:38:00+00
643ce3f8-eb45-4843-aa99-bad930ce0484,749ea14f-4960-4da9-9352-90c66a186d3b,246980b5-110b-4571-9060-906f0c1ed19f,Inspected on arrival; confirmed the reported symptom.,t,2026-06-29 12:43:00+00
2f030561-8c2e-46c1-a0e8-f8e33e2fd8c5,749ea14f-4960-4da9-9352-90c66a186d3b,246980b5-110b-4571-9060-906f0c1ed19f,Vehicle released back to operations after sign-off.,t,2026-07-06 09:14:00+00
6144e357-345d-4743-9715-ee09fc684859,824b3fae-8ef4-4b63-a46c-02bd86b1c63d,fb6db374-5499-4fab-a5e5-5f201832e9d3,Escalated to the workshop foreman for a second opinion.,f,2024-11-21 09:49:00+00
f608eb78-7a36-444a-b887-d9ec01524af2,824b3fae-8ef4-4b63-a46c-02bd86b1c63d,fb6db374-5499-4fab-a5e5-5f201832e9d3,Handed over to the next shift for completion.,f,2024-11-14 16:17:00+00
a5d454fb-06a2-44f4-876e-2b0cb9be4bd7,824b3fae-8ef4-4b63-a46c-02bd86b1c63d,fb6db374-5499-4fab-a5e5-5f201832e9d3,Escalated to the workshop foreman for a second opinion.,f,2024-11-16 13:27:00+00
55879904-a4c2-41fa-a070-d956c08d8e1d,05ed5363-61dd-405a-8abb-f091e6edb784,e0089955-7fd3-47d8-a384-4d9a69ca3920,Vehicle released back to operations after sign-off.,f,2025-02-21 15:23:00+00
586de16a-1912-45f7-b06f-e297d27949e9,05ed5363-61dd-405a-8abb-f091e6edb784,6b59f9f2-4c2d-40ea-8a3b-76bb6b7f5dd1,Inspected on arrival; confirmed the reported symptom.,f,2025-02-23 06:22:00+00
8e94d9cd-f83c-4dc6-aeeb-2ec757f50ba2,05ed5363-61dd-405a-8abb-f091e6edb784,6b59f9f2-4c2d-40ea-8a3b-76bb6b7f5dd1,Vehicle released back to operations after sign-off.,t,2025-02-22 12:01:00+00
e2d2af4e-b5b0-4205-9b37-65a2873e534f,3b6ef84d-8173-42c7-b274-da09d9354a9c,af5f0096-7cc6-4d72-ab69-0a461681aeb5,"Parts ordered from the supplier, awaiting delivery.",t,2024-10-24 07:28:00+00
de3f3019-6dc8-4f22-8144-f586b24fd7db,3b6ef84d-8173-42c7-b274-da09d9354a9c,a213ac02-a975-484b-88d8-985f8590c25d,Escalated to the workshop foreman for a second opinion.,f,2024-10-21 11:42:00+00
c40fd053-a00a-488a-9295-9d100724c9e1,3b6ef84d-8173-42c7-b274-da09d9354a9c,a213ac02-a975-484b-88d8-985f8590c25d,Inspected on arrival; confirmed the reported symptom.,f,2024-10-26 16:06:00+00
21ccc118-8a8a-4fb1-b461-96df271523e4,02dea574-c3e9-4846-a9c5-a5e6e92b0b77,e1c1397c-6345-47ab-948e-0f3e68d615b7,Work completed and the vehicle was road tested before release.,t,2026-08-14 05:38:00+00
fa3d5bf4-0f1e-4891-8239-bd673ef78b0a,02dea574-c3e9-4846-a9c5-a5e6e92b0b77,8f700fd2-3def-4b84-8c3c-b7d73e077fba,"Parts ordered from the supplier, awaiting delivery.",f,2026-08-18 14:44:00+00
88c6a2b4-3cf6-4a36-b604-7bc135a58607,02dea574-c3e9-4846-a9c5-a5e6e92b0b77,e1c1397c-6345-47ab-948e-0f3e68d615b7,"Parts ordered from the supplier, awaiting delivery.",t,2026-08-13 09:51:00+00
75a806f5-b570-4ee7-89bf-a6990c101610,193f2ce7-e36b-4e43-9f80-590aa3e411c8,53237578-eb53-4fa0-b5df-9eb5c4ba96f4,Vehicle released back to operations after sign-off.,t,2024-09-01 06:01:00+00
467f363b-a3fb-4582-a9b5-e9ad95f0e8cd,193f2ce7-e36b-4e43-9f80-590aa3e411c8,dba27b6e-3ab8-46c8-a9e9-591dc2166f08,"Parts ordered from the supplier, awaiting delivery.",f,2024-08-31 15:44:00+00
b6e7d7c8-b2d9-474e-9033-b601739bee6b,6da5be3a-90eb-4666-a07f-e9dddc4e34d3,75ecdc2a-757a-4c32-a103-8bfece98280b,Inspected on arrival; confirmed the reported symptom.,f,2024-10-26 09:54:00+00
3bde9e14-3d58-48be-be87-e3042d801420,6da5be3a-90eb-4666-a07f-e9dddc4e34d3,cdd74f33-dff3-4b0f-8378-d2989570b4c6,Escalated to the workshop foreman for a second opinion.,f,2024-11-02 05:22:00+00
00153114-d75a-4be1-8d1f-b77197bc0e66,6da5be3a-90eb-4666-a07f-e9dddc4e34d3,75ecdc2a-757a-4c32-a103-8bfece98280b,Vehicle released back to operations after sign-off.,f,2024-10-27 17:07:00+00
8097e373-56a3-4143-97b4-722358775aa2,14bc11a7-974b-41d9-a9a1-7c87dbc9732c,51de8298-573f-473b-b907-584ec33f7841,Vehicle released back to operations after sign-off.,f,2025-11-07 05:04:00+00
6b514c97-1682-4db1-8975-866735a0e6aa,14bc11a7-974b-41d9-a9a1-7c87dbc9732c,51de8298-573f-473b-b907-584ec33f7841,"Parts ordered from the supplier, awaiting delivery.",f,2025-10-29 10:36:00+00
af3819e0-94ff-48cf-b3ac-0b64f390141a,14bc11a7-974b-41d9-a9a1-7c87dbc9732c,51de8298-573f-473b-b907-584ec33f7841,Handed over to the next shift for completion.,f,2025-11-07 09:54:00+00
d3dbad62-58f8-47d1-b4d9-072eabc0d3aa,efa4be86-3c74-49ce-ac4b-0dd568b77e69,bcc2e695-1e30-4f07-866a-c884d470333c,Handed over to the next shift for completion.,f,2024-12-21 12:53:00+00
9aef7702-9c51-4bc5-a1ec-60d1737ae920,efa4be86-3c74-49ce-ac4b-0dd568b77e69,1246b49b-4c2a-428c-9e26-abdd7df1b7e0,Work completed and the vehicle was road tested before release.,t,2024-12-22 09:16:00+00
1c7c0122-cfff-441a-87d3-8eb704377816,efa4be86-3c74-49ce-ac4b-0dd568b77e69,bcc2e695-1e30-4f07-866a-c884d470333c,Escalated to the workshop foreman for a second opinion.,f,2024-12-24 16:21:00+00
a98a8885-34f7-4052-afcf-59d98675bea6,271f3bc3-a3fc-437d-85e2-1b431fef1fc9,87713bdb-3a75-494d-9e8e-93ac114276ec,Vehicle released back to operations after sign-off.,f,2025-02-02 13:28:00+00
2e6998ea-513d-4067-adab-a425f94b103c,271f3bc3-a3fc-437d-85e2-1b431fef1fc9,597c6eba-286e-440e-922e-420efd907fcc,Vehicle released back to operations after sign-off.,f,2025-01-29 13:47:00+00
9afdb2e1-27e0-4f6a-bcf0-5b798f3c6ead,271f3bc3-a3fc-437d-85e2-1b431fef1fc9,597c6eba-286e-440e-922e-420efd907fcc,Work completed and the vehicle was road tested before release.,f,2025-01-24 06:17:00+00
4540d072-294a-4d53-84f6-02bc1fcfb973,f781418b-ee1f-417d-a217-4ffdae3e878d,c2ebc293-a6da-4e4f-9dcf-b38eb12e684e,Handed over to the next shift for completion.,f,2025-09-24 09:05:00+00
ac5645b4-8650-4b9e-a294-7ebcda33da99,f781418b-ee1f-417d-a217-4ffdae3e878d,c2ebc293-a6da-4e4f-9dcf-b38eb12e684e,Escalated to the workshop foreman for a second opinion.,f,2025-09-26 16:41:00+00
bbf9a3b0-8d2e-4c9c-9012-4c43c1423ef7,6b8688c5-2bb5-417a-9e09-ba42dddfd55f,d6e759b6-79b1-4cc4-bc4d-412a321a3640,Vehicle released back to operations after sign-off.,f,2026-07-14 10:40:00+00
e76bbf05-f670-46e2-aa86-cdafd35ce36c,6b8688c5-2bb5-417a-9e09-ba42dddfd55f,0b830550-4175-4716-9d78-9b2d69d25855,Vehicle released back to operations after sign-off.,f,2026-07-19 05:36:00+00
a78ab252-6ca7-4161-863c-9ce946900081,6b8688c5-2bb5-417a-9e09-ba42dddfd55f,0b830550-4175-4716-9d78-9b2d69d25855,Inspected on arrival; confirmed the reported symptom.,f,2026-07-23 12:01:00+00
1ce28d85-e2e3-4bb5-8d4e-dd0db058f3db,182daf7a-9ae8-482e-a5c3-36d3c2d79c8c,cfcb23c6-f209-48fb-b2ab-5f79f711f9cc,Handed over to the next shift for completion.,t,2024-12-16 10:53:00+00
3b18941e-572d-42e9-8cf3-62e660c2b3a3,182daf7a-9ae8-482e-a5c3-36d3c2d79c8c,cbe38004-41ff-40f3-8cc5-a26f4612f3ba,Handed over to the next shift for completion.,f,2024-12-14 07:13:00+00
48075ca5-3458-4239-b5c6-7cfca21ea9fb,182daf7a-9ae8-482e-a5c3-36d3c2d79c8c,cfcb23c6-f209-48fb-b2ab-5f79f711f9cc,Escalated to the workshop foreman for a second opinion.,f,2024-12-21 05:40:00+00
81cd5652-6bee-4c1d-82e0-52ebf44813b9,195f49fe-402a-4a5c-92d7-6a932b2c61e4,54a8003d-fad1-4f14-bdd4-8c4913b2d0f2,Handed over to the next shift for completion.,f,2026-08-01 06:01:00+00
f9e3960d-bc75-48d0-b937-1612c90d738b,73337ff6-78a7-4a3d-9a82-55be9c064a13,3484de6b-fe95-4a85-8fab-b327faa1af1a,"Parts ordered from the supplier, awaiting delivery.",f,2025-01-04 14:53:00+00
c5eb649a-6bd3-4486-a790-e244126f45c3,73337ff6-78a7-4a3d-9a82-55be9c064a13,3484de6b-fe95-4a85-8fab-b327faa1af1a,Inspected on arrival; confirmed the reported symptom.,f,2025-01-01 11:06:00+00
12e6e401-dea3-4f6f-b933-c939fb0fddfb,73337ff6-78a7-4a3d-9a82-55be9c064a13,3484de6b-fe95-4a85-8fab-b327faa1af1a,Handed over to the next shift for completion.,f,2025-01-01 17:09:00+00
dc8cdfea-7fbc-44eb-9b46-22ab72b96186,ce7863f8-fae9-4286-b80e-51958e3aaa55,022e2531-3147-464c-8ab0-f1461e0f7f2c,Vehicle released back to operations after sign-off.,f,2026-03-16 13:43:00+00
47c88580-7820-4e6b-8a1b-5232ddcc86b5,ce7863f8-fae9-4286-b80e-51958e3aaa55,022e2531-3147-464c-8ab0-f1461e0f7f2c,Work completed and the vehicle was road tested before release.,f,2026-03-16 10:06:00+00
655c9e25-a7e5-4e85-9f9c-b707bf6a4724,d9c1e4bd-6bf3-4251-9bd7-4e7ede35f959,eeb2c80a-5992-4553-b0f3-bfb3252ee6f4,"Parts ordered from the supplier, awaiting delivery.",f,2025-10-25 11:17:00+00
7f60df3b-8e82-429b-bba3-6c7e03041dca,793cd902-d8c6-4f2b-a3f9-3e57bf83126b,9019810d-4632-4478-ba34-52bcd94d1793,Handed over to the next shift for completion.,f,2025-10-19 07:44:00+00
09ae2ca2-edef-4112-b9a0-e267b70b0630,793cd902-d8c6-4f2b-a3f9-3e57bf83126b,9019810d-4632-4478-ba34-52bcd94d1793,"Parts ordered from the supplier, awaiting delivery.",f,2025-10-21 17:10:00+00
fd59a736-b0a0-47b4-8e8a-ab75eed5291b,793cd902-d8c6-4f2b-a3f9-3e57bf83126b,c3bd164c-dac0-42f6-a8bd-f5f7ab7dd58c,Handed over to the next shift for completion.,f,2025-10-24 14:35:00+00
d99c9cc6-c071-4d50-9cbf-87dc98f4a461,180b4758-3fe2-40f7-93d5-ba9566e3cec4,a817e3da-c239-49df-b5b4-e605451fa66c,Work completed and the vehicle was road tested before release.,t,2026-05-27 14:02:00+00
7d99ed94-35ee-485a-be2a-2df3cfb41587,180b4758-3fe2-40f7-93d5-ba9566e3cec4,765075e1-0e2f-47b5-9221-3011f36cb6f8,Escalated to the workshop foreman for a second opinion.,f,2026-06-01 09:53:00+00
c9f402aa-8fde-447b-bdf0-33fb1ad923c1,180b4758-3fe2-40f7-93d5-ba9566e3cec4,a817e3da-c239-49df-b5b4-e605451fa66c,Work completed and the vehicle was road tested before release.,f,2026-05-25 17:48:00+00
b757f4bc-f330-4bef-bf4c-eb07c6680b1b,575a4a18-b12e-4496-a84e-4b9eed19e7d0,190182a8-16ad-4409-a912-e59276021f4c,Inspected on arrival; confirmed the reported symptom.,f,2024-11-18 05:09:00+00
887e6413-2a3c-4264-bd7d-1773d25c88fa,a6eca4e4-a47e-45d7-85cf-ab56741c28bd,f101a341-b305-43d6-b170-7cbd8501fef2,"Parts ordered from the supplier, awaiting delivery.",t,2025-11-20 05:54:00+00
33c76c9d-eab6-411d-b004-9278f1ef3239,a6eca4e4-a47e-45d7-85cf-ab56741c28bd,f101a341-b305-43d6-b170-7cbd8501fef2,Handed over to the next shift for completion.,t,2025-11-26 13:46:00+00
588d9ef2-f8b6-47a8-a411-416516ff625e,41ad448f-0e58-43e0-a11c-c5ae7845249f,b958f053-fb9d-4b81-9996-c7ca66269f1c,Work completed and the vehicle was road tested before release.,t,2025-10-27 12:58:00+00
1eb624eb-2df8-48cd-a0b3-feb9fa507604,41ad448f-0e58-43e0-a11c-c5ae7845249f,b958f053-fb9d-4b81-9996-c7ca66269f1c,Handed over to the next shift for completion.,t,2025-11-01 16:13:00+00
7e0c24c2-922d-422a-9ff4-dbeca7b2ab36,e8d771bd-705e-4d7e-b1eb-ee15decd6bc9,9b2ae800-e7f5-4450-a102-90626d114204,Escalated to the workshop foreman for a second opinion.,f,2025-01-11 15:12:00+00
17063758-edbb-486d-9ee4-af1cc8f5ec46,e8d771bd-705e-4d7e-b1eb-ee15decd6bc9,ef6299ea-dce6-47c7-9ad0-1881136969f0,Vehicle released back to operations after sign-off.,f,2025-01-19 09:23:00+00
9366d20f-5c1f-4631-b393-6ef14cd84385,809c2ae8-a710-4747-a41e-2f0887391f76,b36f60de-7468-494a-8e5f-a8f1ffc38839,Work completed and the vehicle was road tested before release.,f,2025-04-21 15:42:00+00
265ab140-77a0-4b60-ae58-9835bd70195b,809c2ae8-a710-4747-a41e-2f0887391f76,6307ed65-c77c-40e7-9e0f-0b67135eb7b1,Work completed and the vehicle was road tested before release.,t,2025-04-29 17:22:00+00
8a7f2103-e892-4957-a739-c5ae649d7f67,809c2ae8-a710-4747-a41e-2f0887391f76,6307ed65-c77c-40e7-9e0f-0b67135eb7b1,"Parts ordered from the supplier, awaiting delivery.",f,2025-04-24 13:35:00+00
f8ac678d-7e73-49c6-b772-ac9460990637,05fc88e5-31a4-48c7-a470-bf8f267d5a91,acc29e92-bfe4-4843-8a5e-b9f6e945a18e,Vehicle released back to operations after sign-off.,f,2025-03-30 15:49:00+00
dcefd202-75b7-4a0c-b456-31a50d0596f3,05fc88e5-31a4-48c7-a470-bf8f267d5a91,80bc9403-5b94-4faf-9612-5bdcefb91978,Escalated to the workshop foreman for a second opinion.,f,2025-04-01 14:03:00+00
bd4c49d6-cdac-4d0b-8fce-44b65fe3b4b0,05fc88e5-31a4-48c7-a470-bf8f267d5a91,acc29e92-bfe4-4843-8a5e-b9f6e945a18e,"Parts ordered from the supplier, awaiting delivery.",t,2025-04-04 05:36:00+00
249e4cee-5844-481f-85b0-365849baab86,559afeb7-f065-462d-9773-a5ab9d22d608,51ed7e64-6868-4e03-9b23-cb9d7039bb47,Handed over to the next shift for completion.,f,2024-09-06 05:47:00+00
5ddd915c-f96c-4991-af78-a32ee47b9075,559afeb7-f065-462d-9773-a5ab9d22d608,51ed7e64-6868-4e03-9b23-cb9d7039bb47,Work completed and the vehicle was road tested before release.,f,2024-09-06 07:29:00+00
3c3d68bf-eebf-4ffd-af97-289a570f27e8,80c42dba-9a26-4fe3-9bcc-09a5feef1beb,3a856fa0-a322-42af-b639-f50c6a06d501,"Parts ordered from the supplier, awaiting delivery.",f,2025-12-20 13:05:00+00
e2f5ac83-4969-4d67-b062-7fe3e117f7eb,b83ca4e2-f4f1-4573-8a3b-dbf6b11ded48,7b8038d9-086d-487f-be9b-20668168d812,Handed over to the next shift for completion.,f,2025-10-06 11:24:00+00
6326484b-a3da-4ddf-b12f-8f6fc84aaaa8,09debd2a-c75f-4f93-a4ea-4ea50ad8293e,c3bd164c-dac0-42f6-a8bd-f5f7ab7dd58c,Vehicle released back to operations after sign-off.,f,2025-08-23 05:10:00+00
be3df3a7-1ec1-4e5d-a3a0-7873c91d1466,09debd2a-c75f-4f93-a4ea-4ea50ad8293e,c3bd164c-dac0-42f6-a8bd-f5f7ab7dd58c,Vehicle released back to operations after sign-off.,f,2025-08-25 15:31:00+00
a4f9fb59-c64d-4f25-baf5-1d1dd14cda65,09debd2a-c75f-4f93-a4ea-4ea50ad8293e,c3bd164c-dac0-42f6-a8bd-f5f7ab7dd58c,Escalated to the workshop foreman for a second opinion.,f,2025-08-28 10:00:00+00
98850f76-8f58-44c4-b835-fc0aa3c182da,681c0952-b383-40be-8745-221942dbac7c,4608f3d6-5f3d-4b49-8c19-e917a798062c,Inspected on arrival; confirmed the reported symptom.,f,2025-04-20 08:30:00+00
ede37134-b72a-43da-bd45-bf0e5796813a,681c0952-b383-40be-8745-221942dbac7c,4608f3d6-5f3d-4b49-8c19-e917a798062c,Inspected on arrival; confirmed the reported symptom.,f,2025-04-24 10:45:00+00
fc9a682d-e91e-4ee9-8391-7216571311e3,9d9d8593-8c27-49aa-a58c-428f1d5da48f,d818a87b-429b-4756-9495-55e1f1648939,"Parts ordered from the supplier, awaiting delivery.",f,2025-03-22 15:55:00+00
db7615d2-bf65-4f58-bacf-5ecfa1c511ca,9d9d8593-8c27-49aa-a58c-428f1d5da48f,d818a87b-429b-4756-9495-55e1f1648939,Vehicle released back to operations after sign-off.,f,2025-03-24 16:17:00+00
1b4d06d6-b01b-4a74-aa00-17f69b07bac0,b922006d-14e9-4908-9856-f79aaa1abe46,18f814f2-8caf-454b-a5b5-36ab65b68c57,"Parts ordered from the supplier, awaiting delivery.",f,2024-10-23 10:57:00+00
cd95b60d-b51a-47d2-ac9f-279dc4da5bc8,b922006d-14e9-4908-9856-f79aaa1abe46,5ca11cec-92af-4cf0-ba2a-b7ccc1954f40,Vehicle released back to operations after sign-off.,f,2024-10-17 05:57:00+00
230bbe18-cd1f-49c1-871e-f7f3f9ff900c,b922006d-14e9-4908-9856-f79aaa1abe46,5ca11cec-92af-4cf0-ba2a-b7ccc1954f40,Vehicle released back to operations after sign-off.,f,2024-10-11 17:31:00+00
085d445c-f1e1-492d-a491-4f72f7fec429,38e682b9-31fc-4bca-b47b-104b153371d0,ed4c1923-4a35-41e6-af73-87d272e16bb9,Vehicle released back to operations after sign-off.,f,2025-09-02 06:30:00+00
c265d7f7-c3b8-4c31-b31f-d42da9c68baf,38e682b9-31fc-4bca-b47b-104b153371d0,ed4c1923-4a35-41e6-af73-87d272e16bb9,Handed over to the next shift for completion.,f,2025-08-23 07:12:00+00
7b4ac89b-e57f-416b-af15-fcaf24a3b278,38e682b9-31fc-4bca-b47b-104b153371d0,ed4c1923-4a35-41e6-af73-87d272e16bb9,Handed over to the next shift for completion.,f,2025-08-25 08:52:00+00
e8857d30-f207-49cf-a389-714cf550d7d8,871dd255-4c7f-4f46-b480-38861ce4b9d6,0b830550-4175-4716-9d78-9b2d69d25855,Escalated to the workshop foreman for a second opinion.,f,2026-07-15 05:21:00+00
65f70d25-a6d0-40bf-9537-b00a80373f03,871dd255-4c7f-4f46-b480-38861ce4b9d6,aa74ca35-434e-47be-8bd6-af6914b9a935,Inspected on arrival; confirmed the reported symptom.,f,2026-07-19 07:55:00+00
a12ec4f1-2cf9-4a23-a661-1a7e52da20fe,871dd255-4c7f-4f46-b480-38861ce4b9d6,aa74ca35-434e-47be-8bd6-af6914b9a935,"Parts ordered from the supplier, awaiting delivery.",f,2026-07-24 05:00:00+00
8569cf3e-eeb4-4266-aa4b-ea558ff92949,5ac2d58b-5cc7-4ece-83ca-fae1da1e7a6d,6a8d56ce-2168-4b33-819a-93aeaa9b99dc,Escalated to the workshop foreman for a second opinion.,f,2025-03-02 11:25:00+00
b51d97cf-020a-4de5-90ff-f7bab8a5b416,5ac2d58b-5cc7-4ece-83ca-fae1da1e7a6d,6a8d56ce-2168-4b33-819a-93aeaa9b99dc,Handed over to the next shift for completion.,f,2025-03-11 12:44:00+00
8292b06a-f991-4be2-911a-6ec603929e54,5ac2d58b-5cc7-4ece-83ca-fae1da1e7a6d,258cec76-5677-463e-88d0-84f8488b8d19,Work completed and the vehicle was road tested before release.,f,2025-03-09 07:22:00+00
f29f89c5-47b8-4b10-a3ca-28fb69b0a455,9a97975d-766c-4bfc-b31c-fd6ed77ca561,890b088b-ef43-4e69-ad02-026b369a28b5,Vehicle released back to operations after sign-off.,f,2025-01-23 16:35:00+00
62a51d0a-6b1b-4d60-bc46-89aa2488b36b,9a97975d-766c-4bfc-b31c-fd6ed77ca561,597c6eba-286e-440e-922e-420efd907fcc,"Parts ordered from the supplier, awaiting delivery.",f,2025-01-16 07:40:00+00
3ec1d50b-1fc3-4b22-ab10-5dd190fa8c93,ee9e9f44-04a2-4512-9865-9c539515ab93,aa9fdc26-c27d-4899-a00c-295b6ab99173,Inspected on arrival; confirmed the reported symptom.,f,2025-04-01 13:31:00+00
a2b5cf5a-b723-4d99-a9c8-2b8e6c09941b,ee9e9f44-04a2-4512-9865-9c539515ab93,198393db-38d9-4a32-b015-0658a170bec1,Vehicle released back to operations after sign-off.,t,2025-04-01 07:29:00+00
c656939d-63c1-4388-804d-00596b135fbd,ee9e9f44-04a2-4512-9865-9c539515ab93,aa9fdc26-c27d-4899-a00c-295b6ab99173,Inspected on arrival; confirmed the reported symptom.,f,2025-03-22 12:06:00+00
640f010e-b642-485c-b6ad-f67228f6e5fe,d37079fe-e726-4c74-8b02-bac52105dab3,5284761e-4d1d-4e36-97eb-848604be7358,Escalated to the workshop foreman for a second opinion.,t,2026-02-15 13:39:00+00
1136aa4e-8680-4e54-a1c3-b0b55580666d,d37079fe-e726-4c74-8b02-bac52105dab3,5284761e-4d1d-4e36-97eb-848604be7358,Work completed and the vehicle was road tested before release.,f,2026-02-18 17:46:00+00
0f39c887-4a88-454e-b76b-249b6829e10f,a8034157-99fa-465d-a1fe-a4dee8c70e9b,6d8966a8-2474-4d35-9fd9-7bb3b648f6fd,Handed over to the next shift for completion.,f,2025-03-04 11:41:00+00
a7e3bf3a-f044-4f3c-bcd7-e149cbaf9ffa,a8034157-99fa-465d-a1fe-a4dee8c70e9b,6d8966a8-2474-4d35-9fd9-7bb3b648f6fd,Vehicle released back to operations after sign-off.,f,2025-03-02 14:37:00+00
ac64bbc7-d5c9-4a09-aa8e-c652c445ca9e,be85e150-2fad-4359-bb2e-c16835cd889a,9b2ae800-e7f5-4450-a102-90626d114204,Work completed and the vehicle was road tested before release.,f,2025-12-23 06:19:00+00
47dc19d4-1912-45d5-823a-cb326cabfe84,be85e150-2fad-4359-bb2e-c16835cd889a,9eb09106-f54e-4d7c-a8ab-2e35db7f6fee,"Parts ordered from the supplier, awaiting delivery.",f,2025-12-22 16:24:00+00
a2566ca0-2466-4ba5-8ecc-391b1ae7b7fd,9d70bb4c-ab9c-4b79-8ed6-986848e11b8b,e4cbf8b0-359c-4f08-904c-1a8a1fa0c608,"Parts ordered from the supplier, awaiting delivery.",f,2025-06-18 16:19:00+00
458314c9-28ff-45a5-bdbd-08ceae4e41da,9d70bb4c-ab9c-4b79-8ed6-986848e11b8b,149c1f7c-7257-4a93-8b26-45cae3ef4432,Inspected on arrival; confirmed the reported symptom.,t,2025-06-22 10:03:00+00
70851f8d-400c-4072-a893-ad6ef0110c5d,9d70bb4c-ab9c-4b79-8ed6-986848e11b8b,e4cbf8b0-359c-4f08-904c-1a8a1fa0c608,Handed over to the next shift for completion.,f,2025-06-24 10:35:00+00
e9902b51-474f-4051-a135-e5cd5018df92,a135fafd-b680-49ef-938f-c1578c3a786e,989c4623-2ef3-4227-8eb3-779db0586ef1,Inspected on arrival; confirmed the reported symptom.,f,2025-03-06 12:26:00+00
b4cd3887-9860-4a75-9cd1-ae7367dc026c,a135fafd-b680-49ef-938f-c1578c3a786e,7e4c901d-77fc-4c10-a16e-4444d40fb582,Work completed and the vehicle was road tested before release.,f,2025-03-03 05:25:00+00
8a7409be-8eeb-4270-926b-e742ac9f2720,a135fafd-b680-49ef-938f-c1578c3a786e,989c4623-2ef3-4227-8eb3-779db0586ef1,"Parts ordered from the supplier, awaiting delivery.",f,2025-02-27 09:04:00+00
5f7925a2-bb81-48f5-9d9b-dce0fdaa40f9,e52aee6d-6382-44d1-b159-54905bb6aca2,022e5872-55c1-40d7-b067-cc60fae673de,Escalated to the workshop foreman for a second opinion.,f,2026-08-06 06:09:00+00
e67ef5d6-8208-4e04-aa9a-b409e8f117d4,e52aee6d-6382-44d1-b159-54905bb6aca2,022e5872-55c1-40d7-b067-cc60fae673de,Vehicle released back to operations after sign-off.,f,2026-08-06 10:25:00+00
b4e930ca-dd9d-4e7d-b416-5794725e54ac,e52aee6d-6382-44d1-b159-54905bb6aca2,022e5872-55c1-40d7-b067-cc60fae673de,Vehicle released back to operations after sign-off.,t,2026-08-10 06:22:00+00
32a24c22-4bfd-43df-ab0b-97b1554910ea,40988439-30f3-483e-92bd-b02608519101,e3d88daf-a639-4654-8343-b7925af44312,"Parts ordered from the supplier, awaiting delivery.",t,2024-11-07 17:21:00+00
cbfed9ca-b8ab-48fb-ba91-5612b8d2edf9,40988439-30f3-483e-92bd-b02608519101,f95e5189-9acb-40e5-8f4e-860989edcd2c,Vehicle released back to operations after sign-off.,f,2024-11-05 17:31:00+00
e1386444-8236-4d41-b384-521b6766eb65,e2919b88-578d-49c5-b92a-12c182008b68,9f06cc9a-b7c3-4251-821a-1cd09e60ef22,Vehicle released back to operations after sign-off.,f,2025-03-29 09:09:00+00
285e4046-cd3d-42bb-ad73-b9070b198df1,d6392e6a-c409-40c1-a6f2-ea65810a12ae,4ba7d1f3-0eb6-413f-bac9-4a25081e347e,Escalated to the workshop foreman for a second opinion.,f,2026-04-27 16:16:00+00
754c1d6b-f029-440c-ab43-264d7be653e2,d6392e6a-c409-40c1-a6f2-ea65810a12ae,799f9455-62db-4da1-8b99-9f32da209d65,Work completed and the vehicle was road tested before release.,f,2026-04-27 13:18:00+00
d8e2d313-a063-4c19-88a1-bd72d0de5b7f,b7bc6ec2-0b78-4b04-8aed-1198da2d57fb,832b089f-ff95-441d-a9ca-716951d24f37,Inspected on arrival; confirmed the reported symptom.,f,2026-04-24 13:28:00+00
c61d3826-e5c0-4199-835b-e192782ea309,99c0affe-ab85-4b06-9528-8806b3bb03bc,016d73cf-e272-4f8f-a5e9-41a860fec088,Vehicle released back to operations after sign-off.,t,2026-04-15 12:09:00+00
9631d46e-9448-4acd-8969-eaf20278d764,99c0affe-ab85-4b06-9528-8806b3bb03bc,7191fc57-7a6f-4655-87cf-3b13834e027a,Escalated to the workshop foreman for a second opinion.,f,2026-04-16 12:15:00+00
0edd5df4-c73b-4a22-8be6-6dc332b12a35,99c0affe-ab85-4b06-9528-8806b3bb03bc,7191fc57-7a6f-4655-87cf-3b13834e027a,Inspected on arrival; confirmed the reported symptom.,f,2026-04-15 09:22:00+00
fe58792c-cdc5-4f6f-a09a-2badd52cc293,bb552aed-075b-45e2-a136-6010cfc3c889,69740143-f533-4866-a394-3d1ba98f20a7,Escalated to the workshop foreman for a second opinion.,t,2025-06-17 11:17:00+00
78465a66-220a-446d-9d61-7d4d91d58b3f,bb552aed-075b-45e2-a136-6010cfc3c889,69740143-f533-4866-a394-3d1ba98f20a7,Work completed and the vehicle was road tested before release.,f,2025-06-17 14:31:00+00
40c0fd3a-3313-441e-9ab9-a6df606f2116,bb552aed-075b-45e2-a136-6010cfc3c889,2708d4f5-3ad6-4440-8965-792bc8ba02ec,Vehicle released back to operations after sign-off.,f,2025-06-15 05:51:00+00
6740a4bb-6565-4600-a211-b1d1b66379f3,7888f84d-322e-4027-b331-6d6240e34b6c,9b2ae800-e7f5-4450-a102-90626d114204,Handed over to the next shift for completion.,f,2025-03-08 08:47:00+00
35dbaa8f-830e-4c0f-8e75-330f40e182f2,7888f84d-322e-4027-b331-6d6240e34b6c,e9f418de-bd0f-4830-b4c0-9a74896ec78e,Work completed and the vehicle was road tested before release.,f,2025-03-10 14:16:00+00
fccbc760-6b19-4bcc-a473-9aea871b3caa,7f847cbe-e2e2-4a15-8a9c-0b2a7342a06f,0bcca5d2-620c-4e90-ae82-fb6ffc7af33d,Inspected on arrival; confirmed the reported symptom.,t,2024-08-29 13:34:00+00
3e88d188-071d-4569-973d-3e0ceb8c44aa,7f847cbe-e2e2-4a15-8a9c-0b2a7342a06f,db9ceda9-fe88-48a4-a8bc-b6d5b8e1c93d,Handed over to the next shift for completion.,f,2024-08-29 11:44:00+00
8bc32b5b-2b91-4ed4-bb57-c4c388be5608,1a3683aa-bc07-48c7-abf5-59d796829799,9a38f54e-0c39-48c6-9c31-f8bc268a9f2a,Vehicle released back to operations after sign-off.,f,2025-10-04 13:33:00+00
35f42b52-a8bb-499f-9a2e-7d46b3f9a2ce,1a3683aa-bc07-48c7-abf5-59d796829799,53729164-22f4-4aa2-a9ce-1b992ed4e050,Handed over to the next shift for completion.,f,2025-09-24 14:03:00+00
c07bb3b2-feeb-40ff-b4b9-7072fd76245b,3ac9aeff-a572-4d19-be20-583a63126bdc,b6487f87-3c10-4157-8f83-4000a6e04b1f,Vehicle released back to operations after sign-off.,f,2025-10-07 15:30:00+00
9e3eaadf-ab44-4d86-84fb-c2281a75d5f9,20d1e8c0-0e18-4d01-9d42-7d3854b56d90,5284761e-4d1d-4e36-97eb-848604be7358,Handed over to the next shift for completion.,f,2025-01-22 11:05:00+00
6003cb52-83e3-4497-8dff-d27e43e46e22,20d1e8c0-0e18-4d01-9d42-7d3854b56d90,5284761e-4d1d-4e36-97eb-848604be7358,"Parts ordered from the supplier, awaiting delivery.",f,2025-01-27 06:19:00+00
dfea0f95-61cd-4296-a861-859aa25c38b5,1743a305-a88e-4955-a994-29adbce52932,784a05b0-a5da-4849-9577-b03fd2c58149,Handed over to the next shift for completion.,f,2026-02-01 15:01:00+00
