id,name,email,phone,role,status,department,warehouse
34931f13-2403-4242-8b97-cda22b57bcf1,Ahamed Farook,ahamedf.log@lankalogix.com,+94 70 918 7417,user,active,Logistics,LankaLogix - Galle
3d0cb63d-4785-41f8-b2b9-cf6132befe97,Ahamed Hameed,ahamed.log@lankalogix.com,+94 76 303 8081,user,active,Logistics,LankaLogix - Colombo
1bc813cc-df54-4e73-9b11-397f54e4846c,Ahamed Ismail,ahamedi.log@lankalogix.com,+94 71 565 1247,user,inactive,Logistics,LankaLogix - Galle
08614e88-b343-49ae-8e75-b715bf05a337,Ahamed Marikkar,ahamedm.log@lankalogix.com,+94 70 336 7229,user,active,Logistics,LankaLogix - Colombo
8679d499-93b5-4c67-96a9-235351c57233,Ahamed Rahman,ahamedr.log@lankalogix.com,+94 77 654 3579,user,active,Logistics,LankaLogix - Galle
77387a7f-627f-4a75-a8da-5d14e986201e,Ajith Bandara,ajithb2.log@lankalogix.com,+94 78 696 9490,user,active,Logistics,LankaLogix - Colombo
bdcafd2b-af00-4468-9bfa-56fec76a416b,Ajith Bandara,ajithb.log@lankalogix.com,+94 76 144 4566,user,active,Logistics,LankaLogix - Colombo
771ce83b-d59b-4a82-854e-55bb2fbf2ff6,Ajith Galappaththi,ajithg2.log@lankalogix.com,+94 71 204 7362,user,active,Logistics,LankaLogix - Colombo
559b097f-c978-452a-9fa1-cf043a09373a,Ajith Gunawardena,ajithg.log@lankalogix.com,+94 71 342 5282,user,active,Logistics,LankaLogix - Colombo
e15a11ed-4e40-4f3c-8011-cbb4911d7069,Ajith Hettiarachchi,ajithh.log@lankalogix.com,+94 75 827 1065,user,active,Logistics,LankaLogix - Badulla
9bb85a55-297b-4c01-8d94-5a8ecd35ad9a,Ajith Karunaratne,ajith.log@lankalogix.com,+94 78 812 8499,user,active,Logistics,LankaLogix - Colombo
9bd1b385-5443-456b-8d15-0dfaae56ce62,Ajith Opatha,ajitho.log@lankalogix.com,+94 75 363 4744,user,active,Logistics,LankaLogix - Badulla
cbe38004-41ff-40f3-8cc5-a26f4612f3ba,Ajith Perera,ajithp.log@lankalogix.com,+94 70 194 2280,user,active,Logistics,LankaLogix - Colombo
bde3ca47-83dc-49db-93c8-575131b3a224,Ajith Tennakoon,ajitht.log@lankalogix.com,+94 78 287 4594,user,active,Logistics,LankaLogix - Colombo
827ddce0-e57e-49e0-b564-c5b4daf83ac3,Ajith Weerasinghe,ajithw2.log@lankalogix.com,+94 71 851 1243,user,active,Logistics,LankaLogix - Galle
b9744ffe-17c8-4628-9742-ff7af635f88d,Ajith Wijeratne,ajithw.log@lankalogix.com,+94 70 194 3106,user,active,Logistics,LankaLogix - Badulla
104a972e-bd66-474a-8e17-fe30a79630c7,Amaya Illangakoon,amaya.log@lankalogix.com,+94 75 824 8042,user,active,Logistics,LankaLogix - Colombo
2cb0e26c-1100-4df9-8c7d-54ff343ee7b3,Amaya Kumarasinghe,amayak.log@lankalogix.com,+94 75 415 7482,user,active,Logistics,LankaLogix - Colombo
f8b8379a-a75d-427c-b004-2d79c88bf675,Amaya Munasinghe,amayam.log@lankalogix.com,+94 77 308 7502,user,active,Logistics,LankaLogix - Badulla
12caa1c3-dae5-425f-880d-a8133729fdd9,Amaya Thilakaratne,amaya.adm@lankalogix.com,+94 76 155 7628,user,active,Admin,LankaLogix - Badulla
118c1ff7-3e18-407f-85f3-adf66c2db555,Amaya Wickramasinghe,amayaw.log@lankalogix.com,+94 74 359 5547,user,active,Logistics,LankaLogix - Colombo
67eeff78-764d-49fd-a532-794fe5de10be,Amila Abeywickrama,amilaa3.log@lankalogix.com,+94 78 205 9440,user,active,Logistics,LankaLogix - Colombo
ee9756f3-bfe0-4977-84dd-d99f4f5eb7b4,Amila Alwis,amilaa2.log@lankalogix.com,+94 76 288 6031,user,active,Logistics,LankaLogix - Colombo
fca1ba57-46c2-46df-8d8c-c6177b1ab5c3,Amila Amarasinghe,amilaa.log@lankalogix.com,+94 71 310 9535,user,active,Logistics,LankaLogix - Colombo
83d472b5-dd92-42a8-a953-35d233862a56,Amila Dissanayake,amilad.log@lankalogix.com,+94 71 695 2650,user,active,Logistics,LankaLogix - Badulla
4d9a2421-7844-44bd-b117-718dcc1c86f3,Amila Edirisinghe,amilae.log@lankalogix.com,+94 72 863 4480,user,active,Logistics,LankaLogix - Badulla
3300b88d-ad2c-4c0c-bac7-48e98b283f68,Amila Gunawardena,amilag.log@lankalogix.com,+94 72 886 4173,user,active,Logistics,LankaLogix - Galle
05bf91cd-84da-4338-96f4-3c4f216facbc,Amila Hettiarachchi,amilah.log@lankalogix.com,+94 74 237 1698,user,active,Logistics,LankaLogix - Colombo
da2a67ac-05d9-4061-97d1-f011a05f6fe5,Amila Jayasuriya,amilaj.log@lankalogix.com,+94 71 199 1513,user,active,Logistics,LankaLogix - Colombo
7b065213-adca-4208-8606-e24d876515ac,Amila Liyanage,amilal.log@lankalogix.com,+94 77 262 8359,user,active,Logistics,LankaLogix - Badulla
31aef21e-4d21-4de6-a74c-4cf1fefb9e57,Amila Madushanka,amilam.log@lankalogix.com,+94 70 921 8364,user,active,Logistics,LankaLogix - Galle
ddde20e9-91ec-4e59-ae51-4ecd751529ab,Amila Pathirana,amila.log@lankalogix.com,+94 75 652 1977,user,active,Logistics,LankaLogix - Colombo
bd95dfd1-5af7-41d2-85ef-bbb2b0f57a12,Amila Seneviratne,amilas2.log@lankalogix.com,+94 70 936 8554,user,active,Logistics,LankaLogix - Badulla
a70d04e5-e0a8-4f08-9a11-d8aad40c4def,Amila Silva,amilas.log@lankalogix.com,+94 71 666 3139,user,active,Logistics,LankaLogix - Badulla
56bc5b4f-b018-4995-89a3-6825709e4754,Amila Silva,amila.adm@lankalogix.com,+94 70 901 8757,admin,active,Admin,LankaLogix - Galle
65d43a9f-e305-49af-994b-5a76143bbac5,Amila Vithanage,amilav.log@lankalogix.com,+94 76 843 4042,user,active,Logistics,LankaLogix - Badulla
55f028a0-239f-4082-a2bd-1ea1da7fb8eb,Anand Kandasamy,anand.log@lankalogix.com,+94 71 872 6308,user,active,Logistics,LankaLogix - Colombo
cf7005a7-a97c-42ef-9b78-c00a59781445,Anand Muthukumar,anandm.log@lankalogix.com,+94 71 273 8997,user,active,Logistics,LankaLogix - Galle
3351801a-f8d9-48ae-a19c-421b6d81bcf8,Anand Nadarajah,anandn.log@lankalogix.com,+94 72 986 9660,user,active,Logistics,LankaLogix - Galle
ae6a1be7-b6e0-4bd4-81cc-b51def41c284,Anand Rajendran,anandr3.log@lankalogix.com,+94 77 108 5029,user,suspended,Logistics,LankaLogix - Galle
0559c035-6377-41b3-9881-90f239377825,Anand Rajendran,anandr2.log@lankalogix.com,+94 74 971 5211,user,active,Logistics,LankaLogix - Galle
f09cbdc7-2bc1-4dcf-aad3-2922c9db9a85,Anand Ratnasingham,anandr.log@lankalogix.com,+94 70 505 2959,user,active,Logistics,LankaLogix - Colombo
a96efe54-54b7-4947-afe8-b8ef6609486e,Anand Sivalingam,anands.log@lankalogix.com,+94 72 520 4861,user,active,Logistics,LankaLogix - Galle
15895ba8-1ab8-421c-b064-925e83da56aa,Anand Vairamuthu,anandv.log@lankalogix.com,+94 70 975 2008,user,active,Logistics,LankaLogix - Colombo
23897ad1-5d76-41b7-a0a8-5434aba10d7c,Ananthi Arumugam,ananthi.log@lankalogix.com,+94 70 612 5928,user,active,Logistics,LankaLogix - Colombo
7c2d98b0-0276-4ef9-8a45-ecbc21c761a4,Ananthi Balasubramaniam,ananthib.log@lankalogix.com,+94 75 161 1827,user,active,Logistics,LankaLogix - Badulla
fb6db374-5499-4fab-a5e5-5f201832e9d3,Ananthi Ponnambalam,ananthip.log@lankalogix.com,+94 75 555 8515,user,active,Logistics,LankaLogix - Colombo
eaffb453-f1e1-442e-b1c7-d0767b538fe3,Ananthi Rajendran,ananthir.log@lankalogix.com,+94 72 261 1380,user,active,Logistics,LankaLogix - Badulla
c52505a4-1d2f-448d-bf92-977af7403607,Ananthi Sivalingam,ananthis2.log@lankalogix.com,+94 78 170 3342,user,active,Logistics,LankaLogix - Badulla
9be9d8a3-a08a-4adb-a9ee-166b4b0a8521,Ananthi Sivalingam,ananthis.log@lankalogix.com,+94 75 292 5312,user,active,Logistics,LankaLogix - Badulla
73695667-456a-4647-a906-c5b0637e2854,Ananthi Thangarajah,ananthit.log@lankalogix.com,+94 77 676 4816,user,active,Logistics,LankaLogix - Colombo
9307f79e-1989-450c-8410-9c18f986c0cf,Anuruddha Bandara,anuruddhab.log@lankalogix.com,+94 75 820 3189,user,active,Logistics,LankaLogix - Galle
54a7789c-b84b-40b2-adcd-2e293e032e99,Anuruddha Chandrasiri,anuruddhac.log@lankalogix.com,+94 71 276 5204,user,active,Logistics,LankaLogix - Galle
f3c86ff8-fb6a-4c66-abba-e7d600708c4e,Anuruddha Hettiarachchi,anuruddhah.log@lankalogix.com,+94 78 240 3710,user,active,Logistics,LankaLogix - Badulla
872336fb-fba4-48c0-9c1e-33dd102a11cb,Anuruddha Kodikara,anuruddhak.log@lankalogix.com,+94 70 799 7852,user,active,Logistics,LankaLogix - Badulla
9c5e27a2-5ace-4543-9ad5-55b53544519e,Anuruddha Madushanka,anuruddham2.log@lankalogix.com,+94 72 897 4560,user,active,Logistics,LankaLogix - Colombo
27d2f183-2bfd-4f51-92c3-8c50dfca5690,Anuruddha Mendis,anuruddham.log@lankalogix.com,+94 76 180 9240,user,active,Logistics,LankaLogix - Colombo
c823a36c-7a13-4674-b925-140bf7ccf2a5,Anuruddha Rathnayaka,anuruddha.log@lankalogix.com,+94 72 994 9451,user,active,Logistics,LankaLogix - Colombo
0ece4939-de9b-4910-babc-3cb1f0372d4b,Anuruddha Senanayake,anuruddhas2.log@lankalogix.com,+94 76 762 5282,user,active,Logistics,LankaLogix - Colombo
472d1148-29aa-49e3-9b18-f6759b63e0a7,Anuruddha Seneviratne,anuruddha.mech@lankalogix.com,+94 72 624 3245,user,active,Mechanical,LankaLogix - Galle
b5e9f1ed-2062-4d19-b2b1-2c2f5f9d9d1d,Anuruddha Silva,anuruddhas.log@lankalogix.com,+94 71 208 6927,user,active,Logistics,LankaLogix - Colombo
5797f891-99a9-4a6a-b447-0d48d749c9b0,Anuruddha Vithanage,anuruddha.elec@lankalogix.com,+94 74 262 8662,user,active,Electrical,LankaLogix - Badulla
3b846a2c-7ff9-489b-a54d-505dbf50778b,Anuruddha Vithanage,anuruddhav.log@lankalogix.com,+94 78 836 9804,user,active,Logistics,LankaLogix - Colombo
af1627b5-1586-434a-956f-dbf6814e988b,Anuruddha Vithanage,anuruddhav2.log@lankalogix.com,+94 77 495 8304,user,active,Logistics,LankaLogix - Galle
b98804b5-aaf4-4355-961f-ff75a2e4dcaf,Anusha Fernando,anushaf.log@lankalogix.com,+94 72 833 1164,user,active,Logistics,LankaLogix - Colombo
1bdc45e0-cabf-41e7-90b6-28f9ed157a06,Anusha Herath,anushah.log@lankalogix.com,+94 77 403 4015,user,inactive,Logistics,LankaLogix - Galle
a43241ef-e2f3-4254-9e97-9f2e17bd0c18,Anusha Illangakoon,anushai.log@lankalogix.com,+94 70 106 6624,user,active,Logistics,LankaLogix - Colombo
7bfed8d2-1613-471e-bf1c-b491fe148641,Anusha Madushanka,anusham.log@lankalogix.com,+94 77 344 3774,user,active,Logistics,LankaLogix - Colombo
7da9bd19-50e9-4311-9de5-a85a106ef20f,Anusha Munasinghe,anusham2.log@lankalogix.com,+94 71 526 8628,user,active,Logistics,LankaLogix - Galle
fe8b8a5c-fa8d-4338-bff2-c33473622fe7,Anusha Ranasinghe,anushar.log@lankalogix.com,+94 71 131 5757,user,active,Logistics,LankaLogix - Galle
7f3888dc-4465-43c2-97cc-52f72db6f43c,Anusha Ratnayake,anushar2.log@lankalogix.com,+94 71 584 5795,user,active,Logistics,LankaLogix - Galle
243c40a4-4f83-4608-9455-8f7426f385cb,Anusha Thilakaratne,anusha.log@lankalogix.com,+94 74 409 7857,user,active,Logistics,LankaLogix - Colombo
ba5fc582-11ec-4010-b89b-14c6dd4baff7,Anusha Weerasinghe,anusha.adm@lankalogix.com,+94 70 925 8803,user,active,Admin,LankaLogix - Colombo
599aecc1-1e2a-493a-ad32-93f00dd96fc6,Anusha Weerasinghe,anushaw.log@lankalogix.com,+94 75 924 3714,user,active,Logistics,LankaLogix - Badulla
03d3b791-23f8-4f63-9889-978ba2036c7d,Aroshan Nimantha,aroshnimantha386@gmail.com,+94 78 666 3046,super_admin,active,,
3e96b4b5-b16a-43cd-a0e6-f634d1a11d95,Arun Arumugam,arun.log@lankalogix.com,+94 72 322 2403,user,active,Logistics,LankaLogix - Galle
8b55942c-2b97-465f-9fc1-bf658636108a,Asanka Edirisinghe,asankae.log@lankalogix.com,+94 76 587 3651,user,active,Logistics,LankaLogix - Colombo
935ca9db-e950-4453-8228-70c0c54c5924,Asanka Munasinghe,asankam.log@lankalogix.com,+94 70 987 6831,user,active,Logistics,LankaLogix - Badulla
fc364518-bf85-4703-b2c8-f0961c480826,Asanka Nanayakkara,asankan.log@lankalogix.com,+94 71 709 1687,user,active,Logistics,LankaLogix - Colombo
e6eb9d66-d679-4e1f-8e6b-fdb21a16881d,Asanka Opatha,asankao.log@lankalogix.com,+94 75 574 9234,user,active,Logistics,LankaLogix - Colombo
2458cf7c-fcbf-4def-834a-e1429dfebcae,Asanka Pathirana,asankap.log@lankalogix.com,+94 76 825 6250,user,active,Logistics,LankaLogix - Galle
cb819ef5-51d7-4a1d-b1b4-e10674bdcd4d,Asanka Rajapaksa,asankar2.log@lankalogix.com,+94 71 679 5065,user,active,Logistics,LankaLogix - Badulla
4564c7cd-c427-4d40-8bd2-e97e8f18760b,Asanka Rathnayaka,asankar.log@lankalogix.com,+94 75 100 1180,user,active,Logistics,LankaLogix - Colombo
4430fbeb-2c79-4588-b6ed-66a6bc48fb34,Asanka Ratnayake,asankar3.log@lankalogix.com,+94 74 298 3021,user,active,Logistics,LankaLogix - Galle
dc5de09a-aaea-4694-acaa-f14eba245e32,Asanka Samaraweera,asanka.log@lankalogix.com,+94 76 120 5911,user,active,Logistics,LankaLogix - Colombo
7d4e3301-e869-4ed7-9374-1dfae1c92334,Asanka Tennakoon,asankat2.log@lankalogix.com,+94 75 439 4909,user,active,Logistics,LankaLogix - Badulla
4240a899-92e1-44cc-a166-b3c8e4b402d3,Asanka Tennakoon,asankat.log@lankalogix.com,+94 71 626 5769,user,active,Logistics,LankaLogix - Badulla
1e388fd6-b491-4658-925b-03279819fa02,Asanka Wijesinghe,asankaw.log@lankalogix.com,+94 74 707 2697,user,active,Logistics,LankaLogix - Colombo
cfc6d555-e896-4686-be90-1da957d6707d,Aslam Hameed,aslamh.log@lankalogix.com,+94 75 495 3303,user,active,Logistics,LankaLogix - Colombo
f38769be-b80c-4aaf-8263-0710dc763e77,Aslam Hameed,aslam.log@lankalogix.com,+94 70 709 2507,user,active,Logistics,LankaLogix - Colombo
cf846082-5119-4d20-a5e0-a7610ee69583,Aslam Jiffry,aslamj.log@lankalogix.com,+94 78 828 8769,user,active,Logistics,LankaLogix - Colombo
038749c2-de84-4c52-8f72-8637d74e9c08,Aslam Nawaz,aslamn.log@lankalogix.com,+94 72 629 9648,user,active,Logistics,LankaLogix - Colombo
ccba67cb-d7ef-4dfe-a87f-39cbd640dfab,Aslam Zubair,aslamz.log@lankalogix.com,+94 78 609 8383,user,active,Logistics,LankaLogix - Galle
9b3bff38-da7d-4ad0-8bf0-efdd03c2c0f8,Ayesha Cassim,ayeshac.log@lankalogix.com,+94 77 898 5273,user,active,Logistics,LankaLogix - Badulla
95bebbd4-1cfc-4de5-93a8-7a5467a0616c,Ayesha Cassim,ayesha.mech@lankalogix.com,+94 71 246 7056,user,active,Mechanical,LankaLogix - Badulla
dd0e822b-0cd9-4eb7-8082-f84bc406a588,Ayesha Hameed,ayeshah.log@lankalogix.com,+94 77 941 6361,user,active,Logistics,LankaLogix - Galle
d3858f07-5c96-44f3-94a0-4d9b6150d367,Ayesha Ismail,ayesha.adm@lankalogix.com,+94 70 326 2696,user,active,Admin,LankaLogix - Galle
20126955-a95e-4d8b-8121-28b48b6f18a9,Ayesha Nawaz,ayesha.log@lankalogix.com,+94 72 180 2171,user,active,Logistics,LankaLogix - Colombo
19b98f02-bc8b-432e-8789-d875da0f5cbb,Ayesha Rahman,ayeshar.log@lankalogix.com,+94 71 409 2445,user,active,Logistics,LankaLogix - Galle
785218fb-cfc1-466f-8524-05e00d4d22a9,Balan Balasubramaniam,balan.log@lankalogix.com,+94 76 280 4107,user,active,Logistics,LankaLogix - Colombo
e54af5d3-572c-4427-9478-fdcf07c3aa68,Balan Chandrasekaran,balanc.log@lankalogix.com,+94 74 517 3256,user,active,Logistics,LankaLogix - Galle
96db9ee6-d443-4369-92f7-3bc46082ac53,Balan Krishnapillai,balank.log@lankalogix.com,+94 74 767 4018,user,active,Logistics,LankaLogix - Colombo
8c8957ef-69f3-4a5a-a5a2-1e70ecd4e4ff,Balan Selvarajah,balans.log@lankalogix.com,+94 78 927 8371,user,active,Logistics,LankaLogix - Galle
10b43af5-67a9-4456-8f6e-1fd01514bfc0,Balan Sivanathan,balans2.log@lankalogix.com,+94 77 908 8029,user,active,Logistics,LankaLogix - Galle
a363109b-c8ce-4177-9d91-030ac0b8df3a,Bandula Amarasinghe,bandulaa.mech@lankalogix.com,+94 70 803 6993,user,active,Mechanical,LankaLogix - Galle
76acb86d-958a-4ccf-934c-46bed43da641,Bandula Jayasuriya,bandula.mech@lankalogix.com,+94 71 261 1926,user,active,Mechanical,LankaLogix - Colombo
0f44c2c3-30f2-4b3e-89ac-61f9625f0899,Bandula Opatha,bandulao.log@lankalogix.com,+94 74 418 6638,user,active,Logistics,LankaLogix - Badulla
05bf38fa-0836-44ba-bc82-5d5628a40e15,Bandula Perera,bandulap.log@lankalogix.com,+94 72 181 7781,user,active,Logistics,LankaLogix - Galle
968b85e0-c43e-4be1-b3db-4259f58ad94b,Bandula Silva,bandulas.log@lankalogix.com,+94 78 870 4182,user,active,Logistics,LankaLogix - Galle
e8c335e0-2088-4924-a6e4-c94e52dc1dd6,Bandula Tennakoon,bandulat.log@lankalogix.com,+94 76 594 4399,user,active,Logistics,LankaLogix - Galle
aa74ca35-434e-47be-8bd6-af6914b9a935,Bandula Thilakaratne,bandula.log@lankalogix.com,+94 77 841 6150,user,active,Logistics,LankaLogix - Colombo
786ea10f-0251-419f-a7fb-700b47d3108c,Bandula Vithanage,bandulav.log@lankalogix.com,+94 78 279 5006,user,active,Logistics,LankaLogix - Galle
f1e523dc-5f0b-4ff3-861b-012c7b890328,Buddhika Bandara,buddhikab.log@lankalogix.com,+94 72 229 6169,user,active,Logistics,LankaLogix - Badulla
202f85e0-a81b-4067-b831-8e0688702cd1,Buddhika Ekanayake,buddhika.log@lankalogix.com,+94 77 453 6206,user,active,Logistics,LankaLogix - Colombo
14479c56-9ab9-4eab-bec5-c8323d7dde9b,Buddhika Herath,buddhikah.log@lankalogix.com,+94 71 353 9120,user,active,Logistics,LankaLogix - Badulla
0b1b5e1f-7652-4c05-bc04-84a3c2e27a72,Buddhika Hettiarachchi,buddhika.adm@lankalogix.com,+94 71 747 1042,user,active,Admin,LankaLogix - Badulla
d555997d-4f34-4447-8538-e3ac8bc0b2cb,Buddhika Mendis,buddhikam.mech@lankalogix.com,+94 78 344 7618,user,active,Mechanical,LankaLogix - Badulla
daed14d1-fc2b-4d7e-9d2d-2e18ff9be508,Buddhika Samaraweera,buddhikas.log@lankalogix.com,+94 78 347 7388,user,active,Logistics,LankaLogix - Badulla
6307ed65-c77c-40e7-9e0f-0b67135eb7b1,Buddhika Senanayake,buddhika.mech@lankalogix.com,+94 74 992 9000,user,active,Mechanical,LankaLogix - Badulla
758f8366-928a-48a1-a058-77ad7cfab407,Chamara Alwis,chamaraa.log@lankalogix.com,+94 77 828 6886,user,active,Logistics,LankaLogix - Colombo
3638245b-e3ff-405e-a7d9-fbdb3cffeb58,Chamara Fernando,chamaraf.log@lankalogix.com,+94 76 617 5179,user,active,Logistics,LankaLogix - Colombo
4ed7e62b-24bc-42f9-a2f1-438eefcf7e9f,Chamara Kumarasinghe,chamarak.log@lankalogix.com,+94 76 512 3590,user,active,Logistics,LankaLogix - Badulla
66cb2aca-9bcf-48c3-b8bf-8e61319ccfcf,Chamara Madushanka,chamara.mech@lankalogix.com,+94 70 536 6094,user,active,Mechanical,LankaLogix - Galle
e02ba813-5fb6-4f10-a448-b12a48f2969e,Chamara Munasinghe,chamara.log@lankalogix.com,+94 72 432 4035,user,active,Logistics,LankaLogix - Colombo
d3c85395-bb33-4e57-b3e5-4ea86968673b,Chamara Rajapaksa,chamarar.log@lankalogix.com,+94 76 330 8510,user,active,Logistics,LankaLogix - Colombo
64c71f07-a329-4f95-8846-fc22a5ae7b0d,Chamara Ranasinghe,chamarar2.log@lankalogix.com,+94 76 542 7545,user,active,Logistics,LankaLogix - Badulla
fdbc71f8-edf3-4091-a0dc-b0bf3c339f92,Chamara Samaraweera,chamaras.log@lankalogix.com,+94 72 468 3713,user,active,Logistics,LankaLogix - Galle
edad143c-eef5-422d-857c-22e835301e59,Chamara Seneviratne,chamaras2.log@lankalogix.com,+94 77 342 8446,user,active,Logistics,LankaLogix - Galle
5d47a181-9a09-4bbf-9c80-c3da3e81e428,Chamara Udawatta,chamarau.log@lankalogix.com,+94 71 560 4740,user,active,Logistics,LankaLogix - Badulla
51ed755f-22ae-4531-a9f7-a80a516f97b6,Chamara Vithanage,chamarav2.log@lankalogix.com,+94 78 608 9239,user,active,Logistics,LankaLogix - Badulla
8741b992-805d-4859-9e1a-4d49d82c9a99,Chamara Vithanage,chamarav.log@lankalogix.com,+94 74 157 2751,user,active,Logistics,LankaLogix - Colombo
7944e32a-ecbc-48e2-aaa1-d1b1c273e297,Chamara Wijeratne,chamaraw.log@lankalogix.com,+94 76 883 7797,user,active,Logistics,LankaLogix - Badulla
dbfa2af2-bbdc-432d-bad3-c4a224ff8c6f,Chaminda Herath,chamindah.log@lankalogix.com,+94 70 114 1895,user,active,Logistics,LankaLogix - Badulla
4fc080c8-855a-4a65-a2a5-c48d40f235ab,Chaminda Liyanage,chamindal.log@lankalogix.com,+94 71 670 5999,user,inactive,Logistics,LankaLogix - Badulla
cb09e946-aa0f-4553-883f-a8fbb994dd6e,Chaminda Peiris,chamindap.log@lankalogix.com,+94 75 534 2813,user,active,Logistics,LankaLogix - Colombo
be6d6a0b-f3a4-4fbd-b869-d2eba378b62d,Chaminda Silva,chamindas.log@lankalogix.com,+94 77 605 2664,user,active,Logistics,LankaLogix - Colombo
2ce0bc6a-959a-4ad4-ba44-b4a27685f43a,Chaminda Udawatta,chamindau.log@lankalogix.com,+94 72 288 8451,user,active,Logistics,LankaLogix - Badulla
59064e3f-1d1e-4817-8491-724ae8d85add,Chaminda Wanigasekara,chaminda.mech@lankalogix.com,+94 76 366 7217,user,active,Mechanical,LankaLogix - Badulla
069f1f28-cb8b-428e-8adb-2793823295cd,Chaminda Weerasinghe,chaminda.log@lankalogix.com,+94 72 498 8142,user,active,Logistics,LankaLogix - Colombo
d44ee649-44fc-463b-ba55-ee360a3c5b48,Chanaka Abeywickrama,chanakaa.log@lankalogix.com,+94 75 517 4309,user,active,Logistics,LankaLogix - Galle
c53535f1-d350-4454-8e8c-a58e4b94e5e3,Chanaka Gunawardena,chanakag.log@lankalogix.com,+94 75 195 9692,user,active,Logistics,LankaLogix - Colombo
e3d88daf-a639-4654-8343-b7925af44312,Chanaka Karunaratne,chanaka.mech@lankalogix.com,+94 71 966 9643,user,active,Mechanical,LankaLogix - Galle
e63fb45e-1362-4e02-b414-1e0a67301dbf,Chanaka Kodikara,chanaka.log@lankalogix.com,+94 75 774 2440,user,active,Logistics,LankaLogix - Colombo
bde86dca-cbc5-42f7-9f67-3f1be7a6da72,Chanaka Ratnayake,chanakar.log@lankalogix.com,+94 75 710 9434,user,active,Logistics,LankaLogix - Badulla
e05d2aca-b66c-4872-85aa-cd75a7878df7,Chanaka Seneviratne,chanakas.log@lankalogix.com,+94 70 804 3226,user,active,Logistics,LankaLogix - Galle
6947c9f5-0bf6-4d86-a562-5339ac82f575,Chanaka Vithanage,chanakav.log@lankalogix.com,+94 76 377 5138,user,active,Logistics,LankaLogix - Badulla
3966530c-94a6-4265-a40e-c0d923c0f0ae,Chandima Chandrasiri,chandimac.log@lankalogix.com,+94 71 200 5290,user,active,Logistics,LankaLogix - Galle
507be855-1ac1-43a9-b1f4-fe62d2b838d9,Chandima Chandrasiri,chandima.log@lankalogix.com,+94 76 692 9190,user,active,Logistics,LankaLogix - Colombo
5d6249cd-46c6-48ee-aeb6-2a71b47c0468,Chandima Opatha,chandimao.log@lankalogix.com,+94 72 478 7823,user,active,Logistics,LankaLogix - Badulla
0d453850-3c09-409d-853f-a3e43dd5a39e,Chandima Samarasinghe,chandima.adm@lankalogix.com,+94 75 981 4502,admin,active,Admin,LankaLogix - Badulla
cbdc2005-5d91-4e75-b260-6059e1832877,Chandima Samaraweera,chandimas.log@lankalogix.com,+94 77 807 8925,user,active,Logistics,LankaLogix - Badulla
4608f3d6-5f3d-4b49-8c19-e917a798062c,Chandima Vithanage,chandima.sft@lankalogix.com,+94 70 520 7934,user,active,Software,LankaLogix - Galle
ecff27bf-cbce-4f6d-9628-c7d503e11677,Chandran Krishnapillai,chandrank.log@lankalogix.com,+94 77 898 1505,user,inactive,Logistics,LankaLogix - Galle
8a8bc6e9-e0e4-49bd-8fd6-d7d2917772b0,Chandran Muthukumar,chandranm.log@lankalogix.com,+94 70 466 2925,user,active,Logistics,LankaLogix - Galle
ec21d000-672f-4819-aa17-c754be8b1f76,Chandran Nadarajah,chandrann.log@lankalogix.com,+94 75 940 7895,user,active,Logistics,LankaLogix - Galle
3deb7c66-adee-4720-998c-6789fbe7caac,Chandran Rajendran,chandran.log@lankalogix.com,+94 74 577 2246,user,active,Logistics,LankaLogix - Colombo
e09e5707-ec2f-438b-a96f-52532eab5716,Chandran Rajendran,chandranr.log@lankalogix.com,+94 71 749 6790,user,active,Logistics,LankaLogix - Galle
91ca9810-6c44-4fdb-ab53-a90ab3cdbdbc,Chandran Sivanathan,chandrans2.log@lankalogix.com,+94 75 831 4076,user,active,Logistics,LankaLogix - Galle
eff568d4-8dd0-47c8-b7f4-a6e849c96f34,Chandran Sivanathan,chandrans.log@lankalogix.com,+94 71 935 7627,user,active,Logistics,LankaLogix - Colombo
022e2531-3147-464c-8ab0-f1461e0f7f2c,Charith Alwis,charitha.log@lankalogix.com,+94 76 788 4755,user,active,Logistics,LankaLogix - Colombo
3ed87f3f-9d1e-409e-af21-14fee9e9bc14,Charith Amarasinghe,charith.mech@lankalogix.com,+94 74 134 9763,user,active,Mechanical,LankaLogix - Colombo
f49309af-7263-49f9-9d09-f11dcc78fcaf,Charith Bandara,charithb.log@lankalogix.com,+94 78 699 2193,user,active,Logistics,LankaLogix - Colombo
ed4c1923-4a35-41e6-af73-87d272e16bb9,Charith Dissanayake,charithd.mech@lankalogix.com,+94 78 377 4046,user,active,Mechanical,LankaLogix - Galle
cde090c3-e7e9-459d-b4f7-64df6f80e8a6,Charith Edirisinghe,charithe.log@lankalogix.com,+94 71 451 4414,user,active,Logistics,LankaLogix - Colombo
b9e1c866-3846-4a2a-b3d8-374c6b1b1ae0,Charith Jayasuriya,charithj2.log@lankalogix.com,+94 75 345 2522,user,active,Logistics,LankaLogix - Badulla
7f366fbb-3b2f-4feb-999d-55f41cc6ee70,Charith Jayasuriya,charithj.log@lankalogix.com,+94 78 170 4907,user,active,Logistics,LankaLogix - Colombo
f9e17e55-3ce7-47d6-beff-7dc3c8ecad6c,Charith Munasinghe,charithm.mech@lankalogix.com,+94 71 619 1901,user,active,Mechanical,LankaLogix - Colombo
3484de6b-fe95-4a85-8fab-b327faa1af1a,Charith Nanayakkara,charithn.log@lankalogix.com,+94 78 602 6973,user,active,Logistics,LankaLogix - Galle
09306b84-79b3-44e2-94d6-8b168ab521db,Charith Pathirana,charithp.log@lankalogix.com,+94 70 944 4380,user,active,Logistics,LankaLogix - Badulla
9eb62981-218e-4eee-89c7-1e44e087fd9a,Charith Ranasinghe,charithr.log@lankalogix.com,+94 70 467 8272,user,active,Logistics,LankaLogix - Galle
3addad9a-2052-410a-959b-9c59966e95e5,Charith Senanayake,chariths.log@lankalogix.com,+94 77 973 9187,user,active,Logistics,LankaLogix - Colombo
1ee01826-f527-47b8-9e03-d1f37836438b,Charith Vithanage,charithv.log@lankalogix.com,+94 74 635 1766,user,active,Logistics,LankaLogix - Galle
ec1c506c-b01f-4e4a-ab66-e8f6b492dce6,Charith Weerasinghe,charith.log@lankalogix.com,+94 70 949 6186,user,active,Logistics,LankaLogix - Colombo
541c9a20-b69e-4721-9954-55f661301a7b,Charith Weerasinghe,charithw.log@lankalogix.com,+94 72 846 5832,user,active,Logistics,LankaLogix - Colombo
15cd63cb-e067-4cb2-84d1-2cb813162e1a,Chathura Alwis,chathuraa.log@lankalogix.com,+94 70 507 8484,user,active,Logistics,LankaLogix - Colombo
9bd7dc69-8146-4996-8a28-bda2751c2c1e,Chathura Galappaththi,chathura.log@lankalogix.com,+94 71 365 6736,user,active,Logistics,LankaLogix - Colombo
ef604ac6-00ff-4230-a189-03428d01342b,Chathura Galappaththi,chathurag.log@lankalogix.com,+94 77 144 6682,user,active,Logistics,LankaLogix - Galle
b7cea794-192c-43ec-a17d-85b80606001b,Chathura Illangakoon,chathurai.log@lankalogix.com,+94 77 252 7359,user,active,Logistics,LankaLogix - Colombo
85677b33-5692-4c2d-8b6d-f63fdc4cccab,Chathura Karunaratne,chathurak3.log@lankalogix.com,+94 70 431 4682,user,active,Logistics,LankaLogix - Galle
5a9f30d2-5c34-4a3b-a906-90cc10353d3e,Chathura Kodikara,chathurak.log@lankalogix.com,+94 77 699 5228,user,active,Logistics,LankaLogix - Colombo
8df4b871-8cf4-459c-ae8b-d7ff0c95e330,Chathura Kodikara,chathurak2.log@lankalogix.com,+94 77 267 1761,user,active,Logistics,LankaLogix - Colombo
3ee2df0e-c146-434e-85ec-0f750a73c12e,Chathura Mendis,chathuram.log@lankalogix.com,+94 74 549 8688,user,active,Logistics,LankaLogix - Badulla
f1016190-58f5-4cc1-aabb-4e6b6d497be4,Chathura Munasinghe,chathuram2.log@lankalogix.com,+94 74 502 8862,user,active,Logistics,LankaLogix - Badulla
9044ee89-f1ee-4912-9f1d-17805389421a,Chathura Ranasinghe,chathurar.log@lankalogix.com,+94 70 907 7166,user,active,Logistics,LankaLogix - Colombo
75ecdc2a-757a-4c32-a103-8bfece98280b,Chathura Rathnayaka,chathurar2.log@lankalogix.com,+94 70 168 5744,user,active,Logistics,LankaLogix - Galle
7d29aca5-e5e4-466c-bd97-faa538283028,Chathura Udawatta,chathura.adm@lankalogix.com,+94 75 562 7976,admin,active,Admin,LankaLogix - Badulla
8514607d-7931-48d2-81f0-f7a024a8210a,Chathura Wijesinghe,chathuraw.log@lankalogix.com,+94 75 155 4951,user,active,Logistics,LankaLogix - Galle
ead9fd88-9042-4b6c-a7a4-a16b836bc12e,Chathurika Galappaththi,chathurika.log@lankalogix.com,+94 74 442 9056,user,active,Logistics,LankaLogix - Colombo
084585d8-c820-44ca-a93e-4cfd796e3053,Chathurika Gunawardena,chathurikag.log@lankalogix.com,+94 77 887 9421,user,active,Logistics,LankaLogix - Badulla
3b0fed53-e31e-4250-b04e-ef1b99888104,Chathurika Illangakoon,chathurikai.log@lankalogix.com,+94 77 193 6811,user,active,Logistics,LankaLogix - Galle
2777d0b3-ba90-47b8-81e0-f9ace8e0bc36,Chathurika Jayasuriya,chathurikaj.log@lankalogix.com,+94 75 287 1415,user,active,Logistics,LankaLogix - Galle
fbfd12a4-aea1-4200-8104-70011607cf54,Chathurika Madushanka,chathurikam.log@lankalogix.com,+94 70 252 9761,user,active,Logistics,LankaLogix - Colombo
ee4d2f5c-11a7-4a36-b4f7-9b4da1d376b2,Chathurika Senanayake,chathurika.mech@lankalogix.com,+94 71 709 9170,user,active,Mechanical,LankaLogix - Colombo
6f901ed3-b5e4-4bdc-b869-b9cffb269639,Damith Ekanayake,damithe.log@lankalogix.com,+94 72 260 6094,user,active,Logistics,LankaLogix - Galle
f554bf92-1477-4c61-9a31-f806e890816f,Damith Gunasekara,damithg.log@lankalogix.com,+94 70 817 5177,user,active,Logistics,LankaLogix - Colombo
3bb5d4f9-b891-4072-8884-5b42ee5b612e,Damith Jayawardena,damithj2.log@lankalogix.com,+94 72 174 1477,user,active,Logistics,LankaLogix - Galle
74caa079-5a80-41bc-8d71-b7163750189a,Damith Jayawardena,damithj.log@lankalogix.com,+94 76 939 3453,user,active,Logistics,LankaLogix - Badulla
22ea7ad1-87e2-4e12-b202-7bbc03912960,Damith Samarasinghe,damith.log@lankalogix.com,+94 75 607 4893,user,active,Logistics,LankaLogix - Colombo
7c954517-6c2b-445a-8f89-712ebe223860,Damith Seneviratne,damiths.log@lankalogix.com,+94 71 559 2514,user,active,Logistics,LankaLogix - Badulla
1d778731-9103-4a7c-8b4f-fb234d39f1b2,Damith Wickramasinghe,damithw.log@lankalogix.com,+94 70 183 1859,user,active,Logistics,LankaLogix - Galle
d24973fa-606a-4901-80ad-90da2b82381d,Demo Admin (Badulla),demoadminbadulla.adm@lankalogix.com,+94 76 239 3490,admin,active,Admin,LankaLogix - Badulla
23b91a79-185d-41b8-aed8-22bf2cb9f4af,Demo Admin (Colombo),demoadmincolombo.adm@lankalogix.com,+94 75 178 7179,admin,active,Admin,LankaLogix - Colombo
734bbe6b-9744-44d0-a11b-7a0e0df4922e,Demo Admin (Galle),demoadmingalle.adm@lankalogix.com,+94 72 658 1391,admin,active,Admin,LankaLogix - Galle
b12c6a22-3e68-4537-a2dc-97d1324da461,Demo Super Admin,demosuperadmin@lankalogix.com,,super_admin,active,,LankaLogix - Colombo
aada5154-309f-43bd-8d2c-73798563e2ac,Demo User (Badulla),demouserbadulla.adm@lankalogix.com,+94 71 214 1475,user,active,Admin,LankaLogix - Badulla
9bcf4f25-08bf-433c-9d75-558035f3cdf8,Demo User (Colombo),demousercolombo.adm@lankalogix.com,+94 70 740 7439,user,active,Admin,LankaLogix - Colombo
dfff9a31-a88c-4291-b260-686f4c9dc640,Demo User (Galle),demousergalle.adm@lankalogix.com,+94 71 423 9308,user,active,Admin,LankaLogix - Galle
94c64335-4962-40b1-96fd-53632f8d49a3,Dhanushka Abeywickrama,dhanushka.log@lankalogix.com,+94 72 633 5503,user,active,Logistics,LankaLogix - Colombo
e28c3da1-f55d-449e-b0f3-b68586bc22e8,Dhanushka Chandrasiri,dhanushkac.log@lankalogix.com,+94 78 207 2055,user,active,Logistics,LankaLogix - Colombo
66fa4ed5-e7e7-4664-8c2a-908778ecba02,Dhanushka Gunawardena,dhanushka.elec@lankalogix.com,+94 70 793 7237,user,active,Electrical,LankaLogix - Badulla
87713bdb-3a75-494d-9e8e-93ac114276ec,Dhanushka Kumarasinghe,dhanushkak2.log@lankalogix.com,+94 70 482 4097,user,active,Logistics,LankaLogix - Galle
98849133-a5b7-4448-ab4c-e02cdbb7b9c8,Dhanushka Kumarasinghe,dhanushkak.log@lankalogix.com,+94 78 170 9203,user,active,Logistics,LankaLogix - Galle
6f9e2a08-35fd-4ef3-87eb-78a6530a8b83,Dhanushka Perera,dhanushkap.log@lankalogix.com,+94 77 367 2598,user,active,Logistics,LankaLogix - Colombo
3be2c4f8-a30e-4b7b-8104-fe633928c764,Dhanushka Samaraweera,dhanushkas.log@lankalogix.com,+94 70 592 9408,user,active,Logistics,LankaLogix - Badulla
42665fec-7225-4509-8ad2-324bb15dc7cf,Dhanushka Tennakoon,dhanushkat.log@lankalogix.com,+94 74 125 1328,user,active,Logistics,LankaLogix - Colombo
23a34c53-6ade-4185-9155-2c9369f33fcd,Dhanushka Thilakaratne,dhanushkat2.log@lankalogix.com,+94 74 234 5540,user,active,Logistics,LankaLogix - Badulla
d75a5c51-3679-45f1-bdb4-c7d37c50a47e,Dhanushka Vithanage,dhanushkav.log@lankalogix.com,+94 71 823 1038,user,active,Logistics,LankaLogix - Badulla
448f3ddf-c848-4c37-8aff-485580847d47,Dhanushka Wickramasinghe,dhanushkaw.log@lankalogix.com,+94 70 752 2702,user,active,Logistics,LankaLogix - Galle
9a9f1947-811f-4d1f-a9f5-ca5d18d1c869,Dilhani Galappaththi,dilhani.log@lankalogix.com,+94 71 571 7000,user,active,Logistics,LankaLogix - Colombo
a3ad3a8c-24a3-48ab-ba14-234b9a25eed1,Dilhani Rathnayaka,dilhanir.log@lankalogix.com,+94 78 725 6663,user,active,Logistics,LankaLogix - Colombo
87324214-a27c-41dd-bbbe-086ecd938f93,Dilhani Tennakoon,dilhanit.log@lankalogix.com,+94 71 315 9032,user,active,Logistics,LankaLogix - Colombo
a1106058-8633-4392-8841-1b4ae69c79fc,Dilhani Udawatta,dilhaniu.log@lankalogix.com,+94 76 240 8329,user,active,Logistics,LankaLogix - Badulla
d5d2bb70-ee7e-45f2-9d21-4ded5e54973b,Dilrukshi Amarasinghe,dilrukshia.log@lankalogix.com,+94 71 208 4093,user,active,Logistics,LankaLogix - Badulla
7bdf5a22-3460-4bcf-98e8-979193672863,Dilrukshi Gunawardena,dilrukshig.log@lankalogix.com,+94 76 664 1296,user,active,Logistics,LankaLogix - Badulla
37312388-fdb3-4d96-a270-ec86cf28080e,Dilrukshi Karunaratne,dilrukshi.log@lankalogix.com,+94 75 731 8949,user,active,Logistics,LankaLogix - Colombo
9636cc3f-623a-404c-a277-58a6abe94ed3,Dilrukshi Peiris,dilrukship3.log@lankalogix.com,+94 76 990 3897,user,active,Logistics,LankaLogix - Galle
caed6520-d13f-4cca-b266-28e851bcedb2,Dilrukshi Peiris,dilrukship.log@lankalogix.com,+94 74 605 7568,user,active,Logistics,LankaLogix - Colombo
9eb09106-f54e-4d7c-a8ab-2e35db7f6fee,Dilrukshi Peiris,dilrukship2.log@lankalogix.com,+94 77 712 9652,user,active,Logistics,LankaLogix - Badulla
a147aaff-7666-44df-be95-5ac65ea9bc50,Dilrukshi Ratnayake,dilrukshir.log@lankalogix.com,+94 75 781 4614,user,active,Logistics,LankaLogix - Colombo
44e882d8-3179-4e5c-bddd-59ffcfc41307,Dilrukshi Ratnayake,dilrukshir2.log@lankalogix.com,+94 70 370 6818,user,active,Logistics,LankaLogix - Galle
620ee403-2775-4780-9c7d-1ea3a6ad5f75,Dilrukshi Thilakaratne,dilrukshit.log@lankalogix.com,+94 78 596 8031,user,active,Logistics,LankaLogix - Galle
ff962ec5-661c-4004-8c3a-c65fcefaf218,Dilrukshi Udawatta,dilrukshiu.log@lankalogix.com,+94 74 827 1188,user,active,Logistics,LankaLogix - Galle
37abbbee-d396-42dc-b275-aab89c44041b,Dilshan Bandara,dilshanb.log@lankalogix.com,+94 72 463 5203,user,active,Logistics,LankaLogix - Badulla
200768f1-cf09-411b-9405-f04979d0e652,Dilshan Fernando,dilshanf.log@lankalogix.com,+94 78 899 6450,user,active,Logistics,LankaLogix - Colombo
e6c34caa-c3c2-4ad5-abb2-9199c97b6cae,Dilshan Rajapaksa,dilshan.log@lankalogix.com,+94 76 252 3945,user,active,Logistics,LankaLogix - Colombo
c691dcc5-f3db-4375-96dc-1d55b8a8bee1,Dilshan Weerasinghe,dilshanw4.log@lankalogix.com,+94 75 948 2874,user,active,Logistics,LankaLogix - Galle
fa058ce5-c86c-458f-b3cc-f98bf178085f,Dilshan Weerasinghe,dilshanw3.log@lankalogix.com,+94 71 369 3259,user,active,Logistics,LankaLogix - Badulla
d3d6a1ff-d3a2-4ce1-a2f8-500458026fa5,Dilshan Weerasinghe,dilshanw.log@lankalogix.com,+94 74 792 4646,user,active,Logistics,LankaLogix - Colombo
e1002c7c-1061-4fb3-8aca-bf8d561f4404,Dilshan Wickramasinghe,dilshanw2.log@lankalogix.com,+94 77 586 3173,user,active,Logistics,LankaLogix - Badulla
e57393bd-5c70-49b5-a53f-2b0727dc5d4b,Dinesh Balasubramaniam,dineshb.log@lankalogix.com,+94 75 219 9340,user,active,Logistics,LankaLogix - Colombo
7fd8736c-4f22-4d99-be16-3f59826aed5d,Dinesh Ponnambalam,dinesh.log@lankalogix.com,+94 75 194 9279,user,active,Logistics,LankaLogix - Colombo
18f814f2-8caf-454b-a5b5-36ab65b68c57,Dinesh Rajendran,dineshr.log@lankalogix.com,+94 75 846 4801,user,active,Logistics,LankaLogix - Colombo
5ec54120-51da-4099-ba14-4ca0eb715ea5,Dinesh Sivanathan,dineshs.log@lankalogix.com,+94 71 994 9741,user,active,Logistics,LankaLogix - Galle
2603261c-f67c-4ac4-82dc-a2f5fcafb624,Dinesh Thangarajah,dinesht.log@lankalogix.com,+94 70 415 5337,user,active,Logistics,LankaLogix - Badulla
6f4afb75-0912-47b3-93dc-8b6e02406c30,Dinithi Edirisinghe,dinithie.log@lankalogix.com,+94 72 921 6999,user,active,Logistics,LankaLogix - Galle
9ebf10ee-b68b-44e3-98ae-f3d659e6282f,Dinithi Munasinghe,dinithi.log@lankalogix.com,+94 76 798 8138,user,active,Logistics,LankaLogix - Colombo
f95e5189-9acb-40e5-8f4e-860989edcd2c,Dinithi Nanayakkara,dinithin.log@lankalogix.com,+94 75 989 7918,user,active,Logistics,LankaLogix - Galle
80bc9403-5b94-4faf-9612-5bdcefb91978,Dinithi Perera,dinithip.log@lankalogix.com,+94 77 559 8561,user,active,Logistics,LankaLogix - Colombo
31655efd-e972-4390-93a8-0c1f3f608f82,Dinithi Samaraweera,dinithis.log@lankalogix.com,+94 71 892 9862,user,active,Logistics,LankaLogix - Galle
bfe22d3e-aa0d-42ca-9de4-b68f3f37afeb,Dinithi Vithanage,dinithiv.log@lankalogix.com,+94 76 412 3976,user,active,Logistics,LankaLogix - Galle
3116c9d0-e74c-4cf3-84ee-8fbb2165d83f,Dinusha Amarasinghe,dinushaa.mech@lankalogix.com,+94 78 696 8989,user,active,Mechanical,LankaLogix - Colombo
54a8003d-fad1-4f14-bdd4-8c4913b2d0f2,Dinusha Bandara,dinushab.log@lankalogix.com,+94 74 108 6421,user,active,Logistics,LankaLogix - Badulla
e9f418de-bd0f-4830-b4c0-9a74896ec78e,Dinusha Dissanayake,dinushad.log@lankalogix.com,+94 77 341 3765,user,active,Logistics,LankaLogix - Badulla
e0189208-a956-435f-8363-6875453f65a0,Dinusha Ekanayake,dinushatemp@gmail.com,+94 76 747 1520,super_admin,active,,LankaLogix - Galle
5112d5f5-2093-4684-9d83-f6270b86b2ea,Dinusha Fernando,dinushaf.log@lankalogix.com,+94 70 118 4091,user,active,Logistics,LankaLogix - Galle
20a723e5-d162-4d0a-b7e0-ea64172e26fe,Dinusha Illangakoon,dinushai.log@lankalogix.com,+94 75 390 7332,user,active,Logistics,LankaLogix - Galle
ce245dd7-6b03-4b7a-9fc0-58b0c050ce47,Dinusha Kodikara,dinusha.log@lankalogix.com,+94 72 245 3344,user,active,Logistics,LankaLogix - Colombo
ac56c0dc-f5dc-458e-ad2c-545b392395a3,Dinusha Perera,dinushap.mech@lankalogix.com,+94 77 161 2222,user,active,Mechanical,LankaLogix - Galle
d310eb40-f450-4462-95ca-3394c61cd538,Dinusha Perera,dinushap.log@lankalogix.com,+94 71 360 3810,user,active,Logistics,LankaLogix - Galle
0b830550-4175-4716-9d78-9b2d69d25855,Dinusha Samarasinghe,dinusha.mech@lankalogix.com,+94 78 697 4725,user,active,Mechanical,LankaLogix - Colombo
d5dd1ba4-1bf3-40e4-83b9-ce983379a814,Dinusha Samaraweera,dinushas.log@lankalogix.com,+94 72 491 8874,user,active,Logistics,LankaLogix - Colombo
6adfba98-b976-4e4b-883a-4039d19d73fe,Dinusha Vithanage,dinushav.log@lankalogix.com,+94 71 215 3842,user,active,Logistics,LankaLogix - Galle
6058e1f6-6cdf-4f86-83da-8e52d0a1d5d0,Dinusha Wijeratne,dinushaw.log@lankalogix.com,+94 76 915 2186,user,active,Logistics,LankaLogix - Galle
e5076445-2fa7-4b27-852a-fed4c2be49d6,Dulani Fernando,dulanif.log@lankalogix.com,+94 77 912 6153,user,active,Logistics,LankaLogix - Colombo
66f76268-d181-4cea-bbf9-29b5446250fb,Dulani Fernando,dulani.log@lankalogix.com,+94 75 414 3953,user,active,Logistics,LankaLogix - Colombo
d3d1c5c1-101c-45b2-9f90-df8ec6f862df,Dulani Pathirana,dulanip.log@lankalogix.com,+94 76 320 7185,user,active,Logistics,LankaLogix - Colombo
a1b85244-a022-490b-8170-5794c882d878,Dulani Perera,dulanip2.log@lankalogix.com,+94 70 232 5055,user,active,Logistics,LankaLogix - Badulla
f9c983b3-bbfd-4db6-ad0b-0d0a6ee45516,Dulani Ratnayake,dulanir.log@lankalogix.com,+94 72 981 7201,user,active,Logistics,LankaLogix - Galle
dce5acc1-2b48-49b6-9996-408cc390fcf5,Duminda Alwis,dumindaa.log@lankalogix.com,+94 71 448 9920,user,active,Logistics,LankaLogix - Colombo
ffa53a31-7f44-4f17-815d-e1d63473afd9,Duminda Gunawardena,dumindag.log@lankalogix.com,+94 72 275 7062,user,active,Logistics,LankaLogix - Badulla
313f8708-206b-488d-ac8c-7238f8edb675,Duminda Kumarasinghe,dumindak2.log@lankalogix.com,+94 75 170 2208,user,active,Logistics,LankaLogix - Badulla
e91776d8-e25d-4e1d-88f3-4547156b4930,Duminda Kumarasinghe,dumindak.log@lankalogix.com,+94 75 390 6585,user,active,Logistics,LankaLogix - Colombo
f041cb71-a9fe-469f-abba-a9747e6df441,Duminda Madushanka,dumindam.log@lankalogix.com,+94 70 158 9517,user,active,Logistics,LankaLogix - Colombo
277ea511-bca7-4671-9a9d-6b63580c1229,Duminda Mendis,dumindam2.log@lankalogix.com,+94 72 511 6769,user,active,Logistics,LankaLogix - Galle
e655669a-affa-4cee-ab60-e8072807b6cd,Duminda Opatha,dumindao.log@lankalogix.com,+94 77 555 5303,user,active,Logistics,LankaLogix - Galle
c7c01cc4-ac80-41d8-957a-a2195736cacf,Duminda Peiris,duminda.log@lankalogix.com,+94 76 581 9143,user,active,Logistics,LankaLogix - Colombo
fca6c7c6-7891-4e0d-bae3-be75e03db35c,Duminda Perera,dumindap.log@lankalogix.com,+94 78 239 1066,user,active,Logistics,LankaLogix - Badulla
42bf7196-20f8-4ee2-b42f-ee966b90d96d,Duminda Ranasinghe,dumindar.log@lankalogix.com,+94 77 387 4435,user,active,Logistics,LankaLogix - Colombo
b6487f87-3c10-4157-8f83-4000a6e04b1f,Duminda Tennakoon,dumindat.log@lankalogix.com,+94 76 899 9439,user,active,Logistics,LankaLogix - Badulla
11aa8dc4-d36c-4098-88b1-163bac724648,Duminda Tennakoon,dumindat2.log@lankalogix.com,+94 70 629 9812,user,active,Logistics,LankaLogix - Badulla
42afaa0f-d084-4462-ace5-550182b66af8,Elango Chandrasekaran,elangoc.log@lankalogix.com,+94 72 457 2617,user,active,Logistics,LankaLogix - Galle
898080df-a0bf-47ff-b65d-d841ccd88b80,Elango Kandasamy,elangok.log@lankalogix.com,+94 70 667 5717,user,active,Logistics,LankaLogix - Colombo
f6374e8d-3c60-4ddd-926f-9af1790a33fd,Elango Muthukumar,elangom.log@lankalogix.com,+94 75 116 6821,user,suspended,Logistics,LankaLogix - Colombo
fd9bc92e-1d97-4b10-92ad-9970405e7095,Elango Muthukumar,elangom2.log@lankalogix.com,+94 76 826 1855,user,active,Logistics,LankaLogix - Colombo
ace3bbfb-ae84-49bf-9bb4-fe6c0521a9ba,Elango Nadarajah,elango.log@lankalogix.com,+94 71 305 2649,user,active,Logistics,LankaLogix - Colombo
6b59f9f2-4c2d-40ea-8a3b-76bb6b7f5dd1,Elango Vairamuthu,elango.mech@lankalogix.com,+94 76 526 8431,user,active,Mechanical,LankaLogix - Colombo
f2e3adca-c995-4570-a695-525ef502c1ef,Erandi Amarasinghe,erandi.elec@lankalogix.com,+94 70 569 6745,user,active,Electrical,LankaLogix - Colombo
bcc2e695-1e30-4f07-866a-c884d470333c,Erandi Hettiarachchi,erandih.log@lankalogix.com,+94 75 270 2000,user,active,Logistics,LankaLogix - Galle
2e9c306a-200a-4470-9319-01f6f9fbcee0,Erandi Mendis,erandim2.log@lankalogix.com,+94 74 433 6813,user,active,Logistics,LankaLogix - Galle
a7bae9de-4cdb-4821-aaf6-bf3df3ae7208,Erandi Mendis,erandim.log@lankalogix.com,+94 72 506 9229,user,active,Logistics,LankaLogix - Badulla
62163208-4db0-4cca-8bcf-5cceb28fc497,Erandi Ratnayake,erandi.log@lankalogix.com,+94 75 370 9733,user,active,Logistics,LankaLogix - Badulla
7ab9627f-9aad-43ec-bf29-5590321ee2b1,Erandi Senanayake,erandis.log@lankalogix.com,+94 75 269 8295,user,active,Logistics,LankaLogix - Badulla
37ca13f3-3ccd-4bd9-b6e2-1e3c3f50d68f,Erandi Tennakoon,erandit.log@lankalogix.com,+94 77 645 4443,user,active,Logistics,LankaLogix - Galle
aa9fdc26-c27d-4899-a00c-295b6ab99173,Eranga Gunasekara,erangag.log@lankalogix.com,+94 71 344 8488,user,active,Logistics,LankaLogix - Galle
92c42b9d-79c2-437b-8f4d-38a0901d0e25,Eranga Hettiarachchi,eranga.log@lankalogix.com,+94 77 132 1577,user,inactive,Logistics,LankaLogix - Colombo
246980b5-110b-4571-9060-906f0c1ed19f,Eranga Kumarasinghe,eranga.mech@lankalogix.com,+94 71 933 2523,user,active,Mechanical,LankaLogix - Badulla
cc93a302-564c-479a-9ffc-b68e605e958a,Eranga Nanayakkara,erangan.log@lankalogix.com,+94 75 281 3226,user,active,Logistics,LankaLogix - Galle
b33c4ff9-69b5-4437-9699-63c066d6c353,Eranga Pathirana,eranga.elec@lankalogix.com,+94 71 395 2473,user,active,Electrical,LankaLogix - Badulla
765075e1-0e2f-47b5-9221-3011f36cb6f8,Eranga Udawatta,erangau.log@lankalogix.com,+94 76 132 1192,user,active,Logistics,LankaLogix - Colombo
6f1ba6cc-ae1e-4f59-b4ea-1bc63c81ce06,Eranga Wickramasinghe,erangaw.log@lankalogix.com,+94 77 813 2148,user,active,Logistics,LankaLogix - Badulla
2f32866b-2708-469a-a85f-e12f010d4607,Farhan Hameed,farhanh.log@lankalogix.com,+94 70 371 5386,user,active,Logistics,LankaLogix - Galle
5b986620-72d7-42a9-92df-7e33bfdc00b0,Farhan Ismail,farhani.log@lankalogix.com,+94 71 752 3682,user,active,Logistics,LankaLogix - Colombo
69fde47c-f9ea-402d-abc7-25eb19a70e8a,Farhan Jiffry,farhanj.log@lankalogix.com,+94 76 696 2702,user,active,Logistics,LankaLogix - Colombo
e0089955-7fd3-47d8-a384-4d9a69ca3920,Farhan Jiffry,farhan.log@lankalogix.com,+94 76 782 8564,user,active,Logistics,LankaLogix - Colombo
2de2692b-41c7-43a7-abec-e37c68f47f77,Farhan Marikkar,farhanm.log@lankalogix.com,+94 77 573 4964,user,active,Logistics,LankaLogix - Colombo
17a78c48-dd35-41f3-9ae8-30460de6feb8,Farhan Nawaz,farhan.sft@lankalogix.com,+94 74 609 9514,user,active,Software,LankaLogix - Galle
55fb265a-e703-4db4-8f65-b216babb8f35,Farhan Nawaz,farhann.log@lankalogix.com,+94 74 741 7026,user,active,Logistics,LankaLogix - Badulla
dd7c4b95-1941-47b3-8c25-f2385063e887,Farhan Rahman,farhanr.log@lankalogix.com,+94 77 567 2351,user,active,Logistics,LankaLogix - Colombo
ec97dcbd-1a4d-4d41-b726-1ffc5499b6b9,Fathima Nawaz,fathima.log@lankalogix.com,+94 75 499 4335,user,active,Logistics,LankaLogix - Galle
78afea78-2d3f-495b-82d1-a177c62aaf7c,Fazal Farook,fazalf.log@lankalogix.com,+94 71 772 3326,user,active,Logistics,LankaLogix - Colombo
e68dbaff-5f0d-4f6b-9d58-0c398ef4ff0a,Fazal Jiffry,fazal.adm@lankalogix.com,+94 71 831 9141,user,active,Admin,LankaLogix - Badulla
2ea7ff67-fdd7-4d0b-96cd-8dd768decfdd,Fazal Nawaz,fazal.mech@lankalogix.com,+94 77 584 3812,user,active,Mechanical,LankaLogix - Colombo
58be5697-a96e-40dc-bd98-537efbd92ec5,Fazal Nawaz,fazaln.log@lankalogix.com,+94 78 216 1969,user,inactive,Logistics,LankaLogix - Galle
9d13970f-2a41-435e-8706-26d1a28fe323,Fazal Rahman,fazalr.log@lankalogix.com,+94 75 916 6380,user,active,Logistics,LankaLogix - Colombo
0ec99173-42e2-41ac-a036-815854061722,Fazal Rahman,fazalr2.log@lankalogix.com,+94 71 496 5448,user,active,Logistics,LankaLogix - Galle
dd8df242-b4d3-44f9-bebc-1f1f719d4adf,Fazal Zubair,fazal.log@lankalogix.com,+94 76 977 2908,user,active,Logistics,LankaLogix - Colombo
668def89-b35a-453f-8186-ef5ef76662c8,Ganesh Arumugam,ganesh.mech@lankalogix.com,+94 70 278 7110,user,active,Mechanical,LankaLogix - Galle
ac12a941-4c38-43f8-ac1f-6c1672cf260e,Ganesh Balasubramaniam,ganeshb.log@lankalogix.com,+94 72 488 8778,user,active,Logistics,LankaLogix - Colombo
58cdf850-1ff6-4163-8877-bc794da22294,Ganesh Balasubramaniam,ganesh.log@lankalogix.com,+94 74 937 8212,user,active,Logistics,LankaLogix - Colombo
5073c808-61d0-43a1-b388-07ee777a5268,Ganesh Kandasamy,ganeshk.log@lankalogix.com,+94 77 505 7802,user,active,Logistics,LankaLogix - Colombo
028fc067-0273-4225-ac7c-936820e2c296,Ganesh Ponnambalam,ganeshp.log@lankalogix.com,+94 72 217 9285,user,active,Logistics,LankaLogix - Galle
443f709f-7abb-4242-ab41-49f6e31509c5,Ganesh Selvarajah,ganeshs3.log@lankalogix.com,+94 70 580 4826,user,active,Logistics,LankaLogix - Galle
89939463-286d-4f1f-aede-0d4e613166aa,Ganesh Sivalingam,ganeshs.log@lankalogix.com,+94 76 180 2693,user,active,Logistics,LankaLogix - Colombo
83fb1a68-9d4a-4712-b315-55e33ae553cc,Ganesh Sivanathan,ganeshs2.log@lankalogix.com,+94 77 207 4431,user,active,Logistics,LankaLogix - Colombo
40456dc0-a334-43ba-81eb-c43a7464787d,Gayan Edirisinghe,gayane.log@lankalogix.com,+94 72 212 7630,user,active,Logistics,LankaLogix - Galle
d450eb41-e7ad-4985-a5b1-311021ac2e9d,Gayan Hettiarachchi,gayanh.log@lankalogix.com,+94 77 447 4577,user,active,Logistics,LankaLogix - Badulla
db9ceda9-fe88-48a4-a8bc-b6d5b8e1c93d,Gayan Illangakoon,gayan.log@lankalogix.com,+94 78 646 4679,user,active,Logistics,LankaLogix - Colombo
2be7f457-1aa1-4708-8bbe-1e3203ba1f7f,Gayan Kumarasinghe,gayank.log@lankalogix.com,+94 71 143 1824,user,active,Logistics,LankaLogix - Galle
d8235aa9-7057-4417-806b-a5d11f823a37,Gayan Madushanka,gayanm.log@lankalogix.com,+94 71 453 4354,user,active,Logistics,LankaLogix - Badulla
9840ed8d-8d65-4f5a-892c-00b26ae09c10,Gayan Pathirana,gayanp.log@lankalogix.com,+94 75 380 3870,user,active,Logistics,LankaLogix - Colombo
ce014d05-4ed8-4e93-9768-9f6416062126,Gayan Perera,gayanp2.log@lankalogix.com,+94 76 774 1823,user,active,Logistics,LankaLogix - Galle
d6aec698-ade7-42e5-8a36-3df03605cce0,Gayan Silva,gayan.elec@lankalogix.com,+94 71 259 1674,user,active,Electrical,LankaLogix - Galle
a53c8c14-2044-43fa-a25e-3b4751f18fcb,Gayan Udawatta,gayanu.log@lankalogix.com,+94 72 569 6965,user,active,Logistics,LankaLogix - Galle
0a351293-de20-4329-adb6-b75d386c78b6,Gayathri Galappaththi,gayathrig.log@lankalogix.com,+94 74 129 1678,user,active,Logistics,LankaLogix - Badulla
667f1ef6-99d9-4cff-b551-bc452b65fc89,Gayathri Karunaratne,gayathri.sft@lankalogix.com,+94 78 558 6567,user,active,Software,LankaLogix - Colombo
48126f8b-238c-4b5d-a60a-95552aeb26f5,Gayathri Munasinghe,gayathrim.log@lankalogix.com,+94 71 152 2519,user,active,Logistics,LankaLogix - Galle
58874dc8-36e9-4077-a179-7acd117227b5,Gayathri Rathnayaka,gayathri.log@lankalogix.com,+94 78 949 2025,user,inactive,Logistics,LankaLogix - Colombo
e056e605-c38d-4ee7-a691-1cf7bbd4a237,Gayathri Rathnayaka,gayathrir.log@lankalogix.com,+94 72 133 4576,user,active,Logistics,LankaLogix - Colombo
4249c88c-d0ac-433f-b414-903379d7b070,Geethani Abeywickrama,geethania.log@lankalogix.com,+94 75 754 8845,user,active,Logistics,LankaLogix - Colombo
a4c0dc14-5cda-4235-a0e8-2888bb4d9e0a,Geethani Amarasinghe,geethania3.log@lankalogix.com,+94 75 534 5578,user,active,Logistics,LankaLogix - Galle
5b8bec9d-ce7b-4e63-bf0d-22f39a35438c,Geethani Amarasinghe,geethania2.log@lankalogix.com,+94 78 399 5157,user,active,Logistics,LankaLogix - Colombo
4fa2752c-21e0-493e-9323-ee28c5c15ff0,Geethani Jayawardena,geethanij.log@lankalogix.com,+94 77 696 6622,user,active,Logistics,LankaLogix - Colombo
e9ef9185-6e18-49a7-aa79-718267db9313,Geethani Nanayakkara,geethani.log@lankalogix.com,+94 71 886 2377,user,active,Logistics,LankaLogix - Colombo
13bd5d74-4eca-4357-a96d-dc73603e5c02,Geethani Opatha,geethanio.log@lankalogix.com,+94 74 745 2434,user,inactive,Logistics,LankaLogix - Colombo
9f45c98b-3562-45af-8cb4-fee17952ecd9,Geethani Pathirana,geethani.elec@lankalogix.com,+94 70 746 5240,user,active,Electrical,LankaLogix - Colombo
4c823f41-1c70-4687-81af-94c5feb0d762,Gihan Chandrasiri,gihanc.log@lankalogix.com,+94 72 995 1315,user,active,Logistics,LankaLogix - Galle
8a357da6-0d0b-45f4-bcb5-c431623f80aa,Gihan Illangakoon,gihani.log@lankalogix.com,+94 76 273 9893,user,active,Logistics,LankaLogix - Colombo
73c05dbe-9e82-4f00-b52a-dab6d654c550,Gihan Mendis,gihanm2.log@lankalogix.com,+94 70 310 7587,user,active,Logistics,LankaLogix - Badulla
983f9089-e5b9-47df-95ca-ffb5d0ca1c39,Gihan Munasinghe,gihanm.log@lankalogix.com,+94 75 713 6280,user,active,Logistics,LankaLogix - Badulla
5e18dd32-52bf-446f-b5b4-306dd776e223,Gihan Nanayakkara,gihan.elec@lankalogix.com,+94 75 988 9735,user,active,Electrical,LankaLogix - Colombo
78c2d5ff-36e8-43bc-8d89-1930171dd72d,Gihan Peiris,gihanp.log@lankalogix.com,+94 74 194 5226,user,active,Logistics,LankaLogix - Galle
608d7306-f79c-4916-9b39-69a1abea72d9,Gihan Samarasinghe,gihan.adm@lankalogix.com,+94 72 241 8232,admin,active,Admin,LankaLogix - Galle
15e1f6ce-5500-45cf-a429-e8aafcdb999c,Gihan Samaraweera,gihans.log@lankalogix.com,+94 76 608 3208,user,active,Logistics,LankaLogix - Galle
ee3399c1-0deb-4731-8a4c-9b4972ad44b4,Gihan Senanayake,gihan.log@lankalogix.com,+94 70 894 2091,user,active,Logistics,LankaLogix - Colombo
747c9620-eaaf-4212-95aa-56503b440329,Gihan Wanigasekara,gihanw.log@lankalogix.com,+94 71 193 4582,user,active,Logistics,LankaLogix - Galle
dba27b6e-3ab8-46c8-a9e9-591dc2166f08,Hafsa Ismail,hafsai.log@lankalogix.com,+94 70 836 2041,user,active,Logistics,LankaLogix - Galle
c2ebc293-a6da-4e4f-9dcf-b38eb12e684e,Hafsa Marikkar,hafsam.log@lankalogix.com,+94 71 693 3152,user,active,Logistics,LankaLogix - Colombo
780f396c-a628-42fc-b0dc-52010ab95340,Hafsa Nawaz,hafsan.log@lankalogix.com,+94 77 334 3129,user,active,Logistics,LankaLogix - Colombo
4f70eb8b-a508-4193-b75f-63ac8e236939,Hafsa Saleem,hafsas.log@lankalogix.com,+94 77 656 1832,user,active,Logistics,LankaLogix - Colombo
5431c4c3-6dc0-4daa-9313-86cacb8c8daf,Hafsa Wahab,hafsa.log@lankalogix.com,+94 72 209 3568,user,active,Logistics,LankaLogix - Colombo
62d962ea-3a37-474e-8610-311f35bfaafd,Harsha Dissanayake,harshad.log@lankalogix.com,+94 74 534 8449,user,active,Logistics,LankaLogix - Colombo
32dc59cb-ffdf-4808-a64d-050c19511645,Harsha Gunawardena,harshag.log@lankalogix.com,+94 74 134 1013,user,active,Logistics,LankaLogix - Badulla
27617322-2ba2-4998-a78c-dde6a27ed2a2,Harsha Kodikara,harshak.log@lankalogix.com,+94 77 359 4547,user,active,Logistics,LankaLogix - Colombo
f2eb5815-ea3c-4f7c-a490-7c314c843182,Harsha Mendis,harsham.log@lankalogix.com,+94 75 540 7182,user,active,Logistics,LankaLogix - Galle
21a1ab9a-bf9d-4e74-ba6b-1527b1ab1e77,Harsha Perera,harshap.log@lankalogix.com,+94 76 669 4501,user,active,Logistics,LankaLogix - Galle
e57b003a-8ffe-4beb-83b1-6dd60cebc1fa,Harsha Rathnayaka,harsha.log@lankalogix.com,+94 76 550 2358,user,active,Logistics,LankaLogix - Colombo
ea3a55a2-e8eb-400a-a3e6-3895bf70675d,Harsha Ratnayake,harshar.elec@lankalogix.com,+94 78 862 1413,user,active,Electrical,LankaLogix - Galle
022e5872-55c1-40d7-b067-cc60fae673de,Harsha Senanayake,harsha.elec@lankalogix.com,+94 76 612 7146,user,active,Electrical,LankaLogix - Badulla
f593888b-248c-42cf-a6f4-13d81a416271,Harsha Wanigasekara,harshaw.log@lankalogix.com,+94 78 887 1880,user,active,Logistics,LankaLogix - Galle
e2f4db5d-5268-451f-8f58-023f568f8422,Harshani Gunasekara,harshanig.log@lankalogix.com,+94 72 304 7387,user,active,Logistics,LankaLogix - Badulla
b5be5681-f4d2-49ed-bcbc-b5a7d226bfca,Harshani Gunawardena,harshani.elec@lankalogix.com,+94 78 705 9998,user,active,Electrical,LankaLogix - Badulla
ba03ac29-f294-4a7d-b142-44c46cfe2354,Harshani Herath,harshani.mech@lankalogix.com,+94 70 226 7725,user,active,Mechanical,LankaLogix - Galle
055a4411-2338-49b0-8894-c26398a33d61,Harshani Illangakoon,harshani.log@lankalogix.com,+94 75 287 6249,user,active,Logistics,LankaLogix - Colombo
ff66a68b-9b07-4116-b1e4-c327cc4ded9a,Harshani Peiris,harshani.adm@lankalogix.com,+94 76 262 8644,user,active,Admin,LankaLogix - Galle
15b87d03-89b9-407f-abbf-8dc82d73f93f,Harshani Ratnayake,harshanir.log@lankalogix.com,+94 77 771 8224,user,active,Logistics,LankaLogix - Badulla
42a4811f-89ae-4439-b6c0-baff419e5c2f,Hasini Herath,hasinih.log@lankalogix.com,+94 72 956 6772,user,active,Logistics,LankaLogix - Colombo
f3f8dfa5-1b8c-4bf1-8507-81855c610eb1,Hasini Rathnayaka,hasinir.log@lankalogix.com,+94 78 959 3620,user,active,Logistics,LankaLogix - Colombo
829918ab-9b42-4813-93af-d27e05271b68,Hasini Ratnayake,hasini.log@lankalogix.com,+94 78 560 3624,user,inactive,Logistics,LankaLogix - Colombo
3cb27cd4-6335-4750-a35b-65ad3b13716b,Hasini Vithanage,hasiniv.log@lankalogix.com,+94 72 229 9711,user,active,Logistics,LankaLogix - Galle
e7963375-5e86-48ea-9553-3f5dbb55d897,Hasitha Alwis,hasithaa.log@lankalogix.com,+94 77 791 3403,user,active,Logistics,LankaLogix - Colombo
c9371eef-cb2f-45af-926f-13217cb6a7ad,Hasitha Gunasekara,hasitha.mech@lankalogix.com,+94 74 927 9779,user,active,Mechanical,LankaLogix - Colombo
e2edbfb4-2380-494b-9a6e-6f70b8be6c90,Hasitha Pathirana,hasithap.log@lankalogix.com,+94 78 414 5050,user,active,Logistics,LankaLogix - Badulla
2983987c-6527-45dd-a85a-df5117b76d59,Hasitha Pathirana,hasithap2.log@lankalogix.com,+94 72 721 5894,user,active,Logistics,LankaLogix - Galle
5576d8c3-4a33-48c3-b6d8-f684bc07fa9b,Hasitha Ranasinghe,hasithar.log@lankalogix.com,+94 77 571 2152,user,active,Logistics,LankaLogix - Colombo
3e03c572-3a55-413f-932a-ef7dfcd24038,Hasitha Rathnayaka,hasithar2.log@lankalogix.com,+94 78 806 1193,user,active,Logistics,LankaLogix - Galle
d7419f5f-8d51-43a3-b44e-68440cc641b4,Hasitha Samaraweera,hasithas.log@lankalogix.com,+94 78 824 8223,user,active,Logistics,LankaLogix - Colombo
14c2a1cd-fa2f-4b1e-8384-f1be8659365d,Hasitha Thilakaratne,hasitha.log@lankalogix.com,+94 78 367 7270,user,active,Logistics,LankaLogix - Colombo
4803cc9c-eb64-4578-91f0-8316f3dc1ff7,Hasitha Weerasinghe,hasithaw.log@lankalogix.com,+94 74 457 2315,user,active,Logistics,LankaLogix - Galle
f2993108-7085-4a34-95a5-74c5c3a8410d,Hasitha Wickramasinghe,hasithaw.mech@lankalogix.com,+94 72 513 9414,user,active,Mechanical,LankaLogix - Galle
36b63157-00e6-49e6-8f44-aff1e9402f5b,Heshan Amarasinghe,heshana.log@lankalogix.com,+94 70 644 3690,user,active,Logistics,LankaLogix - Colombo
ed0a9911-ef85-4fb5-8dd6-179ec38816fc,Heshan Bandara,heshan.mech@lankalogix.com,+94 70 576 2827,user,suspended,Mechanical,LankaLogix - Badulla
1bf61d3f-94c5-4a00-a27d-f70c6a229bf8,Heshan Dissanayake,heshand.log@lankalogix.com,+94 78 982 6515,user,active,Logistics,LankaLogix - Colombo
8eff9acb-560a-454d-b4e0-e23389a2264b,Heshan Dissanayake,heshan.elec@lankalogix.com,+94 70 774 8014,user,active,Electrical,LankaLogix - Colombo
b46cf761-3db0-4767-b410-65aa1a2825fb,Heshan Ekanayake,heshane.log@lankalogix.com,+94 76 958 9946,user,active,Logistics,LankaLogix - Colombo
282d91e7-2962-428b-bd84-f2078e00b1da,Heshan Herath,heshanh.log@lankalogix.com,+94 71 265 7092,user,active,Logistics,LankaLogix - Badulla
8c660120-06ae-494a-8b89-5ba8438020a9,Heshan Karunaratne,heshank.log@lankalogix.com,+94 71 158 5599,user,active,Logistics,LankaLogix - Colombo
8a0dc0c8-8bed-4024-a051-dbed41ba8410,Heshan Opatha,heshano.log@lankalogix.com,+94 74 547 5275,user,active,Logistics,LankaLogix - Badulla
6a33434f-df46-4184-b47f-1062936198f5,Heshan Rathnayaka,heshanr.log@lankalogix.com,+94 70 174 2583,user,inactive,Logistics,LankaLogix - Galle
8370c8ba-0f52-43e8-a462-31c7141182e7,Heshan Senanayake,heshan.log@lankalogix.com,+94 72 829 4458,user,active,Logistics,LankaLogix - Colombo
51de8298-573f-473b-b907-584ec33f7841,Heshan Tennakoon,heshant.mech@lankalogix.com,+94 75 179 4904,user,active,Mechanical,LankaLogix - Galle
318da964-ffdd-4a77-aa9a-ede745666cdc,Hiran Fernando,hiran.log@lankalogix.com,+94 74 345 9866,user,active,Logistics,LankaLogix - Colombo
8c40a434-887b-4ce7-ac6a-f57eb834ca30,Hiran Gunasekara,hirang.log@lankalogix.com,+94 72 907 6785,user,active,Logistics,LankaLogix - Colombo
ec42ef12-9929-4b5d-b07f-dac5819cba78,Hiran Karunaratne,hirank.log@lankalogix.com,+94 71 247 5836,user,active,Logistics,LankaLogix - Galle
c5ac0691-9daf-41ec-9af8-8a163bd32f72,Hiran Mendis,hiranm.log@lankalogix.com,+94 71 477 2191,user,active,Logistics,LankaLogix - Badulla
0ce9016f-37ef-4c5d-8153-47a5c11f99ec,Hiran Munasinghe,hiranm2.log@lankalogix.com,+94 71 834 2868,user,active,Logistics,LankaLogix - Galle
f5b37c64-bd71-4c76-80ed-eec260b6b410,Hiran Rajapaksa,hiranr2.log@lankalogix.com,+94 75 675 4217,user,active,Logistics,LankaLogix - Colombo
d4eba6f3-6edf-4ac8-939f-50ce81f48612,Hiran Rajapaksa,hiranr.log@lankalogix.com,+94 74 907 4518,user,active,Logistics,LankaLogix - Colombo
7613243f-58b4-4f5d-9cc4-d6dde9e3d25a,Hiran Rathnayaka,hiranr3.log@lankalogix.com,+94 75 209 4990,user,active,Logistics,LankaLogix - Galle
dc58cb16-b3c7-4feb-8208-b4d88e565b6c,Hiran Wickramasinghe,hiranw.log@lankalogix.com,+94 78 482 3122,user,active,Logistics,LankaLogix - Colombo
f4abb4c1-a221-41bd-bfa3-0c6883a700a8,Hiruni Illangakoon,hirunii.log@lankalogix.com,+94 76 547 1249,user,active,Logistics,LankaLogix - Colombo
de5ac9e2-3f8b-4675-ae66-62a79bb5340c,Hiruni Jayawardena,hirunij.log@lankalogix.com,+94 74 540 9863,user,active,Logistics,LankaLogix - Galle
2fb7dab3-e151-490f-9c20-9b329d4fba20,Hiruni Kodikara,hirunik.mech@lankalogix.com,+94 70 143 4173,user,active,Mechanical,LankaLogix - Badulla
4f99efd4-c45f-49c6-8b6c-f80715333c15,Hiruni Kumarasinghe,hiruni.mech@lankalogix.com,+94 72 387 6734,user,active,Mechanical,LankaLogix - Colombo
ab779edb-5eb0-450f-af5c-345043abdd5f,Hiruni Peiris,hirunip.log@lankalogix.com,+94 76 791 5643,user,active,Logistics,LankaLogix - Galle
7eff8fb1-e5f6-43d1-9e6b-dd2f71f1fa19,Hiruni Ranasinghe,hirunir.log@lankalogix.com,+94 77 809 5391,user,active,Logistics,LankaLogix - Badulla
430887f8-8315-41a7-9ef1-0998dfa9b24a,Hiruni Udawatta,hiruni.log@lankalogix.com,+94 72 933 4446,user,active,Logistics,LankaLogix - Colombo
890b088b-ef43-4e69-ad02-026b369a28b5,Hiruni Wanigasekara,hiruniw.log@lankalogix.com,+94 75 540 7834,user,active,Logistics,LankaLogix - Galle
14cc079d-7a72-4d9c-9e99-7c14a3c85b0f,Hussain Hameed,hussainh2.log@lankalogix.com,+94 74 861 1197,user,active,Logistics,LankaLogix - Badulla
079d6634-8d2e-4e16-a132-2a6307cff622,Hussain Haniffa,hussain.adm@lankalogix.com,+94 72 327 8541,user,active,Admin,LankaLogix - Galle
9cb44f3e-4dc3-4ac9-bf65-bb8f29efc8e6,Hussain Haniffa,hussainh.log@lankalogix.com,+94 70 369 5159,user,active,Logistics,LankaLogix - Badulla
a3267fe3-9c0f-4b60-95c4-971b2cac8906,Hussain Ismail,hussaini.log@lankalogix.com,+94 74 260 4133,user,active,Logistics,LankaLogix - Colombo
d0ea5927-2dc8-4928-bde4-56f56868028e,Hussain Jiffry,hussainj.log@lankalogix.com,+94 78 621 7800,user,active,Logistics,LankaLogix - Galle
b5e62dd4-b490-4de7-a2c0-acdaa17d0c07,Hussain Marikkar,hussainm.log@lankalogix.com,+94 75 365 2352,user,active,Logistics,LankaLogix - Colombo
799f9455-62db-4da1-8b99-9f32da209d65,Hussain Rahman,hussain.mech@lankalogix.com,+94 70 918 6854,user,active,Mechanical,LankaLogix - Colombo
bfbc513c-fc16-48d3-bc97-937cb60188cd,Hussain Wahab,hussain.log@lankalogix.com,+94 70 364 5978,user,active,Logistics,LankaLogix - Colombo
18feffdc-7343-4221-847d-861b02fe2a56,Hussain Zubair,hussainz.log@lankalogix.com,+94 75 645 7696,user,active,Logistics,LankaLogix - Galle
19dd5955-0311-4055-b016-f5d360e791c8,Hussain Zubair,hussainz2.log@lankalogix.com,+94 78 640 4091,user,active,Logistics,LankaLogix - Galle
c72f23f6-0751-4dfb-aa15-6737a84c61f4,Imran Cassim,imranc.mech@lankalogix.com,+94 78 365 5162,user,active,Mechanical,LankaLogix - Badulla
c9f86c57-934e-40e8-b6df-2eb5d71405e6,Imran Hameed,imran.log@lankalogix.com,+94 77 457 9694,user,active,Logistics,LankaLogix - Colombo
dc7713dd-6bb6-4890-9467-499b23c21017,Imran Hameed,imranh.log@lankalogix.com,+94 74 251 6473,user,active,Logistics,LankaLogix - Colombo
94c16a8c-074b-4b37-ab95-493170740735,Imran Haniffa,imran.mech@lankalogix.com,+94 78 883 8267,user,active,Mechanical,LankaLogix - Colombo
198393db-38d9-4a32-b015-0658a170bec1,Imran Haniffa,imranh.mech@lankalogix.com,+94 74 907 6407,user,active,Mechanical,LankaLogix - Galle
22389be1-8cf4-468e-a72b-11faaa6d0aff,Imran Marikkar,imranm.log@lankalogix.com,+94 78 133 4871,user,active,Logistics,LankaLogix - Galle
8ebec0f7-fdcb-4c03-b9b2-04eea85a85bf,Imran Rahman,imranr.log@lankalogix.com,+94 75 239 7894,user,active,Logistics,LankaLogix - Galle
35b9a8e8-5284-40f5-9348-5f1e994c12f1,Imran Rahman,imranr.mech@lankalogix.com,+94 77 513 1184,user,active,Mechanical,LankaLogix - Badulla
26dadb1c-8674-44b6-ba67-bac731bb93d1,Imran Zubair,imranz.log@lankalogix.com,+94 77 135 4566,user,suspended,Logistics,LankaLogix - Colombo
dedd34c4-030e-4a29-b3b3-20abc8e2ed74,Indika Fernando,indikaf.log@lankalogix.com,+94 76 691 6460,user,active,Logistics,LankaLogix - Badulla
aa6bd398-1c0b-46fc-95da-2ff75ff4c584,Indika Jayasuriya,indikaj.log@lankalogix.com,+94 71 414 9764,user,active,Logistics,LankaLogix - Galle
fc40d020-6df0-48d5-964e-6051e0f01179,Indika Karunaratne,indikak.mech@lankalogix.com,+94 71 678 6117,user,active,Mechanical,LankaLogix - Galle
80e237e5-ad5b-44f4-9ef1-4434b06cb4a1,Indika Kumarasinghe,indikak.log@lankalogix.com,+94 71 272 7704,user,active,Logistics,LankaLogix - Galle
2e1b0afe-0496-4426-b986-9eee617c68c8,Indika Samarasinghe,indika.mech@lankalogix.com,+94 72 538 2364,user,active,Mechanical,LankaLogix - Badulla
14687edb-ce05-413d-aec8-6853acc7a6e2,Indika Seneviratne,indikas.log@lankalogix.com,+94 78 779 3441,user,active,Logistics,LankaLogix - Badulla
f47e14b1-db5d-42ad-b656-6fdf43e7bd97,Indika Thilakaratne,indika.log@lankalogix.com,+94 77 499 2661,user,active,Logistics,LankaLogix - Colombo
8efea6dd-47d5-4ebb-99d3-b55bf9ff38f7,Indika Wanigasekara,indikaw.log@lankalogix.com,+94 78 123 1174,user,active,Logistics,LankaLogix - Galle
e03cf70b-8427-4f1c-b5ab-29a941a4386f,Iresha Edirisinghe,iresha.log@lankalogix.com,+94 71 225 3935,user,active,Logistics,LankaLogix - Colombo
9da02b43-fc39-4382-b689-47d1d616482c,Iresha Kodikara,ireshak2.log@lankalogix.com,+94 74 568 8658,user,active,Logistics,LankaLogix - Colombo
741f34c2-9570-4d2f-9d70-f485e5c1f96f,Iresha Kodikara,ireshak.log@lankalogix.com,+94 77 826 2843,user,active,Logistics,LankaLogix - Colombo
274977b6-3af4-42c5-bcd4-a8cc62086755,Iresha Munasinghe,iresham.log@lankalogix.com,+94 78 101 4520,user,active,Logistics,LankaLogix - Colombo
3898aa8b-e3d3-459d-9a76-60401f8181f0,Iresha Nanayakkara,iresha.mech@lankalogix.com,+94 70 161 3990,user,active,Mechanical,LankaLogix - Galle
2abd42b1-c0a4-4467-8f7d-15d222f3e561,Iresha Peiris,ireshap2.log@lankalogix.com,+94 75 186 7924,user,active,Logistics,LankaLogix - Galle
00d11482-63a2-48da-b05c-c7e9bacd67e0,Iresha Perera,ireshap.log@lankalogix.com,+94 74 219 7371,user,active,Logistics,LankaLogix - Galle
c6c5bb52-5726-498c-8641-8a82e02faff5,Iresha Samarasinghe,ireshas.log@lankalogix.com,+94 70 930 4923,user,active,Logistics,LankaLogix - Badulla
0371ebbf-c735-4fb9-8c36-5e7a93479d86,Iresha Thilakaratne,ireshat.log@lankalogix.com,+94 70 412 4525,user,active,Logistics,LankaLogix - Galle
4e687221-2aec-4a3c-b701-5383edc61335,Irfan Cassim,irfanc.log@lankalogix.com,+94 71 772 8229,user,active,Logistics,LankaLogix - Colombo
b232ddd5-5830-4628-84d8-26c9e470d691,Irfan Ismail,irfan.log@lankalogix.com,+94 78 874 3691,user,active,Logistics,LankaLogix - Colombo
43037462-f8fe-47e3-b0f1-51b3d5c2f94a,Irfan Wahab,irfanw.log@lankalogix.com,+94 77 200 6555,user,active,Logistics,LankaLogix - Badulla
7d68edab-c790-4e9a-8a6f-8a41d21777e4,Ishara Gunasekara,isharag.log@lankalogix.com,+94 70 408 5321,user,active,Logistics,LankaLogix - Badulla
e7d4d462-2c55-4855-9bc9-13406ae06de9,Ishara Kumarasinghe,isharak.log@lankalogix.com,+94 72 827 1829,user,active,Logistics,LankaLogix - Colombo
cbaa9f3a-1731-4f39-a19c-2252b655f163,Ishara Nanayakkara,ishara.log@lankalogix.com,+94 71 159 5555,user,active,Logistics,LankaLogix - Colombo
db01d178-e057-46ed-ba34-a2870594c197,Ishara Samarasinghe,ishara.mech@lankalogix.com,+94 77 272 4373,user,active,Mechanical,LankaLogix - Badulla
59873a14-b5e0-4bf4-a48d-6464cb0b6dd6,Ishara Silva,isharas.log@lankalogix.com,+94 76 338 6113,user,active,Logistics,LankaLogix - Galle
6b2d3cbd-fae4-42a9-b155-00287bef6384,Isuru Abeywickrama,isurua2.log@lankalogix.com,+94 70 583 9422,user,active,Logistics,LankaLogix - Galle
8c585658-a792-4a49-9621-50ae5c6d08ca,Isuru Alwis,isurua.log@lankalogix.com,+94 75 330 9489,user,active,Logistics,LankaLogix - Badulla
669f572e-5391-41b7-83de-4ad61379d1e0,Isuru Edirisinghe,isurue.log@lankalogix.com,+94 75 939 4911,user,active,Logistics,LankaLogix - Colombo
8f013397-f73e-4098-bf86-3cf1055a446a,Isuru Edirisinghe,isurue2.log@lankalogix.com,+94 77 661 9387,user,active,Logistics,LankaLogix - Badulla
667d30e7-2ca8-4daf-a15b-726dd313894a,Isuru Hettiarachchi,isuru.adm@lankalogix.com,+94 70 986 5111,user,active,Admin,LankaLogix - Colombo
f7e51660-0ce7-4eeb-a188-39c6a96d2541,Isuru Jayawardena,isuruj.log@lankalogix.com,+94 70 333 2410,user,active,Logistics,LankaLogix - Colombo
ab83ce15-7469-4677-a0ab-60c04e80dc38,Isuru Mendis,isurum2.log@lankalogix.com,+94 72 867 6670,user,active,Logistics,LankaLogix - Badulla
f19d2bfe-7bb4-41c7-a1b7-e9e784553c70,Isuru Mendis,isurum.log@lankalogix.com,+94 74 743 7098,user,active,Logistics,LankaLogix - Colombo
67b92ee6-274a-44ce-a867-cecde91391b5,Isuru Perera,isurup.log@lankalogix.com,+94 70 955 5005,user,active,Logistics,LankaLogix - Galle
65a5b696-653b-4c78-8e17-17f954b7992b,Isuru Rathnayaka,isuru.elec@lankalogix.com,+94 70 629 8215,user,active,Electrical,LankaLogix - Badulla
d6a58d19-0433-442d-8e4b-6dd407e4e844,Isuru Vithanage,isuru.log@lankalogix.com,+94 78 652 9313,user,active,Logistics,LankaLogix - Colombo
70506215-8794-4b65-b206-0e75646dfe9a,Isuru Wijeratne,isuru.mech@lankalogix.com,+94 71 664 6181,user,active,Mechanical,LankaLogix - Colombo
e4333d48-503a-4694-b7d9-97ac9dee27e0,Jagath Abeywickrama,jagath.mech@lankalogix.com,+94 76 401 6183,user,active,Mechanical,LankaLogix - Badulla
39c7fa37-597a-4976-aab3-dcf6dfcc5035,Jagath Edirisinghe,jagathe.log@lankalogix.com,+94 70 301 3371,user,active,Logistics,LankaLogix - Galle
69125b04-8e8a-4de5-85a1-c3a6584051be,Jagath Fernando,jagathf.log@lankalogix.com,+94 74 408 8783,user,active,Logistics,LankaLogix - Badulla
80b1ad8c-feff-46bb-a25a-c63711fbe13d,Jagath Galappaththi,jagathg.log@lankalogix.com,+94 72 998 2112,user,active,Logistics,LankaLogix - Colombo
7859600a-320b-4479-a042-37034493ad9d,Jagath Mendis,jagath.log@lankalogix.com,+94 76 503 2867,user,active,Logistics,LankaLogix - Colombo
0a5c7be1-9646-4614-bef8-51e664afec90,Jagath Rathnayaka,jagathr.log@lankalogix.com,+94 70 670 7424,user,active,Logistics,LankaLogix - Colombo
ad2e1449-cbe7-43b8-aea2-7be82609150a,Jagath Rathnayaka,jagathr2.log@lankalogix.com,+94 75 635 1168,user,active,Logistics,LankaLogix - Galle
05d1ba48-e184-4f32-b427-e979dfe2afc7,Jagath Silva,jagaths.log@lankalogix.com,+94 72 579 2591,user,active,Logistics,LankaLogix - Badulla
3c0ae890-b46b-41b6-b4ce-b22b2f699b28,Jagath Tennakoon,jagatht.log@lankalogix.com,+94 75 421 6274,user,active,Logistics,LankaLogix - Galle
14294bcc-4609-4078-82d0-3af8051a00ce,Jagath Weerasinghe,jagath.adm@lankalogix.com,+94 76 784 1347,admin,active,Admin,LankaLogix - Badulla
660c165d-6101-4478-8f1e-e68d29e42c0c,Janaka Galappaththi,janakag.log@lankalogix.com,+94 74 525 5961,user,active,Logistics,LankaLogix - Badulla
91e3f538-69d6-4b30-b836-53971b1e57c1,Janaka Galappaththi,janaka.log@lankalogix.com,+94 70 421 8401,user,active,Logistics,LankaLogix - Colombo
67fca0b3-d698-47ca-8405-b4fb1aeee8b8,Janaka Kodikara,janakak.log@lankalogix.com,+94 77 398 4297,user,active,Logistics,LankaLogix - Badulla
3d6f2ad9-da21-46a7-9219-f8cf57f7ff25,Janaka Samaraweera,janakas.log@lankalogix.com,+94 71 567 5824,user,active,Logistics,LankaLogix - Galle
3c24c592-daf5-4ac0-b10b-6b0035f0c7d3,Janaka Wijeratne,janaka.mech@lankalogix.com,+94 70 991 4589,user,active,Mechanical,LankaLogix - Badulla
705606bb-60ee-4791-b050-0781537700b1,Janani Gunawardena,jananig.log@lankalogix.com,+94 70 224 5641,user,active,Logistics,LankaLogix - Galle
bf2345c5-305b-49ba-b06b-ecb5fede548e,Janani Illangakoon,janani.elec@lankalogix.com,+94 77 643 7399,user,active,Electrical,LankaLogix - Galle
3c6ba945-55ef-47fe-9802-5f789e60e620,Janani Ranasinghe,janani.log@lankalogix.com,+94 72 613 6099,user,active,Logistics,LankaLogix - Colombo
7d5abb4b-df5b-4b75-bbe9-78fb814d0dc1,Janani Thilakaratne,jananit.log@lankalogix.com,+94 72 405 4315,user,active,Logistics,LankaLogix - Badulla
e10a2e33-a841-4a3f-ad4a-3114b4d9f0d2,Jeyakumar Arumugam,jeyakumara.log@lankalogix.com,+94 75 958 4805,user,active,Logistics,LankaLogix - Badulla
90721aa2-142e-4b5b-ab54-99a28a3b8dd4,Jeyakumar Chandrasekaran,jeyakumarc.log@lankalogix.com,+94 75 714 1159,user,active,Logistics,LankaLogix - Colombo
45dbe37c-5e06-4e69-9c77-39a1ada41399,Jeyakumar Kandasamy,jeyakumark.log@lankalogix.com,+94 76 164 8325,user,active,Logistics,LankaLogix - Colombo
3b66fe50-d5c5-40b9-89c6-cbd673df729f,Jeyakumar Kandasamy,jeyakumark3.log@lankalogix.com,+94 78 674 5683,user,active,Logistics,LankaLogix - Badulla
20ab5d3f-f2ca-4af4-b3c1-43fbcfad7b62,Jeyakumar Krishnapillai,jeyakumark2.log@lankalogix.com,+94 70 705 7344,user,active,Logistics,LankaLogix - Colombo
39cf0be1-86a2-4616-99f5-7124188839e4,Jeyakumar Rajendran,jeyakumar.log@lankalogix.com,+94 76 600 7941,user,active,Logistics,LankaLogix - Colombo
83ec1f03-5a3e-4e22-bc6f-57947070ce66,Jeyakumar Ratnasingham,jeyakumarr.log@lankalogix.com,+94 76 629 8103,user,active,Logistics,LankaLogix - Galle
40599815-5b87-4588-9e74-3c01e0c6ccf3,Jeyakumar Sivalingam,jeyakumars3.log@lankalogix.com,+94 71 695 2243,user,active,Logistics,LankaLogix - Badulla
268c1408-1f5a-4d5e-9b2c-0b5df558eda6,Jeyakumar Sivalingam,jeyakumars4.log@lankalogix.com,+94 78 390 7905,user,active,Logistics,LankaLogix - Galle
c0f5d5cf-17fa-4b0c-b1b0-dad03fc108e8,Jeyakumar Sivalingam,jeyakumars.log@lankalogix.com,+94 77 421 6169,user,active,Logistics,LankaLogix - Colombo
79279b07-707c-4805-8691-f1e9b401bc9f,Jeyakumar Sivanathan,jeyakumars2.log@lankalogix.com,+94 70 861 1000,user,active,Logistics,LankaLogix - Colombo
6347529d-befe-42c7-b829-294aef62aae2,Kalaivani Ponnambalam,kalaivani.log@lankalogix.com,+94 77 957 8234,user,active,Logistics,LankaLogix - Colombo
d228e58a-85a6-4059-b62f-262964a70737,Kalaivani Thangarajah,kalaivanit.log@lankalogix.com,+94 71 738 7554,user,active,Logistics,LankaLogix - Colombo
fb16df24-42b0-44f6-8de3-8f95cdd7dc1f,Kalaivani Vairamuthu,kalaivani.sft@lankalogix.com,+94 72 746 6808,user,active,Software,LankaLogix - Colombo
7c0a1dd2-ae3a-4b6a-80ed-b2ecb96e08ad,Kalana Alwis,kalanaa.log@lankalogix.com,+94 75 428 8897,user,active,Logistics,LankaLogix - Colombo
47a3900f-7eb3-4a89-859b-6570776ea3c5,Kalana Amarasinghe,kalanaa2.log@lankalogix.com,+94 78 442 5044,user,active,Logistics,LankaLogix - Colombo
2751f9ca-5a8f-480f-b7f6-8d7c60846a2a,Kalana Bandara,kalanab.log@lankalogix.com,+94 77 606 7151,user,active,Logistics,LankaLogix - Galle
cea796b2-64d1-4259-b1e7-4b06b3468fcd,Kalana Jayawardena,kalanaj.log@lankalogix.com,+94 75 570 4271,user,active,Logistics,LankaLogix - Colombo
1ba83fa8-a271-48c2-ae7a-e2d59c08c959,Kalana Peiris,kalana.log@lankalogix.com,+94 75 826 7232,user,active,Logistics,LankaLogix - Colombo
9c8e93f8-915c-4053-95fe-886010f1b5fa,Kalana Samarasinghe,kalanas2.log@lankalogix.com,+94 74 361 5315,user,active,Logistics,LankaLogix - Galle
26bed796-3071-41c2-b880-d41d10e5b673,Kalana Senanayake,kalanas.log@lankalogix.com,+94 72 279 9818,user,active,Logistics,LankaLogix - Badulla
8c96a864-951e-4d0a-9715-532a84a4bc30,Kalana Senanayake,kalana.mech@lankalogix.com,+94 74 786 3765,user,active,Mechanical,LankaLogix - Badulla
f1476a1a-5d8e-4c9d-8772-bdb92488fb29,Kalana Weerasinghe,kalana.adm@lankalogix.com,+94 70 699 7473,admin,active,Admin,LankaLogix - Badulla
d6c63075-f2b1-42b2-88ea-62b7db930b1d,Kalana Wickramasinghe,kalanaw.log@lankalogix.com,+94 76 486 3613,user,active,Logistics,LankaLogix - Galle
d65014ad-c56f-49bf-9314-01a6c88cbb67,Kanchana Hettiarachchi,kanchanah.log@lankalogix.com,+94 78 450 5496,user,active,Logistics,LankaLogix - Colombo
1f1d9a08-d820-4431-b053-b8e57445fcc8,Kanchana Liyanage,kanchanal.log@lankalogix.com,+94 71 723 5474,user,active,Logistics,LankaLogix - Badulla
07a68fb1-5fe3-4894-a718-d07adde2c078,Kanchana Pathirana,kanchanap2.log@lankalogix.com,+94 75 173 6975,user,active,Logistics,LankaLogix - Galle
b4c2f1d2-3630-4a29-8bee-c0e1c9fe6653,Kanchana Rajapaksa,kanchanar.log@lankalogix.com,+94 77 834 6208,user,active,Logistics,LankaLogix - Galle
93809008-69ce-4c7c-b7b7-24e7be0bf39d,Kanchana Samarasinghe,kanchana.log@lankalogix.com,+94 72 950 4369,user,active,Logistics,LankaLogix - Colombo
b2d282c8-1986-4cc4-8f44-bb9704892cdb,Kanchana Silva,kanchana.mech@lankalogix.com,+94 77 829 8599,user,active,Mechanical,LankaLogix - Badulla
d92dd0ef-e329-487f-832b-ce9ec260243b,Karthik Chandrasekaran,karthikc.log@lankalogix.com,+94 70 903 7816,user,active,Logistics,LankaLogix - Badulla
5ca11cec-92af-4cf0-ba2a-b7ccc1954f40,Karthik Krishnapillai,karthik.mech@lankalogix.com,+94 76 899 3060,user,active,Mechanical,LankaLogix - Colombo
a56738d2-26b2-4ced-b4db-c83a2956bf91,Karthik Muthukumar,karthikm.log@lankalogix.com,+94 72 271 8043,user,active,Logistics,LankaLogix - Badulla
aa024d23-e3fc-4754-9301-69c14fa2a435,Karthik Nadarajah,karthikn.log@lankalogix.com,+94 74 903 7834,user,active,Logistics,LankaLogix - Badulla
4e8044de-b468-445f-aeb7-861ed06941eb,Karthik Selvarajah,karthik.log@lankalogix.com,+94 76 930 7695,user,active,Logistics,LankaLogix - Colombo
21948162-13ab-4ef2-a2a7-843d05893a1d,Karthik Sivanathan,karthiks.log@lankalogix.com,+94 72 632 8400,user,active,Logistics,LankaLogix - Galle
4033330c-bcf8-4dc8-802e-7a4195e4163b,Karthik Vairamuthu,karthikv.log@lankalogix.com,+94 76 669 5612,user,active,Logistics,LankaLogix - Colombo
5674ecb9-417f-4108-b1e4-f80265c62f18,Kasun Chandrasiri,kasunc.log@lankalogix.com,+94 71 650 7980,user,active,Logistics,LankaLogix - Galle
c0a09492-f052-4439-98b3-703eebb8fc08,Kasun Dissanayake,kasund.log@lankalogix.com,+94 76 326 7724,user,active,Logistics,LankaLogix - Colombo
a72e6fba-d71b-4316-adc9-7c89dac3d35e,Kasun Gunawardena,kasung.log@lankalogix.com,+94 78 859 3539,user,active,Logistics,LankaLogix - Colombo
643e4ab4-4595-4882-8016-d5a11a71b5e6,Kasun Hettiarachchi,kasunh.log@lankalogix.com,+94 78 416 2325,user,active,Logistics,LankaLogix - Colombo
838168e2-a894-48b0-9e58-4f1f4612a1b3,Kasun Karunaratne,kasunk.mech@lankalogix.com,+94 72 839 6430,user,active,Mechanical,LankaLogix - Colombo
5b4b300b-3f2b-4fb0-bc62-3eae56605668,Kasun Kodikara,kasun.sft@lankalogix.com,+94 76 622 5410,user,active,Software,LankaLogix - Colombo
73e9a127-2873-4f2f-95a5-abfdf1dfe5b4,Kasun Nanayakkara,kasunn.log@lankalogix.com,+94 76 194 4396,user,active,Logistics,LankaLogix - Badulla
a65b104c-d3be-4d8a-be5f-daa9ee0af4cc,Kasun Pathirana,kasunp.log@lankalogix.com,+94 75 753 5810,user,active,Logistics,LankaLogix - Badulla
5334a4c2-3b6f-41b3-be6f-e8996d26752e,Kasun Ranasinghe,kasunr.log@lankalogix.com,+94 70 217 3186,user,active,Logistics,LankaLogix - Badulla
613bf044-7d90-4530-bd18-c89645622a2f,Kasun Vithanage,kasun.adm@lankalogix.com,+94 78 749 2537,admin,active,Admin,LankaLogix - Badulla
1ad7ccbc-6809-4f96-83f4-c7636a2a4728,Kasun Wickramasinghe,kasun.mech@lankalogix.com,+94 75 632 4722,user,active,Mechanical,LankaLogix - Colombo
f3c4e156-3bb0-4f09-af72-9bad7ceee5a0,Kasun Wickramasinghe,kasun.log@lankalogix.com,+94 78 699 9316,user,active,Logistics,LankaLogix - Colombo
22011f35-bb60-4d62-8952-2783ccc50725,Kasun Wijeratne,kasunw.log@lankalogix.com,+94 76 378 9951,user,active,Logistics,LankaLogix - Galle
72a373a0-ad86-4502-8878-53a235f8aace,Kaushalya Amarasinghe,kaushalyaa.log@lankalogix.com,+94 70 316 7860,user,active,Logistics,LankaLogix - Galle
d8c9b73b-baf2-4cfd-ba84-ecd851223b7d,Kaushalya Jayawardena,kaushalyaj.log@lankalogix.com,+94 72 403 4716,user,active,Logistics,LankaLogix - Colombo
64bf6e6f-689c-48c4-adbe-e8f44ba5f1cf,Kaushalya Nanayakkara,kaushalyan.log@lankalogix.com,+94 71 465 1662,user,active,Logistics,LankaLogix - Colombo
95fba0a1-64d2-47a8-894f-665a13869e9a,Kaushalya Senanayake,kaushalyas.log@lankalogix.com,+94 77 630 9026,user,active,Logistics,LankaLogix - Galle
c458d5ba-5730-4c05-94e6-f9801b71d659,Kaushalya Seneviratne,kaushalyas2.log@lankalogix.com,+94 70 473 6266,user,active,Logistics,LankaLogix - Galle
aba21d1b-36a1-4357-9262-19a52974219f,Kaushalya Vithanage,kaushalya.log@lankalogix.com,+94 76 618 7180,user,active,Logistics,LankaLogix - Colombo
294b7244-8922-4faa-8a66-ecf7f2d31ede,Kaushalya Wanigasekara,kaushalya.adm@lankalogix.com,+94 76 901 7905,admin,active,Admin,LankaLogix - Colombo
2b388115-612e-444c-ab32-5b14b3f54f80,Kavinda Amarasinghe,kavindaa.log@lankalogix.com,+94 76 321 1119,user,active,Logistics,LankaLogix - Colombo
c43b4443-f438-4b6f-93b9-7565a30bd3a2,Kavinda Edirisinghe,kavindae.log@lankalogix.com,+94 78 425 5624,user,active,Logistics,LankaLogix - Galle
f380741b-2fc9-444b-a36c-7139665bb142,Kavinda Gunasekara,kavindag.log@lankalogix.com,+94 77 227 4465,user,active,Logistics,LankaLogix - Colombo
90850f19-81e7-4b88-ba8f-72ef0e0578fa,Kavinda Ratnayake,kavinda.mech@lankalogix.com,+94 78 464 2721,user,active,Mechanical,LankaLogix - Galle
f3d1ade7-2879-431a-9353-2d23c663a92b,Kavinda Ratnayake,kavinda.log@lankalogix.com,+94 70 357 9992,user,active,Logistics,LankaLogix - Colombo
5fe1beeb-66c7-478f-99ab-265a7b8c5103,Kavitha Arumugam,kavithaa.log@lankalogix.com,+94 77 659 1359,user,active,Logistics,LankaLogix - Badulla
66057fa0-f77e-48b8-8e99-7c1d5242dbfa,Kavitha Sivanathan,kavithas.log@lankalogix.com,+94 77 179 2738,user,inactive,Logistics,LankaLogix - Colombo
30c46f60-6040-45fd-ac19-15ae34083ba9,Kavitha Vairamuthu,kavitha.log@lankalogix.com,+94 78 662 8469,user,active,Logistics,LankaLogix - Colombo
e0479e19-216c-419a-9125-3caa01d1cfe4,Kelum Amarasinghe,keluma.log@lankalogix.com,+94 74 122 4007,user,active,Logistics,LankaLogix - Badulla
6bbc560c-4bb0-4947-90b5-0a8b327e7af1,Kelum Bandara,kelumb.log@lankalogix.com,+94 71 709 9138,user,active,Logistics,LankaLogix - Galle
31961b8c-6806-452e-8960-6f52177e1384,Kelum Gunawardena,kelumg.log@lankalogix.com,+94 75 177 8482,user,active,Logistics,LankaLogix - Galle
ea8ebda8-49ec-4991-86d6-0141d53eef58,Kelum Herath,kelum.log@lankalogix.com,+94 71 269 5358,user,inactive,Logistics,LankaLogix - Colombo
36c08673-b38e-475d-bf2f-0079be837d54,Kelum Hettiarachchi,kelumh2.log@lankalogix.com,+94 77 295 3641,user,active,Logistics,LankaLogix - Galle
4ebcf1a4-3d8a-443a-97b6-14396043fa2b,Kelum Hettiarachchi,kelumh.log@lankalogix.com,+94 78 383 8356,user,active,Logistics,LankaLogix - Galle
f1ed49ec-e79c-46e4-82c1-3e63309056fd,Kelum Jayawardena,kelum.elec@lankalogix.com,+94 76 227 1383,user,active,Electrical,LankaLogix - Colombo
fb68758a-217d-46e9-8f91-c3ff46e98fad,Kelum Munasinghe,kelumm.log@lankalogix.com,+94 75 920 8942,user,active,Logistics,LankaLogix - Colombo
4004e7eb-3344-4419-9e8c-b6a39833a966,Kelum Ranasinghe,kelumr.elec@lankalogix.com,+94 72 385 3777,user,active,Electrical,LankaLogix - Colombo
b305a28f-a411-438d-afc9-d11992e49c01,Kelum Udawatta,kelumu2.log@lankalogix.com,+94 78 734 8308,user,active,Logistics,LankaLogix - Galle
fe5df7b9-d94c-4053-8fbf-ed528c0164c7,Kelum Udawatta,kelumu.log@lankalogix.com,+94 75 346 2043,user,active,Logistics,LankaLogix - Colombo
123fa3a1-b273-4e9e-a37c-38921b7796b3,Kelum Vithanage,kelumv.log@lankalogix.com,+94 71 587 7597,user,active,Logistics,LankaLogix - Galle
6f24359e-a712-4cba-be67-59f41b86ca41,Kelum Wijesinghe,kelumw.log@lankalogix.com,+94 75 963 5378,user,active,Logistics,LankaLogix - Galle
8cd77a0c-12e6-4ac6-b2a7-860b1650a81e,Kumaran Chandrasekaran,kumaran.log@lankalogix.com,+94 77 550 7436,user,active,Logistics,LankaLogix - Colombo
0f6631cf-d8f0-4684-a004-82722c441405,Kumaran Chandrasekaran,kumaranc.log@lankalogix.com,+94 76 292 8598,user,active,Logistics,LankaLogix - Galle
5d2e03ab-21e8-41bf-92dc-5546eea96282,Kumaran Selvarajah,kumarans.log@lankalogix.com,+94 72 647 7167,user,active,Logistics,LankaLogix - Badulla
66b4f764-8e90-4915-9c0a-f21f27ae4f4d,Kumaran Selvarajah,kumaran.adm@lankalogix.com,+94 75 305 8008,admin,active,Admin,LankaLogix - Colombo
60248d42-3f08-4468-9952-20d3fadcd859,Kumaran Thangarajah,kumarant2.log@lankalogix.com,+94 76 156 9326,user,active,Logistics,LankaLogix - Badulla
bfbab097-299c-4d06-84f0-2bc51cef5a84,Kumaran Thangarajah,kumarant.log@lankalogix.com,+94 74 302 4393,user,active,Logistics,LankaLogix - Badulla
58d58f6f-c7d9-4037-9d48-18e1877be077,Kumari Ekanayake,kumarie.log@lankalogix.com,+94 74 144 7859,user,active,Logistics,LankaLogix - Colombo
cae73f81-e1cd-4b32-98bc-7315b9900cc4,Kumari Illangakoon,kumarii.log@lankalogix.com,+94 74 194 1711,user,active,Logistics,LankaLogix - Colombo
8b7c02b0-46dd-47b2-8cd3-1d574c5c3e6a,Kumari Kumarasinghe,kumari.log@lankalogix.com,+94 74 715 7497,user,inactive,Logistics,LankaLogix - Colombo
70bf07bf-38ab-467c-8e62-966770517b9c,Kumari Weerasinghe,kumariw.log@lankalogix.com,+94 70 142 1494,user,active,Logistics,LankaLogix - Colombo
4b2c9a06-d234-4c13-b11c-f880af976191,Lahiru Abeywickrama,lahirua.log@lankalogix.com,+94 71 208 9173,user,active,Logistics,LankaLogix - Galle
e9baee08-416a-4875-a426-d88003f53bb3,Lahiru Fernando,lahiruf.log@lankalogix.com,+94 71 115 5570,user,active,Logistics,LankaLogix - Galle
fdbcc56a-e2f3-4c32-a12b-3dc71d3ba68b,Lahiru Galappaththi,lahirug.log@lankalogix.com,+94 78 700 2993,user,active,Logistics,LankaLogix - Colombo
772aca7d-b461-4fef-a7c6-4f8345059174,Lahiru Gunawardena,lahiru.mech@lankalogix.com,+94 75 106 4018,user,active,Mechanical,LankaLogix - Badulla
a34212a2-a1ac-47a0-bb0f-ac44d9407fb9,Lahiru Illangakoon,lahirui.log@lankalogix.com,+94 70 499 8422,user,active,Logistics,LankaLogix - Galle
00936255-6f6e-43c6-aaf4-24f69d6a10c4,Lahiru Jayasuriya,lahiruj.log@lankalogix.com,+94 77 495 4118,user,active,Logistics,LankaLogix - Badulla
597c6eba-286e-440e-922e-420efd907fcc,Lahiru Liyanage,lahirul.mech@lankalogix.com,+94 72 194 1312,user,active,Mechanical,LankaLogix - Galle
3ad6d85f-8eb2-429d-b6b0-9df328ae585b,Lahiru Liyanage,lahiru.elec@lankalogix.com,+94 76 955 9498,user,active,Electrical,LankaLogix - Galle
8ab9ee5c-ccf3-4154-975e-49649c7e64b1,Lahiru Nanayakkara,lahirun.log@lankalogix.com,+94 72 784 3468,user,active,Logistics,LankaLogix - Colombo
13634e4d-a8fe-47d0-a449-08d80fb48d14,Lahiru Peiris,lahiru.log@lankalogix.com,+94 70 119 3258,user,active,Logistics,LankaLogix - Colombo
ee5357e0-7ef0-49d6-aba4-c3a983e97bbd,Lahiru Vithanage,lahiruv.mech@lankalogix.com,+94 70 368 5048,user,active,Mechanical,LankaLogix - Badulla
e8bba02d-8b84-43d2-9edd-486341b577fa,Lakmali Alwis,lakmali.log@lankalogix.com,+94 75 186 5884,user,active,Logistics,LankaLogix - Colombo
fb800901-111d-45a2-8426-f5a8cea2dbbe,Lakmali Illangakoon,lakmalii.log@lankalogix.com,+94 70 829 8353,user,active,Logistics,LankaLogix - Badulla
f39f4c55-b6e3-4ade-8791-f08bd4926c10,Lakmali Kumarasinghe,lakmalik.log@lankalogix.com,+94 74 493 4828,user,active,Logistics,LankaLogix - Colombo
b64ffa50-0a8d-4d72-9814-57c08216e6b3,Lakmali Madushanka,lakmalim.log@lankalogix.com,+94 77 627 3605,user,active,Logistics,LankaLogix - Colombo
3a8a06de-92d4-4f46-9eee-923b07539d6c,Lakmali Pathirana,lakmali.mech@lankalogix.com,+94 78 771 5217,user,active,Mechanical,LankaLogix - Colombo
f8e16139-3fa8-4be2-9a68-cdd5555659dc,Lasantha Bandara,lasantha.log@lankalogix.com,+94 75 197 4405,user,active,Logistics,LankaLogix - Colombo
0661c773-90d6-4247-9f59-6009767ab963,Lasantha Edirisinghe,lasanthae2.log@lankalogix.com,+94 70 103 6010,user,active,Logistics,LankaLogix - Badulla
2ab72bf9-6e1e-4de2-9de6-563d411c74df,Lasantha Edirisinghe,lasanthae.log@lankalogix.com,+94 71 585 9871,user,active,Logistics,LankaLogix - Colombo
798e531d-f680-49d6-a64b-31842e75e6ae,Lasantha Galappaththi,lasanthag.log@lankalogix.com,+94 71 199 9422,user,active,Logistics,LankaLogix - Colombo
f7a9ba76-38fb-428b-af9e-81b24755c2be,Lasantha Herath,lasanthah.log@lankalogix.com,+94 74 863 7189,user,active,Logistics,LankaLogix - Galle
bc215710-21f6-4d29-8232-a879103befae,Lasantha Jayasuriya,lasanthaj.log@lankalogix.com,+94 71 186 8676,user,active,Logistics,LankaLogix - Galle
1e29b6e8-6626-4a4f-b11b-f1b90a96a930,Lasantha Nanayakkara,lasanthan.log@lankalogix.com,+94 74 664 1054,user,active,Logistics,LankaLogix - Galle
832b089f-ff95-441d-a9ca-716951d24f37,Lasantha Rathnayaka,lasanthar.mech@lankalogix.com,+94 72 856 1577,user,active,Mechanical,LankaLogix - Badulla
accf0286-4b23-46a3-851f-00be6bdd8e5f,Lasantha Rathnayaka,lasantha.mech@lankalogix.com,+94 75 999 4491,user,active,Mechanical,LankaLogix - Badulla
0ddd1aea-061c-4588-a9a1-b8f9f5383103,Lasantha Ratnayake,lasanthar.log@lankalogix.com,+94 72 146 2705,user,active,Logistics,LankaLogix - Galle
d4f423d0-e74e-4798-9af2-e03f0d95868b,Lasantha Senanayake,lasanthas.log@lankalogix.com,+94 77 222 8189,user,active,Logistics,LankaLogix - Badulla
2b62c6da-6e5b-43a7-a301-ddb17784d56b,Lasantha Vithanage,lasanthav.log@lankalogix.com,+94 78 125 6770,user,active,Logistics,LankaLogix - Galle
0b5febc2-058f-4b41-a29a-8d217193579a,Lasantha Wanigasekara,lasanthaw.log@lankalogix.com,+94 78 908 6068,user,active,Logistics,LankaLogix - Colombo
45ccc8f2-663e-481a-9475-09c1d6c70028,Madushika Abeywickrama,madushika.log@lankalogix.com,+94 78 301 6476,user,suspended,Logistics,LankaLogix - Colombo
80cda4e5-d297-4af5-9eba-2053c5ba854b,Madushika Abeywickrama,madushikaa.log@lankalogix.com,+94 72 939 6891,user,active,Logistics,LankaLogix - Galle
5f6ac30b-8a71-4e6d-8078-c6407dd60fbf,Madushika Liyanage,madushikal.log@lankalogix.com,+94 78 855 8003,user,active,Logistics,LankaLogix - Badulla
a5403456-9417-4129-8376-a0508664c003,Madushika Pathirana,madushika.mech@lankalogix.com,+94 78 922 3346,user,active,Mechanical,LankaLogix - Colombo
7a88ba0d-5d1e-4ede-ac54-483028c32e7b,Madushika Udawatta,madushikau.log@lankalogix.com,+94 74 142 1958,user,active,Logistics,LankaLogix - Colombo
5ad1e726-cd90-4d90-9217-c5fd5278615c,Madushika Weerasinghe,madushikaw2.log@lankalogix.com,+94 76 321 5545,user,active,Logistics,LankaLogix - Badulla
bd4ba9c7-f49f-4f7c-b0a8-1bfa1e443613,Madushika Wickramasinghe,madushikaw.log@lankalogix.com,+94 71 499 4747,user,inactive,Logistics,LankaLogix - Colombo
f1d207e5-f29b-41c1-aaaf-ec1b01b8c264,Maheshi Ekanayake,maheshie.log@lankalogix.com,+94 72 876 5800,user,active,Logistics,LankaLogix - Galle
4212a9e1-e03c-4ea2-9d8c-c180b703b99a,Maheshi Fernando,maheshi.mech@lankalogix.com,+94 71 431 1060,user,active,Mechanical,LankaLogix - Galle
62264014-d6f9-48d1-8ed3-1e67fce3aa18,Maheshi Pathirana,maheship2.log@lankalogix.com,+94 71 681 3364,user,active,Logistics,LankaLogix - Colombo
bec780bb-a3c0-4ba2-b593-563d95c479d3,Maheshi Peiris,maheship.log@lankalogix.com,+94 71 240 9446,user,active,Logistics,LankaLogix - Colombo
42b280ac-836f-403d-b991-b016eac74429,Maheshi Rajapaksa,maheshi.log@lankalogix.com,+94 75 481 1462,user,active,Logistics,LankaLogix - Colombo
6a8d56ce-2168-4b33-819a-93aeaa9b99dc,Maheshi Ranasinghe,maheshir.log@lankalogix.com,+94 71 255 8712,user,active,Logistics,LankaLogix - Galle
36971014-0d48-449f-81a0-89aa3a24c59a,Maheshi Samarasinghe,maheshis2.log@lankalogix.com,+94 70 423 1250,user,active,Logistics,LankaLogix - Galle
a721c41d-d9bd-4a5d-aebb-71f663597b20,Maheshi Silva,maheshis.log@lankalogix.com,+94 71 401 9205,user,active,Logistics,LankaLogix - Colombo
c06bb987-5cbb-4b31-ad34-e260d4529ba7,Maheshi Tennakoon,maheshit.log@lankalogix.com,+94 77 346 9370,user,active,Logistics,LankaLogix - Colombo
ce36f25c-50db-49db-ad76-3b799e4fcd15,Maheshi Weerasinghe,maheshiw2.log@lankalogix.com,+94 77 583 5616,user,active,Logistics,LankaLogix - Galle
55edc01a-8a5f-4b83-b49e-cb746b8e6bcf,Maheshi Wijeratne,maheshiw.log@lankalogix.com,+94 74 729 3541,user,active,Logistics,LankaLogix - Colombo
701951e4-b6c8-419b-bf08-9be47ceccf9b,Malathi Balasubramaniam,malathi.log@lankalogix.com,+94 74 997 6961,user,active,Logistics,LankaLogix - Colombo
1ab4d886-1d49-4471-a2c4-035fdc716b80,Malathi Sivanathan,malathis.log@lankalogix.com,+94 71 872 8877,user,active,Logistics,LankaLogix - Galle
60faca1b-b122-410e-8079-3b4bd129e191,Malinda Bandara,malindab.log@lankalogix.com,+94 77 498 9287,user,active,Logistics,LankaLogix - Colombo
1104d968-5037-4023-88d2-b1bb835afe68,Malinda Edirisinghe,malinda.elec@lankalogix.com,+94 76 743 6291,user,active,Electrical,LankaLogix - Galle
06252a18-5cd2-40e4-9b1a-6a7e5d04b393,Malinda Gunawardena,malindag.log@lankalogix.com,+94 72 431 9632,user,active,Logistics,LankaLogix - Colombo
50783aa8-fa22-4e86-8f1d-ed03e72e0edd,Malinda Karunaratne,malindak.log@lankalogix.com,+94 76 497 9394,user,active,Logistics,LankaLogix - Badulla
93f0c347-46c9-419a-af5e-ce9e2648b755,Malinda Mendis,malindam.log@lankalogix.com,+94 77 984 6269,user,active,Logistics,LankaLogix - Colombo
bda677d3-7700-431f-a3d6-861b92a3bace,Malinda Nanayakkara,malindan.log@lankalogix.com,+94 75 823 9513,user,active,Logistics,LankaLogix - Galle
ded95339-a354-4096-aff7-5819a01aff0a,Malinda Perera,malindap.log@lankalogix.com,+94 76 462 7378,user,active,Logistics,LankaLogix - Colombo
5d43b353-f619-4792-b4f1-617a66b1975e,Malinda Perera,malindap2.log@lankalogix.com,+94 72 860 7158,user,active,Logistics,LankaLogix - Colombo
64eea3cd-759d-411b-b233-253c5b99f030,Malinda Rajapaksa,malindar.log@lankalogix.com,+94 71 820 3768,user,active,Logistics,LankaLogix - Badulla
68859bd6-b2bb-408c-a81a-afb598bf0b74,Malinda Seneviratne,malindas.log@lankalogix.com,+94 78 996 8442,user,active,Logistics,LankaLogix - Colombo
58e0105a-a433-440e-b5ce-fa630092e541,Malinda Silva,malinda.log@lankalogix.com,+94 75 908 3663,user,active,Logistics,LankaLogix - Colombo
374f53b7-0887-4a96-8b7e-6555d250872a,Malinda Tennakoon,malindat.log@lankalogix.com,+94 77 439 3487,user,active,Logistics,LankaLogix - Galle
de2330df-c8a4-4a6c-909a-22902f65ea33,Malinda Weerasinghe,malindaw.log@lankalogix.com,+94 74 365 8653,user,active,Logistics,LankaLogix - Colombo
98c6155b-9b02-4dee-b622-1a0657165fd2,Manoharan Arumugam,manoharana.log@lankalogix.com,+94 74 939 2360,user,active,Logistics,LankaLogix - Galle
f5e91b7d-09e8-45a0-921d-cfc6fd0e2916,Manoharan Krishnapillai,manoharan.log@lankalogix.com,+94 72 714 8934,user,active,Logistics,LankaLogix - Colombo
aae4b5c2-8efb-42b7-88a7-a8fe7a86e7c7,Manoharan Krishnapillai,manoharank.log@lankalogix.com,+94 75 885 1292,user,active,Logistics,LankaLogix - Colombo
59d6aa79-2377-4337-9638-88a668cb9c4b,Manoharan Muthukumar,manoharanm.log@lankalogix.com,+94 71 580 3047,user,active,Logistics,LankaLogix - Badulla
43420c9a-b3f9-494e-ab87-55ba4cca6846,Manoharan Muthukumar,manoharanm2.log@lankalogix.com,+94 77 361 8680,user,active,Logistics,LankaLogix - Galle
b39348d1-7405-4464-8957-067b571cbe59,Manoharan Ratnasingham,manoharanr.log@lankalogix.com,+94 76 320 6262,user,active,Logistics,LankaLogix - Colombo
ce3a6f56-693b-4df4-b602-ed2623c68aad,Manoharan Sivanathan,manoharans.log@lankalogix.com,+94 77 596 4236,user,active,Logistics,LankaLogix - Colombo
08909f81-89eb-49b8-ada7-36ab7c0f67f5,Manoharan Thangarajah,manoharant.log@lankalogix.com,+94 76 867 6878,user,active,Logistics,LankaLogix - Galle
11ccb7fb-51b9-40e8-bdd2-b07207b8e0a7,Manoharan Thangarajah,manoharan.adm@lankalogix.com,+94 72 162 9964,admin,active,Admin,LankaLogix - Galle
7acf0615-3bc3-4f0f-8b12-11c03498a888,Manoj Alwis,manoja.log@lankalogix.com,+94 78 592 7110,user,active,Logistics,LankaLogix - Galle
f84c945b-9cf0-4da2-b016-540bd11e036f,Manoj Jayasuriya,manojj.log@lankalogix.com,+94 74 715 1280,user,active,Logistics,LankaLogix - Badulla
ece2a321-bc6d-4cdf-9d3a-f642ed83ae68,Manoj Kodikara,manoj.mech@lankalogix.com,+94 74 929 1833,user,active,Mechanical,LankaLogix - Colombo
05b3337f-c7c9-4421-9caf-775f4f608439,Manoj Peiris,manojp.log@lankalogix.com,+94 71 432 7118,user,active,Logistics,LankaLogix - Colombo
41756767-ddb5-4d7d-b2e5-bc467eca5985,Manoj Ranasinghe,manojr.log@lankalogix.com,+94 78 724 9511,user,active,Logistics,LankaLogix - Badulla
5f08f1f3-8428-4abc-abed-a7a219c80cb9,Manoj Wanigasekara,manoj.log@lankalogix.com,+94 72 527 5640,user,active,Logistics,LankaLogix - Colombo
2ab7dd10-22eb-4e3b-98d0-cd8a2d4391a8,Meenakshi Balasubramaniam,meenakshi.log@lankalogix.com,+94 72 808 7625,user,active,Logistics,LankaLogix - Colombo
937836a7-8559-4e05-b21a-4a1841beb635,Meenakshi Krishnapillai,meenakshik.log@lankalogix.com,+94 78 946 9646,user,active,Logistics,LankaLogix - Colombo
a39b379b-a449-4f92-b7e7-68a0e371ece2,Meenakshi Nadarajah,meenakshin.log@lankalogix.com,+94 78 791 2588,user,active,Logistics,LankaLogix - Colombo
785a349f-b3ca-4199-beb9-4e50013f54c8,Meenakshi Nadarajah,meenakshi.elec@lankalogix.com,+94 75 890 9370,user,active,Electrical,LankaLogix - Galle
389d9ee3-9a0e-4d55-9770-b461e7a536f0,Meenakshi Ratnasingham,meenakshi.sft@lankalogix.com,+94 77 446 5655,user,active,Software,LankaLogix - Badulla
65403423-49cb-46e5-8f5f-eb8802feb133,Meenakshi Thangarajah,meenakshi.mech@lankalogix.com,+94 78 587 4285,user,active,Mechanical,LankaLogix - Colombo
e47734b8-dd9f-4e7a-b593-5e4da61900f4,Menaka Fernando,menakaf.log@lankalogix.com,+94 74 759 4421,user,active,Logistics,LankaLogix - Badulla
d8054855-141d-41de-b91c-4fd89942c56e,Menaka Gunasekara,menakag.log@lankalogix.com,+94 77 780 2251,user,active,Logistics,LankaLogix - Colombo
2b2dd463-c79c-4e5e-9b4c-4bf76d30b8fa,Menaka Karunaratne,menakak.log@lankalogix.com,+94 75 395 6355,user,active,Logistics,LankaLogix - Badulla
84ed798e-b511-4f4a-aa3a-e26029fdaf93,Menaka Mendis,menaka.sft@lankalogix.com,+94 74 101 7331,user,active,Software,LankaLogix - Colombo
8ab44335-30b9-42d8-a1c3-82e009ea7876,Menaka Rajapaksa,menaka.adm@lankalogix.com,+94 78 602 7853,admin,active,Admin,LankaLogix - Colombo
86c9b7b9-8d69-42b7-be6e-b98d2f5e6e09,Menaka Rathnayaka,menaka.log@lankalogix.com,+94 71 394 9372,user,active,Logistics,LankaLogix - Colombo
5f7a300c-540e-4500-a889-d95a77d799dc,Menaka Seneviratne,menakas.log@lankalogix.com,+94 70 288 3803,user,active,Logistics,LankaLogix - Badulla
3df5d037-e853-43ba-8818-4d3a6644377a,Milinda Alwis,milindaa.log@lankalogix.com,+94 72 626 5618,user,active,Logistics,LankaLogix - Galle
3ba77be5-ccc5-4543-b759-2bf3d0233b4d,Milinda Chandrasiri,milinda.log@lankalogix.com,+94 76 263 1325,user,active,Logistics,LankaLogix - Colombo
190182a8-16ad-4409-a912-e59276021f4c,Milinda Galappaththi,milinda.mech@lankalogix.com,+94 77 606 3254,user,active,Mechanical,LankaLogix - Badulla
11d49ef0-98e1-49a9-a095-7ad9ebcc59a1,Milinda Jayawardena,milindaj.log@lankalogix.com,+94 71 372 7367,user,active,Logistics,LankaLogix - Badulla
ce97eae8-36da-4b55-9866-1818be74fe8c,Milinda Karunaratne,milindak2.log@lankalogix.com,+94 71 942 5108,user,active,Logistics,LankaLogix - Galle
97441bfa-1406-4e41-844f-864afde39913,Milinda Kodikara,milindak.log@lankalogix.com,+94 76 457 3002,user,active,Logistics,LankaLogix - Colombo
46b65206-6f2c-4777-b6a0-ed9d0d81dc19,Milinda Mendis,milinda.elec@lankalogix.com,+94 71 569 4076,user,active,Electrical,LankaLogix - Colombo
c9e26361-f745-464e-a7ab-f05b26f3a921,Milinda Rajapaksa,milindar.log@lankalogix.com,+94 71 660 3863,user,active,Logistics,LankaLogix - Colombo
770cafcb-eea4-4443-83cb-293884409c90,Milinda Ratnayake,milindar2.log@lankalogix.com,+94 74 709 8282,user,active,Logistics,LankaLogix - Colombo
6503e3a8-1b00-43f2-8b55-c07a05ed252a,Milinda Silva,milindas.mech@lankalogix.com,+94 75 962 7013,user,active,Mechanical,LankaLogix - Galle
c40a9897-7182-4676-8f9b-339ec86e3462,Milinda Thilakaratne,milinda.adm@lankalogix.com,+94 70 837 8139,admin,active,Admin,LankaLogix - Badulla
cd077c24-ded4-4f10-9145-7381355aa6b2,Milinda Wanigasekara,milindaw.log@lankalogix.com,+94 70 740 3252,user,active,Logistics,LankaLogix - Colombo
1ff0badc-a296-4e59-88b7-0899c91f4382,Mohamed Cassim,mohamedc.log@lankalogix.com,+94 71 718 7896,user,active,Logistics,LankaLogix - Badulla
5284761e-4d1d-4e36-97eb-848604be7358,Mohamed Farook,mohamed.elec@lankalogix.com,+94 71 326 2996,user,active,Electrical,LankaLogix - Colombo
e1121c2f-4b9c-484f-ab26-d06bba047a3e,Mohamed Hameed,mohamedh.log@lankalogix.com,+94 75 353 4616,user,active,Logistics,LankaLogix - Colombo
b015ed00-cd8b-4041-89b9-9e79ccc5d00b,Mohamed Haniffa,mohamed.log@lankalogix.com,+94 71 196 1940,user,active,Logistics,LankaLogix - Colombo
bdb1901c-364e-4a90-928a-7b8df1650e5b,Mohamed Haniffa,mohamedh2.log@lankalogix.com,+94 75 147 6326,user,active,Logistics,LankaLogix - Galle
45185d88-ee1c-43ef-a73d-9a8382087224,Mohamed Marikkar,mohamedm.log@lankalogix.com,+94 77 105 4516,user,active,Logistics,LankaLogix - Colombo
6f38ede2-5d78-4b49-bce8-4e6a3d0f3027,Mohamed Marikkar,mohamedm2.log@lankalogix.com,+94 78 714 7375,user,active,Logistics,LankaLogix - Badulla
97205036-9a59-4b46-aa8e-9307852f2736,Mohamed Zubair,mohamedz.log@lankalogix.com,+94 71 982 1970,user,active,Logistics,LankaLogix - Badulla
5e08f9f1-1943-48a3-a0a5-ba6fb8609095,Mohan Nadarajah,mohann.log@lankalogix.com,+94 77 395 2259,user,active,Logistics,LankaLogix - Colombo
2880fc15-f0ee-4986-8ce3-c88c53681281,Mohan Ponnambalam,mohanp.log@lankalogix.com,+94 70 187 3342,user,active,Logistics,LankaLogix - Badulla
925555c1-666a-4862-9f3c-092223617943,Mohan Selvarajah,mohan.log@lankalogix.com,+94 77 435 6121,user,suspended,Logistics,LankaLogix - Colombo
81465f78-fd22-40f9-bb43-c73ede62087e,Murali Arumugam,muralia3.log@lankalogix.com,+94 76 625 9822,user,active,Logistics,LankaLogix - Badulla
a20d3b81-5e20-4394-b347-dc5a94fecbbc,Murali Arumugam,muralia2.log@lankalogix.com,+94 75 754 7639,user,active,Logistics,LankaLogix - Badulla
eba9aacb-62c6-4777-bee9-ea984880462e,Murali Arumugam,muralia.log@lankalogix.com,+94 71 653 4605,user,active,Logistics,LankaLogix - Colombo
c8473b51-1136-4dbb-8891-5786a41fb190,Murali Arumugam,muralia4.log@lankalogix.com,+94 76 143 6004,user,active,Logistics,LankaLogix - Badulla
cd3fd2fa-00e7-4567-8457-01ddb880b719,Murali Arumugam,murali.log@lankalogix.com,+94 75 493 1046,user,active,Logistics,LankaLogix - Colombo
e393f157-3860-4ebd-b9f4-400e8f8d33fd,Murali Balasubramaniam,muralib.log@lankalogix.com,+94 74 504 8732,user,active,Logistics,LankaLogix - Badulla
d4ab1734-15c1-4d19-a3f3-9db75f910cd8,Murali Chandrasekaran,murali.mech@lankalogix.com,+94 77 220 9182,user,active,Mechanical,LankaLogix - Colombo
8f92bdec-59f7-49b0-8fa2-c9e05b14747f,Murali Kandasamy,muralik.log@lankalogix.com,+94 70 956 3851,user,active,Logistics,LankaLogix - Badulla
258cec76-5677-463e-88d0-84f8488b8d19,Murali Sivanathan,muralis.mech@lankalogix.com,+94 70 275 8956,user,active,Mechanical,LankaLogix - Galle
75d2e9af-111a-49d2-a07a-f640a6a6ce92,Nadeesha Gunawardena,nadeesha.log@lankalogix.com,+94 74 635 8797,user,active,Logistics,LankaLogix - Colombo
1ef075d1-9960-4ddc-ac3b-0c9bba6ad5ef,Nadeesha Jayawardena,nadeeshaj.log@lankalogix.com,+94 74 772 1755,user,active,Logistics,LankaLogix - Badulla
0405c062-3887-46d9-855d-e641a5044cb2,Nadeesha Thilakaratne,nadeeshat.log@lankalogix.com,+94 78 546 5860,user,active,Logistics,LankaLogix - Galle
84c3ff19-7e76-46f2-b1e1-12e66cf54e98,Nadeesha Wijeratne,nadeeshaw.log@lankalogix.com,+94 75 838 1149,user,active,Logistics,LankaLogix - Galle
69740143-f533-4866-a394-3d1ba98f20a7,Nadhira Rahman,nadhira.mech@lankalogix.com,+94 77 259 3496,user,active,Mechanical,LankaLogix - Colombo
2c2d43d4-1eac-4011-8261-c8af7f6aa2a6,Nalin Madushanka,nalin.log@lankalogix.com,+94 78 188 1797,user,active,Logistics,LankaLogix - Colombo
06664a12-e906-4dce-8442-a47e9ced1cce,Nalin Madushanka,nalinm.log@lankalogix.com,+94 75 283 4229,user,active,Logistics,LankaLogix - Colombo
672d2211-01c0-4d57-9cc6-820a42f9f6ba,Nalin Nanayakkara,nalinn.log@lankalogix.com,+94 76 750 6440,user,active,Logistics,LankaLogix - Badulla
2708d4f5-3ad6-4440-8965-792bc8ba02ec,Nalin Pathirana,nalinp.log@lankalogix.com,+94 74 879 2268,user,active,Logistics,LankaLogix - Colombo
33d8f56e-cfd5-4901-b8ba-15ca2ca33f1d,Nalin Rajapaksa,nalinr.log@lankalogix.com,+94 75 947 9427,user,active,Logistics,LankaLogix - Colombo
5fb3eb3d-494b-490b-b3c3-764572f86e8f,Nalin Silva,nalins.log@lankalogix.com,+94 72 503 3613,user,active,Logistics,LankaLogix - Badulla
b6fe1c4e-8bcc-41cb-851c-08a32b18140c,Nalin Wickramasinghe,nalinw.log@lankalogix.com,+94 74 697 3572,user,active,Logistics,LankaLogix - Colombo
fada15fe-d4d9-4730-9445-2a973cfc2d76,Nasreen Nawaz,nasreen.log@lankalogix.com,+94 74 714 1554,user,active,Logistics,LankaLogix - Colombo
ff7c83e7-5c79-453d-ba13-4194d70d1e17,Naveen Ekanayake,naveene.mech@lankalogix.com,+94 78 931 2996,user,active,Mechanical,LankaLogix - Colombo
fc975356-d5cc-4bdc-ab35-2dc5c648c8f2,Naveen Gunasekara,naveen.adm@lankalogix.com,+94 70 125 8903,admin,active,Admin,LankaLogix - Colombo
6ae8d7b8-8631-4dc1-aaed-6838a1b9ba2b,Naveen Gunawardena,naveen.log@lankalogix.com,+94 76 189 4953,user,active,Logistics,LankaLogix - Badulla
250027e3-dc1e-4890-a8ae-568338678d1d,Naveen Gunawardena,naveeng.log@lankalogix.com,+94 75 864 1820,user,active,Logistics,LankaLogix - Galle
72f92835-710e-4690-9f9f-124e255a665a,Naveen Seneviratne,naveens.log@lankalogix.com,+94 74 834 2497,user,active,Logistics,LankaLogix - Galle
97b90211-1b71-4112-a5c5-454a8b55cf5f,Naveen Silva,naveens2.log@lankalogix.com,+94 70 466 3490,user,active,Logistics,LankaLogix - Galle
4ae8296a-3b50-472a-b1f1-39139904f4fb,Naveen Tennakoon,naveen.mech@lankalogix.com,+94 71 215 8151,user,suspended,Mechanical,LankaLogix - Colombo
8868cff2-c4fe-47a5-bd8d-3e7175d11472,Nayomi Bandara,nayomib.log@lankalogix.com,+94 70 612 2655,user,active,Logistics,LankaLogix - Badulla
b737044f-e300-48b8-8023-aa3efab6953e,Nayomi Edirisinghe,nayomi.log@lankalogix.com,+94 76 190 4945,user,active,Logistics,LankaLogix - Colombo
55c4def3-5934-4fbb-b3a9-0742643e089b,Nayomi Senanayake,nayomis.log@lankalogix.com,+94 74 722 9307,user,active,Logistics,LankaLogix - Badulla
26786492-bebd-4e3a-8719-4c486f70d604,Nazeer Farook,nazeer.mech@lankalogix.com,+94 72 360 5274,user,active,Mechanical,LankaLogix - Colombo
e99de6d2-f02b-433d-81b3-796785680957,Nazeer Farook,nazeerf.mech@lankalogix.com,+94 75 544 3130,user,active,Mechanical,LankaLogix - Galle
b90af50e-7685-4a4a-b293-504b182c08f7,Nazeer Haniffa,nazeerh.log@lankalogix.com,+94 72 358 3812,user,active,Logistics,LankaLogix - Badulla
ef9f8027-7ba1-4914-a6a9-5fdd49fe586a,Nazeer Ismail,nazeeri.log@lankalogix.com,+94 70 354 8099,user,active,Logistics,LankaLogix - Colombo
5a0cabae-9493-46b8-89cf-eac79fc792ad,Nazeer Jiffry,nazeerj3.log@lankalogix.com,+94 71 212 6140,user,active,Logistics,LankaLogix - Colombo
69c18b9a-2c07-45e1-953a-e4a54270089c,Nazeer Jiffry,nazeerj2.log@lankalogix.com,+94 74 906 9803,user,active,Logistics,LankaLogix - Colombo
a0536940-0682-4198-bae6-6db251d72de4,Nazeer Jiffry,nazeerj.log@lankalogix.com,+94 72 372 1028,user,active,Logistics,LankaLogix - Colombo
fb4b388a-1521-4b22-9726-1bb9e5b08c5b,Nazeer Nawaz,nazeern2.log@lankalogix.com,+94 74 174 5999,user,active,Logistics,LankaLogix - Galle
9f5f84e3-bce1-4c93-b37b-5c218d7ca28b,Nazeer Nawaz,nazeern.log@lankalogix.com,+94 76 676 6295,user,active,Logistics,LankaLogix - Colombo
3ba6cca9-17eb-4e69-a06b-b543ba220a87,Nazeer Nawaz,nazeern3.log@lankalogix.com,+94 75 157 2242,user,active,Logistics,LankaLogix - Galle
ff0168ca-0d18-4fb7-af5a-b431fbcab727,Nazeer Saleem,nazeers.log@lankalogix.com,+94 71 724 3727,user,active,Logistics,LankaLogix - Galle
aedad933-6f7e-4d2e-b6df-191c9e459887,Nazeer Wahab,nazeer.adm@lankalogix.com,+94 78 394 7811,admin,active,Admin,LankaLogix - Colombo
e98a7d51-d860-4c09-a624-751120112f62,Nazeer Zubair,nazeerz.log@lankalogix.com,+94 74 425 8655,user,active,Logistics,LankaLogix - Galle
c9a54ed1-18d6-44d1-a207-37620fd4bfd7,Nazeer Zubair,nazeer.log@lankalogix.com,+94 72 304 1272,user,active,Logistics,LankaLogix - Colombo
9f06cc9a-b7c3-4251-821a-1cd09e60ef22,Nethmi Abeywickrama,nethmi.log@lankalogix.com,+94 72 567 8242,user,active,Logistics,LankaLogix - Colombo
35435063-92fc-49ec-8f3f-19b3b315f062,Nethmi Alwis,nethmia.log@lankalogix.com,+94 72 209 6590,user,active,Logistics,LankaLogix - Badulla
e1c1397c-6345-47ab-948e-0f3e68d615b7,Nethmi Bandara,nethmib.mech@lankalogix.com,+94 72 701 1828,user,active,Mechanical,LankaLogix - Galle
1823ac1f-270d-49f9-abec-45242da05699,Nethmi Jayawardena,nethmij.log@lankalogix.com,+94 72 425 4818,user,active,Logistics,LankaLogix - Galle
802b1d2e-50c9-4825-a3ef-2b31b40f3569,Nethmi Silva,nethmi.mech@lankalogix.com,+94 77 660 8530,user,active,Mechanical,LankaLogix - Colombo
717df25a-4132-486d-93da-45e9d5b2c308,Nethmi Udawatta,nethmiu.log@lankalogix.com,+94 70 877 3090,user,active,Logistics,LankaLogix - Badulla
0b6270c0-b742-49b6-8bde-c2a263ef6fee,NeuroMinds PredictiX,neuromindspredictix@gmail.com,+94 72 563 8529,super_admin,active,,
d3f403d0-2ef9-4993-9d49-1259a3d2e0ba,Nilanthi Chandrasiri,nilanthi.log@lankalogix.com,+94 77 500 1117,user,active,Logistics,LankaLogix - Colombo
883042af-3535-4f55-aa78-981f83cb576a,Nilanthi Hettiarachchi,nilanthih.log@lankalogix.com,+94 72 862 5964,user,active,Logistics,LankaLogix - Colombo
1e6b1233-94a4-4f67-9f4e-be45652c148d,Nilanthi Liyanage,nilanthil.log@lankalogix.com,+94 70 520 6268,user,active,Logistics,LankaLogix - Galle
184939aa-cc6e-4911-8fcd-a5c4bedeefa2,Nilanthi Pathirana,nilanthip.log@lankalogix.com,+94 77 483 8642,user,active,Logistics,LankaLogix - Colombo
77ba0344-1a97-46df-8b96-16b02fbf7aae,Nilanthi Peiris,nilanthip2.log@lankalogix.com,+94 70 347 1020,user,active,Logistics,LankaLogix - Badulla
24b5932e-88db-41e4-91d9-969e04d67984,Nimal Chandrasiri,nimalc.log@lankalogix.com,+94 71 909 8546,user,active,Logistics,LankaLogix - Galle
bd86d8c8-b6d7-4ce2-8f51-060db3668bdd,Nimal Dissanayake,nimal.log@lankalogix.com,+94 76 826 5547,user,active,Logistics,LankaLogix - Colombo
b532922b-d266-423a-8b64-6756f96af531,Nimal Ekanayake,nimale.log@lankalogix.com,+94 75 859 7887,user,active,Logistics,LankaLogix - Colombo
ae54eb0a-cd4b-4c62-86b2-8ed1974fbcec,Nimal Gunawardena,nimal.adm@lankalogix.com,+94 70 772 8748,admin,active,Admin,LankaLogix - Galle
6c4cf384-9ab6-4f43-8812-d549c1764862,Nimal Gunawardena,nimalg.log@lankalogix.com,+94 74 708 2231,user,active,Logistics,LankaLogix - Badulla
e605199f-2c85-4b2b-9253-c4f54c926958,Nimal Hettiarachchi,nimalh.log@lankalogix.com,+94 76 163 5653,user,active,Logistics,LankaLogix - Colombo
77c677a3-c716-4429-93c7-debdff3da462,Nimal Kodikara,nimalk2.log@lankalogix.com,+94 77 637 2903,user,active,Logistics,LankaLogix - Badulla
a1fd5c15-f4c2-416a-b42d-dc0980be48b4,Nimal Kumarasinghe,nimalk.log@lankalogix.com,+94 75 475 3890,user,active,Logistics,LankaLogix - Colombo
43cbfc4a-22f4-4775-9c50-080f570d3101,Nimal Mendis,nimalm.log@lankalogix.com,+94 75 698 3403,user,active,Logistics,LankaLogix - Colombo
8de2d321-f715-4ebc-b37a-b90f4bef957a,Nimal Perera,nimal.elec@lankalogix.com,+94 75 420 8857,user,active,Electrical,LankaLogix - Galle
081a9d77-5a33-48dd-af46-504fc0bbd34a,Nimal Weerasinghe,nimalw.log@lankalogix.com,+94 75 368 1304,user,active,Logistics,LankaLogix - Badulla
592d2d77-a4d9-4bf7-b60c-a371e5186c20,Nimasha Ekanayake,nimasha.log@lankalogix.com,+94 74 867 8649,user,active,Logistics,LankaLogix - Colombo
9bc0ebab-c628-4af5-b5cc-f9a69e14ee0c,Nimasha Gunasekara,nimasha.sft@lankalogix.com,+94 71 860 9249,user,active,Software,LankaLogix - Colombo
a53e8145-78e8-49bf-8bf6-d2a4f5d6e5d4,Nimasha Kumarasinghe,nimashak.log@lankalogix.com,+94 72 384 8061,user,active,Logistics,LankaLogix - Galle
7b15e034-e9b1-4474-82ae-7a58157ca076,Nimasha Madushanka,nimasham.log@lankalogix.com,+94 70 490 8202,user,active,Logistics,LankaLogix - Colombo
a35a581c-c6f8-4b17-b739-389a4b7a6d54,Nimasha Munasinghe,nimasham2.log@lankalogix.com,+94 75 597 1679,user,active,Logistics,LankaLogix - Colombo
b9cfa855-4f59-48ac-9213-9dcecb9245e8,Nirmal Krishnapillai,nirmal.log@lankalogix.com,+94 72 833 1881,user,active,Logistics,LankaLogix - Colombo
242e349c-5343-4ab9-b488-62509742f4c7,Nirmal Selvarajah,nirmal.mech@lankalogix.com,+94 72 573 5580,user,active,Mechanical,LankaLogix - Galle
dff1d306-f643-4c9e-abb3-5409e072abc4,Nirmal Vairamuthu,nirmal.adm@lankalogix.com,+94 78 834 9508,admin,active,Admin,LankaLogix - Colombo
bcdfa155-6afd-44b6-9cfe-85d596dfb687,Nirmala Chandrasekaran,nirmala.adm@lankalogix.com,+94 76 349 3203,admin,active,Admin,LankaLogix - Galle
50c8f603-eb5f-4a7a-9605-6fc7fc41194a,Nirmala Thangarajah,nirmala.log@lankalogix.com,+94 72 733 7245,user,active,Logistics,LankaLogix - Galle
139a4cfb-94cd-4f1e-85c0-ad0e0259693d,Niroshi Bandara,niroshi.log@lankalogix.com,+94 78 763 9514,user,active,Logistics,LankaLogix - Colombo
2a60d4f6-6137-4b68-9b84-6d71514ec695,Niroshi Herath,niroshih.log@lankalogix.com,+94 72 833 7294,user,active,Logistics,LankaLogix - Galle
6460d438-9ae3-4a00-97a6-bde550b8ea43,Niroshi Perera,niroship.log@lankalogix.com,+94 71 972 3898,user,active,Logistics,LankaLogix - Badulla
0661a2e7-11df-4c5f-9bf0-1750efed60a9,Niroshi Tennakoon,niroshit.log@lankalogix.com,+94 71 216 3467,user,active,Logistics,LankaLogix - Galle
525885b4-8242-4b0e-9389-e73ab4da0883,Niroshi Udawatta,niroshiu.log@lankalogix.com,+94 77 714 6766,user,active,Logistics,LankaLogix - Badulla
69aa3a25-0ab6-4fd1-921e-5ebdacfd6c8f,Niroshi Wickramasinghe,niroshi.adm@lankalogix.com,+94 70 700 3681,user,active,Admin,LankaLogix - Badulla
df366867-a42a-4b7d-96fe-88bfd133c829,Nishantha Abeywickrama,nishantha.log@lankalogix.com,+94 75 439 1252,user,active,Logistics,LankaLogix - Colombo
42754b10-735f-41e7-bdf0-c4ec00356988,Nishantha Amarasinghe,nishanthaa.log@lankalogix.com,+94 70 775 3390,user,active,Logistics,LankaLogix - Galle
096dc1af-c1ef-4984-a2a2-63d0838a2216,Nishantha Galappaththi,nishanthag.log@lankalogix.com,+94 70 914 5613,user,active,Logistics,LankaLogix - Galle
0055d1b9-390b-4ea8-8cb6-127ee3051d0e,Nishantha Liyanage,nishanthal.log@lankalogix.com,+94 76 415 4842,user,active,Logistics,LankaLogix - Colombo
349e690e-52a1-4c2a-b549-9453d0c5b790,Nishantha Opatha,nishanthao.log@lankalogix.com,+94 70 562 8778,user,active,Logistics,LankaLogix - Colombo
4cd34b1d-ed59-4dfe-8edd-707c4d2afb95,Nishantha Rajapaksa,nishanthar2.log@lankalogix.com,+94 75 572 3400,user,active,Logistics,LankaLogix - Galle
76a40884-9d13-4257-a21e-646767bfd8bb,Nishantha Ratnayake,nishanthar.log@lankalogix.com,+94 72 588 4715,user,active,Logistics,LankaLogix - Badulla
95216ddb-1bf9-4e90-9467-1ce014997f32,Nishantha Samarasinghe,nishanthas.log@lankalogix.com,+94 75 363 8910,user,active,Logistics,LankaLogix - Galle
1be99cf1-0064-40de-97d1-e13ad6bf2a1f,Nishantha Udawatta,nishantha.elec@lankalogix.com,+94 75 319 1801,user,suspended,Electrical,LankaLogix - Colombo
a20360e5-83e3-4141-a0ee-ede1a1fbef33,Nishantha Vithanage,nishanthav.log@lankalogix.com,+94 75 903 2124,user,inactive,Logistics,LankaLogix - Badulla
3a849bbe-d907-4ee0-8770-27c179d6a321,Nizam Jiffry,nizamj.log@lankalogix.com,+94 70 217 5623,user,active,Logistics,LankaLogix - Colombo
a9a9d2d2-09e7-40de-b060-8dec80491082,Nizam Jiffry,nizamj2.log@lankalogix.com,+94 75 984 5471,user,active,Logistics,LankaLogix - Colombo
c396bf07-f1d5-4e50-85a6-052a95f8a744,Nizam Marikkar,nizamm.log@lankalogix.com,+94 72 190 5695,user,active,Logistics,LankaLogix - Badulla
1ca63256-23b6-4145-88a0-6d8a834afa10,Nizam Nawaz,nizamn.log@lankalogix.com,+94 76 871 5815,user,active,Logistics,LankaLogix - Galle
09206d79-e790-46c4-8259-b897aaae61dc,Nizam Zubair,nizam.log@lankalogix.com,+94 71 342 9517,user,inactive,Logistics,LankaLogix - Colombo
4f5e2568-47ac-4138-880e-565d631691d0,Nizam Zubair,nizamz.log@lankalogix.com,+94 70 462 7583,user,active,Logistics,LankaLogix - Colombo
eeb4530b-f017-42ea-a0e8-41ea6f22d5b4,Nuwan Alwis,nuwana.log@lankalogix.com,+94 72 817 8163,user,active,Logistics,LankaLogix - Galle
27c0f523-7cf4-4fa6-bc00-110aceffb452,Nuwan Bandara,nuwanb.log@lankalogix.com,+94 76 505 3504,user,active,Logistics,LankaLogix - Colombo
6bbcaed0-8dbb-4010-9f0e-ed858e55af44,Nuwan Edirisinghe,nuwane.log@lankalogix.com,+94 72 875 3103,user,active,Logistics,LankaLogix - Badulla
578b9882-da22-4a57-8191-8e7a8ca512f5,Nuwan Edirisinghe,nuwan.mech@lankalogix.com,+94 70 108 9839,user,active,Mechanical,LankaLogix - Colombo
7ab528b9-cbf7-4b46-8d45-847ab79da77d,Nuwan Gunasekara,nuwang.mech@lankalogix.com,+94 72 739 9878,user,active,Mechanical,LankaLogix - Colombo
00da3663-6edd-4d2c-9160-4dc40ce54b3a,Nuwan Hettiarachchi,nuwanh.log@lankalogix.com,+94 70 273 1999,user,active,Logistics,LankaLogix - Badulla
884c20de-65ee-4888-ab01-36f24237d0cf,Nuwan Illangakoon,nuwani.log@lankalogix.com,+94 76 398 4918,user,inactive,Logistics,LankaLogix - Badulla
fc218e0b-bc48-4ce8-ab2b-47713b24fd73,Nuwan Kumarasinghe,nuwan.log@lankalogix.com,+94 72 351 2366,user,active,Logistics,LankaLogix - Colombo
3e623db5-6194-489b-a436-6c14b8d1a321,Nuwan Liyanage,nuwanl.log@lankalogix.com,+94 71 790 4519,user,active,Logistics,LankaLogix - Badulla
143699d5-a598-400d-9e81-15f50ae0115e,Nuwan Rathnayaka,nuwanr.log@lankalogix.com,+94 74 864 4955,user,active,Logistics,LankaLogix - Colombo
a127f1aa-9000-45ad-b741-5fdfcfaa5f34,Nuwan Udawatta,nuwanu.log@lankalogix.com,+94 71 989 7744,user,active,Logistics,LankaLogix - Galle
9580e2d6-e004-4873-9ea1-5e63bb707d70,Nuwan Wijesinghe,nuwanw.mech@lankalogix.com,+94 74 590 9670,user,active,Mechanical,LankaLogix - Galle
cdb3ca48-5359-477c-8e4d-5ee25284ca63,Nuwan Wijesinghe,nuwanw.log@lankalogix.com,+94 78 109 3122,user,active,Logistics,LankaLogix - Galle
e5b53510-e020-442d-a0a7-2bb8ba8134ed,Oshadha Bandara,oshadhab.log@lankalogix.com,+94 75 408 3260,user,inactive,Logistics,LankaLogix - Galle
3913555c-6732-450a-814a-159ca0f32ce8,Oshadha Chandrasiri,oshadhac.log@lankalogix.com,+94 71 891 2377,user,active,Logistics,LankaLogix - Colombo
9ac1f452-afac-4a3b-b3eb-3e9ebe62c5a9,Oshadha Edirisinghe,oshadhae.mech@lankalogix.com,+94 75 659 4483,user,active,Mechanical,LankaLogix - Colombo
3cbe7f84-3280-4303-9ada-28fbd2d697f3,Oshadha Herath,oshadhah.log@lankalogix.com,+94 75 862 4657,user,active,Logistics,LankaLogix - Colombo
6dfe7908-1670-4f24-a01e-791d003947e8,Oshadha Kodikara,oshadhak.log@lankalogix.com,+94 78 950 7854,user,active,Logistics,LankaLogix - Colombo
bd13078d-a887-45cc-a7d9-3babe2ef6b8c,Oshadha Senanayake,oshadha.log@lankalogix.com,+94 77 742 5443,user,active,Logistics,LankaLogix - Colombo
20064787-286e-445a-af95-65111a530936,Oshadha Tennakoon,oshadha.mech@lankalogix.com,+94 78 192 4443,user,active,Mechanical,LankaLogix - Colombo
6f638e31-3dce-444b-bbc1-3694a9871bde,Oshadha Wanigasekara,oshadhaw.log@lankalogix.com,+94 74 861 4145,user,active,Logistics,LankaLogix - Colombo
e926b5a7-d8cf-4bc6-85c7-108e0935ffa1,Oshadha Wanigasekara,oshadhaw2.log@lankalogix.com,+94 76 406 6508,user,active,Logistics,LankaLogix - Colombo
1ea70755-1c4a-4c56-8d10-f83fdbee5d4c,Pasindu Alwis,pasindua2.log@lankalogix.com,+94 71 495 6471,user,active,Logistics,LankaLogix - Galle
c195e972-c33b-45b7-939a-71c02d221534,Pasindu Amarasinghe,pasindua.log@lankalogix.com,+94 71 844 5155,user,active,Logistics,LankaLogix - Badulla
9b2ae800-e7f5-4450-a102-90626d114204,Pasindu Illangakoon,pasindu.mech@lankalogix.com,+94 77 550 8593,user,active,Mechanical,LankaLogix - Badulla
f81965e2-2ed7-4738-80b1-8b08fe3d0c7d,Pasindu Madushanka,pasindum.log@lankalogix.com,+94 70 761 7724,user,active,Logistics,LankaLogix - Galle
86c61fdf-4d13-4cd6-b3fe-a85018a6bd65,Pasindu Peiris,pasindup.log@lankalogix.com,+94 71 596 1641,user,active,Logistics,LankaLogix - Colombo
53950c8c-c163-431d-b49c-bfd8733ae431,Pasindu Peiris,pasindup2.log@lankalogix.com,+94 76 694 9549,user,active,Logistics,LankaLogix - Badulla
6304e580-0502-491d-80c1-fcd084bbbd24,Pasindu Ratnayake,pasindu.log@lankalogix.com,+94 72 416 1935,user,active,Logistics,LankaLogix - Colombo
760baadb-40cb-47ce-93be-227e298b810c,Pasindu Senanayake,pasindus2.log@lankalogix.com,+94 70 935 3090,user,active,Logistics,LankaLogix - Galle
d08d41d7-ef00-4762-a7a8-efcf7f139985,Pasindu Seneviratne,pasindus.log@lankalogix.com,+94 76 413 5227,user,active,Logistics,LankaLogix - Galle
04d7d6bb-7895-40b3-a329-6fba938b90e4,Pavithra Amarasinghe,pavithraa.log@lankalogix.com,+94 72 127 8632,user,active,Logistics,LankaLogix - Badulla
d818a87b-429b-4756-9495-55e1f1648939,Pavithra Herath,pavithrah.log@lankalogix.com,+94 72 584 6391,user,active,Logistics,LankaLogix - Galle
4d5202db-cfac-4bb3-93a3-0fd9740a7bab,Pavithra Illangakoon,pavithra.log@lankalogix.com,+94 78 456 2762,user,active,Logistics,LankaLogix - Colombo
a6772b9a-3c61-40c6-acba-8e813d9b897c,Pavithra Nanayakkara,pavithran.log@lankalogix.com,+94 78 874 3217,user,active,Logistics,LankaLogix - Galle
a112d877-21c7-4ccc-99ce-7165121d56e9,Pavithra Peiris,pavithrap.log@lankalogix.com,+94 78 927 2229,user,active,Logistics,LankaLogix - Colombo
5184a5dd-4934-4cec-874b-92628013fb71,Pavithra Weerasinghe,pavithra.mech@lankalogix.com,+94 77 899 2615,user,active,Mechanical,LankaLogix - Colombo
096759cb-effc-4800-8b7a-275413bd9728,Piumi Vithanage,piumi.adm@lankalogix.com,+94 70 949 5163,user,active,Admin,LankaLogix - Colombo
38213114-d2ab-425c-85cb-10a7ac28415f,Piumi Weerasinghe,piumi.log@lankalogix.com,+94 74 262 4648,user,active,Logistics,LankaLogix - Colombo
0bc7a756-d17e-4f35-ab42-767cfeedb897,Pradeep Madushanka,pradeepm.log@lankalogix.com,+94 76 273 4416,user,active,Logistics,LankaLogix - Colombo
ebb9527c-518e-4fe9-a686-6a365ae6f8c8,Pradeep Opatha,pradeepo.log@lankalogix.com,+94 70 502 6082,user,active,Logistics,LankaLogix - Colombo
016d73cf-e272-4f8f-a5e9-41a860fec088,Pradeep Samaraweera,pradeep.mech@lankalogix.com,+94 75 114 3308,user,active,Mechanical,LankaLogix - Galle
d5ee3115-5673-48d7-bcc5-f439a8f16023,Pradeep Thilakaratne,pradeept.log@lankalogix.com,+94 72 532 4203,user,active,Logistics,LankaLogix - Galle
fd1680a5-59fe-4626-bf84-be00d1cef0cd,Pradeep Wijeratne,pradeep.log@lankalogix.com,+94 70 303 2783,user,active,Logistics,LankaLogix - Colombo
53237578-eb53-4fa0-b5df-9eb5c4ba96f4,Prakash Arumugam,prakash.mech@lankalogix.com,+94 76 316 4246,user,active,Mechanical,LankaLogix - Galle
8ffcd728-c372-4540-9a04-7fa0c88e9347,Prakash Chandrasekaran,prakash.adm@lankalogix.com,+94 77 167 5495,admin,active,Admin,LankaLogix - Colombo
12db3dcf-a204-4a5b-a373-e937d8da705f,Prakash Kandasamy,prakashk.log@lankalogix.com,+94 78 778 5170,user,active,Logistics,LankaLogix - Colombo
91aaeeb3-13d3-4ce4-8342-f57a3c5f20bf,Prakash Thangarajah,prakash.log@lankalogix.com,+94 78 275 9383,user,active,Logistics,LankaLogix - Colombo
32617159-49c3-4e5a-9b75-6e0503c390a4,Prasad Dissanayake,prasadd.log@lankalogix.com,+94 75 188 4111,user,active,Logistics,LankaLogix - Badulla
602ed1c1-c6c6-4315-93e7-9f831694a764,Prasad Ekanayake,prasade.log@lankalogix.com,+94 77 372 3389,user,inactive,Logistics,LankaLogix - Badulla
4d3f028c-7b12-466f-9987-425444282f7d,Prasad Jayasuriya,prasadj.log@lankalogix.com,+94 75 780 6380,user,active,Logistics,LankaLogix - Colombo
a5873caa-58e3-478e-9e5c-c4f5be6aeec5,Prasad Karunaratne,prasad.log@lankalogix.com,+94 71 139 2778,user,active,Logistics,LankaLogix - Colombo
fe7a7442-473b-43a5-bcaf-d3b1086bbcf2,Prasad Opatha,prasado.log@lankalogix.com,+94 78 329 4873,user,active,Logistics,LankaLogix - Colombo
2915ad05-7ac6-45ab-b21f-9bd0b6a18328,Prasad Opatha,prasado2.log@lankalogix.com,+94 71 443 8103,user,active,Logistics,LankaLogix - Badulla
7e4c901d-77fc-4c10-a16e-4444d40fb582,Prasad Rathnayaka,prasadr.log@lankalogix.com,+94 76 564 6450,user,active,Logistics,LankaLogix - Galle
c8df6c51-0e5d-4fe1-8f22-d07d9e5d7bb0,Prasad Weerasinghe,prasadw.log@lankalogix.com,+94 77 504 4926,user,active,Logistics,LankaLogix - Badulla
3173243b-26b1-4301-952c-69615a95e806,Prasad Wickramasinghe,prasadw2.log@lankalogix.com,+94 70 134 7833,user,active,Logistics,LankaLogix - Badulla
ada9bd16-4c53-416f-9094-adaac3690544,Prasad Wijeratne,prasad.sft@lankalogix.com,+94 72 379 2475,user,active,Software,LankaLogix - Badulla
482232b1-c7a8-4f76-ba04-2d8bffe2f0c5,Priya Rajendran,priya.log@lankalogix.com,+94 76 489 2875,user,active,Logistics,LankaLogix - Galle
eaf27d88-2c7f-46ad-9184-8ac42c34bbbe,Pubudu Fernando,pubuduf.log@lankalogix.com,+94 75 589 4625,user,active,Logistics,LankaLogix - Galle
9019810d-4632-4478-ba34-52bcd94d1793,Pubudu Gunawardena,pubudug.log@lankalogix.com,+94 78 375 6760,user,active,Logistics,LankaLogix - Galle
4eb2e39e-93de-44b2-8392-1c93a1f678be,Pubudu Karunaratne,pubuduk.log@lankalogix.com,+94 75 274 7035,user,active,Logistics,LankaLogix - Badulla
05a77caf-f9f7-4abd-b0de-6bdb711e0ed4,Pubudu Madushanka,pubudum.log@lankalogix.com,+94 71 478 2161,user,active,Logistics,LankaLogix - Colombo
b8bd2693-6e8f-4d53-8f57-8abb50dbc33c,Pubudu Samaraweera,pubudu.log@lankalogix.com,+94 72 250 7897,user,active,Logistics,LankaLogix - Colombo
6d8966a8-2474-4d35-9fd9-7bb3b648f6fd,Rajan Balasubramaniam,rajan.mech@lankalogix.com,+94 76 315 1773,user,active,Mechanical,LankaLogix - Colombo
9eb29422-f448-4bb6-ab3d-c580defcd756,Rajan Balasubramaniam,rajanb.log@lankalogix.com,+94 78 532 2079,user,active,Logistics,LankaLogix - Colombo
a0e7192f-6236-409e-a49c-2faf15b3d995,Rajan Chandrasekaran,rajanc.log@lankalogix.com,+94 78 652 9570,user,active,Logistics,LankaLogix - Galle
a0b055ff-f4b1-4a6b-997a-ce276ccd86f3,Rajan Krishnapillai,rajank.log@lankalogix.com,+94 70 942 9079,user,inactive,Logistics,LankaLogix - Colombo
85ec9a19-bc02-4676-a16b-0a33f9ecc547,Rajan Nadarajah,rajan.log@lankalogix.com,+94 72 285 5939,user,active,Logistics,LankaLogix - Colombo
f085143a-685f-40c1-99da-35b791b4765e,Rajan Rajendran,rajanr.log@lankalogix.com,+94 71 252 7790,user,active,Logistics,LankaLogix - Colombo
8362dfbf-bbe8-4d72-b96f-aa8f0d0afa12,Rajan Sivanathan,rajans.log@lankalogix.com,+94 75 438 4403,user,active,Logistics,LankaLogix - Badulla
55095c82-2c02-4291-8de2-7d5afe48cf31,Rajeswari Vairamuthu,rajeswari.log@lankalogix.com,+94 74 910 1106,user,active,Logistics,LankaLogix - Galle
d792505c-1381-4a80-a76a-ba6656107cef,Randika Hettiarachchi,randika.mech@lankalogix.com,+94 72 738 9723,user,active,Mechanical,LankaLogix - Colombo
67015e0d-8310-4509-9ae1-855e6a67dcdd,Randika Liyanage,randikal.log@lankalogix.com,+94 72 713 3298,user,active,Logistics,LankaLogix - Colombo
6afbbe79-b3b4-4bce-969a-13c3c0c87b06,Randika Munasinghe,randikam.log@lankalogix.com,+94 75 902 3193,user,active,Logistics,LankaLogix - Colombo
57ace99d-32e1-4aae-af41-0861213bfb33,Randika Samarasinghe,randikas2.mech@lankalogix.com,+94 78 424 8783,user,active,Mechanical,LankaLogix - Galle
8841c89f-1b64-4682-b273-0e824e9fd43d,Randika Samaraweera,randikas.log@lankalogix.com,+94 70 827 9434,user,active,Logistics,LankaLogix - Colombo
78be5d8f-6cca-4d7e-bfe7-2b68fc8c6341,Randika Silva,randikas.mech@lankalogix.com,+94 74 128 6065,user,active,Mechanical,LankaLogix - Galle
f43a7004-44ea-4a79-887c-b88835f0c37e,Randika Wickramasinghe,randikaw.log@lankalogix.com,+94 78 960 7171,user,active,Logistics,LankaLogix - Colombo
e2ef226b-dfda-42f9-b877-004eb21dd484,Randika Wijeratne,randika.log@lankalogix.com,+94 72 106 6862,user,active,Logistics,LankaLogix - Colombo
10189291-be15-401e-96a4-9be58799479f,Randika Wijesinghe,randika.elec@lankalogix.com,+94 70 499 3252,user,active,Electrical,LankaLogix - Galle
50126895-b7fe-41b2-a790-918f80d4241d,Rangana Amarasinghe,ranganaa.log@lankalogix.com,+94 72 999 8417,user,active,Logistics,LankaLogix - Galle
c875bb37-b147-43c4-9190-bba3cca1d313,Rangana Bandara,ranganab.log@lankalogix.com,+94 76 979 9357,user,active,Logistics,LankaLogix - Galle
53704aab-e2b0-4674-b25e-0a3013553902,Rangana Jayawardena,ranganaj.log@lankalogix.com,+94 70 118 4476,user,active,Logistics,LankaLogix - Galle
4871cfb0-3eb4-447b-9601-6a17d1a7b36c,Rangana Karunaratne,ranganak.log@lankalogix.com,+94 75 645 2239,user,active,Logistics,LankaLogix - Colombo
c0bdfba4-2737-4375-a054-7e05fcb90314,Rangana Perera,ranganap.log@lankalogix.com,+94 76 179 8798,user,active,Logistics,LankaLogix - Colombo
b8bbd9f8-2a17-4177-ad6e-84d27e2b8d5f,Rangana Tennakoon,ranganat.log@lankalogix.com,+94 71 341 9187,user,active,Logistics,LankaLogix - Colombo
01061d47-010c-4da5-8f19-76029bb2fb00,Rangana Udawatta,ranganau.log@lankalogix.com,+94 71 901 5467,user,active,Logistics,LankaLogix - Colombo
39d5700c-a1c9-4421-9f83-a2e5f6ca64cc,Rangana Wanigasekara,ranganaw.log@lankalogix.com,+94 77 263 4111,user,active,Logistics,LankaLogix - Colombo
b1007b82-cbbf-4ef5-a4aa-6348e59b5c3a,Rangana Weerasinghe,ranganaw2.log@lankalogix.com,+94 77 215 1139,user,active,Logistics,LankaLogix - Galle
cdd74f33-dff3-4b0f-8378-d2989570b4c6,Rangana Weerasinghe,rangana.sft@lankalogix.com,+94 72 872 1963,user,active,Software,LankaLogix - Galle
5ede80aa-4021-4889-b161-5c2334623760,Rangana Wijesinghe,rangana.log@lankalogix.com,+94 77 639 8803,user,active,Logistics,LankaLogix - Colombo
3d6e22b7-a8bf-4c92-96df-615af688aa21,Rashmi Abeywickrama,rashmi.log@lankalogix.com,+94 72 219 1966,user,active,Logistics,LankaLogix - Colombo
397e1e00-170b-4c0a-a77a-5f5cc3c7646c,Rashmi Jayasuriya,rashmij.log@lankalogix.com,+94 70 587 5400,user,active,Logistics,LankaLogix - Galle
66bd3d10-87f2-4918-8763-36e022cb6719,Rashmi Nanayakkara,rashmin.log@lankalogix.com,+94 72 670 8398,user,active,Logistics,LankaLogix - Galle
ced346b3-b93a-4602-9e91-4116689d05ca,Rashmi Rajapaksa,rashmir.log@lankalogix.com,+94 70 108 3643,user,active,Logistics,LankaLogix - Badulla
815f0606-8045-47b4-8e39-03c0b021c8e6,Rashmi Samaraweera,rashmis2.log@lankalogix.com,+94 70 152 9376,user,active,Logistics,LankaLogix - Galle
5a06d8c6-5129-408a-bdb4-cf0707eb9516,Rashmi Silva,rashmis.log@lankalogix.com,+94 75 765 1055,user,active,Logistics,LankaLogix - Galle
f5c5fcf9-db41-4ec7-ba55-901110e56949,Rashmi Wanigasekara,rashmiw.log@lankalogix.com,+94 72 993 9570,user,active,Logistics,LankaLogix - Galle
b3bab0d5-dbca-4c9f-af8d-4038ba243058,Rasika Alwis,rasikaa.log@lankalogix.com,+94 72 971 4215,user,active,Logistics,LankaLogix - Galle
448e1a28-72d7-4506-a78d-354efa83a84f,Rasika Amarasinghe,rasikaa2.log@lankalogix.com,+94 76 233 7959,user,active,Logistics,LankaLogix - Galle
a4ba5676-3ce2-4627-9373-22068a884f6d,Rasika Bandara,rasikab.log@lankalogix.com,+94 70 354 9932,user,active,Logistics,LankaLogix - Colombo
862dfdd0-bfa1-4ab2-a8e0-7280ab4a68d5,Rasika Ekanayake,rasikae.log@lankalogix.com,+94 77 460 2079,user,active,Logistics,LankaLogix - Colombo
8e11bc0b-dd4a-4b80-a9cc-465b3beca3d4,Rasika Gunasekara,rasikag.log@lankalogix.com,+94 71 816 9732,user,active,Logistics,LankaLogix - Colombo
c9d03faf-baa1-462f-a642-86a521fd9e74,Rasika Illangakoon,rasikai.log@lankalogix.com,+94 75 262 4461,user,active,Logistics,LankaLogix - Badulla
96fb9f33-3e52-4958-8405-6ccf26fcacdc,Rasika Illangakoon,rasika.mech@lankalogix.com,+94 74 171 7544,user,active,Mechanical,LankaLogix - Colombo
8ffe767c-9920-458c-9728-818cbc8975bc,Rasika Illangakoon,rasikai2.log@lankalogix.com,+94 77 810 4252,user,active,Logistics,LankaLogix - Galle
9227e7bd-457d-482d-b1f4-cbec55d20b07,Rasika Kumarasinghe,rasikak.log@lankalogix.com,+94 74 220 4553,user,active,Logistics,LankaLogix - Galle
b36f60de-7468-494a-8e5f-a8f1ffc38839,Rasika Mendis,rasikam.log@lankalogix.com,+94 77 518 4357,user,active,Logistics,LankaLogix - Badulla
42acea66-cc32-472a-9657-2455c458bd82,Rasika Peiris,rasikap.log@lankalogix.com,+94 75 345 6423,user,active,Logistics,LankaLogix - Galle
e08ea782-4dad-41e9-a86e-53e901e0b0fc,Rasika Samarasinghe,rasikas2.log@lankalogix.com,+94 78 476 1187,user,active,Logistics,LankaLogix - Galle
8f36fe73-d255-4230-aa2a-00fa311454ec,Rasika Samaraweera,rasikas3.log@lankalogix.com,+94 75 934 9205,user,active,Logistics,LankaLogix - Galle
70a93dbc-6bb7-4b15-a65b-decaf5fe21c7,Rasika Samaraweera,rasikas.log@lankalogix.com,+94 78 510 5221,user,active,Logistics,LankaLogix - Galle
f316cb80-b405-4faa-ac0a-6307bb3b888d,Rasika Udawatta,rasikau3.log@lankalogix.com,+94 76 231 3091,user,active,Logistics,LankaLogix - Galle
7c2c14c1-404b-480e-b7d2-fe6a9487024e,Rasika Udawatta,rasika.log@lankalogix.com,+94 70 960 6219,user,active,Logistics,LankaLogix - Colombo
e96c31fc-e9b5-46e4-9cf1-9d17792ad6df,Rasika Udawatta,rasikau2.log@lankalogix.com,+94 75 750 1048,user,inactive,Logistics,LankaLogix - Badulla
b390c01c-3083-473a-aeed-8099d7b0434f,Rasika Udawatta,rasikau.log@lankalogix.com,+94 75 923 9216,user,active,Logistics,LankaLogix - Colombo
0ae5daa8-7bcd-4f43-b36a-99441eb41697,Rasika Vithanage,rasikav.log@lankalogix.com,+94 71 670 1463,user,active,Logistics,LankaLogix - Galle
a400531b-0cfc-43ea-bd4c-4465973f5556,Rauf Hameed,rauf.adm@lankalogix.com,+94 76 114 9795,user,active,Admin,LankaLogix - Galle
9714fd5e-058d-4a7e-8ec2-f262c89ca050,Rauf Ismail,raufi.log@lankalogix.com,+94 76 543 4711,user,active,Logistics,LankaLogix - Galle
08145333-aa5a-4ff6-ae10-7a43aa8d5326,Rauf Saleem,raufs.log@lankalogix.com,+94 76 664 3310,user,active,Logistics,LankaLogix - Badulla
4c26799f-773d-4d90-a5fc-fb8f0b22ad4d,Rauf Saleem,rauf.log@lankalogix.com,+94 71 317 2852,user,active,Logistics,LankaLogix - Badulla
b7d6f932-49f4-46ba-85fa-9c50ab72be6f,Rauf Wahab,rauf.elec@lankalogix.com,+94 71 545 6145,user,active,Electrical,LankaLogix - Colombo
583e6f26-b967-450c-b674-367a7d2a630d,Rauf Wahab,raufw.log@lankalogix.com,+94 70 713 5188,user,active,Logistics,LankaLogix - Galle
3c90f1c6-065f-43ab-a8fc-5448c3c970a3,Ravi Arumugam,ravi.mech@lankalogix.com,+94 74 191 3004,user,active,Mechanical,LankaLogix - Colombo
ab61d1b5-975a-4c4a-828e-528724de3859,Ravi Krishnapillai,ravik.log@lankalogix.com,+94 77 175 2583,user,active,Logistics,LankaLogix - Galle
784a05b0-a5da-4849-9577-b03fd2c58149,Ravi Krishnapillai,ravi.elec@lankalogix.com,+94 72 943 3280,user,active,Electrical,LankaLogix - Badulla
d8dc076b-84bd-426d-be29-40c0d9224de6,Ravi Rajendran,ravir3.log@lankalogix.com,+94 74 182 9523,user,active,Logistics,LankaLogix - Galle
d1e3297e-159c-47bf-9c07-676bf0b6930c,Ravi Ratnasingham,ravir2.log@lankalogix.com,+94 78 137 6513,user,active,Logistics,LankaLogix - Badulla
8ff39e30-4eba-4e55-92f0-2638684a361d,Ravi Ratnasingham,ravir.log@lankalogix.com,+94 70 588 5763,user,active,Logistics,LankaLogix - Badulla
476aa8e4-d8ec-4f2f-906d-56dd570a8caa,Ravi Selvarajah,ravi.log@lankalogix.com,+94 77 987 7295,user,active,Logistics,LankaLogix - Colombo
728c431d-a607-4a38-9b1a-2287ce9979ad,Rifky Farook,rifky.mech@lankalogix.com,+94 70 304 3557,user,active,Mechanical,LankaLogix - Colombo
829c13bd-2a5c-42b7-8b1c-8a8a8b415ceb,Rifky Farook,rifky.adm@lankalogix.com,+94 71 138 3996,admin,active,Admin,LankaLogix - Galle
6a63c83c-a097-4a5d-92a7-6df081b71923,Rifky Haniffa,rifky.log@lankalogix.com,+94 74 600 8997,user,active,Logistics,LankaLogix - Colombo
6c1845aa-5405-4474-95e4-ec96188393bb,Rifky Saleem,rifkys2.log@lankalogix.com,+94 78 663 2206,user,active,Logistics,LankaLogix - Galle
2d980844-162a-4581-bbc6-75b9c502e459,Rifky Saleem,rifkys.log@lankalogix.com,+94 75 972 1181,user,active,Logistics,LankaLogix - Badulla
45e88c26-b5d7-4353-ad6a-6acd15416a21,Rifky Wahab,rifky.sft@lankalogix.com,+94 77 735 6464,user,active,Software,LankaLogix - Colombo
fd72748c-1d3a-4c07-a0e0-6ec00dd72cb3,Rifky Wahab,rifkyw.log@lankalogix.com,+94 77 944 7165,user,active,Logistics,LankaLogix - Galle
ced0d078-c9e6-426c-aeab-44b152953adb,Rifky Zubair,rifkyz.log@lankalogix.com,+94 70 436 8601,user,active,Logistics,LankaLogix - Colombo
da57c1aa-76be-46c1-a034-d9db5da6a262,Rizna Cassim,riznac.log@lankalogix.com,+94 72 482 6791,user,active,Logistics,LankaLogix - Colombo
9e546cbf-aa22-4446-a510-e3800644772d,Rizna Marikkar,rizna.log@lankalogix.com,+94 71 195 7420,user,active,Logistics,LankaLogix - Colombo
4ba949a1-b3e1-4156-af2f-12b0d4e6c77b,Rizwan Cassim,rizwanc2.log@lankalogix.com,+94 76 977 5211,user,active,Logistics,LankaLogix - Galle
b10d084f-e79b-4fcd-90ba-6d6de4f66845,Rizwan Cassim,rizwanc.log@lankalogix.com,+94 77 866 5475,user,active,Logistics,LankaLogix - Badulla
595b009a-0977-4842-8426-55f3c530dc8a,Rizwan Ismail,rizwani.log@lankalogix.com,+94 71 182 9307,user,active,Logistics,LankaLogix - Galle
ea52bfbe-19f5-4dff-86bf-a319e0bec453,Rizwan Rahman,rizwan.sft@lankalogix.com,+94 75 486 9281,user,active,Software,LankaLogix - Badulla
059e5a21-9aa0-47b0-95c8-497b4f42c904,Rizwan Saleem,rizwans3.log@lankalogix.com,+94 72 132 6892,user,active,Logistics,LankaLogix - Badulla
c90df745-1d60-4fee-882f-634728b39f2d,Rizwan Saleem,rizwans2.log@lankalogix.com,+94 76 313 1092,user,active,Logistics,LankaLogix - Badulla
35d2516a-d950-46c7-9fd9-6f76176ed4bb,Rizwan Saleem,rizwans.log@lankalogix.com,+94 75 715 9665,user,active,Logistics,LankaLogix - Colombo
a367378f-0627-4a69-9fcd-33330bb4fe2c,Rizwan Wahab,rizwan.log@lankalogix.com,+94 78 583 6007,user,active,Logistics,LankaLogix - Colombo
a1af881f-f56a-4b6c-907e-4f11bc62b30b,Rizwan Zubair,rizwanz.log@lankalogix.com,+94 70 541 3585,user,active,Logistics,LankaLogix - Badulla
0bcca5d2-620c-4e90-ae82-fb6ffc7af33d,Roshan Edirisinghe,roshan.mech@lankalogix.com,+94 75 264 6030,user,active,Mechanical,LankaLogix - Colombo
e4b0a22a-aa25-4f65-9d5f-7da7d176bfa4,Roshan Gunasekara,roshang.log@lankalogix.com,+94 74 781 8387,user,active,Logistics,LankaLogix - Colombo
d62b160b-d740-4ec7-aae4-0fdf27e1c5b7,Roshan Hettiarachchi,roshan.adm@lankalogix.com,+94 70 243 4483,user,active,Admin,LankaLogix - Badulla
6d59fbf8-43a3-4448-8a6b-b1bfd7c603ee,Roshan Illangakoon,roshani.log@lankalogix.com,+94 75 274 7032,user,active,Logistics,LankaLogix - Badulla
6f8945eb-1518-481f-801e-b7d9e14fbc47,Roshan Jayawardena,roshanj.mech@lankalogix.com,+94 72 455 4808,user,suspended,Mechanical,LankaLogix - Colombo
641f774a-c7d9-4797-9949-e8c7a0e975ff,Roshan Kodikara,roshank.log@lankalogix.com,+94 75 507 3454,user,active,Logistics,LankaLogix - Colombo
828a58d3-cce5-47cf-9adc-52f001d36915,Roshan Madushanka,roshanm.log@lankalogix.com,+94 74 554 1163,user,suspended,Logistics,LankaLogix - Colombo
c249776d-49ca-479a-a7d1-043bf0d148b3,Roshan Peiris,roshanp.log@lankalogix.com,+94 74 732 4062,user,active,Logistics,LankaLogix - Colombo
6fff23c6-0da3-467c-89b5-5ed645f6c8cb,Roshan Peiris,roshanp2.log@lankalogix.com,+94 78 738 5940,user,active,Logistics,LankaLogix - Badulla
f121048d-936a-437c-a161-9f7e901f17d8,Roshan Rathnayaka,roshanr.log@lankalogix.com,+94 77 552 3430,user,active,Logistics,LankaLogix - Badulla
bf036d3c-6698-49da-9031-deb5025def97,Roshan Senanayake,roshans3.log@lankalogix.com,+94 71 906 6544,user,active,Logistics,LankaLogix - Badulla
2e58a23e-e318-4717-8eea-3dcf73ac8b92,Roshan Seneviratne,roshans4.log@lankalogix.com,+94 76 732 5709,user,inactive,Logistics,LankaLogix - Galle
5b1edc19-179d-4db0-adde-f133a012f955,Roshan Seneviratne,roshans2.log@lankalogix.com,+94 76 568 5101,user,active,Logistics,LankaLogix - Badulla
ff8801d3-2c48-430e-b9ad-e22c5c92d10e,Roshan Silva,roshans.log@lankalogix.com,+94 78 476 2615,user,active,Logistics,LankaLogix - Colombo
4fb48d89-3d11-4b1c-b34a-fc8824c4d74a,Roshan Udawatta,roshan.sft@lankalogix.com,+94 76 139 9922,user,active,Software,LankaLogix - Galle
ae4798cb-296e-4506-afe0-714aee6c5faf,Roshan Weerasinghe,roshanw.log@lankalogix.com,+94 70 109 6010,user,active,Logistics,LankaLogix - Colombo
071c8cbe-8125-4dde-ae07-2ac65beea113,Roshan Wijesinghe,roshan.log@lankalogix.com,+94 70 410 5844,user,active,Logistics,LankaLogix - Colombo
b4955d82-402f-4bc5-bceb-4849434ff2aa,Rukshana Ismail,rukshana.log@lankalogix.com,+94 70 936 1302,user,active,Logistics,LankaLogix - Colombo
2662a23a-f8e3-486e-805a-21f08bc68c50,Rukshana Marikkar,rukshanam.log@lankalogix.com,+94 70 909 8655,user,active,Logistics,LankaLogix - Badulla
bdd93a99-626e-4675-b9a7-acfd49c28c66,Rukshana Rahman,rukshana.elec@lankalogix.com,+94 74 837 3492,user,active,Electrical,LankaLogix - Galle
744136d0-3ff7-43bf-a097-4b16e051873f,Ruwan Abeywickrama,ruwana2.log@lankalogix.com,+94 75 996 4224,user,active,Logistics,LankaLogix - Galle
5b0a7bbc-d700-4f4e-8c59-d5f0c07f3ac0,Ruwan Amarasinghe,ruwana.log@lankalogix.com,+94 70 691 1889,user,active,Logistics,LankaLogix - Colombo
774eb1d9-2520-45f1-b8a0-2a3cd378dbc3,Ruwan Bandara,ruwanb.log@lankalogix.com,+94 76 382 2911,user,active,Logistics,LankaLogix - Badulla
47aa7347-bff7-4069-bc8d-99693751ee09,Ruwan Gunawardena,ruwang.log@lankalogix.com,+94 78 848 8022,user,active,Logistics,LankaLogix - Badulla
e2efa991-7647-42b1-8b11-96899c4a2d89,Ruwan Madushanka,ruwanm2.log@lankalogix.com,+94 77 904 2387,user,active,Logistics,LankaLogix - Badulla
fe412c5f-6a1a-4857-9cc4-af60285043cc,Ruwan Mendis,ruwanm3.log@lankalogix.com,+94 72 165 1004,user,active,Logistics,LankaLogix - Badulla
eeb2c80a-5992-4553-b0f3-bfb3252ee6f4,Ruwan Munasinghe,ruwanm.log@lankalogix.com,+94 78 706 3651,user,active,Logistics,LankaLogix - Colombo
d1180d8d-7124-476b-b7a8-8633b48b0fb9,Ruwan Perera,ruwanp.log@lankalogix.com,+94 75 652 8410,user,active,Logistics,LankaLogix - Badulla
4a6d004d-dedd-4af0-a5f2-74c1780e2f7a,Ruwan Rajapaksa,ruwanr2.log@lankalogix.com,+94 76 872 5231,user,active,Logistics,LankaLogix - Colombo
ec8132ac-9310-44f0-89de-9a6f62074977,Ruwan Ranasinghe,ruwanr.log@lankalogix.com,+94 76 760 5263,user,active,Logistics,LankaLogix - Colombo
8f16f0cc-0478-4195-8ddb-43b8f8e96be6,Ruwan Tennakoon,ruwan.log@lankalogix.com,+94 76 851 6673,user,active,Logistics,LankaLogix - Colombo
5b475c9f-3846-4fef-86b7-b4cc8293bc54,Ruwan Weerasinghe,ruwanw2.log@lankalogix.com,+94 75 262 5226,user,active,Logistics,LankaLogix - Galle
b962b5fc-da66-4f7f-92cc-dd185de9622d,Ruwan Wickramasinghe,ruwanw3.log@lankalogix.com,+94 74 240 6118,user,active,Logistics,LankaLogix - Galle
6c5f95fe-93a9-459f-988b-b5f6952e7382,Ruwan Wickramasinghe,ruwanw.log@lankalogix.com,+94 76 540 2385,user,active,Logistics,LankaLogix - Colombo
1e81fa96-bf3e-40f9-ac44-b8168f54e8e2,Ruwani Edirisinghe,ruwanie.log@lankalogix.com,+94 70 329 4223,user,active,Logistics,LankaLogix - Badulla
ce4f361f-4513-493d-b6be-9e2fe704e6a2,Ruwani Hettiarachchi,ruwani.log@lankalogix.com,+94 71 939 9837,user,active,Logistics,LankaLogix - Colombo
597aa962-1131-4ee4-a5fa-e4917a158570,Ruwani Jayasuriya,ruwanij.log@lankalogix.com,+94 76 599 9129,user,active,Logistics,LankaLogix - Badulla
3745b919-3c33-4a3f-8eca-902a8a95931f,Ruwani Karunaratne,ruwanik.log@lankalogix.com,+94 70 776 2107,user,active,Logistics,LankaLogix - Colombo
f101a341-b305-43d6-b170-7cbd8501fef2,Ruwani Kumarasinghe,ruwani.mech@lankalogix.com,+94 77 107 4732,user,active,Mechanical,LankaLogix - Badulla
00e5d1da-737f-4af2-9618-a843c6ba6bc0,Ruwani Kumarasinghe,ruwani.sft@lankalogix.com,+94 72 732 3900,user,active,Software,LankaLogix - Colombo
bc386f1f-6069-48e1-bf31-dca443044b19,Ruwani Nanayakkara,ruwanin.log@lankalogix.com,+94 77 708 7625,user,active,Logistics,LankaLogix - Colombo
0f2dd1d9-6b12-4073-ab85-bea406d1d514,Ruwani Samarasinghe,ruwani.adm@lankalogix.com,+94 76 668 5597,admin,active,Admin,LankaLogix - Galle
3a856fa0-a322-42af-b639-f50c6a06d501,Ruwani Samarasinghe,ruwanis3.log@lankalogix.com,+94 70 662 7680,user,active,Logistics,LankaLogix - Colombo
a0e81b57-5c88-4266-a344-624e94b89549,Ruwani Samaraweera,ruwanis4.log@lankalogix.com,+94 70 825 8246,user,active,Logistics,LankaLogix - Badulla
d70dbd23-4fd8-4986-b77e-4442b032f91e,Ruwani Senanayake,ruwanis2.log@lankalogix.com,+94 72 431 9271,user,active,Logistics,LankaLogix - Colombo
d6e759b6-79b1-4cc4-bc4d-412a321a3640,Ruwani Silva,ruwanis.log@lankalogix.com,+94 78 207 5482,user,active,Logistics,LankaLogix - Colombo
98e1a882-1ddc-4ab9-bea3-44f382f9b9f3,Sabreena Cassim,sabreenac2.log@lankalogix.com,+94 71 337 4433,user,active,Logistics,LankaLogix - Galle
3c5b8d69-75e5-4a06-9f93-b9c0e7929f9f,Sabreena Cassim,sabreenac.log@lankalogix.com,+94 77 591 1342,user,active,Logistics,LankaLogix - Colombo
e00b3cbd-1bfa-4cbb-82d2-e65668d545ac,Sabreena Hameed,sabreena.log@lankalogix.com,+94 76 372 6867,user,active,Logistics,LankaLogix - Colombo
43940caa-d1ba-4e44-be36-1c5ea33072d5,Sabreena Haniffa,sabreenah.log@lankalogix.com,+94 74 927 2408,user,active,Logistics,LankaLogix - Galle
2ff785ce-b723-4033-bed4-5953533e3039,Sachini Herath,sachinih.log@lankalogix.com,+94 70 946 9025,user,active,Logistics,LankaLogix - Galle
e8632eee-4221-4ef4-b29b-c345815392b7,Sachini Liyanage,sachinil.log@lankalogix.com,+94 76 138 1828,user,active,Logistics,LankaLogix - Colombo
77d52514-52e6-4156-b26b-a45c4caf47d7,Sachini Nanayakkara,sachinin.log@lankalogix.com,+94 70 119 6142,user,active,Logistics,LankaLogix - Badulla
51ed7e64-6868-4e03-9b23-cb9d7039bb47,Sachini Ranasinghe,sachini.log@lankalogix.com,+94 78 488 9760,user,active,Logistics,LankaLogix - Colombo
4c9e64c0-451b-49ae-afda-b598a9a82a7a,Sachini Weerasinghe,sachiniw.log@lankalogix.com,+94 74 202 2861,user,active,Logistics,LankaLogix - Badulla
36c2e208-8f6c-4b7b-add1-a4210cd2f372,Saliya Chandrasiri,saliyac.log@lankalogix.com,+94 70 819 2596,user,active,Logistics,LankaLogix - Colombo
a415ebae-b935-45ca-99dd-aebc4e506281,Saliya Dissanayake,saliyad.log@lankalogix.com,+94 72 478 8668,user,active,Logistics,LankaLogix - Colombo
4ba7d1f3-0eb6-413f-bac9-4a25081e347e,Saliya Fernando,saliyaf.log@lankalogix.com,+94 70 877 4426,user,active,Logistics,LankaLogix - Colombo
44137535-6cd5-47f5-8157-cc953a1fb110,Saliya Gunasekara,saliyag.log@lankalogix.com,+94 74 105 9813,user,active,Logistics,LankaLogix - Colombo
2b90787d-d78e-4453-ad90-ec1567d28856,Saliya Gunasekara,saliya.log@lankalogix.com,+94 75 391 3271,user,active,Logistics,LankaLogix - Colombo
199a4d21-7c83-46ba-83c5-4ad661906d13,Saliya Illangakoon,saliyai.log@lankalogix.com,+94 74 200 2871,user,active,Logistics,LankaLogix - Badulla
bc8f1a6b-b704-4d13-a31f-41b1ba95056f,Saliya Liyanage,saliyal.log@lankalogix.com,+94 72 347 9378,user,active,Logistics,LankaLogix - Colombo
26533c7a-2605-4da0-abad-5bdd41c619ac,Saliya Madushanka,saliyam.log@lankalogix.com,+94 75 860 2762,user,active,Logistics,LankaLogix - Badulla
971707cb-32c1-434f-b61f-f1fd2abeb991,Saliya Ratnayake,saliya.mech@lankalogix.com,+94 70 909 7184,user,active,Mechanical,LankaLogix - Colombo
17fb895f-4c2d-4cb8-a53f-a2ce9aa97992,Saliya Senanayake,saliyas.log@lankalogix.com,+94 70 408 2462,user,active,Logistics,LankaLogix - Galle
c15c7176-06f7-42c0-bb53-2f6b67843157,Saliya Wanigasekara,saliyaw.log@lankalogix.com,+94 70 183 9073,user,active,Logistics,LankaLogix - Colombo
3550af1b-8448-4d40-8c05-ed34a5dcdf31,Samanthi Ekanayake,samanthi.log@lankalogix.com,+94 71 576 1774,user,active,Logistics,LankaLogix - Colombo
4dae12d3-0065-4c88-b0e2-1cd4b3b335f7,Samanthi Gunasekara,samanthig.log@lankalogix.com,+94 74 959 3626,user,active,Logistics,LankaLogix - Colombo
83a771ac-2edf-482f-abd2-c9e41ea5e6b9,Samanthi Rathnayaka,samanthir.log@lankalogix.com,+94 72 168 9478,user,inactive,Logistics,LankaLogix - Galle
3d75bf14-fb89-4f28-9d26-3e49985646e7,Samanthi Silva,samanthis.log@lankalogix.com,+94 76 593 7909,user,active,Logistics,LankaLogix - Galle
76f52321-d84d-4f11-979f-a6df1dccfcbd,Samanthi Wanigasekara,samanthi.mech@lankalogix.com,+94 72 928 6744,user,active,Mechanical,LankaLogix - Galle
f9a5607b-7040-4ba8-95c0-6de3c5367dea,Samanthi Wickramasinghe,samanthi.sft@lankalogix.com,+94 71 727 1199,user,active,Software,LankaLogix - Galle
6692c7dd-4b6b-4908-86a3-91731b323aff,Samanthi Wickramasinghe,samanthiw2.log@lankalogix.com,+94 72 739 7947,user,active,Logistics,LankaLogix - Galle
d8f399ad-71ac-433b-9603-54c2ebce9462,Samanthi Wijeratne,samanthiw.log@lankalogix.com,+94 77 391 9046,user,active,Logistics,LankaLogix - Badulla
c733e2a8-2145-488a-830b-587f8289801b,Sameera Abeywickrama,sameera.log@lankalogix.com,+94 70 929 7372,user,active,Logistics,LankaLogix - Colombo
a5bf2d9c-a443-4fbe-a581-b4249f757edb,Sameera Amarasinghe,sameeraa.log@lankalogix.com,+94 78 372 8571,user,suspended,Logistics,LankaLogix - Badulla
ef6299ea-dce6-47c7-9ad0-1881136969f0,Sameera Herath,sameerah2.log@lankalogix.com,+94 77 332 1417,user,active,Logistics,LankaLogix - Badulla
d38515f1-d5cf-4346-9352-be8bb20aee1e,Sameera Hettiarachchi,sameerah.log@lankalogix.com,+94 75 113 4628,user,active,Logistics,LankaLogix - Colombo
ee7fdb45-1bf6-4c17-8c06-31f278a64b01,Sameera Illangakoon,sameerai.log@lankalogix.com,+94 71 326 7650,user,active,Logistics,LankaLogix - Galle
ca5cb051-12a8-4707-841e-dea22eb6e929,Sameera Karunaratne,sameerak.log@lankalogix.com,+94 74 774 4283,user,active,Logistics,LankaLogix - Badulla
cc8b2b85-0438-4fcb-a7da-7fd0ad418427,Sameera Nanayakkara,sameeran.log@lankalogix.com,+94 74 656 2855,user,active,Logistics,LankaLogix - Galle
39b554e5-791e-4c3a-93cf-64b197bc83d1,Sameera Rajapaksa,sameerar.log@lankalogix.com,+94 72 721 1366,user,active,Logistics,LankaLogix - Colombo
9e6d4856-a62e-4170-80c9-7a9ace423623,Sameera Udawatta,sameerau.log@lankalogix.com,+94 70 256 2402,user,active,Logistics,LankaLogix - Colombo
012cb557-9817-4261-9ff7-f653f9baef78,Sameera Wickramasinghe,sameeraw2.log@lankalogix.com,+94 78 952 8591,user,active,Logistics,LankaLogix - Colombo
e7e29924-482e-4793-8e68-13f315252329,Sameera Wijesinghe,sameeraw.log@lankalogix.com,+94 76 492 3111,user,active,Logistics,LankaLogix - Colombo
6b542d62-88e1-44e6-8acf-9d19f3fd2a60,Sampath Chandrasiri,sampathc.log@lankalogix.com,+94 74 858 4484,user,active,Logistics,LankaLogix - Galle
43adafee-47fa-4fdd-a233-526bc7ecffb2,Sampath Gunasekara,sampath.elec@lankalogix.com,+94 72 761 1639,user,active,Electrical,LankaLogix - Badulla
0c6723a0-a951-45af-b5a1-c402641b3d00,Sampath Kodikara,sampathk.log@lankalogix.com,+94 75 539 6810,user,active,Logistics,LankaLogix - Badulla
507c7fa4-15cb-4173-8c93-4d5d44ecf015,Sampath Peiris,sampath.mech@lankalogix.com,+94 70 105 6426,user,active,Mechanical,LankaLogix - Colombo
7191fc57-7a6f-4655-87cf-3b13834e027a,Sampath Perera,sampathp.log@lankalogix.com,+94 78 456 9568,user,active,Logistics,LankaLogix - Galle
566447db-e10d-4f1f-9254-c99a3d813b7a,Sampath Ranasinghe,sampathr.log@lankalogix.com,+94 71 948 6371,user,active,Logistics,LankaLogix - Colombo
0cfa2325-6602-40bc-8562-94af34b3d0ff,Sampath Thilakaratne,sampatht.log@lankalogix.com,+94 75 567 7331,user,active,Logistics,LankaLogix - Colombo
8a305a4e-04c7-4ae3-b63f-7e3a868e8690,Sampath Wijeratne,sampath.log@lankalogix.com,+94 74 575 4720,user,active,Logistics,LankaLogix - Colombo
775fd2f5-2c0b-4e7a-b88a-655e5d8af468,Sanduni Bandara,sandunib.log@lankalogix.com,+94 77 125 2090,user,suspended,Logistics,LankaLogix - Badulla
954f138f-fa1c-4b21-9902-f274a5868271,Sanduni Ekanayake,sanduni.mech@lankalogix.com,+94 78 816 4636,user,active,Mechanical,LankaLogix - Colombo
8a906ddd-efc9-4d97-a3e2-4e1e20eba9ae,Sanduni Madushanka,sandunim.log@lankalogix.com,+94 75 995 6996,user,active,Logistics,LankaLogix - Colombo
1eec88aa-d888-4b75-ab3e-84365df4210c,Sanduni Peiris,sandunip.mech@lankalogix.com,+94 78 472 6820,user,active,Mechanical,LankaLogix - Colombo
6e2f5d4a-4842-4cac-8156-c863d330342d,Sanduni Ranasinghe,sandunir.log@lankalogix.com,+94 74 325 4739,user,active,Logistics,LankaLogix - Badulla
cac7fce9-a8ce-4c4b-b9af-450821cb4b6c,Sanduni Seneviratne,sanduni.log@lankalogix.com,+94 76 879 9437,user,active,Logistics,LankaLogix - Colombo
29e815ea-c25f-4709-b6a4-87f37389a89b,Sanduni Silva,sandunis.log@lankalogix.com,+94 78 571 6732,user,active,Logistics,LankaLogix - Galle
2b6dbbb1-30c3-4e7b-bbc5-349c02499f41,Sanjaya Munasinghe,sanjayam.log@lankalogix.com,+94 72 818 1508,user,active,Logistics,LankaLogix - Colombo
b993bb23-a481-4196-902b-78ab172f7c14,Sanjaya Pathirana,sanjayap.log@lankalogix.com,+94 77 128 1533,user,active,Logistics,LankaLogix - Badulla
20bdf2d1-aa86-4ad8-a6e6-8e215a86dcc1,Sanjaya Peiris,sanjayap2.log@lankalogix.com,+94 77 780 8968,user,active,Logistics,LankaLogix - Galle
e3203996-7192-4f35-b4d9-8d19dd61882f,Sanjaya Rathnayaka,sanjaya.adm@lankalogix.com,+94 71 215 3368,admin,active,Admin,LankaLogix - Colombo
70da0d38-1e21-4bef-94a1-7db6b6989b3a,Sanjaya Samaraweera,sanjayas3.log@lankalogix.com,+94 76 929 6159,user,active,Logistics,LankaLogix - Colombo
d55cd09e-f78e-4280-b5ed-d3b0f1860a31,Sanjaya Senanayake,sanjayas2.log@lankalogix.com,+94 77 410 7590,user,active,Logistics,LankaLogix - Colombo
211a5f5c-7b86-4792-98c5-f5146c0f3631,Sanjaya Silva,sanjayas4.log@lankalogix.com,+94 77 143 2279,user,active,Logistics,LankaLogix - Galle
f85e5d5e-23ed-4753-ab5b-6e0d16377b17,Sanjaya Silva,sanjayas.log@lankalogix.com,+94 78 300 2413,user,active,Logistics,LankaLogix - Colombo
cbab6c6b-bc58-41b5-af21-814b967a7684,Sanjaya Udawatta,sanjayau.log@lankalogix.com,+94 72 156 4039,user,active,Logistics,LankaLogix - Galle
37b51241-9c89-4921-8d9a-6cc2a7cef72a,Sanjaya Wijesinghe,sanjaya.log@lankalogix.com,+94 71 384 7801,user,active,Logistics,LankaLogix - Colombo
50bf24b6-3d33-459f-9fda-8afb2e3d9611,Sasikumar Chandrasekaran,sasikumarc.log@lankalogix.com,+94 74 690 9682,user,active,Logistics,LankaLogix - Colombo
67e49f67-bfcb-4de7-8834-87f7f4ef4448,Sasikumar Muthukumar,sasikumarm.log@lankalogix.com,+94 71 318 4495,user,active,Logistics,LankaLogix - Galle
201810ef-10d6-4664-9bf3-c78ad722a6de,Sasikumar Ponnambalam,sasikumarp.log@lankalogix.com,+94 74 665 4624,user,active,Logistics,LankaLogix - Badulla
bb4feca3-0cd1-4a8c-aea3-c09930897f31,Sasikumar Rajendran,sasikumar.log@lankalogix.com,+94 78 603 5057,user,active,Logistics,LankaLogix - Colombo
8f361a62-8ed3-428d-817b-d37a6cca0f0f,Sasikumar Rajendran,sasikumarr.log@lankalogix.com,+94 74 796 9086,user,active,Logistics,LankaLogix - Colombo
4d03100d-8f0f-4671-9bd7-2ccd4b5f7e9b,Sasikumar Thangarajah,sasikumart.log@lankalogix.com,+94 74 129 8036,user,active,Logistics,LankaLogix - Colombo
ea324bca-a96a-4b21-bfbe-36e05de472bb,Sathyabama Arumugam,sathyabama.log@lankalogix.com,+94 77 832 1328,user,active,Logistics,LankaLogix - Colombo
b2815722-0915-4240-b584-737286e26d69,Sathyabama Chandrasekaran,sathyabamac.adm@lankalogix.com,+94 77 585 1884,user,active,Admin,LankaLogix - Galle
a0b89922-5d78-498c-be45-85341829622d,Sathyabama Kandasamy,sathyabamak.log@lankalogix.com,+94 70 996 4249,user,active,Logistics,LankaLogix - Colombo
e18b9597-e19d-4125-87b3-e16052485871,Sathyabama Kandasamy,sathyabama.sft@lankalogix.com,+94 74 387 9550,user,active,Software,LankaLogix - Colombo
1ca1591a-073e-4f99-adcd-0fb32f509e5a,Sathyabama Muthukumar,sathyabama.adm@lankalogix.com,+94 70 609 8095,admin,active,Admin,LankaLogix - Badulla
1b1a566a-ece0-4130-b5f5-76634ad534c0,Sathyabama Selvarajah,sathyabamas.adm@lankalogix.com,+94 74 434 5536,admin,active,Admin,LankaLogix - Galle
92ed4de4-9c5c-4d11-a52f-9653a34addec,Sathyabama Sivalingam,sathyabama.mech@lankalogix.com,+94 78 856 8529,user,active,Mechanical,LankaLogix - Colombo
16142ab9-cfa9-4012-ad42-2cc805fc882b,Selvam Arumugam,selvama.log@lankalogix.com,+94 70 449 3176,user,active,Logistics,LankaLogix - Galle
01551974-ffd1-4791-ae00-0b8e5efab738,Selvam Balasubramaniam,selvamb.log@lankalogix.com,+94 71 284 8683,user,active,Logistics,LankaLogix - Galle
1ad7ac67-7360-49fc-8826-4c87c34eb6bc,Selvam Kandasamy,selvamk.log@lankalogix.com,+94 76 536 3245,user,active,Logistics,LankaLogix - Badulla
7fe560dc-b308-4e9b-a76e-65c7c7f162dd,Selvam Krishnapillai,selvam.log@lankalogix.com,+94 75 617 2607,user,active,Logistics,LankaLogix - Colombo
b86c3428-f167-40ff-8973-9c69b332b108,Selvam Rajendran,selvamr.log@lankalogix.com,+94 78 470 3588,user,active,Logistics,LankaLogix - Colombo
916fbbf1-64d9-4aeb-8446-d11375bdc5fd,Selvam Selvarajah,selvams.log@lankalogix.com,+94 74 719 2978,user,active,Logistics,LankaLogix - Colombo
32180513-d8ea-46ba-b0ed-1b1f9201ef35,Selvam Selvarajah,selvams2.log@lankalogix.com,+94 71 718 3368,user,active,Logistics,LankaLogix - Colombo
c3bd164c-dac0-42f6-a8bd-f5f7ab7dd58c,Selvam Thangarajah,selvam.elec@lankalogix.com,+94 70 777 9329,user,active,Electrical,LankaLogix - Galle
85bfb451-ee2f-42c5-8600-eb489846f554,Sewwandi Amarasinghe,sewwandia.log@lankalogix.com,+94 75 931 3655,user,active,Logistics,LankaLogix - Badulla
2be2ae9d-8544-4980-8087-35c4cd24eda0,Sewwandi Mendis,sewwandim.log@lankalogix.com,+94 70 667 2320,user,active,Logistics,LankaLogix - Colombo
fb6c20e7-6d91-4717-a3b1-7355fdcee435,Sewwandi Ranasinghe,sewwandir2.log@lankalogix.com,+94 77 376 3789,user,active,Logistics,LankaLogix - Galle
d2cb4643-0910-4c84-bce6-b045b2dd12d5,Sewwandi Ranasinghe,sewwandir.log@lankalogix.com,+94 76 384 4175,user,active,Logistics,LankaLogix - Badulla
b221dd05-f6a4-45b2-b09b-265936bd8462,Sewwandi Samarasinghe,sewwandis.log@lankalogix.com,+94 71 649 4287,user,active,Logistics,LankaLogix - Badulla
b545af44-8c85-4f4e-9feb-58fdf3e6653b,Sewwandi Seneviratne,sewwandi.log@lankalogix.com,+94 72 919 2705,user,inactive,Logistics,LankaLogix - Colombo
d562ee29-0d51-4100-862a-a7ef40ed4542,Shafi Cassim,shafic.log@lankalogix.com,+94 76 169 7812,user,suspended,Logistics,LankaLogix - Galle
97cc4d1b-3c67-439f-8fdf-b355eb120cfa,Shafi Cassim,shafi.mech@lankalogix.com,+94 71 279 3489,user,active,Mechanical,LankaLogix - Badulla
149c1f7c-7257-4a93-8b26-45cae3ef4432,Shafi Farook,shafif.mech@lankalogix.com,+94 77 697 9297,user,active,Mechanical,LankaLogix - Badulla
989c4623-2ef3-4227-8eb3-779db0586ef1,Shafi Haniffa,shafih.mech@lankalogix.com,+94 70 625 6028,user,active,Mechanical,LankaLogix - Galle
66d08192-d53e-4c15-aad3-4d55493d0072,Shafi Ismail,shafii.log@lankalogix.com,+94 76 834 1475,user,active,Logistics,LankaLogix - Badulla
f29a276c-72e6-4d21-9c32-64ba51d564b6,Shafi Ismail,shafii2.log@lankalogix.com,+94 71 952 9340,user,active,Logistics,LankaLogix - Galle
3b296b4c-a6c2-42a6-89b4-e614400f1631,Shafi Rahman,shafir.log@lankalogix.com,+94 71 721 9615,user,active,Logistics,LankaLogix - Colombo
6fac82db-d8ad-40e8-9a76-28989b805f61,Shafi Saleem,shafi.log@lankalogix.com,+94 76 998 9287,user,active,Logistics,LankaLogix - Colombo
b1ce3088-1a7b-4c89-9724-db7bdc21f88d,Shalini Fernando,shalini.log@lankalogix.com,+94 76 374 4787,user,active,Logistics,LankaLogix - Colombo
5664ec34-6719-45a2-9cb0-fb98c3662dfc,Shalini Gunasekara,shalinig.log@lankalogix.com,+94 78 671 5578,user,active,Logistics,LankaLogix - Colombo
026e934f-6cbc-47d3-bebc-2e13bef9f375,Shalini Jayasuriya,shalinij.log@lankalogix.com,+94 74 404 7693,user,active,Logistics,LankaLogix - Badulla
1ab447cd-7e32-4de9-a6bd-158117727302,Shalini Pathirana,shalinip.log@lankalogix.com,+94 71 373 2614,user,active,Logistics,LankaLogix - Colombo
32dad9d0-4ec9-4cae-b538-5f91662e6d44,Shalini Silva,shalinis.log@lankalogix.com,+94 76 545 3901,user,active,Logistics,LankaLogix - Colombo
a74fb406-f541-4dae-8a4f-e20773230f01,Shalini Weerasinghe,shaliniw.log@lankalogix.com,+94 72 884 7785,user,active,Logistics,LankaLogix - Galle
73aab192-0923-4096-8861-ba4b8afd6730,Shameena Jiffry,shameenaj.log@lankalogix.com,+94 75 817 9986,user,active,Logistics,LankaLogix - Galle
d9fb7d54-ed53-436a-8034-65f6bac6edac,Shameena Rahman,shameena.log@lankalogix.com,+94 74 354 9693,user,active,Logistics,LankaLogix - Galle
67960813-0af7-4256-8033-0f7e11e7241f,Shantha Fernando,shantha.log@lankalogix.com,+94 78 875 2524,user,active,Logistics,LankaLogix - Colombo
1246b49b-4c2a-428c-9e26-abdd7df1b7e0,Shantha Munasinghe,shantha.mech@lankalogix.com,+94 77 385 5440,user,active,Mechanical,LankaLogix - Galle
f7c70716-6d01-4c40-8743-ff7f08973f3a,Shantha Pathirana,shanthap.mech@lankalogix.com,+94 75 304 4762,user,active,Mechanical,LankaLogix - Galle
12f09dc9-bc8a-4749-96a7-54c0a1488f53,Shantha Rajapaksa,shanthar.log@lankalogix.com,+94 74 843 5617,user,active,Logistics,LankaLogix - Badulla
5f77fc29-69bb-4b2b-8d0c-636c6f55884d,Shantha Weerasinghe,shanthaw.log@lankalogix.com,+94 76 360 7640,user,active,Logistics,LankaLogix - Colombo
eed58a38-b1ab-4cbf-88ca-068e6a523a9a,Shantha Wijesinghe,shanthaw2.log@lankalogix.com,+94 78 797 7648,user,active,Logistics,LankaLogix - Galle
65e1c26e-af5d-4b8c-94f7-12f2c561b570,Shanthi Chandrasekaran,shanthi.log@lankalogix.com,+94 70 795 5056,user,active,Logistics,LankaLogix - Colombo
545309cb-bfd9-4596-abb4-4461e08e7f5c,Shanthi Ponnambalam,shanthip.log@lankalogix.com,+94 70 507 7946,user,active,Logistics,LankaLogix - Colombo
f2d7f129-b785-45be-b72e-524a473f14ff,Shanthi Selvarajah,shanthis.log@lankalogix.com,+94 72 343 6987,user,active,Logistics,LankaLogix - Badulla
0045edfa-b68e-4e8a-8cb4-619cb936cc49,Shanthi Vairamuthu,shanthi.elec@lankalogix.com,+94 71 569 6337,user,active,Electrical,LankaLogix - Colombo
64789929-0dfb-47c1-9510-d49889eb6d6e,Sharada Abeywickrama,sharadaabeywickrama@gmail.com,+94 77 501 7433,super_admin,active,,
0816a11f-c50f-456a-8311-8bf2e4aeff0e,Sivakumar Chandrasekaran,sivakumar.mech@lankalogix.com,+94 71 465 4081,user,active,Mechanical,LankaLogix - Colombo
f5eff06f-b9fc-4abc-8456-308da70d2462,Sivakumar Kandasamy,sivakumark2.log@lankalogix.com,+94 72 585 5513,user,active,Logistics,LankaLogix - Galle
c12a28ec-f8a3-4067-a28b-e74e671af3b1,Sivakumar Kandasamy,sivakumark.log@lankalogix.com,+94 71 619 7182,user,active,Logistics,LankaLogix - Galle
80011410-942e-4f70-b8b0-072cb15de024,Sivakumar Rajendran,sivakumar.log@lankalogix.com,+94 71 509 5328,user,active,Logistics,LankaLogix - Colombo
51d2245a-2b9a-4781-b2ed-ad840a2edae6,Sivakumar Selvarajah,sivakumars.log@lankalogix.com,+94 71 816 5698,user,active,Logistics,LankaLogix - Badulla
5077f2db-a9a6-47be-bf07-078507aa5b1b,Sivakumar Sivalingam,sivakumars2.log@lankalogix.com,+94 72 173 2049,user,active,Logistics,LankaLogix - Galle
b5a8f513-6c53-4ba9-a049-10478e5a198a,Sivakumar Thangarajah,sivakumart.log@lankalogix.com,+94 72 435 1164,user,active,Logistics,LankaLogix - Colombo
e1c00b23-afa0-4931-bfa7-d13dc17770cc,Sujatha Thangarajah,sujatha.mech@lankalogix.com,+94 78 604 3749,user,active,Mechanical,LankaLogix - Colombo
9ec76485-093f-4da4-830f-3f7d7597e500,Sujatha Thangarajah,sujatha.log@lankalogix.com,+94 74 915 8788,user,active,Logistics,LankaLogix - Colombo
cab74599-3095-4857-9062-1ed17548d72b,Sujeewa Amarasinghe,sujeewaa.log@lankalogix.com,+94 71 898 3150,user,active,Logistics,LankaLogix - Galle
260ab607-633a-476d-b6dd-ca7397d5f2b5,Sujeewa Edirisinghe,sujeewae2.log@lankalogix.com,+94 74 895 7607,user,active,Logistics,LankaLogix - Galle
7c77d83d-f5f7-475a-b677-e449366d04f9,Sujeewa Edirisinghe,sujeewae.log@lankalogix.com,+94 72 398 4643,user,active,Logistics,LankaLogix - Badulla
6f7dcb20-a947-4503-9318-e3cded4cafea,Sujeewa Ekanayake,sujeewae3.log@lankalogix.com,+94 70 537 5091,user,active,Logistics,LankaLogix - Galle
0dbf774a-2a69-4d55-9066-204a56ccf15d,Sujeewa Fernando,sujeewaf.log@lankalogix.com,+94 72 215 6318,user,active,Logistics,LankaLogix - Galle
f99df61d-d168-4c17-b0fc-99832b736ca8,Sujeewa Herath,sujeewa.mech@lankalogix.com,+94 75 507 8614,user,active,Mechanical,LankaLogix - Colombo
af901256-e5d4-4ea1-b95a-c5f2006a7629,Sujeewa Kodikara,sujeewak.log@lankalogix.com,+94 75 282 3788,user,active,Logistics,LankaLogix - Colombo
fa9a8e96-62c3-4e58-8fb8-93f9da3a3fb7,Sujeewa Liyanage,sujeewa.log@lankalogix.com,+94 72 705 9676,user,active,Logistics,LankaLogix - Colombo
a13f28f7-b7af-45cc-8ab4-885433b0ac1a,Sujeewa Samarasinghe,sujeewas.log@lankalogix.com,+94 72 185 3563,user,active,Logistics,LankaLogix - Colombo
e20935a5-5128-4f38-92b2-23e2cc66c4ed,Sujeewa Wijesinghe,sujeewaw.mech@lankalogix.com,+94 75 878 2367,user,active,Mechanical,LankaLogix - Galle
06ef2625-6e29-43d7-8067-81768302e68e,Sunil Abeywickrama,sunila2.log@lankalogix.com,+94 70 773 2564,user,active,Logistics,LankaLogix - Galle
b28dbf3d-bdfd-4aac-b43a-4e5b958f947b,Sunil Abeywickrama,sunila.log@lankalogix.com,+94 77 292 7738,user,active,Logistics,LankaLogix - Badulla
6a71a85b-f8c9-4417-9e78-ed0bda437901,Sunil Bandara,sunil.log@lankalogix.com,+94 78 618 4495,user,active,Logistics,LankaLogix - Colombo
f1c6af40-53f1-4765-b50d-29b05dc581d1,Sunil Gunasekara,sunilg.log@lankalogix.com,+94 78 883 9208,user,active,Logistics,LankaLogix - Badulla
79996482-579d-4dee-9a2b-8837c548ef59,Sunil Munasinghe,sunilm.log@lankalogix.com,+94 74 251 6655,user,active,Logistics,LankaLogix - Galle
800c9de1-d78b-4ef5-8b91-34c4bcbac5b0,Sunil Perera,sunilp.log@lankalogix.com,+94 75 934 7021,user,active,Logistics,LankaLogix - Galle
fe119e0c-c737-41f0-bbbd-5073cd6926ce,Sunil Ratnayake,sunilr.log@lankalogix.com,+94 72 369 8625,user,active,Logistics,LankaLogix - Badulla
7b8038d9-086d-487f-be9b-20668168d812,Sunil Samaraweera,sunils.log@lankalogix.com,+94 70 404 5438,user,active,Logistics,LankaLogix - Galle
d777fd45-9849-49e2-b338-e97c3d11e8cc,Sunil Thilakaratne,sunil.mech@lankalogix.com,+94 72 629 4886,user,active,Mechanical,LankaLogix - Badulla
782ac408-28cd-4fd3-b56b-21cca25714bb,Sunil Weerasinghe,sunilw.log@lankalogix.com,+94 77 467 9073,user,active,Logistics,LankaLogix - Badulla
5eaa01fc-d211-42fc-b8a3-b4264659d850,Supun Amarasinghe,supuna.log@lankalogix.com,+94 77 934 5644,user,active,Logistics,LankaLogix - Badulla
041de753-e154-467e-a200-8c55c43576a2,Supun Edirisinghe,supune.log@lankalogix.com,+94 76 739 3187,user,active,Logistics,LankaLogix - Galle
5759f3d2-34f3-483d-818a-1b5627a40557,Supun Gunasekara,supung2.log@lankalogix.com,+94 76 344 4568,user,active,Logistics,LankaLogix - Galle
2eddc02d-4050-44d6-8eb4-a722c2fdd4bc,Supun Gunawardena,supung.log@lankalogix.com,+94 76 918 1887,user,active,Logistics,LankaLogix - Colombo
b85ae036-c779-4f62-a02c-5543cd2a0c12,Supun Jayasuriya,supunj.log@lankalogix.com,+94 70 664 5778,user,active,Logistics,LankaLogix - Badulla
021bc14f-38a3-4558-9229-2dbb6af279d2,Supun Karunaratne,supunk2.log@lankalogix.com,+94 76 611 6028,user,active,Logistics,LankaLogix - Badulla
e3558ee6-f358-4467-ac51-00c0aa187644,Supun Karunaratne,supun.mech@lankalogix.com,+94 74 976 7707,user,active,Mechanical,LankaLogix - Colombo
4f3a3dc2-e549-4297-9901-d7612b6c6e8b,Supun Kumarasinghe,supunk.log@lankalogix.com,+94 77 783 3105,user,active,Logistics,LankaLogix - Colombo
c4046467-2ed2-4768-9d99-e876c09fe713,Supun Mendis,supunm.mech@lankalogix.com,+94 71 414 3797,user,active,Mechanical,LankaLogix - Badulla
18a34e23-3be5-4058-9caa-d2075df591b8,Supun Nanayakkara,supunn.log@lankalogix.com,+94 70 241 3079,user,active,Logistics,LankaLogix - Colombo
955c1f5e-b75b-42fc-8cff-0c3d9b8499a4,Supun Nanayakkara,supun.log@lankalogix.com,+94 78 957 1670,user,inactive,Logistics,LankaLogix - Colombo
766fd048-5479-4dc8-8e71-cdd73be7d84b,Supun Ranasinghe,supunr.log@lankalogix.com,+94 76 599 1013,user,suspended,Logistics,LankaLogix - Badulla
bbfad8bc-9c98-4759-962b-c83bde076c4a,Supun Samaraweera,supuns3.log@lankalogix.com,+94 72 296 7462,user,active,Logistics,LankaLogix - Colombo
4587b3e2-693d-4f25-8677-5083c51c7071,Supun Seneviratne,supuns2.log@lankalogix.com,+94 74 930 4716,user,inactive,Logistics,LankaLogix - Colombo
88603b09-551d-4b59-8981-e27cd95f2b12,Supun Silva,supuns.log@lankalogix.com,+94 72 324 2565,user,active,Logistics,LankaLogix - Colombo
6a299c1f-ae68-468f-ba60-338ead0f891e,Suresh Ratnasingham,sureshr.log@lankalogix.com,+94 76 572 8625,user,active,Logistics,LankaLogix - Galle
34d98104-2994-461c-a189-b9a2067b9e96,Suresh Ratnasingham,suresh.log@lankalogix.com,+94 75 277 3094,user,active,Logistics,LankaLogix - Colombo
279ecb13-f02b-44e7-b488-057559433848,Suresh Selvarajah,sureshs.log@lankalogix.com,+94 76 944 4146,user,active,Logistics,LankaLogix - Badulla
d92e924b-8240-4753-be75-c9f655d6d725,Tajmi Bhagya,tajmibhagya@gmail.com,+94 76 638 1321,super_admin,active,,
f0e51d89-d9ca-4b64-914c-a6d53a625ed0,Tajmi Senevirathna,bhagyatajmi@gmail.com,+94 72 397 6659,admin,active,Mechanical,LankaLogix - Galle
b958f053-fb9d-4b81-9996-c7ca66269f1c,Tharaka Chandrasiri,tharaka.mech@lankalogix.com,+94 72 745 4848,user,active,Mechanical,LankaLogix - Colombo
2cd60729-dc8f-4065-95f7-a53f836a2138,Tharaka Gunasekara,tharakag.mech@lankalogix.com,+94 70 623 8916,user,active,Mechanical,LankaLogix - Galle
c2b46359-5ec8-49e8-bdb0-505c3627788d,Tharaka Hettiarachchi,tharaka.log@lankalogix.com,+94 72 862 2765,user,inactive,Logistics,LankaLogix - Colombo
640ba70f-28ac-4e28-911a-706f1d595221,Tharaka Kumarasinghe,tharaka.adm@lankalogix.com,+94 77 894 3703,user,active,Admin,LankaLogix - Colombo
63acf5e4-2423-4f45-ae56-6a9aa6546c48,Tharaka Seneviratne,tharakas.log@lankalogix.com,+94 77 493 2383,user,active,Logistics,LankaLogix - Colombo
c752deae-2089-4698-95c9-22b8797ac2c9,Tharaka Thilakaratne,tharakat.log@lankalogix.com,+94 78 935 6927,user,active,Logistics,LankaLogix - Galle
65a4c575-56f0-49d7-9887-9a08358fb73c,Tharaka Wijesinghe,tharakaw.mech@lankalogix.com,+94 77 833 4446,user,active,Mechanical,LankaLogix - Colombo
2881b30f-299f-460b-aa24-ff4c9b263acb,Tharangi Silva,tharangi.log@lankalogix.com,+94 75 238 8617,user,active,Logistics,LankaLogix - Colombo
32f7d1c4-7b8c-461e-bc5f-f5d2eae53e3a,Tharangi Wanigasekara,tharangi.sft@lankalogix.com,+94 78 752 3881,user,active,Software,LankaLogix - Badulla
1ab055b5-44ce-48bf-96e6-8a15d29a041b,Tharangi Wijeratne,tharangiw.log@lankalogix.com,+94 72 299 1921,user,active,Logistics,LankaLogix - Galle
e5c08943-9e02-486b-b8ec-02510a429c07,Tharindu Chandrasiri,tharindu.mech@lankalogix.com,+94 77 153 2356,user,active,Mechanical,LankaLogix - Colombo
ee03c479-a979-4cc3-8f63-f1e2294536bf,Tharindu Herath,tharinduh.log@lankalogix.com,+94 76 473 4678,user,active,Logistics,LankaLogix - Colombo
0cabbac7-e33f-41e2-9595-f9285b16fce1,Tharindu Illangakoon,tharindu.log@lankalogix.com,+94 72 154 5903,user,active,Logistics,LankaLogix - Colombo
263a5437-f0ae-4504-bd2f-56be5d901456,Tharindu Illangakoon,tharindui.log@lankalogix.com,+94 75 119 8666,user,active,Logistics,LankaLogix - Colombo
672b6d46-8a8a-4e85-8a22-6e111caa71c3,Tharindu Jayasuriya,tharinduj.log@lankalogix.com,+94 77 485 9366,user,active,Logistics,LankaLogix - Badulla
0218e2f7-4d2d-4229-b899-199f6afe4c10,Tharindu Opatha,tharinduo.log@lankalogix.com,+94 78 799 6142,user,active,Logistics,LankaLogix - Badulla
a817e3da-c239-49df-b5b4-e605451fa66c,Tharindu Peiris,tharindu.elec@lankalogix.com,+94 77 832 5209,user,active,Electrical,LankaLogix - Colombo
44decfc6-95e9-4892-afa1-68bc4c79b9b6,Tharindu Ratnayake,tharindur.mech@lankalogix.com,+94 71 809 2306,user,active,Mechanical,LankaLogix - Colombo
363395ad-bc4d-48d7-9bb3-13e893e92e82,Tharindu Ratnayake,tharindur.log@lankalogix.com,+94 77 477 1001,user,active,Logistics,LankaLogix - Badulla
0e660caf-be56-441a-9248-89924b2ed16d,Tharindu Samaraweera,tharindus.mech@lankalogix.com,+94 78 529 3811,user,active,Mechanical,LankaLogix - Colombo
7172df17-f1b4-41d1-a5ee-2bf445703d25,Tharindu Silva,tharindus.elec@lankalogix.com,+94 78 855 3712,user,active,Electrical,LankaLogix - Colombo
7b6636fd-3214-44f2-ad49-452c0eb74f18,Tharindu Thilakaratne,tharindut.log@lankalogix.com,+94 77 915 2037,user,active,Logistics,LankaLogix - Galle
6e53e09d-3f58-4024-8435-320c776feeb6,Tharushi Alwis,tharushia.log@lankalogix.com,+94 71 528 7181,user,active,Logistics,LankaLogix - Galle
de9de0cd-200d-406e-b349-513ca4c23c7b,Tharushi Ekanayake,tharushie.log@lankalogix.com,+94 72 777 4710,user,active,Logistics,LankaLogix - Colombo
46b73944-8ece-4c39-886b-b9a4aeefe08a,Tharushi Munasinghe,tharushim.log@lankalogix.com,+94 75 564 5504,user,active,Logistics,LankaLogix - Colombo
63ce4b8a-ca12-4cbc-ac77-7d5688bd67b8,Tharushi Perera,tharushi.log@lankalogix.com,+94 75 443 4857,user,active,Logistics,LankaLogix - Colombo
7c1e1717-1b2c-4ef3-abbf-d8fe7aecfdfa,Tharushi Rajapaksa,tharushir3.log@lankalogix.com,+94 71 237 6108,user,active,Logistics,LankaLogix - Badulla
ba7951af-1b58-44f9-b4c1-ddf3453c6d77,Tharushi Rathnayaka,tharushir.log@lankalogix.com,+94 70 685 3541,user,active,Logistics,LankaLogix - Badulla
8c2a3dc0-1d48-4695-beb9-d5b878274370,Tharushi Ratnayake,tharushir2.log@lankalogix.com,+94 70 559 4178,user,active,Logistics,LankaLogix - Badulla
395c47cc-fcf0-4dba-a308-985c549bc54c,Thevan Nadarajah,thevann.log@lankalogix.com,+94 72 741 3263,user,active,Logistics,LankaLogix - Badulla
700dde62-01ef-4dc7-bd5e-821eeb1986c3,Thevan Ratnasingham,thevan.log@lankalogix.com,+94 77 144 4075,user,active,Logistics,LankaLogix - Colombo
0d92b1df-f95f-448c-8c5e-279045705e0f,Thevan Vairamuthu,thevan.mech@lankalogix.com,+94 74 667 3732,user,active,Mechanical,LankaLogix - Colombo
87bcebd6-7365-4bb3-b149-f403b741aaae,Thevan Vairamuthu,thevanv.log@lankalogix.com,+94 75 964 9454,user,active,Logistics,LankaLogix - Galle
cb5f60a2-0e0d-43e4-a97e-79df022e7bf2,Thilaga Muthukumar,thilaga.log@lankalogix.com,+94 77 289 3866,user,active,Logistics,LankaLogix - Colombo
c9d9cd57-6074-4c5b-87b0-f093e04db48b,Thilaga Nadarajah,thilagan.log@lankalogix.com,+94 75 283 2771,user,active,Logistics,LankaLogix - Galle
f4056b69-4ac8-46b8-9b77-643fc6407acc,Thilaga Sivalingam,thilagas.log@lankalogix.com,+94 78 136 1432,user,active,Logistics,LankaLogix - Badulla
2fc76645-2797-42a6-b6b9-d134b926381b,Thilaga Sivalingam,thilaga.mech@lankalogix.com,+94 74 470 4230,user,active,Mechanical,LankaLogix - Galle
e3a39495-3143-4c49-a5f3-c95005158ec4,Thilina Gunasekara,thilinag.log@lankalogix.com,+94 72 328 9328,user,active,Logistics,LankaLogix - Colombo
40f69c6c-3cd3-4344-b1f4-7617f7b12fa5,Thilina Herath,thilina.mech@lankalogix.com,+94 78 470 9751,user,active,Mechanical,LankaLogix - Galle
80e1566c-3ebe-4998-9ad4-6507a45544b7,Thilina Jayawardena,thilina.log@lankalogix.com,+94 71 682 1995,user,active,Logistics,LankaLogix - Colombo
710e986c-a4dc-4bf7-97a2-7c099f57423d,Thilina Karunaratne,thilinak.log@lankalogix.com,+94 71 276 7447,user,active,Logistics,LankaLogix - Colombo
31ce2993-96a0-48fd-a5c2-2cd19ba1d64f,Thilina Mendis,thilinam.log@lankalogix.com,+94 76 487 2680,user,active,Logistics,LankaLogix - Colombo
2ba52f1c-9da0-432b-a4c3-623540af6ae9,Thilini Munasinghe,thilini.log@lankalogix.com,+94 72 605 2383,user,active,Logistics,LankaLogix - Colombo
2de8e8a2-03a6-4d8e-93d9-4b8309004f45,Thilini Vithanage,thiliniv.log@lankalogix.com,+94 76 124 2169,user,active,Logistics,LankaLogix - Colombo
2c594e9c-83b2-4d2e-91b9-33fa6a6bc81e,Thiru Muthukumar,thiru.log@lankalogix.com,+94 76 980 1318,user,active,Logistics,LankaLogix - Colombo
f02fa13f-bb55-414d-bf8b-7341877ef160,Thiru Muthukumar,thiru.mech@lankalogix.com,+94 74 511 4445,user,active,Mechanical,LankaLogix - Galle
26871afa-61f7-4e03-a141-1696a9dc0564,Thiru Nadarajah,thirun.log@lankalogix.com,+94 77 545 4608,user,active,Logistics,LankaLogix - Badulla
feb99c98-7f5e-405b-a592-0586fa8f5d86,Thiru Ponnambalam,thirup.log@lankalogix.com,+94 74 535 3750,user,active,Logistics,LankaLogix - Colombo
2e86516c-c292-41da-b03d-25fe05969cf1,Thiru Ratnasingham,thirur.log@lankalogix.com,+94 77 604 5023,user,active,Logistics,LankaLogix - Galle
5250a6e8-dae1-44d3-a749-0de618f21f17,Thiru Sivanathan,thirus.log@lankalogix.com,+94 75 374 7015,user,active,Logistics,LankaLogix - Badulla
46ec9b5b-1e5e-4dd3-864d-3d7fcc5c0e57,Thushara Abeywickrama,thushara.log@lankalogix.com,+94 75 890 7192,user,active,Logistics,LankaLogix - Colombo
210c1a12-cc64-4178-a722-959c4fa9bf8c,Thushara Ekanayake,thusharae.log@lankalogix.com,+94 75 869 1535,user,active,Logistics,LankaLogix - Badulla
628343b9-9481-40a7-9560-46bb1b5e7452,Thushara Gunasekara,thusharag.log@lankalogix.com,+94 70 623 4661,user,active,Logistics,LankaLogix - Galle
84ba50f5-a2ed-4682-8ba5-e5556fff4b51,Thushara Mendis,thusharam.log@lankalogix.com,+94 72 765 4778,user,active,Logistics,LankaLogix - Badulla
4ce47136-6825-4d61-b282-1e0d1adee509,Thushara Opatha,thushara.adm@lankalogix.com,+94 70 877 3107,user,active,Admin,LankaLogix - Colombo
c6b50eb7-f825-456c-91cd-88ac3e4acfde,Thushara Opatha,thusharao.log@lankalogix.com,+94 77 433 2084,user,active,Logistics,LankaLogix - Galle
bb91bbb5-1ab1-442b-b910-28093fe53eb9,Thushara Wijeratne,thusharaw.adm@lankalogix.com,+94 71 838 1281,admin,active,Admin,LankaLogix - Galle
9d4c08ed-6a5c-4b63-99bf-aabc10dcb755,Udara Bandara,udarab.log@lankalogix.com,+94 74 817 3934,user,active,Logistics,LankaLogix - Badulla
d10cf005-0a3f-4251-bb32-0973601a7259,Udara Edirisinghe,udarae.log@lankalogix.com,+94 72 672 9419,user,active,Logistics,LankaLogix - Badulla
7644642e-745c-4474-890f-0f840a0b5df8,Udara Fernando,udara.mech@lankalogix.com,+94 72 660 3318,user,active,Mechanical,LankaLogix - Colombo
40b63b06-7833-4b56-9298-568d818d6020,Udara Jayasuriya,udaraj.log@lankalogix.com,+94 74 763 6149,user,active,Logistics,LankaLogix - Colombo
b10c3b1b-0504-4c02-9577-38f300514499,Udara Mendis,udaram.log@lankalogix.com,+94 70 114 3512,user,active,Logistics,LankaLogix - Colombo
c3da4327-dee0-411b-8d86-959fb5d40a20,Udara Nanayakkara,udaran.log@lankalogix.com,+94 77 753 9740,user,active,Logistics,LankaLogix - Galle
fe36eed5-ff5a-45ea-a11e-c01d456ece74,Udara Senanayake,udara.log@lankalogix.com,+94 78 418 7605,user,active,Logistics,LankaLogix - Colombo
16876354-5851-462c-bcaa-9ff71f731985,Udara Wanigasekara,udara.adm@lankalogix.com,+94 78 858 9340,admin,active,Admin,LankaLogix - Badulla
9ef1e83f-d503-498c-88e6-f45431b9299a,Udara Wanigasekara,udaraw3.log@lankalogix.com,+94 78 355 4943,user,active,Logistics,LankaLogix - Badulla
6532dc92-9619-4507-ad90-cca4fc22e5aa,Udara Weerasinghe,udaraw2.log@lankalogix.com,+94 78 794 2925,user,active,Logistics,LankaLogix - Colombo
5c0ab2e3-1f45-42b6-ac71-b26eb362149e,Udara Weerasinghe,udaraw4.log@lankalogix.com,+94 70 430 4194,user,active,Logistics,LankaLogix - Galle
d60818dc-0615-46d9-beb4-905088e84e1f,Udara Wijeratne,udaraw.log@lankalogix.com,+94 77 371 7973,user,active,Logistics,LankaLogix - Colombo
b5cc5903-a692-4230-b666-8fded6cecc3e,Udeshika Abeywickrama,udeshikaa.mech@lankalogix.com,+94 77 578 4612,user,active,Mechanical,LankaLogix - Colombo
6080595d-87bb-4827-b939-5ca0cf5d91db,Udeshika Rajapaksa,udeshikar.log@lankalogix.com,+94 71 322 6937,user,active,Logistics,LankaLogix - Galle
960e7df1-3079-4aab-812d-cf90bb2b019e,Udeshika Silva,udeshikas.log@lankalogix.com,+94 71 206 1669,user,active,Logistics,LankaLogix - Badulla
56497cd1-0d97-423e-8009-ec18b6d28ef1,Udeshika Tennakoon,udeshikat.log@lankalogix.com,+94 71 432 2983,user,active,Logistics,LankaLogix - Colombo
79bbaaa4-918b-47e0-ba89-d5f2b5a4d4ba,Udeshika Vithanage,udeshika.mech@lankalogix.com,+94 76 731 2932,user,active,Mechanical,LankaLogix - Colombo
d884117d-3827-4278-8128-77523994bdb1,Udeshika Weerasinghe,udeshikaw.log@lankalogix.com,+94 78 341 5636,user,active,Logistics,LankaLogix - Galle
53fa7f0e-3f0d-47ea-bd2d-695e63a234db,Udeshika Weerasinghe,udeshika.log@lankalogix.com,+94 74 734 7154,user,active,Logistics,LankaLogix - Colombo
31754a3e-c3c3-4447-b218-f5c2abfca660,Upeksha Abeywickrama,upekshaa.log@lankalogix.com,+94 72 513 6938,user,active,Logistics,LankaLogix - Colombo
9a38f54e-0c39-48c6-9c31-f8bc268a9f2a,Upeksha Abeywickrama,upeksha.mech@lankalogix.com,+94 78 735 6838,user,active,Mechanical,LankaLogix - Galle
0136af05-299f-4764-9b5a-7a80d454e1fc,Upeksha Edirisinghe,upekshae.log@lankalogix.com,+94 77 814 2982,user,active,Logistics,LankaLogix - Badulla
bfc3fec8-4cfe-4cb9-82aa-42f8d73b730f,Upeksha Jayawardena,upekshaj.log@lankalogix.com,+94 70 907 8017,user,active,Logistics,LankaLogix - Badulla
6b568122-8e5f-4230-93a9-c0335707eec2,Upeksha Pathirana,upeksha.log@lankalogix.com,+94 78 437 1707,user,active,Logistics,LankaLogix - Colombo
d8294427-340a-4c8e-ae90-c5de2eded6d4,Upul Pathirana,upulp.log@lankalogix.com,+94 72 151 1261,user,active,Logistics,LankaLogix - Badulla
e69037f7-b5fb-4127-9fa9-7dcd4652ca97,Upul Samarasinghe,upuls.log@lankalogix.com,+94 74 351 8851,user,active,Logistics,LankaLogix - Galle
6d97f26d-d4af-4ee3-ab61-5adbbb620217,Upul Silva,upuls2.log@lankalogix.com,+94 74 617 6236,user,active,Logistics,LankaLogix - Galle
7b34c38d-6dff-4bac-aa48-0f183acf9671,Upul Vithanage,upul.log@lankalogix.com,+94 78 425 9806,user,active,Logistics,LankaLogix - Colombo
07e0c835-51f1-4fad-9254-f68f64738d72,Upul Wijesinghe,upulw.log@lankalogix.com,+94 70 885 9993,user,active,Logistics,LankaLogix - Colombo
e794ba95-b522-45c5-aa4d-2a17ab76071c,Vasanth Kandasamy,vasanthk.log@lankalogix.com,+94 75 821 9624,user,active,Logistics,LankaLogix - Colombo
29ade0de-bbfe-499c-8f4a-e8420eab79c6,Vasanth Selvarajah,vasanths.log@lankalogix.com,+94 77 829 7295,user,active,Logistics,LankaLogix - Colombo
3c2c8754-c1a0-4b4a-8e07-f76d62727b49,Vasanth Sivanathan,vasanth.log@lankalogix.com,+94 78 689 9675,user,active,Logistics,LankaLogix - Colombo
8f700fd2-3def-4b84-8c3c-b7d73e077fba,Vasanthi Krishnapillai,vasanthik.log@lankalogix.com,+94 78 313 5805,user,active,Logistics,LankaLogix - Galle
92cb3cf4-a84e-41e9-acb9-1b4f29188207,Vasanthi Muthukumar,vasanthi.log@lankalogix.com,+94 76 548 8288,user,active,Logistics,LankaLogix - Colombo
92ad97af-4760-40eb-bf36-af637b010b61,Vasanthi Selvarajah,vasanthis.log@lankalogix.com,+94 77 972 9063,user,active,Logistics,LankaLogix - Galle
29149225-4247-42a7-8958-7e2e64b8e427,Vijay Balasubramaniam,vijay.log@lankalogix.com,+94 72 905 4000,user,active,Logistics,LankaLogix - Colombo
1b455b96-a991-4bd5-a556-e37006677447,Vijay Krishnapillai,vijayk.log@lankalogix.com,+94 76 213 5825,user,active,Logistics,LankaLogix - Badulla
cf6c56e7-5755-4ee5-801e-f33afde6b249,Vijay Sivanathan,vijay.mech@lankalogix.com,+94 72 534 3465,user,active,Mechanical,LankaLogix - Badulla
09d59d94-cde4-46d6-a324-3a6f3da071f4,Vijayalakshmi Kandasamy,vijayalakshmi.log@lankalogix.com,+94 72 176 2943,user,active,Logistics,LankaLogix - Colombo
d3879937-718a-45eb-8fd3-f608ffadaf81,Vijayalakshmi Rajendran,vijayalakshmir.log@lankalogix.com,+94 72 360 4438,user,active,Logistics,LankaLogix - Colombo
15dc60e6-ac87-4e43-940e-f17025d0156f,Vijayalakshmi Selvarajah,vijayalakshmi.mech@lankalogix.com,+94 74 106 2145,user,active,Mechanical,LankaLogix - Badulla
9aee6ad3-243e-4da8-aa52-4050a6fa56f0,Vijayalakshmi Vairamuthu,vijayalakshmiv.log@lankalogix.com,+94 76 530 9804,user,active,Logistics,LankaLogix - Galle
ff858c38-4db7-4dcd-a154-6531520ed5b9,Vimukthi Ekanayake,vimukthie.log@lankalogix.com,+94 75 599 7098,user,active,Logistics,LankaLogix - Galle
6da56b94-12b8-4a84-a4fa-ca145145de53,Vimukthi Galappaththi,vimukthig2.log@lankalogix.com,+94 76 926 4945,user,active,Logistics,LankaLogix - Galle
32ab1216-8737-4602-a4a6-3805a29fe3b2,Vimukthi Gunasekara,vimukthig.log@lankalogix.com,+94 74 864 7220,user,active,Logistics,LankaLogix - Galle
c9cb2f09-f2c0-4958-9695-c824a2a58791,Vimukthi Illangakoon,vimukthii.log@lankalogix.com,+94 72 983 4899,user,active,Logistics,LankaLogix - Badulla
2bf7509d-63fd-4ea6-a33b-df8d8e49aa3b,Vimukthi Kumarasinghe,vimukthik.log@lankalogix.com,+94 71 530 9630,user,inactive,Logistics,LankaLogix - Colombo
53729164-22f4-4aa2-a9ce-1b992ed4e050,Vimukthi Liyanage,vimukthil.log@lankalogix.com,+94 74 717 3389,user,active,Logistics,LankaLogix - Galle
4596af2e-27bb-46cb-adf3-0f5b781fbcfc,Vimukthi Pathirana,vimukthi.log@lankalogix.com,+94 75 158 8551,user,active,Logistics,LankaLogix - Colombo
a956a149-6cec-4bc8-ab9b-1babfa712cd8,Vimukthi Samaraweera,vimukthis.log@lankalogix.com,+94 78 939 7042,user,active,Logistics,LankaLogix - Colombo
0d00671e-4229-4f30-8023-aabec2a477f9,Vimukthi Udawatta,vimukthiu.log@lankalogix.com,+94 77 362 4527,user,active,Logistics,LankaLogix - Colombo
7e4fde36-648a-411f-9e69-54dd9be25b54,Vimukthi Weerasinghe,vimukthiw.log@lankalogix.com,+94 76 193 8317,user,active,Logistics,LankaLogix - Colombo
acc29e92-bfe4-4843-8a5e-b9f6e945a18e,Vimukthi Wijesinghe,vimukthi.mech@lankalogix.com,+94 74 182 9327,user,active,Mechanical,LankaLogix - Colombo
6aaa1bd9-59f4-4da8-85e7-e28723bc5747,Vindya Amarasinghe,vindya.log@lankalogix.com,+94 72 446 4238,user,active,Logistics,LankaLogix - Colombo
d0b486c5-2d98-4a1b-a9bb-bbbbf445d633,Vindya Chandrasiri,vindyac.log@lankalogix.com,+94 72 824 4384,user,active,Logistics,LankaLogix - Badulla
cf9d9b13-ba0a-477e-8603-794489b2066f,Vindya Herath,vindyah.log@lankalogix.com,+94 77 818 7382,user,active,Logistics,LankaLogix - Colombo
22fdbcaf-2963-4f77-b400-12fc467a6393,Vindya Jayasuriya,vindyaj.log@lankalogix.com,+94 75 177 5963,user,active,Logistics,LankaLogix - Galle
cfcb23c6-f209-48fb-b2ab-5f79f711f9cc,Viraj Ekanayake,viraj.elec@lankalogix.com,+94 77 894 8673,user,active,Electrical,LankaLogix - Colombo
df4c0193-faeb-4abd-925d-19853046c7b2,Viraj Jayasuriya,virajj2.log@lankalogix.com,+94 77 603 4360,user,active,Logistics,LankaLogix - Galle
8d29cbfb-7111-4b9f-84eb-755a873d85f4,Viraj Jayawardena,virajj.log@lankalogix.com,+94 77 271 2564,user,active,Logistics,LankaLogix - Colombo
c48b4b1f-8ea4-4b84-8b1e-83fb62103154,Viraj Kumarasinghe,virajk.log@lankalogix.com,+94 76 818 9558,user,active,Logistics,LankaLogix - Galle
9508387c-5f76-407f-804e-42923072511b,Viraj Liyanage,virajl.log@lankalogix.com,+94 78 982 9668,user,active,Logistics,LankaLogix - Galle
268c4d67-fcbd-468a-a60c-c7ef96b88337,Viraj Opatha,virajo.log@lankalogix.com,+94 78 180 5020,user,active,Logistics,LankaLogix - Galle
2b0b58b5-c777-4903-8b21-ef25ce17a71a,Viraj Pathirana,viraj.adm@lankalogix.com,+94 75 167 7121,admin,active,Admin,LankaLogix - Colombo
adb19ae7-9e2e-4aaa-80b6-076357c54711,Viraj Rathnayaka,viraj.mech@lankalogix.com,+94 72 863 2075,user,active,Mechanical,LankaLogix - Colombo
2d598e0b-fb1e-485c-bef5-c988163404a7,Viraj Seneviratne,viraj.log@lankalogix.com,+94 77 663 1042,user,active,Logistics,LankaLogix - Colombo
1d37a2fd-ee84-4289-a0da-0863096a93a8,Viraj Silva,virajs.log@lankalogix.com,+94 70 358 2147,user,active,Logistics,LankaLogix - Colombo
a213ac02-a975-484b-88d8-985f8590c25d,Viraj Wijeratne,virajw.log@lankalogix.com,+94 70 922 7938,user,active,Logistics,LankaLogix - Galle
d49746fb-1fa9-4dd3-a283-ace04dffae46,Wasana Galappaththi,wasana.log@lankalogix.com,+94 78 753 6431,user,active,Logistics,LankaLogix - Colombo
0c2bfdf7-28ee-488d-9280-951d9f16b3d2,Wasana Herath,wasanah.log@lankalogix.com,+94 77 714 7393,user,active,Logistics,LankaLogix - Galle
c7d43f46-0cb9-40d1-ba17-47dd628fe68b,Wasana Jayawardena,wasanaj.log@lankalogix.com,+94 71 272 8465,user,active,Logistics,LankaLogix - Badulla
e4cbf8b0-359c-4f08-904c-1a8a1fa0c608,Wasana Thilakaratne,wasanat.log@lankalogix.com,+94 70 990 1205,user,active,Logistics,LankaLogix - Badulla
af5f0096-7cc6-4d72-ab69-0a461681aeb5,Wasantha Abeywickrama,wasanthaa.mech@lankalogix.com,+94 75 913 2493,user,active,Mechanical,LankaLogix - Galle
930dfee4-c7f8-450e-835c-d73f0743f879,Wasantha Dissanayake,wasanthad.log@lankalogix.com,+94 75 533 9883,user,active,Logistics,LankaLogix - Badulla
86e77588-110c-4754-810f-2399b3ca3978,Wasantha Gunawardena,wasanthag.log@lankalogix.com,+94 74 851 6407,user,active,Logistics,LankaLogix - Colombo
12dc50e0-4d2e-4d36-a680-4c2b19e22479,Wasantha Kodikara,wasanthak.log@lankalogix.com,+94 70 341 3610,user,active,Logistics,LankaLogix - Colombo
2d9c2803-17f5-4970-8da9-23fc6eebe8ef,Wasantha Kodikara,wasantha.mech@lankalogix.com,+94 74 846 3589,user,active,Mechanical,LankaLogix - Colombo
b868c838-2d0b-4a43-8ebc-a65d7a8124b5,Wasantha Mendis,wasantha.log@lankalogix.com,+94 72 301 2053,user,active,Logistics,LankaLogix - Colombo
c872f546-82b6-435e-836c-ad595576595b,Wasantha Mendis,wasantham.log@lankalogix.com,+94 75 938 2241,user,active,Logistics,LankaLogix - Galle
233aac45-07b9-46b4-af83-c4c76f181669,Wasantha Ranasinghe,wasantha.elec@lankalogix.com,+94 71 376 1335,user,active,Electrical,LankaLogix - Colombo
5302dab8-326e-4660-b10d-447ccbcaff6f,Wasantha Tennakoon,wasanthat.mech@lankalogix.com,+94 78 447 9565,user,active,Mechanical,LankaLogix - Galle
7b2e85f9-7895-4aca-bf50-e37e9a354eb0,Wasantha Weerasinghe,wasanthaw.mech@lankalogix.com,+94 75 240 8805,user,active,Mechanical,LankaLogix - Badulla
57a17a7b-fa63-4040-bc20-3b0f6d673e3c,Wasantha Wijeratne,wasanthaw2.log@lankalogix.com,+94 71 244 9958,user,active,Logistics,LankaLogix - Colombo
54e48c09-372a-42e8-9086-e98f7ce791b9,Wasantha Wijesinghe,wasanthaw.log@lankalogix.com,+94 71 969 8078,user,active,Logistics,LankaLogix - Colombo
52c0f469-25d8-48bb-83fc-f60dc8b82e7d,Wasantha Wijesinghe,wasanthaw3.log@lankalogix.com,+94 75 155 8702,user,active,Logistics,LankaLogix - Badulla
2361785d-0cac-46e8-ad2b-09aa1a283d42,Yasodha Gunawardena,yasodhag.log@lankalogix.com,+94 71 661 8763,user,active,Logistics,LankaLogix - Galle
dead6da3-5b5b-40a8-b8d1-afdd225b2c31,Yasodha Munasinghe,yasodham.log@lankalogix.com,+94 71 938 5640,user,active,Logistics,LankaLogix - Galle
1f244e06-5a87-45ce-934d-263326f32549,Yasodha Opatha,yasodhao.log@lankalogix.com,+94 76 859 4787,user,active,Logistics,LankaLogix - Badulla
69f81284-0a75-4c51-8af6-268d1a75963c,Yasodha Perera,yasodhap.log@lankalogix.com,+94 75 638 6926,user,active,Logistics,LankaLogix - Colombo
e46acc7c-8ca4-4420-9b6c-f0cf52d01795,Yasodha Ranasinghe,yasodha.log@lankalogix.com,+94 78 748 8278,user,inactive,Logistics,LankaLogix - Colombo
6ab1fa28-105a-4e64-86b5-50fe38b7933d,Yasodha Senanayake,yasodhas.log@lankalogix.com,+94 75 239 9088,user,active,Logistics,LankaLogix - Colombo
96d7b341-3b80-4e82-b373-71627dbbd59c,Yogeswaran Arumugam,yogeswarana.log@lankalogix.com,+94 78 491 4046,user,active,Logistics,LankaLogix - Galle
2dabb25f-496d-4f26-9fc4-bb7203fc6b06,Yogeswaran Krishnapillai,yogeswarank.log@lankalogix.com,+94 75 297 6314,user,active,Logistics,LankaLogix - Badulla
105e6973-574c-4a3e-9208-2e45ce03af67,Yogeswaran Ponnambalam,yogeswaranp.log@lankalogix.com,+94 76 611 4037,user,inactive,Logistics,LankaLogix - Colombo
44f02d91-6ed8-49ff-bb7d-98412c2f27bc,Yogeswaran Ratnasingham,yogeswaranr.log@lankalogix.com,+94 74 135 2015,user,active,Logistics,LankaLogix - Colombo
d36ba4d2-b2ee-497b-9873-24ac213be755,Yogeswaran Ratnasingham,yogeswaranr2.log@lankalogix.com,+94 77 191 1939,user,active,Logistics,LankaLogix - Galle
8b4414e3-c4d5-45c5-9cc4-92fac5e71a84,Yogeswaran Sivalingam,yogeswarans.log@lankalogix.com,+94 78 711 8021,user,active,Logistics,LankaLogix - Colombo
33de58c2-5dc4-4385-bc4c-9ad66a6fe320,Yogeswaran Sivanathan,yogeswaran.mech@lankalogix.com,+94 78 632 4108,user,active,Mechanical,LankaLogix - Badulla
1f2fe8ba-e887-4f53-b5bf-1f7937e1e4fb,Yogeswaran Thangarajah,yogeswarant.log@lankalogix.com,+94 70 689 2711,user,active,Logistics,LankaLogix - Colombo
3bd6b04c-56ed-4411-bf23-24fdcdae20f9,Yogeswaran Thangarajah,yogeswarant2.log@lankalogix.com,+94 71 514 6954,user,active,Logistics,LankaLogix - Galle
df25e81a-cadf-4a18-aca5-a4f15e31d4ca,Yogeswaran Vairamuthu,yogeswaran.log@lankalogix.com,+94 72 528 4214,user,active,Logistics,LankaLogix - Colombo
829a4aba-bfc5-46a7-beff-bf556004d109,Yohan Abeywickrama,yohan.mech@lankalogix.com,+94 76 431 6608,user,active,Mechanical,LankaLogix - Colombo
cb1a064b-727f-468c-8054-1c1c7b75715a,Yohan Amarasinghe,yohana.log@lankalogix.com,+94 75 393 7969,user,active,Logistics,LankaLogix - Galle
60a73970-d603-4a04-8b90-3ef179cc9484,Yohan Chandrasiri,yohanc.log@lankalogix.com,+94 76 762 6564,user,active,Logistics,LankaLogix - Colombo
1cd6c5e7-867a-4a05-95f2-2f5698b04a04,Yohan Hettiarachchi,yohanh.log@lankalogix.com,+94 75 444 9310,user,active,Logistics,LankaLogix - Galle
57d47a34-f50b-40d5-b785-69c3c4440666,Yohan Peiris,yohanp3.log@lankalogix.com,+94 77 668 5180,user,inactive,Logistics,LankaLogix - Galle
36f9a4a5-291f-4548-b867-96c44f690282,Yohan Peiris,yohanp2.log@lankalogix.com,+94 74 641 5971,user,active,Logistics,LankaLogix - Badulla
4deef011-a80e-4ec1-8ab0-1c07e51e4eff,Yohan Peiris,yohanp.log@lankalogix.com,+94 75 296 1773,user,active,Logistics,LankaLogix - Badulla
5dba83b3-52f3-44e6-84c0-7cb40b7e1cf7,Yohan Perera,yohan.adm@lankalogix.com,+94 76 184 3737,admin,active,Admin,LankaLogix - Colombo
e7889aec-2db4-4a78-b8a7-873db0af92b6,Yohan Rajapaksa,yohanr2.log@lankalogix.com,+94 70 424 7499,user,active,Logistics,LankaLogix - Colombo
e2199342-06c7-43be-a8c3-07bc1762f57f,Yohan Ranasinghe,yohanr.log@lankalogix.com,+94 78 405 5431,user,active,Logistics,LankaLogix - Colombo
2e144e84-10eb-4a46-b182-02f3b353c681,Yohan Vithanage,yohanv.log@lankalogix.com,+94 75 217 3102,user,inactive,Logistics,LankaLogix - Galle
565343e3-d4f2-42de-9129-9d17bc120a46,Yohan Vithanage,yohan.log@lankalogix.com,+94 78 842 1235,user,active,Logistics,LankaLogix - Colombo
b075cf11-faac-4883-acb3-c4402c230c0d,Zahir Haniffa,zahirh.log@lankalogix.com,+94 77 646 1909,user,active,Logistics,LankaLogix - Badulla
be95ca2d-29f2-4fe2-bd65-ccf5e702b949,Zahir Jiffry,zahirj.log@lankalogix.com,+94 77 562 2592,user,active,Logistics,LankaLogix - Colombo
9f068485-ade8-4dd4-a9d8-f09c2dad45fc,Zahir Nawaz,zahirn.log@lankalogix.com,+94 70 198 4622,user,active,Logistics,LankaLogix - Galle
8dcb5a65-7c64-4266-ba48-95af8cce89d8,Zahir Rahman,zahirr.log@lankalogix.com,+94 71 862 8561,user,active,Logistics,LankaLogix - Galle
3b1f95f4-2559-4de1-8997-370ca42c1792,Zahir Saleem,zahirs.log@lankalogix.com,+94 74 381 9287,user,active,Logistics,LankaLogix - Colombo
ab4c6629-969c-4410-9b59-30871655a1e5,Zahir Zubair,zahirz.log@lankalogix.com,+94 75 925 3731,user,active,Logistics,LankaLogix - Colombo
ab3182a5-9c1a-4b46-99c0-a53fb59e2a10,Zahir Zubair,zahir.log@lankalogix.com,+94 72 427 9971,user,active,Logistics,LankaLogix - Colombo
5b494b44-81a5-487a-a490-ee40696250d6,Zainab Cassim,zainabc.log@lankalogix.com,+94 76 560 5423,user,active,Logistics,LankaLogix - Badulla
eac9c883-8821-4ef4-829f-f76abfc4d4d2,Zainab Jiffry,zainab.log@lankalogix.com,+94 78 265 7529,user,active,Logistics,LankaLogix - Colombo
d7c4e17b-fc8a-4978-aeb3-385f00c635d1,Zainab Saleem,zainabs.log@lankalogix.com,+94 74 879 1263,user,active,Logistics,LankaLogix - Galle
